# USD → MuJoCo (world-space)
v -0.044672 0.088325 -0.104339
v -0.044672 0.088133 -0.104339
v -0.046129 -0.068255 -0.104339
v -0.045102 -0.069357 -0.104339
v -0.046358 -0.074283 -0.104339
v -0.047031 -0.073379 -0.104339
v -0.045101 -0.073235 -0.104339
v -0.045845 -0.072235 -0.104339
v -0.047350 -0.075644 -0.104339
v -0.046664 -0.076021 -0.104339
v -0.045707 -0.080215 -0.104339
v -0.046264 -0.080023 -0.104339
v -0.046311 -0.078075 -0.104339
v -0.046950 -0.078104 -0.104339
v -0.045929 -0.082578 -0.104339
v -0.046497 -0.081560 -0.104339
v -0.048088 -0.085368 -0.104339
v -0.048464 -0.084324 -0.104339
v -0.051268 -0.086989 -0.104339
v -0.051537 -0.085939 -0.104339
v -0.054707 -0.087972 -0.104339
v -0.054839 -0.086923 -0.104339
v -0.058325 -0.088155 -0.104339
v -0.058325 -0.087111 -0.104339
v -0.044672 0.087788 -0.104143
v -0.044672 0.086997 -0.103556
v -0.044551 -0.069960 -0.104143
v -0.044551 -0.070178 -0.103556
v -0.045937 -0.074860 -0.104143
v -0.044551 -0.073848 -0.104143
v -0.045797 -0.075054 -0.103556
v -0.044551 -0.074054 -0.103556
v -0.046093 -0.076350 -0.103556
v -0.045729 -0.077973 -0.103556
v -0.046236 -0.076266 -0.104143
v -0.045875 -0.077998 -0.104143
v -0.045257 -0.080269 -0.104143
v -0.045106 -0.080288 -0.103556
v -0.045548 -0.083317 -0.104143
v -0.045421 -0.083566 -0.103556
v -0.047853 -0.085856 -0.104143
v -0.047775 -0.086175 -0.103556
v -0.051100 -0.087480 -0.104143
v -0.051044 -0.087799 -0.103556
v -0.054624 -0.088460 -0.104143
v -0.054597 -0.088777 -0.103556
v -0.058325 -0.088640 -0.104143
v -0.058325 -0.088955 -0.103556
v -0.046801 0.087418 -0.103556
v -0.046649 0.088155 -0.104143
v -0.046623 -0.067548 -0.103556
v -0.046485 -0.067719 -0.104143
v -0.046481 -0.071548 -0.104143
v -0.047451 -0.072826 -0.104143
v -0.046620 -0.071355 -0.103556
v -0.047591 -0.072643 -0.103556
v -0.047922 -0.075345 -0.103556
v -0.047779 -0.075419 -0.104143
v -0.047288 -0.078222 -0.104143
v -0.046607 -0.080000 -0.104143
v -0.047434 -0.078255 -0.103556
v -0.046757 -0.079989 -0.103556
v -0.046638 -0.081279 -0.104143
v -0.046765 -0.081040 -0.103556
v -0.048623 -0.083723 -0.104143
v -0.048701 -0.083410 -0.103556
v -0.051665 -0.085290 -0.104143
v -0.051721 -0.084975 -0.103556
v -0.054922 -0.086322 -0.104143
v -0.054949 -0.086008 -0.103556
v -0.058325 -0.086512 -0.104143
v -0.058325 -0.086199 -0.103556
v -0.046129 -0.070250 -0.104339
v -0.045101 -0.071364 -0.104339
v -0.044551 -0.071970 -0.104143
v -0.044551 -0.072181 -0.103556
v -0.046621 -0.069522 -0.103556
v -0.046483 -0.069705 -0.104143
v -0.046623 -0.067619 -0.099387
v -0.046800 0.081779 -0.099387
v -0.046620 -0.071355 -0.099387
v -0.047591 -0.072643 -0.099387
v -0.047922 -0.075345 -0.099387
v -0.047434 -0.078255 -0.099387
v -0.046757 -0.079989 -0.099387
v -0.046765 -0.081040 -0.099387
v -0.048701 -0.083410 -0.099387
v -0.051721 -0.084975 -0.099387
v -0.054949 -0.086008 -0.099387
v -0.058325 -0.086199 -0.099387
v -0.046621 -0.069522 -0.099387
v -0.044551 -0.074054 0.008694
v -0.045797 -0.075054 0.008694
v -0.044551 -0.074054 -0.008694
v -0.045797 -0.075054 -0.008694
v -0.046093 -0.076350 0.008694
v -0.045729 -0.077973 0.008694
v -0.046093 -0.076350 -0.008694
v -0.045729 -0.077973 -0.008694
v -0.045106 -0.080288 0.008694
v -0.045106 -0.080288 -0.008694
v -0.045421 -0.083566 0.008694
v -0.045421 -0.083566 -0.008694
v -0.047775 -0.086175 0.008694
v -0.047775 -0.086175 -0.008694
v -0.051044 -0.087799 0.008694
v -0.051044 -0.087799 -0.008694
v -0.054597 -0.088777 0.008694
v -0.054597 -0.088777 -0.008694
v -0.058325 -0.088956 0.008694
v -0.058325 -0.088955 -0.008694
v -0.044672 0.088324 0.104339
v -0.046129 -0.068255 0.104339
v -0.044672 0.088133 0.104339
v -0.045102 -0.069357 0.104339
v -0.045845 -0.072236 0.104339
v -0.047031 -0.073380 0.104339
v -0.045101 -0.073235 0.104339
v -0.046358 -0.074284 0.104339
v -0.046664 -0.076021 0.104339
v -0.047350 -0.075644 0.104339
v -0.046950 -0.078104 0.104339
v -0.046264 -0.080023 0.104339
v -0.046311 -0.078075 0.104339
v -0.045707 -0.080215 0.104339
v -0.046497 -0.081560 0.104339
v -0.045929 -0.082578 0.104339
v -0.048464 -0.084324 0.104339
v -0.048088 -0.085368 0.104339
v -0.051537 -0.085939 0.104339
v -0.051268 -0.086990 0.104339
v -0.054839 -0.086923 0.104339
v -0.054707 -0.087972 0.104339
v -0.058325 -0.087111 0.104339
v -0.058325 -0.088155 0.104339
v -0.044672 0.087788 0.104143
v -0.044551 -0.069960 0.104143
v -0.044672 0.086996 0.103556
v -0.044551 -0.070179 0.103556
v -0.044551 -0.074054 0.103556
v -0.044551 -0.073848 0.104143
v -0.045797 -0.075054 0.103556
v -0.045937 -0.074860 0.104143
v -0.045875 -0.077998 0.104143
v -0.045729 -0.077973 0.103556
v -0.046236 -0.076266 0.104143
v -0.046093 -0.076350 0.103556
v -0.045106 -0.080288 0.103556
v -0.045257 -0.080269 0.104143
v -0.045421 -0.083566 0.103556
v -0.045548 -0.083317 0.104143
v -0.047775 -0.086175 0.103556
v -0.047853 -0.085856 0.104143
v -0.051044 -0.087799 0.103556
v -0.051100 -0.087480 0.104143
v -0.054597 -0.088777 0.103556
v -0.054624 -0.088460 0.104143
v -0.058325 -0.088956 0.103556
v -0.058325 -0.088640 0.104143
v -0.046649 0.088155 0.104143
v -0.046801 0.087418 0.103556
v -0.046485 -0.067719 0.104143
v -0.046623 -0.067548 0.103556
v -0.047591 -0.072643 0.103556
v -0.047451 -0.072826 0.104143
v -0.046620 -0.071355 0.103556
v -0.046481 -0.071548 0.104143
v -0.047779 -0.075419 0.104143
v -0.047922 -0.075345 0.103556
v -0.046757 -0.079990 0.103556
v -0.046607 -0.080000 0.104143
v -0.047434 -0.078255 0.103556
v -0.047288 -0.078222 0.104143
v -0.046765 -0.081040 0.103556
v -0.046638 -0.081279 0.104143
v -0.048701 -0.083410 0.103556
v -0.048623 -0.083723 0.104143
v -0.051721 -0.084976 0.103556
v -0.051665 -0.085290 0.104143
v -0.054949 -0.086008 0.103556
v -0.054922 -0.086322 0.104143
v -0.058325 -0.086199 0.103556
v -0.058325 -0.086513 0.104143
v -0.045101 -0.071364 0.104339
v -0.046129 -0.070250 0.104339
v -0.044551 -0.072181 0.103556
v -0.044551 -0.071970 0.104143
v -0.046483 -0.069705 0.104143
v -0.046621 -0.069522 0.103556
v -0.046623 -0.067619 0.099387
v -0.046800 0.081778 0.099387
v -0.047591 -0.072643 0.099387
v -0.046620 -0.071355 0.099387
v -0.047922 -0.075345 0.099387
v -0.046757 -0.079990 0.099387
v -0.047434 -0.078255 0.099387
v -0.046765 -0.081040 0.099387
v -0.048701 -0.083410 0.099387
v -0.051721 -0.084976 0.099387
v -0.054949 -0.086008 0.099387
v -0.058325 -0.086199 0.099387
v -0.046621 -0.069522 0.099387
v -0.044551 -0.072181 -0.008694
v -0.044551 -0.072181 0.008694
v -0.044672 0.088999 -0.103556
v -0.044672 0.089798 -0.104143
v -0.044672 0.088999 0.103556
v -0.044672 0.089798 0.104143
v -0.044672 0.090140 -0.104339
v -0.044672 0.090140 0.104339
v -0.044672 0.090319 0.104339
v -0.044672 0.090320 -0.104339
v -0.044551 -0.070179 0.102609
v -0.044551 -0.070179 0.058574
v -0.044551 -0.070179 0.057626
v -0.044551 -0.070178 0.057126
v -0.044551 -0.070176 0.055578
v -0.044551 -0.070178 0.054030
v -0.044551 -0.070179 0.053529
v -0.044551 -0.070179 0.053155
v -0.044551 -0.070179 0.035769
v -0.044551 -0.070179 0.035395
v -0.044551 -0.070178 0.034894
v -0.044551 -0.070176 0.033347
v -0.044551 -0.070178 0.031799
v -0.044551 -0.070179 0.031298
v -0.044551 -0.070178 -0.102609
v -0.044551 -0.070178 -0.058574
v -0.044551 -0.070178 -0.057626
v -0.044551 -0.070178 -0.057126
v -0.044551 -0.070176 -0.055578
v -0.044551 -0.070178 -0.054030
v -0.044551 -0.070178 -0.053529
v -0.044551 -0.070178 -0.053155
v -0.044551 -0.070179 -0.035769
v -0.044551 -0.070179 -0.035395
v -0.044551 -0.070178 -0.034894
v -0.044551 -0.070176 -0.033347
v -0.044551 -0.070178 -0.031799
v -0.044551 -0.070179 -0.031299
v -0.044551 -0.070179 -0.030925
v -0.044551 -0.070179 -0.013537
v -0.044551 -0.070179 -0.013163
v -0.044551 -0.070178 -0.012663
v -0.044551 -0.070176 -0.011116
v -0.044551 -0.070178 -0.009569
v -0.044551 -0.070179 -0.009068
v -0.044551 -0.070179 -0.008694
v -0.044551 -0.070179 0.008694
v -0.044551 -0.070179 0.009068
v -0.044551 -0.070178 0.009568
v -0.044551 -0.070176 0.011115
v -0.044551 -0.070178 0.012663
v -0.044551 -0.070179 0.013163
v -0.044551 -0.070179 0.013537
v -0.044551 -0.070179 0.030924
v -0.044551 -0.074054 0.102609
v -0.045797 -0.075054 0.102609
v -0.044551 -0.074054 0.058573
v -0.045797 -0.075054 0.058573
v -0.044551 -0.074054 0.053156
v -0.045797 -0.075054 0.053156
v -0.044551 -0.074054 0.035768
v -0.045797 -0.075054 0.035768
v -0.044551 -0.074054 0.030925
v -0.045797 -0.075054 0.030925
v -0.044551 -0.074054 0.013537
v -0.045797 -0.075054 0.013537
v -0.045797 -0.075054 -0.102609
v -0.044551 -0.074054 -0.102609
v -0.045797 -0.075054 -0.058573
v -0.044551 -0.074054 -0.058573
v -0.045797 -0.075054 -0.053156
v -0.044551 -0.074054 -0.053156
v -0.045797 -0.075054 -0.035768
v -0.044551 -0.074054 -0.035768
v -0.045797 -0.075054 -0.030925
v -0.044551 -0.074054 -0.030925
v -0.045797 -0.075054 -0.013537
v -0.044551 -0.074054 -0.013537
v -0.046093 -0.076350 0.102609
v -0.045729 -0.077973 0.102609
v -0.046093 -0.076350 0.058573
v -0.045729 -0.077973 0.058573
v -0.046093 -0.076350 0.053156
v -0.045729 -0.077973 0.053156
v -0.046093 -0.076350 0.035768
v -0.045729 -0.077973 0.035768
v -0.046093 -0.076350 0.030925
v -0.045729 -0.077973 0.030925
v -0.046093 -0.076350 0.013537
v -0.045729 -0.077973 0.013537
v -0.045729 -0.077973 -0.102609
v -0.046093 -0.076350 -0.102609
v -0.045729 -0.077973 -0.058573
v -0.046093 -0.076350 -0.058573
v -0.045729 -0.077973 -0.053156
v -0.046093 -0.076350 -0.053156
v -0.045729 -0.077973 -0.035768
v -0.046093 -0.076350 -0.035768
v -0.045729 -0.077973 -0.030925
v -0.046093 -0.076350 -0.030925
v -0.045729 -0.077973 -0.013537
v -0.046093 -0.076350 -0.013537
v -0.045106 -0.080288 0.102609
v -0.045106 -0.080288 0.058573
v -0.045106 -0.080288 0.053156
v -0.045106 -0.080288 0.035768
v -0.045106 -0.080288 0.030925
v -0.045106 -0.080288 0.013537
v -0.045106 -0.080288 -0.102609
v -0.045106 -0.080288 -0.058573
v -0.045106 -0.080288 -0.053156
v -0.045106 -0.080288 -0.035768
v -0.045106 -0.080288 -0.030925
v -0.045106 -0.080288 -0.013537
v -0.045421 -0.083566 0.102609
v -0.045421 -0.083566 0.058573
v -0.045421 -0.083566 0.053156
v -0.045421 -0.083566 0.035768
v -0.045421 -0.083566 0.030925
v -0.045421 -0.083566 0.013537
v -0.045421 -0.083566 -0.102609
v -0.045421 -0.083566 -0.058573
v -0.045421 -0.083566 -0.053156
v -0.045421 -0.083566 -0.035768
v -0.045421 -0.083566 -0.030925
v -0.045421 -0.083566 -0.013537
v -0.047775 -0.086175 0.102609
v -0.047775 -0.086175 0.058573
v -0.047775 -0.086175 0.053156
v -0.047775 -0.086175 0.035768
v -0.047775 -0.086175 0.030925
v -0.047775 -0.086175 0.013537
v -0.047775 -0.086175 -0.102609
v -0.047775 -0.086175 -0.058573
v -0.047775 -0.086175 -0.053156
v -0.047775 -0.086175 -0.035768
v -0.047775 -0.086175 -0.030925
v -0.047775 -0.086175 -0.013537
v -0.051044 -0.087799 0.102609
v -0.051044 -0.087799 0.058573
v -0.051044 -0.087799 0.053156
v -0.051044 -0.087799 0.035768
v -0.051044 -0.087799 0.030925
v -0.051044 -0.087799 0.013537
v -0.051044 -0.087799 -0.102609
v -0.051044 -0.087799 -0.058573
v -0.051044 -0.087799 -0.053156
v -0.051044 -0.087799 -0.035768
v -0.051044 -0.087799 -0.030925
v -0.051044 -0.087799 -0.013537
v -0.054597 -0.088777 0.102609
v -0.054597 -0.088777 0.058573
v -0.054597 -0.088777 0.053156
v -0.054597 -0.088777 0.035768
v -0.054597 -0.088777 0.030925
v -0.054597 -0.088777 0.013537
v -0.054597 -0.088777 -0.102609
v -0.054597 -0.088777 -0.058573
v -0.054597 -0.088777 -0.053156
v -0.054597 -0.088777 -0.035768
v -0.054597 -0.088777 -0.030925
v -0.054597 -0.088777 -0.013537
v -0.058325 -0.088956 0.102609
v -0.058325 -0.088956 0.058573
v -0.058325 -0.088956 0.053156
v -0.058325 -0.088956 0.035768
v -0.058325 -0.088956 0.030925
v -0.058325 -0.088956 0.013537
v -0.058325 -0.088955 -0.102609
v -0.058325 -0.088955 -0.058573
v -0.058325 -0.088955 -0.053156
v -0.058325 -0.088955 -0.035768
v -0.058325 -0.088955 -0.030925
v -0.058325 -0.088955 -0.013537
v -0.046804 0.089392 0.103556
v -0.046651 0.090141 0.104143
v -0.046804 0.089393 -0.103556
v -0.046651 0.090141 -0.104143
v -0.044551 -0.072181 -0.102609
v -0.044551 -0.072181 -0.058573
v -0.044551 -0.072181 -0.053156
v -0.044551 -0.072181 -0.035768
v -0.044551 -0.072181 -0.030925
v -0.044551 -0.072181 -0.013537
v -0.044551 -0.072181 0.102609
v -0.044551 -0.072181 0.058573
v -0.044551 -0.072181 0.053156
v -0.044551 -0.072181 0.035768
v -0.044551 -0.072181 0.030925
v -0.044551 -0.072181 0.013537
v -0.046802 0.083682 0.099387
v -0.046802 0.083682 -0.099387
v -0.044551 -0.074153 0.009554
v -0.044551 -0.074808 0.011115
v -0.045738 -0.075168 0.009529
v -0.045290 -0.076023 0.011115
v -0.044551 -0.074808 -0.011116
v -0.044551 -0.074153 -0.009554
v -0.045290 -0.076023 -0.011116
v -0.045738 -0.075168 -0.009529
v -0.046008 -0.076350 0.009529
v -0.045372 -0.076354 0.011115
v -0.045652 -0.077906 0.009529
v -0.045076 -0.077397 0.011115
v -0.045372 -0.076354 -0.011116
v -0.046008 -0.076350 -0.009529
v -0.045076 -0.077397 -0.011116
v -0.045652 -0.077906 -0.009529
v -0.045023 -0.080265 0.009529
v -0.044394 -0.080090 0.011116
v -0.044394 -0.080090 -0.011116
v -0.045023 -0.080265 -0.009529
v -0.045352 -0.083657 0.009529
v -0.044831 -0.084348 0.011115
v -0.044831 -0.084348 -0.011116
v -0.045352 -0.083657 -0.009529
v -0.047743 -0.086322 0.009529
v -0.047500 -0.087435 0.011115
v -0.047500 -0.087435 -0.011116
v -0.047743 -0.086322 -0.009529
v -0.051027 -0.087956 0.009529
v -0.050901 -0.089136 0.011115
v -0.050901 -0.089136 -0.011116
v -0.051027 -0.087956 -0.009529
v -0.054590 -0.088936 0.009529
v -0.054536 -0.090136 0.011115
v -0.054536 -0.090136 -0.011116
v -0.054590 -0.088936 -0.009529
v -0.058325 -0.089116 0.009529
v -0.058325 -0.090320 0.011115
v -0.058325 -0.090320 -0.011116
v -0.058325 -0.089116 -0.009529
v -0.044551 -0.072181 -0.009569
v -0.044551 -0.072181 -0.011116
v -0.044551 -0.072181 0.011115
v -0.044551 -0.072181 0.009569
v -0.045738 -0.075168 0.057164
v -0.045290 -0.076023 0.055577
v -0.044551 -0.074153 0.057139
v -0.044551 -0.074808 0.055577
v -0.044551 -0.074153 0.054016
v -0.045738 -0.075168 0.053991
v -0.044551 -0.074808 0.033347
v -0.044551 -0.074153 0.034908
v -0.045290 -0.076023 0.033347
v -0.045738 -0.075168 0.034933
v -0.044551 -0.074153 0.031785
v -0.045738 -0.075168 0.031760
v -0.044551 -0.074153 0.012677
v -0.045738 -0.075168 0.012702
v -0.044551 -0.074153 -0.057139
v -0.044551 -0.074808 -0.055578
v -0.045738 -0.075168 -0.057164
v -0.045290 -0.076023 -0.055578
v -0.045738 -0.075168 -0.053991
v -0.044551 -0.074153 -0.054016
v -0.045290 -0.076023 -0.033347
v -0.045738 -0.075168 -0.034933
v -0.044551 -0.074808 -0.033347
v -0.044551 -0.074153 -0.034908
v -0.045738 -0.075168 -0.031760
v -0.044551 -0.074153 -0.031785
v -0.045738 -0.075168 -0.012702
v -0.044551 -0.074153 -0.012677
v -0.045652 -0.077906 0.057164
v -0.045076 -0.077397 0.055577
v -0.046008 -0.076350 0.057164
v -0.045372 -0.076354 0.055578
v -0.046008 -0.076350 0.053991
v -0.045652 -0.077906 0.053991
v -0.045372 -0.076354 0.033347
v -0.046008 -0.076350 0.034933
v -0.045076 -0.077397 0.033347
v -0.045652 -0.077906 0.034933
v -0.046008 -0.076350 0.031760
v -0.045652 -0.077906 0.031760
v -0.046008 -0.076350 0.012702
v -0.045652 -0.077906 0.012702
v -0.046008 -0.076350 -0.057164
v -0.045372 -0.076354 -0.055578
v -0.045652 -0.077906 -0.057164
v -0.045076 -0.077397 -0.055578
v -0.045652 -0.077906 -0.053991
v -0.046008 -0.076350 -0.053991
v -0.045076 -0.077397 -0.033347
v -0.045652 -0.077906 -0.034933
v -0.045372 -0.076354 -0.033347
v -0.046008 -0.076350 -0.034933
v -0.045652 -0.077906 -0.031760
v -0.046008 -0.076350 -0.031760
v -0.045652 -0.077906 -0.012702
v -0.046008 -0.076350 -0.012702
v -0.045023 -0.080265 0.057164
v -0.044394 -0.080090 0.055578
v -0.045023 -0.080265 0.053991
v -0.044394 -0.080090 0.033347
v -0.045023 -0.080265 0.034933
v -0.045023 -0.080265 0.031760
v -0.045023 -0.080265 0.012702
v -0.045023 -0.080265 -0.057164
v -0.044394 -0.080090 -0.055578
v -0.045023 -0.080265 -0.053991
v -0.044394 -0.080090 -0.033347
v -0.045023 -0.080265 -0.034933
v -0.045023 -0.080265 -0.031760
v -0.045023 -0.080265 -0.012702
v -0.045352 -0.083657 0.057164
v -0.044831 -0.084348 0.055577
v -0.045352 -0.083657 0.053991
v -0.044831 -0.084348 0.033347
v -0.045352 -0.083657 0.034933
v -0.045352 -0.083657 0.031760
v -0.045352 -0.083657 0.012702
v -0.045352 -0.083657 -0.057164
v -0.044831 -0.084348 -0.055578
v -0.045352 -0.083657 -0.053991
v -0.044831 -0.084348 -0.033347
v -0.045352 -0.083657 -0.034933
v -0.045352 -0.083657 -0.031760
v -0.045352 -0.083657 -0.012702
v -0.047743 -0.086322 0.057164
v -0.047500 -0.087435 0.055578
v -0.047743 -0.086322 0.053991
v -0.047500 -0.087435 0.033347
v -0.047743 -0.086322 0.034933
v -0.047743 -0.086322 0.031760
v -0.047743 -0.086322 0.012702
v -0.047743 -0.086322 -0.057164
v -0.047500 -0.087435 -0.055578
v -0.047743 -0.086322 -0.053991
v -0.047500 -0.087435 -0.033347
v -0.047743 -0.086322 -0.034933
v -0.047743 -0.086322 -0.031760
v -0.047743 -0.086322 -0.012702
v -0.051027 -0.087956 0.057164
v -0.050901 -0.089136 0.055577
v -0.051027 -0.087956 0.053991
v -0.050901 -0.089136 0.033347
v -0.051027 -0.087956 0.034933
v -0.051027 -0.087956 0.031760
v -0.051027 -0.087956 0.012702
v -0.051027 -0.087955 -0.057164
v -0.050901 -0.089136 -0.055578
v -0.051027 -0.087955 -0.053991
v -0.050901 -0.089136 -0.033347
v -0.051027 -0.087956 -0.034933
v -0.051027 -0.087956 -0.031760
v -0.051027 -0.087956 -0.012702
v -0.054590 -0.088936 0.057164
v -0.054536 -0.090136 0.055577
v -0.054590 -0.088936 0.053991
v -0.054536 -0.090136 0.033347
v -0.054590 -0.088936 0.034933
v -0.054590 -0.088936 0.031760
v -0.054590 -0.088936 0.012702
v -0.054590 -0.088936 -0.057164
v -0.054536 -0.090136 -0.055578
v -0.054590 -0.088936 -0.053991
v -0.054536 -0.090136 -0.033347
v -0.054590 -0.088936 -0.034933
v -0.054590 -0.088936 -0.031760
v -0.054590 -0.088936 -0.012702
v -0.058325 -0.089116 0.057164
v -0.058325 -0.090320 0.055577
v -0.058325 -0.089116 0.053991
v -0.058325 -0.090320 0.033347
v -0.058325 -0.089116 0.034933
v -0.058325 -0.089116 0.031760
v -0.058325 -0.089116 0.012702
v -0.058325 -0.089115 -0.057164
v -0.058325 -0.090320 -0.055578
v -0.058325 -0.089115 -0.053991
v -0.058325 -0.090320 -0.033347
v -0.058325 -0.089115 -0.034933
v -0.058325 -0.089115 -0.031760
v -0.058325 -0.089116 -0.012702
v -0.044551 -0.072181 -0.057125
v -0.044551 -0.072181 -0.055578
v -0.044551 -0.072181 -0.054031
v -0.044551 -0.072181 -0.033347
v -0.044551 -0.072181 -0.034894
v -0.044551 -0.072181 -0.031800
v -0.044551 -0.072181 -0.012663
v -0.044551 -0.072181 0.057124
v -0.044551 -0.072181 0.055577
v -0.044551 -0.072181 0.054031
v -0.044551 -0.072181 0.033347
v -0.044551 -0.072181 0.034893
v -0.044551 -0.072181 0.031800
v -0.044551 -0.072181 0.012662
v -0.044551 -0.072181 0.009068
v -0.045797 -0.075054 0.009068
v -0.044551 -0.074054 0.009068
v -0.044551 -0.074054 -0.009068
v -0.045797 -0.075054 -0.009068
v -0.045729 -0.077973 0.009068
v -0.046093 -0.076350 0.009068
v -0.046093 -0.076350 -0.009068
v -0.045729 -0.077973 -0.009068
v -0.045106 -0.080288 0.009068
v -0.045106 -0.080288 -0.009068
v -0.045421 -0.083566 0.009068
v -0.045421 -0.083566 -0.009068
v -0.047775 -0.086175 0.009068
v -0.047775 -0.086175 -0.009068
v -0.051044 -0.087799 0.009068
v -0.051044 -0.087799 -0.009068
v -0.054597 -0.088777 0.009068
v -0.054597 -0.088777 -0.009068
v -0.058325 -0.088956 0.009068
v -0.058325 -0.088955 -0.009068
v -0.044551 -0.072181 -0.009068
v -0.044551 -0.072181 -0.057625
v -0.044551 -0.072181 -0.035394
v -0.044551 -0.072181 -0.013163
v -0.044551 -0.072181 0.053530
v -0.044551 -0.072181 0.031299
v -0.044551 -0.074054 0.057625
v -0.045797 -0.075054 0.057625
v -0.045797 -0.075054 0.053530
v -0.044551 -0.074054 0.053530
v -0.044551 -0.074054 0.035394
v -0.045797 -0.075054 0.035394
v -0.045797 -0.075054 0.031299
v -0.044551 -0.074054 0.031299
v -0.044551 -0.074054 0.013163
v -0.045797 -0.075054 0.013163
v -0.045797 -0.075054 -0.057625
v -0.044551 -0.074054 -0.057625
v -0.044551 -0.074054 -0.053530
v -0.045797 -0.075054 -0.053530
v -0.045797 -0.075054 -0.035394
v -0.044551 -0.074054 -0.035394
v -0.044551 -0.074054 -0.031299
v -0.045797 -0.075054 -0.031299
v -0.045797 -0.075054 -0.013163
v -0.044551 -0.074054 -0.013163
v -0.046093 -0.076350 0.057625
v -0.045729 -0.077973 0.057625
v -0.045729 -0.077973 0.053530
v -0.046093 -0.076350 0.053530
v -0.046093 -0.076350 0.035394
v -0.045729 -0.077973 0.035394
v -0.045729 -0.077973 0.031299
v -0.046093 -0.076350 0.031299
v -0.046093 -0.076350 0.013163
v -0.045729 -0.077973 0.013163
v -0.045729 -0.077973 -0.057625
v -0.046093 -0.076350 -0.057625
v -0.046093 -0.076350 -0.053530
v -0.045729 -0.077973 -0.053530
v -0.045729 -0.077973 -0.035394
v -0.046093 -0.076350 -0.035394
v -0.046093 -0.076350 -0.031299
v -0.045729 -0.077973 -0.031299
v -0.045729 -0.077973 -0.013163
v -0.046093 -0.076350 -0.013163
v -0.045106 -0.080288 0.057625
v -0.045106 -0.080288 0.053530
v -0.045106 -0.080288 0.035394
v -0.045106 -0.080288 0.031299
v -0.045106 -0.080288 0.013163
v -0.045106 -0.080288 -0.057625
v -0.045106 -0.080288 -0.053530
v -0.045106 -0.080288 -0.035394
v -0.045106 -0.080288 -0.031299
v -0.045106 -0.080288 -0.013163
v -0.045421 -0.083566 0.057625
v -0.045421 -0.083566 0.053530
v -0.045421 -0.083566 0.035394
v -0.045421 -0.083566 0.031299
v -0.045421 -0.083566 0.013163
v -0.045421 -0.083566 -0.057625
v -0.045421 -0.083566 -0.053530
v -0.045421 -0.083566 -0.035394
v -0.045421 -0.083566 -0.031299
v -0.045421 -0.083566 -0.013163
v -0.047775 -0.086175 0.057625
v -0.047775 -0.086175 0.053530
v -0.047775 -0.086175 0.035394
v -0.047775 -0.086175 0.031299
v -0.047775 -0.086175 0.013163
v -0.047775 -0.086175 -0.057625
v -0.047775 -0.086175 -0.053530
v -0.047775 -0.086175 -0.035394
v -0.047775 -0.086175 -0.031299
v -0.047775 -0.086175 -0.013163
v -0.051044 -0.087799 0.057625
v -0.051044 -0.087799 0.053530
v -0.051044 -0.087799 0.035394
v -0.051044 -0.087799 0.031299
v -0.051044 -0.087799 0.013163
v -0.051044 -0.087799 -0.057625
v -0.051044 -0.087799 -0.053530
v -0.051044 -0.087799 -0.035394
v -0.051044 -0.087799 -0.031299
v -0.051044 -0.087799 -0.013163
v -0.054597 -0.088777 0.057625
v -0.054597 -0.088777 0.053530
v -0.054597 -0.088777 0.035394
v -0.054597 -0.088777 0.031299
v -0.054597 -0.088777 0.013163
v -0.054597 -0.088777 -0.057625
v -0.054597 -0.088777 -0.053530
v -0.054597 -0.088777 -0.035394
v -0.054597 -0.088777 -0.031299
v -0.054597 -0.088777 -0.013163
v -0.058325 -0.088956 0.057625
v -0.058325 -0.088956 0.053530
v -0.058325 -0.088956 0.035394
v -0.058325 -0.088956 0.031299
v -0.058325 -0.088956 0.013163
v -0.058325 -0.088955 -0.057625
v -0.058325 -0.088955 -0.053530
v -0.058325 -0.088955 -0.035394
v -0.058325 -0.088955 -0.031299
v -0.058325 -0.088955 -0.013163
v -0.044551 -0.072181 -0.053530
v -0.044551 -0.072181 -0.031299
v -0.044551 -0.072181 0.057625
v -0.044551 -0.072181 0.035394
v -0.044551 -0.072181 0.013163
v -0.071548 -0.069357 -0.104339
v -0.071979 0.088133 -0.104339
v -0.070521 -0.068255 -0.104339
v -0.071979 0.088325 -0.104339
v -0.070806 -0.072235 -0.104339
v -0.069620 -0.073379 -0.104339
v -0.071550 -0.073235 -0.104339
v -0.070293 -0.074284 -0.104339
v -0.069987 -0.076021 -0.104339
v -0.069300 -0.075644 -0.104339
v -0.069700 -0.078104 -0.104339
v -0.070386 -0.080023 -0.104339
v -0.070339 -0.078075 -0.104339
v -0.070943 -0.080215 -0.104339
v -0.070154 -0.081560 -0.104339
v -0.070722 -0.082578 -0.104339
v -0.068187 -0.084324 -0.104339
v -0.068562 -0.085368 -0.104339
v -0.065114 -0.085939 -0.104339
v -0.065382 -0.086989 -0.104339
v -0.061811 -0.086923 -0.104339
v -0.061944 -0.087972 -0.104339
v -0.072099 -0.070178 -0.103556
v -0.071979 0.086996 -0.103556
v -0.072099 -0.069960 -0.104143
v -0.071979 0.087788 -0.104143
v -0.072099 -0.074054 -0.103556
v -0.072099 -0.073848 -0.104143
v -0.070853 -0.075054 -0.103556
v -0.070713 -0.074860 -0.104143
v -0.070776 -0.077998 -0.104143
v -0.070921 -0.077973 -0.103556
v -0.070415 -0.076266 -0.104143
v -0.070558 -0.076350 -0.103556
v -0.071544 -0.080288 -0.103556
v -0.071394 -0.080269 -0.104143
v -0.071229 -0.083566 -0.103556
v -0.071102 -0.083317 -0.104143
v -0.068875 -0.086175 -0.103556
v -0.068797 -0.085856 -0.104143
v -0.065606 -0.087799 -0.103556
v -0.065550 -0.087480 -0.104143
v -0.062054 -0.088777 -0.103556
v -0.062026 -0.088460 -0.104143
v -0.070166 -0.067719 -0.104143
v -0.070002 0.088155 -0.104143
v -0.070027 -0.067548 -0.103556
v -0.069850 0.087418 -0.103556
v -0.069059 -0.072643 -0.103556
v -0.069199 -0.072826 -0.104143
v -0.070031 -0.071355 -0.103556
v -0.070169 -0.071548 -0.104143
v -0.068872 -0.075419 -0.104143
v -0.068729 -0.075345 -0.103556
v -0.069893 -0.079989 -0.103556
v -0.070043 -0.080000 -0.104143
v -0.069217 -0.078255 -0.103556
v -0.069363 -0.078222 -0.104143
v -0.069885 -0.081040 -0.103556
v -0.070012 -0.081279 -0.104143
v -0.067949 -0.083410 -0.103556
v -0.068028 -0.083723 -0.104143
v -0.064930 -0.084975 -0.103556
v -0.064986 -0.085290 -0.104143
v -0.061701 -0.086008 -0.103556
v -0.061729 -0.086322 -0.104143
v -0.071549 -0.071364 -0.104339
v -0.070522 -0.070250 -0.104339
v -0.072099 -0.072181 -0.103556
v -0.072099 -0.071970 -0.104143
v -0.070168 -0.069705 -0.104143
v -0.070029 -0.069522 -0.103556
v -0.069851 0.081778 -0.099387
v -0.070027 -0.067619 -0.099387
v -0.069059 -0.072643 -0.099387
v -0.070031 -0.071355 -0.099387
v -0.068729 -0.075345 -0.099387
v -0.069893 -0.079989 -0.099387
v -0.069217 -0.078255 -0.099387
v -0.069885 -0.081040 -0.099387
v -0.067949 -0.083410 -0.099387
v -0.064930 -0.084975 -0.099387
v -0.061701 -0.086008 -0.099387
v -0.070029 -0.069522 -0.099387
v -0.070853 -0.075054 0.008694
v -0.072099 -0.074054 0.008694
v -0.070853 -0.075054 -0.008694
v -0.072099 -0.074054 -0.008694
v -0.070921 -0.077973 0.008694
v -0.070558 -0.076350 0.008694
v -0.070921 -0.077973 -0.008694
v -0.070558 -0.076350 -0.008694
v -0.071544 -0.080288 0.008694
v -0.071544 -0.080288 -0.008694
v -0.071229 -0.083566 0.008694
v -0.071229 -0.083566 -0.008694
v -0.068875 -0.086175 0.008694
v -0.068875 -0.086175 -0.008694
v -0.065606 -0.087799 0.008694
v -0.065606 -0.087799 -0.008694
v -0.062054 -0.088777 0.008694
v -0.062054 -0.088777 -0.008694
v -0.071548 -0.069357 0.104339
v -0.070521 -0.068255 0.104339
v -0.071979 0.088133 0.104339
v -0.071979 0.088324 0.104339
v -0.070293 -0.074284 0.104339
v -0.069620 -0.073380 0.104339
v -0.071550 -0.073235 0.104339
v -0.070806 -0.072236 0.104339
v -0.069300 -0.075644 0.104339
v -0.069986 -0.076021 0.104339
v -0.070943 -0.080215 0.104339
v -0.070386 -0.080023 0.104339
v -0.070339 -0.078075 0.104339
v -0.069700 -0.078105 0.104339
v -0.070722 -0.082578 0.104339
v -0.070154 -0.081560 0.104339
v -0.068562 -0.085368 0.104339
v -0.068187 -0.084324 0.104339
v -0.065382 -0.086990 0.104339
v -0.065114 -0.085939 0.104339
v -0.061944 -0.087972 0.104339
v -0.061811 -0.086923 0.104339
v -0.072099 -0.070179 0.103556
v -0.072099 -0.069960 0.104143
v -0.071979 0.086996 0.103556
v -0.071979 0.087788 0.104143
v -0.070713 -0.074860 0.104143
v -0.072099 -0.073848 0.104143
v -0.070853 -0.075054 0.103556
v -0.072099 -0.074054 0.103556
v -0.070558 -0.076350 0.103556
v -0.070922 -0.077973 0.103556
v -0.070415 -0.076266 0.104143
v -0.070776 -0.077998 0.104143
v -0.071394 -0.080269 0.104143
v -0.071544 -0.080288 0.103556
v -0.071102 -0.083317 0.104143
v -0.071229 -0.083566 0.103556
v -0.068797 -0.085856 0.104143
v -0.068875 -0.086175 0.103556
v -0.065550 -0.087480 0.104143
v -0.065606 -0.087799 0.103556
v -0.062026 -0.088460 0.104143
v -0.062054 -0.088777 0.103556
v -0.070027 -0.067548 0.103556
v -0.069850 0.087418 0.103556
v -0.070166 -0.067719 0.104143
v -0.070002 0.088155 0.104143
v -0.070169 -0.071548 0.104143
v -0.069199 -0.072826 0.104143
v -0.070031 -0.071355 0.103556
v -0.069059 -0.072643 0.103556
v -0.068729 -0.075345 0.103556
v -0.068872 -0.075419 0.104143
v -0.069363 -0.078222 0.104143
v -0.070043 -0.080000 0.104143
v -0.069217 -0.078255 0.103556
v -0.069893 -0.079990 0.103556
v -0.070012 -0.081279 0.104143
v -0.069885 -0.081040 0.103556
v -0.068028 -0.083723 0.104143
v -0.067949 -0.083410 0.103556
v -0.064986 -0.085290 0.104143
v -0.064930 -0.084976 0.103556
v -0.061729 -0.086322 0.104143
v -0.061701 -0.086008 0.103556
v -0.070522 -0.070250 0.104339
v -0.071549 -0.071364 0.104339
v -0.072099 -0.071970 0.104143
v -0.072099 -0.072181 0.103556
v -0.070029 -0.069523 0.103556
v -0.070168 -0.069705 0.104143
v -0.069851 0.081778 0.099387
v -0.070027 -0.067619 0.099387
v -0.070031 -0.071355 0.099387
v -0.069059 -0.072643 0.099387
v -0.068729 -0.075345 0.099387
v -0.069217 -0.078255 0.099387
v -0.069893 -0.079990 0.099387
v -0.069885 -0.081040 0.099387
v -0.067949 -0.083410 0.099387
v -0.064930 -0.084976 0.099387
v -0.061701 -0.086008 0.099387
v -0.070029 -0.069523 0.099387
v -0.072099 -0.072181 -0.008694
v -0.072099 -0.072181 0.008694
v -0.071979 0.089798 0.104143
v -0.071979 0.089798 -0.104143
v -0.071979 0.088999 0.103556
v -0.071979 0.088999 -0.103556
v -0.071979 0.090140 0.104339
v -0.071979 0.090140 -0.104339
v -0.071979 0.090320 -0.104339
v -0.071979 0.090319 0.104339
v -0.072099 -0.070178 -0.102609
v -0.072099 -0.070179 -0.058574
v -0.072099 -0.070179 -0.057626
v -0.072099 -0.070178 -0.057126
v -0.072099 -0.070176 -0.055578
v -0.072099 -0.070178 -0.054030
v -0.072099 -0.070179 -0.053529
v -0.072099 -0.070179 -0.053155
v -0.072099 -0.070179 -0.035769
v -0.072099 -0.070179 -0.035395
v -0.072099 -0.070178 -0.034894
v -0.072099 -0.070176 -0.033347
v -0.072099 -0.070178 -0.031799
v -0.072099 -0.070179 -0.031299
v -0.072099 -0.070179 -0.030925
v -0.072099 -0.070179 -0.013537
v -0.072099 -0.070179 -0.013163
v -0.072099 -0.070178 -0.012663
v -0.072099 -0.070176 -0.011116
v -0.072099 -0.070178 -0.009569
v -0.072099 -0.070179 -0.009068
v -0.072099 -0.070179 -0.008694
v -0.072099 -0.070179 0.008694
v -0.072099 -0.070179 0.009068
v -0.072099 -0.070178 0.009568
v -0.072099 -0.070176 0.011115
v -0.072099 -0.070178 0.012662
v -0.072099 -0.070179 0.013163
v -0.072099 -0.070179 0.013537
v -0.072099 -0.070179 0.030924
v -0.072099 -0.070179 0.031298
v -0.072099 -0.070179 0.102609
v -0.072099 -0.070179 0.058574
v -0.072099 -0.070179 0.057626
v -0.072099 -0.070178 0.057126
v -0.072099 -0.070176 0.055577
v -0.072099 -0.070178 0.054030
v -0.072099 -0.070179 0.053529
v -0.072099 -0.070179 0.053155
v -0.072099 -0.070179 0.035768
v -0.072099 -0.070179 0.035395
v -0.072099 -0.070178 0.034894
v -0.072099 -0.070176 0.033347
v -0.072099 -0.070178 0.031799
v -0.070853 -0.075054 0.102609
v -0.072099 -0.074054 0.102609
v -0.070853 -0.075054 0.058573
v -0.072099 -0.074054 0.058573
v -0.070853 -0.075054 0.053156
v -0.072099 -0.074054 0.053156
v -0.070853 -0.075054 0.035768
v -0.072099 -0.074054 0.035768
v -0.070853 -0.075054 0.030925
v -0.072099 -0.074054 0.030925
v -0.070853 -0.075054 0.013537
v -0.072099 -0.074054 0.013537
v -0.072099 -0.074054 -0.102609
v -0.070853 -0.075054 -0.102609
v -0.072099 -0.074054 -0.058573
v -0.070853 -0.075054 -0.058573
v -0.072099 -0.074054 -0.053156
v -0.070853 -0.075054 -0.053156
v -0.072099 -0.074054 -0.035768
v -0.070853 -0.075054 -0.035768
v -0.072099 -0.074054 -0.030925
v -0.070853 -0.075054 -0.030925
v -0.072099 -0.074054 -0.013537
v -0.070853 -0.075054 -0.013537
v -0.070922 -0.077973 0.102609
v -0.070558 -0.076350 0.102609
v -0.070922 -0.077973 0.058573
v -0.070558 -0.076350 0.058573
v -0.070922 -0.077973 0.053156
v -0.070558 -0.076350 0.053156
v -0.070921 -0.077973 0.035768
v -0.070558 -0.076350 0.035768
v -0.070921 -0.077973 0.030925
v -0.070558 -0.076350 0.030925
v -0.070921 -0.077973 0.013537
v -0.070558 -0.076350 0.013537
v -0.070558 -0.076350 -0.102609
v -0.070921 -0.077973 -0.102609
v -0.070558 -0.076350 -0.058573
v -0.070921 -0.077973 -0.058573
v -0.070558 -0.076350 -0.053156
v -0.070921 -0.077973 -0.053156
v -0.070558 -0.076350 -0.035768
v -0.070921 -0.077973 -0.035768
v -0.070558 -0.076350 -0.030925
v -0.070921 -0.077973 -0.030925
v -0.070558 -0.076350 -0.013537
v -0.070921 -0.077973 -0.013537
v -0.071544 -0.080288 0.102609
v -0.071544 -0.080288 0.058573
v -0.071544 -0.080288 0.053156
v -0.071544 -0.080288 0.035768
v -0.071544 -0.080288 0.030925
v -0.071544 -0.080288 0.013537
v -0.071544 -0.080288 -0.102609
v -0.071544 -0.080288 -0.058573
v -0.071544 -0.080288 -0.053156
v -0.071544 -0.080288 -0.035768
v -0.071544 -0.080288 -0.030925
v -0.071544 -0.080288 -0.013537
v -0.071229 -0.083566 0.102609
v -0.071229 -0.083566 0.058573
v -0.071229 -0.083566 0.053156
v -0.071229 -0.083566 0.035768
v -0.071229 -0.083566 0.030925
v -0.071229 -0.083566 0.013537
v -0.071229 -0.083566 -0.102609
v -0.071229 -0.083566 -0.058573
v -0.071229 -0.083566 -0.053156
v -0.071229 -0.083566 -0.035768
v -0.071229 -0.083566 -0.030925
v -0.071229 -0.083566 -0.013537
v -0.068875 -0.086175 0.102609
v -0.068875 -0.086175 0.058573
v -0.068875 -0.086175 0.053156
v -0.068875 -0.086175 0.035768
v -0.068875 -0.086175 0.030925
v -0.068875 -0.086175 0.013537
v -0.068875 -0.086175 -0.102609
v -0.068875 -0.086175 -0.058573
v -0.068875 -0.086175 -0.053156
v -0.068875 -0.086175 -0.035768
v -0.068875 -0.086175 -0.030925
v -0.068875 -0.086175 -0.013537
v -0.065606 -0.087799 0.102609
v -0.065606 -0.087799 0.058573
v -0.065606 -0.087799 0.053156
v -0.065606 -0.087799 0.035768
v -0.065606 -0.087799 0.030925
v -0.065606 -0.087799 0.013537
v -0.065606 -0.087799 -0.102609
v -0.065606 -0.087799 -0.058573
v -0.065606 -0.087799 -0.053156
v -0.065606 -0.087799 -0.035768
v -0.065606 -0.087799 -0.030925
v -0.065606 -0.087799 -0.013537
v -0.062054 -0.088777 0.102609
v -0.062054 -0.088777 0.058573
v -0.062054 -0.088777 0.053156
v -0.062054 -0.088777 0.035768
v -0.062054 -0.088777 0.030925
v -0.062054 -0.088777 0.013537
v -0.062054 -0.088777 -0.102609
v -0.062054 -0.088777 -0.058573
v -0.062054 -0.088777 -0.053156
v -0.062054 -0.088777 -0.035768
v -0.062054 -0.088777 -0.030925
v -0.062054 -0.088777 -0.013537
v -0.070000 0.090141 -0.104143
v -0.070000 0.090141 0.104143
v -0.069847 0.089393 -0.103556
v -0.069847 0.089392 0.103556
v -0.072099 -0.072181 -0.102609
v -0.072099 -0.072181 -0.058573
v -0.072099 -0.072181 -0.053156
v -0.072099 -0.072181 -0.035768
v -0.072099 -0.072181 -0.030925
v -0.072099 -0.072181 -0.013537
v -0.072099 -0.072181 0.102609
v -0.072099 -0.072181 0.058573
v -0.072099 -0.072181 0.053156
v -0.072099 -0.072181 0.035768
v -0.072099 -0.072181 0.030925
v -0.072099 -0.072181 0.013537
v -0.069849 0.083682 -0.099387
v -0.069849 0.083682 0.099387
v -0.071360 -0.076023 0.011115
v -0.072099 -0.074808 0.011115
v -0.070913 -0.075168 0.009529
v -0.072099 -0.074153 0.009554
v -0.070913 -0.075168 -0.009529
v -0.072099 -0.074153 -0.009554
v -0.071360 -0.076023 -0.011116
v -0.072099 -0.074808 -0.011116
v -0.071574 -0.077397 0.011115
v -0.071278 -0.076354 0.011115
v -0.070998 -0.077906 0.009529
v -0.070642 -0.076350 0.009529
v -0.070998 -0.077906 -0.009529
v -0.070642 -0.076350 -0.009529
v -0.071574 -0.077397 -0.011116
v -0.071278 -0.076354 -0.011116
v -0.072257 -0.080090 0.011115
v -0.071628 -0.080265 0.009529
v -0.071628 -0.080265 -0.009529
v -0.072257 -0.080090 -0.011116
v -0.071819 -0.084348 0.011115
v -0.071299 -0.083657 0.009529
v -0.071299 -0.083657 -0.009529
v -0.071819 -0.084348 -0.011116
v -0.069151 -0.087435 0.011115
v -0.068908 -0.086322 0.009529
v -0.068908 -0.086322 -0.009529
v -0.069151 -0.087435 -0.011116
v -0.065750 -0.089136 0.011115
v -0.065623 -0.087956 0.009529
v -0.065623 -0.087956 -0.009529
v -0.065750 -0.089136 -0.011116
v -0.062115 -0.090136 0.011115
v -0.062061 -0.088936 0.009529
v -0.062061 -0.088936 -0.009529
v -0.062115 -0.090136 -0.011116
v -0.072099 -0.072181 -0.011116
v -0.072099 -0.072181 -0.009569
v -0.072099 -0.072181 0.009569
v -0.072099 -0.072181 0.011115
v -0.072099 -0.074808 0.055577
v -0.071360 -0.076023 0.055577
v -0.072099 -0.074153 0.057139
v -0.070913 -0.075168 0.057164
v -0.070913 -0.075168 0.053991
v -0.072099 -0.074153 0.054016
v -0.070913 -0.075168 0.034933
v -0.072099 -0.074153 0.034908
v -0.071360 -0.076023 0.033347
v -0.072099 -0.074808 0.033347
v -0.070913 -0.075168 0.031760
v -0.072099 -0.074153 0.031785
v -0.070913 -0.075168 0.012702
v -0.072099 -0.074153 0.012677
v -0.071360 -0.076023 -0.055578
v -0.072099 -0.074808 -0.055578
v -0.070913 -0.075168 -0.057164
v -0.072099 -0.074153 -0.057139
v -0.072099 -0.074153 -0.054016
v -0.070913 -0.075168 -0.053991
v -0.072099 -0.074153 -0.034908
v -0.070913 -0.075168 -0.034933
v -0.072099 -0.074808 -0.033347
v -0.071360 -0.076023 -0.033347
v -0.072099 -0.074153 -0.031785
v -0.070913 -0.075168 -0.031760
v -0.072099 -0.074153 -0.012677
v -0.070913 -0.075168 -0.012702
v -0.071278 -0.076354 0.055578
v -0.071574 -0.077397 0.055578
v -0.070642 -0.076350 0.057164
v -0.070998 -0.077906 0.057164
v -0.070998 -0.077906 0.053991
v -0.070642 -0.076350 0.053991
v -0.070998 -0.077906 0.034933
v -0.070642 -0.076350 0.034933
v -0.071574 -0.077397 0.033347
v -0.071278 -0.076354 0.033347
v -0.070998 -0.077906 0.031760
v -0.070642 -0.076350 0.031760
v -0.070998 -0.077906 0.012702
v -0.070642 -0.076350 0.012702
v -0.071574 -0.077397 -0.055578
v -0.071278 -0.076354 -0.055578
v -0.070998 -0.077906 -0.057164
v -0.070642 -0.076350 -0.057164
v -0.070642 -0.076350 -0.053991
v -0.070998 -0.077906 -0.053991
v -0.070642 -0.076350 -0.034933
v -0.070998 -0.077906 -0.034933
v -0.071278 -0.076354 -0.033347
v -0.071574 -0.077397 -0.033347
v -0.070642 -0.076350 -0.031760
v -0.070998 -0.077906 -0.031760
v -0.070642 -0.076350 -0.012702
v -0.070998 -0.077906 -0.012702
v -0.072257 -0.080090 0.055578
v -0.071628 -0.080265 0.057164
v -0.071628 -0.080265 0.053991
v -0.071628 -0.080265 0.034933
v -0.072257 -0.080090 0.033347
v -0.071628 -0.080265 0.031760
v -0.071628 -0.080265 0.012702
v -0.072257 -0.080090 -0.055578
v -0.071628 -0.080265 -0.057164
v -0.071628 -0.080265 -0.053991
v -0.071628 -0.080265 -0.034933
v -0.072257 -0.080090 -0.033347
v -0.071628 -0.080265 -0.031760
v -0.071628 -0.080265 -0.012702
v -0.071819 -0.084348 0.055577
v -0.071299 -0.083657 0.057164
v -0.071299 -0.083657 0.053991
v -0.071299 -0.083657 0.034933
v -0.071819 -0.084348 0.033347
v -0.071299 -0.083657 0.031760
v -0.071299 -0.083657 0.012702
v -0.071819 -0.084348 -0.055578
v -0.071299 -0.083657 -0.057164
v -0.071299 -0.083657 -0.053991
v -0.071299 -0.083657 -0.034933
v -0.071819 -0.084348 -0.033347
v -0.071299 -0.083657 -0.031760
v -0.071299 -0.083657 -0.012702
v -0.069151 -0.087435 0.055578
v -0.068908 -0.086322 0.057164
v -0.068908 -0.086322 0.053991
v -0.068908 -0.086322 0.034933
v -0.069151 -0.087435 0.033347
v -0.068908 -0.086322 0.031760
v -0.068908 -0.086322 0.012702
v -0.069151 -0.087435 -0.055578
v -0.068908 -0.086322 -0.057164
v -0.068908 -0.086322 -0.053991
v -0.068908 -0.086322 -0.034933
v -0.069151 -0.087435 -0.033347
v -0.068908 -0.086322 -0.031760
v -0.068908 -0.086322 -0.012702
v -0.065750 -0.089136 0.055577
v -0.065623 -0.087956 0.057164
v -0.065623 -0.087956 0.053991
v -0.065623 -0.087956 0.034933
v -0.065750 -0.089136 0.033347
v -0.065623 -0.087956 0.031760
v -0.065623 -0.087956 0.012702
v -0.065750 -0.089136 -0.055578
v -0.065623 -0.087956 -0.057164
v -0.065623 -0.087956 -0.053991
v -0.065623 -0.087956 -0.034933
v -0.065750 -0.089136 -0.033347
v -0.065623 -0.087956 -0.031760
v -0.065623 -0.087956 -0.012702
v -0.062115 -0.090136 0.055577
v -0.062061 -0.088936 0.057164
v -0.062061 -0.088936 0.053991
v -0.062061 -0.088936 0.034933
v -0.062115 -0.090136 0.033347
v -0.062061 -0.088936 0.031760
v -0.062061 -0.088936 0.012702
v -0.062115 -0.090136 -0.055578
v -0.062061 -0.088936 -0.057164
v -0.062061 -0.088936 -0.053991
v -0.062061 -0.088936 -0.034933
v -0.062115 -0.090136 -0.033347
v -0.062061 -0.088936 -0.031760
v -0.062061 -0.088936 -0.012702
v -0.072099 -0.072181 -0.055578
v -0.072099 -0.072181 -0.057125
v -0.072099 -0.072181 -0.054031
v -0.072099 -0.072181 -0.034894
v -0.072099 -0.072181 -0.033347
v -0.072099 -0.072181 -0.031800
v -0.072099 -0.072181 -0.012663
v -0.072099 -0.072181 0.055578
v -0.072099 -0.072181 0.057124
v -0.072099 -0.072181 0.054031
v -0.072099 -0.072181 0.034893
v -0.072099 -0.072181 0.033347
v -0.072099 -0.072181 0.031800
v -0.072099 -0.072181 0.012662
v -0.072099 -0.072181 0.009068
v -0.072099 -0.074054 0.009068
v -0.070853 -0.075054 0.009068
v -0.070853 -0.075054 -0.009068
v -0.072099 -0.074054 -0.009068
v -0.070558 -0.076350 0.009068
v -0.070921 -0.077973 0.009068
v -0.070921 -0.077973 -0.009068
v -0.070558 -0.076350 -0.009068
v -0.071544 -0.080288 0.009068
v -0.071544 -0.080288 -0.009068
v -0.071229 -0.083566 0.009068
v -0.071229 -0.083566 -0.009068
v -0.068875 -0.086175 0.009068
v -0.068875 -0.086175 -0.009068
v -0.065606 -0.087799 0.009068
v -0.065606 -0.087799 -0.009068
v -0.062054 -0.088777 0.009068
v -0.062054 -0.088777 -0.009068
v -0.072099 -0.072181 -0.009068
v -0.072099 -0.072181 -0.057625
v -0.072099 -0.072181 -0.035394
v -0.072099 -0.072181 -0.013163
v -0.072099 -0.072181 0.053530
v -0.072099 -0.072181 0.031299
v -0.070853 -0.075054 0.057625
v -0.072099 -0.074054 0.057625
v -0.072099 -0.074054 0.053530
v -0.070853 -0.075054 0.053530
v -0.070853 -0.075054 0.035394
v -0.072099 -0.074054 0.035394
v -0.072099 -0.074054 0.031299
v -0.070853 -0.075054 0.031299
v -0.070853 -0.075054 0.013163
v -0.072099 -0.074054 0.013163
v -0.072099 -0.074054 -0.057625
v -0.070853 -0.075054 -0.057625
v -0.070853 -0.075054 -0.053530
v -0.072099 -0.074054 -0.053530
v -0.072099 -0.074054 -0.035394
v -0.070853 -0.075054 -0.035394
v -0.070853 -0.075054 -0.031299
v -0.072099 -0.074054 -0.031299
v -0.072099 -0.074054 -0.013163
v -0.070853 -0.075054 -0.013163
v -0.070922 -0.077973 0.057625
v -0.070558 -0.076350 0.057625
v -0.070558 -0.076350 0.053530
v -0.070922 -0.077973 0.053530
v -0.070921 -0.077973 0.035394
v -0.070558 -0.076350 0.035394
v -0.070558 -0.076350 0.031299
v -0.070921 -0.077973 0.031299
v -0.070921 -0.077973 0.013163
v -0.070558 -0.076350 0.013163
v -0.070558 -0.076350 -0.057625
v -0.070921 -0.077973 -0.057625
v -0.070921 -0.077973 -0.053530
v -0.070558 -0.076350 -0.053530
v -0.070558 -0.076350 -0.035394
v -0.070921 -0.077973 -0.035394
v -0.070921 -0.077973 -0.031299
v -0.070558 -0.076350 -0.031299
v -0.070558 -0.076350 -0.013163
v -0.070921 -0.077973 -0.013163
v -0.071544 -0.080288 0.057625
v -0.071544 -0.080288 0.053530
v -0.071544 -0.080288 0.035394
v -0.071544 -0.080288 0.031299
v -0.071544 -0.080288 0.013163
v -0.071544 -0.080288 -0.057625
v -0.071544 -0.080288 -0.053530
v -0.071544 -0.080288 -0.035394
v -0.071544 -0.080288 -0.031299
v -0.071544 -0.080288 -0.013163
v -0.071229 -0.083566 0.057625
v -0.071229 -0.083566 0.053530
v -0.071229 -0.083566 0.035394
v -0.071229 -0.083566 0.031299
v -0.071229 -0.083566 0.013163
v -0.071229 -0.083566 -0.057625
v -0.071229 -0.083566 -0.053530
v -0.071229 -0.083566 -0.035394
v -0.071229 -0.083566 -0.031299
v -0.071229 -0.083566 -0.013163
v -0.068875 -0.086175 0.057625
v -0.068875 -0.086175 0.053530
v -0.068875 -0.086175 0.035394
v -0.068875 -0.086175 0.031299
v -0.068875 -0.086175 0.013163
v -0.068875 -0.086175 -0.057625
v -0.068875 -0.086175 -0.053530
v -0.068875 -0.086175 -0.035394
v -0.068875 -0.086175 -0.031299
v -0.068875 -0.086175 -0.013163
v -0.065606 -0.087799 0.057625
v -0.065606 -0.087799 0.053530
v -0.065606 -0.087799 0.035394
v -0.065606 -0.087799 0.031299
v -0.065606 -0.087799 0.013163
v -0.065606 -0.087799 -0.057625
v -0.065606 -0.087799 -0.053530
v -0.065606 -0.087799 -0.035394
v -0.065606 -0.087799 -0.031299
v -0.065606 -0.087799 -0.013163
v -0.062054 -0.088777 0.057625
v -0.062054 -0.088777 0.053530
v -0.062054 -0.088777 0.035394
v -0.062054 -0.088777 0.031299
v -0.062054 -0.088777 0.013163
v -0.062054 -0.088777 -0.057625
v -0.062054 -0.088777 -0.053530
v -0.062054 -0.088777 -0.035394
v -0.062054 -0.088777 -0.031299
v -0.062054 -0.088777 -0.013163
v -0.072099 -0.072181 -0.053530
v -0.072099 -0.072181 -0.031299
v -0.072099 -0.072181 0.057625
v -0.072099 -0.072181 0.035394
v -0.072099 -0.072181 0.013163
vt 0.031978 0.037802
vt 0.031732 0.038189
vt 0.398317 0.023286
vt 0.399673 0.032579
vt 0.398317 0.023286
vt 0.031732 0.038189
vt 0.415106 0.029698
vt 0.414094 0.023011
vt 0.408945 0.035639
vt 0.408183 0.028459
vt 0.408945 0.035639
vt 0.414094 0.023011
vt 0.414094 0.023011
vt 0.415106 0.029698
vt 0.419970 0.023008
vt 0.420052 0.028957
vt 0.419970 0.023008
vt 0.415106 0.029698
vt 0.431678 0.032012
vt 0.432466 0.027417
vt 0.425661 0.030113
vt 0.426373 0.024847
vt 0.425661 0.030113
vt 0.432466 0.027417
vt 0.437394 0.033181
vt 0.437374 0.027186
vt 0.431678 0.032012
vt 0.432466 0.027417
vt 0.431678 0.032012
vt 0.437374 0.027186
vt 0.449825 0.031923
vt 0.450038 0.027051
vt 0.437394 0.033181
vt 0.437374 0.027186
vt 0.437394 0.033181
vt 0.450038 0.027051
vt 0.465890 0.031388
vt 0.466307 0.026827
vt 0.449825 0.031923
vt 0.450038 0.027051
vt 0.449825 0.031923
vt 0.466307 0.026827
vt 0.482999 0.031124
vt 0.483245 0.026741
vt 0.465890 0.031388
vt 0.466307 0.026827
vt 0.465890 0.031388
vt 0.483245 0.026741
vt 0.500869 0.031102
vt 0.500872 0.026788
vt 0.482999 0.031124
vt 0.483245 0.026741
vt 0.482999 0.031124
vt 0.500872 0.026788
vt 0.031766 0.039117
vt 0.032857 0.042129
vt 0.400166 0.038274
vt 0.399880 0.041669
vt 0.400166 0.038274
vt 0.032857 0.042129
vt 0.415769 0.034460
vt 0.409012 0.039802
vt 0.416142 0.038035
vt 0.409277 0.040799
vt 0.416142 0.038035
vt 0.409012 0.039802
vt 0.420025 0.036855
vt 0.424499 0.036994
vt 0.420068 0.033307
vt 0.424956 0.033992
vt 0.420068 0.033307
vt 0.424499 0.036994
vt 0.430885 0.035518
vt 0.424956 0.033992
vt 0.430438 0.037812
vt 0.424499 0.036994
vt 0.430438 0.037812
vt 0.424956 0.033992
vt 0.437555 0.036648
vt 0.430885 0.035518
vt 0.437576 0.038292
vt 0.430438 0.037812
vt 0.437576 0.038292
vt 0.430885 0.035518
vt 0.449654 0.034475
vt 0.437555 0.036648
vt 0.449819 0.037229
vt 0.437576 0.038292
vt 0.449819 0.037229
vt 0.437555 0.036648
vt 0.465636 0.033780
vt 0.449654 0.034475
vt 0.465681 0.036629
vt 0.449819 0.037229
vt 0.465681 0.036629
vt 0.449654 0.034475
vt 0.482850 0.033411
vt 0.465636 0.033780
vt 0.482854 0.036295
vt 0.465681 0.036629
vt 0.482854 0.036295
vt 0.465636 0.033780
vt 0.500868 0.033362
vt 0.482850 0.033411
vt 0.500857 0.036269
vt 0.482854 0.036295
vt 0.500857 0.036269
vt 0.482850 0.033411
vt 0.035421 0.017953
vt 0.033381 0.020869
vt 0.397617 0.017831
vt 0.397682 0.020309
vt 0.397617 0.017831
vt 0.033381 0.020869
vt 0.407739 0.021909
vt 0.413568 0.019201
vt 0.407489 0.018311
vt 0.413444 0.016990
vt 0.407489 0.018311
vt 0.413568 0.019201
vt 0.413444 0.016990
vt 0.413568 0.019201
vt 0.420137 0.017402
vt 0.419982 0.019673
vt 0.420137 0.017402
vt 0.413568 0.019201
vt 0.427166 0.022000
vt 0.433197 0.024265
vt 0.427647 0.019377
vt 0.433699 0.021220
vt 0.427647 0.019377
vt 0.433197 0.024265
vt 0.433197 0.024265
vt 0.437422 0.025063
vt 0.433699 0.021220
vt 0.437540 0.021849
vt 0.433699 0.021220
vt 0.437422 0.025063
vt 0.437422 0.025063
vt 0.449934 0.024399
vt 0.437540 0.021849
vt 0.449932 0.021735
vt 0.437540 0.021849
vt 0.449934 0.024399
vt 0.449934 0.024399
vt 0.466343 0.024041
vt 0.449932 0.021735
vt 0.466337 0.021376
vt 0.449932 0.021735
vt 0.466343 0.024041
vt 0.466343 0.024041
vt 0.483375 0.024101
vt 0.466337 0.021376
vt 0.483361 0.021333
vt 0.466337 0.021376
vt 0.483375 0.024101
vt 0.483375 0.024101
vt 0.500868 0.024187
vt 0.483361 0.021333
vt 0.500867 0.021417
vt 0.483361 0.021333
vt 0.500868 0.024187
vt 0.031732 0.038189
vt 0.031766 0.039117
vt 0.399673 0.032579
vt 0.400166 0.038274
vt 0.399673 0.032579
vt 0.031766 0.039117
vt 0.415106 0.029698
vt 0.408945 0.035639
vt 0.415769 0.034460
vt 0.409012 0.039802
vt 0.415769 0.034460
vt 0.408945 0.035639
vt 0.420068 0.033307
vt 0.424956 0.033992
vt 0.420052 0.028957
vt 0.425661 0.030113
vt 0.420052 0.028957
vt 0.424956 0.033992
vt 0.431678 0.032012
vt 0.425661 0.030113
vt 0.430885 0.035518
vt 0.424956 0.033992
vt 0.430885 0.035518
vt 0.425661 0.030113
vt 0.437394 0.033181
vt 0.431678 0.032012
vt 0.437555 0.036648
vt 0.430885 0.035518
vt 0.437555 0.036648
vt 0.431678 0.032012
vt 0.449825 0.031923
vt 0.437394 0.033181
vt 0.449654 0.034475
vt 0.437555 0.036648
vt 0.449654 0.034475
vt 0.437394 0.033181
vt 0.465890 0.031388
vt 0.449825 0.031923
vt 0.465636 0.033780
vt 0.449654 0.034475
vt 0.465636 0.033780
vt 0.449825 0.031923
vt 0.482999 0.031124
vt 0.465890 0.031388
vt 0.482850 0.033411
vt 0.465636 0.033780
vt 0.482850 0.033411
vt 0.465890 0.031388
vt 0.500869 0.031102
vt 0.482999 0.031124
vt 0.500868 0.033362
vt 0.482850 0.033411
vt 0.500868 0.033362
vt 0.482999 0.031124
vt 0.033381 0.020869
vt 0.031978 0.037802
vt 0.397682 0.020309
vt 0.398317 0.023286
vt 0.397682 0.020309
vt 0.031978 0.037802
vt 0.408183 0.028459
vt 0.414094 0.023011
vt 0.407739 0.021909
vt 0.413568 0.019201
vt 0.407739 0.021909
vt 0.414094 0.023011
vt 0.413568 0.019201
vt 0.414094 0.023011
vt 0.419982 0.019673
vt 0.419970 0.023008
vt 0.419982 0.019673
vt 0.414094 0.023011
vt 0.426373 0.024847
vt 0.432466 0.027417
vt 0.427166 0.022000
vt 0.433197 0.024265
vt 0.427166 0.022000
vt 0.432466 0.027417
vt 0.432466 0.027417
vt 0.437374 0.027186
vt 0.433197 0.024265
vt 0.437422 0.025063
vt 0.433197 0.024265
vt 0.437374 0.027186
vt 0.437374 0.027186
vt 0.450038 0.027051
vt 0.437422 0.025063
vt 0.449934 0.024399
vt 0.437422 0.025063
vt 0.450038 0.027051
vt 0.450038 0.027051
vt 0.466307 0.026827
vt 0.449934 0.024399
vt 0.466343 0.024041
vt 0.449934 0.024399
vt 0.466307 0.026827
vt 0.466307 0.026827
vt 0.483245 0.026741
vt 0.466343 0.024041
vt 0.483375 0.024101
vt 0.466343 0.024041
vt 0.483245 0.026741
vt 0.483245 0.026741
vt 0.500872 0.026788
vt 0.483375 0.024101
vt 0.500868 0.024187
vt 0.483375 0.024101
vt 0.500872 0.026788
vt 0.420052 0.028957
vt 0.425661 0.030113
vt 0.419970 0.023008
vt 0.426373 0.024847
vt 0.419970 0.023008
vt 0.425661 0.030113
vt 0.420025 0.036855
vt 0.420068 0.033307
vt 0.416142 0.038035
vt 0.415769 0.034460
vt 0.416142 0.038035
vt 0.420068 0.033307
vt 0.419982 0.019673
vt 0.427166 0.022000
vt 0.420137 0.017402
vt 0.427647 0.019377
vt 0.420137 0.017402
vt 0.427166 0.022000
vt 0.420068 0.033307
vt 0.420052 0.028957
vt 0.415769 0.034460
vt 0.415106 0.029698
vt 0.415769 0.034460
vt 0.420052 0.028957
vt 0.419970 0.023008
vt 0.426373 0.024847
vt 0.419982 0.019673
vt 0.427166 0.022000
vt 0.419982 0.019673
vt 0.426373 0.024847
vt 0.403516 0.024381
vt 0.404384 0.033836
vt 0.408183 0.028459
vt 0.408945 0.035639
vt 0.408183 0.028459
vt 0.404384 0.033836
vt 0.404758 0.038880
vt 0.404640 0.041308
vt 0.409012 0.039802
vt 0.409277 0.040799
vt 0.409012 0.039802
vt 0.404640 0.041308
vt 0.402636 0.018127
vt 0.402795 0.020955
vt 0.407489 0.018311
vt 0.407739 0.021909
vt 0.407489 0.018311
vt 0.402795 0.020955
vt 0.404384 0.033836
vt 0.404758 0.038880
vt 0.408945 0.035639
vt 0.409012 0.039802
vt 0.408945 0.035639
vt 0.404758 0.038880
vt 0.402795 0.020955
vt 0.403516 0.024381
vt 0.407739 0.021909
vt 0.408183 0.028459
vt 0.407739 0.021909
vt 0.403516 0.024381
vt 0.397939 0.000595
vt 0.048681 0.000554
vt 0.397617 0.017831
vt 0.035421 0.017953
vt 0.397617 0.017831
vt 0.048681 0.000554
vt 0.407385 0.000617
vt 0.407489 0.018311
vt 0.413605 0.000000
vt 0.413444 0.016990
vt 0.413605 0.000000
vt 0.407489 0.018311
vt 0.413605 0.000000
vt 0.413444 0.016990
vt 0.421049 0.000400
vt 0.420137 0.017402
vt 0.421049 0.000400
vt 0.413444 0.016990
vt 0.429099 0.002275
vt 0.427647 0.019377
vt 0.435010 0.003905
vt 0.433699 0.021220
vt 0.435010 0.003905
vt 0.427647 0.019377
vt 0.435010 0.003905
vt 0.433699 0.021220
vt 0.438145 0.004382
vt 0.437540 0.021849
vt 0.438145 0.004382
vt 0.433699 0.021220
vt 0.438145 0.004382
vt 0.437540 0.021849
vt 0.449961 0.004501
vt 0.449932 0.021735
vt 0.449961 0.004501
vt 0.437540 0.021849
vt 0.449961 0.004501
vt 0.449932 0.021735
vt 0.466247 0.004128
vt 0.466337 0.021376
vt 0.466247 0.004128
vt 0.449932 0.021735
vt 0.466247 0.004128
vt 0.466337 0.021376
vt 0.483331 0.004025
vt 0.483361 0.021333
vt 0.483331 0.004025
vt 0.466337 0.021376
vt 0.483331 0.004025
vt 0.483361 0.021333
vt 0.500914 0.004106
vt 0.500867 0.021417
vt 0.500914 0.004106
vt 0.483361 0.021333
vt 0.421049 0.000400
vt 0.420137 0.017402
vt 0.429099 0.002275
vt 0.427647 0.019377
vt 0.429099 0.002275
vt 0.420137 0.017402
vt 0.402752 0.000769
vt 0.402636 0.018127
vt 0.407385 0.000617
vt 0.407489 0.018311
vt 0.407385 0.000617
vt 0.402636 0.018127
vt 0.407864 0.508534
vt 0.414019 0.508129
vt 0.407856 0.436170
vt 0.414008 0.436607
vt 0.407856 0.436170
vt 0.414019 0.508129
vt 0.416938 0.508049
vt 0.420803 0.508254
vt 0.416926 0.436732
vt 0.420787 0.436579
vt 0.416926 0.436732
vt 0.420803 0.508254
vt 0.420803 0.508254
vt 0.426971 0.508443
vt 0.420787 0.436579
vt 0.426952 0.436521
vt 0.420787 0.436579
vt 0.426971 0.508443
vt 0.426971 0.508443
vt 0.434991 0.508486
vt 0.426952 0.436521
vt 0.434968 0.436573
vt 0.426952 0.436521
vt 0.434991 0.508486
vt 0.434991 0.508486
vt 0.448161 0.508489
vt 0.434968 0.436573
vt 0.448138 0.436708
vt 0.434968 0.436573
vt 0.448161 0.508489
vt 0.448161 0.508489
vt 0.464559 0.508577
vt 0.448138 0.436708
vt 0.464540 0.436758
vt 0.448138 0.436708
vt 0.464559 0.508577
vt 0.464559 0.508577
vt 0.481947 0.508671
vt 0.464540 0.436758
vt 0.481930 0.436814
vt 0.464540 0.436758
vt 0.481947 0.508671
vt 0.481947 0.508671
vt 0.500008 0.508747
vt 0.481930 0.436814
vt 0.499992 0.436897
vt 0.481930 0.436814
vt 0.500008 0.508747
vt 0.031178 0.906517
vt 0.397376 0.921012
vt 0.031081 0.906231
vt 0.398951 0.911750
vt 0.031081 0.906231
vt 0.397376 0.921012
vt 0.407078 0.916255
vt 0.412759 0.922017
vt 0.407988 0.909100
vt 0.413796 0.915403
vt 0.407988 0.909100
vt 0.412759 0.922017
vt 0.418566 0.916094
vt 0.413796 0.915403
vt 0.418537 0.922024
vt 0.412759 0.922017
vt 0.418537 0.922024
vt 0.413796 0.915403
vt 0.424820 0.919972
vt 0.430805 0.917238
vt 0.424010 0.914682
vt 0.429918 0.912591
vt 0.424010 0.914682
vt 0.430805 0.917238
vt 0.430805 0.917238
vt 0.435664 0.917437
vt 0.429918 0.912591
vt 0.435613 0.911394
vt 0.429918 0.912591
vt 0.435664 0.917437
vt 0.435664 0.917437
vt 0.448303 0.917711
vt 0.435613 0.911394
vt 0.448056 0.912821
vt 0.435613 0.911394
vt 0.448303 0.917711
vt 0.448303 0.917711
vt 0.464565 0.918206
vt 0.448056 0.912821
vt 0.464136 0.913642
vt 0.448056 0.912821
vt 0.464565 0.918206
vt 0.464565 0.918206
vt 0.481501 0.918588
vt 0.464136 0.913642
vt 0.481257 0.914204
vt 0.464136 0.913642
vt 0.481501 0.918588
vt 0.481501 0.918588
vt 0.499129 0.918851
vt 0.481257 0.914204
vt 0.499131 0.914537
vt 0.481257 0.914204
vt 0.499129 0.918851
vt 0.031337 0.905400
vt 0.399673 0.906134
vt 0.032726 0.902466
vt 0.399653 0.902904
vt 0.032726 0.902466
vt 0.399673 0.906134
vt 0.408546 0.903940
vt 0.408160 0.904878
vt 0.414790 0.906972
vt 0.414456 0.910662
vt 0.414790 0.906972
vt 0.408160 0.904878
vt 0.423137 0.910745
vt 0.422365 0.907698
vt 0.418469 0.911719
vt 0.418178 0.908058
vt 0.418469 0.911719
vt 0.422365 0.907698
vt 0.422365 0.907698
vt 0.423137 0.910745
vt 0.428304 0.906766
vt 0.428980 0.909040
vt 0.428304 0.906766
vt 0.423137 0.910745
vt 0.428304 0.906766
vt 0.428980 0.909040
vt 0.435608 0.906288
vt 0.435686 0.907909
vt 0.435608 0.906288
vt 0.428980 0.909040
vt 0.435608 0.906288
vt 0.435686 0.907909
vt 0.447987 0.907536
vt 0.447841 0.910266
vt 0.447987 0.907536
vt 0.435686 0.907909
vt 0.447987 0.907536
vt 0.447841 0.910266
vt 0.463921 0.908419
vt 0.463867 0.911254
vt 0.463921 0.908419
vt 0.447841 0.910266
vt 0.463921 0.908419
vt 0.463867 0.911254
vt 0.481130 0.909044
vt 0.481106 0.911920
vt 0.481130 0.909044
vt 0.463867 0.911254
vt 0.481130 0.909044
vt 0.481106 0.911920
vt 0.499144 0.909369
vt 0.499132 0.912277
vt 0.499144 0.909369
vt 0.481106 0.911920
vt 0.032350 0.923445
vt 0.034324 0.926381
vt 0.396631 0.924003
vt 0.396506 0.926516
vt 0.396631 0.924003
vt 0.034324 0.926381
vt 0.412101 0.927884
vt 0.412223 0.925754
vt 0.406234 0.926360
vt 0.406534 0.922777
vt 0.406234 0.926360
vt 0.412223 0.925754
vt 0.418561 0.925318
vt 0.412223 0.925754
vt 0.418714 0.927527
vt 0.412101 0.927884
vt 0.418714 0.927527
vt 0.412223 0.925754
vt 0.432108 0.923498
vt 0.431583 0.920425
vt 0.426134 0.925435
vt 0.425643 0.922815
vt 0.426134 0.925435
vt 0.431583 0.920425
vt 0.435892 0.922851
vt 0.435752 0.919602
vt 0.432108 0.923498
vt 0.431583 0.920425
vt 0.432108 0.923498
vt 0.435752 0.919602
vt 0.448244 0.923056
vt 0.448230 0.920380
vt 0.435892 0.922851
vt 0.435752 0.919602
vt 0.435892 0.922851
vt 0.448230 0.920380
vt 0.464622 0.923657
vt 0.464618 0.920993
vt 0.448244 0.923056
vt 0.448230 0.920380
vt 0.448244 0.923056
vt 0.464618 0.920993
vt 0.481630 0.923994
vt 0.481641 0.921228
vt 0.464622 0.923657
vt 0.464618 0.920993
vt 0.464622 0.923657
vt 0.481641 0.921228
vt 0.499132 0.924222
vt 0.499132 0.921452
vt 0.481630 0.923994
vt 0.481641 0.921228
vt 0.481630 0.923994
vt 0.499132 0.921452
vt 0.031081 0.906231
vt 0.398951 0.911750
vt 0.031337 0.905400
vt 0.399673 0.906134
vt 0.031337 0.905400
vt 0.398951 0.911750
vt 0.408160 0.904878
vt 0.407988 0.909100
vt 0.414456 0.910662
vt 0.413796 0.915403
vt 0.414456 0.910662
vt 0.407988 0.909100
vt 0.424010 0.914682
vt 0.423137 0.910745
vt 0.418566 0.916094
vt 0.418469 0.911719
vt 0.418566 0.916094
vt 0.423137 0.910745
vt 0.423137 0.910745
vt 0.424010 0.914682
vt 0.428980 0.909040
vt 0.429918 0.912591
vt 0.428980 0.909040
vt 0.424010 0.914682
vt 0.428980 0.909040
vt 0.429918 0.912591
vt 0.435686 0.907909
vt 0.435613 0.911394
vt 0.435686 0.907909
vt 0.429918 0.912591
vt 0.435686 0.907909
vt 0.435613 0.911394
vt 0.447841 0.910266
vt 0.448056 0.912821
vt 0.447841 0.910266
vt 0.435613 0.911394
vt 0.447841 0.910266
vt 0.448056 0.912821
vt 0.463867 0.911254
vt 0.464136 0.913642
vt 0.463867 0.911254
vt 0.448056 0.912821
vt 0.463867 0.911254
vt 0.464136 0.913642
vt 0.481106 0.911920
vt 0.481257 0.914204
vt 0.481106 0.911920
vt 0.464136 0.913642
vt 0.481106 0.911920
vt 0.481257 0.914204
vt 0.499132 0.912277
vt 0.499131 0.914537
vt 0.499132 0.912277
vt 0.481257 0.914204
vt 0.031178 0.906517
vt 0.032350 0.923445
vt 0.397376 0.921012
vt 0.396631 0.924003
vt 0.397376 0.921012
vt 0.032350 0.923445
vt 0.412223 0.925754
vt 0.412759 0.922017
vt 0.406534 0.922777
vt 0.407078 0.916255
vt 0.406534 0.922777
vt 0.412759 0.922017
vt 0.418537 0.922024
vt 0.412759 0.922017
vt 0.418561 0.925318
vt 0.412223 0.925754
vt 0.418561 0.925318
vt 0.412759 0.922017
vt 0.431583 0.920425
vt 0.430805 0.917238
vt 0.425643 0.922815
vt 0.424820 0.919972
vt 0.425643 0.922815
vt 0.430805 0.917238
vt 0.435752 0.919602
vt 0.435664 0.917437
vt 0.431583 0.920425
vt 0.430805 0.917238
vt 0.431583 0.920425
vt 0.435664 0.917437
vt 0.448230 0.920380
vt 0.448303 0.917711
vt 0.435752 0.919602
vt 0.435664 0.917437
vt 0.435752 0.919602
vt 0.448303 0.917711
vt 0.464618 0.920993
vt 0.464565 0.918206
vt 0.448230 0.920380
vt 0.448303 0.917711
vt 0.448230 0.920380
vt 0.464565 0.918206
vt 0.481641 0.921228
vt 0.481501 0.918588
vt 0.464618 0.920993
vt 0.464565 0.918206
vt 0.464618 0.920993
vt 0.481501 0.918588
vt 0.499132 0.921452
vt 0.499129 0.918851
vt 0.481641 0.921228
vt 0.481501 0.918588
vt 0.481641 0.921228
vt 0.499129 0.918851
vt 0.414019 0.508129
vt 0.416938 0.508049
vt 0.414008 0.436607
vt 0.416926 0.436732
vt 0.414008 0.436607
vt 0.416938 0.508049
vt 0.424820 0.919972
vt 0.424010 0.914682
vt 0.418537 0.922024
vt 0.418566 0.916094
vt 0.418537 0.922024
vt 0.424010 0.914682
vt 0.414456 0.910662
vt 0.418469 0.911719
vt 0.414790 0.906972
vt 0.418178 0.908058
vt 0.414790 0.906972
vt 0.418469 0.911719
vt 0.426134 0.925435
vt 0.425643 0.922815
vt 0.418714 0.927527
vt 0.418561 0.925318
vt 0.418714 0.927527
vt 0.425643 0.922815
vt 0.413796 0.915403
vt 0.418566 0.916094
vt 0.414456 0.910662
vt 0.418469 0.911719
vt 0.414456 0.910662
vt 0.418566 0.916094
vt 0.425643 0.922815
vt 0.424820 0.919972
vt 0.418561 0.925318
vt 0.418537 0.922024
vt 0.418561 0.925318
vt 0.424820 0.919972
vt 0.407988 0.909100
vt 0.403579 0.910811
vt 0.407078 0.916255
vt 0.402470 0.920179
vt 0.407078 0.916255
vt 0.403579 0.910811
vt 0.408546 0.903940
vt 0.404265 0.903458
vt 0.408160 0.904878
vt 0.404139 0.905866
vt 0.408160 0.904878
vt 0.404265 0.903458
vt 0.406534 0.922777
vt 0.401675 0.923584
vt 0.406234 0.926360
vt 0.401465 0.926426
vt 0.406234 0.926360
vt 0.401675 0.923584
vt 0.408160 0.904878
vt 0.404139 0.905866
vt 0.407988 0.909100
vt 0.403579 0.910811
vt 0.407988 0.909100
vt 0.404139 0.905866
vt 0.407078 0.916255
vt 0.402470 0.920179
vt 0.406534 0.922777
vt 0.401675 0.923584
vt 0.406534 0.922777
vt 0.402470 0.920179
vt 0.396741 0.943775
vt 0.396506 0.926516
vt 0.047563 0.943768
vt 0.034324 0.926381
vt 0.047563 0.943768
vt 0.396506 0.926516
vt 0.412101 0.927884
vt 0.406234 0.926360
vt 0.412224 0.944832
vt 0.406083 0.944051
vt 0.412224 0.944832
vt 0.406234 0.926360
vt 0.418714 0.927527
vt 0.412101 0.927884
vt 0.419636 0.944488
vt 0.412224 0.944832
vt 0.419636 0.944488
vt 0.412101 0.927884
vt 0.432108 0.923498
vt 0.426134 0.925435
vt 0.433459 0.940818
vt 0.427634 0.942525
vt 0.433459 0.940818
vt 0.426134 0.925435
vt 0.435892 0.922851
vt 0.432108 0.923498
vt 0.436498 0.940330
vt 0.433459 0.940818
vt 0.436498 0.940330
vt 0.432108 0.923498
vt 0.448244 0.923056
vt 0.435892 0.922851
vt 0.448228 0.940293
vt 0.436498 0.940330
vt 0.448228 0.940293
vt 0.435892 0.922851
vt 0.464622 0.923657
vt 0.448244 0.923056
vt 0.464455 0.940902
vt 0.448228 0.940293
vt 0.464455 0.940902
vt 0.448244 0.923056
vt 0.481630 0.923994
vt 0.464622 0.923657
vt 0.481510 0.941300
vt 0.464455 0.940902
vt 0.481510 0.941300
vt 0.464622 0.923657
vt 0.499132 0.924222
vt 0.481630 0.923994
vt 0.499086 0.941534
vt 0.481510 0.941300
vt 0.499086 0.941534
vt 0.481630 0.923994
vt 0.426134 0.925435
vt 0.418714 0.927527
vt 0.427634 0.942525
vt 0.419636 0.944488
vt 0.427634 0.942525
vt 0.418714 0.927527
vt 0.406234 0.926360
vt 0.401465 0.926426
vt 0.406083 0.944051
vt 0.401497 0.943800
vt 0.406083 0.944051
vt 0.401465 0.926426
vt 0.407856 0.436170
vt 0.403673 0.436209
vt 0.407864 0.508534
vt 0.403676 0.508481
vt 0.407864 0.508534
vt 0.403673 0.436209
vt 0.028350 0.042114
vt 0.026351 0.039891
vt 0.028281 0.902143
vt 0.026351 0.904350
vt 0.028281 0.902143
vt 0.026351 0.039891
vt 0.026351 0.039891
vt 0.025465 0.039072
vt 0.026351 0.904350
vt 0.025465 0.905155
vt 0.026351 0.904350
vt 0.025465 0.039072
vt 0.024973 0.905149
vt 0.025465 0.905155
vt 0.024974 0.039066
vt 0.025465 0.039072
vt 0.024974 0.039066
vt 0.025465 0.905155
vt 0.399653 0.902904
vt 0.399646 0.898966
vt 0.032726 0.902466
vt 0.399646 0.898966
vt 0.399338 0.715908
vt 0.032726 0.902466
vt 0.399338 0.715908
vt 0.399331 0.711970
vt 0.032726 0.902466
vt 0.032726 0.902466
vt 0.399331 0.711970
vt 0.032857 0.042129
vt 0.399331 0.711970
vt 0.399256 0.709725
vt 0.032857 0.042129
vt 0.399256 0.709725
vt 0.399281 0.703308
vt 0.032857 0.042129
vt 0.399281 0.703308
vt 0.399316 0.696838
vt 0.032857 0.042129
vt 0.399316 0.696838
vt 0.399268 0.694821
vt 0.032857 0.042129
vt 0.399268 0.694821
vt 0.399266 0.693268
vt 0.032857 0.042129
vt 0.399266 0.693268
vt 0.399183 0.621079
vt 0.032857 0.042129
vt 0.399183 0.621079
vt 0.399182 0.619526
vt 0.032857 0.042129
vt 0.399182 0.619526
vt 0.399161 0.617320
vt 0.032857 0.042129
vt 0.399161 0.617320
vt 0.399185 0.610888
vt 0.032857 0.042129
vt 0.399185 0.610888
vt 0.399211 0.604435
vt 0.032857 0.042129
vt 0.399211 0.604435
vt 0.399191 0.602374
vt 0.032857 0.042129
vt 0.399880 0.041669
vt 0.032857 0.042129
vt 0.399871 0.045609
vt 0.399871 0.045609
vt 0.032857 0.042129
vt 0.399420 0.228754
vt 0.399420 0.228754
vt 0.032857 0.042129
vt 0.399410 0.232694
vt 0.399410 0.232694
vt 0.032857 0.042129
vt 0.399249 0.234931
vt 0.399249 0.234931
vt 0.032857 0.042129
vt 0.399224 0.241371
vt 0.399224 0.241371
vt 0.032857 0.042129
vt 0.399251 0.247851
vt 0.399251 0.247851
vt 0.032857 0.042129
vt 0.399212 0.249874
vt 0.399212 0.249874
vt 0.032857 0.042129
vt 0.399210 0.251427
vt 0.399210 0.251427
vt 0.032857 0.042129
vt 0.399139 0.323613
vt 0.399139 0.323613
vt 0.032857 0.042129
vt 0.399137 0.325166
vt 0.399137 0.325166
vt 0.032857 0.042129
vt 0.399124 0.327366
vt 0.399124 0.327366
vt 0.032857 0.042129
vt 0.399155 0.333797
vt 0.399155 0.333797
vt 0.032857 0.042129
vt 0.399186 0.340246
vt 0.399186 0.340246
vt 0.032857 0.042129
vt 0.399171 0.342306
vt 0.399171 0.342306
vt 0.032857 0.042129
vt 0.399170 0.343859
vt 0.399170 0.343859
vt 0.032857 0.042129
vt 0.399146 0.416029
vt 0.399146 0.416029
vt 0.032857 0.042129
vt 0.399146 0.417582
vt 0.399146 0.417582
vt 0.032857 0.042129
vt 0.399152 0.419699
vt 0.399152 0.419699
vt 0.032857 0.042129
vt 0.399144 0.426121
vt 0.399144 0.426121
vt 0.032857 0.042129
vt 0.399145 0.432565
vt 0.399145 0.432565
vt 0.032857 0.042129
vt 0.399140 0.434681
vt 0.399140 0.434681
vt 0.032857 0.042129
vt 0.399140 0.436235
vt 0.399140 0.436235
vt 0.032857 0.042129
vt 0.399141 0.508444
vt 0.399141 0.508444
vt 0.032857 0.042129
vt 0.399141 0.509997
vt 0.399141 0.509997
vt 0.032857 0.042129
vt 0.399150 0.512113
vt 0.399150 0.512113
vt 0.032857 0.042129
vt 0.399152 0.518559
vt 0.399152 0.518559
vt 0.032857 0.042129
vt 0.399163 0.524981
vt 0.399163 0.524981
vt 0.032857 0.042129
vt 0.399161 0.527099
vt 0.399161 0.527099
vt 0.032857 0.042129
vt 0.399161 0.528652
vt 0.399161 0.528652
vt 0.032857 0.042129
vt 0.399191 0.600821
vt 0.032857 0.042129
vt 0.399191 0.602374
vt 0.399191 0.600821
vt 0.408541 0.900021
vt 0.414786 0.903034
vt 0.408304 0.717830
vt 0.414591 0.719968
vt 0.408304 0.717830
vt 0.414786 0.903034
vt 0.408128 0.694727
vt 0.414297 0.694925
vt 0.407961 0.622202
vt 0.414125 0.623216
vt 0.407961 0.622202
vt 0.414297 0.694925
vt 0.407950 0.601492
vt 0.414102 0.601306
vt 0.407891 0.529000
vt 0.414028 0.529741
vt 0.407891 0.529000
vt 0.414102 0.601306
vt 0.416098 0.041970
vt 0.409254 0.044721
vt 0.414037 0.224906
vt 0.408195 0.227020
vt 0.414037 0.224906
vt 0.409254 0.044721
vt 0.414094 0.249883
vt 0.407967 0.250063
vt 0.413954 0.321556
vt 0.407834 0.322573
vt 0.413954 0.321556
vt 0.407967 0.250063
vt 0.414029 0.343436
vt 0.407893 0.343228
vt 0.413977 0.414997
vt 0.407852 0.415713
vt 0.413977 0.414997
vt 0.407893 0.343228
vt 0.418169 0.904119
vt 0.422354 0.903764
vt 0.417779 0.721040
vt 0.421809 0.720886
vt 0.417779 0.721040
vt 0.422354 0.903764
vt 0.417197 0.695165
vt 0.421056 0.695615
vt 0.417078 0.623699
vt 0.420964 0.623792
vt 0.417078 0.623699
vt 0.421056 0.695615
vt 0.417012 0.601420
vt 0.420874 0.601762
vt 0.416953 0.530053
vt 0.420824 0.530048
vt 0.416953 0.530053
vt 0.420874 0.601762
vt 0.424420 0.040926
vt 0.419958 0.040790
vt 0.420743 0.223705
vt 0.416858 0.223714
vt 0.420743 0.223705
vt 0.419958 0.040790
vt 0.420764 0.249104
vt 0.416955 0.249590
vt 0.420717 0.320937
vt 0.416863 0.321052
vt 0.420717 0.320937
vt 0.416955 0.249590
vt 0.420771 0.343028
vt 0.416927 0.343338
vt 0.420753 0.414731
vt 0.416888 0.414704
vt 0.420753 0.414731
vt 0.416927 0.343338
vt 0.422354 0.903764
vt 0.428295 0.902841
vt 0.421809 0.720886
vt 0.427880 0.720378
vt 0.421809 0.720886
vt 0.428295 0.902841
vt 0.421056 0.695615
vt 0.427232 0.695907
vt 0.420964 0.623792
vt 0.427145 0.623962
vt 0.420964 0.623792
vt 0.427232 0.695907
vt 0.420874 0.601762
vt 0.427050 0.602065
vt 0.420824 0.530048
vt 0.427002 0.530194
vt 0.420824 0.530048
vt 0.427050 0.602065
vt 0.430364 0.041736
vt 0.424420 0.040926
vt 0.426914 0.224125
vt 0.420743 0.223705
vt 0.426914 0.224125
vt 0.424420 0.040926
vt 0.426889 0.248765
vt 0.420764 0.249104
vt 0.426876 0.320786
vt 0.420717 0.320937
vt 0.426876 0.320786
vt 0.420764 0.249104
vt 0.426921 0.342792
vt 0.420771 0.343028
vt 0.426922 0.414752
vt 0.420753 0.414731
vt 0.426922 0.414752
vt 0.420771 0.343028
vt 0.428295 0.902841
vt 0.435610 0.902373
vt 0.427880 0.720378
vt 0.435668 0.720346
vt 0.427880 0.720378
vt 0.435610 0.902373
vt 0.427232 0.695907
vt 0.435264 0.696178
vt 0.427145 0.623962
vt 0.435168 0.624236
vt 0.427145 0.623962
vt 0.435264 0.696178
vt 0.427050 0.602065
vt 0.435072 0.602305
vt 0.427002 0.530194
vt 0.435029 0.530328
vt 0.427002 0.530194
vt 0.435072 0.602305
vt 0.437520 0.042206
vt 0.430364 0.041736
vt 0.434926 0.224193
vt 0.426914 0.224125
vt 0.434926 0.224193
vt 0.430364 0.041736
vt 0.434872 0.248701
vt 0.426889 0.248765
vt 0.434894 0.320704
vt 0.426876 0.320786
vt 0.434894 0.320704
vt 0.426889 0.248765
vt 0.434921 0.342775
vt 0.426921 0.342792
vt 0.434943 0.414721
vt 0.426922 0.414752
vt 0.434943 0.414721
vt 0.426921 0.342792
vt 0.435610 0.902373
vt 0.448001 0.903608
vt 0.435668 0.720346
vt 0.448641 0.721039
vt 0.435668 0.720346
vt 0.448001 0.903608
vt 0.435264 0.696178
vt 0.448430 0.696416
vt 0.435168 0.624236
vt 0.448338 0.624618
vt 0.435168 0.624236
vt 0.448430 0.696416
vt 0.435072 0.602305
vt 0.448240 0.602405
vt 0.435029 0.530328
vt 0.448202 0.530611
vt 0.435029 0.530328
vt 0.448240 0.602405
vt 0.449782 0.041157
vt 0.437520 0.042206
vt 0.448079 0.223730
vt 0.434926 0.224193
vt 0.448079 0.223730
vt 0.437520 0.042206
vt 0.448014 0.248588
vt 0.434872 0.248701
vt 0.448060 0.320440
vt 0.434894 0.320704
vt 0.448060 0.320440
vt 0.434872 0.248701
vt 0.448078 0.342768
vt 0.434921 0.342775
vt 0.448113 0.414576
vt 0.434943 0.414721
vt 0.448113 0.414576
vt 0.434921 0.342775
vt 0.448001 0.903608
vt 0.463942 0.904490
vt 0.448641 0.721039
vt 0.464909 0.721816
vt 0.448641 0.721039
vt 0.463942 0.904490
vt 0.448430 0.696416
vt 0.464806 0.696805
vt 0.448338 0.624618
vt 0.464738 0.624924
vt 0.448338 0.624618
vt 0.464806 0.696805
vt 0.448240 0.602405
vt 0.464636 0.602604
vt 0.448202 0.530611
vt 0.464608 0.530771
vt 0.448202 0.530611
vt 0.464636 0.602604
vt 0.465655 0.040559
vt 0.449782 0.041157
vt 0.464448 0.223245
vt 0.448079 0.223730
vt 0.464448 0.223245
vt 0.449782 0.041157
vt 0.464393 0.248386
vt 0.448014 0.248588
vt 0.464448 0.320297
vt 0.448060 0.320440
vt 0.464448 0.320297
vt 0.448014 0.248588
vt 0.464473 0.342705
vt 0.448078 0.342768
vt 0.464509 0.414549
vt 0.448113 0.414576
vt 0.464509 0.414549
vt 0.448078 0.342768
vt 0.463942 0.904490
vt 0.481153 0.905113
vt 0.464909 0.721816
vt 0.482206 0.722370
vt 0.464909 0.721816
vt 0.481153 0.905113
vt 0.464806 0.696805
vt 0.482168 0.697130
vt 0.464738 0.624924
vt 0.482114 0.625180
vt 0.464738 0.624924
vt 0.482168 0.697130
vt 0.464636 0.602604
vt 0.482024 0.602778
vt 0.464608 0.530771
vt 0.481997 0.530902
vt 0.464608 0.530771
vt 0.482024 0.602778
vt 0.482832 0.040227
vt 0.465655 0.040559
vt 0.481796 0.222979
vt 0.464448 0.223245
vt 0.481796 0.222979
vt 0.465655 0.040559
vt 0.481762 0.248279
vt 0.464393 0.248386
vt 0.481815 0.320244
vt 0.464448 0.320297
vt 0.481815 0.320244
vt 0.464393 0.248386
vt 0.481859 0.342692
vt 0.464473 0.342705
vt 0.481891 0.414575
vt 0.464509 0.414549
vt 0.481891 0.414575
vt 0.464473 0.342705
vt 0.481153 0.905113
vt 0.499166 0.905437
vt 0.482206 0.722370
vt 0.500200 0.722669
vt 0.482206 0.722370
vt 0.499166 0.905437
vt 0.482168 0.697130
vt 0.500205 0.697315
vt 0.482114 0.625180
vt 0.500154 0.625356
vt 0.482114 0.625180
vt 0.500205 0.697315
vt 0.482024 0.602778
vt 0.500084 0.602889
vt 0.481997 0.530902
vt 0.500054 0.531014
vt 0.481997 0.530902
vt 0.500084 0.602889
vt 0.500835 0.040201
vt 0.482832 0.040227
vt 0.499806 0.222970
vt 0.481796 0.222979
vt 0.499806 0.222970
vt 0.482832 0.040227
vt 0.499803 0.248330
vt 0.481762 0.248279
vt 0.499850 0.320290
vt 0.481815 0.320244
vt 0.499850 0.320290
vt 0.481762 0.248279
vt 0.499919 0.342758
vt 0.481859 0.342692
vt 0.499946 0.414632
vt 0.481891 0.414575
vt 0.499946 0.414632
vt 0.481859 0.342692
vt 0.414786 0.903034
vt 0.418169 0.904119
vt 0.414591 0.719968
vt 0.417779 0.721040
vt 0.414591 0.719968
vt 0.418169 0.904119
vt 0.414297 0.694925
vt 0.417197 0.695165
vt 0.414125 0.623216
vt 0.417078 0.623699
vt 0.414125 0.623216
vt 0.417197 0.695165
vt 0.414102 0.601306
vt 0.417012 0.601420
vt 0.414028 0.529741
vt 0.416953 0.530053
vt 0.414028 0.529741
vt 0.417012 0.601420
vt 0.419958 0.040790
vt 0.416098 0.041970
vt 0.416858 0.223714
vt 0.414037 0.224906
vt 0.416858 0.223714
vt 0.416098 0.041970
vt 0.416955 0.249590
vt 0.414094 0.249883
vt 0.416863 0.321052
vt 0.413954 0.321556
vt 0.416863 0.321052
vt 0.414094 0.249883
vt 0.416927 0.343338
vt 0.414029 0.343436
vt 0.416888 0.414704
vt 0.413977 0.414997
vt 0.416888 0.414704
vt 0.414029 0.343436
vt 0.013351 0.901894
vt 0.015282 0.904332
vt 0.013351 0.042304
vt 0.015283 0.039873
vt 0.013351 0.042304
vt 0.015282 0.904332
vt 0.015282 0.904332
vt 0.024973 0.905149
vt 0.015283 0.039873
vt 0.024974 0.039066
vt 0.015283 0.039873
vt 0.024973 0.905149
vt 0.409254 0.044721
vt 0.404629 0.045240
vt 0.408195 0.227020
vt 0.404133 0.228007
vt 0.408195 0.227020
vt 0.404629 0.045240
vt 0.407967 0.250063
vt 0.403783 0.250764
vt 0.407834 0.322573
vt 0.403668 0.323067
vt 0.407834 0.322573
vt 0.403783 0.250764
vt 0.407893 0.343228
vt 0.403719 0.343557
vt 0.407852 0.415713
vt 0.403683 0.415831
vt 0.407852 0.415713
vt 0.403719 0.343557
vt 0.404260 0.899526
vt 0.408541 0.900021
vt 0.404016 0.716746
vt 0.408304 0.717830
vt 0.404016 0.716746
vt 0.408541 0.900021
vt 0.403891 0.693983
vt 0.408128 0.694727
vt 0.403756 0.621661
vt 0.407961 0.622202
vt 0.403756 0.621661
vt 0.408128 0.694727
vt 0.403758 0.601145
vt 0.407950 0.601492
vt 0.403712 0.528867
vt 0.407891 0.529000
vt 0.403712 0.528867
vt 0.407950 0.601492
vt -0.000000 0.884590
vt 0.013351 0.901894
vt 0.000000 0.059606
vt 0.013351 0.042304
vt 0.000000 0.059606
vt 0.013351 0.901894
vt 0.408234 0.512319
vt 0.409768 0.518740
vt 0.414175 0.511049
vt 0.414701 0.518934
vt 0.414175 0.511049
vt 0.409768 0.518740
vt 0.409748 0.425968
vt 0.408220 0.432382
vt 0.414680 0.425805
vt 0.414154 0.433686
vt 0.414680 0.425805
vt 0.408220 0.432382
vt 0.416842 0.510820
vt 0.416498 0.519022
vt 0.420500 0.511283
vt 0.419814 0.519111
vt 0.420500 0.511283
vt 0.416498 0.519022
vt 0.416470 0.425742
vt 0.416816 0.433954
vt 0.419774 0.425673
vt 0.420466 0.433521
vt 0.419774 0.425673
vt 0.416816 0.433954
vt 0.420500 0.511283
vt 0.419814 0.519111
vt 0.426735 0.511690
vt 0.426301 0.519247
vt 0.426735 0.511690
vt 0.419814 0.519111
vt 0.419774 0.425673
vt 0.420466 0.433521
vt 0.426255 0.425570
vt 0.426676 0.433215
vt 0.426255 0.425570
vt 0.420466 0.433521
vt 0.426735 0.511690
vt 0.426301 0.519247
vt 0.435024 0.511798
vt 0.434858 0.519443
vt 0.435024 0.511798
vt 0.426301 0.519247
vt 0.426255 0.425570
vt 0.426676 0.433215
vt 0.434808 0.425735
vt 0.434961 0.433307
vt 0.434808 0.425735
vt 0.426676 0.433215
vt 0.435024 0.511798
vt 0.434858 0.519443
vt 0.448311 0.511659
vt 0.448309 0.519551
vt 0.448311 0.511659
vt 0.434858 0.519443
vt 0.434808 0.425735
vt 0.434961 0.433307
vt 0.448254 0.425649
vt 0.448264 0.433541
vt 0.448254 0.425649
vt 0.434961 0.433307
vt 0.448311 0.511659
vt 0.448309 0.519551
vt 0.464639 0.511786
vt 0.464604 0.519673
vt 0.464639 0.511786
vt 0.448309 0.519551
vt 0.448254 0.425649
vt 0.448264 0.433541
vt 0.464547 0.425655
vt 0.464593 0.433546
vt 0.464547 0.425655
vt 0.448264 0.433541
vt 0.464639 0.511786
vt 0.464604 0.519673
vt 0.481986 0.511917
vt 0.481971 0.519784
vt 0.481986 0.511917
vt 0.464604 0.519673
vt 0.464547 0.425655
vt 0.464593 0.433546
vt 0.481912 0.425696
vt 0.481940 0.433567
vt 0.481912 0.425696
vt 0.464593 0.433546
vt 0.481986 0.511917
vt 0.481971 0.519784
vt 0.500023 0.511988
vt 0.500030 0.519878
vt 0.500023 0.511988
vt 0.481971 0.519784
vt 0.481912 0.425696
vt 0.481940 0.433567
vt 0.499970 0.425767
vt 0.499977 0.433657
vt 0.499970 0.425767
vt 0.481940 0.433567
vt 0.414175 0.511049
vt 0.414701 0.518934
vt 0.416842 0.510820
vt 0.416498 0.519022
vt 0.416842 0.510820
vt 0.414701 0.518934
vt 0.414680 0.425805
vt 0.414154 0.433686
vt 0.416470 0.425742
vt 0.416816 0.433954
vt 0.416470 0.425742
vt 0.414154 0.433686
vt 0.408220 0.432382
vt 0.409748 0.425968
vt 0.403698 0.432493
vt 0.403711 0.426043
vt 0.403698 0.432493
vt 0.409748 0.425968
vt 0.409768 0.518740
vt 0.408234 0.512319
vt 0.403726 0.518649
vt 0.403707 0.512197
vt 0.403726 0.518649
vt 0.408234 0.512319
vt 0.414622 0.714416
vt 0.415104 0.706271
vt 0.408580 0.711686
vt 0.410091 0.705407
vt 0.408580 0.711686
vt 0.415104 0.706271
vt 0.408568 0.698710
vt 0.410091 0.705407
vt 0.414525 0.698150
vt 0.415104 0.706271
vt 0.414525 0.698150
vt 0.410091 0.705407
vt 0.409833 0.611934
vt 0.408283 0.618315
vt 0.414782 0.612308
vt 0.414223 0.620240
vt 0.414782 0.612308
vt 0.408283 0.618315
vt 0.408335 0.605384
vt 0.409833 0.611934
vt 0.414266 0.604332
vt 0.414782 0.612308
vt 0.414266 0.604332
vt 0.409833 0.611934
vt 0.409768 0.518740
vt 0.408238 0.525133
vt 0.414701 0.518934
vt 0.414152 0.526814
vt 0.414701 0.518934
vt 0.408238 0.525133
vt 0.408356 0.233235
vt 0.409880 0.239473
vt 0.414127 0.230449
vt 0.414769 0.238550
vt 0.414127 0.230449
vt 0.409880 0.239473
vt 0.414287 0.246694
vt 0.414769 0.238550
vt 0.408382 0.246120
vt 0.409880 0.239473
vt 0.408382 0.246120
vt 0.414769 0.238550
vt 0.414675 0.332438
vt 0.414072 0.324520
vt 0.409748 0.332809
vt 0.408173 0.326451
vt 0.409748 0.332809
vt 0.414072 0.324520
vt 0.414180 0.340415
vt 0.414675 0.332438
vt 0.408266 0.339344
vt 0.409748 0.332809
vt 0.408266 0.339344
vt 0.414675 0.332438
vt 0.414680 0.425805
vt 0.414112 0.417926
vt 0.409748 0.425968
vt 0.408208 0.419576
vt 0.409748 0.425968
vt 0.414112 0.417926
vt 0.421185 0.715056
vt 0.420263 0.706890
vt 0.417464 0.715314
vt 0.416944 0.706665
vt 0.417464 0.715314
vt 0.420263 0.706890
vt 0.417161 0.698166
vt 0.416944 0.706665
vt 0.420814 0.698823
vt 0.420263 0.706890
vt 0.420814 0.698823
vt 0.416944 0.706665
vt 0.416589 0.612497
vt 0.416922 0.620804
vt 0.419908 0.612686
vt 0.420593 0.620622
vt 0.419908 0.612686
vt 0.416922 0.620804
vt 0.416925 0.604244
vt 0.416589 0.612497
vt 0.420589 0.604817
vt 0.419908 0.612686
vt 0.420589 0.604817
vt 0.416589 0.612497
vt 0.416498 0.519022
vt 0.416826 0.527247
vt 0.419814 0.519111
vt 0.420485 0.526962
vt 0.419814 0.519111
vt 0.416826 0.527247
vt 0.416724 0.229460
vt 0.416491 0.238144
vt 0.420352 0.229574
vt 0.419731 0.237810
vt 0.420352 0.229574
vt 0.416491 0.238144
vt 0.420461 0.245875
vt 0.419731 0.237810
vt 0.416875 0.246610
vt 0.416491 0.238144
vt 0.416875 0.246610
vt 0.419731 0.237810
vt 0.419750 0.332057
vt 0.420385 0.324111
vt 0.416456 0.332259
vt 0.416735 0.323944
vt 0.416456 0.332259
vt 0.420385 0.324111
vt 0.420463 0.339940
vt 0.419750 0.332057
vt 0.416823 0.340512
vt 0.416456 0.332259
vt 0.416823 0.340512
vt 0.419750 0.332057
vt 0.419774 0.425673
vt 0.420434 0.417801
vt 0.416470 0.425742
vt 0.416776 0.417509
vt 0.416470 0.425742
vt 0.420434 0.417801
vt 0.427372 0.714597
vt 0.426731 0.706903
vt 0.421185 0.715056
vt 0.420263 0.706890
vt 0.421185 0.715056
vt 0.426731 0.706903
vt 0.420814 0.698823
vt 0.420263 0.706890
vt 0.427054 0.699218
vt 0.426731 0.706903
vt 0.427054 0.699218
vt 0.420263 0.706890
vt 0.419908 0.612686
vt 0.420593 0.620622
vt 0.426390 0.612934
vt 0.426828 0.620620
vt 0.426390 0.612934
vt 0.420593 0.620622
vt 0.420589 0.604817
vt 0.419908 0.612686
vt 0.426830 0.605316
vt 0.426390 0.612934
vt 0.426830 0.605316
vt 0.419908 0.612686
vt 0.419814 0.519111
vt 0.420485 0.526962
vt 0.426301 0.519247
vt 0.426712 0.526905
vt 0.426301 0.519247
vt 0.420485 0.526962
vt 0.420352 0.229574
vt 0.419731 0.237810
vt 0.426584 0.229892
vt 0.426180 0.237563
vt 0.426584 0.229892
vt 0.419731 0.237810
vt 0.426623 0.245308
vt 0.426180 0.237563
vt 0.420461 0.245875
vt 0.419731 0.237810
vt 0.420461 0.245875
vt 0.426180 0.237563
vt 0.426224 0.331746
vt 0.426619 0.324111
vt 0.419750 0.332057
vt 0.420385 0.324111
vt 0.419750 0.332057
vt 0.426619 0.324111
vt 0.426654 0.339424
vt 0.426224 0.331746
vt 0.420463 0.339940
vt 0.419750 0.332057
vt 0.420463 0.339940
vt 0.426224 0.331746
vt 0.426255 0.425570
vt 0.426674 0.418008
vt 0.419774 0.425673
vt 0.420434 0.417801
vt 0.419774 0.425673
vt 0.426674 0.418008
vt 0.435550 0.714613
vt 0.435268 0.706964
vt 0.427372 0.714597
vt 0.426731 0.706903
vt 0.427372 0.714597
vt 0.435268 0.706964
vt 0.427054 0.699218
vt 0.426731 0.706903
vt 0.435355 0.699436
vt 0.435268 0.706964
vt 0.435355 0.699436
vt 0.426731 0.706903
vt 0.426390 0.612934
vt 0.426828 0.620620
vt 0.434951 0.613269
vt 0.435124 0.620891
vt 0.434951 0.613269
vt 0.426828 0.620620
vt 0.426830 0.605316
vt 0.426390 0.612934
vt 0.435120 0.605646
vt 0.434951 0.613269
vt 0.435120 0.605646
vt 0.426390 0.612934
vt 0.426301 0.519247
vt 0.426712 0.526905
vt 0.434858 0.519443
vt 0.435008 0.527025
vt 0.434858 0.519443
vt 0.426712 0.526905
vt 0.426584 0.229892
vt 0.426180 0.237563
vt 0.434870 0.229939
vt 0.434724 0.237694
vt 0.434870 0.229939
vt 0.426180 0.237563
vt 0.434881 0.245364
vt 0.434724 0.237694
vt 0.426623 0.245308
vt 0.426180 0.237563
vt 0.426623 0.245308
vt 0.434724 0.237694
vt 0.434768 0.331846
vt 0.434907 0.324118
vt 0.426224 0.331746
vt 0.426619 0.324111
vt 0.426224 0.331746
vt 0.434907 0.324118
vt 0.434924 0.339482
vt 0.434768 0.331846
vt 0.426654 0.339424
vt 0.426224 0.331746
vt 0.426654 0.339424
vt 0.434768 0.331846
vt 0.434808 0.425735
vt 0.434965 0.418072
vt 0.426255 0.425570
vt 0.426674 0.418008
vt 0.426255 0.425570
vt 0.434965 0.418072
vt 0.448714 0.715429
vt 0.448677 0.707495
vt 0.435550 0.714613
vt 0.435268 0.706964
vt 0.435550 0.714613
vt 0.448677 0.707495
vt 0.435355 0.699436
vt 0.435268 0.706964
vt 0.448643 0.699592
vt 0.448677 0.707495
vt 0.448643 0.699592
vt 0.435268 0.706964
vt 0.434951 0.613269
vt 0.435124 0.620891
vt 0.448410 0.613509
vt 0.448423 0.621423
vt 0.448410 0.613509
vt 0.435124 0.620891
vt 0.435120 0.605646
vt 0.434951 0.613269
vt 0.448407 0.605597
vt 0.448410 0.613509
vt 0.448407 0.605597
vt 0.434951 0.613269
vt 0.434858 0.519443
vt 0.435008 0.527025
vt 0.448309 0.519551
vt 0.448314 0.527442
vt 0.448309 0.519551
vt 0.435008 0.527025
vt 0.434870 0.229939
vt 0.434724 0.237694
vt 0.448141 0.229368
vt 0.448151 0.237349
vt 0.448141 0.229368
vt 0.434724 0.237694
vt 0.448168 0.245328
vt 0.448151 0.237349
vt 0.434881 0.245364
vt 0.434724 0.237694
vt 0.434881 0.245364
vt 0.448151 0.237349
vt 0.448199 0.331613
vt 0.448187 0.323668
vt 0.434768 0.331846
vt 0.434907 0.324118
vt 0.434768 0.331846
vt 0.448187 0.323668
vt 0.448217 0.339554
vt 0.448199 0.331613
vt 0.434924 0.339482
vt 0.434768 0.331846
vt 0.434924 0.339482
vt 0.448199 0.331613
vt 0.448254 0.425649
vt 0.448251 0.417754
vt 0.434808 0.425735
vt 0.434965 0.418072
vt 0.434808 0.425735
vt 0.448251 0.417754
vt 0.464952 0.716101
vt 0.464911 0.708098
vt 0.448714 0.715429
vt 0.448677 0.707495
vt 0.448714 0.715429
vt 0.464911 0.708098
vt 0.448643 0.699592
vt 0.448677 0.707495
vt 0.464936 0.700111
vt 0.464911 0.708098
vt 0.464936 0.700111
vt 0.448677 0.707495
vt 0.448410 0.613509
vt 0.448423 0.621423
vt 0.464702 0.613760
vt 0.464754 0.621681
vt 0.464702 0.613760
vt 0.448423 0.621423
vt 0.448407 0.605597
vt 0.448410 0.613509
vt 0.464732 0.605843
vt 0.464702 0.613760
vt 0.464732 0.605843
vt 0.448410 0.613509
vt 0.448309 0.519551
vt 0.448314 0.527442
vt 0.464604 0.519673
vt 0.464648 0.527561
vt 0.464604 0.519673
vt 0.448314 0.527442
vt 0.448141 0.229368
vt 0.448151 0.237349
vt 0.464452 0.228980
vt 0.464420 0.237010
vt 0.464452 0.228980
vt 0.448151 0.237349
vt 0.464469 0.245037
vt 0.464420 0.237010
vt 0.448168 0.245328
vt 0.448151 0.237349
vt 0.448168 0.245328
vt 0.464420 0.237010
vt 0.464482 0.331505
vt 0.464510 0.323563
vt 0.448199 0.331613
vt 0.448187 0.323668
vt 0.448199 0.331613
vt 0.464510 0.323563
vt 0.464533 0.339445
vt 0.464482 0.331505
vt 0.448217 0.339554
vt 0.448199 0.331613
vt 0.448217 0.339554
vt 0.464482 0.331505
vt 0.464547 0.425655
vt 0.464580 0.417764
vt 0.448254 0.425649
vt 0.448251 0.417754
vt 0.448254 0.425649
vt 0.464580 0.417764
vt 0.482236 0.716574
vt 0.482222 0.708546
vt 0.464952 0.716101
vt 0.464911 0.708098
vt 0.464952 0.716101
vt 0.482222 0.708546
vt 0.464936 0.700111
vt 0.464911 0.708098
vt 0.482237 0.700526
vt 0.482222 0.708546
vt 0.482237 0.700526
vt 0.464911 0.708098
vt 0.464702 0.613760
vt 0.464754 0.621681
vt 0.482064 0.613973
vt 0.482099 0.621885
vt 0.482064 0.613973
vt 0.464754 0.621681
vt 0.464732 0.605843
vt 0.464702 0.613760
vt 0.482074 0.606064
vt 0.482064 0.613973
vt 0.482074 0.606064
vt 0.464702 0.613760
vt 0.464604 0.519673
vt 0.464648 0.527561
vt 0.481971 0.519784
vt 0.481999 0.527653
vt 0.481971 0.519784
vt 0.464648 0.527561
vt 0.464452 0.228980
vt 0.464420 0.237010
vt 0.481776 0.228785
vt 0.481755 0.236827
vt 0.481776 0.228785
vt 0.464420 0.237010
vt 0.481781 0.244865
vt 0.481755 0.236827
vt 0.464469 0.245037
vt 0.464420 0.237010
vt 0.464469 0.245037
vt 0.481755 0.236827
vt 0.481838 0.331474
vt 0.481849 0.323550
vt 0.464482 0.331505
vt 0.464510 0.323563
vt 0.464482 0.331505
vt 0.481849 0.323550
vt 0.481870 0.339395
vt 0.481838 0.331474
vt 0.464533 0.339445
vt 0.464482 0.331505
vt 0.464533 0.339445
vt 0.481838 0.331474
vt 0.481912 0.425696
vt 0.481927 0.417826
vt 0.464547 0.425655
vt 0.464580 0.417764
vt 0.464547 0.425655
vt 0.481927 0.417826
vt 0.500227 0.716860
vt 0.500233 0.708791
vt 0.482236 0.716574
vt 0.482222 0.708546
vt 0.482236 0.716574
vt 0.500233 0.708791
vt 0.482237 0.700526
vt 0.482222 0.708546
vt 0.500229 0.700728
vt 0.500233 0.708791
vt 0.500229 0.700728
vt 0.482222 0.708546
vt 0.482064 0.613973
vt 0.482099 0.621885
vt 0.500115 0.614115
vt 0.500128 0.622058
vt 0.500115 0.614115
vt 0.482099 0.621885
vt 0.482074 0.606064
vt 0.482064 0.613973
vt 0.500104 0.606177
vt 0.500115 0.614115
vt 0.500104 0.606177
vt 0.482064 0.613973
vt 0.481971 0.519784
vt 0.481999 0.527653
vt 0.500030 0.519878
vt 0.500037 0.527770
vt 0.500030 0.519878
vt 0.481999 0.527653
vt 0.481776 0.228785
vt 0.481755 0.236827
vt 0.499780 0.228781
vt 0.499774 0.236852
vt 0.499780 0.228781
vt 0.481755 0.236827
vt 0.499778 0.244916
vt 0.499774 0.236852
vt 0.481781 0.244865
vt 0.481755 0.236827
vt 0.481781 0.244865
vt 0.499774 0.236852
vt 0.499888 0.331532
vt 0.499876 0.323589
vt 0.481838 0.331474
vt 0.481849 0.323550
vt 0.481838 0.331474
vt 0.499876 0.323589
vt 0.499899 0.339470
vt 0.499888 0.331532
vt 0.481870 0.339395
vt 0.481838 0.331474
vt 0.481870 0.339395
vt 0.499888 0.331532
vt 0.499970 0.425767
vt 0.499963 0.417876
vt 0.481912 0.425696
vt 0.481927 0.417826
vt 0.481912 0.425696
vt 0.499963 0.417876
vt 0.417464 0.715314
vt 0.416944 0.706665
vt 0.414622 0.714416
vt 0.415104 0.706271
vt 0.414622 0.714416
vt 0.416944 0.706665
vt 0.414525 0.698150
vt 0.415104 0.706271
vt 0.417161 0.698166
vt 0.416944 0.706665
vt 0.417161 0.698166
vt 0.415104 0.706271
vt 0.414782 0.612308
vt 0.414223 0.620240
vt 0.416589 0.612497
vt 0.416922 0.620804
vt 0.416589 0.612497
vt 0.414223 0.620240
vt 0.414266 0.604332
vt 0.414782 0.612308
vt 0.416925 0.604244
vt 0.416589 0.612497
vt 0.416925 0.604244
vt 0.414782 0.612308
vt 0.414701 0.518934
vt 0.414152 0.526814
vt 0.416498 0.519022
vt 0.416826 0.527247
vt 0.416498 0.519022
vt 0.414152 0.526814
vt 0.414127 0.230449
vt 0.414769 0.238550
vt 0.416724 0.229460
vt 0.416491 0.238144
vt 0.416724 0.229460
vt 0.414769 0.238550
vt 0.416875 0.246610
vt 0.416491 0.238144
vt 0.414287 0.246694
vt 0.414769 0.238550
vt 0.414287 0.246694
vt 0.416491 0.238144
vt 0.416456 0.332259
vt 0.416735 0.323944
vt 0.414675 0.332438
vt 0.414072 0.324520
vt 0.414675 0.332438
vt 0.416735 0.323944
vt 0.416823 0.340512
vt 0.416456 0.332259
vt 0.414180 0.340415
vt 0.414675 0.332438
vt 0.414180 0.340415
vt 0.416456 0.332259
vt 0.416470 0.425742
vt 0.416776 0.417509
vt 0.414680 0.425805
vt 0.414112 0.417926
vt 0.414680 0.425805
vt 0.416776 0.417509
vt 0.403860 0.234092
vt 0.403839 0.240555
vt 0.408356 0.233235
vt 0.409880 0.239473
vt 0.408356 0.233235
vt 0.403839 0.240555
vt 0.408382 0.246120
vt 0.409880 0.239473
vt 0.403867 0.247024
vt 0.403839 0.240555
vt 0.403867 0.247024
vt 0.409880 0.239473
vt 0.409748 0.332809
vt 0.408173 0.326451
vt 0.403720 0.333339
vt 0.403658 0.326832
vt 0.403720 0.333339
vt 0.408173 0.326451
vt 0.408266 0.339344
vt 0.409748 0.332809
vt 0.403758 0.339824
vt 0.403720 0.333339
vt 0.403758 0.339824
vt 0.409748 0.332809
vt 0.409748 0.425968
vt 0.408208 0.419576
vt 0.403711 0.426043
vt 0.403702 0.419567
vt 0.403711 0.426043
vt 0.408208 0.419576
vt 0.408580 0.711686
vt 0.410091 0.705407
vt 0.403920 0.710694
vt 0.403960 0.704232
vt 0.403920 0.710694
vt 0.410091 0.705407
vt 0.403993 0.697743
vt 0.403960 0.704232
vt 0.408568 0.698710
vt 0.410091 0.705407
vt 0.408568 0.698710
vt 0.403960 0.704232
vt 0.403779 0.611376
vt 0.403732 0.617888
vt 0.409833 0.611934
vt 0.408283 0.618315
vt 0.409833 0.611934
vt 0.403732 0.617888
vt 0.403807 0.604885
vt 0.403779 0.611376
vt 0.408335 0.605384
vt 0.409833 0.611934
vt 0.408335 0.605384
vt 0.403779 0.611376
vt 0.403726 0.518649
vt 0.403722 0.525128
vt 0.409768 0.518740
vt 0.408238 0.525133
vt 0.409768 0.518740
vt 0.403722 0.525128
vt 0.027083 0.036902
vt 0.027014 0.037325
vt 0.031978 0.037802
vt 0.031732 0.038189
vt 0.031978 0.037802
vt 0.027014 0.037325
vt 0.404384 0.033836
vt 0.403516 0.024381
vt 0.399673 0.032579
vt 0.398317 0.023286
vt 0.399673 0.032579
vt 0.403516 0.024381
vt 0.027118 0.038704
vt 0.028350 0.042114
vt 0.031766 0.039117
vt 0.032857 0.042129
vt 0.031766 0.039117
vt 0.028350 0.042114
vt 0.404640 0.041308
vt 0.404758 0.038880
vt 0.399880 0.041669
vt 0.400166 0.038274
vt 0.399880 0.041669
vt 0.404758 0.038880
vt 0.028802 0.020156
vt 0.033381 0.020869
vt 0.030772 0.017715
vt 0.035421 0.017953
vt 0.030772 0.017715
vt 0.033381 0.020869
vt 0.402795 0.020955
vt 0.402636 0.018127
vt 0.397682 0.020309
vt 0.397617 0.017831
vt 0.397682 0.020309
vt 0.402636 0.018127
vt 0.027014 0.037325
vt 0.027118 0.038704
vt 0.031732 0.038189
vt 0.031766 0.039117
vt 0.031732 0.038189
vt 0.027118 0.038704
vt 0.404758 0.038880
vt 0.404384 0.033836
vt 0.400166 0.038274
vt 0.399673 0.032579
vt 0.400166 0.038274
vt 0.404384 0.033836
vt 0.027083 0.036902
vt 0.031978 0.037802
vt 0.028802 0.020156
vt 0.033381 0.020869
vt 0.028802 0.020156
vt 0.031978 0.037802
vt 0.403516 0.024381
vt 0.402795 0.020955
vt 0.398317 0.023286
vt 0.397682 0.020309
vt 0.398317 0.023286
vt 0.402795 0.020955
vt 0.402636 0.018127
vt 0.402752 0.000769
vt 0.397617 0.017831
vt 0.397939 0.000595
vt 0.397617 0.017831
vt 0.402752 0.000769
vt 0.030772 0.017715
vt 0.035421 0.017953
vt 0.044163 0.000532
vt 0.048681 0.000554
vt 0.044163 0.000532
vt 0.035421 0.017953
vt 0.399141 0.508444
vt 0.403676 0.508481
vt 0.399140 0.436235
vt 0.403673 0.436209
vt 0.399140 0.436235
vt 0.403676 0.508481
vt 0.026332 0.907018
vt 0.031178 0.906517
vt 0.026367 0.906464
vt 0.031081 0.906231
vt 0.026367 0.906464
vt 0.031178 0.906517
vt 0.403579 0.910811
vt 0.398951 0.911750
vt 0.402470 0.920179
vt 0.397376 0.921012
vt 0.402470 0.920179
vt 0.398951 0.911750
vt 0.026693 0.905126
vt 0.031337 0.905400
vt 0.028281 0.902143
vt 0.032726 0.902466
vt 0.028281 0.902143
vt 0.031337 0.905400
vt 0.404265 0.903458
vt 0.399653 0.902904
vt 0.404139 0.905866
vt 0.399673 0.906134
vt 0.404139 0.905866
vt 0.399653 0.902904
vt 0.027744 0.923956
vt 0.029676 0.926539
vt 0.032350 0.923445
vt 0.034324 0.926381
vt 0.032350 0.923445
vt 0.029676 0.926539
vt 0.401675 0.923584
vt 0.396631 0.924003
vt 0.401465 0.926426
vt 0.396506 0.926516
vt 0.401465 0.926426
vt 0.396631 0.924003
vt 0.026367 0.906464
vt 0.031081 0.906231
vt 0.026693 0.905126
vt 0.031337 0.905400
vt 0.026693 0.905126
vt 0.031081 0.906231
vt 0.404139 0.905866
vt 0.399673 0.906134
vt 0.403579 0.910811
vt 0.398951 0.911750
vt 0.403579 0.910811
vt 0.399673 0.906134
vt 0.026332 0.907018
vt 0.027744 0.923956
vt 0.031178 0.906517
vt 0.032350 0.923445
vt 0.031178 0.906517
vt 0.027744 0.923956
vt 0.402470 0.920179
vt 0.397376 0.921012
vt 0.401675 0.923584
vt 0.396631 0.924003
vt 0.401675 0.923584
vt 0.397376 0.921012
vt 0.401497 0.943800
vt 0.401465 0.926426
vt 0.396741 0.943775
vt 0.396506 0.926516
vt 0.396741 0.943775
vt 0.401465 0.926426
vt 0.029676 0.926539
vt 0.043059 0.943770
vt 0.034324 0.926381
vt 0.047563 0.943768
vt 0.034324 0.926381
vt 0.043059 0.943770
vt 0.399420 0.228754
vt 0.404133 0.228007
vt 0.399871 0.045609
vt 0.404629 0.045240
vt 0.399871 0.045609
vt 0.404133 0.228007
vt 0.028350 0.042114
vt 0.028281 0.902143
vt 0.032857 0.042129
vt 0.032726 0.902466
vt 0.032857 0.042129
vt 0.028281 0.902143
vt 0.399139 0.323613
vt 0.403668 0.323067
vt 0.399210 0.251427
vt 0.403783 0.250764
vt 0.399210 0.251427
vt 0.403668 0.323067
vt 0.399146 0.416029
vt 0.403683 0.415831
vt 0.399170 0.343859
vt 0.403719 0.343557
vt 0.399170 0.343859
vt 0.403683 0.415831
vt 0.399646 0.898966
vt 0.404260 0.899526
vt 0.399338 0.715908
vt 0.404016 0.716746
vt 0.399338 0.715908
vt 0.404260 0.899526
vt 0.399266 0.693268
vt 0.403891 0.693983
vt 0.399183 0.621079
vt 0.403756 0.621661
vt 0.399183 0.621079
vt 0.403891 0.693983
vt 0.399191 0.600821
vt 0.403758 0.601145
vt 0.399161 0.528652
vt 0.403712 0.528867
vt 0.399161 0.528652
vt 0.403758 0.601145
vt 0.403698 0.432493
vt 0.403711 0.426043
vt 0.399145 0.432565
vt 0.399144 0.426121
vt 0.399145 0.432565
vt 0.403711 0.426043
vt 0.403726 0.518649
vt 0.403707 0.512197
vt 0.399152 0.518559
vt 0.399150 0.512113
vt 0.399152 0.518559
vt 0.403707 0.512197
vt 0.403839 0.240555
vt 0.403860 0.234092
vt 0.399224 0.241371
vt 0.399249 0.234931
vt 0.399224 0.241371
vt 0.403860 0.234092
vt 0.403867 0.247024
vt 0.403839 0.240555
vt 0.399251 0.247851
vt 0.399224 0.241371
vt 0.399251 0.247851
vt 0.403839 0.240555
vt 0.403720 0.333339
vt 0.403658 0.326832
vt 0.399155 0.333797
vt 0.399124 0.327366
vt 0.399155 0.333797
vt 0.403658 0.326832
vt 0.403758 0.339824
vt 0.403720 0.333339
vt 0.399186 0.340246
vt 0.399155 0.333797
vt 0.399186 0.340246
vt 0.403720 0.333339
vt 0.403711 0.426043
vt 0.403702 0.419567
vt 0.399144 0.426121
vt 0.399152 0.419699
vt 0.399144 0.426121
vt 0.403702 0.419567
vt 0.403920 0.710694
vt 0.403960 0.704232
vt 0.399256 0.709725
vt 0.399281 0.703308
vt 0.399256 0.709725
vt 0.403960 0.704232
vt 0.403960 0.704232
vt 0.403993 0.697743
vt 0.399281 0.703308
vt 0.399316 0.696838
vt 0.399281 0.703308
vt 0.403993 0.697743
vt 0.403732 0.617888
vt 0.403779 0.611376
vt 0.399161 0.617320
vt 0.399185 0.610888
vt 0.399161 0.617320
vt 0.403779 0.611376
vt 0.403779 0.611376
vt 0.403807 0.604885
vt 0.399185 0.610888
vt 0.399211 0.604435
vt 0.399185 0.610888
vt 0.403807 0.604885
vt 0.403722 0.525128
vt 0.403726 0.518649
vt 0.399163 0.524981
vt 0.399152 0.518559
vt 0.399163 0.524981
vt 0.403726 0.518649
vt 0.403707 0.512197
vt 0.403676 0.510036
vt 0.399150 0.512113
vt 0.399141 0.509997
vt 0.399150 0.512113
vt 0.403676 0.510036
vt 0.414175 0.511049
vt 0.414019 0.509668
vt 0.408234 0.512319
vt 0.407864 0.510091
vt 0.408234 0.512319
vt 0.414019 0.509668
vt 0.408220 0.432382
vt 0.407856 0.434613
vt 0.414154 0.433686
vt 0.414008 0.435069
vt 0.414154 0.433686
vt 0.407856 0.434613
vt 0.420500 0.511283
vt 0.420803 0.509796
vt 0.416842 0.510820
vt 0.416938 0.509583
vt 0.416842 0.510820
vt 0.420803 0.509796
vt 0.416816 0.433954
vt 0.416926 0.435197
vt 0.420466 0.433521
vt 0.420787 0.435037
vt 0.420466 0.433521
vt 0.416926 0.435197
vt 0.426735 0.511690
vt 0.426972 0.509990
vt 0.420500 0.511283
vt 0.420803 0.509796
vt 0.420500 0.511283
vt 0.426972 0.509990
vt 0.420466 0.433521
vt 0.420787 0.435037
vt 0.426676 0.433215
vt 0.426952 0.434974
vt 0.426676 0.433215
vt 0.420787 0.435037
vt 0.435024 0.511798
vt 0.434991 0.510033
vt 0.426735 0.511690
vt 0.426972 0.509990
vt 0.426735 0.511690
vt 0.434991 0.510033
vt 0.426676 0.433215
vt 0.426952 0.434974
vt 0.434961 0.433307
vt 0.434968 0.435026
vt 0.434961 0.433307
vt 0.426952 0.434974
vt 0.448311 0.511659
vt 0.448161 0.510033
vt 0.435024 0.511798
vt 0.434991 0.510033
vt 0.435024 0.511798
vt 0.448161 0.510033
vt 0.434961 0.433307
vt 0.434968 0.435026
vt 0.448264 0.433541
vt 0.448137 0.435163
vt 0.448264 0.433541
vt 0.434968 0.435026
vt 0.464639 0.511786
vt 0.464560 0.510122
vt 0.448311 0.511659
vt 0.448161 0.510033
vt 0.448311 0.511659
vt 0.464560 0.510122
vt 0.448264 0.433541
vt 0.448137 0.435163
vt 0.464593 0.433546
vt 0.464540 0.435213
vt 0.464593 0.433546
vt 0.448137 0.435163
vt 0.481986 0.511917
vt 0.481947 0.510217
vt 0.464639 0.511786
vt 0.464560 0.510122
vt 0.464639 0.511786
vt 0.481947 0.510217
vt 0.464593 0.433546
vt 0.464540 0.435213
vt 0.481940 0.433567
vt 0.481930 0.435268
vt 0.481940 0.433567
vt 0.464540 0.435213
vt 0.500023 0.511988
vt 0.500008 0.510293
vt 0.481986 0.511917
vt 0.481947 0.510217
vt 0.481986 0.511917
vt 0.500008 0.510293
vt 0.481940 0.433567
vt 0.481930 0.435268
vt 0.499977 0.433657
vt 0.499992 0.435351
vt 0.499977 0.433657
vt 0.481930 0.435268
vt 0.416842 0.510820
vt 0.416938 0.509583
vt 0.414175 0.511049
vt 0.414019 0.509668
vt 0.414175 0.511049
vt 0.416938 0.509583
vt 0.414154 0.433686
vt 0.414008 0.435069
vt 0.416816 0.433954
vt 0.416926 0.435197
vt 0.416816 0.433954
vt 0.414008 0.435069
vt 0.403698 0.432493
vt 0.403673 0.434654
vt 0.408220 0.432382
vt 0.407856 0.434613
vt 0.408220 0.432382
vt 0.403673 0.434654
vt 0.408234 0.512319
vt 0.407864 0.510091
vt 0.403707 0.512197
vt 0.403676 0.510036
vt 0.403707 0.512197
vt 0.407864 0.510091
vt 0.403860 0.234092
vt 0.404123 0.231939
vt 0.399249 0.234931
vt 0.399410 0.232694
vt 0.399249 0.234931
vt 0.404123 0.231939
vt 0.403658 0.326832
vt 0.403666 0.324623
vt 0.399124 0.327366
vt 0.399137 0.325166
vt 0.399124 0.327366
vt 0.403666 0.324623
vt 0.403702 0.419567
vt 0.403682 0.417385
vt 0.399152 0.419699
vt 0.399146 0.417582
vt 0.399152 0.419699
vt 0.403682 0.417385
vt 0.403993 0.697743
vt 0.403894 0.695539
vt 0.399316 0.696838
vt 0.399268 0.694821
vt 0.399316 0.696838
vt 0.403894 0.695539
vt 0.403807 0.604885
vt 0.403759 0.602700
vt 0.399211 0.604435
vt 0.399191 0.602374
vt 0.399211 0.604435
vt 0.403759 0.602700
vt 0.408580 0.711686
vt 0.408299 0.713911
vt 0.414622 0.714416
vt 0.414587 0.716029
vt 0.414622 0.714416
vt 0.408299 0.713911
vt 0.414525 0.698150
vt 0.414301 0.696468
vt 0.408568 0.698710
vt 0.408132 0.696287
vt 0.408568 0.698710
vt 0.414301 0.696468
vt 0.408283 0.618315
vt 0.407958 0.620642
vt 0.414223 0.620240
vt 0.414121 0.621674
vt 0.414223 0.620240
vt 0.407958 0.620642
vt 0.414266 0.604332
vt 0.414103 0.602845
vt 0.408335 0.605384
vt 0.407952 0.603051
vt 0.408335 0.605384
vt 0.414103 0.602845
vt 0.408238 0.525133
vt 0.407890 0.527441
vt 0.414152 0.526814
vt 0.414026 0.528201
vt 0.414152 0.526814
vt 0.407890 0.527441
vt 0.414127 0.230449
vt 0.413992 0.228841
vt 0.408356 0.233235
vt 0.408173 0.230941
vt 0.408356 0.233235
vt 0.413992 0.228841
vt 0.408382 0.246120
vt 0.407970 0.248503
vt 0.414287 0.246694
vt 0.414097 0.248341
vt 0.414287 0.246694
vt 0.407970 0.248503
vt 0.414072 0.324520
vt 0.413951 0.323098
vt 0.408173 0.326451
vt 0.407832 0.324133
vt 0.408173 0.326451
vt 0.413951 0.323098
vt 0.408266 0.339344
vt 0.407894 0.341669
vt 0.414180 0.340415
vt 0.414030 0.341896
vt 0.414180 0.340415
vt 0.407894 0.341669
vt 0.414112 0.417926
vt 0.413976 0.416536
vt 0.408208 0.419576
vt 0.407851 0.417273
vt 0.408208 0.419576
vt 0.413976 0.416536
vt 0.417464 0.715314
vt 0.417771 0.717101
vt 0.421185 0.715056
vt 0.421797 0.716952
vt 0.421185 0.715056
vt 0.417771 0.717101
vt 0.420814 0.698823
vt 0.421058 0.697160
vt 0.417161 0.698166
vt 0.417199 0.696702
vt 0.417161 0.698166
vt 0.421058 0.697160
vt 0.416922 0.620804
vt 0.417075 0.622162
vt 0.420593 0.620622
vt 0.420962 0.622247
vt 0.420593 0.620622
vt 0.417075 0.622162
vt 0.420589 0.604817
vt 0.420875 0.603304
vt 0.416925 0.604244
vt 0.417013 0.602955
vt 0.416925 0.604244
vt 0.420875 0.603304
vt 0.416826 0.527247
vt 0.416952 0.528518
vt 0.420485 0.526962
vt 0.420823 0.528506
vt 0.420485 0.526962
vt 0.416952 0.528518
vt 0.420352 0.229574
vt 0.420664 0.227637
vt 0.416724 0.229460
vt 0.416792 0.227649
vt 0.416724 0.229460
vt 0.420664 0.227637
vt 0.416875 0.246610
vt 0.416957 0.248053
vt 0.420461 0.245875
vt 0.420765 0.247559
vt 0.420461 0.245875
vt 0.416957 0.248053
vt 0.420385 0.324111
vt 0.420716 0.322482
vt 0.416735 0.323944
vt 0.416861 0.322589
vt 0.416735 0.323944
vt 0.420716 0.322482
vt 0.416823 0.340512
vt 0.416928 0.341803
vt 0.420463 0.339940
vt 0.420771 0.341485
vt 0.420463 0.339940
vt 0.416928 0.341803
vt 0.420434 0.417801
vt 0.420752 0.416273
vt 0.416776 0.417509
vt 0.416887 0.416240
vt 0.416776 0.417509
vt 0.420752 0.416273
vt 0.421185 0.715056
vt 0.421797 0.716952
vt 0.427372 0.714597
vt 0.427871 0.716453
vt 0.427372 0.714597
vt 0.421797 0.716952
vt 0.427054 0.699218
vt 0.427234 0.697454
vt 0.420814 0.698823
vt 0.421058 0.697160
vt 0.420814 0.698823
vt 0.427234 0.697454
vt 0.420593 0.620622
vt 0.420962 0.622247
vt 0.426828 0.620620
vt 0.427143 0.622414
vt 0.426828 0.620620
vt 0.420962 0.622247
vt 0.426830 0.605316
vt 0.427051 0.603612
vt 0.420589 0.604817
vt 0.420875 0.603304
vt 0.420589 0.604817
vt 0.427051 0.603612
vt 0.420485 0.526962
vt 0.420823 0.528506
vt 0.426712 0.526905
vt 0.427001 0.528648
vt 0.426712 0.526905
vt 0.420823 0.528506
vt 0.426584 0.229892
vt 0.426840 0.228048
vt 0.420352 0.229574
vt 0.420664 0.227637
vt 0.420352 0.229574
vt 0.426840 0.228048
vt 0.420461 0.245875
vt 0.420765 0.247559
vt 0.426623 0.245308
vt 0.426889 0.247216
vt 0.426623 0.245308
vt 0.420765 0.247559
vt 0.426619 0.324111
vt 0.426876 0.322335
vt 0.420385 0.324111
vt 0.420716 0.322482
vt 0.420385 0.324111
vt 0.426876 0.322335
vt 0.420463 0.339940
vt 0.420771 0.341485
vt 0.426654 0.339424
vt 0.426921 0.341244
vt 0.426654 0.339424
vt 0.420771 0.341485
vt 0.426674 0.418008
vt 0.426922 0.416300
vt 0.420434 0.417801
vt 0.420752 0.416273
vt 0.420434 0.417801
vt 0.426922 0.416300
vt 0.427372 0.714597
vt 0.427871 0.716453
vt 0.435550 0.714613
vt 0.435669 0.716430
vt 0.435550 0.714613
vt 0.427871 0.716453
vt 0.435355 0.699436
vt 0.435266 0.697725
vt 0.427054 0.699218
vt 0.427234 0.697454
vt 0.427054 0.699218
vt 0.435266 0.697725
vt 0.426828 0.620620
vt 0.427143 0.622414
vt 0.435124 0.620891
vt 0.435166 0.622688
vt 0.435124 0.620891
vt 0.427143 0.622414
vt 0.435120 0.605646
vt 0.435073 0.603853
vt 0.426830 0.605316
vt 0.427051 0.603612
vt 0.426830 0.605316
vt 0.435073 0.603853
vt 0.426712 0.526905
vt 0.427001 0.528648
vt 0.435008 0.527025
vt 0.435028 0.528780
vt 0.435008 0.527025
vt 0.427001 0.528648
vt 0.434870 0.229939
vt 0.434870 0.228108
vt 0.426584 0.229892
vt 0.426840 0.228048
vt 0.426584 0.229892
vt 0.434870 0.228108
vt 0.426623 0.245308
vt 0.426889 0.247216
vt 0.434881 0.245364
vt 0.434872 0.247152
vt 0.434881 0.245364
vt 0.426889 0.247216
vt 0.434907 0.324118
vt 0.434894 0.322253
vt 0.426619 0.324111
vt 0.426876 0.322335
vt 0.426619 0.324111
vt 0.434894 0.322253
vt 0.426654 0.339424
vt 0.426921 0.341244
vt 0.434924 0.339482
vt 0.434921 0.341228
vt 0.434924 0.339482
vt 0.426921 0.341244
vt 0.434965 0.418072
vt 0.434943 0.416269
vt 0.426674 0.418008
vt 0.426922 0.416300
vt 0.426674 0.418008
vt 0.434943 0.416269
vt 0.435550 0.714613
vt 0.435669 0.716430
vt 0.448714 0.715429
vt 0.448655 0.717111
vt 0.448714 0.715429
vt 0.435669 0.716430
vt 0.448643 0.699592
vt 0.448432 0.697960
vt 0.435355 0.699436
vt 0.435266 0.697725
vt 0.435355 0.699436
vt 0.448432 0.697960
vt 0.435124 0.620891
vt 0.435166 0.622688
vt 0.448423 0.621423
vt 0.448336 0.623073
vt 0.448423 0.621423
vt 0.435166 0.622688
vt 0.448407 0.605597
vt 0.448240 0.603949
vt 0.435120 0.605646
vt 0.435073 0.603853
vt 0.435120 0.605646
vt 0.448240 0.603949
vt 0.435008 0.527025
vt 0.435028 0.528780
vt 0.448314 0.527442
vt 0.448202 0.529067
vt 0.448314 0.527442
vt 0.435028 0.528780
vt 0.448141 0.229368
vt 0.448042 0.227658
vt 0.434870 0.229939
vt 0.434870 0.228108
vt 0.434870 0.229939
vt 0.448042 0.227658
vt 0.434881 0.245364
vt 0.434872 0.247152
vt 0.448168 0.245328
vt 0.448013 0.247042
vt 0.448168 0.245328
vt 0.434872 0.247152
vt 0.448187 0.323668
vt 0.448061 0.321986
vt 0.434907 0.324118
vt 0.434894 0.322253
vt 0.434907 0.324118
vt 0.448061 0.321986
vt 0.434924 0.339482
vt 0.434921 0.341228
vt 0.448217 0.339554
vt 0.448078 0.341224
vt 0.448217 0.339554
vt 0.434921 0.341228
vt 0.448251 0.417754
vt 0.448114 0.416121
vt 0.434965 0.418072
vt 0.434943 0.416269
vt 0.434965 0.418072
vt 0.448114 0.416121
vt 0.448714 0.715429
vt 0.448655 0.717111
vt 0.464952 0.716101
vt 0.464930 0.717886
vt 0.464952 0.716101
vt 0.448655 0.717111
vt 0.464936 0.700111
vt 0.464807 0.698351
vt 0.448643 0.699592
vt 0.448432 0.697960
vt 0.448643 0.699592
vt 0.464807 0.698351
vt 0.448423 0.621423
vt 0.448336 0.623073
vt 0.464754 0.621681
vt 0.464737 0.623378
vt 0.464754 0.621681
vt 0.448336 0.623073
vt 0.464732 0.605843
vt 0.464637 0.604149
vt 0.448407 0.605597
vt 0.448240 0.603949
vt 0.448407 0.605597
vt 0.464637 0.604149
vt 0.448314 0.527442
vt 0.448202 0.529067
vt 0.464648 0.527561
vt 0.464607 0.529226
vt 0.464648 0.527561
vt 0.448202 0.529067
vt 0.464452 0.228980
vt 0.464422 0.227175
vt 0.448141 0.229368
vt 0.448042 0.227658
vt 0.448141 0.229368
vt 0.464422 0.227175
vt 0.448168 0.245328
vt 0.448013 0.247042
vt 0.464469 0.245037
vt 0.464391 0.246839
vt 0.464469 0.245037
vt 0.448013 0.247042
vt 0.464510 0.323563
vt 0.464449 0.321844
vt 0.448187 0.323668
vt 0.448061 0.321986
vt 0.448187 0.323668
vt 0.464449 0.321844
vt 0.448217 0.339554
vt 0.448078 0.341224
vt 0.464533 0.339445
vt 0.464472 0.341159
vt 0.464533 0.339445
vt 0.448078 0.341224
vt 0.464580 0.417764
vt 0.464510 0.416095
vt 0.448251 0.417754
vt 0.448114 0.416121
vt 0.448251 0.417754
vt 0.464510 0.416095
vt 0.464952 0.716101
vt 0.464930 0.717886
vt 0.482236 0.716574
vt 0.482229 0.718439
vt 0.482236 0.716574
vt 0.464930 0.717886
vt 0.482237 0.700526
vt 0.482169 0.698678
vt 0.464936 0.700111
vt 0.464807 0.698351
vt 0.464936 0.700111
vt 0.482169 0.698678
vt 0.464754 0.621681
vt 0.464737 0.623378
vt 0.482099 0.621885
vt 0.482113 0.623633
vt 0.482099 0.621885
vt 0.464737 0.623378
vt 0.482074 0.606064
vt 0.482024 0.604325
vt 0.464732 0.605843
vt 0.464637 0.604149
vt 0.464732 0.605843
vt 0.482024 0.604325
vt 0.464648 0.527561
vt 0.464607 0.529226
vt 0.481999 0.527653
vt 0.481996 0.529356
vt 0.481999 0.527653
vt 0.464607 0.529226
vt 0.481776 0.228785
vt 0.481774 0.226910
vt 0.464452 0.228980
vt 0.464422 0.227175
vt 0.464452 0.228980
vt 0.481774 0.226910
vt 0.464469 0.245037
vt 0.464391 0.246839
vt 0.481781 0.244865
vt 0.481761 0.246731
vt 0.481781 0.244865
vt 0.464391 0.246839
vt 0.481849 0.323550
vt 0.481816 0.321792
vt 0.464510 0.323563
vt 0.464449 0.321844
vt 0.464510 0.323563
vt 0.481816 0.321792
vt 0.464533 0.339445
vt 0.464472 0.341159
vt 0.481870 0.339395
vt 0.481858 0.341146
vt 0.481870 0.339395
vt 0.464472 0.341159
vt 0.481927 0.417826
vt 0.481892 0.416121
vt 0.464580 0.417764
vt 0.464510 0.416095
vt 0.464580 0.417764
vt 0.481892 0.416121
vt 0.482236 0.716574
vt 0.482229 0.718439
vt 0.500227 0.716860
vt 0.500222 0.718737
vt 0.500227 0.716860
vt 0.482229 0.718439
vt 0.500229 0.700728
vt 0.500206 0.698863
vt 0.482237 0.700526
vt 0.482169 0.698678
vt 0.482237 0.700526
vt 0.500206 0.698863
vt 0.482099 0.621885
vt 0.482113 0.623633
vt 0.500128 0.622058
vt 0.500153 0.623808
vt 0.500128 0.622058
vt 0.482113 0.623633
vt 0.500104 0.606177
vt 0.500084 0.604435
vt 0.482074 0.606064
vt 0.482024 0.604325
vt 0.482074 0.606064
vt 0.500084 0.604435
vt 0.481999 0.527653
vt 0.481996 0.529356
vt 0.500037 0.527770
vt 0.500054 0.529468
vt 0.500037 0.527770
vt 0.481996 0.529356
vt 0.499780 0.228781
vt 0.499784 0.226902
vt 0.481776 0.228785
vt 0.481774 0.226910
vt 0.481776 0.228785
vt 0.499784 0.226902
vt 0.481781 0.244865
vt 0.481761 0.246731
vt 0.499778 0.244916
vt 0.499802 0.246782
vt 0.499778 0.244916
vt 0.481761 0.246731
vt 0.499876 0.323589
vt 0.499851 0.321838
vt 0.481849 0.323550
vt 0.481816 0.321792
vt 0.481849 0.323550
vt 0.499851 0.321838
vt 0.481870 0.339395
vt 0.481858 0.341146
vt 0.499899 0.339470
vt 0.499918 0.341211
vt 0.499899 0.339470
vt 0.481858 0.341146
vt 0.499963 0.417876
vt 0.499946 0.416178
vt 0.481927 0.417826
vt 0.481892 0.416121
vt 0.481927 0.417826
vt 0.499946 0.416178
vt 0.414622 0.714416
vt 0.414587 0.716029
vt 0.417464 0.715314
vt 0.417771 0.717101
vt 0.417464 0.715314
vt 0.414587 0.716029
vt 0.417161 0.698166
vt 0.417199 0.696702
vt 0.414525 0.698150
vt 0.414301 0.696468
vt 0.414525 0.698150
vt 0.417199 0.696702
vt 0.414223 0.620240
vt 0.414121 0.621674
vt 0.416922 0.620804
vt 0.417075 0.622162
vt 0.416922 0.620804
vt 0.414121 0.621674
vt 0.416925 0.604244
vt 0.417013 0.602955
vt 0.414266 0.604332
vt 0.414103 0.602845
vt 0.414266 0.604332
vt 0.417013 0.602955
vt 0.414152 0.526814
vt 0.414026 0.528201
vt 0.416826 0.527247
vt 0.416952 0.528518
vt 0.416826 0.527247
vt 0.414026 0.528201
vt 0.416724 0.229460
vt 0.416792 0.227649
vt 0.414127 0.230449
vt 0.413992 0.228841
vt 0.414127 0.230449
vt 0.416792 0.227649
vt 0.414287 0.246694
vt 0.414097 0.248341
vt 0.416875 0.246610
vt 0.416957 0.248053
vt 0.416875 0.246610
vt 0.414097 0.248341
vt 0.416735 0.323944
vt 0.416861 0.322589
vt 0.414072 0.324520
vt 0.413951 0.323098
vt 0.414072 0.324520
vt 0.416861 0.322589
vt 0.414180 0.340415
vt 0.414030 0.341896
vt 0.416823 0.340512
vt 0.416928 0.341803
vt 0.416823 0.340512
vt 0.414030 0.341896
vt 0.416776 0.417509
vt 0.416887 0.416240
vt 0.414112 0.417926
vt 0.413976 0.416536
vt 0.414112 0.417926
vt 0.416887 0.416240
vt 0.408356 0.233235
vt 0.408173 0.230941
vt 0.403860 0.234092
vt 0.404123 0.231939
vt 0.403860 0.234092
vt 0.408173 0.230941
vt 0.403867 0.247024
vt 0.403785 0.249208
vt 0.408382 0.246120
vt 0.407970 0.248503
vt 0.408382 0.246120
vt 0.403785 0.249208
vt 0.408173 0.326451
vt 0.407832 0.324133
vt 0.403658 0.326832
vt 0.403666 0.324623
vt 0.403658 0.326832
vt 0.407832 0.324133
vt 0.403758 0.339824
vt 0.403720 0.342002
vt 0.408266 0.339344
vt 0.407894 0.341669
vt 0.408266 0.339344
vt 0.403720 0.342002
vt 0.408208 0.419576
vt 0.407851 0.417273
vt 0.403702 0.419567
vt 0.403682 0.417385
vt 0.403702 0.419567
vt 0.407851 0.417273
vt 0.403920 0.710694
vt 0.404010 0.712814
vt 0.408580 0.711686
vt 0.408299 0.713911
vt 0.408580 0.711686
vt 0.404010 0.712814
vt 0.408568 0.698710
vt 0.408132 0.696287
vt 0.403993 0.697743
vt 0.403894 0.695539
vt 0.403993 0.697743
vt 0.408132 0.696287
vt 0.403732 0.617888
vt 0.403753 0.620105
vt 0.408283 0.618315
vt 0.407958 0.620642
vt 0.408283 0.618315
vt 0.403753 0.620105
vt 0.408335 0.605384
vt 0.407952 0.603051
vt 0.403807 0.604885
vt 0.403759 0.602700
vt 0.403807 0.604885
vt 0.407952 0.603051
vt 0.403722 0.525128
vt 0.403711 0.527312
vt 0.408238 0.525133
vt 0.407890 0.527441
vt 0.408238 0.525133
vt 0.403711 0.527312
vt 0.399145 0.432565
vt 0.399140 0.434681
vt 0.403698 0.432493
vt 0.403673 0.434654
vt 0.403698 0.432493
vt 0.399140 0.434681
vt 0.399251 0.247851
vt 0.399212 0.249874
vt 0.403867 0.247024
vt 0.403785 0.249208
vt 0.403867 0.247024
vt 0.399212 0.249874
vt 0.399186 0.340246
vt 0.399171 0.342306
vt 0.403758 0.339824
vt 0.403720 0.342002
vt 0.403758 0.339824
vt 0.399171 0.342306
vt 0.399256 0.709725
vt 0.399331 0.711970
vt 0.403920 0.710694
vt 0.404010 0.712814
vt 0.403920 0.710694
vt 0.399331 0.711970
vt 0.399161 0.617320
vt 0.399182 0.619526
vt 0.403732 0.617888
vt 0.403753 0.620105
vt 0.403732 0.617888
vt 0.399182 0.619526
vt 0.399163 0.524981
vt 0.399161 0.527099
vt 0.403722 0.525128
vt 0.403711 0.527312
vt 0.403722 0.525128
vt 0.399161 0.527099
vt 0.601047 0.033811
vt 0.968918 0.039330
vt 0.602621 0.024547
vt 0.968820 0.039043
vt 0.602621 0.024547
vt 0.968918 0.039330
vt 0.592919 0.029309
vt 0.587236 0.023552
vt 0.592010 0.036465
vt 0.586200 0.030167
vt 0.592010 0.036465
vt 0.587236 0.023552
vt 0.581430 0.029482
vt 0.586200 0.030167
vt 0.581457 0.023552
vt 0.587236 0.023552
vt 0.581457 0.023552
vt 0.586200 0.030167
vt 0.575176 0.025615
vt 0.569192 0.028361
vt 0.575987 0.030904
vt 0.570080 0.033007
vt 0.575987 0.030904
vt 0.569192 0.028361
vt 0.569192 0.028361
vt 0.564333 0.028169
vt 0.570080 0.033007
vt 0.564386 0.034214
vt 0.570080 0.033007
vt 0.564333 0.028169
vt 0.564333 0.028169
vt 0.551695 0.027912
vt 0.564386 0.034214
vt 0.551943 0.032804
vt 0.564386 0.034214
vt 0.551695 0.027912
vt 0.551695 0.027912
vt 0.535434 0.027429
vt 0.551943 0.032804
vt 0.535863 0.031994
vt 0.551943 0.032804
vt 0.535434 0.027429
vt 0.535434 0.027429
vt 0.518498 0.027052
vt 0.535863 0.031994
vt 0.518743 0.031436
vt 0.535863 0.031994
vt 0.518498 0.027052
vt 0.518498 0.027052
vt 0.500872 0.026788
vt 0.518743 0.031436
vt 0.500869 0.031102
vt 0.518743 0.031436
vt 0.500872 0.026788
vt 0.600348 0.042660
vt 0.967275 0.043098
vt 0.600327 0.039429
vt 0.968663 0.040162
vt 0.600327 0.039429
vt 0.967275 0.043098
vt 0.591454 0.041624
vt 0.591840 0.040687
vt 0.585209 0.038596
vt 0.585542 0.034907
vt 0.585209 0.038596
vt 0.591840 0.040687
vt 0.576860 0.034839
vt 0.577633 0.037884
vt 0.581528 0.033856
vt 0.581821 0.037515
vt 0.581528 0.033856
vt 0.577633 0.037884
vt 0.577633 0.037884
vt 0.576860 0.034839
vt 0.571694 0.038833
vt 0.571019 0.036559
vt 0.571694 0.038833
vt 0.576860 0.034839
vt 0.571694 0.038833
vt 0.571019 0.036559
vt 0.564391 0.039325
vt 0.564313 0.037701
vt 0.564391 0.039325
vt 0.571019 0.036559
vt 0.564391 0.039325
vt 0.564313 0.037701
vt 0.552012 0.038093
vt 0.552158 0.035361
vt 0.552012 0.038093
vt 0.564313 0.037701
vt 0.552012 0.038093
vt 0.552158 0.035361
vt 0.536078 0.037218
vt 0.536133 0.034383
vt 0.536078 0.037218
vt 0.552158 0.035361
vt 0.536078 0.037218
vt 0.536133 0.034383
vt 0.518870 0.036595
vt 0.518894 0.033720
vt 0.518870 0.036595
vt 0.536133 0.034383
vt 0.518870 0.036595
vt 0.518894 0.033720
vt 0.500857 0.036269
vt 0.500868 0.033362
vt 0.500857 0.036269
vt 0.518894 0.033720
vt 0.603364 0.021557
vt 0.967645 0.022115
vt 0.603489 0.019044
vt 0.965671 0.019180
vt 0.603489 0.019044
vt 0.967645 0.022115
vt 0.587892 0.017685
vt 0.587771 0.019815
vt 0.593760 0.019203
vt 0.593461 0.022786
vt 0.593760 0.019203
vt 0.587771 0.019815
vt 0.581433 0.020257
vt 0.587771 0.019815
vt 0.581279 0.018049
vt 0.587892 0.017685
vt 0.581279 0.018049
vt 0.587771 0.019815
vt 0.567887 0.022101
vt 0.568414 0.025173
vt 0.573860 0.020154
vt 0.574351 0.022773
vt 0.573860 0.020154
vt 0.568414 0.025173
vt 0.564104 0.022754
vt 0.564245 0.026003
vt 0.567887 0.022101
vt 0.568414 0.025173
vt 0.567887 0.022101
vt 0.564245 0.026003
vt 0.551753 0.022564
vt 0.551768 0.025241
vt 0.564104 0.022754
vt 0.564245 0.026003
vt 0.564104 0.022754
vt 0.551768 0.025241
vt 0.535376 0.021976
vt 0.535380 0.024641
vt 0.551753 0.022564
vt 0.551768 0.025241
vt 0.551753 0.022564
vt 0.535380 0.024641
vt 0.518369 0.021645
vt 0.518358 0.024411
vt 0.535376 0.021976
vt 0.535380 0.024641
vt 0.535376 0.021976
vt 0.518358 0.024411
vt 0.500867 0.021417
vt 0.500868 0.024187
vt 0.518369 0.021645
vt 0.518358 0.024411
vt 0.518369 0.021645
vt 0.500868 0.024187
vt 0.600327 0.039429
vt 0.968663 0.040162
vt 0.601047 0.033811
vt 0.968918 0.039330
vt 0.601047 0.033811
vt 0.968663 0.040162
vt 0.591840 0.040687
vt 0.592010 0.036465
vt 0.585542 0.034907
vt 0.586200 0.030167
vt 0.585542 0.034907
vt 0.592010 0.036465
vt 0.575987 0.030904
vt 0.576860 0.034839
vt 0.581430 0.029482
vt 0.581528 0.033856
vt 0.581430 0.029482
vt 0.576860 0.034839
vt 0.576860 0.034839
vt 0.575987 0.030904
vt 0.571019 0.036559
vt 0.570080 0.033007
vt 0.571019 0.036559
vt 0.575987 0.030904
vt 0.571019 0.036559
vt 0.570080 0.033007
vt 0.564313 0.037701
vt 0.564386 0.034214
vt 0.564313 0.037701
vt 0.570080 0.033007
vt 0.564313 0.037701
vt 0.564386 0.034214
vt 0.552158 0.035361
vt 0.551943 0.032804
vt 0.552158 0.035361
vt 0.564386 0.034214
vt 0.552158 0.035361
vt 0.551943 0.032804
vt 0.536133 0.034383
vt 0.535863 0.031994
vt 0.536133 0.034383
vt 0.551943 0.032804
vt 0.536133 0.034383
vt 0.535863 0.031994
vt 0.518894 0.033720
vt 0.518743 0.031436
vt 0.518894 0.033720
vt 0.535863 0.031994
vt 0.518894 0.033720
vt 0.518743 0.031436
vt 0.500868 0.033362
vt 0.500869 0.031102
vt 0.500868 0.033362
vt 0.518743 0.031436
vt 0.602621 0.024547
vt 0.968820 0.039043
vt 0.603364 0.021557
vt 0.967645 0.022115
vt 0.603364 0.021557
vt 0.968820 0.039043
vt 0.587771 0.019815
vt 0.587236 0.023552
vt 0.593461 0.022786
vt 0.592919 0.029309
vt 0.593461 0.022786
vt 0.587236 0.023552
vt 0.581457 0.023552
vt 0.587236 0.023552
vt 0.581433 0.020257
vt 0.587771 0.019815
vt 0.581433 0.020257
vt 0.587236 0.023552
vt 0.568414 0.025173
vt 0.569192 0.028361
vt 0.574351 0.022773
vt 0.575176 0.025615
vt 0.574351 0.022773
vt 0.569192 0.028361
vt 0.564245 0.026003
vt 0.564333 0.028169
vt 0.568414 0.025173
vt 0.569192 0.028361
vt 0.568414 0.025173
vt 0.564333 0.028169
vt 0.551768 0.025241
vt 0.551695 0.027912
vt 0.564245 0.026003
vt 0.564333 0.028169
vt 0.564245 0.026003
vt 0.551695 0.027912
vt 0.535380 0.024641
vt 0.535434 0.027429
vt 0.551768 0.025241
vt 0.551695 0.027912
vt 0.551768 0.025241
vt 0.535434 0.027429
vt 0.518358 0.024411
vt 0.518498 0.027052
vt 0.535380 0.024641
vt 0.535434 0.027429
vt 0.535380 0.024641
vt 0.518498 0.027052
vt 0.500868 0.024187
vt 0.500872 0.026788
vt 0.518358 0.024411
vt 0.518498 0.027052
vt 0.518358 0.024411
vt 0.500872 0.026788
vt 0.575176 0.025615
vt 0.575987 0.030904
vt 0.581457 0.023552
vt 0.581430 0.029482
vt 0.581457 0.023552
vt 0.575987 0.030904
vt 0.585542 0.034907
vt 0.581528 0.033856
vt 0.585209 0.038596
vt 0.581821 0.037515
vt 0.585209 0.038596
vt 0.581528 0.033856
vt 0.573860 0.020154
vt 0.574351 0.022773
vt 0.581279 0.018049
vt 0.581433 0.020257
vt 0.581279 0.018049
vt 0.574351 0.022773
vt 0.586200 0.030167
vt 0.581430 0.029482
vt 0.585542 0.034907
vt 0.581528 0.033856
vt 0.585542 0.034907
vt 0.581430 0.029482
vt 0.574351 0.022773
vt 0.575176 0.025615
vt 0.581433 0.020257
vt 0.581457 0.023552
vt 0.581433 0.020257
vt 0.575176 0.025615
vt 0.592010 0.036465
vt 0.596419 0.034752
vt 0.592919 0.029309
vt 0.597526 0.025383
vt 0.592919 0.029309
vt 0.596419 0.034752
vt 0.591454 0.041624
vt 0.595735 0.042106
vt 0.591840 0.040687
vt 0.595861 0.039697
vt 0.591840 0.040687
vt 0.595735 0.042106
vt 0.593461 0.022786
vt 0.598320 0.021977
vt 0.593760 0.019203
vt 0.598529 0.019136
vt 0.593760 0.019203
vt 0.598320 0.021977
vt 0.591840 0.040687
vt 0.595861 0.039697
vt 0.592010 0.036465
vt 0.596419 0.034752
vt 0.592010 0.036465
vt 0.595861 0.039697
vt 0.592919 0.029309
vt 0.597526 0.025383
vt 0.593461 0.022786
vt 0.598320 0.021977
vt 0.593461 0.022786
vt 0.597526 0.025383
vt 0.965671 0.019180
vt 0.952431 0.001792
vt 0.603489 0.019044
vt 0.603253 0.001785
vt 0.603489 0.019044
vt 0.952431 0.001792
vt 0.587892 0.017685
vt 0.593760 0.019203
vt 0.587764 0.000737
vt 0.593908 0.001512
vt 0.587764 0.000737
vt 0.593760 0.019203
vt 0.581279 0.018049
vt 0.587892 0.017685
vt 0.580351 0.001090
vt 0.587764 0.000737
vt 0.580351 0.001090
vt 0.587892 0.017685
vt 0.567887 0.022101
vt 0.573860 0.020154
vt 0.566529 0.004782
vt 0.572352 0.003066
vt 0.566529 0.004782
vt 0.573860 0.020154
vt 0.564104 0.022754
vt 0.567887 0.022101
vt 0.563492 0.005275
vt 0.566529 0.004782
vt 0.563492 0.005275
vt 0.567887 0.022101
vt 0.551753 0.022564
vt 0.564104 0.022754
vt 0.551764 0.005326
vt 0.563492 0.005275
vt 0.551764 0.005326
vt 0.564104 0.022754
vt 0.535376 0.021976
vt 0.551753 0.022564
vt 0.535540 0.004730
vt 0.551764 0.005326
vt 0.535540 0.004730
vt 0.551753 0.022564
vt 0.518369 0.021645
vt 0.535376 0.021976
vt 0.518488 0.004340
vt 0.535540 0.004730
vt 0.518488 0.004340
vt 0.535376 0.021976
vt 0.500867 0.021417
vt 0.518369 0.021645
vt 0.500914 0.004106
vt 0.518488 0.004340
vt 0.500914 0.004106
vt 0.518369 0.021645
vt 0.573860 0.020154
vt 0.581279 0.018049
vt 0.572352 0.003066
vt 0.580351 0.001090
vt 0.572352 0.003066
vt 0.581279 0.018049
vt 0.593760 0.019203
vt 0.598529 0.019136
vt 0.593908 0.001512
vt 0.598497 0.001761
vt 0.593908 0.001512
vt 0.598529 0.019136
vt 0.585990 0.508965
vt 0.592143 0.509398
vt 0.585982 0.437443
vt 0.592137 0.437034
vt 0.585982 0.437443
vt 0.592143 0.509398
vt 0.579212 0.509016
vt 0.583072 0.508853
vt 0.579200 0.437339
vt 0.583064 0.437532
vt 0.579200 0.437339
vt 0.583072 0.508853
vt 0.573048 0.509086
vt 0.579212 0.509016
vt 0.573031 0.437165
vt 0.579200 0.437339
vt 0.573031 0.437165
vt 0.579212 0.509016
vt 0.565032 0.509041
vt 0.573048 0.509086
vt 0.565011 0.437130
vt 0.573031 0.437165
vt 0.565011 0.437130
vt 0.573048 0.509086
vt 0.551863 0.508921
vt 0.565032 0.509041
vt 0.551840 0.437142
vt 0.565011 0.437130
vt 0.551840 0.437142
vt 0.565032 0.509041
vt 0.535460 0.508880
vt 0.551863 0.508921
vt 0.535441 0.437062
vt 0.551840 0.437142
vt 0.535441 0.437062
vt 0.551863 0.508921
vt 0.518070 0.508828
vt 0.535460 0.508880
vt 0.518053 0.436972
vt 0.535441 0.437062
vt 0.518053 0.436972
vt 0.535460 0.508880
vt 0.500008 0.508747
vt 0.518070 0.508828
vt 0.499992 0.436897
vt 0.518053 0.436972
vt 0.499992 0.436897
vt 0.518070 0.508828
vt 0.600331 0.912990
vt 0.601689 0.922283
vt 0.968273 0.907377
vt 0.968027 0.907764
vt 0.968273 0.907377
vt 0.601689 0.922283
vt 0.584899 0.915885
vt 0.585912 0.922571
vt 0.591058 0.909938
vt 0.591822 0.917117
vt 0.591058 0.909938
vt 0.585912 0.922571
vt 0.585912 0.922571
vt 0.584899 0.915885
vt 0.580036 0.922579
vt 0.579952 0.916631
vt 0.580036 0.922579
vt 0.584899 0.915885
vt 0.568325 0.913591
vt 0.567537 0.918185
vt 0.574342 0.915482
vt 0.573632 0.920748
vt 0.574342 0.915482
vt 0.567537 0.918185
vt 0.562608 0.912427
vt 0.562628 0.918421
vt 0.568325 0.913591
vt 0.567537 0.918185
vt 0.568325 0.913591
vt 0.562628 0.918421
vt 0.550176 0.913695
vt 0.549964 0.918567
vt 0.562608 0.912427
vt 0.562628 0.918421
vt 0.562608 0.912427
vt 0.549964 0.918567
vt 0.534112 0.914240
vt 0.533695 0.918800
vt 0.550176 0.913695
vt 0.549964 0.918567
vt 0.550176 0.913695
vt 0.533695 0.918800
vt 0.517002 0.914510
vt 0.516756 0.918894
vt 0.534112 0.914240
vt 0.533695 0.918800
vt 0.534112 0.914240
vt 0.516756 0.918894
vt 0.499131 0.914537
vt 0.499129 0.918851
vt 0.517002 0.914510
vt 0.516756 0.918894
vt 0.517002 0.914510
vt 0.499129 0.918851
vt 0.600123 0.903899
vt 0.599838 0.907295
vt 0.967145 0.903437
vt 0.968237 0.906450
vt 0.967145 0.903437
vt 0.599838 0.907295
vt 0.584235 0.911123
vt 0.590991 0.905775
vt 0.583861 0.907548
vt 0.590726 0.904778
vt 0.583861 0.907548
vt 0.590991 0.905775
vt 0.579978 0.908734
vt 0.575503 0.908602
vt 0.579935 0.912281
vt 0.575046 0.911602
vt 0.579935 0.912281
vt 0.575503 0.908602
vt 0.569116 0.910085
vt 0.575046 0.911602
vt 0.569563 0.907792
vt 0.575503 0.908602
vt 0.569563 0.907792
vt 0.575046 0.911602
vt 0.562446 0.908960
vt 0.569116 0.910085
vt 0.562425 0.907319
vt 0.569563 0.907792
vt 0.562425 0.907319
vt 0.569116 0.910085
vt 0.550347 0.911143
vt 0.562446 0.908960
vt 0.550183 0.908391
vt 0.562425 0.907319
vt 0.550183 0.908391
vt 0.562446 0.908960
vt 0.534366 0.911848
vt 0.550347 0.911143
vt 0.534320 0.908999
vt 0.550183 0.908391
vt 0.534320 0.908999
vt 0.550347 0.911143
vt 0.517151 0.912224
vt 0.534366 0.911848
vt 0.517147 0.909339
vt 0.534320 0.908999
vt 0.517147 0.909339
vt 0.534366 0.911848
vt 0.499132 0.912277
vt 0.517151 0.912224
vt 0.499144 0.909369
vt 0.517147 0.909339
vt 0.499144 0.909369
vt 0.517151 0.912224
vt 0.602390 0.927739
vt 0.964586 0.927615
vt 0.602325 0.925259
vt 0.966626 0.924698
vt 0.602325 0.925259
vt 0.964586 0.927615
vt 0.592267 0.923667
vt 0.586439 0.926380
vt 0.592518 0.927264
vt 0.586563 0.928591
vt 0.592518 0.927264
vt 0.586439 0.926380
vt 0.586563 0.928591
vt 0.586439 0.926380
vt 0.579870 0.928184
vt 0.580024 0.925913
vt 0.579870 0.928184
vt 0.586439 0.926380
vt 0.572839 0.923595
vt 0.566807 0.921338
vt 0.572359 0.926218
vt 0.566306 0.924382
vt 0.572359 0.926218
vt 0.566807 0.921338
vt 0.566807 0.921338
vt 0.562581 0.920544
vt 0.566306 0.924382
vt 0.562464 0.923757
vt 0.566306 0.924382
vt 0.562581 0.920544
vt 0.562581 0.920544
vt 0.550068 0.921218
vt 0.562464 0.923757
vt 0.550071 0.923882
vt 0.562464 0.923757
vt 0.550068 0.921218
vt 0.550068 0.921218
vt 0.533659 0.921586
vt 0.550071 0.923882
vt 0.533665 0.924251
vt 0.550071 0.923882
vt 0.533659 0.921586
vt 0.533659 0.921586
vt 0.516626 0.921534
vt 0.533665 0.924251
vt 0.516640 0.924302
vt 0.533665 0.924251
vt 0.516626 0.921534
vt 0.516626 0.921534
vt 0.499132 0.921452
vt 0.516640 0.924302
vt 0.499132 0.924222
vt 0.516640 0.924302
vt 0.499132 0.921452
vt 0.599838 0.907295
vt 0.600331 0.912990
vt 0.968237 0.906450
vt 0.968273 0.907377
vt 0.968237 0.906450
vt 0.600331 0.912990
vt 0.584899 0.915885
vt 0.591058 0.909938
vt 0.584235 0.911123
vt 0.590991 0.905775
vt 0.584235 0.911123
vt 0.591058 0.909938
vt 0.579935 0.912281
vt 0.575046 0.911602
vt 0.579952 0.916631
vt 0.574342 0.915482
vt 0.579952 0.916631
vt 0.575046 0.911602
vt 0.568325 0.913591
vt 0.574342 0.915482
vt 0.569116 0.910085
vt 0.575046 0.911602
vt 0.569116 0.910085
vt 0.574342 0.915482
vt 0.562608 0.912427
vt 0.568325 0.913591
vt 0.562446 0.908960
vt 0.569116 0.910085
vt 0.562446 0.908960
vt 0.568325 0.913591
vt 0.550176 0.913695
vt 0.562608 0.912427
vt 0.550347 0.911143
vt 0.562446 0.908960
vt 0.550347 0.911143
vt 0.562608 0.912427
vt 0.534112 0.914240
vt 0.550176 0.913695
vt 0.534366 0.911848
vt 0.550347 0.911143
vt 0.534366 0.911848
vt 0.550176 0.913695
vt 0.517002 0.914510
vt 0.534112 0.914240
vt 0.517151 0.912224
vt 0.534366 0.911848
vt 0.517151 0.912224
vt 0.534112 0.914240
vt 0.499131 0.914537
vt 0.517002 0.914510
vt 0.499132 0.912277
vt 0.517151 0.912224
vt 0.499132 0.912277
vt 0.517002 0.914510
vt 0.602325 0.925259
vt 0.966626 0.924698
vt 0.601689 0.922283
vt 0.968027 0.907764
vt 0.601689 0.922283
vt 0.966626 0.924698
vt 0.591822 0.917117
vt 0.585912 0.922571
vt 0.592267 0.923667
vt 0.586439 0.926380
vt 0.592267 0.923667
vt 0.585912 0.922571
vt 0.586439 0.926380
vt 0.585912 0.922571
vt 0.580024 0.925913
vt 0.580036 0.922579
vt 0.580024 0.925913
vt 0.585912 0.922571
vt 0.573632 0.920748
vt 0.567537 0.918185
vt 0.572839 0.923595
vt 0.566807 0.921338
vt 0.572839 0.923595
vt 0.567537 0.918185
vt 0.567537 0.918185
vt 0.562628 0.918421
vt 0.566807 0.921338
vt 0.562581 0.920544
vt 0.566807 0.921338
vt 0.562628 0.918421
vt 0.562628 0.918421
vt 0.549964 0.918567
vt 0.562581 0.920544
vt 0.550068 0.921218
vt 0.562581 0.920544
vt 0.549964 0.918567
vt 0.549964 0.918567
vt 0.533695 0.918800
vt 0.550068 0.921218
vt 0.533659 0.921586
vt 0.550068 0.921218
vt 0.533695 0.918800
vt 0.533695 0.918800
vt 0.516756 0.918894
vt 0.533659 0.921586
vt 0.516626 0.921534
vt 0.533659 0.921586
vt 0.516756 0.918894
vt 0.516756 0.918894
vt 0.499129 0.918851
vt 0.516626 0.921534
vt 0.499132 0.921452
vt 0.516626 0.921534
vt 0.499129 0.918851
vt 0.583072 0.508853
vt 0.585990 0.508965
vt 0.583064 0.437532
vt 0.585982 0.437443
vt 0.583064 0.437532
vt 0.585990 0.508965
vt 0.579952 0.916631
vt 0.574342 0.915482
vt 0.580036 0.922579
vt 0.573632 0.920748
vt 0.580036 0.922579
vt 0.574342 0.915482
vt 0.579978 0.908734
vt 0.579935 0.912281
vt 0.583861 0.907548
vt 0.584235 0.911123
vt 0.583861 0.907548
vt 0.579935 0.912281
vt 0.580024 0.925913
vt 0.572839 0.923595
vt 0.579870 0.928184
vt 0.572359 0.926218
vt 0.579870 0.928184
vt 0.572839 0.923595
vt 0.579935 0.912281
vt 0.579952 0.916631
vt 0.584235 0.911123
vt 0.584899 0.915885
vt 0.584235 0.911123
vt 0.579952 0.916631
vt 0.580036 0.922579
vt 0.573632 0.920748
vt 0.580024 0.925913
vt 0.572839 0.923595
vt 0.580024 0.925913
vt 0.573632 0.920748
vt 0.596490 0.921192
vt 0.595620 0.911737
vt 0.591822 0.917117
vt 0.591058 0.909938
vt 0.591822 0.917117
vt 0.595620 0.911737
vt 0.595246 0.906693
vt 0.595364 0.904265
vt 0.590991 0.905775
vt 0.590726 0.904778
vt 0.590991 0.905775
vt 0.595364 0.904265
vt 0.597371 0.927446
vt 0.597211 0.924617
vt 0.592518 0.927264
vt 0.592267 0.923667
vt 0.592518 0.927264
vt 0.597211 0.924617
vt 0.595620 0.911737
vt 0.595246 0.906693
vt 0.591058 0.909938
vt 0.590991 0.905775
vt 0.591058 0.909938
vt 0.595246 0.906693
vt 0.597211 0.924617
vt 0.596490 0.921192
vt 0.592267 0.923667
vt 0.591822 0.917117
vt 0.592267 0.923667
vt 0.596490 0.921192
vt 0.964586 0.927615
vt 0.602390 0.927739
vt 0.951327 0.945014
vt 0.602069 0.944975
vt 0.951327 0.945014
vt 0.602390 0.927739
vt 0.592624 0.944958
vt 0.592518 0.927264
vt 0.586406 0.945581
vt 0.586563 0.928591
vt 0.586406 0.945581
vt 0.592518 0.927264
vt 0.586406 0.945581
vt 0.586563 0.928591
vt 0.578962 0.945187
vt 0.579870 0.928184
vt 0.578962 0.945187
vt 0.586563 0.928591
vt 0.570912 0.943321
vt 0.572359 0.926218
vt 0.565000 0.941698
vt 0.566306 0.924382
vt 0.565000 0.941698
vt 0.572359 0.926218
vt 0.565000 0.941698
vt 0.566306 0.924382
vt 0.561864 0.941224
vt 0.562464 0.923757
vt 0.561864 0.941224
vt 0.566306 0.924382
vt 0.561864 0.941224
vt 0.562464 0.923757
vt 0.550046 0.941115
vt 0.550071 0.923882
vt 0.550046 0.941115
vt 0.562464 0.923757
vt 0.550046 0.941115
vt 0.550071 0.923882
vt 0.533759 0.941499
vt 0.533665 0.924251
vt 0.533759 0.941499
vt 0.550071 0.923882
vt 0.533759 0.941499
vt 0.533665 0.924251
vt 0.516672 0.941610
vt 0.516640 0.924302
vt 0.516672 0.941610
vt 0.533665 0.924251
vt 0.516672 0.941610
vt 0.516640 0.924302
vt 0.499086 0.941534
vt 0.499132 0.924222
vt 0.499086 0.941534
vt 0.516640 0.924302
vt 0.578962 0.945187
vt 0.579870 0.928184
vt 0.570912 0.943321
vt 0.572359 0.926218
vt 0.570912 0.943321
vt 0.579870 0.928184
vt 0.597256 0.944804
vt 0.597371 0.927446
vt 0.592624 0.944958
vt 0.592518 0.927264
vt 0.592624 0.944958
vt 0.597371 0.927446
vt 0.596325 0.437086
vt 0.592137 0.437034
vt 0.596328 0.509358
vt 0.592143 0.509398
vt 0.596328 0.509358
vt 0.592137 0.437034
vt 0.973649 0.905670
vt 0.973649 0.041211
vt 0.971651 0.903448
vt 0.971720 0.043419
vt 0.971651 0.903448
vt 0.973649 0.041211
vt 0.974536 0.906488
vt 0.974536 0.040406
vt 0.973649 0.905670
vt 0.973649 0.041211
vt 0.973649 0.905670
vt 0.974536 0.040406
vt 0.974536 0.040406
vt 0.974536 0.906488
vt 0.975027 0.040411
vt 0.975026 0.906494
vt 0.975027 0.040411
vt 0.974536 0.906488
vt 0.600348 0.042660
vt 0.600355 0.046598
vt 0.967275 0.043098
vt 0.600355 0.046598
vt 0.600664 0.229657
vt 0.967275 0.043098
vt 0.600664 0.229657
vt 0.600670 0.233595
vt 0.967275 0.043098
vt 0.600670 0.233595
vt 0.600746 0.235839
vt 0.967275 0.043098
vt 0.600746 0.235839
vt 0.600721 0.242257
vt 0.967275 0.043098
vt 0.600721 0.242257
vt 0.600686 0.248727
vt 0.967275 0.043098
vt 0.600686 0.248727
vt 0.600734 0.250744
vt 0.967275 0.043098
vt 0.600734 0.250744
vt 0.600736 0.252297
vt 0.967275 0.043098
vt 0.600736 0.252297
vt 0.600819 0.324486
vt 0.967275 0.043098
vt 0.600819 0.324486
vt 0.600821 0.326039
vt 0.967275 0.043098
vt 0.600821 0.326039
vt 0.600841 0.328246
vt 0.967275 0.043098
vt 0.600841 0.328246
vt 0.600817 0.334677
vt 0.967275 0.043098
vt 0.600817 0.334677
vt 0.600791 0.341131
vt 0.967275 0.043098
vt 0.600791 0.341131
vt 0.600810 0.343191
vt 0.967275 0.043098
vt 0.600810 0.343191
vt 0.600811 0.344744
vt 0.967275 0.043098
vt 0.600811 0.344744
vt 0.600841 0.416913
vt 0.967275 0.043098
vt 0.600841 0.416913
vt 0.600841 0.418466
vt 0.967275 0.043098
vt 0.600841 0.418466
vt 0.600839 0.420584
vt 0.967275 0.043098
vt 0.600839 0.420584
vt 0.600850 0.427007
vt 0.967275 0.043098
vt 0.600850 0.427007
vt 0.600852 0.433452
vt 0.967275 0.043098
vt 0.600852 0.433452
vt 0.600860 0.435569
vt 0.967275 0.043098
vt 0.600860 0.435569
vt 0.600860 0.437122
vt 0.967275 0.043098
vt 0.600860 0.437122
vt 0.600862 0.509332
vt 0.967275 0.043098
vt 0.600862 0.509332
vt 0.600862 0.510885
vt 0.967275 0.043098
vt 0.600862 0.510885
vt 0.600856 0.513001
vt 0.967275 0.043098
vt 0.600856 0.513001
vt 0.600858 0.519446
vt 0.967275 0.043098
vt 0.600858 0.519446
vt 0.600850 0.525868
vt 0.967275 0.043098
vt 0.600850 0.525868
vt 0.600856 0.527985
vt 0.967275 0.043098
vt 0.600856 0.527985
vt 0.600856 0.529537
vt 0.967275 0.043098
vt 0.600856 0.529537
vt 0.600832 0.601708
vt 0.967275 0.043098
vt 0.600832 0.601708
vt 0.600831 0.603260
vt 0.967275 0.043098
vt 0.600123 0.903899
vt 0.967145 0.903437
vt 0.600132 0.899959
vt 0.600132 0.899959
vt 0.967145 0.903437
vt 0.600583 0.716814
vt 0.600583 0.716814
vt 0.967145 0.903437
vt 0.600593 0.712874
vt 0.967145 0.903437
vt 0.967275 0.043098
vt 0.600593 0.712874
vt 0.600593 0.712874
vt 0.967275 0.043098
vt 0.600754 0.710636
vt 0.600754 0.710636
vt 0.967275 0.043098
vt 0.600779 0.704196
vt 0.600779 0.704196
vt 0.967275 0.043098
vt 0.600751 0.697715
vt 0.600751 0.697715
vt 0.967275 0.043098
vt 0.600791 0.695693
vt 0.600791 0.695693
vt 0.967275 0.043098
vt 0.600792 0.694140
vt 0.600792 0.694140
vt 0.967275 0.043098
vt 0.600864 0.621954
vt 0.600864 0.621954
vt 0.967275 0.043098
vt 0.600866 0.620401
vt 0.600866 0.620401
vt 0.967275 0.043098
vt 0.600879 0.618200
vt 0.600879 0.618200
vt 0.967275 0.043098
vt 0.600847 0.611769
vt 0.600847 0.611769
vt 0.967275 0.043098
vt 0.600816 0.605320
vt 0.967275 0.043098
vt 0.600831 0.603260
vt 0.600816 0.605320
vt 0.583905 0.903613
vt 0.590749 0.900856
vt 0.585972 0.720677
vt 0.591811 0.718557
vt 0.585972 0.720677
vt 0.590749 0.900856
vt 0.585912 0.695694
vt 0.592038 0.695509
vt 0.586052 0.624018
vt 0.592170 0.622998
vt 0.586052 0.624018
vt 0.592038 0.695509
vt 0.585973 0.602136
vt 0.592109 0.602342
vt 0.586026 0.530577
vt 0.592151 0.529856
vt 0.586026 0.530577
vt 0.592109 0.602342
vt 0.591460 0.045544
vt 0.585213 0.042534
vt 0.591697 0.227734
vt 0.585408 0.225597
vt 0.591697 0.227734
vt 0.585213 0.042534
vt 0.591874 0.250833
vt 0.585706 0.250630
vt 0.592041 0.323357
vt 0.585879 0.322340
vt 0.592041 0.323357
vt 0.585706 0.250630
vt 0.592051 0.344069
vt 0.585900 0.344252
vt 0.592110 0.416562
vt 0.585973 0.415818
vt 0.592110 0.416562
vt 0.585900 0.344252
vt 0.575582 0.904670
vt 0.580045 0.904799
vt 0.579268 0.721891
vt 0.583152 0.721875
vt 0.579268 0.721891
vt 0.580045 0.904799
vt 0.579245 0.696486
vt 0.583052 0.695990
vt 0.579295 0.624646
vt 0.583145 0.624525
vt 0.579295 0.624646
vt 0.583052 0.695990
vt 0.579226 0.602550
vt 0.583073 0.602236
vt 0.579247 0.530857
vt 0.583113 0.530875
vt 0.579247 0.530857
vt 0.583073 0.602236
vt 0.581829 0.041454
vt 0.577645 0.041818
vt 0.582219 0.224529
vt 0.578187 0.224689
vt 0.582219 0.224529
vt 0.577645 0.041818
vt 0.582807 0.250389
vt 0.578950 0.249931
vt 0.582926 0.321855
vt 0.579041 0.321759
vt 0.582926 0.321855
vt 0.578950 0.249931
vt 0.582989 0.344135
vt 0.579128 0.343796
vt 0.583048 0.415503
vt 0.579174 0.415493
vt 0.583048 0.415503
vt 0.579128 0.343796
vt 0.569637 0.903868
vt 0.575582 0.904670
vt 0.573097 0.721481
vt 0.579268 0.721891
vt 0.573097 0.721481
vt 0.575582 0.904670
vt 0.573122 0.696842
vt 0.579245 0.696486
vt 0.573139 0.624816
vt 0.579295 0.624646
vt 0.573139 0.624816
vt 0.579245 0.696486
vt 0.573071 0.602808
vt 0.579226 0.602550
vt 0.573076 0.530854
vt 0.579247 0.530857
vt 0.573076 0.530854
vt 0.579226 0.602550
vt 0.577645 0.041818
vt 0.571703 0.042759
vt 0.578187 0.224689
vt 0.572115 0.225220
vt 0.578187 0.224689
vt 0.571703 0.042759
vt 0.578950 0.249931
vt 0.572780 0.249636
vt 0.579041 0.321759
vt 0.572857 0.321591
vt 0.579041 0.321759
vt 0.572780 0.249636
vt 0.579128 0.343796
vt 0.572958 0.343491
vt 0.579174 0.415493
vt 0.572998 0.415432
vt 0.579174 0.415493
vt 0.572958 0.343491
vt 0.562481 0.903404
vt 0.569637 0.903868
vt 0.565084 0.721417
vt 0.573097 0.721481
vt 0.565084 0.721417
vt 0.569637 0.903868
vt 0.565139 0.696917
vt 0.573122 0.696842
vt 0.565121 0.624926
vt 0.573139 0.624816
vt 0.565121 0.624926
vt 0.573122 0.696842
vt 0.565070 0.602861
vt 0.573071 0.602808
vt 0.565055 0.530898
vt 0.573076 0.530854
vt 0.565055 0.530898
vt 0.573071 0.602808
vt 0.571703 0.042759
vt 0.564389 0.043241
vt 0.572115 0.225220
vt 0.564328 0.225274
vt 0.572115 0.225220
vt 0.564389 0.043241
vt 0.572780 0.249636
vt 0.564750 0.249514
vt 0.572857 0.321591
vt 0.564833 0.321443
vt 0.572857 0.321591
vt 0.564750 0.249514
vt 0.572958 0.343491
vt 0.564936 0.343386
vt 0.572998 0.415432
vt 0.564973 0.415315
vt 0.572998 0.415432
vt 0.564936 0.343386
vt 0.550220 0.904463
vt 0.562481 0.903404
vt 0.551931 0.721891
vt 0.565084 0.721417
vt 0.551931 0.721891
vt 0.562481 0.903404
vt 0.551996 0.697044
vt 0.565139 0.696917
vt 0.551951 0.625197
vt 0.565121 0.624926
vt 0.551951 0.625197
vt 0.565139 0.696917
vt 0.551918 0.602873
vt 0.565070 0.602861
vt 0.551886 0.531059
vt 0.565055 0.530898
vt 0.551886 0.531059
vt 0.565070 0.602861
vt 0.564389 0.043241
vt 0.551998 0.042021
vt 0.564328 0.225274
vt 0.551359 0.224597
vt 0.564328 0.225274
vt 0.551998 0.042021
vt 0.564750 0.249514
vt 0.551580 0.249253
vt 0.564833 0.321443
vt 0.551664 0.321052
vt 0.564833 0.321443
vt 0.551580 0.249253
vt 0.564936 0.343386
vt 0.551765 0.343256
vt 0.564973 0.415315
vt 0.551798 0.415045
vt 0.564973 0.415315
vt 0.551765 0.343256
vt 0.534346 0.905069
vt 0.550220 0.904463
vt 0.535560 0.722384
vt 0.551931 0.721891
vt 0.535560 0.722384
vt 0.550220 0.904463
vt 0.535616 0.697251
vt 0.551996 0.697044
vt 0.535560 0.625342
vt 0.551951 0.625197
vt 0.535560 0.625342
vt 0.551996 0.697044
vt 0.535528 0.602937
vt 0.551918 0.602873
vt 0.535491 0.531091
vt 0.551886 0.531059
vt 0.535491 0.531091
vt 0.551918 0.602873
vt 0.551998 0.042021
vt 0.536058 0.041148
vt 0.551359 0.224597
vt 0.535093 0.223824
vt 0.551359 0.224597
vt 0.536058 0.041148
vt 0.551580 0.249253
vt 0.535202 0.248852
vt 0.551664 0.321052
vt 0.535264 0.320734
vt 0.551664 0.321052
vt 0.535202 0.248852
vt 0.551765 0.343256
vt 0.535367 0.343050
vt 0.551798 0.415045
vt 0.535392 0.414881
vt 0.551798 0.415045
vt 0.535367 0.343050
vt 0.517170 0.905408
vt 0.534346 0.905069
vt 0.518211 0.722656
vt 0.535560 0.722384
vt 0.518211 0.722656
vt 0.534346 0.905069
vt 0.518246 0.697361
vt 0.535616 0.697251
vt 0.518191 0.625398
vt 0.535560 0.625342
vt 0.518191 0.625398
vt 0.535616 0.697251
vt 0.518143 0.602952
vt 0.535528 0.602937
vt 0.518109 0.531069
vt 0.535491 0.531091
vt 0.518109 0.531069
vt 0.535528 0.602937
vt 0.536058 0.041148
vt 0.518847 0.040527
vt 0.535093 0.223824
vt 0.517798 0.223271
vt 0.535093 0.223824
vt 0.518847 0.040527
vt 0.535202 0.248852
vt 0.517840 0.248520
vt 0.535264 0.320734
vt 0.517889 0.320470
vt 0.535264 0.320734
vt 0.517840 0.248520
vt 0.535367 0.343050
vt 0.517979 0.342871
vt 0.535392 0.414881
vt 0.518003 0.414747
vt 0.535392 0.414881
vt 0.517979 0.342871
vt 0.499166 0.905437
vt 0.517170 0.905408
vt 0.500200 0.722669
vt 0.518211 0.722656
vt 0.500200 0.722669
vt 0.517170 0.905408
vt 0.500205 0.697315
vt 0.518246 0.697361
vt 0.500154 0.625356
vt 0.518191 0.625398
vt 0.500154 0.625356
vt 0.518246 0.697361
vt 0.500084 0.602889
vt 0.518143 0.602952
vt 0.500054 0.531014
vt 0.518109 0.531069
vt 0.500054 0.531014
vt 0.518143 0.602952
vt 0.518847 0.040527
vt 0.500835 0.040201
vt 0.517798 0.223271
vt 0.499806 0.222970
vt 0.517798 0.223271
vt 0.500835 0.040201
vt 0.517840 0.248520
vt 0.499803 0.248330
vt 0.517889 0.320470
vt 0.499850 0.320290
vt 0.517889 0.320470
vt 0.499803 0.248330
vt 0.517979 0.342871
vt 0.499919 0.342758
vt 0.518003 0.414747
vt 0.499946 0.414632
vt 0.518003 0.414747
vt 0.499919 0.342758
vt 0.580045 0.904799
vt 0.583905 0.903613
vt 0.583152 0.721875
vt 0.585972 0.720677
vt 0.583152 0.721875
vt 0.583905 0.903613
vt 0.583052 0.695990
vt 0.585912 0.695694
vt 0.583145 0.624525
vt 0.586052 0.624018
vt 0.583145 0.624525
vt 0.585912 0.695694
vt 0.583073 0.602236
vt 0.585973 0.602136
vt 0.583113 0.530875
vt 0.586026 0.530577
vt 0.583113 0.530875
vt 0.585973 0.602136
vt 0.585213 0.042534
vt 0.581829 0.041454
vt 0.585408 0.225597
vt 0.582219 0.224529
vt 0.585408 0.225597
vt 0.581829 0.041454
vt 0.585706 0.250630
vt 0.582807 0.250389
vt 0.585879 0.322340
vt 0.582926 0.321855
vt 0.585879 0.322340
vt 0.582807 0.250389
vt 0.585900 0.344252
vt 0.582989 0.344135
vt 0.585973 0.415818
vt 0.583048 0.415503
vt 0.585973 0.415818
vt 0.582989 0.344135
vt 0.984717 0.041227
vt 0.984717 0.905686
vt 0.986649 0.043664
vt 0.986649 0.903254
vt 0.986649 0.043664
vt 0.984717 0.905686
vt 0.975027 0.040411
vt 0.975026 0.906494
vt 0.984717 0.041227
vt 0.984717 0.905686
vt 0.984717 0.041227
vt 0.975026 0.906494
vt 0.595740 0.046038
vt 0.591460 0.045544
vt 0.595986 0.228817
vt 0.591697 0.227734
vt 0.595986 0.228817
vt 0.591460 0.045544
vt 0.596111 0.251579
vt 0.591874 0.250833
vt 0.596246 0.323901
vt 0.592041 0.323357
vt 0.596246 0.323901
vt 0.591874 0.250833
vt 0.596244 0.344417
vt 0.592051 0.344069
vt 0.596290 0.416697
vt 0.592110 0.416562
vt 0.596290 0.416697
vt 0.592051 0.344069
vt 0.590749 0.900856
vt 0.595374 0.900333
vt 0.591811 0.718557
vt 0.595871 0.717565
vt 0.591811 0.718557
vt 0.595374 0.900333
vt 0.592038 0.695509
vt 0.596221 0.694806
vt 0.592170 0.622998
vt 0.596336 0.622501
vt 0.592170 0.622998
vt 0.596221 0.694806
vt 0.592109 0.602342
vt 0.596283 0.602011
vt 0.592151 0.529856
vt 0.596320 0.529737
vt 0.592151 0.529856
vt 0.596283 0.602011
vt 0.986649 0.043664
vt 0.986649 0.903254
vt 1.000000 0.060968
vt 1.000000 0.885952
vt 1.000000 0.060968
vt 0.986649 0.903254
vt 0.585327 0.519771
vt 0.590254 0.519600
vt 0.585842 0.511885
vt 0.591780 0.513184
vt 0.585842 0.511885
vt 0.590254 0.519600
vt 0.585826 0.434519
vt 0.591767 0.433247
vt 0.585300 0.426632
vt 0.590233 0.426825
vt 0.585300 0.426632
vt 0.591767 0.433247
vt 0.580228 0.519919
vt 0.583536 0.519843
vt 0.579532 0.512075
vt 0.583179 0.511634
vt 0.579532 0.512075
vt 0.583536 0.519843
vt 0.579505 0.434303
vt 0.583161 0.434754
vt 0.580189 0.426460
vt 0.583503 0.426545
vt 0.580189 0.426460
vt 0.583161 0.434754
vt 0.573746 0.520037
vt 0.580228 0.519919
vt 0.573323 0.512393
vt 0.579532 0.512075
vt 0.573323 0.512393
vt 0.580228 0.519919
vt 0.573270 0.433921
vt 0.579505 0.434303
vt 0.573703 0.426373
vt 0.580189 0.426460
vt 0.573703 0.426373
vt 0.579505 0.434303
vt 0.565192 0.519875
vt 0.573746 0.520037
vt 0.565038 0.512304
vt 0.573323 0.512393
vt 0.565038 0.512304
vt 0.573746 0.520037
vt 0.564979 0.433822
vt 0.573270 0.433921
vt 0.565143 0.426183
vt 0.573703 0.426373
vt 0.565143 0.426183
vt 0.573270 0.433921
vt 0.551746 0.519982
vt 0.565192 0.519875
vt 0.551735 0.512089
vt 0.565038 0.512304
vt 0.551735 0.512089
vt 0.565192 0.519875
vt 0.551690 0.433978
vt 0.564979 0.433822
vt 0.551692 0.426092
vt 0.565143 0.426183
vt 0.551692 0.426092
vt 0.564979 0.433822
vt 0.535454 0.519984
vt 0.551746 0.519982
vt 0.535407 0.512092
vt 0.551735 0.512089
vt 0.535407 0.512092
vt 0.551746 0.519982
vt 0.535362 0.433857
vt 0.551690 0.433978
vt 0.535397 0.425973
vt 0.551692 0.426092
vt 0.535397 0.425973
vt 0.551690 0.433978
vt 0.518088 0.519947
vt 0.535454 0.519984
vt 0.518060 0.512076
vt 0.535407 0.512092
vt 0.518060 0.512076
vt 0.535454 0.519984
vt 0.518014 0.433728
vt 0.535362 0.433857
vt 0.518030 0.425862
vt 0.535397 0.425973
vt 0.518030 0.425862
vt 0.535362 0.433857
vt 0.500030 0.519878
vt 0.518088 0.519947
vt 0.500023 0.511988
vt 0.518060 0.512076
vt 0.500023 0.511988
vt 0.518088 0.519947
vt 0.499977 0.433657
vt 0.518014 0.433728
vt 0.499970 0.425767
vt 0.518030 0.425862
vt 0.499970 0.425767
vt 0.518014 0.433728
vt 0.583536 0.519843
vt 0.585327 0.519771
vt 0.583179 0.511634
vt 0.585842 0.511885
vt 0.583179 0.511634
vt 0.585327 0.519771
vt 0.583161 0.434754
vt 0.585826 0.434519
vt 0.583503 0.426545
vt 0.585300 0.426632
vt 0.583503 0.426545
vt 0.585826 0.434519
vt 0.596276 0.426916
vt 0.590233 0.426825
vt 0.596295 0.433369
vt 0.591767 0.433247
vt 0.596295 0.433369
vt 0.590233 0.426825
vt 0.596304 0.513074
vt 0.591780 0.513184
vt 0.596291 0.519525
vt 0.590254 0.519600
vt 0.596291 0.519525
vt 0.591780 0.513184
vt 0.590126 0.706103
vt 0.585238 0.707032
vt 0.591651 0.712341
vt 0.585881 0.715134
vt 0.591651 0.712341
vt 0.585238 0.707032
vt 0.585238 0.707032
vt 0.590126 0.706103
vt 0.585718 0.698886
vt 0.591622 0.699454
vt 0.585718 0.698886
vt 0.590126 0.706103
vt 0.585934 0.621051
vt 0.591832 0.619118
vt 0.585329 0.613131
vt 0.590255 0.612760
vt 0.585329 0.613131
vt 0.591832 0.619118
vt 0.585329 0.613131
vt 0.590255 0.612760
vt 0.585822 0.605155
vt 0.591737 0.606225
vt 0.585822 0.605155
vt 0.590255 0.612760
vt 0.585892 0.527650
vt 0.591795 0.525993
vt 0.585327 0.519771
vt 0.590254 0.519600
vt 0.585327 0.519771
vt 0.591795 0.525993
vt 0.584898 0.239287
vt 0.589911 0.240153
vt 0.585378 0.231145
vt 0.591421 0.233876
vt 0.585378 0.231145
vt 0.589911 0.240153
vt 0.589911 0.240153
vt 0.584898 0.239287
vt 0.591434 0.246850
vt 0.585477 0.247406
vt 0.591434 0.246850
vt 0.584898 0.239287
vt 0.591720 0.327244
vt 0.585780 0.325316
vt 0.590169 0.333625
vt 0.585220 0.333248
vt 0.590169 0.333625
vt 0.585780 0.325316
vt 0.590169 0.333625
vt 0.585220 0.333248
vt 0.591667 0.340176
vt 0.585735 0.341224
vt 0.591667 0.340176
vt 0.585220 0.333248
vt 0.591763 0.420431
vt 0.585849 0.418748
vt 0.590233 0.426825
vt 0.585300 0.426632
vt 0.590233 0.426825
vt 0.585849 0.418748
vt 0.583517 0.707442
vt 0.580279 0.707783
vt 0.583286 0.716128
vt 0.579659 0.716021
vt 0.583286 0.716128
vt 0.580279 0.707783
vt 0.580279 0.707783
vt 0.583517 0.707442
vt 0.579547 0.699717
vt 0.583132 0.698973
vt 0.579547 0.699717
vt 0.583517 0.707442
vt 0.579625 0.621457
vt 0.583272 0.621626
vt 0.580257 0.613498
vt 0.583549 0.613307
vt 0.580257 0.613498
vt 0.583272 0.621626
vt 0.580257 0.613498
vt 0.583549 0.613307
vt 0.579536 0.605620
vt 0.583178 0.605056
vt 0.579536 0.605620
vt 0.583549 0.613307
vt 0.579568 0.527789
vt 0.583227 0.528073
vt 0.580228 0.519919
vt 0.583536 0.519843
vt 0.580228 0.519919
vt 0.583227 0.528073
vt 0.579738 0.238658
vt 0.583058 0.238891
vt 0.578812 0.230507
vt 0.582535 0.230248
vt 0.578812 0.230507
vt 0.583058 0.238891
vt 0.583058 0.238891
vt 0.579738 0.238658
vt 0.582843 0.247388
vt 0.579191 0.246719
vt 0.582843 0.247388
vt 0.579738 0.238658
vt 0.583081 0.324750
vt 0.579410 0.324932
vt 0.583413 0.333058
vt 0.580094 0.332867
vt 0.583413 0.333058
vt 0.579410 0.324932
vt 0.583413 0.333058
vt 0.580094 0.332867
vt 0.583077 0.341311
vt 0.579414 0.340736
vt 0.583077 0.341311
vt 0.580094 0.332867
vt 0.583175 0.418312
vt 0.579514 0.418580
vt 0.583503 0.426545
vt 0.580189 0.426460
vt 0.583503 0.426545
vt 0.579514 0.418580
vt 0.580279 0.707783
vt 0.573830 0.708043
vt 0.579659 0.716021
vt 0.573427 0.715714
vt 0.579659 0.716021
vt 0.573830 0.708043
vt 0.573830 0.708043
vt 0.580279 0.707783
vt 0.573387 0.700301
vt 0.579547 0.699717
vt 0.573387 0.700301
vt 0.580279 0.707783
vt 0.573407 0.621447
vt 0.579625 0.621457
vt 0.573791 0.613730
vt 0.580257 0.613498
vt 0.573791 0.613730
vt 0.579625 0.621457
vt 0.573791 0.613730
vt 0.580257 0.613498
vt 0.573322 0.606112
vt 0.579536 0.605620
vt 0.573322 0.606112
vt 0.580257 0.613498
vt 0.573326 0.527599
vt 0.579568 0.527789
vt 0.573746 0.520037
vt 0.580228 0.519919
vt 0.573746 0.520037
vt 0.579568 0.527789
vt 0.573263 0.238613
vt 0.579738 0.238658
vt 0.572616 0.230978
vt 0.578812 0.230507
vt 0.572616 0.230978
vt 0.579738 0.238658
vt 0.579738 0.238658
vt 0.573263 0.238613
vt 0.579191 0.246719
vt 0.572962 0.246285
vt 0.579191 0.246719
vt 0.573263 0.238613
vt 0.579410 0.324932
vt 0.573176 0.324933
vt 0.580094 0.332867
vt 0.573605 0.332630
vt 0.580094 0.332867
vt 0.573176 0.324933
vt 0.580094 0.332867
vt 0.573605 0.332630
vt 0.579414 0.340736
vt 0.573177 0.340213
vt 0.579414 0.340736
vt 0.573605 0.332630
vt 0.579514 0.418580
vt 0.573289 0.418736
vt 0.580189 0.426460
vt 0.573703 0.426373
vt 0.580189 0.426460
vt 0.573289 0.418736
vt 0.573830 0.708043
vt 0.565285 0.707915
vt 0.573427 0.715714
vt 0.565141 0.715670
vt 0.573427 0.715714
vt 0.565285 0.707915
vt 0.565285 0.707915
vt 0.573830 0.708043
vt 0.565128 0.700247
vt 0.573387 0.700301
vt 0.565128 0.700247
vt 0.573830 0.708043
vt 0.565119 0.621568
vt 0.573407 0.621447
vt 0.565246 0.613935
vt 0.573791 0.613730
vt 0.565246 0.613935
vt 0.573407 0.621447
vt 0.565246 0.613935
vt 0.573791 0.613730
vt 0.565054 0.606233
vt 0.573322 0.606112
vt 0.565054 0.606233
vt 0.573791 0.613730
vt 0.565035 0.527540
vt 0.573326 0.527599
vt 0.565192 0.519875
vt 0.573746 0.520037
vt 0.565192 0.519875
vt 0.573326 0.527599
vt 0.564727 0.238758
vt 0.573263 0.238613
vt 0.564440 0.231040
vt 0.572616 0.230978
vt 0.564440 0.231040
vt 0.573263 0.238613
vt 0.573263 0.238613
vt 0.564727 0.238758
vt 0.572962 0.246285
vt 0.564661 0.246301
vt 0.572962 0.246285
vt 0.564727 0.238758
vt 0.573176 0.324933
vt 0.564880 0.324788
vt 0.573605 0.332630
vt 0.565044 0.332405
vt 0.573605 0.332630
vt 0.564880 0.324788
vt 0.573605 0.332630
vt 0.565044 0.332405
vt 0.573177 0.340213
vt 0.564885 0.340070
vt 0.573177 0.340213
vt 0.565044 0.332405
vt 0.573289 0.418736
vt 0.564993 0.418609
vt 0.573703 0.426373
vt 0.565143 0.426183
vt 0.573703 0.426373
vt 0.564993 0.418609
vt 0.565285 0.707915
vt 0.551859 0.708277
vt 0.565141 0.715670
vt 0.551869 0.716255
vt 0.565141 0.715670
vt 0.551859 0.708277
vt 0.551859 0.708277
vt 0.565285 0.707915
vt 0.551841 0.700301
vt 0.565128 0.700247
vt 0.551841 0.700301
vt 0.565285 0.707915
vt 0.551821 0.621982
vt 0.565119 0.621568
vt 0.551806 0.614043
vt 0.565246 0.613935
vt 0.551806 0.614043
vt 0.565119 0.621568
vt 0.551806 0.614043
vt 0.565246 0.613935
vt 0.551784 0.606099
vt 0.565054 0.606233
vt 0.551784 0.606099
vt 0.565246 0.613935
vt 0.551750 0.527879
vt 0.565035 0.527540
vt 0.551746 0.519982
vt 0.565192 0.519875
vt 0.551746 0.519982
vt 0.565035 0.527540
vt 0.551327 0.238167
vt 0.564727 0.238758
vt 0.551286 0.230222
vt 0.564440 0.231040
vt 0.551286 0.230222
vt 0.564727 0.238758
vt 0.564727 0.238758
vt 0.551327 0.238167
vt 0.564661 0.246301
vt 0.551363 0.246076
vt 0.564661 0.246301
vt 0.551327 0.238167
vt 0.564880 0.324788
vt 0.551580 0.324245
vt 0.565044 0.332405
vt 0.551592 0.332158
vt 0.565044 0.332405
vt 0.551580 0.324245
vt 0.565044 0.332405
vt 0.551592 0.332158
vt 0.564885 0.340070
vt 0.551595 0.340068
vt 0.564885 0.340070
vt 0.551592 0.332158
vt 0.564993 0.418609
vt 0.551686 0.418207
vt 0.565143 0.426183
vt 0.551692 0.426092
vt 0.565143 0.426183
vt 0.551686 0.418207
vt 0.551859 0.708277
vt 0.535589 0.708623
vt 0.551869 0.716255
vt 0.535557 0.716651
vt 0.551869 0.716255
vt 0.535589 0.708623
vt 0.535589 0.708623
vt 0.551859 0.708277
vt 0.535540 0.700598
vt 0.551841 0.700301
vt 0.535540 0.700598
vt 0.551859 0.708277
vt 0.535496 0.622078
vt 0.551821 0.621982
vt 0.535522 0.614137
vt 0.551806 0.614043
vt 0.535522 0.614137
vt 0.551821 0.621982
vt 0.535522 0.614137
vt 0.551806 0.614043
vt 0.535469 0.606198
vt 0.551784 0.606099
vt 0.535469 0.606198
vt 0.551806 0.614043
vt 0.535421 0.527876
vt 0.551750 0.527879
vt 0.535454 0.519984
vt 0.551746 0.519982
vt 0.535454 0.519984
vt 0.551750 0.527879
vt 0.535094 0.237552
vt 0.551327 0.238167
vt 0.535052 0.229544
vt 0.551286 0.230222
vt 0.535052 0.229544
vt 0.551327 0.238167
vt 0.551327 0.238167
vt 0.535094 0.237552
vt 0.551363 0.246076
vt 0.535071 0.245543
vt 0.551363 0.246076
vt 0.535094 0.237552
vt 0.551580 0.324245
vt 0.535249 0.323977
vt 0.551592 0.332158
vt 0.535301 0.331897
vt 0.551592 0.332158
vt 0.535249 0.323977
vt 0.551592 0.332158
vt 0.535301 0.331897
vt 0.551595 0.340068
vt 0.535270 0.339813
vt 0.551595 0.340068
vt 0.535301 0.331897
vt 0.551686 0.418207
vt 0.535352 0.418088
vt 0.551692 0.426092
vt 0.535397 0.425973
vt 0.551692 0.426092
vt 0.535352 0.418088
vt 0.535589 0.708623
vt 0.518253 0.708811
vt 0.535557 0.716651
vt 0.518231 0.716851
vt 0.535557 0.716651
vt 0.518253 0.708811
vt 0.518253 0.708811
vt 0.535589 0.708623
vt 0.518226 0.700775
vt 0.535540 0.700598
vt 0.518226 0.700775
vt 0.535589 0.708623
vt 0.518156 0.622092
vt 0.535496 0.622078
vt 0.518165 0.614169
vt 0.535522 0.614137
vt 0.518165 0.614169
vt 0.535496 0.622078
vt 0.518165 0.614169
vt 0.535522 0.614137
vt 0.518132 0.606249
vt 0.535469 0.606198
vt 0.518132 0.606249
vt 0.535522 0.614137
vt 0.518073 0.527818
vt 0.535421 0.527876
vt 0.518088 0.519947
vt 0.535454 0.519984
vt 0.518088 0.519947
vt 0.535421 0.527876
vt 0.517785 0.237101
vt 0.535094 0.237552
vt 0.517770 0.229069
vt 0.535052 0.229544
vt 0.517770 0.229069
vt 0.535094 0.237552
vt 0.535094 0.237552
vt 0.517785 0.237101
vt 0.535071 0.245543
vt 0.517770 0.245122
vt 0.535071 0.245543
vt 0.517785 0.237101
vt 0.535249 0.323977
vt 0.517905 0.323766
vt 0.535301 0.331897
vt 0.517939 0.331678
vt 0.535301 0.331897
vt 0.517905 0.323766
vt 0.535301 0.331897
vt 0.517939 0.331678
vt 0.535270 0.339813
vt 0.517928 0.339587
vt 0.535270 0.339813
vt 0.517939 0.331678
vt 0.535352 0.418088
vt 0.518001 0.417994
vt 0.535397 0.425973
vt 0.518030 0.425862
vt 0.535397 0.425973
vt 0.518001 0.417994
vt 0.518253 0.708811
vt 0.500233 0.708791
vt 0.518231 0.716851
vt 0.500227 0.716860
vt 0.518231 0.716851
vt 0.500233 0.708791
vt 0.500233 0.708791
vt 0.518253 0.708811
vt 0.500229 0.700728
vt 0.518226 0.700775
vt 0.500229 0.700728
vt 0.518253 0.708811
vt 0.500128 0.622058
vt 0.518156 0.622092
vt 0.500115 0.614115
vt 0.518165 0.614169
vt 0.500115 0.614115
vt 0.518156 0.622092
vt 0.500115 0.614115
vt 0.518165 0.614169
vt 0.500104 0.606177
vt 0.518132 0.606249
vt 0.500104 0.606177
vt 0.518165 0.614169
vt 0.500037 0.527770
vt 0.518073 0.527818
vt 0.500030 0.519878
vt 0.518088 0.519947
vt 0.500030 0.519878
vt 0.518073 0.527818
vt 0.499774 0.236852
vt 0.517785 0.237101
vt 0.499780 0.228781
vt 0.517770 0.229069
vt 0.499780 0.228781
vt 0.517785 0.237101
vt 0.517785 0.237101
vt 0.499774 0.236852
vt 0.517770 0.245122
vt 0.499778 0.244916
vt 0.517770 0.245122
vt 0.499774 0.236852
vt 0.517905 0.323766
vt 0.499876 0.323589
vt 0.517939 0.331678
vt 0.499888 0.331532
vt 0.517939 0.331678
vt 0.499876 0.323589
vt 0.517939 0.331678
vt 0.499888 0.331532
vt 0.517928 0.339587
vt 0.499899 0.339470
vt 0.517928 0.339587
vt 0.499888 0.331532
vt 0.518001 0.417994
vt 0.499963 0.417876
vt 0.518030 0.425862
vt 0.499970 0.425767
vt 0.518030 0.425862
vt 0.499963 0.417876
vt 0.585238 0.707032
vt 0.583517 0.707442
vt 0.585881 0.715134
vt 0.583286 0.716128
vt 0.585881 0.715134
vt 0.583517 0.707442
vt 0.583517 0.707442
vt 0.585238 0.707032
vt 0.583132 0.698973
vt 0.585718 0.698886
vt 0.583132 0.698973
vt 0.585238 0.707032
vt 0.583272 0.621626
vt 0.585934 0.621051
vt 0.583549 0.613307
vt 0.585329 0.613131
vt 0.583549 0.613307
vt 0.585934 0.621051
vt 0.583549 0.613307
vt 0.585329 0.613131
vt 0.583178 0.605056
vt 0.585822 0.605155
vt 0.583178 0.605056
vt 0.585329 0.613131
vt 0.583227 0.528073
vt 0.585892 0.527650
vt 0.583536 0.519843
vt 0.585327 0.519771
vt 0.583536 0.519843
vt 0.585892 0.527650
vt 0.583058 0.238891
vt 0.584898 0.239287
vt 0.582535 0.230248
vt 0.585378 0.231145
vt 0.582535 0.230248
vt 0.584898 0.239287
vt 0.584898 0.239287
vt 0.583058 0.238891
vt 0.585477 0.247406
vt 0.582843 0.247388
vt 0.585477 0.247406
vt 0.583058 0.238891
vt 0.585780 0.325316
vt 0.583081 0.324750
vt 0.585220 0.333248
vt 0.583413 0.333058
vt 0.585220 0.333248
vt 0.583081 0.324750
vt 0.585220 0.333248
vt 0.583413 0.333058
vt 0.585735 0.341224
vt 0.583077 0.341311
vt 0.585735 0.341224
vt 0.583413 0.333058
vt 0.585849 0.418748
vt 0.583175 0.418312
vt 0.585300 0.426632
vt 0.583503 0.426545
vt 0.585300 0.426632
vt 0.583175 0.418312
vt 0.589911 0.240153
vt 0.596042 0.241331
vt 0.591421 0.233876
vt 0.596082 0.234869
vt 0.591421 0.233876
vt 0.596042 0.241331
vt 0.596042 0.241331
vt 0.589911 0.240153
vt 0.596009 0.247819
vt 0.591434 0.246850
vt 0.596009 0.247819
vt 0.589911 0.240153
vt 0.596271 0.327674
vt 0.591720 0.327244
vt 0.596223 0.334186
vt 0.590169 0.333625
vt 0.596223 0.334186
vt 0.591720 0.327244
vt 0.596223 0.334186
vt 0.590169 0.333625
vt 0.596195 0.340678
vt 0.591667 0.340176
vt 0.596195 0.340678
vt 0.590169 0.333625
vt 0.596279 0.420436
vt 0.591763 0.420431
vt 0.596276 0.426916
vt 0.590233 0.426825
vt 0.596276 0.426916
vt 0.591763 0.420431
vt 0.596165 0.705016
vt 0.590126 0.706103
vt 0.596145 0.711479
vt 0.591651 0.712341
vt 0.596145 0.711479
vt 0.590126 0.706103
vt 0.590126 0.706103
vt 0.596165 0.705016
vt 0.591622 0.699454
vt 0.596136 0.698546
vt 0.591622 0.699454
vt 0.596165 0.705016
vt 0.591832 0.619118
vt 0.596346 0.618737
vt 0.590255 0.612760
vt 0.596283 0.612229
vt 0.590255 0.612760
vt 0.596346 0.618737
vt 0.590255 0.612760
vt 0.596283 0.612229
vt 0.591737 0.606225
vt 0.596244 0.605744
vt 0.591737 0.606225
vt 0.596283 0.612229
vt 0.591795 0.525993
vt 0.596301 0.526001
vt 0.590254 0.519600
vt 0.596291 0.519525
vt 0.590254 0.519600
vt 0.596301 0.526001
vt 0.968918 0.039330
vt 0.973631 0.039096
vt 0.968820 0.039043
vt 0.973665 0.038541
vt 0.968820 0.039043
vt 0.973631 0.039096
vt 0.602621 0.024547
vt 0.597526 0.025383
vt 0.601047 0.033811
vt 0.596419 0.034752
vt 0.601047 0.033811
vt 0.597526 0.025383
vt 0.967275 0.043098
vt 0.971720 0.043419
vt 0.968663 0.040162
vt 0.973307 0.040435
vt 0.968663 0.040162
vt 0.971720 0.043419
vt 0.600327 0.039429
vt 0.595861 0.039697
vt 0.600348 0.042660
vt 0.595735 0.042106
vt 0.600348 0.042660
vt 0.595861 0.039697
vt 0.965671 0.019180
vt 0.967645 0.022115
vt 0.970319 0.019021
vt 0.972251 0.021603
vt 0.970319 0.019021
vt 0.967645 0.022115
vt 0.603489 0.019044
vt 0.598529 0.019136
vt 0.603364 0.021557
vt 0.598320 0.021977
vt 0.603364 0.021557
vt 0.598529 0.019136
vt 0.968663 0.040162
vt 0.973307 0.040435
vt 0.968918 0.039330
vt 0.973631 0.039096
vt 0.968918 0.039330
vt 0.973307 0.040435
vt 0.601047 0.033811
vt 0.596419 0.034752
vt 0.600327 0.039429
vt 0.595861 0.039697
vt 0.600327 0.039429
vt 0.596419 0.034752
vt 0.967645 0.022115
vt 0.968820 0.039043
vt 0.972251 0.021603
vt 0.973665 0.038541
vt 0.972251 0.021603
vt 0.968820 0.039043
vt 0.603364 0.021557
vt 0.598320 0.021977
vt 0.602621 0.024547
vt 0.597526 0.025383
vt 0.602621 0.024547
vt 0.598320 0.021977
vt 0.603253 0.001785
vt 0.598497 0.001761
vt 0.603489 0.019044
vt 0.598529 0.019136
vt 0.603489 0.019044
vt 0.598497 0.001761
vt 0.952431 0.001792
vt 0.965671 0.019180
vt 0.956936 0.001790
vt 0.970319 0.019021
vt 0.956936 0.001790
vt 0.965671 0.019180
vt 0.596328 0.509358
vt 0.600862 0.509332
vt 0.596325 0.437086
vt 0.600860 0.437122
vt 0.596325 0.437086
vt 0.600862 0.509332
vt 0.968273 0.907377
vt 0.968027 0.907764
vt 0.972991 0.908233
vt 0.972922 0.908658
vt 0.972991 0.908233
vt 0.968027 0.907764
vt 0.601689 0.922283
vt 0.600331 0.912990
vt 0.596490 0.921192
vt 0.595620 0.911737
vt 0.596490 0.921192
vt 0.600331 0.912990
vt 0.967145 0.903437
vt 0.968237 0.906450
vt 0.971651 0.903448
vt 0.972886 0.906854
vt 0.971651 0.903448
vt 0.968237 0.906450
vt 0.599838 0.907295
vt 0.600123 0.903899
vt 0.595246 0.906693
vt 0.595364 0.904265
vt 0.595246 0.906693
vt 0.600123 0.903899
vt 0.964586 0.927615
vt 0.969235 0.927853
vt 0.966626 0.924698
vt 0.971205 0.925409
vt 0.966626 0.924698
vt 0.969235 0.927853
vt 0.602390 0.927739
vt 0.602325 0.925259
vt 0.597371 0.927446
vt 0.597211 0.924617
vt 0.597371 0.927446
vt 0.602325 0.925259
vt 0.968237 0.906450
vt 0.968273 0.907377
vt 0.972886 0.906854
vt 0.972991 0.908233
vt 0.972886 0.906854
vt 0.968273 0.907377
vt 0.600331 0.912990
vt 0.599838 0.907295
vt 0.595620 0.911737
vt 0.595246 0.906693
vt 0.595620 0.911737
vt 0.599838 0.907295
vt 0.966626 0.924698
vt 0.971205 0.925409
vt 0.968027 0.907764
vt 0.972922 0.908658
vt 0.968027 0.907764
vt 0.971205 0.925409
vt 0.602325 0.925259
vt 0.601689 0.922283
vt 0.597211 0.924617
vt 0.596490 0.921192
vt 0.597211 0.924617
vt 0.601689 0.922283
vt 0.602390 0.927739
vt 0.597371 0.927446
vt 0.602069 0.944975
vt 0.597256 0.944804
vt 0.602069 0.944975
vt 0.597371 0.927446
vt 0.951327 0.945014
vt 0.955844 0.945036
vt 0.964586 0.927615
vt 0.969235 0.927853
vt 0.964586 0.927615
vt 0.955844 0.945036
vt 0.595986 0.228817
vt 0.600664 0.229657
vt 0.595740 0.046038
vt 0.600355 0.046598
vt 0.595740 0.046038
vt 0.600664 0.229657
vt 0.967145 0.903437
vt 0.971651 0.903448
vt 0.967275 0.043098
vt 0.971720 0.043419
vt 0.967275 0.043098
vt 0.971651 0.903448
vt 0.596246 0.323901
vt 0.600819 0.324486
vt 0.596111 0.251579
vt 0.600736 0.252297
vt 0.596111 0.251579
vt 0.600819 0.324486
vt 0.596290 0.416697
vt 0.600841 0.416913
vt 0.596244 0.344417
vt 0.600811 0.344744
vt 0.596244 0.344417
vt 0.600841 0.416913
vt 0.595374 0.900333
vt 0.600132 0.899959
vt 0.595871 0.717565
vt 0.600583 0.716814
vt 0.595871 0.717565
vt 0.600132 0.899959
vt 0.596221 0.694806
vt 0.600792 0.694140
vt 0.596336 0.622501
vt 0.600864 0.621954
vt 0.596336 0.622501
vt 0.600792 0.694140
vt 0.596283 0.602011
vt 0.600832 0.601708
vt 0.596320 0.529737
vt 0.600856 0.529537
vt 0.596320 0.529737
vt 0.600832 0.601708
vt 0.600850 0.427007
vt 0.596276 0.426916
vt 0.600852 0.433452
vt 0.596295 0.433369
vt 0.600852 0.433452
vt 0.596276 0.426916
vt 0.600856 0.513001
vt 0.596304 0.513074
vt 0.600858 0.519446
vt 0.596291 0.519525
vt 0.600858 0.519446
vt 0.596304 0.513074
vt 0.600746 0.235839
vt 0.596082 0.234869
vt 0.600721 0.242257
vt 0.596042 0.241331
vt 0.600721 0.242257
vt 0.596082 0.234869
vt 0.600721 0.242257
vt 0.596042 0.241331
vt 0.600686 0.248727
vt 0.596009 0.247819
vt 0.600686 0.248727
vt 0.596042 0.241331
vt 0.600841 0.328246
vt 0.596271 0.327674
vt 0.600817 0.334677
vt 0.596223 0.334186
vt 0.600817 0.334677
vt 0.596271 0.327674
vt 0.600817 0.334677
vt 0.596223 0.334186
vt 0.600791 0.341131
vt 0.596195 0.340678
vt 0.600791 0.341131
vt 0.596223 0.334186
vt 0.600839 0.420584
vt 0.596279 0.420436
vt 0.600850 0.427007
vt 0.596276 0.426916
vt 0.600850 0.427007
vt 0.596279 0.420436
vt 0.600779 0.704196
vt 0.596165 0.705016
vt 0.600754 0.710636
vt 0.596145 0.711479
vt 0.600754 0.710636
vt 0.596165 0.705016
vt 0.600751 0.697715
vt 0.596136 0.698546
vt 0.600779 0.704196
vt 0.596165 0.705016
vt 0.600779 0.704196
vt 0.596136 0.698546
vt 0.600847 0.611769
vt 0.596283 0.612229
vt 0.600879 0.618200
vt 0.596346 0.618737
vt 0.600879 0.618200
vt 0.596283 0.612229
vt 0.600816 0.605320
vt 0.596244 0.605744
vt 0.600847 0.611769
vt 0.596283 0.612229
vt 0.600847 0.611769
vt 0.596244 0.605744
vt 0.600858 0.519446
vt 0.596291 0.519525
vt 0.600850 0.525868
vt 0.596301 0.526001
vt 0.600850 0.525868
vt 0.596291 0.519525
vt 0.600862 0.510885
vt 0.596328 0.510913
vt 0.600856 0.513001
vt 0.596304 0.513074
vt 0.600856 0.513001
vt 0.596328 0.510913
vt 0.592143 0.510955
vt 0.585990 0.510504
vt 0.591780 0.513184
vt 0.585842 0.511885
vt 0.591780 0.513184
vt 0.585990 0.510504
vt 0.585982 0.435904
vt 0.592137 0.435477
vt 0.585826 0.434519
vt 0.591767 0.433247
vt 0.585826 0.434519
vt 0.592137 0.435477
vt 0.583072 0.510387
vt 0.579212 0.510558
vt 0.583179 0.511634
vt 0.579532 0.512075
vt 0.583179 0.511634
vt 0.579212 0.510558
vt 0.579199 0.435797
vt 0.583064 0.435997
vt 0.579505 0.434303
vt 0.583161 0.434754
vt 0.579505 0.434303
vt 0.583064 0.435997
vt 0.579212 0.510558
vt 0.573048 0.510633
vt 0.579532 0.512075
vt 0.573323 0.512393
vt 0.579532 0.512075
vt 0.573048 0.510633
vt 0.573031 0.435618
vt 0.579199 0.435797
vt 0.573270 0.433921
vt 0.579505 0.434303
vt 0.573270 0.433921
vt 0.579199 0.435797
vt 0.573048 0.510633
vt 0.565033 0.510588
vt 0.573323 0.512393
vt 0.565038 0.512304
vt 0.573323 0.512393
vt 0.565033 0.510588
vt 0.565010 0.435583
vt 0.573031 0.435618
vt 0.564979 0.433822
vt 0.573270 0.433921
vt 0.564979 0.433822
vt 0.573031 0.435618
vt 0.565033 0.510588
vt 0.551863 0.510465
vt 0.565038 0.512304
vt 0.551735 0.512089
vt 0.565038 0.512304
vt 0.551863 0.510465
vt 0.551839 0.435598
vt 0.565010 0.435583
vt 0.551690 0.433978
vt 0.564979 0.433822
vt 0.551690 0.433978
vt 0.565010 0.435583
vt 0.551863 0.510465
vt 0.535461 0.510425
vt 0.551735 0.512089
vt 0.535407 0.512092
vt 0.551735 0.512089
vt 0.535461 0.510425
vt 0.535441 0.435517
vt 0.551839 0.435598
vt 0.535362 0.433857
vt 0.551690 0.433978
vt 0.535362 0.433857
vt 0.551839 0.435598
vt 0.535461 0.510425
vt 0.518070 0.510374
vt 0.535407 0.512092
vt 0.518060 0.512076
vt 0.535407 0.512092
vt 0.518070 0.510374
vt 0.518053 0.435426
vt 0.535441 0.435517
vt 0.518014 0.433728
vt 0.535362 0.433857
vt 0.518014 0.433728
vt 0.535441 0.435517
vt 0.518070 0.510374
vt 0.500008 0.510293
vt 0.518060 0.512076
vt 0.500023 0.511988
vt 0.518060 0.512076
vt 0.500008 0.510293
vt 0.499992 0.435351
vt 0.518053 0.435426
vt 0.499977 0.433657
vt 0.518014 0.433728
vt 0.499977 0.433657
vt 0.518053 0.435426
vt 0.585990 0.510504
vt 0.583072 0.510387
vt 0.585842 0.511885
vt 0.583179 0.511634
vt 0.585842 0.511885
vt 0.583072 0.510387
vt 0.583064 0.435997
vt 0.585982 0.435904
vt 0.583161 0.434754
vt 0.585826 0.434519
vt 0.583161 0.434754
vt 0.585982 0.435904
vt 0.592137 0.435477
vt 0.596325 0.435531
vt 0.591767 0.433247
vt 0.596295 0.433369
vt 0.591767 0.433247
vt 0.596325 0.435531
vt 0.596328 0.510913
vt 0.592143 0.510955
vt 0.596304 0.513074
vt 0.591780 0.513184
vt 0.596304 0.513074
vt 0.592143 0.510955
vt 0.600670 0.233595
vt 0.595991 0.232749
vt 0.600746 0.235839
vt 0.596082 0.234869
vt 0.600746 0.235839
vt 0.595991 0.232749
vt 0.600821 0.326039
vt 0.596249 0.325457
vt 0.600841 0.328246
vt 0.596271 0.327674
vt 0.600841 0.328246
vt 0.596249 0.325457
vt 0.600841 0.418466
vt 0.596291 0.418251
vt 0.600839 0.420584
vt 0.596279 0.420436
vt 0.600839 0.420584
vt 0.596291 0.418251
vt 0.600791 0.695693
vt 0.596218 0.696361
vt 0.600751 0.697715
vt 0.596136 0.698546
vt 0.600751 0.697715
vt 0.596218 0.696361
vt 0.600831 0.603260
vt 0.596283 0.603566
vt 0.600816 0.605320
vt 0.596244 0.605744
vt 0.600816 0.605320
vt 0.596283 0.603566
vt 0.586016 0.716741
vt 0.591834 0.714635
vt 0.585881 0.715134
vt 0.591651 0.712341
vt 0.585881 0.715134
vt 0.591834 0.714635
vt 0.592035 0.697069
vt 0.585909 0.697236
vt 0.591622 0.699454
vt 0.585718 0.698886
vt 0.591622 0.699454
vt 0.585909 0.697236
vt 0.586055 0.622476
vt 0.592173 0.621438
vt 0.585934 0.621051
vt 0.591832 0.619118
vt 0.585934 0.621051
vt 0.592173 0.621438
vt 0.592108 0.603901
vt 0.585971 0.603676
vt 0.591737 0.606225
vt 0.585822 0.605155
vt 0.591737 0.606225
vt 0.585971 0.603676
vt 0.586027 0.529038
vt 0.592152 0.528297
vt 0.585892 0.527650
vt 0.591795 0.525993
vt 0.585892 0.527650
vt 0.592152 0.528297
vt 0.591702 0.231653
vt 0.585412 0.229536
vt 0.591421 0.233876
vt 0.585378 0.231145
vt 0.591421 0.233876
vt 0.585412 0.229536
vt 0.585702 0.249088
vt 0.591871 0.249273
vt 0.585477 0.247406
vt 0.591434 0.246850
vt 0.585477 0.247406
vt 0.591871 0.249273
vt 0.592045 0.324918
vt 0.585882 0.323882
vt 0.591720 0.327244
vt 0.585780 0.325316
vt 0.591720 0.327244
vt 0.585882 0.323882
vt 0.585898 0.342712
vt 0.592050 0.342510
vt 0.585735 0.341224
vt 0.591667 0.340176
vt 0.585735 0.341224
vt 0.592050 0.342510
vt 0.592111 0.418122
vt 0.585975 0.417358
vt 0.591763 0.420431
vt 0.585849 0.418748
vt 0.591763 0.420431
vt 0.585975 0.417358
vt 0.579347 0.717959
vt 0.583219 0.717940
vt 0.579659 0.716021
vt 0.583286 0.716128
vt 0.579659 0.716021
vt 0.583219 0.717940
vt 0.583050 0.697528
vt 0.579244 0.698031
vt 0.583132 0.698973
vt 0.579547 0.699717
vt 0.583132 0.698973
vt 0.579244 0.698031
vt 0.579296 0.623101
vt 0.583147 0.622987
vt 0.579625 0.621457
vt 0.583272 0.621626
vt 0.579625 0.621457
vt 0.583147 0.622987
vt 0.583072 0.603771
vt 0.579225 0.604093
vt 0.583178 0.605056
vt 0.579536 0.605620
vt 0.583178 0.605056
vt 0.579225 0.604093
vt 0.579247 0.529315
vt 0.583114 0.529340
vt 0.579568 0.527789
vt 0.583227 0.528073
vt 0.579568 0.527789
vt 0.583114 0.529340
vt 0.582228 0.228467
vt 0.578199 0.228623
vt 0.582535 0.230248
vt 0.578812 0.230507
vt 0.582535 0.230248
vt 0.578199 0.228623
vt 0.578948 0.248386
vt 0.582804 0.248852
vt 0.579191 0.246719
vt 0.582843 0.247388
vt 0.579191 0.246719
vt 0.582804 0.248852
vt 0.582928 0.323392
vt 0.579042 0.323304
vt 0.583081 0.324750
vt 0.579410 0.324932
vt 0.583081 0.324750
vt 0.579042 0.323304
vt 0.579127 0.342253
vt 0.582988 0.342600
vt 0.579414 0.340736
vt 0.583077 0.341311
vt 0.579414 0.340736
vt 0.582988 0.342600
vt 0.583049 0.417038
vt 0.579175 0.417036
vt 0.583175 0.418312
vt 0.579514 0.418580
vt 0.583175 0.418312
vt 0.579175 0.417036
vt 0.573171 0.717557
vt 0.579347 0.717959
vt 0.573427 0.715714
vt 0.579659 0.716021
vt 0.573427 0.715714
vt 0.579347 0.717959
vt 0.579244 0.698031
vt 0.573122 0.698392
vt 0.579547 0.699717
vt 0.573387 0.700301
vt 0.579547 0.699717
vt 0.573122 0.698392
vt 0.573140 0.623267
vt 0.579296 0.623101
vt 0.573407 0.621447
vt 0.579625 0.621457
vt 0.573407 0.621447
vt 0.579296 0.623101
vt 0.579225 0.604093
vt 0.573071 0.604356
vt 0.579536 0.605620
vt 0.573322 0.606112
vt 0.579536 0.605620
vt 0.573071 0.604356
vt 0.573076 0.529306
vt 0.579247 0.529315
vt 0.573326 0.527599
vt 0.579568 0.527789
vt 0.573326 0.527599
vt 0.579247 0.529315
vt 0.578199 0.228623
vt 0.572123 0.229146
vt 0.578812 0.230507
vt 0.572616 0.230978
vt 0.578812 0.230507
vt 0.572123 0.229146
vt 0.572778 0.248088
vt 0.578948 0.248386
vt 0.572962 0.246285
vt 0.579191 0.246719
vt 0.572962 0.246285
vt 0.578948 0.248386
vt 0.579042 0.323304
vt 0.572859 0.323139
vt 0.579410 0.324932
vt 0.573176 0.324933
vt 0.579410 0.324932
vt 0.572859 0.323139
vt 0.572957 0.341943
vt 0.579127 0.342253
vt 0.573177 0.340213
vt 0.579414 0.340736
vt 0.573177 0.340213
vt 0.579127 0.342253
vt 0.579175 0.417036
vt 0.572998 0.416980
vt 0.579514 0.418580
vt 0.573289 0.418736
vt 0.579514 0.418580
vt 0.572998 0.416980
vt 0.565140 0.717502
vt 0.573171 0.717557
vt 0.565141 0.715670
vt 0.573427 0.715714
vt 0.565141 0.715670
vt 0.573171 0.717557
vt 0.573122 0.698392
vt 0.565139 0.698466
vt 0.573387 0.700301
vt 0.565128 0.700247
vt 0.573387 0.700301
vt 0.565139 0.698466
vt 0.565121 0.623378
vt 0.573140 0.623267
vt 0.565119 0.621568
vt 0.573407 0.621447
vt 0.565119 0.621568
vt 0.573140 0.623267
vt 0.573071 0.604356
vt 0.565071 0.604409
vt 0.573322 0.606112
vt 0.565054 0.606233
vt 0.573322 0.606112
vt 0.565071 0.604409
vt 0.565054 0.529350
vt 0.573076 0.529306
vt 0.565035 0.527540
vt 0.573326 0.527599
vt 0.565035 0.527540
vt 0.573076 0.529306
vt 0.572123 0.229146
vt 0.564327 0.229190
vt 0.572616 0.230978
vt 0.564440 0.231040
vt 0.572616 0.230978
vt 0.564327 0.229190
vt 0.564748 0.247967
vt 0.572778 0.248088
vt 0.564661 0.246301
vt 0.572962 0.246285
vt 0.564661 0.246301
vt 0.572778 0.248088
vt 0.572859 0.323139
vt 0.564835 0.322990
vt 0.573176 0.324933
vt 0.564880 0.324788
vt 0.573176 0.324933
vt 0.564835 0.322990
vt 0.564936 0.341838
vt 0.572957 0.341943
vt 0.564885 0.340070
vt 0.573177 0.340213
vt 0.564885 0.340070
vt 0.572957 0.341943
vt 0.572998 0.416980
vt 0.564974 0.416862
vt 0.573289 0.418736
vt 0.564993 0.418609
vt 0.573289 0.418736
vt 0.564974 0.416862
vt 0.551967 0.717963
vt 0.565140 0.717502
vt 0.551869 0.716255
vt 0.565141 0.715670
vt 0.551869 0.716255
vt 0.565140 0.717502
vt 0.565139 0.698466
vt 0.551997 0.698589
vt 0.565128 0.700247
vt 0.551841 0.700301
vt 0.565128 0.700247
vt 0.551997 0.698589
vt 0.551950 0.623652
vt 0.565121 0.623378
vt 0.551821 0.621982
vt 0.565119 0.621568
vt 0.551821 0.621982
vt 0.565121 0.623378
vt 0.565071 0.604409
vt 0.551919 0.604418
vt 0.565054 0.606233
vt 0.551784 0.606099
vt 0.565054 0.606233
vt 0.551919 0.604418
vt 0.551885 0.529514
vt 0.565054 0.529350
vt 0.551750 0.527879
vt 0.565035 0.527540
vt 0.551750 0.527879
vt 0.565054 0.529350
vt 0.564327 0.229190
vt 0.551345 0.228525
vt 0.564440 0.231040
vt 0.551286 0.230222
vt 0.564440 0.231040
vt 0.551345 0.228525
vt 0.551578 0.247709
vt 0.564748 0.247967
vt 0.551363 0.246076
vt 0.564661 0.246301
vt 0.551363 0.246076
vt 0.564748 0.247967
vt 0.564835 0.322990
vt 0.551666 0.322596
vt 0.564880 0.324788
vt 0.551580 0.324245
vt 0.564880 0.324788
vt 0.551666 0.322596
vt 0.551764 0.341712
vt 0.564936 0.341838
vt 0.551595 0.340068
vt 0.564885 0.340070
vt 0.551595 0.340068
vt 0.564936 0.341838
vt 0.564974 0.416862
vt 0.551798 0.416589
vt 0.564993 0.418609
vt 0.551686 0.418207
vt 0.564993 0.418609
vt 0.551798 0.416589
vt 0.535587 0.718454
vt 0.551967 0.717963
vt 0.535557 0.716651
vt 0.551869 0.716255
vt 0.535557 0.716651
vt 0.551967 0.717963
vt 0.551997 0.698589
vt 0.535618 0.698798
vt 0.551841 0.700301
vt 0.535540 0.700598
vt 0.551841 0.700301
vt 0.535618 0.698798
vt 0.535558 0.623795
vt 0.551950 0.623652
vt 0.535496 0.622078
vt 0.551821 0.621982
vt 0.535496 0.622078
vt 0.551950 0.623652
vt 0.551919 0.604418
vt 0.535529 0.604482
vt 0.551784 0.606099
vt 0.535469 0.606198
vt 0.551784 0.606099
vt 0.535529 0.604482
vt 0.535490 0.529545
vt 0.551885 0.529514
vt 0.535421 0.527876
vt 0.551750 0.527879
vt 0.535421 0.527876
vt 0.551885 0.529514
vt 0.551345 0.228525
vt 0.535072 0.227754
vt 0.551286 0.230222
vt 0.535052 0.229544
vt 0.551286 0.230222
vt 0.535072 0.227754
vt 0.535201 0.247306
vt 0.551578 0.247709
vt 0.535071 0.245543
vt 0.551363 0.246076
vt 0.535071 0.245543
vt 0.551578 0.247709
vt 0.551666 0.322596
vt 0.535266 0.322280
vt 0.551580 0.324245
vt 0.535249 0.323977
vt 0.551580 0.324245
vt 0.535266 0.322280
vt 0.535366 0.341505
vt 0.551764 0.341712
vt 0.535270 0.339813
vt 0.551595 0.340068
vt 0.535270 0.339813
vt 0.551764 0.341712
vt 0.551798 0.416589
vt 0.535392 0.416426
vt 0.551686 0.418207
vt 0.535352 0.418088
vt 0.551686 0.418207
vt 0.535392 0.416426
vt 0.518233 0.718725
vt 0.535587 0.718454
vt 0.518231 0.716851
vt 0.535557 0.716651
vt 0.518231 0.716851
vt 0.535587 0.718454
vt 0.535618 0.698798
vt 0.518248 0.698910
vt 0.535540 0.700598
vt 0.518226 0.700775
vt 0.535540 0.700598
vt 0.518248 0.698910
vt 0.518189 0.623850
vt 0.535558 0.623795
vt 0.518156 0.622092
vt 0.535496 0.622078
vt 0.518156 0.622092
vt 0.535558 0.623795
vt 0.535529 0.604482
vt 0.518144 0.604498
vt 0.535469 0.606198
vt 0.518132 0.606249
vt 0.535469 0.606198
vt 0.518144 0.604498
vt 0.518108 0.529523
vt 0.535490 0.529545
vt 0.518073 0.527818
vt 0.535421 0.527876
vt 0.518073 0.527818
vt 0.535490 0.529545
vt 0.535072 0.227754
vt 0.517776 0.227202
vt 0.535052 0.229544
vt 0.517770 0.229069
vt 0.535052 0.229544
vt 0.517776 0.227202
vt 0.517839 0.246972
vt 0.535201 0.247306
vt 0.517770 0.245122
vt 0.535071 0.245543
vt 0.517770 0.245122
vt 0.535201 0.247306
vt 0.535266 0.322280
vt 0.517890 0.322018
vt 0.535249 0.323977
vt 0.517905 0.323766
vt 0.535249 0.323977
vt 0.517890 0.322018
vt 0.517979 0.341325
vt 0.535366 0.341505
vt 0.517928 0.339587
vt 0.535270 0.339813
vt 0.517928 0.339587
vt 0.535366 0.341505
vt 0.535392 0.416426
vt 0.518003 0.416293
vt 0.535352 0.418088
vt 0.518001 0.417994
vt 0.535352 0.418088
vt 0.518003 0.416293
vt 0.500222 0.718737
vt 0.518233 0.718725
vt 0.500227 0.716860
vt 0.518231 0.716851
vt 0.500227 0.716860
vt 0.518233 0.718725
vt 0.518248 0.698910
vt 0.500206 0.698863
vt 0.518226 0.700775
vt 0.500229 0.700728
vt 0.518226 0.700775
vt 0.500206 0.698863
vt 0.500153 0.623808
vt 0.518189 0.623850
vt 0.500128 0.622058
vt 0.518156 0.622092
vt 0.500128 0.622058
vt 0.518189 0.623850
vt 0.518144 0.604498
vt 0.500084 0.604435
vt 0.518132 0.606249
vt 0.500104 0.606177
vt 0.518132 0.606249
vt 0.500084 0.604435
vt 0.500054 0.529468
vt 0.518108 0.529523
vt 0.500037 0.527770
vt 0.518073 0.527818
vt 0.500037 0.527770
vt 0.518108 0.529523
vt 0.517776 0.227202
vt 0.499784 0.226902
vt 0.517770 0.229069
vt 0.499780 0.228781
vt 0.517770 0.229069
vt 0.499784 0.226902
vt 0.499802 0.246782
vt 0.517839 0.246972
vt 0.499778 0.244916
vt 0.517770 0.245122
vt 0.499778 0.244916
vt 0.517839 0.246972
vt 0.517890 0.322018
vt 0.499851 0.321838
vt 0.517905 0.323766
vt 0.499876 0.323589
vt 0.517905 0.323766
vt 0.499851 0.321838
vt 0.499918 0.341211
vt 0.517979 0.341325
vt 0.499899 0.339470
vt 0.517928 0.339587
vt 0.499899 0.339470
vt 0.517979 0.341325
vt 0.518003 0.416293
vt 0.499946 0.416178
vt 0.518001 0.417994
vt 0.499963 0.417876
vt 0.518001 0.417994
vt 0.499946 0.416178
vt 0.583219 0.717940
vt 0.586016 0.716741
vt 0.583286 0.716128
vt 0.585881 0.715134
vt 0.583286 0.716128
vt 0.586016 0.716741
vt 0.585909 0.697236
vt 0.583050 0.697528
vt 0.585718 0.698886
vt 0.583132 0.698973
vt 0.585718 0.698886
vt 0.583050 0.697528
vt 0.583147 0.622987
vt 0.586055 0.622476
vt 0.583272 0.621626
vt 0.585934 0.621051
vt 0.583272 0.621626
vt 0.586055 0.622476
vt 0.585971 0.603676
vt 0.583072 0.603771
vt 0.585822 0.605155
vt 0.583178 0.605056
vt 0.585822 0.605155
vt 0.583072 0.603771
vt 0.583114 0.529340
vt 0.586027 0.529038
vt 0.583227 0.528073
vt 0.585892 0.527650
vt 0.583227 0.528073
vt 0.586027 0.529038
vt 0.585412 0.229536
vt 0.582228 0.228467
vt 0.585378 0.231145
vt 0.582535 0.230248
vt 0.585378 0.231145
vt 0.582228 0.228467
vt 0.582804 0.248852
vt 0.585702 0.249088
vt 0.582843 0.247388
vt 0.585477 0.247406
vt 0.582843 0.247388
vt 0.585702 0.249088
vt 0.585882 0.323882
vt 0.582928 0.323392
vt 0.585780 0.325316
vt 0.583081 0.324750
vt 0.585780 0.325316
vt 0.582928 0.323392
vt 0.582988 0.342600
vt 0.585898 0.342712
vt 0.583077 0.341311
vt 0.585735 0.341224
vt 0.583077 0.341311
vt 0.585898 0.342712
vt 0.585975 0.417358
vt 0.583049 0.417038
vt 0.585849 0.418748
vt 0.583175 0.418312
vt 0.585849 0.418748
vt 0.583049 0.417038
vt 0.595991 0.232749
vt 0.591702 0.231653
vt 0.596082 0.234869
vt 0.591421 0.233876
vt 0.596082 0.234869
vt 0.591702 0.231653
vt 0.591871 0.249273
vt 0.596108 0.250023
vt 0.591434 0.246850
vt 0.596009 0.247819
vt 0.591434 0.246850
vt 0.596108 0.250023
vt 0.596249 0.325457
vt 0.592045 0.324918
vt 0.596271 0.327674
vt 0.591720 0.327244
vt 0.596271 0.327674
vt 0.592045 0.324918
vt 0.592050 0.342510
vt 0.596243 0.342863
vt 0.591667 0.340176
vt 0.596195 0.340678
vt 0.591667 0.340176
vt 0.596243 0.342863
vt 0.596291 0.418251
vt 0.592111 0.418122
vt 0.596279 0.420436
vt 0.591763 0.420431
vt 0.596279 0.420436
vt 0.592111 0.418122
vt 0.591834 0.714635
vt 0.595882 0.713633
vt 0.591651 0.712341
vt 0.596145 0.711479
vt 0.591651 0.712341
vt 0.595882 0.713633
vt 0.596218 0.696361
vt 0.592035 0.697069
vt 0.596136 0.698546
vt 0.591622 0.699454
vt 0.596136 0.698546
vt 0.592035 0.697069
vt 0.592173 0.621438
vt 0.596338 0.620946
vt 0.591832 0.619118
vt 0.596346 0.618737
vt 0.591832 0.619118
vt 0.596338 0.620946
vt 0.596283 0.603566
vt 0.592108 0.603901
vt 0.596244 0.605744
vt 0.591737 0.606225
vt 0.596244 0.605744
vt 0.592108 0.603901
vt 0.592152 0.528297
vt 0.596321 0.528183
vt 0.591795 0.525993
vt 0.596301 0.526001
vt 0.591795 0.525993
vt 0.596321 0.528183
vt 0.596325 0.435531
vt 0.600860 0.435569
vt 0.596295 0.433369
vt 0.600852 0.433452
vt 0.596295 0.433369
vt 0.600860 0.435569
vt 0.596108 0.250023
vt 0.600734 0.250744
vt 0.596009 0.247819
vt 0.600686 0.248727
vt 0.596009 0.247819
vt 0.600734 0.250744
vt 0.596243 0.342863
vt 0.600810 0.343191
vt 0.596195 0.340678
vt 0.600791 0.341131
vt 0.596195 0.340678
vt 0.600810 0.343191
vt 0.595882 0.713633
vt 0.600593 0.712874
vt 0.596145 0.711479
vt 0.600754 0.710636
vt 0.596145 0.711479
vt 0.600593 0.712874
vt 0.596338 0.620946
vt 0.600866 0.620401
vt 0.596346 0.618737
vt 0.600879 0.618200
vt 0.596346 0.618737
vt 0.600866 0.620401
vt 0.596321 0.528183
vt 0.600856 0.527985
vt 0.596301 0.526001
vt 0.600850 0.525868
vt 0.596301 0.526001
vt 0.600856 0.527985
vt 0.416142 0.038035
vt 0.409277 0.040799
vt 0.416098 0.041970
vt 0.409254 0.044721
vt 0.416098 0.041970
vt 0.409277 0.040799
vt 0.408173 0.230941
vt 0.413992 0.228841
vt 0.408195 0.227020
vt 0.414037 0.224906
vt 0.408195 0.227020
vt 0.413992 0.228841
vt 0.424499 0.036994
vt 0.420025 0.036855
vt 0.424420 0.040926
vt 0.419958 0.040790
vt 0.424420 0.040926
vt 0.420025 0.036855
vt 0.416792 0.227649
vt 0.420664 0.227637
vt 0.416858 0.223714
vt 0.420743 0.223705
vt 0.416858 0.223714
vt 0.420664 0.227637
vt 0.430438 0.037812
vt 0.424499 0.036994
vt 0.430364 0.041736
vt 0.424420 0.040926
vt 0.430364 0.041736
vt 0.424499 0.036994
vt 0.420664 0.227637
vt 0.426840 0.228048
vt 0.420743 0.223705
vt 0.426914 0.224125
vt 0.420743 0.223705
vt 0.426840 0.228048
vt 0.437576 0.038292
vt 0.430438 0.037812
vt 0.437520 0.042206
vt 0.430364 0.041736
vt 0.437520 0.042206
vt 0.430438 0.037812
vt 0.426840 0.228048
vt 0.434870 0.228108
vt 0.426914 0.224125
vt 0.434926 0.224193
vt 0.426914 0.224125
vt 0.434870 0.228108
vt 0.449819 0.037229
vt 0.437576 0.038292
vt 0.449782 0.041157
vt 0.437520 0.042206
vt 0.449782 0.041157
vt 0.437576 0.038292
vt 0.434870 0.228108
vt 0.448042 0.227658
vt 0.434926 0.224193
vt 0.448079 0.223730
vt 0.434926 0.224193
vt 0.448042 0.227658
vt 0.465681 0.036629
vt 0.449819 0.037229
vt 0.465655 0.040559
vt 0.449782 0.041157
vt 0.465655 0.040559
vt 0.449819 0.037229
vt 0.448042 0.227658
vt 0.464422 0.227175
vt 0.448079 0.223730
vt 0.464448 0.223245
vt 0.448079 0.223730
vt 0.464422 0.227175
vt 0.482854 0.036295
vt 0.465681 0.036629
vt 0.482832 0.040227
vt 0.465655 0.040559
vt 0.482832 0.040227
vt 0.465681 0.036629
vt 0.464422 0.227175
vt 0.481774 0.226910
vt 0.464448 0.223245
vt 0.481796 0.222979
vt 0.464448 0.223245
vt 0.481774 0.226910
vt 0.500857 0.036269
vt 0.482854 0.036295
vt 0.500835 0.040201
vt 0.482832 0.040227
vt 0.500835 0.040201
vt 0.482854 0.036295
vt 0.481774 0.226910
vt 0.499784 0.226902
vt 0.481796 0.222979
vt 0.499806 0.222970
vt 0.481796 0.222979
vt 0.499784 0.226902
vt 0.420025 0.036855
vt 0.416142 0.038035
vt 0.419958 0.040790
vt 0.416098 0.041970
vt 0.419958 0.040790
vt 0.416142 0.038035
vt 0.413992 0.228841
vt 0.416792 0.227649
vt 0.414037 0.224906
vt 0.416858 0.223714
vt 0.414037 0.224906
vt 0.416792 0.227649
vt 0.409277 0.040799
vt 0.404640 0.041308
vt 0.409254 0.044721
vt 0.404629 0.045240
vt 0.409254 0.044721
vt 0.404640 0.041308
vt 0.404123 0.231939
vt 0.408173 0.230941
vt 0.404133 0.228007
vt 0.408195 0.227020
vt 0.404133 0.228007
vt 0.408173 0.230941
vt 0.399410 0.232694
vt 0.404123 0.231939
vt 0.399420 0.228754
vt 0.404133 0.228007
vt 0.399420 0.228754
vt 0.404123 0.231939
vt 0.404640 0.041308
vt 0.399880 0.041669
vt 0.404629 0.045240
vt 0.399871 0.045609
vt 0.404629 0.045240
vt 0.399880 0.041669
vt 0.591454 0.041624
vt 0.585209 0.038596
vt 0.591460 0.045544
vt 0.585213 0.042534
vt 0.591460 0.045544
vt 0.585209 0.038596
vt 0.585412 0.229536
vt 0.591702 0.231653
vt 0.585408 0.225597
vt 0.591697 0.227734
vt 0.585408 0.225597
vt 0.591702 0.231653
vt 0.581821 0.037515
vt 0.577633 0.037884
vt 0.581829 0.041454
vt 0.577645 0.041818
vt 0.581829 0.041454
vt 0.577633 0.037884
vt 0.578199 0.228623
vt 0.582228 0.228467
vt 0.578187 0.224689
vt 0.582219 0.224529
vt 0.578187 0.224689
vt 0.582228 0.228467
vt 0.577633 0.037884
vt 0.571694 0.038833
vt 0.577645 0.041818
vt 0.571703 0.042759
vt 0.577645 0.041818
vt 0.571694 0.038833
vt 0.572123 0.229146
vt 0.578199 0.228623
vt 0.572115 0.225220
vt 0.578187 0.224689
vt 0.572115 0.225220
vt 0.578199 0.228623
vt 0.571694 0.038833
vt 0.564391 0.039325
vt 0.571703 0.042759
vt 0.564389 0.043241
vt 0.571703 0.042759
vt 0.564391 0.039325
vt 0.564327 0.229190
vt 0.572123 0.229146
vt 0.564328 0.225274
vt 0.572115 0.225220
vt 0.564328 0.225274
vt 0.572123 0.229146
vt 0.564391 0.039325
vt 0.552012 0.038093
vt 0.564389 0.043241
vt 0.551998 0.042021
vt 0.564389 0.043241
vt 0.552012 0.038093
vt 0.551345 0.228525
vt 0.564327 0.229190
vt 0.551359 0.224597
vt 0.564328 0.225274
vt 0.551359 0.224597
vt 0.564327 0.229190
vt 0.552012 0.038093
vt 0.536078 0.037218
vt 0.551998 0.042021
vt 0.536058 0.041148
vt 0.551998 0.042021
vt 0.536078 0.037218
vt 0.535072 0.227754
vt 0.551345 0.228525
vt 0.535093 0.223824
vt 0.551359 0.224597
vt 0.535093 0.223824
vt 0.551345 0.228525
vt 0.536078 0.037218
vt 0.518870 0.036595
vt 0.536058 0.041148
vt 0.518847 0.040527
vt 0.536058 0.041148
vt 0.518870 0.036595
vt 0.517776 0.227202
vt 0.535072 0.227754
vt 0.517798 0.223271
vt 0.535093 0.223824
vt 0.517798 0.223271
vt 0.535072 0.227754
vt 0.518870 0.036595
vt 0.500857 0.036269
vt 0.518847 0.040527
vt 0.500835 0.040201
vt 0.518847 0.040527
vt 0.500857 0.036269
vt 0.499784 0.226902
vt 0.517776 0.227202
vt 0.499806 0.222970
vt 0.517798 0.223271
vt 0.499806 0.222970
vt 0.517776 0.227202
vt 0.585209 0.038596
vt 0.581821 0.037515
vt 0.585213 0.042534
vt 0.581829 0.041454
vt 0.585213 0.042534
vt 0.581821 0.037515
vt 0.582228 0.228467
vt 0.585412 0.229536
vt 0.582219 0.224529
vt 0.585408 0.225597
vt 0.582219 0.224529
vt 0.585412 0.229536
vt 0.595735 0.042106
vt 0.591454 0.041624
vt 0.595740 0.046038
vt 0.591460 0.045544
vt 0.595740 0.046038
vt 0.591454 0.041624
vt 0.591702 0.231653
vt 0.595991 0.232749
vt 0.591697 0.227734
vt 0.595986 0.228817
vt 0.591697 0.227734
vt 0.595991 0.232749
vt 0.595991 0.232749
vt 0.600670 0.233595
vt 0.595986 0.228817
vt 0.600664 0.229657
vt 0.595986 0.228817
vt 0.600670 0.233595
vt 0.600348 0.042660
vt 0.595735 0.042106
vt 0.600355 0.046598
vt 0.595740 0.046038
vt 0.600355 0.046598
vt 0.595735 0.042106
vt 0.414097 0.248341
vt 0.407970 0.248503
vt 0.414094 0.249883
vt 0.407967 0.250063
vt 0.414094 0.249883
vt 0.407970 0.248503
vt 0.407832 0.324133
vt 0.413951 0.323098
vt 0.407834 0.322573
vt 0.413954 0.321556
vt 0.407834 0.322573
vt 0.413951 0.323098
vt 0.420765 0.247559
vt 0.416957 0.248053
vt 0.420764 0.249104
vt 0.416955 0.249590
vt 0.420764 0.249104
vt 0.416957 0.248053
vt 0.416861 0.322589
vt 0.420716 0.322482
vt 0.416863 0.321052
vt 0.420717 0.320937
vt 0.416863 0.321052
vt 0.420716 0.322482
vt 0.426889 0.247216
vt 0.420765 0.247559
vt 0.426889 0.248765
vt 0.420764 0.249104
vt 0.426889 0.248765
vt 0.420765 0.247559
vt 0.420716 0.322482
vt 0.426876 0.322335
vt 0.420717 0.320937
vt 0.426876 0.320786
vt 0.420717 0.320937
vt 0.426876 0.322335
vt 0.434872 0.247152
vt 0.426889 0.247216
vt 0.434872 0.248701
vt 0.426889 0.248765
vt 0.434872 0.248701
vt 0.426889 0.247216
vt 0.426876 0.322335
vt 0.434894 0.322253
vt 0.426876 0.320786
vt 0.434894 0.320704
vt 0.426876 0.320786
vt 0.434894 0.322253
vt 0.448013 0.247042
vt 0.434872 0.247152
vt 0.448014 0.248588
vt 0.434872 0.248701
vt 0.448014 0.248588
vt 0.434872 0.247152
vt 0.434894 0.322253
vt 0.448061 0.321986
vt 0.434894 0.320704
vt 0.448060 0.320440
vt 0.434894 0.320704
vt 0.448061 0.321986
vt 0.464391 0.246839
vt 0.448013 0.247042
vt 0.464393 0.248386
vt 0.448014 0.248588
vt 0.464393 0.248386
vt 0.448013 0.247042
vt 0.448061 0.321986
vt 0.464449 0.321844
vt 0.448060 0.320440
vt 0.464448 0.320297
vt 0.448060 0.320440
vt 0.464449 0.321844
vt 0.481761 0.246731
vt 0.464391 0.246839
vt 0.481762 0.248279
vt 0.464393 0.248386
vt 0.481762 0.248279
vt 0.464391 0.246839
vt 0.464449 0.321844
vt 0.481816 0.321792
vt 0.464448 0.320297
vt 0.481815 0.320244
vt 0.464448 0.320297
vt 0.481816 0.321792
vt 0.499802 0.246782
vt 0.481761 0.246731
vt 0.499803 0.248330
vt 0.481762 0.248279
vt 0.499803 0.248330
vt 0.481761 0.246731
vt 0.481816 0.321792
vt 0.499851 0.321838
vt 0.481815 0.320244
vt 0.499850 0.320290
vt 0.481815 0.320244
vt 0.499851 0.321838
vt 0.416957 0.248053
vt 0.414097 0.248341
vt 0.416955 0.249590
vt 0.414094 0.249883
vt 0.416955 0.249590
vt 0.414097 0.248341
vt 0.413951 0.323098
vt 0.416861 0.322589
vt 0.413954 0.321556
vt 0.416863 0.321052
vt 0.413954 0.321556
vt 0.416861 0.322589
vt 0.407970 0.248503
vt 0.403785 0.249208
vt 0.407967 0.250063
vt 0.403783 0.250764
vt 0.407967 0.250063
vt 0.403785 0.249208
vt 0.403666 0.324623
vt 0.407832 0.324133
vt 0.403668 0.323067
vt 0.407834 0.322573
vt 0.403668 0.323067
vt 0.407832 0.324133
vt 0.399137 0.325166
vt 0.403666 0.324623
vt 0.399139 0.323613
vt 0.403668 0.323067
vt 0.399139 0.323613
vt 0.403666 0.324623
vt 0.403785 0.249208
vt 0.399212 0.249874
vt 0.403783 0.250764
vt 0.399210 0.251427
vt 0.403783 0.250764
vt 0.399212 0.249874
vt 0.591871 0.249273
vt 0.585702 0.249088
vt 0.591874 0.250833
vt 0.585706 0.250630
vt 0.591874 0.250833
vt 0.585702 0.249088
vt 0.585882 0.323882
vt 0.592045 0.324918
vt 0.585879 0.322340
vt 0.592041 0.323357
vt 0.585879 0.322340
vt 0.592045 0.324918
vt 0.582804 0.248852
vt 0.578948 0.248386
vt 0.582807 0.250389
vt 0.578950 0.249931
vt 0.582807 0.250389
vt 0.578948 0.248386
vt 0.579042 0.323304
vt 0.582928 0.323392
vt 0.579041 0.321759
vt 0.582926 0.321855
vt 0.579041 0.321759
vt 0.582928 0.323392
vt 0.578948 0.248386
vt 0.572778 0.248088
vt 0.578950 0.249931
vt 0.572780 0.249636
vt 0.578950 0.249931
vt 0.572778 0.248088
vt 0.572859 0.323139
vt 0.579042 0.323304
vt 0.572857 0.321591
vt 0.579041 0.321759
vt 0.572857 0.321591
vt 0.579042 0.323304
vt 0.572778 0.248088
vt 0.564748 0.247967
vt 0.572780 0.249636
vt 0.564750 0.249514
vt 0.572780 0.249636
vt 0.564748 0.247967
vt 0.564835 0.322990
vt 0.572859 0.323139
vt 0.564833 0.321443
vt 0.572857 0.321591
vt 0.564833 0.321443
vt 0.572859 0.323139
vt 0.564748 0.247967
vt 0.551578 0.247709
vt 0.564750 0.249514
vt 0.551580 0.249253
vt 0.564750 0.249514
vt 0.551578 0.247709
vt 0.551666 0.322596
vt 0.564835 0.322990
vt 0.551664 0.321052
vt 0.564833 0.321443
vt 0.551664 0.321052
vt 0.564835 0.322990
vt 0.551578 0.247709
vt 0.535201 0.247306
vt 0.551580 0.249253
vt 0.535202 0.248852
vt 0.551580 0.249253
vt 0.535201 0.247306
vt 0.535266 0.322280
vt 0.551666 0.322596
vt 0.535264 0.320734
vt 0.551664 0.321052
vt 0.535264 0.320734
vt 0.551666 0.322596
vt 0.535201 0.247306
vt 0.517839 0.246972
vt 0.535202 0.248852
vt 0.517840 0.248520
vt 0.535202 0.248852
vt 0.517839 0.246972
vt 0.517890 0.322018
vt 0.535266 0.322280
vt 0.517889 0.320470
vt 0.535264 0.320734
vt 0.517889 0.320470
vt 0.535266 0.322280
vt 0.517839 0.246972
vt 0.499802 0.246782
vt 0.517840 0.248520
vt 0.499803 0.248330
vt 0.517840 0.248520
vt 0.499802 0.246782
vt 0.499851 0.321838
vt 0.517890 0.322018
vt 0.499850 0.320290
vt 0.517889 0.320470
vt 0.499850 0.320290
vt 0.517890 0.322018
vt 0.585702 0.249088
vt 0.582804 0.248852
vt 0.585706 0.250630
vt 0.582807 0.250389
vt 0.585706 0.250630
vt 0.582804 0.248852
vt 0.582928 0.323392
vt 0.585882 0.323882
vt 0.582926 0.321855
vt 0.585879 0.322340
vt 0.582926 0.321855
vt 0.585882 0.323882
vt 0.596108 0.250023
vt 0.591871 0.249273
vt 0.596111 0.251579
vt 0.591874 0.250833
vt 0.596111 0.251579
vt 0.591871 0.249273
vt 0.592045 0.324918
vt 0.596249 0.325457
vt 0.592041 0.323357
vt 0.596246 0.323901
vt 0.592041 0.323357
vt 0.596249 0.325457
vt 0.596249 0.325457
vt 0.600821 0.326039
vt 0.596246 0.323901
vt 0.600819 0.324486
vt 0.596246 0.323901
vt 0.600821 0.326039
vt 0.600734 0.250744
vt 0.596108 0.250023
vt 0.600736 0.252297
vt 0.596111 0.251579
vt 0.600736 0.252297
vt 0.596108 0.250023
vt 0.414030 0.341896
vt 0.407894 0.341669
vt 0.414029 0.343436
vt 0.407893 0.343228
vt 0.414029 0.343436
vt 0.407894 0.341669
vt 0.407851 0.417273
vt 0.413976 0.416536
vt 0.407852 0.415713
vt 0.413977 0.414997
vt 0.407852 0.415713
vt 0.413976 0.416536
vt 0.420771 0.341485
vt 0.416928 0.341803
vt 0.420771 0.343028
vt 0.416927 0.343338
vt 0.420771 0.343028
vt 0.416928 0.341803
vt 0.416887 0.416240
vt 0.420752 0.416273
vt 0.416888 0.414704
vt 0.420753 0.414731
vt 0.416888 0.414704
vt 0.420752 0.416273
vt 0.426921 0.341244
vt 0.420771 0.341485
vt 0.426921 0.342792
vt 0.420771 0.343028
vt 0.426921 0.342792
vt 0.420771 0.341485
vt 0.420752 0.416273
vt 0.426922 0.416300
vt 0.420753 0.414731
vt 0.426922 0.414752
vt 0.420753 0.414731
vt 0.426922 0.416300
vt 0.434921 0.341228
vt 0.426921 0.341244
vt 0.434921 0.342775
vt 0.426921 0.342792
vt 0.434921 0.342775
vt 0.426921 0.341244
vt 0.426922 0.416300
vt 0.434943 0.416269
vt 0.426922 0.414752
vt 0.434943 0.414721
vt 0.426922 0.414752
vt 0.434943 0.416269
vt 0.448078 0.341224
vt 0.434921 0.341228
vt 0.448078 0.342768
vt 0.434921 0.342775
vt 0.448078 0.342768
vt 0.434921 0.341228
vt 0.434943 0.416269
vt 0.448114 0.416121
vt 0.434943 0.414721
vt 0.448113 0.414576
vt 0.434943 0.414721
vt 0.448114 0.416121
vt 0.464472 0.341159
vt 0.448078 0.341224
vt 0.464473 0.342705
vt 0.448078 0.342768
vt 0.464473 0.342705
vt 0.448078 0.341224
vt 0.448114 0.416121
vt 0.464510 0.416095
vt 0.448113 0.414576
vt 0.464509 0.414549
vt 0.448113 0.414576
vt 0.464510 0.416095
vt 0.481858 0.341146
vt 0.464472 0.341159
vt 0.481859 0.342692
vt 0.464473 0.342705
vt 0.481859 0.342692
vt 0.464472 0.341159
vt 0.464510 0.416095
vt 0.481892 0.416121
vt 0.464509 0.414549
vt 0.481891 0.414575
vt 0.464509 0.414549
vt 0.481892 0.416121
vt 0.499918 0.341211
vt 0.481858 0.341146
vt 0.499919 0.342758
vt 0.481859 0.342692
vt 0.499919 0.342758
vt 0.481858 0.341146
vt 0.481892 0.416121
vt 0.499946 0.416178
vt 0.481891 0.414575
vt 0.499946 0.414632
vt 0.481891 0.414575
vt 0.499946 0.416178
vt 0.416928 0.341803
vt 0.414030 0.341896
vt 0.416927 0.343338
vt 0.414029 0.343436
vt 0.416927 0.343338
vt 0.414030 0.341896
vt 0.413976 0.416536
vt 0.416887 0.416240
vt 0.413977 0.414997
vt 0.416888 0.414704
vt 0.413977 0.414997
vt 0.416887 0.416240
vt 0.407894 0.341669
vt 0.403720 0.342002
vt 0.407893 0.343228
vt 0.403719 0.343557
vt 0.407893 0.343228
vt 0.403720 0.342002
vt 0.403682 0.417385
vt 0.407851 0.417273
vt 0.403683 0.415831
vt 0.407852 0.415713
vt 0.403683 0.415831
vt 0.407851 0.417273
vt 0.399146 0.417582
vt 0.403682 0.417385
vt 0.399146 0.416029
vt 0.403683 0.415831
vt 0.399146 0.416029
vt 0.403682 0.417385
vt 0.403720 0.342002
vt 0.399171 0.342306
vt 0.403719 0.343557
vt 0.399170 0.343859
vt 0.403719 0.343557
vt 0.399171 0.342306
vt 0.592050 0.342510
vt 0.585898 0.342712
vt 0.592051 0.344069
vt 0.585900 0.344252
vt 0.592051 0.344069
vt 0.585898 0.342712
vt 0.585975 0.417358
vt 0.592111 0.418122
vt 0.585973 0.415818
vt 0.592110 0.416562
vt 0.585973 0.415818
vt 0.592111 0.418122
vt 0.582988 0.342600
vt 0.579127 0.342253
vt 0.582989 0.344135
vt 0.579128 0.343796
vt 0.582989 0.344135
vt 0.579127 0.342253
vt 0.579175 0.417036
vt 0.583049 0.417038
vt 0.579174 0.415493
vt 0.583048 0.415503
vt 0.579174 0.415493
vt 0.583049 0.417038
vt 0.579127 0.342253
vt 0.572957 0.341943
vt 0.579128 0.343796
vt 0.572958 0.343491
vt 0.579128 0.343796
vt 0.572957 0.341943
vt 0.572998 0.416980
vt 0.579175 0.417036
vt 0.572998 0.415432
vt 0.579174 0.415493
vt 0.572998 0.415432
vt 0.579175 0.417036
vt 0.572957 0.341943
vt 0.564936 0.341838
vt 0.572958 0.343491
vt 0.564936 0.343386
vt 0.572958 0.343491
vt 0.564936 0.341838
vt 0.564974 0.416862
vt 0.572998 0.416980
vt 0.564973 0.415315
vt 0.572998 0.415432
vt 0.564973 0.415315
vt 0.572998 0.416980
vt 0.564936 0.341838
vt 0.551764 0.341712
vt 0.564936 0.343386
vt 0.551765 0.343256
vt 0.564936 0.343386
vt 0.551764 0.341712
vt 0.551798 0.416589
vt 0.564974 0.416862
vt 0.551798 0.415045
vt 0.564973 0.415315
vt 0.551798 0.415045
vt 0.564974 0.416862
vt 0.551764 0.341712
vt 0.535366 0.341505
vt 0.551765 0.343256
vt 0.535367 0.343050
vt 0.551765 0.343256
vt 0.535366 0.341505
vt 0.535392 0.416426
vt 0.551798 0.416589
vt 0.535392 0.414881
vt 0.551798 0.415045
vt 0.535392 0.414881
vt 0.551798 0.416589
vt 0.535366 0.341505
vt 0.517979 0.341325
vt 0.535367 0.343050
vt 0.517979 0.342871
vt 0.535367 0.343050
vt 0.517979 0.341325
vt 0.518003 0.416293
vt 0.535392 0.416426
vt 0.518003 0.414747
vt 0.535392 0.414881
vt 0.518003 0.414747
vt 0.535392 0.416426
vt 0.517979 0.341325
vt 0.499918 0.341211
vt 0.517979 0.342871
vt 0.499919 0.342758
vt 0.517979 0.342871
vt 0.499918 0.341211
vt 0.499946 0.416178
vt 0.518003 0.416293
vt 0.499946 0.414632
vt 0.518003 0.414747
vt 0.499946 0.414632
vt 0.518003 0.416293
vt 0.585898 0.342712
vt 0.582988 0.342600
vt 0.585900 0.344252
vt 0.582989 0.344135
vt 0.585900 0.344252
vt 0.582988 0.342600
vt 0.583049 0.417038
vt 0.585975 0.417358
vt 0.583048 0.415503
vt 0.585973 0.415818
vt 0.583048 0.415503
vt 0.585975 0.417358
vt 0.596243 0.342863
vt 0.592050 0.342510
vt 0.596244 0.344417
vt 0.592051 0.344069
vt 0.596244 0.344417
vt 0.592050 0.342510
vt 0.592111 0.418122
vt 0.596291 0.418251
vt 0.592110 0.416562
vt 0.596290 0.416697
vt 0.592110 0.416562
vt 0.596291 0.418251
vt 0.596291 0.418251
vt 0.600841 0.418466
vt 0.596290 0.416697
vt 0.600841 0.416913
vt 0.596290 0.416697
vt 0.600841 0.418466
vt 0.600810 0.343191
vt 0.596243 0.342863
vt 0.600811 0.344744
vt 0.596244 0.344417
vt 0.600811 0.344744
vt 0.596243 0.342863
vt 0.407864 0.510091
vt 0.414019 0.509668
vt 0.407864 0.508534
vt 0.414019 0.508129
vt 0.407864 0.508534
vt 0.414019 0.509668
vt 0.414008 0.435069
vt 0.407856 0.434613
vt 0.414008 0.436607
vt 0.407856 0.436170
vt 0.414008 0.436607
vt 0.407856 0.434613
vt 0.416938 0.509583
vt 0.420803 0.509796
vt 0.416938 0.508049
vt 0.420803 0.508254
vt 0.416938 0.508049
vt 0.420803 0.509796
vt 0.420787 0.435037
vt 0.416926 0.435197
vt 0.420787 0.436579
vt 0.416926 0.436732
vt 0.420787 0.436579
vt 0.416926 0.435197
vt 0.420803 0.509796
vt 0.426972 0.509990
vt 0.420803 0.508254
vt 0.426971 0.508443
vt 0.420803 0.508254
vt 0.426972 0.509990
vt 0.426952 0.434974
vt 0.420787 0.435037
vt 0.426952 0.436521
vt 0.420787 0.436579
vt 0.426952 0.436521
vt 0.420787 0.435037
vt 0.426972 0.509990
vt 0.434991 0.510033
vt 0.426971 0.508443
vt 0.434991 0.508486
vt 0.426971 0.508443
vt 0.434991 0.510033
vt 0.434968 0.435026
vt 0.426952 0.434974
vt 0.434968 0.436573
vt 0.426952 0.436521
vt 0.434968 0.436573
vt 0.426952 0.434974
vt 0.434991 0.510033
vt 0.448161 0.510033
vt 0.434991 0.508486
vt 0.448161 0.508489
vt 0.434991 0.508486
vt 0.448161 0.510033
vt 0.448137 0.435163
vt 0.434968 0.435026
vt 0.448138 0.436708
vt 0.434968 0.436573
vt 0.448138 0.436708
vt 0.434968 0.435026
vt 0.448161 0.510033
vt 0.464560 0.510122
vt 0.448161 0.508489
vt 0.464559 0.508577
vt 0.448161 0.508489
vt 0.464560 0.510122
vt 0.464540 0.435213
vt 0.448137 0.435163
vt 0.464540 0.436758
vt 0.448138 0.436708
vt 0.464540 0.436758
vt 0.448137 0.435163
vt 0.464560 0.510122
vt 0.481947 0.510217
vt 0.464559 0.508577
vt 0.481947 0.508671
vt 0.464559 0.508577
vt 0.481947 0.510217
vt 0.481930 0.435268
vt 0.464540 0.435213
vt 0.481930 0.436814
vt 0.464540 0.436758
vt 0.481930 0.436814
vt 0.464540 0.435213
vt 0.481947 0.510217
vt 0.500008 0.510293
vt 0.481947 0.508671
vt 0.500008 0.508747
vt 0.481947 0.508671
vt 0.500008 0.510293
vt 0.499992 0.435351
vt 0.481930 0.435268
vt 0.499992 0.436897
vt 0.481930 0.436814
vt 0.499992 0.436897
vt 0.481930 0.435268
vt 0.414019 0.509668
vt 0.416938 0.509583
vt 0.414019 0.508129
vt 0.416938 0.508049
vt 0.414019 0.508129
vt 0.416938 0.509583
vt 0.416926 0.435197
vt 0.414008 0.435069
vt 0.416926 0.436732
vt 0.414008 0.436607
vt 0.416926 0.436732
vt 0.414008 0.435069
vt 0.407856 0.434613
vt 0.403673 0.434654
vt 0.407856 0.436170
vt 0.403673 0.436209
vt 0.407856 0.436170
vt 0.403673 0.434654
vt 0.403676 0.510036
vt 0.407864 0.510091
vt 0.403676 0.508481
vt 0.407864 0.508534
vt 0.403676 0.508481
vt 0.407864 0.510091
vt 0.399141 0.509997
vt 0.403676 0.510036
vt 0.399141 0.508444
vt 0.403676 0.508481
vt 0.399141 0.508444
vt 0.403676 0.510036
vt 0.403673 0.434654
vt 0.399140 0.434681
vt 0.403673 0.436209
vt 0.399140 0.436235
vt 0.403673 0.436209
vt 0.399140 0.434681
vt 0.585990 0.510504
vt 0.592143 0.510955
vt 0.585990 0.508965
vt 0.592143 0.509398
vt 0.585990 0.508965
vt 0.592143 0.510955
vt 0.592137 0.435477
vt 0.585982 0.435904
vt 0.592137 0.437034
vt 0.585982 0.437443
vt 0.592137 0.437034
vt 0.585982 0.435904
vt 0.579212 0.510558
vt 0.583072 0.510387
vt 0.579212 0.509016
vt 0.583072 0.508853
vt 0.579212 0.509016
vt 0.583072 0.510387
vt 0.583064 0.435997
vt 0.579199 0.435797
vt 0.583064 0.437532
vt 0.579200 0.437339
vt 0.583064 0.437532
vt 0.579199 0.435797
vt 0.573048 0.510633
vt 0.579212 0.510558
vt 0.573048 0.509086
vt 0.579212 0.509016
vt 0.573048 0.509086
vt 0.579212 0.510558
vt 0.579199 0.435797
vt 0.573031 0.435618
vt 0.579200 0.437339
vt 0.573031 0.437165
vt 0.579200 0.437339
vt 0.573031 0.435618
vt 0.565033 0.510588
vt 0.573048 0.510633
vt 0.565032 0.509041
vt 0.573048 0.509086
vt 0.565032 0.509041
vt 0.573048 0.510633
vt 0.573031 0.435618
vt 0.565010 0.435583
vt 0.573031 0.437165
vt 0.565011 0.437130
vt 0.573031 0.437165
vt 0.565010 0.435583
vt 0.551863 0.510465
vt 0.565033 0.510588
vt 0.551863 0.508921
vt 0.565032 0.509041
vt 0.551863 0.508921
vt 0.565033 0.510588
vt 0.565010 0.435583
vt 0.551839 0.435598
vt 0.565011 0.437130
vt 0.551840 0.437142
vt 0.565011 0.437130
vt 0.551839 0.435598
vt 0.535461 0.510425
vt 0.551863 0.510465
vt 0.535460 0.508880
vt 0.551863 0.508921
vt 0.535460 0.508880
vt 0.551863 0.510465
vt 0.551839 0.435598
vt 0.535441 0.435517
vt 0.551840 0.437142
vt 0.535441 0.437062
vt 0.551840 0.437142
vt 0.535441 0.435517
vt 0.518070 0.510374
vt 0.535461 0.510425
vt 0.518070 0.508828
vt 0.535460 0.508880
vt 0.518070 0.508828
vt 0.535461 0.510425
vt 0.535441 0.435517
vt 0.518053 0.435426
vt 0.535441 0.437062
vt 0.518053 0.436972
vt 0.535441 0.437062
vt 0.518053 0.435426
vt 0.500008 0.510293
vt 0.518070 0.510374
vt 0.500008 0.508747
vt 0.518070 0.508828
vt 0.500008 0.508747
vt 0.518070 0.510374
vt 0.518053 0.435426
vt 0.499992 0.435351
vt 0.518053 0.436972
vt 0.499992 0.436897
vt 0.518053 0.436972
vt 0.499992 0.435351
vt 0.583072 0.510387
vt 0.585990 0.510504
vt 0.583072 0.508853
vt 0.585990 0.508965
vt 0.583072 0.508853
vt 0.585990 0.510504
vt 0.585982 0.435904
vt 0.583064 0.435997
vt 0.585982 0.437443
vt 0.583064 0.437532
vt 0.585982 0.437443
vt 0.583064 0.435997
vt 0.596325 0.435531
vt 0.592137 0.435477
vt 0.596325 0.437086
vt 0.592137 0.437034
vt 0.596325 0.437086
vt 0.592137 0.435477
vt 0.592143 0.510955
vt 0.596328 0.510913
vt 0.592143 0.509398
vt 0.596328 0.509358
vt 0.592143 0.509398
vt 0.596328 0.510913
vt 0.596328 0.510913
vt 0.600862 0.510885
vt 0.596328 0.509358
vt 0.600862 0.509332
vt 0.596328 0.509358
vt 0.600862 0.510885
vt 0.600860 0.435569
vt 0.596325 0.435531
vt 0.600860 0.437122
vt 0.596325 0.437086
vt 0.600860 0.437122
vt 0.596325 0.435531
vt 0.407952 0.603051
vt 0.414103 0.602845
vt 0.407950 0.601492
vt 0.414102 0.601306
vt 0.407950 0.601492
vt 0.414103 0.602845
vt 0.414026 0.528201
vt 0.407890 0.527441
vt 0.414028 0.529741
vt 0.407891 0.529000
vt 0.414028 0.529741
vt 0.407890 0.527441
vt 0.417013 0.602955
vt 0.420875 0.603304
vt 0.417012 0.601420
vt 0.420874 0.601762
vt 0.417012 0.601420
vt 0.420875 0.603304
vt 0.420823 0.528506
vt 0.416952 0.528518
vt 0.420824 0.530048
vt 0.416953 0.530053
vt 0.420824 0.530048
vt 0.416952 0.528518
vt 0.420875 0.603304
vt 0.427051 0.603612
vt 0.420874 0.601762
vt 0.427050 0.602065
vt 0.420874 0.601762
vt 0.427051 0.603612
vt 0.427001 0.528648
vt 0.420823 0.528506
vt 0.427002 0.530194
vt 0.420824 0.530048
vt 0.427002 0.530194
vt 0.420823 0.528506
vt 0.427051 0.603612
vt 0.435073 0.603853
vt 0.427050 0.602065
vt 0.435072 0.602305
vt 0.427050 0.602065
vt 0.435073 0.603853
vt 0.435028 0.528780
vt 0.427001 0.528648
vt 0.435029 0.530328
vt 0.427002 0.530194
vt 0.435029 0.530328
vt 0.427001 0.528648
vt 0.435073 0.603853
vt 0.448240 0.603949
vt 0.435072 0.602305
vt 0.448240 0.602405
vt 0.435072 0.602305
vt 0.448240 0.603949
vt 0.448202 0.529067
vt 0.435028 0.528780
vt 0.448202 0.530611
vt 0.435029 0.530328
vt 0.448202 0.530611
vt 0.435028 0.528780
vt 0.448240 0.603949
vt 0.464637 0.604149
vt 0.448240 0.602405
vt 0.464636 0.602604
vt 0.448240 0.602405
vt 0.464637 0.604149
vt 0.464607 0.529226
vt 0.448202 0.529067
vt 0.464608 0.530771
vt 0.448202 0.530611
vt 0.464608 0.530771
vt 0.448202 0.529067
vt 0.464637 0.604149
vt 0.482024 0.604325
vt 0.464636 0.602604
vt 0.482024 0.602778
vt 0.464636 0.602604
vt 0.482024 0.604325
vt 0.481996 0.529356
vt 0.464607 0.529226
vt 0.481997 0.530902
vt 0.464608 0.530771
vt 0.481997 0.530902
vt 0.464607 0.529226
vt 0.482024 0.604325
vt 0.500084 0.604435
vt 0.482024 0.602778
vt 0.500084 0.602889
vt 0.482024 0.602778
vt 0.500084 0.604435
vt 0.500054 0.529468
vt 0.481996 0.529356
vt 0.500054 0.531014
vt 0.481997 0.530902
vt 0.500054 0.531014
vt 0.481996 0.529356
vt 0.414103 0.602845
vt 0.417013 0.602955
vt 0.414102 0.601306
vt 0.417012 0.601420
vt 0.414102 0.601306
vt 0.417013 0.602955
vt 0.416952 0.528518
vt 0.414026 0.528201
vt 0.416953 0.530053
vt 0.414028 0.529741
vt 0.416953 0.530053
vt 0.414026 0.528201
vt 0.403759 0.602700
vt 0.407952 0.603051
vt 0.403758 0.601145
vt 0.407950 0.601492
vt 0.403758 0.601145
vt 0.407952 0.603051
vt 0.407890 0.527441
vt 0.403711 0.527312
vt 0.407891 0.529000
vt 0.403712 0.528867
vt 0.407891 0.529000
vt 0.403711 0.527312
vt 0.399191 0.602374
vt 0.403759 0.602700
vt 0.399191 0.600821
vt 0.403758 0.601145
vt 0.399191 0.600821
vt 0.403759 0.602700
vt 0.403711 0.527312
vt 0.399161 0.527099
vt 0.403712 0.528867
vt 0.399161 0.528652
vt 0.403712 0.528867
vt 0.399161 0.527099
vt 0.585971 0.603676
vt 0.592108 0.603901
vt 0.585973 0.602136
vt 0.592109 0.602342
vt 0.585973 0.602136
vt 0.592108 0.603901
vt 0.592152 0.528297
vt 0.586027 0.529038
vt 0.592151 0.529856
vt 0.586026 0.530577
vt 0.592151 0.529856
vt 0.586027 0.529038
vt 0.579225 0.604093
vt 0.583072 0.603771
vt 0.579226 0.602550
vt 0.583073 0.602236
vt 0.579226 0.602550
vt 0.583072 0.603771
vt 0.583114 0.529340
vt 0.579247 0.529315
vt 0.583113 0.530875
vt 0.579247 0.530857
vt 0.583113 0.530875
vt 0.579247 0.529315
vt 0.573071 0.604356
vt 0.579225 0.604093
vt 0.573071 0.602808
vt 0.579226 0.602550
vt 0.573071 0.602808
vt 0.579225 0.604093
vt 0.579247 0.529315
vt 0.573076 0.529306
vt 0.579247 0.530857
vt 0.573076 0.530854
vt 0.579247 0.530857
vt 0.573076 0.529306
vt 0.565071 0.604409
vt 0.573071 0.604356
vt 0.565070 0.602861
vt 0.573071 0.602808
vt 0.565070 0.602861
vt 0.573071 0.604356
vt 0.573076 0.529306
vt 0.565054 0.529350
vt 0.573076 0.530854
vt 0.565055 0.530898
vt 0.573076 0.530854
vt 0.565054 0.529350
vt 0.551919 0.604418
vt 0.565071 0.604409
vt 0.551918 0.602873
vt 0.565070 0.602861
vt 0.551918 0.602873
vt 0.565071 0.604409
vt 0.565054 0.529350
vt 0.551885 0.529514
vt 0.565055 0.530898
vt 0.551886 0.531059
vt 0.565055 0.530898
vt 0.551885 0.529514
vt 0.535529 0.604482
vt 0.551919 0.604418
vt 0.535528 0.602937
vt 0.551918 0.602873
vt 0.535528 0.602937
vt 0.551919 0.604418
vt 0.551885 0.529514
vt 0.535490 0.529545
vt 0.551886 0.531059
vt 0.535491 0.531091
vt 0.551886 0.531059
vt 0.535490 0.529545
vt 0.518144 0.604498
vt 0.535529 0.604482
vt 0.518143 0.602952
vt 0.535528 0.602937
vt 0.518143 0.602952
vt 0.535529 0.604482
vt 0.535490 0.529545
vt 0.518108 0.529523
vt 0.535491 0.531091
vt 0.518109 0.531069
vt 0.535491 0.531091
vt 0.518108 0.529523
vt 0.500084 0.604435
vt 0.518144 0.604498
vt 0.500084 0.602889
vt 0.518143 0.602952
vt 0.500084 0.602889
vt 0.518144 0.604498
vt 0.518108 0.529523
vt 0.500054 0.529468
vt 0.518109 0.531069
vt 0.500054 0.531014
vt 0.518109 0.531069
vt 0.500054 0.529468
vt 0.583072 0.603771
vt 0.585971 0.603676
vt 0.583073 0.602236
vt 0.585973 0.602136
vt 0.583073 0.602236
vt 0.585971 0.603676
vt 0.586027 0.529038
vt 0.583114 0.529340
vt 0.586026 0.530577
vt 0.583113 0.530875
vt 0.586026 0.530577
vt 0.583114 0.529340
vt 0.592108 0.603901
vt 0.596283 0.603566
vt 0.592109 0.602342
vt 0.596283 0.602011
vt 0.592109 0.602342
vt 0.596283 0.603566
vt 0.596321 0.528183
vt 0.592152 0.528297
vt 0.596320 0.529737
vt 0.592151 0.529856
vt 0.596320 0.529737
vt 0.592152 0.528297
vt 0.596283 0.603566
vt 0.600831 0.603260
vt 0.596283 0.602011
vt 0.600832 0.601708
vt 0.596283 0.602011
vt 0.600831 0.603260
vt 0.600856 0.527985
vt 0.596321 0.528183
vt 0.600856 0.529537
vt 0.596320 0.529737
vt 0.600856 0.529537
vt 0.596321 0.528183
vt 0.408132 0.696287
vt 0.414301 0.696468
vt 0.408128 0.694727
vt 0.414297 0.694925
vt 0.408128 0.694727
vt 0.414301 0.696468
vt 0.414121 0.621674
vt 0.407958 0.620642
vt 0.414125 0.623216
vt 0.407961 0.622202
vt 0.414125 0.623216
vt 0.407958 0.620642
vt 0.417199 0.696702
vt 0.421058 0.697160
vt 0.417197 0.695165
vt 0.421056 0.695615
vt 0.417197 0.695165
vt 0.421058 0.697160
vt 0.420962 0.622247
vt 0.417075 0.622162
vt 0.420964 0.623792
vt 0.417078 0.623699
vt 0.420964 0.623792
vt 0.417075 0.622162
vt 0.421058 0.697160
vt 0.427234 0.697454
vt 0.421056 0.695615
vt 0.427232 0.695907
vt 0.421056 0.695615
vt 0.427234 0.697454
vt 0.427143 0.622414
vt 0.420962 0.622247
vt 0.427145 0.623962
vt 0.420964 0.623792
vt 0.427145 0.623962
vt 0.420962 0.622247
vt 0.427234 0.697454
vt 0.435266 0.697725
vt 0.427232 0.695907
vt 0.435264 0.696178
vt 0.427232 0.695907
vt 0.435266 0.697725
vt 0.435166 0.622688
vt 0.427143 0.622414
vt 0.435168 0.624236
vt 0.427145 0.623962
vt 0.435168 0.624236
vt 0.427143 0.622414
vt 0.435266 0.697725
vt 0.448432 0.697960
vt 0.435264 0.696178
vt 0.448430 0.696416
vt 0.435264 0.696178
vt 0.448432 0.697960
vt 0.448336 0.623073
vt 0.435166 0.622688
vt 0.448338 0.624618
vt 0.435168 0.624236
vt 0.448338 0.624618
vt 0.435166 0.622688
vt 0.448432 0.697960
vt 0.464807 0.698351
vt 0.448430 0.696416
vt 0.464806 0.696805
vt 0.448430 0.696416
vt 0.464807 0.698351
vt 0.464737 0.623378
vt 0.448336 0.623073
vt 0.464738 0.624924
vt 0.448338 0.624618
vt 0.464738 0.624924
vt 0.448336 0.623073
vt 0.464807 0.698351
vt 0.482169 0.698678
vt 0.464806 0.696805
vt 0.482168 0.697130
vt 0.464806 0.696805
vt 0.482169 0.698678
vt 0.482113 0.623633
vt 0.464737 0.623378
vt 0.482114 0.625180
vt 0.464738 0.624924
vt 0.482114 0.625180
vt 0.464737 0.623378
vt 0.482169 0.698678
vt 0.500206 0.698863
vt 0.482168 0.697130
vt 0.500205 0.697315
vt 0.482168 0.697130
vt 0.500206 0.698863
vt 0.500153 0.623808
vt 0.482113 0.623633
vt 0.500154 0.625356
vt 0.482114 0.625180
vt 0.500154 0.625356
vt 0.482113 0.623633
vt 0.414301 0.696468
vt 0.417199 0.696702
vt 0.414297 0.694925
vt 0.417197 0.695165
vt 0.414297 0.694925
vt 0.417199 0.696702
vt 0.417075 0.622162
vt 0.414121 0.621674
vt 0.417078 0.623699
vt 0.414125 0.623216
vt 0.417078 0.623699
vt 0.414121 0.621674
vt 0.403894 0.695539
vt 0.408132 0.696287
vt 0.403891 0.693983
vt 0.408128 0.694727
vt 0.403891 0.693983
vt 0.408132 0.696287
vt 0.407958 0.620642
vt 0.403753 0.620105
vt 0.407961 0.622202
vt 0.403756 0.621661
vt 0.407961 0.622202
vt 0.403753 0.620105
vt 0.399268 0.694821
vt 0.403894 0.695539
vt 0.399266 0.693268
vt 0.403891 0.693983
vt 0.399266 0.693268
vt 0.403894 0.695539
vt 0.403753 0.620105
vt 0.399182 0.619526
vt 0.403756 0.621661
vt 0.399183 0.621079
vt 0.403756 0.621661
vt 0.399182 0.619526
vt 0.585909 0.697236
vt 0.592035 0.697069
vt 0.585912 0.695694
vt 0.592038 0.695509
vt 0.585912 0.695694
vt 0.592035 0.697069
vt 0.592173 0.621438
vt 0.586055 0.622476
vt 0.592170 0.622998
vt 0.586052 0.624018
vt 0.592170 0.622998
vt 0.586055 0.622476
vt 0.579244 0.698031
vt 0.583050 0.697528
vt 0.579245 0.696486
vt 0.583052 0.695990
vt 0.579245 0.696486
vt 0.583050 0.697528
vt 0.583147 0.622987
vt 0.579296 0.623101
vt 0.583145 0.624525
vt 0.579295 0.624646
vt 0.583145 0.624525
vt 0.579296 0.623101
vt 0.573122 0.698392
vt 0.579244 0.698031
vt 0.573122 0.696842
vt 0.579245 0.696486
vt 0.573122 0.696842
vt 0.579244 0.698031
vt 0.579296 0.623101
vt 0.573140 0.623267
vt 0.579295 0.624646
vt 0.573139 0.624816
vt 0.579295 0.624646
vt 0.573140 0.623267
vt 0.565139 0.698466
vt 0.573122 0.698392
vt 0.565139 0.696917
vt 0.573122 0.696842
vt 0.565139 0.696917
vt 0.573122 0.698392
vt 0.573140 0.623267
vt 0.565121 0.623378
vt 0.573139 0.624816
vt 0.565121 0.624926
vt 0.573139 0.624816
vt 0.565121 0.623378
vt 0.551997 0.698589
vt 0.565139 0.698466
vt 0.551996 0.697044
vt 0.565139 0.696917
vt 0.551996 0.697044
vt 0.565139 0.698466
vt 0.565121 0.623378
vt 0.551950 0.623652
vt 0.565121 0.624926
vt 0.551951 0.625197
vt 0.565121 0.624926
vt 0.551950 0.623652
vt 0.535618 0.698798
vt 0.551997 0.698589
vt 0.535616 0.697251
vt 0.551996 0.697044
vt 0.535616 0.697251
vt 0.551997 0.698589
vt 0.551950 0.623652
vt 0.535558 0.623795
vt 0.551951 0.625197
vt 0.535560 0.625342
vt 0.551951 0.625197
vt 0.535558 0.623795
vt 0.518248 0.698910
vt 0.535618 0.698798
vt 0.518246 0.697361
vt 0.535616 0.697251
vt 0.518246 0.697361
vt 0.535618 0.698798
vt 0.535558 0.623795
vt 0.518189 0.623850
vt 0.535560 0.625342
vt 0.518191 0.625398
vt 0.535560 0.625342
vt 0.518189 0.623850
vt 0.500206 0.698863
vt 0.518248 0.698910
vt 0.500205 0.697315
vt 0.518246 0.697361
vt 0.500205 0.697315
vt 0.518248 0.698910
vt 0.518189 0.623850
vt 0.500153 0.623808
vt 0.518191 0.625398
vt 0.500154 0.625356
vt 0.518191 0.625398
vt 0.500153 0.623808
vt 0.583050 0.697528
vt 0.585909 0.697236
vt 0.583052 0.695990
vt 0.585912 0.695694
vt 0.583052 0.695990
vt 0.585909 0.697236
vt 0.586055 0.622476
vt 0.583147 0.622987
vt 0.586052 0.624018
vt 0.583145 0.624525
vt 0.586052 0.624018
vt 0.583147 0.622987
vt 0.592035 0.697069
vt 0.596218 0.696361
vt 0.592038 0.695509
vt 0.596221 0.694806
vt 0.592038 0.695509
vt 0.596218 0.696361
vt 0.596338 0.620946
vt 0.592173 0.621438
vt 0.596336 0.622501
vt 0.592170 0.622998
vt 0.596336 0.622501
vt 0.592173 0.621438
vt 0.596218 0.696361
vt 0.600791 0.695693
vt 0.596221 0.694806
vt 0.600792 0.694140
vt 0.596221 0.694806
vt 0.600791 0.695693
vt 0.600866 0.620401
vt 0.596338 0.620946
vt 0.600864 0.621954
vt 0.596336 0.622501
vt 0.600864 0.621954
vt 0.596338 0.620946
vt 0.408546 0.903940
vt 0.414790 0.906972
vt 0.408541 0.900021
vt 0.414786 0.903034
vt 0.408541 0.900021
vt 0.414790 0.906972
vt 0.414587 0.716029
vt 0.408299 0.713911
vt 0.414591 0.719968
vt 0.408304 0.717830
vt 0.414591 0.719968
vt 0.408299 0.713911
vt 0.418178 0.908058
vt 0.422365 0.907698
vt 0.418169 0.904119
vt 0.422354 0.903764
vt 0.418169 0.904119
vt 0.422365 0.907698
vt 0.421797 0.716952
vt 0.417771 0.717101
vt 0.421809 0.720886
vt 0.417779 0.721040
vt 0.421809 0.720886
vt 0.417771 0.717101
vt 0.422365 0.907698
vt 0.428304 0.906766
vt 0.422354 0.903764
vt 0.428295 0.902841
vt 0.422354 0.903764
vt 0.428304 0.906766
vt 0.427871 0.716453
vt 0.421797 0.716952
vt 0.427880 0.720378
vt 0.421809 0.720886
vt 0.427880 0.720378
vt 0.421797 0.716952
vt 0.428304 0.906766
vt 0.435608 0.906288
vt 0.428295 0.902841
vt 0.435610 0.902373
vt 0.428295 0.902841
vt 0.435608 0.906288
vt 0.435669 0.716430
vt 0.427871 0.716453
vt 0.435668 0.720346
vt 0.427880 0.720378
vt 0.435668 0.720346
vt 0.427871 0.716453
vt 0.435608 0.906288
vt 0.447987 0.907536
vt 0.435610 0.902373
vt 0.448001 0.903608
vt 0.435610 0.902373
vt 0.447987 0.907536
vt 0.448655 0.717111
vt 0.435669 0.716430
vt 0.448641 0.721039
vt 0.435668 0.720346
vt 0.448641 0.721039
vt 0.435669 0.716430
vt 0.447987 0.907536
vt 0.463921 0.908419
vt 0.448001 0.903608
vt 0.463942 0.904490
vt 0.448001 0.903608
vt 0.463921 0.908419
vt 0.464930 0.717886
vt 0.448655 0.717111
vt 0.464909 0.721816
vt 0.448641 0.721039
vt 0.464909 0.721816
vt 0.448655 0.717111
vt 0.463921 0.908419
vt 0.481130 0.909044
vt 0.463942 0.904490
vt 0.481153 0.905113
vt 0.463942 0.904490
vt 0.481130 0.909044
vt 0.482229 0.718439
vt 0.464930 0.717886
vt 0.482206 0.722370
vt 0.464909 0.721816
vt 0.482206 0.722370
vt 0.464930 0.717886
vt 0.481130 0.909044
vt 0.499144 0.909369
vt 0.481153 0.905113
vt 0.499166 0.905437
vt 0.481153 0.905113
vt 0.499144 0.909369
vt 0.500222 0.718737
vt 0.482229 0.718439
vt 0.500200 0.722669
vt 0.482206 0.722370
vt 0.500200 0.722669
vt 0.482229 0.718439
vt 0.414790 0.906972
vt 0.418178 0.908058
vt 0.414786 0.903034
vt 0.418169 0.904119
vt 0.414786 0.903034
vt 0.418178 0.908058
vt 0.417771 0.717101
vt 0.414587 0.716029
vt 0.417779 0.721040
vt 0.414591 0.719968
vt 0.417779 0.721040
vt 0.414587 0.716029
vt 0.404265 0.903458
vt 0.408546 0.903940
vt 0.404260 0.899526
vt 0.408541 0.900021
vt 0.404260 0.899526
vt 0.408546 0.903940
vt 0.408299 0.713911
vt 0.404010 0.712814
vt 0.408304 0.717830
vt 0.404016 0.716746
vt 0.408304 0.717830
vt 0.404010 0.712814
vt 0.399653 0.902904
vt 0.404265 0.903458
vt 0.399646 0.898966
vt 0.404260 0.899526
vt 0.399646 0.898966
vt 0.404265 0.903458
vt 0.404010 0.712814
vt 0.399331 0.711970
vt 0.404016 0.716746
vt 0.399338 0.715908
vt 0.404016 0.716746
vt 0.399331 0.711970
vt 0.583861 0.907548
vt 0.590726 0.904778
vt 0.583905 0.903613
vt 0.590749 0.900856
vt 0.583905 0.903613
vt 0.590726 0.904778
vt 0.591834 0.714635
vt 0.586016 0.716741
vt 0.591811 0.718557
vt 0.585972 0.720677
vt 0.591811 0.718557
vt 0.586016 0.716741
vt 0.575503 0.908602
vt 0.579978 0.908734
vt 0.575582 0.904670
vt 0.580045 0.904799
vt 0.575582 0.904670
vt 0.579978 0.908734
vt 0.583219 0.717940
vt 0.579347 0.717959
vt 0.583152 0.721875
vt 0.579268 0.721891
vt 0.583152 0.721875
vt 0.579347 0.717959
vt 0.569563 0.907792
vt 0.575503 0.908602
vt 0.569637 0.903868
vt 0.575582 0.904670
vt 0.569637 0.903868
vt 0.575503 0.908602
vt 0.579347 0.717959
vt 0.573171 0.717557
vt 0.579268 0.721891
vt 0.573097 0.721481
vt 0.579268 0.721891
vt 0.573171 0.717557
vt 0.562425 0.907319
vt 0.569563 0.907792
vt 0.562481 0.903404
vt 0.569637 0.903868
vt 0.562481 0.903404
vt 0.569563 0.907792
vt 0.573171 0.717557
vt 0.565140 0.717502
vt 0.573097 0.721481
vt 0.565084 0.721417
vt 0.573097 0.721481
vt 0.565140 0.717502
vt 0.550183 0.908391
vt 0.562425 0.907319
vt 0.550220 0.904463
vt 0.562481 0.903404
vt 0.550220 0.904463
vt 0.562425 0.907319
vt 0.565140 0.717502
vt 0.551967 0.717963
vt 0.565084 0.721417
vt 0.551931 0.721891
vt 0.565084 0.721417
vt 0.551967 0.717963
vt 0.534320 0.908999
vt 0.550183 0.908391
vt 0.534346 0.905069
vt 0.550220 0.904463
vt 0.534346 0.905069
vt 0.550183 0.908391
vt 0.551967 0.717963
vt 0.535587 0.718454
vt 0.551931 0.721891
vt 0.535560 0.722384
vt 0.551931 0.721891
vt 0.535587 0.718454
vt 0.517147 0.909339
vt 0.534320 0.908999
vt 0.517170 0.905408
vt 0.534346 0.905069
vt 0.517170 0.905408
vt 0.534320 0.908999
vt 0.535587 0.718454
vt 0.518233 0.718725
vt 0.535560 0.722384
vt 0.518211 0.722656
vt 0.535560 0.722384
vt 0.518233 0.718725
vt 0.499144 0.909369
vt 0.517147 0.909339
vt 0.499166 0.905437
vt 0.517170 0.905408
vt 0.499166 0.905437
vt 0.517147 0.909339
vt 0.518233 0.718725
vt 0.500222 0.718737
vt 0.518211 0.722656
vt 0.500200 0.722669
vt 0.518211 0.722656
vt 0.500222 0.718737
vt 0.579978 0.908734
vt 0.583861 0.907548
vt 0.580045 0.904799
vt 0.583905 0.903613
vt 0.580045 0.904799
vt 0.583861 0.907548
vt 0.586016 0.716741
vt 0.583219 0.717940
vt 0.585972 0.720677
vt 0.583152 0.721875
vt 0.585972 0.720677
vt 0.583219 0.717940
vt 0.590726 0.904778
vt 0.595364 0.904265
vt 0.590749 0.900856
vt 0.595374 0.900333
vt 0.590749 0.900856
vt 0.595364 0.904265
vt 0.595882 0.713633
vt 0.591834 0.714635
vt 0.595871 0.717565
vt 0.591811 0.718557
vt 0.595871 0.717565
vt 0.591834 0.714635
vt 0.595364 0.904265
vt 0.600123 0.903899
vt 0.595374 0.900333
vt 0.600132 0.899959
vt 0.595374 0.900333
vt 0.600123 0.903899
vt 0.600593 0.712874
vt 0.595882 0.713633
vt 0.600583 0.716814
vt 0.595871 0.717565
vt 0.600583 0.716814
vt 0.595882 0.713633
f 1/1 2/2 3/3
f 4/4 3/5 2/6
f 5/7 6/8 7/9
f 8/10 7/11 6/12
f 6/13 5/14 9/15
f 10/16 9/17 5/18
f 11/19 12/20 13/21
f 14/22 13/23 12/24
f 15/25 16/26 11/27
f 12/28 11/29 16/30
f 17/31 18/32 15/33
f 16/34 15/35 18/36
f 19/37 20/38 17/39
f 18/40 17/41 20/42
f 21/43 22/44 19/45
f 20/46 19/47 22/48
f 23/49 24/50 21/51
f 22/52 21/53 24/54
f 25/55 26/56 27/57
f 28/58 27/59 26/60
f 29/61 30/62 31/63
f 32/64 31/65 30/66
f 33/67 34/68 35/69
f 36/70 35/71 34/72
f 37/73 36/74 38/75
f 34/76 38/77 36/78
f 39/79 37/80 40/81
f 38/82 40/83 37/84
f 41/85 39/86 42/87
f 40/88 42/89 39/90
f 43/91 41/92 44/93
f 42/94 44/95 41/96
f 45/97 43/98 46/99
f 44/100 46/101 43/102
f 47/103 45/104 48/105
f 46/106 48/107 45/108
f 49/109 50/110 51/111
f 52/112 51/113 50/114
f 53/115 54/116 55/117
f 56/118 55/119 54/120
f 56/121 54/122 57/123
f 58/124 57/125 54/126
f 59/127 60/128 61/129
f 62/130 61/131 60/132
f 60/133 63/134 62/135
f 64/136 62/137 63/138
f 63/139 65/140 64/141
f 66/142 64/143 65/144
f 65/145 67/146 66/147
f 68/148 66/149 67/150
f 67/151 69/152 68/153
f 70/154 68/155 69/156
f 69/157 71/158 70/159
f 72/160 70/161 71/162
f 2/163 25/164 4/165
f 27/166 4/167 25/168
f 5/169 7/170 29/171
f 30/172 29/173 7/174
f 35/175 36/176 10/177
f 13/178 10/179 36/180
f 11/181 13/182 37/183
f 36/184 37/185 13/186
f 15/187 11/188 39/189
f 37/190 39/191 11/192
f 17/193 15/194 41/195
f 39/196 41/197 15/198
f 19/199 17/200 43/201
f 41/202 43/203 17/204
f 21/205 19/206 45/207
f 43/208 45/209 19/210
f 23/211 21/212 47/213
f 45/214 47/215 21/216
f 50/217 1/218 52/219
f 3/220 52/221 1/222
f 8/223 6/224 53/225
f 54/226 53/227 6/228
f 54/229 6/230 58/231
f 9/232 58/233 6/234
f 14/235 12/236 59/237
f 60/238 59/239 12/240
f 12/241 16/242 60/243
f 63/244 60/245 16/246
f 16/247 18/248 63/249
f 65/250 63/251 18/252
f 18/253 20/254 65/255
f 67/256 65/257 20/258
f 20/259 22/260 67/261
f 69/262 67/263 22/264
f 22/265 24/266 69/267
f 71/268 69/269 24/270
f 10/271 13/272 9/273
f 14/274 9/275 13/276
f 33/277 35/278 31/279
f 29/280 31/281 35/282
f 58/283 59/284 57/285
f 61/286 57/287 59/288
f 35/289 10/290 29/291
f 5/292 29/293 10/294
f 9/295 14/296 58/297
f 59/298 58/299 14/300
f 73/301 74/302 8/303
f 7/304 8/305 74/306
f 75/307 76/308 30/309
f 32/310 30/311 76/312
f 77/313 78/314 55/315
f 53/316 55/317 78/318
f 74/319 75/320 7/321
f 30/322 7/323 75/324
f 78/325 73/326 53/327
f 8/328 53/329 73/330
f 79/331 80/332 51/333
f 49/334 51/335 80/336
f 81/337 55/338 82/339
f 56/340 82/341 55/342
f 82/343 56/344 83/345
f 57/346 83/347 56/348
f 84/349 61/350 85/351
f 62/352 85/353 61/354
f 85/355 62/356 86/357
f 64/358 86/359 62/360
f 86/361 64/362 87/363
f 66/364 87/365 64/366
f 87/367 66/368 88/369
f 68/370 88/371 66/372
f 88/373 68/374 89/375
f 70/376 89/377 68/378
f 89/379 70/380 90/381
f 72/382 90/383 70/384
f 83/385 57/386 84/387
f 61/388 84/389 57/390
f 91/391 77/392 81/393
f 55/394 81/395 77/396
f 92/397 93/398 94/399
f 95/400 94/401 93/402
f 96/403 97/404 98/405
f 99/406 98/407 97/408
f 97/409 100/410 99/411
f 101/412 99/413 100/414
f 100/415 102/416 101/417
f 103/418 101/419 102/420
f 102/421 104/422 103/423
f 105/424 103/425 104/426
f 104/427 106/428 105/429
f 107/430 105/431 106/432
f 106/433 108/434 107/435
f 109/436 107/437 108/438
f 108/439 110/440 109/441
f 111/442 109/443 110/444
f 112/445 113/446 114/447
f 115/448 114/449 113/450
f 116/451 117/452 118/453
f 119/454 118/455 117/456
f 120/457 119/458 121/459
f 117/460 121/461 119/462
f 122/463 123/464 124/465
f 125/466 124/467 123/468
f 123/469 126/470 125/471
f 127/472 125/473 126/474
f 126/475 128/476 127/477
f 129/478 127/479 128/480
f 128/481 130/482 129/483
f 131/484 129/485 130/486
f 130/487 132/488 131/489
f 133/490 131/491 132/492
f 132/493 134/494 133/495
f 135/496 133/497 134/498
f 136/499 137/500 138/501
f 139/502 138/503 137/504
f 140/505 141/506 142/507
f 143/508 142/509 141/510
f 144/511 145/512 146/513
f 147/514 146/515 145/516
f 145/517 144/518 148/519
f 149/520 148/521 144/522
f 148/523 149/524 150/525
f 151/526 150/527 149/528
f 150/529 151/530 152/531
f 153/532 152/533 151/534
f 152/535 153/536 154/537
f 155/538 154/539 153/540
f 154/541 155/542 156/543
f 157/544 156/545 155/546
f 156/547 157/548 158/549
f 159/550 158/551 157/552
f 160/553 161/554 162/555
f 163/556 162/557 161/558
f 164/559 165/560 166/561
f 167/562 166/563 165/564
f 168/565 165/566 169/567
f 164/568 169/569 165/570
f 170/571 171/572 172/573
f 173/574 172/575 171/576
f 174/577 175/578 170/579
f 171/580 170/581 175/582
f 176/583 177/584 174/585
f 175/586 174/587 177/588
f 178/589 179/590 176/591
f 177/592 176/593 179/594
f 180/595 181/596 178/597
f 179/598 178/599 181/600
f 182/601 183/602 180/603
f 181/604 180/605 183/606
f 114/607 115/608 136/609
f 137/610 136/611 115/612
f 141/613 118/614 143/615
f 119/616 143/617 118/618
f 124/619 144/620 120/621
f 146/622 120/623 144/624
f 144/625 124/626 149/627
f 125/628 149/629 124/630
f 149/631 125/632 151/633
f 127/634 151/635 125/636
f 151/637 127/638 153/639
f 129/640 153/641 127/642
f 153/643 129/644 155/645
f 131/646 155/647 129/648
f 155/649 131/650 157/651
f 133/652 157/653 131/654
f 157/655 133/656 159/657
f 135/658 159/659 133/660
f 112/661 160/662 113/663
f 162/664 113/665 160/666
f 165/667 117/668 167/669
f 116/670 167/671 117/672
f 121/673 117/674 168/675
f 165/676 168/677 117/678
f 171/679 123/680 173/681
f 122/682 173/683 123/684
f 175/685 126/686 171/687
f 123/688 171/689 126/690
f 177/691 128/692 175/693
f 126/694 175/695 128/696
f 179/697 130/698 177/699
f 128/700 177/701 130/702
f 181/703 132/704 179/705
f 130/706 179/707 132/708
f 183/709 134/710 181/711
f 132/712 181/713 134/714
f 93/715 96/716 95/717
f 98/718 95/719 96/720
f 122/721 124/722 121/723
f 120/724 121/725 124/726
f 143/727 146/728 142/729
f 147/730 142/731 146/732
f 172/733 173/734 169/735
f 168/736 169/737 173/738
f 119/739 120/740 143/741
f 146/742 143/743 120/744
f 173/745 122/746 168/747
f 121/748 168/749 122/750
f 118/751 184/752 116/753
f 185/754 116/755 184/756
f 140/757 186/758 141/759
f 187/760 141/761 186/762
f 167/763 188/764 166/765
f 189/766 166/767 188/768
f 141/769 187/770 118/771
f 184/772 118/773 187/774
f 116/775 185/776 167/777
f 188/778 167/779 185/780
f 190/781 163/782 191/783
f 161/784 191/785 163/786
f 164/787 166/788 192/789
f 193/790 192/791 166/792
f 169/793 164/794 194/795
f 192/796 194/797 164/798
f 170/799 172/800 195/801
f 196/802 195/803 172/804
f 174/805 170/806 197/807
f 195/808 197/809 170/810
f 176/811 174/812 198/813
f 197/814 198/815 174/816
f 178/817 176/818 199/819
f 198/820 199/821 176/822
f 180/823 178/824 200/825
f 199/826 200/827 178/828
f 182/829 180/830 201/831
f 200/832 201/833 180/834
f 172/835 169/836 196/837
f 194/838 196/839 169/840
f 166/841 189/842 193/843
f 202/844 193/845 189/846
f 94/847 203/848 92/849
f 204/850 92/851 203/852
f 205/853 206/854 207/855
f 208/856 207/857 206/858
f 206/859 209/860 208/861
f 210/862 208/863 209/864
f 211/865 210/866 212/867
f 209/868 212/869 210/870
f 139/871 213/872 138/873
f 213/874 214/875 138/876
f 214/877 215/878 138/879
f 138/880 215/881 26/882
f 215/883 216/884 26/885
f 216/886 217/887 26/888
f 217/889 218/890 26/891
f 218/892 219/893 26/894
f 219/895 220/896 26/897
f 220/898 221/899 26/900
f 221/901 222/902 26/903
f 222/904 223/905 26/906
f 223/907 224/908 26/909
f 224/910 225/911 26/912
f 225/913 226/914 26/915
f 28/916 26/917 227/918
f 227/919 26/920 228/921
f 228/922 26/923 229/924
f 229/925 26/926 230/927
f 230/928 26/929 231/930
f 231/931 26/932 232/933
f 232/934 26/935 233/936
f 233/937 26/938 234/939
f 234/940 26/941 235/942
f 235/943 26/944 236/945
f 236/946 26/947 237/948
f 237/949 26/950 238/951
f 238/952 26/953 239/954
f 239/955 26/956 240/957
f 240/958 26/959 241/960
f 241/961 26/962 242/963
f 242/964 26/965 243/966
f 243/967 26/968 244/969
f 244/970 26/971 245/972
f 245/973 26/974 246/975
f 246/976 26/977 247/978
f 247/979 26/980 248/981
f 248/982 26/983 249/984
f 249/985 26/986 250/987
f 250/988 26/989 251/990
f 251/991 26/992 252/993
f 252/994 26/995 253/996
f 253/997 26/998 254/999
f 254/1000 26/1001 255/1002
f 255/1003 26/1004 256/1005
f 26/1006 226/1007 256/1008
f 257/1009 258/1010 259/1011
f 260/1012 259/1013 258/1014
f 261/1015 262/1016 263/1017
f 264/1018 263/1019 262/1020
f 265/1021 266/1022 267/1023
f 268/1024 267/1025 266/1026
f 269/1027 270/1028 271/1029
f 272/1030 271/1031 270/1032
f 273/1033 274/1034 275/1035
f 276/1036 275/1037 274/1038
f 277/1039 278/1040 279/1041
f 280/1042 279/1043 278/1044
f 281/1045 282/1046 283/1047
f 284/1048 283/1049 282/1050
f 285/1051 286/1052 287/1053
f 288/1054 287/1055 286/1056
f 289/1057 290/1058 291/1059
f 292/1060 291/1061 290/1062
f 293/1063 294/1064 295/1065
f 296/1066 295/1067 294/1068
f 297/1069 298/1070 299/1071
f 300/1072 299/1073 298/1074
f 301/1075 302/1076 303/1077
f 304/1078 303/1079 302/1080
f 282/1081 305/1082 284/1083
f 306/1084 284/1085 305/1086
f 286/1087 307/1088 288/1089
f 308/1090 288/1091 307/1092
f 290/1093 309/1094 292/1095
f 310/1096 292/1097 309/1098
f 311/1099 293/1100 312/1101
f 295/1102 312/1103 293/1104
f 313/1105 297/1106 314/1107
f 299/1108 314/1109 297/1110
f 315/1111 301/1112 316/1113
f 303/1114 316/1115 301/1116
f 305/1117 317/1118 306/1119
f 318/1120 306/1121 317/1122
f 307/1123 319/1124 308/1125
f 320/1126 308/1127 319/1128
f 309/1129 321/1130 310/1131
f 322/1132 310/1133 321/1134
f 323/1135 311/1136 324/1137
f 312/1138 324/1139 311/1140
f 325/1141 313/1142 326/1143
f 314/1144 326/1145 313/1146
f 327/1147 315/1148 328/1149
f 316/1150 328/1151 315/1152
f 317/1153 329/1154 318/1155
f 330/1156 318/1157 329/1158
f 319/1159 331/1160 320/1161
f 332/1162 320/1163 331/1164
f 321/1165 333/1166 322/1167
f 334/1168 322/1169 333/1170
f 335/1171 323/1172 336/1173
f 324/1174 336/1175 323/1176
f 337/1177 325/1178 338/1179
f 326/1180 338/1181 325/1182
f 339/1183 327/1184 340/1185
f 328/1186 340/1187 327/1188
f 329/1189 341/1190 330/1191
f 342/1192 330/1193 341/1194
f 331/1195 343/1196 332/1197
f 344/1198 332/1199 343/1200
f 333/1201 345/1202 334/1203
f 346/1204 334/1205 345/1206
f 347/1207 335/1208 348/1209
f 336/1210 348/1211 335/1212
f 349/1213 337/1214 350/1215
f 338/1216 350/1217 337/1218
f 351/1219 339/1220 352/1221
f 340/1222 352/1223 339/1224
f 341/1225 353/1226 342/1227
f 354/1228 342/1229 353/1230
f 343/1231 355/1232 344/1233
f 356/1234 344/1235 355/1236
f 345/1237 357/1238 346/1239
f 358/1240 346/1241 357/1242
f 359/1243 347/1244 360/1245
f 348/1246 360/1247 347/1248
f 361/1249 349/1250 362/1251
f 350/1252 362/1253 349/1254
f 363/1255 351/1256 364/1257
f 352/1258 364/1259 351/1260
f 353/1261 365/1262 354/1263
f 366/1264 354/1265 365/1266
f 355/1267 367/1268 356/1269
f 368/1270 356/1271 367/1272
f 357/1273 369/1274 358/1275
f 370/1276 358/1277 369/1278
f 371/1279 359/1280 372/1281
f 360/1282 372/1283 359/1284
f 373/1285 361/1286 374/1287
f 362/1288 374/1289 361/1290
f 375/1291 363/1292 376/1293
f 364/1294 376/1295 363/1296
f 258/1297 281/1298 260/1299
f 283/1300 260/1301 281/1302
f 262/1303 285/1304 264/1305
f 287/1306 264/1307 285/1308
f 266/1309 289/1310 268/1311
f 291/1312 268/1313 289/1314
f 294/1315 269/1316 296/1317
f 271/1318 296/1319 269/1320
f 298/1321 273/1322 300/1323
f 275/1324 300/1325 273/1326
f 302/1327 277/1328 304/1329
f 279/1330 304/1331 277/1332
f 377/1333 378/1334 379/1335
f 380/1336 379/1337 378/1338
f 378/1339 211/1340 380/1341
f 212/1342 380/1343 211/1344
f 270/1345 381/1346 272/1347
f 382/1348 272/1349 381/1350
f 274/1351 383/1352 276/1353
f 384/1354 276/1355 383/1356
f 278/1357 385/1358 280/1359
f 386/1360 280/1361 385/1362
f 387/1363 257/1364 388/1365
f 259/1366 388/1367 257/1368
f 389/1369 261/1370 390/1371
f 263/1372 390/1373 261/1374
f 391/1375 265/1376 392/1377
f 267/1378 392/1379 265/1380
f 393/1381 377/1382 394/1383
f 379/1384 394/1385 377/1386
f 395/1387 396/1388 397/1389
f 398/1390 397/1391 396/1392
f 399/1393 400/1394 401/1395
f 402/1396 401/1397 400/1398
f 403/1399 404/1400 405/1401
f 406/1402 405/1403 404/1404
f 407/1405 408/1406 409/1407
f 410/1408 409/1409 408/1410
f 405/1411 406/1412 411/1413
f 412/1414 411/1415 406/1416
f 409/1417 410/1418 413/1419
f 414/1420 413/1421 410/1422
f 411/1423 412/1424 415/1425
f 416/1426 415/1427 412/1428
f 413/1429 414/1430 417/1431
f 418/1432 417/1433 414/1434
f 415/1435 416/1436 419/1437
f 420/1438 419/1439 416/1440
f 417/1441 418/1442 421/1443
f 422/1444 421/1445 418/1446
f 419/1447 420/1448 423/1449
f 424/1450 423/1451 420/1452
f 421/1453 422/1454 425/1455
f 426/1456 425/1457 422/1458
f 423/1459 424/1460 427/1461
f 428/1462 427/1463 424/1464
f 425/1465 426/1466 429/1467
f 430/1468 429/1469 426/1470
f 427/1471 428/1472 431/1473
f 432/1474 431/1475 428/1476
f 429/1477 430/1478 433/1479
f 434/1480 433/1481 430/1482
f 397/1483 398/1484 403/1485
f 404/1486 403/1487 398/1488
f 401/1489 402/1490 407/1491
f 408/1492 407/1493 402/1494
f 400/1495 399/1496 435/1497
f 436/1498 435/1499 399/1500
f 396/1501 395/1502 437/1503
f 438/1504 437/1505 395/1506
f 439/1507 440/1508 441/1509
f 442/1510 441/1511 440/1512
f 443/1513 442/1514 444/1515
f 440/1516 444/1517 442/1518
f 445/1519 446/1520 447/1521
f 448/1522 447/1523 446/1524
f 449/1525 445/1526 450/1527
f 447/1528 450/1529 445/1530
f 396/1531 451/1532 398/1533
f 452/1534 398/1535 451/1536
f 453/1537 454/1538 455/1539
f 456/1540 455/1541 454/1542
f 457/1543 456/1544 458/1545
f 454/1546 458/1547 456/1548
f 459/1549 460/1550 461/1551
f 462/1552 461/1553 460/1554
f 463/1555 459/1556 464/1557
f 461/1558 464/1559 459/1560
f 401/1561 465/1562 399/1563
f 466/1564 399/1565 465/1566
f 467/1567 468/1568 469/1569
f 470/1570 469/1571 468/1572
f 471/1573 470/1574 472/1575
f 468/1576 472/1577 470/1578
f 473/1579 474/1580 475/1581
f 476/1582 475/1583 474/1584
f 477/1585 473/1586 478/1587
f 475/1588 478/1589 473/1590
f 404/1591 479/1592 406/1593
f 480/1594 406/1595 479/1596
f 481/1597 482/1598 483/1599
f 484/1600 483/1601 482/1602
f 485/1603 484/1604 486/1605
f 482/1606 486/1607 484/1608
f 487/1609 488/1610 489/1611
f 490/1612 489/1613 488/1614
f 491/1615 487/1616 492/1617
f 489/1618 492/1619 487/1620
f 409/1621 493/1622 407/1623
f 494/1624 407/1625 493/1626
f 495/1627 496/1628 467/1629
f 468/1630 467/1631 496/1632
f 472/1633 468/1634 497/1635
f 496/1636 497/1637 468/1638
f 475/1639 476/1640 498/1641
f 499/1642 498/1643 476/1644
f 478/1645 475/1646 500/1647
f 498/1648 500/1649 475/1650
f 406/1651 480/1652 412/1653
f 501/1654 412/1655 480/1656
f 483/1657 484/1658 502/1659
f 503/1660 502/1661 484/1662
f 504/1663 503/1664 485/1665
f 484/1666 485/1667 503/1668
f 505/1669 506/1670 487/1671
f 488/1672 487/1673 506/1674
f 507/1675 505/1676 491/1677
f 487/1678 491/1679 505/1680
f 413/1681 508/1682 409/1683
f 493/1684 409/1685 508/1686
f 509/1687 510/1688 495/1689
f 496/1690 495/1691 510/1692
f 497/1693 496/1694 511/1695
f 510/1696 511/1697 496/1698
f 498/1699 499/1700 512/1701
f 513/1702 512/1703 499/1704
f 500/1705 498/1706 514/1707
f 512/1708 514/1709 498/1710
f 412/1711 501/1712 416/1713
f 515/1714 416/1715 501/1716
f 502/1717 503/1718 516/1719
f 517/1720 516/1721 503/1722
f 518/1723 517/1724 504/1725
f 503/1726 504/1727 517/1728
f 519/1729 520/1730 505/1731
f 506/1732 505/1733 520/1734
f 521/1735 519/1736 507/1737
f 505/1738 507/1739 519/1740
f 417/1741 522/1742 413/1743
f 508/1744 413/1745 522/1746
f 523/1747 524/1748 509/1749
f 510/1750 509/1751 524/1752
f 511/1753 510/1754 525/1755
f 524/1756 525/1757 510/1758
f 512/1759 513/1760 526/1761
f 527/1762 526/1763 513/1764
f 514/1765 512/1766 528/1767
f 526/1768 528/1769 512/1770
f 416/1771 515/1772 420/1773
f 529/1774 420/1775 515/1776
f 516/1777 517/1778 530/1779
f 531/1780 530/1781 517/1782
f 532/1783 531/1784 518/1785
f 517/1786 518/1787 531/1788
f 533/1789 534/1790 519/1791
f 520/1792 519/1793 534/1794
f 535/1795 533/1796 521/1797
f 519/1798 521/1799 533/1800
f 421/1801 536/1802 417/1803
f 522/1804 417/1805 536/1806
f 537/1807 538/1808 523/1809
f 524/1810 523/1811 538/1812
f 525/1813 524/1814 539/1815
f 538/1816 539/1817 524/1818
f 526/1819 527/1820 540/1821
f 541/1822 540/1823 527/1824
f 528/1825 526/1826 542/1827
f 540/1828 542/1829 526/1830
f 420/1831 529/1832 424/1833
f 543/1834 424/1835 529/1836
f 530/1837 531/1838 544/1839
f 545/1840 544/1841 531/1842
f 546/1843 545/1844 532/1845
f 531/1846 532/1847 545/1848
f 547/1849 548/1850 533/1851
f 534/1852 533/1853 548/1854
f 549/1855 547/1856 535/1857
f 533/1858 535/1859 547/1860
f 425/1861 550/1862 421/1863
f 536/1864 421/1865 550/1866
f 551/1867 552/1868 537/1869
f 538/1870 537/1871 552/1872
f 539/1873 538/1874 553/1875
f 552/1876 553/1877 538/1878
f 540/1879 541/1880 554/1881
f 555/1882 554/1883 541/1884
f 542/1885 540/1886 556/1887
f 554/1888 556/1889 540/1890
f 424/1891 543/1892 428/1893
f 557/1894 428/1895 543/1896
f 544/1897 545/1898 558/1899
f 559/1900 558/1901 545/1902
f 560/1903 559/1904 546/1905
f 545/1906 546/1907 559/1908
f 561/1909 562/1910 547/1911
f 548/1912 547/1913 562/1914
f 563/1915 561/1916 549/1917
f 547/1918 549/1919 561/1920
f 429/1921 564/1922 425/1923
f 550/1924 425/1925 564/1926
f 565/1927 566/1928 551/1929
f 552/1930 551/1931 566/1932
f 553/1933 552/1934 567/1935
f 566/1936 567/1937 552/1938
f 554/1939 555/1940 568/1941
f 569/1942 568/1943 555/1944
f 556/1945 554/1946 570/1947
f 568/1948 570/1949 554/1950
f 428/1951 557/1952 432/1953
f 571/1954 432/1955 557/1956
f 558/1957 559/1958 572/1959
f 573/1960 572/1961 559/1962
f 574/1963 573/1964 560/1965
f 559/1966 560/1967 573/1968
f 575/1969 576/1970 561/1971
f 562/1972 561/1973 576/1974
f 577/1975 575/1976 563/1977
f 561/1978 563/1979 575/1980
f 433/1981 578/1982 429/1983
f 564/1984 429/1985 578/1986
f 469/1987 470/1988 439/1989
f 440/1990 439/1991 470/1992
f 444/1993 440/1994 471/1995
f 470/1996 471/1997 440/1998
f 447/1999 448/2000 473/2001
f 474/2002 473/2003 448/2004
f 450/2005 447/2006 477/2007
f 473/2008 477/2009 447/2010
f 398/2011 452/2012 404/2013
f 479/2014 404/2015 452/2016
f 455/2017 456/2018 481/2019
f 482/2020 481/2021 456/2022
f 486/2023 482/2024 457/2025
f 456/2026 457/2027 482/2028
f 489/2029 490/2030 459/2031
f 460/2032 459/2033 490/2034
f 492/2035 489/2036 463/2037
f 459/2038 463/2039 489/2040
f 407/2041 494/2042 401/2043
f 465/2044 401/2045 494/2046
f 579/2047 580/2048 453/2049
f 454/2050 453/2051 580/2052
f 458/2053 454/2054 581/2055
f 580/2056 581/2057 454/2058
f 461/2059 462/2060 582/2061
f 583/2062 582/2063 462/2064
f 464/2065 461/2066 584/2067
f 582/2068 584/2069 461/2070
f 399/2071 466/2072 436/2073
f 585/2074 436/2075 466/2076
f 441/2077 442/2078 586/2079
f 587/2080 586/2081 442/2082
f 588/2083 587/2084 443/2085
f 442/2086 443/2087 587/2088
f 589/2089 590/2090 445/2091
f 446/2092 445/2093 590/2094
f 591/2095 589/2096 449/2097
f 445/2098 449/2099 589/2100
f 437/2101 592/2102 396/2103
f 451/2104 396/2105 592/2106
f 212/2107 209/2108 1/2109
f 2/2110 1/2111 209/2112
f 74/2113 73/2114 4/2115
f 3/2116 4/2117 73/2118
f 206/2119 205/2120 25/2121
f 26/2122 25/2123 205/2124
f 76/2125 75/2126 28/2127
f 27/2128 28/2129 75/2130
f 380/2131 50/2132 379/2133
f 49/2134 379/2135 50/2136
f 78/2137 77/2138 52/2139
f 51/2140 52/2141 77/2142
f 209/2143 206/2144 2/2145
f 25/2146 2/2147 206/2148
f 75/2149 74/2150 27/2151
f 4/2152 27/2153 74/2154
f 212/2155 1/2156 380/2157
f 50/2158 380/2159 1/2160
f 73/2161 78/2162 3/2163
f 52/2164 3/2165 78/2166
f 77/2167 91/2168 51/2169
f 79/2170 51/2171 91/2172
f 379/2173 49/2174 394/2175
f 80/2176 394/2177 49/2178
f 249/2179 204/2180 248/2181
f 203/2182 248/2183 204/2184
f 211/2185 112/2186 210/2187
f 114/2188 210/2189 112/2190
f 184/2191 115/2192 185/2193
f 113/2194 185/2195 115/2196
f 208/2197 136/2198 207/2199
f 138/2200 207/2201 136/2202
f 186/2203 139/2204 187/2205
f 137/2206 187/2207 139/2208
f 378/2209 377/2210 160/2211
f 161/2212 160/2213 377/2214
f 188/2215 162/2216 189/2217
f 163/2218 189/2219 162/2220
f 210/2221 114/2222 208/2223
f 136/2224 208/2225 114/2226
f 187/2227 137/2228 184/2229
f 115/2230 184/2231 137/2232
f 211/2233 378/2234 112/2235
f 160/2236 112/2237 378/2238
f 185/2239 113/2240 188/2241
f 162/2242 188/2243 113/2244
f 202/2245 189/2246 190/2247
f 163/2248 190/2249 189/2250
f 377/2251 393/2252 161/2253
f 191/2254 161/2255 393/2256
f 228/2257 382/2258 227/2259
f 381/2260 227/2261 382/2262
f 205/2263 207/2264 26/2265
f 138/2266 26/2267 207/2268
f 235/2269 384/2270 234/2271
f 383/2272 234/2273 384/2274
f 242/2275 386/2276 241/2277
f 385/2278 241/2279 386/2280
f 213/2281 387/2282 214/2283
f 388/2284 214/2285 387/2286
f 220/2287 389/2288 221/2289
f 390/2290 221/2291 389/2292
f 256/2293 391/2294 255/2295
f 392/2296 255/2297 391/2298
f 435/2299 436/2300 246/2301
f 245/2302 246/2303 436/2304
f 437/2305 438/2306 252/2307
f 251/2308 252/2309 438/2310
f 580/2311 579/2312 231/2313
f 230/2314 231/2315 579/2316
f 581/2317 580/2318 232/2319
f 231/2320 232/2321 580/2322
f 582/2323 583/2324 238/2325
f 237/2326 238/2327 583/2328
f 584/2329 582/2330 239/2331
f 238/2332 239/2333 582/2334
f 436/2335 585/2336 245/2337
f 244/2338 245/2339 585/2340
f 586/2341 587/2342 216/2343
f 217/2344 216/2345 587/2346
f 587/2347 588/2348 217/2349
f 218/2350 217/2351 588/2352
f 590/2353 589/2354 223/2355
f 224/2356 223/2357 589/2358
f 589/2359 591/2360 224/2361
f 225/2362 224/2363 591/2364
f 592/2365 437/2366 253/2367
f 252/2368 253/2369 437/2370
f 438/2371 593/2372 251/2373
f 250/2374 251/2375 593/2376
f 397/2377 594/2378 395/2379
f 595/2380 395/2381 594/2382
f 400/2383 596/2384 402/2385
f 597/2386 402/2387 596/2388
f 405/2389 598/2390 403/2391
f 599/2392 403/2393 598/2394
f 408/2395 600/2396 410/2397
f 601/2398 410/2399 600/2400
f 411/2401 602/2402 405/2403
f 598/2404 405/2405 602/2406
f 410/2407 601/2408 414/2409
f 603/2410 414/2411 601/2412
f 415/2413 604/2414 411/2415
f 602/2416 411/2417 604/2418
f 414/2419 603/2420 418/2421
f 605/2422 418/2423 603/2424
f 419/2425 606/2426 415/2427
f 604/2428 415/2429 606/2430
f 418/2431 605/2432 422/2433
f 607/2434 422/2435 605/2436
f 423/2437 608/2438 419/2439
f 606/2440 419/2441 608/2442
f 422/2443 607/2444 426/2445
f 609/2446 426/2447 607/2448
f 427/2449 610/2450 423/2451
f 608/2452 423/2453 610/2454
f 426/2455 609/2456 430/2457
f 611/2458 430/2459 609/2460
f 431/2461 612/2462 427/2463
f 610/2464 427/2465 612/2466
f 430/2467 611/2468 434/2469
f 613/2470 434/2471 611/2472
f 403/2473 599/2474 397/2475
f 594/2476 397/2477 599/2478
f 402/2479 597/2480 408/2481
f 600/2482 408/2483 597/2484
f 435/2485 614/2486 400/2487
f 596/2488 400/2489 614/2490
f 395/2491 595/2492 438/2493
f 593/2494 438/2495 595/2496
f 579/2497 615/2498 230/2499
f 229/2500 230/2501 615/2502
f 583/2503 616/2504 237/2505
f 236/2506 237/2507 616/2508
f 585/2509 617/2510 244/2511
f 243/2512 244/2513 617/2514
f 588/2515 618/2516 218/2517
f 219/2518 218/2519 618/2520
f 591/2521 619/2522 225/2523
f 226/2524 225/2525 619/2526
f 441/2527 620/2528 439/2529
f 621/2530 439/2531 620/2532
f 444/2533 622/2534 443/2535
f 623/2536 443/2537 622/2538
f 446/2539 624/2540 448/2541
f 625/2542 448/2543 624/2544
f 450/2545 626/2546 449/2547
f 627/2548 449/2549 626/2550
f 451/2551 628/2552 452/2553
f 629/2554 452/2555 628/2556
f 455/2557 630/2558 453/2559
f 631/2560 453/2561 630/2562
f 458/2563 632/2564 457/2565
f 633/2566 457/2567 632/2568
f 460/2569 634/2570 462/2571
f 635/2572 462/2573 634/2574
f 464/2575 636/2576 463/2577
f 637/2578 463/2579 636/2580
f 465/2581 638/2582 466/2583
f 639/2584 466/2585 638/2586
f 469/2587 640/2588 467/2589
f 641/2590 467/2591 640/2592
f 472/2593 642/2594 471/2595
f 643/2596 471/2597 642/2598
f 474/2599 644/2600 476/2601
f 645/2602 476/2603 644/2604
f 478/2605 646/2606 477/2607
f 647/2608 477/2609 646/2610
f 479/2611 648/2612 480/2613
f 649/2614 480/2615 648/2616
f 483/2617 650/2618 481/2619
f 651/2620 481/2621 650/2622
f 486/2623 652/2624 485/2625
f 653/2626 485/2627 652/2628
f 488/2629 654/2630 490/2631
f 655/2632 490/2633 654/2634
f 492/2635 656/2636 491/2637
f 657/2638 491/2639 656/2640
f 493/2641 658/2642 494/2643
f 659/2644 494/2645 658/2646
f 467/2647 641/2648 495/2649
f 660/2650 495/2651 641/2652
f 497/2653 661/2654 472/2655
f 642/2656 472/2657 661/2658
f 476/2659 645/2660 499/2661
f 662/2662 499/2663 645/2664
f 500/2665 663/2666 478/2667
f 646/2668 478/2669 663/2670
f 480/2671 649/2672 501/2673
f 664/2674 501/2675 649/2676
f 502/2677 665/2678 483/2679
f 650/2680 483/2681 665/2682
f 485/2683 653/2684 504/2685
f 666/2686 504/2687 653/2688
f 506/2689 667/2690 488/2691
f 654/2692 488/2693 667/2694
f 491/2695 657/2696 507/2697
f 668/2698 507/2699 657/2700
f 508/2701 669/2702 493/2703
f 658/2704 493/2705 669/2706
f 495/2707 660/2708 509/2709
f 670/2710 509/2711 660/2712
f 511/2713 671/2714 497/2715
f 661/2716 497/2717 671/2718
f 499/2719 662/2720 513/2721
f 672/2722 513/2723 662/2724
f 514/2725 673/2726 500/2727
f 663/2728 500/2729 673/2730
f 501/2731 664/2732 515/2733
f 674/2734 515/2735 664/2736
f 516/2737 675/2738 502/2739
f 665/2740 502/2741 675/2742
f 504/2743 666/2744 518/2745
f 676/2746 518/2747 666/2748
f 520/2749 677/2750 506/2751
f 667/2752 506/2753 677/2754
f 507/2755 668/2756 521/2757
f 678/2758 521/2759 668/2760
f 522/2761 679/2762 508/2763
f 669/2764 508/2765 679/2766
f 509/2767 670/2768 523/2769
f 680/2770 523/2771 670/2772
f 525/2773 681/2774 511/2775
f 671/2776 511/2777 681/2778
f 513/2779 672/2780 527/2781
f 682/2782 527/2783 672/2784
f 528/2785 683/2786 514/2787
f 673/2788 514/2789 683/2790
f 515/2791 674/2792 529/2793
f 684/2794 529/2795 674/2796
f 530/2797 685/2798 516/2799
f 675/2800 516/2801 685/2802
f 518/2803 676/2804 532/2805
f 686/2806 532/2807 676/2808
f 534/2809 687/2810 520/2811
f 677/2812 520/2813 687/2814
f 521/2815 678/2816 535/2817
f 688/2818 535/2819 678/2820
f 536/2821 689/2822 522/2823
f 679/2824 522/2825 689/2826
f 523/2827 680/2828 537/2829
f 690/2830 537/2831 680/2832
f 539/2833 691/2834 525/2835
f 681/2836 525/2837 691/2838
f 527/2839 682/2840 541/2841
f 692/2842 541/2843 682/2844
f 542/2845 693/2846 528/2847
f 683/2848 528/2849 693/2850
f 529/2851 684/2852 543/2853
f 694/2854 543/2855 684/2856
f 544/2857 695/2858 530/2859
f 685/2860 530/2861 695/2862
f 532/2863 686/2864 546/2865
f 696/2866 546/2867 686/2868
f 548/2869 697/2870 534/2871
f 687/2872 534/2873 697/2874
f 535/2875 688/2876 549/2877
f 698/2878 549/2879 688/2880
f 550/2881 699/2882 536/2883
f 689/2884 536/2885 699/2886
f 537/2887 690/2888 551/2889
f 700/2890 551/2891 690/2892
f 553/2893 701/2894 539/2895
f 691/2896 539/2897 701/2898
f 541/2899 692/2900 555/2901
f 702/2902 555/2903 692/2904
f 556/2905 703/2906 542/2907
f 693/2908 542/2909 703/2910
f 543/2911 694/2912 557/2913
f 704/2914 557/2915 694/2916
f 558/2917 705/2918 544/2919
f 695/2920 544/2921 705/2922
f 546/2923 696/2924 560/2925
f 706/2926 560/2927 696/2928
f 562/2929 707/2930 548/2931
f 697/2932 548/2933 707/2934
f 549/2935 698/2936 563/2937
f 708/2938 563/2939 698/2940
f 564/2941 709/2942 550/2943
f 699/2944 550/2945 709/2946
f 551/2947 700/2948 565/2949
f 710/2950 565/2951 700/2952
f 567/2953 711/2954 553/2955
f 701/2956 553/2957 711/2958
f 555/2959 702/2960 569/2961
f 712/2962 569/2963 702/2964
f 570/2965 713/2966 556/2967
f 703/2968 556/2969 713/2970
f 557/2971 704/2972 571/2973
f 714/2974 571/2975 704/2976
f 572/2977 715/2978 558/2979
f 705/2980 558/2981 715/2982
f 560/2983 706/2984 574/2985
f 716/2986 574/2987 706/2988
f 576/2989 717/2990 562/2991
f 707/2992 562/2993 717/2994
f 563/2995 708/2996 577/2997
f 718/2998 577/2999 708/3000
f 578/3001 719/3002 564/3003
f 709/3004 564/3005 719/3006
f 439/3007 621/3008 469/3009
f 640/3010 469/3011 621/3012
f 471/3013 643/3014 444/3015
f 622/3016 444/3017 643/3018
f 448/3019 625/3020 474/3021
f 644/3022 474/3023 625/3024
f 477/3025 647/3026 450/3027
f 626/3028 450/3029 647/3030
f 452/3031 629/3032 479/3033
f 648/3034 479/3035 629/3036
f 481/3037 651/3038 455/3039
f 630/3040 455/3041 651/3042
f 457/3043 633/3044 486/3045
f 652/3046 486/3047 633/3048
f 490/3049 655/3050 460/3051
f 634/3052 460/3053 655/3054
f 463/3055 637/3056 492/3057
f 656/3058 492/3059 637/3060
f 494/3061 659/3062 465/3063
f 638/3064 465/3065 659/3066
f 453/3067 631/3068 579/3069
f 615/3070 579/3071 631/3072
f 581/3073 720/3074 458/3075
f 632/3076 458/3077 720/3078
f 462/3079 635/3080 583/3081
f 616/3082 583/3083 635/3084
f 584/3085 721/3086 464/3087
f 636/3088 464/3089 721/3090
f 466/3091 639/3092 585/3093
f 617/3094 585/3095 639/3096
f 586/3097 722/3098 441/3099
f 620/3100 441/3101 722/3102
f 443/3103 623/3104 588/3105
f 618/3106 588/3107 623/3108
f 590/3109 723/3110 446/3111
f 624/3112 446/3113 723/3114
f 449/3115 627/3116 591/3117
f 619/3118 591/3119 627/3120
f 592/3121 724/3122 451/3123
f 628/3124 451/3125 724/3126
f 246/3127 247/3128 435/3129
f 614/3130 435/3131 247/3132
f 232/3133 233/3134 581/3135
f 720/3136 581/3137 233/3138
f 239/3139 240/3140 584/3141
f 721/3142 584/3143 240/3144
f 216/3145 215/3146 586/3147
f 722/3148 586/3149 215/3150
f 223/3151 222/3152 590/3153
f 723/3154 590/3155 222/3156
f 253/3157 254/3158 592/3159
f 724/3160 592/3161 254/3162
f 725/3163 726/3164 727/3165
f 728/3166 727/3167 726/3168
f 729/3169 730/3170 731/3171
f 732/3172 731/3173 730/3174
f 733/3175 732/3176 734/3177
f 730/3178 734/3179 732/3180
f 735/3181 736/3182 737/3183
f 738/3184 737/3185 736/3186
f 736/3187 739/3188 738/3189
f 740/3190 738/3191 739/3192
f 739/3193 741/3194 740/3195
f 742/3196 740/3197 741/3198
f 741/3199 743/3200 742/3201
f 744/3202 742/3203 743/3204
f 743/3205 745/3206 744/3207
f 746/3208 744/3209 745/3210
f 745/3211 24/3212 746/3213
f 23/3214 746/3215 24/3216
f 747/3217 748/3218 749/3219
f 750/3220 749/3221 748/3222
f 751/3223 752/3224 753/3225
f 754/3226 753/3227 752/3228
f 755/3229 756/3230 757/3231
f 758/3232 757/3233 756/3234
f 756/3235 755/3236 759/3237
f 760/3238 759/3239 755/3240
f 759/3241 760/3242 761/3243
f 762/3244 761/3245 760/3246
f 761/3247 762/3248 763/3249
f 764/3250 763/3251 762/3252
f 763/3253 764/3254 765/3255
f 766/3256 765/3257 764/3258
f 765/3259 766/3260 767/3261
f 768/3262 767/3263 766/3264
f 767/3265 768/3266 48/3267
f 47/3268 48/3269 768/3270
f 769/3271 770/3272 771/3273
f 772/3274 771/3275 770/3276
f 773/3277 774/3278 775/3279
f 776/3280 775/3281 774/3282
f 777/3283 774/3284 778/3285
f 773/3286 778/3287 774/3288
f 779/3289 780/3290 781/3291
f 782/3292 781/3293 780/3294
f 783/3295 784/3296 779/3297
f 780/3298 779/3299 784/3300
f 785/3301 786/3302 783/3303
f 784/3304 783/3305 786/3306
f 787/3307 788/3308 785/3309
f 786/3310 785/3311 788/3312
f 789/3313 790/3314 787/3315
f 788/3316 787/3317 790/3318
f 72/3319 71/3320 789/3321
f 790/3322 789/3323 71/3324
f 749/3325 750/3326 725/3327
f 726/3328 725/3329 750/3330
f 752/3331 731/3332 754/3333
f 732/3334 754/3335 731/3336
f 737/3337 755/3338 733/3339
f 757/3340 733/3341 755/3342
f 755/3343 737/3344 760/3345
f 738/3346 760/3347 737/3348
f 760/3349 738/3350 762/3351
f 740/3352 762/3353 738/3354
f 762/3355 740/3356 764/3357
f 742/3358 764/3359 740/3360
f 764/3361 742/3362 766/3363
f 744/3364 766/3365 742/3366
f 766/3367 744/3368 768/3369
f 746/3370 768/3371 744/3372
f 768/3373 746/3374 47/3375
f 23/3376 47/3377 746/3378
f 727/3379 728/3380 769/3381
f 770/3382 769/3383 728/3384
f 774/3385 730/3386 776/3387
f 729/3388 776/3389 730/3390
f 734/3391 730/3392 777/3393
f 774/3394 777/3395 730/3396
f 780/3397 736/3398 782/3399
f 735/3400 782/3401 736/3402
f 784/3403 739/3404 780/3405
f 736/3406 780/3407 739/3408
f 786/3409 741/3410 784/3411
f 739/3412 784/3413 741/3414
f 788/3415 743/3416 786/3417
f 741/3418 786/3419 743/3420
f 790/3421 745/3422 788/3423
f 743/3424 788/3425 745/3426
f 71/3427 24/3428 790/3429
f 745/3430 790/3431 24/3432
f 735/3433 737/3434 734/3435
f 733/3436 734/3437 737/3438
f 754/3439 757/3440 753/3441
f 758/3442 753/3443 757/3444
f 781/3445 782/3446 778/3447
f 777/3448 778/3449 782/3450
f 732/3451 733/3452 754/3453
f 757/3454 754/3455 733/3456
f 782/3457 735/3458 777/3459
f 734/3460 777/3461 735/3462
f 731/3463 791/3464 729/3465
f 792/3466 729/3467 791/3468
f 751/3469 793/3470 752/3471
f 794/3472 752/3473 793/3474
f 776/3475 795/3476 775/3477
f 796/3478 775/3479 795/3480
f 752/3481 794/3482 731/3483
f 791/3484 731/3485 794/3486
f 729/3487 792/3488 776/3489
f 795/3490 776/3491 792/3492
f 772/3493 797/3494 771/3495
f 798/3496 771/3497 797/3498
f 773/3499 775/3500 799/3501
f 800/3502 799/3503 775/3504
f 778/3505 773/3506 801/3507
f 799/3508 801/3509 773/3510
f 779/3511 781/3512 802/3513
f 803/3514 802/3515 781/3516
f 783/3517 779/3518 804/3519
f 802/3520 804/3521 779/3522
f 785/3523 783/3524 805/3525
f 804/3526 805/3527 783/3528
f 787/3529 785/3530 806/3531
f 805/3532 806/3533 785/3534
f 789/3535 787/3536 807/3537
f 806/3538 807/3539 787/3540
f 72/3541 789/3542 90/3543
f 807/3544 90/3545 789/3546
f 781/3547 778/3548 803/3549
f 801/3550 803/3551 778/3552
f 775/3553 796/3554 800/3555
f 808/3556 800/3557 796/3558
f 809/3559 810/3560 811/3561
f 812/3562 811/3563 810/3564
f 813/3565 814/3566 815/3567
f 816/3568 815/3569 814/3570
f 817/3571 813/3572 818/3573
f 815/3574 818/3575 813/3576
f 819/3577 817/3578 820/3579
f 818/3580 820/3581 817/3582
f 821/3583 819/3584 822/3585
f 820/3586 822/3587 819/3588
f 823/3589 821/3590 824/3591
f 822/3592 824/3593 821/3594
f 825/3595 823/3596 826/3597
f 824/3598 826/3599 823/3600
f 110/3601 825/3602 111/3603
f 826/3604 111/3605 825/3606
f 827/3607 828/3608 829/3609
f 830/3610 829/3611 828/3612
f 831/3613 832/3614 833/3615
f 834/3616 833/3617 832/3618
f 832/3619 831/3620 835/3621
f 836/3622 835/3623 831/3624
f 837/3625 838/3626 839/3627
f 840/3628 839/3629 838/3630
f 841/3631 842/3632 837/3633
f 838/3634 837/3635 842/3636
f 843/3637 844/3638 841/3639
f 842/3640 841/3641 844/3642
f 845/3643 846/3644 843/3645
f 844/3646 843/3647 846/3648
f 847/3649 848/3650 845/3651
f 846/3652 845/3653 848/3654
f 135/3655 134/3656 847/3657
f 848/3658 847/3659 134/3660
f 849/3661 850/3662 851/3663
f 852/3664 851/3665 850/3666
f 853/3667 854/3668 855/3669
f 856/3670 855/3671 854/3672
f 857/3673 858/3674 859/3675
f 860/3676 859/3677 858/3678
f 861/3679 860/3680 862/3681
f 858/3682 862/3683 860/3684
f 863/3685 861/3686 864/3687
f 862/3688 864/3689 861/3690
f 865/3691 863/3692 866/3693
f 864/3694 866/3695 863/3696
f 867/3697 865/3698 868/3699
f 866/3700 868/3701 865/3702
f 869/3703 867/3704 870/3705
f 868/3706 870/3707 867/3708
f 159/3709 869/3710 158/3711
f 870/3712 158/3713 869/3714
f 871/3715 872/3716 873/3717
f 874/3718 873/3719 872/3720
f 875/3721 876/3722 877/3723
f 878/3724 877/3725 876/3726
f 878/3727 876/3728 879/3729
f 880/3730 879/3731 876/3732
f 881/3733 882/3734 883/3735
f 884/3736 883/3737 882/3738
f 882/3739 885/3740 884/3741
f 886/3742 884/3743 885/3744
f 885/3745 887/3746 886/3747
f 888/3748 886/3749 887/3750
f 887/3751 889/3752 888/3753
f 890/3754 888/3755 889/3756
f 889/3757 891/3758 890/3759
f 892/3760 890/3761 891/3762
f 891/3763 183/3764 892/3765
f 182/3766 892/3767 183/3768
f 850/3769 827/3770 852/3771
f 829/3772 852/3773 827/3774
f 831/3775 833/3776 853/3777
f 854/3778 853/3779 833/3780
f 859/3781 860/3782 836/3783
f 839/3784 836/3785 860/3786
f 837/3787 839/3788 861/3789
f 860/3790 861/3791 839/3792
f 841/3793 837/3794 863/3795
f 861/3796 863/3797 837/3798
f 843/3799 841/3800 865/3801
f 863/3802 865/3803 841/3804
f 845/3805 843/3806 867/3807
f 865/3808 867/3809 843/3810
f 847/3811 845/3812 869/3813
f 867/3814 869/3815 845/3816
f 135/3817 847/3818 159/3819
f 869/3820 159/3821 847/3822
f 873/3823 874/3824 828/3825
f 830/3826 828/3827 874/3828
f 834/3829 832/3830 875/3831
f 876/3832 875/3833 832/3834
f 876/3835 832/3836 880/3837
f 835/3838 880/3839 832/3840
f 840/3841 838/3842 881/3843
f 882/3844 881/3845 838/3846
f 838/3847 842/3848 882/3849
f 885/3850 882/3851 842/3852
f 842/3853 844/3854 885/3855
f 887/3856 885/3857 844/3858
f 844/3859 846/3860 887/3861
f 889/3862 887/3863 846/3864
f 846/3865 848/3866 889/3867
f 891/3868 889/3869 848/3870
f 848/3871 134/3872 891/3873
f 183/3874 891/3875 134/3876
f 814/3877 809/3878 816/3879
f 811/3880 816/3881 809/3882
f 836/3883 839/3884 835/3885
f 840/3886 835/3887 839/3888
f 857/3889 859/3890 855/3891
f 853/3892 855/3893 859/3894
f 880/3895 881/3896 879/3897
f 883/3898 879/3899 881/3900
f 859/3901 836/3902 853/3903
f 831/3904 853/3905 836/3906
f 835/3907 840/3908 880/3909
f 881/3910 880/3911 840/3912
f 893/3913 894/3914 834/3915
f 833/3916 834/3917 894/3918
f 895/3919 896/3920 854/3921
f 856/3922 854/3923 896/3924
f 897/3925 898/3926 877/3927
f 875/3928 877/3929 898/3930
f 894/3931 895/3932 833/3933
f 854/3934 833/3935 895/3936
f 898/3937 893/3938 875/3939
f 834/3940 875/3941 893/3942
f 872/3943 871/3944 899/3945
f 900/3946 899/3947 871/3948
f 901/3949 877/3950 902/3951
f 878/3952 902/3953 877/3954
f 902/3955 878/3956 903/3957
f 879/3958 903/3959 878/3960
f 904/3961 883/3962 905/3963
f 884/3964 905/3965 883/3966
f 905/3967 884/3968 906/3969
f 886/3970 906/3971 884/3972
f 906/3973 886/3974 907/3975
f 888/3976 907/3977 886/3978
f 907/3979 888/3980 908/3981
f 890/3982 908/3983 888/3984
f 908/3985 890/3986 909/3987
f 892/3988 909/3989 890/3990
f 909/3991 892/3992 201/3993
f 182/3994 201/3995 892/3996
f 903/3997 879/3998 904/3999
f 883/4000 904/4001 879/4002
f 910/4003 897/4004 901/4005
f 877/4006 901/4007 897/4008
f 911/4009 812/4010 912/4011
f 810/4012 912/4013 812/4014
f 913/4015 914/4016 915/4017
f 916/4018 915/4019 914/4020
f 917/4021 918/4022 913/4023
f 914/4024 913/4025 918/4026
f 918/4027 917/4028 919/4029
f 920/4030 919/4031 917/4032
f 747/4033 921/4034 748/4035
f 921/4036 922/4037 748/4038
f 922/4039 923/4040 748/4041
f 923/4042 924/4043 748/4044
f 924/4045 925/4046 748/4047
f 925/4048 926/4049 748/4050
f 926/4051 927/4052 748/4053
f 927/4054 928/4055 748/4056
f 928/4057 929/4058 748/4059
f 929/4060 930/4061 748/4062
f 930/4063 931/4064 748/4065
f 931/4066 932/4067 748/4068
f 932/4069 933/4070 748/4071
f 933/4072 934/4073 748/4074
f 934/4075 935/4076 748/4077
f 935/4078 936/4079 748/4080
f 936/4081 937/4082 748/4083
f 937/4084 938/4085 748/4086
f 938/4087 939/4088 748/4089
f 939/4090 940/4091 748/4092
f 940/4093 941/4094 748/4095
f 941/4096 942/4097 748/4098
f 942/4099 943/4100 748/4101
f 943/4102 944/4103 748/4104
f 944/4105 945/4106 748/4107
f 945/4108 946/4109 748/4110
f 946/4111 947/4112 748/4113
f 947/4114 948/4115 748/4116
f 948/4117 949/4118 748/4119
f 949/4120 950/4121 748/4122
f 950/4123 951/4124 748/4125
f 849/4126 851/4127 952/4128
f 952/4129 851/4130 953/4131
f 953/4132 851/4133 954/4134
f 851/4135 748/4136 954/4137
f 954/4138 748/4139 955/4140
f 955/4141 748/4142 956/4143
f 956/4144 748/4145 957/4146
f 957/4147 748/4148 958/4149
f 958/4150 748/4151 959/4152
f 959/4153 748/4154 960/4155
f 960/4156 748/4157 961/4158
f 961/4159 748/4160 962/4161
f 962/4162 748/4163 963/4164
f 963/4165 748/4166 964/4167
f 748/4168 951/4169 964/4170
f 965/4171 966/4172 967/4173
f 968/4174 967/4175 966/4176
f 969/4177 970/4178 971/4179
f 972/4180 971/4181 970/4182
f 973/4183 974/4184 975/4185
f 976/4186 975/4187 974/4188
f 977/4189 978/4190 979/4191
f 980/4192 979/4193 978/4194
f 981/4195 982/4196 983/4197
f 984/4198 983/4199 982/4200
f 985/4201 986/4202 987/4203
f 988/4204 987/4205 986/4206
f 989/4207 990/4208 991/4209
f 992/4210 991/4211 990/4212
f 993/4213 994/4214 995/4215
f 996/4216 995/4217 994/4218
f 997/4219 998/4220 999/4221
f 1000/4222 999/4223 998/4224
f 1001/4225 1002/4226 1003/4227
f 1004/4228 1003/4229 1002/4230
f 1005/4231 1006/4232 1007/4233
f 1008/4234 1007/4235 1006/4236
f 1009/4237 1010/4238 1011/4239
f 1012/4240 1011/4241 1010/4242
f 1013/4243 989/4244 1014/4245
f 991/4246 1014/4247 989/4248
f 1015/4249 993/4250 1016/4251
f 995/4252 1016/4253 993/4254
f 1017/4255 997/4256 1018/4257
f 999/4258 1018/4259 997/4260
f 1002/4261 1019/4262 1004/4263
f 1020/4264 1004/4265 1019/4266
f 1006/4267 1021/4268 1008/4269
f 1022/4270 1008/4271 1021/4272
f 1010/4273 1023/4274 1012/4275
f 1024/4276 1012/4277 1023/4278
f 1025/4279 1013/4280 1026/4281
f 1014/4282 1026/4283 1013/4284
f 1027/4285 1015/4286 1028/4287
f 1016/4288 1028/4289 1015/4290
f 1029/4291 1017/4292 1030/4293
f 1018/4294 1030/4295 1017/4296
f 1019/4297 1031/4298 1020/4299
f 1032/4300 1020/4301 1031/4302
f 1021/4303 1033/4304 1022/4305
f 1034/4306 1022/4307 1033/4308
f 1023/4309 1035/4310 1024/4311
f 1036/4312 1024/4313 1035/4314
f 1037/4315 1025/4316 1038/4317
f 1026/4318 1038/4319 1025/4320
f 1039/4321 1027/4322 1040/4323
f 1028/4324 1040/4325 1027/4326
f 1041/4327 1029/4328 1042/4329
f 1030/4330 1042/4331 1029/4332
f 1031/4333 1043/4334 1032/4335
f 1044/4336 1032/4337 1043/4338
f 1033/4339 1045/4340 1034/4341
f 1046/4342 1034/4343 1045/4344
f 1035/4345 1047/4346 1036/4347
f 1048/4348 1036/4349 1047/4350
f 1049/4351 1037/4352 1050/4353
f 1038/4354 1050/4355 1037/4356
f 1051/4357 1039/4358 1052/4359
f 1040/4360 1052/4361 1039/4362
f 1053/4363 1041/4364 1054/4365
f 1042/4366 1054/4367 1041/4368
f 1043/4369 1055/4370 1044/4371
f 1056/4372 1044/4373 1055/4374
f 1045/4375 1057/4376 1046/4377
f 1058/4378 1046/4379 1057/4380
f 1047/4381 1059/4382 1048/4383
f 1060/4384 1048/4385 1059/4386
f 1061/4387 1049/4388 1062/4389
f 1050/4390 1062/4391 1049/4392
f 1063/4393 1051/4394 1064/4395
f 1052/4396 1064/4397 1051/4398
f 1065/4399 1053/4400 1066/4401
f 1054/4402 1066/4403 1053/4404
f 1055/4405 1067/4406 1056/4407
f 1068/4408 1056/4409 1067/4410
f 1057/4411 1069/4412 1058/4413
f 1070/4414 1058/4415 1069/4416
f 1059/4417 1071/4418 1060/4419
f 1072/4420 1060/4421 1071/4422
f 365/4423 1061/4424 366/4425
f 1062/4426 366/4427 1061/4428
f 367/4429 1063/4430 368/4431
f 1064/4432 368/4433 1063/4434
f 369/4435 1065/4436 370/4437
f 1066/4438 370/4439 1065/4440
f 1067/4441 371/4442 1068/4443
f 372/4444 1068/4445 371/4446
f 1069/4447 373/4448 1070/4449
f 374/4450 1070/4451 373/4452
f 1071/4453 375/4454 1072/4455
f 376/4456 1072/4457 375/4458
f 990/4459 965/4460 992/4461
f 967/4462 992/4463 965/4464
f 994/4465 969/4466 996/4467
f 971/4468 996/4469 969/4470
f 998/4471 973/4472 1000/4473
f 975/4474 1000/4475 973/4476
f 978/4477 1001/4478 980/4479
f 1003/4480 980/4481 1001/4482
f 982/4483 1005/4484 984/4485
f 1007/4486 984/4487 1005/4488
f 986/4489 1009/4490 988/4491
f 1011/4492 988/4493 1009/4494
f 1073/4495 1074/4496 1075/4497
f 1076/4498 1075/4499 1074/4500
f 919/4501 920/4502 1073/4503
f 1074/4504 1073/4505 920/4506
f 1077/4507 977/4508 1078/4509
f 979/4510 1078/4511 977/4512
f 1079/4513 981/4514 1080/4515
f 983/4516 1080/4517 981/4518
f 1081/4519 985/4520 1082/4521
f 987/4522 1082/4523 985/4524
f 966/4525 1083/4526 968/4527
f 1084/4528 968/4529 1083/4530
f 970/4531 1085/4532 972/4533
f 1086/4534 972/4535 1085/4536
f 974/4537 1087/4538 976/4539
f 1088/4540 976/4541 1087/4542
f 1075/4543 1076/4544 1089/4545
f 1090/4546 1089/4547 1076/4548
f 1091/4549 1092/4550 1093/4551
f 1094/4552 1093/4553 1092/4554
f 1095/4555 1096/4556 1097/4557
f 1098/4558 1097/4559 1096/4560
f 1099/4561 1100/4562 1101/4563
f 1102/4564 1101/4565 1100/4566
f 1103/4567 1104/4568 1105/4569
f 1106/4570 1105/4571 1104/4572
f 1107/4573 1099/4574 1108/4575
f 1101/4576 1108/4577 1099/4578
f 1109/4579 1103/4580 1110/4581
f 1105/4582 1110/4583 1103/4584
f 1111/4585 1107/4586 1112/4587
f 1108/4588 1112/4589 1107/4590
f 1113/4591 1109/4592 1114/4593
f 1110/4594 1114/4595 1109/4596
f 1115/4597 1111/4598 1116/4599
f 1112/4600 1116/4601 1111/4602
f 1117/4603 1113/4604 1118/4605
f 1114/4606 1118/4607 1113/4608
f 1119/4609 1115/4610 1120/4611
f 1116/4612 1120/4613 1115/4614
f 1121/4615 1117/4616 1122/4617
f 1118/4618 1122/4619 1117/4620
f 1123/4621 1119/4622 1124/4623
f 1120/4624 1124/4625 1119/4626
f 1125/4627 1121/4628 1126/4629
f 1122/4630 1126/4631 1121/4632
f 432/4633 1123/4634 431/4635
f 1124/4636 431/4637 1123/4638
f 434/4639 1125/4640 433/4641
f 1126/4642 433/4643 1125/4644
f 1100/4645 1091/4646 1102/4647
f 1093/4648 1102/4649 1091/4650
f 1104/4651 1095/4652 1106/4653
f 1097/4654 1106/4655 1095/4656
f 1127/4657 1098/4658 1128/4659
f 1096/4660 1128/4661 1098/4662
f 1129/4663 1094/4664 1130/4665
f 1092/4666 1130/4667 1094/4668
f 1131/4669 1132/4670 1133/4671
f 1134/4672 1133/4673 1132/4674
f 1132/4675 1131/4676 1135/4677
f 1136/4678 1135/4679 1131/4680
f 1137/4681 1138/4682 1139/4683
f 1140/4684 1139/4685 1138/4686
f 1139/4687 1140/4688 1141/4689
f 1142/4690 1141/4691 1140/4692
f 1143/4693 1144/4694 1091/4695
f 1092/4696 1091/4697 1144/4698
f 1145/4699 1146/4700 1147/4701
f 1148/4702 1147/4703 1146/4704
f 1146/4705 1145/4706 1149/4707
f 1150/4708 1149/4709 1145/4710
f 1151/4711 1152/4712 1153/4713
f 1154/4714 1153/4715 1152/4716
f 1153/4717 1154/4718 1155/4719
f 1156/4720 1155/4721 1154/4722
f 1157/4723 1158/4724 1098/4725
f 1097/4726 1098/4727 1158/4728
f 1159/4729 1160/4730 1161/4731
f 1162/4732 1161/4733 1160/4734
f 1160/4735 1159/4736 1163/4737
f 1164/4738 1163/4739 1159/4740
f 1165/4741 1166/4742 1167/4743
f 1168/4744 1167/4745 1166/4746
f 1167/4747 1168/4748 1169/4749
f 1170/4750 1169/4751 1168/4752
f 1171/4753 1172/4754 1099/4755
f 1100/4756 1099/4757 1172/4758
f 1173/4759 1174/4760 1175/4761
f 1176/4762 1175/4763 1174/4764
f 1174/4765 1173/4766 1177/4767
f 1178/4768 1177/4769 1173/4770
f 1179/4771 1180/4772 1181/4773
f 1182/4774 1181/4775 1180/4776
f 1181/4777 1182/4778 1183/4779
f 1184/4780 1183/4781 1182/4782
f 1185/4783 1186/4784 1106/4785
f 1105/4786 1106/4787 1186/4788
f 1160/4789 1187/4790 1162/4791
f 1188/4792 1162/4793 1187/4794
f 1187/4795 1160/4796 1189/4797
f 1163/4798 1189/4799 1160/4800
f 1190/4801 1165/4802 1191/4803
f 1167/4804 1191/4805 1165/4806
f 1191/4807 1167/4808 1192/4809
f 1169/4810 1192/4811 1167/4812
f 1193/4813 1171/4814 1107/4815
f 1099/4816 1107/4817 1171/4818
f 1194/4819 1173/4820 1195/4821
f 1175/4822 1195/4823 1173/4824
f 1173/4825 1194/4826 1178/4827
f 1196/4828 1178/4829 1194/4830
f 1180/4831 1197/4832 1182/4833
f 1198/4834 1182/4835 1197/4836
f 1182/4837 1198/4838 1184/4839
f 1199/4840 1184/4841 1198/4842
f 1186/4843 1200/4844 1105/4845
f 1110/4846 1105/4847 1200/4848
f 1187/4849 1201/4850 1188/4851
f 1202/4852 1188/4853 1201/4854
f 1201/4855 1187/4856 1203/4857
f 1189/4858 1203/4859 1187/4860
f 1204/4861 1190/4862 1205/4863
f 1191/4864 1205/4865 1190/4866
f 1205/4867 1191/4868 1206/4869
f 1192/4870 1206/4871 1191/4872
f 1207/4873 1193/4874 1111/4875
f 1107/4876 1111/4877 1193/4878
f 1208/4879 1194/4880 1209/4881
f 1195/4882 1209/4883 1194/4884
f 1194/4885 1208/4886 1196/4887
f 1210/4888 1196/4889 1208/4890
f 1197/4891 1211/4892 1198/4893
f 1212/4894 1198/4895 1211/4896
f 1198/4897 1212/4898 1199/4899
f 1213/4900 1199/4901 1212/4902
f 1200/4903 1214/4904 1110/4905
f 1114/4906 1110/4907 1214/4908
f 1201/4909 1215/4910 1202/4911
f 1216/4912 1202/4913 1215/4914
f 1215/4915 1201/4916 1217/4917
f 1203/4918 1217/4919 1201/4920
f 1218/4921 1204/4922 1219/4923
f 1205/4924 1219/4925 1204/4926
f 1219/4927 1205/4928 1220/4929
f 1206/4930 1220/4931 1205/4932
f 1221/4933 1207/4934 1115/4935
f 1111/4936 1115/4937 1207/4938
f 1222/4939 1208/4940 1223/4941
f 1209/4942 1223/4943 1208/4944
f 1208/4945 1222/4946 1210/4947
f 1224/4948 1210/4949 1222/4950
f 1211/4951 1225/4952 1212/4953
f 1226/4954 1212/4955 1225/4956
f 1212/4957 1226/4958 1213/4959
f 1227/4960 1213/4961 1226/4962
f 1214/4963 1228/4964 1114/4965
f 1118/4966 1114/4967 1228/4968
f 1215/4969 1229/4970 1216/4971
f 1230/4972 1216/4973 1229/4974
f 1229/4975 1215/4976 1231/4977
f 1217/4978 1231/4979 1215/4980
f 1232/4981 1218/4982 1233/4983
f 1219/4984 1233/4985 1218/4986
f 1233/4987 1219/4988 1234/4989
f 1220/4990 1234/4991 1219/4992
f 1235/4993 1221/4994 1119/4995
f 1115/4996 1119/4997 1221/4998
f 1236/4999 1222/5000 1237/5001
f 1223/5002 1237/5003 1222/5004
f 1222/5005 1236/5006 1224/5007
f 1238/5008 1224/5009 1236/5010
f 1225/5011 1239/5012 1226/5013
f 1240/5014 1226/5015 1239/5016
f 1226/5017 1240/5018 1227/5019
f 1241/5020 1227/5021 1240/5022
f 1228/5023 1242/5024 1118/5025
f 1122/5026 1118/5027 1242/5028
f 1229/5029 1243/5030 1230/5031
f 1244/5032 1230/5033 1243/5034
f 1243/5035 1229/5036 1245/5037
f 1231/5038 1245/5039 1229/5040
f 1246/5041 1232/5042 1247/5043
f 1233/5044 1247/5045 1232/5046
f 1247/5047 1233/5048 1248/5049
f 1234/5050 1248/5051 1233/5052
f 1249/5053 1235/5054 1123/5055
f 1119/5056 1123/5057 1235/5058
f 1250/5059 1236/5060 1251/5061
f 1237/5062 1251/5063 1236/5064
f 1236/5065 1250/5066 1238/5067
f 1252/5068 1238/5069 1250/5070
f 1239/5071 1253/5072 1240/5073
f 1254/5074 1240/5075 1253/5076
f 1240/5077 1254/5078 1241/5079
f 1255/5080 1241/5081 1254/5082
f 1242/5083 1256/5084 1122/5085
f 1126/5086 1122/5087 1256/5088
f 1243/5089 566/5090 1244/5091
f 565/5092 1244/5093 566/5094
f 566/5095 1243/5096 567/5097
f 1245/5098 567/5099 1243/5100
f 569/5101 1246/5102 568/5103
f 1247/5104 568/5105 1246/5106
f 568/5107 1247/5108 570/5109
f 1248/5110 570/5111 1247/5112
f 571/5113 1249/5114 432/5115
f 1123/5116 432/5117 1249/5118
f 573/5119 1250/5120 572/5121
f 1251/5122 572/5123 1250/5124
f 1250/5125 573/5126 1252/5127
f 574/5128 1252/5129 573/5130
f 1253/5131 576/5132 1254/5133
f 575/5134 1254/5135 576/5136
f 1254/5137 575/5138 1255/5139
f 577/5140 1255/5141 575/5142
f 1256/5143 578/5144 1126/5145
f 433/5146 1126/5147 578/5148
f 1132/5149 1159/5150 1134/5151
f 1161/5152 1134/5153 1159/5154
f 1159/5155 1132/5156 1164/5157
f 1135/5158 1164/5159 1132/5160
f 1166/5161 1137/5162 1168/5163
f 1139/5164 1168/5165 1137/5166
f 1168/5167 1139/5168 1170/5169
f 1141/5170 1170/5171 1139/5172
f 1172/5173 1143/5174 1100/5175
f 1091/5176 1100/5177 1143/5178
f 1174/5179 1145/5180 1176/5181
f 1147/5182 1176/5183 1145/5184
f 1145/5185 1174/5186 1150/5187
f 1177/5188 1150/5189 1174/5190
f 1152/5191 1179/5192 1154/5193
f 1181/5194 1154/5195 1179/5196
f 1154/5197 1181/5198 1156/5199
f 1183/5200 1156/5201 1181/5202
f 1158/5203 1185/5204 1097/5205
f 1106/5206 1097/5207 1185/5208
f 1146/5209 1257/5210 1148/5211
f 1258/5212 1148/5213 1257/5214
f 1257/5215 1146/5216 1259/5217
f 1149/5218 1259/5219 1146/5220
f 1260/5221 1151/5222 1261/5223
f 1153/5224 1261/5225 1151/5226
f 1261/5227 1153/5228 1262/5229
f 1155/5230 1262/5231 1153/5232
f 1263/5233 1157/5234 1127/5235
f 1098/5236 1127/5237 1157/5238
f 1264/5239 1131/5240 1265/5241
f 1133/5242 1265/5243 1131/5244
f 1131/5245 1264/5246 1136/5247
f 1266/5248 1136/5249 1264/5250
f 1138/5251 1267/5252 1140/5253
f 1268/5254 1140/5255 1267/5256
f 1140/5257 1268/5258 1142/5259
f 1269/5260 1142/5261 1268/5262
f 1144/5263 1270/5264 1092/5265
f 1130/5266 1092/5267 1270/5268
f 726/5269 918/5270 728/5271
f 919/5272 728/5273 918/5274
f 727/5275 792/5276 725/5277
f 791/5278 725/5279 792/5280
f 748/5281 916/5282 750/5283
f 914/5284 750/5285 916/5286
f 749/5287 794/5288 747/5289
f 793/5290 747/5291 794/5292
f 772/5293 770/5294 1075/5295
f 1073/5296 1075/5297 770/5298
f 771/5299 796/5300 769/5301
f 795/5302 769/5303 796/5304
f 750/5305 914/5306 726/5307
f 918/5308 726/5309 914/5310
f 725/5311 791/5312 749/5313
f 794/5314 749/5315 791/5316
f 770/5317 728/5318 1073/5319
f 919/5320 1073/5321 728/5322
f 769/5323 795/5324 727/5325
f 792/5326 727/5327 795/5328
f 798/5329 808/5330 771/5331
f 796/5332 771/5333 808/5334
f 797/5335 772/5336 1089/5337
f 1075/5338 1089/5339 772/5340
f 912/5341 943/5342 911/5343
f 942/5344 911/5345 943/5346
f 829/5347 830/5348 917/5349
f 920/5350 917/5351 830/5352
f 828/5353 827/5354 893/5355
f 894/5356 893/5357 827/5358
f 851/5359 852/5360 915/5361
f 913/5362 915/5363 852/5364
f 850/5365 849/5366 895/5367
f 896/5368 895/5369 849/5370
f 872/5371 1076/5372 874/5373
f 1074/5374 874/5375 1076/5376
f 871/5377 873/5378 897/5379
f 898/5380 897/5381 873/5382
f 852/5383 829/5384 913/5385
f 917/5386 913/5387 829/5388
f 827/5389 850/5390 894/5391
f 895/5392 894/5393 850/5394
f 874/5395 1074/5396 830/5397
f 920/5398 830/5399 1074/5400
f 873/5401 828/5402 898/5403
f 893/5404 898/5405 828/5406
f 871/5407 897/5408 900/5409
f 910/5410 900/5411 897/5412
f 899/5413 1090/5414 872/5415
f 1076/5416 872/5417 1090/5418
f 1078/5419 922/5420 1077/5421
f 921/5422 1077/5423 922/5424
f 851/5425 915/5426 748/5427
f 916/5428 748/5429 915/5430
f 1080/5431 929/5432 1079/5433
f 928/5434 1079/5435 929/5436
f 1082/5437 936/5438 1081/5439
f 935/5440 1081/5441 936/5442
f 1083/5443 952/5444 1084/5445
f 953/5446 1084/5447 952/5448
f 1085/5449 959/5450 1086/5451
f 960/5452 1086/5453 959/5454
f 1087/5455 950/5456 1088/5457
f 949/5458 1088/5459 950/5460
f 939/5461 1127/5462 940/5463
f 1128/5464 940/5465 1127/5466
f 945/5467 1129/5468 946/5469
f 1130/5470 946/5471 1129/5472
f 924/5473 1258/5474 925/5475
f 1257/5476 925/5477 1258/5478
f 925/5479 1257/5480 926/5481
f 1259/5482 926/5483 1257/5484
f 931/5485 1260/5486 932/5487
f 1261/5488 932/5489 1260/5490
f 932/5491 1261/5492 933/5493
f 1262/5494 933/5495 1261/5496
f 938/5497 1263/5498 939/5499
f 1127/5500 939/5501 1263/5502
f 956/5503 1264/5504 955/5505
f 1265/5506 955/5507 1264/5508
f 957/5509 1266/5510 956/5511
f 1264/5512 956/5513 1266/5514
f 963/5515 1268/5516 962/5517
f 1267/5518 962/5519 1268/5520
f 964/5521 1269/5522 963/5523
f 1268/5524 963/5525 1269/5526
f 946/5527 1130/5528 947/5529
f 1270/5530 947/5531 1130/5532
f 944/5533 1271/5534 945/5535
f 1129/5536 945/5537 1271/5538
f 1272/5539 1273/5540 1094/5541
f 1093/5542 1094/5543 1273/5544
f 1274/5545 1275/5546 1095/5547
f 1096/5548 1095/5549 1275/5550
f 1276/5551 1277/5552 1102/5553
f 1101/5554 1102/5555 1277/5556
f 1278/5557 1279/5558 1103/5559
f 1104/5560 1103/5561 1279/5562
f 1277/5563 1280/5564 1101/5565
f 1108/5566 1101/5567 1280/5568
f 1281/5569 1278/5570 1109/5571
f 1103/5572 1109/5573 1278/5574
f 1280/5575 1282/5576 1108/5577
f 1112/5578 1108/5579 1282/5580
f 1283/5581 1281/5582 1113/5583
f 1109/5584 1113/5585 1281/5586
f 1282/5587 1284/5588 1112/5589
f 1116/5590 1112/5591 1284/5592
f 1285/5593 1283/5594 1117/5595
f 1113/5596 1117/5597 1283/5598
f 1284/5599 1286/5600 1116/5601
f 1120/5602 1116/5603 1286/5604
f 1287/5605 1285/5606 1121/5607
f 1117/5608 1121/5609 1285/5610
f 1286/5611 1288/5612 1120/5613
f 1124/5614 1120/5615 1288/5616
f 1289/5617 1287/5618 1125/5619
f 1121/5620 1125/5621 1287/5622
f 1288/5623 612/5624 1124/5625
f 431/5626 1124/5627 612/5628
f 613/5629 1289/5630 434/5631
f 1125/5632 434/5633 1289/5634
f 1273/5635 1276/5636 1093/5637
f 1102/5638 1093/5639 1276/5640
f 1279/5641 1274/5642 1104/5643
f 1095/5644 1104/5645 1274/5646
f 1275/5647 1290/5648 1096/5649
f 1128/5650 1096/5651 1290/5652
f 1271/5653 1272/5654 1129/5655
f 1094/5656 1129/5657 1272/5658
f 923/5659 1291/5660 924/5661
f 1258/5662 924/5663 1291/5664
f 930/5665 1292/5666 931/5667
f 1260/5668 931/5669 1292/5670
f 937/5671 1293/5672 938/5673
f 1263/5674 938/5675 1293/5676
f 958/5677 1294/5678 957/5679
f 1266/5680 957/5681 1294/5682
f 951/5683 1295/5684 964/5685
f 1269/5686 964/5687 1295/5688
f 1296/5689 1297/5690 1134/5691
f 1133/5692 1134/5693 1297/5694
f 1298/5695 1299/5696 1136/5697
f 1135/5698 1136/5699 1299/5700
f 1300/5701 1301/5702 1137/5703
f 1138/5704 1137/5705 1301/5706
f 1302/5707 1303/5708 1142/5709
f 1141/5710 1142/5711 1303/5712
f 1304/5713 1305/5714 1143/5715
f 1144/5716 1143/5717 1305/5718
f 1306/5719 1307/5720 1148/5721
f 1147/5722 1148/5723 1307/5724
f 1308/5725 1309/5726 1150/5727
f 1149/5728 1150/5729 1309/5730
f 1310/5731 1311/5732 1151/5733
f 1152/5734 1151/5735 1311/5736
f 1312/5737 1313/5738 1156/5739
f 1155/5740 1156/5741 1313/5742
f 1314/5743 1315/5744 1157/5745
f 1158/5746 1157/5747 1315/5748
f 1316/5749 1317/5750 1162/5751
f 1161/5752 1162/5753 1317/5754
f 1318/5755 1319/5756 1164/5757
f 1163/5758 1164/5759 1319/5760
f 1320/5761 1321/5762 1165/5763
f 1166/5764 1165/5765 1321/5766
f 1322/5767 1323/5768 1170/5769
f 1169/5770 1170/5771 1323/5772
f 1324/5773 1325/5774 1171/5775
f 1172/5776 1171/5777 1325/5778
f 1326/5779 1327/5780 1176/5781
f 1175/5782 1176/5783 1327/5784
f 1328/5785 1329/5786 1178/5787
f 1177/5788 1178/5789 1329/5790
f 1330/5791 1331/5792 1179/5793
f 1180/5794 1179/5795 1331/5796
f 1332/5797 1333/5798 1184/5799
f 1183/5800 1184/5801 1333/5802
f 1334/5803 1335/5804 1185/5805
f 1186/5806 1185/5807 1335/5808
f 1336/5809 1316/5810 1188/5811
f 1162/5812 1188/5813 1316/5814
f 1319/5815 1337/5816 1163/5817
f 1189/5818 1163/5819 1337/5820
f 1338/5821 1320/5822 1190/5823
f 1165/5824 1190/5825 1320/5826
f 1323/5827 1339/5828 1169/5829
f 1192/5830 1169/5831 1339/5832
f 1340/5833 1324/5834 1193/5835
f 1171/5836 1193/5837 1324/5838
f 1327/5839 1341/5840 1175/5841
f 1195/5842 1175/5843 1341/5844
f 1342/5845 1328/5846 1196/5847
f 1178/5848 1196/5849 1328/5850
f 1331/5851 1343/5852 1180/5853
f 1197/5854 1180/5855 1343/5856
f 1344/5857 1332/5858 1199/5859
f 1184/5860 1199/5861 1332/5862
f 1335/5863 1345/5864 1186/5865
f 1200/5866 1186/5867 1345/5868
f 1346/5869 1336/5870 1202/5871
f 1188/5872 1202/5873 1336/5874
f 1337/5875 1347/5876 1189/5877
f 1203/5878 1189/5879 1347/5880
f 1348/5881 1338/5882 1204/5883
f 1190/5884 1204/5885 1338/5886
f 1339/5887 1349/5888 1192/5889
f 1206/5890 1192/5891 1349/5892
f 1350/5893 1340/5894 1207/5895
f 1193/5896 1207/5897 1340/5898
f 1341/5899 1351/5900 1195/5901
f 1209/5902 1195/5903 1351/5904
f 1352/5905 1342/5906 1210/5907
f 1196/5908 1210/5909 1342/5910
f 1343/5911 1353/5912 1197/5913
f 1211/5914 1197/5915 1353/5916
f 1354/5917 1344/5918 1213/5919
f 1199/5920 1213/5921 1344/5922
f 1345/5923 1355/5924 1200/5925
f 1214/5926 1200/5927 1355/5928
f 1356/5929 1346/5930 1216/5931
f 1202/5932 1216/5933 1346/5934
f 1347/5935 1357/5936 1203/5937
f 1217/5938 1203/5939 1357/5940
f 1358/5941 1348/5942 1218/5943
f 1204/5944 1218/5945 1348/5946
f 1349/5947 1359/5948 1206/5949
f 1220/5950 1206/5951 1359/5952
f 1360/5953 1350/5954 1221/5955
f 1207/5956 1221/5957 1350/5958
f 1351/5959 1361/5960 1209/5961
f 1223/5962 1209/5963 1361/5964
f 1362/5965 1352/5966 1224/5967
f 1210/5968 1224/5969 1352/5970
f 1353/5971 1363/5972 1211/5973
f 1225/5974 1211/5975 1363/5976
f 1364/5977 1354/5978 1227/5979
f 1213/5980 1227/5981 1354/5982
f 1355/5983 1365/5984 1214/5985
f 1228/5986 1214/5987 1365/5988
f 1366/5989 1356/5990 1230/5991
f 1216/5992 1230/5993 1356/5994
f 1357/5995 1367/5996 1217/5997
f 1231/5998 1217/5999 1367/6000
f 1368/6001 1358/6002 1232/6003
f 1218/6004 1232/6005 1358/6006
f 1359/6007 1369/6008 1220/6009
f 1234/6010 1220/6011 1369/6012
f 1370/6013 1360/6014 1235/6015
f 1221/6016 1235/6017 1360/6018
f 1361/6019 1371/6020 1223/6021
f 1237/6022 1223/6023 1371/6024
f 1372/6025 1362/6026 1238/6027
f 1224/6028 1238/6029 1362/6030
f 1363/6031 1373/6032 1225/6033
f 1239/6034 1225/6035 1373/6036
f 1374/6037 1364/6038 1241/6039
f 1227/6040 1241/6041 1364/6042
f 1365/6043 1375/6044 1228/6045
f 1242/6046 1228/6047 1375/6048
f 1376/6049 1366/6050 1244/6051
f 1230/6052 1244/6053 1366/6054
f 1367/6055 1377/6056 1231/6057
f 1245/6058 1231/6059 1377/6060
f 1378/6061 1368/6062 1246/6063
f 1232/6064 1246/6065 1368/6066
f 1369/6067 1379/6068 1234/6069
f 1248/6070 1234/6071 1379/6072
f 1380/6073 1370/6074 1249/6075
f 1235/6076 1249/6077 1370/6078
f 1371/6079 1381/6080 1237/6081
f 1251/6082 1237/6083 1381/6084
f 1382/6085 1372/6086 1252/6087
f 1238/6088 1252/6089 1372/6090
f 1373/6091 1383/6092 1239/6093
f 1253/6094 1239/6095 1383/6096
f 1384/6097 1374/6098 1255/6099
f 1241/6100 1255/6101 1374/6102
f 1375/6103 1385/6104 1242/6105
f 1256/6106 1242/6107 1385/6108
f 710/6109 1376/6110 565/6111
f 1244/6112 565/6113 1376/6114
f 1377/6115 711/6116 1245/6117
f 567/6118 1245/6119 711/6120
f 712/6121 1378/6122 569/6123
f 1246/6124 569/6125 1378/6126
f 1379/6127 713/6128 1248/6129
f 570/6130 1248/6131 713/6132
f 714/6133 1380/6134 571/6135
f 1249/6136 571/6137 1380/6138
f 1381/6139 715/6140 1251/6141
f 572/6142 1251/6143 715/6144
f 716/6145 1382/6146 574/6147
f 1252/6148 574/6149 1382/6150
f 1383/6151 717/6152 1253/6153
f 576/6154 1253/6155 717/6156
f 718/6157 1384/6158 577/6159
f 1255/6160 577/6161 1384/6162
f 1385/6163 719/6164 1256/6165
f 578/6166 1256/6167 719/6168
f 1317/6169 1296/6170 1161/6171
f 1134/6172 1161/6173 1296/6174
f 1299/6175 1318/6176 1135/6177
f 1164/6178 1135/6179 1318/6180
f 1321/6181 1300/6182 1166/6183
f 1137/6184 1166/6185 1300/6186
f 1303/6187 1322/6188 1141/6189
f 1170/6190 1141/6191 1322/6192
f 1325/6193 1304/6194 1172/6195
f 1143/6196 1172/6197 1304/6198
f 1307/6199 1326/6200 1147/6201
f 1176/6202 1147/6203 1326/6204
f 1329/6205 1308/6206 1177/6207
f 1150/6208 1177/6209 1308/6210
f 1311/6211 1330/6212 1152/6213
f 1179/6214 1152/6215 1330/6216
f 1333/6217 1312/6218 1183/6219
f 1156/6220 1183/6221 1312/6222
f 1315/6223 1334/6224 1158/6225
f 1185/6226 1158/6227 1334/6228
f 1291/6229 1306/6230 1258/6231
f 1148/6232 1258/6233 1306/6234
f 1309/6235 1386/6236 1149/6237
f 1259/6238 1149/6239 1386/6240
f 1292/6241 1310/6242 1260/6243
f 1151/6244 1260/6245 1310/6246
f 1313/6247 1387/6248 1155/6249
f 1262/6250 1155/6251 1387/6252
f 1293/6253 1314/6254 1263/6255
f 1157/6256 1263/6257 1314/6258
f 1297/6259 1388/6260 1133/6261
f 1265/6262 1133/6263 1388/6264
f 1294/6265 1298/6266 1266/6267
f 1136/6268 1266/6269 1298/6270
f 1301/6271 1389/6272 1138/6273
f 1267/6274 1138/6275 1389/6276
f 1295/6277 1302/6278 1269/6279
f 1142/6280 1269/6281 1302/6282
f 1305/6283 1390/6284 1144/6285
f 1270/6286 1144/6287 1390/6288
f 1290/6289 941/6290 1128/6291
f 940/6292 1128/6293 941/6294
f 1386/6295 927/6296 1259/6297
f 926/6298 1259/6299 927/6300
f 1387/6301 934/6302 1262/6303
f 933/6304 1262/6305 934/6306
f 1388/6307 954/6308 1265/6309
f 955/6310 1265/6311 954/6312
f 1389/6313 961/6314 1267/6315
f 962/6316 1267/6317 961/6318
f 1390/6319 948/6320 1270/6321
f 947/6322 1270/6323 948/6324
f 31/6325 32/6326 269/6327
f 270/6328 269/6329 32/6330
f 631/6331 630/6332 272/6333
f 271/6334 272/6335 630/6336
f 34/6337 33/6338 293/6339
f 294/6340 293/6341 33/6342
f 651/6343 650/6344 296/6345
f 295/6346 296/6347 650/6348
f 38/6349 34/6350 311/6351
f 293/6352 311/6353 34/6354
f 650/6355 665/6356 295/6357
f 312/6358 295/6359 665/6360
f 40/6361 38/6362 323/6363
f 311/6364 323/6365 38/6366
f 665/6367 675/6368 312/6369
f 324/6370 312/6371 675/6372
f 42/6373 40/6374 335/6375
f 323/6376 335/6377 40/6378
f 675/6379 685/6380 324/6381
f 336/6382 324/6383 685/6384
f 44/6385 42/6386 347/6387
f 335/6388 347/6389 42/6390
f 685/6391 695/6392 336/6393
f 348/6394 336/6395 695/6396
f 46/6397 44/6398 359/6399
f 347/6400 359/6401 44/6402
f 695/6403 705/6404 348/6405
f 360/6406 348/6407 705/6408
f 48/6409 46/6410 371/6411
f 359/6412 371/6413 46/6414
f 705/6415 715/6416 360/6417
f 372/6418 360/6419 715/6420
f 33/6421 31/6422 294/6423
f 269/6424 294/6425 31/6426
f 630/6427 651/6428 271/6429
f 296/6430 271/6431 651/6432
f 32/6433 76/6434 270/6435
f 381/6436 270/6437 76/6438
f 615/6439 631/6440 382/6441
f 272/6442 382/6443 631/6444
f 229/6445 615/6446 228/6447
f 382/6448 228/6449 615/6450
f 76/6451 28/6452 381/6453
f 227/6454 381/6455 28/6456
f 751/6457 753/6458 977/6459
f 978/6460 977/6461 753/6462
f 1307/6463 1306/6464 980/6465
f 979/6466 980/6467 1306/6468
f 758/6469 756/6470 1001/6471
f 1002/6472 1001/6473 756/6474
f 1327/6475 1326/6476 1004/6477
f 1003/6478 1004/6479 1326/6480
f 756/6481 759/6482 1002/6483
f 1019/6484 1002/6485 759/6486
f 1341/6487 1327/6488 1020/6489
f 1004/6490 1020/6491 1327/6492
f 759/6493 761/6494 1019/6495
f 1031/6496 1019/6497 761/6498
f 1351/6499 1341/6500 1032/6501
f 1020/6502 1032/6503 1341/6504
f 761/6505 763/6506 1031/6507
f 1043/6508 1031/6509 763/6510
f 1361/6511 1351/6512 1044/6513
f 1032/6514 1044/6515 1351/6516
f 763/6517 765/6518 1043/6519
f 1055/6520 1043/6521 765/6522
f 1371/6523 1361/6524 1056/6525
f 1044/6526 1056/6527 1361/6528
f 765/6529 767/6530 1055/6531
f 1067/6532 1055/6533 767/6534
f 1381/6535 1371/6536 1068/6537
f 1056/6538 1068/6539 1371/6540
f 767/6541 48/6542 1067/6543
f 371/6544 1067/6545 48/6546
f 715/6547 1381/6548 372/6549
f 1068/6550 372/6551 1381/6552
f 753/6553 758/6554 978/6555
f 1001/6556 978/6557 758/6558
f 1326/6559 1307/6560 1003/6561
f 980/6562 1003/6563 1307/6564
f 793/6565 751/6566 1077/6567
f 977/6568 1077/6569 751/6570
f 1306/6571 1291/6572 979/6573
f 1078/6574 979/6575 1291/6576
f 1291/6577 923/6578 1078/6579
f 922/6580 1078/6581 923/6582
f 747/6583 793/6584 921/6585
f 1077/6586 921/6587 793/6588
f 633/6589 632/6590 273/6591
f 274/6592 273/6593 632/6594
f 635/6595 634/6596 276/6597
f 275/6598 276/6599 634/6600
f 653/6601 652/6602 297/6603
f 298/6604 297/6605 652/6606
f 655/6607 654/6608 300/6609
f 299/6610 300/6611 654/6612
f 666/6613 653/6614 313/6615
f 297/6616 313/6617 653/6618
f 654/6619 667/6620 299/6621
f 314/6622 299/6623 667/6624
f 676/6625 666/6626 325/6627
f 313/6628 325/6629 666/6630
f 667/6631 677/6632 314/6633
f 326/6634 314/6635 677/6636
f 686/6637 676/6638 337/6639
f 325/6640 337/6641 676/6642
f 677/6643 687/6644 326/6645
f 338/6646 326/6647 687/6648
f 696/6649 686/6650 349/6651
f 337/6652 349/6653 686/6654
f 687/6655 697/6656 338/6657
f 350/6658 338/6659 697/6660
f 706/6661 696/6662 361/6663
f 349/6664 361/6665 696/6666
f 697/6667 707/6668 350/6669
f 362/6670 350/6671 707/6672
f 716/6673 706/6674 373/6675
f 361/6676 373/6677 706/6678
f 707/6679 717/6680 362/6681
f 374/6682 362/6683 717/6684
f 652/6685 633/6686 298/6687
f 273/6688 298/6689 633/6690
f 634/6691 655/6692 275/6693
f 300/6694 275/6695 655/6696
f 632/6697 720/6698 274/6699
f 383/6700 274/6701 720/6702
f 616/6703 635/6704 384/6705
f 276/6706 384/6707 635/6708
f 236/6709 616/6710 235/6711
f 384/6712 235/6713 616/6714
f 720/6715 233/6716 383/6717
f 234/6718 383/6719 233/6720
f 1309/6721 1308/6722 981/6723
f 982/6724 981/6725 1308/6726
f 1311/6727 1310/6728 984/6729
f 983/6730 984/6731 1310/6732
f 1329/6733 1328/6734 1005/6735
f 1006/6736 1005/6737 1328/6738
f 1331/6739 1330/6740 1008/6741
f 1007/6742 1008/6743 1330/6744
f 1328/6745 1342/6746 1006/6747
f 1021/6748 1006/6749 1342/6750
f 1343/6751 1331/6752 1022/6753
f 1008/6754 1022/6755 1331/6756
f 1342/6757 1352/6758 1021/6759
f 1033/6760 1021/6761 1352/6762
f 1353/6763 1343/6764 1034/6765
f 1022/6766 1034/6767 1343/6768
f 1352/6769 1362/6770 1033/6771
f 1045/6772 1033/6773 1362/6774
f 1363/6775 1353/6776 1046/6777
f 1034/6778 1046/6779 1353/6780
f 1362/6781 1372/6782 1045/6783
f 1057/6784 1045/6785 1372/6786
f 1373/6787 1363/6788 1058/6789
f 1046/6790 1058/6791 1363/6792
f 1372/6793 1382/6794 1057/6795
f 1069/6796 1057/6797 1382/6798
f 1383/6799 1373/6800 1070/6801
f 1058/6802 1070/6803 1373/6804
f 1382/6805 716/6806 1069/6807
f 373/6808 1069/6809 716/6810
f 717/6811 1383/6812 374/6813
f 1070/6814 374/6815 1383/6816
f 1308/6817 1329/6818 982/6819
f 1005/6820 982/6821 1329/6822
f 1330/6823 1311/6824 1007/6825
f 984/6826 1007/6827 1311/6828
f 1386/6829 1309/6830 1079/6831
f 981/6832 1079/6833 1309/6834
f 1310/6835 1292/6836 983/6837
f 1080/6838 983/6839 1292/6840
f 1292/6841 930/6842 1080/6843
f 929/6844 1080/6845 930/6846
f 927/6847 1386/6848 928/6849
f 1079/6850 928/6851 1386/6852
f 637/6853 636/6854 277/6855
f 278/6856 277/6857 636/6858
f 639/6859 638/6860 280/6861
f 279/6862 280/6863 638/6864
f 657/6865 656/6866 301/6867
f 302/6868 301/6869 656/6870
f 659/6871 658/6872 304/6873
f 303/6874 304/6875 658/6876
f 668/6877 657/6878 315/6879
f 301/6880 315/6881 657/6882
f 658/6883 669/6884 303/6885
f 316/6886 303/6887 669/6888
f 678/6889 668/6890 327/6891
f 315/6892 327/6893 668/6894
f 669/6895 679/6896 316/6897
f 328/6898 316/6899 679/6900
f 688/6901 678/6902 339/6903
f 327/6904 339/6905 678/6906
f 679/6907 689/6908 328/6909
f 340/6910 328/6911 689/6912
f 698/6913 688/6914 351/6915
f 339/6916 351/6917 688/6918
f 689/6919 699/6920 340/6921
f 352/6922 340/6923 699/6924
f 708/6925 698/6926 363/6927
f 351/6928 363/6929 698/6930
f 699/6931 709/6932 352/6933
f 364/6934 352/6935 709/6936
f 718/6937 708/6938 375/6939
f 363/6940 375/6941 708/6942
f 709/6943 719/6944 364/6945
f 376/6946 364/6947 719/6948
f 656/6949 637/6950 302/6951
f 277/6952 302/6953 637/6954
f 638/6955 659/6956 279/6957
f 304/6958 279/6959 659/6960
f 636/6961 721/6962 278/6963
f 385/6964 278/6965 721/6966
f 617/6967 639/6968 386/6969
f 280/6970 386/6971 639/6972
f 243/6973 617/6974 242/6975
f 386/6976 242/6977 617/6978
f 721/6979 240/6980 385/6981
f 241/6982 385/6983 240/6984
f 1313/6985 1312/6986 985/6987
f 986/6988 985/6989 1312/6990
f 1315/6991 1314/6992 988/6993
f 987/6994 988/6995 1314/6996
f 1333/6997 1332/6998 1009/6999
f 1010/7000 1009/7001 1332/7002
f 1335/7003 1334/7004 1012/7005
f 1011/7006 1012/7007 1334/7008
f 1332/7009 1344/7010 1010/7011
f 1023/7012 1010/7013 1344/7014
f 1345/7015 1335/7016 1024/7017
f 1012/7018 1024/7019 1335/7020
f 1344/7021 1354/7022 1023/7023
f 1035/7024 1023/7025 1354/7026
f 1355/7027 1345/7028 1036/7029
f 1024/7030 1036/7031 1345/7032
f 1354/7033 1364/7034 1035/7035
f 1047/7036 1035/7037 1364/7038
f 1365/7039 1355/7040 1048/7041
f 1036/7042 1048/7043 1355/7044
f 1364/7045 1374/7046 1047/7047
f 1059/7048 1047/7049 1374/7050
f 1375/7051 1365/7052 1060/7053
f 1048/7054 1060/7055 1365/7056
f 1374/7057 1384/7058 1059/7059
f 1071/7060 1059/7061 1384/7062
f 1385/7063 1375/7064 1072/7065
f 1060/7066 1072/7067 1375/7068
f 1384/7069 718/7070 1071/7071
f 375/7072 1071/7073 718/7074
f 719/7075 1385/7076 376/7077
f 1072/7078 376/7079 1385/7080
f 1312/7081 1333/7082 986/7083
f 1009/7084 986/7085 1333/7086
f 1334/7087 1315/7088 1011/7089
f 988/7090 1011/7091 1315/7092
f 1387/7093 1313/7094 1081/7095
f 985/7096 1081/7097 1313/7098
f 1314/7099 1293/7100 987/7101
f 1082/7102 987/7103 1293/7104
f 1293/7105 937/7106 1082/7107
f 936/7108 1082/7109 937/7110
f 934/7111 1387/7112 935/7113
f 1081/7114 935/7115 1387/7116
f 595/7117 594/7118 92/7119
f 93/7120 92/7121 594/7122
f 597/7123 596/7124 95/7125
f 94/7126 95/7127 596/7128
f 599/7129 598/7130 96/7131
f 97/7132 96/7133 598/7134
f 601/7135 600/7136 99/7137
f 98/7138 99/7139 600/7140
f 598/7141 602/7142 97/7143
f 100/7144 97/7145 602/7146
f 603/7147 601/7148 101/7149
f 99/7150 101/7151 601/7152
f 602/7153 604/7154 100/7155
f 102/7156 100/7157 604/7158
f 605/7159 603/7160 103/7161
f 101/7162 103/7163 603/7164
f 604/7165 606/7166 102/7167
f 104/7168 102/7169 606/7170
f 607/7171 605/7172 105/7173
f 103/7174 105/7175 605/7176
f 606/7177 608/7178 104/7179
f 106/7180 104/7181 608/7182
f 609/7183 607/7184 107/7185
f 105/7186 107/7187 607/7188
f 608/7189 610/7190 106/7191
f 108/7192 106/7193 610/7194
f 611/7195 609/7196 109/7197
f 107/7198 109/7199 609/7200
f 610/7201 612/7202 108/7203
f 110/7204 108/7205 612/7206
f 613/7207 611/7208 111/7209
f 109/7210 111/7211 611/7212
f 594/7213 599/7214 93/7215
f 96/7216 93/7217 599/7218
f 600/7219 597/7220 98/7221
f 95/7222 98/7223 597/7224
f 596/7225 614/7226 94/7227
f 203/7228 94/7229 614/7230
f 593/7231 595/7232 204/7233
f 92/7234 204/7235 595/7236
f 250/7237 593/7238 249/7239
f 204/7240 249/7241 593/7242
f 614/7243 247/7244 203/7245
f 248/7246 203/7247 247/7248
f 1273/7249 1272/7250 809/7251
f 810/7252 809/7253 1272/7254
f 1275/7255 1274/7256 812/7257
f 811/7258 812/7259 1274/7260
f 1277/7261 1276/7262 813/7263
f 814/7264 813/7265 1276/7266
f 1279/7267 1278/7268 816/7269
f 815/7270 816/7271 1278/7272
f 1280/7273 1277/7274 817/7275
f 813/7276 817/7277 1277/7278
f 1278/7279 1281/7280 815/7281
f 818/7282 815/7283 1281/7284
f 1282/7285 1280/7286 819/7287
f 817/7288 819/7289 1280/7290
f 1281/7291 1283/7292 818/7293
f 820/7294 818/7295 1283/7296
f 1284/7297 1282/7298 821/7299
f 819/7300 821/7301 1282/7302
f 1283/7303 1285/7304 820/7305
f 822/7306 820/7307 1285/7308
f 1286/7309 1284/7310 823/7311
f 821/7312 823/7313 1284/7314
f 1285/7315 1287/7316 822/7317
f 824/7318 822/7319 1287/7320
f 1288/7321 1286/7322 825/7323
f 823/7324 825/7325 1286/7326
f 1287/7327 1289/7328 824/7329
f 826/7330 824/7331 1289/7332
f 612/7333 1288/7334 110/7335
f 825/7336 110/7337 1288/7338
f 1289/7339 613/7340 826/7341
f 111/7342 826/7343 613/7344
f 1276/7345 1273/7346 814/7347
f 809/7348 814/7349 1273/7350
f 1274/7351 1279/7352 811/7353
f 816/7354 811/7355 1279/7356
f 1290/7357 1275/7358 911/7359
f 812/7360 911/7361 1275/7362
f 1272/7363 1271/7364 810/7365
f 912/7366 810/7367 1271/7368
f 1271/7369 944/7370 912/7371
f 943/7372 912/7373 944/7374
f 941/7375 1290/7376 942/7377
f 911/7378 942/7379 1290/7380
f 627/7381 626/7382 265/7383
f 266/7384 265/7385 626/7386
f 629/7387 628/7388 268/7389
f 267/7390 268/7391 628/7392
f 647/7393 646/7394 289/7395
f 290/7396 289/7397 646/7398
f 649/7399 648/7400 292/7401
f 291/7402 292/7403 648/7404
f 646/7405 663/7406 290/7407
f 309/7408 290/7409 663/7410
f 664/7411 649/7412 310/7413
f 292/7414 310/7415 649/7416
f 663/7417 673/7418 309/7419
f 321/7420 309/7421 673/7422
f 674/7423 664/7424 322/7425
f 310/7426 322/7427 664/7428
f 673/7429 683/7430 321/7431
f 333/7432 321/7433 683/7434
f 684/7435 674/7436 334/7437
f 322/7438 334/7439 674/7440
f 683/7441 693/7442 333/7443
f 345/7444 333/7445 693/7446
f 694/7447 684/7448 346/7449
f 334/7450 346/7451 684/7452
f 693/7453 703/7454 345/7455
f 357/7456 345/7457 703/7458
f 704/7459 694/7460 358/7461
f 346/7462 358/7463 694/7464
f 703/7465 713/7466 357/7467
f 369/7468 357/7469 713/7470
f 714/7471 704/7472 370/7473
f 358/7474 370/7475 704/7476
f 626/7477 647/7478 266/7479
f 289/7480 266/7481 647/7482
f 648/7483 629/7484 291/7485
f 268/7486 291/7487 629/7488
f 619/7489 627/7490 391/7491
f 265/7492 391/7493 627/7494
f 628/7495 724/7496 267/7497
f 392/7498 267/7499 724/7500
f 226/7501 619/7502 256/7503
f 391/7504 256/7505 619/7506
f 724/7507 254/7508 392/7509
f 255/7510 392/7511 254/7512
f 1303/7513 1302/7514 973/7515
f 974/7516 973/7517 1302/7518
f 1305/7519 1304/7520 976/7521
f 975/7522 976/7523 1304/7524
f 1323/7525 1322/7526 997/7527
f 998/7528 997/7529 1322/7530
f 1325/7531 1324/7532 1000/7533
f 999/7534 1000/7535 1324/7536
f 1339/7537 1323/7538 1017/7539
f 997/7540 1017/7541 1323/7542
f 1324/7543 1340/7544 999/7545
f 1018/7546 999/7547 1340/7548
f 1349/7549 1339/7550 1029/7551
f 1017/7552 1029/7553 1339/7554
f 1340/7555 1350/7556 1018/7557
f 1030/7558 1018/7559 1350/7560
f 1359/7561 1349/7562 1041/7563
f 1029/7564 1041/7565 1349/7566
f 1350/7567 1360/7568 1030/7569
f 1042/7570 1030/7571 1360/7572
f 1369/7573 1359/7574 1053/7575
f 1041/7576 1053/7577 1359/7578
f 1360/7579 1370/7580 1042/7581
f 1054/7582 1042/7583 1370/7584
f 1379/7585 1369/7586 1065/7587
f 1053/7588 1065/7589 1369/7590
f 1370/7591 1380/7592 1054/7593
f 1066/7594 1054/7595 1380/7596
f 713/7597 1379/7598 369/7599
f 1065/7600 369/7601 1379/7602
f 1380/7603 714/7604 1066/7605
f 370/7606 1066/7607 714/7608
f 1322/7609 1303/7610 998/7611
f 973/7612 998/7613 1303/7614
f 1304/7615 1325/7616 975/7617
f 1000/7618 975/7619 1325/7620
f 1302/7621 1295/7622 974/7623
f 1087/7624 974/7625 1295/7626
f 1390/7627 1305/7628 1088/7629
f 976/7630 1088/7631 1305/7632
f 1295/7633 951/7634 1087/7635
f 950/7636 1087/7637 951/7638
f 948/7639 1390/7640 949/7641
f 1088/7642 949/7643 1390/7644
f 623/7645 622/7646 261/7647
f 262/7648 261/7649 622/7650
f 625/7651 624/7652 264/7653
f 263/7654 264/7655 624/7656
f 643/7657 642/7658 285/7659
f 286/7660 285/7661 642/7662
f 645/7663 644/7664 288/7665
f 287/7666 288/7667 644/7668
f 642/7669 661/7670 286/7671
f 307/7672 286/7673 661/7674
f 662/7675 645/7676 308/7677
f 288/7678 308/7679 645/7680
f 661/7681 671/7682 307/7683
f 319/7684 307/7685 671/7686
f 672/7687 662/7688 320/7689
f 308/7690 320/7691 662/7692
f 671/7693 681/7694 319/7695
f 331/7696 319/7697 681/7698
f 682/7699 672/7700 332/7701
f 320/7702 332/7703 672/7704
f 681/7705 691/7706 331/7707
f 343/7708 331/7709 691/7710
f 692/7711 682/7712 344/7713
f 332/7714 344/7715 682/7716
f 691/7717 701/7718 343/7719
f 355/7720 343/7721 701/7722
f 702/7723 692/7724 356/7725
f 344/7726 356/7727 692/7728
f 701/7729 711/7730 355/7731
f 367/7732 355/7733 711/7734
f 712/7735 702/7736 368/7737
f 356/7738 368/7739 702/7740
f 622/7741 643/7742 262/7743
f 285/7744 262/7745 643/7746
f 644/7747 625/7748 287/7749
f 264/7750 287/7751 625/7752
f 618/7753 623/7754 389/7755
f 261/7756 389/7757 623/7758
f 624/7759 723/7760 263/7761
f 390/7762 263/7763 723/7764
f 219/7765 618/7766 220/7767
f 389/7768 220/7769 618/7770
f 723/7771 222/7772 390/7773
f 221/7774 390/7775 222/7776
f 1299/7777 1298/7778 969/7779
f 970/7780 969/7781 1298/7782
f 1301/7783 1300/7784 972/7785
f 971/7786 972/7787 1300/7788
f 1319/7789 1318/7790 993/7791
f 994/7792 993/7793 1318/7794
f 1321/7795 1320/7796 996/7797
f 995/7798 996/7799 1320/7800
f 1337/7801 1319/7802 1015/7803
f 993/7804 1015/7805 1319/7806
f 1320/7807 1338/7808 995/7809
f 1016/7810 995/7811 1338/7812
f 1347/7813 1337/7814 1027/7815
f 1015/7816 1027/7817 1337/7818
f 1338/7819 1348/7820 1016/7821
f 1028/7822 1016/7823 1348/7824
f 1357/7825 1347/7826 1039/7827
f 1027/7828 1039/7829 1347/7830
f 1348/7831 1358/7832 1028/7833
f 1040/7834 1028/7835 1358/7836
f 1367/7837 1357/7838 1051/7839
f 1039/7840 1051/7841 1357/7842
f 1358/7843 1368/7844 1040/7845
f 1052/7846 1040/7847 1368/7848
f 1377/7849 1367/7850 1063/7851
f 1051/7852 1063/7853 1367/7854
f 1368/7855 1378/7856 1052/7857
f 1064/7858 1052/7859 1378/7860
f 711/7861 1377/7862 367/7863
f 1063/7864 367/7865 1377/7866
f 1378/7867 712/7868 1064/7869
f 368/7870 1064/7871 712/7872
f 1318/7873 1299/7874 994/7875
f 969/7876 994/7877 1299/7878
f 1300/7879 1321/7880 971/7881
f 996/7882 971/7883 1321/7884
f 1298/7885 1294/7886 970/7887
f 1085/7888 970/7889 1294/7890
f 1389/7891 1301/7892 1086/7893
f 972/7894 1086/7895 1301/7896
f 1294/7897 958/7898 1085/7899
f 959/7900 1085/7901 958/7902
f 961/7903 1389/7904 960/7905
f 1086/7906 960/7907 1389/7908
f 140/7909 142/7910 257/7911
f 258/7912 257/7913 142/7914
f 621/7915 620/7916 260/7917
f 259/7918 260/7919 620/7920
f 147/7921 145/7922 281/7923
f 282/7924 281/7925 145/7926
f 641/7927 640/7928 284/7929
f 283/7930 284/7931 640/7932
f 145/7933 148/7934 282/7935
f 305/7936 282/7937 148/7938
f 660/7939 641/7940 306/7941
f 284/7942 306/7943 641/7944
f 148/7945 150/7946 305/7947
f 317/7948 305/7949 150/7950
f 670/7951 660/7952 318/7953
f 306/7954 318/7955 660/7956
f 150/7957 152/7958 317/7959
f 329/7960 317/7961 152/7962
f 680/7963 670/7964 330/7965
f 318/7966 330/7967 670/7968
f 152/7969 154/7970 329/7971
f 341/7972 329/7973 154/7974
f 690/7975 680/7976 342/7977
f 330/7978 342/7979 680/7980
f 154/7981 156/7982 341/7983
f 353/7984 341/7985 156/7986
f 700/7987 690/7988 354/7989
f 342/7990 354/7991 690/7992
f 156/7993 158/7994 353/7995
f 365/7996 353/7997 158/7998
f 710/7999 700/8000 366/8001
f 354/8002 366/8003 700/8004
f 142/8005 147/8006 258/8007
f 281/8008 258/8009 147/8010
f 640/8011 621/8012 283/8013
f 260/8014 283/8015 621/8016
f 186/8017 140/8018 387/8019
f 257/8020 387/8021 140/8022
f 620/8023 722/8024 259/8025
f 388/8026 259/8027 722/8028
f 139/8029 186/8030 213/8031
f 387/8032 213/8033 186/8034
f 722/8035 215/8036 388/8037
f 214/8038 388/8039 215/8040
f 855/8041 856/8042 965/8043
f 966/8044 965/8045 856/8046
f 1297/8047 1296/8048 968/8049
f 967/8050 968/8051 1296/8052
f 858/8053 857/8054 989/8055
f 990/8056 989/8057 857/8058
f 1317/8059 1316/8060 992/8061
f 991/8062 992/8063 1316/8064
f 862/8065 858/8066 1013/8067
f 989/8068 1013/8069 858/8070
f 1316/8071 1336/8072 991/8073
f 1014/8074 991/8075 1336/8076
f 864/8077 862/8078 1025/8079
f 1013/8080 1025/8081 862/8082
f 1336/8083 1346/8084 1014/8085
f 1026/8086 1014/8087 1346/8088
f 866/8089 864/8090 1037/8091
f 1025/8092 1037/8093 864/8094
f 1346/8095 1356/8096 1026/8097
f 1038/8098 1026/8099 1356/8100
f 868/8101 866/8102 1049/8103
f 1037/8104 1049/8105 866/8106
f 1356/8107 1366/8108 1038/8109
f 1050/8110 1038/8111 1366/8112
f 870/8113 868/8114 1061/8115
f 1049/8116 1061/8117 868/8118
f 1366/8119 1376/8120 1050/8121
f 1062/8122 1050/8123 1376/8124
f 158/8125 870/8126 365/8127
f 1061/8128 365/8129 870/8130
f 1376/8131 710/8132 1062/8133
f 366/8134 1062/8135 710/8136
f 857/8137 855/8138 990/8139
f 965/8140 990/8141 855/8142
f 1296/8143 1317/8144 967/8145
f 992/8146 967/8147 1317/8148
f 856/8149 896/8150 966/8151
f 1083/8152 966/8153 896/8154
f 1388/8155 1297/8156 1084/8157
f 968/8158 1084/8159 1297/8160
f 896/8161 849/8162 1083/8163
f 952/8164 1083/8165 849/8166
f 954/8167 1388/8168 953/8169
f 1084/8170 953/8171 1388/8172
