# USD → MuJoCo (world-space, simplified)
v -0.222856 -0.181967 -0.901955
v -0.223648 -0.181884 -0.903180
v -0.221629 -0.172365 -0.901979
v -0.220585 -0.173103 -0.901977
v -0.220387 -0.172749 -0.901978
v -0.220770 -0.173463 -0.901976
v -0.222192 -0.173851 -0.901950
v -0.222532 -0.174914 -0.901973
v -0.221250 -0.174579 -0.901973
v -0.221013 -0.173985 -0.901975
v -0.221438 -0.175118 -0.901972
v -0.221616 -0.175737 -0.901970
v -0.222779 -0.175866 -0.901970
v -0.221748 -0.176295 -0.901969
v -0.221862 -0.176926 -0.901967
v -0.223013 -0.176256 -0.901969
v -0.221917 -0.177328 -0.901966
v -0.221973 -0.177898 -0.901965
v -0.223093 -0.178279 -0.901964
v -0.222000 -0.178540 -0.901963
v -0.223099 -0.179289 -0.901961
v -0.221998 -0.179111 -0.901962
v -0.221944 -0.179955 -0.901960
v -0.221866 -0.180558 -0.901958
v -0.223240 -0.177825 -0.901965
v -0.223171 -0.180418 -0.901959
v -0.221798 -0.180957 -0.901957
v -0.221717 -0.181354 -0.901956
v -0.221571 -0.181944 -0.901954
v -0.222409 -0.182980 -0.901952
v -0.221394 -0.182525 -0.901953
v -0.221202 -0.183065 -0.901952
v -0.222039 -0.183922 -0.901949
v -0.220887 -0.183807 -0.901950
v -0.220597 -0.184385 -0.901948
v -0.221890 -0.184318 -0.901913
v -0.220616 -0.186434 -0.901943
v -0.220321 -0.184879 -0.901947
v -0.219880 -0.185567 -0.901945
v -0.219500 -0.186084 -0.901944
v -0.219987 -0.187225 -0.901941
v -0.219140 -0.186530 -0.901943
v -0.218709 -0.187006 -0.901941
v -0.218425 -0.187295 -0.901941
v -0.218537 -0.188909 -0.901936
v -0.219673 -0.187804 -0.901939
v -0.218009 -0.187688 -0.901940
v -0.217517 -0.188103 -0.901938
v -0.217531 -0.189476 -0.901935
v -0.217197 -0.188351 -0.901938
v -0.216734 -0.188683 -0.901937
v -0.216188 -0.189029 -0.901936
v -0.216701 -0.190004 -0.901933
v -0.215688 -0.189316 -0.901935
v -0.214942 -0.190994 -0.901908
v -0.214963 -0.189675 -0.901934
v -0.214216 -0.189983 -0.901933
v -0.213868 -0.191270 -0.901930
v -0.213453 -0.190240 -0.901933
v -0.212826 -0.190408 -0.901932
v -0.212894 -0.191521 -0.901929
v -0.212269 -0.190531 -0.901932
v -0.211911 -0.191854 -0.901928
v -0.211467 -0.190657 -0.901931
v -0.210908 -0.191883 -0.901896
v -0.210825 -0.190717 -0.901931
v -0.210244 -0.190745 -0.901931
v -0.209446 -0.190734 -0.901931
v -0.209668 -0.191851 -0.901928
v -0.208801 -0.190686 -0.901931
v -0.208225 -0.190615 -0.901931
v -0.208356 -0.191884 -0.901918
v -0.207599 -0.190503 -0.901932
v -0.206808 -0.191492 -0.901904
v -0.206410 -0.191343 -0.901929
v -0.207040 -0.190376 -0.901932
v -0.206422 -0.190200 -0.901932
v -0.205442 -0.191034 -0.901930
v -0.205879 -0.190017 -0.901933
v -0.205282 -0.189779 -0.901933
v -0.204756 -0.189541 -0.901934
v -0.204190 -0.189245 -0.901935
v -0.203753 -0.190425 -0.901931
v -0.203690 -0.188955 -0.901935
v -0.202692 -0.189618 -0.901933
v -0.203157 -0.188604 -0.901936
v -0.202696 -0.188269 -0.901937
v -0.202002 -0.189127 -0.901935
v -0.202195 -0.187862 -0.901938
v -0.201365 -0.188597 -0.901936
v -0.201766 -0.187479 -0.901939
v -0.201014 -0.188351 -0.901902
v -0.201313 -0.187026 -0.901940
v -0.201039 -0.186728 -0.901941
v -0.200242 -0.187708 -0.901938
v -0.199926 -0.187184 -0.901908
v -0.203026 -0.189882 -0.901901
v -0.200774 -0.186421 -0.901941
v -0.199690 -0.186829 -0.901940
v -0.200419 -0.185976 -0.901943
v -0.199954 -0.185315 -0.901944
v -0.199092 -0.186016 -0.901942
v -0.199616 -0.184763 -0.901946
v -0.199337 -0.184257 -0.901947
v -0.199061 -0.183682 -0.901948
v -0.197699 -0.183728 -0.901948
v -0.197478 -0.182625 -0.901951
v -0.198900 -0.183310 -0.901949
v -0.198694 -0.182777 -0.901951
v -0.198496 -0.182164 -0.901952
v -0.198388 -0.181774 -0.901953
v -0.197224 -0.181646 -0.901953
v -0.198292 -0.181381 -0.901954
v -0.198210 -0.180984 -0.901955
v -0.198116 -0.180419 -0.901957
v -0.196990 -0.181255 -0.901954
v -0.198045 -0.179781 -0.901958
v -0.198017 -0.179377 -0.901959
v -0.196910 -0.179232 -0.901960
v -0.196904 -0.178222 -0.901962
v -0.198000 -0.178805 -0.901961
v -0.198024 -0.177995 -0.901963
v -0.198083 -0.177355 -0.901964
v -0.198137 -0.176954 -0.901966
v -0.198235 -0.176392 -0.901967
v -0.196763 -0.179687 -0.901958
v -0.196834 -0.177095 -0.901965
v -0.197260 -0.175566 -0.901941
v -0.198381 -0.175764 -0.901969
v -0.197403 -0.175167 -0.901970
v -0.198489 -0.175373 -0.901970
v -0.198609 -0.174987 -0.901971
v -0.197711 -0.174203 -0.901973
v -0.198801 -0.174447 -0.901972
v -0.199050 -0.173855 -0.901974
v -0.198136 -0.173208 -0.901975
v -0.199221 -0.173488 -0.901974
v -0.198744 -0.171735 -0.901979
v -0.199483 -0.172981 -0.901976
v -0.198005 -0.173136 -0.901975
v -0.200030 -0.172085 -0.901978
v -0.199810 -0.172425 -0.901977
v -0.199508 -0.170907 -0.901981
v -0.200359 -0.171616 -0.901979
v -0.200757 -0.171111 -0.901981
v -0.200151 -0.170127 -0.901983
v -0.201129 -0.170681 -0.901982
v -0.201578 -0.170216 -0.901983
v -0.200414 -0.169795 -0.901956
v -0.201996 -0.169822 -0.901984
v -0.202486 -0.169409 -0.901985
v -0.202447 -0.168053 -0.901989
v -0.202806 -0.169160 -0.901986
v -0.203271 -0.168827 -0.901987
v -0.203815 -0.168482 -0.901988
v -0.203302 -0.167508 -0.901990
v -0.204166 -0.168279 -0.901988
v -0.204523 -0.168088 -0.901989
v -0.203656 -0.167274 -0.901956
v -0.205043 -0.167836 -0.901989
v -0.205631 -0.167589 -0.901990
v -0.206130 -0.166243 -0.901994
v -0.206167 -0.167393 -0.901991
v -0.206785 -0.167205 -0.901991
v -0.207177 -0.167103 -0.901991
v -0.207109 -0.165990 -0.901994
v -0.207572 -0.167014 -0.901992
v -0.208139 -0.166910 -0.901992
v -0.208774 -0.166829 -0.901992
v -0.208192 -0.165646 -0.901995
v -0.209099 -0.165658 -0.901964
v -0.209525 -0.165675 -0.901995
v -0.209346 -0.166782 -0.901992
v -0.209988 -0.166766 -0.901992
v -0.210544 -0.165671 -0.901995
v -0.210560 -0.166778 -0.901992
v -0.211371 -0.166843 -0.901992
v -0.212005 -0.166934 -0.901992
v -0.213200 -0.165989 -0.901967
v -0.213594 -0.166168 -0.901994
v -0.213192 -0.167197 -0.901992
v -0.212569 -0.167042 -0.901992
v -0.214550 -0.166473 -0.901994
v -0.213742 -0.167362 -0.901991
v -0.214346 -0.167579 -0.901991
v -0.214721 -0.167732 -0.901990
v -0.215091 -0.167898 -0.901990
v -0.215598 -0.168148 -0.901989
v -0.215649 -0.166757 -0.901993
v -0.216165 -0.168468 -0.901989
v -0.216509 -0.168682 -0.901988
v -0.217311 -0.167894 -0.901990
v -0.216846 -0.168907 -0.901988
v -0.217309 -0.169244 -0.901987
v -0.217808 -0.169649 -0.901986
v -0.218108 -0.168464 -0.901989
v -0.218238 -0.170034 -0.901985
v -0.219346 -0.169370 -0.901987
v -0.218690 -0.170485 -0.901984
v -0.219075 -0.170906 -0.901983
v -0.220110 -0.170295 -0.901959
v -0.216977 -0.167630 -0.901959
v -0.219058 -0.169092 -0.901987
v -0.220313 -0.170682 -0.901983
v -0.219483 -0.171406 -0.901981
v -0.220911 -0.171495 -0.901981
v -0.219726 -0.171730 -0.901981
v -0.220049 -0.172197 -0.901979
v -0.222185 -0.171878 -0.906693
v -0.221370 -0.172265 -0.906691
v -0.221468 -0.172426 -0.901979
v -0.222257 -0.171997 -0.903205
v -0.196421 -0.175359 -0.903195
v -0.196384 -0.175662 -0.964170
v -0.196355 -0.175635 -0.903194
v -0.196269 -0.176190 -0.964169
v -0.196237 -0.176191 -0.903192
v -0.196473 -0.175313 -0.964171
v -0.196456 -0.175266 -0.920819
v -0.196457 -0.175225 -0.906679
v -0.196563 -0.174882 -0.920820
v -0.196571 -0.174966 -0.964172
v -0.196680 -0.174500 -0.920821
v -0.196608 -0.174876 -0.976677
v -0.196742 -0.174463 -0.976678
v -0.196570 -0.174993 -0.973601
v -0.196879 -0.173935 -0.920822
v -0.196960 -0.173863 -0.976680
v -0.197098 -0.173378 -0.920824
v -0.197219 -0.173250 -0.976681
v -0.197258 -0.173013 -0.920825
v -0.197273 -0.173122 -0.973601
v -0.197274 -0.173095 -0.964177
v -0.197533 -0.172558 -0.964178
v -0.197322 -0.172827 -0.903201
v -0.197609 -0.172246 -0.903202
v -0.197839 -0.171996 -0.964180
v -0.197916 -0.171697 -0.903204
v -0.198049 -0.171642 -0.964181
v -0.198137 -0.171333 -0.903205
v -0.198269 -0.171294 -0.964182
v -0.198215 -0.171258 -0.920829
v -0.198499 -0.170952 -0.964182
v -0.198550 -0.170762 -0.920830
v -0.198739 -0.170617 -0.964183
v -0.198904 -0.170279 -0.920832
v -0.198817 -0.170549 -0.976688
v -0.198739 -0.170644 -0.973610
v -0.199207 -0.170053 -0.976690
v -0.199299 -0.169788 -0.920833
v -0.199650 -0.169546 -0.976690
v -0.199675 -0.169363 -0.920834
v -0.199948 -0.169229 -0.976691
v -0.199777 -0.169204 -0.903211
v -0.200073 -0.168897 -0.903211
v -0.200040 -0.169127 -0.973612
v -0.200041 -0.169100 -0.964187
v -0.200454 -0.168697 -0.964188
v -0.200550 -0.168437 -0.903212
v -0.200948 -0.168261 -0.964190
v -0.201015 -0.168033 -0.903214
v -0.201129 -0.167948 -0.906704
v -0.201128 -0.167989 -0.920838
v -0.201758 -0.167498 -0.920839
v -0.201584 -0.167749 -0.964191
v -0.202266 -0.167272 -0.964192
v -0.202419 -0.167050 -0.920840
v -0.202374 -0.167237 -0.976697
v -0.202265 -0.167299 -0.973617
v -0.202742 -0.167006 -0.976697
v -0.202758 -0.166839 -0.920841
v -0.203102 -0.166637 -0.920841
v -0.203118 -0.166786 -0.976698
v -0.203233 -0.166514 -0.903218
v -0.203500 -0.166579 -0.976698
v -0.203609 -0.166314 -0.903218
v -0.203992 -0.166126 -0.903219
v -0.203888 -0.166384 -0.976699
v -0.203967 -0.166340 -0.974646
v -0.204007 -0.166318 -0.973619
v -0.204008 -0.166291 -0.964195
v -0.204379 -0.165949 -0.903219
v -0.204383 -0.166120 -0.964195
v -0.204772 -0.165784 -0.903220
v -0.204763 -0.165961 -0.964196
v -0.204909 -0.165780 -0.920844
v -0.205513 -0.165679 -0.964197
v -0.205672 -0.165503 -0.920844
v -0.206325 -0.165436 -0.964197
v -0.206427 -0.165285 -0.920845
v -0.206724 -0.165334 -0.964197
v -0.206815 -0.165189 -0.920845
v -0.206851 -0.165340 -0.976702
v -0.206723 -0.165361 -0.973622
v -0.207205 -0.165104 -0.920846
v -0.207276 -0.165249 -0.976702
v -0.207352 -0.165024 -0.903222
v -0.207884 -0.165141 -0.976703
v -0.207998 -0.164914 -0.903221
v -0.208566 -0.165056 -0.976703
v -0.208617 -0.164840 -0.903223
v -0.208696 -0.165034 -0.973623
v -0.208697 -0.165007 -0.964198
v -0.209108 -0.164975 -0.964199
v -0.209042 -0.164804 -0.903223
v -0.209188 -0.164846 -0.920846
v -0.209189 -0.164805 -0.906710
v -0.209520 -0.164955 -0.964199
v -0.209587 -0.164828 -0.920846
v -0.210430 -0.164825 -0.920846
v -0.210299 -0.164946 -0.964199
v -0.211167 -0.164995 -0.964199
v -0.211183 -0.164872 -0.920846
v -0.211577 -0.165036 -0.964199
v -0.211581 -0.164912 -0.920846
v -0.211730 -0.164878 -0.903223
v -0.211706 -0.165087 -0.976703
v -0.212137 -0.165147 -0.976703
v -0.212152 -0.164937 -0.903223
v -0.212771 -0.165047 -0.903220
v -0.212780 -0.165260 -0.976702
v -0.213405 -0.165191 -0.903222
v -0.213415 -0.165406 -0.976702
v -0.213548 -0.165238 -0.906709
v -0.213547 -0.165278 -0.920846
v -0.213543 -0.165403 -0.964198
v -0.214276 -0.165486 -0.920845
v -0.214373 -0.165644 -0.964197
v -0.215251 -0.165845 -0.920844
v -0.215301 -0.165991 -0.964196
v -0.215802 -0.166080 -0.920844
v -0.215868 -0.166236 -0.964196
v -0.215938 -0.166091 -0.903220
v -0.216240 -0.166414 -0.964195
v -0.216322 -0.166278 -0.903219
v -0.216356 -0.166509 -0.976699
v -0.211576 -0.165063 -0.973623
v -0.213543 -0.165430 -0.973622
v -0.216239 -0.166442 -0.973619
v -0.216862 -0.166564 -0.903218
v -0.216961 -0.166835 -0.976700
v -0.217489 -0.167155 -0.976698
v -0.217435 -0.166906 -0.903218
v -0.217559 -0.167036 -0.920841
v -0.217560 -0.166995 -0.906705
v -0.217853 -0.167393 -0.976697
v -0.217892 -0.167256 -0.920841
v -0.217961 -0.167458 -0.973617
v -0.217962 -0.167431 -0.964193
v -0.218218 -0.167485 -0.920840
v -0.218297 -0.167670 -0.964192
v -0.218835 -0.167954 -0.920839
v -0.218962 -0.168186 -0.964191
v -0.219456 -0.168494 -0.920838
v -0.219564 -0.168723 -0.964190
v -0.219861 -0.169008 -0.964189
v -0.219873 -0.168840 -0.903213
v -0.220149 -0.169303 -0.964188
v -0.220170 -0.169145 -0.903212
v -0.220148 -0.169330 -0.973613
v -0.220238 -0.169434 -0.976692
v -0.220459 -0.169458 -0.903212
v -0.220529 -0.169757 -0.976692
v -0.220811 -0.170088 -0.976691
v -0.220737 -0.169781 -0.903211
v -0.220832 -0.169905 -0.906698
v -0.220830 -0.169945 -0.920834
v -0.221082 -0.170428 -0.976690
v -0.221079 -0.170258 -0.920833
v -0.221319 -0.170577 -0.920833
v -0.221342 -0.170776 -0.976689
v -0.221419 -0.170874 -0.973610
v -0.221419 -0.170847 -0.964184
v -0.221772 -0.171232 -0.920831
v -0.221881 -0.171533 -0.964183
v -0.222183 -0.171919 -0.920829
v -0.222291 -0.172244 -0.964181
v -0.222543 -0.172539 -0.903203
v -0.222589 -0.172817 -0.964179
v -0.222824 -0.173142 -0.903202
v -0.222834 -0.173353 -0.964178
v -0.222885 -0.173509 -0.976682
v -0.223048 -0.173912 -0.976681
v -0.222833 -0.173381 -0.973603
v -0.223042 -0.173723 -0.920825
v -0.223043 -0.173682 -0.906688
v -0.223240 -0.174257 -0.920823
v -0.223277 -0.174542 -0.976680
v -0.223430 -0.174856 -0.920822
v -0.223463 -0.175148 -0.976678
v -0.223499 -0.175238 -0.964173
v -0.223537 -0.175240 -0.920821
v -0.223498 -0.175265 -0.973596
v -0.223602 -0.175637 -0.964172
v -0.223633 -0.175627 -0.920820
v -0.223693 -0.176038 -0.964171
v -0.223719 -0.176017 -0.920819
v -0.223773 -0.176442 -0.964170
v -0.223855 -0.176728 -0.903192
v -0.223874 -0.177071 -0.964169
v -0.223933 -0.177376 -0.903192
v -0.223939 -0.177666 -0.964167
v -0.223969 -0.177800 -0.903191
v -0.223971 -0.178077 -0.964166
v -0.223978 -0.177958 -0.906677
v -0.223972 -0.178150 -0.974617
v -0.223977 -0.177999 -0.920814
v -0.223977 -0.178243 -0.976670
v -0.223970 -0.178104 -0.973591
v -0.223994 -0.178397 -0.920813
v -0.223997 -0.178906 -0.976669
v -0.223998 -0.178996 -0.920811
v -0.223984 -0.179547 -0.976667
v -0.223979 -0.179594 -0.920810
v -0.223959 -0.179981 -0.976666
v -0.223950 -0.179992 -0.920809
v -0.223950 -0.180075 -0.964161
v -0.223950 -0.180102 -0.973588
v -0.223916 -0.180434 -0.964160
v -0.223911 -0.180390 -0.920808
v -0.223873 -0.180791 -0.964159
v -0.223895 -0.180486 -0.903184
v -0.223794 -0.181179 -0.903181
v -0.223912 -0.180349 -0.906672
v -0.223749 -0.176112 -0.903195
v -0.223720 -0.175977 -0.906682
v -0.222989 -0.173535 -0.903201
v -0.219566 -0.168544 -0.903214
v -0.219457 -0.168453 -0.906701
v -0.215803 -0.166039 -0.906707
v -0.211582 -0.164871 -0.906710
v -0.207206 -0.165063 -0.906709
v -0.204910 -0.165739 -0.906707
v -0.203103 -0.166597 -0.906705
v -0.199676 -0.169322 -0.906704
v -0.198216 -0.171217 -0.906695
v -0.197260 -0.172972 -0.906688
v -0.196106 -0.177032 -0.903190
v -0.196090 -0.177190 -0.906677
v -0.196977 -0.177356 -0.906677
v -0.197001 -0.177143 -0.901965
v -0.196146 -0.176900 -0.964167
v -0.196089 -0.177231 -0.920814
v -0.196076 -0.177436 -0.964166
v -0.196049 -0.177628 -0.920813
v -0.196042 -0.177795 -0.964165
v -0.196021 -0.178025 -0.920812
v -0.196031 -0.177961 -0.976669
v -0.196007 -0.178395 -0.976668
v -0.196002 -0.178624 -0.920810
v -0.195993 -0.179038 -0.976667
v -0.196005 -0.179222 -0.920808
v -0.196023 -0.179621 -0.920807
v -0.196014 -0.179698 -0.976664
v -0.196019 -0.179779 -0.974611
v -0.196024 -0.179580 -0.906671
v -0.196022 -0.179793 -0.964160
v -0.196034 -0.179718 -0.903184
v -0.196053 -0.180203 -0.964159
v -0.196070 -0.180143 -0.903182
v -0.196120 -0.180803 -0.964157
v -0.196148 -0.180790 -0.903180
v -0.196220 -0.181427 -0.964155
v -0.196254 -0.181407 -0.903179
v -0.196281 -0.181603 -0.920802
v -0.196282 -0.181562 -0.906672
v -0.196367 -0.181993 -0.920801
v -0.196345 -0.182032 -0.964154
v -0.196463 -0.182380 -0.920800
v -0.196494 -0.182632 -0.964152
v -0.196632 -0.182972 -0.920799
v -0.196528 -0.182793 -0.976656
v -0.196713 -0.183399 -0.976656
v -0.196818 -0.183523 -0.920798
v -0.196942 -0.184029 -0.976653
v -0.196958 -0.183897 -0.920797
v -0.196959 -0.183856 -0.906660
v -0.197014 -0.183984 -0.903173
v -0.197106 -0.184432 -0.976652
v -0.197159 -0.184516 -0.964148
v -0.197158 -0.184543 -0.973570
v -0.197179 -0.184376 -0.903172
v -0.197401 -0.185045 -0.964146
v -0.197460 -0.184980 -0.903169
v -0.197701 -0.185626 -0.964145
v -0.197746 -0.185521 -0.903169
v -0.197816 -0.185702 -0.920792
v -0.197818 -0.185661 -0.906655
v -0.198117 -0.186345 -0.964143
v -0.198227 -0.186388 -0.920790
v -0.198573 -0.187022 -0.964141
v -0.198681 -0.187043 -0.920789
v -0.198649 -0.187165 -0.976645
v -0.198909 -0.187513 -0.976644
v -0.198921 -0.187362 -0.920788
v -0.199170 -0.187674 -0.920787
v -0.199180 -0.187853 -0.976644
v -0.199171 -0.187634 -0.906650
v -0.199266 -0.187738 -0.903163
v -0.199461 -0.188184 -0.976643
v -0.199544 -0.188060 -0.903162
v -0.199753 -0.188507 -0.976642
v -0.199832 -0.188374 -0.903162
v -0.199843 -0.188594 -0.973562
v -0.199843 -0.188566 -0.964137
v -0.200130 -0.188679 -0.903161
v -0.200132 -0.188861 -0.964137
v -0.200437 -0.188974 -0.903160
v -0.200428 -0.189147 -0.964136
v -0.200544 -0.189126 -0.920784
v -0.200545 -0.189085 -0.906647
v -0.200733 -0.189423 -0.964135
v -0.200843 -0.189391 -0.920783
v -0.201351 -0.189942 -0.964134
v -0.201474 -0.189910 -0.920782
v -0.202031 -0.190438 -0.964133
v -0.202108 -0.190364 -0.920780
v -0.202138 -0.190548 -0.976637
v -0.202441 -0.190584 -0.920780
v -0.202502 -0.190787 -0.976636
v -0.202568 -0.190613 -0.903156
v -0.202442 -0.190543 -0.906643
v -0.203047 -0.191117 -0.976636
v -0.203154 -0.190962 -0.903154
v -0.203681 -0.191241 -0.903155
v -0.203635 -0.191432 -0.976635
v -0.203753 -0.191455 -0.964130
v -0.203752 -0.191482 -0.973555
v -0.204064 -0.191428 -0.903154
v -0.204124 -0.191633 -0.964130
v -0.204199 -0.191499 -0.906641
v -0.204198 -0.191540 -0.920778
v -0.204849 -0.191947 -0.964129
v -0.204749 -0.191775 -0.920777
v -0.205497 -0.192053 -0.920776
v -0.205855 -0.192295 -0.964128
v -0.206068 -0.192235 -0.920776
v -0.206449 -0.192466 -0.964128
v -0.206453 -0.192342 -0.920776
v -0.206575 -0.192535 -0.976632
v -0.206454 -0.192301 -0.906639
v -0.206598 -0.192328 -0.903152
v -0.206999 -0.192634 -0.976632
v -0.207013 -0.192425 -0.903152
v -0.207633 -0.192760 -0.976632
v -0.207644 -0.192549 -0.903150
v -0.208284 -0.192854 -0.976631
v -0.208273 -0.192640 -0.903151
v -0.208419 -0.192709 -0.920775
v -0.208415 -0.192833 -0.964127
v -0.209282 -0.192909 -0.964127
v -0.209171 -0.192777 -0.920775
v -0.210213 -0.192795 -0.920775
v -0.210267 -0.192919 -0.964127
v -0.210812 -0.192775 -0.920775
v -0.210885 -0.192895 -0.964127
v -0.208420 -0.192668 -0.906638
v -0.210813 -0.192734 -0.906638
v -0.210961 -0.192714 -0.903151
v -0.211296 -0.192862 -0.964127
v -0.211386 -0.192679 -0.903151
v -0.211425 -0.192886 -0.976632
v -0.211985 -0.192608 -0.903151
v -0.212102 -0.192801 -0.976633
v -0.212651 -0.192495 -0.903152
v -0.212715 -0.192692 -0.976632
v -0.212796 -0.192476 -0.906639
v -0.212795 -0.192517 -0.920776
v -0.213185 -0.192431 -0.920776
v -0.213140 -0.192601 -0.976632
v -0.213269 -0.192535 -0.964128
v -0.213268 -0.192562 -0.973553
v -0.213573 -0.192335 -0.920776
v -0.214083 -0.192318 -0.964129
v -0.214317 -0.192121 -0.920777
v -0.214845 -0.192057 -0.964130
v -0.215091 -0.191840 -0.920778
v -0.215230 -0.191909 -0.964130
v -0.215231 -0.191735 -0.903154
v -0.215093 -0.191800 -0.906641
v -0.215610 -0.191749 -0.964131
v -0.215624 -0.191570 -0.903155
v -0.215985 -0.191579 -0.964131
v -0.216011 -0.191393 -0.903155
v -0.215984 -0.191606 -0.973555
v -0.216102 -0.191558 -0.976635
v -0.216394 -0.191204 -0.903156
v -0.216490 -0.191362 -0.976636
v -0.216770 -0.191004 -0.903156
v -0.216873 -0.191155 -0.976636
v -0.216899 -0.190942 -0.906643
v -0.216898 -0.190983 -0.920780
v -0.217248 -0.190935 -0.976637
v -0.217242 -0.190781 -0.920781
v -0.217581 -0.190570 -0.920781
v -0.217727 -0.190597 -0.964134
v -0.217617 -0.190705 -0.976638
v -0.218399 -0.190128 -0.964135
v -0.218242 -0.190122 -0.920782
v -0.218872 -0.189631 -0.920784
v -0.219045 -0.189609 -0.964136
v -0.218988 -0.189485 -0.903160
v -0.218874 -0.189590 -0.906648
v -0.219451 -0.189083 -0.903160
v -0.219530 -0.189180 -0.964137
v -0.219930 -0.188622 -0.903162
v -0.219952 -0.188770 -0.964138
v -0.220226 -0.188315 -0.903163
v -0.220043 -0.188712 -0.976643
v -0.220325 -0.188257 -0.920787
v -0.220341 -0.188396 -0.976644
v -0.220778 -0.187895 -0.976646
v -0.220701 -0.187832 -0.920788
v -0.221096 -0.187340 -0.920790
v -0.221253 -0.187252 -0.964142
v -0.221174 -0.187393 -0.976646
v -0.221252 -0.187279 -0.973567
v -0.220326 -0.188217 -0.906650
v -0.221450 -0.186858 -0.920791
v -0.221493 -0.186917 -0.964143
v -0.221724 -0.186576 -0.964144
v -0.221785 -0.186362 -0.920792
v -0.221866 -0.186186 -0.903169
v -0.221786 -0.186321 -0.906653
v -0.221944 -0.186228 -0.964145
v -0.222188 -0.185648 -0.903169
v -0.222264 -0.185678 -0.964147
v -0.222494 -0.185074 -0.903172
v -0.222541 -0.185146 -0.964148
v -0.222681 -0.184691 -0.903173
v -0.222719 -0.184775 -0.964149
v -0.222743 -0.184566 -0.906660
v -0.222742 -0.184607 -0.920797
v -0.222902 -0.184242 -0.920798
v -0.222772 -0.184691 -0.976653
v -0.222943 -0.184292 -0.976654
v -0.223121 -0.183685 -0.920799
v -0.223181 -0.183679 -0.976657
v -0.223320 -0.183120 -0.920801
v -0.223422 -0.182904 -0.964154
v -0.223383 -0.183065 -0.976658
v -0.223421 -0.182931 -0.973578
v -0.223437 -0.182739 -0.920802
v -0.223519 -0.182557 -0.964155
v -0.223544 -0.182354 -0.920803
v -0.223582 -0.182160 -0.903179
v -0.223545 -0.182313 -0.906671
v -0.223608 -0.182208 -0.964156
v -0.223762 -0.181504 -0.964157
v -0.222718 -0.184801 -0.973573
v -0.219951 -0.188797 -0.973563
v -0.217726 -0.190624 -0.973556
v -0.211295 -0.192889 -0.973552
v -0.208415 -0.192860 -0.973552
v -0.206449 -0.192494 -0.973552
v -0.202030 -0.190465 -0.973557
v -0.198573 -0.187050 -0.973566
v -0.196493 -0.182658 -0.973577
v -0.196021 -0.179820 -0.973584
v -0.196041 -0.177821 -0.973586
v -0.197510 -0.175318 -0.964171
v -0.197204 -0.176547 -0.964168
v -0.197045 -0.177805 -0.964165
v -0.197065 -0.177627 -0.978302
v -0.197044 -0.177832 -0.973588
v -0.197237 -0.176410 -0.978305
v -0.197564 -0.175166 -0.978309
v -0.197509 -0.175345 -0.973598
v -0.221797 -0.173527 -0.978314
v -0.222513 -0.175412 -0.978311
v -0.220164 -0.175609 -0.978309
v -0.222607 -0.175823 -0.978308
v -0.220670 -0.177879 -0.978303
v -0.222856 -0.176997 -0.978306
v -0.222985 -0.178308 -0.978303
v -0.222965 -0.179906 -0.978299
v -0.220637 -0.180190 -0.978298
v -0.222843 -0.181017 -0.978295
v -0.221296 -0.181458 -0.978290
v -0.221242 -0.172434 -0.978317
v -0.219305 -0.173657 -0.978314
v -0.219524 -0.170116 -0.978325
v -0.219220 -0.169823 -0.978324
v -0.217673 -0.171481 -0.978319
v -0.218457 -0.169103 -0.978325
v -0.217629 -0.168462 -0.978327
v -0.214904 -0.166940 -0.978331
v -0.215092 -0.169520 -0.978324
v -0.213770 -0.166548 -0.978332
v -0.213164 -0.166378 -0.978332
v -0.212072 -0.168457 -0.978327
v -0.210965 -0.166024 -0.978333
v -0.209913 -0.165982 -0.978333
v -0.209078 -0.166019 -0.978333
v -0.209282 -0.168279 -0.978327
v -0.208658 -0.166042 -0.978335
v -0.205943 -0.168184 -0.978328
v -0.206815 -0.168705 -0.978321
v -0.205840 -0.166654 -0.978331
v -0.204698 -0.167114 -0.978329
v -0.204317 -0.167288 -0.978330
v -0.202193 -0.168581 -0.978326
v -0.201288 -0.169325 -0.978324
v -0.200659 -0.169934 -0.978323
v -0.198988 -0.172050 -0.978316
v -0.198401 -0.173103 -0.978314
v -0.198123 -0.173669 -0.978314
v -0.197025 -0.178045 -0.978302
v -0.197040 -0.180062 -0.978296
v -0.197133 -0.180894 -0.978294
v -0.197336 -0.181923 -0.978291
v -0.197487 -0.182534 -0.978291
v -0.198800 -0.181767 -0.978292
v -0.198021 -0.184041 -0.978287
v -0.200032 -0.184792 -0.978284
v -0.198284 -0.184612 -0.978284
v -0.198860 -0.185694 -0.978281
v -0.199462 -0.186592 -0.978280
v -0.200474 -0.187829 -0.978278
v -0.202589 -0.187813 -0.978276
v -0.200920 -0.188274 -0.978275
v -0.201831 -0.189093 -0.978273
v -0.202704 -0.189732 -0.978272
v -0.204079 -0.190549 -0.978271
v -0.204868 -0.190916 -0.978269
v -0.205302 -0.189505 -0.978272
v -0.205966 -0.191329 -0.978268
v -0.208007 -0.190315 -0.978270
v -0.209026 -0.191926 -0.978266
v -0.210258 -0.191969 -0.978266
v -0.211330 -0.191898 -0.978268
v -0.210591 -0.190477 -0.978270
v -0.212909 -0.191640 -0.978269
v -0.213770 -0.191408 -0.978268
v -0.213154 -0.190046 -0.978271
v -0.214884 -0.191015 -0.978269
v -0.215674 -0.190662 -0.978271
v -0.217784 -0.189380 -0.978273
v -0.215851 -0.188913 -0.978274
v -0.218569 -0.188737 -0.978275
v -0.219033 -0.188312 -0.978276
v -0.219332 -0.188017 -0.978278
v -0.218110 -0.187142 -0.978279
v -0.220618 -0.186463 -0.978281
v -0.220967 -0.185940 -0.978282
v -0.221482 -0.185068 -0.978285
v -0.219688 -0.185209 -0.978284
v -0.221864 -0.184281 -0.978288
v -0.221071 -0.182465 -0.978281
v -0.222573 -0.182255 -0.978292
v -0.220256 -0.182075 -0.978248
v -0.220527 -0.171360 -0.978320
v -0.220644 -0.171510 -0.973608
v -0.220645 -0.171483 -0.964183
v -0.221332 -0.172547 -0.964180
v -0.221888 -0.173686 -0.964177
v -0.221888 -0.173713 -0.973600
v -0.221967 -0.173911 -0.978313
v -0.222553 -0.175598 -0.973601
v -0.222553 -0.175571 -0.964172
v -0.222968 -0.178066 -0.964166
v -0.222840 -0.176834 -0.964169
v -0.222967 -0.178094 -0.973590
v -0.222947 -0.180092 -0.973581
v -0.222948 -0.180065 -0.964161
v -0.222483 -0.182552 -0.964155
v -0.222643 -0.181939 -0.964156
v -0.222849 -0.180920 -0.964159
v -0.222482 -0.182579 -0.973579
v -0.222430 -0.182786 -0.978292
v -0.221779 -0.184449 -0.973574
v -0.221780 -0.184422 -0.964150
v -0.220492 -0.186600 -0.964144
v -0.220735 -0.186255 -0.964145
v -0.221303 -0.185363 -0.964147
v -0.220375 -0.186806 -0.978282
v -0.220491 -0.186627 -0.973569
v -0.219190 -0.188145 -0.973565
v -0.219191 -0.188118 -0.964140
v -0.217235 -0.189724 -0.964136
v -0.217928 -0.189232 -0.964137
v -0.218730 -0.188553 -0.964139
v -0.217069 -0.189881 -0.978274
v -0.217234 -0.189751 -0.973561
v -0.215492 -0.190733 -0.973558
v -0.215492 -0.190706 -0.964133
v -0.213105 -0.191547 -0.964131
v -0.214300 -0.191207 -0.964132
v -0.213104 -0.191574 -0.973555
v -0.211131 -0.191901 -0.973554
v -0.211131 -0.191874 -0.964130
v -0.208599 -0.191853 -0.964130
v -0.210077 -0.191932 -0.964130
v -0.208599 -0.191876 -0.973554
v -0.208398 -0.191872 -0.978268
v -0.206633 -0.191509 -0.973555
v -0.206826 -0.191575 -0.978268
v -0.206633 -0.191481 -0.964131
v -0.204257 -0.190605 -0.964133
v -0.205844 -0.191249 -0.964131
v -0.204262 -0.190619 -0.973557
v -0.202540 -0.189603 -0.973559
v -0.202541 -0.189576 -0.964135
v -0.200618 -0.187930 -0.964139
v -0.200916 -0.188230 -0.964138
v -0.201696 -0.188943 -0.964137
v -0.200617 -0.187957 -0.973564
v -0.199347 -0.186414 -0.973567
v -0.199348 -0.186386 -0.964143
v -0.198104 -0.184183 -0.964149
v -0.198376 -0.184755 -0.964147
v -0.198884 -0.185684 -0.964145
v -0.198104 -0.184210 -0.973573
v -0.197439 -0.182326 -0.973578
v -0.197435 -0.182300 -0.964153
v -0.197025 -0.179803 -0.964160
v -0.197060 -0.180224 -0.964159
v -0.197167 -0.181061 -0.964157
v -0.197005 -0.179643 -0.978298
v -0.197024 -0.179830 -0.973584
v -0.219374 -0.169966 -0.973611
v -0.217285 -0.168220 -0.978328
v -0.217451 -0.168321 -0.973615
v -0.217452 -0.168294 -0.964191
v -0.217794 -0.168541 -0.964190
v -0.218620 -0.169203 -0.964188
v -0.219375 -0.169939 -0.964187
v -0.215729 -0.167304 -0.973620
v -0.215917 -0.167395 -0.978331
v -0.213358 -0.166415 -0.973620
v -0.213359 -0.166388 -0.964195
v -0.214600 -0.166772 -0.964194
v -0.215730 -0.167277 -0.964193
v -0.211392 -0.166048 -0.973620
v -0.211595 -0.166069 -0.978334
v -0.208860 -0.166023 -0.973620
v -0.208861 -0.165995 -0.964196
v -0.209283 -0.165965 -0.964196
v -0.210128 -0.165942 -0.964196
v -0.211394 -0.166016 -0.964196
v -0.206887 -0.166350 -0.973620
v -0.207082 -0.166317 -0.978332
v -0.204499 -0.167191 -0.973617
v -0.204500 -0.167164 -0.964193
v -0.205671 -0.166671 -0.964194
v -0.206888 -0.166322 -0.964195
v -0.202757 -0.168172 -0.973614
v -0.202921 -0.168070 -0.978328
v -0.200801 -0.169779 -0.973610
v -0.200802 -0.169751 -0.964186
v -0.201570 -0.169032 -0.964188
v -0.202755 -0.168141 -0.964190
v -0.199500 -0.171296 -0.973606
v -0.199615 -0.171145 -0.978320
v -0.198212 -0.173474 -0.973600
v -0.198213 -0.173447 -0.964176
v -0.198691 -0.172505 -0.964179
v -0.199257 -0.171614 -0.964181
v -0.199501 -0.171269 -0.964182
v -0.219434 -0.185567 -0.978095
v -0.218269 -0.186946 -0.978018
v -0.216649 -0.188380 -0.977926
v -0.214218 -0.189690 -0.977817
v -0.211524 -0.190390 -0.977713
v -0.208903 -0.190434 -0.977607
v -0.206637 -0.189980 -0.977514
v -0.203983 -0.188821 -0.977401
v -0.201511 -0.186765 -0.977288
v -0.199822 -0.184394 -0.977179
v -0.198901 -0.182061 -0.977082
v -0.198547 -0.180162 -0.977008
v -0.198494 -0.179371 -0.978298
v -0.198501 -0.178301 -0.976941
v -0.198638 -0.176933 -0.978304
v -0.199491 -0.174254 -0.978311
v -0.198865 -0.175981 -0.976861
v -0.199631 -0.173971 -0.976784
v -0.200495 -0.172483 -0.978315
v -0.200188 -0.172979 -0.976741
v -0.200728 -0.172169 -0.976703
v -0.201150 -0.171630 -0.976677
v -0.202068 -0.170618 -0.978320
v -0.203741 -0.169323 -0.978324
v -0.202794 -0.169962 -0.976585
v -0.205111 -0.168555 -0.976484
v -0.207659 -0.167696 -0.976388
v -0.209482 -0.167466 -0.978203
v -0.210511 -0.167468 -0.976275
v -0.212196 -0.167660 -0.978093
v -0.213569 -0.168041 -0.976147
v -0.213912 -0.168172 -0.978019
v -0.214482 -0.168390 -0.976107
v -0.214532 -0.168418 -0.977991
v -0.214824 -0.168541 -0.976091
v -0.215320 -0.168785 -0.976069
v -0.215272 -0.168767 -0.977957
v -0.216252 -0.169324 -0.977912
v -0.217622 -0.170347 -0.977846
v -0.218467 -0.171203 -0.977800
v -0.219897 -0.173137 -0.977702
v -0.219644 -0.172664 -0.975838
v -0.220565 -0.174428 -0.975753
v -0.221212 -0.176299 -0.975668
v -0.220765 -0.174865 -0.977619
v -0.216334 -0.169372 -0.976022
v -0.221366 -0.177101 -0.977519
v -0.221503 -0.179149 -0.977433
v -0.221478 -0.178385 -0.975578
v -0.221499 -0.179438 -0.975534
v -0.221381 -0.180582 -0.977375
v -0.221205 -0.181567 -0.977335
v -0.220680 -0.183257 -0.977264
v -0.220848 -0.182823 -0.975397
v -0.221299 -0.181048 -0.975470
v -0.220153 -0.184340 -0.975328
v -0.219906 -0.184815 -0.977192
v -0.219473 -0.185469 -0.975272
v -0.219078 -0.186015 -0.975242
v -0.217911 -0.187334 -0.975167
v -0.218130 -0.187111 -0.977067
v -0.217070 -0.188027 -0.977008
v -0.213194 -0.190028 -0.974950
v -0.211380 -0.190378 -0.974879
v -0.210848 -0.190444 -0.976745
v -0.209995 -0.190466 -0.974823
v -0.208149 -0.190320 -0.974748
v -0.205661 -0.189644 -0.974645
v -0.203502 -0.188459 -0.974551
v -0.203349 -0.188348 -0.976433
v -0.202638 -0.187797 -0.976399
v -0.201762 -0.186985 -0.974472
v -0.201815 -0.187044 -0.976360
v -0.201011 -0.186156 -0.976319
v -0.202390 -0.187579 -0.974502
v -0.200536 -0.185514 -0.974402
v -0.200361 -0.185242 -0.976276
v -0.200074 -0.184774 -0.974369
v -0.200043 -0.184728 -0.976253
v -0.199811 -0.184296 -0.974348
v -0.199032 -0.182508 -0.974273
v -0.198761 -0.181591 -0.976123
v -0.198577 -0.180443 -0.974192
v -0.198487 -0.178780 -0.974132
v -0.198716 -0.176672 -0.975944
v -0.199101 -0.175262 -0.975894
v -0.199067 -0.175345 -0.974011
v -0.199978 -0.173330 -0.973929
v -0.198641 -0.177087 -0.974072
v -0.200477 -0.172522 -0.973893
v -0.200545 -0.172400 -0.975774
v -0.201390 -0.171350 -0.975722
v -0.202069 -0.170614 -0.973796
v -0.200953 -0.171870 -0.973862
v -0.204106 -0.169081 -0.975584
v -0.206928 -0.167886 -0.975473
v -0.206835 -0.167898 -0.973591
v -0.208784 -0.167518 -0.973518
v -0.209284 -0.167467 -0.975384
v -0.210888 -0.167497 -0.973433
v -0.211549 -0.167567 -0.975292
v -0.212450 -0.167726 -0.973367
v -0.214777 -0.168467 -0.973267
v -0.216211 -0.169303 -0.975087
v -0.217345 -0.170107 -0.973147
v -0.218618 -0.171350 -0.974965
v -0.218724 -0.171450 -0.973073
v -0.219705 -0.172791 -0.974891
v -0.219889 -0.173088 -0.972990
v -0.220625 -0.174537 -0.974807
v -0.220574 -0.174433 -0.972925
v -0.220996 -0.175615 -0.974758
v -0.221256 -0.176635 -0.972825
v -0.221014 -0.175681 -0.972867
v -0.221389 -0.177433 -0.972790
v -0.221381 -0.177373 -0.974680
v -0.221466 -0.178123 -0.974648
v -0.221487 -0.179957 -0.974572
v -0.221308 -0.181070 -0.972641
v -0.220988 -0.182373 -0.974475
v -0.221033 -0.182179 -0.972597
v -0.220702 -0.183173 -0.972555
v -0.219775 -0.185060 -0.972465
v -0.218927 -0.186201 -0.974293
v -0.218270 -0.186969 -0.972362
v -0.218095 -0.187119 -0.974239
v -0.217363 -0.187797 -0.974196
v -0.216832 -0.188213 -0.972282
v -0.216459 -0.188466 -0.974150
v -0.215620 -0.188978 -0.972224
v -0.215445 -0.189095 -0.974101
v -0.214067 -0.189709 -0.974043
v -0.213481 -0.189910 -0.974020
v -0.212114 -0.190267 -0.973967
v -0.214979 -0.189311 -0.972195
v -0.214451 -0.189549 -0.972174
v -0.213802 -0.189799 -0.972147
v -0.213135 -0.190009 -0.972121
v -0.211761 -0.190318 -0.972067
v -0.210389 -0.190437 -0.972012
v -0.209193 -0.190426 -0.971964
v -0.207182 -0.190125 -0.971882
v -0.206508 -0.189924 -0.973740
v -0.204830 -0.189245 -0.971782
v -0.204446 -0.189051 -0.973652
v -0.202728 -0.187886 -0.973577
v -0.201076 -0.186243 -0.973494
v -0.202727 -0.187876 -0.971690
v -0.201288 -0.186498 -0.971620
v -0.199922 -0.184529 -0.971530
v -0.198691 -0.181134 -0.971391
v -0.198482 -0.179179 -0.971319
v -0.198607 -0.177317 -0.971252
v -0.198664 -0.176923 -0.973125
v -0.199010 -0.175566 -0.973077
v -0.198881 -0.175970 -0.971206
v -0.199255 -0.174856 -0.971164
v -0.199634 -0.173972 -0.971129
v -0.199841 -0.173561 -0.971112
v -0.200532 -0.172408 -0.971061
v -0.201461 -0.171190 -0.972888
v -0.202177 -0.170477 -0.970962
v -0.204291 -0.168968 -0.972750
v -0.205200 -0.168512 -0.970827
v -0.206468 -0.168003 -0.970778
v -0.208237 -0.167587 -0.970711
v -0.211321 -0.167531 -0.972474
v -0.213038 -0.167876 -0.970515
v -0.214195 -0.168248 -0.970465
v -0.213732 -0.168080 -0.972372
v -0.214997 -0.168613 -0.972315
v -0.216257 -0.169302 -0.972259
v -0.216090 -0.169213 -0.970379
v -0.218624 -0.171271 -0.972141
v -0.215225 -0.168721 -0.970418
v -0.217367 -0.170125 -0.970318
v -0.218534 -0.171237 -0.970256
v -0.219544 -0.172555 -0.970189
v -0.219990 -0.173270 -0.970153
v -0.220137 -0.173541 -0.972027
v -0.220288 -0.173830 -0.972013
v -0.220617 -0.174550 -0.970092
v -0.220997 -0.175616 -0.970043
v -0.221461 -0.177944 -0.971827
v -0.221488 -0.178558 -0.969915
v -0.221496 -0.179055 -0.969894
v -0.221486 -0.179429 -0.969879
v -0.220243 -0.173736 -0.970130
v -0.221358 -0.177085 -0.969977
v -0.221465 -0.179803 -0.969864
v -0.221465 -0.179808 -0.971750
v -0.221433 -0.180153 -0.969850
v -0.221252 -0.181376 -0.969802
v -0.220338 -0.184060 -0.969687
v -0.218970 -0.186146 -0.969580
v -0.217614 -0.187588 -0.969496
v -0.215779 -0.188926 -0.971288
v -0.214316 -0.189594 -0.969340
v -0.213007 -0.190074 -0.971173
v -0.215640 -0.188971 -0.969397
v -0.212971 -0.190054 -0.969287
v -0.211557 -0.190342 -0.969231
v -0.210338 -0.190458 -0.971069
v -0.210212 -0.190433 -0.969178
v -0.208916 -0.190383 -0.969125
v -0.207303 -0.190190 -0.970946
v -0.204577 -0.189111 -0.970831
v -0.203066 -0.188135 -0.970765
v -0.202832 -0.187950 -0.968867
v -0.201474 -0.186699 -0.970690
v -0.201660 -0.186876 -0.968812
v -0.200824 -0.185873 -0.968765
v -0.206740 -0.190010 -0.969036
v -0.204370 -0.188977 -0.968936
v -0.200268 -0.185075 -0.968728
v -0.200321 -0.185178 -0.970619
v -0.199909 -0.184464 -0.968702
v -0.199409 -0.183453 -0.968658
v -0.198612 -0.180631 -0.968546
v -0.198921 -0.182070 -0.968601
v -0.198482 -0.178915 -0.968484
v -0.198632 -0.177101 -0.968418
v -0.198960 -0.175729 -0.968370
v -0.199609 -0.173972 -0.968303
v -0.200601 -0.172305 -0.968230
v -0.200231 -0.172859 -0.970141
v -0.201426 -0.171292 -0.968178
v -0.201983 -0.170646 -0.970032
v -0.202225 -0.170483 -0.968134
v -0.203947 -0.169185 -0.969938
v -0.203495 -0.169454 -0.968071
v -0.204954 -0.168623 -0.968010
v -0.205518 -0.168357 -0.969872
v -0.207061 -0.167846 -0.969813
v -0.208572 -0.167537 -0.969757
v -0.206210 -0.168091 -0.967960
v -0.207829 -0.167652 -0.967899
v -0.209567 -0.167449 -0.967831
v -0.211303 -0.167522 -0.967761
v -0.214124 -0.168194 -0.967641
v -0.214903 -0.168509 -0.969493
v -0.216061 -0.169170 -0.967553
v -0.219514 -0.172507 -0.969250
v -0.220031 -0.173295 -0.967323
v -0.218367 -0.170993 -0.967441
v -0.220306 -0.173820 -0.969185
v -0.221061 -0.175683 -0.967211
v -0.221468 -0.178013 -0.967110
v -0.221502 -0.179741 -0.968925
v -0.220810 -0.182940 -0.968797
v -0.220904 -0.182645 -0.966921
v -0.221427 -0.180400 -0.967012
v -0.220316 -0.184017 -0.966860
v -0.219773 -0.185004 -0.966814
v -0.218558 -0.186650 -0.966726
v -0.219218 -0.185892 -0.968655
v -0.217055 -0.188021 -0.966638
v -0.215469 -0.189066 -0.966561
v -0.212054 -0.190258 -0.966424
v -0.210060 -0.190426 -0.966344
v -0.208541 -0.190354 -0.968169
v -0.208831 -0.190379 -0.966294
v -0.206161 -0.189787 -0.968070
v -0.206996 -0.190042 -0.966218
v -0.204837 -0.189225 -0.968014
v -0.203151 -0.188197 -0.967941
v -0.201616 -0.186832 -0.967869
v -0.201151 -0.186279 -0.965957
v -0.202919 -0.188033 -0.966045
v -0.201720 -0.186916 -0.965988
v -0.200587 -0.185550 -0.965923
v -0.199634 -0.183963 -0.965853
v -0.199336 -0.183410 -0.967715
v -0.198791 -0.181629 -0.965757
v -0.198596 -0.180543 -0.967602
v -0.198537 -0.179873 -0.965690
v -0.198489 -0.178936 -0.967542
v -0.198504 -0.178643 -0.965645
v -0.198545 -0.177919 -0.967506
v -0.198807 -0.176190 -0.967447
v -0.198605 -0.177301 -0.965598
v -0.198992 -0.175546 -0.965536
v -0.200566 -0.172329 -0.965403
v -0.199683 -0.173866 -0.965471
v -0.200504 -0.172420 -0.967294
v -0.201747 -0.170922 -0.965333
v -0.202080 -0.170575 -0.967200
v -0.204131 -0.169040 -0.967102
v -0.204299 -0.168941 -0.965208
v -0.202881 -0.169900 -0.965273
v -0.205941 -0.168171 -0.965143
v -0.208080 -0.167595 -0.965061
v -0.208425 -0.167535 -0.966935
v -0.210460 -0.167451 -0.966855
v -0.210137 -0.167441 -0.964981
v -0.212482 -0.167726 -0.966771
v -0.212469 -0.167716 -0.964885
v -0.211558 -0.167546 -0.964923
v -0.213068 -0.167862 -0.964859
v -0.213199 -0.167908 -0.966740
v -0.213582 -0.168019 -0.964837
v -0.213905 -0.168138 -0.966709
v -0.214225 -0.168251 -0.964809
v -0.215649 -0.168910 -0.966632
v -0.217249 -0.170015 -0.966557
v -0.216105 -0.169188 -0.964725
v -0.218097 -0.170742 -0.964628
v -0.219469 -0.172401 -0.964541
v -0.220986 -0.175520 -0.966279
v -0.220439 -0.174102 -0.964457
v -0.221170 -0.176131 -0.964363
v -0.221389 -0.177290 -0.966200
v -0.221542 -0.179067 -0.964238
v -0.221171 -0.181704 -0.964152
v -0.220437 -0.183811 -0.964151
v -0.219516 -0.185373 -0.964147
v -0.219222 -0.185881 -0.965828
v -0.218343 -0.186870 -0.964143
v -0.216426 -0.188536 -0.965664
v -0.216708 -0.188279 -0.964139
v -0.214663 -0.189470 -0.964136
v -0.213600 -0.189871 -0.965542
v -0.211823 -0.190311 -0.964134
v -0.209236 -0.190417 -0.964133
v -0.206842 -0.190008 -0.964135
v -0.205531 -0.189538 -0.965216
v -0.203936 -0.188713 -0.965148
v -0.202646 -0.187788 -0.965092
v -0.203795 -0.188662 -0.964138
v -0.201755 -0.186973 -0.964142
v -0.201138 -0.186301 -0.965016
v -0.200205 -0.185017 -0.964147
v -0.199777 -0.184251 -0.964924
v -0.199091 -0.182644 -0.964153
v -0.198765 -0.181602 -0.964815
v -0.198558 -0.180321 -0.964161
v -0.198542 -0.177583 -0.964166
v -0.198832 -0.176120 -0.964617
v -0.199386 -0.174381 -0.964174
v -0.199746 -0.173639 -0.964522
v -0.201036 -0.171693 -0.964181
v -0.201283 -0.171461 -0.964419
v -0.203102 -0.169690 -0.964186
v -0.203542 -0.169397 -0.964300
v -0.205735 -0.168280 -0.964199
v -0.207719 -0.190225 -0.965308
v -0.210731 -0.190446 -0.965430
v -0.220681 -0.183242 -0.965956
v -0.221336 -0.180984 -0.966048
v -0.221506 -0.178917 -0.966131
v -0.220195 -0.173588 -0.966369
v -0.214425 -0.168338 -0.966686
v -0.206222 -0.168074 -0.967018
v -0.199478 -0.174264 -0.967374
v -0.200553 -0.185521 -0.967807
v -0.213007 -0.190067 -0.968347
v -0.217101 -0.188008 -0.968528
v -0.221274 -0.176522 -0.969061
v -0.210807 -0.167465 -0.969668
v -0.199217 -0.174864 -0.970224
v -0.198508 -0.177915 -0.970332
v -0.198591 -0.180763 -0.970436
v -0.217927 -0.187308 -0.971400
v -0.219753 -0.185077 -0.971524
v -0.221302 -0.181144 -0.971697
v -0.221489 -0.179361 -0.971768
v -0.221089 -0.175844 -0.971919
v -0.220616 -0.174550 -0.971979
v -0.220450 -0.174168 -0.971997
v -0.209557 -0.167464 -0.972545
v -0.207702 -0.167691 -0.972618
v -0.205960 -0.168187 -0.972683
v -0.203340 -0.169590 -0.972792
v -0.199882 -0.173480 -0.972996
v -0.199386 -0.174532 -0.973038
v -0.198489 -0.178648 -0.973186
v -0.218549 -0.186642 -0.974267
v -0.221191 -0.176352 -0.974724
v -0.217209 -0.170005 -0.975040
v -0.214295 -0.168260 -0.975175
v -0.205720 -0.168295 -0.975519
v -0.202490 -0.170244 -0.975661
v -0.199689 -0.173842 -0.975838
v -0.198496 -0.178487 -0.976007
v -0.198514 -0.179663 -0.976050
v -0.199553 -0.183809 -0.976214
v -0.205224 -0.189479 -0.976513
v -0.208502 -0.190398 -0.976650
v -0.213004 -0.190075 -0.976829
v -0.219121 -0.185978 -0.977132
v -0.219137 -0.171986 -0.977760
v -0.220622 -0.180683 -0.964166
v -0.214789 -0.168495 -0.964784
v -0.211696 -0.168356 -0.964910
v -0.208938 -0.168262 -0.965029
v -0.206654 -0.168771 -0.965123
v -0.199280 -0.179329 -0.965671
v -0.203793 -0.187646 -0.966064
v -0.205049 -0.189337 -0.966136
v -0.213889 -0.188928 -0.966508
v -0.213943 -0.189740 -0.966497
v -0.220613 -0.180238 -0.967015
v -0.220702 -0.178423 -0.967094
v -0.220293 -0.175920 -0.967210
v -0.212439 -0.167714 -0.967713
v -0.208913 -0.168283 -0.967859
v -0.206399 -0.168878 -0.967961
v -0.202260 -0.186358 -0.968815
v -0.220390 -0.174035 -0.970115
v -0.211617 -0.167566 -0.970575
v -0.209906 -0.167468 -0.970645
v -0.207110 -0.168655 -0.970759
v -0.204250 -0.168993 -0.970865
v -0.199586 -0.176512 -0.971218
v -0.199280 -0.178424 -0.971291
v -0.199114 -0.182696 -0.971454
v -0.203330 -0.187335 -0.971697
v -0.212572 -0.190156 -0.972100
v -0.213142 -0.189204 -0.972132
v -0.215770 -0.188004 -0.972250
v -0.221511 -0.179171 -0.972719
v -0.220694 -0.178439 -0.972749
v -0.215701 -0.169885 -0.973202
v -0.204123 -0.169042 -0.973697
v -0.202279 -0.171491 -0.973813
v -0.199550 -0.174155 -0.973964
v -0.199544 -0.176477 -0.974044
v -0.199560 -0.183792 -0.974326
v -0.201410 -0.185373 -0.974419
v -0.201203 -0.186368 -0.974442
v -0.215568 -0.189046 -0.975048
v -0.217858 -0.170566 -0.975948
v -0.216656 -0.170585 -0.975982
v -0.212284 -0.167703 -0.976202
v -0.214435 -0.169192 -0.976093
v -0.211796 -0.168414 -0.976215
v -0.209438 -0.168267 -0.976318
v -0.207105 -0.168659 -0.976415
v -0.204792 -0.169592 -0.976510
v -0.201470 -0.171259 -0.976657
v -0.200904 -0.184661 -0.977210
v -0.219415 -0.184083 -0.978151
v -0.217823 -0.186329 -0.978024
v -0.215024 -0.188474 -0.977867
v -0.212406 -0.189403 -0.977756
v -0.209798 -0.189708 -0.977644
v -0.206317 -0.189068 -0.977490
v -0.203890 -0.187768 -0.977378
v -0.202379 -0.186506 -0.977305
v -0.199888 -0.182532 -0.977113
v -0.199285 -0.179843 -0.976999
v -0.199408 -0.177354 -0.976904
v -0.199962 -0.175144 -0.976819
v -0.201073 -0.173086 -0.976724
v -0.202472 -0.171323 -0.976630
v -0.218777 -0.172741 -0.975856
v -0.220335 -0.176069 -0.975686
v -0.220711 -0.178710 -0.975564
v -0.220522 -0.180998 -0.975466
v -0.219595 -0.183802 -0.975339
v -0.217254 -0.186914 -0.975160
v -0.214492 -0.188691 -0.975017
v -0.212648 -0.189313 -0.974939
v -0.210290 -0.189691 -0.974838
v -0.207679 -0.189420 -0.974723
v -0.205564 -0.188719 -0.974628
v -0.203214 -0.187283 -0.974519
v -0.199977 -0.182866 -0.974300
v -0.199281 -0.179617 -0.974163
v -0.200585 -0.173830 -0.973934
v -0.205016 -0.169449 -0.973672
v -0.208516 -0.168313 -0.973530
v -0.212579 -0.168516 -0.973353
v -0.217546 -0.171361 -0.973107
v -0.219036 -0.173192 -0.973004
v -0.220305 -0.175933 -0.972865
v -0.220638 -0.180186 -0.972672
v -0.220213 -0.182201 -0.972587
v -0.219278 -0.184321 -0.972483
v -0.217876 -0.186222 -0.972375
v -0.211295 -0.189565 -0.972054
v -0.209894 -0.189660 -0.971994
v -0.207805 -0.189443 -0.971902
v -0.205318 -0.188608 -0.971790
v -0.201555 -0.185590 -0.971602
v -0.200045 -0.182974 -0.971479
v -0.199424 -0.180692 -0.971380
v -0.199903 -0.175409 -0.971175
v -0.200540 -0.173898 -0.971110
v -0.201776 -0.172090 -0.971020
v -0.203879 -0.170109 -0.970898
v -0.206154 -0.168980 -0.970798
v -0.209565 -0.168211 -0.970659
v -0.212827 -0.168616 -0.970513
v -0.215483 -0.169730 -0.970387
v -0.217545 -0.171352 -0.970280
v -0.218885 -0.172971 -0.970189
v -0.220089 -0.175295 -0.970069
v -0.220711 -0.178298 -0.969927
v -0.220528 -0.180959 -0.969813
v -0.219542 -0.183906 -0.969679
v -0.217782 -0.186308 -0.969541
v -0.216089 -0.187764 -0.969440
v -0.213733 -0.189004 -0.969328
v -0.210951 -0.189630 -0.969212
v -0.208323 -0.189530 -0.969098
v -0.206048 -0.188908 -0.968996
v -0.203965 -0.187805 -0.968899
v -0.200743 -0.184381 -0.968716
v -0.199668 -0.181842 -0.968601
v -0.199280 -0.179337 -0.968498
v -0.199485 -0.176808 -0.968403
v -0.200153 -0.174723 -0.968320
v -0.201727 -0.172040 -0.968192
v -0.204123 -0.169994 -0.968060
v -0.205252 -0.169366 -0.968009
v -0.205909 -0.169066 -0.967981
v -0.206899 -0.168713 -0.967941
v -0.207405 -0.168573 -0.967920
v -0.211407 -0.168326 -0.967750
v -0.213325 -0.168774 -0.967663
v -0.214219 -0.169122 -0.967620
v -0.215554 -0.169812 -0.967555
v -0.215044 -0.169519 -0.967580
v -0.214577 -0.169284 -0.967603
v -0.216973 -0.170804 -0.967484
v -0.218982 -0.173057 -0.967356
v -0.220322 -0.181806 -0.966949
v -0.219473 -0.183963 -0.966846
v -0.217798 -0.186315 -0.966714
v -0.215866 -0.187896 -0.966602
v -0.210952 -0.189634 -0.966385
v -0.207803 -0.189438 -0.966248
v -0.205324 -0.188582 -0.966135
v -0.202446 -0.186540 -0.965998
v -0.200960 -0.184720 -0.965905
v -0.199731 -0.182091 -0.965785
v -0.199572 -0.176308 -0.965558
v -0.200658 -0.173682 -0.965444
v -0.201481 -0.172462 -0.965384
v -0.202603 -0.171171 -0.965313
v -0.204718 -0.169609 -0.965204
v -0.214441 -0.169164 -0.964783
v -0.217557 -0.171274 -0.964626
v -0.219374 -0.173760 -0.964491
v -0.220468 -0.176435 -0.964357
v -0.221712 -0.181533 -0.964157
v -0.221793 -0.181136 -0.964158
v -0.221861 -0.180737 -0.964159
v -0.221938 -0.180134 -0.964161
v -0.220682 -0.177884 -0.964166
v -0.221991 -0.179361 -0.964163
v -0.221995 -0.178718 -0.964164
v -0.221973 -0.178148 -0.964166
v -0.221911 -0.177507 -0.964167
v -0.221856 -0.177106 -0.964168
v -0.221757 -0.176543 -0.964170
v -0.219984 -0.175011 -0.964174
v -0.221610 -0.175916 -0.964171
v -0.221454 -0.175366 -0.964173
v -0.221245 -0.174758 -0.964174
v -0.221035 -0.174228 -0.964176
v -0.220764 -0.173642 -0.964177
v -0.220579 -0.173282 -0.964178
v -0.218261 -0.172051 -0.964181
v -0.220382 -0.172928 -0.964179
v -0.220083 -0.172436 -0.964180
v -0.219721 -0.171909 -0.964182
v -0.219478 -0.171585 -0.964182
v -0.219117 -0.171140 -0.964184
v -0.218685 -0.170664 -0.964185
v -0.218283 -0.170261 -0.964186
v -0.217803 -0.169829 -0.964187
v -0.217361 -0.169466 -0.964188
v -0.216841 -0.169086 -0.964189
v -0.216504 -0.168861 -0.964189
v -0.215695 -0.169849 -0.964187
v -0.216159 -0.168647 -0.964190
v -0.215658 -0.168362 -0.964190
v -0.215086 -0.168077 -0.964191
v -0.213585 -0.168850 -0.964189
v -0.214716 -0.167911 -0.964191
v -0.214341 -0.167758 -0.964192
v -0.213804 -0.167563 -0.964192
v -0.213187 -0.167376 -0.964193
v -0.212633 -0.167236 -0.964193
v -0.212000 -0.167113 -0.964193
v -0.211653 -0.168357 -0.964190
v -0.211437 -0.167030 -0.964193
v -0.210629 -0.166960 -0.964194
v -0.209983 -0.166945 -0.964194
v -0.209413 -0.166958 -0.964194
v -0.209150 -0.168246 -0.964190
v -0.208769 -0.167008 -0.964193
v -0.208193 -0.167080 -0.964193
v -0.207567 -0.167193 -0.964193
v -0.207280 -0.168598 -0.964189
v -0.207172 -0.167282 -0.964193
v -0.206779 -0.167384 -0.964192
v -0.206232 -0.167548 -0.964192
v -0.205626 -0.167768 -0.964191
v -0.205102 -0.167986 -0.964191
v -0.204518 -0.168267 -0.964190
v -0.204160 -0.168458 -0.964189
v -0.203810 -0.168661 -0.964189
v -0.203326 -0.168966 -0.964188
v -0.202801 -0.169339 -0.964187
v -0.202481 -0.169587 -0.964186
v -0.202169 -0.169846 -0.964186
v -0.201744 -0.170228 -0.964185
v -0.201173 -0.170805 -0.964183
v -0.200751 -0.171290 -0.964182
v -0.200392 -0.171743 -0.964181
v -0.200025 -0.172264 -0.964179
v -0.199805 -0.172604 -0.964178
v -0.199513 -0.173096 -0.964177
v -0.221567 -0.182123 -0.964156
v -0.221388 -0.182704 -0.964154
v -0.221171 -0.183310 -0.964153
v -0.220851 -0.184050 -0.964151
v -0.220592 -0.184563 -0.964149
v -0.220275 -0.185125 -0.964148
v -0.219832 -0.185807 -0.964146
v -0.219494 -0.186263 -0.964145
v -0.219088 -0.186763 -0.964144
v -0.218704 -0.187185 -0.964142
v -0.218420 -0.187474 -0.964142
v -0.217955 -0.187910 -0.964141
v -0.217512 -0.188282 -0.964140
v -0.217192 -0.188530 -0.964139
v -0.216669 -0.188902 -0.964138
v -0.216183 -0.189208 -0.964137
v -0.215628 -0.189524 -0.964136
v -0.214894 -0.189882 -0.964135
v -0.214154 -0.190183 -0.964134
v -0.213371 -0.190442 -0.964134
v -0.212821 -0.190588 -0.964133
v -0.212202 -0.190722 -0.964133
v -0.211393 -0.190845 -0.964132
v -0.210820 -0.190896 -0.964132
v -0.210179 -0.190925 -0.964132
v -0.209369 -0.190910 -0.964132
v -0.208796 -0.190864 -0.964132
v -0.208161 -0.190785 -0.964132
v -0.207594 -0.190682 -0.964133
v -0.206968 -0.190538 -0.964133
v -0.206417 -0.190379 -0.964133
v -0.205817 -0.190175 -0.964134
v -0.205277 -0.189958 -0.964134
v -0.204687 -0.189689 -0.964135
v -0.204185 -0.189425 -0.964136
v -0.203633 -0.189102 -0.964136
v -0.203152 -0.188783 -0.964137
v -0.202640 -0.188410 -0.964138
v -0.202190 -0.188041 -0.964139
v -0.201714 -0.187614 -0.964140
v -0.201308 -0.187205 -0.964141
v -0.201033 -0.186907 -0.964142
v -0.200769 -0.186600 -0.964143
v -0.200365 -0.186090 -0.964144
v -0.199906 -0.185427 -0.964145
v -0.199611 -0.184942 -0.964147
v -0.199303 -0.184379 -0.964148
v -0.199056 -0.183861 -0.964149
v -0.198895 -0.183489 -0.964150
v -0.198665 -0.182887 -0.964152
v -0.198491 -0.182343 -0.964153
v -0.198382 -0.181953 -0.964154
v -0.198287 -0.181560 -0.964155
v -0.198205 -0.181163 -0.964156
v -0.198101 -0.180529 -0.964158
v -0.198040 -0.179960 -0.964159
v -0.198000 -0.179317 -0.964161
v -0.197997 -0.178746 -0.964162
v -0.198023 -0.178104 -0.964164
v -0.198078 -0.177534 -0.964166
v -0.198132 -0.177133 -0.964167
v -0.198244 -0.176500 -0.964168
v -0.198375 -0.175943 -0.964170
v -0.198483 -0.175552 -0.964171
v -0.198680 -0.174939 -0.964172
v -0.198885 -0.174406 -0.964174
v -0.199044 -0.174033 -0.964175
v -0.199216 -0.173667 -0.964176
v -0.209754 -0.168300 -0.978191
v -0.212241 -0.168491 -0.978083
v -0.215382 -0.169670 -0.977933
v -0.219846 -0.174625 -0.977644
v -0.215412 -0.189141 -0.976928
v -0.199741 -0.182116 -0.976154
v -0.199467 -0.177071 -0.975953
v -0.199251 -0.179138 -0.976031
v -0.202083 -0.171731 -0.975714
v -0.209128 -0.168290 -0.975392
v -0.211493 -0.168359 -0.975288
v -0.220631 -0.177660 -0.974671
v -0.220399 -0.183884 -0.974409
v -0.219561 -0.185361 -0.974336
v -0.217641 -0.186489 -0.974246
v -0.215800 -0.187960 -0.974140
v -0.214430 -0.189565 -0.974060
v -0.210480 -0.190449 -0.973902
v -0.208454 -0.190371 -0.973821
v -0.199614 -0.183970 -0.973394
v -0.198671 -0.181119 -0.973277
v -0.212533 -0.167753 -0.972423
v -0.214523 -0.169205 -0.972321
v -0.219915 -0.173143 -0.972047
v -0.221496 -0.178924 -0.971786
v -0.220745 -0.183073 -0.971617
v -0.218879 -0.184946 -0.971510
v -0.209680 -0.189667 -0.971044
v -0.203163 -0.187203 -0.970748
v -0.199424 -0.183545 -0.970548
v -0.201259 -0.185204 -0.970642
v -0.199249 -0.179211 -0.970380
v -0.202092 -0.171744 -0.970058
v -0.205942 -0.169039 -0.969866
v -0.208474 -0.168330 -0.969763
v -0.212707 -0.167787 -0.969588
v -0.217928 -0.170564 -0.969349
v -0.220749 -0.178427 -0.968980
v -0.220304 -0.181942 -0.968830
v -0.215440 -0.189081 -0.968448
v -0.210493 -0.190439 -0.968249
v -0.207372 -0.190131 -0.968121
v -0.205247 -0.188550 -0.968018
v -0.203261 -0.187281 -0.967925
v -0.199355 -0.177669 -0.967494
v -0.201475 -0.172403 -0.967270
v -0.203750 -0.170223 -0.967138
v -0.207313 -0.168580 -0.966983
v -0.209784 -0.168215 -0.966881
v -0.211781 -0.167591 -0.966800
v -0.212655 -0.168559 -0.966753
v -0.214279 -0.169147 -0.966677
v -0.218751 -0.171451 -0.966476
v -0.216943 -0.170767 -0.966545
v -0.220734 -0.178419 -0.966153
v -0.210336 -0.189645 -0.965418
v -0.207718 -0.189417 -0.965303
v -0.198470 -0.178584 -0.964702
v -0.205232 -0.169319 -0.964238
v -0.202750 -0.171026 -0.964364
v -0.201138 -0.172908 -0.964468
v -0.199909 -0.175260 -0.964576
v -0.199287 -0.178212 -0.964687
v -0.199466 -0.180981 -0.964797
v -0.200279 -0.183477 -0.964907
v -0.201594 -0.185591 -0.965009
v -0.203262 -0.187273 -0.965098
v -0.205249 -0.188543 -0.965191
v -0.212548 -0.189338 -0.965511
v -0.215134 -0.188368 -0.965623
v -0.217544 -0.186555 -0.965757
v -0.219409 -0.184123 -0.965899
v -0.220436 -0.181381 -0.966026
v -0.220112 -0.175374 -0.966297
v -0.218872 -0.172913 -0.966423
v -0.215243 -0.169631 -0.966630
v -0.205700 -0.169141 -0.967049
v -0.199937 -0.175200 -0.967400
v -0.199322 -0.179990 -0.967584
v -0.199842 -0.182385 -0.967685
v -0.201177 -0.185092 -0.967809
v -0.207845 -0.189458 -0.968136
v -0.210600 -0.189642 -0.968256
v -0.213560 -0.189084 -0.968380
v -0.216236 -0.187658 -0.968508
v -0.218701 -0.185296 -0.968664
v -0.220029 -0.175150 -0.969135
v -0.218793 -0.172816 -0.969256
v -0.217417 -0.171261 -0.969345
v -0.215558 -0.169772 -0.969444
v -0.213281 -0.168762 -0.969552
v -0.211233 -0.168310 -0.969645
v -0.203528 -0.170378 -0.969976
v -0.201730 -0.172164 -0.970083
v -0.201406 -0.172578 -0.970105
v -0.200470 -0.174007 -0.970176
v -0.199591 -0.176385 -0.970273
v -0.199832 -0.182397 -0.970512
v -0.205128 -0.188504 -0.970840
v -0.207338 -0.189327 -0.970941
v -0.212038 -0.189466 -0.971145
v -0.214050 -0.188867 -0.971230
v -0.216788 -0.187305 -0.971364
v -0.220206 -0.182332 -0.971641
v -0.220691 -0.179577 -0.971758
v -0.220480 -0.176475 -0.971897
v -0.218951 -0.173036 -0.972072
v -0.217133 -0.170964 -0.972189
v -0.211493 -0.168351 -0.972461
v -0.209261 -0.168276 -0.972558
v -0.206547 -0.168791 -0.972668
v -0.203968 -0.170101 -0.972782
v -0.201807 -0.172008 -0.972902
v -0.200309 -0.174376 -0.973019
v -0.199488 -0.176775 -0.973115
v -0.199285 -0.179613 -0.973223
v -0.199832 -0.182405 -0.973339
v -0.201118 -0.184988 -0.973459
v -0.202859 -0.186956 -0.973561
v -0.204411 -0.188073 -0.973634
v -0.205608 -0.188723 -0.973690
v -0.207339 -0.189336 -0.973768
v -0.210072 -0.189698 -0.973888
v -0.213443 -0.189132 -0.974031
v -0.219465 -0.184028 -0.974387
v -0.220326 -0.181785 -0.974492
v -0.220680 -0.179836 -0.974574
v -0.220150 -0.175527 -0.974772
v -0.218950 -0.173043 -0.974899
v -0.217133 -0.170973 -0.975016
v -0.214522 -0.169213 -0.975148
v -0.206427 -0.168848 -0.975501
v -0.203970 -0.170107 -0.975609
v -0.200765 -0.173536 -0.975807
v -0.199867 -0.175452 -0.975891
v -0.200627 -0.184161 -0.976247
v -0.201980 -0.186100 -0.976342
v -0.203854 -0.187745 -0.976436
v -0.206403 -0.189096 -0.976553
v -0.209893 -0.189706 -0.976708
v -0.213392 -0.189164 -0.976856
v -0.216417 -0.187569 -0.977006
v -0.218553 -0.185443 -0.977137
v -0.219805 -0.183286 -0.977250
v -0.220556 -0.180890 -0.977358
v -0.220684 -0.178024 -0.977482
v -0.217900 -0.171727 -0.977799
v -0.222708 -0.181940 -0.901955
v -0.222658 -0.182148 -0.906666
v -0.221950 -0.184135 -0.906661
v -0.222116 -0.183788 -0.920799
v -0.221949 -0.184176 -0.920798
v -0.222416 -0.182998 -0.920801
v -0.222657 -0.182188 -0.920803
v -0.221199 -0.185756 -0.901923
v -0.220993 -0.185890 -0.906654
v -0.219571 -0.187695 -0.901940
v -0.219706 -0.187562 -0.906653
v -0.219708 -0.187605 -0.920789
v -0.220512 -0.186629 -0.920791
v -0.220992 -0.185930 -0.920793
v -0.218408 -0.188794 -0.901937
v -0.218253 -0.188935 -0.906650
v -0.216347 -0.190237 -0.901898
v -0.216512 -0.190128 -0.906645
v -0.216510 -0.190168 -0.920782
v -0.217230 -0.189731 -0.920783
v -0.218255 -0.188979 -0.920785
v -0.214705 -0.190985 -0.906642
v -0.212485 -0.191634 -0.901894
v -0.212680 -0.191581 -0.906641
v -0.212679 -0.191622 -0.920778
v -0.213704 -0.191373 -0.920779
v -0.214704 -0.191026 -0.920780
v -0.210696 -0.191839 -0.906641
v -0.208586 -0.191781 -0.906640
v -0.209607 -0.191902 -0.920777
v -0.208585 -0.191822 -0.920777
v -0.210695 -0.191880 -0.920777
v -0.206620 -0.191415 -0.906641
v -0.204434 -0.190633 -0.901896
v -0.204631 -0.190708 -0.906643
v -0.204627 -0.190753 -0.920780
v -0.205813 -0.191217 -0.920779
v -0.206619 -0.191455 -0.920778
v -0.202874 -0.189752 -0.906645
v -0.201201 -0.188465 -0.906649
v -0.201200 -0.188506 -0.920785
v -0.201844 -0.189058 -0.920784
v -0.202522 -0.189557 -0.920783
v -0.202873 -0.189792 -0.920782
v -0.199826 -0.187014 -0.906650
v -0.198510 -0.185096 -0.901909
v -0.198633 -0.185274 -0.906657
v -0.198632 -0.185314 -0.920793
v -0.199189 -0.186217 -0.920791
v -0.199825 -0.187054 -0.920789
v -0.197848 -0.183642 -0.901948
v -0.197774 -0.183469 -0.906661
v -0.197138 -0.181236 -0.901954
v -0.197177 -0.181445 -0.906666
v -0.197269 -0.181898 -0.920802
v -0.197176 -0.181486 -0.920803
v -0.197490 -0.182711 -0.920800
v -0.197773 -0.183510 -0.920798
v -0.196932 -0.179650 -0.901959
v -0.196919 -0.179464 -0.906671
v -0.196976 -0.177396 -0.920813
v -0.196896 -0.178450 -0.920811
v -0.196918 -0.179505 -0.920808
v -0.197345 -0.175391 -0.906681
v -0.198052 -0.173404 -0.906687
v -0.198051 -0.173444 -0.920823
v -0.197725 -0.174226 -0.920821
v -0.197459 -0.175026 -0.920819
v -0.197343 -0.175431 -0.920818
v -0.198901 -0.171804 -0.901979
v -0.199009 -0.171649 -0.906691
v -0.200296 -0.169977 -0.906696
v -0.200292 -0.170014 -0.920832
v -0.199488 -0.170991 -0.920830
v -0.199008 -0.171689 -0.920828
v -0.201518 -0.168642 -0.901964
v -0.201749 -0.168604 -0.906700
v -0.203491 -0.167411 -0.906703
v -0.203126 -0.167668 -0.920839
v -0.203490 -0.167452 -0.920839
v -0.202416 -0.168132 -0.920837
v -0.201748 -0.168644 -0.920836
v -0.205062 -0.166517 -0.901970
v -0.205297 -0.166553 -0.906705
v -0.207518 -0.165877 -0.901959
v -0.207323 -0.165957 -0.906707
v -0.207321 -0.165998 -0.920843
v -0.206499 -0.166193 -0.920843
v -0.205294 -0.166590 -0.920842
v -0.209306 -0.165699 -0.906707
v -0.211631 -0.165700 -0.901966
v -0.211416 -0.165757 -0.906707
v -0.211415 -0.165798 -0.920844
v -0.210577 -0.165729 -0.920844
v -0.209727 -0.165724 -0.920844
v -0.209305 -0.165740 -0.920844
v -0.213382 -0.166124 -0.906707
v -0.215554 -0.166900 -0.901993
v -0.215372 -0.166831 -0.906705
v -0.215371 -0.166872 -0.920842
v -0.214389 -0.166469 -0.920843
v -0.213381 -0.166165 -0.920843
v -0.217128 -0.167787 -0.906703
v -0.218949 -0.169195 -0.901987
v -0.218801 -0.169073 -0.906699
v -0.218803 -0.169111 -0.920836
v -0.217825 -0.168307 -0.920838
v -0.217127 -0.167827 -0.920839
v -0.220176 -0.170525 -0.906694
v -0.221368 -0.172305 -0.920828
v -0.220813 -0.171406 -0.920830
v -0.220175 -0.170565 -0.920833
v -0.222228 -0.174070 -0.906687
v -0.222865 -0.176276 -0.901969
v -0.222825 -0.176093 -0.906682
v -0.222824 -0.176134 -0.920818
v -0.222628 -0.175311 -0.920821
v -0.222231 -0.174108 -0.920824
v -0.223071 -0.177861 -0.901965
v -0.223083 -0.178075 -0.906674
v -0.223002 -0.180369 -0.901959
v -0.223025 -0.180183 -0.906674
v -0.223024 -0.180224 -0.920808
v -0.223104 -0.179170 -0.920811
v -0.223082 -0.178115 -0.920813
f 646 1 2
f 2 1 26
f 2 26 423
f 211 3 4
f 211 4 5
f 4 3 6
f 6 3 10
f 10 3 7
f 8 9 7
f 7 9 10
f 9 8 11
f 11 8 12
f 12 8 13
f 12 13 14
f 14 13 1804
f 14 1804 15
f 15 1804 25
f 1804 16 25
f 15 25 17
f 17 25 18
f 18 25 1809
f 18 1809 19
f 18 19 20
f 20 19 21
f 20 21 22
f 22 21 23
f 23 21 1811
f 23 1811 24
f 24 1811 26
f 24 26 27
f 27 26 28
f 28 26 1691
f 1691 26 1
f 28 1691 29
f 29 1691 30
f 29 30 31
f 31 30 32
f 32 30 33
f 32 33 34
f 34 33 36
f 34 36 1698
f 34 1698 35
f 35 1698 38
f 37 39 1698
f 1698 39 38
f 39 37 40
f 40 37 41
f 40 41 42
f 42 41 1700
f 42 1700 43
f 43 1700 44
f 44 1700 45
f 1700 46 45
f 44 45 47
f 47 45 1705
f 47 1705 48
f 48 1705 49
f 48 49 50
f 50 49 51
f 51 49 52
f 52 49 53
f 52 53 54
f 54 53 1707
f 54 1707 55
f 54 55 56
f 56 55 57
f 57 55 58
f 57 58 59
f 59 58 60
f 60 58 61
f 60 61 62
f 62 61 1713
f 62 1713 63
f 62 63 64
f 64 63 65
f 64 65 66
f 66 65 69
f 66 69 67
f 67 69 68
f 68 69 70
f 70 69 72
f 70 72 71
f 71 72 73
f 73 72 74
f 75 76 74
f 74 76 73
f 76 75 77
f 77 75 78
f 77 78 79
f 79 78 80
f 80 78 81
f 81 78 1724
f 81 1724 83
f 81 83 82
f 82 83 84
f 84 83 97
f 84 97 85
f 84 85 86
f 86 85 88
f 86 88 87
f 87 88 89
f 89 88 90
f 89 90 91
f 91 90 92
f 91 92 93
f 93 92 95
f 93 95 94
f 94 95 96
f 94 96 98
f 98 96 99
f 98 99 100
f 100 99 102
f 100 102 101
f 101 102 103
f 103 102 1736
f 103 1736 104
f 104 1736 106
f 104 106 105
f 105 106 1741
f 107 109 1741
f 1741 109 108
f 1741 108 105
f 109 107 110
f 110 107 111
f 111 107 112
f 111 112 113
f 113 112 1743
f 113 1743 114
f 114 1743 115
f 115 1743 126
f 1743 116 126
f 115 126 117
f 117 126 1749
f 117 1749 118
f 118 1749 119
f 118 119 121
f 121 119 120
f 121 120 122
f 122 120 123
f 123 120 441
f 123 441 124
f 124 441 127
f 124 127 125
f 127 128 125
f 125 128 129
f 129 128 130
f 129 130 131
f 131 130 133
f 131 133 132
f 132 133 134
f 134 133 135
f 135 133 136
f 135 136 137
f 137 136 138
f 137 138 139
f 139 138 1760
f 136 140 138
f 143 141 1760
f 1760 141 142
f 1760 142 139
f 141 143 144
f 144 143 145
f 145 143 146
f 145 146 147
f 147 146 149
f 147 149 148
f 148 149 1766
f 148 1766 150
f 150 1766 151
f 151 1766 152
f 151 152 153
f 153 152 154
f 154 152 155
f 155 152 156
f 155 156 157
f 157 156 159
f 157 159 158
f 158 159 1773
f 158 1773 160
f 160 1773 161
f 161 1773 162
f 161 162 163
f 163 162 164
f 164 162 165
f 165 162 166
f 165 166 167
f 167 166 1775
f 167 1775 168
f 168 1775 170
f 168 170 169
f 169 170 171
f 169 171 173
f 173 171 172
f 173 172 175
f 173 175 174
f 174 175 176
f 176 175 177
f 177 175 1781
f 177 1781 178
f 178 1781 182
f 182 1781 179
f 180 181 179
f 179 181 182
f 181 180 184
f 184 180 183
f 184 183 185
f 185 183 186
f 186 183 187
f 187 183 1788
f 187 1788 188
f 188 1788 189
f 188 189 190
f 190 189 202
f 190 202 191
f 191 202 192
f 191 192 193
f 193 192 196
f 193 196 194
f 194 196 195
f 195 196 197
f 197 196 1794
f 197 1794 198
f 197 198 199
f 199 198 201
f 199 201 200
f 1794 203 198
f 200 201 204
f 200 204 205
f 205 204 206
f 205 206 207
f 207 206 208
f 208 206 5
f 5 206 211
f 209 212 210
f 210 212 211
f 211 212 3
f 214 213 215
f 214 215 216
f 216 215 217
f 214 218 213
f 213 218 219
f 213 219 220
f 219 218 221
f 221 218 222
f 221 222 223
f 223 222 224
f 223 224 225
f 222 226 224
f 223 225 227
f 227 225 228
f 227 228 229
f 229 228 230
f 229 230 231
f 232 233 230
f 230 233 231
f 234 235 233
f 235 234 236
f 236 234 237
f 236 237 238
f 238 237 239
f 238 239 240
f 240 239 241
f 240 241 242
f 242 241 244
f 244 241 243
f 244 243 245
f 244 245 246
f 246 245 247
f 246 247 249
f 245 248 247
f 246 249 250
f 250 249 251
f 250 251 252
f 252 251 253
f 252 253 254
f 254 253 255
f 256 257 253
f 253 257 255
f 257 258 255
f 255 258 259
f 259 258 260
f 259 260 261
f 261 260 262
f 262 260 263
f 260 265 263
f 263 265 264
f 264 265 266
f 264 266 267
f 267 266 269
f 267 269 268
f 268 270 267
f 267 270 271
f 271 270 272
f 272 270 273
f 272 273 274
f 274 273 275
f 274 275 276
f 276 275 278
f 276 278 277
f 277 278 279
f 279 280 277
f 277 280 281
f 277 281 282
f 282 281 283
f 282 283 284
f 284 283 285
f 284 285 286
f 286 285 287
f 286 287 288
f 288 287 289
f 288 289 290
f 290 289 291
f 290 291 292
f 292 291 293
f 291 294 293
f 292 293 295
f 295 293 296
f 295 296 297
f 297 296 298
f 297 298 299
f 299 298 300
f 299 300 301
f 302 303 300
f 300 303 301
f 301 303 305
f 305 303 304
f 305 304 306
f 305 306 307
f 304 308 306
f 306 308 309
f 309 308 311
f 309 311 310
f 310 311 312
f 310 312 313
f 313 312 314
f 313 314 315
f 315 314 317
f 315 317 316
f 316 317 318
f 316 318 319
f 319 318 321
f 319 321 320
f 320 321 322
f 322 321 323
f 322 323 324
f 324 323 325
f 325 323 326
f 325 326 327
f 327 326 328
f 327 328 329
f 329 328 330
f 329 330 331
f 331 330 332
f 331 332 333
f 333 332 334
f 333 334 335
f 335 334 339
f 335 339 336
f 314 337 317
f 323 338 326
f 335 336 340
f 340 336 341
f 340 341 343
f 343 341 342
f 343 342 344
f 343 344 345
f 342 346 344
f 344 346 347
f 348 349 346
f 346 349 347
f 347 349 350
f 350 349 351
f 350 351 352
f 352 351 353
f 352 353 354
f 354 353 355
f 354 355 428
f 428 355 356
f 428 356 357
f 357 356 358
f 357 358 359
f 359 358 360
f 359 360 361
f 359 361 362
f 362 361 363
f 362 363 365
f 365 363 364
f 365 364 366
f 366 364 367
f 367 364 368
f 367 368 369
f 369 368 370
f 370 368 371
f 370 371 372
f 370 372 373
f 370 373 374
f 374 373 375
f 374 375 376
f 376 375 377
f 376 377 212
f 212 377 378
f 378 377 379
f 378 379 380
f 380 379 381
f 380 381 427
f 427 381 382
f 427 382 383
f 381 384 382
f 388 387 383
f 383 387 385
f 383 385 427
f 427 385 386
f 387 388 389
f 389 388 390
f 393 391 390
f 390 391 392
f 390 392 389
f 391 394 392
f 392 394 395
f 395 394 396
f 395 396 397
f 397 396 398
f 397 398 425
f 425 398 399
f 399 398 400
f 399 400 401
f 401 400 402
f 401 402 403
f 403 402 404
f 403 404 405
f 405 404 406
f 405 406 407
f 407 406 408
f 404 409 406
f 407 408 410
f 410 408 411
f 410 411 412
f 412 411 413
f 412 413 414
f 414 413 415
f 414 415 416
f 416 415 417
f 417 415 418
f 417 419 416
f 416 419 420
f 420 419 421
f 420 421 422
f 422 421 423
f 423 421 649
f 422 424 420
f 397 425 426
f 376 212 209
f 354 428 429
f 333 430 331
f 316 431 315
f 297 432 295
f 286 433 284
f 274 434 272
f 254 435 252
f 242 436 240
f 437 231 235
f 235 231 233
f 127 438 217
f 127 217 215
f 127 215 128
f 128 215 213
f 439 438 440
f 440 438 441
f 441 438 127
f 216 217 442
f 442 217 438
f 442 438 443
f 438 439 443
f 442 443 444
f 444 443 445
f 444 445 446
f 446 445 447
f 446 447 448
f 448 447 449
f 449 447 450
f 449 450 451
f 451 450 452
f 451 452 454
f 454 452 453
f 454 453 455
f 455 453 456
f 455 456 457
f 457 456 458
f 457 458 459
f 459 458 460
f 459 460 461
f 461 460 462
f 461 462 463
f 463 462 464
f 463 464 465
f 465 464 466
f 463 465 468
f 468 465 467
f 468 467 469
f 468 469 470
f 470 469 472
f 469 471 472
f 472 471 473
f 473 471 474
f 473 474 475
f 475 474 476
f 475 476 478
f 478 476 477
f 475 478 479
f 479 478 480
f 479 480 481
f 478 482 480
f 480 482 483
f 483 482 484
f 483 484 485
f 485 484 486
f 485 486 487
f 487 486 488
f 485 487 489
f 489 487 490
f 489 490 491
f 491 490 492
f 491 492 493
f 493 492 494
f 494 492 495
f 494 495 496
f 494 496 497
f 497 496 498
f 497 498 499
f 497 499 500
f 500 499 501
f 500 501 502
f 502 501 503
f 502 503 504
f 504 503 505
f 505 503 506
f 505 506 507
f 507 506 508
f 507 508 509
f 509 508 510
f 510 508 511
f 509 510 512
f 512 510 513
f 512 513 514
f 514 513 515
f 514 515 516
f 516 515 517
f 516 517 518
f 518 517 519
f 518 519 520
f 520 519 521
f 519 522 521
f 520 521 523
f 523 521 524
f 523 524 526
f 526 524 525
f 526 525 527
f 526 527 528
f 525 529 527
f 527 529 530
f 531 532 529
f 529 532 530
f 530 532 533
f 533 532 534
f 533 534 535
f 533 535 536
f 536 535 537
f 536 537 538
f 538 537 539
f 538 539 540
f 540 539 541
f 540 541 542
f 540 542 543
f 543 542 544
f 543 544 545
f 545 544 546
f 545 546 548
f 545 548 547
f 547 548 549
f 547 549 550
f 550 549 552
f 550 552 551
f 551 552 553
f 551 553 554
f 554 553 555
f 554 555 556
f 556 555 559
f 548 557 549
f 555 558 559
f 556 559 560
f 560 559 561
f 560 561 562
f 562 561 563
f 562 563 564
f 564 563 565
f 564 565 566
f 567 568 565
f 565 568 566
f 566 568 570
f 570 568 569
f 570 569 571
f 570 571 572
f 569 573 571
f 571 573 574
f 574 573 575
f 574 575 576
f 576 575 577
f 576 577 578
f 578 577 579
f 577 580 579
f 578 579 581
f 581 579 582
f 581 582 583
f 583 582 584
f 583 584 585
f 585 584 586
f 586 584 587
f 586 587 588
f 588 587 589
f 588 589 590
f 591 592 589
f 589 592 590
f 590 592 593
f 593 592 594
f 593 594 595
f 599 596 595
f 595 596 597
f 596 599 598
f 598 599 600
f 598 600 601
f 601 600 602
f 601 602 604
f 600 603 602
f 601 604 605
f 605 604 606
f 605 606 607
f 607 606 608
f 607 608 609
f 609 608 610
f 609 610 611
f 611 610 613
f 611 613 612
f 612 613 614
f 612 614 616
f 616 614 615
f 616 615 617
f 608 618 610
f 614 619 615
f 615 619 620
f 620 619 621
f 621 619 622
f 621 622 623
f 623 622 624
f 621 623 625
f 625 623 626
f 625 626 627
f 627 626 628
f 627 628 629
f 629 628 630
f 629 630 631
f 632 633 630
f 630 633 631
f 634 635 633
f 635 634 636
f 636 634 637
f 636 637 638
f 638 637 639
f 638 639 641
f 641 639 640
f 641 640 642
f 639 643 640
f 640 643 644
f 644 643 645
f 644 645 646
f 646 645 647
f 644 646 648
f 648 646 2
f 648 2 649
f 649 2 423
f 650 631 635
f 635 631 633
f 607 609 651
f 596 652 597
f 597 593 595
f 562 653 560
f 550 654 547
f 540 655 538
f 518 656 516
f 491 493 657
f 472 658 470
f 457 659 455
f 448 660 446
f 222 218 661
f 661 218 662
f 662 218 214
f 662 214 216
f 662 216 442
f 662 442 444
f 662 444 663
f 663 444 446
f 668 226 661
f 661 226 222
f 708 664 665
f 665 664 663
f 663 664 662
f 662 664 666
f 662 666 661
f 661 666 668
f 668 666 667
f 669 681 758
f 758 681 671
f 758 671 670
f 670 671 672
f 672 671 673
f 672 673 674
f 674 673 675
f 675 673 676
f 676 673 677
f 676 677 678
f 678 677 679
f 681 669 680
f 681 680 752
f 681 752 684
f 684 752 682
f 684 682 683
f 684 683 685
f 684 685 688
f 688 685 686
f 688 686 822
f 688 822 829
f 688 829 687
f 688 687 689
f 688 689 691
f 691 689 690
f 691 690 835
f 691 835 692
f 691 692 695
f 695 692 693
f 695 693 694
f 695 694 696
f 695 696 842
f 695 842 698
f 698 842 697
f 842 699 697
f 697 699 700
f 697 700 701
f 697 701 848
f 697 848 883
f 883 848 702
f 883 702 882
f 882 702 703
f 882 703 704
f 882 704 854
f 882 854 878
f 878 854 705
f 878 705 875
f 875 705 706
f 875 706 707
f 875 707 667
f 875 667 874
f 874 667 666
f 874 666 664
f 874 664 708
f 874 708 872
f 872 708 819
f 872 819 709
f 872 709 713
f 713 709 710
f 713 710 711
f 713 711 712
f 713 712 714
f 713 714 715
f 715 714 716
f 715 716 717
f 715 717 718
f 715 718 719
f 715 719 720
f 720 719 721
f 720 721 722
f 720 722 723
f 720 723 726
f 726 723 724
f 726 724 725
f 726 725 727
f 726 727 728
f 728 727 797
f 728 797 795
f 728 795 729
f 728 729 732
f 732 729 730
f 732 730 731
f 732 731 733
f 732 733 735
f 735 733 734
f 735 734 736
f 735 736 739
f 739 736 737
f 739 737 783
f 739 783 738
f 739 738 743
f 743 738 740
f 743 740 741
f 743 741 742
f 743 742 776
f 743 776 747
f 747 776 744
f 747 744 745
f 747 745 746
f 747 746 749
f 749 746 748
f 749 748 770
f 749 770 679
f 679 770 750
f 679 750 678
f 752 680 753
f 753 680 754
f 754 680 755
f 755 680 669
f 755 669 756
f 756 669 757
f 757 669 758
f 753 372 752
f 752 372 371
f 372 753 373
f 373 753 754
f 756 381 755
f 755 381 379
f 755 379 377
f 755 377 375
f 755 375 754
f 754 375 373
f 757 384 756
f 756 384 381
f 384 757 758
f 384 758 382
f 382 758 383
f 383 758 670
f 383 670 388
f 388 670 390
f 759 393 390
f 759 390 670
f 393 759 391
f 391 759 760
f 761 404 762
f 762 404 402
f 762 402 400
f 762 400 398
f 762 398 396
f 762 396 760
f 760 396 394
f 760 394 391
f 763 409 761
f 761 409 404
f 670 672 759
f 759 672 760
f 760 672 762
f 762 672 674
f 762 674 763
f 763 674 675
f 763 761 762
f 409 763 406
f 406 763 675
f 406 675 408
f 408 675 411
f 411 675 676
f 411 676 413
f 413 676 415
f 764 418 415
f 764 415 676
f 418 764 417
f 417 764 765
f 640 644 766
f 766 644 767
f 767 644 648
f 767 648 649
f 767 649 768
f 768 649 421
f 768 421 419
f 768 419 765
f 765 419 417
f 769 642 766
f 766 642 640
f 766 767 769
f 769 767 750
f 769 750 770
f 750 767 678
f 678 767 768
f 642 769 641
f 641 769 770
f 641 770 638
f 638 770 748
f 638 748 636
f 636 748 635
f 650 635 771
f 771 635 748
f 650 771 631
f 631 771 772
f 615 620 773
f 773 620 621
f 773 621 774
f 774 621 625
f 774 625 775
f 775 625 627
f 775 627 629
f 775 629 631
f 775 631 772
f 777 617 773
f 773 617 615
f 748 746 771
f 771 746 772
f 772 746 775
f 775 746 745
f 775 745 774
f 774 745 744
f 774 744 773
f 773 744 777
f 777 744 776
f 617 777 616
f 616 777 776
f 616 776 612
f 612 776 742
f 612 742 611
f 611 742 609
f 778 651 742
f 742 651 609
f 651 778 607
f 607 778 779
f 596 598 780
f 780 598 781
f 781 598 601
f 781 601 782
f 782 601 605
f 782 605 779
f 779 605 607
f 784 652 780
f 780 652 596
f 742 741 778
f 778 741 779
f 779 741 782
f 782 741 740
f 782 740 781
f 781 740 738
f 781 738 780
f 780 738 784
f 784 738 783
f 652 784 597
f 597 784 783
f 597 783 593
f 593 783 590
f 590 783 737
f 590 737 588
f 588 737 586
f 585 586 785
f 785 586 737
f 585 785 583
f 583 785 786
f 787 571 788
f 788 571 574
f 788 574 576
f 788 576 578
f 788 578 786
f 786 578 581
f 786 581 583
f 789 572 787
f 787 572 571
f 737 736 785
f 785 736 786
f 786 736 788
f 788 736 734
f 788 734 789
f 789 734 733
f 789 787 788
f 572 789 570
f 570 789 733
f 570 733 566
f 566 733 564
f 564 733 731
f 564 731 562
f 653 562 790
f 790 562 731
f 653 790 560
f 560 790 791
f 550 551 792
f 792 551 793
f 793 551 554
f 793 554 556
f 793 556 791
f 791 556 560
f 794 654 792
f 792 654 550
f 731 730 790
f 790 730 791
f 791 730 793
f 793 730 729
f 793 729 792
f 792 729 794
f 794 729 795
f 654 794 547
f 547 794 795
f 547 795 545
f 545 795 797
f 545 797 543
f 543 797 540
f 655 540 796
f 796 540 797
f 655 796 538
f 538 796 798
f 527 530 799
f 799 530 533
f 799 533 800
f 800 533 536
f 800 536 798
f 798 536 538
f 801 528 799
f 799 528 527
f 797 727 796
f 796 727 800
f 796 800 798
f 800 727 725
f 800 725 799
f 799 725 801
f 801 725 724
f 528 801 526
f 526 801 724
f 526 724 523
f 523 724 723
f 523 723 520
f 520 723 518
f 656 518 802
f 802 518 723
f 656 802 516
f 516 802 803
f 505 507 804
f 804 507 509
f 804 509 805
f 805 509 512
f 805 512 806
f 806 512 514
f 806 514 516
f 806 516 803
f 807 504 804
f 804 504 505
f 723 722 802
f 802 722 803
f 803 722 806
f 806 722 721
f 806 721 805
f 805 721 807
f 807 721 719
f 807 804 805
f 719 502 807
f 807 502 504
f 502 719 500
f 500 719 497
f 497 719 718
f 497 718 494
f 494 718 493
f 657 493 808
f 808 493 718
f 657 808 491
f 491 808 809
f 810 480 811
f 811 480 483
f 811 483 485
f 811 485 812
f 812 485 489
f 812 489 809
f 809 489 491
f 813 481 810
f 810 481 480
f 718 717 808
f 808 717 809
f 809 717 812
f 812 717 811
f 811 717 716
f 811 716 813
f 813 716 714
f 813 810 811
f 481 813 714
f 481 714 479
f 479 714 475
f 475 714 473
f 473 714 712
f 473 712 472
f 658 472 814
f 814 472 712
f 658 814 470
f 470 814 815
f 816 457 817
f 817 457 459
f 817 459 818
f 818 459 461
f 818 461 463
f 818 463 815
f 815 463 468
f 815 468 470
f 820 659 816
f 816 659 457
f 712 711 814
f 814 711 815
f 815 711 818
f 818 711 710
f 818 710 817
f 817 710 709
f 817 709 816
f 816 709 820
f 820 709 819
f 659 820 455
f 455 820 454
f 454 820 819
f 454 819 451
f 451 819 708
f 451 708 449
f 449 708 448
f 665 660 708
f 708 660 448
f 660 665 446
f 446 665 663
f 678 768 765
f 678 765 764
f 678 764 676
f 361 682 363
f 363 682 364
f 364 682 368
f 368 682 752
f 368 752 371
f 682 361 821
f 821 361 360
f 822 686 823
f 823 686 824
f 824 686 825
f 825 686 685
f 825 685 826
f 826 685 683
f 826 683 827
f 827 683 821
f 821 683 682
f 348 346 823
f 823 346 822
f 348 823 349
f 349 823 824
f 358 356 827
f 827 356 355
f 827 355 826
f 826 355 353
f 826 353 351
f 826 351 825
f 825 351 349
f 825 349 824
f 821 360 827
f 827 360 358
f 336 829 341
f 341 829 342
f 342 829 822
f 342 822 346
f 339 828 336
f 336 828 829
f 690 689 830
f 830 689 831
f 831 689 832
f 832 689 687
f 832 687 828
f 828 687 829
f 828 833 832
f 338 323 830
f 830 323 690
f 338 830 326
f 326 830 831
f 334 332 833
f 833 332 832
f 832 332 330
f 832 330 328
f 832 328 831
f 831 328 326
f 828 339 833
f 833 339 334
f 317 835 318
f 318 835 321
f 321 835 690
f 321 690 323
f 337 834 317
f 317 834 835
f 696 694 836
f 836 694 837
f 837 694 838
f 838 694 693
f 838 693 839
f 839 693 692
f 839 692 840
f 840 692 834
f 834 692 835
f 302 300 836
f 836 300 696
f 302 836 303
f 303 836 837
f 314 312 840
f 840 312 311
f 840 311 839
f 839 311 308
f 839 308 838
f 838 308 304
f 838 304 837
f 837 304 303
f 834 337 840
f 840 337 314
f 293 842 296
f 296 842 696
f 296 696 298
f 298 696 300
f 294 841 293
f 293 841 842
f 701 700 843
f 843 700 844
f 844 700 845
f 845 700 699
f 845 699 846
f 846 699 841
f 841 699 842
f 280 279 843
f 843 279 278
f 843 278 701
f 280 843 281
f 281 843 844
f 846 291 845
f 845 291 289
f 845 289 287
f 845 287 285
f 845 285 283
f 845 283 844
f 844 283 281
f 841 294 846
f 846 294 291
f 268 848 270
f 270 848 273
f 273 848 701
f 273 701 275
f 275 701 278
f 269 847 848
f 269 848 268
f 704 703 849
f 849 703 850
f 850 703 851
f 851 703 702
f 851 702 852
f 852 702 847
f 847 702 848
f 256 253 849
f 849 253 704
f 256 849 257
f 257 849 850
f 266 265 852
f 852 265 851
f 851 265 260
f 851 260 258
f 851 258 257
f 851 257 850
f 847 269 852
f 852 269 266
f 247 854 249
f 249 854 704
f 249 704 251
f 251 704 253
f 248 853 854
f 248 854 247
f 707 706 855
f 855 706 856
f 856 706 857
f 857 706 705
f 857 705 858
f 858 705 853
f 853 705 854
f 853 859 858
f 232 230 855
f 855 230 707
f 232 855 233
f 233 855 856
f 245 243 859
f 859 243 241
f 859 241 858
f 858 241 239
f 858 239 857
f 857 239 237
f 857 237 234
f 857 234 233
f 857 233 856
f 853 248 859
f 859 248 245
f 224 667 225
f 225 667 228
f 228 667 707
f 228 707 230
f 226 668 667
f 226 667 224
f 747 749 860
f 747 860 743
f 743 860 861
f 743 861 862
f 743 862 739
f 739 862 863
f 739 863 735
f 864 735 863
f 735 864 732
f 732 864 865
f 732 865 728
f 728 865 866
f 728 866 726
f 726 866 867
f 726 867 720
f 720 867 868
f 720 868 715
f 715 868 869
f 870 713 869
f 869 713 715
f 872 713 871
f 870 871 713
f 871 873 872
f 873 874 872
f 874 873 876
f 875 874 876
f 875 876 877
f 877 879 875
f 875 879 878
f 878 879 880
f 878 881 882
f 882 881 1299
f 882 1299 884
f 880 881 878
f 697 886 887
f 884 885 883
f 883 885 697
f 697 885 886
f 886 888 887
f 887 888 889
f 889 1293 890
f 890 891 889
f 893 890 892
f 893 894 896
f 896 894 895
f 892 894 893
f 896 895 905
f 896 905 897
f 900 901 904
f 904 901 902
f 897 905 898
f 898 905 1291
f 898 1291 899
f 899 1291 1250
f 1250 1291 901
f 904 903 906
f 906 903 908
f 906 908 907
f 909 907 908
f 907 909 910
f 911 913 912
f 912 913 915
f 910 909 914
f 910 914 911
f 911 914 913
f 915 916 912
f 915 917 916
f 916 917 1249
f 1249 918 919
f 1249 919 920
f 921 919 1290
f 1247 925 926
f 924 925 1247
f 1246 928 929
f 929 928 930
f 930 934 932
f 932 934 931
f 932 931 933
f 933 931 1289
f 928 934 930
f 1289 935 933
f 935 936 933
f 937 939 938
f 938 939 1245
f 1245 939 1287
f 1245 940 941
f 940 942 941
f 1243 1244 943
f 942 943 1244
f 1243 948 944
f 1242 1285 947
f 1243 943 948
f 944 948 946
f 944 946 945
f 945 946 1242
f 946 1285 1242
f 950 953 951
f 951 953 952
f 951 952 1241
f 1241 952 1283
f 1240 1283 956
f 1240 956 955
f 957 959 958
f 958 959 960
f 960 959 961
f 1239 961 962
f 962 963 1239
f 963 962 964
f 963 964 1238
f 967 966 968
f 971 969 973
f 973 972 1237
f 970 973 969
f 1280 976 974
f 974 976 975
f 977 978 979
f 979 978 980
f 979 980 981
f 977 1280 978
f 981 1556 979
f 982 1556 981
f 1557 982 983
f 983 982 984
f 985 984 986
f 986 984 987
f 1236 984 985
f 989 990 987
f 987 990 988
f 990 994 1560
f 992 997 993
f 993 997 1277
f 993 1277 998
f 994 995 1560
f 1560 995 991
f 991 995 996
f 991 996 992
f 992 996 997
f 999 1561 998
f 1561 999 1000
f 1562 1000 1001
f 1005 1007 1008
f 1005 1008 1006
f 1003 1007 1004
f 1004 1007 1005
f 1006 1009 1563
f 1008 1009 1006
f 1009 1275 1563
f 1564 1010 1011
f 1013 1235 1012
f 1013 1012 1015
f 1013 1015 1014
f 1014 1015 1016
f 1011 1012 1235
f 1016 1234 1014
f 1234 1016 1017
f 1234 1017 1233
f 1233 1018 1019
f 1233 1017 1018
f 1021 1272 1232
f 1232 1272 1022
f 1229 1270 1026
f 1026 1270 1269
f 1025 1270 1229
f 1026 1269 1565
f 1565 1269 1027
f 1565 1027 1029
f 1028 1029 1027
f 1031 1030 1034
f 1031 1034 1032
f 1031 1035 1033
f 1033 1035 1036
f 1028 1034 1030
f 1032 1035 1031
f 1036 1037 1033
f 1039 1038 1047
f 1039 1047 1040
f 1040 1047 1268
f 1227 1041 1226
f 1226 1042 1048
f 1043 1048 1044
f 1225 1568 1045
f 1225 1045 1046
f 1041 1042 1226
f 1043 1044 1568
f 1568 1044 1045
f 1049 1050 1046
f 1046 1050 1225
f 1050 1049 1051
f 1569 1052 1053
f 1569 1053 1223
f 1223 1053 1054
f 1222 1054 1055
f 1222 1055 1056
f 1059 1056 1055
f 1056 1059 1057
f 1056 1057 1058
f 1058 1060 1061
f 1057 1060 1058
f 1061 1062 1058
f 1061 1063 1062
f 1062 1063 1064
f 1064 1065 1062
f 1065 1064 1072
f 1067 1068 1069
f 1069 1068 1070
f 1069 1070 1071
f 1065 1072 1066
f 1072 1073 1066
f 1066 1073 1067
f 1067 1073 1068
f 1071 1075 1069
f 1071 1074 1075
f 1076 1075 1074
f 1075 1076 1573
f 1077 1079 1573
f 1573 1079 1221
f 1221 1079 1078
f 1076 1077 1573
f 1221 1078 1080
f 1221 1080 1220
f 1219 1082 1083
f 1219 1083 1085
f 1083 1084 1085
f 1084 1087 1085
f 1086 1088 1087
f 1090 1087 1088
f 1087 1090 1089
f 1089 1091 1092
f 1092 1095 1093
f 1093 1096 1094
f 1090 1091 1089
f 1092 1091 1095
f 1093 1095 1096
f 1097 1218 1094
f 1218 1097 1098
f 1098 1264 1218
f 1218 1264 1579
f 1099 1579 1264
f 1099 1101 1100
f 1100 1101 1580
f 1580 1101 1104
f 1102 1104 1103
f 1102 1103 1105
f 1105 1103 1106
f 1106 1107 1217
f 1108 1111 1109
f 1109 1111 1110
f 1109 1110 1112
f 1107 1111 1108
f 1109 1112 1115
f 1115 1112 1113
f 1116 1216 1114
f 1216 1117 1583
f 1216 1116 1117
f 1215 1260 1118
f 1215 1118 1584
f 1584 1118 1119
f 1584 1119 1121
f 1584 1121 1120
f 1122 1123 1258
f 1120 1121 1123
f 1120 1123 1585
f 1122 1258 1124
f 1125 1128 1126
f 1126 1128 1129
f 1126 1129 1127
f 1130 1214 1127
f 1127 1214 1126
f 1130 1131 1214
f 1214 1131 1132
f 1132 1133 1134
f 1134 1135 1136
f 1136 1137 1138
f 1138 1140 1139
f 1213 1141 1143
f 1136 1135 1137
f 1137 1140 1138
f 1139 1140 1141
f 1139 1141 1213
f 1213 1143 1144
f 1144 1143 1142
f 1146 1149 1147
f 1147 1149 1148
f 1147 1148 1150
f 1212 1150 1151
f 1154 1152 1151
f 1154 1157 1153
f 1593 1157 1155
f 1155 1157 1156
f 1159 1158 1160
f 1160 1161 1159
f 1160 1162 1161
f 1163 1252 1165
f 1163 1165 1164
f 1164 1166 1596
f 1164 1165 1166
f 1210 1167 1169
f 1210 1169 1168
f 1168 1169 1170
f 1171 1172 1209
f 1171 1170 1172
f 1178 1177 1179
f 1178 1179 1180
f 1181 1180 1182
f 1205 1183 1184
f 1185 1184 1188
f 1186 1188 1187
f 1187 1188 1189
f 1187 1189 1190
f 1190 1189 1191
f 1190 1191 1192
f 1192 1191 1193
f 1192 1193 1194
f 1194 1193 1195
f 1194 1195 1601
f 1601 1195 1196
f 1601 1196 1197
f 1197 1196 1198
f 1197 1198 1199
f 1199 1198 1200
f 1199 1200 1201
f 1201 1200 1202
f 1203 1202 1204
f 1186 1185 1188
f 1184 1185 1205
f 1183 1205 1206
f 1183 1206 1182
f 1206 1181 1182
f 1180 1181 1178
f 1178 1176 1177
f 1177 1176 1175
f 1175 1176 1174
f 1174 1176 1207
f 1174 1207 1173
f 1173 1207 1208
f 1173 1208 1172
f 1172 1208 1209
f 1171 1168 1170
f 1210 1596 1167
f 1167 1596 1166
f 1163 1211 1252
f 1252 1211 1162
f 1162 1211 1161
f 1158 1159 1156
f 1156 1159 1155
f 1157 1593 1153
f 1154 1153 1152
f 1151 1152 1212
f 1150 1212 1147
f 1149 1146 1145
f 1145 1146 1142
f 1146 1144 1142
f 1135 1134 1133
f 1133 1132 1131
f 1128 1125 1258
f 1125 1124 1258
f 1123 1122 1585
f 1260 1215 1117
f 1117 1215 1583
f 1114 1216 1115
f 1114 1115 1113
f 1107 1108 1217
f 1217 1105 1106
f 1102 1580 1104
f 1100 1579 1099
f 1097 1094 1096
f 1086 1087 1084
f 1082 1219 1081
f 1081 1219 1220
f 1081 1220 1080
f 1054 1222 1223
f 1569 1224 1052
f 1052 1224 1051
f 1051 1224 1050
f 1043 1226 1048
f 1227 1228 1041
f 1041 1228 1268
f 1228 1040 1268
f 1038 1039 1567
f 1038 1567 1037
f 1037 1567 1033
f 1028 1030 1029
f 1025 1229 1230
f 1025 1230 1024
f 1024 1230 1231
f 1024 1231 1023
f 1023 1231 1022
f 1023 1022 1272
f 1021 1232 1020
f 1021 1020 1019
f 1020 1233 1019
f 1011 1235 1564
f 1010 1564 1275
f 1275 1564 1563
f 1004 1002 1003
f 1003 1002 1001
f 1002 1562 1001
f 1562 1561 1000
f 998 1561 993
f 994 990 989
f 987 988 986
f 984 1236 983
f 982 1557 1556
f 1280 977 976
f 974 975 972
f 972 975 1237
f 973 1237 971
f 970 969 968
f 968 969 967
f 966 967 965
f 966 965 964
f 964 965 1238
f 961 1239 960
f 957 958 956
f 956 958 955
f 1283 1240 954
f 1283 954 1241
f 953 950 949
f 949 950 947
f 947 950 1242
f 1244 941 942
f 940 1245 1287
f 938 936 937
f 937 936 935
f 928 1246 927
f 1246 1247 927
f 927 1247 926
f 925 924 923
f 924 1248 923
f 923 1248 922
f 922 1248 1548
f 922 1548 1290
f 1548 921 1290
f 921 920 919
f 918 1249 917
f 903 904 902
f 901 900 1250
f 890 893 891
f 1293 889 888
f 882 884 883
f 1251 1170 1405
f 1251 1173 1172
f 1251 1172 1170
f 1169 1167 1403
f 1403 1167 1166
f 1166 1165 1403
f 1403 1165 1252
f 1158 1252 1162
f 1162 1160 1158
f 1156 1157 1158
f 1158 1157 1253
f 1253 1157 1254
f 1254 1157 1151
f 1254 1151 1255
f 1157 1154 1151
f 1151 1150 1148
f 1151 1148 1149
f 1151 1149 1401
f 1149 1145 1399
f 1399 1145 1142
f 1399 1142 1143
f 1141 1140 1135
f 1135 1140 1137
f 1135 1133 1256
f 1127 1129 1130
f 1130 1129 1257
f 1130 1257 1394
f 1257 1129 1128
f 1257 1128 1258
f 1258 1123 1392
f 1392 1123 1121
f 1392 1121 1119
f 1119 1118 1260
f 1119 1260 1391
f 1391 1260 1259
f 1117 1116 1260
f 1260 1116 1114
f 1114 1113 1389
f 1112 1110 1261
f 1112 1261 1387
f 1261 1107 1262
f 1262 1107 1263
f 1263 1107 1106
f 1263 1106 1386
f 1386 1106 1103
f 1110 1111 1261
f 1261 1111 1107
f 1103 1104 1385
f 1385 1104 1101
f 1101 1099 1264
f 1380 1264 1379
f 1264 1098 1097
f 1264 1097 1265
f 1097 1096 1091
f 1091 1096 1095
f 1091 1090 1088
f 1091 1088 1266
f 1084 1088 1086
f 1373 1084 1372
f 1084 1083 1080
f 1080 1083 1082
f 1080 1082 1081
f 1079 1077 1074
f 1074 1077 1076
f 1074 1071 1073
f 1074 1073 1267
f 1073 1071 1070
f 1073 1070 1068
f 1064 1063 1061
f 1061 1060 1059
f 1059 1060 1057
f 1048 1052 1044
f 1044 1052 1051
f 1044 1051 1049
f 1046 1045 1049
f 1049 1045 1044
f 1042 1041 1268
f 1268 1047 1038
f 1268 1038 1037
f 1268 1037 1036
f 1268 1036 1356
f 1356 1036 1355
f 1036 1035 1032
f 1036 1032 1355
f 1032 1034 1027
f 1027 1034 1028
f 1270 1025 1271
f 1271 1025 1024
f 1271 1024 1023
f 1271 1023 1272
f 1017 1016 1018
f 1016 1015 1018
f 1018 1015 1012
f 1018 1012 1273
f 1273 1012 1274
f 1012 1011 1274
f 1274 1011 1010
f 1274 1010 1275
f 1009 1008 1276
f 1276 1008 1007
f 1007 1003 1276
f 1003 1001 1343
f 1000 999 1277
f 1277 999 998
f 1277 989 1278
f 1278 989 1279
f 1279 989 987
f 989 1277 995
f 995 1277 997
f 995 997 996
f 995 994 989
f 1339 987 984
f 984 982 1339
f 1339 982 1338
f 1338 982 1337
f 982 981 1280
f 1280 981 980
f 980 978 1280
f 1280 974 1281
f 974 972 973
f 970 968 973
f 973 968 966
f 966 1282 1333
f 966 964 1282
f 964 962 1282
f 961 959 957
f 957 956 1331
f 1331 956 1330
f 952 953 1284
f 949 947 953
f 953 947 1285
f 1285 946 943
f 943 946 948
f 943 942 940
f 940 1287 1327
f 1327 1287 1288
f 939 937 1287
f 1287 937 935
f 1287 935 1289
f 1289 931 934
f 1289 934 928
f 925 923 922
f 925 922 1290
f 918 917 915
f 918 915 913
f 908 914 909
f 901 1291 1315
f 1315 1291 1292
f 905 895 1291
f 1291 895 892
f 1291 892 1292
f 892 895 894
f 892 890 1293
f 892 1293 1294
f 1294 1293 1295
f 1293 888 1295
f 1295 888 1296
f 888 886 1296
f 1296 886 1297
f 886 885 1297
f 1297 885 1298
f 885 884 1298
f 1299 881 880
f 880 879 1299
f 1299 879 877
f 873 871 870
f 869 868 1300
f 1300 868 1308
f 1307 868 867
f 1307 867 866
f 863 862 861
f 860 749 679
f 860 679 751
f 751 679 677
f 751 1301 860
f 860 1301 1302
f 860 1302 861
f 1302 1303 861
f 861 1303 863
f 863 1303 1304
f 863 1304 864
f 864 1304 1305
f 864 1305 865
f 865 1305 1306
f 865 1306 866
f 866 1306 1307
f 1307 1308 868
f 869 1300 1309
f 1309 870 869
f 1309 1310 870
f 870 1310 873
f 1310 1311 873
f 873 1311 876
f 876 1311 1312
f 1312 877 876
f 1312 1313 877
f 877 1313 1299
f 1299 1313 1314
f 1299 1314 884
f 884 1314 1298
f 892 1294 1292
f 901 1315 902
f 902 1315 1316
f 902 1316 903
f 903 1316 1317
f 903 1317 908
f 1317 1318 908
f 908 1318 913
f 1318 1319 913
f 913 1319 918
f 918 1319 1320
f 1320 919 918
f 919 1320 1290
f 1290 1320 1321
f 1323 925 1322
f 1322 925 1290
f 1322 1290 1321
f 925 1323 926
f 926 1323 1324
f 926 1324 927
f 1324 1325 927
f 927 1325 928
f 928 1325 1326
f 928 1326 1289
f 1326 1288 1289
f 1289 1288 1287
f 1327 1328 940
f 940 1328 943
f 943 1328 1286
f 943 1286 1285
f 1285 1286 1329
f 1329 953 1285
f 953 1329 1284
f 1284 1330 952
f 952 1330 1283
f 1283 1330 956
f 957 1331 1332
f 957 1332 961
f 961 1332 962
f 962 1332 1282
f 966 1333 1334
f 1334 973 966
f 973 1334 1335
f 973 1335 974
f 974 1335 1281
f 1281 1336 1280
f 1336 1337 1280
f 1280 1337 982
f 987 1339 1279
f 1277 1278 1340
f 1277 1340 1341
f 1277 1341 1000
f 1000 1341 1342
f 1000 1342 1001
f 1342 1343 1001
f 1003 1343 1276
f 1276 1344 1009
f 1344 1345 1009
f 1009 1345 1275
f 1345 1346 1275
f 1275 1346 1274
f 1018 1273 1347
f 1018 1347 1348
f 1018 1348 1019
f 1348 1349 1019
f 1019 1349 1021
f 1349 1350 1021
f 1021 1350 1272
f 1272 1350 1351
f 1272 1351 1271
f 1271 1352 1270
f 1270 1352 1269
f 1269 1352 1353
f 1269 1353 1027
f 1027 1353 1354
f 1027 1354 1032
f 1354 1355 1032
f 1268 1356 1357
f 1357 1042 1268
f 1042 1357 1358
f 1042 1358 1048
f 1048 1358 1359
f 1048 1359 1052
f 1052 1359 1360
f 1052 1360 1053
f 1053 1360 1054
f 1054 1360 1361
f 1054 1361 1055
f 1055 1361 1362
f 1055 1362 1059
f 1059 1362 1363
f 1059 1363 1061
f 1363 1364 1061
f 1364 1064 1061
f 1064 1364 1365
f 1064 1365 1072
f 1072 1365 1366
f 1366 1367 1072
f 1072 1367 1073
f 1073 1367 1267
f 1074 1267 1368
f 1368 1079 1074
f 1079 1368 1369
f 1079 1369 1078
f 1078 1369 1370
f 1078 1370 1080
f 1370 1371 1080
f 1371 1372 1080
f 1080 1372 1084
f 1084 1373 1088
f 1088 1373 1374
f 1088 1374 1375
f 1088 1375 1266
f 1266 1375 1376
f 1377 1378 1266
f 1266 1378 1265
f 1265 1097 1091
f 1265 1091 1266
f 1265 1379 1264
f 1380 1381 1264
f 1264 1381 1382
f 1264 1382 1101
f 1384 1383 1381
f 1381 1383 1382
f 1382 1385 1101
f 1385 1386 1103
f 1112 1387 1388
f 1388 1113 1112
f 1113 1388 1389
f 1389 1390 1114
f 1114 1390 1260
f 1260 1390 1259
f 1119 1391 1392
f 1258 1392 1393
f 1258 1393 1257
f 1130 1394 1395
f 1395 1131 1130
f 1131 1395 1396
f 1131 1396 1133
f 1133 1396 1256
f 1135 1256 1397
f 1135 1397 1141
f 1141 1397 1143
f 1143 1397 1398
f 1143 1398 1399
f 1399 1400 1149
f 1149 1400 1401
f 1401 1255 1151
f 1253 1402 1158
f 1158 1402 1252
f 1402 1403 1252
f 1403 1404 1169
f 1169 1404 1170
f 1404 1405 1170
f 914 908 913
f 1406 1173 1407
f 1407 1173 1408
f 1408 1173 1251
f 1408 1251 1409
f 1409 1251 1410
f 1409 1410 1411
f 1411 1410 1412
f 1412 1410 1413
f 1413 1410 1414
f 1414 1410 1415
f 1415 1410 1416
f 1416 1410 1417
f 1416 1417 1418
f 1418 1417 1419
f 1419 1417 1420
f 1420 1417 1421
f 1421 1417 1422
f 1422 1417 1423
f 1423 1417 1424
f 1423 1424 1425
f 1425 1424 1426
f 1426 1424 1427
f 1427 1424 1428
f 1428 1424 1429
f 1429 1424 1430
f 1430 1424 1431
f 1431 1424 1432
f 1432 1424 1436
f 1432 1436 1433
f 1433 1436 1434
f 1434 1436 1435
f 1435 1436 1437
f 1437 1436 1438
f 1438 1436 1439
f 1439 1436 1440
f 1439 1440 1441
f 1441 1440 1442
f 1442 1440 1443
f 1443 1440 1444
f 1444 1440 1447
f 1444 1447 1445
f 1445 1447 1446
f 1446 1447 1448
f 1448 1447 1449
f 1449 1447 1452
f 1449 1452 1450
f 1450 1452 1451
f 1451 1452 1453
f 1453 1452 1454
f 1454 1452 1455
f 1455 1452 1456
f 1455 1456 1457
f 1457 1456 1458
f 1458 1456 1204
f 1458 1204 1459
f 1459 1204 1460
f 1460 1204 1461
f 1461 1204 1462
f 1462 1204 1202
f 1462 1202 1463
f 1463 1202 1464
f 1464 1202 1465
f 1465 1202 1466
f 1466 1202 1467
f 1467 1202 1468
f 1468 1202 1469
f 1469 1202 1200
f 1469 1200 1470
f 1470 1200 1471
f 1471 1200 1472
f 1472 1200 1473
f 1473 1200 1474
f 1474 1200 1198
f 1474 1198 1475
f 1476 1173 1406
f 1173 1476 1477
f 1173 1477 1174
f 1174 1477 1478
f 1174 1478 1479
f 1174 1479 1480
f 1174 1480 1481
f 1174 1481 1175
f 1175 1481 1482
f 1175 1482 1483
f 1175 1483 1177
f 1177 1483 1484
f 1177 1484 1485
f 1177 1485 1486
f 1177 1486 1487
f 1177 1487 1179
f 1179 1487 1488
f 1179 1488 1489
f 1179 1489 1490
f 1179 1490 1491
f 1179 1491 1180
f 1180 1491 1492
f 1180 1492 1493
f 1180 1493 1494
f 1180 1494 1495
f 1180 1495 1182
f 1182 1495 1496
f 1182 1496 1497
f 1182 1497 1498
f 1182 1498 1499
f 1182 1499 1500
f 1182 1500 1183
f 1183 1500 1501
f 1183 1501 1502
f 1183 1502 1503
f 1183 1503 1184
f 1184 1503 1504
f 1184 1504 1505
f 1184 1505 1506
f 1184 1506 1507
f 1184 1507 1508
f 1184 1508 1188
f 1188 1508 1509
f 1188 1509 1510
f 1188 1510 1511
f 1188 1511 1512
f 1188 1512 1513
f 1188 1513 1514
f 1188 1514 1189
f 1189 1514 1515
f 1189 1515 1516
f 1189 1516 1517
f 1189 1517 1518
f 1189 1518 1191
f 1191 1518 1519
f 1191 1519 1520
f 1191 1520 1521
f 1191 1521 1522
f 1191 1522 1523
f 1191 1523 1193
f 1193 1523 1524
f 1193 1524 1525
f 1193 1525 1526
f 1193 1526 1527
f 1193 1527 1528
f 1193 1528 1195
f 1195 1528 1529
f 1195 1529 1530
f 1195 1530 1531
f 1195 1531 1532
f 1195 1532 1196
f 1196 1532 1533
f 1196 1533 1534
f 1196 1534 1535
f 1196 1535 1536
f 1196 1536 1537
f 1196 1537 1538
f 1196 1538 1198
f 1198 1538 1539
f 1198 1539 1540
f 1198 1540 1541
f 1198 1541 1542
f 1198 1542 1543
f 1198 1543 1475
f 1602 1204 1456
f 1537 1536 125
f 125 1536 124
f 124 1536 1535
f 124 1535 123
f 123 1535 1534
f 123 1534 122
f 122 1534 1533
f 122 1533 121
f 121 1533 1532
f 121 1532 118
f 118 1532 1531
f 118 1531 117
f 117 1531 1530
f 117 1530 115
f 115 1530 1529
f 115 1529 114
f 114 1529 1528
f 114 1528 113
f 113 1528 1527
f 113 1527 111
f 111 1527 1526
f 111 1526 110
f 110 1526 1525
f 110 1525 109
f 109 1525 1524
f 109 1524 108
f 108 1524 1523
f 108 1523 105
f 105 1523 1522
f 105 1522 104
f 104 1522 1521
f 104 1521 103
f 103 1521 1520
f 103 1520 101
f 101 1520 1519
f 101 1519 100
f 100 1519 1518
f 100 1518 98
f 98 1518 1517
f 98 1517 94
f 94 1517 1516
f 94 1516 93
f 93 1516 1515
f 93 1515 91
f 91 1515 1514
f 91 1514 89
f 89 1514 1513
f 89 1513 87
f 87 1513 1512
f 87 1512 86
f 86 1512 1511
f 86 1511 84
f 84 1511 1510
f 84 1510 82
f 82 1510 1509
f 82 1509 81
f 81 1509 1508
f 81 1508 80
f 80 1508 1507
f 80 1507 79
f 79 1507 1506
f 79 1506 77
f 77 1506 1505
f 77 1505 76
f 76 1505 1504
f 76 1504 73
f 73 1504 1503
f 73 1503 71
f 71 1503 1502
f 71 1502 70
f 70 1502 1501
f 70 1501 68
f 68 1501 1500
f 68 1500 67
f 67 1500 1499
f 67 1499 66
f 66 1499 1498
f 66 1498 64
f 64 1498 1497
f 64 1497 62
f 62 1497 1496
f 62 1496 60
f 60 1496 1495
f 60 1495 59
f 59 1495 1494
f 59 1494 57
f 57 1494 1493
f 57 1493 56
f 56 1493 1492
f 56 1492 54
f 54 1492 1491
f 54 1491 52
f 52 1491 1490
f 52 1490 51
f 51 1490 1489
f 51 1489 50
f 50 1489 1488
f 50 1488 48
f 48 1488 1487
f 48 1487 47
f 47 1487 1486
f 47 1486 44
f 44 1486 1485
f 44 1485 43
f 43 1485 1484
f 43 1484 42
f 42 1484 1483
f 42 1483 40
f 40 1483 1482
f 40 1482 39
f 39 1482 1481
f 39 1481 38
f 38 1481 1480
f 38 1480 35
f 35 1480 1479
f 35 1479 34
f 34 1479 1478
f 34 1478 32
f 32 1478 1477
f 32 1477 31
f 31 1477 1476
f 31 1476 29
f 29 1476 28
f 28 1476 1406
f 28 1406 27
f 27 1406 1407
f 27 1407 24
f 24 1407 1408
f 24 1408 23
f 23 1408 1409
f 23 1409 1411
f 23 1411 22
f 22 1411 1412
f 22 1412 20
f 20 1412 1413
f 20 1413 18
f 18 1413 1414
f 18 1414 17
f 17 1414 1415
f 17 1415 15
f 15 1415 1416
f 15 1416 14
f 14 1416 1418
f 14 1418 12
f 12 1418 1419
f 12 1419 11
f 11 1419 1420
f 11 1420 9
f 9 1420 1421
f 9 1421 10
f 10 1421 1422
f 10 1422 6
f 6 1422 1423
f 6 1423 4
f 4 1423 1425
f 4 1425 5
f 5 1425 1426
f 5 1426 208
f 208 1426 1427
f 208 1427 207
f 207 1427 1428
f 207 1428 205
f 205 1428 1429
f 205 1429 200
f 200 1429 1430
f 200 1430 199
f 199 1430 1431
f 199 1431 197
f 197 1431 1432
f 197 1432 195
f 195 1432 1433
f 195 1433 194
f 194 1433 1434
f 194 1434 193
f 193 1434 1435
f 193 1435 191
f 191 1435 1437
f 191 1437 190
f 190 1437 1438
f 190 1438 188
f 188 1438 1439
f 188 1439 187
f 187 1439 1441
f 187 1441 186
f 186 1441 1442
f 186 1442 185
f 185 1442 1443
f 185 1443 184
f 184 1443 1444
f 184 1444 181
f 181 1444 1445
f 181 1445 182
f 182 1445 1446
f 182 1446 178
f 178 1446 1448
f 178 1448 177
f 177 1448 1449
f 177 1449 176
f 176 1449 1450
f 176 1450 174
f 174 1450 1451
f 174 1451 173
f 173 1451 1453
f 173 1453 169
f 169 1453 1454
f 169 1454 168
f 168 1454 1455
f 168 1455 167
f 167 1455 1457
f 167 1457 165
f 165 1457 1458
f 165 1458 164
f 164 1458 1459
f 164 1459 163
f 163 1459 1460
f 163 1460 161
f 161 1460 1461
f 161 1461 160
f 160 1461 1462
f 160 1462 158
f 158 1462 1463
f 158 1463 157
f 157 1463 1464
f 157 1464 155
f 155 1464 1465
f 155 1465 154
f 154 1465 1466
f 154 1466 153
f 153 1466 1467
f 153 1467 151
f 151 1467 1468
f 151 1468 150
f 150 1468 1469
f 150 1469 148
f 148 1469 1470
f 148 1470 147
f 147 1470 1471
f 147 1471 145
f 145 1471 1472
f 145 1472 144
f 144 1472 1473
f 144 1473 141
f 141 1473 1474
f 141 1474 142
f 142 1474 1475
f 142 1475 139
f 139 1475 1543
f 139 1543 137
f 137 1543 1542
f 137 1542 135
f 135 1542 1541
f 135 1541 134
f 134 1541 1540
f 134 1540 132
f 132 1540 1539
f 132 1539 131
f 131 1539 1538
f 131 1538 129
f 129 1538 1537
f 129 1537 125
f 697 887 698
f 698 887 1544
f 1544 887 1545
f 1545 889 891
f 1545 891 1546
f 1546 891 898
f 1546 898 1690
f 1545 887 889
f 891 893 896
f 896 897 891
f 891 897 898
f 900 898 899
f 899 1250 900
f 900 904 1547
f 907 910 911
f 907 911 912
f 912 916 1249
f 1249 920 921
f 1249 921 1548
f 1548 1248 924
f 1548 924 1684
f 1684 924 1683
f 1682 1247 1246
f 1682 1246 929
f 930 932 929
f 932 933 929
f 929 933 1680
f 1680 933 1679
f 936 938 933
f 933 938 1245
f 933 1245 1679
f 1245 941 1549
f 1549 941 1551
f 1551 941 1244
f 1551 1244 1550
f 1244 1243 944
f 1244 944 945
f 945 1242 951
f 951 1242 950
f 954 951 1241
f 954 1240 955
f 955 958 1553
f 1553 958 1554
f 1554 958 960
f 963 1238 965
f 963 965 967
f 971 1237 975
f 971 975 976
f 971 976 1555
f 1555 976 1670
f 976 977 1556
f 976 1556 1670
f 1670 1556 1669
f 977 979 1556
f 1236 985 983
f 983 985 986
f 986 988 983
f 983 988 1558
f 1558 988 1559
f 1559 988 1667
f 1667 988 1560
f 990 1560 988
f 1560 991 992
f 1560 992 993
f 1560 993 1561
f 1002 1004 1006
f 1006 1004 1005
f 1235 1013 1233
f 1233 1013 1014
f 1233 1014 1234
f 1232 1022 1231
f 1231 1230 1229
f 1229 1026 1565
f 1029 1030 1565
f 1565 1030 1031
f 1033 1567 1650
f 1650 1567 1649
f 1227 1567 1039
f 1227 1039 1040
f 1040 1228 1227
f 1227 1226 1567
f 1226 1043 1568
f 1225 1050 1568
f 1568 1050 1569
f 1568 1569 1647
f 1647 1569 1570
f 1570 1222 1646
f 1569 1050 1224
f 1569 1223 1570
f 1222 1570 1223
f 1056 1058 1062
f 1062 1065 1571
f 1571 1065 1643
f 1067 1069 1066
f 1066 1069 1075
f 1066 1075 1572
f 1572 1075 1574
f 1075 1573 1574
f 1574 1573 1641
f 1573 1221 1641
f 1641 1221 1575
f 1575 1221 1220
f 1575 1220 1640
f 1219 1085 1639
f 1085 1087 1576
f 1576 1087 1089
f 1089 1093 1577
f 1093 1089 1092
f 1093 1094 1578
f 1094 1218 1578
f 1578 1218 1579
f 1579 1633 1634
f 1579 1100 1633
f 1633 1100 1580
f 1105 1217 1630
f 1630 1217 1581
f 1581 1217 1108
f 1581 1108 1582
f 1582 1115 1629
f 1108 1109 1582
f 1582 1109 1115
f 1583 1215 1584
f 1584 1120 1585
f 1584 1585 1625
f 1625 1585 1586
f 1122 1124 1585
f 1585 1124 1586
f 1586 1124 1587
f 1587 1124 1214
f 1587 1214 1624
f 1124 1125 1126
f 1124 1126 1214
f 1136 1138 1134
f 1138 1139 1213
f 1138 1213 1134
f 1134 1213 1588
f 1213 1144 1621
f 1144 1146 1589
f 1589 1146 1590
f 1590 1146 1147
f 1590 1147 1620
f 1620 1147 1591
f 1147 1212 1152
f 1147 1152 1153
f 1147 1153 1591
f 1591 1153 1592
f 1592 1153 1593
f 1592 1593 1594
f 1594 1593 1595
f 1595 1593 1619
f 1593 1155 1211
f 1211 1155 1159
f 1159 1161 1211
f 1211 1163 1593
f 1163 1164 1596
f 1163 1596 1597
f 1596 1210 1618
f 1618 1210 1617
f 1617 1210 1168
f 1617 1168 1598
f 1598 1168 1171
f 1171 1209 1208
f 1171 1208 1207
f 1181 1206 1612
f 1612 1206 1599
f 1599 1206 1205
f 1599 1205 1600
f 1185 1186 1187
f 1185 1187 1190
f 1194 1601 1607
f 1607 1601 1606
f 1601 1197 1199
f 1601 1199 1606
f 1201 1203 1603
f 1203 1201 1202
f 1602 1203 1204
f 1602 1603 1203
f 1603 1604 1201
f 1201 1604 1199
f 1199 1604 1605
f 1199 1605 1606
f 1194 1607 1608
f 1194 1608 1192
f 1192 1608 1609
f 1190 1609 1610
f 1190 1610 1185
f 1185 1610 1611
f 1185 1611 1205
f 1205 1611 1600
f 1612 1613 1181
f 1181 1613 1178
f 1178 1613 1614
f 1178 1614 1176
f 1176 1614 1615
f 1176 1615 1207
f 1207 1615 1616
f 1207 1616 1171
f 1171 1616 1598
f 1618 1597 1596
f 1597 1619 1163
f 1163 1619 1593
f 1144 1589 1621
f 1213 1621 1588
f 1134 1588 1622
f 1134 1622 1132
f 1132 1622 1623
f 1623 1624 1132
f 1132 1624 1214
f 1584 1625 1626
f 1584 1626 1627
f 1627 1583 1584
f 1583 1627 1216
f 1216 1627 1628
f 1216 1628 1115
f 1115 1628 1629
f 1630 1631 1105
f 1105 1631 1102
f 1631 1632 1102
f 1102 1632 1580
f 1580 1632 1633
f 1579 1634 1635
f 1579 1635 1578
f 1093 1578 1577
f 1577 1636 1089
f 1089 1636 1576
f 1576 1637 1638
f 1576 1638 1085
f 1085 1638 1639
f 1639 1640 1219
f 1219 1640 1220
f 1066 1572 1642
f 1066 1642 1065
f 1642 1643 1065
f 1062 1571 1644
f 1062 1644 1645
f 1062 1645 1056
f 1056 1645 1646
f 1056 1646 1222
f 1568 1647 1648
f 1568 1648 1649
f 1568 1649 1226
f 1226 1649 1567
f 1033 1650 1651
f 1033 1651 1031
f 1031 1651 1566
f 1031 1566 1565
f 1565 1566 1652
f 1565 1652 1229
f 1229 1652 1653
f 1653 1654 1229
f 1229 1654 1231
f 1231 1654 1232
f 1654 1655 1232
f 1232 1655 1656
f 1020 1656 1657
f 1020 1657 1233
f 1233 1657 1658
f 1233 1658 1235
f 1658 1659 1235
f 1235 1659 1564
f 1564 1659 1660
f 1660 1563 1564
f 1660 1661 1563
f 1563 1661 1006
f 1006 1661 1662
f 1006 1662 1663
f 1006 1663 1002
f 1002 1663 1664
f 1664 1665 1002
f 1002 1665 1562
f 1562 1665 1666
f 1562 1666 1561
f 1666 1667 1561
f 1561 1667 1560
f 983 1558 1557
f 1557 1558 1668
f 1557 1668 1556
f 1556 1668 1669
f 971 1555 1671
f 1671 969 971
f 1671 1672 969
f 969 1672 967
f 1672 1673 967
f 967 1673 963
f 963 1673 1674
f 963 1674 1239
f 1239 1674 960
f 1674 1554 960
f 1553 1675 955
f 955 1675 954
f 1675 1676 954
f 954 1676 951
f 951 1676 1552
f 1552 1677 951
f 1677 1678 945
f 1677 945 951
f 1678 1550 945
f 945 1550 1244
f 1549 1679 1245
f 929 1680 1681
f 929 1681 1682
f 1682 1683 1247
f 1247 1683 924
f 1684 1685 1548
f 1548 1685 1249
f 1249 1685 1686
f 1686 1687 1249
f 1249 1687 912
f 1687 1688 912
f 1688 907 912
f 907 1688 1689
f 907 1689 906
f 906 1689 1547
f 906 1547 904
f 900 1547 1690
f 900 1690 898
f 1609 1190 1192
f 1232 1656 1020
f 695 698 1544
f 695 1544 691
f 691 1544 1545
f 691 1545 688
f 688 1545 1546
f 688 1546 684
f 684 1546 1690
f 684 1690 681
f 681 1690 1547
f 681 1547 671
f 671 1547 673
f 673 1547 1689
f 673 1689 677
f 677 1689 1688
f 1688 751 677
f 751 1688 1687
f 751 1687 1301
f 1301 1687 1686
f 1301 1686 1302
f 1302 1686 1685
f 1302 1685 1303
f 1303 1685 1684
f 1303 1684 1304
f 1304 1684 1683
f 1304 1683 1305
f 1305 1683 1682
f 1305 1682 1306
f 1306 1682 1681
f 1306 1681 1307
f 1307 1681 1308
f 1308 1681 1680
f 1308 1680 1300
f 1300 1680 1679
f 1300 1679 1309
f 1309 1679 1549
f 1309 1549 1310
f 1310 1549 1551
f 1310 1551 1311
f 1311 1551 1550
f 1311 1550 1678
f 1311 1678 1312
f 1312 1678 1677
f 1312 1677 1313
f 1313 1677 1552
f 1313 1552 1314
f 1314 1552 1676
f 1314 1676 1298
f 1298 1676 1675
f 1298 1675 1297
f 1297 1675 1553
f 1297 1553 1296
f 1296 1553 1554
f 1296 1554 1295
f 1295 1554 1674
f 1295 1674 1294
f 1294 1674 1292
f 1292 1674 1673
f 1292 1673 1315
f 1315 1673 1672
f 1315 1672 1671
f 1315 1671 1316
f 1316 1671 1555
f 1316 1555 1317
f 1317 1555 1670
f 1317 1670 1318
f 1670 1669 1318
f 1318 1669 1319
f 1319 1669 1668
f 1319 1668 1320
f 1320 1668 1558
f 1320 1558 1559
f 1320 1559 1321
f 1321 1559 1667
f 1321 1667 1322
f 1322 1667 1323
f 1323 1667 1666
f 1323 1666 1324
f 1324 1666 1665
f 1324 1665 1325
f 1325 1665 1664
f 1325 1664 1663
f 1325 1663 1326
f 1326 1663 1662
f 1326 1662 1288
f 1288 1662 1661
f 1288 1661 1327
f 1327 1661 1660
f 1327 1660 1328
f 1328 1660 1659
f 1328 1659 1658
f 1328 1658 1286
f 1286 1658 1657
f 1286 1657 1329
f 1329 1657 1656
f 1329 1656 1284
f 1284 1656 1655
f 1284 1655 1330
f 1330 1655 1654
f 1330 1654 1331
f 1331 1654 1653
f 1331 1653 1652
f 1331 1652 1332
f 1332 1652 1566
f 1332 1566 1282
f 1282 1566 1651
f 1282 1651 1333
f 1333 1651 1650
f 1333 1650 1334
f 1334 1650 1335
f 1335 1650 1649
f 1335 1649 1281
f 1281 1649 1648
f 1281 1648 1336
f 1336 1648 1647
f 1336 1647 1337
f 1337 1647 1338
f 1338 1647 1570
f 1338 1570 1339
f 1339 1570 1646
f 1339 1646 1279
f 1279 1646 1645
f 1279 1645 1278
f 1278 1645 1644
f 1278 1644 1340
f 1340 1644 1571
f 1340 1571 1341
f 1341 1571 1342
f 1342 1571 1643
f 1342 1643 1343
f 1343 1643 1642
f 1343 1642 1276
f 1276 1642 1572
f 1276 1572 1344
f 1344 1572 1574
f 1344 1574 1345
f 1345 1574 1641
f 1345 1641 1346
f 1346 1641 1575
f 1346 1575 1274
f 1274 1575 1640
f 1274 1640 1273
f 1273 1640 1347
f 1347 1640 1639
f 1347 1639 1348
f 1348 1639 1349
f 1349 1639 1638
f 1349 1638 1637
f 1349 1637 1576
f 1349 1576 1636
f 1349 1636 1350
f 1350 1636 1577
f 1350 1577 1351
f 1351 1577 1271
f 1271 1577 1578
f 1271 1578 1352
f 1352 1578 1635
f 1352 1635 1353
f 1353 1635 1634
f 1353 1634 1354
f 1354 1634 1633
f 1354 1633 1355
f 1355 1633 1632
f 1355 1632 1631
f 1355 1631 1356
f 1356 1631 1357
f 1357 1631 1630
f 1357 1630 1581
f 1357 1581 1358
f 1358 1581 1359
f 1359 1581 1582
f 1359 1582 1360
f 1360 1582 1629
f 1360 1629 1361
f 1361 1629 1628
f 1361 1628 1362
f 1362 1628 1627
f 1362 1627 1363
f 1363 1627 1364
f 1364 1627 1626
f 1364 1626 1365
f 1365 1626 1625
f 1365 1625 1366
f 1366 1625 1586
f 1366 1586 1367
f 1367 1586 1587
f 1367 1587 1267
f 1267 1587 1624
f 1267 1624 1368
f 1368 1624 1623
f 1368 1623 1369
f 1369 1623 1622
f 1369 1622 1370
f 1370 1622 1588
f 1370 1588 1371
f 1371 1588 1621
f 1371 1621 1372
f 1372 1621 1373
f 1373 1621 1589
f 1373 1589 1590
f 1373 1590 1374
f 1374 1590 1375
f 1375 1590 1620
f 1375 1620 1376
f 1376 1620 1266
f 1266 1620 1591
f 1266 1591 1377
f 1377 1591 1378
f 1378 1591 1265
f 1265 1591 1592
f 1265 1592 1379
f 1379 1592 1594
f 1379 1594 1380
f 1380 1594 1595
f 1380 1595 1381
f 1381 1595 1384
f 1384 1595 1619
f 1384 1619 1383
f 1383 1619 1382
f 1382 1619 1597
f 1382 1597 1385
f 1385 1597 1386
f 1386 1597 1618
f 1386 1618 1617
f 1386 1617 1263
f 1263 1617 1598
f 1263 1598 1262
f 1262 1598 1261
f 1261 1598 1616
f 1261 1616 1387
f 1387 1616 1615
f 1387 1615 1388
f 1388 1615 1389
f 1389 1615 1614
f 1389 1614 1390
f 1390 1614 1613
f 1390 1613 1259
f 1259 1613 1612
f 1259 1612 1391
f 1391 1612 1599
f 1391 1599 1392
f 1392 1599 1600
f 1392 1600 1393
f 1393 1600 1611
f 1393 1611 1257
f 1257 1611 1610
f 1257 1610 1394
f 1394 1610 1609
f 1394 1609 1395
f 1395 1609 1608
f 1395 1608 1396
f 1396 1608 1607
f 1396 1607 1256
f 1256 1607 1606
f 1256 1606 1397
f 1397 1606 1605
f 1397 1605 1398
f 1398 1605 1604
f 1398 1604 1399
f 1399 1604 1400
f 1400 1604 1603
f 1400 1603 1401
f 1401 1603 1602
f 1401 1602 1255
f 1255 1602 1456
f 1255 1456 1254
f 1254 1456 1452
f 1254 1452 1253
f 1253 1452 1447
f 1253 1447 1440
f 1253 1440 1402
f 1402 1440 1436
f 1402 1436 1403
f 1403 1436 1424
f 1403 1424 1404
f 1404 1424 1417
f 1404 1417 1405
f 1405 1417 1410
f 1405 1410 1251
f 1 646 1691
f 1691 646 647
f 1691 647 1692
f 36 33 1693
f 1693 33 1694
f 1693 1694 1695
f 33 30 1694
f 1694 30 1696
f 1696 30 1697
f 1697 30 1692
f 1692 30 1691
f 632 630 1693
f 1693 630 36
f 632 1693 633
f 633 1693 1695
f 645 643 1697
f 1697 643 1696
f 1696 643 639
f 1696 639 637
f 1696 637 1694
f 1694 637 634
f 1694 634 1695
f 1695 634 633
f 1692 647 1697
f 1697 647 645
f 630 628 36
f 36 628 1698
f 1698 628 626
f 1698 626 623
f 1698 623 1699
f 1699 623 624
f 1700 41 1701
f 1701 41 1702
f 1702 41 1703
f 1703 41 37
f 1703 37 1704
f 1704 37 1699
f 1699 37 1698
f 1701 618 1700
f 1700 618 608
f 1700 608 46
f 618 1701 610
f 610 1701 1702
f 1704 622 1703
f 1703 622 619
f 1703 619 614
f 1703 614 1702
f 1702 614 613
f 1702 613 610
f 1699 624 1704
f 1704 624 622
f 608 606 46
f 46 606 45
f 45 606 604
f 45 604 602
f 45 602 1705
f 1705 602 603
f 1705 603 1706
f 1707 53 1708
f 1708 53 1709
f 1709 53 1710
f 1710 53 49
f 1710 49 1711
f 1711 49 1706
f 1706 49 1705
f 591 589 1708
f 1708 589 1707
f 591 1708 592
f 592 1708 1709
f 600 599 1711
f 1711 599 1710
f 1710 599 595
f 1710 595 594
f 1710 594 1709
f 1709 594 592
f 1706 603 1711
f 1711 603 600
f 589 587 1707
f 1707 587 55
f 55 587 584
f 55 584 582
f 55 582 579
f 55 579 1712
f 1712 579 580
f 1713 61 1714
f 1714 61 1715
f 1715 61 1716
f 1716 61 58
f 1716 58 1717
f 1717 58 1712
f 1712 58 55
f 567 565 1714
f 1714 565 1713
f 567 1714 568
f 568 1714 1715
f 577 575 1717
f 1717 575 1716
f 1716 575 573
f 1716 573 569
f 1716 569 568
f 1716 568 1715
f 1712 580 1717
f 1717 580 577
f 565 563 1713
f 1713 563 63
f 63 563 65
f 65 563 561
f 65 561 559
f 65 559 1718
f 1718 559 558
f 72 69 1719
f 1719 69 1720
f 1719 1720 1721
f 1720 69 1722
f 1722 69 1718
f 1718 69 65
f 557 548 1719
f 1719 548 72
f 557 1719 549
f 549 1719 1721
f 555 553 1722
f 1722 553 1720
f 1720 553 552
f 1720 552 1721
f 1721 552 549
f 1718 558 1722
f 1722 558 555
f 548 546 72
f 72 546 544
f 72 544 74
f 74 544 542
f 74 542 1723
f 1723 542 541
f 1724 78 1725
f 1725 78 1726
f 1726 78 1727
f 1727 78 75
f 1727 75 1728
f 1728 75 1723
f 1723 75 74
f 531 529 1725
f 1725 529 1724
f 531 1725 532
f 532 1725 1726
f 539 537 1728
f 1728 537 1727
f 1727 537 535
f 1727 535 534
f 1727 534 1726
f 1726 534 532
f 1723 541 1728
f 1728 541 539
f 529 525 1724
f 1724 525 83
f 83 525 524
f 83 524 97
f 97 524 521
f 97 521 1729
f 1729 521 522
f 92 90 1730
f 1730 90 1731
f 1731 90 1732
f 1732 90 88
f 1732 88 1733
f 1733 88 85
f 1733 85 1729
f 1729 85 97
f 1729 1734 1733
f 511 508 1730
f 1730 508 92
f 510 511 1731
f 1731 511 1730
f 1734 519 1733
f 1733 519 517
f 1733 517 1732
f 1732 517 515
f 1732 515 1731
f 1731 515 513
f 1731 513 510
f 1729 522 1734
f 1734 522 519
f 508 506 92
f 92 506 503
f 92 503 95
f 95 503 501
f 95 501 96
f 96 501 499
f 96 499 1735
f 1735 499 498
f 1736 102 1737
f 1737 102 1738
f 1738 102 1739
f 1739 102 99
f 1739 99 1740
f 1740 99 1735
f 1735 99 96
f 488 486 1737
f 1737 486 1736
f 488 1737 487
f 487 1737 1738
f 496 495 1740
f 1740 495 1739
f 1739 495 492
f 1739 492 490
f 1739 490 1738
f 1738 490 487
f 1735 498 1740
f 1740 498 496
f 486 484 1736
f 1736 484 106
f 106 484 482
f 106 482 478
f 106 478 1741
f 1741 478 1742
f 1742 478 477
f 1743 112 1744
f 1744 112 1745
f 1744 1745 1746
f 112 107 1745
f 1745 107 1747
f 1747 107 1748
f 1748 107 1742
f 1742 107 1741
f 1744 466 1743
f 1743 466 464
f 1743 464 116
f 466 1744 465
f 465 1744 1746
f 476 474 1748
f 1748 474 1747
f 1747 474 471
f 1747 471 469
f 1747 469 467
f 1747 467 1745
f 1745 467 465
f 1745 465 1746
f 1742 477 1748
f 1748 477 476
f 464 462 116
f 116 462 126
f 126 462 460
f 126 460 458
f 126 458 1749
f 1749 458 1750
f 1750 458 456
f 441 120 440
f 440 120 1751
f 1751 120 1752
f 1752 120 119
f 1752 119 1753
f 1753 119 1750
f 1750 119 1749
f 443 439 1751
f 1751 439 440
f 453 452 1753
f 1753 452 1752
f 1752 452 450
f 1752 450 447
f 1752 447 445
f 1752 445 1751
f 1751 445 443
f 1750 456 1753
f 1753 456 453
f 128 213 1754
f 1754 213 220
f 136 133 1755
f 1755 133 1756
f 1756 133 1757
f 1757 133 1758
f 1758 133 130
f 1758 130 1754
f 1754 130 128
f 1754 1759 1758
f 437 235 1755
f 1755 235 136
f 136 235 140
f 437 1755 231
f 231 1755 1756
f 219 221 1759
f 1759 221 1758
f 1758 221 223
f 1758 223 1757
f 1757 223 227
f 1757 227 229
f 1757 229 1756
f 1756 229 231
f 1754 220 1759
f 1759 220 219
f 235 236 140
f 140 236 138
f 138 236 238
f 138 238 240
f 138 240 1760
f 1760 240 436
f 1760 436 1761
f 149 146 1762
f 1762 146 1763
f 1763 146 143
f 1763 143 1764
f 1764 143 1765
f 1765 143 1761
f 1761 143 1760
f 1762 435 149
f 149 435 254
f 435 1762 252
f 252 1762 1763
f 1765 242 1764
f 1764 242 244
f 1764 244 246
f 1764 246 1763
f 1763 246 250
f 1763 250 252
f 1761 436 1765
f 1765 436 242
f 254 255 149
f 149 255 1766
f 1766 255 259
f 1766 259 261
f 1766 261 262
f 1766 262 1767
f 159 156 1768
f 1768 156 1769
f 1768 1769 1770
f 156 152 1769
f 1769 152 1771
f 1771 152 1772
f 1772 152 1767
f 1767 152 1766
f 434 274 1768
f 1768 274 159
f 434 1768 272
f 272 1768 1770
f 263 264 1772
f 1772 264 1771
f 1771 264 267
f 1771 267 1769
f 1769 267 271
f 1769 271 1770
f 1770 271 272
f 1767 262 1772
f 1772 262 263
f 274 276 159
f 159 276 1773
f 1773 276 277
f 1773 277 282
f 1773 282 284
f 1773 284 433
f 1773 433 1774
f 1775 166 1776
f 1776 166 1777
f 1777 166 1778
f 1778 166 162
f 1778 162 1779
f 1779 162 1774
f 1774 162 1773
f 432 297 1776
f 1776 297 1775
f 432 1776 295
f 295 1776 1777
f 286 288 1779
f 1779 288 1778
f 1778 288 290
f 1778 290 292
f 1778 292 295
f 1778 295 1777
f 1774 433 1779
f 1779 433 286
f 297 299 1775
f 1775 299 170
f 170 299 301
f 170 301 171
f 171 301 305
f 171 305 1780
f 1780 305 307
f 1781 175 1782
f 1782 175 1783
f 1783 175 1784
f 1784 175 1785
f 1785 175 172
f 1785 172 1780
f 1780 172 171
f 1780 1786 1785
f 431 316 1782
f 1782 316 1781
f 315 431 1783
f 1783 431 1782
f 306 309 1786
f 1786 309 1785
f 1785 309 310
f 1785 310 1784
f 1784 310 313
f 1784 313 1783
f 1783 313 315
f 1780 307 1786
f 1786 307 306
f 316 319 1781
f 1781 319 320
f 1781 320 179
f 179 320 322
f 179 322 1787
f 1787 322 324
f 1788 183 1789
f 1789 183 1790
f 1790 183 1791
f 1791 183 180
f 1791 180 1792
f 1792 180 1787
f 1787 180 179
f 430 333 1789
f 1789 333 1788
f 1788 333 189
f 430 1789 331
f 331 1789 1790
f 325 327 1792
f 1792 327 1791
f 1791 327 329
f 1791 329 1790
f 1790 329 331
f 1792 1787 325
f 325 1787 324
f 333 335 189
f 189 335 340
f 189 340 202
f 202 340 343
f 202 343 1793
f 1793 343 345
f 1794 196 1795
f 1795 196 1796
f 1796 196 1797
f 1797 196 192
f 1797 192 1798
f 1798 192 1793
f 1793 192 202
f 429 428 1795
f 1795 428 1794
f 1794 428 203
f 429 1795 354
f 354 1795 1796
f 1798 344 1797
f 1797 344 347
f 1797 347 350
f 1797 350 352
f 1797 352 1796
f 354 1796 352
f 1793 345 1798
f 1798 345 344
f 428 357 203
f 203 357 198
f 198 357 359
f 198 359 201
f 201 359 362
f 201 362 365
f 201 365 1799
f 1799 365 366
f 211 206 210
f 210 206 1800
f 1800 206 1801
f 1801 206 204
f 1801 204 1802
f 1802 204 1799
f 1799 204 201
f 209 210 376
f 376 210 1800
f 367 369 1802
f 1802 369 1801
f 1801 369 370
f 1801 370 374
f 1801 374 1800
f 1800 374 376
f 1799 366 1802
f 1802 366 367
f 212 378 3
f 3 378 380
f 3 380 7
f 7 380 427
f 7 427 1803
f 1803 427 386
f 1804 13 1805
f 1805 13 1806
f 1806 13 1807
f 1807 13 8
f 1807 8 1808
f 1808 8 1803
f 1803 8 7
f 426 425 1805
f 1805 425 1804
f 1804 425 16
f 426 1805 397
f 397 1805 1806
f 385 387 1808
f 1808 387 389
f 1808 389 1807
f 1807 389 392
f 1807 392 395
f 1807 395 397
f 1807 397 1806
f 1803 386 1808
f 1808 386 385
f 425 399 16
f 16 399 25
f 25 399 401
f 25 401 403
f 25 403 1809
f 1809 403 1810
f 1810 403 405
f 1811 21 1812
f 1812 21 1813
f 1813 21 1814
f 1814 21 19
f 1814 19 1815
f 1815 19 1810
f 1810 19 1809
f 1812 424 1811
f 1811 424 422
f 1811 422 26
f 420 424 1813
f 1813 424 1812
f 407 410 1815
f 1815 410 1814
f 1814 410 412
f 1814 412 414
f 1814 414 416
f 1814 416 1813
f 1813 416 420
f 1810 405 1815
f 1815 405 407
f 423 26 422
