# USD → MuJoCo (world-space, simplified)
v 2.212294 7.232957 0.098061
v 2.211949 7.232594 0.098062
v 2.213744 7.231531 0.081100
v 2.213743 7.231580 0.098064
v 2.213741 7.231534 0.081017
v 2.213721 7.231550 0.080873
v 2.213677 7.231586 0.080715
v 2.213631 7.231624 0.080610
v 2.213437 7.231838 0.098064
v 2.213586 7.231662 0.080528
v 2.213504 7.231731 0.080417
v 2.213412 7.231810 0.080323
v 2.213324 7.231888 0.080257
v 2.213280 7.231927 0.080231
v 2.213139 7.232105 0.098063
v 2.213232 7.231970 0.080208
v 2.213140 7.232054 0.080178
v 2.213025 7.232162 0.080158
v 2.212849 7.232381 0.098062
v 2.212918 7.232264 0.080163
v 2.212807 7.232372 0.080189
v 2.212700 7.232479 0.080241
v 2.212567 7.232665 0.098062
v 2.212585 7.232597 0.080329
v 2.212511 7.232675 0.080413
v 2.212410 7.232783 0.080577
v 2.212346 7.232852 0.080744
v 2.212316 7.232885 0.080867
v 2.212301 7.232902 0.080981
v 2.212297 7.232907 0.081041
v 2.212296 7.232908 0.081086
v 2.213399 7.231168 0.081101
v 2.213398 7.231217 0.098065
v 2.234718 7.235499 0.079207
v 2.234493 7.235084 0.079208
v 2.234253 7.234676 0.079209
v 2.234465 7.235042 0.081071
v 2.234466 7.235043 0.081048
v 2.234000 7.234277 0.079210
v 2.234049 7.234408 0.098059
v 2.234261 7.234746 0.098058
v 2.234465 7.235042 0.081093
v 2.234464 7.235090 0.098057
v 2.233827 7.234076 0.098059
v 2.233734 7.233887 0.079211
v 2.233596 7.233751 0.098060
v 2.233454 7.233506 0.079212
v 2.233355 7.233433 0.098061
v 2.233162 7.233134 0.079213
v 2.233105 7.233121 0.098062
v 2.233107 7.233072 0.081098
v 2.233097 7.233060 0.080946
v 2.233063 7.233018 0.080757
v 2.232857 7.232772 0.079214
v 2.232961 7.232897 0.080514
v 2.232783 7.232691 0.080286
v 2.232377 7.232251 0.079215
v 2.232637 7.232529 0.080199
v 2.232429 7.232306 0.080163
v 2.232183 7.232055 0.080231
v 2.231873 7.231752 0.079216
v 2.232026 7.231901 0.080344
v 2.231880 7.231763 0.080533
v 2.231803 7.231691 0.080691
v 2.231523 7.231435 0.079217
v 2.231761 7.231654 0.080832
v 2.231734 7.231629 0.080999
v 2.231728 7.231625 0.081101
v 2.231727 7.231673 0.098065
v 2.231428 7.231409 0.098066
v 2.231161 7.231130 0.079218
v 2.231121 7.231153 0.098067
v 2.230790 7.230837 0.079219
v 2.230808 7.230906 0.098067
v 2.230487 7.230668 0.098068
v 2.230409 7.230557 0.079219
v 2.230160 7.230439 0.098068
v 2.230019 7.230290 0.079220
v 2.229826 7.230220 0.098069
v 2.229827 7.230171 0.081094
v 2.229620 7.230036 0.079220
v 2.229813 7.230161 0.080949
v 2.229779 7.230139 0.080791
v 2.229744 7.230117 0.080699
v 2.229694 7.230086 0.080603
v 2.229576 7.230012 0.080438
v 2.229006 7.229683 0.079221
v 2.229444 7.229933 0.080322
v 2.229253 7.229822 0.080221
v 2.228950 7.229654 0.080170
v 2.228727 7.229536 0.080203
v 2.228375 7.229358 0.079222
v 2.228539 7.229441 0.080281
v 2.228383 7.229365 0.080395
v 2.228255 7.229304 0.080539
v 2.227946 7.229160 0.079223
v 2.228154 7.229258 0.080711
v 2.228085 7.229227 0.080948
v 2.228069 7.229220 0.081068
v 2.228068 7.229220 0.081107
v 2.228067 7.229269 0.098071
v 2.227701 7.229109 0.098072
v 2.227330 7.228961 0.098072
v 2.227068 7.228808 0.079223
v 2.226955 7.228823 0.098072
v 2.226621 7.228655 0.079224
v 2.226577 7.228695 0.098073
v 2.226169 7.228517 0.079224
v 2.226195 7.228579 0.098073
v 2.225810 7.228424 0.081088
v 2.225810 7.228473 0.098073
v 2.225712 7.228394 0.079224
v 2.225019 7.228240 0.079225
v 2.224321 7.228118 0.079225
v 2.223852 7.228058 0.079225
v 2.223381 7.228014 0.079225
v 2.223844 7.228063 0.081110
v 2.223844 7.228063 0.081088
v 2.222909 7.227985 0.079225
v 2.223047 7.228046 0.098074
v 2.223445 7.228073 0.098074
v 2.223843 7.228112 0.098074
v 2.222647 7.228031 0.098074
v 2.222436 7.227973 0.079225
v 2.222248 7.228026 0.098074
v 2.221963 7.227976 0.079225
v 2.221849 7.228034 0.098074
v 2.221491 7.227995 0.079225
v 2.221450 7.228052 0.098074
v 2.221451 7.228003 0.081110
v 2.221450 7.228003 0.081077
v 2.221441 7.228004 0.080984
v 2.221402 7.228005 0.080825
v 2.221323 7.228010 0.080651
v 2.221202 7.228019 0.080493
v 2.220905 7.228045 0.080276
v 2.220784 7.228056 0.079225
v 2.220669 7.228071 0.080197
v 2.220387 7.228106 0.080170
v 2.220081 7.228149 0.079225
v 2.220126 7.228145 0.080229
v 2.219908 7.228181 0.080326
v 2.219615 7.228232 0.079224
v 2.219732 7.228213 0.080473
v 2.219583 7.228242 0.080679
v 2.219153 7.228330 0.079224
v 2.219477 7.228264 0.081003
v 2.219468 7.228267 0.081109
v 2.219467 7.228315 0.098073
v 2.219077 7.228402 0.098073
v 2.218694 7.228444 0.079224
v 2.218690 7.228499 0.098073
v 2.218305 7.228607 0.098072
v 2.218239 7.228573 0.079223
v 2.217924 7.228727 0.098072
v 2.217789 7.228718 0.079223
v 2.217546 7.228857 0.098072
v 2.217344 7.228878 0.079223
v 2.217173 7.228998 0.098071
v 2.217174 7.228949 0.081107
v 2.217157 7.228955 0.080945
v 2.216904 7.229053 0.079222
v 2.217110 7.228973 0.080770
v 2.217059 7.228993 0.080658
v 2.216877 7.229068 0.080425
v 2.216471 7.229242 0.079222
v 2.216600 7.229187 0.080237
v 2.216317 7.229317 0.080169
v 2.216044 7.229446 0.079221
v 2.216007 7.229468 0.080207
v 2.215625 7.229664 0.079220
v 2.215785 7.229582 0.080309
v 2.215611 7.229676 0.080458
v 2.215482 7.229747 0.080648
v 2.215213 7.229897 0.079220
v 2.215418 7.229783 0.080798
v 2.215377 7.229807 0.081012
v 2.215370 7.229811 0.081083
v 2.215370 7.229811 0.081105
v 2.215369 7.229860 0.098069
v 2.215024 7.230062 0.098068
v 2.214809 7.230143 0.079219
v 2.214686 7.230275 0.098068
v 2.214414 7.230402 0.079218
v 2.214354 7.230496 0.098067
v 2.214028 7.230675 0.079218
v 2.214028 7.230728 0.098067
v 2.213710 7.230968 0.098066
v 2.213651 7.230960 0.079217
v 2.213284 7.231258 0.079216
v 2.213382 7.231182 0.080936
v 2.213328 7.231226 0.080714
v 2.212928 7.231569 0.079215
v 2.213181 7.231350 0.080451
v 2.213045 7.231468 0.080307
v 2.212933 7.231567 0.080231
v 2.212854 7.231638 0.080196
v 2.212414 7.232058 0.079214
v 2.212676 7.231804 0.080164
v 2.212446 7.232026 0.080198
v 2.212249 7.232226 0.080328
v 2.211923 7.232570 0.079213
v 2.212073 7.232411 0.080565
v 2.212001 7.232490 0.080749
v 2.211957 7.232538 0.080978
v 2.211951 7.232545 0.081053
v 2.211950 7.232546 0.081087
v 2.211684 7.232893 0.098061
v 2.211612 7.232925 0.079212
v 2.211428 7.233200 0.098060
v 2.211313 7.233291 0.079211
v 2.211180 7.233513 0.098059
v 2.211026 7.233667 0.079210
v 2.210942 7.233833 0.098058
v 2.210752 7.234052 0.079209
v 2.210713 7.234160 0.098058
v 2.210494 7.234494 0.098057
v 2.210491 7.234446 0.079208
v 2.210495 7.234446 0.081065
v 2.210481 7.234466 0.080888
v 2.210457 7.234505 0.080743
v 2.210244 7.234849 0.079207
v 2.210370 7.234643 0.080491
v 2.210279 7.234793 0.080333
v 2.210010 7.235260 0.079206
v 2.210148 7.235018 0.080205
v 2.209984 7.235312 0.080152
v 2.209791 7.235678 0.079205
v 2.209850 7.235565 0.080192
v 2.209737 7.235791 0.080312
v 2.209586 7.236104 0.079204
v 2.209612 7.236052 0.080580
v 2.209566 7.236152 0.080791
v 2.209548 7.236191 0.080947
v 2.209544 7.236199 0.081018
v 2.209395 7.236537 0.079202
v 2.209543 7.236202 0.081088
v 2.209542 7.236251 0.098052
v 2.209382 7.236617 0.098051
v 2.209234 7.236988 0.098050
v 2.209219 7.236975 0.079201
v 2.209095 7.237362 0.098049
v 2.209058 7.237419 0.079200
v 2.208968 7.237740 0.098048
v 2.208912 7.237869 0.079199
v 2.208851 7.238122 0.098047
v 2.208781 7.238323 0.079198
v 2.208745 7.238507 0.098046
v 2.208747 7.238458 0.081082
v 2.208745 7.238467 0.080962
v 2.208737 7.238497 0.080820
v 2.208730 7.238522 0.080743
v 2.208666 7.238781 0.079197
v 2.208719 7.238564 0.080656
v 2.208690 7.238683 0.080479
v 2.208566 7.239243 0.079195
v 2.208639 7.238902 0.080298
v 2.208573 7.239216 0.080168
v 2.208528 7.239449 0.080138
v 2.208482 7.239708 0.079194
v 2.208498 7.239617 0.080156
v 2.208414 7.240175 0.079193
v 2.208464 7.239823 0.080218
v 2.208420 7.240136 0.080427
v 2.208397 7.240316 0.080657
v 2.208362 7.240645 0.079192
v 2.208388 7.240395 0.080874
v 2.208385 7.240420 0.081018
v 2.208385 7.240423 0.081077
v 2.208384 7.240472 0.098041
v 2.208345 7.240869 0.098040
v 2.208325 7.241116 0.079191
v 2.208318 7.241267 0.098039
v 2.208305 7.241588 0.079189
v 2.208302 7.241666 0.098038
v 2.208298 7.242065 0.098037
v 2.208300 7.242061 0.079188
v 2.208305 7.242464 0.098036
v 2.208311 7.242533 0.079187
v 2.208324 7.242863 0.098035
v 2.208325 7.242814 0.081053
v 2.208326 7.242827 0.080930
v 2.208339 7.243005 0.079186
v 2.208328 7.242863 0.080780
v 2.208332 7.242921 0.080645
v 2.208340 7.243023 0.080499
v 2.208382 7.243475 0.079185
v 2.208359 7.243252 0.080297
v 2.208384 7.243496 0.080176
v 2.208407 7.243692 0.080134
v 2.208441 7.243944 0.079183
v 2.208445 7.243969 0.080145
v 2.208516 7.244411 0.079182
v 2.208470 7.244142 0.080182
v 2.208501 7.244324 0.080269
v 2.208607 7.244874 0.079181
v 2.208541 7.244549 0.080454
v 2.208573 7.244715 0.080700
v 2.208585 7.244775 0.080893
v 2.208589 7.244793 0.081018
v 2.208589 7.244795 0.081066
v 2.208588 7.244843 0.098030
v 2.208674 7.245233 0.098029
v 2.208713 7.245335 0.079180
v 2.208771 7.245620 0.098028
v 2.208835 7.245791 0.079179
v 2.208880 7.246004 0.098027
v 2.208972 7.246243 0.079178
v 2.208999 7.246385 0.098026
v 2.209125 7.246691 0.079176
v 2.209129 7.246762 0.098025
v 2.209292 7.247133 0.079175
v 2.209272 7.247088 0.081016
v 2.209273 7.247089 0.080993
v 2.209274 7.247093 0.080953
v 2.209284 7.247117 0.080829
v 2.209314 7.247192 0.080624
v 2.209330 7.247231 0.080554
v 2.209339 7.247253 0.080520
v 2.209474 7.247569 0.079174
v 2.209377 7.247344 0.080410
v 2.209436 7.247484 0.080287
v 2.209527 7.247689 0.080179
v 2.209777 7.248209 0.079173
v 2.209270 7.247136 0.098024
v 2.223849 7.228063 0.081030
v 2.223869 7.228065 0.080903
v 2.223928 7.228071 0.080741
v 2.224132 7.228096 0.080456
v 2.224416 7.228136 0.080261
v 2.224733 7.228188 0.080179
v 2.225045 7.228247 0.080193
v 2.225334 7.228308 0.080301
v 2.225511 7.228348 0.080435
v 2.225672 7.228388 0.080627
v 2.225764 7.228412 0.080823
v 2.225796 7.228420 0.080945
v 2.234472 7.235054 0.080948
v 2.234493 7.235089 0.080786
v 2.234550 7.235190 0.080576
v 2.234627 7.235332 0.080393
v 2.234719 7.235505 0.080260
v 2.234768 7.235600 0.080215
v 2.234864 7.235792 0.080162
v 2.199371 7.242620 0.079186
v 2.202782 7.240475 0.079193
v 2.204055 7.239775 0.079195
v 2.206871 7.235532 0.079205
v 2.200347 7.248693 0.079171
v 2.210108 7.248836 0.079171
v 2.210347 7.249244 0.079170
v 2.210600 7.249643 0.079169
v 2.210867 7.250033 0.079168
v 2.211146 7.250414 0.079167
v 2.211438 7.250786 0.079166
v 2.211743 7.251148 0.079165
v 2.212224 7.251669 0.079164
v 2.212728 7.252168 0.079163
v 2.205519 7.257469 0.079149
v 2.213078 7.252485 0.079162
v 2.213439 7.252790 0.079161
v 2.213810 7.253083 0.079160
v 2.214191 7.253363 0.079160
v 2.214581 7.253630 0.079159
v 2.214980 7.253884 0.079158
v 2.215387 7.254124 0.079158
v 2.215802 7.254350 0.079157
v 2.216225 7.254562 0.079157
v 2.216655 7.254760 0.079156
v 2.217090 7.254943 0.079156
v 2.212729 7.257447 0.079149
v 2.214870 7.257289 0.079150
v 2.217532 7.255112 0.079155
v 2.217980 7.255265 0.079155
v 2.218432 7.255404 0.079155
v 2.218889 7.255527 0.079154
v 2.218437 7.258468 0.079147
v 2.219581 7.255680 0.079154
v 2.220280 7.255802 0.079154
v 2.219643 7.259579 0.079144
v 2.228130 7.254678 0.079157
v 2.227696 7.254868 0.079157
v 2.227257 7.255042 0.079156
v 2.220593 7.260922 0.079141
v 2.230426 7.263546 0.079135
v 2.228556 7.254474 0.079158
v 2.228976 7.254256 0.079158
v 2.229388 7.254024 0.079159
v 2.229791 7.253778 0.079160
v 2.230186 7.253518 0.079160
v 2.230573 7.253245 0.079161
v 2.230949 7.252960 0.079162
v 2.231316 7.252662 0.079163
v 2.231673 7.252351 0.079163
v 2.238319 7.252872 0.079163
v 2.239777 7.256803 0.079153
v 2.232186 7.251862 0.079165
v 2.232677 7.251350 0.079166
v 2.232989 7.250995 0.079167
v 2.237657 7.250303 0.079170
v 2.233288 7.250629 0.079168
v 2.233575 7.250253 0.079169
v 2.233849 7.249868 0.079170
v 2.234109 7.249474 0.079171
v 2.234357 7.249071 0.079172
v 2.234590 7.248661 0.079173
v 2.234810 7.248242 0.079174
v 2.237790 7.248153 0.079175
v 2.235015 7.247816 0.079175
v 2.235206 7.247384 0.079176
v 2.235382 7.246945 0.079178
v 2.235543 7.246501 0.079179
v 2.235689 7.246051 0.079180
v 2.241939 7.243379 0.079187
v 2.235819 7.245597 0.079181
v 2.235984 7.244908 0.079183
v 2.236118 7.244212 0.079185
v 2.236187 7.243745 0.079186
v 2.236239 7.243275 0.079187
v 2.236275 7.242804 0.079188
v 2.236296 7.242332 0.079189
v 2.236300 7.241859 0.079191
v 2.236289 7.241387 0.079192
v 2.236262 7.240915 0.079193
v 2.236218 7.240445 0.079194
v 2.245172 7.239803 0.079197
v 2.244931 7.242933 0.079190
v 2.236122 7.239743 0.079196
v 2.235994 7.239046 0.079198
v 2.243582 7.233516 0.079213
v 2.235887 7.238585 0.079199
v 2.235765 7.238129 0.079200
v 2.235628 7.237677 0.079201
v 2.235476 7.237229 0.079202
v 2.235308 7.236787 0.079204
v 2.235028 7.236136 0.079205
v 2.238904 7.225944 0.079232
v 2.233731 7.225632 0.079232
v 2.227510 7.228977 0.079223
v 2.231616 7.226527 0.079230
v 2.223345 7.220962 0.079243
v 2.217918 7.219516 0.079247
v 2.206439 7.225203 0.079231
v 2.205643 7.230119 0.079220
v 2.203734 7.228272 0.079228
v 2.206885 7.232896 0.079212
v 2.226812 7.255202 0.079156
v 2.226362 7.255347 0.079155
v 2.225907 7.255476 0.079155
v 2.225448 7.255590 0.079155
v 2.224985 7.255688 0.079154
v 2.224286 7.255805 0.079154
v 2.223582 7.255889 0.079154
v 2.223110 7.255925 0.079154
v 2.222637 7.255944 0.079154
v 2.222164 7.255948 0.079154
v 2.221692 7.255935 0.079154
v 2.221220 7.255907 0.079154
v 2.220749 7.255862 0.079154
v 2.198320 7.240957 0.080133
v 2.198300 7.241735 0.080022
v 2.198306 7.242518 0.080008
v 2.198343 7.243297 0.080037
v 2.198336 7.243298 0.080127
v 2.198393 7.244076 0.080125
v 2.198401 7.244111 0.080045
v 2.198474 7.244853 0.080123
v 2.198493 7.244919 0.080013
v 2.198581 7.245626 0.080121
v 2.198607 7.245726 0.080011
v 2.198714 7.246401 0.080022
v 2.198870 7.247160 0.080117
v 2.199051 7.247919 0.080115
v 2.199488 7.249418 0.080111
v 2.199585 7.249672 0.079993
v 2.199744 7.250155 0.080109
v 2.199854 7.250441 0.080043
v 2.200022 7.250885 0.080107
v 2.200325 7.251605 0.080106
v 2.200315 7.251572 0.080090
v 2.200650 7.252314 0.080104
v 2.200500 7.251934 0.079915
v 2.200632 7.252097 0.079751
v 2.200896 7.252419 0.079576
v 2.200790 7.251911 0.079437
v 2.200891 7.251754 0.079317
v 2.199945 7.247587 0.079176
v 2.199577 7.245817 0.079180
v 2.199289 7.243832 0.079188
v 2.199004 7.240934 0.079244
v 2.198925 7.241676 0.079259
v 2.198815 7.241323 0.079315
v 2.198607 7.240951 0.079479
v 2.198504 7.241672 0.079566
v 2.198407 7.240957 0.079756
v 2.198384 7.242076 0.079762
v 2.198339 7.240930 0.079982
v 2.200165 7.251193 0.079950
v 2.199113 7.248114 0.080005
v 2.198926 7.247321 0.079953
v 2.198392 7.243294 0.079819
v 2.199260 7.248681 0.080004
v 2.199621 7.249659 0.079823
v 2.199894 7.250424 0.079832
v 2.200211 7.251173 0.079778
v 2.199151 7.248103 0.079823
v 2.198449 7.244106 0.079829
v 2.198585 7.244907 0.079717
v 2.198640 7.245720 0.079849
v 2.198874 7.246916 0.079819
v 2.198784 7.245689 0.079547
v 2.199415 7.248872 0.079720
v 2.198853 7.246506 0.079681
v 2.199042 7.247294 0.079645
v 2.198461 7.242885 0.079650
v 2.199709 7.249629 0.079629
v 2.199999 7.250384 0.079600
v 2.198563 7.243283 0.079533
v 2.198545 7.244097 0.079631
v 2.199565 7.248826 0.079500
v 2.198770 7.244884 0.079464
v 2.200461 7.251507 0.079597
v 2.198561 7.242478 0.079501
v 2.198687 7.244083 0.079463
v 2.199257 7.248075 0.079611
v 2.198963 7.246484 0.079521
v 2.199294 7.247648 0.079448
v 2.198652 7.242074 0.079415
v 2.199125 7.246452 0.079373
v 2.198762 7.243673 0.079376
v 2.198889 7.244869 0.079363
v 2.199889 7.249567 0.079414
v 2.199097 7.245646 0.079304
v 2.200476 7.251061 0.079394
v 2.200189 7.250312 0.079389
v 2.200679 7.250977 0.079258
v 2.198835 7.242472 0.079300
v 2.199672 7.248376 0.079313
v 2.200085 7.249500 0.079276
v 2.200412 7.250227 0.079249
v 2.199496 7.247597 0.079298
v 2.198921 7.243263 0.079272
v 2.199002 7.244454 0.079277
v 2.199400 7.246803 0.079259
v 2.199676 7.247553 0.079220
v 2.199437 7.246391 0.079218
v 2.199957 7.248707 0.079228
v 2.199234 7.245223 0.079223
v 2.200354 7.249616 0.079200
v 2.199029 7.242073 0.079225
v 2.199218 7.244430 0.079206
v 2.200003 7.248282 0.079189
v 2.199594 7.246562 0.079191
v 2.199195 7.242034 0.079195
v 2.199125 7.243251 0.079208
v 2.200882 7.250892 0.079188
v 2.200576 7.249747 0.079172
v 2.208337 7.261519 0.097987
v 2.209001 7.261977 0.097986
v 2.208851 7.261869 0.095540
v 2.209001 7.261971 0.095946
v 2.209011 7.261978 0.095890
v 2.209129 7.262054 0.095766
v 2.209243 7.262129 0.095775
v 2.208446 7.261589 0.095296
v 2.208040 7.261294 0.095047
v 2.207690 7.261040 0.097989
v 2.208041 7.261251 0.080081
v 2.207420 7.260777 0.080083
v 2.207059 7.260540 0.097990
v 2.206445 7.260018 0.097991
v 2.206226 7.259770 0.079977
v 2.205849 7.259476 0.097992
v 2.205654 7.259237 0.079991
v 2.205271 7.258914 0.097994
v 2.205099 7.258686 0.079993
v 2.204713 7.258334 0.097995
v 2.204562 7.258116 0.079981
v 2.204175 7.257735 0.097997
v 2.204048 7.257535 0.080091
v 2.203657 7.257118 0.097998
v 2.203551 7.256933 0.080092
v 2.203160 7.256484 0.098000
v 2.203073 7.256315 0.080094
v 2.202685 7.255834 0.098001
v 2.202615 7.255682 0.080095
v 2.202231 7.255168 0.098003
v 2.202179 7.255035 0.080097
v 2.201801 7.254488 0.098005
v 2.201764 7.254374 0.080099
v 2.201393 7.253793 0.098007
v 2.201370 7.253699 0.080100
v 2.201009 7.253086 0.098008
v 2.200649 7.252366 0.098010
v 2.200313 7.251633 0.098012
v 2.200003 7.250891 0.098014
v 2.199717 7.250138 0.098016
v 2.199457 7.249376 0.098018
v 2.199222 7.248606 0.098020
v 2.199014 7.247828 0.098022
v 2.198832 7.247044 0.098024
v 2.198676 7.246253 0.098026
v 2.198547 7.245459 0.098028
v 2.198444 7.244660 0.098030
v 2.198369 7.243859 0.098032
v 2.198320 7.243055 0.098034
v 2.198299 7.242250 0.098036
v 2.198304 7.241445 0.098038
v 2.198337 7.240641 0.098040
v 2.198345 7.240500 0.095349
v 2.198381 7.240011 0.095595
v 2.198420 7.239592 0.095821
v 2.198396 7.239834 0.095931
v 2.198396 7.239840 0.098042
v 2.220024 7.266173 0.095936
v 2.220120 7.265895 0.097977
v 2.220024 7.266179 0.097976
v 2.219874 7.266549 0.097975
v 2.219746 7.266820 0.097975
v 2.219603 7.267084 0.097974
v 2.219393 7.267424 0.097973
v 2.219160 7.267749 0.097972
v 2.219128 7.267782 0.095932
v 2.218972 7.267982 0.097972
v 2.218785 7.268183 0.095924
v 2.218771 7.268205 0.097971
v 2.218560 7.268418 0.097970
v 2.218413 7.268554 0.097970
v 2.218184 7.268747 0.097970
v 2.217946 7.268930 0.097969
v 2.217782 7.269044 0.097969
v 2.217528 7.269205 0.097968
v 2.217198 7.269384 0.095927
v 2.217268 7.269354 0.097968
v 2.217000 7.269488 0.097968
v 2.216632 7.269646 0.097967
v 2.216445 7.269710 0.095927
v 2.216351 7.269749 0.097967
v 2.216160 7.269803 0.095927
v 2.216160 7.269809 0.097967
v 2.215967 7.269863 0.097967
v 2.215674 7.269930 0.097966
v 2.215379 7.269984 0.097966
v 2.215121 7.270012 0.095855
v 2.215181 7.270011 0.097966
v 2.214982 7.270031 0.097966
v 2.214683 7.270048 0.097966
v 2.214477 7.270045 0.095920
v 2.214382 7.270051 0.097966
v 2.214003 7.270025 0.095922
v 2.214083 7.270038 0.097966
v 2.213784 7.270011 0.097966
v 2.213487 7.269967 0.097966
v 2.213192 7.269910 0.097966
v 2.212998 7.269863 0.097966
v 2.212805 7.269809 0.097966
v 2.212515 7.269708 0.095923
v 2.212615 7.269749 0.097967
v 2.212426 7.269683 0.097967
v 2.212148 7.269565 0.095927
v 2.212240 7.269610 0.097967
v 2.212056 7.269531 0.097967
v 2.211864 7.269432 0.095913
v 2.211875 7.269445 0.097967
v 2.211697 7.269348 0.095928
v 2.211697 7.269354 0.097968
v 2.211522 7.269257 0.097968
v 2.211262 7.269089 0.095923
v 2.211351 7.269154 0.097968
v 2.211183 7.269045 0.097968
v 2.211019 7.268930 0.097969
v 2.210859 7.268810 0.097969
v 2.210703 7.268685 0.097969
v 2.210479 7.268480 0.095930
v 2.210552 7.268554 0.097969
v 2.210405 7.268418 0.097970
v 2.210194 7.268205 0.097970
v 2.210167 7.268168 0.095927
v 2.209993 7.267982 0.097971
v 2.209890 7.267848 0.095909
v 2.209866 7.267828 0.097971
v 2.209686 7.267589 0.097972
v 2.209517 7.267341 0.097973
v 2.209362 7.267084 0.097973
v 2.209183 7.266740 0.095930
v 2.209112 7.266594 0.097974
v 2.209013 7.266359 0.095935
v 2.208941 7.266179 0.097975
v 2.208904 7.266063 0.095919
v 2.208817 7.265793 0.095936
v 2.208844 7.265895 0.097976
v 2.208730 7.265460 0.097977
v 2.208642 7.264979 0.095936
v 2.208646 7.265018 0.097978
v 2.208609 7.264715 0.095939
v 2.208601 7.264622 0.097979
v 2.208589 7.264416 0.095940
v 2.208583 7.264222 0.097980
v 2.208586 7.264073 0.095929
v 2.208592 7.263823 0.097981
v 2.208616 7.263524 0.097982
v 2.208657 7.263227 0.097983
v 2.208770 7.262690 0.097984
v 2.208898 7.262252 0.095946
v 2.208898 7.262259 0.097985
v 2.222476 7.265993 0.097977
v 2.222476 7.265976 0.091976
v 2.221690 7.265986 0.097977
v 2.222101 7.265942 0.080070
v 2.221293 7.265921 0.080070
v 2.222477 7.265976 0.091950
v 2.222479 7.265975 0.091929
v 2.222480 7.265975 0.091917
v 2.222485 7.265975 0.091891
v 2.222496 7.265975 0.091845
v 2.222909 7.265934 0.080071
v 2.222509 7.265975 0.091809
v 2.222529 7.265975 0.091769
v 2.222551 7.265975 0.091734
v 2.222575 7.265974 0.091703
v 2.222602 7.265974 0.091674
v 2.222633 7.265973 0.091647
v 2.222674 7.265973 0.091619
v 2.222713 7.265972 0.091597
v 2.222753 7.265971 0.091580
v 2.222780 7.265970 0.091571
v 2.222804 7.265970 0.091564
v 2.222829 7.265969 0.091558
v 2.222872 7.265968 0.091552
v 2.222916 7.265967 0.091548
v 2.222957 7.265966 0.091548
v 2.223004 7.265965 0.091552
v 2.223026 7.265965 0.091554
v 2.223315 7.265954 0.091597
v 2.223717 7.265901 0.080071
v 2.223603 7.265940 0.091639
v 2.223899 7.265923 0.091680
v 2.223938 7.265920 0.091688
v 2.223996 7.265916 0.091703
v 2.224040 7.265913 0.091719
v 2.224068 7.265911 0.091732
v 2.224101 7.265908 0.091748
v 2.224523 7.265839 0.080071
v 2.224157 7.265904 0.091782
v 2.224197 7.265901 0.091811
v 2.224234 7.265898 0.091843
v 2.224272 7.265895 0.091881
v 2.224291 7.265894 0.091902
v 2.224303 7.265893 0.091918
v 2.224312 7.265892 0.091928
v 2.224338 7.265890 0.091967
v 2.224367 7.265887 0.092017
v 2.224384 7.265886 0.092053
v 2.224399 7.265885 0.092092
v 2.224411 7.265884 0.092132
v 2.224418 7.265883 0.092166
v 2.224424 7.265883 0.092204
v 2.224426 7.265883 0.092233
v 2.224427 7.265883 0.092245
v 2.224427 7.265883 0.092258
v 2.224427 7.265899 0.097977
v 2.225190 7.265819 0.097978
v 2.225326 7.265751 0.080071
v 2.225951 7.265715 0.097978
v 2.226126 7.265635 0.080072
v 2.226709 7.265585 0.097978
v 2.226922 7.265493 0.080072
v 2.227461 7.265432 0.097979
v 2.227712 7.265325 0.080072
v 2.228209 7.265255 0.097979
v 2.228489 7.265131 0.079979
v 2.228950 7.265055 0.097980
v 2.229266 7.264910 0.079978
v 2.229685 7.264830 0.097980
v 2.230036 7.264663 0.079980
v 2.230412 7.264582 0.097981
v 2.230803 7.264387 0.080075
v 2.231130 7.264311 0.097982
v 2.231554 7.264088 0.080076
v 2.231840 7.264003 0.092821
v 2.231840 7.264018 0.097983
v 2.231841 7.264002 0.092795
v 2.231843 7.264002 0.092775
v 2.231845 7.264000 0.092748
v 2.231851 7.263998 0.092713
v 2.231861 7.263993 0.092674
v 2.231879 7.263986 0.092620
v 2.231900 7.263976 0.092573
v 2.231914 7.263970 0.092547
v 2.232295 7.263764 0.080077
v 2.231925 7.263965 0.092530
v 2.231945 7.263956 0.092501
v 2.231976 7.263943 0.092464
v 2.232013 7.263926 0.092427
v 2.232043 7.263913 0.092404
v 2.232070 7.263901 0.092386
v 2.232093 7.263890 0.092372
v 2.232126 7.263875 0.092356
v 2.232168 7.263856 0.092340
v 2.232221 7.263833 0.092327
v 2.232260 7.263815 0.092322
v 2.232295 7.263799 0.092320
v 2.232659 7.263628 0.092322
v 2.233024 7.263416 0.080078
v 2.233021 7.263452 0.092321
v 2.233038 7.263443 0.092321
v 2.233072 7.263427 0.092325
v 2.233118 7.263403 0.092333
v 2.233151 7.263387 0.092343
v 2.233189 7.263368 0.092358
v 2.233212 7.263355 0.092369
v 2.233232 7.263346 0.092381
v 2.233267 7.263328 0.092405
v 2.233303 7.263309 0.092435
v 2.233317 7.263302 0.092449
v 2.233336 7.263292 0.092469
v 2.233365 7.263277 0.092506
v 2.233741 7.263043 0.080079
v 2.233387 7.263266 0.092539
v 2.233405 7.263257 0.092572
v 2.233426 7.263246 0.092619
v 2.233438 7.263240 0.092653
v 2.233449 7.263234 0.092694
v 2.233456 7.263230 0.092728
v 2.233460 7.263228 0.092759
v 2.233462 7.263227 0.092777
v 2.233464 7.263227 0.092803
v 2.233464 7.263227 0.092823
v 2.233464 7.263241 0.097985
v 2.234138 7.262873 0.097986
v 2.234444 7.262646 0.080080
v 2.234800 7.262484 0.097987
v 2.235135 7.262226 0.080081
v 2.235449 7.262074 0.097988
v 2.235810 7.261783 0.080082
v 2.236085 7.261643 0.097989
v 2.236470 7.261317 0.080083
v 2.236706 7.261192 0.097990
v 2.237115 7.260829 0.080085
v 2.237314 7.260722 0.097991
v 2.237742 7.260320 0.080086
v 2.237905 7.260232 0.097993
v 2.238348 7.259793 0.079980
v 2.238481 7.259724 0.097994
v 2.238940 7.259243 0.079993
v 2.239039 7.259198 0.097995
v 2.239516 7.258671 0.080090
v 2.239581 7.258654 0.097997
v 2.239582 7.258637 0.092271
v 2.239582 7.258636 0.092252
v 2.239583 7.258636 0.092240
v 2.239583 7.258635 0.092227
v 2.239586 7.258632 0.092198
v 2.239590 7.258628 0.092169
v 2.239596 7.258622 0.092136
v 2.239612 7.258605 0.092073
v 2.239621 7.258596 0.092044
v 2.239632 7.258584 0.092013
v 2.239646 7.258569 0.091980
v 2.239667 7.258547 0.091938
v 2.239682 7.258532 0.091912
v 2.239702 7.258510 0.091881
v 2.239720 7.258492 0.091857
v 2.239736 7.258475 0.091838
v 2.239767 7.258442 0.091804
v 2.239787 7.258420 0.091784
v 2.240070 7.258082 0.080092
v 2.239823 7.258382 0.091757
v 2.239847 7.258356 0.091741
v 2.239871 7.258330 0.091728
v 2.239906 7.258292 0.091713
v 2.239945 7.258251 0.091701
v 2.240144 7.258032 0.091660
v 2.240336 7.257815 0.091619
v 2.240603 7.257475 0.080093
v 2.240536 7.257586 0.091575
v 2.240563 7.257554 0.091572
v 2.240611 7.257497 0.091573
v 2.240633 7.257472 0.091576
v 2.240656 7.257444 0.091582
v 2.240688 7.257406 0.091596
v 2.240721 7.257367 0.091616
v 2.240737 7.257347 0.091628
v 2.240753 7.257329 0.091642
v 2.240777 7.257300 0.091668
v 2.240800 7.257272 0.091701
v 2.240827 7.257239 0.091749
v 2.240842 7.257221 0.091784
v 2.241115 7.256851 0.080095
v 2.240857 7.257203 0.091831
v 2.240869 7.257189 0.091884
v 2.240875 7.257182 0.091931
v 2.240878 7.257178 0.091968
v 2.240878 7.257177 0.091988
v 2.240879 7.257177 0.092000
v 2.240878 7.257195 0.098001
v 2.241366 7.256579 0.098002
v 2.241833 7.255947 0.098004
v 2.241605 7.256252 0.095062
v 2.241606 7.256209 0.080097
v 2.242178 7.255444 0.095559
v 2.241899 7.255847 0.095313
v 2.242309 7.255250 0.095827
v 2.242384 7.255136 0.095770
v 2.242441 7.255048 0.095798
v 2.220904 7.265953 0.097977
v 2.220792 7.265939 0.095286
v 2.220301 7.265903 0.095531
v 2.219835 7.265893 0.095762
v 2.220084 7.265885 0.095840
v 2.229447 7.280548 0.097940
v 2.227334 7.280590 0.097940
v 2.205903 7.265914 0.097976
v 2.201774 7.262227 0.097985
v 2.197791 7.257517 0.097997
v 2.195608 7.253155 0.098008
v 2.193684 7.246247 0.098025
v 2.197059 7.239234 0.098044
v 2.197401 7.239428 0.098043
v 2.197890 7.239654 0.098043
v 2.196731 7.239018 0.098044
v 2.196419 7.238782 0.098045
v 2.196122 7.238525 0.098045
v 2.195812 7.238212 0.098046
v 2.195462 7.237802 0.098047
v 2.195233 7.237483 0.098048
v 2.194955 7.237021 0.098049
v 2.193476 7.239555 0.098043
v 2.194757 7.236628 0.098050
v 2.194643 7.236357 0.098051
v 2.194543 7.236080 0.098052
v 2.194420 7.235657 0.098053
v 2.194325 7.235226 0.098054
v 2.194282 7.234935 0.098054
v 2.229482 7.280619 0.097940
v 2.229518 7.280689 0.097940
v 2.229575 7.280791 0.097939
v 2.229635 7.280890 0.097939
v 2.229675 7.280954 0.097939
v 2.229738 7.281046 0.097939
v 2.229801 7.281133 0.097939
v 2.229866 7.281212 0.097938
v 2.229941 7.281298 0.097938
v 2.230019 7.281374 0.097938
v 2.230090 7.281437 0.097938
v 2.230168 7.281428 0.097938
v 2.232475 7.282744 0.097935
v 2.231315 7.280878 0.097939
v 2.231360 7.280802 0.097940
v 2.231356 7.280717 0.097940
v 2.231350 7.280657 0.097940
v 2.231343 7.280611 0.097940
v 2.231326 7.280514 0.097940
v 2.231304 7.280414 0.097941
v 2.231287 7.280345 0.097941
v 2.231256 7.280240 0.097941
v 2.231207 7.280096 0.097941
v 2.238004 7.276847 0.097950
v 2.231151 7.279952 0.097942
v 2.237926 7.276712 0.097951
v 2.231104 7.279843 0.097942
v 2.237871 7.276608 0.097951
v 2.231071 7.279771 0.097942
v 2.237836 7.276536 0.097951
v 2.235687 7.282971 0.097934
v 2.238085 7.276974 0.097950
v 2.238169 7.277093 0.097950
v 2.238234 7.277176 0.097949
v 2.238276 7.277227 0.097949
v 2.238352 7.277309 0.097949
v 2.238416 7.277371 0.097949
v 2.238474 7.277422 0.097949
v 2.239305 7.282422 0.097936
v 2.238562 7.277415 0.097949
v 2.239691 7.276875 0.097950
v 2.242759 7.280790 0.097940
v 2.246010 7.277917 0.097948
v 2.239750 7.276812 0.097950
v 2.239748 7.276750 0.097951
v 2.239745 7.276706 0.097951
v 2.239739 7.276646 0.097951
v 2.239727 7.276568 0.097951
v 2.239709 7.276470 0.097951
v 2.239685 7.276369 0.097952
v 2.239656 7.276264 0.097952
v 2.239622 7.276157 0.097952
v 2.246393 7.272836 0.097961
v 2.239569 7.276013 0.097952
v 2.246316 7.272701 0.097961
v 2.239525 7.275904 0.097953
v 2.239493 7.275832 0.097953
v 2.246261 7.272596 0.097962
v 2.239460 7.275760 0.097953
v 2.246226 7.272525 0.097962
v 2.246475 7.272964 0.097961
v 2.246537 7.273054 0.097961
v 2.246687 7.273240 0.097960
v 2.246601 7.273138 0.097960
v 2.246789 7.273346 0.097960
v 2.247750 7.275330 0.097955
v 2.246879 7.273424 0.097960
v 2.246847 7.273398 0.097960
v 2.246946 7.273407 0.097960
v 2.248612 7.273226 0.097961
v 2.248058 7.272879 0.097961
v 2.248098 7.272853 0.097961
v 2.248140 7.272808 0.097961
v 2.248137 7.272724 0.097961
v 2.248128 7.272635 0.097962
v 2.248116 7.272557 0.097962
v 2.248098 7.272459 0.097962
v 2.248074 7.272357 0.097962
v 2.248034 7.272218 0.097963
v 2.249178 7.270873 0.097969
v 2.247986 7.272074 0.097963
v 2.247945 7.271966 0.097963
v 2.247899 7.271857 0.097964
v 2.247849 7.271749 0.097964
v 2.249208 7.270132 0.097968
v 2.244615 7.255717 0.098005
v 2.251242 7.243777 0.098036
v 2.250314 7.250573 0.098018
v 2.250286 7.250770 0.098018
v 2.250250 7.250965 0.098017
v 2.248242 7.245297 0.098032
v 2.246293 7.242583 0.098039
v 2.247773 7.244945 0.098033
v 2.246299 7.241778 0.098041
v 2.250974 7.238348 0.098050
v 2.246277 7.240973 0.098043
v 2.246229 7.240170 0.098045
v 2.246153 7.239368 0.098047
v 2.246051 7.238570 0.098049
v 2.245922 7.237775 0.098051
v 2.245766 7.236985 0.098053
v 2.245584 7.236201 0.098055
v 2.245375 7.235423 0.098057
v 2.248211 7.228832 0.098074
v 2.245141 7.234653 0.098059
v 2.244881 7.233891 0.098061
v 2.244595 7.233138 0.098063
v 2.244284 7.232395 0.098064
v 2.243948 7.231663 0.098066
v 2.243588 7.230943 0.098068
v 2.243205 7.230235 0.098070
v 2.242797 7.229540 0.098072
v 2.242366 7.228860 0.098073
v 2.241913 7.228194 0.098075
v 2.241438 7.227544 0.098077
v 2.240941 7.226911 0.098078
v 2.240423 7.226294 0.098080
v 2.239884 7.225695 0.098081
v 2.239326 7.225114 0.098083
v 2.238749 7.224553 0.098084
v 2.238153 7.224011 0.098086
v 2.237539 7.223489 0.098087
v 2.236908 7.222989 0.098088
v 2.235986 7.220450 0.098094
v 2.236008 7.220159 0.098095
v 2.236015 7.219867 0.098096
v 2.236008 7.219575 0.098097
v 2.235985 7.219285 0.098097
v 2.235924 7.218851 0.098099
v 2.235835 7.218422 0.098100
v 2.235755 7.218142 0.098100
v 2.236847 7.216955 0.098104
v 2.235574 7.217639 0.098102
v 2.235393 7.217237 0.098103
v 2.235124 7.216760 0.098104
v 2.234874 7.216388 0.098105
v 2.234628 7.216074 0.098106
v 2.234430 7.215850 0.098106
v 2.234214 7.215632 0.098106
v 2.235859 7.221217 0.098092
v 2.236260 7.222509 0.098089
v 2.235757 7.221593 0.098092
v 2.235598 7.222053 0.098090
v 2.246260 7.243388 0.098036
v 2.247529 7.244789 0.098033
v 2.246201 7.244191 0.098034
v 2.246522 7.244303 0.098034
v 2.247059 7.244533 0.098034
v 2.248012 7.245116 0.098032
v 2.248566 7.245592 0.098031
v 2.248870 7.245907 0.098030
v 2.249206 7.246323 0.098029
v 2.249454 7.246684 0.098028
v 2.249604 7.246934 0.098028
v 2.249697 7.247105 0.098027
v 2.249825 7.247370 0.098027
v 2.249979 7.247736 0.098026
v 2.250078 7.248018 0.098025
v 2.250136 7.248209 0.098024
v 2.250210 7.248497 0.098024
v 2.250271 7.248790 0.098023
v 2.250315 7.249084 0.098022
v 2.250345 7.249382 0.098021
v 2.250357 7.249580 0.098021
v 2.250362 7.249779 0.098020
v 2.250360 7.249978 0.098020
v 2.250351 7.250176 0.098019
v 2.250336 7.250375 0.098019
v 2.250209 7.251160 0.098017
v 2.250160 7.251353 0.098016
v 2.250105 7.251544 0.098016
v 2.250044 7.251733 0.098015
v 2.249976 7.251920 0.098015
v 2.249902 7.252105 0.098014
v 2.249822 7.252287 0.098014
v 2.249736 7.252466 0.098013
v 2.249595 7.252729 0.098013
v 2.249442 7.252985 0.098012
v 2.249332 7.253151 0.098012
v 2.249156 7.253393 0.098011
v 2.248905 7.253701 0.098010
v 2.248633 7.253992 0.098009
v 2.248417 7.254198 0.098009
v 2.248190 7.254392 0.098008
v 2.247873 7.254632 0.098008
v 2.247626 7.254799 0.098007
v 2.247369 7.254952 0.098007
v 2.247106 7.255094 0.098007
v 2.246836 7.255219 0.098006
v 2.246560 7.255333 0.098006
v 2.246278 7.255432 0.098006
v 2.245895 7.255541 0.098005
v 2.245506 7.255625 0.098005
v 2.245211 7.255671 0.098005
v 2.244914 7.255701 0.098005
v 2.244416 7.255719 0.098005
v 2.244118 7.255708 0.098005
v 2.243820 7.255684 0.098005
v 2.243524 7.255643 0.098005
v 2.243134 7.255567 0.098005
v 2.242749 7.255464 0.098005
v 2.242278 7.255302 0.098006
v 2.246741 7.273298 0.097960
v 2.230203 7.281415 0.097883
v 2.230186 7.281423 0.097891
v 2.230155 7.281434 0.097907
v 2.230119 7.281443 0.097927
v 2.230233 7.281401 0.097870
v 2.230274 7.281381 0.097857
v 2.230317 7.281361 0.097849
v 2.230356 7.281342 0.097845
v 2.230377 7.281332 0.097844
v 2.231266 7.280907 0.097882
v 2.231213 7.280932 0.097862
v 2.231166 7.280954 0.097851
v 2.231131 7.280972 0.097846
v 2.231099 7.280987 0.097845
v 2.231306 7.280886 0.097902
v 2.231339 7.280862 0.097923
v 2.231357 7.280847 0.097936
v 2.238564 7.277416 0.097908
v 2.238527 7.277428 0.097928
v 2.238499 7.277433 0.097943
v 2.238601 7.277400 0.097890
v 2.238662 7.277370 0.097869
v 2.238721 7.277342 0.097858
v 2.238766 7.277321 0.097855
v 2.239662 7.276893 0.097895
v 2.239635 7.276905 0.097884
v 2.239604 7.276920 0.097873
v 2.239552 7.276945 0.097861
v 2.239510 7.276965 0.097856
v 2.239488 7.276975 0.097856
v 2.239678 7.276884 0.097903
v 2.239699 7.276872 0.097915
v 2.239733 7.276847 0.097937
v 2.246951 7.273407 0.097920
v 2.246911 7.273417 0.097941
v 2.246990 7.273389 0.097901
v 2.247022 7.273374 0.097888
v 2.247050 7.273360 0.097880
v 2.247077 7.273347 0.097873
v 2.247125 7.273324 0.097867
v 2.247156 7.273310 0.097866
v 2.248034 7.272890 0.097899
v 2.247988 7.272912 0.097883
v 2.247941 7.272934 0.097872
v 2.247909 7.272949 0.097868
v 2.247877 7.272964 0.097867
v 2.248062 7.272876 0.097911
v 2.248097 7.272855 0.097931
v 2.248126 7.272833 0.097951
v 2.249908 7.247550 0.095900
v 2.249995 7.247779 0.095968
v 2.250108 7.248107 0.095985
v 2.250242 7.248632 0.095896
v 2.250318 7.249117 0.095979
v 2.250353 7.249532 0.095967
v 2.250258 7.250910 0.095978
v 2.250071 7.251639 0.095965
v 2.249547 7.252803 0.095962
v 2.249395 7.253050 0.095968
v 2.248606 7.254010 0.095964
v 2.247982 7.254544 0.095958
v 2.246278 7.255426 0.095966
v 2.246508 7.244292 0.095988
v 2.247058 7.244527 0.095993
v 2.247939 7.245062 0.095969
v 2.248252 7.245300 0.095988
v 2.248389 7.245419 0.095991
v 2.248602 7.245619 0.095991
v 2.248806 7.245828 0.095990
v 2.248997 7.246048 0.095990
v 2.249246 7.246369 0.095986
v 2.249479 7.246720 0.095988
v 2.249697 7.247099 0.095987
v 2.246440 7.244578 0.095826
v 2.246175 7.244450 0.095817
v 2.246201 7.244186 0.095928
v 2.247530 7.244785 0.095978
v 2.248594 7.245614 0.095980
v 2.249767 7.247240 0.095976
v 2.249716 7.247261 0.095868
v 2.249191 7.246710 0.095804
v 2.248712 7.246140 0.095817
v 2.248405 7.245827 0.095821
v 2.248174 7.245618 0.095824
v 2.247926 7.245415 0.095825
v 2.247619 7.245191 0.095826
v 2.247298 7.244988 0.095827
v 2.248963 7.246473 0.095821
v 2.249389 7.247146 0.095820
v 2.249195 7.246819 0.095822
v 2.247434 7.245036 0.095815
v 2.248267 7.245620 0.095805
v 2.246853 7.244725 0.095817
v 2.249520 7.247144 0.095802
v 2.247495 7.244984 0.095807
v 2.247964 7.245205 0.095830
v 2.246948 7.244555 0.095851
v 2.248444 7.245554 0.095858
v 2.248470 7.245687 0.095813
v 2.249060 7.246370 0.095810
v 2.246191 7.244295 0.095814
v 2.249204 7.246432 0.095849
v 2.248847 7.245990 0.095845
v 2.247411 7.244839 0.095828
v 2.247259 7.244654 0.095922
v 2.248844 7.245927 0.095885
v 2.247657 7.244911 0.095887
v 2.248171 7.245262 0.095913
v 2.249541 7.246972 0.095845
v 2.249592 7.246922 0.095943
v 2.248867 7.245907 0.095950
v 2.246860 7.244450 0.095932
v 2.249347 7.246545 0.095922
v 2.248516 7.245551 0.095937
v 2.249058 7.246138 0.095939
v 2.242423 7.250643 0.097546
v 2.239140 7.252362 0.095657
v 2.239057 7.252180 0.095657
v 2.238979 7.251996 0.095658
v 2.238909 7.251809 0.095658
v 2.238844 7.251619 0.095659
v 2.238786 7.251428 0.095659
v 2.242342 7.250406 0.097547
v 2.238735 7.251235 0.095660
v 2.242303 7.250244 0.097547
v 2.238690 7.251040 0.095660
v 2.238652 7.250844 0.095661
v 2.242274 7.250042 0.097548
v 2.238621 7.250647 0.095661
v 2.238596 7.250448 0.095662
v 2.238578 7.250249 0.095662
v 2.242264 7.249912 0.097548
v 2.238566 7.250050 0.095663
v 2.242264 7.249745 0.097549
v 2.238562 7.249850 0.095663
v 2.238564 7.249650 0.095664
v 2.238573 7.249451 0.095664
v 2.242286 7.249505 0.097549
v 2.238589 7.249251 0.095665
v 2.238611 7.249053 0.095665
v 2.238641 7.248855 0.095666
v 2.238677 7.248658 0.095666
v 2.238719 7.248463 0.095667
v 2.242343 7.249233 0.097550
v 2.238769 7.248270 0.095667
v 2.238824 7.248077 0.095668
v 2.238887 7.247888 0.095668
v 2.242414 7.249022 0.097551
v 2.238955 7.247700 0.095669
v 2.239030 7.247515 0.095669
v 2.239112 7.247332 0.095670
v 2.242480 7.248869 0.097551
v 2.239199 7.247152 0.095670
v 2.239292 7.246975 0.095671
v 2.239392 7.246802 0.095671
v 2.239497 7.246632 0.095672
v 2.242588 7.248674 0.097551
v 2.239608 7.246466 0.095672
v 2.242724 7.248475 0.097552
v 2.239724 7.246303 0.095672
v 2.239846 7.246145 0.095673
v 2.239974 7.245991 0.095673
v 2.242831 7.248347 0.097552
v 2.240106 7.245841 0.095674
v 2.240243 7.245696 0.095674
v 2.242908 7.248266 0.097553
v 2.240386 7.245555 0.095674
v 2.243039 7.248148 0.097553
v 2.240533 7.245420 0.095675
v 2.240684 7.245289 0.095675
v 2.240840 7.245163 0.095675
v 2.241000 7.245044 0.095676
v 2.241164 7.244929 0.095676
v 2.241331 7.244820 0.095676
v 2.243301 7.247956 0.097553
v 2.241503 7.244717 0.095677
v 2.241678 7.244620 0.095677
v 2.243496 7.247849 0.097554
v 2.241855 7.244528 0.095677
v 2.242036 7.244443 0.095677
v 2.242220 7.244364 0.095678
v 2.242406 7.244291 0.095678
v 2.242595 7.244225 0.095678
v 2.243718 7.247755 0.097554
v 2.242786 7.244165 0.095678
v 2.243949 7.247685 0.097554
v 2.242979 7.244112 0.095678
v 2.243173 7.244064 0.095678
v 2.243369 7.244024 0.095679
v 2.244178 7.247644 0.097554
v 2.243566 7.243990 0.095679
v 2.243764 7.243963 0.095679
v 2.243963 7.243943 0.095679
v 2.244163 7.243929 0.095679
v 2.244409 7.247625 0.097554
v 2.244363 7.243923 0.095679
v 2.244539 7.247626 0.097554
v 2.244563 7.243923 0.095679
v 2.244763 7.243930 0.095679
v 2.244962 7.243943 0.095679
v 2.245181 7.243966 0.095678
v 2.244761 7.247645 0.097554
v 2.245273 7.243970 0.095675
v 2.245366 7.243966 0.095666
v 2.245421 7.243960 0.095659
v 2.245503 7.243945 0.095644
v 2.245583 7.243923 0.095626
v 2.244962 7.247682 0.097554
v 2.245653 7.243897 0.095606
v 2.245714 7.243871 0.095587
v 2.245778 7.243837 0.095563
v 2.245836 7.243801 0.095539
v 2.245883 7.243768 0.095517
v 2.245927 7.243732 0.095494
v 2.245996 7.243667 0.095454
v 2.246052 7.243605 0.095417
v 2.246100 7.243541 0.095379
v 2.246154 7.243455 0.095330
v 2.245070 7.247710 0.097554
v 2.246189 7.243386 0.095291
v 2.246212 7.243329 0.095261
v 2.246253 7.243513 0.095345
v 2.246236 7.243261 0.095224
v 2.246251 7.243209 0.095197
v 2.246268 7.243122 0.095152
v 2.246276 7.243049 0.095115
v 2.246279 7.243011 0.095097
v 2.246217 7.244004 0.095589
v 2.245219 7.247761 0.097554
v 2.245450 7.247859 0.097554
v 2.245548 7.247911 0.097554
v 2.245690 7.248000 0.097553
v 2.245825 7.248097 0.097553
v 2.245972 7.248226 0.097553
v 2.246180 7.248450 0.097552
v 2.246319 7.248647 0.097552
v 2.246441 7.248866 0.097551
v 2.242444 7.250701 0.099902
v 2.242357 7.250466 0.099903
v 2.242307 7.250269 0.099903
v 2.242273 7.250049 0.099904
v 2.242263 7.249919 0.099904
v 2.242264 7.249752 0.099905
v 2.242283 7.249531 0.099905
v 2.242316 7.249348 0.099906
v 2.242379 7.249125 0.099906
v 2.242464 7.248909 0.099907
v 2.242513 7.248809 0.099907
v 2.242597 7.248665 0.099908
v 2.242690 7.248526 0.099908
v 2.242795 7.248396 0.099908
v 2.242908 7.248273 0.099909
v 2.242989 7.248196 0.099909
v 2.243088 7.248113 0.099909
v 2.243222 7.248013 0.099909
v 2.243316 7.247952 0.099909
v 2.243413 7.247897 0.099910
v 2.243479 7.247863 0.099910
v 2.243631 7.247795 0.099910
v 2.243841 7.247721 0.099910
v 2.244022 7.247676 0.099910
v 2.244251 7.247643 0.099910
v 2.244548 7.247634 0.099910
v 2.244843 7.247666 0.099910
v 2.245131 7.247737 0.099910
v 2.245399 7.247842 0.099910
v 2.245548 7.247918 0.099910
v 2.245659 7.247986 0.099910
v 2.245796 7.248081 0.099909
v 2.245854 7.248127 0.099909
v 2.245952 7.248213 0.099909
v 2.246108 7.248372 0.099909
v 2.246247 7.248546 0.099908
v 2.246386 7.248765 0.099908
v 2.204537 7.266176 0.099860
v 2.208543 7.259188 0.099878
v 2.205337 7.266744 0.099859
v 2.207978 7.258721 0.099879
v 2.203755 7.265583 0.099862
v 2.207430 7.258236 0.099881
v 2.202993 7.264964 0.099863
v 2.206898 7.257732 0.099882
v 2.202252 7.264320 0.099865
v 2.206383 7.257212 0.099883
v 2.201533 7.263653 0.099866
v 2.205886 7.256674 0.099884
v 2.200835 7.262963 0.099868
v 2.205407 7.256120 0.099886
v 2.200161 7.262250 0.099870
v 2.199510 7.261516 0.099872
v 2.204946 7.255550 0.099887
v 2.198884 7.260760 0.099874
v 2.204505 7.254966 0.099889
v 2.198283 7.259985 0.099875
v 2.204084 7.254367 0.099890
v 2.197707 7.259190 0.099877
v 2.203682 7.253755 0.099892
v 2.197158 7.258377 0.099879
v 2.203302 7.253129 0.099893
v 2.196636 7.257546 0.099882
v 2.196141 7.256699 0.099884
v 2.202942 7.252491 0.099895
v 2.195675 7.255836 0.099886
v 2.202604 7.251842 0.099897
v 2.195236 7.254959 0.099888
v 2.202288 7.251181 0.099898
v 2.194814 7.254038 0.099890
v 2.201994 7.250511 0.099900
v 2.194424 7.253104 0.099893
v 2.201722 7.249831 0.099902
v 2.194065 7.252157 0.099895
v 2.193738 7.251198 0.099898
v 2.201473 7.249142 0.099903
v 2.193444 7.250229 0.099900
v 2.201247 7.248446 0.099905
v 2.193183 7.249251 0.099903
v 2.201045 7.247742 0.099907
v 2.192956 7.248264 0.099905
v 2.200866 7.247033 0.099909
v 2.192761 7.247271 0.099908
v 2.200711 7.246317 0.099911
v 2.192600 7.246271 0.099910
v 2.200580 7.245597 0.099912
v 2.192474 7.245266 0.099913
v 2.200473 7.244873 0.099914
v 2.192381 7.244258 0.099915
v 2.200390 7.244145 0.099916
v 2.192322 7.243248 0.099918
v 2.192298 7.242235 0.099920
v 2.200331 7.243415 0.099918
v 2.192308 7.241223 0.099923
v 2.200297 7.242684 0.099920
v 2.192352 7.240211 0.099926
v 2.200287 7.241952 0.099922
v 2.207831 7.233294 0.099944
v 2.206193 7.239041 0.099930
v 2.207857 7.233546 0.099944
v 2.206352 7.238834 0.099930
v 2.206505 7.238622 0.099931
v 2.206650 7.238404 0.099931
v 2.206789 7.238183 0.099932
v 2.206919 7.237956 0.099932
v 2.207042 7.237725 0.099933
v 2.207875 7.233799 0.099943
v 2.207884 7.234052 0.099943
v 2.192430 7.239202 0.099928
v 2.200337 7.236399 0.099936
v 2.192543 7.238195 0.099931
v 2.198954 7.236064 0.099937
v 2.199099 7.236148 0.099937
v 2.192689 7.237194 0.099933
v 2.198395 7.235553 0.099938
v 2.192869 7.236197 0.099936
v 2.198006 7.234758 0.099940
v 2.193082 7.235208 0.099939
v 2.197977 7.233783 0.099943
v 2.197946 7.234013 0.099942
v 2.193329 7.234225 0.099941
v 2.198705 7.232541 0.099946
v 2.193609 7.233253 0.099944
v 2.205307 7.228443 0.099957
v 2.205493 7.228615 0.099956
v 2.205674 7.228794 0.099956
v 2.193922 7.232289 0.099946
v 2.206068 7.227164 0.099960
v 2.205582 7.227712 0.099959
v 2.205115 7.228276 0.099957
v 2.194267 7.231337 0.099949
v 2.207631 7.225622 0.099964
v 2.207093 7.226119 0.099963
v 2.206572 7.226633 0.099961
v 2.194644 7.230398 0.099951
v 2.209940 7.223821 0.099969
v 2.209341 7.224242 0.099968
v 2.208755 7.224683 0.099967
v 2.195053 7.229471 0.099953
v 2.229609 7.212949 0.099998
v 2.230588 7.213212 0.099998
v 2.213129 7.222027 0.099974
v 2.213800 7.221733 0.099975
v 2.214480 7.221462 0.099975
v 2.215169 7.221213 0.099976
v 2.215867 7.220988 0.099977
v 2.216571 7.220785 0.099977
v 2.217281 7.220607 0.099978
v 2.217998 7.220452 0.099978
v 2.218719 7.220321 0.099978
v 2.219443 7.220213 0.099979
v 2.220171 7.220131 0.099979
v 2.220902 7.220072 0.099979
v 2.221634 7.220038 0.099979
v 2.222366 7.220028 0.099979
v 2.229132 7.217910 0.099985
v 2.222376 7.220289 0.099979
v 2.222394 7.220550 0.099978
v 2.222421 7.220809 0.099977
v 2.222457 7.221068 0.099977
v 2.229034 7.217963 0.099985
v 2.228623 7.212719 0.099999
v 2.195493 7.228559 0.099956
v 2.227628 7.212522 0.099999
v 2.195963 7.227662 0.099958
v 2.226628 7.212359 0.099999
v 2.196464 7.226781 0.099960
v 2.225623 7.212230 0.100000
v 2.196993 7.225918 0.099963
v 2.224614 7.212135 0.100000
v 2.197552 7.225074 0.099965
v 2.223603 7.212074 0.100000
v 2.198139 7.224248 0.099967
v 2.222590 7.212047 0.100000
v 2.198754 7.223443 0.099969
v 2.221576 7.212054 0.100000
v 2.199395 7.222659 0.099971
v 2.220564 7.212096 0.100000
v 2.200063 7.221898 0.099973
v 2.219553 7.212171 0.099999
v 2.200755 7.221159 0.099975
v 2.218546 7.212281 0.099999
v 2.201473 7.220444 0.099977
v 2.217542 7.212424 0.099999
v 2.202214 7.219753 0.099979
v 2.216545 7.212602 0.099998
v 2.202978 7.219088 0.099981
v 2.215554 7.212813 0.099997
v 2.203765 7.218449 0.099982
v 2.214570 7.213057 0.099997
v 2.204572 7.217837 0.099984
v 2.213595 7.213334 0.099996
v 2.205400 7.217253 0.099985
v 2.212631 7.213645 0.099995
v 2.206246 7.216697 0.099987
v 2.211677 7.213987 0.099994
v 2.207112 7.216169 0.099988
v 2.210736 7.214361 0.099993
v 2.207994 7.215672 0.099990
v 2.209807 7.214767 0.099992
v 2.208893 7.215204 0.099991
v 2.231557 7.213509 0.099997
v 2.230524 7.217718 0.099986
v 2.232516 7.213837 0.099996
v 2.231169 7.217947 0.099985
v 2.231019 7.217874 0.099986
v 2.233463 7.214198 0.099995
v 2.231493 7.218163 0.099985
v 2.234397 7.214591 0.099994
v 2.231798 7.218461 0.099984
v 2.231685 7.218338 0.099984
v 2.235317 7.215014 0.099993
v 2.236223 7.215469 0.099992
v 2.232165 7.219081 0.099983
v 2.237112 7.215954 0.099991
v 2.232220 7.219239 0.099982
v 2.237985 7.216469 0.099990
v 2.232297 7.219602 0.099981
v 2.238840 7.217013 0.099988
v 2.236055 7.224851 0.099968
v 2.232311 7.219749 0.099981
v 2.239676 7.217585 0.099987
v 2.236599 7.225301 0.099967
v 2.240492 7.218185 0.099985
v 2.237129 7.225768 0.099966
v 2.241287 7.218813 0.099984
v 2.237643 7.226252 0.099965
v 2.242061 7.219467 0.099982
v 2.238142 7.226752 0.099963
v 2.242812 7.220147 0.099981
v 2.238624 7.227268 0.099962
v 2.243539 7.220851 0.099979
v 2.244243 7.221580 0.099977
v 2.239089 7.227799 0.099961
v 2.244921 7.222332 0.099975
v 2.239538 7.228345 0.099959
v 2.245574 7.223107 0.099973
v 2.239968 7.228905 0.099958
v 2.246200 7.223903 0.099971
v 2.240380 7.229478 0.099957
v 2.246799 7.224720 0.099969
v 2.240774 7.230064 0.099955
v 2.247370 7.225556 0.099967
v 2.241148 7.230663 0.099954
v 2.247912 7.226412 0.099965
v 2.241503 7.231274 0.099952
v 2.248425 7.227285 0.099963
v 2.241839 7.231895 0.099950
v 2.248908 7.228175 0.099960
v 2.242154 7.232527 0.099949
v 2.249361 7.229081 0.099958
v 2.249770 7.229972 0.099956
v 2.242449 7.233168 0.099947
v 2.250150 7.230877 0.099954
v 2.242723 7.233819 0.099946
v 2.250500 7.231793 0.099951
v 2.242976 7.234478 0.099944
v 2.250820 7.232721 0.099949
v 2.243207 7.235145 0.099942
v 2.251109 7.233658 0.099947
v 2.243417 7.235819 0.099941
v 2.251367 7.234604 0.099944
v 2.243606 7.236499 0.099939
v 2.251595 7.235559 0.099942
v 2.243772 7.237185 0.099937
v 2.251791 7.236520 0.099939
v 2.251955 7.237487 0.099937
v 2.243916 7.237876 0.099935
v 2.252087 7.238459 0.099934
v 2.244038 7.238572 0.099934
v 2.252188 7.239434 0.099932
v 2.244138 7.239271 0.099932
v 2.252257 7.240413 0.099929
v 2.244215 7.239973 0.099930
v 2.252293 7.241393 0.099927
v 2.244269 7.240676 0.099928
v 2.252298 7.242374 0.099924
v 2.244301 7.241382 0.099926
v 2.252270 7.243354 0.099922
v 2.244310 7.242087 0.099925
v 2.252210 7.244333 0.099919
v 2.246500 7.249009 0.099907
v 2.246567 7.249191 0.099907
v 2.246605 7.249335 0.099906
v 2.246636 7.249499 0.099906
v 2.246656 7.249665 0.099905
v 2.246661 7.249795 0.099905
v 2.246658 7.249962 0.099905
v 2.246640 7.250128 0.099904
v 2.246612 7.250292 0.099904
v 2.246576 7.250437 0.099903
v 2.246530 7.250578 0.099903
v 2.250205 7.270215 0.099853
v 2.246475 7.250715 0.099903
v 2.246410 7.250849 0.099902
v 2.246356 7.250947 0.099902
v 2.246317 7.251010 0.099902
v 2.246255 7.251102 0.099902
v 2.246153 7.251234 0.099901
v 2.246042 7.251359 0.099901
v 2.245989 7.251411 0.099901
v 2.245892 7.251498 0.099901
v 2.245762 7.251603 0.099900
v 2.245654 7.251676 0.099900
v 2.245511 7.251761 0.099900
v 2.245445 7.251796 0.099900
v 2.239483 7.255764 0.099889
v 2.239285 7.255592 0.099890
v 2.250157 7.270719 0.099852
v 2.235842 7.259356 0.099880
v 2.236412 7.258896 0.099881
v 2.236966 7.258418 0.099882
v 2.250093 7.271221 0.099850
v 2.250011 7.271720 0.099849
v 2.249913 7.272217 0.099848
v 2.249798 7.272710 0.099847
v 2.235257 7.259797 0.099879
v 2.249666 7.273199 0.099845
v 2.249518 7.273683 0.099844
v 2.249353 7.274162 0.099843
v 2.249172 7.274634 0.099842
v 2.248976 7.275101 0.099840
v 2.234657 7.260218 0.099877
v 2.248764 7.275561 0.099839
v 2.248536 7.276013 0.099838
v 2.248294 7.276458 0.099837
v 2.248036 7.276894 0.099836
v 2.247764 7.277321 0.099835
v 2.234044 7.260619 0.099876
v 2.247477 7.277738 0.099833
v 2.247177 7.278146 0.099832
v 2.246863 7.278543 0.099831
v 2.246536 7.278930 0.099830
v 2.233418 7.260999 0.099875
v 2.246196 7.279305 0.099829
v 2.245843 7.279668 0.099828
v 2.245478 7.280020 0.099827
v 2.245102 7.280359 0.099827
v 2.232780 7.261359 0.099874
v 2.244714 7.280685 0.099826
v 2.244316 7.280998 0.099825
v 2.243907 7.281297 0.099824
v 2.243488 7.281582 0.099823
v 2.232130 7.261696 0.099873
v 2.243060 7.281853 0.099823
v 2.242623 7.282109 0.099822
v 2.242178 7.282351 0.099821
v 2.241724 7.282577 0.099821
v 2.231468 7.262012 0.099873
v 2.241264 7.282787 0.099820
v 2.240796 7.282982 0.099820
v 2.240322 7.283162 0.099819
v 2.239842 7.283325 0.099819
v 2.239358 7.283472 0.099818
v 2.238868 7.283602 0.099818
v 2.238374 7.283716 0.099818
v 2.237877 7.283813 0.099817
v 2.237377 7.283893 0.099817
v 2.236874 7.283957 0.099817
v 2.236369 7.284003 0.099817
v 2.235863 7.284032 0.099817
v 2.235357 7.284044 0.099816
v 2.234850 7.284039 0.099816
v 2.234344 7.284018 0.099816
v 2.233839 7.283978 0.099817
v 2.233335 7.283922 0.099817
v 2.232834 7.283849 0.099817
v 2.232335 7.283759 0.099817
v 2.231840 7.283653 0.099817
v 2.231349 7.283529 0.099818
v 2.230861 7.283390 0.099818
v 2.230380 7.283233 0.099818
v 2.229903 7.283061 0.099819
v 2.229433 7.282872 0.099819
v 2.228969 7.282668 0.099820
v 2.228513 7.282448 0.099820
v 2.228064 7.282214 0.099821
v 2.227623 7.281964 0.099821
v 2.227191 7.281699 0.099822
v 2.226768 7.281420 0.099823
v 2.230797 7.262306 0.099872
v 2.230117 7.262578 0.099871
v 2.229428 7.262826 0.099870
v 2.228731 7.263052 0.099870
v 2.228026 7.263254 0.099869
v 2.227316 7.263433 0.099869
v 2.226600 7.263588 0.099868
v 2.225879 7.263719 0.099868
v 2.225154 7.263826 0.099868
v 2.224426 7.263909 0.099867
v 2.223696 7.263968 0.099867
v 2.222964 7.264002 0.099867
v 2.222231 7.264011 0.099867
v 2.215465 7.266129 0.099861
v 2.222222 7.263758 0.099867
v 2.222204 7.263504 0.099868
v 2.222178 7.263251 0.099869
v 2.222144 7.262999 0.099869
v 2.215564 7.266077 0.099861
v 2.213910 7.266285 0.099860
v 2.214018 7.266312 0.099860
v 2.212468 7.222343 0.099973
v 2.211818 7.222681 0.099972
v 2.211179 7.223040 0.099971
v 2.210553 7.223420 0.099970
v 2.208186 7.225143 0.099965
v 2.205849 7.228979 0.099955
v 2.199087 7.232278 0.099946
v 2.206018 7.229169 0.099955
v 2.201787 7.232761 0.099945
v 2.201921 7.232927 0.099945
v 2.206181 7.229364 0.099954
v 2.202014 7.233066 0.099945
v 2.206337 7.229565 0.099954
v 2.206486 7.229771 0.099953
v 2.202051 7.233130 0.099944
v 2.206628 7.229982 0.099953
v 2.206764 7.230197 0.099952
v 2.202087 7.233195 0.099944
v 2.206892 7.230417 0.099952
v 2.207013 7.230640 0.099951
v 2.207127 7.230868 0.099951
v 2.207232 7.231098 0.099950
v 2.207331 7.231332 0.099949
v 2.207421 7.231569 0.099949
v 2.202143 7.233313 0.099944
v 2.207504 7.231809 0.099948
v 2.207579 7.232052 0.099948
v 2.207645 7.232296 0.099947
v 2.207704 7.232543 0.099946
v 2.207755 7.232792 0.099946
v 2.207797 7.233042 0.099945
v 2.201052 7.236209 0.099937
v 2.201119 7.236176 0.099937
v 2.201217 7.236124 0.099937
v 2.207885 7.234306 0.099942
v 2.207878 7.234560 0.099941
v 2.207862 7.234813 0.099941
v 2.207839 7.235065 0.099940
v 2.207806 7.235317 0.099939
v 2.207766 7.235568 0.099939
v 2.207717 7.235816 0.099938
v 2.207661 7.236064 0.099937
v 2.207596 7.236309 0.099937
v 2.208326 7.236567 0.099936
v 2.207263 7.237251 0.099934
v 2.207156 7.237490 0.099934
v 2.208516 7.236103 0.099937
v 2.226814 7.227727 0.099960
v 2.217428 7.232277 0.099948
v 2.217101 7.232447 0.099947
v 2.208722 7.235646 0.099939
v 2.208943 7.235197 0.099940
v 2.209178 7.234755 0.099941
v 2.209429 7.234320 0.099942
v 2.209693 7.233895 0.099943
v 2.209972 7.233479 0.099944
v 2.210265 7.233072 0.099945
v 2.210571 7.232675 0.099946
v 2.210890 7.232289 0.099947
v 2.211222 7.231913 0.099948
v 2.211566 7.231549 0.099949
v 2.211922 7.231196 0.099950
v 2.212290 7.230856 0.099951
v 2.212669 7.230528 0.099952
v 2.213059 7.230213 0.099953
v 2.213459 7.229911 0.099954
v 2.213869 7.229623 0.099954
v 2.214288 7.229348 0.099955
v 2.214717 7.229088 0.099956
v 2.215153 7.228842 0.099956
v 2.215598 7.228611 0.099957
v 2.216050 7.228395 0.099958
v 2.216510 7.228194 0.099958
v 2.216975 7.228008 0.099959
v 2.217447 7.227838 0.099959
v 2.217924 7.227684 0.099960
v 2.218406 7.227546 0.099960
v 2.218892 7.227424 0.099960
v 2.219383 7.227318 0.099961
v 2.219876 7.227229 0.099961
v 2.220372 7.227157 0.099961
v 2.220870 7.227101 0.099961
v 2.221370 7.227061 0.099961
v 2.221871 7.227039 0.099961
v 2.222372 7.227033 0.099962
v 2.222873 7.227044 0.099962
v 2.223374 7.227071 0.099962
v 2.223873 7.227115 0.099961
v 2.224371 7.227176 0.099961
v 2.224866 7.227254 0.099961
v 2.225359 7.227348 0.099961
v 2.225848 7.227458 0.099961
v 2.226333 7.227585 0.099960
v 2.227071 7.226998 0.099962
v 2.228014 7.227330 0.099961
v 2.218786 7.231710 0.099949
v 2.218439 7.231834 0.099949
v 2.226832 7.226891 0.099962
v 2.226597 7.226777 0.099962
v 2.226366 7.226654 0.099963
v 2.226140 7.226523 0.099963
v 2.225917 7.226386 0.099963
v 2.225700 7.226241 0.099964
v 2.225487 7.226088 0.099964
v 2.225280 7.225928 0.099965
v 2.225078 7.225762 0.099965
v 2.224883 7.225589 0.099965
v 2.224693 7.225409 0.099966
v 2.224509 7.225223 0.099966
v 2.231065 7.221859 0.099975
v 2.230963 7.221905 0.099975
v 2.230859 7.221945 0.099975
v 2.230753 7.221980 0.099975
v 2.230646 7.222010 0.099975
v 2.230537 7.222034 0.099975
v 2.230372 7.222059 0.099975
v 2.230205 7.222073 0.099975
v 2.230038 7.222073 0.099975
v 2.229871 7.222061 0.099975
v 2.229706 7.222035 0.099975
v 2.229525 7.221993 0.099975
v 2.229314 7.221923 0.099975
v 2.229161 7.221857 0.099975
v 2.229022 7.221782 0.099975
v 2.228811 7.221646 0.099976
v 2.228619 7.221486 0.099976
v 2.228469 7.221334 0.099977
v 2.228362 7.221205 0.099977
v 2.224331 7.225031 0.099967
v 2.228297 7.221115 0.099977
v 2.224160 7.224833 0.099967
v 2.223996 7.224629 0.099968
v 2.223840 7.224421 0.099968
v 2.223690 7.224206 0.099969
v 2.223547 7.223987 0.099969
v 2.228209 7.220973 0.099977
v 2.223412 7.223763 0.099970
v 2.223284 7.223535 0.099971
v 2.223165 7.223303 0.099971
v 2.223053 7.223066 0.099972
v 2.222949 7.222826 0.099972
v 2.222854 7.222583 0.099973
v 2.222766 7.222337 0.099974
v 2.222687 7.222087 0.099974
v 2.228086 7.220723 0.099978
v 2.222617 7.221836 0.099975
v 2.222555 7.221582 0.099976
v 2.222502 7.221326 0.099976
v 2.208714 7.258991 0.099879
v 2.214517 7.256420 0.099886
v 2.213499 7.262197 0.099871
v 2.208892 7.258800 0.099879
v 2.209076 7.258614 0.099880
v 2.209267 7.258435 0.099880
v 2.209463 7.258262 0.099881
v 2.209666 7.258096 0.099881
v 2.209873 7.257937 0.099882
v 2.210086 7.257786 0.099882
v 2.210304 7.257641 0.099882
v 2.210527 7.257504 0.099883
v 2.210754 7.257374 0.099883
v 2.210985 7.257252 0.099883
v 2.211221 7.257138 0.099884
v 2.211460 7.257032 0.099884
v 2.211702 7.256935 0.099884
v 2.211948 7.256845 0.099884
v 2.212197 7.256764 0.099885
v 2.212448 7.256691 0.099885
v 2.212702 7.256627 0.099885
v 2.212957 7.256571 0.099885
v 2.213214 7.256524 0.099885
v 2.213473 7.256485 0.099885
v 2.213733 7.256456 0.099886
v 2.213994 7.256435 0.099886
v 2.214255 7.256423 0.099886
v 2.214778 7.256425 0.099886
v 2.215039 7.256440 0.099886
v 2.215300 7.256463 0.099886
v 2.215560 7.256495 0.099886
v 2.215818 7.256536 0.099886
v 2.216075 7.256585 0.099885
v 2.216330 7.256643 0.099885
v 2.216583 7.256710 0.099885
v 2.217526 7.257042 0.099884
v 2.217784 7.256312 0.099886
v 2.225811 7.252329 0.099897
v 2.226158 7.252205 0.099897
v 2.216841 7.255980 0.099887
v 2.222009 7.252905 0.099895
v 2.222561 7.252907 0.099895
v 2.216377 7.255790 0.099887
v 2.217569 7.251832 0.099898
v 2.217903 7.251986 0.099897
v 2.217240 7.251667 0.099898
v 2.215919 7.255584 0.099888
v 2.215469 7.255363 0.099889
v 2.216758 7.251397 0.099899
v 2.215027 7.255128 0.099889
v 2.216289 7.251106 0.099899
v 2.214592 7.254878 0.099890
v 2.214167 7.254613 0.099890
v 2.215837 7.250789 0.099900
v 2.213750 7.254335 0.099891
v 2.215400 7.250452 0.099901
v 2.213343 7.254043 0.099892
v 2.212945 7.253737 0.099892
v 2.214982 7.250091 0.099902
v 2.212559 7.253418 0.099893
v 2.214581 7.249711 0.099903
v 2.212183 7.253087 0.099894
v 2.211818 7.252743 0.099895
v 2.214202 7.249310 0.099904
v 2.211466 7.252387 0.099896
v 2.211125 7.252019 0.099897
v 2.213842 7.248891 0.099905
v 2.210797 7.251640 0.099898
v 2.210481 7.251251 0.099899
v 2.213506 7.248454 0.099906
v 2.210179 7.250852 0.099900
v 2.213190 7.248002 0.099907
v 2.209891 7.250442 0.099901
v 2.212992 7.247691 0.099908
v 2.209616 7.250023 0.099902
v 2.212806 7.247373 0.099909
v 2.209355 7.249595 0.099903
v 2.209109 7.249158 0.099904
v 2.208878 7.248714 0.099905
v 2.212548 7.246885 0.099910
v 2.208661 7.248262 0.099906
v 2.212313 7.246387 0.099911
v 2.208460 7.247804 0.099907
v 2.208274 7.247338 0.099909
v 2.208104 7.246867 0.099910
v 2.212106 7.245875 0.099913
v 2.207950 7.246390 0.099911
v 2.211922 7.245355 0.099914
v 2.207812 7.245909 0.099912
v 2.207690 7.245423 0.099913
v 2.211768 7.244825 0.099915
v 2.207584 7.244933 0.099915
v 2.211637 7.244288 0.099917
v 2.207495 7.244441 0.099916
v 2.207422 7.243945 0.099917
v 2.207366 7.243447 0.099918
v 2.211537 7.243746 0.099918
v 2.207327 7.242948 0.099920
v 2.211462 7.243199 0.099919
v 2.207304 7.242447 0.099921
v 2.211429 7.242833 0.099920
v 2.207298 7.241946 0.099922
v 2.211407 7.242466 0.099921
v 2.207309 7.241446 0.099924
v 2.207337 7.240945 0.099925
v 2.211400 7.241914 0.099923
v 2.207381 7.240447 0.099926
v 2.211418 7.241363 0.099924
v 2.207442 7.239949 0.099927
v 2.207519 7.239454 0.099929
v 2.211467 7.240813 0.099925
v 2.207613 7.238962 0.099930
v 2.211540 7.240266 0.099927
v 2.207724 7.238473 0.099931
v 2.207851 7.237989 0.099932
v 2.211645 7.239724 0.099928
v 2.207994 7.237509 0.099934
v 2.211773 7.239188 0.099930
v 2.211932 7.238659 0.099931
v 2.212114 7.238138 0.099932
v 2.212251 7.237797 0.099933
v 2.212399 7.237460 0.099934
v 2.212645 7.236966 0.099935
v 2.212912 7.236483 0.099937
v 2.213104 7.236169 0.099937
v 2.213414 7.235713 0.099939
v 2.213744 7.235270 0.099940
v 2.213977 7.234985 0.099941
v 2.214345 7.234574 0.099942
v 2.214732 7.234180 0.099943
v 2.215001 7.233930 0.099943
v 2.215279 7.233688 0.099944
v 2.215564 7.233456 0.099945
v 2.215858 7.233233 0.099945
v 2.216159 7.233021 0.099946
v 2.216466 7.232819 0.099946
v 2.216781 7.232627 0.099947
v 2.206026 7.239243 0.099929
v 2.205853 7.239438 0.099929
v 2.205673 7.239628 0.099928
v 2.205487 7.239811 0.099928
v 2.205295 7.239989 0.099927
v 2.205096 7.240160 0.099927
v 2.204893 7.240324 0.099926
v 2.204684 7.240480 0.099926
v 2.204469 7.240630 0.099925
v 2.204250 7.240773 0.099925
v 2.204026 7.240908 0.099925
v 2.203797 7.241035 0.099924
v 2.203565 7.241154 0.099924
v 2.203328 7.241266 0.099924
v 2.203088 7.241370 0.099923
v 2.202845 7.241465 0.099923
v 2.202598 7.241552 0.099923
v 2.202348 7.241631 0.099923
v 2.202097 7.241702 0.099923
v 2.201843 7.241764 0.099922
v 2.201586 7.241817 0.099922
v 2.201329 7.241861 0.099922
v 2.201070 7.241897 0.099922
v 2.200809 7.241924 0.099922
v 2.200548 7.241942 0.099922
v 2.237504 7.257921 0.099884
v 2.238025 7.257407 0.099885
v 2.238529 7.256875 0.099886
v 2.239015 7.256327 0.099888
v 2.239093 7.255414 0.099890
v 2.238908 7.255230 0.099891
v 2.238729 7.255040 0.099891
v 2.238556 7.254843 0.099891
v 2.242644 7.251067 0.099901
v 2.238390 7.254642 0.099892
v 2.242583 7.250974 0.099902
v 2.238231 7.254434 0.099892
v 2.238079 7.254221 0.099893
v 2.237934 7.254004 0.099894
v 2.237797 7.253781 0.099894
v 2.242528 7.250877 0.099902
v 2.237667 7.253554 0.099895
v 2.237545 7.253323 0.099895
v 2.237431 7.253088 0.099896
v 2.237325 7.252849 0.099896
v 2.237227 7.252606 0.099897
v 2.237137 7.252361 0.099898
v 2.237056 7.252112 0.099898
v 2.236983 7.251862 0.099899
v 2.236919 7.251608 0.099900
v 2.236863 7.251353 0.099900
v 2.236816 7.251096 0.099901
v 2.236777 7.250837 0.099902
v 2.236748 7.250577 0.099902
v 2.236727 7.250317 0.099903
v 2.236715 7.250056 0.099904
v 2.236712 7.249794 0.099904
v 2.236717 7.249533 0.099905
v 2.236731 7.249272 0.099906
v 2.236755 7.249012 0.099906
v 2.236787 7.248753 0.099907
v 2.236827 7.248495 0.099908
v 2.236877 7.248238 0.099908
v 2.236935 7.247983 0.099909
v 2.237001 7.247730 0.099910
v 2.237334 7.246788 0.099912
v 2.237441 7.246550 0.099913
v 2.236271 7.247473 0.099910
v 2.228131 7.251220 0.099900
v 2.228439 7.251019 0.099901
v 2.236081 7.247936 0.099909
v 2.227169 7.251763 0.099899
v 2.227496 7.251593 0.099899
v 2.235875 7.248393 0.099908
v 2.235655 7.248843 0.099907
v 2.235419 7.249285 0.099905
v 2.235168 7.249719 0.099904
v 2.234904 7.250144 0.099903
v 2.234625 7.250561 0.099902
v 2.234332 7.250968 0.099901
v 2.234026 7.251364 0.099900
v 2.233707 7.251751 0.099899
v 2.233375 7.252126 0.099898
v 2.233031 7.252491 0.099897
v 2.232675 7.252843 0.099896
v 2.232307 7.253183 0.099895
v 2.231928 7.253511 0.099894
v 2.231538 7.253826 0.099894
v 2.231138 7.254128 0.099893
v 2.230728 7.254416 0.099892
v 2.230309 7.254691 0.099891
v 2.229881 7.254951 0.099891
v 2.229444 7.255198 0.099890
v 2.228999 7.255429 0.099889
v 2.228547 7.255645 0.099889
v 2.228088 7.255846 0.099888
v 2.227622 7.256032 0.099888
v 2.227150 7.256201 0.099887
v 2.226673 7.256355 0.099887
v 2.226191 7.256494 0.099886
v 2.225705 7.256615 0.099886
v 2.225215 7.256721 0.099886
v 2.224721 7.256810 0.099885
v 2.224225 7.256883 0.099885
v 2.223727 7.256939 0.099885
v 2.223227 7.256978 0.099885
v 2.222727 7.257001 0.099885
v 2.222225 7.257007 0.099885
v 2.221724 7.256996 0.099885
v 2.221223 7.256968 0.099885
v 2.220724 7.256924 0.099885
v 2.220226 7.256863 0.099885
v 2.219731 7.256786 0.099885
v 2.219239 7.256692 0.099885
v 2.218749 7.256581 0.099886
v 2.218264 7.256454 0.099886
v 2.217758 7.257145 0.099884
v 2.217986 7.257256 0.099884
v 2.218211 7.257375 0.099884
v 2.218431 7.257500 0.099883
v 2.218648 7.257633 0.099883
v 2.218860 7.257773 0.099883
v 2.219067 7.257920 0.099882
v 2.219269 7.258073 0.099882
v 2.219466 7.258233 0.099881
v 2.219658 7.258399 0.099881
v 2.219844 7.258572 0.099881
v 2.220025 7.258750 0.099880
v 2.220199 7.258934 0.099880
v 2.213566 7.262164 0.099871
v 2.213634 7.262135 0.099871
v 2.213738 7.262094 0.099871
v 2.213844 7.262059 0.099871
v 2.213952 7.262030 0.099871
v 2.214115 7.261996 0.099871
v 2.214281 7.261974 0.099871
v 2.214355 7.261969 0.099872
v 2.214429 7.261965 0.099872
v 2.214596 7.261969 0.099872
v 2.214726 7.261978 0.099872
v 2.214891 7.262004 0.099871
v 2.215054 7.262041 0.099871
v 2.215222 7.262094 0.099871
v 2.215494 7.262213 0.099871
v 2.215726 7.262350 0.099871
v 2.215846 7.262438 0.099870
v 2.215972 7.262547 0.099870
v 2.216146 7.262727 0.099870
v 2.216300 7.262925 0.099869
v 2.220367 7.259124 0.099879
v 2.220530 7.259320 0.099879
v 2.220685 7.259521 0.099878
v 2.220834 7.259726 0.099878
v 2.216379 7.263050 0.099869
v 2.220976 7.259936 0.099877
v 2.221111 7.260151 0.099877
v 2.221239 7.260370 0.099876
v 2.221360 7.260593 0.099876
v 2.221473 7.260820 0.099875
v 2.221579 7.261051 0.099874
v 2.216474 7.263231 0.099868
v 2.221678 7.261286 0.099874
v 2.221768 7.261523 0.099873
v 2.221851 7.261764 0.099873
v 2.221926 7.262007 0.099872
v 2.221993 7.262252 0.099871
v 2.222052 7.262499 0.099871
v 2.222102 7.262748 0.099870
v 2.216583 7.263517 0.099868
v 2.216644 7.263760 0.099867
v 2.216675 7.264008 0.099866
v 2.216681 7.264221 0.099866
v 2.216667 7.264406 0.099865
v 2.216619 7.264680 0.099865
v 2.216586 7.264806 0.099864
v 2.216523 7.264980 0.099864
v 2.216431 7.265183 0.099863
v 2.216347 7.265327 0.099863
v 2.216219 7.265510 0.099863
v 2.216113 7.265638 0.099862
v 2.216036 7.265719 0.099862
v 2.215927 7.265820 0.099862
v 2.215796 7.265924 0.099861
v 2.215659 7.266020 0.099861
v 2.235883 7.225049 0.099968
v 2.235705 7.225240 0.099967
v 2.235521 7.225426 0.099967
v 2.235330 7.225605 0.099966
v 2.235134 7.225777 0.099966
v 2.234932 7.225943 0.099965
v 2.234724 7.226102 0.099965
v 2.234511 7.226254 0.099964
v 2.234293 7.226398 0.099964
v 2.234071 7.226536 0.099964
v 2.233843 7.226665 0.099963
v 2.233612 7.226787 0.099963
v 2.233377 7.226901 0.099963
v 2.233137 7.227007 0.099962
v 2.232895 7.227105 0.099962
v 2.232649 7.227194 0.099962
v 2.232400 7.227276 0.099962
v 2.232149 7.227348 0.099961
v 2.231896 7.227413 0.099961
v 2.231640 7.227468 0.099961
v 2.231383 7.227516 0.099961
v 2.231124 7.227554 0.099961
v 2.230864 7.227584 0.099961
v 2.230603 7.227604 0.099961
v 2.230342 7.227617 0.099961
v 2.230081 7.227620 0.099961
v 2.231164 7.221809 0.099976
v 2.229819 7.227614 0.099961
v 2.229558 7.227600 0.099961
v 2.229297 7.227577 0.099961
v 2.229038 7.227545 0.099961
v 2.228779 7.227504 0.099961
v 2.228522 7.227455 0.099961
v 2.228267 7.227396 0.099961
v 2.227757 7.228060 0.099959
v 2.222589 7.231134 0.099951
v 2.222036 7.231132 0.099951
v 2.228210 7.228246 0.099959
v 2.226694 7.232054 0.099949
v 2.226355 7.231911 0.099949
v 2.227193 7.232290 0.099948
v 2.228658 7.228446 0.099958
v 2.227681 7.232549 0.099948
v 2.229099 7.228661 0.099958
v 2.227998 7.232736 0.099947
v 2.229532 7.228890 0.099957
v 2.229958 7.229134 0.099957
v 2.228460 7.233038 0.099947
v 2.230376 7.229391 0.099956
v 2.228909 7.233360 0.099946
v 2.230785 7.229661 0.099955
v 2.231184 7.229945 0.099955
v 2.229338 7.233706 0.099945
v 2.231575 7.230242 0.099954
v 2.229752 7.234073 0.099944
v 2.231955 7.230551 0.099953
v 2.232325 7.230873 0.099952
v 2.232685 7.231206 0.099952
v 2.230144 7.234461 0.099943
v 2.233033 7.231551 0.099951
v 2.230518 7.234867 0.099942
v 2.233370 7.231907 0.099950
v 2.233695 7.232274 0.099949
v 2.230869 7.235292 0.099941
v 2.234008 7.232652 0.099948
v 2.231200 7.235734 0.099940
v 2.234308 7.233039 0.099947
v 2.234595 7.233436 0.099946
v 2.234870 7.233842 0.099945
v 2.231506 7.236194 0.099939
v 2.235131 7.234257 0.099944
v 2.231791 7.236666 0.099938
v 2.235378 7.234681 0.099943
v 2.231967 7.236989 0.099937
v 2.235611 7.235112 0.099942
v 2.232131 7.237319 0.099936
v 2.235830 7.235550 0.099941
v 2.236034 7.235996 0.099940
v 2.236224 7.236448 0.099938
v 2.232356 7.237823 0.099935
v 2.236399 7.236906 0.099937
v 2.232557 7.238337 0.099933
v 2.236559 7.237369 0.099936
v 2.232676 7.238685 0.099932
v 2.236703 7.237837 0.099935
v 2.236832 7.238310 0.099934
v 2.236946 7.238786 0.099932
v 2.232830 7.239215 0.099931
v 2.237044 7.239266 0.099931
v 2.232960 7.239751 0.099930
v 2.237126 7.239749 0.099930
v 2.237193 7.240235 0.099929
v 2.233060 7.240294 0.099928
v 2.237243 7.240723 0.099928
v 2.233135 7.240840 0.099927
v 2.237278 7.241211 0.099926
v 2.237296 7.241701 0.099925
v 2.233169 7.241206 0.099926
v 2.237298 7.242191 0.099924
v 2.233190 7.241574 0.099925
v 2.237285 7.242681 0.099923
v 2.237255 7.243170 0.099921
v 2.233197 7.242126 0.099924
v 2.237209 7.243658 0.099920
v 2.233179 7.242677 0.099922
v 2.237148 7.244144 0.099919
v 2.237070 7.244628 0.099918
v 2.233130 7.243226 0.099921
v 2.236977 7.245109 0.099916
v 2.233057 7.243773 0.099919
v 2.236868 7.245587 0.099915
v 2.232991 7.244135 0.099918
v 2.236744 7.246061 0.099914
v 2.236604 7.246531 0.099913
v 2.232869 7.244673 0.099917
v 2.232722 7.245205 0.099916
v 2.232546 7.245728 0.099914
v 2.232346 7.246243 0.099913
v 2.232118 7.246745 0.099912
v 2.231867 7.247236 0.099910
v 2.231685 7.247556 0.099910
v 2.231493 7.247870 0.099909
v 2.231183 7.248326 0.099908
v 2.230853 7.248769 0.099906
v 2.230499 7.249192 0.099905
v 2.230126 7.249599 0.099904
v 2.229865 7.249859 0.099904
v 2.229596 7.250110 0.099903
v 2.229318 7.250351 0.099902
v 2.229033 7.250584 0.099902
v 2.228739 7.250806 0.099901
v 2.237556 7.246315 0.099913
v 2.237678 7.246084 0.099914
v 2.237809 7.245857 0.099914
v 2.237947 7.245635 0.099915
v 2.238092 7.245418 0.099916
v 2.238245 7.245205 0.099916
v 2.238405 7.244998 0.099917
v 2.238571 7.244797 0.099917
v 2.238744 7.244601 0.099918
v 2.238924 7.244411 0.099918
v 2.239110 7.244228 0.099919
v 2.239303 7.244051 0.099919
v 2.239501 7.243880 0.099920
v 2.239705 7.243716 0.099920
v 2.239914 7.243559 0.099920
v 2.240128 7.243410 0.099921
v 2.240347 7.243267 0.099921
v 2.240571 7.243132 0.099922
v 2.240800 7.243005 0.099922
v 2.241032 7.242885 0.099922
v 2.241269 7.242774 0.099923
v 2.241509 7.242670 0.099923
v 2.241753 7.242574 0.099923
v 2.241999 7.242487 0.099923
v 2.242249 7.242408 0.099924
v 2.242501 7.242338 0.099924
v 2.242755 7.242276 0.099924
v 2.243011 7.242223 0.099924
v 2.243268 7.242178 0.099924
v 2.243528 7.242142 0.099924
v 2.243788 7.242115 0.099924
v 2.244049 7.242097 0.099924
v 2.226011 7.231780 0.099950
v 2.225487 7.231607 0.099950
v 2.224955 7.231457 0.099950
v 2.224596 7.231374 0.099951
v 2.224053 7.231273 0.099951
v 2.223506 7.231196 0.099951
v 2.223140 7.231162 0.099951
v 2.221485 7.231161 0.099951
v 2.220935 7.231215 0.099951
v 2.220571 7.231267 0.099951
v 2.220208 7.231331 0.099950
v 2.219848 7.231408 0.099950
v 2.219491 7.231497 0.099950
v 2.219136 7.231597 0.099950
v 2.218097 7.231970 0.099949
v 2.217760 7.232118 0.099948
v 2.218414 7.252193 0.099897
v 2.218935 7.252379 0.099896
v 2.219465 7.252534 0.099896
v 2.220001 7.252666 0.099896
v 2.220544 7.252767 0.099896
v 2.221091 7.252843 0.099895
v 2.221457 7.252878 0.099895
v 2.222929 7.252892 0.099895
v 2.223479 7.252845 0.099896
v 2.224027 7.252773 0.099896
v 2.224389 7.252708 0.099896
v 2.224749 7.252632 0.099896
v 2.225107 7.252543 0.099896
v 2.225461 7.252442 0.099897
v 2.226500 7.252069 0.099898
v 2.226837 7.251922 0.099898
v 2.227817 7.251412 0.099899
v 2.231308 7.221723 0.099976
v 2.231445 7.221628 0.099976
v 2.231560 7.221534 0.099976
v 2.231700 7.221398 0.099977
v 2.231842 7.221239 0.099977
v 2.231908 7.221149 0.099977
v 2.231999 7.221010 0.099978
v 2.232081 7.220864 0.099978
v 2.232150 7.220711 0.099978
v 2.232208 7.220555 0.099979
v 2.232261 7.220358 0.099979
v 2.232292 7.220194 0.099980
v 2.232311 7.219972 0.099980
v 2.232270 7.219437 0.099982
v 2.232074 7.218878 0.099983
v 2.231932 7.218639 0.099984
v 2.231312 7.218033 0.099985
v 2.230758 7.217776 0.099986
v 2.230322 7.217689 0.099986
v 2.230174 7.217680 0.099986
v 2.230025 7.217681 0.099986
v 2.229822 7.217699 0.099986
v 2.229603 7.217740 0.099986
v 2.229389 7.217803 0.099986
v 2.229233 7.217863 0.099986
v 2.228907 7.218040 0.099985
v 2.228815 7.218103 0.099985
v 2.228727 7.218172 0.099985
v 2.228615 7.218269 0.099984
v 2.228510 7.218374 0.099984
v 2.228436 7.218457 0.099984
v 2.228366 7.218544 0.099984
v 2.228280 7.218665 0.099983
v 2.228168 7.218857 0.099983
v 2.228073 7.219059 0.099982
v 2.228007 7.219252 0.099982
v 2.227954 7.219468 0.099981
v 2.227929 7.219633 0.099981
v 2.227917 7.219781 0.099981
v 2.227920 7.220004 0.099980
v 2.227943 7.220225 0.099979
v 2.227963 7.220335 0.099979
v 2.228005 7.220496 0.099979
v 2.198240 7.235322 0.099939
v 2.198553 7.235735 0.099938
v 2.198686 7.235864 0.099937
v 2.198817 7.235969 0.099937
v 2.199283 7.236236 0.099936
v 2.199421 7.236289 0.099936
v 2.199618 7.236346 0.099936
v 2.199837 7.236387 0.099936
v 2.200003 7.236404 0.099936
v 2.200170 7.236407 0.099936
v 2.200448 7.236386 0.099936
v 2.200557 7.236368 0.099936
v 2.200666 7.236343 0.099936
v 2.200774 7.236314 0.099936
v 2.200880 7.236279 0.099936
v 2.200984 7.236238 0.099936
v 2.201344 7.236047 0.099937
v 2.201436 7.235984 0.099937
v 2.201524 7.235915 0.099937
v 2.201608 7.235843 0.099938
v 2.201728 7.235726 0.099938
v 2.201838 7.235601 0.099938
v 2.201907 7.235514 0.099938
v 2.202001 7.235375 0.099939
v 2.202084 7.235230 0.099939
v 2.202134 7.235130 0.099939
v 2.202218 7.234915 0.099940
v 2.202294 7.234628 0.099941
v 2.202327 7.234398 0.099941
v 2.202335 7.234231 0.099942
v 2.202334 7.234120 0.099942
v 2.202320 7.233963 0.099942
v 2.202287 7.233752 0.099943
v 2.202226 7.233529 0.099943
v 2.201612 7.232581 0.099946
v 2.201461 7.232458 0.099946
v 2.201254 7.232318 0.099947
v 2.201157 7.232263 0.099947
v 2.201090 7.232230 0.099947
v 2.200989 7.232184 0.099947
v 2.200885 7.232143 0.099947
v 2.200725 7.232094 0.099947
v 2.200545 7.232051 0.099947
v 2.200342 7.232022 0.099947
v 2.200194 7.232013 0.099947
v 2.200046 7.232014 0.099947
v 2.199842 7.232033 0.099947
v 2.199677 7.232060 0.099947
v 2.199569 7.232086 0.099947
v 2.199462 7.232118 0.099947
v 2.199357 7.232154 0.099947
v 2.199288 7.232182 0.099947
v 2.199186 7.232227 0.099947
v 2.199022 7.232315 0.099946
v 2.198882 7.232405 0.099946
v 2.198544 7.232695 0.099945
v 2.198398 7.232863 0.099945
v 2.198300 7.232998 0.099945
v 2.198223 7.233125 0.099944
v 2.198131 7.233307 0.099944
v 2.198050 7.233515 0.099943
v 2.198002 7.233675 0.099943
v 2.197937 7.234244 0.099941
v 2.197951 7.234457 0.099941
v 2.198053 7.234919 0.099940
v 2.198113 7.235074 0.099939
v 2.212515 7.265144 0.099863
v 2.212666 7.265400 0.099863
v 2.212799 7.265578 0.099862
v 2.212938 7.265728 0.099862
v 2.213105 7.265876 0.099861
v 2.213238 7.265975 0.099861
v 2.213413 7.266083 0.099861
v 2.213527 7.266143 0.099861
v 2.213681 7.266209 0.099861
v 2.213803 7.266253 0.099860
v 2.214183 7.266340 0.099860
v 2.214312 7.266355 0.099860
v 2.214442 7.266360 0.099860
v 2.214609 7.266357 0.099860
v 2.214776 7.266340 0.099860
v 2.214941 7.266313 0.099860
v 2.215049 7.266287 0.099861
v 2.215156 7.266255 0.099861
v 2.215347 7.266183 0.099861
v 2.213353 7.262278 0.099871
v 2.213212 7.262368 0.099870
v 2.213052 7.262494 0.099870
v 2.212897 7.262641 0.099870
v 2.212733 7.262830 0.099869
v 2.212647 7.262951 0.099869
v 2.212513 7.263185 0.099868
v 2.212440 7.263345 0.099868
v 2.212401 7.263449 0.099868
v 2.212354 7.263609 0.099867
v 2.212309 7.263827 0.099867
v 2.212286 7.264049 0.099866
v 2.212286 7.264271 0.099865
v 2.212308 7.264493 0.099865
v 2.212339 7.264657 0.099864
v 2.212366 7.264765 0.099864
v 2.212419 7.264923 0.099864
v 2.242767 7.251230 0.099901
v 2.242878 7.251355 0.099901
v 2.242957 7.251433 0.099901
v 2.243012 7.251483 0.099900
v 2.243143 7.251588 0.099900
v 2.243296 7.251692 0.099900
v 2.243491 7.251801 0.099900
v 2.243643 7.251870 0.099899
v 2.243819 7.251930 0.099899
v 2.244034 7.251985 0.099899
v 2.244181 7.252009 0.099899
v 2.244385 7.252025 0.099899
v 2.244570 7.252024 0.099899
v 2.244737 7.252010 0.099899
v 2.244847 7.251993 0.099899
v 2.244956 7.251971 0.099899
v 2.245064 7.251943 0.099899
v 2.245171 7.251910 0.099899
v 2.245241 7.251885 0.099900
v 2.245310 7.251857 0.099900
v 2.245378 7.251828 0.099900
v 2.202252 7.264318 0.098922
v 2.202993 7.264961 0.098921
v 2.203755 7.265580 0.098919
v 2.204537 7.266174 0.098918
v 2.205337 7.266741 0.098916
v 2.249361 7.229078 0.099016
v 2.249024 7.228401 0.099001
v 2.248433 7.227297 0.099020
v 2.247925 7.226430 0.099022
v 2.247388 7.225582 0.099025
v 2.246823 7.224751 0.099027
v 2.246230 7.223940 0.099029
v 2.245611 7.223149 0.099031
v 2.244965 7.222380 0.099033
v 2.244294 7.221632 0.099034
v 2.243598 7.220907 0.099036
v 2.242878 7.220206 0.099038
v 2.242136 7.219530 0.099040
v 2.241370 7.218879 0.099041
v 2.240708 7.218351 0.099023
v 2.239899 7.217744 0.099024
v 2.239070 7.217165 0.099026
v 2.238276 7.216656 0.098957
v 2.236522 7.215633 0.098964
v 2.231958 7.213642 0.098939
v 2.228965 7.212793 0.099024
v 2.226982 7.212410 0.099057
v 2.225976 7.212270 0.099029
v 2.224970 7.212162 0.099041
v 2.220926 7.212075 0.099035
v 2.214930 7.212963 0.099021
v 2.213953 7.213228 0.099020
v 2.212986 7.213525 0.099019
v 2.211189 7.214173 0.099051
v 2.210262 7.214561 0.099050
v 2.209348 7.214979 0.099049
v 2.208449 7.215428 0.099048
v 2.207565 7.215906 0.099047
v 2.205017 7.217515 0.099042
v 2.204206 7.218107 0.099041
v 2.203414 7.218726 0.099039
v 2.202644 7.219371 0.099037
v 2.201895 7.220042 0.099036
v 2.201170 7.220737 0.099034
v 2.200469 7.221456 0.099032
v 2.199791 7.222198 0.099030
v 2.199140 7.222962 0.099028
v 2.198514 7.223748 0.099026
v 2.197915 7.224555 0.099024
v 2.197343 7.225380 0.099022
v 2.196799 7.226225 0.099019
v 2.196284 7.227087 0.099017
v 2.195798 7.227966 0.099015
v 2.195342 7.228861 0.099012
v 2.194870 7.229874 0.099003
v 2.194010 7.232050 0.098874
v 2.193710 7.232934 0.098927
v 2.193285 7.234391 0.098998
v 2.193045 7.235366 0.098996
v 2.192839 7.236349 0.098993
v 2.192686 7.237216 0.098971
v 2.192525 7.238333 0.098988
v 2.192418 7.239331 0.098985
v 2.192345 7.240333 0.098983
v 2.192305 7.241336 0.098980
v 2.192299 7.242341 0.098978
v 2.192327 7.243344 0.098975
v 2.192388 7.244347 0.098973
v 2.192483 7.245346 0.098970
v 2.192611 7.246342 0.098968
v 2.192773 7.247334 0.098965
v 2.192958 7.248271 0.098943
v 2.193188 7.249256 0.098922
v 2.193760 7.251251 0.098789
v 2.194068 7.252147 0.098879
v 2.194426 7.253103 0.098930
v 2.194816 7.254036 0.098928
v 2.252211 7.244330 0.098977
v 2.252270 7.243351 0.098979
v 2.252296 7.242343 0.098842
v 2.252178 7.239356 0.098823
v 2.251109 7.233655 0.099004
v 2.250820 7.232718 0.099007
v 2.250500 7.231791 0.099009
v 2.250150 7.230874 0.099011
v 2.249770 7.229970 0.099014
v 2.250205 7.270212 0.098910
v 2.250002 7.271754 0.098861
v 2.249848 7.272487 0.098880
v 2.249424 7.273949 0.098878
v 2.249192 7.274557 0.098807
v 2.248945 7.275142 0.098793
v 2.247878 7.277139 0.098877
v 2.247452 7.277771 0.098875
v 2.246161 7.279336 0.098849
v 2.245624 7.279876 0.098865
v 2.245061 7.280390 0.098864
v 2.244471 7.280871 0.098862
v 2.243274 7.281714 0.098881
v 2.242569 7.282135 0.098853
v 2.241203 7.282809 0.098846
v 2.240734 7.283003 0.098845
v 2.240017 7.283262 0.098856
v 2.238797 7.283614 0.098829
v 2.235276 7.284033 0.098795
v 2.234768 7.284033 0.098854
v 2.233334 7.283906 0.098766
v 2.232867 7.283848 0.098692
v 2.231752 7.283627 0.098847
v 2.231260 7.283500 0.098842
v 2.230774 7.283353 0.098817
v 2.229343 7.282831 0.098869
v 2.228879 7.282622 0.098857
v 2.228423 7.282399 0.098858
v 2.227976 7.282159 0.098836
v 2.226768 7.281417 0.098880
v 2.226769 7.281416 0.098833
v 2.205338 7.266740 0.098869
v 2.226771 7.281413 0.098786
v 2.205340 7.266737 0.098822
v 2.226775 7.281407 0.098739
v 2.205344 7.266731 0.098775
v 2.226782 7.281397 0.098677
v 2.205351 7.266721 0.098713
v 2.226791 7.281383 0.098616
v 2.205360 7.266707 0.098652
v 2.226803 7.281366 0.098556
v 2.205372 7.266690 0.098592
v 2.226813 7.281351 0.098512
v 2.205386 7.266669 0.098534
v 2.226825 7.281333 0.098469
v 2.226838 7.281314 0.098427
v 2.205402 7.266645 0.098477
v 2.226852 7.281293 0.098387
v 2.205421 7.266618 0.098423
v 2.226868 7.281271 0.098347
v 2.205437 7.266595 0.098383
v 2.226879 7.281255 0.098322
v 2.205448 7.266579 0.098358
v 2.226890 7.281238 0.098297
v 2.205465 7.266554 0.098320
v 2.226908 7.281211 0.098260
v 2.205483 7.266527 0.098285
v 2.226928 7.281183 0.098226
v 2.205503 7.266498 0.098251
v 2.226948 7.281154 0.098193
v 2.205523 7.266468 0.098218
v 2.226976 7.281113 0.098151
v 2.205545 7.266437 0.098187
v 2.226999 7.281080 0.098122
v 2.205567 7.266404 0.098158
v 2.227022 7.281045 0.098095
v 2.205591 7.266370 0.098131
v 2.205615 7.266335 0.098106
v 2.227046 7.281011 0.098070
v 2.205639 7.266298 0.098084
v 2.227071 7.280974 0.098047
v 2.227096 7.280937 0.098027
v 2.205673 7.266249 0.098056
v 2.227122 7.280899 0.098008
v 2.205700 7.266211 0.098038
v 2.227158 7.280848 0.097986
v 2.205726 7.266171 0.098022
v 2.227185 7.280808 0.097973
v 2.205754 7.266132 0.098009
v 2.227212 7.280768 0.097962
v 2.205781 7.266092 0.097998
v 2.227240 7.280727 0.097953
v 2.205809 7.266052 0.097989
v 2.227259 7.280700 0.097948
v 2.205837 7.266010 0.097982
v 2.227287 7.280659 0.097943
v 2.205865 7.265969 0.097978
v 2.227315 7.280618 0.097940
v 2.205884 7.265942 0.097976
v 2.250204 7.270211 0.098863
v 2.250200 7.270211 0.098816
v 2.250194 7.270210 0.098769
v 2.250169 7.270506 0.098807
v 2.250181 7.270209 0.098707
v 2.250170 7.270208 0.098662
v 2.250155 7.270207 0.098616
v 2.250132 7.270205 0.098557
v 2.250148 7.270249 0.098618
v 2.250113 7.270204 0.098514
v 2.250090 7.270202 0.098472
v 2.250066 7.270200 0.098430
v 2.250039 7.270197 0.098390
v 2.250048 7.270240 0.098410
v 2.250000 7.270194 0.098339
v 2.249959 7.270191 0.098290
v 2.249913 7.270187 0.098244
v 2.249864 7.270184 0.098201
v 2.249813 7.270179 0.098161
v 2.249758 7.270185 0.098125
v 2.249702 7.270170 0.098092
v 2.249658 7.270167 0.098069
v 2.249613 7.270164 0.098049
v 2.249551 7.270159 0.098026
v 2.249504 7.270155 0.098010
v 2.249455 7.270151 0.097998
v 2.249407 7.270147 0.097987
v 2.249357 7.270144 0.097979
v 2.249308 7.270140 0.097973
v 2.249258 7.270136 0.097969
v 2.248163 7.274630 0.097960
v 2.247527 7.275929 0.097957
v 2.247036 7.276803 0.097958
v 2.246059 7.278031 0.097950
v 2.245039 7.279160 0.097949
v 2.243882 7.280199 0.097950
v 2.238542 7.282720 0.097939
v 2.237442 7.282973 0.097942
v 2.236202 7.283141 0.097947
v 2.231225 7.282464 0.097936
v 2.229109 7.281770 0.097947
v 2.228699 7.281404 0.097938
v 2.227665 7.281030 0.097957
v 2.227698 7.281205 0.097989
v 2.227396 7.281225 0.098064
v 2.227192 7.281312 0.098193
v 2.227103 7.281448 0.098373
v 2.227049 7.281530 0.098561
v 2.227063 7.281605 0.098802
v 2.227535 7.281907 0.098847
v 2.235703 7.284002 0.098666
v 2.236038 7.284019 0.098854
v 2.236709 7.283969 0.098864
v 2.237913 7.283800 0.098692
v 2.238302 7.283724 0.098819
v 2.242953 7.281903 0.098765
v 2.248633 7.275817 0.098876
v 2.250120 7.270996 0.098882
v 2.248785 7.272998 0.097967
v 2.239848 7.282344 0.097940
v 2.233062 7.282906 0.097935
v 2.228175 7.281231 0.097944
v 2.249144 7.271714 0.097977
v 2.232930 7.282972 0.097942
v 2.229995 7.282138 0.097944
v 2.241010 7.281873 0.097941
v 2.231869 7.282770 0.097945
v 2.248876 7.273212 0.097993
v 2.245378 7.278991 0.097966
v 2.241253 7.281938 0.097964
v 2.239347 7.282600 0.097950
v 2.234054 7.283182 0.097953
v 2.231017 7.282578 0.097954
v 2.246392 7.277799 0.097964
v 2.242439 7.281219 0.097952
v 2.240408 7.282344 0.097972
v 2.237130 7.283184 0.097970
v 2.234734 7.283127 0.097940
v 2.228570 7.281634 0.097970
v 2.246489 7.278031 0.098026
v 2.238142 7.283001 0.097968
v 2.235258 7.283301 0.097969
v 2.245754 7.278763 0.097995
v 2.244364 7.280028 0.097981
v 2.241674 7.281903 0.098011
v 2.231947 7.282957 0.097981
v 2.249490 7.270468 0.098018
v 2.249385 7.271528 0.098029
v 2.249200 7.272485 0.098030
v 2.248472 7.274482 0.098004
v 2.247574 7.276268 0.097994
v 2.247137 7.276995 0.097997
v 2.246954 7.277463 0.098038
v 2.242428 7.281499 0.098012
v 2.232661 7.283101 0.097978
v 2.229643 7.282198 0.097983
v 2.248003 7.275536 0.098005
v 2.240253 7.282624 0.098054
v 2.239632 7.282701 0.097999
v 2.237388 7.283273 0.098011
v 2.243880 7.280493 0.097999
v 2.243217 7.280924 0.097988
v 2.238700 7.282989 0.098005
v 2.236418 7.283394 0.098015
v 2.248995 7.273314 0.098037
v 2.245818 7.278906 0.098053
v 2.244939 7.279672 0.098019
v 2.240926 7.282322 0.098037
v 2.235319 7.283447 0.098018
v 2.233972 7.283416 0.098028
v 2.233438 7.283249 0.097987
v 2.249702 7.270335 0.098102
v 2.249632 7.271195 0.098117
v 2.231100 7.282823 0.098014
v 2.227935 7.281522 0.098049
v 2.248264 7.275530 0.098109
v 2.247607 7.276574 0.098066
v 2.244123 7.280510 0.098070
v 2.242748 7.281558 0.098122
v 2.228809 7.281970 0.098039
v 2.249160 7.273365 0.098128
v 2.248594 7.274599 0.098063
v 2.246551 7.278239 0.098120
v 2.238017 7.283307 0.098083
v 2.236920 7.283485 0.098086
v 2.232509 7.283253 0.098050
v 2.249415 7.272284 0.098110
v 2.248870 7.274312 0.098150
v 2.233466 7.283526 0.098124
v 2.231781 7.283125 0.098065
v 2.230157 7.282557 0.098036
v 2.229651 7.282497 0.098109
v 2.249845 7.270410 0.098206
v 2.244206 7.280617 0.098159
v 2.243339 7.281106 0.098084
v 2.239336 7.282989 0.098084
v 2.234453 7.283610 0.098122
v 2.228281 7.281914 0.098157
v 2.248777 7.274811 0.098233
v 2.247256 7.277374 0.098150
v 2.244745 7.280100 0.098116
v 2.242060 7.281980 0.098148
v 2.235816 7.283648 0.098142
v 2.231038 7.283031 0.098134
v 2.249609 7.271945 0.098192
v 2.241453 7.282293 0.098154
v 2.237429 7.283546 0.098178
v 2.249847 7.270975 0.098264
v 2.248457 7.275487 0.098221
v 2.247809 7.276551 0.098167
v 2.245846 7.279102 0.098143
v 2.245313 7.279621 0.098136
v 2.240575 7.282774 0.098240
v 2.235196 7.283635 0.098121
v 2.233201 7.283622 0.098231
v 2.232467 7.283468 0.098203
v 2.230419 7.282924 0.098210
v 2.248149 7.276172 0.098263
v 2.240101 7.282934 0.098222
v 2.239135 7.283186 0.098182
v 2.236505 7.283686 0.098209
v 2.249728 7.271970 0.098309
v 2.249140 7.273881 0.098238
v 2.244772 7.280324 0.098280
v 2.242843 7.281718 0.098290
v 2.227800 7.281753 0.098245
v 2.249509 7.273014 0.098343
v 2.249426 7.272926 0.098231
v 2.247472 7.277372 0.098319
v 2.243430 7.281242 0.098203
v 2.238168 7.283432 0.098191
v 2.233942 7.283759 0.098285
v 2.231486 7.283278 0.098235
v 2.228927 7.282291 0.098191
v 2.228657 7.282275 0.098298
v 2.247809 7.276843 0.098312
v 2.246001 7.279250 0.098362
v 2.245424 7.279738 0.098278
v 2.249321 7.273679 0.098357
v 2.248233 7.276218 0.098378
v 2.246987 7.277950 0.098256
v 2.246456 7.278647 0.098278
v 2.244296 7.280733 0.098300
v 2.242186 7.282086 0.098289
v 2.239403 7.283220 0.098285
v 2.235699 7.283886 0.098389
v 2.229468 7.282610 0.098261
v 2.249871 7.271487 0.098382
v 2.248764 7.275218 0.098416
v 2.241031 7.282569 0.098225
v 2.238679 7.283426 0.098299
v 2.238195 7.283563 0.098335
v 2.234944 7.283809 0.098282
v 2.249079 7.274394 0.098377
v 2.243490 7.281332 0.098315
v 2.242457 7.282057 0.098434
v 2.247116 7.278049 0.098481
v 2.245497 7.279815 0.098424
v 2.238943 7.283443 0.098413
v 2.237454 7.283716 0.098370
v 2.236205 7.283900 0.098454
v 2.235194 7.283928 0.098449
v 2.250011 7.270998 0.098487
v 2.243955 7.281118 0.098451
v 2.243344 7.281569 0.098507
v 2.233176 7.283803 0.098484
v 2.248481 7.275781 0.098399
v 2.239669 7.283228 0.098397
v 2.234437 7.283904 0.098442
v 2.233678 7.283870 0.098497
v 2.232434 7.283640 0.098417
v 2.230553 7.283285 0.098682
v 2.230610 7.283143 0.098382
v 2.228164 7.282130 0.098445
v 2.247498 7.277544 0.098504
v 2.227512 7.281745 0.098424
v 2.246545 7.278723 0.098437
v 2.242917 7.281843 0.098519
v 2.240386 7.282986 0.098405
v 2.231188 7.283413 0.098552
v 2.229667 7.282785 0.098367
v 2.228831 7.282493 0.098479
v 2.249003 7.274909 0.098615
v 2.244771 7.280520 0.098507
v 2.241667 7.282451 0.098414
v 2.237220 7.283867 0.098605
v 2.231697 7.283467 0.098399
v 2.249619 7.272979 0.098496
v 2.241104 7.282740 0.098465
v 2.238216 7.283671 0.098533
v 2.236709 7.283853 0.098449
v 2.249830 7.272250 0.098560
v 2.249434 7.273716 0.098568
v 2.249624 7.273245 0.098697
v 2.249281 7.274200 0.098604
v 2.246736 7.278693 0.098733
v 2.243998 7.281178 0.098629
v 2.240657 7.282986 0.098607
v 2.240059 7.283198 0.098610
v 2.245569 7.279892 0.098683
v 2.241946 7.282465 0.098731
v 2.239455 7.283396 0.098622
v 2.236464 7.283964 0.098665
v 2.231919 7.283630 0.098634
v 2.230010 7.283095 0.098704
v 2.250082 7.271008 0.098656
v 2.249816 7.272507 0.098703
v 2.248335 7.276275 0.098609
v 2.247402 7.277787 0.098669
v 2.244810 7.280568 0.098683
v 2.228131 7.282193 0.098605
v 2.249958 7.271759 0.098635
v 2.249484 7.273733 0.098742
v 2.247953 7.276933 0.098625
v 2.247699 7.277374 0.098708
v 2.246280 7.279165 0.098670
v 2.243383 7.281630 0.098736
v 2.239254 7.283490 0.098786
v 2.238720 7.283596 0.098629
v 2.234686 7.283993 0.098634
v 2.234134 7.284001 0.098735
v 2.248260 7.276503 0.098822
v 2.242501 7.282136 0.098646
v 2.241132 7.282806 0.098648
v 2.237301 7.283898 0.098831
v 2.232248 7.283736 0.098837
v 2.227466 7.281820 0.098625
v 2.249656 7.273223 0.098871
v 2.248652 7.275725 0.098698
v 2.243858 7.281323 0.098834
v 2.229266 7.282761 0.098657
v 2.228569 7.282453 0.098715
v 2.247128 7.278190 0.098793
v 2.252209 7.244330 0.098930
v 2.252206 7.244330 0.098883
v 2.252199 7.244329 0.098836
v 2.252187 7.244328 0.098774
v 2.252175 7.244327 0.098728
v 2.252166 7.244326 0.098698
v 2.252150 7.244325 0.098653
v 2.252125 7.244323 0.098595
v 2.252096 7.244320 0.098538
v 2.252071 7.244318 0.098497
v 2.252045 7.244316 0.098457
v 2.252006 7.244313 0.098405
v 2.251964 7.244310 0.098357
v 2.251930 7.244307 0.098322
v 2.251894 7.244304 0.098289
v 2.251844 7.244300 0.098247
v 2.251791 7.244296 0.098209
v 2.251750 7.244293 0.098183
v 2.251707 7.244289 0.098158
v 2.251663 7.244286 0.098136
v 2.251633 7.244284 0.098122
v 2.251587 7.244280 0.098103
v 2.251525 7.244275 0.098082
v 2.251477 7.244271 0.098068
v 2.251428 7.244267 0.098057
v 2.251363 7.244263 0.098045
v 2.251313 7.244258 0.098039
v 2.251264 7.244255 0.098036
v 2.249575 7.229540 0.098971
v 2.249448 7.229318 0.098819
v 2.249526 7.229561 0.098709
v 2.249243 7.229134 0.098556
v 2.249424 7.229608 0.098496
v 2.249238 7.229554 0.098333
v 2.249150 7.229732 0.098217
v 2.248944 7.229758 0.098127
v 2.249190 7.231035 0.098071
v 2.250461 7.234671 0.098066
v 2.250787 7.236241 0.098058
v 2.251205 7.239045 0.098051
v 2.251339 7.242861 0.098040
v 2.251438 7.242863 0.098050
v 2.251569 7.243364 0.098082
v 2.251711 7.243371 0.098135
v 2.251803 7.243376 0.098184
v 2.251914 7.243381 0.098261
v 2.252032 7.243387 0.098372
v 2.252134 7.243392 0.098510
v 2.252224 7.243397 0.098710
v 2.252262 7.243399 0.098892
v 2.252078 7.238388 0.098966
v 2.251940 7.237398 0.098962
v 2.251328 7.234464 0.098954
v 2.251011 7.233347 0.098917
v 2.250701 7.232378 0.098928
v 2.250360 7.231418 0.098954
v 2.249270 7.230768 0.098096
v 2.249974 7.233142 0.098065
v 2.251382 7.240887 0.098049
v 2.250879 7.235970 0.098079
v 2.251136 7.237434 0.098073
v 2.251396 7.239150 0.098077
v 2.249806 7.232155 0.098091
v 2.251513 7.240882 0.098072
v 2.251624 7.240379 0.098114
v 2.251566 7.242370 0.098074
v 2.250318 7.233554 0.098100
v 2.250607 7.234505 0.098101
v 2.251227 7.236915 0.098125
v 2.251413 7.238398 0.098106
v 2.250792 7.234456 0.098178
v 2.251597 7.239381 0.098134
v 2.251693 7.242372 0.098118
v 2.249659 7.231147 0.098168
v 2.250122 7.232572 0.098139
v 2.251758 7.241373 0.098155
v 2.250501 7.233499 0.098169
v 2.250977 7.235439 0.098149
v 2.251789 7.240370 0.098191
v 2.250086 7.232055 0.098206
v 2.251576 7.238378 0.098179
v 2.251311 7.236392 0.098213
v 2.251708 7.238362 0.098264
v 2.251890 7.242374 0.098226
v 2.251509 7.237375 0.098227
v 2.251756 7.239367 0.098220
v 2.250635 7.233459 0.098253
v 2.249667 7.230602 0.098304
v 2.250398 7.232479 0.098317
v 2.251061 7.234385 0.098394
v 2.251685 7.237348 0.098378
v 2.250091 7.231518 0.098352
v 2.251934 7.239352 0.098373
v 2.251946 7.240362 0.098310
v 2.251982 7.241368 0.098304
v 2.252062 7.242377 0.098375
v 2.249805 7.230546 0.098458
v 2.251506 7.236354 0.098378
v 2.252074 7.240355 0.098452
v 2.250778 7.233416 0.098385
v 2.251253 7.235376 0.098340
v 2.251869 7.238342 0.098427
v 2.252082 7.241366 0.098407
v 2.250228 7.231467 0.098529
v 2.252052 7.239342 0.098530
v 2.250913 7.233376 0.098581
v 2.251973 7.238330 0.098586
v 2.252223 7.241364 0.098656
v 2.252179 7.242379 0.098541
v 2.250542 7.232430 0.098483
v 2.251818 7.237328 0.098570
v 2.252177 7.240350 0.098633
v 2.249909 7.230503 0.098639
v 2.251196 7.234350 0.098592
v 2.251656 7.236326 0.098603
v 2.251429 7.235337 0.098568
v 2.250980 7.233356 0.098748
v 2.250329 7.231430 0.098771
v 2.250661 7.232390 0.098730
v 2.251511 7.235319 0.098774
v 2.252038 7.238322 0.098759
v 2.251259 7.234334 0.098750
v 2.249962 7.230481 0.098810
v 2.251723 7.236314 0.098776
v 2.251899 7.237315 0.098773
v 2.251769 7.236413 0.098959
v 2.251565 7.235435 0.098962
v 2.249984 7.230472 0.098972
v 2.252251 7.240378 0.098939
v 2.252290 7.241370 0.098933
v 2.248661 7.229445 0.098096
v 2.248638 7.229007 0.098146
v 2.248788 7.228863 0.098250
v 2.249012 7.228963 0.098381
v 2.249011 7.228683 0.098537
v 2.249088 7.228644 0.098715
v 2.249243 7.228852 0.098923
v 2.247634 7.225963 0.099008
v 2.247073 7.225113 0.098986
v 2.245863 7.223475 0.098942
v 2.244554 7.221916 0.099018
v 2.243858 7.221173 0.099020
v 2.243137 7.220453 0.099021
v 2.242392 7.219759 0.099023
v 2.241623 7.219090 0.099001
v 2.234704 7.214731 0.098980
v 2.234729 7.214808 0.098721
v 2.234691 7.214892 0.098544
v 2.233887 7.214831 0.098264
v 2.234042 7.215185 0.098149
v 2.233945 7.215385 0.098106
v 2.240222 7.219173 0.098100
v 2.245802 7.224934 0.098087
v 2.244541 7.223256 0.098094
v 2.247117 7.226872 0.098083
v 2.235520 7.216053 0.098119
v 2.238472 7.217857 0.098106
v 2.241967 7.220595 0.098101
v 2.246715 7.225955 0.098109
v 2.242612 7.220994 0.098123
v 2.243588 7.222196 0.098091
v 2.245225 7.223975 0.098103
v 2.237482 7.217109 0.098122
v 2.238771 7.217857 0.098134
v 2.247768 7.227638 0.098109
v 2.239941 7.218779 0.098118
v 2.241500 7.220004 0.098121
v 2.243684 7.222030 0.098130
v 2.236247 7.216269 0.098150
v 2.237578 7.216952 0.098174
v 2.239659 7.218325 0.098176
v 2.241575 7.219918 0.098153
v 2.244671 7.223146 0.098127
v 2.245908 7.224703 0.098127
v 2.247150 7.226267 0.098175
v 2.247612 7.227154 0.098142
v 2.240447 7.218936 0.098169
v 2.244112 7.222313 0.098171
v 2.238878 7.217700 0.098203
v 2.235389 7.215760 0.098170
v 2.246599 7.225434 0.098173
v 2.236354 7.216073 0.098249
v 2.237227 7.216565 0.098246
v 2.242704 7.220899 0.098164
v 2.243433 7.221581 0.098175
v 2.244813 7.223028 0.098196
v 2.248128 7.228007 0.098152
v 2.239793 7.218143 0.098301
v 2.244204 7.222230 0.098233
v 2.245385 7.223849 0.098163
v 2.246078 7.224578 0.098209
v 2.238122 7.217026 0.098291
v 2.241304 7.219467 0.098228
v 2.242060 7.220125 0.098226
v 2.244912 7.222944 0.098272
v 2.247785 7.227053 0.098241
v 2.248325 7.227901 0.098277
v 2.238991 7.217535 0.098328
v 2.246704 7.225363 0.098240
v 2.235470 7.215599 0.098257
v 2.240563 7.218790 0.098263
v 2.245522 7.223742 0.098249
v 2.235081 7.215249 0.098368
v 2.242158 7.220016 0.098324
v 2.243581 7.221439 0.098296
v 2.244325 7.222121 0.098356
v 2.245589 7.223690 0.098309
v 2.240640 7.218692 0.098356
v 2.241403 7.219350 0.098331
v 2.242841 7.220757 0.098268
v 2.246193 7.224494 0.098302
v 2.246788 7.225306 0.098313
v 2.247342 7.226146 0.098311
v 2.245009 7.222862 0.098379
v 2.247896 7.226988 0.098339
v 2.237313 7.216419 0.098371
v 2.241445 7.219300 0.098388
v 2.242198 7.219972 0.098375
v 2.242936 7.220660 0.098373
v 2.245699 7.223603 0.098448
v 2.246318 7.224402 0.098462
v 2.246849 7.225265 0.098379
v 2.247404 7.226107 0.098377
v 2.235592 7.215354 0.098509
v 2.240683 7.218637 0.098426
v 2.241481 7.219258 0.098449
v 2.242988 7.220606 0.098455
v 2.243703 7.221321 0.098452
v 2.236475 7.215849 0.098463
v 2.246958 7.225191 0.098551
v 2.239869 7.218039 0.098413
v 2.238225 7.216864 0.098475
v 2.242238 7.219928 0.098438
v 2.245105 7.222782 0.098528
v 2.237396 7.216279 0.098567
v 2.247510 7.226040 0.098538
v 2.239081 7.217403 0.098497
v 2.241552 7.219174 0.098612
v 2.242310 7.219849 0.098591
v 2.245781 7.223539 0.098599
v 2.239953 7.217925 0.098608
v 2.248513 7.227800 0.098496
v 2.244444 7.222014 0.098544
v 2.248050 7.226898 0.098560
v 2.235552 7.215128 0.098888
v 2.243054 7.220538 0.098594
v 2.243783 7.221244 0.098619
v 2.244505 7.221959 0.098701
v 2.248618 7.227743 0.098717
v 2.239148 7.217305 0.098690
v 2.240769 7.218528 0.098630
v 2.246445 7.224310 0.098749
v 2.247043 7.225133 0.098787
v 2.247585 7.225993 0.098710
v 2.245830 7.223501 0.098747
v 2.240815 7.218471 0.098819
v 2.241602 7.219116 0.098802
v 2.242372 7.219780 0.098831
v 2.245166 7.222731 0.098674
v 2.238300 7.216745 0.098708
v 2.236545 7.215721 0.098703
v 2.237335 7.216081 0.098900
v 2.243121 7.220470 0.098851
v 2.245213 7.222692 0.098894
v 2.247620 7.225972 0.098863
v 2.248138 7.226847 0.098796
v 2.239174 7.217268 0.098830
v 2.240002 7.217859 0.098811
v 2.244544 7.221925 0.098887
v 2.246483 7.224283 0.098976
v 2.248163 7.226833 0.098969
v 2.248661 7.227721 0.098931
v 2.243839 7.221190 0.098842
v 2.229930 7.213032 0.098989
v 2.232633 7.213904 0.098775
v 2.233547 7.214454 0.098446
v 2.230436 7.213168 0.099029
v 2.232325 7.213847 0.098618
v 2.232457 7.213976 0.098479
v 2.230055 7.213086 0.098862
v 2.229905 7.213130 0.098640
v 2.233881 7.214941 0.098204
v 2.231654 7.213965 0.098225
v 2.233651 7.215153 0.098108
v 2.231477 7.214030 0.098159
v 2.232788 7.214499 0.098158
v 2.230074 7.213646 0.098205
v 2.232572 7.214512 0.098109
v 2.232245 7.214314 0.098137
v 2.232292 7.214393 0.098110
v 2.231381 7.214115 0.098110
v 2.231860 7.214242 0.098110
v 2.230558 7.213994 0.098110
v 2.230156 7.213975 0.098111
v 2.230995 7.214041 0.098105
v 2.232979 7.214720 0.098109
v 2.231010 7.213341 0.098945
v 2.233410 7.214193 0.098839
v 2.233986 7.214488 0.098697
v 2.232734 7.213916 0.098957
v 2.234088 7.214456 0.099011
v 2.234320 7.214570 0.098911
v 2.231416 7.213494 0.098715
v 2.233431 7.214184 0.098980
v 2.233607 7.214404 0.098545
v 2.231614 7.213631 0.098580
v 2.230692 7.213397 0.098536
v 2.232997 7.214085 0.098660
v 2.230249 7.213376 0.098421
v 2.230516 7.213573 0.098303
v 2.231611 7.213772 0.098382
v 2.232264 7.214141 0.098244
v 2.232675 7.214161 0.098356
v 2.233659 7.214601 0.098353
v 2.232920 7.214390 0.098252
v 2.233337 7.214931 0.098102
v 2.227302 7.213488 0.098112
v 2.229793 7.213985 0.098110
v 2.229267 7.213761 0.098120
v 2.228832 7.213421 0.098177
v 2.228884 7.213192 0.098296
v 2.228925 7.213014 0.098462
v 2.228953 7.212894 0.098643
v 2.228969 7.212823 0.098834
v 2.221918 7.212047 0.099009
v 2.219916 7.212138 0.099035
v 2.218908 7.212235 0.099041
v 2.217905 7.212366 0.099040
v 2.216907 7.212531 0.099040
v 2.215914 7.212729 0.099039
v 2.210047 7.214670 0.098923
v 2.209121 7.215094 0.098983
v 2.208214 7.215557 0.098982
v 2.206573 7.216493 0.099019
v 2.205720 7.217037 0.099022
v 2.204756 7.217706 0.098980
v 2.203939 7.218313 0.098994
v 2.203144 7.218951 0.098983
v 2.202369 7.219612 0.099021
v 2.201619 7.220301 0.099019
v 2.200895 7.221016 0.098981
v 2.200194 7.221755 0.098979
v 2.198870 7.223301 0.098951
v 2.198246 7.224107 0.098957
v 2.197659 7.224938 0.098900
v 2.197092 7.225783 0.098903
v 2.195560 7.228424 0.098982
v 2.195061 7.229455 0.098974
v 2.195161 7.229361 0.098713
v 2.195114 7.229618 0.098573
v 2.195345 7.229445 0.098386
v 2.195106 7.230472 0.098202
v 2.195325 7.230267 0.098153
v 2.195843 7.229126 0.098165
v 2.195964 7.229185 0.098114
v 2.196841 7.228104 0.098073
v 2.198015 7.226082 0.098080
v 2.199940 7.223721 0.098084
v 2.205276 7.218616 0.098097
v 2.205916 7.218047 0.098101
v 2.213408 7.214331 0.098115
v 2.222529 7.212959 0.098117
v 2.221777 7.213166 0.098112
v 2.227971 7.212585 0.099025
v 2.227965 7.212615 0.098823
v 2.227951 7.212688 0.098633
v 2.227927 7.212813 0.098452
v 2.227878 7.213068 0.098246
v 2.227356 7.213182 0.098158
v 2.227563 7.213412 0.098118
v 2.226978 7.212431 0.098885
v 2.226958 7.212561 0.098561
v 2.226934 7.212707 0.098384
v 2.226906 7.212889 0.098249
v 2.225963 7.212293 0.098859
v 2.225948 7.212417 0.098565
v 2.225931 7.212554 0.098394
v 2.225908 7.212739 0.098256
v 2.225388 7.212882 0.098165
v 2.226358 7.213158 0.098127
v 2.223948 7.212090 0.099010
v 2.212029 7.213855 0.099024
v 2.224951 7.212182 0.098879
v 2.216837 7.212552 0.098936
v 2.215840 7.212759 0.098908
v 2.219867 7.212177 0.098818
v 2.218853 7.212265 0.098857
v 2.211933 7.213902 0.098901
v 2.210981 7.214265 0.098955
v 2.206461 7.216592 0.098827
v 2.205606 7.217144 0.098829
v 2.199524 7.222522 0.098912
v 2.196044 7.227528 0.098922
v 2.216843 7.212583 0.098800
v 2.214854 7.213013 0.098821
v 2.213872 7.213280 0.098828
v 2.200911 7.221032 0.098831
v 2.200222 7.221780 0.098773
v 2.196558 7.226650 0.098882
v 2.215861 7.212842 0.098619
v 2.207326 7.216057 0.098919
v 2.198898 7.223324 0.098767
v 2.221900 7.212082 0.098811
v 2.212903 7.213593 0.098793
v 2.210991 7.214289 0.098812
v 2.204777 7.217734 0.098786
v 2.196078 7.227547 0.098733
v 2.222959 7.212052 0.098903
v 2.208233 7.215592 0.098774
v 2.203167 7.218978 0.098787
v 2.198273 7.224126 0.098776
v 2.217844 7.212400 0.098856
v 2.211943 7.213928 0.098788
v 2.210070 7.214720 0.098710
v 2.209139 7.215131 0.098771
v 2.203971 7.218355 0.098742
v 2.202387 7.219631 0.098839
v 2.199575 7.222565 0.098671
v 2.195586 7.228437 0.098798
v 2.201641 7.220323 0.098820
v 2.197709 7.224972 0.098672
v 2.197144 7.225816 0.098670
v 2.195643 7.228466 0.098621
v 2.217854 7.212467 0.098663
v 2.211960 7.213975 0.098660
v 2.200962 7.221081 0.098637
v 2.220884 7.212129 0.098768
v 2.219876 7.212278 0.098583
v 2.218865 7.212368 0.098602
v 2.212924 7.213655 0.098633
v 2.207355 7.216106 0.098701
v 2.206496 7.216648 0.098648
v 2.224943 7.212275 0.098622
v 2.223933 7.212144 0.098759
v 2.216862 7.212685 0.098573
v 2.202432 7.219681 0.098642
v 2.222916 7.212173 0.098602
v 2.221901 7.212144 0.098647
v 2.220887 7.212204 0.098594
v 2.211013 7.214342 0.098659
v 2.208258 7.215640 0.098637
v 2.214875 7.213094 0.098619
v 2.213890 7.213341 0.098659
v 2.211996 7.214071 0.098497
v 2.210103 7.214794 0.098556
v 2.209168 7.215189 0.098617
v 2.205642 7.217198 0.098648
v 2.196123 7.227571 0.098612
v 2.221902 7.212209 0.098540
v 2.213915 7.213427 0.098510
v 2.207395 7.216174 0.098553
v 2.204823 7.217797 0.098600
v 2.203226 7.219049 0.098572
v 2.201697 7.220381 0.098604
v 2.212952 7.213739 0.098495
v 2.211052 7.214437 0.098496
v 2.202477 7.219731 0.098522
v 2.200300 7.221851 0.098543
v 2.198330 7.224168 0.098607
v 2.197234 7.225873 0.098486
v 2.196633 7.226694 0.098610
v 2.223927 7.212258 0.098533
v 2.217870 7.212571 0.098493
v 2.208294 7.215707 0.098516
v 2.198960 7.223372 0.098587
v 2.224932 7.212388 0.098456
v 2.206553 7.216740 0.098477
v 2.205701 7.217285 0.098482
v 2.204035 7.218436 0.098533
v 2.203261 7.219090 0.098491
v 2.198422 7.224236 0.098433
v 2.197821 7.225049 0.098450
v 2.201758 7.220445 0.098468
v 2.201037 7.221154 0.098466
v 2.222914 7.212290 0.098443
v 2.214915 7.213250 0.098405
v 2.204886 7.217885 0.098448
v 2.200362 7.221907 0.098430
v 2.199659 7.222636 0.098481
v 2.199080 7.223468 0.098381
v 2.196251 7.227642 0.098403
v 2.212034 7.214175 0.098374
v 2.211111 7.214580 0.098339
v 2.196767 7.226773 0.098388
v 2.224924 7.212487 0.098358
v 2.223921 7.212369 0.098399
v 2.221903 7.212296 0.098432
v 2.220892 7.212301 0.098461
v 2.219884 7.212386 0.098437
v 2.218879 7.212485 0.098437
v 2.210160 7.214921 0.098388
v 2.209228 7.215312 0.098430
v 2.208356 7.215823 0.098367
v 2.207454 7.216276 0.098406
v 2.203369 7.219219 0.098325
v 2.202532 7.219793 0.098421
v 2.197374 7.225963 0.098309
v 2.195776 7.228532 0.098404
v 2.220899 7.212460 0.098314
v 2.219899 7.212560 0.098289
v 2.218898 7.212648 0.098297
v 2.217893 7.212723 0.098340
v 2.216898 7.212877 0.098349
v 2.213006 7.213902 0.098327
v 2.209288 7.215433 0.098308
v 2.204110 7.218533 0.098385
v 2.201828 7.220518 0.098361
v 2.198511 7.224302 0.098323
v 2.223917 7.212450 0.098329
v 2.207949 7.216128 0.098308
v 2.202649 7.219924 0.098271
v 2.201121 7.221236 0.098346
v 2.197949 7.225138 0.098295
v 2.196401 7.227724 0.098251
v 2.221905 7.212444 0.098304
v 2.210220 7.215055 0.098271
v 2.199165 7.223536 0.098286
v 2.222911 7.212402 0.098337
v 2.215911 7.213081 0.098344
v 2.213975 7.213630 0.098309
v 2.204981 7.218016 0.098296
v 2.201951 7.220646 0.098231
v 2.200443 7.221981 0.098324
v 2.199778 7.222737 0.098318
v 2.224908 7.212658 0.098241
v 2.222908 7.212543 0.098244
v 2.204201 7.218650 0.098267
v 2.195928 7.228609 0.098252
v 2.223907 7.212616 0.098226
v 2.216923 7.213016 0.098248
v 2.215942 7.213219 0.098246
v 2.214962 7.213430 0.098258
v 2.217923 7.212923 0.098213
v 2.212102 7.214357 0.098237
v 2.205800 7.217432 0.098309
v 2.200884 7.221705 0.098233
v 2.199922 7.222860 0.098195
v 2.221408 7.212625 0.098208
v 2.207601 7.216531 0.098201
v 2.206652 7.216898 0.098301
v 2.218923 7.212862 0.098183
v 2.209387 7.215635 0.098181
v 2.208460 7.216018 0.098217
v 2.206779 7.217101 0.098170
v 2.205100 7.218180 0.098184
v 2.196551 7.227806 0.098159
v 2.213543 7.213933 0.098207
v 2.210740 7.214993 0.098193
v 2.200953 7.221770 0.098183
v 2.198364 7.224816 0.098201
v 2.196951 7.226883 0.098222
v 2.216952 7.213168 0.098179
v 2.219914 7.212746 0.098189
v 2.214997 7.213569 0.098188
v 2.213587 7.214076 0.098152
v 2.199299 7.223642 0.098185
v 2.222407 7.212703 0.098171
v 2.211711 7.214733 0.098150
v 2.203517 7.219398 0.098181
v 2.202808 7.220102 0.098152
v 2.201730 7.221136 0.098142
v 2.197530 7.226063 0.098191
v 2.196934 7.227450 0.098107
v 2.215979 7.213387 0.098170
v 2.205937 7.217635 0.098171
v 2.198478 7.224897 0.098140
v 2.223898 7.212787 0.098157
v 2.220915 7.212788 0.098154
v 2.219679 7.212916 0.098142
v 2.222406 7.212812 0.098139
v 2.217953 7.213120 0.098142
v 2.209903 7.215559 0.098134
v 2.207698 7.216698 0.098132
v 2.206465 7.217533 0.098116
v 2.205228 7.218357 0.098116
v 2.204359 7.218853 0.098146
v 2.199174 7.224177 0.098107
v 2.203840 7.219398 0.098118
v 2.200734 7.222248 0.098123
v 2.200075 7.222991 0.098121
v 2.196288 7.228930 0.098078
v 2.216503 7.213467 0.098124
v 2.208554 7.216193 0.098143
v 2.198035 7.225800 0.098097
v 2.224386 7.212941 0.098128
v 2.214808 7.213827 0.098129
v 2.211393 7.215069 0.098107
v 2.202938 7.220249 0.098103
v 2.201833 7.221241 0.098106
v 2.197055 7.227520 0.098081
v 2.225239 7.213122 0.098116
v 2.218467 7.213216 0.098115
v 2.208755 7.216308 0.098108
v 2.201704 7.221548 0.098091
v 2.200520 7.222721 0.098092
v 2.220371 7.213027 0.098117
v 2.215804 7.213739 0.098112
v 2.203844 7.219596 0.098097
v 2.199361 7.224166 0.098086
v 2.224475 7.218134 0.098100
v 2.223674 7.218074 0.098100
v 2.224642 7.217672 0.098101
v 2.224867 7.217183 0.098102
v 2.222868 7.218041 0.098100
v 2.225081 7.216798 0.098103
v 2.222063 7.218036 0.098100
v 2.225240 7.216550 0.098104
v 2.225504 7.216197 0.098105
v 2.225791 7.215861 0.098105
v 2.226068 7.215583 0.098106
v 2.226362 7.215324 0.098107
v 2.226673 7.215085 0.098108
v 2.226999 7.214867 0.098108
v 2.227470 7.214604 0.098109
v 2.227871 7.214420 0.098109
v 2.228145 7.214314 0.098110
v 2.228331 7.214252 0.098110
v 2.228614 7.214171 0.098110
v 2.228997 7.214084 0.098110
v 2.229384 7.214023 0.098110
v 2.221257 7.218058 0.098100
v 2.220453 7.218106 0.098099
v 2.219650 7.218181 0.098099
v 2.218851 7.218284 0.098099
v 2.218055 7.218412 0.098098
v 2.217265 7.218568 0.098098
v 2.216480 7.218750 0.098097
v 2.215702 7.218958 0.098097
v 2.214931 7.219193 0.098096
v 2.214168 7.219453 0.098095
v 2.213414 7.219738 0.098095
v 2.212671 7.220049 0.098094
v 2.211938 7.220384 0.098093
v 2.211217 7.220744 0.098092
v 2.210509 7.221128 0.098091
v 2.209814 7.221535 0.098090
v 2.209133 7.221965 0.098089
v 2.208467 7.222418 0.098087
v 2.207816 7.222893 0.098086
v 2.207181 7.223389 0.098085
v 2.206564 7.223907 0.098084
v 2.205965 7.224445 0.098082
v 2.205384 7.225002 0.098081
v 2.204822 7.225579 0.098079
v 2.204279 7.226175 0.098078
v 2.203757 7.226788 0.098076
v 2.200703 7.228338 0.098072
v 2.200262 7.228313 0.098072
v 2.199723 7.228325 0.098072
v 2.199333 7.228365 0.098072
v 2.198946 7.228432 0.098071
v 2.198565 7.228523 0.098071
v 2.198190 7.228641 0.098071
v 2.197824 7.228782 0.098070
v 2.197469 7.228948 0.098070
v 2.197209 7.229086 0.098070
v 2.196958 7.229239 0.098069
v 2.196596 7.229492 0.098069
v 2.196179 7.229833 0.098068
v 2.195894 7.230108 0.098066
v 2.203256 7.227418 0.098074
v 2.201140 7.228398 0.098072
v 2.202776 7.228065 0.098073
v 2.201667 7.228513 0.098071
v 2.202322 7.228724 0.098071
v 2.224541 7.217934 0.096056
v 2.224648 7.217654 0.096054
v 2.224854 7.217202 0.096054
v 2.225410 7.216313 0.096060
v 2.225695 7.215961 0.095991
v 2.226260 7.215404 0.096060
v 2.227778 7.214455 0.096060
v 2.228055 7.214342 0.096066
v 2.228222 7.214282 0.096070
v 2.229709 7.213985 0.096067
v 2.230557 7.213989 0.096056
v 2.230889 7.214022 0.096068
v 2.231661 7.214176 0.095989
v 2.232066 7.214304 0.096067
v 2.233590 7.215104 0.096061
v 2.233928 7.215367 0.096067
v 2.234874 7.216382 0.096063
v 2.235437 7.217328 0.096042
v 2.224804 7.218067 0.095892
v 2.224518 7.218026 0.096017
v 2.225086 7.216787 0.096055
v 2.225967 7.215675 0.096059
v 2.231233 7.214079 0.096065
v 2.232916 7.214682 0.096060
v 2.234220 7.215633 0.096060
v 2.234631 7.216066 0.096000
v 2.234285 7.216123 0.095900
v 2.234086 7.215908 0.095899
v 2.233777 7.215624 0.095900
v 2.233292 7.215250 0.095901
v 2.232934 7.215019 0.095900
v 2.232677 7.214877 0.095900
v 2.232483 7.214787 0.095902
v 2.232125 7.214634 0.095902
v 2.231057 7.214340 0.095902
v 2.230536 7.214274 0.095901
v 2.229132 7.214352 0.095903
v 2.228542 7.214485 0.095901
v 2.228130 7.214621 0.095900
v 2.229172 7.217883 0.097629
v 2.227571 7.214875 0.095902
v 2.227238 7.215059 0.095901
v 2.226892 7.215283 0.095900
v 2.225934 7.216136 0.095899
v 2.225755 7.216346 0.095898
v 2.225558 7.216609 0.095898
v 2.225290 7.217002 0.095892
v 2.225108 7.217338 0.095893
v 2.224940 7.217716 0.095895
v 2.234644 7.216551 0.095895
v 2.234876 7.216910 0.095897
v 2.234949 7.216985 0.095887
v 2.235087 7.217279 0.095897
v 2.235199 7.217494 0.095894
v 2.224479 7.218128 0.096044
v 2.224680 7.218146 0.095866
v 2.229615 7.214274 0.095899
v 2.230116 7.214262 0.095903
v 2.226422 7.215637 0.095896
v 2.227467 7.214875 0.095886
v 2.227883 7.214709 0.095896
v 2.230387 7.214220 0.095888
v 2.231634 7.214473 0.095902
v 2.226187 7.215864 0.095897
v 2.231402 7.214342 0.095883
v 2.234435 7.216282 0.095895
v 2.225677 7.216369 0.095882
v 2.226841 7.215245 0.095882
v 2.233488 7.215353 0.095889
v 2.226118 7.215798 0.095879
v 2.232127 7.214582 0.095886
v 2.228182 7.214551 0.095884
v 2.232745 7.214798 0.095883
v 2.235316 7.217526 0.095876
v 2.227447 7.214810 0.095883
v 2.229029 7.214320 0.095887
v 2.225100 7.217144 0.095876
v 2.231395 7.214287 0.095886
v 2.228234 7.214464 0.095884
v 2.234048 7.215751 0.095880
v 2.234786 7.216620 0.095877
v 2.230554 7.214145 0.095888
v 2.226729 7.215192 0.095897
v 2.232221 7.214505 0.095894
v 2.226373 7.215435 0.095912
v 2.224849 7.217515 0.095891
v 2.225112 7.216877 0.095926
v 2.229753 7.214152 0.095886
v 2.234248 7.215856 0.095891
v 2.225872 7.215916 0.095910
v 2.227990 7.214458 0.095920
v 2.233385 7.215124 0.095894
v 2.228951 7.214254 0.095886
v 2.230137 7.214071 0.095910
v 2.228410 7.214313 0.095917
v 2.232548 7.214599 0.095913
v 2.234406 7.215890 0.095955
v 2.234757 7.216384 0.095911
v 2.235242 7.217178 0.095902
v 2.225414 7.216517 0.095894
v 2.227367 7.214779 0.095901
v 2.229059 7.214163 0.095911
v 2.227319 7.214673 0.095990
v 2.229606 7.214061 0.095935
v 2.228560 7.214206 0.095987
v 2.226762 7.215048 0.095984
v 2.227538 7.214599 0.095976
v 2.230827 7.214091 0.095929
v 2.231405 7.214219 0.095909
v 2.233781 7.215323 0.095938
v 2.231520 7.214166 0.095995
v 2.224515 7.218129 0.095925
v 2.235160 7.216805 0.095992
v 2.225955 7.215713 0.095994
v 2.231057 7.214063 0.096008
v 2.230183 7.213969 0.096002
v 2.224775 7.217416 0.095980
v 2.229763 7.213996 0.096010
v 2.226398 7.215311 0.095999
v 2.228822 7.214112 0.095995
v 2.232210 7.214380 0.095997
v 2.234096 7.215530 0.096008
v 2.225089 7.216806 0.096001
v 2.225336 7.216431 0.096006
v 2.233732 7.215226 0.096009
v 2.226572 7.215154 0.096060
v 2.228176 7.214316 0.096001
v 2.232837 7.214658 0.096000
v 2.233269 7.214882 0.095991
v 2.226902 7.214922 0.096063
v 2.229312 7.214027 0.096059
v 2.232531 7.214489 0.096053
v 2.228386 7.214230 0.096066
v 2.224793 7.222409 0.095733
v 2.228076 7.220690 0.097622
v 2.224711 7.222231 0.095733
v 2.224636 7.222050 0.095733
v 2.224566 7.221867 0.095734
v 2.224503 7.221682 0.095734
v 2.227995 7.220454 0.097623
v 2.224445 7.221494 0.095735
v 2.224394 7.221305 0.095735
v 2.224349 7.221114 0.095736
v 2.227963 7.220328 0.097623
v 2.224311 7.220922 0.095736
v 2.224279 7.220729 0.095737
v 2.224253 7.220534 0.095737
v 2.227928 7.220098 0.097624
v 2.224234 7.220339 0.095738
v 2.224222 7.220144 0.095738
v 2.224216 7.219948 0.095739
v 2.224216 7.219752 0.095739
v 2.227916 7.219867 0.097624
v 2.224223 7.219556 0.095740
v 2.224237 7.219361 0.095740
v 2.227922 7.219700 0.097625
v 2.224260 7.219126 0.095740
v 2.224263 7.219037 0.095736
v 2.224258 7.218941 0.095726
v 2.224245 7.218858 0.095713
v 2.227948 7.219498 0.097625
v 2.224224 7.218771 0.095695
v 2.224191 7.218674 0.095669
v 2.224164 7.218613 0.095650
v 2.227973 7.219370 0.097625
v 2.224131 7.218550 0.095627
v 2.224101 7.218501 0.095607
v 2.224052 7.218432 0.095574
v 2.223992 7.218362 0.095536
v 2.227991 7.219298 0.097626
v 2.223928 7.218300 0.095497
v 2.223884 7.218263 0.095471
v 2.223838 7.218228 0.095444
v 2.223790 7.218197 0.095417
v 2.223735 7.218166 0.095386
v 2.223651 7.218125 0.095339
v 2.223600 7.218105 0.095311
v 2.223555 7.218090 0.095287
v 2.223806 7.218074 0.095408
v 2.223486 7.218072 0.095251
v 2.223382 7.218054 0.095197
v 2.223318 7.218048 0.095165
v 2.224297 7.218111 0.095653
v 2.228023 7.219192 0.097626
v 2.228074 7.219052 0.097626
v 2.228168 7.218850 0.097627
v 2.228291 7.218643 0.097627
v 2.228389 7.218507 0.097628
v 2.228460 7.218422 0.097628
v 2.228562 7.218314 0.097628
v 2.228713 7.218177 0.097629
v 2.228908 7.218034 0.097629
v 2.229066 7.217937 0.097629
v 2.229302 7.217828 0.097629
v 2.229442 7.217778 0.097630
v 2.229685 7.217716 0.097630
v 2.229896 7.217684 0.097630
v 2.230099 7.217672 0.097630
v 2.230248 7.217676 0.097630
v 2.230414 7.217693 0.097630
v 2.230713 7.217758 0.097630
v 2.231019 7.217867 0.097630
v 2.231169 7.217940 0.097629
v 2.231312 7.218027 0.097629
v 2.231479 7.218145 0.097629
v 2.231632 7.218279 0.097628
v 2.231750 7.218399 0.097628
v 2.231845 7.218512 0.097628
v 2.231977 7.218703 0.097627
v 2.232122 7.218972 0.097627
v 2.232198 7.219162 0.097626
v 2.232245 7.219322 0.097626
v 2.232290 7.219540 0.097625
v 2.232313 7.219817 0.097625
v 2.232309 7.220039 0.097624
v 2.232283 7.220242 0.097624
v 2.232249 7.220406 0.097623
v 2.232189 7.220601 0.097623
v 2.232143 7.220722 0.097622
v 2.232113 7.220790 0.097622
v 2.232081 7.220857 0.097622
v 2.232000 7.221003 0.097622
v 2.231909 7.221143 0.097621
v 2.231787 7.221295 0.097621
v 2.231615 7.221478 0.097620
v 2.231532 7.221551 0.097620
v 2.231445 7.221621 0.097620
v 2.231276 7.221736 0.097620
v 2.231081 7.221844 0.097619
v 2.230911 7.221918 0.097619
v 2.230700 7.221988 0.097619
v 2.230454 7.222040 0.097619
v 2.230206 7.222066 0.097619
v 2.230038 7.222066 0.097619
v 2.229872 7.222054 0.097619
v 2.229643 7.222015 0.097619
v 2.229472 7.221972 0.097619
v 2.229280 7.221902 0.097619
v 2.229087 7.221811 0.097619
v 2.228872 7.221683 0.097620
v 2.228781 7.221618 0.097620
v 2.228619 7.221478 0.097620
v 2.228445 7.221299 0.097621
v 2.228341 7.221169 0.097621
v 2.228247 7.221030 0.097621
v 2.228164 7.220885 0.097622
v 2.235353 7.217874 0.095895
v 2.235445 7.218090 0.095889
v 2.235559 7.218524 0.095892
v 2.235718 7.219741 0.095890
v 2.235718 7.220026 0.095890
v 2.235712 7.220217 0.095888
v 2.235684 7.220500 0.095889
v 2.235547 7.221247 0.095887
v 2.235444 7.221614 0.095883
v 2.235747 7.222146 0.095644
v 2.236152 7.222425 0.095398
v 2.236316 7.222586 0.095288
v 2.236282 7.222574 0.095307
v 2.235721 7.222553 0.095571
v 2.235441 7.222671 0.095671
v 2.235521 7.222628 0.095645
v 2.235287 7.222787 0.095711
v 2.235171 7.222915 0.095729
v 2.235008 7.223160 0.095731
v 2.235124 7.222981 0.095732
v 2.234893 7.223324 0.095731
v 2.234773 7.223484 0.095730
v 2.234647 7.223639 0.095730
v 2.234517 7.223791 0.095730
v 2.234381 7.223938 0.095729
v 2.234240 7.224080 0.095729
v 2.234095 7.224217 0.095729
v 2.233945 7.224349 0.095728
v 2.233791 7.224476 0.095728
v 2.233632 7.224598 0.095728
v 2.233469 7.224714 0.095727
v 2.233303 7.224825 0.095727
v 2.233133 7.224930 0.095727
v 2.232959 7.225029 0.095726
v 2.232782 7.225123 0.095726
v 2.232602 7.225210 0.095726
v 2.232420 7.225291 0.095726
v 2.232234 7.225366 0.095725
v 2.232046 7.225435 0.095725
v 2.231856 7.225497 0.095725
v 2.231664 7.225553 0.095725
v 2.231470 7.225602 0.095725
v 2.231275 7.225645 0.095725
v 2.231078 7.225680 0.095725
v 2.230880 7.225709 0.095725
v 2.230681 7.225732 0.095724
v 2.230482 7.225748 0.095724
v 2.230282 7.225757 0.095724
v 2.230082 7.225759 0.095724
v 2.229882 7.225755 0.095724
v 2.229682 7.225743 0.095724
v 2.229483 7.225725 0.095724
v 2.229285 7.225701 0.095724
v 2.229087 7.225669 0.095724
v 2.228891 7.225631 0.095725
v 2.228696 7.225586 0.095725
v 2.228503 7.225535 0.095725
v 2.228311 7.225477 0.095725
v 2.228122 7.225413 0.095725
v 2.227935 7.225342 0.095725
v 2.227750 7.225265 0.095725
v 2.227568 7.225182 0.095726
v 2.227389 7.225092 0.095726
v 2.227213 7.224997 0.095726
v 2.227041 7.224896 0.095726
v 2.226872 7.224789 0.095727
v 2.226707 7.224676 0.095727
v 2.226546 7.224558 0.095727
v 2.226388 7.224434 0.095727
v 2.226235 7.224306 0.095728
v 2.226087 7.224172 0.095728
v 2.225943 7.224032 0.095728
v 2.225804 7.223889 0.095729
v 2.225670 7.223741 0.095729
v 2.225541 7.223588 0.095730
v 2.225417 7.223431 0.095730
v 2.225299 7.223269 0.095730
v 2.225186 7.223104 0.095731
v 2.225079 7.222936 0.095731
v 2.224978 7.222764 0.095732
v 2.224883 7.222588 0.095732
v 2.235229 7.222847 0.095722
v 2.235345 7.222738 0.095698
v 2.235390 7.222705 0.095686
v 2.235590 7.222596 0.095621
v 2.235640 7.222578 0.095603
v 2.235789 7.222538 0.095543
v 2.235865 7.222528 0.095510
v 2.235942 7.222523 0.095476
v 2.235999 7.222523 0.095449
v 2.236056 7.222527 0.095422
v 2.236135 7.222538 0.095383
v 2.236229 7.222558 0.095335
v 2.236389 7.222618 0.095248
v 2.236479 7.222665 0.095196
v 2.236538 7.222703 0.095160
v 2.236558 7.222717 0.095148
v 2.235557 7.217587 0.096062
v 2.235548 7.217865 0.095897
v 2.235351 7.221884 0.095882
v 2.235594 7.222044 0.096014
v 2.235695 7.221779 0.096047
v 2.235809 7.221406 0.096047
v 2.235929 7.220868 0.098093
v 2.235950 7.220734 0.096038
v 2.235986 7.220444 0.096055
v 2.235950 7.220633 0.095999
v 2.236015 7.219855 0.095972
v 2.235950 7.219014 0.096047
v 2.235854 7.218496 0.096057
v 2.235781 7.218231 0.096045
v 2.235667 7.219054 0.095890
v 2.235705 7.219386 0.095888
v 2.235728 7.219743 0.095886
v 2.235624 7.220912 0.095886
v 2.235694 7.220593 0.095879
v 2.235784 7.219791 0.095871
v 2.235551 7.221403 0.095870
v 2.235780 7.218990 0.095875
v 2.235632 7.218394 0.095874
v 2.235766 7.220837 0.095871
v 2.235862 7.219977 0.095877
v 2.235784 7.218565 0.095912
v 2.235837 7.220967 0.095912
v 2.235521 7.221992 0.095871
v 2.235592 7.217849 0.095927
v 2.236001 7.219454 0.095973
v 2.235722 7.218172 0.095946
v 2.235911 7.220503 0.095918
v 2.235410 7.217368 0.095950
v 2.236002 7.220191 0.096027
v 2.235571 7.222027 0.095919
v 2.235641 7.217832 0.096012
v 2.235688 7.217931 0.096058
v 2.235885 7.218772 0.095974
v 2.235882 7.221052 0.096002
v 2.235811 7.221318 0.095978
v 2.236560 7.222674 0.080182
v 2.237785 7.223642 0.080180
v 2.238374 7.224155 0.080179
v 2.238946 7.224687 0.080177
v 2.239490 7.225227 0.080075
v 2.240035 7.225806 0.080175
v 2.240552 7.226391 0.080173
v 2.241050 7.226993 0.080172
v 2.241528 7.227611 0.080170
v 2.241985 7.228243 0.080168
v 2.242421 7.228891 0.080167
v 2.242837 7.229552 0.080165
v 2.243230 7.230227 0.080163
v 2.243601 7.230913 0.080162
v 2.243950 7.231612 0.080160
v 2.236470 7.222626 0.080089
v 2.237177 7.223145 0.080114
v 2.236649 7.222798 0.079908
v 2.236713 7.222980 0.079686
v 2.236909 7.223321 0.079509
v 2.236717 7.223629 0.079294
v 2.237512 7.224597 0.079242
v 2.236079 7.223326 0.079259
v 2.241657 7.229521 0.079223
v 2.244837 7.237044 0.079207
v 2.245416 7.243060 0.079195
v 2.245628 7.242718 0.079247
v 2.246041 7.243042 0.079502
v 2.246278 7.242661 0.080005
v 2.246256 7.243079 0.080023
v 2.246280 7.242969 0.080131
v 2.246300 7.242188 0.080133
v 2.246294 7.241847 0.080038
v 2.246295 7.241408 0.080135
v 2.246282 7.241033 0.080096
v 2.246264 7.240628 0.080137
v 2.246236 7.240220 0.080098
v 2.246208 7.239849 0.080139
v 2.246126 7.239073 0.080141
v 2.246020 7.238300 0.080143
v 2.246000 7.238198 0.080127
v 2.245888 7.237530 0.080145
v 2.245780 7.236997 0.080106
v 2.245731 7.236766 0.080147
v 2.245596 7.236204 0.080084
v 2.245549 7.236006 0.080149
v 2.245343 7.235254 0.080151
v 2.245112 7.234508 0.080153
v 2.244857 7.233770 0.080154
v 2.244578 7.233041 0.080156
v 2.244276 7.232321 0.080158
v 2.242781 7.229467 0.080101
v 2.241646 7.227777 0.080154
v 2.240899 7.226810 0.080120
v 2.240565 7.227839 0.079232
v 2.242793 7.231403 0.079220
v 2.242677 7.230910 0.079237
v 2.244357 7.235172 0.079212
v 2.245240 7.239209 0.079206
v 2.243368 7.232324 0.079231
v 2.241723 7.229420 0.079232
v 2.240430 7.227444 0.079256
v 2.243659 7.233265 0.079216
v 2.239631 7.226572 0.079249
v 2.238455 7.225244 0.079267
v 2.237269 7.224202 0.079264
v 2.241997 7.229596 0.079257
v 2.244044 7.233748 0.079243
v 2.245459 7.239878 0.079229
v 2.245417 7.241162 0.079203
v 2.241099 7.228176 0.079277
v 2.244500 7.235256 0.079227
v 2.243290 7.231925 0.079253
v 2.244428 7.234449 0.079280
v 2.244945 7.236768 0.079232
v 2.245329 7.238503 0.079241
v 2.242813 7.230836 0.079278
v 2.243696 7.232609 0.079277
v 2.244763 7.235591 0.079268
v 2.245590 7.239867 0.079270
v 2.245674 7.241054 0.079271
v 2.245540 7.242045 0.079221
v 2.245258 7.237510 0.079277
v 2.245533 7.238674 0.079310
v 2.241827 7.229118 0.079294
v 2.237387 7.224062 0.079326
v 2.245012 7.236346 0.079284
v 2.242319 7.229747 0.079328
v 2.241683 7.228737 0.079340
v 2.241246 7.228068 0.079357
v 2.239384 7.225995 0.079309
v 2.238269 7.224864 0.079316
v 2.240457 7.227168 0.079320
v 2.239940 7.226563 0.079321
v 2.244086 7.233307 0.079313
v 2.245240 7.236701 0.079354
v 2.245831 7.241848 0.079342
v 2.238895 7.225362 0.079353
v 2.237470 7.223963 0.079394
v 2.244754 7.234763 0.079388
v 2.245537 7.237864 0.079389
v 2.239791 7.226163 0.079407
v 2.244763 7.235178 0.079319
v 2.245764 7.239450 0.079386
v 2.243662 7.232189 0.079343
v 2.242980 7.230746 0.079367
v 2.242665 7.230006 0.079428
v 2.238394 7.224731 0.079416
v 2.243652 7.231752 0.079461
v 2.239003 7.225254 0.079448
v 2.244098 7.232871 0.079421
v 2.245714 7.238648 0.079425
v 2.242079 7.228952 0.079479
v 2.241133 7.227654 0.079465
v 2.240603 7.227050 0.079431
v 2.244491 7.234007 0.079385
v 2.245862 7.240646 0.079385
v 2.239864 7.226097 0.079483
v 2.238485 7.224634 0.079526
v 2.237864 7.224120 0.079497
v 2.244453 7.233594 0.079469
v 2.245054 7.235509 0.079439
v 2.245858 7.239440 0.079460
v 2.245930 7.240240 0.079458
v 2.243320 7.231020 0.079493
v 2.241623 7.228290 0.079478
v 2.244040 7.232459 0.079512
v 2.244907 7.234714 0.079521
v 2.245288 7.235447 0.079699
v 2.245407 7.236259 0.079561
v 2.246027 7.241041 0.079511
v 2.242537 7.229614 0.079504
v 2.241713 7.228227 0.079586
v 2.244717 7.233927 0.079614
v 2.246035 7.242249 0.079501
v 2.243795 7.231685 0.079635
v 2.239369 7.225458 0.079560
v 2.245976 7.239428 0.079590
v 2.246048 7.240232 0.079588
v 2.245506 7.237053 0.079494
v 2.243012 7.230270 0.079587
v 2.242202 7.228872 0.079636
v 2.240732 7.226945 0.079587
v 2.238853 7.224833 0.079656
v 2.237955 7.224016 0.079648
v 2.245638 7.237026 0.079660
v 2.245724 7.237832 0.079565
v 2.243471 7.230941 0.079701
v 2.242857 7.229894 0.079662
v 2.242269 7.228828 0.079775
v 2.241314 7.227517 0.079743
v 2.240228 7.226313 0.079620
v 2.244403 7.233181 0.079574
v 2.240803 7.226887 0.079716
v 2.240312 7.226241 0.079797
v 2.239736 7.225668 0.079716
v 2.237338 7.223493 0.079658
v 2.244133 7.232419 0.079635
v 2.245896 7.238623 0.079623
v 2.239783 7.225624 0.079852
v 2.239206 7.225052 0.079815
v 2.238016 7.223947 0.079812
v 2.244496 7.233145 0.079718
v 2.245047 7.234670 0.079726
v 2.245841 7.237812 0.079742
v 2.246091 7.239823 0.079708
v 2.246172 7.241036 0.079707
v 2.243889 7.231640 0.079824
v 2.241822 7.228151 0.079808
v 2.240867 7.226836 0.079907
v 2.238619 7.224490 0.079811
v 2.244370 7.232759 0.079784
v 2.245987 7.238611 0.079780
v 2.243545 7.230903 0.079886
v 2.243125 7.230206 0.079796
v 2.242692 7.229520 0.079748
v 2.237405 7.223412 0.079848
v 2.241389 7.227460 0.079994
v 2.244265 7.232362 0.079970
v 2.244838 7.233884 0.079848
v 2.245743 7.237004 0.079897
v 2.245909 7.237801 0.079948
v 2.243179 7.230177 0.079973
v 2.242334 7.228786 0.080004
v 2.241876 7.228113 0.080022
v 2.243937 7.231617 0.080019
v 2.243577 7.230887 0.080044
v 2.242768 7.229475 0.079987
v 2.240362 7.226197 0.080028
v 2.246220 7.241847 0.079775
v 2.243191 7.230171 0.080060
v 2.239822 7.225588 0.080066
v 2.237435 7.223375 0.080022
v 2.244587 7.233110 0.080001
v 2.246126 7.239412 0.079892
v 2.245563 7.236211 0.079902
v 2.246204 7.240222 0.079916
v 2.246255 7.241034 0.079924
v 2.238662 7.224445 0.080006
v 2.242346 7.228778 0.080127
v 2.238058 7.223899 0.080016
v 2.244886 7.233867 0.080070
v 2.245131 7.234643 0.079977
v 2.245382 7.235418 0.080055
v 2.246046 7.238603 0.079977
v 2.246163 7.239409 0.080096
v 2.236439 7.223211 0.079368
v 2.235885 7.222847 0.079420
v 2.235855 7.222494 0.080088
v 2.235547 7.222570 0.080182
v 2.235603 7.222547 0.080178
v 2.236275 7.222909 0.079476
v 2.235674 7.222523 0.080180
v 2.236030 7.222517 0.079863
v 2.236511 7.222641 0.080182
v 2.236432 7.222594 0.080182
v 2.236350 7.222556 0.080177
v 2.236293 7.222534 0.080183
v 2.236288 7.222544 0.080060
v 2.236245 7.222518 0.080183
v 2.236157 7.222497 0.080177
v 2.236080 7.222486 0.080183
v 2.236014 7.222480 0.080179
v 2.235921 7.222480 0.080181
v 2.235846 7.222486 0.080180
v 2.235772 7.222498 0.080178
v 2.235466 7.222612 0.080179
v 2.235409 7.222648 0.080179
v 2.235354 7.222687 0.080181
v 2.235302 7.222730 0.080180
v 2.235247 7.222784 0.080181
v 2.235181 7.222858 0.080182
v 2.235166 7.223239 0.079620
v 2.235905 7.223385 0.079247
v 2.235133 7.222924 0.080178
v 2.235592 7.222733 0.079621
v 2.235802 7.223066 0.079305
v 2.235511 7.222940 0.079521
v 2.235121 7.222999 0.079985
v 2.235470 7.222671 0.079792
v 2.235462 7.222628 0.080113
v 2.235190 7.222858 0.080120
v 2.236396 7.222723 0.079729
v 2.236235 7.222614 0.079814
v 2.224884 7.222543 0.080182
v 2.224794 7.222364 0.080182
v 2.224611 7.222877 0.079431
v 2.224158 7.222430 0.079317
v 2.223796 7.222195 0.079252
v 2.224118 7.223135 0.079238
v 2.225615 7.224990 0.079233
v 2.226820 7.225791 0.079235
v 2.228451 7.226453 0.079231
v 2.230095 7.226670 0.079230
v 2.236039 7.224226 0.079236
v 2.235156 7.223589 0.079429
v 2.235009 7.223115 0.080181
v 2.234754 7.223475 0.080065
v 2.233771 7.224477 0.079985
v 2.232642 7.225268 0.079753
v 2.230521 7.226105 0.079416
v 2.229021 7.226190 0.079318
v 2.227545 7.225982 0.079255
v 2.234894 7.223279 0.080181
v 2.229800 7.226093 0.079427
v 2.234774 7.223439 0.080180
v 2.231356 7.225729 0.079691
v 2.234648 7.223595 0.080180
v 2.231130 7.225930 0.079500
v 2.230638 7.225928 0.079566
v 2.234518 7.223746 0.080179
v 2.225684 7.224916 0.079243
v 2.234382 7.223893 0.080179
v 2.234331 7.223954 0.080076
v 2.233189 7.224894 0.079954
v 2.225023 7.224178 0.079254
v 2.234241 7.224035 0.080179
v 2.231707 7.225600 0.079763
v 2.234096 7.224172 0.080178
v 2.232154 7.225418 0.079855
v 2.233946 7.224304 0.080178
v 2.228400 7.225932 0.079383
v 2.233792 7.224432 0.080178
v 2.233633 7.224553 0.080177
v 2.230145 7.225942 0.079574
v 2.233471 7.224669 0.080177
v 2.229319 7.225950 0.079510
v 2.233304 7.224781 0.080177
v 2.231659 7.225525 0.080016
v 2.233134 7.224885 0.080176
v 2.230580 7.225806 0.079735
v 2.232960 7.224985 0.080176
v 2.228592 7.225737 0.079584
v 2.226311 7.225150 0.079292
v 2.232784 7.225078 0.080176
v 2.232604 7.225165 0.080176
v 2.227744 7.225689 0.079395
v 2.226964 7.225319 0.079393
v 2.232421 7.225246 0.080175
v 2.232655 7.225147 0.080062
v 2.224377 7.223267 0.079260
v 2.232235 7.225321 0.080175
v 2.232048 7.225390 0.080175
v 2.232063 7.225388 0.080101
v 2.229122 7.225791 0.079665
v 2.226421 7.224885 0.079437
v 2.231858 7.225452 0.080175
v 2.229777 7.225805 0.079766
v 2.231665 7.225508 0.080175
v 2.231472 7.225557 0.080175
v 2.225703 7.224357 0.079401
v 2.225611 7.224557 0.079297
v 2.231276 7.225600 0.080174
v 2.230296 7.225723 0.080044
v 2.227646 7.225400 0.079597
v 2.226948 7.225065 0.079574
v 2.231079 7.225636 0.080174
v 2.228269 7.225471 0.079875
v 2.230881 7.225665 0.080174
v 2.229528 7.225716 0.079947
v 2.230683 7.225688 0.080174
v 2.230978 7.225675 0.079983
v 2.229093 7.225650 0.079972
v 2.230483 7.225703 0.080174
v 2.226294 7.224576 0.079598
v 2.224821 7.223495 0.079333
v 2.230283 7.225712 0.080174
v 2.230083 7.225715 0.080174
v 2.225070 7.223584 0.079424
v 2.229883 7.225710 0.080174
v 2.227839 7.225327 0.079848
v 2.227003 7.224927 0.079795
v 2.229684 7.225698 0.080174
v 2.226394 7.224523 0.079756
v 2.229485 7.225681 0.080174
v 2.229286 7.225656 0.080174
v 2.229089 7.225625 0.080174
v 2.225611 7.223982 0.079568
v 2.228892 7.225586 0.080174
v 2.228697 7.225542 0.080174
v 2.228504 7.225490 0.080175
v 2.228608 7.225523 0.080075
v 2.228312 7.225432 0.080175
v 2.227412 7.225130 0.079845
v 2.228123 7.225368 0.080175
v 2.227936 7.225297 0.080175
v 2.227942 7.225303 0.080067
v 2.227751 7.225220 0.080175
v 2.225718 7.223927 0.079725
v 2.227570 7.225137 0.080175
v 2.227391 7.225048 0.080176
v 2.226978 7.224824 0.080044
v 2.227215 7.224952 0.080176
v 2.227307 7.225005 0.080115
v 2.227042 7.224851 0.080176
v 2.225126 7.223255 0.079664
v 2.226873 7.224744 0.080176
v 2.226708 7.224631 0.080177
v 2.226449 7.224448 0.080040
v 2.226547 7.224513 0.080177
v 2.226390 7.224390 0.080177
v 2.226237 7.224261 0.080177
v 2.225473 7.223537 0.079878
v 2.226088 7.224127 0.080178
v 2.225945 7.223988 0.080178
v 2.225903 7.223980 0.079987
v 2.225806 7.223844 0.080179
v 2.225019 7.222892 0.079874
v 2.225671 7.223696 0.080179
v 2.225603 7.223626 0.080071
v 2.225542 7.223543 0.080179
v 2.225419 7.223386 0.080180
v 2.225354 7.223311 0.080063
v 2.225300 7.223225 0.080180
v 2.225188 7.223060 0.080180
v 2.225080 7.222891 0.080181
v 2.225104 7.222936 0.080082
v 2.224979 7.222719 0.080181
v 2.231956 7.225658 0.079577
v 2.234871 7.223423 0.079848
v 2.230216 7.226283 0.079322
v 2.231906 7.225919 0.079376
v 2.233977 7.224410 0.079775
v 2.234501 7.223873 0.079821
v 2.233118 7.225130 0.079607
v 2.231012 7.226191 0.079337
v 2.229304 7.226465 0.079247
v 2.233401 7.225112 0.079475
v 2.232699 7.225454 0.079504
v 2.232901 7.225662 0.079321
v 2.234322 7.224279 0.079572
v 2.232161 7.226125 0.079263
v 2.233980 7.224764 0.079441
v 2.234595 7.223940 0.079629
v 2.231135 7.226478 0.079241
v 2.233697 7.225200 0.079326
v 2.234578 7.224298 0.079406
v 2.232677 7.226135 0.079233
v 2.235182 7.223916 0.079306
v 2.234357 7.224793 0.079300
v 2.233857 7.225384 0.079249
v 2.235267 7.224187 0.079246
v 2.224829 7.222445 0.080092
v 2.224713 7.222186 0.080183
v 2.224637 7.222005 0.080183
v 2.224567 7.221822 0.080184
v 2.224504 7.221637 0.080184
v 2.224447 7.221449 0.080185
v 2.224395 7.221260 0.080185
v 2.224351 7.221069 0.080186
v 2.224312 7.220877 0.080186
v 2.224297 7.220845 0.080070
v 2.224280 7.220684 0.080187
v 2.224255 7.220490 0.080187
v 2.224236 7.220294 0.080188
v 2.224223 7.220099 0.080188
v 2.224217 7.219903 0.080189
v 2.224217 7.219707 0.080189
v 2.224225 7.219512 0.080190
v 2.224212 7.219635 0.080066
v 2.224238 7.219316 0.080190
v 2.224260 7.219104 0.080191
v 2.224215 7.220400 0.079977
v 2.224626 7.221973 0.080133
v 2.224402 7.221329 0.080051
v 2.224126 7.219654 0.079793
v 2.224520 7.221824 0.079908
v 2.224701 7.222385 0.079790
v 2.224145 7.220468 0.079760
v 2.224014 7.219410 0.079603
v 2.224188 7.220926 0.079718
v 2.224031 7.221004 0.079512
v 2.224308 7.221724 0.079603
v 2.223913 7.219106 0.079485
v 2.223878 7.220084 0.079477
v 2.223757 7.219142 0.079382
v 2.223873 7.221192 0.079373
v 2.224082 7.221780 0.079401
v 2.223791 7.220413 0.079400
v 2.223617 7.219947 0.079325
v 2.224440 7.222379 0.079489
v 2.223601 7.219083 0.079309
v 2.223696 7.221239 0.079294
v 2.223438 7.219422 0.079270
v 2.223411 7.220973 0.079247
v 2.223275 7.219613 0.079249
v 2.222633 7.218968 0.079249
v 2.223608 7.218819 0.079327
v 2.223968 7.218786 0.079563
v 2.224209 7.218674 0.080192
v 2.224231 7.218746 0.080191
v 2.224251 7.218837 0.080191
v 2.224260 7.218903 0.080191
v 2.224264 7.218970 0.080191
v 2.224264 7.219037 0.080191
v 2.224079 7.218705 0.079736
v 2.224146 7.218947 0.079769
v 2.224252 7.218973 0.080107
v 2.224185 7.218612 0.080192
v 2.224157 7.218551 0.080192
v 2.224124 7.218492 0.080192
v 2.224079 7.218514 0.079913
v 2.224088 7.218435 0.080192
v 2.224112 7.218491 0.080106
v 2.224042 7.218375 0.080192
v 2.223952 7.218293 0.080083
v 2.223979 7.218304 0.080191
v 2.223914 7.218243 0.080193
v 2.223868 7.218205 0.080193
v 2.223827 7.218176 0.080193
v 2.223747 7.218127 0.080192
v 2.223680 7.218094 0.080193
v 2.223758 7.218154 0.080071
v 2.223618 7.218068 0.080191
v 2.223555 7.218047 0.080193
v 2.223465 7.218024 0.080193
v 2.223366 7.218009 0.080193
v 2.223307 7.218004 0.080193
v 2.223387 7.218569 0.079338
v 2.223564 7.218131 0.079743
v 2.223228 7.218253 0.079569
v 2.223279 7.218390 0.079452
v 2.223014 7.218812 0.079267
v 2.223572 7.218097 0.079857
v 2.223400 7.218867 0.079271
v 2.223557 7.218402 0.079495
v 2.223844 7.218741 0.079471
v 2.223474 7.218037 0.080100
v 2.223687 7.218608 0.079429
v 2.223881 7.218506 0.079624
v 2.224209 7.218792 0.079997
v 2.223885 7.218364 0.079779
v 2.223202 7.218023 0.080003
v 2.222499 7.217984 0.080184
v 2.221694 7.217990 0.080141
v 2.221574 7.217998 0.080127
v 2.220883 7.218025 0.080193
v 2.220759 7.218036 0.080137
v 2.220078 7.218086 0.080193
v 2.219947 7.218102 0.080137
v 2.219274 7.218174 0.080193
v 2.219138 7.218197 0.080117
v 2.218474 7.218290 0.080192
v 2.218332 7.218316 0.080136
v 2.217679 7.218432 0.080192
v 2.217530 7.218464 0.080140
v 2.216888 7.218601 0.080191
v 2.216733 7.218637 0.080175
v 2.216104 7.218796 0.080191
v 2.215944 7.218840 0.080175
v 2.215327 7.219018 0.080190
v 2.214557 7.219265 0.080189
v 2.214775 7.219196 0.080174
v 2.213797 7.219539 0.080189
v 2.213623 7.219605 0.080173
v 2.213046 7.219837 0.080188
v 2.212868 7.219913 0.080172
v 2.212306 7.220161 0.080187
v 2.212125 7.220247 0.080143
v 2.211577 7.220510 0.080186
v 2.211396 7.220611 0.080080
v 2.210860 7.220883 0.080185
v 2.210156 7.221280 0.080184
v 2.209968 7.221396 0.080118
v 2.209466 7.221700 0.080183
v 2.209275 7.221825 0.080127
v 2.208790 7.222143 0.080182
v 2.208599 7.222279 0.080125
v 2.208130 7.222609 0.080180
v 2.207939 7.222756 0.080110
v 2.207486 7.223096 0.080179
v 2.207296 7.223257 0.080073
v 2.206858 7.223605 0.080178
v 2.206665 7.223772 0.080133
v 2.206249 7.224135 0.080176
v 2.206058 7.224315 0.080100
v 2.205657 7.224685 0.080175
v 2.205084 7.225255 0.080173
v 2.204894 7.225455 0.080133
v 2.204531 7.225843 0.080172
v 2.203998 7.226450 0.080170
v 2.203816 7.226676 0.080088
v 2.203485 7.227075 0.080169
v 2.203306 7.227311 0.080092
v 2.202994 7.227716 0.080167
v 2.203353 7.227347 0.079844
v 2.203236 7.227583 0.079738
v 2.203317 7.227646 0.079587
v 2.204042 7.227376 0.079297
v 2.208002 7.223900 0.079237
v 2.213004 7.220849 0.079248
v 2.214985 7.220142 0.079246
v 2.222388 7.217998 0.080040
v 2.204344 7.226056 0.080107
v 2.215165 7.219078 0.080073
v 2.214396 7.219347 0.080000
v 2.213628 7.219618 0.080054
v 2.205467 7.224876 0.080099
v 2.215947 7.218849 0.080073
v 2.206680 7.223789 0.079977
v 2.221575 7.218047 0.079899
v 2.219951 7.218145 0.079916
v 2.219143 7.218237 0.079919
v 2.216740 7.218665 0.079989
v 2.220763 7.218089 0.079891
v 2.218337 7.218349 0.079945
v 2.212140 7.220278 0.079940
v 2.209992 7.221435 0.079895
v 2.212875 7.219929 0.080032
v 2.210682 7.221004 0.080023
v 2.209317 7.221889 0.079826
v 2.204910 7.225470 0.079975
v 2.203851 7.226705 0.079875
v 2.215960 7.218897 0.079874
v 2.215180 7.219126 0.079869
v 2.206076 7.224335 0.079943
v 2.205485 7.224894 0.079949
v 2.222388 7.218064 0.079828
v 2.214420 7.219415 0.079787
v 2.213653 7.219682 0.079820
v 2.208619 7.222307 0.079929
v 2.207361 7.223330 0.079727
v 2.204366 7.226075 0.079938
v 2.217541 7.218515 0.079894
v 2.212906 7.220000 0.079791
v 2.207966 7.222792 0.079889
v 2.206144 7.224407 0.079714
v 2.204679 7.225809 0.079799
v 2.211419 7.220655 0.079868
v 2.211471 7.220756 0.079662
v 2.221578 7.218140 0.079703
v 2.216764 7.218762 0.079728
v 2.210089 7.221574 0.079572
v 2.203908 7.226751 0.079714
v 2.215200 7.219189 0.079730
v 2.212192 7.220389 0.079681
v 2.208038 7.222888 0.079659
v 2.205532 7.224941 0.079772
v 2.219155 7.218324 0.079723
v 2.218361 7.218492 0.079659
v 2.214444 7.219482 0.079665
v 2.210721 7.221072 0.079779
v 2.205620 7.225029 0.079587
v 2.205014 7.225567 0.079656
v 2.204478 7.226173 0.079633
v 2.216797 7.218901 0.079550
v 2.215984 7.218984 0.079693
v 2.204027 7.226849 0.079521
v 2.220770 7.218196 0.079678
v 2.219968 7.218308 0.079622
v 2.213320 7.219941 0.079626
v 2.222388 7.218192 0.079618
v 2.219171 7.218447 0.079564
v 2.214483 7.219596 0.079528
v 2.213730 7.219880 0.079520
v 2.212250 7.220513 0.079519
v 2.208715 7.222425 0.079607
v 2.206286 7.224561 0.079473
v 2.213012 7.220246 0.079462
v 2.211552 7.220915 0.079471
v 2.216026 7.219136 0.079512
v 2.215235 7.219302 0.079575
v 2.210793 7.221202 0.079565
v 2.209422 7.222050 0.079542
v 2.208158 7.223047 0.079452
v 2.221582 7.218275 0.079539
v 2.220779 7.218343 0.079511
v 2.217592 7.218697 0.079554
v 2.205758 7.225169 0.079410
v 2.205163 7.225708 0.079442
v 2.204600 7.226281 0.079461
v 2.206792 7.223907 0.079602
v 2.204167 7.226965 0.079376
v 2.219590 7.218558 0.079427
v 2.213790 7.220034 0.079395
v 2.207526 7.223542 0.079444
v 2.222387 7.218369 0.079450
v 2.215291 7.219480 0.079414
v 2.210885 7.221367 0.079405
v 2.216077 7.219319 0.079376
v 2.221189 7.218492 0.079388
v 2.218398 7.218711 0.079438
v 2.215170 7.219756 0.079306
v 2.211635 7.221077 0.079351
v 2.209538 7.222229 0.079374
v 2.217245 7.219062 0.079361
v 2.214559 7.219812 0.079366
v 2.212516 7.220609 0.079374
v 2.210590 7.221657 0.079346
v 2.208871 7.222668 0.079378
v 2.206705 7.224427 0.079350
v 2.204712 7.226379 0.079359
v 2.209661 7.222419 0.079280
v 2.208966 7.222805 0.079299
v 2.207959 7.223446 0.079331
v 2.205575 7.225550 0.079329
v 2.206819 7.224555 0.079280
v 2.205091 7.226186 0.079291
v 2.219609 7.218718 0.079338
v 2.214047 7.220148 0.079303
v 2.212754 7.220653 0.079311
v 2.205705 7.225677 0.079264
v 2.218050 7.219027 0.079308
v 2.216502 7.219371 0.079305
v 2.212802 7.220759 0.079274
v 2.211704 7.221212 0.079290
v 2.208028 7.223535 0.079287
v 2.221989 7.218672 0.079300
v 2.220803 7.218710 0.079301
v 2.218077 7.219177 0.079267
v 2.210679 7.221811 0.079279
v 2.220964 7.218911 0.079256
v 2.219239 7.218959 0.079272
v 2.204557 7.227031 0.079248
v 2.220025 7.218884 0.079271
v 2.216543 7.219530 0.079263
v 2.214803 7.220062 0.079261
v 2.211687 7.221471 0.079241
v 2.210028 7.222398 0.079246
v 2.208822 7.223114 0.079254
v 2.207507 7.224145 0.079249
v 2.205037 7.226666 0.079232
v 2.219258 7.219100 0.079252
v 2.217619 7.219391 0.079251
v 2.202914 7.227845 0.080165
v 2.202884 7.227905 0.080160
v 2.202841 7.228024 0.080162
v 2.202825 7.228082 0.080160
v 2.202818 7.228115 0.080166
v 2.202836 7.228055 0.080103
v 2.202809 7.228165 0.080166
v 2.202801 7.228240 0.080163
v 2.202799 7.228316 0.080165
v 2.202799 7.228350 0.080165
v 2.202801 7.228384 0.080165
v 2.202806 7.228435 0.080165
v 2.202819 7.228509 0.080165
v 2.202837 7.228583 0.080165
v 2.202855 7.228640 0.080165
v 2.202883 7.228710 0.080164
v 2.202897 7.228741 0.080164
v 2.202846 7.228246 0.079902
v 2.202859 7.228500 0.079924
v 2.202883 7.228094 0.079870
v 2.203553 7.228240 0.079260
v 2.203416 7.228118 0.079319
v 2.203362 7.228424 0.079330
v 2.203558 7.227664 0.079401
v 2.202980 7.228530 0.079674
v 2.203232 7.228209 0.079407
v 2.203092 7.228434 0.079517
v 2.203207 7.227971 0.079482
v 2.202914 7.228321 0.079741
v 2.203070 7.228187 0.079540
v 2.203023 7.227919 0.079713
v 2.202952 7.227779 0.080161
v 2.202865 7.227952 0.080156
v 2.202824 7.228484 0.080063
v 2.202806 7.228253 0.080094
v 2.202938 7.227813 0.080116
v 2.202971 7.227807 0.079961
v 2.202993 7.227759 0.095133
v 2.202950 7.227823 0.095171
v 2.202912 7.227889 0.095209
v 2.202893 7.227926 0.095230
v 2.202879 7.227958 0.095248
v 2.202866 7.227991 0.095266
v 2.202857 7.228014 0.095278
v 2.202840 7.228065 0.095306
v 2.202828 7.228107 0.095328
v 2.202823 7.228131 0.095340
v 2.202815 7.228168 0.095358
v 2.202804 7.228243 0.095395
v 2.202798 7.228319 0.095432
v 2.202798 7.228370 0.095455
v 2.202799 7.228408 0.095473
v 2.202803 7.228453 0.095493
v 2.202814 7.228532 0.095526
v 2.202831 7.228610 0.095558
v 2.202846 7.228660 0.095578
v 2.202875 7.228741 0.095608
v 2.202891 7.228776 0.095620
v 2.202903 7.228800 0.095628
v 2.202911 7.228771 0.080164
v 2.202936 7.228814 0.080164
v 2.202925 7.228842 0.095642
v 2.202976 7.228877 0.080164
v 2.202967 7.228911 0.095663
v 2.203003 7.228962 0.095677
v 2.203030 7.228949 0.080159
v 2.203043 7.229010 0.095688
v 2.203086 7.229056 0.095698
v 2.203123 7.229046 0.080164
v 2.203141 7.229108 0.095706
v 2.203173 7.229089 0.080157
v 2.203189 7.229147 0.095711
v 2.203224 7.229127 0.080159
v 2.203239 7.229183 0.095713
v 2.198177 7.235202 0.097583
v 2.194963 7.236358 0.095844
v 2.198106 7.235051 0.097583
v 2.198053 7.234912 0.097584
v 2.197988 7.234670 0.097584
v 2.197947 7.234405 0.097585
v 2.194514 7.234247 0.095843
v 2.197938 7.234127 0.097586
v 2.194555 7.233621 0.095849
v 2.197957 7.233905 0.097586
v 2.197985 7.233740 0.097587
v 2.198037 7.233552 0.097587
v 2.195178 7.231576 0.095855
v 2.198131 7.233300 0.097588
v 2.198223 7.233118 0.097588
v 2.195474 7.231092 0.095858
v 2.198332 7.232946 0.097589
v 2.198432 7.232812 0.097589
v 2.196021 7.230397 0.095860
v 2.198570 7.232661 0.097589
v 2.196295 7.230117 0.095860
v 2.198734 7.232511 0.097590
v 2.198882 7.232399 0.097590
v 2.197197 7.229428 0.095862
v 2.199022 7.232308 0.097590
v 2.197558 7.229227 0.095862
v 2.199170 7.232229 0.097590
v 2.198018 7.229012 0.095863
v 2.199375 7.232142 0.097591
v 2.198370 7.228884 0.095864
v 2.199533 7.232090 0.097591
v 2.199284 7.228664 0.095865
v 2.199751 7.232041 0.097591
v 2.199658 7.228620 0.095865
v 2.199972 7.232012 0.097591
v 2.199940 7.228602 0.095865
v 2.200120 7.232006 0.097591
v 2.200235 7.228597 0.095864
v 2.200287 7.232011 0.097591
v 2.201090 7.228678 0.095863
v 2.200545 7.232045 0.097591
v 2.201526 7.228774 0.095865
v 2.200761 7.232097 0.097591
v 2.200920 7.232150 0.097591
v 2.202420 7.228571 0.095625
v 2.202699 7.228166 0.095381
v 2.201023 7.232192 0.097591
v 2.201090 7.232223 0.097591
v 2.201157 7.232256 0.097591
v 2.201222 7.232292 0.097590
v 2.201317 7.232349 0.097590
v 2.203431 7.229308 0.095713
v 2.203592 7.229420 0.095713
v 2.203749 7.229537 0.095713
v 2.203902 7.229660 0.095712
v 2.201535 7.232509 0.097590
v 2.204051 7.229788 0.095712
v 2.201640 7.232599 0.097590
v 2.204195 7.229920 0.095712
v 2.201800 7.232768 0.097589
v 2.204336 7.230057 0.095711
v 2.204471 7.230199 0.095711
v 2.204602 7.230345 0.095711
v 2.204727 7.230496 0.095710
v 2.201942 7.232950 0.097589
v 2.204848 7.230650 0.095710
v 2.204963 7.230809 0.095710
v 2.205074 7.230971 0.095709
v 2.205178 7.231137 0.095709
v 2.202033 7.233091 0.097588
v 2.205277 7.231306 0.095708
v 2.202087 7.233188 0.097588
v 2.205371 7.231478 0.095708
v 2.202120 7.233254 0.097588
v 2.205458 7.231653 0.095707
v 2.202166 7.233356 0.097588
v 2.202247 7.233593 0.097587
v 2.202288 7.233746 0.097587
v 2.202322 7.233975 0.097586
v 2.202335 7.234150 0.097586
v 2.202332 7.234318 0.097585
v 2.202309 7.234539 0.097585
v 2.202269 7.234739 0.097584
v 2.202212 7.234925 0.097584
v 2.202134 7.235124 0.097583
v 2.202084 7.235223 0.097583
v 2.202001 7.235368 0.097583
v 2.201885 7.235536 0.097582
v 2.201740 7.235705 0.097582
v 2.201566 7.235872 0.097581
v 2.201304 7.236064 0.097581
v 2.201102 7.236177 0.097580
v 2.200932 7.236252 0.097580
v 2.200720 7.236321 0.097580
v 2.200466 7.236376 0.097580
v 2.200300 7.236395 0.097580
v 2.200077 7.236399 0.097580
v 2.199855 7.236383 0.097580
v 2.199708 7.236360 0.097580
v 2.199600 7.236335 0.097580
v 2.199528 7.236316 0.097580
v 2.199422 7.236282 0.097580
v 2.199215 7.236198 0.097580
v 2.199018 7.236096 0.097581
v 2.198832 7.235972 0.097581
v 2.198659 7.235832 0.097581
v 2.198488 7.235662 0.097582
v 2.198325 7.235448 0.097582
v 2.205541 7.231835 0.095707
v 2.205618 7.232019 0.095707
v 2.205689 7.232206 0.095706
v 2.205754 7.232396 0.095706
v 2.205812 7.232587 0.095705
v 2.205863 7.232780 0.095705
v 2.205908 7.232975 0.095704
v 2.205946 7.233171 0.095704
v 2.205977 7.233368 0.095703
v 2.206002 7.233567 0.095703
v 2.206020 7.233766 0.095702
v 2.206032 7.233965 0.095702
v 2.206036 7.234165 0.095701
v 2.206034 7.234365 0.095701
v 2.206025 7.234565 0.095700
v 2.206009 7.234764 0.095700
v 2.205986 7.234962 0.095699
v 2.205957 7.235160 0.095699
v 2.205921 7.235357 0.095698
v 2.205878 7.235552 0.095698
v 2.205829 7.235745 0.095697
v 2.205773 7.235938 0.095697
v 2.205711 7.236127 0.095696
v 2.205642 7.236315 0.095696
v 2.205568 7.236500 0.095695
v 2.205486 7.236683 0.095695
v 2.205399 7.236863 0.095694
v 2.205306 7.237040 0.095694
v 2.205206 7.237213 0.095693
v 2.205101 7.237383 0.095693
v 2.204990 7.237549 0.095692
v 2.204874 7.237712 0.095692
v 2.204751 7.237870 0.095692
v 2.204624 7.238024 0.095691
v 2.204492 7.238174 0.095691
v 2.204355 7.238319 0.095690
v 2.204212 7.238460 0.095690
v 2.204065 7.238595 0.095690
v 2.203914 7.238726 0.095689
v 2.203758 7.238852 0.095689
v 2.203598 7.238971 0.095689
v 2.203434 7.239086 0.095688
v 2.203266 7.239195 0.095688
v 2.203095 7.239298 0.095688
v 2.202920 7.239395 0.095687
v 2.202743 7.239487 0.095687
v 2.202562 7.239572 0.095687
v 2.202378 7.239651 0.095687
v 2.202192 7.239724 0.095687
v 2.202003 7.239790 0.095686
v 2.201812 7.239850 0.095686
v 2.201619 7.239903 0.095686
v 2.201425 7.239951 0.095686
v 2.201229 7.239991 0.095686
v 2.201032 7.240025 0.095686
v 2.200834 7.240052 0.095686
v 2.200635 7.240072 0.095686
v 2.200435 7.240086 0.095686
v 2.200235 7.240092 0.095686
v 2.200035 7.240092 0.095685
v 2.199835 7.240085 0.095686
v 2.199636 7.240072 0.095686
v 2.199423 7.240050 0.095685
v 2.199370 7.240046 0.095684
v 2.199294 7.240045 0.095679
v 2.199232 7.240048 0.095673
v 2.199190 7.240053 0.095667
v 2.199105 7.240067 0.095653
v 2.199022 7.240089 0.095634
v 2.198957 7.240112 0.095616
v 2.198884 7.240144 0.095593
v 2.198820 7.240177 0.095569
v 2.198772 7.240207 0.095549
v 2.198711 7.240250 0.095520
v 2.198657 7.240294 0.095492
v 2.198615 7.240334 0.095467
v 2.198562 7.240389 0.095433
v 2.198507 7.240459 0.095391
v 2.198475 7.240506 0.095364
v 2.198455 7.240539 0.095345
v 2.198434 7.240577 0.095323
v 2.198409 7.240627 0.095295
v 2.198387 7.240678 0.095267
v 2.198373 7.240717 0.095245
v 2.198357 7.240768 0.095218
v 2.198342 7.240826 0.095188
v 2.198329 7.240897 0.095151
v 2.198323 7.240951 0.095123
v 2.198320 7.240988 0.095105
v 2.198336 7.239501 0.095837
v 2.197974 7.239371 0.095833
v 2.197466 7.239123 0.095838
v 2.197212 7.238994 0.095832
v 2.196318 7.238328 0.095832
v 2.199636 7.240027 0.080135
v 2.199835 7.240040 0.080135
v 2.200034 7.240047 0.080135
v 2.200233 7.240047 0.080135
v 2.200432 7.240041 0.080135
v 2.200631 7.240027 0.080135
v 2.200829 7.240007 0.080135
v 2.201027 7.239981 0.080135
v 2.201223 7.239947 0.080136
v 2.201418 7.239908 0.080136
v 2.201612 7.239861 0.080136
v 2.201804 7.239808 0.080136
v 2.201994 7.239749 0.080136
v 2.202182 7.239683 0.080136
v 2.202368 7.239611 0.080136
v 2.202551 7.239532 0.080137
v 2.202731 7.239448 0.080137
v 2.202909 7.239357 0.080137
v 2.203083 7.239261 0.080137
v 2.203254 7.239159 0.080138
v 2.203421 7.239051 0.080138
v 2.203585 7.238937 0.080138
v 2.203744 7.238818 0.080139
v 2.203900 7.238694 0.080139
v 2.204051 7.238564 0.080139
v 2.204198 7.238430 0.080140
v 2.204340 7.238291 0.080140
v 2.204478 7.238146 0.080140
v 2.204610 7.237998 0.080141
v 2.204737 7.237845 0.080141
v 2.204859 7.237688 0.080142
v 2.204976 7.237526 0.080142
v 2.205087 7.237361 0.080142
v 2.205193 7.237192 0.080143
v 2.205293 7.237020 0.080143
v 2.205387 7.236845 0.080144
v 2.205475 7.236666 0.080144
v 2.205556 7.236485 0.080145
v 2.205632 7.236300 0.080145
v 2.205702 7.236114 0.080146
v 2.205765 7.235925 0.080146
v 2.205821 7.235734 0.080147
v 2.205871 7.235542 0.080147
v 2.205915 7.235348 0.080148
v 2.205952 7.235152 0.080148
v 2.205982 7.234955 0.080149
v 2.206006 7.234758 0.080149
v 2.206023 7.234560 0.080150
v 2.206034 7.234361 0.080150
v 2.206037 7.234162 0.080151
v 2.206034 7.233963 0.080151
v 2.206024 7.233764 0.080152
v 2.206008 7.233566 0.080152
v 2.205985 7.233368 0.080153
v 2.205955 7.233171 0.080153
v 2.205919 7.232975 0.080154
v 2.205875 7.232781 0.080154
v 2.205826 7.232588 0.080155
v 2.205770 7.232398 0.080155
v 2.205707 7.232209 0.080156
v 2.205638 7.232022 0.080156
v 2.205563 7.231837 0.080157
v 2.205482 7.231656 0.080157
v 2.205394 7.231477 0.080158
v 2.205301 7.231301 0.080158
v 2.205202 7.231129 0.080158
v 2.205096 7.230959 0.080159
v 2.204986 7.230794 0.080159
v 2.204870 7.230632 0.080160
v 2.204748 7.230475 0.080160
v 2.204621 7.230321 0.080160
v 2.204489 7.230173 0.080161
v 2.204352 7.230028 0.080161
v 2.204210 7.229888 0.080162
v 2.204064 7.229753 0.080162
v 2.203913 7.229623 0.080162
v 2.203758 7.229498 0.080162
v 2.203598 7.229379 0.080163
v 2.203435 7.229265 0.080163
v 2.204504 7.230149 0.079955
v 2.204938 7.230710 0.080025
v 2.205298 7.231268 0.080016
v 2.206003 7.234849 0.080040
v 2.205569 7.236465 0.080057
v 2.205540 7.236609 0.079906
v 2.204216 7.238419 0.080032
v 2.203056 7.239289 0.079994
v 2.202012 7.239746 0.080042
v 2.200516 7.240036 0.080052
v 2.199840 7.240050 0.080005
v 2.199760 7.240540 0.079318
v 2.200441 7.240757 0.079227
v 2.202140 7.240572 0.079206
v 2.206117 7.237112 0.079224
v 2.206444 7.235946 0.079258
v 2.206829 7.234591 0.079226
v 2.206071 7.231173 0.079249
v 2.204478 7.229145 0.079251
v 2.199670 7.240927 0.079196
v 2.202675 7.240222 0.079241
v 2.201040 7.240853 0.079199
v 2.204790 7.229191 0.079224
v 2.200818 7.240942 0.079191
v 2.206606 7.236123 0.079213
v 2.206974 7.233856 0.079210
v 2.206620 7.232050 0.079217
v 2.205236 7.238694 0.079198
v 2.206336 7.237051 0.079202
v 2.206345 7.231193 0.079216
v 2.203900 7.229592 0.079993
v 2.203331 7.229170 0.079991
v 2.205869 7.232736 0.080065
v 2.205914 7.235406 0.080019
v 2.206058 7.233999 0.079968
v 2.205770 7.235926 0.080048
v 2.205254 7.237134 0.079955
v 2.203569 7.238952 0.080054
v 2.201507 7.239894 0.080032
v 2.205983 7.233134 0.079929
v 2.206042 7.234350 0.080045
v 2.206023 7.235030 0.079848
v 2.205663 7.232066 0.080030
v 2.205871 7.232540 0.079847
v 2.205335 7.231160 0.079748
v 2.204696 7.237931 0.079961
v 2.202465 7.239595 0.079946
v 2.201536 7.239960 0.079765
v 2.205010 7.237514 0.079958
v 2.202990 7.239401 0.079776
v 2.205581 7.231754 0.079862
v 2.204300 7.229770 0.079674
v 2.206101 7.233694 0.079779
v 2.205487 7.237034 0.079607
v 2.202298 7.239718 0.079774
v 2.203799 7.238880 0.079765
v 2.200806 7.240045 0.079892
v 2.199931 7.240121 0.079766
v 2.204408 7.238360 0.079729
v 2.202346 7.239773 0.079645
v 2.204695 7.230190 0.079686
v 2.205875 7.235925 0.079718
v 2.203298 7.239406 0.079535
v 2.201426 7.240124 0.079548
v 2.206127 7.234684 0.079717
v 2.204863 7.237946 0.079626
v 2.200845 7.240152 0.079637
v 2.205070 7.230591 0.079618
v 2.206093 7.232945 0.079623
v 2.200003 7.240294 0.079511
v 2.203722 7.229076 0.079475
v 2.205201 7.237678 0.079500
v 2.205956 7.232449 0.079639
v 2.201672 7.240133 0.079478
v 2.205667 7.231665 0.079642
v 2.206249 7.233685 0.079544
v 2.204203 7.238761 0.079520
v 2.205525 7.231095 0.079492
v 2.206249 7.232886 0.079446
v 2.206065 7.235563 0.079588
v 2.206036 7.236075 0.079467
v 2.204902 7.238264 0.079391
v 2.200562 7.240348 0.079448
v 2.205175 7.230409 0.079425
v 2.204218 7.229227 0.079350
v 2.206286 7.234664 0.079502
v 2.202753 7.239654 0.079581
v 2.205973 7.231988 0.079456
v 2.206412 7.233534 0.079396
v 2.202184 7.240010 0.079456
v 2.206424 7.233074 0.079349
v 2.205745 7.236958 0.079411
v 2.203740 7.239146 0.079506
v 2.202299 7.240089 0.079364
v 2.205704 7.230969 0.079336
v 2.206533 7.234195 0.079339
v 2.204049 7.239135 0.079359
v 2.204755 7.229948 0.079449
v 2.204993 7.229896 0.079312
v 2.206337 7.235499 0.079367
v 2.205862 7.237223 0.079283
v 2.201429 7.240384 0.079337
v 2.203271 7.239688 0.079337
v 2.200520 7.240535 0.079316
v 2.206231 7.232174 0.079333
v 2.205450 7.237720 0.079326
v 2.204792 7.238542 0.079321
v 2.203954 7.239404 0.079272
v 2.206483 7.235043 0.079330
v 2.206049 7.236457 0.079361
v 2.204593 7.239036 0.079237
v 2.206732 7.233474 0.079247
v 2.205379 7.238245 0.079225
v 2.205512 7.230252 0.079250
v 2.206562 7.232392 0.079239
v 2.203512 7.239983 0.079207
v 2.201752 7.240468 0.079260
v 2.203612 7.228455 0.079256
v 2.203520 7.228658 0.079333
v 2.203028 7.228908 0.080001
v 2.202883 7.228693 0.080080
v 2.203289 7.228713 0.079462
v 2.203495 7.229118 0.079665
v 2.203144 7.228654 0.079539
v 2.203170 7.228915 0.079719
v 2.202964 7.228728 0.079849
v 2.203149 7.229064 0.080109
v 2.203075 7.228999 0.080162
v 2.199229 7.240111 0.079731
v 2.199330 7.240000 0.080123
v 2.199203 7.240006 0.080135
v 2.199153 7.240014 0.080135
v 2.199087 7.240027 0.080132
v 2.199022 7.240045 0.080124
v 2.198951 7.240070 0.080135
v 2.198866 7.240108 0.080131
v 2.198807 7.240141 0.080125
v 2.198751 7.240177 0.080135
v 2.198698 7.240217 0.080135
v 2.198646 7.240260 0.080135
v 2.198598 7.240307 0.080134
v 2.198650 7.240272 0.080025
v 2.198553 7.240357 0.080134
v 2.198512 7.240410 0.080134
v 2.198474 7.240465 0.080134
v 2.198448 7.240509 0.080134
v 2.198424 7.240553 0.080134
v 2.198387 7.240638 0.080134
v 2.198362 7.240709 0.080133
v 2.198344 7.240782 0.080133
v 2.198328 7.240873 0.080133
v 2.198322 7.240923 0.080133
v 2.198590 7.240438 0.079706
v 2.198445 7.240850 0.079711
v 2.199148 7.240271 0.079472
v 2.198605 7.240704 0.079543
v 2.198772 7.240764 0.079385
v 2.199202 7.240952 0.079201
v 2.199296 7.240622 0.079268
v 2.199521 7.240792 0.079217
v 2.199409 7.240004 0.080126
v 2.199182 7.240022 0.080029
v 2.199253 7.240002 0.080129
v 2.198377 7.240733 0.079988
v 2.198436 7.240554 0.080036
v 2.198801 7.240157 0.080019
v 2.198578 7.240407 0.079869
v 2.199381 7.240032 0.079942
v 2.198974 7.240073 0.080026
v 2.198835 7.240207 0.079807
v 2.198914 7.240615 0.079323
v 2.201952 7.228891 0.095860
v 2.202279 7.228782 0.095859
v 2.202223 7.228866 0.095842
v 2.202320 7.228720 0.096024
v 2.201889 7.228571 0.096026
v 2.201627 7.228496 0.096029
v 2.201592 7.228498 0.095983
v 2.201205 7.228401 0.095957
v 2.200865 7.228351 0.096023
v 2.199986 7.228313 0.095995
v 2.199654 7.228325 0.096025
v 2.199270 7.228369 0.096026
v 2.198880 7.228440 0.096031
v 2.198493 7.228538 0.096031
v 2.198294 7.228600 0.096026
v 2.197945 7.228726 0.096028
v 2.197070 7.229165 0.096015
v 2.196554 7.229517 0.096021
v 2.196262 7.229753 0.096020
v 2.195729 7.230281 0.096017
v 2.195605 7.230423 0.096026
v 2.195431 7.230643 0.096023
v 2.195266 7.230871 0.096019
v 2.195109 7.231126 0.095996
v 2.194726 7.231849 0.096019
v 2.194585 7.232203 0.096016
v 2.194490 7.232488 0.096016
v 2.194402 7.232813 0.096020
v 2.194373 7.232987 0.095980
v 2.194321 7.233205 0.096019
v 2.194240 7.234163 0.095993
v 2.194240 7.234399 0.096016
v 2.194267 7.234797 0.096015
v 2.194325 7.235208 0.096002
v 2.194358 7.235390 0.096013
v 2.194448 7.235762 0.096011
v 2.194561 7.236127 0.096007
v 2.194781 7.236668 0.096010
v 2.195063 7.237206 0.095999
v 2.195839 7.238236 0.095999
v 2.196073 7.238472 0.096001
v 2.196284 7.238662 0.095991
v 2.196529 7.238862 0.095998
v 2.196993 7.239185 0.096004
v 2.197382 7.239411 0.096003
v 2.197650 7.239545 0.096003
v 2.198066 7.228914 0.095845
v 2.196075 7.238057 0.095840
v 2.195866 7.237900 0.095826
v 2.195515 7.237380 0.095839
v 2.194830 7.236005 0.095845
v 2.194709 7.235599 0.095846
v 2.194561 7.234829 0.095846
v 2.194696 7.232844 0.095853
v 2.194810 7.232448 0.095853
v 2.194983 7.231987 0.095854
v 2.195881 7.230540 0.095856
v 2.196864 7.229651 0.095862
v 2.198645 7.228797 0.095863
v 2.199742 7.228590 0.095855
v 2.200616 7.228614 0.095863
v 2.195535 7.230524 0.095980
v 2.194245 7.233913 0.096003
v 2.197356 7.229001 0.096023
v 2.202084 7.228671 0.095942
v 2.194540 7.235953 0.095921
v 2.194440 7.235632 0.095931
v 2.197162 7.229141 0.095936
v 2.199015 7.228424 0.095973
v 2.194317 7.235047 0.095944
v 2.194253 7.234527 0.095970
v 2.194273 7.233564 0.096002
v 2.194726 7.231896 0.095948
v 2.198056 7.228703 0.095965
v 2.198579 7.228535 0.095951
v 2.195088 7.237220 0.095944
v 2.199093 7.228436 0.095926
v 2.194670 7.236397 0.095969
v 2.198769 7.228472 0.095987
v 2.200354 7.228311 0.096022
v 2.195218 7.237453 0.095991
v 2.197375 7.239400 0.095968
v 2.194518 7.232457 0.095952
v 2.194875 7.236858 0.095991
v 2.194844 7.236688 0.095895
v 2.196840 7.229316 0.096002
v 2.195401 7.237670 0.095923
v 2.194290 7.233792 0.095913
v 2.195364 7.230770 0.095944
v 2.200368 7.228363 0.095913
v 2.196271 7.229778 0.095943
v 2.196703 7.229441 0.095937
v 2.195482 7.237825 0.095941
v 2.197922 7.239663 0.095921
v 2.201197 7.228436 0.095930
v 2.194889 7.231505 0.095932
v 2.196661 7.238940 0.095937
v 2.196208 7.238550 0.095909
v 2.194774 7.231949 0.095875
v 2.197768 7.228799 0.095947
v 2.201003 7.228469 0.095872
v 2.194480 7.232756 0.095885
v 2.195567 7.230548 0.095906
v 2.196008 7.229984 0.095951
v 2.199710 7.228359 0.095930
v 2.201459 7.228521 0.095901
v 2.195197 7.237241 0.095852
v 2.196498 7.238743 0.095860
v 2.194349 7.233274 0.095916
v 2.196957 7.239127 0.095916
v 2.197284 7.239280 0.095870
v 2.194597 7.232326 0.095899
v 2.197109 7.229246 0.095876
v 2.194293 7.234277 0.095892
v 2.194530 7.232769 0.095851
v 2.194517 7.235600 0.095849
v 2.194354 7.234916 0.095874
v 2.195265 7.231032 0.095874
v 2.194824 7.236494 0.095847
v 2.195871 7.238149 0.095856
v 2.198302 7.228698 0.095876
v 2.197751 7.239418 0.095823
v 2.196476 7.229676 0.095884
v 2.198801 7.228602 0.095855
v 2.196285 7.238458 0.095826
v 2.196919 7.238939 0.095823
v 2.194436 7.235054 0.095837
v 2.194353 7.234079 0.095850
v 2.200081 7.228455 0.095854
v 2.197504 7.229091 0.095851
v 2.194411 7.233346 0.095852
v 2.194880 7.231882 0.095841
v 2.196658 7.229661 0.095843
v 2.199298 7.228458 0.095877
v 2.195693 7.230509 0.095854
v 2.196037 7.230116 0.095863
v 2.194683 7.235919 0.095827
v 2.194510 7.233145 0.095833
v 2.195655 7.237813 0.095831
v 2.195641 7.230704 0.095838
v 2.199580 7.228541 0.095844
v 2.194507 7.235010 0.095828
v 2.194636 7.232519 0.095841
v 2.195301 7.231121 0.095840
v 2.195168 7.236985 0.095823
v 2.198410 7.239690 0.095812
v 2.194418 7.234177 0.095831
v 2.194938 7.231945 0.095836
v 2.200697 7.228537 0.095845
v 2.196084 7.230246 0.095841
v 2.196662 7.229788 0.095856
v 2.194627 7.233040 0.095844
v 2.196706 7.238630 0.095838
v 2.195096 7.236662 0.095841
v 2.195643 7.230836 0.095855
v 2.198538 7.228785 0.095849
v 2.195298 7.237039 0.095840
v 2.196833 7.238787 0.095820
v 2.194735 7.235848 0.095830
v 2.195326 7.231292 0.095851
v 2.197345 7.229287 0.095847
v 2.199019 7.228693 0.095857
v 2.197574 7.239230 0.095822
v 2.194629 7.235276 0.095844
v 2.194236 7.234048 0.098058
v 2.194263 7.233622 0.098062
v 2.194425 7.232728 0.098055
v 2.194594 7.232186 0.098059
v 2.194837 7.231616 0.098060
v 2.195301 7.230826 0.098065
v 2.195482 7.230581 0.098066
v 2.195657 7.230367 0.098066
v 2.194589 7.230877 0.098504
v 2.194721 7.230352 0.098699
v 2.193589 7.234040 0.098424
v 2.194267 7.232306 0.098230
v 2.193897 7.233168 0.098333
v 2.194328 7.231629 0.098427
v 2.194062 7.232410 0.098402
v 2.194829 7.230939 0.098236
v 2.193761 7.232845 0.098756
v 2.194652 7.230390 0.098921
v 2.194363 7.231092 0.098934
v 2.194985 7.229650 0.098871
v 2.193337 7.234235 0.098875
v 2.193521 7.234010 0.098531
v 2.193662 7.234219 0.098304
v 2.195488 7.230402 0.098084
v 2.194325 7.233182 0.098056
v 2.194237 7.234353 0.098056
v 2.194096 7.233052 0.098193
v 2.195086 7.231153 0.098064
v 2.193880 7.234151 0.098168
v 2.194484 7.231688 0.098242
v 2.194818 7.230543 0.098405
v 2.194363 7.231282 0.098600
v 2.194063 7.231986 0.098699
v 2.194021 7.232322 0.098517
v 2.194367 7.231132 0.098781
v 2.193792 7.233109 0.098485
v 2.193662 7.233269 0.098661
v 2.193467 7.233746 0.098928
v 2.193403 7.234188 0.098677
v 2.194248 7.234596 0.098054
v 2.193800 7.235260 0.098095
v 2.193642 7.235222 0.098157
v 2.193460 7.235179 0.098271
v 2.193302 7.235143 0.098436
v 2.193192 7.235117 0.098616
v 2.193141 7.235106 0.098751
v 2.193112 7.235099 0.098927
v 2.192321 7.243179 0.098936
v 2.192378 7.244195 0.098933
v 2.192469 7.245209 0.098930
v 2.192595 7.246220 0.098928
v 2.192755 7.247224 0.098925
v 2.197199 7.258436 0.098929
v 2.197761 7.259263 0.098927
v 2.198350 7.260071 0.098925
v 2.198966 7.260859 0.098923
v 2.199608 7.261625 0.098909
v 2.200276 7.262369 0.098889
v 2.200967 7.263091 0.098893
v 2.201682 7.263790 0.098896
v 2.205000 7.266482 0.098757
v 2.205056 7.266404 0.098483
v 2.205124 7.266306 0.098314
v 2.205191 7.266212 0.098203
v 2.205259 7.266114 0.098120
v 2.205317 7.266032 0.098069
v 2.204931 7.265296 0.097981
v 2.202832 7.263578 0.097984
v 2.201259 7.262098 0.097992
v 2.194778 7.251354 0.098015
v 2.194009 7.248501 0.098021
v 2.193352 7.244864 0.098034
v 2.193925 7.235928 0.098052
v 2.195237 7.254955 0.098918
v 2.192480 7.245208 0.098831
v 2.192342 7.243177 0.098785
v 2.192305 7.242161 0.098883
v 2.192313 7.241143 0.098925
v 2.192894 7.236094 0.098924
v 2.195693 7.255856 0.098870
v 2.196665 7.257591 0.098923
v 2.202590 7.264608 0.098830
v 2.194855 7.254011 0.098681
v 2.197831 7.259327 0.098753
v 2.204171 7.265892 0.098823
v 2.194437 7.253084 0.098780
v 2.192800 7.247216 0.098695
v 2.192616 7.246216 0.098781
v 2.192405 7.244193 0.098768
v 2.192566 7.238101 0.098865
v 2.192725 7.237096 0.098809
v 2.192919 7.236098 0.098764
v 2.192524 7.245203 0.098665
v 2.192372 7.240127 0.098848
v 2.192455 7.239113 0.098837
v 2.201856 7.263902 0.098679
v 2.203369 7.265265 0.098836
v 2.192620 7.238108 0.098659
v 2.198439 7.260143 0.098721
v 2.192378 7.241144 0.098653
v 2.192962 7.236106 0.098639
v 2.195263 7.254942 0.098730
v 2.199065 7.260945 0.098740
v 2.202620 7.264574 0.098633
v 2.203399 7.265227 0.098638
v 2.194119 7.252117 0.098632
v 2.192987 7.248215 0.098711
v 2.192422 7.240129 0.098655
v 2.200413 7.262469 0.098694
v 2.194499 7.253058 0.098576
v 2.192361 7.242160 0.098658
v 2.196717 7.257624 0.098731
v 2.197261 7.258484 0.098740
v 2.201126 7.263195 0.098667
v 2.195313 7.254918 0.098569
v 2.193229 7.249202 0.098663
v 2.192675 7.246208 0.098594
v 2.192482 7.244186 0.098553
v 2.192420 7.243174 0.098568
v 2.192786 7.237106 0.098620
v 2.199733 7.261713 0.098686
v 2.193465 7.250284 0.098791
v 2.193035 7.248205 0.098575
v 2.192858 7.247205 0.098545
v 2.195747 7.255837 0.098625
v 2.196178 7.256755 0.098775
v 2.197862 7.259305 0.098621
v 2.204204 7.265849 0.098607
v 2.192447 7.242159 0.098484
v 2.198473 7.260117 0.098589
v 2.199101 7.260915 0.098591
v 2.194936 7.253975 0.098479
v 2.193306 7.249183 0.098491
v 2.192643 7.245189 0.098444
v 2.192516 7.240135 0.098477
v 2.192541 7.239120 0.098577
v 2.192895 7.237124 0.098441
v 2.196299 7.256691 0.098465
v 2.196793 7.257577 0.098503
v 2.193860 7.251132 0.098486
v 2.193566 7.250163 0.098488
v 2.193074 7.236128 0.098453
v 2.202675 7.264510 0.098452
v 2.195386 7.254883 0.098429
v 2.192756 7.246196 0.098456
v 2.192540 7.243169 0.098390
v 2.192576 7.242158 0.098329
v 2.197910 7.259270 0.098493
v 2.199137 7.260886 0.098492
v 2.199779 7.261672 0.098523
v 2.200460 7.262424 0.098521
v 2.194246 7.252070 0.098397
v 2.193945 7.251105 0.098365
v 2.193106 7.248189 0.098453
v 2.195842 7.255787 0.098422
v 2.197340 7.258431 0.098494
v 2.201177 7.263143 0.098491
v 2.201917 7.263837 0.098464
v 2.193634 7.250143 0.098388
v 2.193374 7.249166 0.098391
v 2.192493 7.241147 0.098441
v 2.192635 7.239129 0.098426
v 2.197971 7.259226 0.098382
v 2.198531 7.260072 0.098449
v 2.204261 7.265772 0.098415
v 2.192588 7.244179 0.098400
v 2.196873 7.257528 0.098364
v 2.197411 7.258385 0.098368
v 2.199202 7.260832 0.098368
v 2.192729 7.238122 0.098459
v 2.198604 7.260016 0.098330
v 2.200555 7.262335 0.098332
v 2.203479 7.265128 0.098383
v 2.193269 7.236167 0.098250
v 2.196365 7.256654 0.098359
v 2.199855 7.261605 0.098366
v 2.192995 7.247180 0.098353
v 2.192947 7.246169 0.098251
v 2.192609 7.240645 0.098333
v 2.201264 7.263055 0.098321
v 2.202738 7.264437 0.098321
v 2.193241 7.248160 0.098292
v 2.192696 7.243163 0.098241
v 2.202009 7.263737 0.098291
v 2.203534 7.265060 0.098280
v 2.204320 7.265695 0.098294
v 2.193783 7.250100 0.098238
v 2.193524 7.249128 0.098241
v 2.192755 7.241154 0.098200
v 2.199940 7.261530 0.098247
v 2.194661 7.252993 0.098323
v 2.193182 7.247147 0.098192
v 2.192809 7.245171 0.098261
v 2.192764 7.240150 0.098229
v 2.192770 7.239142 0.098287
v 2.192894 7.238143 0.098281
v 2.193077 7.237154 0.098255
v 2.198139 7.259108 0.098187
v 2.195078 7.253912 0.098290
v 2.194426 7.252005 0.098208
v 2.192752 7.244166 0.098238
v 2.192753 7.242157 0.098190
v 2.199302 7.260750 0.098234
v 2.195532 7.254813 0.098253
v 2.192863 7.243155 0.098139
v 2.195249 7.253837 0.098148
v 2.194087 7.251059 0.098224
v 2.193429 7.248120 0.098155
v 2.196970 7.257469 0.098248
v 2.197569 7.258280 0.098194
v 2.201010 7.262598 0.098194
v 2.202833 7.264328 0.098189
v 2.195754 7.254706 0.098099
v 2.194836 7.252923 0.098167
v 2.193228 7.237178 0.098162
v 2.200039 7.261443 0.098147
v 2.203632 7.264939 0.098154
v 2.204422 7.265560 0.098153
v 2.192977 7.245152 0.098151
v 2.192910 7.240659 0.098129
v 2.192980 7.239162 0.098151
v 2.193069 7.238166 0.098165
v 2.196025 7.255691 0.098214
v 2.194217 7.251017 0.098136
v 2.193147 7.246141 0.098124
v 2.192937 7.242156 0.098102
v 2.193488 7.236211 0.098129
v 2.196525 7.256563 0.098195
v 2.197122 7.257375 0.098124
v 2.201087 7.262523 0.098123
v 2.194740 7.252422 0.098119
v 2.193017 7.240166 0.098098
v 2.198348 7.258959 0.098054
v 2.198789 7.259875 0.098142
v 2.200143 7.261353 0.098076
v 2.200830 7.262078 0.098064
v 2.202122 7.263616 0.098152
v 2.194668 7.251918 0.098075
v 2.193809 7.249573 0.098133
v 2.192947 7.244152 0.098124
v 2.196414 7.256051 0.098105
v 2.197735 7.258171 0.098078
v 2.202935 7.264210 0.098091
v 2.194369 7.250968 0.098068
v 2.199430 7.260646 0.098121
v 2.201887 7.263137 0.098058
v 2.195380 7.253780 0.098078
v 2.193439 7.247101 0.098070
v 2.197285 7.257276 0.098047
v 2.193192 7.245129 0.098065
v 2.193048 7.241162 0.098074
v 2.193333 7.237699 0.098088
v 2.195724 7.254170 0.098033
v 2.195097 7.252820 0.098047
v 2.193315 7.246117 0.098062
v 2.193038 7.243646 0.098079
v 2.204131 7.265117 0.098062
v 2.193716 7.248568 0.098073
v 2.193590 7.236736 0.098068
v 2.196808 7.256402 0.098038
v 2.199265 7.260139 0.098042
v 2.202673 7.263755 0.098028
v 2.205229 7.265727 0.098005
v 2.193191 7.243638 0.098044
v 2.193261 7.238941 0.098065
v 2.200294 7.261221 0.098012
v 2.201268 7.262347 0.098020
v 2.194140 7.249999 0.098054
v 2.193839 7.248539 0.098040
v 2.193533 7.237729 0.098051
v 2.193843 7.235777 0.098061
v 2.194691 7.251384 0.098025
v 2.194162 7.249479 0.098024
v 2.193268 7.243140 0.098035
v 2.193193 7.242031 0.098043
v 2.193265 7.240119 0.098048
v 2.196347 7.255523 0.098037
v 2.197875 7.258078 0.098025
v 2.198939 7.259449 0.098006
v 2.204055 7.264812 0.098003
v 2.195494 7.253258 0.098011
v 2.193708 7.247556 0.098030
v 2.193496 7.246092 0.098031
v 2.202582 7.263486 0.097997
v 2.196653 7.255641 0.098003
v 2.197210 7.256742 0.098004
v 2.198373 7.258488 0.097997
v 2.199939 7.260549 0.097991
v 2.245406 7.243917 0.080119
v 2.245480 7.243906 0.080129
v 2.245554 7.243887 0.080122
v 2.245665 7.243849 0.080125
v 2.245733 7.243817 0.080129
v 2.245792 7.243785 0.080129
v 2.245850 7.243748 0.080124
v 2.245890 7.243720 0.080129
v 2.245929 7.243688 0.080129
v 2.245985 7.243636 0.080129
v 2.246037 7.243581 0.080129
v 2.246083 7.243522 0.080130
v 2.246127 7.243460 0.080130
v 2.246164 7.243394 0.080130
v 2.246204 7.243311 0.080130
v 2.246228 7.243248 0.080130
v 2.246247 7.243184 0.080130
v 2.246267 7.243094 0.080131
v 2.246276 7.243019 0.080131
v 2.239141 7.252317 0.080107
v 2.239058 7.252135 0.080107
v 2.238981 7.251951 0.080107
v 2.238910 7.251764 0.080108
v 2.238846 7.251575 0.080108
v 2.238788 7.251383 0.080109
v 2.238736 7.251190 0.080109
v 2.238691 7.250996 0.080110
v 2.238653 7.250799 0.080110
v 2.238622 7.250602 0.080111
v 2.238597 7.250403 0.080111
v 2.238579 7.250205 0.080112
v 2.238568 7.250005 0.080112
v 2.238563 7.249805 0.080113
v 2.238565 7.249605 0.080113
v 2.238575 7.249406 0.080114
v 2.238590 7.249207 0.080114
v 2.238613 7.249008 0.080115
v 2.238642 7.248810 0.080116
v 2.238678 7.248614 0.080116
v 2.238721 7.248418 0.080117
v 2.238770 7.248225 0.080117
v 2.238826 7.248033 0.080118
v 2.238888 7.247843 0.080118
v 2.238957 7.247655 0.080118
v 2.239032 7.247470 0.080119
v 2.239113 7.247287 0.080119
v 2.239200 7.247108 0.080120
v 2.239294 7.246931 0.080120
v 2.239393 7.246758 0.080121
v 2.239498 7.246587 0.080121
v 2.239609 7.246421 0.080122
v 2.239726 7.246259 0.080122
v 2.239848 7.246100 0.080123
v 2.239975 7.245946 0.080123
v 2.240107 7.245796 0.080123
v 2.240245 7.245651 0.080124
v 2.240387 7.245511 0.080124
v 2.240534 7.245375 0.080124
v 2.240685 7.245244 0.080125
v 2.240841 7.245119 0.080125
v 2.241001 7.244999 0.080125
v 2.241165 7.244884 0.080126
v 2.241333 7.244775 0.080126
v 2.241504 7.244672 0.080126
v 2.241679 7.244575 0.080127
v 2.241857 7.244484 0.080127
v 2.242038 7.244399 0.080127
v 2.242221 7.244319 0.080127
v 2.242408 7.244246 0.080127
v 2.242596 7.244180 0.080128
v 2.242787 7.244120 0.080128
v 2.242980 7.244067 0.080128
v 2.243174 7.244020 0.080128
v 2.243370 7.243979 0.080128
v 2.243567 7.243946 0.080128
v 2.243765 7.243918 0.080128
v 2.243964 7.243898 0.080128
v 2.244164 7.243885 0.080129
v 2.244364 7.243878 0.080129
v 2.244564 7.243878 0.080129
v 2.244764 7.243885 0.080129
v 2.244963 7.243898 0.080129
v 2.241167 7.254707 0.095651
v 2.241168 7.254662 0.080101
v 2.241006 7.254595 0.095651
v 2.241007 7.254550 0.080101
v 2.240849 7.254478 0.095652
v 2.240850 7.254433 0.080101
v 2.240696 7.254355 0.095652
v 2.240697 7.254310 0.080102
v 2.240547 7.254227 0.095652
v 2.240548 7.254182 0.080102
v 2.240402 7.254095 0.095652
v 2.240404 7.254050 0.080102
v 2.240262 7.253958 0.095653
v 2.240263 7.253913 0.080103
v 2.240127 7.253816 0.095653
v 2.240128 7.253771 0.080103
v 2.239996 7.253670 0.095654
v 2.239997 7.253625 0.080103
v 2.239871 7.253519 0.095654
v 2.239872 7.253475 0.080104
v 2.239750 7.253365 0.095654
v 2.239751 7.253320 0.080104
v 2.239635 7.253206 0.095655
v 2.239636 7.253161 0.080104
v 2.239524 7.253044 0.095655
v 2.239526 7.252999 0.080105
v 2.239420 7.252878 0.095656
v 2.239421 7.252834 0.080105
v 2.239321 7.252709 0.095656
v 2.239322 7.252665 0.080106
v 2.239227 7.252537 0.095656
v 2.239228 7.252492 0.080106
v 2.249768 7.248011 0.095818
v 2.249876 7.248369 0.095818
v 2.246550 7.249132 0.097551
v 2.246605 7.249328 0.097550
v 2.250015 7.249024 0.095814
v 2.246641 7.249529 0.097550
v 2.250051 7.249388 0.095816
v 2.246656 7.249658 0.097549
v 2.250067 7.249664 0.095814
v 2.246661 7.249825 0.097549
v 2.246647 7.250066 0.097548
v 2.246594 7.250358 0.097547
v 2.249813 7.251502 0.095808
v 2.246530 7.250571 0.097547
v 2.249501 7.252264 0.095808
v 2.246467 7.250725 0.097546
v 2.246375 7.250908 0.097546
v 2.249255 7.252719 0.095807
v 2.246318 7.251003 0.097546
v 2.249104 7.252957 0.095806
v 2.248939 7.253186 0.095806
v 2.246255 7.251096 0.097545
v 2.246153 7.251227 0.097545
v 2.248451 7.253752 0.095804
v 2.246016 7.251379 0.097545
v 2.248181 7.254010 0.095802
v 2.245849 7.251527 0.097544
v 2.247781 7.254344 0.095797
v 2.245654 7.251669 0.097544
v 2.245428 7.251797 0.097544
v 2.245275 7.251864 0.097543
v 2.246046 7.255190 0.095800
v 2.245082 7.251930 0.097543
v 2.245684 7.255282 0.095800
v 2.244865 7.251982 0.097543
v 2.244700 7.252007 0.097543
v 2.244415 7.255416 0.095799
v 2.244496 7.252019 0.097543
v 2.244329 7.252016 0.097543
v 2.244163 7.251999 0.097543
v 2.243962 7.251963 0.097543
v 2.243766 7.251906 0.097543
v 2.243643 7.251863 0.097543
v 2.243575 7.251834 0.097543
v 2.241725 7.256040 0.095187
v 2.241743 7.255994 0.095212
v 2.241758 7.255948 0.095237
v 2.241775 7.255883 0.095271
v 2.241785 7.255833 0.095296
v 2.241793 7.255783 0.095322
v 2.241800 7.255689 0.095367
v 2.241800 7.255628 0.095396
v 2.243474 7.251786 0.097544
v 2.241794 7.255550 0.095430
v 2.241783 7.255473 0.095464
v 2.241765 7.255396 0.095495
v 2.241742 7.255323 0.095524
v 2.241715 7.255257 0.095548
v 2.241677 7.255179 0.095575
v 2.241651 7.255136 0.095589
v 2.241615 7.255081 0.095605
v 2.241573 7.255026 0.095619
v 2.241538 7.254986 0.095629
v 2.241499 7.254946 0.095637
v 2.241442 7.254895 0.095645
v 2.241363 7.254835 0.095650
v 2.243296 7.251686 0.097544
v 2.243114 7.251558 0.097544
v 2.243013 7.251476 0.097544
v 2.242931 7.251400 0.097544
v 2.242798 7.251258 0.097545
v 2.242644 7.251060 0.097545
v 2.242584 7.250967 0.097546
v 2.242528 7.250871 0.097546
v 2.241706 7.256083 0.095163
v 2.241684 7.256127 0.095138
v 2.241647 7.256190 0.095100
v 2.249601 7.247565 0.095817
v 2.249934 7.248580 0.095815
v 2.250117 7.249428 0.095799
v 2.249902 7.251172 0.095810
v 2.249672 7.251890 0.095808
v 2.246528 7.255041 0.095794
v 2.246404 7.255070 0.095801
v 2.245839 7.255279 0.095787
v 2.245337 7.255355 0.095797
v 2.244798 7.255422 0.095793
v 2.243991 7.255398 0.095799
v 2.243234 7.255284 0.095799
v 2.242834 7.255175 0.095799
v 2.242280 7.255294 0.095906
v 2.242948 7.255515 0.095963
v 2.244079 7.255698 0.095961
v 2.244384 7.255710 0.095946
v 2.244728 7.255706 0.095962
v 2.245887 7.255536 0.095953
v 2.246706 7.255267 0.095962
v 2.247361 7.254949 0.095955
v 2.248285 7.254305 0.095952
v 2.249174 7.253363 0.095965
v 2.249697 7.252534 0.095968
v 2.249976 7.251813 0.095886
v 2.250361 7.249781 0.095969
v 2.250296 7.249043 0.095928
v 2.249079 7.253055 0.095793
v 2.248708 7.253491 0.095799
v 2.247342 7.254628 0.095799
v 2.248474 7.253821 0.095785
v 2.250006 7.250644 0.095811
v 2.250063 7.250110 0.095811
v 2.249584 7.252188 0.095792
v 2.246918 7.254858 0.095799
v 2.243654 7.255364 0.095797
v 2.249823 7.248048 0.095805
v 2.250101 7.250413 0.095792
v 2.246443 7.255158 0.095779
v 2.250017 7.248545 0.095797
v 2.249967 7.251251 0.095791
v 2.247543 7.254595 0.095780
v 2.249176 7.253062 0.095786
v 2.245085 7.255459 0.095778
v 2.243193 7.255360 0.095779
v 2.247342 7.254786 0.095787
v 2.249774 7.252029 0.095797
v 2.250007 7.251459 0.095808
v 2.248886 7.253539 0.095803
v 2.248231 7.254164 0.095792
v 2.246169 7.255333 0.095797
v 2.243960 7.255473 0.095782
v 2.250216 7.249936 0.095802
v 2.246894 7.255064 0.095799
v 2.250267 7.250011 0.095826
v 2.250129 7.250859 0.095801
v 2.245239 7.255513 0.095787
v 2.244564 7.255598 0.095803
v 2.243876 7.255577 0.095806
v 2.243167 7.255486 0.095822
v 2.249914 7.247981 0.095809
v 2.248296 7.254201 0.095830
v 2.247718 7.254625 0.095815
v 2.250291 7.249393 0.095858
v 2.250114 7.251285 0.095853
v 2.250354 7.250153 0.095912
v 2.248934 7.253664 0.095882
v 2.246702 7.255211 0.095841
v 2.245055 7.255681 0.095872
v 2.247260 7.254916 0.095819
v 2.249537 7.252611 0.095815
v 2.250326 7.249740 0.095879
v 2.250182 7.248903 0.095824
v 2.249340 7.253017 0.095845
v 2.245438 7.255633 0.095880
v 2.248052 7.254452 0.095870
v 2.250000 7.247859 0.095906
v 2.250235 7.250980 0.095928
v 2.246270 7.255407 0.095899
v 2.244341 7.255684 0.095874
v 2.249912 7.252081 0.095901
v 2.247524 7.254827 0.095884
v 2.247136 7.255054 0.095900
v 2.249083 7.253429 0.095875
v 2.249621 7.252636 0.095895
v 2.246988 7.255139 0.095944
v 2.243794 7.255647 0.095882
v 2.250319 7.250517 0.095892
v 2.244864 7.255681 0.095898
v 2.243534 7.255638 0.095958
v 2.243243 7.255584 0.095948
v 2.250167 7.251311 0.095959
v 2.248521 7.254081 0.095919
v 2.250159 7.248302 0.095963
v 2.247685 7.254751 0.095948
v 2.242855 7.255455 0.095878
v 2.242565 7.255398 0.095956
v 2.241737 7.255262 0.080099
v 2.241754 7.255310 0.080095
v 2.241774 7.255383 0.080098
v 2.241789 7.255458 0.080099
v 2.241798 7.255533 0.080099
v 2.241799 7.255685 0.080098
v 2.241791 7.255761 0.080098
v 2.241777 7.255836 0.080096
v 2.241753 7.255925 0.080098
v 2.241719 7.256012 0.080097
v 2.241687 7.256080 0.080094
v 2.241353 7.254783 0.080100
v 2.241426 7.254835 0.080097
v 2.241496 7.254897 0.080100
v 2.241548 7.254951 0.080100
v 2.241580 7.254988 0.080100
v 2.241647 7.255082 0.080096
v 2.241673 7.255126 0.080100
v 2.241649 7.256146 0.080095
v 2.241802 7.255609 0.080095
v 2.241559 7.254974 0.080006
v 2.241610 7.255027 0.080097
v 2.241400 7.255181 0.079478
v 2.241432 7.254872 0.079835
v 2.241018 7.254838 0.079496
v 2.241703 7.255818 0.079761
v 2.241702 7.256022 0.080010
v 2.241203 7.255630 0.079241
v 2.241640 7.256047 0.079816
v 2.240823 7.256206 0.079228
v 2.241388 7.255870 0.079382
v 2.241707 7.255192 0.080097
v 2.241694 7.255185 0.080023
v 2.241770 7.255446 0.079966
v 2.241785 7.255741 0.080018
v 2.241507 7.254973 0.079752
v 2.241696 7.255479 0.079643
v 2.241750 7.255641 0.079825
v 2.241549 7.255437 0.079510
v 2.241105 7.255416 0.079230
v 2.241559 7.255939 0.079575
v 2.241339 7.255432 0.079330
v 2.241416 7.255623 0.079362
v 2.241541 7.256290 0.080029
v 2.241501 7.256259 0.079797
v 2.241442 7.256179 0.079606
v 2.241121 7.256435 0.079479
v 2.241231 7.255999 0.079333
v 2.233836 7.261796 0.079140
v 2.226182 7.264647 0.079133
v 2.221479 7.264921 0.079130
v 2.221688 7.265481 0.079288
v 2.221207 7.265575 0.079378
v 2.222213 7.265618 0.079385
v 2.221808 7.265776 0.079562
v 2.221213 7.265841 0.079738
v 2.221806 7.265887 0.079792
v 2.221805 7.265934 0.080007
v 2.221249 7.265907 0.079960
v 2.223433 7.265893 0.079905
v 2.225867 7.265674 0.080019
v 2.226671 7.265540 0.080028
v 2.227469 7.265376 0.080004
v 2.234276 7.262727 0.079952
v 2.235666 7.261878 0.080042
v 2.236333 7.261409 0.079995
v 2.236988 7.260926 0.080044
v 2.237621 7.260412 0.079996
v 2.232630 7.262618 0.079144
v 2.226318 7.264715 0.079140
v 2.238155 7.258753 0.079155
v 2.228222 7.264242 0.079136
v 2.222130 7.265055 0.079139
v 2.240942 7.255612 0.079156
v 2.239404 7.257505 0.079160
v 2.234661 7.261433 0.079144
v 2.233661 7.262051 0.079145
v 2.227691 7.264548 0.079162
v 2.223882 7.265000 0.079138
v 2.236618 7.260125 0.079156
v 2.235193 7.261104 0.079141
v 2.229174 7.264004 0.079141
v 2.239896 7.257152 0.079185
v 2.236840 7.260087 0.079175
v 2.234589 7.261687 0.079172
v 2.233566 7.262284 0.079171
v 2.224190 7.265153 0.079173
v 2.237782 7.259365 0.079192
v 2.235588 7.261051 0.079179
v 2.231445 7.263338 0.079172
v 2.226931 7.264769 0.079175
v 2.225365 7.264990 0.079163
v 2.239542 7.257764 0.079230
v 2.236913 7.260179 0.079212
v 2.223006 7.265227 0.079174
v 2.238636 7.258543 0.079190
v 2.229981 7.263936 0.079178
v 2.235001 7.261598 0.079221
v 2.228868 7.264359 0.079199
v 2.228117 7.264622 0.079218
v 2.235981 7.260919 0.079219
v 2.233643 7.262422 0.079223
v 2.226166 7.264994 0.079202
v 2.239052 7.258397 0.079264
v 2.232387 7.263020 0.079206
v 2.229666 7.264245 0.079255
v 2.227373 7.264937 0.079290
v 2.226590 7.265103 0.079294
v 2.225188 7.265168 0.079214
v 2.223010 7.265379 0.079234
v 2.236719 7.260576 0.079306
v 2.234748 7.261943 0.079303
v 2.232267 7.263231 0.079268
v 2.231148 7.263657 0.079235
v 2.230405 7.263942 0.079234
v 2.240721 7.256675 0.079333
v 2.240139 7.257230 0.079274
v 2.238172 7.259204 0.079249
v 2.237628 7.259794 0.079290
v 2.235745 7.261276 0.079299
v 2.238585 7.259062 0.079357
v 2.228542 7.264668 0.079302
v 2.224210 7.265401 0.079282
v 2.240280 7.257351 0.079401
v 2.238055 7.259674 0.079435
v 2.230455 7.264078 0.079317
v 2.225408 7.265311 0.079307
v 2.239687 7.257897 0.079339
v 2.233378 7.262771 0.079324
v 2.232677 7.263162 0.079341
v 2.231576 7.263643 0.079328
v 2.229719 7.264405 0.079366
v 2.234104 7.262428 0.079364
v 2.230515 7.264241 0.079473
v 2.223416 7.265532 0.079335
v 2.231301 7.264047 0.079583
v 2.239232 7.258593 0.079443
v 2.236836 7.260727 0.079466
v 2.237444 7.260197 0.079434
v 2.236189 7.261209 0.079463
v 2.235548 7.261699 0.079507
v 2.228976 7.264724 0.079444
v 2.225830 7.265425 0.079449
v 2.227804 7.265024 0.079436
v 2.226626 7.265295 0.079452
v 2.225029 7.265522 0.079440
v 2.239824 7.258023 0.079506
v 2.232754 7.263318 0.079510
v 2.224229 7.265628 0.079468
v 2.223021 7.265719 0.079500
v 2.229759 7.264527 0.079495
v 2.229010 7.264841 0.079597
v 2.233472 7.262948 0.079506
v 2.225042 7.265632 0.079574
v 2.240384 7.257441 0.079547
v 2.234860 7.262123 0.079483
v 2.234190 7.262576 0.079533
v 2.232014 7.263643 0.079488
v 2.227827 7.265120 0.079552
v 2.224238 7.265738 0.079619
v 2.233518 7.263035 0.079648
v 2.232068 7.263765 0.079685
v 2.226644 7.265393 0.079579
v 2.238721 7.259206 0.079560
v 2.238161 7.259793 0.079641
v 2.232813 7.263439 0.079730
v 2.229800 7.264651 0.079701
v 2.225845 7.265526 0.079578
v 2.225048 7.265688 0.079673
v 2.223430 7.265827 0.079689
v 2.239927 7.258119 0.079726
v 2.236288 7.261346 0.079725
v 2.234952 7.262272 0.079780
v 2.234241 7.262666 0.079703
v 2.228244 7.265117 0.079721
v 2.240947 7.256857 0.079642
v 2.236930 7.260849 0.079682
v 2.230564 7.264376 0.079682
v 2.226664 7.265502 0.079829
v 2.235636 7.261833 0.079790
v 2.233544 7.263085 0.079775
v 2.224243 7.265802 0.079750
v 2.222619 7.265872 0.079737
v 2.240474 7.257518 0.079756
v 2.239367 7.258707 0.079721
v 2.241024 7.256919 0.079881
v 2.239411 7.258750 0.079928
v 2.238803 7.259292 0.079771
v 2.230588 7.264441 0.079887
v 2.229028 7.264902 0.079721
v 2.237563 7.260342 0.079693
v 2.225057 7.265767 0.079934
v 2.240518 7.257557 0.079976
v 2.239973 7.258162 0.079939
v 2.224247 7.265851 0.079948
v 2.233566 7.263126 0.079973
v 2.232838 7.263491 0.079945
v 2.231350 7.264154 0.079927
v 2.227457 7.265323 0.079767
v 2.234980 7.262317 0.080005
v 2.225862 7.265640 0.079835
v 2.241045 7.256936 0.080051
v 2.236972 7.260903 0.079873
v 2.222620 7.265933 0.079978
v 2.232096 7.263827 0.079897
v 2.220687 7.265361 0.079498
v 2.220675 7.265492 0.079631
v 2.220735 7.265635 0.079753
v 2.221110 7.265896 0.080066
v 2.221159 7.265906 0.080067
v 2.220980 7.265857 0.080066
v 2.220895 7.265820 0.080066
v 2.220457 7.265399 0.080068
v 2.220482 7.265443 0.080072
v 2.220509 7.265486 0.080072
v 2.220555 7.265547 0.080070
v 2.220616 7.265616 0.080071
v 2.220665 7.265664 0.080071
v 2.220723 7.265712 0.080070
v 2.220785 7.265757 0.080071
v 2.220828 7.265784 0.080071
v 2.221044 7.265879 0.080071
v 2.221235 7.265916 0.080066
v 2.221228 7.265725 0.079529
v 2.221013 7.265253 0.079211
v 2.221206 7.265272 0.079187
v 2.220940 7.265558 0.079454
v 2.220850 7.265773 0.079925
v 2.220960 7.265720 0.079641
v 2.220646 7.265631 0.079984
v 2.221032 7.265868 0.080010
v 2.220487 7.265425 0.079961
v 2.220339 7.264846 0.080071
v 2.220335 7.264920 0.080073
v 2.220336 7.264970 0.080073
v 2.220341 7.265028 0.080073
v 2.220351 7.265102 0.080072
v 2.220368 7.265175 0.080072
v 2.220384 7.265231 0.080072
v 2.220401 7.265278 0.080072
v 2.220426 7.265339 0.080072
v 2.220866 7.264384 0.079265
v 2.221035 7.264732 0.079183
v 2.221272 7.264986 0.079138
v 2.220461 7.264981 0.079631
v 2.220529 7.265226 0.079601
v 2.220649 7.265134 0.079424
v 2.220614 7.264867 0.079432
v 2.220405 7.265272 0.079997
v 2.220429 7.265211 0.079806
v 2.220387 7.264989 0.079808
v 2.220350 7.265013 0.080010
v 2.220389 7.264677 0.079863
v 2.220844 7.265000 0.079261
v 2.220338 7.264888 0.095623
v 2.220334 7.264967 0.095619
v 2.220335 7.265007 0.095616
v 2.220336 7.265034 0.095613
v 2.220344 7.265103 0.095603
v 2.220351 7.265149 0.095596
v 2.220361 7.265193 0.095587
v 2.220378 7.265261 0.095572
v 2.220393 7.265305 0.095560
v 2.220422 7.265375 0.095539
v 2.219805 7.261606 0.095632
v 2.219886 7.261784 0.095631
v 2.219962 7.261965 0.095631
v 2.216527 7.263343 0.097512
v 2.220032 7.262148 0.095630
v 2.216594 7.263546 0.097512
v 2.220095 7.262333 0.095630
v 2.220153 7.262521 0.095629
v 2.220204 7.262710 0.095629
v 2.220249 7.262901 0.095629
v 2.216651 7.263790 0.097511
v 2.220287 7.263093 0.095628
v 2.220319 7.263286 0.095628
v 2.220345 7.263481 0.095627
v 2.216675 7.264001 0.097510
v 2.220364 7.263676 0.095627
v 2.220376 7.263871 0.095626
v 2.220382 7.264067 0.095626
v 2.220382 7.264263 0.095625
v 2.216680 7.264252 0.097510
v 2.220375 7.264459 0.095625
v 2.220361 7.264654 0.095624
v 2.216669 7.264400 0.097509
v 2.216654 7.264510 0.097509
v 2.220459 7.265449 0.095512
v 2.216633 7.264619 0.097509
v 2.220498 7.265515 0.095485
v 2.220530 7.265561 0.095464
v 2.220590 7.265634 0.095425
v 2.220644 7.265689 0.095392
v 2.216607 7.264728 0.097508
v 2.220682 7.265725 0.095368
v 2.220744 7.265773 0.095332
v 2.220808 7.265816 0.095295
v 2.220875 7.265853 0.095257
v 2.220943 7.265886 0.095219
v 2.220974 7.265898 0.095202
v 2.221020 7.265915 0.095177
v 2.221082 7.265933 0.095144
v 2.221128 7.265944 0.095119
v 2.221201 7.265956 0.095082
v 2.221276 7.265963 0.095044
v 2.216586 7.264799 0.097508
v 2.216530 7.264956 0.097508
v 2.219582 7.266473 0.095770
v 2.216439 7.265160 0.097507
v 2.219415 7.266809 0.095769
v 2.216327 7.265352 0.097507
v 2.216197 7.265532 0.097506
v 2.218634 7.267918 0.095764
v 2.216087 7.265659 0.097506
v 2.215968 7.265776 0.097506
v 2.217945 7.268558 0.095762
v 2.215767 7.265940 0.097505
v 2.217541 7.268852 0.095760
v 2.215563 7.266069 0.097505
v 2.215364 7.266170 0.097505
v 2.216681 7.269305 0.095761
v 2.215173 7.266242 0.097505
v 2.216190 7.269492 0.095758
v 2.215013 7.266289 0.097504
v 2.214767 7.266334 0.097504
v 2.214682 7.269750 0.095760
v 2.214517 7.266353 0.097504
v 2.214328 7.269751 0.095760
v 2.214350 7.266350 0.097504
v 2.214183 7.266333 0.097504
v 2.213931 7.269727 0.095759
v 2.213578 7.269682 0.095759
v 2.213366 7.269638 0.095761
v 2.213982 7.266296 0.097504
v 2.213090 7.269576 0.095761
v 2.212954 7.269549 0.095757
v 2.213839 7.266258 0.097504
v 2.212677 7.269458 0.095759
v 2.213630 7.266181 0.097505
v 2.212131 7.269237 0.095759
v 2.213380 7.266057 0.097505
v 2.211659 7.268986 0.095763
v 2.211269 7.268751 0.095759
v 2.213193 7.265936 0.097505
v 2.213062 7.265834 0.097505
v 2.210711 7.268293 0.095764
v 2.212912 7.265695 0.097506
v 2.210410 7.267996 0.095765
v 2.210076 7.267623 0.095762
v 2.212765 7.265528 0.097506
v 2.209959 7.267457 0.095766
v 2.212665 7.265396 0.097506
v 2.212550 7.265203 0.097507
v 2.209387 7.266482 0.095769
v 2.212445 7.264984 0.097508
v 2.212388 7.264829 0.097508
v 2.212366 7.264758 0.097508
v 2.209090 7.265681 0.095771
v 2.209042 7.265497 0.095771
v 2.212339 7.264650 0.097508
v 2.212313 7.264526 0.097509
v 2.208928 7.264923 0.095771
v 2.212290 7.264337 0.097509
v 2.212282 7.264134 0.097510
v 2.212295 7.263931 0.097510
v 2.212317 7.263765 0.097511
v 2.212354 7.263603 0.097511
v 2.212414 7.263408 0.097512
v 2.212469 7.263270 0.097512
v 2.208294 7.261431 0.095193
v 2.208346 7.261448 0.095221
v 2.208883 7.261459 0.095472
v 2.208840 7.261469 0.095454
v 2.212534 7.263136 0.097512
v 2.209121 7.261364 0.095559
v 2.209331 7.261209 0.095615
v 2.209269 7.261264 0.095601
v 2.212607 7.263007 0.097513
v 2.209444 7.261078 0.095631
v 2.212667 7.262913 0.097513
v 2.209590 7.260855 0.095633
v 2.209474 7.261034 0.095632
v 2.209705 7.260691 0.095633
v 2.212733 7.262823 0.097513
v 2.209825 7.260531 0.095634
v 2.209951 7.260376 0.095634
v 2.212898 7.262634 0.097514
v 2.210081 7.260224 0.095635
v 2.210217 7.260077 0.095635
v 2.210358 7.259935 0.095635
v 2.210503 7.259799 0.095636
v 2.210653 7.259666 0.095636
v 2.213080 7.262463 0.097514
v 2.210807 7.259539 0.095636
v 2.210966 7.259417 0.095637
v 2.211128 7.259301 0.095637
v 2.213259 7.262330 0.097514
v 2.211295 7.259190 0.095637
v 2.211465 7.259085 0.095638
v 2.211639 7.258986 0.095638
v 2.213401 7.262242 0.097515
v 2.211816 7.258892 0.095638
v 2.213499 7.262189 0.097515
v 2.211996 7.258805 0.095638
v 2.212178 7.258724 0.095639
v 2.213712 7.262098 0.097515
v 2.212364 7.258649 0.095639
v 2.212552 7.258580 0.095639
v 2.212742 7.258518 0.095639
v 2.213844 7.262053 0.097515
v 2.212934 7.258462 0.095639
v 2.213128 7.258413 0.095640
v 2.213952 7.262023 0.097515
v 2.213323 7.258370 0.095640
v 2.214115 7.261990 0.097515
v 2.213520 7.258335 0.095640
v 2.213718 7.258306 0.095640
v 2.213917 7.258283 0.095640
v 2.214281 7.261967 0.097515
v 2.214116 7.258267 0.095640
v 2.214355 7.261961 0.097515
v 2.214316 7.258258 0.095640
v 2.214516 7.258256 0.095640
v 2.214587 7.261962 0.097515
v 2.214716 7.258260 0.095640
v 2.214916 7.258272 0.095640
v 2.215115 7.258290 0.095640
v 2.215313 7.258315 0.095640
v 2.214818 7.261985 0.097515
v 2.215511 7.258346 0.095640
v 2.215707 7.258384 0.095640
v 2.215902 7.258429 0.095640
v 2.215054 7.262035 0.097515
v 2.216095 7.258480 0.095640
v 2.216287 7.258538 0.095639
v 2.216476 7.258603 0.095639
v 2.216663 7.258673 0.095639
v 2.216848 7.258750 0.095639
v 2.215318 7.262124 0.097515
v 2.217030 7.258833 0.095639
v 2.217209 7.258923 0.095638
v 2.217384 7.259018 0.095638
v 2.215511 7.262215 0.097515
v 2.217557 7.259119 0.095638
v 2.217726 7.259226 0.095638
v 2.217891 7.259339 0.095637
v 2.218052 7.259457 0.095637
v 2.215771 7.262376 0.097514
v 2.218210 7.259581 0.095637
v 2.215875 7.262454 0.097514
v 2.218362 7.259709 0.095637
v 2.218511 7.259843 0.095636
v 2.218655 7.259983 0.095636
v 2.218794 7.260126 0.095636
v 2.216046 7.262611 0.097514
v 2.218928 7.260274 0.095635
v 2.216200 7.262784 0.097513
v 2.219057 7.260427 0.095635
v 2.219180 7.260584 0.095634
v 2.219299 7.260746 0.095634
v 2.216279 7.262887 0.097513
v 2.219412 7.260911 0.095634
v 2.216321 7.262949 0.097513
v 2.219519 7.261079 0.095633
v 2.219620 7.261251 0.095633
v 2.216379 7.263043 0.097513
v 2.219715 7.261427 0.095632
v 2.216458 7.263191 0.097512
v 2.209392 7.261143 0.095625
v 2.209191 7.261322 0.095580
v 2.209050 7.261400 0.095535
v 2.208973 7.261432 0.095507
v 2.208784 7.261479 0.095430
v 2.208701 7.261488 0.095394
v 2.208624 7.261491 0.095359
v 2.208573 7.261489 0.095335
v 2.208504 7.261482 0.095301
v 2.208442 7.261471 0.095270
v 2.208387 7.261459 0.095243
v 2.208244 7.261411 0.095166
v 2.208179 7.261381 0.095130
v 2.208119 7.261347 0.095095
v 2.208060 7.261309 0.095059
v 2.209141 7.262294 0.095762
v 2.208755 7.264551 0.095758
v 2.209008 7.266113 0.095787
v 2.209316 7.266733 0.095765
v 2.216428 7.269542 0.095745
v 2.219986 7.265876 0.095752
v 2.219789 7.266727 0.095934
v 2.219360 7.267464 0.095920
v 2.217816 7.269014 0.095922
v 2.215957 7.269857 0.095914
v 2.214792 7.270034 0.095905
v 2.213668 7.269986 0.095906
v 2.212939 7.269840 0.095919
v 2.211555 7.269268 0.095913
v 2.210974 7.268890 0.095927
v 2.210753 7.268715 0.095909
v 2.208609 7.263624 0.095929
v 2.208731 7.262844 0.095937
v 2.208984 7.262187 0.095815
v 2.216812 7.269567 0.095838
v 2.218825 7.267933 0.095756
v 2.214315 7.269900 0.095749
v 2.213537 7.269829 0.095749
v 2.217098 7.269301 0.095763
v 2.212949 7.269755 0.095778
v 2.208854 7.264080 0.095765
v 2.211736 7.269207 0.095751
v 2.208981 7.263007 0.095772
v 2.219404 7.267210 0.095775
v 2.215729 7.269717 0.095740
v 2.215131 7.269883 0.095756
v 2.214569 7.269834 0.095741
v 2.209149 7.266098 0.095752
v 2.219958 7.266042 0.095774
v 2.211226 7.268916 0.095758
v 2.210571 7.268358 0.095752
v 2.208897 7.265283 0.095750
v 2.218134 7.268606 0.095754
v 2.212511 7.269571 0.095755
v 2.209053 7.262744 0.095776
v 2.208916 7.263433 0.095773
v 2.209168 7.262355 0.095777
v 2.216887 7.269266 0.095742
v 2.213517 7.269753 0.095740
v 2.209448 7.266804 0.095746
v 2.219654 7.266339 0.095764
v 2.219153 7.267246 0.095767
v 2.218908 7.267596 0.095764
v 2.217103 7.269104 0.095761
v 2.215682 7.269628 0.095758
v 2.215048 7.269733 0.095756
v 2.209554 7.266842 0.095763
v 2.209252 7.266178 0.095767
v 2.209145 7.265862 0.095770
v 2.209096 7.265728 0.095767
v 2.215601 7.269941 0.095865
v 2.219597 7.267083 0.095917
v 2.208635 7.263632 0.095848
v 2.219749 7.266772 0.095870
v 2.219911 7.266456 0.095924
v 2.208771 7.262823 0.095843
v 2.219053 7.267867 0.095894
v 2.210458 7.268442 0.095876
v 2.208656 7.263219 0.095870
v 2.219450 7.267291 0.095855
v 2.208863 7.265874 0.095861
v 2.217177 7.269373 0.095863
v 2.217524 7.269200 0.095918
v 2.218368 7.268584 0.095911
v 2.209436 7.267199 0.095922
v 2.209668 7.267560 0.095854
v 2.214125 7.270006 0.095841
v 2.218618 7.268352 0.095842
v 2.208690 7.264797 0.095799
v 2.210073 7.268034 0.095856
v 2.211169 7.269010 0.095861
v 2.212825 7.269784 0.095851
v 2.216377 7.269725 0.095888
v 2.208793 7.263111 0.095778
v 2.216155 7.269765 0.095823
v 2.219114 7.267693 0.095799
v 2.220121 7.265889 0.095873
v 2.209060 7.266413 0.095859
v 2.211684 7.269316 0.095851
v 2.212233 7.269586 0.095870
v 2.219925 7.266333 0.095840
v 2.209317 7.266953 0.095861
v 2.218129 7.268788 0.095857
v 2.208766 7.265361 0.095810
v 2.208678 7.264007 0.095787
v 2.211916 7.269382 0.095791
v 2.217709 7.269048 0.095839
v 2.210811 7.268699 0.095809
v 2.208884 7.265649 0.095776
v 2.219798 7.266521 0.095788
v 2.208925 7.262903 0.095757
v 2.219624 7.266792 0.095765
v 2.209861 7.267609 0.095763
v 2.211318 7.269055 0.095797
v 2.213770 7.269932 0.095788
v 2.217677 7.268976 0.095767
v 2.212426 7.269605 0.095791
v 2.216054 7.269726 0.095767
v 2.208804 7.265252 0.095769
v 2.210337 7.268227 0.095783
v 2.213291 7.269925 0.095849
v 2.214709 7.269974 0.095795
v 2.208991 7.265430 0.095758
v 2.211587 7.269011 0.095745
v 2.212507 7.269471 0.095741
v 2.218644 7.268023 0.095745
v 2.219680 7.266427 0.095749
v 2.209795 7.267302 0.095751
v 2.217955 7.268647 0.095743
v 2.218324 7.268238 0.095762
v 2.219316 7.267111 0.095750
v 2.210984 7.268529 0.095762
v 2.210374 7.268023 0.095749
v 2.210914 7.268536 0.095747
v 2.208787 7.262632 0.095914
v 2.208730 7.265445 0.095916
v 2.208667 7.265075 0.095889
v 2.208616 7.264304 0.095848
v 2.208614 7.264679 0.095894
v 2.208912 7.262241 0.095902
v 2.208089 7.261285 0.080081
v 2.208154 7.261324 0.080081
v 2.208199 7.261347 0.080081
v 2.208261 7.261374 0.080081
v 2.208347 7.261404 0.080079
v 2.208421 7.261423 0.080081
v 2.208512 7.261439 0.080081
v 2.208587 7.261446 0.080081
v 2.208638 7.261447 0.080081
v 2.208713 7.261444 0.080081
v 2.208813 7.261430 0.080081
v 2.208886 7.261415 0.080078
v 2.209052 7.261355 0.080079
v 2.209135 7.261313 0.080079
v 2.209191 7.261278 0.080074
v 2.209266 7.261222 0.080074
v 2.209398 7.261093 0.080071
v 2.209208 7.260719 0.079355
v 2.209053 7.260375 0.079189
v 2.208989 7.260063 0.079146
v 2.208643 7.260572 0.079143
v 2.208448 7.260718 0.079198
v 2.208784 7.261363 0.079753
v 2.208533 7.260977 0.079260
v 2.208932 7.261382 0.079952
v 2.208954 7.261395 0.080077
v 2.208638 7.261439 0.079998
v 2.208384 7.261165 0.079437
v 2.208083 7.261216 0.079790
v 2.208058 7.261255 0.079990
v 2.209455 7.261019 0.080075
v 2.208755 7.260734 0.079193
v 2.208662 7.260865 0.079236
v 2.208982 7.260779 0.079261
v 2.208965 7.260984 0.079358
v 2.209177 7.261039 0.079533
v 2.209413 7.260785 0.079572
v 2.208691 7.261295 0.079596
v 2.208913 7.261190 0.079518
v 2.209051 7.261242 0.079676
v 2.209243 7.261119 0.079695
v 2.209177 7.261257 0.079914
v 2.209329 7.261157 0.080013
v 2.209341 7.261155 0.080080
v 2.208136 7.261176 0.079647
v 2.208410 7.261292 0.079648
v 2.208487 7.261417 0.079946
v 2.208237 7.261323 0.079857
v 2.208290 7.261373 0.079979
v 2.220363 7.264606 0.080074
v 2.220376 7.263777 0.079993
v 2.220318 7.263179 0.079972
v 2.220200 7.262615 0.079953
v 2.220007 7.261953 0.079860
v 2.219653 7.261245 0.079962
v 2.219368 7.260773 0.079938
v 2.218615 7.259866 0.079910
v 2.218289 7.259592 0.079982
v 2.217114 7.258802 0.079905
v 2.216752 7.258659 0.080004
v 2.215057 7.258221 0.079935
v 2.213308 7.258313 0.079929
v 2.211712 7.258899 0.080020
v 2.211237 7.259178 0.079988
v 2.209466 7.260953 0.079904
v 2.209737 7.260483 0.079740
v 2.210107 7.258850 0.079146
v 2.211575 7.257931 0.079151
v 2.217013 7.257712 0.079149
v 2.220145 7.262344 0.079860
v 2.220410 7.264165 0.079868
v 2.220483 7.263700 0.079646
v 2.219397 7.260660 0.079673
v 2.220362 7.263120 0.079755
v 2.219913 7.261677 0.079787
v 2.220547 7.263256 0.079484
v 2.220510 7.264527 0.079589
v 2.220169 7.261791 0.079471
v 2.220225 7.262239 0.079600
v 2.220711 7.264125 0.079378
v 2.209591 7.260811 0.080083
v 2.209705 7.260648 0.080083
v 2.209825 7.260489 0.080084
v 2.209950 7.260334 0.080084
v 2.210080 7.260183 0.080084
v 2.210215 7.260036 0.080085
v 2.210355 7.259895 0.080085
v 2.210499 7.259758 0.080085
v 2.210649 7.259626 0.080086
v 2.210802 7.259500 0.080086
v 2.210960 7.259378 0.080086
v 2.211122 7.259262 0.080087
v 2.211287 7.259151 0.080087
v 2.211456 7.259046 0.080087
v 2.211629 7.258947 0.080088
v 2.211805 7.258853 0.080088
v 2.211984 7.258766 0.080088
v 2.212166 7.258685 0.080088
v 2.212350 7.258610 0.080089
v 2.212537 7.258541 0.080089
v 2.212726 7.258479 0.080089
v 2.212918 7.258422 0.080089
v 2.213110 7.258373 0.080089
v 2.213305 7.258330 0.080089
v 2.213501 7.258293 0.080089
v 2.213698 7.258264 0.080090
v 2.213896 7.258240 0.080090
v 2.214094 7.258224 0.080090
v 2.214293 7.258214 0.080090
v 2.214492 7.258211 0.080090
v 2.214691 7.258214 0.080090
v 2.214890 7.258225 0.080090
v 2.215089 7.258242 0.080090
v 2.215286 7.258266 0.080090
v 2.215483 7.258296 0.080090
v 2.215679 7.258333 0.080089
v 2.215873 7.258377 0.080089
v 2.216066 7.258427 0.080089
v 2.216257 7.258483 0.080089
v 2.216446 7.258546 0.080089
v 2.216633 7.258616 0.080089
v 2.216817 7.258691 0.080089
v 2.216999 7.258773 0.080088
v 2.217177 7.258861 0.080088
v 2.217353 7.258955 0.080088
v 2.217525 7.259055 0.080088
v 2.217695 7.259160 0.080088
v 2.217860 7.259271 0.080087
v 2.218021 7.259388 0.080087
v 2.218179 7.259510 0.080087
v 2.218332 7.259637 0.080086
v 2.218481 7.259769 0.080086
v 2.218625 7.259907 0.080086
v 2.218764 7.260049 0.080085
v 2.218899 7.260195 0.080085
v 2.219028 7.260346 0.080085
v 2.219153 7.260502 0.080084
v 2.219272 7.260662 0.080084
v 2.219386 7.260825 0.080083
v 2.219494 7.260992 0.080083
v 2.219596 7.261163 0.080083
v 2.219693 7.261337 0.080082
v 2.219783 7.261514 0.080082
v 2.219868 7.261694 0.080081
v 2.219946 7.261878 0.080081
v 2.220018 7.262063 0.080080
v 2.220084 7.262251 0.080080
v 2.220144 7.262441 0.080079
v 2.220197 7.262632 0.080079
v 2.220243 7.262826 0.080078
v 2.220283 7.263021 0.080078
v 2.220317 7.263217 0.080077
v 2.220343 7.263414 0.080077
v 2.220363 7.263612 0.080076
v 2.220376 7.263811 0.080076
v 2.220383 7.264010 0.080075
v 2.220383 7.264209 0.080075
v 2.220376 7.264408 0.080074
v 2.220817 7.261633 0.079145
v 2.220259 7.260654 0.079159
v 2.219078 7.259095 0.079150
v 2.216261 7.257571 0.079156
v 2.219751 7.259959 0.079164
v 2.212573 7.257646 0.079163
v 2.214972 7.257421 0.079168
v 2.210961 7.258425 0.079170
v 2.221137 7.263891 0.079163
v 2.213542 7.257400 0.079156
v 2.210144 7.258979 0.079163
v 2.220731 7.261902 0.079173
v 2.221064 7.262243 0.079137
v 2.218809 7.259100 0.079185
v 2.217681 7.258129 0.079155
v 2.217776 7.258386 0.079189
v 2.216672 7.257904 0.079198
v 2.215985 7.257760 0.079219
v 2.213780 7.257565 0.079196
v 2.209675 7.259646 0.079201
v 2.220901 7.262916 0.079204
v 2.213072 7.257805 0.079242
v 2.211933 7.257995 0.079185
v 2.210696 7.258819 0.079221
v 2.220246 7.261206 0.079240
v 2.212579 7.258049 0.079303
v 2.211614 7.258336 0.079249
v 2.219726 7.260460 0.079282
v 2.218241 7.258825 0.079232
v 2.214839 7.257700 0.079263
v 2.217551 7.258500 0.079276
v 2.210927 7.258827 0.079289
v 2.219276 7.259766 0.079238
v 2.210067 7.259422 0.079251
v 2.209438 7.260160 0.079262
v 2.218757 7.259390 0.079291
v 2.220498 7.262056 0.079292
v 2.220718 7.263226 0.079330
v 2.216858 7.258195 0.079292
v 2.220603 7.262669 0.079342
v 2.219847 7.261019 0.079421
v 2.213733 7.257852 0.079335
v 2.211461 7.258622 0.079358
v 2.219267 7.260181 0.079430
v 2.215964 7.258084 0.079418
v 2.212195 7.258281 0.079366
v 2.218344 7.259240 0.079404
v 2.210840 7.259078 0.079404
v 2.210226 7.259507 0.079354
v 2.218831 7.259738 0.079447
v 2.216555 7.258317 0.079467
v 2.215204 7.257955 0.079425
v 2.214379 7.257973 0.079479
v 2.211981 7.258534 0.079507
v 2.217687 7.258749 0.079376
v 2.212669 7.258238 0.079473
v 2.209786 7.260118 0.079445
v 2.219827 7.261265 0.079587
v 2.217175 7.258527 0.079422
v 2.213233 7.258141 0.079529
v 2.217581 7.258927 0.079614
v 2.215482 7.258176 0.079648
v 2.219589 7.261050 0.079788
v 2.219043 7.260326 0.079892
v 2.214582 7.258129 0.079711
v 2.218243 7.259375 0.079597
v 2.216355 7.258422 0.079704
v 2.211450 7.258845 0.079559
v 2.210235 7.259824 0.079616
v 2.218920 7.260055 0.079655
v 2.216889 7.258563 0.079602
v 2.211269 7.259066 0.079722
v 2.217998 7.259309 0.079794
v 2.210774 7.259344 0.079611
v 2.217706 7.259157 0.079974
v 2.213798 7.258185 0.079765
v 2.213039 7.258322 0.079754
v 2.212235 7.258558 0.079699
v 2.216235 7.258466 0.079959
v 2.212775 7.258459 0.079990
v 2.210391 7.259834 0.079903
v 2.211764 7.258834 0.079837
v 2.215605 7.258296 0.079906
v 2.214367 7.258203 0.079953
v 2.213681 7.258260 0.079989
v 2.212186 7.258670 0.079990
v 2.210751 7.259531 0.079959
v 2.209970 7.260307 0.080008
v 2.201609 7.252225 0.079162
v 2.201303 7.252081 0.079211
v 2.201205 7.252156 0.079256
v 2.201152 7.252405 0.079344
v 2.201266 7.252910 0.079449
v 2.200890 7.252648 0.079776
v 2.200747 7.252493 0.079997
v 2.201610 7.254109 0.080037
v 2.206816 7.260284 0.079975
v 2.207478 7.260811 0.079977
v 2.207511 7.260767 0.079758
v 2.207559 7.260707 0.079603
v 2.207605 7.260648 0.079501
v 2.207690 7.260539 0.079369
v 2.207496 7.260141 0.079251
v 2.207531 7.259788 0.079157
v 2.205062 7.257266 0.079151
v 2.202246 7.253421 0.079166
v 2.201005 7.253025 0.080018
v 2.202483 7.255484 0.080028
v 2.202036 7.254803 0.080022
v 2.202957 7.256146 0.079999
v 2.203451 7.256793 0.079981
v 2.203968 7.257422 0.079962
v 2.201266 7.253369 0.079770
v 2.201651 7.254085 0.079811
v 2.202082 7.254774 0.079794
v 2.202505 7.255468 0.079870
v 2.205678 7.259163 0.079749
v 2.203502 7.256752 0.079746
v 2.203996 7.257399 0.079808
v 2.203034 7.256083 0.079643
v 2.206296 7.259692 0.079671
v 2.204564 7.257980 0.079699
v 2.206898 7.260234 0.079699
v 2.202581 7.255416 0.079656
v 2.205123 7.258569 0.079691
v 2.201728 7.254039 0.079622
v 2.205742 7.259095 0.079573
v 2.202002 7.254345 0.079519
v 2.203588 7.256684 0.079553
v 2.204064 7.257340 0.079621
v 2.204655 7.257898 0.079510
v 2.205209 7.258486 0.079505
v 2.206353 7.259628 0.079535
v 2.206952 7.260170 0.079554
v 2.201355 7.253320 0.079579
v 2.206452 7.259519 0.079384
v 2.202703 7.255332 0.079454
v 2.202353 7.254600 0.079365
v 2.203452 7.256280 0.079404
v 2.204195 7.257230 0.079416
v 2.205004 7.258124 0.079403
v 2.205821 7.259014 0.079441
v 2.207036 7.260069 0.079410
v 2.205633 7.258632 0.079327
v 2.201572 7.253201 0.079339
v 2.201908 7.253932 0.079389
v 2.203044 7.255584 0.079341
v 2.204046 7.256832 0.079310
v 2.204842 7.257729 0.079297
v 2.202080 7.253831 0.079261
v 2.203633 7.256142 0.079255
v 2.206573 7.259384 0.079263
v 2.205751 7.258514 0.079236
v 2.201739 7.253110 0.079238
v 2.202729 7.254833 0.079250
v 2.204408 7.257050 0.079235
v 2.204237 7.256675 0.079197
v 2.204993 7.257593 0.079203
v 2.207153 7.259625 0.079185
v 2.203254 7.255435 0.079211
v 2.204084 7.256293 0.079169
v 2.205863 7.258401 0.079180
v 2.202055 7.253388 0.079191
v 2.202692 7.254385 0.079181
v 2.203387 7.255341 0.079170
v 2.204865 7.257178 0.079161
v 2.206057 7.258347 0.079151
v 2.203532 7.255298 0.079155
v 2.239250 7.252713 0.079717
v 2.241195 7.255159 0.079353
v 2.241013 7.254565 0.079983
v 2.239536 7.253043 0.079956
v 2.240610 7.254247 0.079977
v 2.239225 7.252511 0.079958
v 2.239401 7.254358 0.079160
v 2.239219 7.254006 0.079171
v 2.238397 7.252784 0.079172
v 2.240406 7.254983 0.079198
v 2.238899 7.253114 0.079244
v 2.238998 7.253549 0.079194
v 2.239539 7.253711 0.079344
v 2.239801 7.254274 0.079243
v 2.239042 7.252972 0.079352
v 2.239338 7.253120 0.079510
v 2.240791 7.254919 0.079330
v 2.240206 7.254394 0.079355
v 2.239874 7.253527 0.079892
v 2.240654 7.254388 0.079719
v 2.239794 7.253688 0.079543
v 2.240243 7.254121 0.079590
v 2.240222 7.253908 0.079902
v 2.243254 7.242988 0.079188
v 2.239854 7.244721 0.079184
v 2.238509 7.246305 0.079179
v 2.239035 7.252175 0.079871
v 2.238857 7.251622 0.080014
v 2.239784 7.246167 0.079995
v 2.241517 7.244664 0.080074
v 2.241176 7.244875 0.080070
v 2.242875 7.244087 0.080018
v 2.238947 7.247669 0.080023
v 2.238745 7.248301 0.080003
v 2.238716 7.251128 0.080022
v 2.243473 7.243947 0.079970
v 2.242259 7.244299 0.080038
v 2.241024 7.244962 0.079956
v 2.240596 7.245311 0.080017
v 2.238554 7.249926 0.079975
v 2.239103 7.247252 0.079931
v 2.241920 7.244433 0.079962
v 2.238569 7.249249 0.079961
v 2.239429 7.246679 0.079995
v 2.238641 7.248614 0.079879
v 2.238602 7.250576 0.079955
v 2.244072 7.243886 0.080024
v 2.241121 7.244769 0.079677
v 2.240646 7.245175 0.079761
v 2.243623 7.243846 0.079731
v 2.240247 7.245600 0.079902
v 2.239233 7.246885 0.079767
v 2.238472 7.249571 0.079711
v 2.238461 7.250459 0.079632
v 2.238626 7.251194 0.079690
v 2.244498 7.243803 0.079769
v 2.241541 7.244604 0.079869
v 2.239667 7.246231 0.079781
v 2.238843 7.251759 0.079781
v 2.239402 7.246388 0.079570
v 2.242996 7.243951 0.079713
v 2.238770 7.247833 0.079689
v 2.238869 7.252162 0.079561
v 2.241762 7.244368 0.079647
v 2.238275 7.249265 0.079433
v 2.242311 7.244172 0.079716
v 2.238539 7.248654 0.079652
v 2.244159 7.243618 0.079495
v 2.242805 7.243813 0.079467
v 2.244849 7.243716 0.079599
v 2.241993 7.244065 0.079440
v 2.239990 7.245636 0.079570
v 2.241362 7.244417 0.079461
v 2.244996 7.243497 0.079376
v 2.238357 7.249511 0.079532
v 2.239470 7.246002 0.079404
v 2.238961 7.247018 0.079493
v 2.238736 7.247603 0.079526
v 2.238327 7.250958 0.079397
v 2.243553 7.243696 0.079513
v 2.242384 7.243740 0.079323
v 2.240162 7.245316 0.079460
v 2.238101 7.249161 0.079303
v 2.238540 7.251820 0.079382
v 2.238410 7.248349 0.079429
v 2.238946 7.246696 0.079354
v 2.240549 7.244913 0.079418
v 2.240313 7.244832 0.079284
v 2.238530 7.247469 0.079321
v 2.238236 7.250303 0.079397
v 2.241775 7.243898 0.079281
v 2.239129 7.246082 0.079264
v 2.243399 7.243509 0.079338
v 2.238093 7.248530 0.079259
v 2.244391 7.243366 0.079306
v 2.243767 7.243254 0.079243
v 2.242588 7.243507 0.079248
v 2.241025 7.244362 0.079306
v 2.237997 7.250159 0.079259
v 2.238447 7.252223 0.079243
v 2.238571 7.246805 0.079223
v 2.238210 7.247817 0.079234
v 2.243150 7.243265 0.079219
v 2.244672 7.243163 0.079228
v 2.239768 7.245269 0.079260
v 2.238926 7.246088 0.079208
v 2.238109 7.251199 0.079239
v 2.243911 7.243042 0.079198
v 2.241254 7.243962 0.079216
v 2.237819 7.249468 0.079204
v 2.240676 7.244213 0.079200
v 2.239833 7.244875 0.079194
v 2.239020 7.245742 0.079189
v 2.237867 7.248217 0.079181
v 2.237790 7.250581 0.079185
v 2.237945 7.251753 0.079169
v 2.238206 7.252149 0.079184
v 2.242994 7.243113 0.079191
v 2.238373 7.246879 0.079192
v 2.242190 7.243398 0.079196
v 2.245924 7.243516 0.079685
v 2.245567 7.243534 0.079398
v 2.245953 7.243356 0.079529
v 2.245485 7.243718 0.079596
v 2.246222 7.242822 0.079810
v 2.246172 7.243091 0.079747
v 2.245472 7.243356 0.079268
v 2.244871 7.243886 0.080016
v 2.246168 7.243346 0.079992
v 2.245305 7.243925 0.080120
v 2.245209 7.243923 0.080115
v 2.245821 7.243752 0.080020
v 2.245584 7.243871 0.080042
v 2.246062 7.243488 0.079910
v 2.245934 7.243644 0.079937
v 2.245510 7.243837 0.079827
v 2.245733 7.243775 0.079885
v 2.245312 7.243913 0.080025
v 2.245727 7.243708 0.079736
v 2.245813 7.243123 0.079332
v 2.245197 7.243811 0.079650
v 2.205116 7.228219 0.080166
v 2.205584 7.227655 0.080167
v 2.206069 7.227108 0.080169
v 2.206573 7.226576 0.080170
v 2.207095 7.226061 0.080172
v 2.207633 7.225564 0.080173
v 2.208187 7.225086 0.080174
v 2.208757 7.224626 0.080175
v 2.209342 7.224185 0.080176
v 2.209942 7.223764 0.080178
v 2.210555 7.223363 0.080179
v 2.211181 7.222983 0.080180
v 2.211819 7.222624 0.080181
v 2.212469 7.222286 0.080182
v 2.213130 7.221970 0.080182
v 2.213801 7.221676 0.080183
v 2.214482 7.221405 0.080184
v 2.215171 7.221156 0.080185
v 2.215868 7.220931 0.080185
v 2.216573 7.220728 0.080186
v 2.217283 7.220550 0.080186
v 2.217999 7.220395 0.080187
v 2.218720 7.220263 0.080187
v 2.219445 7.220157 0.080188
v 2.220173 7.220074 0.080188
v 2.220903 7.220015 0.080188
v 2.221635 7.219981 0.080188
v 2.222368 7.219971 0.080188
v 2.205308 7.228385 0.080165
v 2.205495 7.228559 0.080165
v 2.205676 7.228737 0.080165
v 2.205851 7.228921 0.080164
v 2.206020 7.229112 0.080164
v 2.206182 7.229308 0.080163
v 2.206338 7.229508 0.080163
v 2.206487 7.229714 0.080162
v 2.206630 7.229925 0.080162
v 2.206765 7.230140 0.080161
v 2.206894 7.230360 0.080161
v 2.207015 7.230583 0.080160
v 2.207128 7.230811 0.080159
v 2.216052 7.228338 0.080166
v 2.207234 7.231041 0.080159
v 2.207332 7.231275 0.080158
v 2.207423 7.231513 0.080158
v 2.207505 7.231752 0.080157
v 2.207580 7.231995 0.080156
v 2.207647 7.232239 0.080156
v 2.215600 7.228554 0.080166
v 2.215155 7.228785 0.080165
v 2.216511 7.228137 0.080167
v 2.216977 7.227951 0.080167
v 2.217448 7.227781 0.080168
v 2.217926 7.227627 0.080168
v 2.218408 7.227489 0.080169
v 2.218894 7.227367 0.080169
v 2.219384 7.227262 0.080169
v 2.219877 7.227172 0.080170
v 2.220373 7.227100 0.080170
v 2.222855 7.222526 0.080182
v 2.222768 7.222280 0.080182
v 2.222689 7.222031 0.080183
v 2.222619 7.221779 0.080184
v 2.222557 7.221525 0.080184
v 2.222503 7.221269 0.080185
v 2.222459 7.221012 0.080186
v 2.222423 7.220753 0.080186
v 2.222396 7.220493 0.080187
v 2.222377 7.220232 0.080188
v 2.222951 7.222770 0.080181
v 2.220872 7.227044 0.080170
v 2.223054 7.223010 0.080180
v 2.223166 7.223246 0.080180
v 2.221371 7.227005 0.080170
v 2.223286 7.223478 0.080179
v 2.221872 7.226982 0.080170
v 2.223413 7.223706 0.080179
v 2.223548 7.223930 0.080178
v 2.222374 7.226976 0.080170
v 2.223691 7.224149 0.080178
v 2.223841 7.224363 0.080177
v 2.222875 7.226986 0.080170
v 2.223998 7.224573 0.080177
v 2.224162 7.224776 0.080176
v 2.223376 7.227014 0.080170
v 2.224333 7.224974 0.080176
v 2.224510 7.225166 0.080175
v 2.223875 7.227058 0.080170
v 2.224694 7.225352 0.080175
v 2.224884 7.225532 0.080174
v 2.224373 7.227119 0.080170
v 2.225080 7.225705 0.080174
v 2.224868 7.227197 0.080170
v 2.225282 7.225872 0.080173
v 2.225489 7.226031 0.080173
v 2.225360 7.227291 0.080170
v 2.225701 7.226183 0.080173
v 2.225919 7.226329 0.080172
v 2.225849 7.227401 0.080169
v 2.226141 7.226467 0.080172
v 2.226368 7.226597 0.080172
v 2.226335 7.227528 0.080169
v 2.226599 7.226719 0.080171
v 2.226834 7.226834 0.080171
v 2.227073 7.226941 0.080171
v 2.226815 7.227671 0.080169
v 2.214718 7.229031 0.080164
v 2.214290 7.229291 0.080164
v 2.213871 7.229566 0.080163
v 2.213460 7.229854 0.080162
v 2.213060 7.230156 0.080161
v 2.212671 7.230471 0.080161
v 2.212292 7.230799 0.080160
v 2.211924 7.231140 0.080159
v 2.211568 7.231492 0.080158
v 2.211223 7.231856 0.080157
v 2.210891 7.232232 0.080156
v 2.210572 7.232618 0.080155
v 2.210266 7.233015 0.080154
v 2.207706 7.232486 0.080155
v 2.209974 7.233422 0.080153
v 2.207756 7.232735 0.080154
v 2.207799 7.232985 0.080154
v 2.209695 7.233838 0.080152
v 2.207833 7.233236 0.080153
v 2.207859 7.233489 0.080153
v 2.209430 7.234263 0.080151
v 2.207876 7.233742 0.080152
v 2.207886 7.233995 0.080151
v 2.209180 7.234697 0.080150
v 2.207887 7.234249 0.080151
v 2.207880 7.234503 0.080150
v 2.208944 7.235139 0.080148
v 2.207864 7.234756 0.080149
v 2.207840 7.235009 0.080149
v 2.208724 7.235590 0.080147
v 2.207808 7.235260 0.080148
v 2.207767 7.235511 0.080147
v 2.208518 7.236046 0.080146
v 2.207719 7.235760 0.080147
v 2.207662 7.236007 0.080146
v 2.208328 7.236510 0.080145
v 2.207597 7.236252 0.080145
v 2.216584 7.256652 0.080094
v 2.216331 7.256586 0.080094
v 2.216077 7.256528 0.080094
v 2.215820 7.256478 0.080094
v 2.215561 7.256438 0.080094
v 2.215302 7.256406 0.080094
v 2.215041 7.256382 0.080094
v 2.214780 7.256368 0.080094
v 2.214518 7.256362 0.080094
v 2.214257 7.256366 0.080094
v 2.213995 7.256378 0.080094
v 2.213735 7.256399 0.080094
v 2.213475 7.256428 0.080094
v 2.213216 7.256467 0.080094
v 2.212959 7.256514 0.080094
v 2.212703 7.256570 0.080094
v 2.212450 7.256634 0.080094
v 2.212198 7.256707 0.080093
v 2.211950 7.256788 0.080093
v 2.211704 7.256878 0.080093
v 2.211462 7.256976 0.080093
v 2.211222 7.257082 0.080092
v 2.210987 7.257195 0.080092
v 2.210755 7.257317 0.080092
v 2.210528 7.257447 0.080091
v 2.210306 7.257584 0.080091
v 2.210088 7.257729 0.080091
v 2.209875 7.257881 0.080090
v 2.209667 7.258039 0.080090
v 2.209465 7.258205 0.080089
v 2.209269 7.258378 0.080089
v 2.209078 7.258557 0.080088
v 2.208894 7.258742 0.080088
v 2.208716 7.258934 0.080087
v 2.208544 7.259131 0.080087
v 2.216842 7.255923 0.080096
v 2.207995 7.237452 0.080142
v 2.207852 7.237932 0.080141
v 2.207726 7.238417 0.080140
v 2.207615 7.238905 0.080139
v 2.207521 7.239398 0.080137
v 2.207443 7.239892 0.080136
v 2.207382 7.240389 0.080135
v 2.207338 7.240889 0.080134
v 2.207310 7.241388 0.080132
v 2.207300 7.241889 0.080131
v 2.207306 7.242390 0.080130
v 2.207328 7.242891 0.080128
v 2.207368 7.243390 0.080127
v 2.207424 7.243888 0.080126
v 2.207496 7.244383 0.080125
v 2.207586 7.244876 0.080123
v 2.207691 7.245366 0.080122
v 2.207814 7.245852 0.080121
v 2.207952 7.246334 0.080120
v 2.208106 7.246810 0.080118
v 2.208276 7.247281 0.080117
v 2.208462 7.247746 0.080116
v 2.208663 7.248205 0.080115
v 2.208879 7.248657 0.080114
v 2.209110 7.249102 0.080113
v 2.209357 7.249538 0.080112
v 2.209617 7.249966 0.080110
v 2.209892 7.250385 0.080109
v 2.210181 7.250794 0.080108
v 2.210483 7.251194 0.080107
v 2.210798 7.251584 0.080106
v 2.211127 7.251962 0.080105
v 2.211467 7.252330 0.080105
v 2.211820 7.252686 0.080104
v 2.212185 7.253029 0.080103
v 2.212560 7.253361 0.080102
v 2.212947 7.253680 0.080101
v 2.213344 7.253986 0.080100
v 2.213751 7.254278 0.080100
v 2.214168 7.254557 0.080099
v 2.214594 7.254821 0.080098
v 2.215028 7.255071 0.080098
v 2.215471 7.255307 0.080097
v 2.215921 7.255527 0.080097
v 2.216378 7.255733 0.080096
v 2.207265 7.237195 0.080143
v 2.200289 7.241895 0.080131
v 2.200550 7.241886 0.080131
v 2.200811 7.241868 0.080131
v 2.201071 7.241840 0.080131
v 2.201330 7.241804 0.080131
v 2.201588 7.241760 0.080131
v 2.201844 7.241706 0.080131
v 2.202098 7.241645 0.080131
v 2.202350 7.241574 0.080131
v 2.202600 7.241496 0.080132
v 2.202846 7.241408 0.080132
v 2.203090 7.241313 0.080132
v 2.203330 7.241209 0.080132
v 2.203566 7.241097 0.080133
v 2.203799 7.240978 0.080133
v 2.204027 7.240850 0.080133
v 2.204251 7.240716 0.080134
v 2.204471 7.240573 0.080134
v 2.204685 7.240423 0.080135
v 2.204894 7.240266 0.080135
v 2.205098 7.240102 0.080135
v 2.205296 7.239932 0.080136
v 2.205488 7.239755 0.080136
v 2.205675 7.239571 0.080137
v 2.205854 7.239381 0.080137
v 2.206028 7.239185 0.080138
v 2.206194 7.238984 0.080138
v 2.206354 7.238777 0.080139
v 2.206507 7.238564 0.080139
v 2.206652 7.238348 0.080140
v 2.206790 7.238125 0.080141
v 2.206920 7.237899 0.080141
v 2.207043 7.237668 0.080142
v 2.207158 7.237433 0.080142
v 2.207980 7.258665 0.080088
v 2.207432 7.258179 0.080089
v 2.206899 7.257676 0.080091
v 2.206385 7.257154 0.080092
v 2.205887 7.256617 0.080093
v 2.205408 7.256063 0.080095
v 2.204948 7.255494 0.080096
v 2.204507 7.254909 0.080097
v 2.204085 7.254310 0.080099
v 2.203684 7.253698 0.080101
v 2.203303 7.253072 0.080102
v 2.202944 7.252434 0.080104
v 2.202606 7.251785 0.080105
v 2.202289 7.251124 0.080107
v 2.201995 7.250454 0.080109
v 2.201724 7.249774 0.080110
v 2.201475 7.249085 0.080112
v 2.201249 7.248389 0.080114
v 2.201047 7.247685 0.080116
v 2.200868 7.246975 0.080118
v 2.200713 7.246260 0.080119
v 2.200582 7.245540 0.080121
v 2.200475 7.244815 0.080123
v 2.200392 7.244088 0.080125
v 2.200333 7.243359 0.080127
v 2.200299 7.242627 0.080129
v 2.239484 7.255706 0.080098
v 2.239017 7.256270 0.080096
v 2.238531 7.256818 0.080095
v 2.238027 7.257349 0.080094
v 2.237506 7.257864 0.080092
v 2.236968 7.258361 0.080091
v 2.236413 7.258840 0.080090
v 2.235843 7.259300 0.080088
v 2.235258 7.259740 0.080087
v 2.234659 7.260161 0.080086
v 2.234046 7.260562 0.080085
v 2.233419 7.260942 0.080084
v 2.232781 7.261302 0.080083
v 2.232131 7.261640 0.080082
v 2.231470 7.261956 0.080081
v 2.230799 7.262249 0.080081
v 2.230119 7.262521 0.080080
v 2.229429 7.262769 0.080079
v 2.228732 7.262995 0.080078
v 2.228028 7.263197 0.080078
v 2.227317 7.263376 0.080077
v 2.226601 7.263531 0.080077
v 2.225880 7.263662 0.080077
v 2.225156 7.263769 0.080076
v 2.224427 7.263852 0.080076
v 2.223697 7.263910 0.080076
v 2.222965 7.263945 0.080076
v 2.222233 7.263955 0.080076
v 2.237003 7.247673 0.080118
v 2.236936 7.247926 0.080118
v 2.236878 7.248181 0.080117
v 2.236829 7.248437 0.080116
v 2.236788 7.248696 0.080116
v 2.236756 7.248955 0.080115
v 2.236733 7.249216 0.080114
v 2.236719 7.249476 0.080114
v 2.236713 7.249738 0.080113
v 2.236716 7.249999 0.080112
v 2.236728 7.250260 0.080112
v 2.236749 7.250521 0.080111
v 2.236779 7.250780 0.080110
v 2.236817 7.251039 0.080110
v 2.236864 7.251296 0.080109
v 2.236920 7.251551 0.080108
v 2.236984 7.251804 0.080108
v 2.237057 7.252056 0.080107
v 2.237139 7.252304 0.080106
v 2.237229 7.252550 0.080106
v 2.237326 7.252792 0.080105
v 2.237432 7.253031 0.080105
v 2.237547 7.253266 0.080104
v 2.237669 7.253497 0.080103
v 2.237798 7.253724 0.080103
v 2.237936 7.253947 0.080102
v 2.238080 7.254164 0.080102
v 2.238232 7.254377 0.080101
v 2.238391 7.254584 0.080101
v 2.238557 7.254786 0.080100
v 2.238730 7.254983 0.080100
v 2.238909 7.255173 0.080099
v 2.239095 7.255357 0.080099
v 2.239287 7.255535 0.080098
v 2.236273 7.247416 0.080119
v 2.217785 7.256255 0.080095
v 2.218266 7.256398 0.080095
v 2.218751 7.256525 0.080094
v 2.219240 7.256635 0.080094
v 2.219733 7.256729 0.080094
v 2.220228 7.256806 0.080094
v 2.220726 7.256867 0.080094
v 2.221225 7.256911 0.080094
v 2.221725 7.256939 0.080093
v 2.222227 7.256950 0.080094
v 2.222728 7.256944 0.080094
v 2.223229 7.256921 0.080094
v 2.223729 7.256882 0.080094
v 2.224227 7.256826 0.080094
v 2.224723 7.256753 0.080094
v 2.225216 7.256664 0.080094
v 2.225707 7.256558 0.080095
v 2.226193 7.256436 0.080095
v 2.226675 7.256299 0.080095
v 2.227152 7.256145 0.080096
v 2.227623 7.255974 0.080096
v 2.228089 7.255789 0.080097
v 2.228548 7.255588 0.080097
v 2.229001 7.255372 0.080098
v 2.229445 7.255140 0.080099
v 2.229882 7.254895 0.080099
v 2.230310 7.254634 0.080100
v 2.230730 7.254360 0.080101
v 2.231140 7.254071 0.080102
v 2.231540 7.253769 0.080102
v 2.231930 7.253454 0.080103
v 2.232309 7.253126 0.080104
v 2.232677 7.252786 0.080105
v 2.233033 7.252433 0.080106
v 2.233377 7.252069 0.080107
v 2.233709 7.251694 0.080108
v 2.234028 7.251307 0.080109
v 2.234334 7.250911 0.080110
v 2.234627 7.250504 0.080111
v 2.234905 7.250088 0.080112
v 2.235170 7.249662 0.080113
v 2.235420 7.249228 0.080114
v 2.235656 7.248786 0.080115
v 2.235877 7.248336 0.080117
v 2.236083 7.247880 0.080118
v 2.217528 7.256985 0.080093
v 2.217760 7.257088 0.080093
v 2.217988 7.257199 0.080093
v 2.218212 7.257318 0.080092
v 2.218433 7.257443 0.080092
v 2.218649 7.257576 0.080092
v 2.218861 7.257716 0.080091
v 2.219069 7.257863 0.080091
v 2.219271 7.258016 0.080091
v 2.219468 7.258176 0.080090
v 2.219660 7.258342 0.080090
v 2.219846 7.258515 0.080089
v 2.220026 7.258693 0.080089
v 2.220201 7.258878 0.080088
v 2.220369 7.259068 0.080088
v 2.220531 7.259263 0.080087
v 2.220687 7.259463 0.080087
v 2.220835 7.259669 0.080086
v 2.220978 7.259879 0.080086
v 2.221113 7.260094 0.080085
v 2.221241 7.260313 0.080085
v 2.221361 7.260536 0.080084
v 2.221475 7.260763 0.080084
v 2.221679 7.261229 0.080083
v 2.221581 7.260994 0.080083
v 2.221770 7.261467 0.080082
v 2.221853 7.261707 0.080081
v 2.221927 7.261950 0.080081
v 2.221994 7.262195 0.080080
v 2.222053 7.262443 0.080079
v 2.222104 7.262691 0.080079
v 2.222146 7.262942 0.080078
v 2.222180 7.263194 0.080078
v 2.222206 7.263447 0.080077
v 2.222224 7.263700 0.080076
v 2.242156 7.232470 0.080158
v 2.241840 7.231838 0.080159
v 2.241505 7.231216 0.080161
v 2.241150 7.230606 0.080162
v 2.240775 7.230008 0.080164
v 2.240382 7.229421 0.080165
v 2.239970 7.228848 0.080167
v 2.239539 7.228288 0.080168
v 2.239091 7.227742 0.080169
v 2.238626 7.227211 0.080171
v 2.238143 7.226696 0.080172
v 2.237645 7.226195 0.080173
v 2.237130 7.225711 0.080175
v 2.236601 7.225244 0.080176
v 2.236056 7.224794 0.080177
v 2.244312 7.242030 0.080133
v 2.244303 7.241324 0.080135
v 2.244271 7.240619 0.080137
v 2.244216 7.239915 0.080139
v 2.244139 7.239214 0.080140
v 2.244040 7.238515 0.080142
v 2.243918 7.237820 0.080144
v 2.243773 7.237128 0.080146
v 2.243607 7.236443 0.080148
v 2.243419 7.235762 0.080149
v 2.243209 7.235088 0.080151
v 2.242977 7.234421 0.080153
v 2.242724 7.233762 0.080154
v 2.242450 7.233111 0.080156
v 2.235885 7.224992 0.080176
v 2.235707 7.225183 0.080176
v 2.235523 7.225368 0.080175
v 2.235332 7.225548 0.080175
v 2.235135 7.225720 0.080174
v 2.234933 7.225886 0.080174
v 2.234726 7.226045 0.080174
v 2.234513 7.226197 0.080173
v 2.234295 7.226342 0.080173
v 2.234072 7.226479 0.080172
v 2.233371 7.231850 0.080159
v 2.233035 7.231494 0.080159
v 2.233696 7.232217 0.080158
v 2.234009 7.232594 0.080157
v 2.234309 7.232982 0.080156
v 2.234597 7.233379 0.080155
v 2.234871 7.233786 0.080154
v 2.235132 7.234200 0.080153
v 2.235379 7.234624 0.080152
v 2.235612 7.235055 0.080151
v 2.235831 7.235493 0.080149
v 2.236036 7.235939 0.080148
v 2.236226 7.236391 0.080147
v 2.236400 7.236848 0.080146
v 2.236560 7.237312 0.080145
v 2.236705 7.237780 0.080144
v 2.236834 7.238253 0.080142
v 2.236948 7.238729 0.080141
v 2.237046 7.239210 0.080140
v 2.237128 7.239693 0.080139
v 2.241754 7.242517 0.080132
v 2.237194 7.240178 0.080138
v 2.241511 7.242613 0.080132
v 2.241271 7.242716 0.080131
v 2.242001 7.242430 0.080132
v 2.242250 7.242351 0.080132
v 2.242502 7.242281 0.080132
v 2.242756 7.242219 0.080133
v 2.243012 7.242166 0.080133
v 2.243270 7.242121 0.080133
v 2.243529 7.242085 0.080133
v 2.243789 7.242058 0.080133
v 2.244051 7.242040 0.080133
v 2.237245 7.240665 0.080136
v 2.241034 7.242828 0.080131
v 2.240801 7.242948 0.080131
v 2.237279 7.241155 0.080135
v 2.240573 7.243075 0.080130
v 2.237298 7.241644 0.080134
v 2.240349 7.243210 0.080130
v 2.240130 7.243352 0.080130
v 2.237300 7.242134 0.080133
v 2.239915 7.243502 0.080129
v 2.239706 7.243659 0.080129
v 2.237286 7.242624 0.080131
v 2.239502 7.243823 0.080128
v 2.237257 7.243113 0.080130
v 2.239304 7.243994 0.080128
v 2.239112 7.244171 0.080127
v 2.237211 7.243601 0.080129
v 2.238926 7.244355 0.080127
v 2.238746 7.244545 0.080126
v 2.237149 7.244087 0.080127
v 2.238573 7.244740 0.080126
v 2.238406 7.244942 0.080125
v 2.237072 7.244571 0.080126
v 2.238246 7.245149 0.080125
v 2.238094 7.245361 0.080124
v 2.236979 7.245052 0.080125
v 2.237948 7.245578 0.080124
v 2.236870 7.245530 0.080124
v 2.237810 7.245800 0.080123
v 2.237680 7.246027 0.080123
v 2.236745 7.246004 0.080123
v 2.237557 7.246258 0.080122
v 2.237442 7.246492 0.080121
v 2.237336 7.246731 0.080121
v 2.236605 7.246474 0.080121
v 2.232686 7.231149 0.080160
v 2.233613 7.226730 0.080172
v 2.233845 7.226608 0.080172
v 2.232327 7.230815 0.080161
v 2.233139 7.226950 0.080171
v 2.233378 7.226844 0.080171
v 2.232896 7.227048 0.080171
v 2.231957 7.230494 0.080162
v 2.232651 7.227138 0.080171
v 2.232402 7.227219 0.080170
v 2.231576 7.230185 0.080163
v 2.232151 7.227292 0.080170
v 2.231897 7.227356 0.080170
v 2.231186 7.229888 0.080163
v 2.231642 7.227412 0.080170
v 2.230786 7.229604 0.080164
v 2.231384 7.227459 0.080170
v 2.231126 7.227497 0.080170
v 2.230377 7.229334 0.080165
v 2.230866 7.227527 0.080169
v 2.230605 7.227548 0.080169
v 2.229960 7.229076 0.080165
v 2.230344 7.227560 0.080169
v 2.230082 7.227563 0.080169
v 2.229534 7.228833 0.080166
v 2.229820 7.227557 0.080169
v 2.229559 7.227543 0.080169
v 2.229100 7.228604 0.080167
v 2.229299 7.227520 0.080169
v 2.228660 7.228389 0.080167
v 2.229039 7.227488 0.080169
v 2.228781 7.227447 0.080170
v 2.228212 7.228189 0.080168
v 2.228524 7.227398 0.080170
v 2.228269 7.227340 0.080170
v 2.227758 7.228003 0.080168
v 2.228016 7.227273 0.080170
v 2.226268 7.240114 0.097101
v 2.226202 7.239981 0.097101
v 2.226131 7.239851 0.097102
v 2.226055 7.239722 0.097102
v 2.225976 7.239597 0.097102
v 2.225892 7.239474 0.097103
v 2.225804 7.239355 0.097103
v 2.225713 7.239238 0.097103
v 2.225617 7.239124 0.097103
v 2.225517 7.239014 0.097104
v 2.225414 7.238907 0.097104
v 2.225307 7.238803 0.097104
v 2.225197 7.238704 0.097105
v 2.225084 7.238608 0.097105
v 2.224967 7.238516 0.097105
v 2.224848 7.238428 0.097105
v 2.224725 7.238344 0.097105
v 2.224600 7.238264 0.097106
v 2.224472 7.238189 0.097106
v 2.224341 7.238118 0.097106
v 2.224208 7.238051 0.097106
v 2.224073 7.237988 0.097106
v 2.223936 7.237931 0.097106
v 2.223797 7.237878 0.097107
v 2.223657 7.237830 0.097107
v 2.223515 7.237786 0.097107
v 2.223371 7.237748 0.097107
v 2.223226 7.237714 0.097107
v 2.223081 7.237685 0.097107
v 2.222934 7.237661 0.097107
v 2.222786 7.237642 0.097107
v 2.222638 7.237628 0.097107
v 2.222490 7.237619 0.097107
v 2.222342 7.237616 0.097107
v 2.222193 7.237617 0.097107
v 2.222044 7.237623 0.097107
v 2.221896 7.237634 0.097107
v 2.221748 7.237650 0.097107
v 2.221601 7.237671 0.097107
v 2.221455 7.237697 0.097107
v 2.221310 7.237728 0.097107
v 2.221165 7.237764 0.097107
v 2.221022 7.237804 0.097107
v 2.220881 7.237850 0.097106
v 2.220741 7.237900 0.097106
v 2.220603 7.237955 0.097106
v 2.220467 7.238015 0.097106
v 2.220333 7.238079 0.097106
v 2.220201 7.238147 0.097106
v 2.220071 7.238220 0.097105
v 2.219944 7.238297 0.097105
v 2.219820 7.238379 0.097105
v 2.219699 7.238465 0.097105
v 2.219580 7.238554 0.097104
v 2.219465 7.238648 0.097104
v 2.219353 7.238746 0.097104
v 2.219244 7.238847 0.097104
v 2.219139 7.238952 0.097103
v 2.219038 7.239060 0.097103
v 2.218940 7.239172 0.097103
v 2.218846 7.239287 0.097103
v 2.218755 7.239405 0.097102
v 2.218669 7.239526 0.097102
v 2.218587 7.239650 0.097102
v 2.218510 7.239777 0.097101
v 2.218436 7.239906 0.097101
v 2.218367 7.240037 0.097101
v 2.218303 7.240171 0.097100
v 2.218243 7.240307 0.097100
v 2.218188 7.240445 0.097100
v 2.218137 7.240584 0.097099
v 2.218091 7.240726 0.097099
v 2.218050 7.240869 0.097098
v 2.218014 7.241013 0.097098
v 2.217983 7.241158 0.097098
v 2.217956 7.241304 0.097097
v 2.217935 7.241451 0.097097
v 2.217918 7.241598 0.097097
v 2.217907 7.241746 0.097096
v 2.217900 7.241895 0.097096
v 2.217899 7.242043 0.097095
v 2.217902 7.242192 0.097095
v 2.217911 7.242340 0.097095
v 2.217925 7.242488 0.097094
v 2.217943 7.242635 0.097094
v 2.217967 7.242782 0.097094
v 2.217995 7.242928 0.097093
v 2.218029 7.243072 0.097093
v 2.218067 7.243216 0.097092
v 2.218110 7.243358 0.097092
v 2.218158 7.243498 0.097092
v 2.218210 7.243637 0.097091
v 2.218268 7.243774 0.097091
v 2.218330 7.243909 0.097091
v 2.218331 7.243871 0.083897
v 2.218269 7.243736 0.083897
v 2.218212 7.243599 0.083897
v 2.218159 7.243460 0.083898
v 2.218111 7.243320 0.083898
v 2.218068 7.243178 0.083898
v 2.218030 7.243034 0.083899
v 2.217996 7.242889 0.083899
v 2.217968 7.242744 0.083899
v 2.217944 7.242597 0.083900
v 2.217926 7.242450 0.083900
v 2.217912 7.242302 0.083900
v 2.217903 7.242154 0.083901
v 2.217900 7.242005 0.083901
v 2.217901 7.241857 0.083902
v 2.217908 7.241708 0.083902
v 2.217919 7.241560 0.083902
v 2.217936 7.241413 0.083903
v 2.217957 7.241266 0.083903
v 2.217983 7.241120 0.083904
v 2.218015 7.240974 0.083904
v 2.218051 7.240830 0.083904
v 2.218092 7.240688 0.083905
v 2.218138 7.240547 0.083905
v 2.218189 7.240407 0.083905
v 2.218244 7.240269 0.083906
v 2.218304 7.240133 0.083906
v 2.218368 7.239999 0.083906
v 2.218437 7.239868 0.083907
v 2.218511 7.239738 0.083907
v 2.218588 7.239612 0.083907
v 2.218670 7.239488 0.083908
v 2.218756 7.239367 0.083908
v 2.218847 7.239249 0.083908
v 2.218941 7.239134 0.083909
v 2.219038 7.239022 0.083909
v 2.219140 7.238914 0.083909
v 2.219245 7.238809 0.083910
v 2.219354 7.238708 0.083910
v 2.219466 7.238610 0.083910
v 2.219582 7.238517 0.083910
v 2.219700 7.238427 0.083911
v 2.219821 7.238341 0.083911
v 2.219946 7.238260 0.083911
v 2.220073 7.238182 0.083911
v 2.220202 7.238109 0.083911
v 2.220334 7.238040 0.083912
v 2.220468 7.237977 0.083912
v 2.220604 7.237917 0.083912
v 2.220742 7.237862 0.083912
v 2.220882 7.237812 0.083912
v 2.221023 7.237766 0.083912
v 2.221166 7.237726 0.083912
v 2.221311 7.237690 0.083913
v 2.221456 7.237659 0.083913
v 2.221602 7.237633 0.083913
v 2.221750 7.237612 0.083913
v 2.221897 7.237596 0.083913
v 2.222045 7.237585 0.083913
v 2.222194 7.237579 0.083913
v 2.222342 7.237577 0.083913
v 2.222491 7.237582 0.083913
v 2.222640 7.237590 0.083913
v 2.222788 7.237605 0.083913
v 2.222935 7.237623 0.083913
v 2.223082 7.237648 0.083913
v 2.223228 7.237676 0.083913
v 2.223372 7.237710 0.083913
v 2.223516 7.237749 0.083913
v 2.223658 7.237792 0.083912
v 2.223799 7.237840 0.083912
v 2.223937 7.237893 0.083912
v 2.224074 7.237951 0.083912
v 2.224209 7.238013 0.083912
v 2.224342 7.238080 0.083912
v 2.224473 7.238151 0.083912
v 2.224601 7.238226 0.083911
v 2.224726 7.238306 0.083911
v 2.224849 7.238390 0.083911
v 2.224968 7.238478 0.083911
v 2.225085 7.238570 0.083911
v 2.225198 7.238666 0.083910
v 2.225308 7.238766 0.083910
v 2.225415 7.238869 0.083910
v 2.225518 7.238976 0.083910
v 2.225618 7.239086 0.083909
v 2.225713 7.239200 0.083909
v 2.225806 7.239316 0.083909
v 2.225893 7.239436 0.083908
v 2.225977 7.239559 0.083908
v 2.226057 7.239685 0.083908
v 2.226132 7.239812 0.083907
v 2.226202 7.239943 0.083907
v 2.226269 7.240076 0.083907
v 2.226331 7.240211 0.083906
v 2.226330 7.240249 0.097101
v 2.226388 7.240348 0.083906
v 2.226387 7.240386 0.097100
v 2.226440 7.240525 0.097100
v 2.226441 7.240487 0.083906
v 2.226488 7.240665 0.097100
v 2.226489 7.240627 0.083905
v 2.226531 7.240808 0.097099
v 2.226532 7.240769 0.083905
v 2.226569 7.240951 0.097099
v 2.226570 7.240913 0.083905
v 2.226603 7.241096 0.097098
v 2.226604 7.241058 0.083904
v 2.226631 7.241241 0.097098
v 2.226632 7.241203 0.083904
v 2.226655 7.241388 0.097098
v 2.226656 7.241350 0.083904
v 2.226673 7.241535 0.097097
v 2.226674 7.241498 0.083903
v 2.226687 7.241683 0.097097
v 2.226688 7.241645 0.083903
v 2.226695 7.241831 0.097097
v 2.226696 7.241794 0.083902
v 2.226699 7.241980 0.097096
v 2.226700 7.241942 0.083902
v 2.226697 7.242128 0.097096
v 2.226699 7.242091 0.083902
v 2.226691 7.242277 0.097095
v 2.226692 7.242239 0.083901
v 2.226680 7.242425 0.097095
v 2.226681 7.242387 0.083901
v 2.226663 7.242572 0.097095
v 2.226664 7.242535 0.083901
v 2.226642 7.242720 0.097094
v 2.226643 7.242682 0.083900
v 2.226615 7.242866 0.097094
v 2.226616 7.242827 0.083900
v 2.226584 7.243011 0.097094
v 2.226585 7.242973 0.083899
v 2.226548 7.243155 0.097093
v 2.226549 7.243117 0.083899
v 2.226507 7.243298 0.097093
v 2.226508 7.243259 0.083899
v 2.226461 7.243439 0.097092
v 2.226462 7.243401 0.083898
v 2.226410 7.243578 0.097092
v 2.226411 7.243540 0.083898
v 2.226355 7.243716 0.097092
v 2.226356 7.243678 0.083898
v 2.226295 7.243852 0.097091
v 2.226296 7.243814 0.083897
v 2.226230 7.243986 0.097091
v 2.226231 7.243948 0.083897
v 2.226161 7.244117 0.097091
v 2.226162 7.244080 0.083897
v 2.226088 7.244246 0.097090
v 2.226089 7.244208 0.083896
v 2.226010 7.244373 0.097090
v 2.226011 7.244335 0.083896
v 2.225928 7.244497 0.097090
v 2.225929 7.244459 0.083896
v 2.225842 7.244618 0.097089
v 2.225843 7.244580 0.083895
v 2.225752 7.244736 0.097089
v 2.225753 7.244698 0.083895
v 2.225658 7.244851 0.097089
v 2.225659 7.244813 0.083895
v 2.225560 7.244963 0.097089
v 2.225561 7.244925 0.083894
v 2.225459 7.245071 0.097088
v 2.225460 7.245033 0.083894
v 2.225353 7.245176 0.097088
v 2.225354 7.245138 0.083894
v 2.225245 7.245277 0.097088
v 2.225246 7.245239 0.083894
v 2.225132 7.245375 0.097087
v 2.225133 7.245337 0.083893
v 2.225017 7.245469 0.097087
v 2.225018 7.245430 0.083893
v 2.224899 7.245558 0.097087
v 2.224900 7.245521 0.083893
v 2.224777 7.245644 0.097087
v 2.224778 7.245606 0.083893
v 2.224653 7.245726 0.097086
v 2.224654 7.245687 0.083892
v 2.224526 7.245803 0.097086
v 2.224527 7.245765 0.083892
v 2.224397 7.245876 0.097086
v 2.224398 7.245838 0.083892
v 2.224265 7.245944 0.097086
v 2.224266 7.245906 0.083892
v 2.224131 7.246008 0.097086
v 2.224132 7.245971 0.083892
v 2.223995 7.246068 0.097086
v 2.223996 7.246030 0.083891
v 2.223857 7.246123 0.097085
v 2.223858 7.246085 0.083891
v 2.223717 7.246173 0.097085
v 2.223718 7.246135 0.083891
v 2.223575 7.246219 0.097085
v 2.223576 7.246181 0.083891
v 2.223432 7.246259 0.097085
v 2.223433 7.246222 0.083891
v 2.223288 7.246295 0.097085
v 2.223289 7.246257 0.083891
v 2.223143 7.246326 0.097085
v 2.223144 7.246288 0.083891
v 2.222996 7.246352 0.097085
v 2.222997 7.246314 0.083891
v 2.222849 7.246373 0.097085
v 2.222850 7.246336 0.083891
v 2.222702 7.246389 0.097085
v 2.222703 7.246351 0.083890
v 2.222553 7.246400 0.097085
v 2.222554 7.246363 0.083890
v 2.222405 7.246407 0.097085
v 2.222406 7.246368 0.083890
v 2.222256 7.246408 0.097085
v 2.222257 7.246370 0.083890
v 2.222108 7.246404 0.097085
v 2.222109 7.246366 0.083890
v 2.221959 7.246395 0.097085
v 2.221960 7.246357 0.083890
v 2.221811 7.246381 0.097085
v 2.221812 7.246343 0.083890
v 2.221664 7.246362 0.097085
v 2.221665 7.246324 0.083890
v 2.221517 7.246338 0.097085
v 2.221518 7.246300 0.083891
v 2.221371 7.246309 0.097085
v 2.221372 7.246271 0.083891
v 2.221227 7.246275 0.097085
v 2.221228 7.246237 0.083891
v 2.221083 7.246237 0.097085
v 2.221084 7.246199 0.083891
v 2.220941 7.246193 0.097085
v 2.220942 7.246155 0.083891
v 2.220800 7.246145 0.097085
v 2.220801 7.246107 0.083891
v 2.220661 7.246092 0.097085
v 2.220663 7.246054 0.083891
v 2.220525 7.246035 0.097085
v 2.220526 7.245996 0.083891
v 2.220389 7.245972 0.097086
v 2.220391 7.245934 0.083891
v 2.220257 7.245906 0.097086
v 2.220258 7.245868 0.083892
v 2.220126 7.245834 0.097086
v 2.220127 7.245797 0.083892
v 2.219998 7.245759 0.097086
v 2.219999 7.245721 0.083892
v 2.219873 7.245679 0.097086
v 2.219874 7.245641 0.083892
v 2.219750 7.245595 0.097086
v 2.219751 7.245557 0.083892
v 2.219630 7.245507 0.097087
v 2.219632 7.245469 0.083893
v 2.219514 7.245415 0.097087
v 2.219515 7.245377 0.083893
v 2.219400 7.245319 0.097087
v 2.219401 7.245281 0.083893
v 2.219290 7.245220 0.097087
v 2.219291 7.245182 0.083893
v 2.219183 7.245116 0.097088
v 2.219185 7.245078 0.083893
v 2.219080 7.245009 0.097088
v 2.219081 7.244971 0.083894
v 2.218981 7.244899 0.097088
v 2.218982 7.244861 0.083894
v 2.218885 7.244785 0.097088
v 2.218886 7.244748 0.083894
v 2.218793 7.244668 0.097089
v 2.218794 7.244631 0.083895
v 2.218705 7.244549 0.097089
v 2.218707 7.244511 0.083895
v 2.218622 7.244426 0.097089
v 2.218623 7.244388 0.083895
v 2.218542 7.244301 0.097090
v 2.218543 7.244263 0.083896
v 2.218467 7.244173 0.097090
v 2.218468 7.244135 0.083896
v 2.218396 7.244042 0.097090
v 2.218397 7.244004 0.083896
v 2.216050 7.244962 0.083894
v 2.216585 7.238060 0.083911
v 2.221765 7.248875 0.083884
v 2.228015 7.245887 0.083892
v 2.228550 7.238986 0.083910
v 2.222835 7.235072 0.083919
v 2.216518 7.238014 0.083914
v 2.215971 7.245000 0.083897
v 2.216431 7.237955 0.083924
v 2.215882 7.245042 0.083906
v 2.216342 7.237894 0.083943
v 2.215785 7.245089 0.083924
v 2.215697 7.245131 0.083950
v 2.216261 7.237839 0.083969
v 2.216175 7.237780 0.084004
v 2.215585 7.245184 0.083993
v 2.216105 7.237732 0.084040
v 2.215509 7.245221 0.084030
v 2.216061 7.237701 0.084068
v 2.215438 7.245255 0.084073
v 2.215979 7.237646 0.084129
v 2.215342 7.245301 0.084145
v 2.215904 7.237594 0.084197
v 2.215270 7.245336 0.084211
v 2.215845 7.237555 0.084262
v 2.215803 7.237526 0.084317
v 2.215206 7.245366 0.084283
v 2.215170 7.245384 0.084331
v 2.215780 7.237510 0.084351
v 2.215759 7.237496 0.084386
v 2.215141 7.245398 0.084375
v 2.215719 7.237469 0.084463
v 2.215100 7.245418 0.084450
v 2.215067 7.245433 0.084523
v 2.215047 7.245443 0.084581
v 2.215678 7.237441 0.084568
v 2.215026 7.245454 0.084662
v 2.215654 7.237425 0.084654
v 2.215645 7.237418 0.084706
v 2.215017 7.245458 0.084714
v 2.215636 7.237413 0.084769
v 2.215633 7.237411 0.084821
v 2.215011 7.245461 0.084777
v 2.215009 7.245462 0.084812
v 2.215632 7.237411 0.084855
v 2.215008 7.245462 0.084835
v 2.222843 7.234961 0.083925
v 2.222853 7.234838 0.083940
v 2.222860 7.234745 0.083959
v 2.222868 7.234645 0.083988
v 2.222876 7.234543 0.084027
v 2.222883 7.234451 0.084070
v 2.222888 7.234376 0.084114
v 2.222895 7.234290 0.084174
v 2.222902 7.234209 0.084242
v 2.222908 7.234129 0.084326
v 2.222910 7.234101 0.084360
v 2.222912 7.234076 0.084395
v 2.222916 7.234028 0.084472
v 2.222919 7.233989 0.084553
v 2.222921 7.233958 0.084639
v 2.222923 7.233939 0.084715
v 2.222923 7.233929 0.084778
v 2.222924 7.233925 0.084830
v 2.222924 7.233924 0.084865
v 2.228613 7.238955 0.083912
v 2.228709 7.238909 0.083922
v 2.228815 7.238859 0.083941
v 2.228882 7.238827 0.083960
v 2.228954 7.238792 0.083984
v 2.229029 7.238757 0.084017
v 2.229096 7.238725 0.084051
v 2.229144 7.238702 0.084079
v 2.229205 7.238673 0.084121
v 2.229279 7.238637 0.084181
v 2.229357 7.238601 0.084258
v 2.229409 7.238576 0.084320
v 2.229430 7.238566 0.084349
v 2.229459 7.238552 0.084394
v 2.229496 7.238534 0.084461
v 2.229532 7.238517 0.084541
v 2.229562 7.238503 0.084633
v 2.229579 7.238496 0.084710
v 2.229587 7.238492 0.084773
v 2.229590 7.238490 0.084819
v 2.229591 7.238490 0.084854
v 2.228967 7.246542 0.084833
v 2.228967 7.246542 0.084798
v 2.228964 7.246539 0.084752
v 2.228956 7.246534 0.084689
v 2.228940 7.246523 0.084612
v 2.228907 7.246500 0.084505
v 2.228878 7.246480 0.084435
v 2.228846 7.246458 0.084374
v 2.228813 7.246435 0.084319
v 2.228773 7.246407 0.084263
v 2.228724 7.246374 0.084205
v 2.228676 7.246341 0.084155
v 2.228607 7.246294 0.084096
v 2.228534 7.246243 0.084044
v 2.228489 7.246212 0.084017
v 2.228409 7.246157 0.083976
v 2.228319 7.246096 0.083941
v 2.228240 7.246042 0.083919
v 2.228166 7.245991 0.083904
v 2.228073 7.245927 0.083894
v 2.229590 7.238524 0.096673
v 2.229546 7.239090 0.096545
v 2.229505 7.239629 0.096438
v 2.229465 7.240146 0.096349
v 2.229426 7.240646 0.096278
v 2.229388 7.241133 0.096223
v 2.229351 7.241611 0.096185
v 2.229315 7.242081 0.096161
v 2.229278 7.242549 0.096153
v 2.229242 7.243016 0.096159
v 2.229206 7.243487 0.096180
v 2.229169 7.243965 0.096216
v 2.229131 7.244452 0.096268
v 2.229092 7.244952 0.096337
v 2.229052 7.245470 0.096423
v 2.229010 7.246010 0.096527
v 2.228966 7.246576 0.096652
v 2.222923 7.233958 0.096684
v 2.223392 7.234279 0.096557
v 2.223838 7.234584 0.096450
v 2.224267 7.234878 0.096362
v 2.224681 7.235161 0.096292
v 2.225084 7.235437 0.096238
v 2.225479 7.235708 0.096199
v 2.225869 7.235975 0.096177
v 2.226257 7.236240 0.096168
v 2.226644 7.236505 0.096175
v 2.227034 7.236772 0.096197
v 2.227429 7.237043 0.096234
v 2.227832 7.237319 0.096286
v 2.228246 7.237603 0.096355
v 2.228675 7.237897 0.096442
v 2.229122 7.238203 0.096547
v 2.215631 7.237444 0.096675
v 2.216144 7.237199 0.096549
v 2.216632 7.236965 0.096444
v 2.217101 7.236741 0.096357
v 2.217554 7.236524 0.096288
v 2.217995 7.236313 0.096235
v 2.218427 7.236106 0.096198
v 2.218854 7.235902 0.096176
v 2.219277 7.235700 0.096169
v 2.219701 7.235497 0.096177
v 2.220127 7.235294 0.096200
v 2.220559 7.235087 0.096238
v 2.221000 7.234877 0.096292
v 2.221453 7.234660 0.096363
v 2.221922 7.234437 0.096450
v 2.222410 7.234203 0.096557
v 2.215008 7.245496 0.096654
v 2.215051 7.244930 0.096529
v 2.215093 7.244390 0.096424
v 2.215133 7.243873 0.096338
v 2.215172 7.243372 0.096270
v 2.215210 7.242885 0.096218
v 2.215247 7.242407 0.096182
v 2.215283 7.241937 0.096160
v 2.215319 7.241469 0.096154
v 2.215356 7.241002 0.096163
v 2.215392 7.240530 0.096186
v 2.215429 7.240054 0.096225
v 2.215467 7.239567 0.096280
v 2.215506 7.239067 0.096351
v 2.215546 7.238549 0.096439
v 2.215588 7.238010 0.096547
v 2.221675 7.250062 0.096643
v 2.221676 7.250028 0.084823
v 2.221206 7.249741 0.096517
v 2.220760 7.249435 0.096412
v 2.220331 7.249141 0.096325
v 2.219917 7.248857 0.096256
v 2.219513 7.248581 0.096204
v 2.219118 7.248310 0.096167
v 2.218729 7.248043 0.096145
v 2.218341 7.247778 0.096138
v 2.217954 7.247513 0.096146
v 2.217564 7.247246 0.096169
v 2.217169 7.246975 0.096208
v 2.216766 7.246699 0.096262
v 2.216352 7.246416 0.096332
v 2.215923 7.246122 0.096420
v 2.215476 7.245817 0.096527
v 2.228454 7.246821 0.096525
v 2.227965 7.247054 0.096419
v 2.227497 7.247278 0.096331
v 2.227044 7.247494 0.096260
v 2.226603 7.247705 0.096206
v 2.226171 7.247911 0.096168
v 2.225744 7.248115 0.096145
v 2.225321 7.248318 0.096137
v 2.224897 7.248520 0.096144
v 2.224471 7.248724 0.096166
v 2.224039 7.248931 0.096203
v 2.223598 7.249142 0.096256
v 2.223145 7.249359 0.096325
v 2.222676 7.249583 0.096412
v 2.222188 7.249817 0.096517
v 2.221080 7.252937 0.098010
v 2.221914 7.252994 0.098010
v 2.220254 7.252809 0.098010
v 2.219618 7.252674 0.098011
v 2.219082 7.252522 0.098011
v 2.218293 7.252246 0.098012
v 2.217525 7.251916 0.098013
v 2.217030 7.251660 0.098013
v 2.216234 7.251184 0.098014
v 2.216547 7.251383 0.098014
v 2.215778 7.250864 0.098015
v 2.215336 7.250524 0.098016
v 2.214915 7.250159 0.098017
v 2.214510 7.249776 0.098018
v 2.214128 7.249371 0.098019
v 2.213764 7.248949 0.098020
v 2.213373 7.248431 0.098021
v 2.212907 7.247737 0.098023
v 2.212589 7.247171 0.098024
v 2.222564 7.253002 0.098010
v 2.223397 7.252946 0.098010
v 2.224043 7.252866 0.098011
v 2.224590 7.252762 0.098011
v 2.225132 7.252634 0.098011
v 2.225490 7.252532 0.098012
v 2.226018 7.252356 0.098012
v 2.226539 7.252156 0.098013
v 2.227046 7.251927 0.098013
v 2.227544 7.251675 0.098014
v 2.228026 7.251396 0.098015
v 2.228495 7.251095 0.098015
v 2.229019 7.250710 0.098016
v 2.229663 7.250179 0.098018
v 2.230130 7.249727 0.098019
v 2.230697 7.249113 0.098021
v 2.231098 7.248602 0.098022
v 2.231577 7.247918 0.098024
v 2.231996 7.247195 0.098026
v 2.232289 7.246615 0.098027
v 2.232605 7.245843 0.098029
v 2.232818 7.245229 0.098031
v 2.232966 7.244692 0.098032
v 2.233090 7.244149 0.098034
v 2.233182 7.243600 0.098035
v 2.233251 7.243048 0.098036
v 2.233287 7.242492 0.098038
v 2.233299 7.241935 0.098039
v 2.233290 7.241564 0.098040
v 2.233252 7.241009 0.098042
v 2.233188 7.240456 0.098043
v 2.233073 7.239816 0.098045
v 2.232879 7.239004 0.098047
v 2.232678 7.238386 0.098048
v 2.232376 7.237607 0.098050
v 2.212221 7.246421 0.098026
v 2.211920 7.245643 0.098028
v 2.211719 7.245025 0.098030
v 2.211525 7.244212 0.098032
v 2.211410 7.243573 0.098034
v 2.211346 7.243020 0.098035
v 2.211308 7.242465 0.098036
v 2.211300 7.241908 0.098038
v 2.211318 7.241351 0.098039
v 2.211368 7.240797 0.098041
v 2.211442 7.240245 0.098042
v 2.211547 7.239697 0.098043
v 2.211677 7.239156 0.098045
v 2.211837 7.238623 0.098046
v 2.212021 7.238097 0.098048
v 2.212274 7.237499 0.098049
v 2.212642 7.236750 0.098051
v 2.212974 7.236191 0.098053
v 2.213440 7.235498 0.098054
v 2.213964 7.234848 0.098056
v 2.214400 7.234365 0.098057
v 2.214799 7.233976 0.098058
v 2.215433 7.233433 0.098060
v 2.216102 7.232933 0.098061
v 2.216572 7.232633 0.098062
v 2.217054 7.232353 0.098063
v 2.217383 7.232182 0.098063
v 2.217889 7.231947 0.098064
v 2.218404 7.231736 0.098064
v 2.218931 7.231553 0.098065
v 2.219465 7.231395 0.098065
v 2.220007 7.231266 0.098066
v 2.220555 7.231163 0.098066
v 2.221200 7.231083 0.098066
v 2.222034 7.231027 0.098066
v 2.222591 7.231030 0.098066
v 2.223425 7.231086 0.098066
v 2.224253 7.231198 0.098066
v 2.225068 7.231382 0.098066
v 2.225693 7.231560 0.098065
v 2.226219 7.231747 0.098065
v 2.226735 7.231957 0.098064
v 2.227072 7.232112 0.098064
v 2.227567 7.232368 0.098063
v 2.228050 7.232646 0.098063
v 2.228517 7.232950 0.098062
v 2.228970 7.233275 0.098061
v 2.229403 7.233625 0.098060
v 2.229820 7.233994 0.098059
v 2.230087 7.234252 0.098059
v 2.230469 7.234658 0.098058
v 2.230833 7.235080 0.098057
v 2.231225 7.235598 0.098055
v 2.231690 7.236291 0.098054
v 2.232008 7.236857 0.098052
v 2.229229 7.254169 0.098008
v 2.229573 7.253966 0.098008
v 2.229012 7.253716 0.098009
v 2.229912 7.253754 0.098009
v 2.230243 7.253532 0.098009
v 2.230569 7.253301 0.098010
v 2.230854 7.252449 0.098012
v 2.230888 7.253061 0.098011
v 2.231200 7.252811 0.098011
v 2.231160 7.252191 0.098013
v 2.231458 7.251924 0.098014
v 2.231749 7.251647 0.098014
v 2.232030 7.251363 0.098015
v 2.232303 7.251071 0.098016
v 2.233417 7.250515 0.098017
v 2.233663 7.249296 0.098020
v 2.233655 7.250195 0.098018
v 2.233884 7.249868 0.098019
v 2.232649 7.251434 0.098015
v 2.232914 7.251135 0.098016
v 2.233170 7.250829 0.098016
v 2.234104 7.249535 0.098020
v 2.233874 7.248957 0.098021
v 2.234075 7.248610 0.098022
v 2.234266 7.248259 0.098023
v 2.234446 7.247901 0.098024
v 2.234615 7.247539 0.098025
v 2.235502 7.246667 0.098027
v 2.235359 7.245431 0.098030
v 2.235630 7.246289 0.098028
v 2.235746 7.245907 0.098029
v 2.235056 7.247777 0.098024
v 2.235215 7.247411 0.098025
v 2.235364 7.247041 0.098026
v 2.235852 7.245522 0.098030
v 2.235455 7.245043 0.098031
v 2.235539 7.244652 0.098032
v 2.235611 7.244258 0.098033
v 2.235672 7.243863 0.098034
v 2.235721 7.243466 0.098036
v 2.236295 7.242362 0.098038
v 2.235777 7.241232 0.098041
v 2.236299 7.241963 0.098039
v 2.236292 7.241565 0.098040
v 2.236214 7.243556 0.098035
v 2.236252 7.243159 0.098036
v 2.236279 7.242761 0.098037
v 2.236274 7.241166 0.098041
v 2.235748 7.240833 0.098042
v 2.235707 7.240435 0.098043
v 2.235654 7.240038 0.098044
v 2.235589 7.239644 0.098045
v 2.235513 7.239251 0.098046
v 2.236010 7.239185 0.098046
v 2.235924 7.238795 0.098047
v 2.235826 7.238409 0.098048
v 2.235718 7.238024 0.098049
v 2.235598 7.237644 0.098050
v 2.234875 7.237109 0.098052
v 2.235468 7.237266 0.098051
v 2.235327 7.236893 0.098052
v 2.234750 7.236800 0.098053
v 2.234617 7.236494 0.098053
v 2.234477 7.236192 0.098054
v 2.234329 7.235893 0.098055
v 2.234174 7.235598 0.098056
v 2.234012 7.235307 0.098056
v 2.232742 7.233466 0.098061
v 2.232484 7.233161 0.098062
v 2.232217 7.232863 0.098062
v 2.231941 7.232573 0.098063
v 2.231656 7.232292 0.098064
v 2.231364 7.232018 0.098065
v 2.229587 7.230660 0.098068
v 2.229247 7.230450 0.098068
v 2.228901 7.230249 0.098069
v 2.228549 7.230058 0.098069
v 2.228191 7.229878 0.098070
v 2.227829 7.229709 0.098070
v 2.225719 7.228966 0.098072
v 2.225330 7.228870 0.098072
v 2.224939 7.228786 0.098072
v 2.224545 7.228714 0.098072
v 2.224149 7.228653 0.098073
v 2.223752 7.228604 0.098073
v 2.221516 7.228549 0.098073
v 2.221116 7.228578 0.098073
v 2.220718 7.228619 0.098072
v 2.220321 7.228672 0.098072
v 2.219926 7.228736 0.098072
v 2.219533 7.228812 0.098072
v 2.217389 7.229449 0.098070
v 2.217018 7.229600 0.098070
v 2.216652 7.229762 0.098069
v 2.216291 7.229935 0.098069
v 2.215935 7.230118 0.098068
v 2.215585 7.230312 0.098068
v 2.210935 7.234732 0.098056
v 2.210724 7.235072 0.098055
v 2.210523 7.235418 0.098054
v 2.210332 7.235770 0.098053
v 2.210152 7.236127 0.098052
v 2.209983 7.236490 0.098052
v 2.209239 7.238597 0.098046
v 2.209143 7.238986 0.098045
v 2.209059 7.239377 0.098044
v 2.208986 7.239770 0.098043
v 2.208925 7.240166 0.098042
v 2.208877 7.240562 0.098041
v 2.208821 7.242796 0.098035
v 2.208850 7.243196 0.098034
v 2.208891 7.243594 0.098033
v 2.208944 7.243990 0.098032
v 2.209008 7.244385 0.098031
v 2.209085 7.244778 0.098030
v 2.209723 7.246920 0.098025
v 2.209874 7.247290 0.098024
v 2.210036 7.247656 0.098023
v 2.210208 7.248016 0.098022
v 2.210392 7.248372 0.098021
v 2.210586 7.248722 0.098020
v 2.210771 7.249952 0.098017
v 2.211855 7.250562 0.098016
v 2.211002 7.250277 0.098016
v 2.211242 7.250596 0.098016
v 2.210134 7.248938 0.098020
v 2.210336 7.249282 0.098019
v 2.210549 7.249620 0.098018
v 2.211492 7.250907 0.098015
v 2.212114 7.250868 0.098015
v 2.212381 7.251166 0.098014
v 2.212657 7.251455 0.098013
v 2.212941 7.251737 0.098013
v 2.213234 7.252010 0.098012
v 2.213790 7.253123 0.098009
v 2.215010 7.253368 0.098009
v 2.214111 7.253361 0.098009
v 2.214438 7.253589 0.098008
v 2.212871 7.252355 0.098011
v 2.213170 7.252620 0.098010
v 2.213476 7.252876 0.098010
v 2.214772 7.253808 0.098008
v 2.215350 7.253579 0.098008
v 2.215697 7.253780 0.098008
v 2.216049 7.253970 0.098007
v 2.216406 7.254150 0.098007
v 2.216769 7.254320 0.098006
v 2.217642 7.255206 0.098004
v 2.218879 7.255063 0.098005
v 2.218021 7.255333 0.098004
v 2.218403 7.255450 0.098004
v 2.216531 7.254760 0.098005
v 2.216897 7.254919 0.098005
v 2.217267 7.255068 0.098004
v 2.218788 7.255555 0.098003
v 2.219267 7.255158 0.098004
v 2.219659 7.255242 0.098004
v 2.220052 7.255315 0.098004
v 2.220448 7.255375 0.098004
v 2.220846 7.255424 0.098004
v 2.221950 7.255998 0.098002
v 2.223082 7.255480 0.098004
v 2.222350 7.256002 0.098002
v 2.222749 7.255995 0.098003
v 2.220755 7.255917 0.098003
v 2.221153 7.255955 0.098002
v 2.221551 7.255982 0.098002
v 2.223148 7.255977 0.098003
v 2.223481 7.255451 0.098004
v 2.223879 7.255410 0.098004
v 2.224276 7.255357 0.098004
v 2.224671 7.255293 0.098004
v 2.225065 7.255217 0.098005
v 2.226292 7.255421 0.098004
v 2.227208 7.254579 0.098006
v 2.226673 7.255302 0.098005
v 2.227051 7.255172 0.098005
v 2.225131 7.255713 0.098003
v 2.225521 7.255627 0.098004
v 2.225908 7.255529 0.098004
v 2.227425 7.255031 0.098005
v 2.227579 7.254428 0.098007
v 2.227945 7.254266 0.098007
v 2.228307 7.254094 0.098008
v 2.228662 7.253911 0.098008
v 2.209641 7.247935 0.080124
v 2.209825 7.248311 0.080183
v 2.209994 7.248634 0.080395
v 2.210030 7.248699 0.080472
v 2.210083 7.248797 0.080646
v 2.210129 7.248878 0.080913
v 2.210135 7.248888 0.081011
v 2.210135 7.248889 0.081033
v 2.210135 7.248889 0.081056
v 2.211493 7.250859 0.081040
v 2.211500 7.250866 0.080932
v 2.211545 7.250919 0.080693
v 2.211635 7.251027 0.080461
v 2.211834 7.251256 0.080199
v 2.212207 7.251656 0.080113
v 2.212407 7.251860 0.080173
v 2.212640 7.252088 0.080368
v 2.212790 7.252230 0.080621
v 2.212858 7.252293 0.080880
v 2.214774 7.253760 0.081020
v 2.214788 7.253769 0.080868
v 2.214828 7.253794 0.080714
v 2.214944 7.253865 0.080486
v 2.215182 7.254008 0.080249
v 2.215379 7.254122 0.080143
v 2.215593 7.254241 0.080106
v 2.215793 7.254348 0.080116
v 2.216001 7.254455 0.080189
v 2.216208 7.254558 0.080322
v 2.216341 7.254622 0.080472
v 2.216492 7.254693 0.080774
v 2.216526 7.254708 0.080950
v 2.216532 7.254711 0.081030
v 2.218790 7.255507 0.081028
v 2.220756 7.255868 0.081039
v 2.223149 7.255928 0.081039
v 2.223154 7.255927 0.080954
v 2.223173 7.255926 0.080845
v 2.223254 7.255920 0.080628
v 2.223333 7.255914 0.080497
v 2.223544 7.255896 0.080292
v 2.223831 7.255867 0.080153
v 2.224170 7.255825 0.080105
v 2.224501 7.255776 0.080168
v 2.224796 7.255727 0.080331
v 2.224933 7.255702 0.080475
v 2.225040 7.255682 0.080649
v 2.225088 7.255672 0.080762
v 2.225125 7.255666 0.080953
v 2.225132 7.255664 0.081039
v 2.227426 7.254982 0.081041
v 2.227432 7.254980 0.080958
v 2.227501 7.254951 0.080686
v 2.227629 7.254899 0.080458
v 2.227852 7.254804 0.080254
v 2.228068 7.254708 0.080149
v 2.228346 7.254579 0.080105
v 2.228599 7.254455 0.080142
v 2.228819 7.254342 0.080249
v 2.228975 7.254260 0.080388
v 2.229152 7.254163 0.080660
v 2.229210 7.254130 0.080849
v 2.229229 7.254120 0.081005
v 2.229230 7.254120 0.081044
v 2.231201 7.252762 0.081036
v 2.231209 7.252756 0.080927
v 2.231237 7.252732 0.080767
v 2.231265 7.252709 0.080675
v 2.231321 7.252661 0.080545
v 2.231429 7.252569 0.080381
v 2.231675 7.252352 0.080182
v 2.231862 7.252181 0.080115
v 2.232086 7.251966 0.080133
v 2.232359 7.251693 0.080284
v 2.232510 7.251535 0.080484
v 2.232606 7.251432 0.080720
v 2.232631 7.251405 0.080834
v 2.232646 7.251390 0.080950
v 2.232650 7.251386 0.081006
v 2.232650 7.251385 0.081029
v 2.232650 7.251385 0.081051
v 2.234105 7.249486 0.081056
v 2.234106 7.249485 0.081022
v 2.234114 7.249472 0.080899
v 2.234133 7.249442 0.080764
v 2.234229 7.249286 0.080462
v 2.234348 7.249088 0.080265
v 2.234452 7.248910 0.080172
v 2.234609 7.248627 0.080123
v 2.234756 7.248351 0.080164
v 2.234801 7.248262 0.080198
v 2.234816 7.248232 0.080213
v 2.234871 7.248120 0.080287
v 2.234940 7.247980 0.080408
v 2.235000 7.247852 0.080597
v 2.235036 7.247775 0.080763
v 2.235052 7.247740 0.080926
v 2.235057 7.247729 0.081044
v 2.235853 7.245473 0.081066
v 2.235854 7.245471 0.081016
v 2.235855 7.245467 0.080965
v 2.235864 7.245432 0.080805
v 2.235875 7.245389 0.080687
v 2.235899 7.245289 0.080524
v 2.235943 7.245106 0.080334
v 2.235994 7.244875 0.080205
v 2.236078 7.244444 0.080140
v 2.236140 7.244074 0.080221
v 2.236180 7.243795 0.080416
v 2.236200 7.243636 0.080611
v 2.236208 7.243572 0.080738
v 2.236212 7.243536 0.080849
v 2.236214 7.243519 0.080930
v 2.236215 7.243511 0.081007
v 2.236215 7.243508 0.081071
v 2.236275 7.241117 0.081077
v 2.236275 7.241115 0.081027
v 2.236273 7.241089 0.080867
v 2.236272 7.241064 0.080778
v 2.236270 7.241045 0.080728
v 2.236269 7.241021 0.080677
v 2.236257 7.240860 0.080457
v 2.236230 7.240561 0.080243
v 2.236190 7.240207 0.080147
v 2.236151 7.239923 0.080164
v 2.236097 7.239589 0.080291
v 2.236054 7.239352 0.080504
v 2.236023 7.239191 0.080771
v 2.236014 7.239149 0.080948
v 2.236011 7.239136 0.081083
v 2.235329 7.236844 0.081088
v 2.235327 7.236841 0.081024
v 2.235312 7.236800 0.080816
v 2.235271 7.236700 0.080594
v 2.235220 7.236575 0.080430
v 2.235126 7.236356 0.080263
v 2.234994 7.236064 0.080164
v 2.220751 7.255867 0.080956
v 2.220734 7.255865 0.080845
v 2.220705 7.255862 0.080742
v 2.220661 7.255856 0.080640
v 2.220564 7.255844 0.080484
v 2.220329 7.255812 0.080271
v 2.220089 7.255775 0.080151
v 2.219784 7.255723 0.080104
v 2.219453 7.255659 0.080147
v 2.219192 7.255602 0.080284
v 2.218974 7.255551 0.080492
v 2.218882 7.255529 0.080640
v 2.218811 7.255512 0.080869
v 2.210180 7.247904 0.080125
v 2.210243 7.248031 0.080152
v 2.210311 7.248164 0.080206
v 2.210372 7.248281 0.080274
v 2.210437 7.248402 0.080377
v 2.210462 7.248447 0.080427
v 2.210479 7.248478 0.080466
v 2.210490 7.248498 0.080493
v 2.210496 7.248511 0.080512
v 2.210524 7.248560 0.080598
v 2.210563 7.248630 0.080769
v 2.210581 7.248662 0.080915
v 2.210586 7.248672 0.081006
v 2.210587 7.248673 0.081056
v 2.209724 7.246871 0.081061
v 2.209272 7.247087 0.081041
v 2.209724 7.246871 0.081016
v 2.209727 7.246879 0.080940
v 2.209735 7.246898 0.080837
v 2.209749 7.246934 0.080718
v 2.209770 7.246986 0.080605
v 2.209782 7.247015 0.080554
v 2.209791 7.247038 0.080520
v 2.209808 7.247078 0.080465
v 2.209831 7.247133 0.080402
v 2.209864 7.247213 0.080328
v 2.209917 7.247337 0.080242
v 2.209990 7.247501 0.080165
v 2.210025 7.247579 0.080142
v 2.210076 7.247688 0.080123
v 2.211857 7.250513 0.080921
v 2.211862 7.250520 0.080940
v 2.211915 7.250583 0.080662
v 2.211978 7.250658 0.080504
v 2.212074 7.250770 0.080349
v 2.212188 7.250899 0.080232
v 2.212342 7.251070 0.080143
v 2.212454 7.251191 0.080113
v 2.212556 7.251299 0.080110
v 2.212665 7.251411 0.080129
v 2.212749 7.251495 0.080160
v 2.212902 7.251647 0.080261
v 2.213000 7.251740 0.080359
v 2.213083 7.251819 0.080477
v 2.213142 7.251875 0.080593
v 2.213177 7.251907 0.080682
v 2.213208 7.251935 0.080800
v 2.213230 7.251956 0.080944
v 2.213235 7.251961 0.081048
v 2.212872 7.252306 0.081032
v 2.215012 7.253319 0.081045
v 2.215043 7.253339 0.080793
v 2.215019 7.253324 0.080930
v 2.215072 7.253357 0.080695
v 2.215105 7.253378 0.080615
v 2.215159 7.253411 0.080516
v 2.215275 7.253482 0.080364
v 2.215465 7.253595 0.080214
v 2.215562 7.253651 0.080164
v 2.215631 7.253691 0.080138
v 2.215750 7.253757 0.080113
v 2.215888 7.253833 0.080102
v 2.215979 7.253881 0.080108
v 2.216000 7.253892 0.080111
v 2.216120 7.253955 0.080141
v 2.216246 7.254019 0.080188
v 2.216358 7.254075 0.080255
v 2.216508 7.254148 0.080383
v 2.216619 7.254200 0.080526
v 2.216677 7.254227 0.080628
v 2.216708 7.254241 0.080701
v 2.216741 7.254257 0.080807
v 2.216763 7.254267 0.080935
v 2.216770 7.254271 0.081031
v 2.218880 7.255014 0.081041
v 2.218913 7.255022 0.080800
v 2.218887 7.255015 0.080943
v 2.218950 7.255031 0.080691
v 2.218982 7.255039 0.080621
v 2.219007 7.255045 0.080574
v 2.219044 7.255054 0.080518
v 2.219160 7.255082 0.080381
v 2.219286 7.255111 0.080276
v 2.219441 7.255145 0.080190
v 2.219681 7.255195 0.080116
v 2.219881 7.255233 0.080100
v 2.220082 7.255268 0.080123
v 2.220208 7.255288 0.080160
v 2.220349 7.255310 0.080225
v 2.220483 7.255329 0.080312
v 2.220589 7.255343 0.080407
v 2.220651 7.255351 0.080479
v 2.220705 7.255358 0.080556
v 2.220753 7.255364 0.080642
v 2.220776 7.255367 0.080690
v 2.220801 7.255370 0.080760
v 2.220847 7.255375 0.081040
v 2.220834 7.255374 0.080893
v 2.220845 7.255375 0.080989
v 2.223083 7.255431 0.081040
v 2.223089 7.255431 0.080954
v 2.223109 7.255429 0.080830
v 2.223128 7.255428 0.080762
v 2.223164 7.255425 0.080671
v 2.223218 7.255422 0.080569
v 2.223319 7.255414 0.080433
v 2.223407 7.255406 0.080347
v 2.223483 7.255400 0.080287
v 2.223603 7.255388 0.080214
v 2.223755 7.255373 0.080150
v 2.223886 7.255358 0.080118
v 2.224069 7.255335 0.080099
v 2.224299 7.255302 0.080122
v 2.224418 7.255284 0.080156
v 2.224585 7.255257 0.080232
v 2.224685 7.255240 0.080296
v 2.224780 7.255222 0.080378
v 2.224881 7.255204 0.080492
v 2.224912 7.255198 0.080534
v 2.224948 7.255191 0.080595
v 2.225011 7.255178 0.080732
v 2.225039 7.255173 0.080825
v 2.225057 7.255169 0.080917
v 2.225066 7.255168 0.081041
v 2.225064 7.255168 0.080990
v 2.227210 7.254530 0.081042
v 2.227235 7.254520 0.080827
v 2.227217 7.254527 0.080937
v 2.227272 7.254505 0.080707
v 2.227305 7.254491 0.080628
v 2.227355 7.254471 0.080539
v 2.227425 7.254443 0.080441
v 2.227512 7.254406 0.080349
v 2.227648 7.254348 0.080243
v 2.227796 7.254283 0.080169
v 2.227985 7.254197 0.080115
v 2.228163 7.254113 0.080102
v 2.228268 7.254062 0.080113
v 2.228341 7.254025 0.080129
v 2.228424 7.253984 0.080155
v 2.228522 7.253933 0.080199
v 2.228624 7.253881 0.080261
v 2.228691 7.253845 0.080314
v 2.228785 7.253794 0.080411
v 2.228875 7.253745 0.080536
v 2.228922 7.253719 0.080625
v 2.228967 7.253694 0.080742
v 2.228995 7.253678 0.080855
v 2.229009 7.253671 0.080943
v 2.229014 7.253668 0.081045
v 2.229012 7.253668 0.080994
v 2.230856 7.252399 0.081037
v 2.230876 7.252382 0.080833
v 2.230888 7.252373 0.080782
v 2.230863 7.252393 0.080931
v 2.230911 7.252353 0.080699
v 2.230949 7.252321 0.080601
v 2.231000 7.252279 0.080502
v 2.231055 7.252232 0.080417
v 2.231111 7.252183 0.080348
v 2.231207 7.252099 0.080258
v 2.231366 7.251957 0.080160
v 2.231480 7.251853 0.080122
v 2.231567 7.251772 0.080109
v 2.231621 7.251721 0.080108
v 2.231732 7.251614 0.080124
v 2.231879 7.251468 0.080182
v 2.232003 7.251341 0.080271
v 2.232075 7.251267 0.080347
v 2.232162 7.251176 0.080475
v 2.232218 7.251116 0.080591
v 2.232255 7.251076 0.080697
v 2.232274 7.251056 0.080771
v 2.232302 7.251026 0.080962
v 2.232305 7.251022 0.081052
v 2.232304 7.251023 0.081013
v 2.232293 7.251035 0.080876
v 2.232299 7.251029 0.080928
v 2.233664 7.249248 0.081056
v 2.233669 7.249239 0.080942
v 2.233679 7.249224 0.080841
v 2.233688 7.249210 0.080783
v 2.233716 7.249166 0.080656
v 2.233746 7.249116 0.080557
v 2.233816 7.249003 0.080400
v 2.233862 7.248928 0.080323
v 2.233910 7.248847 0.080261
v 2.233969 7.248747 0.080202
v 2.234039 7.248626 0.080153
v 2.234108 7.248502 0.080125
v 2.234166 7.248397 0.080117
v 2.234246 7.248246 0.080131
v 2.234328 7.248089 0.080171
v 2.234350 7.248045 0.080189
v 2.234361 7.248024 0.080198
v 2.234376 7.247994 0.080213
v 2.234415 7.247917 0.080260
v 2.234466 7.247811 0.080341
v 2.234512 7.247715 0.080439
v 2.234564 7.247604 0.080602
v 2.234583 7.247563 0.080689
v 2.234598 7.247530 0.080790
v 2.234616 7.247490 0.081061
v 2.234613 7.247498 0.080945
v 2.234616 7.247491 0.081022
v 2.235360 7.245383 0.081067
v 2.235361 7.245380 0.081010
v 2.235363 7.245371 0.080928
v 2.235368 7.245354 0.080843
v 2.235378 7.245315 0.080725
v 2.235388 7.245274 0.080637
v 2.235410 7.245186 0.080504
v 2.235435 7.245083 0.080390
v 2.235465 7.244953 0.080290
v 2.235500 7.244796 0.080205
v 2.235535 7.244627 0.080152
v 2.235581 7.244383 0.080129
v 2.235616 7.244188 0.080151
v 2.235644 7.244012 0.080208
v 2.235668 7.243849 0.080292
v 2.235681 7.243752 0.080366
v 2.235698 7.243629 0.080490
v 2.235706 7.243557 0.080587
v 2.235711 7.243518 0.080657
v 2.235715 7.243478 0.080747
v 2.235719 7.243448 0.080839
v 2.235722 7.243420 0.080999
v 2.235721 7.243432 0.080910
v 2.235722 7.243417 0.081060
v 2.235778 7.241183 0.081077
v 2.235775 7.241134 0.080790
v 2.235777 7.241172 0.080950
v 2.235774 7.241115 0.080739
v 2.235773 7.241106 0.080717
v 2.235773 7.241096 0.080695
v 2.235772 7.241080 0.080663
v 2.235770 7.241056 0.080622
v 2.235766 7.240997 0.080534
v 2.235759 7.240902 0.080426
v 2.235751 7.240808 0.080344
v 2.235737 7.240653 0.080250
v 2.235719 7.240482 0.080182
v 2.235694 7.240268 0.080142
v 2.235681 7.240168 0.080138
v 2.235665 7.240053 0.080147
v 2.235628 7.239814 0.080209
v 2.235605 7.239674 0.080276
v 2.235583 7.239552 0.080361
v 2.235563 7.239445 0.080461
v 2.235547 7.239359 0.080572
v 2.235531 7.239281 0.080711
v 2.235525 7.239253 0.080782
v 2.235521 7.239232 0.080853
v 2.235517 7.239213 0.080950
v 2.235514 7.239202 0.081082
v 2.235515 7.239203 0.081043
v 2.234876 7.237060 0.081088
v 2.234874 7.237053 0.080991
v 2.234860 7.237018 0.080813
v 2.234846 7.236981 0.080711
v 2.234825 7.236930 0.080612
v 2.234791 7.236845 0.080489
v 2.234738 7.236718 0.080360
v 2.234717 7.236667 0.080320
v 2.234690 7.236605 0.080280
v 2.234638 7.236487 0.080219
v 2.234564 7.236322 0.080168
v 2.234479 7.236143 0.080150
v 2.234396 7.235973 0.080166
v 2.234354 7.235887 0.080187
v 2.234324 7.235829 0.080207
v 2.234288 7.235760 0.080239
v 2.234224 7.235638 0.080315
v 2.234170 7.235537 0.080400
v 2.234144 7.235490 0.080450
v 2.234112 7.235432 0.080527
v 2.234071 7.235359 0.080649
v 2.234053 7.235327 0.080724
v 2.234036 7.235297 0.080809
v 2.234027 7.235282 0.080873
v 2.234016 7.235263 0.080991
v 2.234014 7.235259 0.081042
v 2.234013 7.235258 0.081092
v 2.208822 7.242748 0.081071
v 2.208823 7.242755 0.080964
v 2.208824 7.242775 0.080853
v 2.208826 7.242804 0.080760
v 2.208827 7.242823 0.080710
v 2.208828 7.242841 0.080673
v 2.208832 7.242895 0.080577
v 2.208837 7.242971 0.080476
v 2.208846 7.243076 0.080372
v 2.208854 7.243174 0.080298
v 2.208874 7.243371 0.080197
v 2.208891 7.243532 0.080149
v 2.208910 7.243679 0.080130
v 2.208940 7.243901 0.080139
v 2.208960 7.244035 0.080169
v 2.208981 7.244166 0.080218
v 2.209008 7.244326 0.080311
v 2.209039 7.244494 0.080460
v 2.209059 7.244597 0.080602
v 2.209076 7.244683 0.080788
v 2.209083 7.244716 0.080919
v 2.209085 7.244725 0.080993
v 2.209086 7.244729 0.081055
v 2.208878 7.240514 0.081077
v 2.209240 7.238548 0.081082
v 2.209238 7.238555 0.080976
v 2.209234 7.238569 0.080890
v 2.209229 7.238591 0.080804
v 2.209224 7.238608 0.080754
v 2.209220 7.238626 0.080710
v 2.209213 7.238650 0.080660
v 2.209198 7.238711 0.080559
v 2.209185 7.238765 0.080486
v 2.209165 7.238848 0.080400
v 2.209137 7.238968 0.080306
v 2.209101 7.239130 0.080218
v 2.209072 7.239267 0.080172
v 2.209033 7.239463 0.080141
v 2.209004 7.239625 0.080143
v 2.208987 7.239723 0.080157
v 2.208966 7.239850 0.080191
v 2.208947 7.239977 0.080243
v 2.208934 7.240064 0.080292
v 2.208917 7.240189 0.080384
v 2.208900 7.240324 0.080530
v 2.208889 7.240411 0.080663
v 2.208885 7.240448 0.080746
v 2.208880 7.240496 0.080904
v 2.208878 7.240512 0.081027
v 2.208879 7.240507 0.080976
v 2.209984 7.236441 0.081088
v 2.210936 7.234683 0.080969
v 2.210932 7.234690 0.080993
v 2.210899 7.234740 0.080751
v 2.210872 7.234782 0.080651
v 2.210799 7.234900 0.080464
v 2.210742 7.234993 0.080363
v 2.210704 7.235055 0.080311
v 2.210651 7.235146 0.080254
v 2.210563 7.235298 0.080186
v 2.210487 7.235433 0.080156
v 2.210397 7.235598 0.080151
v 2.210346 7.235695 0.080162
v 2.210286 7.235810 0.080192
v 2.210223 7.235935 0.080246
v 2.210171 7.236040 0.080309
v 2.210133 7.236118 0.080371
v 2.210091 7.236206 0.080459
v 2.210058 7.236278 0.080557
v 2.210023 7.236354 0.080689
v 2.210008 7.236386 0.080771
v 2.209992 7.236423 0.080912
v 2.209986 7.236436 0.080998
v 2.209984 7.236440 0.081048
v 2.215586 7.230263 0.081104
v 2.217391 7.229401 0.081106
v 2.217355 7.229414 0.080854
v 2.217383 7.229403 0.081000
v 2.217314 7.229430 0.080733
v 2.217250 7.229455 0.080610
v 2.217212 7.229470 0.080552
v 2.217142 7.229499 0.080468
v 2.217000 7.229558 0.080338
v 2.216891 7.229605 0.080270
v 2.216787 7.229650 0.080222
v 2.216619 7.229727 0.080178
v 2.216438 7.229813 0.080165
v 2.216255 7.229902 0.080194
v 2.216084 7.229989 0.080256
v 2.215997 7.230035 0.080307
v 2.215890 7.230092 0.080392
v 2.215809 7.230137 0.080477
v 2.215737 7.230177 0.080578
v 2.215683 7.230207 0.080674
v 2.215657 7.230222 0.080732
v 2.215641 7.230231 0.080776
v 2.215627 7.230239 0.080821
v 2.215610 7.230249 0.080888
v 2.215594 7.230258 0.080988
v 2.215588 7.230262 0.081053
v 2.219534 7.228763 0.081108
v 2.221517 7.228500 0.081109
v 2.221473 7.228501 0.080837
v 2.221513 7.228500 0.081034
v 2.221500 7.228500 0.080939
v 2.221429 7.228504 0.080724
v 2.221401 7.228506 0.080668
v 2.221330 7.228510 0.080562
v 2.221238 7.228517 0.080457
v 2.221144 7.228525 0.080376
v 2.220959 7.228541 0.080265
v 2.220778 7.228560 0.080200
v 2.220549 7.228589 0.080168
v 2.220355 7.228615 0.080180
v 2.220212 7.228637 0.080214
v 2.220077 7.228659 0.080268
v 2.219965 7.228678 0.080330
v 2.219888 7.228692 0.080385
v 2.219788 7.228711 0.080476
v 2.219748 7.228719 0.080522
v 2.219704 7.228727 0.080580
v 2.219627 7.228743 0.080713
v 2.219580 7.228753 0.080828
v 2.219538 7.228762 0.081038
v 2.219551 7.228759 0.080938
v 2.223753 7.228555 0.081109
v 2.225720 7.228917 0.081108
v 2.225714 7.228915 0.081020
v 2.225686 7.228907 0.080862
v 2.225646 7.228897 0.080748
v 2.225576 7.228878 0.080614
v 2.225509 7.228862 0.080522
v 2.225427 7.228842 0.080434
v 2.225345 7.228823 0.080366
v 2.225267 7.228805 0.080312
v 2.225196 7.228789 0.080273
v 2.225088 7.228765 0.080228
v 2.224913 7.228729 0.080182
v 2.224759 7.228700 0.080167
v 2.224575 7.228667 0.080181
v 2.224421 7.228642 0.080219
v 2.224288 7.228621 0.080273
v 2.224162 7.228604 0.080348
v 2.224025 7.228586 0.080463
v 2.223927 7.228574 0.080579
v 2.223843 7.228564 0.080720
v 2.223809 7.228560 0.080798
v 2.223779 7.228558 0.080899
v 2.223763 7.228556 0.080985
v 2.223754 7.228555 0.081070
v 2.227830 7.229661 0.081106
v 2.229589 7.230612 0.081104
v 2.229583 7.230608 0.081007
v 2.229557 7.230590 0.080853
v 2.229520 7.230567 0.080732
v 2.229502 7.230556 0.080690
v 2.229483 7.230543 0.080648
v 2.229421 7.230504 0.080544
v 2.229332 7.230450 0.080430
v 2.229232 7.230389 0.080339
v 2.229148 7.230339 0.080280
v 2.229095 7.230308 0.080251
v 2.229027 7.230268 0.080220
v 2.228857 7.230172 0.080174
v 2.228760 7.230119 0.080164
v 2.228585 7.230025 0.080177
v 2.228400 7.229929 0.080231
v 2.228286 7.229873 0.080289
v 2.228199 7.229831 0.080347
v 2.228143 7.229804 0.080395
v 2.228030 7.229750 0.080520
v 2.227954 7.229715 0.080633
v 2.227913 7.229697 0.080713
v 2.227887 7.229685 0.080778
v 2.227857 7.229672 0.080882
v 2.227837 7.229663 0.080991
v 2.227831 7.229661 0.081056
v 2.232744 7.233417 0.080985
v 2.232738 7.233411 0.080993
v 2.232709 7.233374 0.080792
v 2.232656 7.233310 0.080625
v 2.232576 7.233215 0.080465
v 2.232506 7.233133 0.080368
v 2.232425 7.233041 0.080288
v 2.232341 7.232946 0.080229
v 2.232188 7.232779 0.080170
v 2.232090 7.232675 0.080157
v 2.231955 7.232535 0.080175
v 2.231813 7.232392 0.080230
v 2.231724 7.232305 0.080289
v 2.231610 7.232195 0.080401
v 2.231499 7.232091 0.080562
v 2.231447 7.232043 0.080670
v 2.231416 7.232015 0.080759
v 2.231390 7.231992 0.080862
v 2.231371 7.231975 0.080985
v 2.231367 7.231971 0.081045
v 2.231365 7.231970 0.081089
v 2.221676 7.250028 0.084800
v 2.221676 7.250026 0.084766
v 2.221677 7.250015 0.084688
v 2.221678 7.249996 0.084606
v 2.221680 7.249971 0.084534
v 2.221683 7.249937 0.084458
v 2.221686 7.249901 0.084395
v 2.221688 7.249870 0.084349
v 2.221690 7.249848 0.084320
v 2.221694 7.249794 0.084256
v 2.221699 7.249733 0.084196
v 2.221704 7.249659 0.084134
v 2.221713 7.249552 0.084063
v 2.221720 7.249454 0.084011
v 2.221728 7.249354 0.083969
v 2.221738 7.249229 0.083930
v 2.221748 7.249093 0.083901
v 2.221755 7.249009 0.083890
v 2.221760 7.248939 0.083885
f 31 207 1
f 1 207 2
f 3 6 4
f 5 6 3
f 6 7 4
f 4 7 8
f 4 8 10
f 4 10 9
f 9 10 11
f 9 11 12
f 12 13 9
f 9 13 14
f 9 14 15
f 14 16 15
f 15 16 17
f 15 17 18
f 15 18 19
f 19 18 20
f 20 21 19
f 19 21 22
f 19 22 23
f 23 22 24
f 23 24 25
f 23 25 26
f 23 26 1
f 1 26 27
f 1 27 28
f 1 28 29
f 1 29 31
f 31 29 30
f 32 3 33
f 33 3 4
f 34 344 436
f 35 341 34
f 36 37 35
f 35 37 38
f 35 38 338
f 39 40 36
f 36 40 41
f 36 41 42
f 42 41 43
f 40 39 44
f 44 39 45
f 44 45 46
f 46 45 47
f 46 47 48
f 48 47 49
f 48 49 50
f 50 49 51
f 51 49 52
f 52 49 53
f 53 49 55
f 55 49 54
f 55 54 56
f 56 54 58
f 58 54 57
f 58 57 59
f 59 57 60
f 60 57 62
f 62 57 61
f 62 61 63
f 63 61 64
f 64 61 66
f 66 61 65
f 66 65 67
f 67 65 68
f 68 65 69
f 69 65 70
f 70 65 71
f 70 71 72
f 72 71 73
f 72 73 74
f 74 73 75
f 75 73 76
f 75 76 77
f 77 76 78
f 77 78 79
f 79 78 80
f 80 78 82
f 82 78 81
f 82 81 83
f 83 81 84
f 84 81 85
f 85 81 86
f 86 81 88
f 88 81 87
f 88 87 89
f 89 87 90
f 90 87 91
f 91 87 92
f 91 92 93
f 93 92 94
f 94 92 95
f 95 92 96
f 95 96 97
f 97 96 98
f 98 96 99
f 99 96 100
f 100 96 101
f 101 96 102
f 102 96 439
f 102 439 103
f 103 439 104
f 103 104 105
f 105 104 106
f 105 106 107
f 107 106 108
f 107 108 109
f 109 108 110
f 109 110 111
f 112 110 108
f 113 334 112
f 114 331 113
f 115 329 114
f 116 117 115
f 115 117 118
f 115 118 326
f 119 120 116
f 116 120 121
f 116 121 117
f 117 121 122
f 120 119 123
f 123 119 124
f 123 124 125
f 125 124 126
f 125 126 127
f 127 126 128
f 127 128 129
f 129 128 130
f 130 128 131
f 131 128 132
f 132 128 133
f 133 128 134
f 134 128 135
f 135 128 137
f 135 137 136
f 136 137 138
f 138 137 139
f 139 137 141
f 141 137 140
f 141 140 142
f 142 140 143
f 142 143 144
f 144 143 145
f 145 143 147
f 147 143 146
f 147 146 148
f 148 146 149
f 149 146 150
f 150 146 151
f 150 151 152
f 152 151 153
f 153 151 154
f 153 154 155
f 155 154 156
f 155 156 157
f 157 156 158
f 157 158 159
f 159 158 160
f 160 158 161
f 161 158 163
f 163 158 162
f 163 162 164
f 164 162 165
f 165 162 167
f 167 162 166
f 167 166 168
f 168 166 169
f 168 169 170
f 170 169 172
f 172 169 171
f 172 171 173
f 173 171 174
f 174 171 175
f 174 175 176
f 176 175 177
f 177 175 178
f 178 175 179
f 179 175 180
f 180 175 181
f 181 175 182
f 181 182 183
f 183 182 184
f 183 184 185
f 185 184 186
f 185 186 187
f 187 186 188
f 188 186 189
f 188 189 33
f 33 189 32
f 32 189 191
f 191 189 190
f 191 190 192
f 192 190 194
f 194 190 193
f 194 193 195
f 195 193 196
f 196 193 197
f 197 193 199
f 199 193 198
f 199 198 200
f 200 198 201
f 201 198 203
f 203 198 202
f 203 202 204
f 204 202 205
f 205 202 206
f 206 202 207
f 207 202 208
f 207 208 2
f 202 209 208
f 208 209 210
f 210 209 211
f 210 211 212
f 212 211 213
f 212 213 214
f 214 213 215
f 214 215 216
f 216 215 219
f 216 219 217
f 215 218 219
f 219 218 220
f 220 218 221
f 221 218 223
f 223 218 222
f 223 222 224
f 224 222 226
f 226 222 225
f 226 225 227
f 227 225 229
f 229 225 228
f 229 228 230
f 230 228 231
f 230 231 232
f 232 231 233
f 233 231 234
f 234 231 235
f 235 231 236
f 235 236 237
f 237 236 238
f 238 236 239
f 239 236 240
f 240 236 241
f 240 241 242
f 242 241 243
f 242 243 244
f 244 243 245
f 244 245 246
f 246 245 247
f 246 247 248
f 248 247 249
f 249 247 250
f 250 247 251
f 251 247 252
f 252 247 254
f 254 247 253
f 254 253 255
f 255 253 257
f 257 253 256
f 257 256 258
f 258 256 259
f 259 256 260
f 259 260 261
f 261 260 263
f 263 260 262
f 263 262 264
f 264 262 265
f 265 262 267
f 267 262 266
f 267 266 268
f 268 266 269
f 269 266 270
f 270 266 271
f 271 266 272
f 271 272 273
f 273 272 274
f 273 274 275
f 275 274 276
f 276 274 277
f 276 277 278
f 278 277 279
f 278 279 280
f 280 279 281
f 281 279 282
f 282 279 283
f 282 283 284
f 284 283 285
f 285 283 286
f 286 283 288
f 288 283 287
f 288 287 289
f 289 287 290
f 290 287 291
f 290 291 292
f 292 291 294
f 294 291 293
f 294 293 295
f 295 293 297
f 297 293 296
f 297 296 298
f 298 296 299
f 299 296 300
f 300 296 301
f 301 296 302
f 302 296 303
f 303 296 304
f 303 304 305
f 305 304 306
f 305 306 307
f 307 306 308
f 307 308 309
f 309 308 310
f 309 310 311
f 311 310 8735
f 310 312 8735
f 8735 312 313
f 313 312 314
f 314 312 315
f 315 312 316
f 316 312 317
f 317 312 318
f 318 312 319
f 319 312 321
f 321 312 320
f 321 320 322
f 322 320 323
f 323 320 324
f 323 324 8570
f 8735 325 311
f 115 326 327
f 115 327 328
f 115 328 329
f 329 330 114
f 114 330 331
f 331 332 113
f 113 332 333
f 113 333 334
f 112 334 335
f 112 335 336
f 336 337 112
f 337 110 112
f 42 37 36
f 35 338 339
f 339 340 35
f 35 340 341
f 341 342 34
f 34 342 343
f 34 343 344
f 344 8706 436
f 5165 345 346
f 346 345 245
f 346 245 347
f 347 245 5169
f 5169 245 5170
f 5170 245 243
f 5170 243 348
f 348 243 241
f 348 241 236
f 348 236 231
f 348 231 228
f 348 228 225
f 348 225 5167
f 5167 225 222
f 5167 222 446
f 446 222 218
f 446 218 215
f 245 345 247
f 247 345 253
f 253 345 256
f 256 345 260
f 260 345 262
f 262 345 266
f 266 345 272
f 272 345 274
f 274 345 277
f 277 345 279
f 279 345 349
f 279 349 283
f 283 349 287
f 287 349 291
f 291 349 293
f 293 349 296
f 296 349 304
f 304 349 306
f 306 349 308
f 308 349 6908
f 308 6908 310
f 310 6908 312
f 312 6908 320
f 320 6908 324
f 324 6908 350
f 350 6908 351
f 351 6908 352
f 352 6908 353
f 353 6908 354
f 354 6908 359
f 354 359 355
f 355 359 356
f 356 359 357
f 357 359 358
f 358 359 360
f 360 359 361
f 361 359 362
f 362 359 363
f 363 359 364
f 364 359 365
f 365 359 366
f 366 359 367
f 367 359 368
f 368 359 369
f 369 359 370
f 6681 6728 359
f 359 6728 6729
f 6729 370 359
f 370 371 372
f 370 372 373
f 373 6730 374
f 374 6730 375
f 375 6730 376
f 376 6730 377
f 376 377 378
f 378 377 379
f 379 377 380
f 380 381 382
f 380 382 383
f 381 380 384
f 381 384 6832
f 6832 385 381
f 385 6832 6103
f 381 385 6101
f 381 6101 386
f 386 6101 387
f 387 6101 388
f 388 6101 389
f 389 6101 390
f 390 6101 391
f 391 6101 6133
f 391 6133 392
f 392 6133 393
f 393 6133 396
f 393 396 394
f 394 396 395
f 395 396 6994
f 6994 396 6126
f 394 395 397
f 397 395 398
f 398 395 399
f 399 395 400
f 399 400 401
f 401 400 402
f 402 400 403
f 403 400 404
f 404 400 405
f 405 400 406
f 406 400 407
f 407 400 408
f 407 408 409
f 409 408 410
f 410 408 411
f 411 408 412
f 412 408 413
f 408 7013 413
f 413 7013 7012
f 413 414 415
f 415 414 416
f 416 414 417
f 417 414 418
f 418 414 419
f 419 414 420
f 420 414 421
f 421 414 422
f 422 414 423
f 423 414 424
f 424 414 425
f 425 414 428
f 428 414 426
f 426 414 7011
f 426 7011 427
f 428 426 430
f 428 430 429
f 429 430 431
f 431 430 432
f 432 430 433
f 433 430 434
f 434 430 435
f 435 430 436
f 436 430 34
f 34 430 35
f 35 430 437
f 35 437 36
f 36 437 39
f 39 437 45
f 45 437 47
f 47 437 49
f 49 437 54
f 54 437 57
f 57 437 438
f 438 437 4357
f 438 439 96
f 438 96 92
f 4356 4355 439
f 439 4355 104
f 104 4355 106
f 106 4355 4354
f 106 4354 108
f 108 4354 112
f 112 4354 4353
f 112 4353 113
f 113 4353 114
f 114 4353 115
f 115 4353 116
f 116 4353 119
f 119 4353 4352
f 119 4352 124
f 124 4352 126
f 126 4352 128
f 128 4352 137
f 137 4352 140
f 140 4352 442
f 442 4352 441
f 442 441 4549
f 441 4548 4549
f 140 442 143
f 143 442 146
f 146 442 151
f 151 442 154
f 154 442 156
f 156 442 158
f 158 442 162
f 162 442 166
f 166 442 4780
f 166 4780 443
f 166 443 5171
f 5171 443 444
f 444 443 5164
f 5164 443 445
f 166 5171 446
f 166 446 169
f 169 446 171
f 171 446 175
f 175 446 182
f 182 446 184
f 184 446 186
f 186 446 189
f 189 446 190
f 190 446 193
f 193 446 198
f 198 446 202
f 202 446 209
f 209 446 211
f 211 446 213
f 213 446 215
f 92 87 438
f 438 87 81
f 81 78 438
f 438 78 76
f 438 76 73
f 73 71 438
f 438 71 65
f 438 65 61
f 61 57 438
f 383 447 380
f 380 447 448
f 380 448 449
f 449 450 380
f 380 450 451
f 380 451 452
f 380 452 453
f 380 453 454
f 454 455 380
f 380 455 456
f 380 456 457
f 457 458 380
f 380 458 459
f 380 459 379
f 497 460 461
f 463 462 464
f 463 464 465
f 463 465 466
f 466 465 467
f 466 467 468
f 468 467 469
f 468 469 470
f 470 469 471
f 471 472 500
f 500 472 473
f 500 473 499
f 499 473 502
f 502 474 475
f 475 474 476
f 475 476 477
f 477 476 478
f 477 478 480
f 480 478 479
f 480 479 481
f 480 481 6914
f 480 6914 482
f 482 6914 483
f 522 483 484
f 522 484 485
f 485 6911 486
f 486 6911 6910
f 6908 349 557
f 557 349 487
f 487 349 488
f 488 349 345
f 488 345 489
f 489 345 554
f 554 5299 550
f 550 5299 490
f 550 490 491
f 491 490 492
f 492 493 528
f 528 493 494
f 494 493 495
f 494 495 496
f 496 495 461
f 461 495 497
f 498 477 480
f 498 480 482
f 504 475 477
f 504 477 498
f 501 462 463
f 501 463 507
f 507 463 466
f 507 466 468
f 508 507 468
f 508 468 509
f 509 468 470
f 509 470 471
f 503 502 475
f 503 475 504
f 510 509 471
f 510 471 500
f 510 500 506
f 506 500 499
f 506 499 502
f 505 504 498
f 505 498 482
f 496 461 462
f 512 506 502
f 512 502 503
f 496 462 501
f 483 505 482
f 511 508 509
f 511 509 513
f 513 509 510
f 513 510 514
f 514 510 525
f 525 510 506
f 525 506 512
f 515 496 501
f 515 501 507
f 516 512 503
f 516 503 504
f 519 515 507
f 519 507 508
f 517 516 504
f 517 504 505
f 522 517 505
f 522 505 483
f 494 496 515
f 520 525 512
f 520 512 516
f 518 515 519
f 526 511 513
f 526 513 514
f 523 494 515
f 523 515 518
f 524 518 519
f 524 519 521
f 521 519 508
f 521 508 511
f 527 526 514
f 527 514 525
f 532 520 516
f 532 516 535
f 535 516 517
f 535 517 534
f 534 517 522
f 485 534 522
f 527 525 520
f 528 494 523
f 529 511 526
f 529 526 527
f 528 523 530
f 530 523 518
f 530 518 524
f 530 524 531
f 531 524 521
f 531 521 511
f 486 534 485
f 492 528 537
f 537 528 530
f 533 531 511
f 533 511 529
f 541 529 527
f 541 527 538
f 538 527 520
f 538 520 532
f 536 535 534
f 536 534 486
f 542 537 530
f 542 530 543
f 543 530 531
f 543 531 533
f 539 538 532
f 539 532 535
f 544 533 529
f 544 529 541
f 540 539 535
f 540 535 536
f 491 492 537
f 6910 536 486
f 547 541 538
f 547 538 539
f 6909 536 6910
f 550 491 537
f 550 537 542
f 548 543 533
f 548 533 546
f 546 533 544
f 545 544 541
f 545 541 547
f 549 547 539
f 549 539 540
f 545 546 544
f 556 540 536
f 556 536 6909
f 555 550 542
f 555 542 551
f 551 542 543
f 551 543 548
f 552 545 547
f 552 547 549
f 553 546 545
f 553 545 552
f 549 540 556
f 554 550 555
f 553 551 548
f 553 548 546
f 6908 556 6909
f 489 555 551
f 487 553 552
f 557 552 549
f 557 549 556
f 489 554 555
f 488 551 553
f 488 553 487
f 6908 557 556
f 488 489 551
f 557 487 552
f 558 559 560
f 560 559 561
f 560 561 562
f 560 562 563
f 563 564 560
f 560 565 558
f 558 565 566
f 558 566 567
f 567 566 568
f 567 568 569
f 567 569 570
f 570 569 6916
f 570 6916 571
f 571 6916 572
f 571 572 573
f 573 572 574
f 573 574 575
f 575 574 576
f 575 576 577
f 577 576 578
f 577 578 579
f 579 578 580
f 579 580 581
f 581 580 582
f 581 582 583
f 583 582 584
f 583 584 585
f 585 584 586
f 585 586 587
f 587 586 588
f 587 588 589
f 589 588 590
f 589 590 591
f 591 590 592
f 591 592 593
f 593 592 6926
f 593 6926 594
f 594 6926 481
f 594 481 479
f 594 479 595
f 595 479 478
f 595 478 596
f 596 478 476
f 596 476 597
f 597 476 474
f 597 474 598
f 598 474 502
f 598 502 599
f 599 502 473
f 599 473 600
f 600 473 472
f 600 472 601
f 601 472 471
f 601 471 602
f 602 471 469
f 602 469 603
f 603 469 467
f 603 467 604
f 604 467 465
f 604 465 605
f 605 465 464
f 605 464 606
f 606 464 462
f 606 462 607
f 607 462 461
f 607 461 608
f 608 461 460
f 608 460 5057
f 608 5057 609
f 609 5057 610
f 609 610 611
f 5058 612 611
f 612 5458 611
f 5458 613 611
f 611 613 614
f 611 614 609
f 6618 615 616
f 616 615 617
f 617 615 6596
f 617 6596 618
f 618 6596 6543
f 618 6543 619
f 619 6543 6593
f 619 6593 620
f 620 6593 6544
f 620 6544 621
f 621 6544 623
f 621 623 622
f 622 623 624
f 624 623 625
f 624 625 626
f 626 625 6609
f 626 6609 627
f 627 6609 6605
f 627 6605 628
f 628 6605 6624
f 628 6624 629
f 629 6624 630
f 630 6624 6545
f 630 6545 631
f 631 6545 6604
f 631 6604 632
f 632 6604 633
f 632 633 634
f 634 633 635
f 635 633 6556
f 635 6556 636
f 636 6556 637
f 636 637 638
f 638 637 639
f 638 639 640
f 640 639 6546
f 640 6546 641
f 641 6546 6592
f 641 6592 642
f 642 6592 643
f 643 6592 644
f 643 644 645
f 645 644 646
f 646 644 6547
f 646 6547 647
f 647 6547 648
f 647 648 649
f 649 648 650
f 649 650 651
f 651 650 652
f 652 650 6548
f 652 6548 653
f 653 6548 6642
f 653 6642 654
f 654 6642 6549
f 654 6549 655
f 655 6549 656
f 656 6549 657
f 656 657 658
f 658 657 659
f 659 657 660
f 659 660 661
f 661 660 662
f 662 660 663
f 662 663 664
f 664 663 665
f 664 665 666
f 666 665 6550
f 666 6550 667
f 667 6550 668
f 667 668 669
f 669 668 670
f 670 668 6551
f 670 6551 671
f 671 6551 672
f 672 6551 6552
f 672 6552 673
f 673 6552 674
f 673 674 675
f 675 674 676
f 676 674 678
f 676 678 677
f 677 678 679
f 679 678 680
f 679 680 681
f 681 680 6607
f 681 6607 682
f 682 6607 6606
f 682 6606 683
f 683 6606 684
f 684 6606 685
f 684 685 686
f 686 685 687
f 686 687 688
f 688 687 689
f 688 689 690
f 688 690 691
f 691 690 692
f 692 690 6657
f 692 6657 693
f 692 693 694
f 694 693 695
f 694 695 696
f 696 695 697
f 696 697 698
f 698 697 699
f 698 699 700
f 700 699 6553
f 700 6553 701
f 701 6553 6600
f 701 6600 702
f 702 6600 6554
f 702 6554 703
f 703 6554 6656
f 703 6656 704
f 703 704 705
f 705 704 561
f 705 561 559
f 706 707 708
f 708 707 709
f 708 709 710
f 707 711 709
f 711 712 709
f 709 712 713
f 709 713 714
f 709 714 715
f 715 717 709
f 709 717 716
f 717 718 716
f 716 718 719
f 716 719 720
f 716 720 721
f 716 721 722
f 722 723 716
f 723 724 716
f 716 724 725
f 716 725 726
f 726 727 716
f 716 727 728
f 716 728 729
f 716 729 730
f 716 730 731
f 731 732 716
f 732 733 716
f 716 733 734
f 716 734 735
f 735 734 736
f 735 736 737
f 735 737 738
f 735 738 739
f 739 740 735
f 740 741 735
f 735 741 742
f 735 742 743
f 743 742 744
f 743 744 745
f 745 746 743
f 743 746 747
f 743 747 748
f 743 748 749
f 743 749 750
f 750 751 743
f 743 751 752
f 752 753 743
f 743 753 754
f 743 754 755
f 755 756 743
f 756 757 743
f 757 758 743
f 743 758 759
f 743 759 760
f 760 761 743
f 743 761 762
f 743 762 763
f 763 762 764
f 763 764 765
f 765 764 766
f 765 766 767
f 767 766 768
f 767 768 769
f 769 768 770
f 769 770 771
f 771 770 772
f 771 772 773
f 773 772 774
f 773 774 775
f 775 774 776
f 775 776 777
f 777 776 778
f 777 778 779
f 779 778 780
f 779 780 782
f 778 781 780
f 779 782 783
f 783 784 779
f 784 785 779
f 785 786 779
f 779 786 787
f 779 787 788
f 779 788 789
f 779 789 791
f 779 791 790
f 790 791 792
f 790 792 793
f 790 793 794
f 790 794 795
f 790 795 796
f 790 796 797
f 790 797 798
f 790 798 799
f 790 799 800
f 790 800 801
f 790 801 802
f 802 803 790
f 790 803 804
f 804 803 805
f 804 805 806
f 804 806 807
f 807 808 804
f 808 809 804
f 809 810 804
f 810 811 804
f 804 811 812
f 804 812 813
f 813 814 804
f 814 815 804
f 804 815 816
f 804 816 817
f 804 817 818
f 817 819 818
f 818 819 820
f 818 820 821
f 821 822 818
f 818 822 823
f 823 824 818
f 818 824 825
f 825 826 818
f 818 826 827
f 818 827 828
f 818 828 829
f 829 830 818
f 818 830 831
f 831 830 832
f 831 832 833
f 833 832 834
f 833 834 835
f 835 834 836
f 835 836 837
f 837 836 838
f 837 838 839
f 839 838 840
f 839 840 841
f 841 840 842
f 841 842 843
f 843 842 844
f 843 844 845
f 845 844 846
f 845 846 847
f 847 846 848
f 847 848 849
f 847 849 850
f 847 850 851
f 851 852 847
f 847 852 853
f 847 853 854
f 854 855 847
f 847 855 856
f 847 856 857
f 847 857 858
f 847 858 859
f 859 860 847
f 847 860 861
f 847 861 862
f 847 862 863
f 847 863 864
f 847 864 865
f 847 865 866
f 847 866 867
f 867 866 868
f 868 869 867
f 867 869 870
f 867 870 871
f 867 871 872
f 867 872 873
f 867 873 874
f 867 874 875
f 875 874 876
f 875 876 877
f 877 878 875
f 875 878 879
f 879 880 875
f 875 880 881
f 881 882 875
f 882 883 875
f 875 883 884
f 875 884 885
f 885 886 875
f 875 886 887
f 887 888 875
f 875 888 889
f 889 888 890
f 890 891 889
f 889 891 892
f 889 892 893
f 889 893 894
f 894 895 889
f 889 895 896
f 889 896 897
f 898 899 897
f 897 899 900
f 897 900 889
f 1136 901 898
f 898 901 902
f 898 902 899
f 1136 5969 901
f 901 5969 903
f 903 904 901
f 901 904 905
f 710 6358 708
f 708 6358 906
f 906 6358 907
f 906 907 908
f 908 909 6542
f 6542 910 908
f 908 910 6618
f 908 6618 616
f 908 616 906
f 706 911 707
f 706 912 911
f 911 912 2823
f 708 621 706
f 706 621 622
f 906 619 708
f 708 619 620
f 616 617 906
f 906 617 618
f 906 618 619
f 620 621 708
f 706 622 624
f 706 624 626
f 706 626 912
f 912 626 627
f 627 628 912
f 912 628 629
f 629 630 912
f 912 630 631
f 912 631 632
f 912 632 634
f 912 634 635
f 912 635 636
f 636 638 912
f 912 638 640
f 912 640 641
f 641 642 912
f 912 642 643
f 643 645 912
f 912 645 646
f 912 646 647
f 912 647 649
f 912 649 651
f 912 651 652
f 912 652 653
f 912 653 654
f 912 654 655
f 655 656 912
f 912 656 658
f 912 658 659
f 659 661 912
f 912 661 662
f 912 662 664
f 664 666 912
f 912 666 667
f 912 667 669
f 912 669 913
f 913 669 670
f 913 670 671
f 671 672 913
f 913 672 673
f 913 673 675
f 675 676 913
f 913 676 677
f 677 679 913
f 913 679 681
f 913 681 682
f 913 682 683
f 913 683 684
f 913 684 686
f 913 686 688
f 688 691 913
f 913 691 692
f 913 692 694
f 694 696 913
f 913 696 698
f 913 698 914
f 914 698 700
f 700 701 914
f 914 701 567
f 914 567 570
f 914 570 571
f 914 571 573
f 914 573 575
f 914 575 577
f 914 577 579
f 914 579 581
f 914 581 583
f 914 583 585
f 914 585 915
f 915 585 587
f 915 587 589
f 915 589 591
f 915 591 916
f 916 591 593
f 916 593 594
f 916 594 595
f 916 595 596
f 916 596 597
f 916 597 598
f 916 598 599
f 916 599 917
f 917 599 600
f 917 600 601
f 917 601 602
f 917 602 603
f 917 603 604
f 917 604 605
f 917 605 606
f 917 606 928
f 928 606 607
f 928 607 608
f 928 608 918
f 918 608 919
f 919 608 609
f 919 609 920
f 920 609 614
f 701 702 567
f 567 702 703
f 567 703 558
f 703 705 558
f 558 705 559
f 918 921 928
f 928 921 922
f 928 922 923
f 928 923 924
f 928 924 925
f 928 925 926
f 928 926 927
f 928 927 929
f 929 930 928
f 928 930 931
f 928 931 5549
f 5549 931 932
f 5549 932 933
f 5549 933 934
f 5549 934 5516
f 911 2823 935
f 935 2823 936
f 936 2823 937
f 937 2823 938
f 938 2823 939
f 939 2823 940
f 940 2823 941
f 941 2823 942
f 942 2823 943
f 943 2823 944
f 944 2823 945
f 945 2823 2821
f 945 2821 946
f 946 2821 948
f 948 2821 947
f 947 949 948
f 949 947 950
f 950 947 951
f 951 947 952
f 952 947 965
f 952 965 953
f 953 965 954
f 954 965 955
f 955 965 956
f 956 965 957
f 957 965 958
f 957 958 959
f 959 958 960
f 959 960 961
f 961 960 962
f 961 962 963
f 963 962 964
f 963 964 772
f 772 964 774
f 774 964 776
f 776 964 778
f 778 964 781
f 958 965 966
f 966 965 967
f 967 965 968
f 968 965 969
f 969 965 970
f 970 965 971
f 971 965 972
f 972 965 973
f 972 973 974
f 974 973 976
f 974 976 975
f 976 978 975
f 978 976 977
f 978 977 979
f 979 977 980
f 980 977 981
f 981 977 982
f 982 977 983
f 983 977 984
f 984 977 985
f 985 977 986
f 986 977 987
f 986 987 988
f 988 987 989
f 988 989 990
f 990 989 991
f 991 989 992
f 991 992 993
f 993 992 994
f 993 994 836
f 836 994 838
f 838 994 840
f 840 994 842
f 842 994 844
f 844 994 846
f 846 994 848
f 977 995 987
f 977 998 996
f 977 996 995
f 977 997 998
f 1000 999 977
f 1000 1001 1002
f 1001 1000 1003
f 1003 1000 1004
f 1003 1004 1005
f 1005 1004 1006
f 1006 1004 1007
f 1007 1004 1008
f 1008 1004 1009
f 1009 1004 1010
f 1010 1004 1011
f 1011 1004 1012
f 1012 1004 1013
f 1013 1004 1014
f 1013 1014 1015
f 1015 1014 1016
f 1016 1014 1017
f 1017 1014 1018
f 1014 1019 1018
f 1018 1019 896
f 896 1019 1129
f 896 1129 1020
f 1021 1022 1019
f 1019 1022 1023
f 1019 1023 1024
f 1021 1083 1025
f 1021 1025 1084
f 1029 1026 1021
f 1021 1026 1079
f 1021 1079 1027
f 1026 1029 1028
f 1028 1029 1030
f 1030 1029 1031
f 1031 1029 1032
f 1032 1029 1033
f 1033 1029 1034
f 1034 1029 1035
f 1035 1029 1036
f 1036 1029 1037
f 1037 1029 1038
f 1037 1038 1039
f 1039 1038 1040
f 1040 1038 1041
f 1041 1038 1042
f 1042 1038 1043
f 1043 1038 1044
f 1044 1038 1045
f 1045 1038 1046
f 1046 1038 1047
f 1047 1038 3215
f 1047 3215 1048
f 1048 3215 1049
f 1049 3215 1050
f 1050 3215 1051
f 1051 3215 1052
f 1052 3215 1053
f 1053 3215 1054
f 1054 3215 1055
f 1055 3215 1056
f 1056 3215 1057
f 1057 3215 1058
f 1057 1058 4069
f 1058 3215 1066
f 1058 1066 1059
f 1059 1066 1060
f 1060 1066 1061
f 1061 1066 1062
f 1062 1066 1063
f 1063 1066 1064
f 1064 1066 1065
f 1065 1066 1067
f 1067 1066 1068
f 1068 1066 1069
f 1069 1066 1070
f 1070 1066 1071
f 1071 1066 1072
f 1072 1066 1073
f 1057 4069 1074
f 1057 1074 1075
f 1075 1074 1076
f 1075 1076 1077
f 1078 1082 1026
f 1026 1082 1079
f 1080 1081 1078
f 1081 1082 1078
f 1027 1083 1021
f 1021 1084 1085
f 1021 1085 1086
f 1021 1086 1087
f 1087 1088 1021
f 1021 1088 1089
f 1021 1089 1090
f 1021 1090 1091
f 1091 1092 1021
f 1021 1092 1093
f 1021 1093 1094
f 1021 1094 1095
f 1021 1095 1096
f 1021 1096 1097
f 1021 1097 1098
f 1098 1099 1021
f 1021 1099 1100
f 1021 1100 1101
f 1101 1102 1021
f 1021 1102 1022
f 1024 1103 1019
f 1019 1103 1104
f 1019 1104 1105
f 1105 1106 1019
f 1019 1106 1107
f 1019 1107 1108
f 1108 1109 1019
f 1019 1109 1110
f 1019 1110 1111
f 1019 1111 1112
f 1019 1112 1113
f 1113 1114 1019
f 1019 1114 1115
f 1019 1115 1116
f 1116 1117 1019
f 1019 1117 1118
f 1118 1119 1019
f 1019 1119 1120
f 1120 1121 1019
f 1019 1121 1122
f 1122 1123 1019
f 1019 1123 1124
f 1124 1125 1019
f 1019 1125 1126
f 1019 1126 1127
f 1127 1128 1019
f 1019 1128 1129
f 1020 1130 896
f 896 1130 1131
f 1131 1132 896
f 896 1132 897
f 897 1132 1133
f 1133 1134 897
f 897 1134 898
f 898 1134 1135
f 898 1135 1136
f 1002 999 1000
f 999 1137 977
f 977 1137 997
f 836 834 993
f 993 834 832
f 993 832 830
f 830 829 993
f 772 770 963
f 963 770 768
f 963 768 766
f 766 764 963
f 963 764 762
f 963 762 761
f 1138 727 1139
f 1139 727 726
f 1139 726 1140
f 1140 726 725
f 1140 725 1141
f 1141 725 724
f 1141 724 945
f 945 724 723
f 945 723 944
f 944 723 722
f 1142 728 1138
f 1138 728 727
f 728 1142 729
f 729 1142 1143
f 729 1143 730
f 730 1143 1144
f 730 1144 731
f 731 1144 1145
f 731 1145 732
f 732 1145 1146
f 732 1146 733
f 944 722 943
f 943 722 721
f 943 721 942
f 942 721 720
f 720 719 942
f 942 719 941
f 941 719 940
f 940 719 718
f 718 717 940
f 940 717 939
f 939 717 938
f 938 717 715
f 938 715 937
f 937 715 714
f 937 714 936
f 936 714 713
f 936 713 712
f 936 712 935
f 935 712 711
f 935 711 911
f 911 711 707
f 948 1147 1148
f 1148 1149 948
f 1149 1150 948
f 1150 1151 948
f 948 1151 1146
f 948 1146 946
f 946 1146 1145
f 1145 1144 946
f 1144 1143 946
f 1143 1142 946
f 1142 1138 946
f 1147 948 1152
f 1152 948 1153
f 1153 948 1154
f 1154 948 949
f 760 759 963
f 963 759 961
f 961 759 758
f 961 758 757
f 961 757 959
f 959 757 756
f 959 756 957
f 957 756 755
f 755 754 957
f 957 754 956
f 956 754 753
f 956 753 955
f 955 753 752
f 955 752 954
f 954 752 751
f 954 751 953
f 751 750 953
f 953 750 952
f 952 750 749
f 952 749 748
f 952 748 951
f 951 748 747
f 951 747 950
f 950 747 746
f 950 746 949
f 949 746 1154
f 1154 746 745
f 1154 745 1153
f 1153 745 744
f 1153 744 1152
f 1152 744 742
f 1152 742 1147
f 1147 742 741
f 1147 741 1148
f 1148 741 740
f 1148 740 739
f 1148 739 1149
f 1149 739 738
f 1149 738 1150
f 1150 738 737
f 1150 737 1151
f 761 760 963
f 1151 737 1146
f 1146 737 736
f 1146 736 734
f 734 733 1146
f 1138 1139 946
f 946 1139 1140
f 946 1140 1141
f 946 1141 945
f 781 964 780
f 1158 798 1155
f 1155 798 797
f 1155 797 796
f 1155 796 1156
f 1156 796 795
f 1156 795 1157
f 1157 795 794
f 1157 794 972
f 972 794 971
f 971 794 793
f 798 1158 799
f 799 1158 1159
f 799 1159 800
f 800 1159 1160
f 800 1160 801
f 801 1160 1161
f 801 1161 802
f 971 793 970
f 970 793 792
f 970 792 969
f 969 792 791
f 969 791 968
f 968 791 789
f 968 789 788
f 968 788 967
f 788 787 967
f 967 787 966
f 966 787 786
f 966 786 958
f 958 786 785
f 958 785 960
f 960 785 784
f 960 784 783
f 960 783 962
f 962 783 782
f 962 782 964
f 964 782 780
f 975 1162 1163
f 1163 1164 975
f 1164 1165 975
f 975 1165 1166
f 1166 1167 975
f 975 1167 1161
f 975 1161 974
f 974 1161 1160
f 974 1160 1159
f 974 1159 1158
f 1162 975 1168
f 1168 975 1169
f 1169 975 1170
f 1170 975 978
f 828 827 993
f 993 827 991
f 827 826 991
f 991 826 990
f 990 826 825
f 990 825 988
f 988 825 824
f 988 824 823
f 988 823 986
f 986 823 822
f 986 822 985
f 985 822 821
f 985 821 984
f 984 821 820
f 984 820 983
f 983 820 819
f 983 819 982
f 982 819 817
f 982 817 981
f 981 817 816
f 981 816 980
f 980 816 815
f 980 815 979
f 979 815 814
f 979 814 978
f 978 814 813
f 978 813 1170
f 1170 813 1169
f 1169 813 812
f 1169 812 811
f 1169 811 1168
f 1168 811 810
f 1168 810 1162
f 1162 810 1163
f 1163 810 809
f 1163 809 1164
f 1164 809 808
f 1164 808 1165
f 1165 808 807
f 1165 807 1166
f 1166 807 806
f 1166 806 1167
f 1167 806 805
f 829 828 993
f 1167 803 1161
f 1161 803 802
f 1167 805 803
f 1158 1155 974
f 974 1155 1156
f 974 1156 1157
f 974 1157 972
f 848 994 849
f 1173 868 866
f 1173 866 1171
f 1171 866 865
f 1171 865 1172
f 1172 865 864
f 1172 864 1001
f 1001 864 863
f 1001 863 1002
f 1002 863 862
f 1002 862 999
f 868 1173 1174
f 868 1174 869
f 869 1174 1175
f 869 1175 870
f 870 1175 1176
f 870 1176 871
f 871 1176 1177
f 871 1177 872
f 872 1177 1178
f 999 862 861
f 999 861 1137
f 1137 861 860
f 1137 860 997
f 860 859 997
f 997 859 998
f 998 859 858
f 998 858 996
f 996 858 857
f 857 856 996
f 996 856 995
f 995 856 855
f 995 855 987
f 987 855 854
f 987 854 989
f 989 854 853
f 989 853 852
f 989 852 992
f 992 852 851
f 992 851 850
f 850 849 992
f 992 849 994
f 1184 1179 1005
f 1179 1180 1005
f 1005 1180 1181
f 1181 1182 1005
f 1182 1183 1005
f 1005 1183 1178
f 1005 1178 1003
f 1003 1178 1177
f 1003 1177 1176
f 1003 1176 1175
f 1175 1174 1003
f 1003 1174 1173
f 1184 1005 1006
f 1184 1006 1185
f 1185 1006 1186
f 1186 1006 1007
f 895 894 1018
f 1018 894 1017
f 1017 894 893
f 1017 893 892
f 1017 892 1016
f 892 891 1016
f 1016 891 1015
f 1015 891 890
f 1015 890 1013
f 890 888 1013
f 1013 888 1012
f 1012 888 887
f 1012 887 1011
f 887 886 1011
f 1011 886 1010
f 1010 886 1009
f 1009 886 885
f 1009 885 1008
f 1008 885 884
f 1008 884 1007
f 1007 884 883
f 1007 883 1186
f 1186 883 882
f 1186 882 1185
f 1185 882 881
f 1185 881 1184
f 1184 881 880
f 1184 880 1179
f 1179 880 879
f 1179 879 1180
f 1180 879 878
f 1180 878 1181
f 1181 878 877
f 1181 877 1182
f 1182 877 876
f 1182 876 1183
f 896 895 1018
f 1178 1183 872
f 872 1183 873
f 873 1183 874
f 874 1183 876
f 1003 1173 1171
f 1003 1171 1172
f 1003 1172 1001
f 1216 1187 1090
f 1090 1187 1091
f 1091 1187 1188
f 1091 1188 1189
f 1091 1189 1092
f 1092 1189 1093
f 1093 1189 6049
f 1093 6049 1094
f 1094 6049 1190
f 1094 1190 1095
f 1095 1190 1191
f 1095 1191 1096
f 1096 1191 1097
f 1097 1191 1192
f 1097 1192 1098
f 1098 1192 5981
f 1098 5981 1099
f 1099 5981 6021
f 1099 6021 1100
f 1100 6021 1101
f 1101 6021 1102
f 1102 6021 6043
f 1102 6043 1022
f 1022 6043 1193
f 1022 1193 1023
f 1023 1193 1024
f 1024 1193 1103
f 1103 1193 6047
f 1103 6047 1104
f 1104 6047 1194
f 1104 1194 1105
f 1105 1194 1106
f 1106 1194 6036
f 1106 6036 1107
f 1107 6036 1108
f 1108 6036 1109
f 1109 6036 5979
f 1109 5979 1110
f 1110 5979 1111
f 1111 5979 1195
f 1111 1195 1196
f 1111 1196 1112
f 1112 1196 1113
f 1113 1196 5978
f 1113 5978 1114
f 1114 5978 6022
f 1114 6022 1115
f 1115 6022 1197
f 1115 1197 1116
f 1116 1197 1117
f 1117 1197 5977
f 1117 5977 1118
f 1118 5977 1198
f 1118 1198 1119
f 1119 1198 6050
f 1119 6050 1120
f 1120 6050 5976
f 1120 5976 1121
f 1121 5976 6041
f 1121 6041 1122
f 1122 6041 5975
f 1122 5975 1123
f 1123 5975 1124
f 1124 5975 1199
f 1124 1199 1125
f 1125 1199 5974
f 1125 5974 1126
f 1126 5974 6030
f 1126 6030 1127
f 1127 6030 1128
f 1128 6030 6024
f 1128 6024 1129
f 1129 6024 5973
f 1129 5973 1020
f 1020 5973 5972
f 1020 5972 1130
f 1130 5972 5971
f 1130 5971 1131
f 1131 5971 1132
f 1132 5971 6045
f 1132 6045 1133
f 1133 6045 6046
f 1133 6046 1134
f 1134 6046 5970
f 1134 5970 1135
f 1135 5970 6052
f 1135 6052 1136
f 1136 6052 5969
f 1213 1200 1080
f 1080 1200 1081
f 1081 1200 1201
f 1081 1201 1082
f 1082 1201 1079
f 1079 1201 1214
f 1079 1214 1027
f 1027 1202 1083
f 1083 1202 1203
f 1083 1203 1025
f 1025 1203 1204
f 1025 1204 1084
f 1084 1204 1205
f 1084 1205 1206
f 1084 1206 1085
f 1085 1206 1207
f 1085 1207 1086
f 1086 1207 1208
f 1086 1208 1209
f 1086 1209 1087
f 1087 1209 1088
f 1088 1209 1210
f 1088 1210 1089
f 1089 1210 1216
f 1089 1216 1090
f 1212 1211 1230
f 1212 1230 1238
f 1200 1249 1201
f 1201 1249 1242
f 1027 1214 1202
f 1204 1203 1215
f 1204 1215 1205
f 1205 1215 1206
f 1206 1215 1248
f 1206 1248 1207
f 1207 1248 1252
f 1207 1252 1208
f 1208 1250 1209
f 1209 1250 1247
f 1209 1247 1210
f 1210 1247 1216
f 1217 1246 1231
f 5956 1231 1218
f 1224 1223 1228
f 1224 1228 1230
f 1218 1226 5956
f 1225 1227 1218
f 1218 1227 1226
f 1228 1223 1222
f 1229 1228 1222
f 1229 1222 1221
f 1220 1229 1221
f 1219 1225 1218
f 1232 1230 1228
f 1220 1219 1229
f 1229 1219 1218
f 1232 1238 1230
f 1232 1228 1229
f 1237 1229 1218
f 1237 1218 1231
f 1236 1229 1237
f 1236 1232 1229
f 1233 1241 1232
f 1234 1238 1232
f 1241 1234 1232
f 1233 1232 1236
f 1246 1237 1231
f 1235 1233 1236
f 1239 1237 1246
f 1240 1237 1239
f 1240 1235 1236
f 1240 1236 1237
f 1244 1241 1233
f 1242 1234 1241
f 1242 1241 1244
f 1245 1244 1233
f 1245 1233 1235
f 1243 1235 1240
f 1249 1213 1238
f 1249 1238 1234
f 1243 1240 1239
f 1250 1239 1246
f 1249 1234 1242
f 1252 1243 1239
f 1252 1239 1250
f 1202 1244 1245
f 1251 1245 1235
f 1247 1250 1246
f 1247 1246 1217
f 1251 1235 1243
f 1251 1243 1248
f 1252 1248 1243
f 1214 1244 1202
f 1214 1242 1244
f 1200 1213 1249
f 1215 1251 1248
f 1216 1247 1217
f 1201 1242 1214
f 1208 1252 1250
f 1203 1202 1245
f 1203 1245 1251
f 1215 1203 1251
f 1254 1253 1255
f 1255 1253 1256
f 1256 1253 1257
f 1257 1253 1260
f 1257 1260 1258
f 1258 1260 1259
f 1259 1260 1261
f 1261 1260 1262
f 1261 1262 1263
f 1263 1262 1264
f 1264 1262 1265
f 1264 1265 1266
f 1266 1265 1267
f 1267 1265 1268
f 1268 1265 1269
f 1268 1269 1270
f 1270 1269 1271
f 1270 1271 1272
f 1272 1271 1273
f 1273 1271 1274
f 1274 1271 1275
f 1274 1275 1276
f 1276 1275 1277
f 1277 1275 1278
f 1278 1275 1279
f 1279 1275 1281
f 1279 1281 1280
f 1280 1281 1282
f 1282 1281 1283
f 1283 1281 1285
f 1283 1285 1284
f 1284 1285 1286
f 1286 1285 1287
f 1287 1285 1289
f 1287 1289 1288
f 1288 1289 1290
f 1290 1289 1294
f 1290 1294 1291
f 1291 1294 1292
f 1292 1294 1293
f 1293 1294 1295
f 1295 1294 1296
f 1295 1296 1297
f 1297 1296 1298
f 1298 1296 1299
f 1299 1296 1300
f 1299 1300 1301
f 1301 1300 1303
f 1301 1303 1302
f 1302 1303 1304
f 1304 1303 1305
f 1304 1305 1306
f 1306 1305 1307
f 1307 1305 1308
f 1308 1305 1309
f 1309 1305 1312
f 1309 1312 1310
f 1310 1312 1311
f 1311 1312 1313
f 1313 1312 1315
f 1313 1315 1314
f 1314 1315 1316
f 1316 1315 1317
f 1317 1315 1321
f 1317 1321 1318
f 1318 1321 1319
f 1319 1321 1320
f 1320 1321 1322
f 1322 1321 1323
f 1322 1323 1324
f 1324 1323 1325
f 1325 1323 1326
f 1326 1323 1327
f 1326 1327 1328
f 1328 1327 1329
f 1329 1327 1330
f 1330 1327 1331
f 1331 1327 1332
f 1331 1332 1333
f 1333 1332 1334
f 1333 1334 1335
f 1335 1334 1336
f 1336 1334 1337
f 1337 1334 1339
f 1337 1339 1338
f 1338 1339 1340
f 1340 1339 1341
f 1341 1339 1342
f 1342 1339 1343
f 1343 1339 1344
f 1344 1339 1346
f 1346 1339 1345
f 1346 1345 1347
f 1347 1345 1348
f 1348 1345 1349
f 1349 1345 1350
f 1350 1345 1351
f 1351 1345 1352
f 1352 1345 1353
f 1353 1345 1354
f 1354 1345 1355
f 1355 1345 1356
f 1355 1356 1357
f 1357 1356 1358
f 1358 1356 1359
f 1358 1359 1360
f 1360 1359 1361
f 1361 1359 1362
f 1362 1359 1363
f 1363 1359 1364
f 1359 1356 1365
f 1365 1356 1366
f 1365 1366 1211
f 1211 1366 1230
f 1230 1366 1367
f 1230 1367 1224
f 1224 1367 1368
f 1224 1368 1369
f 1224 1369 1223
f 1223 1369 1222
f 1222 1369 1370
f 1222 1370 1221
f 1221 1370 1371
f 1221 1371 1220
f 1220 1371 1219
f 1219 1371 1372
f 1219 1372 1225
f 1225 1372 1373
f 1225 1373 1227
f 1227 1373 1226
f 1226 1373 1374
f 1226 1374 5956
f 1253 1375 1376
f 1253 1376 1260
f 1260 1376 1377
f 1260 1377 1262
f 1262 1377 1378
f 1262 1378 1265
f 1265 1378 1379
f 1265 1379 1269
f 1269 1379 1380
f 1269 1380 1271
f 1271 1380 1381
f 1271 1381 1275
f 1275 1381 1382
f 1275 1382 1281
f 1281 1382 1383
f 1281 1383 1285
f 1285 1383 1384
f 1285 1384 1289
f 1289 1384 1385
f 1289 1385 1294
f 1294 1385 1386
f 1294 1386 1387
f 1294 1387 1296
f 1296 1387 1388
f 1296 1388 1300
f 1300 1388 1389
f 1300 1389 1303
f 1303 1389 1390
f 1303 1390 1305
f 1305 1390 1391
f 1305 1391 1392
f 1305 1392 1312
f 1312 1392 1393
f 1312 1393 1394
f 1312 1394 1315
f 1315 1394 1395
f 1315 1395 1396
f 1315 1396 1321
f 1321 1396 1397
f 1321 1397 1323
f 1323 1397 1398
f 1323 1398 1327
f 1327 1398 1399
f 1327 1399 1332
f 1332 1399 1400
f 1332 1400 1334
f 1334 1400 1339
f 1339 1400 1401
f 1339 1401 1345
f 1345 1401 1402
f 1345 1402 1356
f 1356 1402 1366
f 1366 1402 1403
f 1366 1403 1367
f 1367 1403 1404
f 1367 1404 1368
f 1368 1404 1405
f 1368 1405 1369
f 1369 1405 1406
f 1369 1406 1370
f 1370 1406 1407
f 1370 1407 1408
f 1370 1408 1371
f 1371 1408 1409
f 1371 1409 1372
f 1372 1409 1410
f 1372 1410 1373
f 1373 1410 1411
f 1373 1411 1374
f 1374 1411 1656
f 1412 1413 1414
f 1414 1413 2581
f 1414 2581 2582
f 1413 1412 1415
f 1415 1412 1416
f 1415 1416 1417
f 1417 1416 1418
f 1417 1418 1419
f 1419 1418 1420
f 1419 1420 1421
f 1421 1420 1422
f 1421 1422 1423
f 1423 1422 1424
f 1423 1424 1425
f 1425 1424 1426
f 1425 1426 1427
f 1425 1427 1428
f 1428 1427 1429
f 1428 1429 1430
f 1430 1429 1431
f 1430 1431 1432
f 1432 1431 1433
f 1432 1433 1434
f 1434 1433 1435
f 1434 1435 1436
f 1436 1435 1437
f 1436 1437 1438
f 1436 1438 1439
f 1439 1438 1440
f 1439 1440 1441
f 1441 1440 1442
f 1441 1442 1443
f 1443 1442 1444
f 1443 1444 1445
f 1445 1444 1446
f 1445 1446 1447
f 1447 1446 1448
f 1447 1448 1449
f 1447 1449 1450
f 1450 1449 1451
f 1450 1451 1452
f 1452 1451 1453
f 1452 1453 1454
f 1454 1453 1455
f 1454 1455 1456
f 1456 1455 1457
f 1456 1457 1458
f 1458 1457 1459
f 1458 1459 1460
f 1460 1459 1461
f 1460 1461 1462
f 1462 1461 1463
f 1462 1463 1464
f 1464 1463 1465
f 1464 1465 1466
f 1464 1466 1467
f 1467 1466 1468
f 1467 1468 1469
f 1469 1468 1470
f 1469 1470 1471
f 1471 1470 1472
f 1471 1472 1473
f 1473 1472 1474
f 1473 1474 1475
f 1475 1474 1476
f 1476 1474 1477
f 1477 1474 1478
f 1478 1474 1479
f 1479 1474 1480
f 1480 1474 1481
f 1480 1481 1482
f 1483 2493 1470
f 1470 2493 1484
f 1470 1484 2494
f 1485 1486 1483
f 1483 1486 1487
f 1488 2484 1485
f 1485 2484 1489
f 1490 2547 1488
f 1488 2547 1491
f 1492 2545 1490
f 1490 2545 1493
f 1490 1493 1494
f 1495 1496 1492
f 1497 1498 1495
f 1495 1498 1499
f 1495 1499 1500
f 1501 1502 1497
f 1497 1502 1503
f 1497 1503 1504
f 1505 1506 1501
f 1501 1506 1507
f 1501 1507 1508
f 1509 1510 1505
f 1505 1510 1511
f 1505 1511 1512
f 1513 1514 1509
f 1509 1514 1515
f 1509 1515 1516
f 1516 1515 1517
f 1517 1515 1518
f 1518 1515 1519
f 1519 1515 1520
f 1520 1515 1521
f 1521 1515 1522
f 1522 1515 1523
f 1523 1515 1524
f 1524 1515 1525
f 1525 1515 1526
f 1526 1515 1527
f 1527 1515 1528
f 1528 1515 1529
f 1529 1515 1530
f 1529 1530 1531
f 1531 1530 1532
f 1532 1530 1533
f 1533 1530 1534
f 1534 1530 1535
f 1514 1513 1536
f 1536 1513 1537
f 1536 1537 1538
f 1538 1537 1539
f 1538 1539 1540
f 1540 1539 1541
f 1540 1541 1542
f 1542 1541 1543
f 1542 1543 1544
f 1544 1543 1545
f 1544 1545 1546
f 1546 1545 1547
f 1546 1547 1548
f 1548 1547 1549
f 1548 1549 1550
f 1550 1549 1551
f 1550 1551 1552
f 1552 1551 1553
f 1552 1553 1554
f 1554 1553 1555
f 1554 1555 1556
f 1556 1555 1557
f 1556 1557 1558
f 1558 1557 1559
f 1558 1559 1560
f 1560 1559 1561
f 1560 1561 1562
f 1562 1561 1563
f 1562 1563 1564
f 1564 1563 1565
f 1564 1565 1566
f 1566 1565 1567
f 1566 1567 1568
f 1568 1567 1569
f 1568 1569 1570
f 1570 1569 1571
f 1570 1571 1572
f 1572 1571 1573
f 1572 1573 1574
f 1574 1573 1575
f 1576 2458 1515
f 1515 2458 1577
f 1578 1579 1576
f 1576 1579 1580
f 1581 1582 1578
f 1583 1584 1581
f 1581 1584 1585
f 1586 2455 1583
f 1583 2455 2456
f 1587 1588 1586
f 1589 2454 1587
f 1587 2454 1590
f 1591 1595 1589
f 1589 1595 1592
f 1593 1594 1591
f 1591 1594 1595
f 1593 1596 1594
f 1594 1596 1597
f 1597 1596 1598
f 1597 1598 1599
f 1599 1598 1600
f 1599 1600 1601
f 1601 1600 1602
f 1601 1602 1603
f 1603 1602 1604
f 1603 1604 1605
f 1605 1604 1606
f 1605 1606 1607
f 1605 1607 1608
f 1608 1607 1609
f 1608 1609 1610
f 1610 1609 1611
f 1610 1611 1612
f 1612 1611 1613
f 1612 1613 1614
f 1614 1613 1615
f 1614 1615 1616
f 1616 1615 1617
f 1616 1617 1618
f 1618 1617 1619
f 1618 1619 1620
f 1620 1619 1621
f 1620 1621 1622
f 1622 1621 1623
f 1622 1623 1624
f 1624 1623 1625
f 1624 1625 1626
f 1624 1626 1627
f 1627 1626 1628
f 1627 1628 1629
f 1629 1628 1630
f 1629 1630 1631
f 1631 1630 1632
f 1631 1632 1633
f 1633 1632 1634
f 1633 1634 1635
f 1635 1634 1636
f 1635 1636 1637
f 1637 1636 1638
f 1637 1638 1639
f 1639 1638 1640
f 1639 1640 1641
f 1639 1641 1642
f 1642 1641 1643
f 1642 1643 1644
f 1644 1643 1645
f 1644 1645 1646
f 1646 1645 1647
f 1646 1647 1648
f 1648 1647 1649
f 1648 1649 1650
f 1650 1649 1651
f 1650 1651 1652
f 1652 1651 1653
f 1652 1653 1654
f 1654 1653 1655
f 1654 1655 1408
f 1408 1655 1409
f 1409 1655 1410
f 1410 1655 1411
f 1411 1655 1656
f 1656 1655 1657
f 1657 1655 1658
f 1658 1655 1659
f 1659 1655 1660
f 1660 1655 1661
f 1661 1655 1662
f 1662 1655 1663
f 1663 1655 1664
f 1664 1655 1665
f 1665 1655 1666
f 1666 1655 1668
f 1668 1655 1667
f 1668 1667 1669
f 1669 1667 1670
f 1670 1667 1671
f 1671 1667 1672
f 1672 1667 1673
f 1673 1667 1674
f 1674 1667 1675
f 1675 1667 1676
f 1676 1667 1677
f 1677 1667 1678
f 1678 1667 1679
f 1679 1667 1680
f 1680 1667 1681
f 1680 1681 1682
f 1683 1684 1667
f 1667 1684 1685
f 1667 1685 1686
f 1683 1687 1684
f 1684 1687 1688
f 1684 1688 1689
f 1689 1690 1684
f 1684 1690 1691
f 1691 1690 1692
f 1691 1692 1693
f 1693 1694 1691
f 1691 1694 1695
f 1691 1695 1696
f 1691 1696 1697
f 1697 1696 1698
f 1697 1698 1699
f 1699 1700 1697
f 1697 1700 1701
f 1697 1701 1702
f 1697 1702 1703
f 1703 1702 1704
f 1703 1704 1705
f 1705 1706 1703
f 1703 1706 1707
f 1703 1707 1708
f 1708 1707 1709
f 1708 1709 1710
f 1710 1711 1708
f 1708 1711 1712
f 1708 1712 1713
f 1713 1712 1714
f 1713 1714 1715
f 1715 1716 1713
f 1713 1716 1717
f 1713 1717 1718
f 1718 1717 1719
f 1718 1719 1720
f 1720 1721 1718
f 1718 1721 1722
f 1718 1722 1723
f 1723 1722 1724
f 1723 1724 1725
f 1725 1726 1723
f 1723 1726 1727
f 1723 1727 1728
f 1728 1729 1723
f 1723 1729 1730
f 1723 1730 1731
f 1731 1732 1723
f 1723 1732 1733
f 1723 1733 1734
f 1734 1735 1723
f 1723 1735 1736
f 1723 1736 1737
f 1737 1738 1723
f 1723 1738 1739
f 1723 1739 1740
f 1740 1741 1723
f 1723 1741 1742
f 1723 1742 1743
f 1743 1744 1723
f 1723 1744 1745
f 1723 1745 1746
f 1746 1747 1723
f 1723 1747 1748
f 1723 1748 1749
f 1749 1750 1723
f 1723 1750 1751
f 1723 1751 1752
f 1752 1753 1723
f 1723 1753 1754
f 1723 1754 1755
f 1755 1754 1756
f 1756 1754 1757
f 1757 1754 1758
f 1758 1754 1759
f 1759 1754 1760
f 1760 1754 1761
f 1761 1754 1762
f 1762 1754 1763
f 1763 1754 1764
f 1764 1754 1765
f 1765 1754 1766
f 1766 1754 1767
f 1767 1754 1768
f 1767 1768 1769
f 1769 1768 1770
f 1770 1768 1771
f 1771 1768 1772
f 1772 1768 1773
f 1414 1774 1754
f 1754 1774 1775
f 1516 1776 1509
f 1509 1776 1777
f 1509 1777 1778
f 1778 1779 1509
f 1509 1779 1510
f 1512 1780 1505
f 1505 1780 1506
f 1508 1502 1501
f 1504 1498 1497
f 1500 1781 1495
f 1495 1781 2536
f 1495 2536 1782
f 1783 1785 1781
f 1781 1785 1784
f 1785 1783 1786
f 1785 1786 1787
f 1787 1786 1788
f 1787 1788 1789
f 1787 1789 1790
f 1790 1789 1791
f 1790 1791 1792
f 1790 1792 1793
f 1793 1792 1794
f 1793 1794 1795
f 1793 1795 1800
f 1800 1795 1796
f 1800 1796 1797
f 1800 1797 1798
f 1800 1798 1799
f 1800 1799 1801
f 1800 1801 1802
f 1800 1802 2517
f 2517 1802 1803
f 2517 1803 1804
f 2517 1804 1805
f 2517 1805 1806
f 1472 1807 1806
f 1806 1807 1808
f 1806 1808 1809
f 1482 1810 1480
f 1480 1810 1811
f 1480 1811 1812
f 1812 1813 1480
f 1480 1813 1814
f 1480 1814 1815
f 1815 1816 1480
f 1480 1816 1817
f 1480 1817 1818
f 1819 1820 1818
f 1818 1820 1821
f 1818 1821 1480
f 1822 1823 1819
f 1819 1823 1824
f 1819 1824 1825
f 1822 1826 1823
f 1823 1826 1827
f 1823 1827 1828
f 1828 1829 1823
f 1823 1829 1830
f 1823 1830 1831
f 1831 1832 1823
f 1823 1832 1833
f 1823 1833 1834
f 1834 1835 1823
f 1823 1835 1836
f 1823 1836 1837
f 1837 1838 1823
f 1823 1838 1839
f 1823 1839 1840
f 1840 1841 1823
f 1823 1841 1842
f 1823 1842 1843
f 1843 1844 1823
f 1823 1844 1845
f 1823 1845 1846
f 1846 1847 1823
f 1823 1847 1848
f 1823 1848 1849
f 1849 1850 1823
f 1823 1850 1851
f 1823 1851 1852
f 1852 1853 1823
f 1823 1853 1854
f 1823 1854 1855
f 1855 1856 1823
f 1823 1856 1857
f 1823 1857 1858
f 1858 1859 1823
f 1823 1859 1860
f 1823 1860 1861
f 1861 1862 1823
f 1823 1862 1863
f 1823 1863 1864
f 1864 1865 1823
f 1823 1865 1866
f 1823 1866 1867
f 1867 1868 1823
f 1869 1870 1823
f 1823 1870 1871
f 1823 1871 1872
f 1870 1869 1885
f 1885 1869 1873
f 1885 1873 1874
f 1874 1875 1885
f 1885 1875 1876
f 1885 1876 1877
f 1877 1878 1885
f 1885 1878 1879
f 1885 1879 1880
f 1880 1881 1885
f 1885 1881 1882
f 1885 1882 1883
f 1883 1884 1885
f 1885 1884 1886
f 1886 1884 1887
f 1887 1884 1888
f 1888 1884 1889
f 1889 1884 1890
f 1890 1884 1891
f 1891 1884 1892
f 1892 1884 1893
f 1893 1884 1894
f 1894 1884 1895
f 1895 1884 1896
f 1896 1884 1897
f 1897 1884 1898
f 1898 1884 1899
f 1899 1884 1900
f 1900 1884 1901
f 1901 1884 1902
f 1902 1884 1903
f 1903 1884 1905
f 1905 1884 1904
f 1905 1904 1906
f 1905 1906 1907
f 1905 1907 1911
f 1911 1907 1908
f 1911 1908 1909
f 1911 1909 1910
f 1911 1910 1912
f 1911 1912 1913
f 1911 1913 1920
f 1920 1913 1914
f 1920 1914 1915
f 1920 1915 1916
f 1920 1916 1917
f 1920 1917 1918
f 1920 1918 1919
f 1920 1919 1921
f 1920 1921 1922
f 1920 1922 2483
f 2483 1922 1923
f 2483 1923 1534
f 1924 1925 1413
f 1413 1925 1926
f 1413 1926 2569
f 1924 1927 1925
f 1925 1927 1928
f 1925 1928 1929
f 1929 1930 1925
f 1925 1930 1931
f 1925 1931 1932
f 1932 1933 1925
f 1925 1933 1934
f 1925 1934 1935
f 1935 1936 1925
f 1925 1936 1937
f 1925 1937 1938
f 1938 1939 1925
f 1925 1939 1940
f 1925 1940 1941
f 1941 1942 1925
f 1925 1942 1943
f 1925 1943 1944
f 1944 1945 1925
f 1925 1945 1946
f 1925 1946 1947
f 1947 1948 1925
f 1925 1948 1949
f 1925 1949 1950
f 1925 1951 1926
f 1926 1951 1952
f 1926 1952 1953
f 1953 1954 1926
f 1926 1954 1955
f 1926 1955 1956
f 1956 1957 1926
f 1926 1957 1958
f 1926 1958 1959
f 1959 1958 1960
f 1960 1958 1961
f 1960 1961 1962
f 1963 1964 1958
f 1958 1964 1965
f 1966 1967 1963
f 1963 1967 1968
f 1963 1968 2424
f 1967 1966 1969
f 1969 1966 1970
f 1969 1970 1972
f 1972 1970 1971
f 1972 1971 1973
f 1972 1973 1974
f 1974 1973 1975
f 1974 1975 1977
f 1977 1975 1976
f 1977 1976 1978
f 1977 1978 1979
f 1979 1978 1980
f 1979 1980 1982
f 1982 1980 1981
f 1982 1981 1983
f 1982 1983 1984
f 1984 1983 1985
f 1984 1985 1987
f 1987 1985 1986
f 1987 1986 1988
f 1987 1988 1989
f 1987 1989 1990
f 1990 1989 1991
f 1990 1991 1993
f 1993 1991 1992
f 1993 1992 1994
f 1993 1994 1995
f 1995 1994 1996
f 1995 1996 1997
f 1997 1996 1998
f 1997 1998 1999
f 1999 1998 2000
f 1999 2000 2001
f 1999 2001 2003
f 2003 2001 2002
f 2003 2002 2004
f 2003 2004 2005
f 2005 2004 2006
f 2005 2006 2009
f 2009 2006 2007
f 2009 2007 2008
f 2009 2008 2010
f 2009 2010 2011
f 2011 2010 2012
f 2011 2012 2014
f 2014 2012 2013
f 2014 2013 2015
f 2014 2015 2016
f 2016 2015 2017
f 2016 2017 2020
f 2020 2017 2018
f 2020 2018 2019
f 2020 2019 2021
f 2020 2021 2022
f 2022 2021 2023
f 2022 2023 2024
f 2024 2023 2025
f 2024 2025 2026
f 2026 2025 2027
f 2026 2027 2029
f 2029 2027 2028
f 2029 2028 2030
f 2029 2030 2031
f 2031 2030 2032
f 2031 2032 2034
f 2034 2032 2033
f 2034 2033 2035
f 2034 2035 2036
f 2036 2035 2037
f 2036 2037 2039
f 2039 2037 2038
f 2039 2038 2040
f 2039 2040 2041
f 2041 2040 2042
f 2042 2040 2043
f 2043 2040 2044
f 2044 2040 2045
f 2045 2040 2046
f 2046 2040 2047
f 2047 2040 2048
f 2048 2040 2049
f 2049 2040 1820
f 2049 1820 2050
f 2050 1820 2051
f 2051 1820 2052
f 2052 1820 2053
f 2053 1820 2054
f 2054 1820 2055
f 2055 1820 2056
f 2056 1820 2057
f 2057 1820 2058
f 2058 1820 2059
f 2059 1820 1819
f 2059 1819 2060
f 2060 1819 1825
f 1473 2061 1471
f 1471 2061 2062
f 1471 2062 2063
f 2063 2064 1471
f 1471 2064 2065
f 1471 2065 2066
f 2066 2067 1471
f 1471 2067 2068
f 1471 2068 2069
f 2069 2070 1471
f 1471 2070 2071
f 1471 2071 2072
f 2072 2073 1471
f 1471 2073 2074
f 1471 2074 2075
f 2075 2076 1471
f 1471 2076 2077
f 1471 2077 2078
f 2078 2079 1471
f 1471 2079 2080
f 1471 2080 2081
f 2081 2082 1471
f 1471 2082 2083
f 1471 2083 2084
f 2084 2085 1471
f 1686 2086 1667
f 1667 2086 2087
f 1667 2087 2088
f 2088 2089 1667
f 1667 2089 1681
f 1682 2090 1680
f 1680 2090 2091
f 1680 2091 2092
f 2093 2094 2092
f 2092 2094 2586
f 2093 2095 2094
f 2094 2095 2096
f 2096 2095 2097
f 2096 2097 2098
f 2096 2098 2101
f 2101 2098 2099
f 2101 2099 2100
f 2101 2100 2102
f 2101 2102 2103
f 2101 2103 1375
f 1375 2103 2104
f 1375 2104 2105
f 1375 2105 2106
f 1375 2106 2107
f 1375 2107 2108
f 1375 2108 2109
f 1375 2109 2110
f 1375 2110 1376
f 1376 2110 2111
f 1376 2111 2112
f 1376 2112 2113
f 1376 2113 1377
f 1377 2113 1378
f 1378 2113 1379
f 1379 2113 1380
f 1380 2113 1381
f 1381 2113 1382
f 1382 2113 1383
f 1383 2113 1384
f 1384 2113 1385
f 1385 2113 1386
f 1386 2113 1387
f 1387 2113 1388
f 1388 2113 1389
f 1389 2113 1390
f 1390 2113 1391
f 1391 2113 1392
f 1392 2113 1393
f 1393 2113 1394
f 1394 2113 1395
f 1395 2113 2114
f 1395 2114 2115
f 2115 2116 1395
f 1395 2116 2117
f 1395 2117 2118
f 2118 2119 1395
f 1395 2119 2120
f 1395 2120 2121
f 2121 2122 1395
f 1395 2122 2123
f 1395 2123 2124
f 2124 2125 1395
f 1395 2125 2126
f 1395 2126 2127
f 2125 2128 2126
f 2126 2128 2129
f 2126 2129 2130
f 2131 1960 2128
f 2128 1960 2132
f 2128 2132 2133
f 2131 2134 1960
f 1960 2134 2135
f 1960 2135 2136
f 2136 2137 1960
f 1960 2137 2138
f 1960 2138 2139
f 2139 2140 1960
f 1960 2140 2141
f 1960 2141 2142
f 2142 2143 1960
f 1960 2143 2144
f 1960 2144 2145
f 2145 2146 1960
f 1960 2146 2147
f 1960 2147 2148
f 2148 2149 1960
f 1960 2149 2150
f 1960 2150 2151
f 2151 2152 1960
f 1960 2152 2153
f 1960 2153 2154
f 2154 2155 1960
f 1960 2155 2156
f 1960 2156 2157
f 2157 2158 1960
f 1960 2158 2159
f 1960 2159 2160
f 2160 2161 1960
f 1960 2161 2162
f 1960 2162 2163
f 2163 2164 1960
f 1960 2164 2165
f 1960 2165 2166
f 2166 2167 1960
f 1960 2167 2168
f 1960 2168 2169
f 2169 2170 1960
f 1960 2170 2171
f 1960 2171 2172
f 2172 2173 1960
f 1960 2173 2174
f 1960 2174 2175
f 2175 2176 1960
f 1959 2177 1926
f 1926 2177 2178
f 1926 2178 2179
f 2179 2180 1926
f 1926 2180 2181
f 1926 2181 2182
f 2182 2183 1926
f 1926 2183 2184
f 1926 2184 2185
f 2185 2186 1926
f 1926 2186 2187
f 1926 2187 2188
f 2188 2189 1926
f 1926 2189 2190
f 2190 2189 2191
f 2191 2189 2192
f 2192 2189 2193
f 2193 2189 2194
f 2194 2189 2195
f 2195 2189 2196
f 2196 2189 2197
f 2197 2189 2198
f 2198 2189 2199
f 2199 2189 2200
f 2200 2189 2201
f 2201 2189 2202
f 2202 2189 2203
f 2203 2189 2204
f 2204 2189 2205
f 2205 2189 2206
f 2206 2189 2207
f 2207 2189 2208
f 2208 2189 2209
f 2209 2189 2210
f 2209 2210 2211
f 2209 2211 2214
f 2214 2211 2212
f 2214 2212 2213
f 2214 2213 2215
f 2214 2215 2216
f 2214 2216 2221
f 2221 2216 2217
f 2221 2217 2218
f 2221 2218 2219
f 2221 2219 2220
f 2221 2220 2222
f 2221 2222 2223
f 2221 2223 2229
f 2229 2223 2224
f 2229 2224 2225
f 2229 2225 2226
f 2229 2226 2227
f 2229 2227 2228
f 2229 2228 1772
f 2229 1772 2230
f 2230 1772 2231
f 2231 1772 2232
f 2232 1772 2233
f 2233 1772 2234
f 2234 1772 2235
f 2235 1772 2236
f 2236 1772 2237
f 2237 1772 2238
f 2238 1772 2239
f 2239 1772 2240
f 2240 1772 2241
f 2241 1772 2242
f 2242 1772 2243
f 2243 1772 2244
f 2244 1772 1773
f 2245 2246 1594
f 1594 2246 2247
f 1594 2247 2248
f 2248 2249 1594
f 1594 2249 2250
f 1594 2250 2251
f 2251 2252 1594
f 1594 2252 2253
f 1594 2253 2254
f 2254 2255 1594
f 1594 2255 2256
f 1594 2256 2257
f 2257 2258 1594
f 1594 2258 2259
f 1594 2259 2260
f 2260 2261 1594
f 1594 2261 2262
f 1594 2262 2263
f 2263 2264 1594
f 1594 2264 2265
f 1594 2265 2266
f 2266 2267 1594
f 1594 2267 2268
f 1594 2268 2269
f 2269 2270 1594
f 1594 2270 1885
f 1594 1885 2271
f 2270 2272 1885
f 1885 2272 2273
f 1885 2273 2274
f 2274 2275 1885
f 1885 2275 2276
f 1885 2276 2277
f 2277 2278 1885
f 1885 2278 1870
f 2279 2280 1870
f 1870 2280 2281
f 2282 2285 2279
f 2279 2285 2283
f 2279 2283 2284
f 2285 2282 2286
f 2285 2286 2287
f 2287 2286 2288
f 2287 2288 2289
f 2289 2288 2290
f 2289 2290 2292
f 2292 2290 2291
f 2292 2291 2293
f 2292 2293 2294
f 2294 2293 2295
f 2294 2295 2297
f 2297 2295 2296
f 2297 2296 2298
f 2297 2298 2299
f 2299 2298 2300
f 2299 2300 2303
f 2303 2300 2301
f 2303 2301 2302
f 2303 2302 2304
f 2303 2304 2305
f 2305 2304 2306
f 2305 2306 2308
f 2308 2306 2307
f 2308 2307 2309
f 2308 2309 2310
f 2310 2309 2311
f 2310 2311 2314
f 2314 2311 2312
f 2314 2312 2313
f 2314 2313 2315
f 2314 2315 2316
f 2316 2315 2317
f 2316 2317 2318
f 2318 2317 2319
f 2318 2319 2320
f 2320 2319 2321
f 2320 2321 2322
f 2320 2322 2324
f 2324 2322 2323
f 2324 2323 2325
f 2324 2325 2326
f 2326 2325 2327
f 2326 2327 2328
f 2328 2327 2329
f 2328 2329 2330
f 2328 2330 2332
f 2332 2330 2331
f 2332 2331 2333
f 2332 2333 2334
f 2334 2333 2335
f 2334 2335 2337
f 2337 2335 2336
f 2337 2336 2338
f 2337 2338 2339
f 2339 2338 2340
f 2339 2340 2341
f 2339 2341 2342
f 2342 2341 2343
f 2342 2343 2344
f 2344 2343 2345
f 2344 2345 2347
f 2347 2345 2346
f 2347 2346 2348
f 2347 2348 2349
f 2349 2348 2350
f 2349 2350 2352
f 2352 2350 2351
f 2352 2351 2353
f 2352 2353 2354
f 2354 2353 2355
f 2354 2355 2356
f 2356 2355 2357
f 2356 2357 2359
f 2359 2357 2358
f 2359 2358 2360
f 2360 2358 2361
f 2361 2358 2362
f 2362 2358 2363
f 2363 2358 2364
f 2364 2358 2365
f 2365 2358 2366
f 2366 2358 2367
f 2367 2358 2126
f 2367 2126 2368
f 2368 2126 2369
f 2369 2126 2370
f 2370 2126 2371
f 2371 2126 2372
f 2372 2126 2373
f 2373 2126 2374
f 2374 2126 2375
f 2375 2126 2130
f 2127 2376 1395
f 1395 2376 2377
f 1395 2377 2378
f 2378 2379 1395
f 1395 2379 2380
f 1395 2380 2381
f 2381 2382 1395
f 1395 2382 1654
f 1395 1654 1396
f 1396 1654 1397
f 1397 1654 1398
f 1398 1654 1399
f 1399 1654 1400
f 1400 1654 1401
f 1401 1654 1402
f 1402 1654 1403
f 1403 1654 1404
f 1404 1654 1405
f 1405 1654 1406
f 1406 1654 1407
f 1407 1654 1408
f 2383 2384 2382
f 2382 2384 2385
f 2382 2385 2386
f 2386 2387 2382
f 2382 2387 2388
f 2382 2388 2389
f 2389 2390 2382
f 2382 2390 2391
f 2382 2391 2392
f 2392 2393 2382
f 2382 2393 2394
f 2382 2394 2395
f 2395 2396 2382
f 2382 2396 2397
f 2382 2397 2398
f 2398 2399 2382
f 2382 2399 2400
f 2382 2400 2401
f 2401 2402 2382
f 2382 2402 2403
f 2382 2403 2404
f 2404 2405 2382
f 2382 2405 2406
f 2382 2406 2407
f 2407 1654 2382
f 2284 2408 2279
f 2279 2408 2409
f 2409 2410 2279
f 2279 2410 2411
f 2279 2411 2412
f 2279 2412 2413
f 2279 2413 2414
f 2414 2280 2279
f 2281 2415 1870
f 1870 2415 2416
f 2416 2417 1870
f 1870 2417 2418
f 1870 2418 2419
f 2419 2420 1870
f 1870 2420 2421
f 1870 2421 1871
f 1872 2422 1823
f 1823 2422 2423
f 1823 2423 1824
f 1963 2424 2425
f 1963 2425 2426
f 1963 2426 2427
f 1963 2427 2428
f 1963 2428 2429
f 1963 2429 2430
f 2430 1964 1963
f 1965 2431 1958
f 1958 2431 2432
f 2432 2433 1958
f 1958 2433 2434
f 1958 2434 2435
f 2435 2436 1958
f 1958 2436 2437
f 1958 2437 1961
f 1962 2438 1960
f 1960 2438 2439
f 1960 2439 2132
f 2133 2440 2128
f 2128 2440 2129
f 2271 2441 1594
f 2441 2442 1594
f 1594 2442 2443
f 1594 2443 2444
f 1594 2444 2445
f 2445 2446 1594
f 1594 2446 2447
f 1594 2447 2448
f 2448 2449 1594
f 2449 2450 1594
f 1594 2450 2451
f 1594 2451 2452
f 1594 2452 2453
f 1594 2453 1595
f 1592 2454 1589
f 1587 1590 1588
f 1588 2455 1586
f 2456 1584 1583
f 1581 1585 1582
f 1582 2457 1578
f 2457 1579 1578
f 1576 1580 2458
f 1515 1577 2459
f 1515 2459 2460
f 2460 2461 1515
f 1515 2461 2462
f 1515 2462 2463
f 1515 2463 2464
f 1515 2464 2465
f 1515 2465 1530
f 1535 2466 1534
f 1534 2466 2467
f 2467 2468 1534
f 1534 2468 2469
f 1534 2469 2470
f 2470 2471 1534
f 1534 2471 2472
f 2472 2473 1534
f 1534 2473 2474
f 2474 2475 1534
f 1534 2475 2476
f 1534 2476 2477
f 1534 2477 2478
f 1534 2478 2479
f 2479 2480 1534
f 1534 2480 2481
f 2481 2482 1534
f 1534 2482 2483
f 1488 2549 2484
f 1485 1489 2485
f 1485 2485 2486
f 2486 2487 1485
f 2487 1486 1485
f 1483 1487 2488
f 1483 2488 2489
f 2489 2490 1483
f 2490 2491 1483
f 2491 2492 1483
f 1483 2492 2493
f 1470 2494 2495
f 1470 2495 2496
f 1470 2496 2497
f 1470 2497 2498
f 1470 2498 2499
f 1470 2499 1807
f 1806 1809 2500
f 2500 2501 1806
f 1806 2501 2502
f 2502 2503 1806
f 1806 2503 2504
f 1806 2504 2505
f 2505 2506 1806
f 1806 2506 2507
f 1806 2507 2508
f 2508 2509 1806
f 1806 2509 2510
f 1806 2510 2511
f 2511 2512 1806
f 2512 2513 1806
f 1806 2513 2514
f 2514 2515 1806
f 1806 2515 2516
f 1806 2516 2517
f 1784 2518 1781
f 1781 2518 2519
f 2519 2520 1781
f 1781 2520 2521
f 2521 2522 1781
f 1781 2522 2523
f 2523 2524 1781
f 1781 2524 2525
f 1781 2525 2526
f 1781 2526 2527
f 2527 2528 1781
f 1781 2528 2529
f 1781 2529 2530
f 1781 2530 2531
f 2531 2532 1781
f 1781 2532 2533
f 2533 2534 1781
f 1781 2534 2535
f 1781 2535 2536
f 1782 2537 1495
f 1495 2537 2538
f 1495 2538 1496
f 1496 2539 1492
f 2539 2540 1492
f 2540 2541 1492
f 1492 2541 2542
f 1492 2542 2543
f 1492 2543 2544
f 1492 2544 2545
f 1494 2546 1490
f 2546 2547 1490
f 1488 1491 2548
f 2548 2549 1488
f 2550 2551 1414
f 1414 2551 2552
f 2552 2553 1414
f 2553 2554 1414
f 2554 2555 1414
f 1414 2555 2556
f 1414 2556 2557
f 2557 2558 1414
f 2558 2559 1414
f 1414 2559 1774
f 1775 2560 1754
f 2560 2561 1754
f 1754 2561 2562
f 1754 2562 2563
f 1754 2563 2564
f 1754 2564 2565
f 1754 2565 2566
f 1754 2566 2567
f 1754 2567 2568
f 1754 2568 1768
f 1413 2569 2570
f 1413 2570 2571
f 1413 2571 2572
f 1413 2572 2573
f 1413 2573 2574
f 2574 2575 1413
f 1413 2575 2576
f 2576 2577 1413
f 1413 2577 2578
f 1413 2578 2579
f 1413 2579 2580
f 1413 2580 2581
f 1414 2582 2583
f 1414 2583 2584
f 1414 2584 2585
f 1414 2585 2550
f 2092 2586 2587
f 2092 2587 2588
f 2092 2588 2589
f 2589 2590 2092
f 2590 2591 2092
f 2591 2592 2092
f 2592 2593 2092
f 2092 2593 2594
f 2092 2594 2595
f 2092 2595 2596
f 2596 2597 2092
f 2597 2598 2092
f 2598 2599 2092
f 2092 2599 2600
f 2600 2601 2092
f 2092 2601 2602
f 2602 2603 2092
f 2092 2603 2604
f 2092 2604 2605
f 2605 2606 2092
f 2092 2606 1680
f 1470 1807 1472
f 1442 1440 5550
f 5550 1440 5556
f 5556 1440 1438
f 5556 1438 5602
f 5602 1438 1437
f 5602 1437 5557
f 5557 1437 1435
f 5557 1435 5529
f 5529 1435 1433
f 5529 1433 5530
f 5530 1433 1431
f 5530 1431 5531
f 5531 1431 1429
f 5531 1429 5532
f 5532 1429 1427
f 5532 1427 5533
f 5533 1427 1426
f 5533 1426 5534
f 5534 1426 1424
f 5534 1424 5535
f 5535 1424 1422
f 5535 1422 5536
f 5536 1422 1420
f 5536 1420 2607
f 2607 1420 1418
f 2607 1418 2608
f 2608 1418 2609
f 2609 1418 1416
f 2609 1416 1412
f 2609 1412 2610
f 2610 1412 1414
f 2610 1414 2611
f 2612 1625 2613
f 2613 1625 1623
f 2613 1623 2614
f 2614 1623 1621
f 2614 1621 2615
f 2615 1621 1619
f 2615 1619 2616
f 2616 1619 1617
f 2616 1617 2617
f 2617 1617 1615
f 2617 1615 2618
f 2618 1615 1613
f 2618 1613 2619
f 2619 1613 1611
f 2619 1611 2620
f 2620 1611 1609
f 2620 1609 2621
f 2621 1609 1607
f 2621 1607 2622
f 2622 1607 1606
f 2622 1606 2623
f 2623 1606 1604
f 2623 1604 2624
f 2624 1604 1602
f 2624 1602 2625
f 2625 1602 1600
f 2625 1600 2626
f 2626 1600 1598
f 2626 1598 2627
f 2627 1598 1596
f 2627 1596 2628
f 2628 1596 1593
f 2628 1593 2629
f 2629 1593 1591
f 2629 1591 3316
f 3316 1591 1589
f 3316 1589 2630
f 2630 1589 1587
f 2630 1587 3299
f 3299 1587 1586
f 3299 1586 3200
f 3200 1586 1583
f 3200 1583 3355
f 3355 1583 1581
f 3355 1581 3358
f 3358 1581 3354
f 3354 1581 1578
f 3354 1578 2631
f 2631 1578 1576
f 2631 1576 3351
f 3351 1576 1515
f 3351 1515 3331
f 3331 1515 1514
f 3331 1514 3328
f 3328 1514 2632
f 2632 1514 1536
f 2632 1536 3418
f 3418 1536 1538
f 3418 1538 2633
f 2633 1538 1540
f 2633 1540 2634
f 2634 1540 1542
f 2634 1542 2635
f 2635 1542 1544
f 2635 1544 3435
f 3435 1544 1546
f 3435 1546 3462
f 3462 1546 1548
f 3462 1548 3379
f 3379 1548 1550
f 3379 1550 2636
f 2636 1550 1552
f 2636 1552 3380
f 3380 1552 1554
f 3380 1554 3381
f 3381 1554 1556
f 3381 1556 3382
f 3382 1556 1558
f 3382 1558 3383
f 3383 1558 1560
f 3383 1560 3384
f 3384 1560 1562
f 3384 1562 2637
f 2637 1562 1564
f 2637 1564 2638
f 2638 1564 1566
f 2638 1566 2639
f 2639 1566 1568
f 2639 1568 3436
f 3436 1568 1570
f 3436 1570 2640
f 2640 1570 1572
f 2640 1572 2641
f 2641 1572 1574
f 2641 1574 2642
f 2642 1574 1575
f 2642 1575 2643
f 2643 1575 1573
f 2643 1573 2644
f 2644 1573 1571
f 2644 1571 3388
f 3388 1571 1569
f 3388 1569 3389
f 3389 1569 1567
f 3389 1567 2645
f 2645 1567 1565
f 2645 1565 2646
f 2646 1565 1563
f 2646 1563 2647
f 2647 1563 1561
f 2647 1561 2648
f 2648 1561 1559
f 2648 1559 2649
f 2649 1559 1557
f 2649 1557 2650
f 2650 1557 1555
f 2650 1555 2651
f 2651 1555 1553
f 2651 1553 2652
f 2652 1553 1551
f 2652 1551 2653
f 2653 1551 1549
f 2653 1549 2654
f 2654 1549 1547
f 2654 1547 2655
f 2655 1547 1545
f 2655 1545 2656
f 2656 1545 1543
f 2656 1543 2657
f 2657 1543 1541
f 2657 1541 2658
f 2658 1541 1539
f 2658 1539 2659
f 2659 1539 1537
f 2659 1537 2660
f 2660 1537 1513
f 2660 1513 2661
f 2661 1513 1509
f 2661 1509 5494
f 5494 1509 5495
f 5495 1509 1505
f 5495 1505 2662
f 2662 1505 1501
f 2662 1501 2663
f 2663 1501 1497
f 2663 1497 5514
f 5514 1497 1495
f 5514 1495 2664
f 2664 1495 1492
f 2664 1492 2665
f 2665 1492 1490
f 2665 1490 2666
f 2666 1490 1488
f 2666 1488 2667
f 2667 1488 1485
f 2667 1485 2668
f 2668 1485 1483
f 2668 1483 2669
f 2669 1483 1470
f 2669 1470 2670
f 2670 1470 1468
f 2670 1468 2671
f 2671 1468 1466
f 2671 1466 2672
f 2672 1466 1465
f 2672 1465 2673
f 2673 1465 1463
f 2673 1463 2674
f 2674 1463 1461
f 2674 1461 2675
f 2675 1461 1459
f 2675 1459 2676
f 2676 1459 1457
f 2676 1457 2677
f 2677 1457 1455
f 2677 1455 2678
f 2678 1455 1453
f 2678 1453 2679
f 2679 1453 1451
f 2679 1451 5598
f 5598 1451 1449
f 5598 1449 2680
f 2680 1449 1448
f 2680 1448 2681
f 2681 1448 1446
f 2681 1446 2682
f 2682 1446 1444
f 2682 1444 2683
f 2683 1444 1442
f 2683 1442 5550
f 1655 1653 2684
f 2684 1653 2685
f 2685 1653 1651
f 2685 1651 2686
f 2686 1651 1649
f 2686 1649 3184
f 3184 1649 1647
f 3184 1647 3183
f 3183 1647 1645
f 3183 1645 2687
f 2687 1645 1643
f 2687 1643 3105
f 3105 1643 1641
f 3105 1641 3106
f 3106 1641 1640
f 3106 1640 3180
f 3180 1640 1638
f 3180 1638 3181
f 3181 1638 1636
f 3181 1636 3107
f 3107 1636 1634
f 3107 1634 2688
f 2688 1634 1632
f 2688 1632 2689
f 2689 1632 1630
f 2689 1630 2690
f 2690 1630 1628
f 2690 1628 2691
f 2691 1628 1626
f 2691 1626 2692
f 2692 1626 2612
f 2612 1626 1625
f 2684 2693 1655
f 1655 2693 1667
f 2693 2839 1667
f 1667 2839 1683
f 1683 2839 1687
f 1687 2839 2694
f 1687 2694 1688
f 1688 2694 2695
f 1688 2695 1689
f 1689 2695 1690
f 1690 2695 3049
f 1690 3049 1692
f 1692 3049 2696
f 1692 2696 1693
f 1693 2696 1694
f 1694 2696 2697
f 1694 2697 1695
f 1695 2697 2698
f 1695 2698 1696
f 1696 2698 2838
f 1696 2838 1698
f 1698 2838 1699
f 1699 2838 3043
f 1699 3043 1700
f 1700 3043 2699
f 1700 2699 1701
f 1701 2699 1702
f 1702 2699 2700
f 1702 2700 1704
f 1704 2700 3054
f 1704 3054 1705
f 1705 3054 3017
f 1705 3017 1706
f 1706 3017 1707
f 1707 3017 2701
f 1707 2701 1709
f 1709 2701 2702
f 1709 2702 1710
f 1710 2702 1711
f 1711 2702 2703
f 1711 2703 1712
f 1712 2703 2704
f 1712 2704 1714
f 1714 2704 1715
f 1715 2704 3051
f 1715 3051 1716
f 1716 3051 2705
f 1716 2705 1717
f 1717 2705 1719
f 1719 2705 2706
f 1719 2706 1720
f 1720 2706 3022
f 1720 3022 1721
f 1721 3022 1722
f 1722 3022 2707
f 1722 2707 1724
f 1724 2707 2708
f 1724 2708 1725
f 1725 2708 2709
f 1725 2709 1726
f 1726 2709 1727
f 1727 2709 3039
f 1727 3039 1728
f 1728 3039 2710
f 1728 2710 1729
f 1729 2710 2836
f 1729 2836 1730
f 1730 2836 2835
f 1730 2835 1731
f 1731 2835 3046
f 1731 3046 1732
f 1732 3046 2834
f 1732 2834 1733
f 1733 2834 1734
f 1734 2834 2833
f 1734 2833 1735
f 1735 2833 2711
f 1735 2711 1736
f 1736 2711 2712
f 1736 2712 1737
f 1737 2712 3042
f 1737 3042 1738
f 1738 3042 1739
f 1739 3042 2713
f 1739 2713 1740
f 1740 2713 2714
f 1740 2714 1741
f 1741 2714 3047
f 1741 3047 1742
f 1742 3047 2715
f 1742 2715 1743
f 1743 2715 2716
f 1743 2716 1744
f 1744 2716 2717
f 1744 2717 1745
f 1745 2717 2993
f 1745 2993 1746
f 1746 2993 3026
f 1746 3026 1747
f 1747 3026 2718
f 1747 2718 1748
f 1748 2718 2719
f 1748 2719 1749
f 1749 2719 2720
f 1749 2720 1750
f 1750 2720 2721
f 1750 2721 1751
f 1751 2721 2831
f 1751 2831 1752
f 1752 2831 2830
f 1752 2830 1753
f 1753 2830 2722
f 1753 2722 1754
f 2722 2611 1754
f 1754 2611 1414
f 2722 2723 2611
f 2611 2723 2724
f 2724 2723 2725
f 2724 2725 2726
f 2726 2725 2727
f 2726 2727 2728
f 2728 2727 2729
f 2728 2729 2730
f 2730 2729 2731
f 2730 2731 2732
f 2732 2731 2733
f 2732 2733 2734
f 2734 2733 2735
f 2734 2735 2736
f 2736 2735 2737
f 2736 2737 2739
f 2739 2737 2738
f 2739 2738 2740
f 2739 2740 2741
f 2741 2740 2742
f 2741 2742 2743
f 2743 2742 2744
f 2743 2744 2745
f 2745 2744 2746
f 2745 2746 2747
f 2747 2746 2748
f 2747 2748 2749
f 2749 2748 2750
f 2749 2750 2751
f 2751 2750 2752
f 2751 2752 2753
f 2753 2752 2754
f 2753 2754 2755
f 2755 2754 2756
f 2755 2756 2757
f 2757 2756 2758
f 2757 2758 2759
f 2759 2758 2760
f 2760 2758 2761
f 2760 2761 2762
f 2762 2761 2763
f 2762 2763 2764
f 2762 2764 2765
f 2765 2764 2766
f 2765 2766 2767
f 2767 2766 2768
f 2767 2768 2769
f 2769 2768 2770
f 2769 2770 2771
f 2771 2770 2772
f 2771 2772 2773
f 2773 2772 2774
f 2773 2774 2775
f 2775 2774 2776
f 2775 2776 2777
f 2777 2776 2778
f 2777 2778 2779
f 2779 2778 2780
f 2779 2780 2781
f 2781 2780 912
f 2781 912 913
f 2839 2693 2785
f 2785 2693 2782
f 2785 2782 2783
f 2785 2783 2784
f 2785 2784 2790
f 2790 2784 2786
f 2790 2786 2787
f 2790 2787 2788
f 2790 2788 2789
f 2790 2789 2791
f 2790 2791 2795
f 2795 2791 2792
f 2795 2792 2793
f 2795 2793 2794
f 2795 2794 2796
f 2795 2796 2914
f 2914 2796 2797
f 2914 2797 2798
f 2914 2798 2799
f 2914 2799 2800
f 2914 2800 2893
f 2893 2800 2801
f 2893 2801 2802
f 2893 2802 2803
f 2893 2803 2804
f 2893 2804 2868
f 2868 2804 2805
f 2868 2805 2806
f 2868 2806 2807
f 2868 2807 2808
f 2868 2808 2809
f 2868 2809 1014
f 1014 2809 2810
f 1014 2810 2811
f 1014 2811 1019
f 2844 1014 1004
f 2812 1004 1000
f 2812 1000 2813
f 2813 1000 977
f 2813 977 2814
f 2814 977 2815
f 2815 977 2816
f 2816 977 976
f 2816 976 2817
f 2817 976 2856
f 2856 976 2847
f 2847 976 973
f 2847 973 2841
f 2841 973 2818
f 2818 973 965
f 2818 965 2819
f 2819 965 2820
f 2820 965 2859
f 2859 965 947
f 2859 947 2842
f 2842 947 2821
f 2846 2821 2823
f 2823 912 2780
f 2823 2780 2843
f 2843 2780 2778
f 2843 2778 2824
f 2824 2778 2776
f 2824 2776 2774
f 2824 2774 2772
f 2824 2772 2825
f 2825 2772 2770
f 2825 2770 2768
f 2825 2768 2766
f 2825 2766 2826
f 2826 2766 2764
f 2826 2764 2763
f 2826 2763 2761
f 2826 2761 2758
f 2826 2758 2756
f 2826 2756 2827
f 2827 2756 2754
f 2827 2754 2752
f 2827 2752 2750
f 2827 2750 2748
f 2827 2748 2746
f 2827 2746 2828
f 2828 2746 2744
f 2828 2744 2742
f 2828 2742 2740
f 2828 2740 2738
f 2828 2738 2737
f 2828 2737 2829
f 2829 2737 2735
f 2829 2735 2733
f 2829 2733 2731
f 2829 2731 2729
f 2829 2729 2830
f 2830 2729 2727
f 2830 2727 2725
f 2830 2725 2723
f 2830 2723 2722
f 2832 2711 2833
f 2837 2706 2705
f 2837 2705 3038
f 3038 2705 3051
f 2844 1004 2840
f 2854 2821 2846
f 2846 2823 2822
f 2840 1004 2812
f 2853 2859 2842
f 2853 2842 2845
f 2845 2842 2848
f 2848 2842 2821
f 2848 2821 2854
f 2843 2822 2823
f 2855 2814 2815
f 2852 2841 2818
f 2849 2840 2812
f 2849 2812 2871
f 2871 2812 2878
f 2878 2812 2813
f 2878 2813 2872
f 2872 2813 2814
f 2850 2855 2815
f 2850 2815 2816
f 2851 2856 2847
f 2851 2847 2841
f 2863 2820 2859
f 2868 1014 2844
f 2850 2816 2865
f 2865 2816 2817
f 2857 2851 2841
f 2857 2841 2852
f 2862 2852 2818
f 2862 2818 2819
f 2858 2819 2820
f 2892 2853 2845
f 2892 2845 2876
f 2876 2845 2848
f 2860 2822 2843
f 2860 2843 2824
f 2849 2844 2840
f 2873 2872 2814
f 2873 2814 2855
f 2882 2865 2817
f 2882 2817 2883
f 2883 2817 2856
f 2880 2857 2852
f 2862 2819 2858
f 2863 2859 2853
f 2867 2876 2848
f 2867 2848 2854
f 2877 2854 2846
f 2877 2846 2822
f 2869 2868 2844
f 2861 2873 2855
f 2861 2855 2864
f 2864 2855 2850
f 2866 2856 2851
f 2877 2822 2860
f 2825 2860 2824
f 2869 2844 2870
f 2870 2844 2849
f 2888 2864 2850
f 2888 2850 2865
f 2875 2883 2856
f 2875 2856 2866
f 2884 2880 2852
f 2884 2852 2862
f 2895 2867 2854
f 2870 2849 2886
f 2874 2873 2861
f 2889 2851 2857
f 2879 2857 2880
f 2881 2862 2858
f 2885 2858 2820
f 2885 2820 2863
f 2890 2863 2891
f 2891 2863 2853
f 2891 2853 2892
f 2895 2854 2912
f 2912 2854 2877
f 2887 2864 2888
f 2866 2851 2889
f 2884 2862 2881
f 2890 2885 2863
f 2901 2877 2860
f 2901 2860 2825
f 2886 2849 2871
f 2903 2871 2878
f 2898 2878 2872
f 2898 2872 2873
f 2916 2883 2875
f 2879 2889 2857
f 2881 2858 2885
f 2907 2892 2876
f 2907 2876 2867
f 2912 2877 2901
f 2896 2901 2825
f 2898 2873 2874
f 2899 2888 2865
f 2899 2865 2882
f 2911 2907 2867
f 2911 2867 2895
f 2826 2896 2825
f 2903 2886 2871
f 2887 2861 2864
f 2899 2882 2916
f 2916 2882 2883
f 2917 2880 2884
f 2893 2868 2894
f 2894 2868 2869
f 2894 2869 2908
f 2908 2869 2870
f 2908 2870 2902
f 2902 2870 2886
f 2902 2886 2903
f 2897 2903 2878
f 2897 2878 2898
f 2904 2874 2861
f 2905 2917 2884
f 2905 2884 2881
f 2905 2881 2906
f 2906 2881 2885
f 2918 2890 2891
f 2910 2891 2892
f 2910 2892 2907
f 2933 2932 2887
f 2933 2887 2888
f 2933 2888 2922
f 2922 2888 2899
f 2900 2916 2875
f 2900 2875 2923
f 2923 2875 2866
f 2923 2866 2927
f 2927 2866 2889
f 2917 2879 2880
f 2906 2885 2924
f 2924 2885 2890
f 2924 2890 2935
f 2935 2890 2918
f 2925 2911 2895
f 2913 2912 2901
f 2931 2897 2898
f 2921 2898 2874
f 2921 2874 2904
f 2904 2861 2887
f 2925 2895 2912
f 2909 2902 2903
f 2909 2903 2897
f 2904 2887 2932
f 2915 2922 2899
f 2971 2927 2889
f 2971 2889 2879
f 2910 2918 2891
f 2919 2901 2896
f 2914 2893 2894
f 2926 2894 2908
f 2921 2931 2898
f 2915 2899 2916
f 2934 2971 2879
f 2928 2905 2906
f 2937 2910 2907
f 2937 2907 2911
f 2938 2925 2912
f 2938 2912 2913
f 2955 2913 2901
f 2955 2901 2919
f 2947 2919 2896
f 2947 2896 2827
f 2827 2896 2826
f 2929 2914 2894
f 2929 2894 2926
f 2949 2926 2908
f 2949 2908 2902
f 2920 2909 2897
f 2920 2897 2930
f 2951 2915 2916
f 2951 2916 2900
f 2940 2934 2879
f 2940 2879 2917
f 2941 2917 2905
f 2941 2905 2952
f 2942 2928 2906
f 2942 2906 2924
f 2954 2937 2911
f 2954 2911 2925
f 2944 2902 2909
f 2939 2930 2897
f 2939 2897 2931
f 2962 2921 2904
f 2941 2940 2917
f 2928 2952 2905
f 2936 2910 2937
f 2944 2949 2902
f 2920 2944 2909
f 2963 2962 2904
f 2963 2904 2932
f 2965 2900 2923
f 2968 2938 2913
f 2968 2913 2955
f 2958 2963 2932
f 2958 2932 2959
f 2959 2932 2933
f 2959 2933 2945
f 2945 2933 2922
f 2945 2922 2915
f 2946 2951 2900
f 2946 2900 2965
f 2972 2941 2952
f 2974 2924 2935
f 2974 2935 2918
f 2943 2929 2926
f 2943 2926 2949
f 2939 2931 2957
f 2957 2931 2950
f 2950 2931 2921
f 2950 2921 2962
f 2964 2945 2915
f 2964 2915 2951
f 2966 2940 2941
f 2953 2918 2910
f 2938 2954 2925
f 2956 2955 2919
f 2956 2919 2947
f 2969 2929 2943
f 2948 2943 2949
f 2974 2918 2953
f 2953 2910 2936
f 3002 2938 2968
f 2948 2949 2960
f 2960 2949 2944
f 2960 2944 2975
f 2975 2944 2920
f 2961 2930 2939
f 2976 2964 2951
f 2976 2951 2946
f 2973 2972 2952
f 2973 2952 2981
f 2981 2952 2928
f 2981 2928 2942
f 2956 2968 2955
f 2975 2920 2970
f 2970 2920 2988
f 2988 2920 2930
f 2988 2930 2961
f 2965 2923 2927
f 2966 2941 2972
f 2967 2942 2924
f 2967 2924 2974
f 3008 2937 2954
f 2828 2947 2827
f 2795 2914 2929
f 2998 2962 2963
f 2979 2959 2945
f 3006 2965 2927
f 3006 2927 2971
f 3000 2934 2940
f 3000 2940 2989
f 2989 2940 2966
f 2981 2942 3012
f 2982 3012 2942
f 2982 2942 2967
f 2983 2967 2974
f 2992 2936 2937
f 2992 2937 3008
f 2994 2938 3002
f 2995 2956 2947
f 2984 2795 2929
f 2984 2929 2969
f 2998 2963 2958
f 2979 2958 2959
f 2977 2946 2965
f 2980 2989 2966
f 2980 2966 2972
f 2994 3008 2954
f 2994 2954 2938
f 2995 2947 2997
f 2997 2947 2828
f 3013 2969 2943
f 3013 2943 3009
f 3009 2943 2948
f 2961 2939 2957
f 2978 2950 2962
f 2985 2964 2976
f 2985 2976 2986
f 2986 2976 2946
f 3010 3006 2971
f 3010 2971 3000
f 3000 2971 2934
f 2990 2974 2953
f 2990 2953 2991
f 2991 2953 2987
f 2987 2953 2936
f 2987 2936 2992
f 3009 2948 2960
f 2978 2962 2998
f 3005 2979 2945
f 3005 2945 2964
f 3005 2964 2985
f 2999 2986 2946
f 2999 2946 2977
f 3006 2977 2965
f 2980 2972 2973
f 3002 2968 3003
f 3003 2968 2956
f 3003 2956 2995
f 3014 3009 2960
f 3014 2960 2975
f 3035 2961 2957
f 3035 2957 2996
f 2996 2957 2950
f 2996 2950 2978
f 3011 2980 2973
f 3011 2973 2981
f 2990 2983 2974
f 3001 3008 2994
f 3001 2994 2993
f 3016 3014 2975
f 3020 3000 2989
f 2835 3011 2981
f 2714 2987 2992
f 2829 2997 2828
f 2790 2795 2984
f 3004 2975 2970
f 3004 2970 3050
f 3050 2970 3029
f 3029 2970 2988
f 3029 2988 2961
f 3029 2961 3035
f 3017 2978 2998
f 3020 2989 3023
f 3023 2989 2980
f 3007 2835 2981
f 3007 2981 3012
f 3026 2993 2994
f 3026 2994 3002
f 3052 3002 3003
f 3033 2984 2969
f 3033 2969 3013
f 3004 3016 2975
f 3037 3017 2998
f 3037 2998 2958
f 3022 3006 3010
f 3019 3010 3000
f 3019 3000 3020
f 3040 3023 2980
f 3040 2980 3011
f 2832 2982 2967
f 2832 2967 2983
f 3041 2983 2990
f 3041 2990 3042
f 3042 2990 2991
f 3026 3002 3052
f 3032 3003 2995
f 3028 3013 3009
f 3037 2958 3021
f 3021 2958 2979
f 3018 3005 2985
f 3018 2985 2986
f 3044 2999 2977
f 3044 2977 3022
f 3022 2977 3006
f 3048 2995 2997
f 3048 2997 2829
f 3027 2790 2984
f 3027 2984 3033
f 3015 3028 3009
f 3015 3009 3014
f 3036 3035 2996
f 3036 2996 3030
f 3030 2996 2978
f 3021 2979 3005
f 3031 3005 3018
f 3045 3022 3010
f 3045 3010 3019
f 3025 2714 2992
f 3025 2992 3008
f 3025 3008 3001
f 3054 3030 2978
f 3054 2978 3017
f 3024 3007 3012
f 3024 3012 2982
f 3024 2982 2832
f 3032 2995 3048
f 3031 3021 3005
f 3038 3018 2986
f 3038 2986 2999
f 2711 2832 2983
f 2711 2983 3041
f 2713 3042 2991
f 2713 2991 2987
f 2713 2987 2714
f 3053 3052 3003
f 3053 3003 3032
f 3028 3033 3013
f 3034 3015 3014
f 3034 3014 3016
f 2698 3004 3050
f 2837 3038 2999
f 2837 2999 3044
f 3039 3023 3040
f 2717 3001 2993
f 2830 3048 2829
f 2785 2790 3027
f 2697 3034 3016
f 2697 3016 3004
f 2697 3004 2698
f 3050 3029 3043
f 3043 3029 3035
f 3051 3018 3038
f 2836 3040 3011
f 2836 3011 2835
f 3046 2835 3007
f 3046 3007 3024
f 2839 2785 3027
f 2839 3027 2694
f 2694 3027 3033
f 2694 3033 3028
f 2695 3028 3015
f 2710 3039 3040
f 2710 3040 2836
f 3047 2714 3025
f 3047 3025 2715
f 2715 3025 2716
f 2716 3025 3001
f 2716 3001 2717
f 2721 3053 3032
f 2721 3032 3048
f 3049 2695 3015
f 3049 3015 3034
f 2696 3034 2697
f 3017 3037 2701
f 2701 3037 3021
f 2704 3031 3018
f 2704 3018 3051
f 2706 2837 3044
f 2706 3044 3022
f 2707 3022 3045
f 2707 3045 2708
f 2708 3045 3019
f 2708 3019 3020
f 2831 2721 3048
f 2831 3048 2830
f 2696 3049 3034
f 2838 2698 3050
f 2838 3050 3043
f 2702 2701 3021
f 2702 3021 2703
f 2703 3021 3031
f 2709 2708 3020
f 2709 3020 3023
f 2709 3023 3039
f 2834 3046 3024
f 2834 3024 2833
f 2833 3024 2832
f 2712 2711 3041
f 2712 3041 3042
f 2719 3052 3053
f 2719 3053 2720
f 2720 3053 2721
f 2699 3043 3035
f 2699 3035 3036
f 2699 3036 2700
f 2700 3036 3030
f 2700 3030 3054
f 2704 2703 3031
f 2695 2694 3028
f 2718 3026 3052
f 2719 2718 3052
f 2684 3055 2693
f 2693 3055 2782
f 2782 3055 3056
f 2782 3056 2783
f 2783 3056 3057
f 2783 3057 2784
f 2784 3057 3058
f 2784 3058 2786
f 2786 3058 3059
f 2786 3059 2787
f 2787 3059 3060
f 2787 3060 2788
f 2788 3060 3061
f 2788 3061 2789
f 2789 3061 3062
f 2789 3062 2791
f 2791 3062 3063
f 2791 3063 2792
f 2792 3063 3064
f 2792 3064 2793
f 2793 3064 3065
f 2793 3065 2794
f 2794 3065 3066
f 2794 3066 2796
f 2796 3066 3067
f 2796 3067 2797
f 2797 3067 3068
f 2797 3068 2798
f 2798 3068 3069
f 2798 3069 2799
f 2799 3069 3070
f 2799 3070 2800
f 2800 3070 3071
f 2800 3071 2801
f 2801 3071 3072
f 2801 3072 2802
f 2802 3072 3073
f 2802 3073 3074
f 2802 3074 2803
f 2803 3074 3075
f 2803 3075 2804
f 2804 3075 3076
f 2804 3076 2805
f 2805 3076 3077
f 2805 3077 2806
f 2806 3077 3078
f 2806 3078 2807
f 2807 3078 3079
f 2807 3079 2808
f 2808 3079 3080
f 2808 3080 2809
f 2809 3080 3081
f 2809 3081 2810
f 2810 3081 3082
f 2810 3082 2811
f 2811 3082 1019
f 1019 3082 1021
f 2692 2612 3083
f 3083 2612 3191
f 3083 3191 3084
f 3085 3084 3086
f 3085 3086 3087
f 3087 3086 3188
f 3087 3188 3088
f 3089 3088 3187
f 3089 3187 3186
f 3089 3186 3090
f 3091 1038 3112
f 3112 1038 3092
f 3092 1038 1029
f 3092 1029 3093
f 3093 1029 3094
f 3094 1029 3113
f 3113 1029 3095
f 3095 1029 1021
f 3095 1021 3082
f 3095 3082 3081
f 3095 3081 3096
f 3096 3081 3080
f 3096 3080 3079
f 3096 3079 3097
f 3097 3079 3078
f 3097 3078 3077
f 3097 3077 3076
f 3097 3076 3098
f 3098 3076 3075
f 3098 3075 3074
f 3098 3074 3073
f 3098 3073 3099
f 3099 3073 3072
f 3099 3072 3071
f 3099 3071 3070
f 3099 3070 3100
f 3100 3070 3069
f 3100 3069 3068
f 3100 3068 3067
f 3100 3067 3101
f 3101 3067 3066
f 3101 3066 3065
f 3101 3065 3102
f 3102 3065 3064
f 3102 3064 3063
f 3102 3063 3062
f 3102 3062 3103
f 3103 3062 3061
f 3103 3061 3060
f 3103 3060 3059
f 3103 3059 3058
f 3103 3058 3104
f 3104 3058 3057
f 3104 3057 3056
f 3104 3056 3055
f 3104 3055 2684
f 3104 2684 2685
f 3104 2685 2686
f 3107 2688 3108
f 3108 2688 2689
f 3108 2689 3109
f 3109 2689 2690
f 3109 2690 3110
f 3110 2690 2691
f 3110 2691 3182
f 3182 2691 2692
f 3182 2692 3083
f 3185 3091 3111
f 3115 3093 3094
f 3096 3113 3095
f 3117 3091 3112
f 3117 3112 3121
f 3121 3112 3092
f 3116 3094 3113
f 3114 3092 3093
f 3114 3093 3115
f 3116 3115 3094
f 3118 3116 3113
f 3117 3111 3091
f 3118 3113 3096
f 3122 3121 3092
f 3122 3092 3114
f 3120 3118 3096
f 3120 3096 3097
f 3090 3185 3111
f 3124 3115 3116
f 3129 3117 3121
f 3132 3122 3114
f 3132 3114 3123
f 3123 3114 3115
f 3119 3116 3118
f 3123 3115 3124
f 3130 3119 3118
f 3130 3118 3127
f 3127 3118 3120
f 3127 3120 3097
f 3128 3090 3111
f 3128 3111 3117
f 3128 3117 3129
f 3126 3124 3116
f 3126 3116 3119
f 3131 3129 3121
f 3131 3121 3125
f 3125 3121 3122
f 3125 3122 3132
f 3135 3123 3124
f 3135 3124 3126
f 3098 3127 3097
f 3089 3090 3128
f 3136 3132 3123
f 3136 3123 3139
f 3139 3123 3135
f 3134 3128 3129
f 3134 3129 3131
f 3140 3135 3126
f 3140 3126 3133
f 3133 3126 3119
f 3133 3119 3130
f 3138 3130 3127
f 3138 3127 3099
f 3099 3127 3098
f 3142 3089 3128
f 3142 3128 3134
f 3141 3134 3131
f 3141 3131 3125
f 3146 3142 3134
f 3146 3134 3143
f 3143 3134 3141
f 3155 3125 3132
f 3155 3132 3136
f 3137 3139 3135
f 3137 3135 3140
f 3088 3089 3142
f 3144 3141 3125
f 3144 3125 3155
f 3148 3140 3133
f 3148 3133 3149
f 3149 3133 3130
f 3149 3130 3138
f 3100 3138 3099
f 3152 3155 3136
f 3152 3136 3139
f 3145 3152 3139
f 3145 3139 3137
f 3154 3143 3141
f 3154 3141 3144
f 3156 3145 3137
f 3156 3137 3147
f 3147 3137 3140
f 3147 3140 3148
f 3151 3088 3142
f 3151 3142 3146
f 3150 3149 3138
f 3150 3138 3101
f 3101 3138 3100
f 3164 3146 3143
f 3164 3143 3154
f 3153 3147 3148
f 3153 3148 3157
f 3157 3148 3149
f 3157 3149 3150
f 3087 3088 3151
f 3158 3151 3146
f 3158 3146 3164
f 3169 3155 3152
f 3169 3152 3165
f 3165 3152 3145
f 3165 3145 3156
f 3163 3157 3150
f 3163 3150 3102
f 3102 3150 3101
f 3160 3164 3154
f 3160 3154 3144
f 3170 3144 3155
f 3170 3155 3169
f 3159 3156 3147
f 3159 3147 3153
f 3168 3160 3144
f 3168 3144 3170
f 3161 3165 3156
f 3161 3156 3159
f 3162 3153 3157
f 3162 3157 3163
f 3166 3159 3153
f 3166 3153 3162
f 3167 3087 3151
f 3167 3151 3158
f 3085 3087 3167
f 3173 3158 3164
f 3173 3164 3160
f 2687 3161 3159
f 2687 3159 3166
f 3103 3163 3102
f 3172 3167 3158
f 3172 3158 3173
f 3171 3173 3160
f 3171 3160 3168
f 3175 3165 3161
f 3175 3161 2687
f 2686 3162 3163
f 2686 3163 3103
f 3177 3085 3167
f 3177 3167 3172
f 3176 3171 3168
f 3176 3168 3174
f 3174 3168 3170
f 3174 3170 3169
f 3178 3174 3169
f 3178 3169 3179
f 3179 3169 3165
f 3179 3165 3175
f 3084 3085 3177
f 3109 3172 3173
f 3109 3173 3108
f 3108 3173 3171
f 3108 3171 3107
f 3107 3171 3176
f 3107 3176 3174
f 3183 2687 3166
f 3183 3166 3162
f 3104 2686 3103
f 3181 3107 3174
f 3181 3174 3180
f 3180 3174 3178
f 3180 3178 3106
f 3106 3178 3179
f 3106 3179 3175
f 3184 3183 3162
f 3184 3162 2686
f 3083 3084 3177
f 3105 3106 3175
f 3105 3175 2687
f 3182 3083 3177
f 3182 3177 3110
f 3110 3177 3172
f 3110 3172 3109
f 1073 1066 3210
f 3211 1066 3206
f 3206 1066 3215
f 3206 3215 3212
f 3208 3215 3207
f 3207 3215 1038
f 3207 1038 3209
f 1038 3091 3185
f 3186 3185 3090
f 3187 3088 3188
f 3188 3086 3189
f 3189 3086 3190
f 3190 3086 3084
f 3190 3084 3191
f 2613 3191 2612
f 3326 2613 2614
f 3326 2614 3325
f 3325 2614 2615
f 3325 2615 3192
f 3192 2615 2616
f 3192 2616 3193
f 3193 2616 2617
f 3193 2617 3324
f 3324 2617 2618
f 3324 2618 3194
f 3194 2618 2619
f 3194 2619 3318
f 3318 2619 2620
f 3318 2620 3195
f 3195 2620 2621
f 3195 2621 3196
f 3196 2621 2622
f 3196 2622 3197
f 3197 2622 2623
f 3197 2623 3198
f 3198 2623 2624
f 3198 2624 3199
f 3199 2624 2625
f 3199 2625 2626
f 3200 3356 3201
f 3201 3356 3353
f 3201 3353 3202
f 3202 3353 3359
f 3202 3359 3330
f 3202 3330 3257
f 3257 3330 3368
f 3257 3368 3203
f 3217 1066 3211
f 3205 1073 3210
f 3210 1066 3217
f 3220 3211 3206
f 3216 3208 3207
f 3216 3207 3228
f 3220 3206 3212
f 3213 3228 3207
f 3213 3207 3209
f 3204 3205 3210
f 3218 3217 3211
f 3218 3211 3220
f 3221 3220 3212
f 3221 3212 3214
f 3214 3212 3215
f 3227 3215 3208
f 3227 3208 3216
f 3219 3213 3209
f 3219 3209 1038
f 3223 3210 3217
f 3185 3219 1038
f 3234 3204 3210
f 3234 3210 3223
f 3225 3218 3220
f 3222 3214 3215
f 3222 3215 3227
f 3224 3223 3217
f 3224 3217 3218
f 3231 3225 3220
f 3231 3220 3226
f 3226 3220 3221
f 3226 3221 3214
f 3244 3227 3216
f 3244 3216 3228
f 3238 3226 3214
f 3238 3214 3222
f 3235 3228 3213
f 3235 3213 3229
f 3229 3213 3230
f 3230 3213 3219
f 3230 3219 3241
f 3241 3219 3186
f 3186 3219 3185
f 3233 3224 3218
f 3233 3218 3225
f 3239 3238 3222
f 3239 3222 3232
f 3232 3222 3227
f 3240 3232 3227
f 3240 3227 3244
f 3336 3204 3234
f 3236 3234 3223
f 3236 3223 3224
f 3247 3231 3226
f 3247 3226 3248
f 3248 3226 3238
f 3245 3244 3228
f 3245 3228 3235
f 3254 3336 3234
f 3254 3234 3236
f 3237 3236 3224
f 3246 3237 3224
f 3246 3224 3233
f 3264 3248 3238
f 3264 3238 3239
f 3243 3239 3232
f 3243 3232 3240
f 3250 3229 3230
f 3250 3230 3241
f 3187 3241 3186
f 3242 3233 3225
f 3242 3225 3255
f 3255 3225 3231
f 3255 3231 3247
f 3259 3264 3239
f 3259 3239 3243
f 3253 3245 3235
f 3253 3235 3229
f 3251 3250 3241
f 3251 3241 3187
f 3249 3243 3240
f 3249 3240 3256
f 3256 3240 3244
f 3256 3244 3245
f 3203 3336 3254
f 3252 3246 3233
f 3252 3233 3242
f 3263 3255 3247
f 3263 3247 3258
f 3258 3247 3248
f 3258 3248 3264
f 3265 3256 3245
f 3265 3245 3253
f 3257 3203 3254
f 3257 3254 3236
f 3270 3236 3237
f 3270 3237 3246
f 3260 3259 3243
f 3260 3243 3249
f 3261 3249 3256
f 3261 3256 3265
f 3266 3265 3253
f 3266 3253 3267
f 3267 3253 3229
f 3267 3229 3250
f 3268 3260 3249
f 3268 3249 3261
f 3269 3267 3250
f 3269 3250 3251
f 3283 3257 3236
f 3283 3236 3270
f 3262 3242 3255
f 3262 3255 3263
f 3188 3251 3187
f 3286 3270 3246
f 3286 3246 3252
f 3285 3252 3242
f 3285 3242 3262
f 3272 3263 3258
f 3272 3258 3273
f 3273 3258 3264
f 3273 3264 3259
f 3276 3265 3266
f 3276 3266 3277
f 3277 3266 3267
f 3277 3267 3269
f 3278 3257 3283
f 3291 3286 3252
f 3291 3252 3285
f 3279 3285 3262
f 3279 3262 3271
f 3271 3262 3263
f 3271 3263 3272
f 3274 3268 3261
f 3274 3261 3275
f 3275 3261 3265
f 3275 3265 3276
f 3296 3269 3251
f 3296 3251 3188
f 3280 3279 3271
f 3280 3271 3287
f 3287 3271 3272
f 3287 3272 3281
f 3281 3272 3273
f 3281 3273 3282
f 3282 3273 3259
f 3282 3259 3260
f 3284 3275 3276
f 3284 3276 3290
f 3290 3276 3277
f 3290 3277 3298
f 3298 3277 3269
f 3298 3269 3296
f 3202 3257 3278
f 3289 3283 3270
f 3289 3270 3286
f 3297 3282 3260
f 3297 3260 3268
f 3295 3291 3285
f 3295 3285 3305
f 3305 3285 3279
f 3305 3279 3280
f 3288 3297 3268
f 3288 3268 3274
f 3189 3296 3188
f 3292 3305 3280
f 3292 3280 3293
f 3293 3280 3287
f 3293 3287 3281
f 3300 3293 3281
f 3300 3281 3282
f 3301 3300 3282
f 3301 3282 3297
f 3294 3288 3274
f 3294 3274 3275
f 3315 3278 3283
f 3315 3283 3289
f 3314 3289 3286
f 3314 3286 3291
f 3201 3202 3278
f 3304 3314 3291
f 3304 3291 3295
f 3313 3297 3288
f 3313 3288 3294
f 3299 3201 3278
f 3299 3278 3315
f 3302 3301 3297
f 3302 3297 3313
f 3306 3294 3275
f 3306 3275 3284
f 3303 3298 3296
f 3303 3296 3190
f 3190 3296 3189
f 3316 3315 3289
f 3316 3289 3314
f 3309 3313 3294
f 3309 3294 3306
f 3307 3306 3284
f 3307 3284 3308
f 3308 3284 3290
f 3308 3290 3298
f 3322 3304 3295
f 3322 3295 3305
f 3311 3305 3292
f 3311 3292 3312
f 3312 3292 3293
f 3312 3293 3300
f 3320 3308 3298
f 3320 3298 3303
f 3321 3314 3304
f 3321 3304 3322
f 3310 3322 3305
f 3310 3305 3311
f 3317 3312 3300
f 3317 3300 3327
f 3327 3300 3301
f 3327 3301 3302
f 3323 3327 3302
f 3323 3302 3318
f 3318 3302 3313
f 3318 3313 3309
f 3319 3307 3308
f 3319 3308 3320
f 2629 3316 3314
f 2629 3314 3321
f 3200 3201 3299
f 2630 3299 3315
f 2630 3315 3316
f 3194 3318 3309
f 3194 3309 3306
f 3326 3320 3303
f 3326 3303 3191
f 3191 3303 3190
f 3324 3194 3306
f 3324 3306 3307
f 3325 3319 3320
f 3325 3320 3326
f 2628 2629 3321
f 2628 3321 2627
f 2627 3321 3322
f 2627 3322 2626
f 2626 3322 3310
f 2626 3310 3199
f 3199 3310 3311
f 3199 3311 3312
f 3193 3324 3307
f 3193 3307 3319
f 2613 3326 3191
f 3198 3199 3312
f 3197 3198 3312
f 3197 3312 3317
f 3196 3197 3317
f 3196 3317 3327
f 3195 3196 3327
f 3195 3327 3323
f 3318 3195 3323
f 3192 3193 3319
f 3325 3192 3319
f 3365 3361 3363
f 3328 3334 3331
f 3359 3333 3330
f 3357 3334 3335
f 3360 3361 3365
f 3360 3365 3333
f 3357 3335 3361
f 3335 3363 3361
f 3369 3366 3340
f 3205 3204 3338
f 3337 3339 3343
f 3339 3341 3349
f 3340 3343 3342
f 3343 3339 3346
f 3349 3345 3339
f 3339 3345 3346
f 3373 3372 3348
f 3346 3344 3343
f 3344 3342 3343
f 3342 3350 3340
f 3340 3350 3370
f 3204 3370 3338
f 3353 3352 3362
f 3362 3352 3329
f 3357 3329 2631
f 3357 2631 3351
f 3329 3352 3354
f 3329 3354 2631
f 3352 3355 3358
f 3356 3355 3352
f 3356 3200 3355
f 3358 3354 3352
f 3356 3352 3353
f 3334 3351 3331
f 3351 3334 3357
f 3329 3357 3332
f 3332 3360 3333
f 3362 3332 3333
f 3362 3333 3359
f 3360 3357 3361
f 3329 3332 3362
f 3353 3362 3359
f 3357 3360 3332
f 3365 3363 3364
f 3365 3364 3337
f 3366 3365 3337
f 3333 3365 3367
f 3367 3365 3366
f 3369 3367 3366
f 3330 3333 3367
f 3330 3367 3368
f 3368 3367 3369
f 3203 3369 3340
f 3203 3340 3336
f 3203 3368 3369
f 3204 3336 3370
f 3337 3364 3339
f 3366 3337 3343
f 3366 3343 3340
f 3336 3340 3370
f 3364 3341 3339
f 3341 3347 3349
f 3347 3341 3348
f 3373 3348 3374
f 3374 3348 3341
f 3374 3341 3375
f 3375 3341 3364
f 3375 3364 3363
f 3375 3363 3376
f 3376 3363 3335
f 3376 3335 3377
f 3377 3335 3378
f 3378 3335 3334
f 3378 3334 3328
f 3378 3328 2632
f 3418 2633 3425
f 3425 2633 2634
f 3436 2640 3443
f 3443 2640 2641
f 3443 2641 3385
f 3385 2641 2642
f 3385 2642 3386
f 3386 2642 2643
f 3386 2643 3387
f 3387 2643 2644
f 3387 2644 3455
f 3455 2644 3388
f 3389 2645 3390
f 3390 2645 2646
f 3390 2646 3391
f 3391 2646 2647
f 3391 2647 3392
f 3392 2647 2648
f 3392 2648 3393
f 3393 2648 2649
f 3393 2649 3394
f 3394 2649 2650
f 3394 2650 3395
f 3395 2650 2651
f 3395 2651 3396
f 3396 2651 2652
f 3396 2652 3446
f 3446 2652 2653
f 3446 2653 3397
f 3397 2653 2654
f 3397 2654 3398
f 3398 2654 2655
f 3398 2655 3399
f 3399 2655 2656
f 3399 2656 3400
f 3400 2656 2657
f 3400 2657 3453
f 3453 2657 2658
f 3453 2658 3447
f 3447 2658 2659
f 3447 2659 3401
f 3401 2659 2660
f 3401 2660 3402
f 3402 2660 2661
f 5496 5486 3403
f 3403 5486 3404
f 3404 5507 3405
f 3405 5507 5492
f 3405 5492 3406
f 3406 3407 3408
f 3408 3407 3409
f 3409 3407 5500
f 3409 5500 5484
f 3635 5484 3714
f 3411 3410 3412
f 3653 3412 3648
f 3648 3412 3652
f 3652 3412 3413
f 3652 3413 3414
f 3414 3413 3647
f 3647 3413 3641
f 3415 3641 3651
f 3651 3641 3417
f 3651 3417 3646
f 3646 3417 3650
f 3650 3417 3416
f 3416 3417 3645
f 3645 3417 3371
f 2632 3418 3378
f 3378 3418 3419
f 3378 3419 3377
f 3377 3419 3420
f 3377 3420 3376
f 3376 3420 3421
f 3376 3421 3375
f 3375 3421 3422
f 3375 3422 3374
f 3374 3422 3423
f 3374 3423 3373
f 3373 3423 3424
f 3373 3424 3372
f 3372 3424 3371
f 3418 3425 3419
f 3419 3425 3420
f 3420 3425 3426
f 3420 3426 3421
f 3421 3426 3427
f 3421 3427 3422
f 3422 3427 3428
f 3422 3428 3423
f 3423 3434 3424
f 3425 2634 3429
f 3425 3429 3426
f 3426 3429 3430
f 3426 3430 3427
f 3427 3430 3431
f 3427 3431 3432
f 3427 3432 3428
f 3428 3432 3423
f 3423 3432 3433
f 3423 3433 3434
f 3434 3645 3424
f 3424 3645 3371
f 3471 3392 3393
f 3471 3393 3474
f 3474 3393 3394
f 3474 3394 3395
f 3437 2634 2635
f 3437 2635 3435
f 3441 3380 3381
f 3441 3381 3466
f 3466 3381 3382
f 3466 3382 3438
f 3438 3382 3383
f 3438 3383 3439
f 3439 3383 3384
f 3439 3384 2637
f 3473 3447 3401
f 3473 3401 5496
f 5496 3401 3402
f 3429 2634 3437
f 3488 3437 3435
f 3488 3435 3462
f 3442 2639 3436
f 3442 3436 3443
f 3457 3462 3379
f 3457 3379 3481
f 3481 3379 2636
f 3481 2636 3440
f 3440 2636 3380
f 3440 3380 3441
f 3444 3455 3388
f 3444 3388 3445
f 3445 3388 3389
f 3445 3389 3390
f 3451 3474 3395
f 3451 3395 3452
f 3452 3395 3396
f 3452 3396 3446
f 3448 3466 3438
f 3448 3438 3439
f 3449 3439 2637
f 3449 2637 3450
f 3450 2637 2638
f 3450 2638 3458
f 3458 2638 2639
f 3458 2639 3442
f 3460 3445 3390
f 3460 3390 3470
f 3470 3390 3391
f 3470 3391 3464
f 3464 3391 3392
f 3464 3392 3471
f 3456 3446 3397
f 3456 3397 3465
f 3465 3397 3398
f 3465 3398 3399
f 3454 3448 3439
f 3454 3439 3449
f 3467 3458 3442
f 3467 3442 3459
f 3459 3442 3443
f 3459 3443 3385
f 3469 3385 3386
f 3469 3386 3463
f 3463 3386 3387
f 3463 3387 3455
f 3403 3473 5496
f 3472 3452 3446
f 3472 3446 3456
f 3461 3453 3447
f 3461 3447 3473
f 3468 3459 3385
f 3468 3385 3469
f 3485 3463 3455
f 3485 3455 3444
f 3475 3465 3399
f 3475 3399 3476
f 3476 3399 3400
f 3476 3400 3453
f 3486 3485 3444
f 3486 3444 3445
f 3480 3474 3451
f 3480 3451 3452
f 3515 3476 3453
f 3515 3453 3461
f 3483 3440 3441
f 3483 3441 3478
f 3478 3441 3466
f 3478 3466 3448
f 3496 3454 3449
f 3496 3449 3497
f 3497 3449 3450
f 3497 3450 3458
f 3501 3486 3445
f 3501 3445 3460
f 3490 3464 3471
f 3490 3471 3474
f 3513 3456 3465
f 3513 3465 3475
f 3477 3461 3473
f 3477 3473 3403
f 3430 3429 3487
f 3487 3429 3437
f 3487 3437 3488
f 3484 3497 3458
f 3484 3458 3479
f 3479 3458 3467
f 3479 3467 3494
f 3494 3467 3459
f 3494 3459 3468
f 3508 3490 3474
f 3508 3474 3480
f 3519 3472 3456
f 3519 3456 3513
f 3502 3515 3461
f 3502 3461 3477
f 3491 3488 3462
f 3491 3462 3492
f 3492 3462 3457
f 3492 3457 3481
f 3482 3481 3440
f 3482 3440 3483
f 3489 3478 3448
f 3489 3448 3454
f 3500 3468 3469
f 3500 3469 3495
f 3495 3469 3463
f 3495 3463 3485
f 3506 3501 3460
f 3506 3460 3470
f 3512 3480 3452
f 3512 3452 3472
f 3404 3477 3403
f 3493 3492 3481
f 3493 3481 3482
f 3499 3494 3468
f 3499 3468 3500
f 3505 3495 3485
f 3505 3485 3486
f 3516 3487 3488
f 3516 3488 3491
f 3523 3506 3470
f 3523 3470 3507
f 3507 3470 3464
f 3507 3464 3490
f 3526 3513 3475
f 3526 3475 3514
f 3514 3475 3476
f 3514 3476 3515
f 3503 3491 3492
f 3503 3492 3493
f 3498 3484 3479
f 3498 3479 3510
f 3510 3479 3494
f 3510 3494 3499
f 3518 3500 3495
f 3518 3495 3505
f 3517 3483 3478
f 3517 3478 3489
f 3504 3496 3497
f 3504 3497 3509
f 3509 3497 3484
f 3509 3484 3498
f 3546 3499 3500
f 3546 3500 3518
f 3521 3505 3486
f 3521 3486 3522
f 3522 3486 3501
f 3522 3501 3506
f 3511 3507 3490
f 3511 3490 3508
f 3533 3512 3472
f 3533 3472 3519
f 3535 3515 3502
f 3535 3502 3552
f 3552 3502 3477
f 3552 3477 3404
f 3529 3516 3491
f 3529 3491 3503
f 3531 3522 3506
f 3531 3506 3523
f 3524 3523 3507
f 3524 3507 3511
f 3527 3511 3508
f 3527 3508 3528
f 3528 3508 3480
f 3528 3480 3512
f 3542 3503 3493
f 3542 3493 3482
f 3550 3524 3511
f 3550 3511 3527
f 3532 3528 3512
f 3532 3512 3533
f 3525 3519 3513
f 3525 3513 3526
f 3538 3514 3515
f 3538 3515 3535
f 3405 3552 3404
f 3520 3430 3487
f 3520 3487 3516
f 3543 3542 3482
f 3543 3482 3544
f 3544 3482 3483
f 3544 3483 3517
f 3530 3454 3496
f 3530 3496 3504
f 3545 3510 3499
f 3545 3499 3546
f 3548 3518 3505
f 3548 3505 3521
f 3534 3533 3519
f 3534 3519 3525
f 3431 3430 3520
f 3541 3529 3503
f 3541 3503 3542
f 3560 3531 3523
f 3560 3523 3549
f 3549 3523 3524
f 3549 3524 3550
f 3540 3520 3516
f 3540 3516 3529
f 3556 3544 3517
f 3556 3517 3557
f 3557 3517 3489
f 3557 3489 3454
f 3574 3530 3504
f 3574 3504 3509
f 3561 3550 3527
f 3561 3527 3566
f 3566 3527 3528
f 3566 3528 3532
f 3573 3557 3454
f 3573 3454 3530
f 3558 3574 3509
f 3558 3509 3536
f 3536 3509 3498
f 3536 3498 3537
f 3537 3498 3510
f 3537 3510 3545
f 3547 3546 3518
f 3547 3518 3548
f 3577 3566 3532
f 3577 3532 3578
f 3578 3532 3533
f 3578 3533 3534
f 3562 3534 3525
f 3562 3525 3526
f 3551 3526 3514
f 3551 3514 3538
f 3539 3431 3520
f 3539 3520 3540
f 3594 3548 3521
f 3594 3521 3589
f 3589 3521 3522
f 3589 3522 3531
f 3567 3562 3526
f 3567 3526 3551
f 3563 3539 3540
f 3563 3540 3572
f 3572 3540 3529
f 3572 3529 3569
f 3569 3529 3541
f 3569 3541 3553
f 3553 3541 3542
f 3553 3542 3554
f 3554 3542 3543
f 3554 3543 3555
f 3555 3543 3544
f 3555 3544 3556
f 3559 3545 3546
f 3559 3546 3547
f 3575 3589 3531
f 3575 3531 3560
f 3565 3549 3550
f 3565 3550 3561
f 3564 3559 3547
f 3564 3547 3548
f 3564 3548 3594
f 3581 3575 3560
f 3581 3560 3549
f 3571 3578 3534
f 3571 3534 3562
f 3605 3551 3538
f 3605 3538 3568
f 3568 3538 3535
f 3568 3535 3582
f 3582 3535 3552
f 3582 3552 3405
f 3432 3431 3539
f 3588 3558 3536
f 3588 3536 3537
f 3570 3537 3545
f 3570 3545 3559
f 3406 3582 3405
f 3579 3432 3539
f 3579 3539 3563
f 3586 3573 3530
f 3586 3530 3574
f 3576 3565 3561
f 3576 3561 3566
f 3583 3579 3563
f 3583 3563 3580
f 3580 3563 3572
f 3580 3572 3569
f 3597 3559 3564
f 3597 3564 3593
f 3593 3564 3594
f 3590 3576 3566
f 3590 3566 3577
f 3590 3577 3578
f 3604 3571 3562
f 3604 3562 3567
f 3616 3567 3551
f 3616 3551 3605
f 3587 3555 3556
f 3587 3556 3584
f 3584 3556 3557
f 3584 3557 3585
f 3585 3557 3573
f 3585 3573 3586
f 3599 3589 3575
f 3599 3575 3581
f 3591 3590 3578
f 3591 3578 3610
f 3610 3578 3571
f 3610 3571 3604
f 3604 3567 3616
f 3592 3580 3569
f 3592 3569 3553
f 3592 3553 3554
f 3596 3570 3559
f 3596 3559 3597
f 3600 3605 3568
f 3600 3568 3582
f 3408 3582 3406
f 3607 3592 3554
f 3607 3554 3595
f 3595 3554 3555
f 3595 3555 3587
f 3608 3585 3586
f 3608 3586 3601
f 3601 3586 3574
f 3601 3574 3558
f 3601 3558 3588
f 3602 3588 3537
f 3602 3537 3570
f 3602 3570 3596
f 3613 3581 3549
f 3613 3549 3565
f 3603 3576 3590
f 3408 3600 3582
f 3606 3587 3584
f 3606 3584 3585
f 3598 3593 3594
f 3598 3594 3619
f 3619 3594 3589
f 3619 3589 3599
f 3630 3599 3581
f 3630 3581 3613
f 3614 3613 3565
f 3614 3565 3576
f 3603 3590 3591
f 3618 3606 3585
f 3618 3585 3608
f 3620 3610 3604
f 3433 3432 3579
f 3433 3579 3583
f 3611 3583 3580
f 3611 3580 3592
f 3609 3608 3601
f 3609 3601 3612
f 3612 3601 3588
f 3612 3588 3602
f 3637 3596 3597
f 3637 3597 3593
f 3615 3614 3576
f 3615 3576 3603
f 3620 3604 3616
f 3621 3433 3583
f 3621 3583 3611
f 3611 3592 3622
f 3622 3592 3607
f 3633 3615 3603
f 3633 3603 3634
f 3634 3603 3591
f 3634 3591 3610
f 3617 3616 3605
f 3617 3605 3600
f 3623 3622 3607
f 3623 3607 3595
f 3625 3595 3587
f 3625 3587 3606
f 3612 3602 3626
f 3626 3602 3596
f 3627 3637 3593
f 3627 3593 3598
f 3631 3634 3610
f 3631 3610 3620
f 3617 3600 3409
f 3409 3600 3408
f 3624 3621 3611
f 3626 3596 3637
f 3632 3630 3613
f 3632 3613 3614
f 3638 3620 3616
f 3638 3616 3617
f 3624 3611 3622
f 3640 3618 3608
f 3640 3608 3609
f 3434 3433 3639
f 3639 3433 3621
f 3623 3595 3625
f 3636 3606 3618
f 3636 3618 3640
f 3628 3627 3598
f 3628 3598 3619
f 3628 3619 3629
f 3629 3619 3599
f 3629 3599 3630
f 3643 3614 3615
f 3643 3615 3633
f 3638 3631 3620
f 3639 3621 3624
f 3636 3625 3606
f 3640 3609 3415
f 3415 3609 3641
f 3641 3609 3612
f 3641 3612 3626
f 3632 3629 3630
f 3642 3632 3614
f 3642 3614 3643
f 3635 3617 3409
f 3416 3639 3624
f 3416 3624 3650
f 3650 3624 3622
f 3650 3622 3623
f 3644 3638 3617
f 3644 3617 3635
f 5484 3635 3409
f 3645 3434 3639
f 3650 3623 3646
f 3646 3623 3625
f 3646 3625 3636
f 3647 3641 3626
f 3647 3626 3637
f 3647 3637 3627
f 3647 3627 3628
f 3649 3643 3633
f 3649 3633 3634
f 3649 3634 3631
f 3653 3631 3638
f 3416 3645 3639
f 3651 3636 3640
f 3651 3640 3415
f 3414 3647 3628
f 3414 3628 3629
f 3414 3629 3652
f 3652 3629 3632
f 3652 3632 3642
f 3648 3642 3643
f 3648 3643 3649
f 3653 3649 3631
f 3411 3653 3638
f 3411 3638 3644
f 3651 3646 3636
f 3652 3642 3648
f 3648 3649 3653
f 3411 3644 3410
f 3410 3644 3635
f 3411 3412 3653
f 3714 3410 3635
f 3655 3654 3656
f 3656 3657 3655
f 3655 3657 3658
f 3658 3657 3659
f 3658 3659 3660
f 3660 3659 3661
f 3660 3661 3417
f 3417 3661 3662
f 3417 3662 3663
f 3663 3664 3417
f 3417 3664 3371
f 3371 3664 3665
f 3665 3666 3371
f 3371 3666 3667
f 3371 3667 3668
f 3371 3668 3669
f 3371 3669 3670
f 3371 3670 3671
f 3371 3671 3672
f 3672 3673 3371
f 3371 3673 3674
f 3371 3674 3372
f 3660 3417 3675
f 3675 3417 3676
f 3676 3417 3677
f 3677 3417 3678
f 3678 3417 3679
f 3679 3417 3680
f 3680 3417 3641
f 3680 3641 3681
f 3681 3641 3682
f 3682 3641 3683
f 3683 3641 3684
f 3684 3641 3685
f 3685 3641 3686
f 3686 3641 3687
f 3687 3641 3688
f 3688 3641 3689
f 3689 3641 3413
f 3689 3413 3690
f 3690 3413 3691
f 3691 3413 3692
f 3692 3413 3693
f 3693 3413 3694
f 3694 3413 3412
f 3694 3412 3695
f 3695 3412 3696
f 3696 3412 3697
f 3697 3412 3698
f 3698 3412 3699
f 3699 3412 3700
f 3700 3412 3701
f 3701 3412 3702
f 3702 3412 3703
f 3703 3412 3704
f 3704 3412 3705
f 3705 3412 3706
f 3706 3412 3410
f 3706 3410 3707
f 3707 3410 3708
f 3708 3410 3709
f 3709 3410 3710
f 3710 3410 3711
f 3711 3410 3712
f 3712 3410 3713
f 3713 3410 3714
f 3700 3701 3715
f 3715 3701 3716
f 3715 3716 3717
f 3717 3716 3718
f 3718 3719 3717
f 3654 3774 3720
f 3654 3720 3656
f 3656 3720 3721
f 3656 3721 3657
f 3657 3721 3722
f 3657 3722 3659
f 3659 3722 3740
f 3659 3740 3661
f 3661 3740 3723
f 3661 3723 3662
f 3662 3723 3724
f 3662 3724 3663
f 3663 3724 3741
f 3663 3741 3664
f 3664 3741 3725
f 3664 3725 3665
f 3665 3725 3845
f 3665 3845 3666
f 3666 3845 3849
f 3666 3849 3667
f 3667 3849 3822
f 3667 3822 3668
f 3668 3822 3726
f 3668 3726 3669
f 3669 3726 3727
f 3669 3727 3670
f 3670 3727 3728
f 3670 3728 3671
f 3671 3728 3852
f 3671 3852 3672
f 3672 3852 3839
f 3672 3839 3673
f 3673 3839 3850
f 3673 3850 3674
f 3674 3850 3729
f 3674 3729 3372
f 3372 3729 3835
f 3372 3835 3348
f 3348 3835 3347
f 3347 3835 3730
f 3347 3730 3731
f 3347 3731 3349
f 3349 3731 3742
f 3349 3742 3345
f 3345 3742 3732
f 3345 3732 3346
f 3346 3732 3733
f 3346 3733 3344
f 3344 3733 3851
f 3344 3851 3342
f 3342 3851 3743
f 3342 3743 3350
f 3350 3743 3848
f 3350 3848 3370
f 3370 3848 3734
f 3370 3734 3338
f 3338 3734 3735
f 3338 3735 3205
f 3205 3735 3744
f 3205 3744 1073
f 1073 3744 1072
f 1072 3744 3745
f 1072 3745 1071
f 1071 3745 1070
f 1070 3745 3736
f 1070 3736 1069
f 1069 3736 3832
f 1069 3832 1068
f 1068 3832 3737
f 3775 3805 3831
f 3728 3727 3852
f 3742 3834 3830
f 3742 3830 3732
f 3733 3732 3840
f 3733 3840 3851
f 3743 3851 3847
f 3734 3844 3735
f 3735 3844 3841
f 3735 3841 3744
f 3736 3745 3832
f 3746 3785 3747
f 3749 3788 3750
f 3753 3790 3782
f 3755 3781 3777
f 3756 3795 3757
f 3759 3780 3760
f 3760 3779 3761
f 3762 3761 3787
f 3764 3763 3786
f 3764 3786 3765
f 3765 3786 3766
f 3768 3767 3775
f 3768 3775 3738
f 3769 3770 3771
f 3770 3772 3771
f 3771 3772 3773
f 3720 3774 3739
f 3739 3774 3831
f 3786 3763 3783
f 3779 3787 3761
f 3779 3760 3780
f 3795 3756 3776
f 3787 3778 3762
f 3791 3780 3758
f 3791 3758 3757
f 3781 3776 3777
f 3788 3748 3799
f 3799 3748 3747
f 3799 3747 3785
f 3784 3755 3754
f 3784 3754 3782
f 3790 3753 3752
f 3790 3752 3751
f 3800 3785 3769
f 3800 3769 3771
f 3796 3775 3767
f 3790 3784 3782
f 3792 3790 3751
f 3792 3751 3750
f 3800 3799 3785
f 3793 3771 3773
f 3796 3767 3766
f 3789 3786 3783
f 3789 3783 3778
f 3779 3780 3791
f 3792 3750 3788
f 3798 3791 3795
f 3795 3791 3757
f 3807 3776 3781
f 3796 3805 3775
f 3796 3766 3786
f 3781 3755 3784
f 3789 3778 3787
f 3794 3787 3779
f 3800 3771 3793
f 3807 3795 3776
f 3819 3796 3786
f 3819 3786 3789
f 3794 3779 3798
f 3798 3779 3791
f 3801 3807 3781
f 3819 3789 3809
f 3789 3787 3802
f 3802 3787 3794
f 3812 3798 3795
f 3812 3795 3807
f 3797 3784 3790
f 3803 3797 3790
f 3803 3790 3792
f 3811 3792 3788
f 3811 3788 3799
f 3808 3799 3800
f 3797 3781 3784
f 3801 3781 3797
f 3808 3800 3817
f 3802 3794 3820
f 3818 3800 3793
f 3804 3789 3802
f 3817 3800 3818
f 3808 3811 3799
f 3805 3796 3806
f 3809 3789 3804
f 3810 3794 3798
f 3821 3812 3807
f 3827 3801 3797
f 3828 3797 3803
f 3815 3803 3792
f 3806 3796 3819
f 3814 3798 3812
f 3823 3821 3807
f 3813 3807 3801
f 3815 3792 3811
f 3820 3794 3810
f 3823 3807 3813
f 3814 3810 3798
f 3827 3813 3801
f 3828 3827 3797
f 3821 3814 3812
f 3816 3808 3817
f 3848 3815 3811
f 3829 3811 3808
f 3832 3817 3818
f 3822 3802 3820
f 3826 3820 3810
f 3732 3828 3803
f 3829 3808 3816
f 3824 3814 3821
f 3847 3815 3848
f 3848 3811 3829
f 3825 3804 3802
f 3825 3802 3822
f 3839 3824 3821
f 3835 3813 3827
f 3840 3732 3803
f 3840 3803 3815
f 3826 3822 3820
f 3830 3828 3732
f 3724 3806 3819
f 3724 3819 3809
f 3839 3821 3823
f 3823 3813 3835
f 3836 3831 3805
f 3836 3805 3806
f 3834 3827 3828
f 3834 3828 3830
f 3840 3815 3847
f 3833 3809 3838
f 3838 3809 3804
f 3832 3818 4095
f 3843 3806 3724
f 3846 3810 3814
f 3846 3814 3824
f 3842 3806 3843
f 3833 3724 3809
f 3841 3829 3816
f 3842 3836 3806
f 3838 3804 3825
f 3837 3823 3835
f 3745 3816 3817
f 3745 3817 3832
f 3846 3826 3810
f 3837 3839 3823
f 3844 3848 3829
f 3743 3847 3848
f 3844 3829 3841
f 3834 3835 3827
f 3850 3839 3837
f 3851 3840 3847
f 3734 3848 3844
f 3726 3826 3846
f 3737 3832 4095
f 3722 3836 3842
f 3744 3841 3816
f 3744 3816 3745
f 3721 3739 3831
f 3721 3831 3836
f 3721 3836 3722
f 3740 3722 3842
f 3730 3835 3834
f 3741 3724 3833
f 3845 3838 3825
f 3822 3826 3726
f 3740 3842 3723
f 3723 3842 3843
f 3741 3833 3725
f 3725 3833 3838
f 3725 3838 3845
f 3729 3837 3835
f 3720 3739 3721
f 3723 3843 3724
f 3849 3825 3822
f 3731 3730 3834
f 3731 3834 3742
f 3849 3845 3825
f 3727 3726 3846
f 3727 3846 3852
f 3852 3846 3824
f 3852 3824 3839
f 3729 3850 3837
f 3853 3854 3855
f 3855 3854 3856
f 3856 3854 3857
f 3857 3854 3858
f 3858 3854 3859
f 3858 3859 3860
f 3860 3859 3861
f 3861 3859 3862
f 3862 3859 3863
f 3862 3863 3864
f 3864 3863 3867
f 3864 3867 3865
f 3865 3867 3866
f 3866 3867 3868
f 3868 3867 3869
f 3869 3867 3872
f 3869 3872 3870
f 3870 3872 3871
f 3871 3872 3873
f 3873 3872 3875
f 3873 3875 3874
f 3874 3875 3876
f 3876 3875 3880
f 3876 3880 3877
f 3877 3880 3878
f 3878 3880 3879
f 3879 3880 3881
f 3881 3880 3882
f 3882 3880 3883
f 3883 3880 3884
f 3883 3884 3885
f 3885 3884 3886
f 3886 3884 3887
f 3887 3884 3888
f 3888 3884 3890
f 3890 3884 3889
f 3890 3889 3891
f 3891 3889 3892
f 3892 3889 3893
f 3893 3889 3894
f 3894 3889 3895
f 3895 3889 3896
f 3896 3889 3897
f 3897 3889 3898
f 3897 3898 3899
f 3899 3898 3900
f 3900 3898 3901
f 3889 3903 3898
f 3898 3903 3902
f 3902 3903 3738
f 3738 3903 3904
f 3738 3904 3768
f 3768 3904 3905
f 3768 3905 3767
f 3767 3905 3766
f 3766 3905 3906
f 3766 3906 3765
f 3765 3906 3907
f 3765 3907 3764
f 3764 3907 3908
f 3764 3908 3763
f 3763 3908 3909
f 3763 3909 3783
f 3783 3909 3910
f 3783 3910 3778
f 3778 3910 3762
f 3762 3910 3911
f 3762 3911 3761
f 3761 3911 3912
f 3761 3912 3760
f 3760 3912 3759
f 3759 3913 3780
f 3780 3913 3758
f 3758 3913 3914
f 3758 3914 3757
f 3757 3914 3915
f 3757 3915 3756
f 3756 3915 3916
f 3756 3916 3776
f 3776 3916 3917
f 3776 3917 3777
f 3777 3917 3918
f 3777 3918 3755
f 3755 3918 3919
f 3755 3919 3754
f 3754 3919 3920
f 3754 3920 3782
f 3782 3920 3753
f 3753 3920 3921
f 3753 3921 3752
f 3752 3921 3922
f 3752 3922 3751
f 3751 3922 3750
f 3750 3922 3923
f 3750 3923 3749
f 3749 3923 3924
f 3749 3924 3788
f 3788 3924 3748
f 3748 3924 3925
f 3748 3925 3747
f 3747 3925 3926
f 3747 3926 3746
f 3746 3926 3927
f 3746 3927 3785
f 3785 3927 3769
f 3769 3927 3928
f 3769 3928 3770
f 3770 3928 3772
f 3772 3928 3929
f 3772 3929 3773
f 3854 1920 2483
f 3854 2483 3859
f 3859 2483 2482
f 3859 2482 3863
f 3863 2482 2481
f 3863 2481 3867
f 3867 2481 2480
f 3867 2480 3872
f 3872 2480 2479
f 3872 2479 3875
f 3875 2479 2478
f 3875 2478 3880
f 3880 2478 2477
f 3880 2477 3884
f 3884 2477 2476
f 3884 2476 3889
f 3889 2476 3903
f 3903 2476 2475
f 3903 2475 3904
f 3904 2475 2474
f 3904 2474 3905
f 3905 2474 2473
f 3905 2473 3906
f 3906 2473 2472
f 3906 2472 3907
f 3907 2472 2471
f 3907 2471 3908
f 3908 2471 2470
f 3908 2470 3909
f 3909 2470 2469
f 3909 2469 3910
f 3910 2469 2468
f 3910 2468 2467
f 3910 2467 3911
f 3911 2467 2466
f 3911 2466 1535
f 3911 1535 3912
f 3912 1535 1530
f 3912 1530 3759
f 3759 1530 2465
f 3759 2465 3913
f 3913 2465 2464
f 3913 2464 3914
f 3914 2464 2463
f 3914 2463 3915
f 3915 2463 2462
f 3915 2462 3916
f 3916 2462 2461
f 3916 2461 3917
f 3917 2461 2460
f 3917 2460 3918
f 3918 2460 2459
f 3918 2459 3919
f 3919 2459 1577
f 3919 1577 3920
f 3920 1577 2458
f 3920 2458 1580
f 3920 1580 3921
f 3921 1580 1579
f 3921 1579 3922
f 3922 1579 2457
f 3922 2457 3923
f 3923 2457 1582
f 3923 1582 3924
f 3924 1582 3925
f 3925 1582 1585
f 3925 1585 3926
f 3926 1585 1584
f 3926 1584 3927
f 3927 1584 2456
f 3927 2456 3928
f 3928 2456 2455
f 3928 2455 3929
f 3929 2455 1588
f 3929 1588 3930
f 3930 1588 1590
f 3930 1590 3931
f 3931 1590 2454
f 3931 2454 3932
f 3932 2454 1592
f 3932 1592 1595
f 3932 1595 3933
f 3933 1595 2453
f 3933 2453 3934
f 3934 2453 2452
f 3934 2452 3935
f 3935 2452 2451
f 3935 2451 3936
f 3936 2451 2450
f 3936 2450 3937
f 3937 2450 2449
f 3937 2449 3938
f 3938 2449 3939
f 3939 2449 2448
f 3939 2448 3940
f 3940 2448 2447
f 3940 2447 3941
f 3941 2447 2446
f 3941 2446 3942
f 3942 2446 2445
f 3942 2445 3943
f 3943 2445 2444
f 3943 2444 3944
f 3944 2444 2443
f 3944 2443 3945
f 3945 2443 2442
f 3945 2442 3946
f 3946 2442 2441
f 3946 2441 3947
f 3947 2441 2271
f 3947 2271 3948
f 3948 2271 1885
f 3948 1885 1886
f 3948 1886 3949
f 3949 1886 1887
f 3949 1887 1888
f 3949 1888 3950
f 3950 1888 1889
f 3950 1889 1890
f 3950 1890 3951
f 3951 1890 1891
f 3951 1891 1892
f 3951 1892 3952
f 3952 1892 1893
f 3952 1893 3953
f 3953 1893 1894
f 3953 1894 3954
f 3954 1894 1895
f 3954 1895 3955
f 3955 1895 1896
f 3955 1896 3956
f 3956 1896 1897
f 3956 1897 3957
f 3957 1897 1898
f 3957 1898 3958
f 3958 1898 1899
f 3958 1899 3959
f 3959 1899 1900
f 3959 1900 3960
f 3960 1900 1901
f 3960 1901 3961
f 3961 1901 1902
f 3961 1902 3962
f 3962 1902 1903
f 3962 1903 3963
f 3963 1903 1905
f 3963 1905 3964
f 3964 1905 1911
f 3964 1911 3965
f 3965 1911 1920
f 3965 1920 3854
f 3773 3929 3966
f 3966 3929 3930
f 3966 3930 3967
f 3967 3930 3931
f 3967 3931 3968
f 3968 3931 3932
f 3968 3932 4077
f 4077 3932 3933
f 4077 3933 4078
f 4078 3933 3969
f 3969 3933 3970
f 3970 3933 3934
f 3970 3934 3971
f 3971 3934 3972
f 3972 3934 3935
f 3972 3935 4080
f 4080 3935 3936
f 4080 3936 3973
f 3973 3936 3937
f 3973 3937 3974
f 3974 3937 4065
f 4065 3937 3975
f 3975 3937 3938
f 3975 3938 3976
f 3976 3938 3977
f 3939 4058 3938
f 3938 4058 3978
f 3940 3979 3939
f 3939 3979 4052
f 3941 3980 3940
f 3940 3980 3981
f 3942 3984 3941
f 3941 3984 3985
f 3984 3942 3986
f 3986 3942 3987
f 3987 3942 3943
f 3987 3943 3988
f 3988 3943 3989
f 3989 3943 3990
f 3990 3943 3991
f 3991 3943 3944
f 3991 3944 3992
f 3992 3944 3993
f 3993 3944 3945
f 3993 3945 3994
f 3994 3945 3946
f 3994 3946 3995
f 3995 3946 3996
f 3996 3946 3947
f 3996 3947 3997
f 3997 3947 3998
f 3998 3947 3999
f 3999 3947 3948
f 3999 3948 4000
f 4000 3948 4001
f 4001 3948 4002
f 4002 3948 3949
f 4002 3949 4003
f 4003 3949 4004
f 4004 3949 4005
f 4005 3949 3950
f 4005 3950 4006
f 4006 3950 4007
f 4007 3950 4008
f 4008 3950 3951
f 4008 3951 4009
f 4009 3951 4010
f 4010 3951 4011
f 4011 3951 4012
f 4012 3951 3952
f 4012 3952 4013
f 4013 3952 4014
f 4014 3952 3953
f 4014 3953 4015
f 4015 3953 4016
f 4016 3953 4017
f 4017 3953 3954
f 4017 3954 4018
f 4018 3954 3955
f 4018 3955 4019
f 4019 3955 4020
f 4020 3955 4021
f 4021 3955 4022
f 4022 3955 3956
f 4022 3956 4023
f 4023 3956 4024
f 4024 3956 3957
f 4024 3957 4025
f 4025 3957 4026
f 4026 3957 4027
f 4027 3957 3958
f 4027 3958 4028
f 4028 3958 4029
f 4029 3958 4030
f 4030 3958 4031
f 4031 3958 3959
f 4031 3959 4032
f 4032 3959 4033
f 4033 3959 3960
f 4033 3960 4034
f 4034 3960 3961
f 4034 3961 4035
f 4035 3961 4036
f 4036 3961 4037
f 4037 3961 4038
f 4038 3961 3962
f 4038 3962 4039
f 4039 3962 4040
f 4040 3962 4041
f 4041 3962 3963
f 4041 3963 4042
f 4042 3963 4043
f 4043 3963 3964
f 4043 3964 4044
f 4044 3964 4045
f 4045 3964 4046
f 4046 3964 3965
f 4046 3965 3853
f 3853 3965 3854
f 3985 3983 3941
f 3941 3983 4047
f 3941 4047 3982
f 3982 4048 3941
f 3941 4048 4049
f 3941 4049 3980
f 3981 4050 3940
f 3940 4050 4051
f 3940 4051 3979
f 3939 4052 4053
f 3939 4053 4054
f 3939 4054 4055
f 3939 4055 4056
f 3939 4056 4057
f 3939 4057 4058
f 3978 3977 3938
f 3977 4059 3976
f 3976 4059 4060
f 4060 4061 3976
f 3976 4061 4062
f 4064 4095 3818
f 4079 4078 3969
f 4079 3969 3970
f 4079 3970 3971
f 3971 3972 4081
f 4081 3972 4080
f 4080 3973 4083
f 4083 3973 3974
f 3974 4065 4083
f 4083 4065 4090
f 4102 4068 4101
f 4101 4068 4069
f 4101 4069 4070
f 4070 4071 4072
f 4072 4071 4096
f 4099 4063 4098
f 4098 4063 3737
f 3967 3773 3966
f 4082 4079 3971
f 4082 3971 4081
f 4085 3967 3968
f 4077 4078 4082
f 4082 4078 4079
f 4083 4081 4080
f 4085 3968 4077
f 3967 3793 3773
f 4084 4085 4077
f 4084 4077 4082
f 4086 4082 4081
f 4086 4081 4083
f 3793 3967 4085
f 4090 4086 4083
f 4087 4084 4082
f 4087 4082 4086
f 4064 3793 4085
f 4064 3818 3793
f 4088 4064 4085
f 4088 4085 4084
f 4094 4087 4086
f 4073 4087 4094
f 4090 4089 4086
f 4088 4084 4092
f 4092 4084 4087
f 4094 4086 4089
f 4092 4087 4073
f 4093 4091 4064
f 4093 4064 4088
f 4091 4095 4064
f 4100 4088 4092
f 4102 4089 4090
f 4072 4094 4089
f 4101 4089 4102
f 4098 4095 4091
f 4072 4089 4101
f 4097 4102 4090
f 4098 4091 4093
f 4076 4093 4088
f 4076 4088 4100
f 4096 4073 4094
f 4096 4094 4072
f 4098 3737 4095
f 4076 4098 4093
f 4074 4100 4092
f 4070 4072 4101
f 4068 4102 4097
f 4068 4097 4067
f 4067 4097 4066
f 4075 4076 4100
f 4075 4100 4074
f 4076 4099 4098
f 3737 4063 1068
f 1068 4063 1067
f 1067 4063 4099
f 1067 4099 1065
f 1065 4099 4076
f 1065 4076 4075
f 1065 4075 1064
f 1064 4075 1063
f 1063 4075 4074
f 1063 4074 1062
f 1062 4074 4092
f 1062 4092 1061
f 1061 4092 4073
f 1061 4073 1060
f 1060 4073 4096
f 1060 4096 1059
f 1059 4096 4071
f 1059 4071 1058
f 1058 4071 4069
f 4069 4071 4070
f 1074 4069 4068
f 1074 4068 1076
f 1076 4068 4067
f 1076 4067 1077
f 1077 4067 4066
f 4062 4103 1057
f 1057 4103 4119
f 1057 4119 1056
f 1056 4119 4104
f 1056 4104 1055
f 1055 4104 4105
f 1055 4105 1054
f 1054 4105 4106
f 1054 4106 1053
f 1053 4106 4107
f 1053 4107 1052
f 1052 4107 4108
f 1052 4108 1051
f 1051 4108 4109
f 1051 4109 1050
f 1050 4109 4110
f 1050 4110 1049
f 1049 4110 4111
f 1049 4111 1048
f 1048 4111 4112
f 1048 4112 1047
f 1047 4112 4113
f 1047 4113 1046
f 1046 4113 4114
f 1046 4114 1045
f 1045 4114 4115
f 1045 4115 1044
f 1044 4115 4116
f 1044 4116 1043
f 1043 4116 4117
f 1057 1075 4062
f 4062 1075 3976
f 3976 1075 3975
f 3975 1075 1077
f 3975 1077 4066
f 3975 4066 4097
f 4097 4090 3975
f 4090 4065 3975
f 4119 4103 4118
f 4119 4118 4120
f 4121 4120 4345
f 4121 4345 4122
f 4122 4314 4309
f 4123 4309 4125
f 4124 4125 4357
f 4124 4357 437
f 4157 437 4126
f 4126 437 430
f 4126 430 4158
f 4158 430 4165
f 4165 430 4160
f 4160 430 4127
f 4127 430 426
f 4127 426 4161
f 4172 426 4128
f 4128 426 427
f 4184 4128 4129
f 7127 4130 4237
f 4131 7112 4132
f 4131 4132 4133
f 4131 4133 4134
f 4131 4134 4135
f 4135 4134 4136
f 4135 4136 4137
f 4137 4136 4138
f 4137 4138 4139
f 4139 4138 4140
f 4139 4140 4308
f 4308 4140 4141
f 4308 4141 4143
f 4143 4141 4142
f 4143 4142 4144
f 4143 4144 4145
f 4145 4144 4146
f 4145 4146 4147
f 4147 4146 4148
f 4147 4148 4306
f 4306 4148 4149
f 4306 4149 4305
f 4305 4149 4150
f 4305 4150 4304
f 4304 4150 4151
f 4304 4151 4296
f 4296 4151 4152
f 4296 4152 4281
f 4281 4152 4153
f 4281 4153 4288
f 4288 4153 4117
f 4288 4117 4116
f 4288 4116 4289
f 4289 4116 4115
f 4289 4115 4293
f 4293 4115 4114
f 4293 4114 4154
f 4154 4114 4113
f 4154 4113 4302
f 4302 4113 4112
f 4302 4112 4155
f 4155 4112 4111
f 4155 4111 4110
f 4155 4110 4156
f 4156 4110 4109
f 4156 4109 4291
f 4291 4109 4108
f 4291 4108 4294
f 4294 4108 4107
f 4107 4106 4301
f 4301 4106 4105
f 4301 4105 4303
f 4303 4105 4104
f 4303 4104 4295
f 4295 4104 4119
f 437 4157 4166
f 4126 4158 4163
f 4126 4163 4157
f 4161 426 4172
f 4158 4162 4159
f 4158 4159 4163
f 4157 4164 4166
f 4162 4158 4165
f 4174 4160 4127
f 4162 4175 4159
f 4163 4159 4169
f 4157 4163 4164
f 4124 437 4167
f 4124 4168 4125
f 4162 4165 4170
f 4170 4165 4174
f 4174 4165 4160
f 4177 4127 4161
f 4171 4161 4172
f 4184 4172 4128
f 437 4166 4167
f 4124 4167 4168
f 4125 4168 4123
f 4177 4174 4127
f 4159 4175 4179
f 4159 4179 4169
f 4163 4169 4173
f 4163 4173 4164
f 4178 4177 4161
f 4178 4161 4171
f 4183 4171 4172
f 4183 4172 4184
f 4166 4193 4167
f 4180 4175 4162
f 4180 4162 4170
f 4181 4174 4177
f 4169 4187 4173
f 4166 4164 4196
f 4166 4196 4193
f 4167 4194 4168
f 4168 4194 4188
f 4168 4188 4123
f 4176 4170 4174
f 4176 4174 4181
f 4185 4177 4178
f 4169 4179 4190
f 4169 4190 4187
f 4164 4173 4195
f 4164 4195 4196
f 4189 4181 4177
f 4175 4207 4179
f 4173 4187 4191
f 4173 4191 4192
f 4173 4192 4195
f 4167 4193 4200
f 4167 4200 4194
f 4197 4180 4170
f 4185 4189 4177
f 4182 4178 4171
f 4182 4171 4183
f 4123 4188 4309
f 4207 4175 4180
f 4176 4197 4170
f 4186 4185 4178
f 4186 4178 4182
f 4199 4183 4184
f 4199 4184 4129
f 4179 4207 4208
f 4205 4176 4181
f 4179 4208 4190
f 4187 4190 4191
f 4205 4181 4189
f 4198 4189 4185
f 4206 4186 4182
f 4193 4196 4204
f 4193 4204 4200
f 4194 4200 4210
f 4194 4210 4188
f 4188 4210 4201
f 4188 4201 4309
f 4207 4180 4197
f 4203 4198 4185
f 4203 4185 4186
f 4219 4206 4182
f 4219 4182 4183
f 7127 4199 4129
f 4195 4192 4217
f 4195 4217 4196
f 4196 4217 4204
f 4218 4197 4176
f 4218 4176 4202
f 4202 4176 4205
f 4198 4205 4189
f 4219 4183 4199
f 4192 4216 4217
f 4213 4207 4197
f 4213 4197 4218
f 4190 4208 4209
f 4190 4209 4191
f 4191 4209 4215
f 4191 4215 4192
f 4192 4215 4228
f 4192 4228 4216
f 4200 4204 4212
f 4200 4212 4210
f 4224 4202 4205
f 4224 4205 4198
f 4207 4211 4208
f 4208 4211 4227
f 4208 4227 4209
f 4209 4234 4215
f 4201 4210 4222
f 4201 4222 4122
f 4201 4122 4309
f 4232 4224 4198
f 4214 4203 4186
f 4214 4186 4206
f 4204 4217 4220
f 4204 4220 4212
f 4211 4207 4213
f 4242 4232 4198
f 4242 4198 4203
f 4210 4212 4221
f 4210 4221 4222
f 4237 4199 7127
f 4212 4220 4239
f 4212 4239 4221
f 4223 4213 4218
f 4223 4218 4202
f 4225 4214 4206
f 4225 4206 4226
f 4226 4206 4219
f 4226 4219 4233
f 4233 4219 4199
f 4209 4227 4243
f 4209 4243 4234
f 4217 4216 4245
f 4217 4245 4220
f 4220 4245 4254
f 4220 4254 4239
f 4229 4211 4213
f 4229 4213 4223
f 4230 4223 4202
f 4230 4202 4224
f 4249 4242 4203
f 4249 4203 4214
f 4237 4233 4199
f 4211 4238 4227
f 4255 4229 4223
f 4255 4223 4236
f 4236 4223 4230
f 4231 4230 4224
f 4231 4224 4232
f 4228 4215 4235
f 4228 4235 4216
f 4122 4222 4259
f 4122 4259 4121
f 4238 4211 4229
f 4261 4249 4214
f 4261 4214 4240
f 4240 4214 4225
f 4240 4225 4241
f 4241 4225 4226
f 4241 4226 4233
f 4234 4243 4251
f 4234 4251 4215
f 4215 4251 4244
f 4215 4244 4235
f 4216 4235 4253
f 4216 4253 4245
f 4222 4221 4247
f 4222 4247 4259
f 4260 4238 4229
f 4260 4229 4255
f 4227 4238 4250
f 4227 4250 4243
f 4221 4239 4246
f 4221 4246 4247
f 4266 4236 4230
f 4266 4230 4231
f 4248 4232 4242
f 4248 4242 4249
f 4235 4244 4271
f 4235 4271 4253
f 4245 4253 4256
f 4245 4256 4254
f 4239 4254 4258
f 4239 4258 4246
f 4243 4250 4251
f 4251 4278 4244
f 4244 4278 4252
f 4244 4252 4271
f 4246 4273 4247
f 4247 4273 4264
f 4247 4264 4259
f 4269 4241 4233
f 4269 4233 4292
f 4292 4233 4237
f 4292 4237 4130
f 4251 4250 4277
f 4251 4277 4278
f 4254 4256 4257
f 4254 4257 4258
f 4246 4258 4263
f 4246 4263 4273
f 4265 4260 4255
f 4265 4255 4236
f 4267 4248 4249
f 4267 4249 4261
f 4238 4270 4250
f 4268 4261 4240
f 4268 4240 4241
f 4268 4241 4269
f 4258 4257 4262
f 4258 4262 4263
f 4259 4264 4279
f 4259 4279 4121
f 4270 4238 4274
f 4274 4238 4260
f 4274 4260 4265
f 4275 4267 4261
f 4275 4261 4268
f 7112 4292 4130
f 4250 4270 4276
f 4250 4276 4277
f 4256 4253 4272
f 4256 4272 4257
f 4121 4279 4120
f 4274 4265 4282
f 4282 4265 4236
f 4282 4236 4266
f 4297 4275 4268
f 4297 4268 4299
f 4299 4268 4269
f 4257 4272 4291
f 4257 4291 4262
f 4281 4270 4274
f 4298 4231 4232
f 4298 4232 4283
f 4283 4232 4248
f 4283 4248 4267
f 4253 4271 4280
f 4253 4280 4272
f 4296 4281 4274
f 4296 4274 4282
f 4305 4282 4266
f 4305 4266 4231
f 4284 4283 4267
f 4284 4267 4275
f 4300 4299 4269
f 4300 4269 4292
f 4270 4288 4276
f 4278 4277 4290
f 4278 4290 4252
f 4252 4290 4286
f 4252 4286 4271
f 4271 4286 4287
f 4271 4287 4280
f 4263 4262 4107
f 4263 4107 4273
f 4273 4107 4301
f 4273 4301 4264
f 4264 4301 4303
f 4264 4303 4279
f 4279 4303 4295
f 4279 4295 4120
f 4307 4284 4275
f 4307 4275 4297
f 4277 4276 4285
f 4277 4285 4290
f 4262 4291 4294
f 4262 4294 4107
f 4120 4295 4119
f 4288 4270 4281
f 4131 4292 7112
f 4276 4288 4289
f 4276 4289 4285
f 4285 4289 4293
f 4285 4293 4290
f 4306 4305 4231
f 4306 4231 4298
f 4135 4300 4292
f 4135 4292 4131
f 4290 4293 4154
f 4290 4154 4286
f 4272 4280 4156
f 4272 4156 4291
f 4304 4296 4282
f 4304 4282 4305
f 4286 4154 4302
f 4286 4302 4287
f 4147 4306 4298
f 4147 4298 4283
f 4308 4307 4297
f 4308 4297 4299
f 4145 4147 4283
f 4145 4283 4284
f 4139 4308 4299
f 4139 4299 4137
f 4137 4299 4300
f 4137 4300 4135
f 4287 4302 4155
f 4287 4155 4280
f 4280 4155 4156
f 4143 4145 4284
f 4143 4284 4307
f 4143 4307 4308
f 4336 4357 4125
f 4125 4309 4339
f 4342 4316 4311
f 4343 4313 4312
f 4310 4314 4346
f 4310 4346 4316
f 4343 4315 4313
f 4311 4328 4343
f 4343 4328 4315
f 4314 4122 4345
f 4118 4103 4317
f 4118 4317 4318
f 4118 4318 4319
f 4321 4319 4320
f 4321 4320 4322
f 4321 4322 4323
f 4316 4323 4324
f 4316 4324 4325
f 4311 4325 4326
f 4311 4326 4327
f 4311 4327 4328
f 4343 4312 4329
f 4343 4329 4330
f 4343 4331 4332
f 4344 4332 4333
f 4344 4333 4334
f 4344 4334 4337
f 4339 4336 4125
f 4358 4339 4340
f 4340 4339 4310
f 4340 4310 4338
f 4335 4358 4340
f 4342 4335 4340
f 4341 4335 4342
f 4339 4309 4314
f 4310 4339 4314
f 4338 4310 4316
f 4342 4338 4316
f 4342 4340 4338
f 4343 4342 4311
f 4343 4330 4331
f 4344 4341 4342
f 4344 4342 4343
f 4344 4343 4332
f 4346 4120 4118
f 4346 4345 4120
f 4314 4345 4346
f 4337 4341 4344
f 4321 4118 4319
f 4321 4346 4118
f 4316 4325 4311
f 4346 4321 4316
f 4316 4321 4323
f 4347 4348 4505
f 440 4356 439
f 438 440 439
f 4500 438 4503
f 4357 4336 4504
f 4336 4339 4504
f 4504 4339 4501
f 4337 4359 4341
f 4483 4367 4364
f 4359 4366 4341
f 4341 4366 4360
f 4487 4377 4362
f 4363 4367 4483
f 4366 4368 4360
f 4362 4382 4481
f 4481 4369 4371
f 4354 4374 4353
f 4368 4370 4360
f 4481 4380 4369
f 4363 4372 4367
f 4370 4373 4360
f 4360 4373 4376
f 4485 4376 4361
f 4371 4372 4363
f 4372 4387 4367
f 4364 4384 4365
f 4373 4375 4376
f 4481 4382 4380
f 4365 4396 4354
f 4374 4378 4353
f 4375 4379 4376
f 4369 4372 4371
f 4367 4389 4364
f 4364 4389 4384
f 4384 4399 4365
f 4379 4381 4376
f 4376 4381 4361
f 4354 4396 4374
f 4381 4383 4361
f 4377 4402 4362
f 4383 4385 4361
f 4367 4387 4389
f 4365 4400 4396
f 4385 4386 4361
f 4362 4402 4382
f 4372 4393 4387
f 4365 4399 4400
f 4353 4378 4352
f 4386 4388 4361
f 4361 4388 4377
f 4369 4393 4372
f 4387 4410 4389
f 4396 4414 4374
f 4388 4390 4377
f 4382 4391 4380
f 4389 4395 4384
f 4378 4403 4352
f 4390 4392 4377
f 4380 4424 4369
f 4369 4424 4393
f 4387 4393 4410
f 4384 4395 4399
f 4374 4414 4378
f 4392 4394 4377
f 4377 4394 4402
f 4389 4410 4407
f 4407 4395 4389
f 4394 4397 4402
f 4397 4398 4402
f 4402 4406 4382
f 4382 4406 4391
f 4391 4424 4380
f 4398 4401 4402
f 4399 4395 4417
f 4399 4417 4400
f 4352 4403 4351
f 4401 4404 4402
f 4402 4404 4406
f 4424 4416 4393
f 4400 4408 4396
f 4404 4405 4406
f 4405 4409 4406
f 4406 4409 4391
f 4393 4416 4410
f 4396 4413 4414
f 4414 4428 4378
f 4409 4411 4391
f 4395 4433 4417
f 4400 4417 4418
f 4400 4418 4408
f 4396 4408 4413
f 4411 4412 4391
f 4410 4422 4407
f 4378 4428 4403
f 4412 4415 4391
f 4391 4415 4424
f 4422 4425 4407
f 4415 4419 4424
f 4416 4422 4410
f 4407 4425 4420
f 4407 4420 4395
f 4395 4420 4433
f 4418 4427 4408
f 4414 4413 4428
f 4419 4421 4424
f 4403 4428 4350
f 4421 4423 4424
f 4413 4431 4428
f 4423 4426 4424
f 4424 4426 4416
f 4426 4429 4416
f 4433 4446 4417
f 4428 4349 4350
f 4429 4430 4416
f 4416 4430 4422
f 4417 4446 4434
f 4417 4434 4418
f 4418 4434 4436
f 4418 4436 4427
f 4408 4427 4413
f 4413 4427 4440
f 4413 4440 4431
f 4428 4431 4349
f 4430 4432 4422
f 4432 4435 4422
f 4425 4444 4420
f 4435 4437 4422
f 4422 4437 4425
f 4437 4438 4425
f 4438 4439 4425
f 4425 4439 4444
f 4444 4449 4420
f 4420 4449 4433
f 4439 4441 4444
f 4440 4458 4431
f 4431 4458 4349
f 4441 4442 4444
f 4427 4451 4440
f 4442 4443 4444
f 4427 4436 4451
f 4440 4451 4458
f 4443 4445 4444
f 4444 4445 4449
f 4445 4447 4449
f 4449 4456 4433
f 4433 4456 4446
f 4446 4456 4454
f 4446 4454 4434
f 4349 4458 4530
f 4447 4448 4449
f 4434 4454 4461
f 4434 4461 4436
f 4530 4543 4349
f 4448 4450 4449
f 4436 4461 4451
f 4450 4452 4449
f 4449 4452 4456
f 4461 4468 4451
f 4451 4468 4465
f 4451 4465 4458
f 4452 4453 4456
f 4453 4455 4456
f 4455 4457 4456
f 4456 4457 4454
f 4465 4470 4458
f 4457 4459 4454
f 4454 4459 4461
f 4458 4470 4530
f 4459 4460 4461
f 4460 4462 4461
f 4462 4463 4461
f 4463 4464 4461
f 4468 4472 4465
f 4464 4466 4461
f 4461 4466 4468
f 4466 4467 4468
f 4472 4475 4465
f 4465 4475 4470
f 4467 4469 4468
f 4468 4469 4472
f 4469 4471 4472
f 4475 4479 4470
f 4471 4473 4472
f 4472 4473 4475
f 4470 4479 4530
f 4473 4474 4475
f 4479 4505 4530
f 4474 4476 4475
f 4475 4476 4479
f 4476 4477 4479
f 4477 4478 4479
f 4478 4480 4479
f 4479 4480 4505
f 4480 4347 4505
f 4363 4488 4371
f 4485 4486 4376
f 4376 4486 4360
f 4365 4489 4364
f 4488 4484 4371
f 4481 4491 4362
f 4362 4491 4487
f 4377 4487 4361
f 4360 4482 4341
f 4364 4489 4483
f 4363 4483 4488
f 4371 4484 4481
f 4487 4485 4361
f 4365 4354 4355
f 4365 4355 4489
f 4481 4484 4491
f 4487 4490 4485
f 4486 4482 4360
f 4485 4493 4486
f 4489 4497 4483
f 4483 4497 4488
f 4487 4491 4490
f 4490 4495 4485
f 4493 4496 4486
f 4494 4484 4488
f 4485 4495 4493
f 4486 4496 4482
f 4482 4335 4341
f 4488 4497 4494
f 4496 4335 4482
f 4355 4356 4489
f 4484 4492 4491
f 4491 4492 4490
f 4489 4356 4497
f 4484 4494 4492
f 4495 4499 4493
f 4492 4498 4490
f 4490 4498 4495
f 4493 4358 4496
f 4496 4358 4335
f 4356 440 4497
f 4493 4499 4358
f 4494 4503 4492
f 4492 4503 4498
f 4495 4498 4502
f 4495 4502 4499
f 4497 4500 4494
f 4497 440 4500
f 4494 4500 4503
f 4498 4503 4502
f 440 438 4500
f 4502 4501 4499
f 4499 4501 4358
f 4358 4501 4339
f 4502 4504 4501
f 4502 4503 4504
f 438 4357 4503
f 4503 4357 4504
f 4546 4549 4548
f 4351 441 4352
f 4526 4505 4348
f 4526 4348 4506
f 4526 4506 4507
f 4526 4507 4508
f 4526 4508 4509
f 4526 4509 4527
f 4527 4509 4510
f 4527 4510 4511
f 4527 4511 4512
f 4527 4512 4514
f 4514 4512 4513
f 4514 4513 4515
f 4514 4515 4525
f 4525 4515 4516
f 4525 4516 4517
f 4525 4517 4518
f 4525 4518 4522
f 4522 4518 4519
f 4522 4519 4520
f 4522 4520 4521
f 4522 4521 4523
f 4522 4523 4560
f 4560 4523 4524
f 4526 4527 4529
f 4526 4529 4505
f 4522 4528 4525
f 4505 4529 4530
f 4560 4528 4522
f 4514 4531 4527
f 4514 4525 4531
f 4527 4531 4533
f 4527 4533 4529
f 4525 4528 4531
f 4529 4535 4530
f 4528 4559 4532
f 4533 4535 4529
f 4530 4535 4543
f 4528 4532 4531
f 4533 4534 4535
f 4531 4532 4537
f 4531 4537 4533
f 4533 4537 4534
f 4534 4537 4541
f 4535 4534 4540
f 4535 4540 4543
f 4536 4538 4532
f 4532 4538 4537
f 4534 4539 4540
f 4537 4542 4541
f 4534 4541 4539
f 4537 4538 4542
f 4543 4350 4349
f 4538 4544 4542
f 4540 4350 4543
f 4539 4545 4540
f 4540 4545 4350
f 4541 4542 4545
f 4541 4545 4539
f 4542 4544 4546
f 4350 4545 4351
f 4542 4546 4547
f 4542 4547 4545
f 4350 4351 4403
f 4546 4548 4547
f 4545 4547 4351
f 4548 441 4547
f 4547 441 4351
f 4587 4549 4546
f 4566 4593 4552
f 4552 4593 4553
f 4553 4593 4560
f 4553 4560 4554
f 4554 4560 4555
f 4555 4560 4556
f 4556 4560 4557
f 4557 4560 4524
f 4587 4546 4544
f 4550 4544 4538
f 4551 4559 4558
f 4589 4536 4551
f 4551 4536 4532
f 4551 4532 4559
f 4559 4528 4560
f 4552 4561 4566
f 4558 4593 4564
f 4589 4591 4538
f 4544 4550 4587
f 4593 4566 4564
f 4538 4591 4550
f 4549 4587 4585
f 4585 4587 4581
f 4584 4588 4582
f 4590 4586 4575
f 4575 4586 4594
f 4561 4562 4566
f 4562 4563 4566
f 4563 4565 4566
f 4565 4567 4566
f 4566 4567 4568
f 4566 4568 4564
f 4564 4568 4594
f 4567 4569 4568
f 4569 4570 4568
f 4568 4575 4594
f 4570 4571 4568
f 4568 4571 4575
f 4571 4572 4575
f 4572 4573 4575
f 4573 4574 4575
f 4574 4576 4575
f 4575 4576 4590
f 4576 4577 4590
f 4577 4578 4590
f 4590 4578 4579
f 4579 4580 4590
f 4582 4583 4584
f 4581 4588 4584
f 4581 4587 4550
f 4592 4558 4564
f 4592 4589 4551
f 4592 4551 4558
f 4581 4550 4591
f 4594 4592 4564
f 4591 4589 4592
f 4581 4591 4588
f 4589 4538 4536
f 4588 4591 4582
f 4582 4591 4592
f 4582 4592 4594
f 4582 4594 4586
f 4558 4559 4593
f 4593 4559 4560
f 4582 4586 4595
f 4595 4586 4590
f 4595 4590 4596
f 4596 4590 4580
f 4598 4597 4599
f 4598 4599 4600
f 4600 4599 4601
f 4600 4601 4602
f 4602 4601 4603
f 4602 4603 4604
f 4604 4603 4605
f 4604 4605 4606
f 4606 4605 4607
f 4606 4607 4608
f 4608 4607 4609
f 4608 4609 4610
f 4610 4609 4611
f 4610 4611 4612
f 4612 4611 4613
f 4612 4613 4615
f 4615 4613 4614
f 4615 4614 4616
f 4615 4616 4617
f 4617 4616 4618
f 4617 4618 4619
f 4619 4618 4620
f 4619 4620 4621
f 4621 4620 4622
f 4621 4622 4623
f 4623 4622 4624
f 4623 4624 4672
f 4672 4624 4625
f 4672 4625 4626
f 4626 4625 4627
f 4626 4627 4628
f 4628 4627 4629
f 4628 4629 4630
f 4630 4629 4631
f 4630 4631 4632
f 4632 4631 4633
f 4632 4633 4634
f 4634 4633 4635
f 4634 4635 4636
f 4636 4635 4637
f 4636 4637 4638
f 4638 4637 4639
f 4638 4639 4660
f 4660 4639 4640
f 4660 4640 4641
f 4641 4640 4642
f 4641 4642 4656
f 4656 4642 4643
f 4656 4643 4644
f 4644 4643 4645
f 4644 4645 4646
f 4646 4645 4647
f 4646 4647 4822
f 4646 4822 4823
f 4646 4823 4648
f 4648 4823 4649
f 4650 4814 4810
f 4810 4808 4651
f 4651 4808 4807
f 4651 4807 4776
f 4776 4807 445
f 4776 445 4784
f 4784 445 443
f 4652 443 4780
f 4652 4780 4781
f 4653 4780 442
f 4653 442 4654
f 4654 442 4786
f 4786 442 4785
f 4785 442 4774
f 4774 442 4549
f 4655 4596 4597
f 4655 4597 4598
f 4666 4608 4610
f 4666 4610 4661
f 4661 4610 4612
f 4661 4612 4657
f 4657 4612 4615
f 4657 4615 4658
f 4658 4615 4659
f 4659 4615 4617
f 4659 4617 4671
f 4671 4617 4619
f 4671 4619 4621
f 4595 4596 4655
f 4674 4660 4641
f 4674 4641 4656
f 4686 4606 4608
f 4686 4608 4666
f 4669 4671 4621
f 4669 4621 4623
f 4662 4634 4636
f 4662 4636 4638
f 4685 4674 4656
f 4685 4656 4644
f 4663 4655 4598
f 4663 4598 4667
f 4667 4598 4600
f 4667 4600 4664
f 4664 4600 4602
f 4664 4602 4665
f 4665 4602 4604
f 4665 4604 4668
f 4668 4604 4606
f 4668 4606 4686
f 4673 4626 4628
f 4673 4628 4683
f 4683 4628 4630
f 4683 4630 4632
f 4678 4662 4638
f 4678 4638 4679
f 4679 4638 4660
f 4679 4660 4674
f 4648 4644 4646
f 4670 4672 4626
f 4670 4626 4673
f 4688 4683 4632
f 4688 4632 4684
f 4684 4632 4634
f 4684 4634 4662
f 4680 4595 4655
f 4680 4655 4663
f 4676 4666 4661
f 4676 4661 4677
f 4677 4661 4657
f 4677 4657 4658
f 4675 4685 4644
f 4675 4644 4648
f 4682 4658 4659
f 4682 4659 4671
f 4691 4669 4623
f 4691 4623 4672
f 4687 4682 4671
f 4687 4671 4669
f 4690 4679 4674
f 4690 4674 4685
f 4582 4595 4680
f 4681 4677 4658
f 4681 4658 4682
f 4704 4691 4672
f 4704 4672 4670
f 4734 4684 4662
f 4734 4662 4689
f 4689 4662 4678
f 4689 4678 4700
f 4700 4678 4679
f 4700 4679 4690
f 4698 4687 4669
f 4698 4669 4691
f 4719 4673 4683
f 4719 4683 4688
f 4690 4685 4675
f 4702 4665 4668
f 4702 4668 4686
f 4695 4704 4670
f 4695 4670 4673
f 4699 4719 4688
f 4699 4688 4684
f 4696 4690 4675
f 4696 4675 4648
f 4711 4663 4667
f 4711 4667 4712
f 4712 4667 4664
f 4712 4664 4701
f 4701 4664 4665
f 4701 4665 4702
f 4730 4702 4686
f 4730 4686 4694
f 4694 4686 4666
f 4694 4666 4676
f 4697 4676 4677
f 4697 4677 4681
f 4692 4698 4691
f 4692 4691 4704
f 4693 4680 4663
f 4693 4663 4711
f 4709 4694 4676
f 4709 4676 4697
f 4706 4700 4690
f 4649 4696 4648
f 4707 4706 4690
f 4707 4690 4696
f 4714 4582 4680
f 4714 4680 4693
f 4703 4697 4681
f 4703 4681 4682
f 4705 4689 4700
f 4705 4700 4706
f 4724 4709 4697
f 4724 4697 4703
f 4713 4703 4682
f 4713 4682 4687
f 4713 4687 4698
f 4725 4692 4704
f 4725 4704 4695
f 4726 4695 4673
f 4726 4673 4719
f 4710 4707 4696
f 4710 4696 4649
f 4583 4582 4714
f 4715 4712 4701
f 4715 4701 4702
f 4708 4730 4694
f 4708 4694 4709
f 4650 4710 4649
f 4728 4714 4693
f 4728 4693 4711
f 4723 4708 4709
f 4723 4709 4724
f 4720 4734 4689
f 4720 4689 4705
f 4729 4728 4711
f 4729 4711 4712
f 4716 4724 4703
f 4716 4703 4717
f 4717 4703 4713
f 4721 4717 4713
f 4721 4713 4718
f 4718 4713 4698
f 4718 4698 4692
f 4732 4705 4706
f 4732 4706 4707
f 4722 4718 4692
f 4722 4692 4725
f 4727 4719 4699
f 4727 4699 4684
f 4733 4732 4707
f 4733 4707 4710
f 4739 4583 4714
f 4739 4714 4728
f 4744 4715 4702
f 4744 4702 4730
f 4738 4727 4684
f 4738 4684 4734
f 4810 4710 4650
f 4584 4583 4739
f 4736 4729 4712
f 4736 4712 4715
f 4740 4723 4724
f 4740 4724 4716
f 4741 4722 4725
f 4741 4725 4695
f 4731 4720 4705
f 4731 4705 4732
f 4743 4739 4728
f 4743 4728 4729
f 4736 4715 4744
f 4737 4716 4717
f 4737 4717 4721
f 4743 4729 4736
f 4749 4740 4716
f 4749 4716 4737
f 4747 4695 4726
f 4747 4726 4752
f 4752 4726 4719
f 4752 4719 4727
f 4735 4733 4710
f 4735 4710 4810
f 4748 4730 4708
f 4748 4708 4742
f 4742 4708 4723
f 4742 4723 4740
f 4750 4721 4718
f 4750 4718 4722
f 4753 4738 4734
f 4753 4734 4720
f 4754 4732 4733
f 4754 4733 4735
f 4751 4741 4695
f 4751 4695 4747
f 4753 4720 4731
f 4581 4584 4739
f 4748 4744 4730
f 4750 4737 4721
f 4746 4750 4722
f 4746 4722 4741
f 4757 4727 4738
f 4757 4738 4753
f 4758 4731 4732
f 4758 4732 4754
f 4581 4739 4743
f 4761 4743 4736
f 4761 4736 4744
f 4745 4742 4740
f 4745 4740 4749
f 4751 4746 4741
f 4757 4752 4727
f 4651 4735 4810
f 4770 4581 4743
f 4765 4761 4744
f 4765 4744 4748
f 4762 4749 4737
f 4762 4737 4763
f 4763 4737 4750
f 4758 4753 4731
f 4771 4770 4743
f 4771 4743 4761
f 4763 4750 4746
f 4760 4758 4754
f 4760 4754 4651
f 4651 4754 4735
f 4765 4748 4766
f 4766 4748 4742
f 4768 4763 4746
f 4768 4746 4751
f 4755 4751 4747
f 4755 4747 4756
f 4756 4747 4752
f 4756 4752 4757
f 4769 4757 4759
f 4759 4757 4753
f 4766 4742 4745
f 4773 4768 4751
f 4773 4751 4755
f 4769 4756 4757
f 4759 4753 4764
f 4764 4753 4758
f 4764 4758 4760
f 4585 4581 4770
f 4777 4771 4761
f 4762 4745 4749
f 4775 4777 4761
f 4775 4761 4765
f 4767 4762 4763
f 4767 4763 4768
f 4764 4760 4776
f 4776 4760 4651
f 4772 4775 4765
f 4772 4765 4778
f 4778 4765 4766
f 4778 4766 4779
f 4779 4766 4745
f 4779 4745 4762
f 4779 4762 4767
f 4782 4755 4756
f 4782 4756 4769
f 4780 4767 4768
f 4780 4768 4773
f 4782 4769 4783
f 4783 4769 4759
f 4585 4770 4774
f 4774 4770 4771
f 4774 4771 4777
f 4780 4773 4781
f 4781 4773 4755
f 4781 4755 4782
f 4783 4759 443
f 443 4759 4764
f 4785 4777 4775
f 4785 4775 4772
f 4786 4772 4778
f 4653 4779 4767
f 4784 443 4764
f 4784 4764 4776
f 4780 4653 4767
f 4774 4777 4785
f 4652 4782 4783
f 4652 4783 443
f 4786 4785 4772
f 4786 4778 4654
f 4654 4778 4779
f 4654 4779 4653
f 4781 4782 4652
f 4549 4585 4774
f 4822 4787 4788
f 4792 4819 4789
f 4792 4790 4791
f 4792 4791 4793
f 4792 4793 4821
f 4821 4793 4794
f 4821 4794 4795
f 4821 4795 4796
f 4821 4796 4820
f 4820 4796 4797
f 4820 4797 4798
f 4820 4798 4799
f 4820 4799 4800
f 4820 4800 5262
f 5262 4800 4801
f 5262 4801 4802
f 5262 4802 4803
f 5262 4805 4820
f 4805 4815 4804
f 5262 5267 4805
f 4804 4815 4806
f 4806 4817 4823
f 4805 5267 4811
f 4805 4811 4815
f 4809 4807 4808
f 4809 5263 5260
f 4809 5259 4807
f 5265 4813 4811
f 4809 4808 4812
f 4812 4816 4813
f 4810 4812 4808
f 4813 4816 4815
f 4813 4815 4811
f 4812 4810 4814
f 4812 4814 4816
f 4815 4816 4806
f 4814 4650 4817
f 4816 4817 4806
f 4814 4817 4816
f 4650 4649 4817
f 4649 4823 4817
f 4822 4647 4818
f 4790 4792 4789
f 4792 4822 4819
f 4819 4822 4788
f 4787 4822 4818
f 4820 4805 4821
f 4805 4804 4821
f 4821 4806 4792
f 4792 4823 4822
f 4804 4806 4821
f 4806 4823 4792
f 4813 5263 4809
f 4813 5265 5263
f 4812 4813 4809
f 4807 5259 445
f 4824 4825 4647
f 4647 4825 4818
f 4818 4825 4826
f 4818 4826 4787
f 4787 4826 4827
f 4787 4827 4788
f 4788 4827 4828
f 4788 4828 4829
f 4788 4829 4819
f 4819 4829 4830
f 4819 4830 4789
f 4789 4830 4831
f 4789 4831 4832
f 4789 4832 4790
f 4790 4832 4833
f 4790 4833 4791
f 4791 4833 4834
f 4791 4834 4793
f 4793 4834 4835
f 4793 4835 4794
f 4794 4835 4836
f 4794 4836 4795
f 4795 4836 4837
f 4795 4837 4796
f 4796 4837 4838
f 4796 4838 4797
f 4797 4838 4839
f 4797 4839 4798
f 4798 4839 4840
f 4798 4840 4799
f 4799 4840 4841
f 4799 4841 4800
f 4800 4841 4842
f 4800 4842 4801
f 4801 4842 4843
f 4801 4843 4802
f 4802 4843 4844
f 4802 4844 4803
f 4803 4844 4845
f 4803 4845 4846
f 4846 4845 4848
f 4846 4848 4847
f 4847 4848 4850
f 4847 4850 4849
f 4849 4850 4851
f 4849 4851 4852
f 4852 4851 4853
f 4852 4853 5269
f 5269 4853 4854
f 5269 4854 4855
f 4855 4854 4856
f 4855 4856 4857
f 4857 4856 4858
f 4857 4858 4859
f 4859 4858 4860
f 5466 4861 4862
f 4862 4861 4863
f 4862 4863 5363
f 5363 4863 4864
f 5363 4864 5364
f 5364 4864 4865
f 5364 4865 5476
f 5476 4865 5365
f 5365 4865 4866
f 5365 4866 4867
f 4867 4866 4868
f 4867 4868 4869
f 4869 4868 4870
f 4869 4870 5464
f 5464 4870 4871
f 5464 4871 5366
f 5366 4871 4872
f 5366 4872 5367
f 5367 4872 5368
f 5368 4872 4874
f 5368 4874 4873
f 4873 4874 4875
f 4873 4875 5472
f 5472 4875 4876
f 4876 4875 4877
f 4876 4877 5467
f 5467 4877 4878
f 5467 4878 5369
f 5369 4878 4879
f 4879 4878 4880
f 4879 4880 4881
f 4881 4880 4882
f 4881 4882 5463
f 5463 4882 5370
f 5370 4882 4883
f 5370 4883 4884
f 4884 4883 4885
f 4884 4885 4886
f 4886 4885 4887
f 4886 4887 4888
f 4888 4887 4889
f 4888 4889 4890
f 4890 4889 4891
f 4890 4891 5371
f 5371 4891 5474
f 5474 4891 4893
f 5474 4893 4892
f 4892 4893 4894
f 4894 4893 4895
f 4894 4895 4896
f 4896 4895 4897
f 4896 4897 4898
f 4898 4897 4899
f 4898 4899 5373
f 5373 4899 4900
f 4900 4899 4901
f 4900 4901 4902
f 4902 4901 4903
f 4902 4903 5313
f 5313 4903 4904
f 5313 4904 4905
f 4905 4904 4906
f 4906 4904 4907
f 4906 4907 4828
f 4828 4907 4829
f 4829 4907 4830
f 4830 4907 4831
f 4831 4907 4832
f 4832 4907 4833
f 4833 4907 4834
f 4834 4907 4835
f 4835 4907 4836
f 4836 4907 4837
f 4837 4907 4838
f 4838 4907 4839
f 4839 4907 4908
f 4839 4908 4840
f 4840 4908 4841
f 4841 4908 4842
f 4842 4908 4843
f 4843 4908 4909
f 4843 4909 4844
f 4844 4909 4845
f 4845 4909 4848
f 4848 4909 4850
f 4850 4909 4851
f 4851 4909 4910
f 4851 4910 4853
f 4853 4910 4854
f 4854 4910 4856
f 4856 4910 4911
f 4856 4911 4858
f 4858 4911 4860
f 4860 4911 4912
f 4912 4911 4916
f 4912 4916 4913
f 4913 4916 4914
f 4914 4916 4915
f 4915 4916 4917
f 4917 4916 4918
f 4917 4918 4919
f 4919 4918 4920
f 4919 4920 4921
f 4921 4920 4922
f 4922 4920 4923
f 4923 4920 4924
f 4924 4920 4925
f 4924 4925 4926
f 4926 4925 4927
f 4927 4925 4928
f 4928 4925 4930
f 4928 4930 4929
f 4929 4930 4931
f 4931 4930 4932
f 4931 4932 4933
f 4933 4932 4934
f 4933 4934 4935
f 4828 4827 4906
f 4906 4827 4826
f 4906 4826 4825
f 4906 4825 4824
f 4861 2549 4863
f 4863 2549 2548
f 4863 2548 4864
f 4864 2548 1491
f 4864 1491 4865
f 4865 1491 2547
f 4865 2547 4866
f 4866 2547 2546
f 4866 2546 4868
f 4868 2546 1494
f 4868 1494 4870
f 4870 1494 1493
f 4870 1493 4871
f 4871 1493 2545
f 4871 2545 4872
f 4872 2545 2544
f 4872 2544 2543
f 4872 2543 4874
f 4874 2543 2542
f 4874 2542 4875
f 4875 2542 2541
f 4875 2541 4877
f 4877 2541 2540
f 4877 2540 4878
f 4878 2540 2539
f 4878 2539 4880
f 4880 2539 1496
f 4880 1496 4882
f 4882 1496 2538
f 4882 2538 4883
f 4883 2538 2537
f 4883 2537 4885
f 4885 2537 1782
f 4885 1782 4887
f 4887 1782 2536
f 4887 2536 2535
f 4887 2535 4889
f 4889 2535 2534
f 4889 2534 2533
f 4889 2533 4891
f 4891 2533 2532
f 4891 2532 2531
f 4891 2531 4893
f 4893 2531 2530
f 4893 2530 4895
f 4895 2530 2529
f 4895 2529 4897
f 4897 2529 2528
f 4897 2528 4899
f 4899 2528 2527
f 4899 2527 2526
f 4899 2526 4901
f 4901 2526 2525
f 4901 2525 4903
f 4903 2525 2524
f 4903 2524 4904
f 4904 2524 2523
f 4904 2523 4907
f 4907 2523 2522
f 4907 2522 4908
f 4908 2522 2521
f 4908 2521 4909
f 4909 2521 2520
f 4909 2520 4910
f 4910 2520 4911
f 4911 2520 2519
f 4911 2519 4916
f 4916 2519 2518
f 4916 2518 4918
f 4918 2518 1784
f 4918 1784 4920
f 4920 1784 1785
f 4920 1785 4925
f 4925 1785 1787
f 4925 1787 4930
f 4930 1787 1790
f 4930 1790 4932
f 4932 1790 1793
f 4932 1793 4934
f 4934 1793 1800
f 4934 1800 4936
f 4936 1800 2517
f 4936 2517 4937
f 4937 2517 2516
f 4937 2516 4938
f 4938 2516 2515
f 4938 2515 4939
f 4939 2515 2514
f 4939 2514 4940
f 4940 2514 2513
f 4940 2513 4941
f 4941 2513 2512
f 4941 2512 4942
f 4942 2512 2511
f 4942 2511 4943
f 4943 2511 2510
f 4943 2510 4944
f 4944 2510 2509
f 4944 2509 4945
f 4945 2509 2508
f 4945 2508 4946
f 4946 2508 2507
f 4946 2507 4947
f 4947 2507 2506
f 4947 2506 4948
f 4948 2506 2505
f 4948 2505 4949
f 4949 2505 2504
f 4949 2504 2503
f 4949 2503 4950
f 4950 2503 2502
f 4950 2502 2501
f 4950 2501 4951
f 4951 2501 2500
f 4951 2500 1809
f 4951 1809 4952
f 4952 1809 1808
f 4952 1808 1807
f 4952 1807 2499
f 4952 2499 4953
f 4953 2499 2498
f 4953 2498 2497
f 4953 2497 4954
f 4954 2497 2496
f 4954 2496 2495
f 4954 2495 4955
f 4955 2495 2494
f 4955 2494 1484
f 4955 1484 4956
f 4956 1484 2493
f 4956 2493 4957
f 4957 2493 2492
f 4957 2492 2491
f 4957 2491 4958
f 4958 2491 4959
f 4959 2491 2490
f 4959 2490 4960
f 4960 2490 4961
f 4961 2490 2489
f 4961 2489 4962
f 4962 2489 2488
f 4962 2488 4963
f 4963 2488 1487
f 4963 1487 4964
f 4964 1487 1486
f 4964 1486 4965
f 4965 1486 2487
f 4965 2487 2486
f 4965 2486 4966
f 4966 2486 2485
f 4966 2485 4967
f 4967 2485 1489
f 4967 1489 4968
f 4968 1489 2484
f 4968 2484 4861
f 4861 2484 2549
f 4934 4936 4935
f 4935 4936 4969
f 4969 4936 4970
f 4970 4936 4937
f 4970 4937 4971
f 4971 4937 4972
f 4972 4937 4973
f 4973 4937 4974
f 4974 4937 4938
f 4974 4938 4975
f 4975 4938 4939
f 4975 4939 4976
f 4976 4939 4977
f 4977 4939 4978
f 4978 4939 4979
f 4979 4939 4940
f 4979 4940 4980
f 4980 4940 4981
f 4981 4940 4941
f 4981 4941 4982
f 4982 4941 4983
f 4983 4941 4984
f 4984 4941 4942
f 4984 4942 4985
f 4985 4942 4986
f 4986 4942 4987
f 4987 4942 4943
f 4987 4943 4988
f 4988 4943 4989
f 4989 4943 4944
f 4989 4944 4990
f 4990 4944 4991
f 4991 4944 4992
f 4992 4944 4993
f 4993 4944 4945
f 4993 4945 4994
f 4994 4945 4946
f 4994 4946 4995
f 4995 4946 4996
f 4996 4946 4947
f 4996 4947 4997
f 4997 4947 4998
f 4998 4947 4999
f 4999 4947 4948
f 4999 4948 5000
f 5000 4948 5001
f 5001 4948 4949
f 5001 4949 5002
f 5002 4949 5003
f 5003 4949 5004
f 5004 4949 5005
f 5005 4949 4950
f 5005 4950 5006
f 5006 4950 5007
f 5007 4950 5008
f 5008 4950 4951
f 5008 4951 5009
f 5009 4951 5010
f 5010 4951 5011
f 5011 4951 5012
f 5012 4951 4952
f 5012 4952 5013
f 5013 4952 5014
f 5014 4952 5015
f 5015 4952 4953
f 5015 4953 5016
f 5016 4953 5017
f 5017 4953 5018
f 5018 4953 4954
f 5018 4954 5019
f 5019 4954 5020
f 5020 4954 5021
f 5021 4954 4955
f 5021 4955 5022
f 5022 4955 5023
f 5023 4955 5024
f 5024 4955 4956
f 5024 4956 5025
f 5025 4956 5026
f 5026 4956 4957
f 5026 4957 5027
f 5027 4957 5028
f 5028 4957 5029
f 5029 4957 5030
f 5030 4957 4958
f 5030 4958 5031
f 5031 4958 5032
f 5032 4958 5033
f 5033 4958 5034
f 5034 4958 5035
f 5035 4958 4959
f 5035 4959 5036
f 5036 4959 5037
f 5037 4959 5038
f 5038 4959 5039
f 5039 4959 5040
f 5040 4959 5041
f 5041 4959 5042
f 5042 4959 4960
f 5042 4960 5043
f 5043 4960 5044
f 5044 4960 5045
f 5045 4960 5046
f 5046 4960 5047
f 5047 4960 5048
f 5048 4960 5049
f 5049 4960 4961
f 5049 4961 5050
f 5050 4961 5051
f 5051 4961 5052
f 5052 4961 610
f 5052 610 5053
f 5053 610 5054
f 5054 610 5055
f 5055 610 5056
f 5056 610 5057
f 610 4961 611
f 611 4961 4962
f 611 4962 5058
f 5058 4962 5059
f 5059 4962 4963
f 5059 4963 5060
f 5060 4963 4964
f 5060 4964 5061
f 5061 4964 4965
f 5061 4965 5465
f 5465 4965 5062
f 5062 4965 4966
f 5062 4966 5360
f 5360 4966 4967
f 4967 4968 5362
f 5362 4968 5469
f 5469 4968 4861
f 5469 4861 5466
f 5302 5063 5031
f 5031 5063 5030
f 5030 5063 5064
f 5030 5064 5029
f 5029 5064 5065
f 5029 5065 5028
f 5028 5065 5066
f 5028 5066 5027
f 5027 5066 5067
f 5027 5067 5026
f 5026 5067 5068
f 5026 5068 5025
f 5025 5068 5069
f 5025 5069 5024
f 5024 5069 5070
f 5024 5070 5023
f 5023 5070 5071
f 5023 5071 5022
f 5022 5071 5072
f 5022 5072 5021
f 5021 5072 5073
f 5021 5073 5020
f 5020 5073 5074
f 5020 5074 5019
f 5019 5074 5075
f 5019 5075 5018
f 5018 5075 5076
f 5018 5076 5017
f 5017 5076 5077
f 5017 5077 5016
f 5016 5077 5078
f 5016 5078 5015
f 5015 5078 5079
f 5015 5079 5014
f 5014 5079 5080
f 5014 5080 5013
f 5013 5080 5081
f 5013 5081 5012
f 5012 5081 5082
f 5012 5082 5011
f 5011 5082 5083
f 5011 5083 5010
f 5010 5083 5084
f 5010 5084 5009
f 5009 5084 5085
f 5009 5085 5008
f 5008 5085 5086
f 5008 5086 5007
f 5007 5086 5087
f 5007 5087 5006
f 5006 5087 5088
f 5006 5088 5005
f 5005 5088 5089
f 5005 5089 5004
f 5004 5089 5090
f 5004 5090 5003
f 5003 5090 5091
f 5003 5091 5002
f 5002 5091 5092
f 5002 5092 5001
f 5001 5092 5093
f 5001 5093 5000
f 5000 5093 5094
f 5000 5094 4999
f 4999 5094 5095
f 4999 5095 4998
f 4998 5095 5096
f 4998 5096 4997
f 4997 5096 5097
f 4997 5097 4996
f 4996 5097 5098
f 4996 5098 4995
f 4995 5098 5099
f 4995 5099 4994
f 4994 5099 5100
f 4994 5100 4993
f 4993 5100 5101
f 4993 5101 4992
f 4992 5101 5102
f 4992 5102 4991
f 4991 5102 5103
f 4991 5103 4990
f 4990 5103 5104
f 4990 5104 4989
f 4989 5104 5105
f 4989 5105 4988
f 4988 5105 5106
f 4988 5106 4987
f 4987 5106 5107
f 4987 5107 4986
f 4986 5107 5108
f 4986 5108 4985
f 4985 5108 5109
f 4985 5109 4984
f 4984 5109 5110
f 4984 5110 4983
f 4983 5110 5111
f 4983 5111 4982
f 4982 5111 5112
f 4982 5112 4981
f 4981 5112 5113
f 4981 5113 4980
f 4980 5113 5114
f 4980 5114 4979
f 4979 5114 5115
f 4979 5115 4978
f 4978 5115 5116
f 4978 5116 4977
f 4977 5116 5117
f 4977 5117 4976
f 4976 5117 5118
f 4976 5118 4975
f 4975 5118 5119
f 4975 5119 4974
f 4974 5119 5120
f 4974 5120 4973
f 4973 5120 5121
f 4973 5121 4972
f 4972 5121 5122
f 4972 5122 4971
f 4971 5122 5123
f 4971 5123 4970
f 4970 5123 5124
f 4970 5124 4969
f 4969 5124 5125
f 4969 5125 4935
f 4935 5125 5126
f 4935 5126 4933
f 4933 5126 5127
f 4933 5127 4931
f 4931 5127 5128
f 4931 5128 4929
f 4929 5128 5129
f 4929 5129 4928
f 4928 5129 5130
f 4928 5130 4927
f 4927 5130 5131
f 4927 5131 4926
f 4926 5131 5132
f 4926 5132 4924
f 4924 5132 5133
f 4924 5133 4923
f 4923 5133 5134
f 4923 5134 4922
f 4922 5134 5135
f 4922 5135 4921
f 4921 5135 5136
f 4921 5136 4919
f 4919 5136 5137
f 4919 5137 4917
f 4917 5137 5138
f 4917 5138 4915
f 4915 5138 5139
f 4915 5139 4914
f 4914 5139 5140
f 4914 5140 4913
f 4913 5140 5141
f 4913 5141 4912
f 4912 5141 4859
f 4912 4859 4860
f 5164 5259 5160
f 5160 5259 5260
f 5173 4859 5141
f 5173 5141 5140
f 5173 5140 5172
f 5172 5140 5139
f 5172 5139 5138
f 5172 5138 5137
f 5172 5137 5136
f 5172 5136 5142
f 5142 5136 5135
f 5142 5135 5134
f 5142 5134 5133
f 5142 5133 5132
f 5142 5132 5143
f 5143 5132 5131
f 5143 5131 5130
f 5143 5130 5129
f 5143 5129 5128
f 5143 5128 5144
f 5144 5128 5127
f 5144 5127 5126
f 5144 5126 5125
f 5144 5125 5184
f 5184 5125 5124
f 5184 5124 5123
f 5184 5123 5122
f 5184 5122 5121
f 5184 5121 5174
f 5174 5121 5120
f 5174 5120 5119
f 5174 5119 5118
f 5174 5118 5181
f 5181 5118 5117
f 5181 5117 5116
f 5181 5116 5115
f 5181 5115 5176
f 5176 5115 5114
f 5176 5114 5113
f 5176 5113 5182
f 5182 5113 5112
f 5182 5112 5111
f 5182 5111 5110
f 5182 5110 5145
f 5145 5110 5109
f 5145 5109 5108
f 5145 5108 5175
f 5175 5108 5107
f 5175 5107 5106
f 5175 5106 5105
f 5175 5105 5177
f 5177 5105 5104
f 5177 5104 5103
f 5177 5103 5102
f 5177 5102 5146
f 5146 5102 5101
f 5146 5101 5100
f 5146 5100 5099
f 5146 5099 5147
f 5147 5099 5098
f 5147 5098 5178
f 5178 5098 5097
f 5178 5097 5096
f 5178 5096 5095
f 5178 5095 5190
f 5190 5095 5094
f 5190 5094 5093
f 5190 5093 5187
f 5187 5093 5092
f 5187 5092 5091
f 5187 5091 5148
f 5148 5091 5090
f 5148 5090 5089
f 5148 5089 5088
f 5148 5088 5087
f 5148 5087 5086
f 5148 5086 5179
f 5179 5086 5085
f 5179 5085 5084
f 5179 5084 5083
f 5179 5083 5149
f 5149 5083 5082
f 5149 5082 5081
f 5149 5081 5080
f 5149 5080 5079
f 5149 5079 5078
f 5149 5078 5188
f 5188 5078 5077
f 5188 5077 5150
f 5150 5077 5076
f 5150 5076 5075
f 5150 5075 5074
f 5150 5074 5073
f 5150 5073 5180
f 5180 5073 5072
f 5180 5072 5071
f 5180 5071 5198
f 5198 5071 5070
f 5198 5070 5069
f 5198 5069 5151
f 5151 5069 5068
f 5151 5068 5067
f 5151 5067 5066
f 5151 5066 5065
f 5151 5065 5152
f 5152 5065 5064
f 5152 5064 5063
f 5152 5063 5302
f 5302 5309 5152
f 5199 5309 5270
f 5199 5270 5296
f 5296 5300 5153
f 5153 5300 5301
f 5258 5163 5155
f 5154 5301 5161
f 5154 5161 5163
f 5157 5166 5158
f 5253 5158 5167
f 5253 5167 5256
f 5256 5168 5159
f 5159 444 5255
f 5255 5164 5160
f 5155 346 5162
f 5257 347 5252
f 5252 5169 5254
f 5254 5169 5170
f 5254 5170 5156
f 5156 5170 5166
f 5159 5168 444
f 5255 444 5164
f 5161 5165 5163
f 346 5257 5162
f 5252 347 5169
f 5163 5165 5155
f 5155 5165 346
f 5256 5167 5168
f 5257 346 347
f 5166 5170 348
f 5166 348 5158
f 5158 348 5167
f 5167 446 5168
f 5168 446 5171
f 5168 5171 444
f 5161 345 5165
f 5192 5144 5184
f 5185 5184 5174
f 5183 5182 5145
f 5147 5177 5146
f 5197 5148 5179
f 5196 5188 5150
f 5189 5150 5180
f 5185 5174 5181
f 5194 5181 5176
f 5183 5145 5175
f 5203 5175 5177
f 5200 5148 5197
f 5197 5179 5149
f 5191 5149 5188
f 5199 5198 5151
f 5199 5151 5152
f 5172 5264 5173
f 5200 5187 5148
f 5189 5180 5198
f 5144 5192 5186
f 5144 5186 5143
f 5142 5143 5202
f 5206 5182 5183
f 5203 5177 5147
f 5189 5196 5150
f 5143 5186 5209
f 5143 5209 5202
f 5185 5192 5184
f 5206 5176 5182
f 5183 5175 5203
f 5207 5190 5187
f 5199 5152 5309
f 5172 5193 5264
f 5207 5187 5200
f 5191 5197 5149
f 5196 5191 5188
f 5192 5216 5186
f 5142 5202 5193
f 5142 5193 5172
f 5195 5147 5178
f 5195 5178 5190
f 5206 5194 5176
f 5195 5190 5207
f 5228 5191 5196
f 5189 5198 5208
f 5214 5192 5185
f 5214 5185 5210
f 5210 5185 5181
f 5221 5206 5183
f 5221 5183 5203
f 5204 5197 5191
f 5201 5228 5196
f 5210 5181 5194
f 5203 5147 5195
f 5201 5196 5205
f 5205 5196 5189
f 5264 5193 5212
f 5214 5216 5192
f 5217 5210 5194
f 5218 5200 5197
f 5208 5198 5199
f 5186 5216 5219
f 5186 5219 5209
f 5213 5195 5207
f 5234 5197 5204
f 5205 5189 5208
f 5211 5208 5199
f 5211 5199 5296
f 5234 5218 5197
f 5217 5194 5227
f 5227 5194 5206
f 5204 5191 5228
f 5202 5239 5193
f 5229 5216 5214
f 5222 5221 5203
f 5231 5228 5201
f 5224 5208 5211
f 5202 5209 5225
f 5202 5225 5239
f 5193 5239 5212
f 5227 5206 5221
f 5218 5207 5200
f 5231 5201 5215
f 5215 5201 5205
f 5205 5208 5224
f 5209 5219 5225
f 5229 5214 5220
f 5220 5214 5210
f 5233 5222 5203
f 5233 5203 5195
f 5212 5239 5226
f 5229 5219 5216
f 5220 5210 5217
f 5223 5213 5207
f 5223 5207 5218
f 5230 5220 5217
f 5241 5227 5221
f 5233 5195 5213
f 5235 5231 5215
f 5235 5215 5243
f 5222 5241 5221
f 5251 5222 5233
f 5248 5223 5218
f 5238 5218 5234
f 5232 5229 5220
f 5237 5230 5217
f 5237 5217 5227
f 5250 5227 5241
f 5248 5218 5238
f 5244 5234 5204
f 5235 5204 5228
f 5235 5228 5231
f 5245 5215 5205
f 5245 5205 5224
f 5219 5229 5236
f 5250 5237 5227
f 5247 5233 5213
f 5243 5215 5245
f 5153 5224 5211
f 5153 5211 5296
f 5219 5236 5225
f 5239 5240 5226
f 5236 5229 5246
f 5246 5229 5232
f 5232 5220 5230
f 5241 5222 5251
f 5223 5247 5213
f 5244 5238 5234
f 5244 5204 5235
f 5245 5224 5153
f 5242 5233 5247
f 5225 5236 5240
f 5225 5240 5239
f 5251 5233 5242
f 5246 5232 5253
f 5232 5230 5237
f 5241 5251 5157
f 5249 5238 5244
f 5162 5244 5235
f 5258 5235 5243
f 5248 5247 5223
f 5252 5248 5249
f 5249 5248 5238
f 5162 5235 5258
f 5226 5160 5260
f 5157 5250 5241
f 5157 5251 5242
f 5236 5255 5240
f 5159 5236 5246
f 5253 5232 5237
f 5254 5242 5247
f 5162 5249 5244
f 5258 5243 5154
f 5154 5243 5245
f 5236 5159 5255
f 5240 5255 5160
f 5240 5160 5226
f 5256 5159 5246
f 5158 5237 5250
f 5158 5250 5157
f 5156 5157 5242
f 5254 5247 5248
f 5254 5248 5252
f 5154 5245 5301
f 5301 5245 5153
f 5256 5246 5253
f 5158 5253 5237
f 5257 5249 5162
f 5252 5249 5257
f 5156 5242 5254
f 5155 5162 5258
f 5163 5258 5154
f 5166 5157 5156
f 445 5259 5164
f 5226 5260 5212
f 5212 5263 5264
f 5259 4809 5260
f 5264 5263 5266
f 5265 4811 5267
f 5265 5267 5266
f 5173 5261 5268
f 5268 4857 4859
f 4857 5268 4855
f 5267 5262 5261
f 5268 5261 4852
f 5268 4852 5269
f 4852 5261 4849
f 5261 5262 4846
f 5261 4846 4847
f 5262 4803 4846
f 5261 4847 4849
f 5268 5269 4855
f 5212 5260 5263
f 5173 5264 5266
f 5263 5265 5266
f 5173 5266 5261
f 5267 5261 5266
f 4859 5173 5268
f 5299 345 5161
f 5299 5161 5301
f 5304 5272 5303
f 5303 5272 5273
f 5303 5273 5274
f 5275 5276 5310
f 5310 5276 5277
f 5307 5277 5278
f 5278 5279 5307
f 5307 5279 5283
f 5283 5279 5280
f 5283 5280 5281
f 5283 5281 5282
f 5283 5282 5284
f 5283 5284 5308
f 5308 5284 5285
f 5308 5285 5306
f 5306 5285 5286
f 5306 5286 5287
f 5306 5287 5288
f 5306 5288 5289
f 5306 5289 5305
f 5305 5289 5290
f 5305 5290 5291
f 5305 5291 5292
f 5305 5292 497
f 497 5292 5293
f 497 5293 460
f 497 5295 5305
f 5305 5295 5294
f 5294 5312 5296
f 5294 5295 5297
f 5294 5297 5312
f 497 495 5295
f 5312 5297 5298
f 5295 493 5297
f 495 493 5295
f 5297 493 5298
f 5298 493 492
f 5312 5299 5300
f 5300 5299 5301
f 554 345 5299
f 5309 5302 5271
f 5277 5307 5310
f 5275 5303 5274
f 5275 5310 5303
f 5304 5309 5271
f 5304 5303 5309
f 5305 5294 5306
f 5306 5294 5308
f 5283 5311 5307
f 5307 5311 5310
f 5308 5311 5283
f 5308 5294 5311
f 5311 5270 5310
f 5294 5296 5311
f 5310 5270 5303
f 5311 5296 5270
f 5296 5312 5300
f 5298 490 5312
f 492 490 5298
f 5270 5309 5303
f 490 5299 5312
f 5302 5031 5032
f 5302 5032 5271
f 5271 5032 5033
f 5271 5033 5304
f 5304 5033 5034
f 5304 5034 5272
f 5272 5034 5035
f 5272 5035 5273
f 5273 5035 5036
f 5273 5036 5274
f 5274 5036 5037
f 5274 5037 5275
f 5275 5037 5276
f 5276 5037 5038
f 5276 5038 5039
f 5276 5039 5277
f 5277 5039 5040
f 5277 5040 5278
f 5278 5040 5041
f 5278 5041 5279
f 5279 5041 5042
f 5279 5042 5280
f 5280 5042 5043
f 5280 5043 5281
f 5281 5043 5044
f 5281 5044 5282
f 5282 5044 5045
f 5282 5045 5284
f 5284 5045 5046
f 5284 5046 5285
f 5285 5046 5286
f 5286 5046 5047
f 5286 5047 5048
f 5286 5048 5287
f 5287 5048 5049
f 5287 5049 5288
f 5288 5049 5050
f 5288 5050 5289
f 5289 5050 5051
f 5289 5051 5052
f 5289 5052 5290
f 5290 5052 5053
f 5290 5053 5291
f 5291 5053 5054
f 5291 5054 5055
f 5291 5055 5292
f 5292 5055 5056
f 5292 5056 5293
f 5293 5056 5057
f 5057 460 5293
f 5377 5314 5316
f 5319 5318 5320
f 5381 5324 5325
f 5381 5325 5391
f 5391 5325 5326
f 5391 5326 5327
f 5386 5327 5328
f 5332 5333 5374
f 5374 5333 5334
f 5341 5339 5340
f 5341 5340 5342
f 5341 5342 5384
f 5343 5344 5383
f 5383 5344 5345
f 5383 5345 5382
f 5382 5345 5346
f 5346 5347 5379
f 5379 5347 5348
f 5390 5349 5350
f 5390 5350 5396
f 5409 5355 5356
f 5409 5356 5422
f 5422 5356 5394
f 5394 5356 5357
f 5394 5357 5358
f 5394 5358 5406
f 5434 5458 5475
f 5438 5475 5470
f 5459 4867 5450
f 5450 4867 4869
f 5450 4869 5464
f 5458 612 5059
f 5059 612 5058
f 5475 5059 5060
f 5361 5360 4967
f 5471 5363 5364
f 5472 4876 5467
f 5369 4879 4881
f 5473 4884 4886
f 4888 4890 5468
f 5468 4890 5371
f 5474 4892 5372
f 5372 4892 4894
f 5372 4894 4896
f 5372 4896 4898
f 5315 4900 4902
f 5315 4902 5313
f 5316 5317 5377
f 5348 5349 5378
f 5348 5378 5379
f 5349 5390 5378
f 5339 5341 5395
f 5339 5395 5338
f 5338 5385 5337
f 5328 5412 5386
f 5327 5387 5391
f 5392 5402 5321
f 5318 5319 5317
f 5317 5319 5377
f 5388 5396 5351
f 5338 5395 5385
f 5330 5404 5398
f 5327 5386 5387
f 5341 5384 5421
f 5335 5336 5401
f 5335 5401 5334
f 5334 5401 5374
f 5330 5331 5403
f 5329 5380 5376
f 5337 5385 5408
f 5331 5416 5403
f 5399 5393 5405
f 5346 5379 5382
f 5375 5400 5384
f 5330 5403 5404
f 5324 5381 5389
f 5323 5324 5417
f 5323 5417 5322
f 5375 5343 5400
f 5324 5389 5417
f 5410 5352 5353
f 5410 5353 5354
f 5384 5400 5421
f 5332 5374 5415
f 5332 5415 5416
f 5321 5402 5320
f 5320 5407 5319
f 5388 5351 5393
f 5410 5405 5352
f 5410 5354 5355
f 5410 5355 5409
f 5396 5397 5390
f 5395 5424 5385
f 5385 5424 5411
f 5329 5398 5380
f 5376 5380 5412
f 5391 5387 5381
f 5392 5322 5402
f 5388 5393 5399
f 5423 5422 5394
f 5390 5397 5378
f 5383 5426 5343
f 5343 5426 5400
f 5397 5396 5388
f 5383 5382 5429
f 5383 5429 5426
f 5423 5394 5406
f 5398 5404 5380
f 5319 5407 5418
f 5319 5418 5377
f 5336 5408 5430
f 5374 5401 5415
f 5381 5387 5389
f 5322 5417 5402
f 5387 5433 5389
f 5417 5389 5446
f 5404 5403 5435
f 5386 5433 5387
f 5419 5388 5399
f 5395 5341 5414
f 5416 5448 5403
f 5412 5380 5425
f 5382 5379 5429
f 5341 5421 5414
f 5385 5411 5408
f 5336 5430 5401
f 5401 5430 5415
f 5380 5404 5425
f 5419 5397 5388
f 5420 5410 5409
f 5403 5448 5435
f 5386 5412 5433
f 5320 5413 5407
f 5432 5405 5410
f 5395 5414 5424
f 5320 5402 5413
f 5407 5413 5418
f 5432 5399 5405
f 5420 5409 5422
f 5404 5435 5425
f 5400 5426 5440
f 5389 5433 5436
f 5379 5378 5428
f 5451 5399 5432
f 5389 5436 5446
f 5418 5314 5377
f 5379 5428 5429
f 5421 5400 5443
f 5421 5443 5414
f 5431 5397 5419
f 5419 5399 5451
f 5458 5406 613
f 5378 5397 5431
f 5426 5429 5440
f 5400 5440 5443
f 5414 5443 5427
f 5414 5427 5424
f 5416 5415 5447
f 5416 5447 5448
f 5425 5442 5412
f 5415 5430 5447
f 5418 5413 5314
f 5437 5432 5410
f 5437 5410 5420
f 5424 5427 5455
f 5424 5455 5411
f 5417 5441 5402
f 5438 5420 5422
f 5438 5422 5423
f 5378 5431 5428
f 5429 5439 5440
f 5412 5442 5433
f 5446 5441 5417
f 5434 5423 5406
f 5434 5406 5458
f 5429 5428 5439
f 5402 5441 5413
f 5438 5437 5420
f 5430 5408 5456
f 5408 5411 5444
f 5431 5449 5428
f 5443 5450 5427
f 5457 5419 5451
f 5451 5432 5437
f 5440 5439 5459
f 5411 5455 5444
f 5408 5444 5456
f 5430 5456 5447
f 5435 5448 5445
f 5435 5445 5425
f 5425 5445 5442
f 5446 5453 5441
f 5431 5457 5449
f 5440 5459 5443
f 5443 5459 5450
f 5446 5436 5453
f 5441 5461 5413
f 5413 5461 5314
f 5457 5431 5419
f 5428 5449 5439
f 5438 5423 5434
f 5439 5454 5459
f 5427 5450 5455
f 5439 5449 5454
f 5447 5456 5452
f 5447 5452 5448
f 5314 5461 5315
f 5444 5460 5456
f 5433 5359 5436
f 5455 5460 5444
f 5442 5359 5433
f 5455 5450 5460
f 5448 5452 5462
f 5448 5462 5445
f 5441 5453 5461
f 5450 5464 5460
f 5456 5460 5452
f 5436 5359 5468
f 5436 5468 5453
f 5445 5473 5442
f 5442 5473 5359
f 5361 5457 5451
f 5361 5451 5437
f 5475 5438 5434
f 5457 5471 5449
f 5449 5471 5454
f 5445 5462 5463
f 5445 5463 5473
f 5468 5474 5453
f 5062 5361 5437
f 5459 5454 4867
f 5460 5472 5452
f 5470 5437 5438
f 5453 5372 5461
f 5469 5466 5457
f 5362 5457 5361
f 5470 5062 5437
f 5452 5472 5467
f 5452 5467 5462
f 5474 5372 5453
f 5461 4900 5315
f 5471 5476 5454
f 5462 5467 5369
f 5362 5469 5457
f 5457 5466 5471
f 5454 5476 5365
f 5454 5365 4867
f 5460 4873 5472
f 5372 4898 5461
f 5461 5373 4900
f 5465 5470 5061
f 5061 5470 5475
f 5059 5475 5458
f 5464 5367 5460
f 5367 5368 5460
f 5473 4886 5359
f 5461 4898 5373
f 5464 5366 5367
f 5462 4881 5463
f 5359 4888 5468
f 5471 5364 5476
f 5460 5368 4873
f 5463 5370 5473
f 5473 5370 4884
f 5359 4886 4888
f 5468 5371 5474
f 5466 4862 5471
f 5471 4862 5363
f 5462 5369 4881
f 5465 5062 5470
f 5060 5061 5475
f 4967 5362 5361
f 5360 5361 5062
f 4596 4580 3658
f 3658 4580 3901
f 3658 3901 3655
f 3655 3901 3898
f 3655 3898 3902
f 3738 3775 3902
f 3902 3775 3831
f 3902 3831 3774
f 3902 3774 3654
f 3902 3654 3655
f 3658 3660 4596
f 4596 3660 4597
f 4597 3660 3675
f 4597 3675 4599
f 4599 3675 3676
f 4599 3676 4601
f 4601 3676 3677
f 4601 3677 4603
f 4603 3677 3678
f 4603 3678 4605
f 4605 3678 3679
f 4605 3679 4607
f 4607 3679 3680
f 4607 3680 4609
f 4609 3680 3681
f 4609 3681 4611
f 4611 3681 3682
f 4611 3682 4613
f 4613 3682 3683
f 4613 3683 4614
f 4614 3683 3684
f 4614 3684 4616
f 4616 3684 3685
f 4616 3685 4618
f 4618 3685 3686
f 4618 3686 4620
f 4620 3686 3687
f 4620 3687 4622
f 4622 3687 3688
f 4622 3688 4624
f 4624 3688 3689
f 4624 3689 4625
f 4625 3689 3690
f 4625 3690 4627
f 4627 3690 3691
f 4627 3691 4629
f 4629 3691 3692
f 4629 3692 4631
f 4631 3692 3693
f 4631 3693 4633
f 4633 3693 3694
f 4633 3694 4635
f 4635 3694 3695
f 4635 3695 4637
f 4637 3695 3696
f 4637 3696 4639
f 4639 3696 3697
f 4639 3697 4640
f 4640 3697 3698
f 4640 3698 4642
f 4642 3698 3699
f 4642 3699 4643
f 4643 3699 3700
f 4643 3700 4645
f 4645 3700 3715
f 4645 3715 4647
f 4647 3715 4824
f 4824 3715 3717
f 4824 3717 4906
f 4906 3717 4905
f 4905 3717 3719
f 4905 3719 5316
f 4905 5316 5314
f 4905 5314 5315
f 4905 5315 5313
f 4524 3876 4557
f 4557 3876 3877
f 4557 3877 4556
f 4556 3877 3878
f 4556 3878 4555
f 4555 3878 4554
f 4554 3878 3879
f 4554 3879 4553
f 4553 3879 3881
f 4553 3881 4552
f 4552 3881 3882
f 4552 3882 4561
f 4561 3882 3883
f 4561 3883 4562
f 4562 3883 3885
f 4562 3885 4563
f 4563 3885 3886
f 4563 3886 4565
f 4565 3886 3887
f 4565 3887 4567
f 4567 3887 3888
f 4567 3888 4569
f 4569 3888 3890
f 4569 3890 4570
f 4570 3890 3891
f 4570 3891 4571
f 4571 3891 3892
f 4571 3892 4572
f 4572 3892 3893
f 4572 3893 4573
f 4573 3893 3894
f 4573 3894 4574
f 4574 3894 3895
f 4574 3895 4576
f 4576 3895 3896
f 4576 3896 4577
f 4577 3896 3897
f 4577 3897 3899
f 4577 3899 4578
f 4578 3899 3900
f 4578 3900 4579
f 4579 3900 3901
f 3901 4580 4579
f 3853 3855 4348
f 4348 3855 4506
f 4506 3855 3856
f 4506 3856 4507
f 4507 3856 3857
f 4507 3857 4508
f 4508 3857 3858
f 4508 3858 4509
f 4509 3858 3860
f 4509 3860 4510
f 4510 3860 3861
f 4510 3861 4511
f 4511 3861 3862
f 4511 3862 4512
f 4512 3862 3864
f 4512 3864 4513
f 4513 3864 3865
f 4513 3865 4515
f 4515 3865 3866
f 4515 3866 4516
f 4516 3866 3868
f 4516 3868 4517
f 4517 3868 3869
f 4517 3869 4518
f 4518 3869 3870
f 4518 3870 4519
f 4519 3870 3871
f 4519 3871 4520
f 4520 3871 3873
f 4520 3873 4521
f 4521 3873 3874
f 4521 3874 4523
f 4523 3874 3876
f 4523 3876 4524
f 3985 3984 4337
f 4337 3984 4359
f 4359 3984 3986
f 4359 3986 4366
f 4366 3986 3987
f 4366 3987 4368
f 4368 3987 3988
f 4368 3988 4370
f 4370 3988 3989
f 4370 3989 4373
f 4373 3989 3990
f 4373 3990 4375
f 4375 3990 3991
f 4375 3991 4379
f 4379 3991 3992
f 4379 3992 4381
f 4381 3992 3993
f 4381 3993 4383
f 4383 3993 3994
f 4383 3994 4385
f 4385 3994 3995
f 4385 3995 4386
f 4386 3995 3996
f 4386 3996 4388
f 4388 3996 3997
f 4388 3997 4390
f 4390 3997 3998
f 4390 3998 4392
f 4392 3998 3999
f 4392 3999 4394
f 4394 3999 4000
f 4394 4000 4397
f 4397 4000 4001
f 4397 4001 4398
f 4398 4001 4002
f 4398 4002 4401
f 4401 4002 4003
f 4401 4003 4404
f 4404 4003 4004
f 4404 4004 4405
f 4405 4004 4005
f 4405 4005 4409
f 4409 4005 4006
f 4409 4006 4411
f 4411 4006 4007
f 4411 4007 4412
f 4412 4007 4008
f 4412 4008 4415
f 4415 4008 4009
f 4415 4009 4419
f 4419 4009 4010
f 4419 4010 4421
f 4421 4010 4011
f 4421 4011 4423
f 4423 4011 4012
f 4423 4012 4426
f 4426 4012 4013
f 4426 4013 4429
f 4429 4013 4014
f 4429 4014 4430
f 4430 4014 4015
f 4430 4015 4432
f 4432 4015 4016
f 4432 4016 4435
f 4435 4016 4017
f 4435 4017 4437
f 4437 4017 4018
f 4437 4018 4438
f 4438 4018 4019
f 4438 4019 4439
f 4439 4019 4020
f 4439 4020 4441
f 4441 4020 4021
f 4441 4021 4442
f 4442 4021 4022
f 4442 4022 4443
f 4443 4022 4023
f 4443 4023 4445
f 4445 4023 4024
f 4445 4024 4447
f 4447 4024 4025
f 4447 4025 4448
f 4448 4025 4026
f 4448 4026 4450
f 4450 4026 4027
f 4450 4027 4452
f 4452 4027 4028
f 4452 4028 4453
f 4453 4028 4029
f 4453 4029 4455
f 4455 4029 4030
f 4455 4030 4457
f 4457 4030 4031
f 4457 4031 4459
f 4459 4031 4032
f 4459 4032 4460
f 4460 4032 4033
f 4460 4033 4462
f 4462 4033 4034
f 4462 4034 4463
f 4463 4034 4035
f 4463 4035 4464
f 4464 4035 4036
f 4464 4036 4466
f 4466 4036 4037
f 4466 4037 4467
f 4467 4037 4038
f 4467 4038 4469
f 4469 4038 4039
f 4469 4039 4471
f 4471 4039 4040
f 4471 4040 4473
f 4473 4040 4041
f 4473 4041 4474
f 4474 4041 4042
f 4474 4042 4476
f 4476 4042 4043
f 4476 4043 4477
f 4477 4043 4044
f 4477 4044 4478
f 4478 4044 4045
f 4478 4045 4480
f 4480 4045 4046
f 4480 4046 4347
f 4347 4046 3853
f 4347 3853 4348
f 3985 4337 3983
f 3983 4337 4334
f 3983 4334 4047
f 4047 4334 4333
f 4047 4333 3982
f 3982 4333 4332
f 3982 4332 4048
f 4048 4332 4331
f 4048 4331 4049
f 4049 4331 4330
f 4049 4330 3980
f 3980 4330 4329
f 3980 4329 3981
f 3981 4329 4312
f 3981 4312 4050
f 4050 4312 4313
f 4050 4313 4051
f 4051 4313 4315
f 4051 4315 3979
f 3979 4315 4328
f 3979 4328 4052
f 4052 4328 4327
f 4052 4327 4053
f 4053 4327 4326
f 4053 4326 4054
f 4054 4326 4055
f 4055 4326 4325
f 4055 4325 4056
f 4056 4325 4324
f 4056 4324 4057
f 4057 4324 4323
f 4057 4323 4058
f 4058 4323 4322
f 4058 4322 3978
f 3978 4322 4320
f 3978 4320 3977
f 3977 4320 4319
f 3977 4319 4059
f 4059 4319 4318
f 4059 4318 4060
f 4060 4318 4317
f 4060 4317 4061
f 4061 4317 4103
f 4061 4103 4062
f 614 613 920
f 920 613 5406
f 920 5406 5358
f 920 5358 919
f 919 5358 5357
f 919 5357 918
f 918 5357 5356
f 918 5356 921
f 921 5356 5355
f 921 5355 922
f 922 5355 5354
f 922 5354 923
f 923 5354 5353
f 923 5353 924
f 924 5353 5352
f 924 5352 5405
f 924 5405 925
f 925 5405 926
f 926 5405 5393
f 926 5393 5351
f 926 5351 927
f 927 5351 5396
f 927 5396 5350
f 927 5350 929
f 929 5350 930
f 930 5350 5349
f 930 5349 931
f 931 5349 5348
f 931 5348 932
f 932 5348 5347
f 932 5347 933
f 933 5347 5346
f 933 5346 934
f 934 5346 5345
f 934 5345 5516
f 5516 5345 5344
f 5516 5344 5502
f 5502 5344 5477
f 5477 5344 5343
f 5477 5343 5375
f 5477 5375 5478
f 5478 5375 5384
f 5478 5384 5342
f 5478 5342 5501
f 5501 5342 5479
f 5479 5342 5340
f 5479 5340 5339
f 5479 5339 5480
f 5480 5339 5338
f 5480 5338 5337
f 5480 5337 5481
f 5481 5337 5408
f 5481 5408 5504
f 5504 5408 5336
f 5504 5336 5335
f 5504 5335 5482
f 5482 5335 5334
f 5482 5334 5483
f 5483 5334 5333
f 5483 5333 5484
f 5484 5333 5332
f 5484 5332 3714
f 3714 5332 5416
f 3714 5416 3713
f 3713 5416 5331
f 3713 5331 3712
f 3712 5331 5330
f 3712 5330 5398
f 3712 5398 3711
f 3711 5398 5329
f 3711 5329 3710
f 3710 5329 5376
f 3710 5376 3709
f 3709 5376 5412
f 3709 5412 3708
f 3708 5412 5328
f 3708 5328 3707
f 3707 5328 5327
f 3707 5327 5326
f 3707 5326 3706
f 3706 5326 5325
f 3706 5325 3705
f 3705 5325 5324
f 3705 5324 3704
f 3704 5324 5323
f 3704 5323 3703
f 3703 5323 5322
f 3703 5322 3702
f 3702 5322 5392
f 3702 5392 3701
f 3701 5392 5321
f 3701 5321 3716
f 3716 5321 5320
f 3716 5320 5318
f 3716 5318 3718
f 3718 5318 5317
f 3718 5317 3719
f 3719 5317 5316
f 5512 5491 5510
f 5513 5497 5515
f 5503 5488 5489
f 5488 5491 5489
f 5506 5490 5488
f 5488 5490 5491
f 5489 5512 5487
f 5487 5512 5498
f 5489 5491 5512
f 5506 5485 5490
f 5506 5507 5485
f 5511 5495 2662
f 5486 5494 5511
f 5511 5494 5495
f 5486 5496 5494
f 5496 3402 5494
f 5514 2664 5497
f 5499 5503 5489
f 3407 5504 5500
f 3406 5504 3407
f 3406 5481 5504
f 5492 5506 5481
f 5488 5479 5480
f 5488 5480 5506
f 5506 5480 5481
f 5500 5504 5482
f 5500 5482 5483
f 5505 5478 5501
f 5483 5484 5500
f 5481 3406 5492
f 5479 5488 5503
f 5503 5499 5505
f 5479 5503 5505
f 5479 5505 5501
f 5489 5487 5499
f 5492 5507 5506
f 5491 5490 5510
f 5485 5507 3404
f 5486 5485 3404
f 5490 5485 5508
f 5508 5485 5486
f 5511 5508 5486
f 5510 5490 5508
f 5510 5508 5509
f 5509 5508 5511
f 5510 5509 5493
f 5493 5509 2662
f 5513 5510 5493
f 5512 5510 5513
f 5514 5513 5493
f 5514 5493 2663
f 5498 5512 5513
f 5513 5514 5497
f 2662 2663 5493
f 5509 5511 2662
f 5513 5515 5498
f 3402 2661 5494
f 5516 5502 5747
f 5747 5502 5517
f 5517 5502 5477
f 5517 5477 5478
f 5517 5478 5518
f 5518 5478 5505
f 5518 5505 5519
f 5519 5505 5499
f 5519 5499 5520
f 5520 5499 5487
f 5520 5487 5498
f 5520 5498 5521
f 5521 5498 5515
f 5521 5515 5522
f 5522 5515 5497
f 5522 5497 5523
f 5523 5497 2664
f 5523 2664 2665
f 5523 2665 5555
f 5555 2665 2666
f 5555 2666 2667
f 5566 2667 2668
f 5566 2668 5571
f 5571 2668 2669
f 5571 2669 5570
f 5570 2669 2670
f 5570 2670 5554
f 5554 2670 2671
f 5554 2671 5553
f 5553 2671 2672
f 5553 2672 5524
f 5524 2672 2673
f 5524 2673 5525
f 5525 2673 2674
f 5525 2674 5526
f 5526 2674 2675
f 5526 2675 5527
f 5527 2675 2676
f 5527 2676 5528
f 5528 2676 2677
f 5528 2677 2678
f 5536 2607 5558
f 5558 2607 2608
f 5558 2608 5573
f 5573 2608 2609
f 5573 2609 5561
f 5561 2609 2610
f 5561 2610 5537
f 5537 2610 2611
f 5537 2611 2724
f 5537 2724 2726
f 5537 2726 2728
f 5537 2728 2730
f 5537 2730 2732
f 5537 2732 5538
f 5538 2732 2734
f 5538 2734 2736
f 5538 2736 2739
f 5538 2739 2741
f 5538 2741 5539
f 5539 2741 2743
f 5539 2743 2745
f 5539 2745 2747
f 5539 2747 2749
f 5539 2749 2751
f 5539 2751 5540
f 5540 2751 2753
f 5540 2753 2755
f 5540 2755 2757
f 5540 2757 5541
f 5541 2757 2759
f 5541 2759 2760
f 5541 2760 2762
f 5541 2762 5542
f 5542 2762 2765
f 5542 2765 2767
f 5542 2767 2769
f 5542 2769 5739
f 5739 2769 2771
f 5739 2771 2773
f 5739 2773 2775
f 5739 2775 2777
f 5739 2777 5543
f 5543 2777 2779
f 5543 2779 2781
f 5543 2781 913
f 5543 913 914
f 5543 914 5544
f 5544 914 5545
f 5545 914 5764
f 5764 914 5763
f 5763 914 915
f 5761 915 916
f 5761 916 5757
f 5757 916 5546
f 5546 916 5547
f 5547 916 917
f 5547 917 5759
f 5759 917 5548
f 5548 917 5750
f 5750 917 928
f 5750 928 5751
f 5751 928 5752
f 5752 928 5746
f 5746 928 5549
f 5526 5527 5551
f 5526 5551 5525
f 5525 5551 5565
f 5525 5565 5524
f 5524 5565 5552
f 5524 5552 5553
f 2667 5566 5567
f 2667 5567 5555
f 5550 5578 2683
f 5527 5528 5564
f 5527 5564 5551
f 5589 5557 5529
f 5589 5529 5560
f 5560 5529 5530
f 5560 5530 5575
f 5575 5530 5531
f 5575 5531 5579
f 5579 5531 5532
f 5579 5532 5533
f 2683 5578 5559
f 2683 5559 2682
f 2682 5559 5562
f 2682 5562 2681
f 2678 2679 5583
f 2678 5583 5528
f 5528 5583 5563
f 5528 5563 5564
f 5554 5553 5576
f 5554 5576 5570
f 5578 5550 5556
f 5588 5602 5557
f 5588 5557 5589
f 2679 5598 5592
f 2679 5592 5583
f 5553 5552 5587
f 5553 5587 5576
f 5555 5567 5568
f 5555 5568 5523
f 5523 5568 5522
f 5597 5579 5533
f 5597 5533 5534
f 5572 5535 5536
f 5572 5536 5558
f 2681 5562 5582
f 2681 5582 2680
f 5551 5564 5569
f 5551 5569 5565
f 5566 5571 5574
f 5566 5574 5567
f 5585 5597 5534
f 5585 5534 5590
f 5590 5534 5535
f 5590 5535 5572
f 5570 5576 5584
f 5570 5584 5571
f 5571 5584 5612
f 5571 5612 5574
f 5580 5572 5558
f 5580 5558 5581
f 5581 5558 5573
f 5581 5573 5561
f 5552 5565 5595
f 5552 5595 5587
f 5567 5574 5596
f 5567 5596 5568
f 5568 5596 5577
f 5568 5577 5522
f 5522 5577 5521
f 5604 5581 5561
f 5604 5561 5537
f 5562 5559 5586
f 5562 5586 5582
f 5601 5578 5556
f 5601 5556 5602
f 5603 5589 5560
f 5603 5560 5575
f 5607 5575 5579
f 5607 5579 5597
f 5578 5591 5559
f 5564 5563 5593
f 5564 5593 5569
f 5565 5569 5594
f 5565 5594 5595
f 5606 5603 5575
f 5606 5575 5607
f 5538 5604 5537
f 5569 5593 5610
f 5569 5610 5594
f 5577 5596 5618
f 5577 5618 5521
f 5591 5578 5601
f 5615 5602 5588
f 5615 5588 5632
f 5632 5588 5589
f 5632 5589 5603
f 5583 5592 5599
f 5583 5599 5563
f 5563 5599 5600
f 5563 5600 5593
f 5593 5600 5621
f 5593 5621 5610
f 5584 5576 5611
f 5584 5611 5612
f 5574 5612 5646
f 5574 5646 5596
f 5596 5646 5613
f 5596 5613 5618
f 5626 5607 5597
f 5626 5597 5627
f 5627 5597 5585
f 5627 5585 5590
f 5559 5591 5608
f 5559 5608 5586
f 2680 5582 5616
f 2680 5616 5598
f 5598 5616 5617
f 5598 5617 5592
f 5592 5617 5609
f 5592 5609 5599
f 5599 5609 5630
f 5599 5630 5600
f 5587 5595 5605
f 5587 5605 5576
f 5576 5605 5637
f 5576 5637 5611
f 5521 5618 5520
f 5624 5632 5603
f 5624 5603 5606
f 5633 5627 5590
f 5633 5590 5572
f 5582 5586 5628
f 5582 5628 5616
f 5594 5610 5642
f 5594 5642 5595
f 5595 5642 5622
f 5595 5622 5605
f 5614 5601 5602
f 5614 5602 5615
f 5640 5624 5606
f 5640 5606 5625
f 5625 5606 5607
f 5625 5607 5626
f 5634 5633 5572
f 5634 5572 5619
f 5619 5572 5580
f 5619 5580 5581
f 5591 5620 5608
f 5612 5611 5638
f 5612 5638 5646
f 5600 5630 5653
f 5600 5653 5621
f 5605 5622 5623
f 5605 5623 5637
f 5620 5591 5631
f 5631 5591 5601
f 5631 5601 5614
f 5649 5619 5581
f 5649 5581 5641
f 5641 5581 5604
f 5641 5604 5538
f 5586 5608 5667
f 5586 5667 5628
f 5616 5628 5629
f 5616 5629 5617
f 5617 5629 5635
f 5617 5635 5609
f 5609 5635 5636
f 5609 5636 5630
f 5639 5632 5624
f 5639 5624 5640
f 5645 5640 5625
f 5645 5625 5652
f 5652 5625 5626
f 5652 5626 5648
f 5648 5626 5627
f 5648 5627 5633
f 5608 5620 5675
f 5608 5675 5667
f 5611 5637 5655
f 5611 5655 5638
f 5643 5614 5615
f 5643 5615 5644
f 5644 5615 5632
f 5644 5632 5639
f 5656 5648 5633
f 5656 5633 5660
f 5660 5633 5634
f 5660 5634 5619
f 5539 5641 5538
f 5637 5623 5655
f 5651 5631 5614
f 5651 5614 5643
f 5647 5639 5640
f 5647 5640 5645
f 5657 5660 5619
f 5657 5619 5649
f 5620 5680 5675
f 5638 5655 5671
f 5638 5671 5646
f 5662 5649 5641
f 5662 5641 5539
f 5630 5636 5658
f 5630 5658 5653
f 5621 5653 5654
f 5621 5654 5610
f 5610 5654 5669
f 5610 5669 5642
f 5655 5670 5671
f 5646 5671 5672
f 5646 5672 5613
f 5613 5672 5673
f 5613 5673 5618
f 5618 5673 5650
f 5618 5650 5520
f 5520 5650 5519
f 5680 5620 5631
f 5661 5657 5649
f 5661 5649 5662
f 5635 5629 5663
f 5635 5663 5636
f 5636 5663 5664
f 5636 5664 5658
f 5642 5669 5677
f 5642 5677 5622
f 5622 5677 5659
f 5622 5659 5623
f 5699 5680 5631
f 5699 5631 5651
f 5679 5647 5645
f 5679 5645 5666
f 5666 5645 5652
f 5666 5652 5648
f 5629 5628 5683
f 5629 5683 5663
f 5655 5623 5665
f 5655 5665 5670
f 5704 5699 5651
f 5704 5651 5685
f 5685 5651 5643
f 5685 5643 5686
f 5686 5643 5644
f 5686 5644 5674
f 5674 5644 5639
f 5674 5639 5647
f 5628 5667 5676
f 5628 5676 5683
f 5653 5658 5668
f 5653 5668 5654
f 5623 5659 5678
f 5623 5678 5665
f 5688 5660 5657
f 5688 5657 5661
f 5540 5662 5539
f 5658 5664 5684
f 5658 5684 5668
f 5710 5674 5647
f 5710 5647 5679
f 5687 5666 5648
f 5687 5648 5656
f 5693 5688 5661
f 5693 5661 5694
f 5694 5661 5662
f 5694 5662 5540
f 5667 5675 5690
f 5667 5690 5676
f 5669 5654 5695
f 5669 5695 5677
f 5671 5670 5697
f 5671 5697 5672
f 5672 5697 5698
f 5672 5698 5673
f 5673 5698 5691
f 5673 5691 5650
f 5519 5650 5518
f 5687 5656 5660
f 5675 5680 5682
f 5675 5682 5690
f 5677 5695 5716
f 5677 5716 5659
f 5659 5716 5681
f 5659 5681 5678
f 5650 5691 5703
f 5650 5703 5518
f 5721 5710 5679
f 5721 5679 5692
f 5692 5679 5666
f 5692 5666 5687
f 5713 5687 5660
f 5713 5660 5688
f 5680 5689 5682
f 5706 5692 5687
f 5676 5690 5707
f 5676 5707 5683
f 5683 5707 5700
f 5683 5700 5663
f 5654 5668 5701
f 5654 5701 5695
f 5689 5680 5699
f 5705 5704 5685
f 5705 5685 5686
f 5706 5687 5713
f 5541 5694 5540
f 5663 5700 5715
f 5663 5715 5664
f 5664 5715 5684
f 5678 5681 5702
f 5678 5702 5665
f 5665 5702 5696
f 5665 5696 5670
f 5670 5696 5697
f 5719 5713 5688
f 5719 5688 5693
f 5717 5689 5699
f 5717 5699 5704
f 5690 5682 5707
f 5707 5714 5700
f 5696 5708 5697
f 5717 5704 5705
f 5718 5705 5686
f 5718 5686 5709
f 5709 5686 5674
f 5709 5674 5710
f 5711 5721 5692
f 5711 5692 5712
f 5712 5692 5706
f 5733 5719 5693
f 5733 5693 5694
f 5733 5694 5542
f 5542 5694 5541
f 5682 5689 5723
f 5682 5723 5707
f 5668 5684 5724
f 5668 5724 5701
f 5681 5716 5732
f 5681 5732 5702
f 5696 5702 5727
f 5696 5727 5708
f 5518 5703 5517
f 5722 5712 5706
f 5722 5706 5713
f 5722 5713 5719
f 5700 5714 5720
f 5700 5720 5715
f 5715 5720 5744
f 5715 5744 5734
f 5715 5734 5684
f 5684 5734 5724
f 5695 5701 5726
f 5695 5726 5716
f 5716 5726 5732
f 5698 5697 5728
f 5698 5728 5691
f 5691 5728 5703
f 5725 5717 5705
f 5725 5705 5718
f 5707 5723 5730
f 5707 5730 5714
f 5701 5724 5731
f 5701 5731 5726
f 5697 5708 5741
f 5697 5741 5728
f 5737 5709 5710
f 5737 5710 5721
f 5737 5721 5711
f 5738 5722 5719
f 5738 5719 5733
f 5723 5689 5729
f 5723 5729 5730
f 5753 5689 5717
f 5753 5717 5736
f 5736 5717 5725
f 5708 5727 5752
f 5708 5752 5741
f 5703 5728 5735
f 5703 5735 5517
f 5754 5725 5718
f 5754 5718 5709
f 5756 5738 5733
f 5739 5733 5542
f 5734 5745 5724
f 5732 5726 5740
f 5732 5740 5702
f 5702 5740 5751
f 5702 5751 5727
f 5728 5741 5735
f 5517 5735 5747
f 5729 5689 5753
f 5742 5737 5711
f 5742 5711 5743
f 5743 5711 5712
f 5743 5712 5722
f 5743 5722 5738
f 5739 5756 5733
f 5734 5744 5745
f 5726 5731 5548
f 5726 5548 5740
f 5714 5730 5748
f 5714 5748 5720
f 5720 5748 5744
f 5731 5724 5759
f 5731 5759 5548
f 5727 5751 5752
f 5741 5746 5735
f 5735 5746 5747
f 5755 5754 5709
f 5755 5709 5737
f 5760 5743 5738
f 5760 5738 5756
f 5745 5758 5724
f 5724 5758 5759
f 5740 5750 5751
f 5741 5752 5746
f 5755 5737 5742
f 5545 5742 5743
f 5545 5743 5760
f 5729 5757 5730
f 5730 5757 5748
f 5744 5748 5749
f 5744 5749 5745
f 5745 5749 5758
f 5740 5548 5750
f 5747 5746 5549
f 5747 5549 5516
f 5762 5753 5736
f 5762 5736 5725
f 5729 5761 5757
f 5748 5757 5546
f 5748 5546 5749
f 5749 5546 5547
f 5762 5725 5754
f 5543 5756 5739
f 5758 5749 5547
f 5758 5547 5759
f 5761 5729 5753
f 5761 5753 5762
f 5763 5762 5754
f 5763 5754 5755
f 5763 5755 5764
f 5764 5755 5742
f 5764 5742 5545
f 5545 5760 5544
f 5544 5760 5756
f 5543 5544 5756
f 915 5761 5762
f 915 5762 5763
f 4117 4153 1043
f 1043 4153 1042
f 1042 4153 4152
f 1042 4152 1041
f 1041 4152 4151
f 1041 4151 1040
f 1040 4151 4150
f 1040 4150 1039
f 1039 4150 4149
f 1039 4149 1037
f 1037 4149 4148
f 1037 4148 1036
f 1036 4148 4146
f 1036 4146 1035
f 1035 4146 4144
f 1035 4144 1034
f 1034 4144 4142
f 1034 4142 1033
f 1033 4142 4141
f 1033 4141 1032
f 1032 4141 4140
f 1032 4140 1031
f 1031 4140 4138
f 1031 4138 1030
f 1030 4138 4136
f 1030 4136 1028
f 1028 4136 4134
f 1028 4134 1026
f 1026 4134 4133
f 1026 4133 1364
f 1026 1364 1078
f 1078 1364 1359
f 1078 1359 1365
f 1211 1212 1365
f 1212 1238 1365
f 1365 1238 1213
f 1365 1213 1080
f 1365 1080 1078
f 7118 1338 1340
f 7118 1340 7117
f 7117 1340 1341
f 7117 1341 5765
f 5765 1341 1342
f 5765 1342 5766
f 5766 1342 1343
f 5766 1343 5767
f 5767 1343 1344
f 5767 1344 5768
f 5768 1344 1346
f 5768 1346 1347
f 5768 1347 5769
f 5769 1347 1348
f 5769 1348 5770
f 5770 1348 1349
f 5770 1349 5771
f 5771 1349 1350
f 5771 1350 5772
f 5772 1350 5773
f 5773 1350 1351
f 5773 1351 5774
f 5774 1351 1352
f 5774 1352 5775
f 5775 1352 1353
f 5775 1353 5776
f 5776 1353 1354
f 5776 1354 5777
f 5777 1354 1355
f 5777 1355 5778
f 5778 1355 1357
f 5778 1357 5779
f 5779 1357 1358
f 5779 1358 5780
f 5780 1358 1360
f 5780 1360 5781
f 5781 1360 1361
f 5781 1361 5782
f 5782 1361 1362
f 5782 1362 5783
f 5783 1362 1363
f 5783 1363 1364
f 1364 4133 5783
f 1254 1255 5784
f 5784 1255 5785
f 5785 1255 1256
f 5785 1256 5786
f 5786 1256 1257
f 5786 1257 5787
f 5787 1257 1258
f 5787 1258 5788
f 5788 1258 1259
f 5788 1259 5789
f 5789 1259 1261
f 5789 1261 5790
f 5790 1261 1263
f 5790 1263 5791
f 5791 1263 1264
f 5791 1264 5792
f 5792 1264 1266
f 5792 1266 5793
f 5793 1266 1267
f 5793 1267 5794
f 5794 1267 1268
f 5794 1268 5795
f 5795 1268 1270
f 5795 1270 5796
f 5796 1270 1272
f 5796 1272 5797
f 5797 1272 1273
f 5797 1273 5798
f 5798 1273 1274
f 5798 1274 5799
f 5799 1274 1276
f 5799 1276 5800
f 5800 1276 1277
f 5800 1277 5801
f 5801 1277 1278
f 5801 1278 5802
f 5802 1278 1279
f 5802 1279 5803
f 5803 1279 1280
f 5803 1280 5804
f 5804 1280 1282
f 5804 1282 5805
f 5805 1282 1283
f 5805 1283 5806
f 5806 1283 1284
f 5806 1284 5807
f 5807 1284 1286
f 5807 1286 5808
f 5808 1286 1287
f 5808 1287 5809
f 5809 1287 1288
f 5809 1288 5810
f 5810 1288 1290
f 5810 1290 5811
f 5811 1290 1291
f 5811 1291 5812
f 5812 1291 1292
f 5812 1292 5813
f 5813 1292 1293
f 5813 1293 5814
f 5814 1293 1295
f 5814 1295 5815
f 5815 1295 1297
f 5815 1297 5816
f 5816 1297 1298
f 5816 1298 5817
f 5817 1298 1299
f 5817 1299 5818
f 5818 1299 1301
f 5818 1301 5819
f 5819 1301 1302
f 5819 1302 5820
f 5820 1302 1304
f 5820 1304 5821
f 5821 1304 1306
f 5821 1306 5822
f 5822 1306 1307
f 5822 1307 5823
f 5823 1307 1308
f 5823 1308 5824
f 5824 1308 1309
f 5824 1309 5825
f 5825 1309 1310
f 5825 1310 5826
f 5826 1310 1311
f 5826 1311 5827
f 5827 1311 1313
f 5827 1313 5828
f 5828 1313 1314
f 5828 1314 5829
f 5829 1314 1316
f 5829 1316 5830
f 5830 1316 1317
f 5830 1317 5831
f 5831 1317 1318
f 5831 1318 5832
f 5832 1318 1319
f 5832 1319 5833
f 5833 1319 1320
f 5833 1320 5834
f 5834 1320 1322
f 5834 1322 5835
f 5835 1322 1324
f 5835 1324 5836
f 5836 1324 1325
f 5836 1325 5837
f 5837 1325 1326
f 5837 1326 5838
f 5838 1326 1328
f 5838 1328 5839
f 5839 1328 1329
f 5839 1329 5840
f 5840 1329 1330
f 5840 1330 5841
f 5841 1330 1331
f 5841 1331 5842
f 5842 1331 1333
f 5842 1333 5843
f 5843 1333 1335
f 5843 1335 5844
f 5844 1335 1336
f 5844 1336 5845
f 5845 1336 1337
f 5845 1337 5846
f 5846 1337 1338
f 5846 1338 7118
f 5944 5847 6064
f 6064 5847 5848
f 5848 5847 5849
f 5848 5849 5850
f 5850 5849 5851
f 5850 5851 5852
f 5852 5851 5853
f 5852 5853 5854
f 5854 5853 5855
f 5854 5855 5856
f 5856 5855 5857
f 5856 5857 5858
f 5858 5857 5859
f 5858 5859 5860
f 5860 5859 5861
f 5860 5861 5862
f 5862 5861 5863
f 5862 5863 5864
f 5864 5863 5865
f 5864 5865 5866
f 5866 5865 5867
f 5866 5867 5868
f 5868 5867 5869
f 5868 5869 5870
f 5870 5869 5871
f 5870 5871 5872
f 5872 5871 5873
f 5872 5873 5874
f 5874 5873 5875
f 5874 5875 5876
f 5876 5875 5877
f 5876 5877 5878
f 5878 5877 1254
f 5878 1254 5784
f 5956 1374 5879
f 5879 1374 5881
f 5879 5881 5880
f 5880 5881 5882
f 5880 5882 5957
f 5957 5882 5883
f 5883 5882 5884
f 5883 5884 5885
f 5885 5884 5886
f 5885 5886 5887
f 5887 5886 5888
f 5887 5888 5988
f 5988 5888 5889
f 5988 5889 5987
f 5987 5889 5890
f 5987 5890 5959
f 5959 5890 5891
f 5891 5890 5892
f 5891 5892 5960
f 5960 5892 5894
f 5960 5894 5893
f 5893 5894 5895
f 5893 5895 5896
f 5896 5895 5897
f 5896 5897 5898
f 5898 5897 5900
f 5898 5900 5899
f 5899 5900 5901
f 5899 5901 5984
f 5984 5901 5902
f 5902 5901 5903
f 5902 5903 5904
f 5904 5903 5905
f 5904 5905 5906
f 5906 5905 5907
f 5906 5907 5985
f 5985 5907 5908
f 5985 5908 5990
f 5990 5908 5961
f 5961 5908 5909
f 5961 5909 5962
f 5962 5909 5911
f 5962 5911 5910
f 5910 5911 5912
f 5912 5911 5913
f 5912 5913 5964
f 5964 5913 5914
f 5964 5914 5965
f 5965 5914 5916
f 5965 5916 5915
f 5915 5916 5917
f 5915 5917 5966
f 5966 5917 5918
f 5966 5918 5991
f 5991 5918 5967
f 5967 5918 5919
f 5967 5919 5968
f 5968 5919 5920
f 5968 5920 905
f 905 5920 5921
f 905 5921 901
f 901 5921 902
f 902 5921 5922
f 902 5922 5923
f 5923 5922 5924
f 5924 5922 5925
f 5925 5922 5926
f 5926 5922 5927
f 5927 5922 5928
f 5928 5922 5929
f 5929 5922 5930
f 5930 5922 5932
f 5932 5922 5931
f 5932 5931 5933
f 5933 5931 5934
f 5934 5931 5935
f 5935 5931 5936
f 5936 5931 5937
f 5937 5931 5938
f 5938 5931 5939
f 5939 5931 5945
f 5939 5945 5940
f 5940 5945 5941
f 5941 5945 5942
f 5942 5945 5943
f 5943 5945 5944
f 5944 5945 5847
f 5847 5945 5946
f 5847 5946 5849
f 5849 5946 5851
f 5851 5946 5853
f 5853 5946 5947
f 5853 5947 5855
f 5855 5947 5948
f 5855 5948 5857
f 5857 5948 5859
f 5859 5948 5949
f 5859 5949 5861
f 5861 5949 5863
f 5863 5949 5865
f 5865 5949 5867
f 5867 5949 5950
f 5867 5950 5869
f 5869 5950 5871
f 5871 5950 5951
f 5871 5951 5873
f 5873 5951 5952
f 5873 5952 5875
f 5875 5952 5877
f 5877 5952 1253
f 5877 1253 1254
f 5923 5953 902
f 902 5953 5954
f 5954 5955 902
f 5955 899 902
f 1187 1216 1217
f 6016 1217 1231
f 5992 5879 5880
f 5992 5880 5957
f 5958 5883 5885
f 5958 5885 5887
f 5989 5960 5893
f 5989 5893 5896
f 5989 5896 5983
f 5983 5896 5898
f 5983 5898 5899
f 5983 5899 5984
f 5961 5962 5910
f 5961 5910 5963
f 5910 5912 5963
f 5963 5912 5964
f 5967 5968 904
f 5968 905 904
f 5974 1199 6034
f 6034 1199 5975
f 6038 6041 5976
f 5977 1197 6048
f 5980 6036 1194
f 6047 1193 6033
f 6033 1193 6043
f 5982 1191 1190
f 6049 1189 6032
f 6032 1189 1188
f 5986 5984 5902
f 5986 5902 5904
f 5993 5987 5996
f 5996 5987 5959
f 5986 5904 5906
f 5992 5956 5879
f 5996 5959 5891
f 5996 5891 5989
f 5989 5891 5960
f 6007 5965 5915
f 6007 5915 5966
f 6007 5966 5991
f 6000 5967 904
f 5993 5988 5987
f 5958 5887 5988
f 6007 5991 5967
f 6007 5967 6000
f 5995 5992 5957
f 5995 5957 5883
f 5958 5995 5883
f 5993 5958 5988
f 5986 5983 5984
f 5997 5906 5985
f 5997 5985 5990
f 5999 5964 5965
f 1231 5956 5992
f 5986 5906 5997
f 5994 5997 5990
f 5994 5990 5961
f 5999 5963 5964
f 5998 5989 5983
f 5998 5983 5986
f 5994 5961 5963
f 6007 5999 5965
f 6016 1231 5992
f 6016 5992 5995
f 5999 5994 5963
f 6008 5958 5993
f 6002 5996 5989
f 5998 6026 5989
f 6005 5986 5997
f 6002 5989 6026
f 6011 5993 5996
f 6001 5997 5994
f 6013 5999 6007
f 6005 5997 6001
f 6012 5994 5999
f 6028 5995 5958
f 6003 5996 6002
f 6008 5993 6011
f 6029 5998 6004
f 6004 5998 5986
f 6004 5986 6005
f 6012 5999 6013
f 6016 5995 6028
f 6011 5996 6003
f 6006 5994 6012
f 6014 6007 6000
f 6015 6000 904
f 6008 6028 5958
f 6018 6005 6001
f 6009 6001 5994
f 6029 6026 5998
f 6009 5994 6006
f 6014 6013 6007
f 1217 6016 1187
f 6017 6005 6018
f 6025 6001 6009
f 6010 6008 6011
f 6015 6014 6000
f 6043 6010 6011
f 6019 6028 6008
f 6019 6008 6010
f 6020 6043 6011
f 6020 6011 6003
f 5980 6003 6002
f 6006 6012 6024
f 6018 6001 6025
f 6015 904 903
f 1190 6016 6028
f 6022 6004 6005
f 6023 6009 6006
f 6036 5980 6002
f 6036 6002 6026
f 6017 6022 6005
f 6021 6010 6043
f 6039 6029 6004
f 6032 1187 6016
f 6032 6016 1190
f 6027 6019 6010
f 6023 6025 6009
f 6030 6006 6024
f 6024 6012 6013
f 6051 6015 903
f 6020 6003 5980
f 6031 6017 6018
f 6039 6004 6022
f 6037 6018 6025
f 6027 6010 6021
f 6034 6023 6006
f 6034 6006 6030
f 6044 6024 6013
f 6042 6014 6015
f 1190 6028 5982
f 6033 6043 6020
f 6037 6031 6018
f 6038 6025 6023
f 6049 6032 1190
f 5982 6028 6019
f 6040 6036 6026
f 6040 6026 6029
f 6037 6025 6038
f 6035 6013 6014
f 6035 6014 6042
f 6048 6022 6017
f 6048 6017 6031
f 6044 6013 6035
f 5969 6051 903
f 1198 6031 6050
f 6050 6031 6037
f 1194 6020 5980
f 6041 6038 6023
f 1188 1187 6032
f 1192 5982 6019
f 1192 6019 6027
f 6047 6033 6020
f 6047 6020 1194
f 6041 6023 6034
f 1195 6040 6029
f 1195 6029 1196
f 1196 6029 6039
f 5977 6048 6031
f 5977 6031 1198
f 6046 6042 6015
f 6046 6015 6051
f 5981 6027 6021
f 5979 6036 6040
f 5979 6040 1195
f 5978 1196 6039
f 5976 6037 6038
f 5972 6035 6042
f 1191 5982 1192
f 5978 6039 6022
f 1197 6022 6048
f 6050 6037 5976
f 5974 6034 6030
f 6052 6051 5969
f 5981 1192 6027
f 5975 6041 6034
f 5972 6044 6035
f 6045 6042 6046
f 5971 5972 6042
f 5971 6042 6045
f 5973 6024 6044
f 5973 6044 5972
f 5970 6046 6051
f 6052 5970 6051
f 5936 6084 6053
f 5936 6053 5935
f 5935 6053 6054
f 5935 6054 5934
f 5934 6054 6055
f 5934 6055 5933
f 5933 6055 6056
f 5933 6056 5932
f 5932 6056 6057
f 5932 6057 5930
f 5930 6057 6072
f 5930 6072 5929
f 5929 6072 6058
f 5929 6058 5928
f 5928 6058 6059
f 5928 6059 5927
f 5927 6059 6060
f 5927 6060 5926
f 5926 6060 5925
f 5925 6060 6061
f 5925 6061 5924
f 5924 6061 6062
f 5924 6062 5923
f 5923 6062 5953
f 5953 6062 6063
f 5953 6063 5954
f 5954 6063 6071
f 5954 6071 5955
f 5955 6071 900
f 5955 900 899
f 5944 6064 6065
f 5944 6065 5943
f 5943 6065 6066
f 5943 6066 5942
f 5942 6066 5941
f 5941 6066 6067
f 5941 6067 5940
f 5940 6067 6068
f 5940 6068 5939
f 5939 6068 6074
f 5939 6074 6069
f 5939 6069 5938
f 5938 6069 6070
f 5938 6070 5937
f 5937 6070 6084
f 5937 6084 5936
f 6079 900 6071
f 6079 6071 6063
f 6079 6063 6062
f 6079 6062 6061
f 6079 6061 6060
f 6087 6060 6059
f 6087 6059 6058
f 6087 6058 6072
f 6072 6057 6086
f 6086 6057 6056
f 6086 6056 6055
f 6054 6053 6085
f 6085 6053 6084
f 6085 6084 6070
f 6085 6070 6069
f 6069 6074 6085
f 6074 6068 6073
f 6073 6068 6067
f 6073 6067 6066
f 6073 6066 6076
f 6076 6066 6065
f 6076 6065 6064
f 6074 6073 6085
f 6088 6076 6075
f 6087 6079 6060
f 6089 6093 6078
f 6095 6083 6089
f 6093 6083 6099
f 6093 6099 6098
f 6989 7004 6092
f 6094 6092 6080
f 6095 6080 6100
f 6095 6100 6083
f 6092 7004 6997
f 6092 6126 6082
f 6055 6054 6085
f 6086 6055 6085
f 6086 6085 6089
f 6089 6085 6088
f 6072 6086 6087
f 6090 6087 6086
f 6090 6086 6089
f 6091 6089 6088
f 6079 6087 6078
f 6089 6091 6095
f 6076 6088 6073
f 6085 6073 6088
f 6075 6091 6088
f 6090 6078 6087
f 6076 6077 6075
f 6075 6077 6989
f 6094 6080 6095
f 6093 6098 6081
f 6075 6989 6092
f 6075 6092 6094
f 6080 6092 6082
f 6997 6126 6092
f 6080 6082 6100
f 6091 6075 6094
f 6091 6094 6095
f 6089 6083 6093
f 6090 6089 6078
f 6078 6093 6081
f 6079 6078 6081
f 889 900 6096
f 6096 900 6079
f 6096 6079 6081
f 6096 6081 6097
f 6097 6081 6098
f 6100 6099 6083
f 6126 396 6127
f 6127 396 6123
f 6123 396 6133
f 6133 6101 6128
f 6128 6101 6129
f 6134 385 6124
f 6124 385 6102
f 6102 385 6103
f 6125 6296 6278
f 6104 6105 6106
f 6106 6105 6276
f 6106 6276 6107
f 6107 6276 6108
f 6107 6108 6109
f 6109 6108 6111
f 6109 6111 6110
f 6110 6111 710
f 6110 710 709
f 6110 709 6256
f 6256 709 716
f 6256 716 6112
f 6112 716 735
f 6112 735 6247
f 6247 735 743
f 6247 743 6244
f 6244 743 763
f 6244 763 6113
f 6113 763 765
f 6113 765 6114
f 6114 765 767
f 6114 767 6115
f 6115 767 769
f 6115 769 771
f 6241 775 777
f 6241 777 6250
f 6250 777 779
f 6250 779 6257
f 6257 779 790
f 6257 790 6249
f 6249 790 804
f 6249 804 6248
f 6248 804 818
f 6248 818 6116
f 6116 818 831
f 6116 831 6252
f 6252 831 833
f 6252 833 6117
f 6117 833 835
f 6117 835 6118
f 6118 835 837
f 6118 837 6119
f 6119 837 839
f 6119 839 6120
f 6120 839 841
f 6120 841 843
f 6239 845 847
f 6239 847 6246
f 6246 847 867
f 6246 867 6245
f 6245 867 875
f 6245 875 6254
f 6254 875 889
f 6254 889 6096
f 6123 6133 6132
f 6121 6129 6101
f 6121 6101 385
f 6131 6102 6103
f 6131 6103 6125
f 6122 6124 6102
f 6122 6102 6131
f 6142 6121 385
f 6130 6134 6124
f 6130 6124 6122
f 6135 6126 6127
f 6135 6127 6148
f 6148 6127 6123
f 6137 6133 6128
f 6137 6128 6138
f 6138 6128 6129
f 6138 6129 6121
f 6143 6130 6122
f 6143 6122 6144
f 6144 6122 6131
f 6144 6131 6139
f 6148 6123 6140
f 6140 6123 6136
f 6136 6123 6132
f 6136 6132 6141
f 6141 6132 6133
f 6157 6138 6121
f 6157 6121 6142
f 6149 6142 385
f 6149 385 6134
f 6149 6134 6151
f 6151 6134 6130
f 6147 6139 6131
f 6147 6131 6125
f 6147 6125 6278
f 6141 6133 6137
f 6082 6126 6135
f 6145 6135 6148
f 6146 6140 6136
f 6146 6136 6153
f 6153 6136 6141
f 6155 6143 6144
f 6155 6144 6161
f 6161 6144 6139
f 6169 6082 6135
f 6169 6135 6145
f 6150 6153 6141
f 6150 6141 6137
f 6150 6137 6154
f 6154 6137 6138
f 6154 6138 6157
f 6157 6142 6166
f 6166 6142 6149
f 6152 6151 6130
f 6152 6130 6143
f 6162 6139 6147
f 6156 6145 6148
f 6156 6148 6170
f 6170 6148 6140
f 6170 6140 6146
f 6167 6166 6149
f 6167 6149 6158
f 6158 6149 6151
f 6162 6147 6278
f 6171 6170 6146
f 6159 6152 6143
f 6159 6143 6155
f 6175 6161 6139
f 6175 6139 6162
f 6160 6159 6155
f 6160 6155 6161
f 6104 6162 6278
f 6163 6171 6146
f 6163 6146 6172
f 6172 6146 6153
f 6172 6153 6150
f 6172 6150 6164
f 6164 6150 6154
f 6181 6154 6165
f 6165 6154 6157
f 6165 6157 6166
f 6168 6100 6082
f 6168 6082 6169
f 6180 6169 6145
f 6180 6145 6156
f 6185 6164 6154
f 6185 6154 6181
f 6183 6165 6166
f 6183 6166 6178
f 6178 6166 6167
f 6178 6167 6158
f 6174 6158 6151
f 6174 6151 6152
f 6174 6152 6159
f 6179 6160 6161
f 6179 6161 6175
f 6189 6180 6156
f 6189 6156 6173
f 6173 6156 6170
f 6173 6170 6171
f 6187 6175 6162
f 6182 6181 6165
f 6182 6165 6183
f 6106 6187 6162
f 6106 6162 6104
f 6176 6168 6169
f 6176 6169 6180
f 6184 6178 6158
f 6184 6158 6174
f 6177 6173 6171
f 6177 6171 6191
f 6191 6171 6163
f 6190 6191 6163
f 6190 6163 6192
f 6192 6163 6172
f 6192 6172 6193
f 6193 6172 6164
f 6196 6174 6159
f 6208 6193 6164
f 6208 6164 6185
f 6194 6184 6174
f 6194 6174 6196
f 6196 6159 6197
f 6197 6159 6160
f 6197 6160 6195
f 6195 6160 6179
f 6195 6179 6198
f 6198 6179 6175
f 6099 6100 6168
f 6099 6168 6176
f 6210 6182 6183
f 6210 6183 6188
f 6188 6183 6186
f 6186 6183 6178
f 6186 6178 6184
f 6201 6198 6175
f 6201 6175 6187
f 6199 6176 6180
f 6199 6180 6189
f 6216 6189 6173
f 6216 6173 6177
f 6205 6185 6181
f 6205 6181 6200
f 6200 6181 6182
f 6200 6182 6210
f 6203 6186 6184
f 6203 6184 6194
f 6202 6201 6187
f 6202 6187 6106
f 6207 6099 6176
f 6207 6176 6199
f 6209 6208 6185
f 6209 6185 6205
f 6107 6202 6106
f 6211 6194 6196
f 6217 6216 6177
f 6217 6177 6191
f 6211 6196 6215
f 6215 6196 6197
f 6215 6197 6220
f 6220 6197 6195
f 6220 6195 6206
f 6206 6195 6198
f 6206 6198 6201
f 6228 6098 6099
f 6228 6099 6207
f 6204 6203 6194
f 6204 6194 6211
f 6212 6206 6201
f 6212 6201 6202
f 6243 6217 6191
f 6243 6191 6190
f 6224 6190 6192
f 6224 6192 6193
f 6229 6243 6190
f 6229 6190 6224
f 6213 6209 6205
f 6213 6205 6200
f 6222 6212 6202
f 6236 6228 6207
f 6236 6207 6223
f 6223 6207 6199
f 6223 6199 6189
f 6225 6193 6208
f 6225 6208 6226
f 6226 6208 6209
f 6226 6209 6213
f 6214 6200 6210
f 6214 6210 6188
f 6230 6188 6186
f 6230 6186 6219
f 6219 6186 6203
f 6219 6203 6204
f 6221 6220 6206
f 6221 6206 6212
f 6235 6222 6202
f 6235 6202 6107
f 6237 6223 6189
f 6237 6189 6216
f 6232 6224 6193
f 6232 6193 6225
f 6218 6213 6200
f 6218 6200 6214
f 6242 6219 6204
f 6242 6204 6227
f 6227 6204 6211
f 6227 6211 6251
f 6251 6211 6215
f 6109 6235 6107
f 6097 6098 6228
f 6240 6237 6216
f 6240 6216 6217
f 6231 6251 6215
f 6231 6215 6253
f 6253 6215 6220
f 6253 6220 6221
f 6233 6226 6213
f 6233 6213 6218
f 6234 6221 6212
f 6234 6212 6222
f 6238 6097 6228
f 6238 6228 6236
f 6255 6243 6229
f 6255 6229 6224
f 6116 6225 6226
f 6116 6226 6233
f 6257 6218 6214
f 6257 6214 6188
f 6244 6253 6221
f 6244 6221 6234
f 6112 6234 6222
f 6112 6222 6235
f 6246 6236 6223
f 6246 6223 6239
f 6239 6223 6237
f 6239 6237 6240
f 843 6240 6217
f 843 6217 6243
f 6249 6233 6218
f 6249 6218 6257
f 6241 6188 6230
f 6241 6230 6219
f 6247 6244 6234
f 6247 6234 6112
f 845 6239 6240
f 845 6240 843
f 6250 6257 6188
f 6250 6188 6241
f 775 6241 6219
f 775 6219 773
f 773 6219 6242
f 773 6242 771
f 771 6242 6227
f 771 6227 6251
f 6256 6112 6235
f 6256 6235 6109
f 6245 6238 6236
f 6245 6236 6246
f 6120 843 6243
f 6120 6243 6255
f 6118 6255 6224
f 6118 6224 6232
f 6248 6116 6233
f 6248 6233 6249
f 6096 6097 6238
f 6252 6232 6225
f 6252 6225 6116
f 6115 771 6251
f 6115 6251 6231
f 6254 6096 6238
f 6254 6238 6245
f 6114 6115 6231
f 6114 6231 6113
f 6113 6231 6253
f 6113 6253 6244
f 6110 6256 6109
f 6119 6120 6255
f 6119 6255 6118
f 6117 6118 6232
f 6117 6232 6252
f 6277 6299 6258
f 6280 6264 6283
f 6259 6298 6302
f 6301 6293 6265
f 6284 6265 6266
f 6284 6266 6267
f 6284 6267 6268
f 6284 6268 6282
f 6268 6269 6282
f 6282 6269 6270
f 6282 6270 6271
f 6282 6271 6272
f 6282 6272 6280
f 6280 6272 6273
f 6280 6273 6264
f 6283 6264 6263
f 6263 6274 6283
f 6283 6274 6261
f 6111 6275 710
f 6278 6296 6277
f 6105 6278 6277
f 6105 6104 6278
f 6277 6279 6105
f 6105 6279 6276
f 6276 6279 6281
f 6276 6281 6108
f 6277 6258 6279
f 6258 6259 6279
f 6279 6259 6281
f 6281 6280 6108
f 6260 6282 6280
f 6280 6283 6108
f 6108 6283 6111
f 6281 6259 6260
f 6281 6260 6280
f 6258 6298 6259
f 6260 6284 6282
f 6260 6259 6284
f 6259 6302 6284
f 6283 6275 6111
f 6283 6262 6275
f 6283 6261 6262
f 6284 6301 6265
f 6304 6285 6286
f 6304 6286 6287
f 6304 6287 6288
f 6304 6288 6289
f 6304 6289 6290
f 6304 6290 6301
f 6301 6290 6291
f 6301 6291 6292
f 6301 6292 6293
f 6302 6298 6303
f 6297 6300 6738
f 6297 6298 6299
f 6297 6299 6300
f 6298 6258 6299
f 6299 6306 6300
f 6300 6306 6294
f 6299 6277 6306
f 6277 6295 6306
f 6277 6296 6295
f 6306 6295 6294
f 6284 6302 6301
f 6738 6305 6297
f 6302 6304 6301
f 6297 6305 6303
f 6302 6303 6304
f 6303 6305 6304
f 6303 6298 6297
f 6285 6307 6286
f 6286 6307 6308
f 6286 6308 6309
f 6286 6309 6287
f 6287 6309 6310
f 6287 6310 6288
f 6288 6310 6311
f 6288 6311 6289
f 6289 6311 6312
f 6289 6312 6313
f 6289 6313 6290
f 6290 6313 6314
f 6290 6314 6291
f 6291 6314 6315
f 6291 6315 6292
f 6292 6315 6316
f 6292 6316 6293
f 6317 6521 6318
f 6318 6521 6319
f 6319 6521 6320
f 6319 6320 6321
f 6321 6320 6322
f 6321 6322 6323
f 6323 6322 6324
f 6324 6322 6325
f 6325 6322 6326
f 6326 6322 6327
f 6326 6327 6328
f 6328 6327 6329
f 6329 6327 6330
f 6330 6327 6331
f 6330 6331 6332
f 6332 6331 6333
f 6333 6331 6334
f 6334 6331 6335
f 6335 6331 6336
f 6335 6336 6337
f 6337 6336 6338
f 6338 6336 6339
f 6338 6339 6307
f 6307 6339 6308
f 6308 6339 6309
f 6309 6339 6340
f 6309 6340 6310
f 6310 6340 6311
f 6311 6340 6312
f 6312 6340 6313
f 6313 6340 6342
f 6313 6342 6314
f 6314 6342 6315
f 6315 6342 6316
f 6316 6342 6341
f 6341 6342 6343
f 6343 6342 6344
f 6344 6342 6345
f 6345 6342 6346
f 6346 6342 6347
f 6346 6347 6348
f 6348 6347 6349
f 6349 6347 6350
f 6350 6347 6351
f 6351 6347 6352
f 6352 6347 6353
f 6353 6347 6354
f 6354 6347 907
f 6354 907 6355
f 6355 907 6356
f 6356 907 6357
f 6357 907 6358
f 6347 6359 907
f 907 6359 908
f 908 6359 909
f 909 6359 6360
f 909 6360 6582
f 6582 6360 6361
f 6361 6360 6362
f 6361 6362 6363
f 6363 6362 6364
f 6363 6364 6583
f 6583 6364 6365
f 6583 6365 6584
f 6584 6365 6366
f 6366 6365 6367
f 6366 6367 6651
f 6651 6367 6368
f 6651 6368 6369
f 6369 6368 6370
f 6369 6370 6371
f 6371 6370 6372
f 6371 6372 6585
f 6585 6372 6373
f 6585 6373 6374
f 6374 6373 6375
f 6374 6375 6376
f 6376 6375 6377
f 6376 6377 6586
f 6586 6377 6378
f 6586 6378 6587
f 6587 6378 6380
f 6587 6380 6379
f 6379 6380 6381
f 6381 6380 6382
f 6381 6382 6384
f 6384 6382 6383
f 6384 6383 6385
f 6385 6383 6386
f 6386 6383 6387
f 6386 6387 6388
f 6388 6387 6390
f 6388 6390 6389
f 6389 6390 6391
f 6391 6390 6392
f 6391 6392 6393
f 6393 6392 6394
f 6393 6394 6395
f 6395 6394 6397
f 6395 6397 6396
f 6396 6397 6653
f 6653 6397 6398
f 6653 6398 6399
f 6399 6398 6400
f 6399 6400 6401
f 6401 6400 6403
f 6401 6403 6402
f 6402 6403 6404
f 6404 6403 6405
f 6405 6406 6588
f 6588 6406 6407
f 6406 6408 6407
f 6407 6408 6589
f 6408 6409 6590
f 6590 6409 6410
f 6590 6410 6411
f 6411 6410 6413
f 6411 6413 6412
f 6412 6413 6414
f 6415 6414 6416
f 6417 6418 6562
f 6562 6418 6577
f 6577 6418 6419
f 6577 6419 6564
f 6564 6419 6420
f 6564 6420 6576
f 6576 6420 6578
f 6578 6420 6421
f 6578 6421 564
f 564 6421 560
f 560 6421 6422
f 560 6422 565
f 565 6422 6423
f 565 6423 6533
f 6427 6425 6422
f 6422 6425 6426
f 6431 6429 6427
f 6427 6429 6430
f 6431 6432 6522
f 6433 6434 6431
f 6431 6434 6435
f 6434 6433 6436
f 6436 6433 6437
f 6436 6437 6438
f 6438 6437 6439
f 6439 6437 6440
f 6439 6440 6441
f 6441 6440 6442
f 6442 6440 6443
f 6443 6440 6444
f 6444 6440 6446
f 6444 6446 6445
f 6445 6446 6447
f 6447 6446 6448
f 6448 6446 6450
f 6448 6450 6449
f 6449 6450 6451
f 6451 6450 6452
f 6452 6450 6454
f 6452 6454 6453
f 6453 6454 6455
f 6455 6454 6456
f 6455 6456 6457
f 6457 6456 6459
f 6457 6459 6458
f 6458 6459 6460
f 6460 6459 6461
f 6461 6459 6462
f 6462 6459 6463
f 6462 6463 6464
f 6464 6463 6466
f 6464 6466 6465
f 6465 6466 6467
f 6467 6466 6468
f 6467 6468 6469
f 6469 6468 6470
f 6470 6468 6471
f 6471 6468 6472
f 6471 6472 6473
f 6473 6472 6474
f 6473 6474 6475
f 6475 6474 6477
f 6475 6477 6476
f 6476 6477 6478
f 6478 6477 6479
f 6479 6477 6480
f 6480 6477 6482
f 6480 6482 6481
f 6481 6482 6483
f 6483 6482 6484
f 6484 6482 6486
f 6484 6486 6485
f 6485 6486 6487
f 6487 6486 6488
f 6488 6486 6489
f 6489 6486 6492
f 6489 6492 6490
f 6490 6492 6491
f 6491 6492 6493
f 6493 6492 6496
f 6493 6496 6494
f 6494 6496 6495
f 6495 6496 6497
f 6497 6496 6498
f 6498 6496 6501
f 6498 6501 6499
f 6499 6501 6500
f 6500 6501 6502
f 6502 6501 6503
f 6502 6503 6504
f 6504 6503 6508
f 6504 6508 6505
f 6505 6508 6506
f 6506 6508 6507
f 6507 6508 6509
f 6509 6508 6510
f 6509 6510 6511
f 6511 6510 6512
f 6512 6510 6513
f 6513 6510 6514
f 6513 6514 6515
f 6515 6514 6516
f 6515 6516 6517
f 6517 6516 6519
f 6517 6519 6518
f 6518 6519 6520
f 6520 6519 6521
f 6520 6521 6317
f 6435 6432 6431
f 6522 6429 6431
f 6427 6430 6523
f 6427 6523 6428
f 6428 6524 6427
f 6524 6525 6427
f 6427 6525 6425
f 6426 6526 6422
f 6526 6527 6422
f 6422 6527 6528
f 6528 6529 6422
f 6422 6529 6530
f 6422 6530 6531
f 6422 6531 6532
f 6532 6424 6422
f 6424 6423 6422
f 565 6533 6534
f 565 6534 6535
f 6535 6536 565
f 565 6536 566
f 6406 2550 6408
f 6408 2550 2585
f 6408 2585 6409
f 6409 2585 2584
f 6409 2584 6410
f 6410 2584 2583
f 6410 2583 6413
f 6413 2583 2582
f 6413 2582 6414
f 6414 2582 6416
f 6416 2582 2581
f 6416 2581 6417
f 6417 2581 2580
f 6417 2580 6418
f 6418 2580 2579
f 6418 2579 6419
f 6419 2579 2578
f 6419 2578 6420
f 6420 2578 2577
f 6420 2577 6421
f 6421 2577 2576
f 6421 2576 6422
f 6422 2576 2575
f 6422 2575 6427
f 6427 2575 6431
f 6431 2575 2574
f 6431 2574 6433
f 6433 2574 2573
f 6433 2573 6437
f 6437 2573 2572
f 6437 2572 6440
f 6440 2572 2571
f 6440 2571 6446
f 6446 2571 2570
f 6446 2570 6450
f 6450 2570 2569
f 6450 2569 6454
f 6454 2569 1926
f 6454 1926 6456
f 6456 1926 2190
f 6456 2190 6459
f 6459 2190 2191
f 6459 2191 2192
f 6459 2192 2193
f 6459 2193 6463
f 6463 2193 2194
f 6463 2194 6466
f 6466 2194 2195
f 6466 2195 6468
f 6468 2195 2196
f 6468 2196 6472
f 6472 2196 2197
f 6472 2197 6474
f 6474 2197 2198
f 6474 2198 6477
f 6477 2198 2199
f 6477 2199 2200
f 6477 2200 6482
f 6482 2200 2201
f 6482 2201 6486
f 6486 2201 2202
f 6486 2202 2203
f 6486 2203 6492
f 6492 2203 2204
f 6492 2204 6496
f 6496 2204 2205
f 6496 2205 6501
f 6501 2205 2206
f 6501 2206 6503
f 6503 2206 2207
f 6503 2207 6508
f 6508 2207 2208
f 6508 2208 6510
f 6510 2208 2209
f 6510 2209 6514
f 6514 2209 6516
f 6516 2209 2214
f 6516 2214 6519
f 6519 2214 6521
f 6521 2214 2221
f 6521 2221 6320
f 6320 2221 2229
f 6320 2229 6322
f 6322 2229 2230
f 6322 2230 6327
f 6327 2230 2231
f 6327 2231 6331
f 6331 2231 2232
f 6331 2232 6336
f 6336 2232 2233
f 6336 2233 6339
f 6339 2233 6340
f 6340 2233 2234
f 6340 2234 6342
f 6342 2234 6347
f 6347 2234 2235
f 6347 2235 6359
f 6359 2235 2236
f 6359 2236 6360
f 6360 2236 6362
f 6362 2236 2237
f 6362 2237 2238
f 6362 2238 6364
f 6364 2238 2239
f 6364 2239 6365
f 6365 2239 2240
f 6365 2240 6367
f 6367 2240 2241
f 6367 2241 6368
f 6368 2241 2242
f 6368 2242 2243
f 6368 2243 6370
f 6370 2243 2244
f 6370 2244 6372
f 6372 2244 1773
f 6372 1773 1768
f 6372 1768 2568
f 6372 2568 6373
f 6373 2568 6375
f 6375 2568 2567
f 6375 2567 2566
f 6375 2566 6377
f 6377 2566 2565
f 6377 2565 6378
f 6378 2565 2564
f 6378 2564 2563
f 6378 2563 6380
f 6380 2563 2562
f 6380 2562 6382
f 6382 2562 2561
f 6382 2561 2560
f 6382 2560 6383
f 6383 2560 1775
f 6383 1775 6387
f 6387 1775 1774
f 6387 1774 6390
f 6390 1774 2559
f 6390 2559 2558
f 6390 2558 6392
f 6392 2558 2557
f 6392 2557 2556
f 6392 2556 6394
f 6394 2556 2555
f 6394 2555 6397
f 6397 2555 2554
f 6397 2554 6398
f 6398 2554 2553
f 6398 2553 6400
f 6400 2553 2552
f 6400 2552 6403
f 6403 2552 2551
f 6403 2551 6405
f 6405 2551 6406
f 6406 2551 2550
f 6578 564 6537
f 6537 564 563
f 6537 563 6632
f 6573 6640 6630
f 6559 6561 6642
f 6567 6558 6643
f 6542 6570 910
f 910 6570 6622
f 910 6622 6618
f 615 6618 6596
f 623 6544 6598
f 623 6598 625
f 6545 6628 6604
f 633 6603 6556
f 6556 6614 637
f 637 6614 639
f 639 6614 6546
f 657 6621 660
f 660 6621 663
f 665 663 6550
f 6552 6599 674
f 674 6599 678
f 678 6599 6611
f 6606 6623 685
f 685 6619 687
f 687 6619 689
f 690 689 6602
f 690 6602 6657
f 6657 6658 693
f 695 693 6660
f 695 6660 697
f 697 6660 699
f 6656 6661 704
f 704 6661 561
f 561 6661 562
f 562 6661 6555
f 562 6555 563
f 6631 6542 6633
f 6639 6556 6541
f 6538 6573 6562
f 6627 6575 6563
f 6630 6539 6569
f 6632 6562 6577
f 6539 6540 6569
f 6537 6632 6564
f 6617 6565 6557
f 6632 6577 6564
f 6639 6566 6567
f 6630 6569 6573
f 6565 6633 6652
f 6574 6557 6647
f 6639 6541 6566
f 6558 6567 6568
f 6559 6558 6580
f 6633 6542 6648
f 6633 6648 6652
f 6561 6559 6580
f 6561 6580 6575
f 6573 6415 6562
f 6557 6565 6652
f 6574 6650 6637
f 6575 6646 6563
f 6634 6581 6540
f 6537 6564 6576
f 6574 6647 6650
f 6573 6569 6644
f 6573 6644 6415
f 6557 6652 6647
f 6637 6650 6560
f 6563 6645 6571
f 6537 6576 6578
f 6560 6579 6541
f 6580 6646 6575
f 6540 6581 6569
f 6650 6579 6560
f 6567 6566 6568
f 6558 6568 6580
f 6572 6571 6655
f 6572 6654 6634
f 6634 6654 6649
f 6634 6649 6581
f 6563 6646 6645
f 6571 6645 6655
f 6572 6655 6654
f 6541 6579 6566
f 6568 6566 6587
f 6562 6416 6417
f 6648 6542 909
f 6582 6361 6363
f 6582 6363 6652
f 6652 6363 6583
f 6385 6386 6389
f 6389 6386 6388
f 6393 6395 6645
f 6645 6395 6396
f 6655 6653 6399
f 6655 6399 6654
f 6654 6399 6401
f 6654 6401 6402
f 6588 6407 6569
f 6569 6407 6589
f 6589 6408 6590
f 6590 6411 6591
f 6591 6411 6412
f 6591 6412 6644
f 6644 6412 6414
f 6644 6414 6415
f 6415 6416 6562
f 6612 6551 668
f 6603 633 6604
f 6595 6593 6543
f 6595 6543 6596
f 6659 6626 6594
f 6552 6551 6612
f 6660 6658 6610
f 6660 6610 6659
f 685 6623 6619
f 6657 6602 6625
f 6657 6625 6658
f 6613 6621 657
f 6613 657 6549
f 6628 6545 6624
f 689 6619 6602
f 6613 6549 6642
f 6609 625 6598
f 6601 6544 6593
f 6622 6595 6596
f 6622 6596 6618
f 6611 680 678
f 6620 668 6550
f 6620 6550 663
f 6620 663 6621
f 6608 6548 650
f 6608 650 648
f 6620 6612 668
f 6608 648 6547
f 6594 6626 6615
f 6594 6615 6600
f 6597 6600 6615
f 6597 6615 6555
f 6629 6552 6612
f 6592 6546 6616
f 6616 6546 6614
f 6623 6606 6607
f 6611 6607 680
f 6616 6614 6556
f 6624 6605 6609
f 6658 6625 6610
f 6659 6610 6626
f 6629 6599 6552
f 6628 6603 6604
f 6595 6601 6593
f 6602 6630 6625
f 6641 6611 6599
f 6635 6629 6612
f 6608 6642 6548
f 6617 6609 6598
f 6617 6598 6544
f 6617 6544 6601
f 6602 6619 6539
f 6602 6539 6630
f 6643 6608 6547
f 6643 6547 644
f 6555 6615 563
f 6627 6620 6621
f 6561 6613 6642
f 6625 6640 6610
f 6626 6610 6538
f 6565 6617 6601
f 6641 6599 6629
f 6635 6612 6620
f 6635 6620 6627
f 6638 6627 6621
f 6560 6556 6603
f 6631 6595 6622
f 6636 6642 6608
f 6619 6623 6540
f 6619 6540 6539
f 6625 6630 6640
f 6638 6621 6613
f 6636 6608 6643
f 6565 6601 6595
f 6638 6613 6561
f 6560 6603 6628
f 6637 6628 6624
f 563 6615 6632
f 6634 6607 6611
f 6639 6616 6556
f 6633 6565 6595
f 6633 6595 6631
f 6631 6622 6570
f 6615 6626 6632
f 6634 6611 6641
f 6639 6592 6616
f 6610 6640 6538
f 6626 6538 6632
f 6567 6643 644
f 6575 6627 6638
f 6567 644 6592
f 6571 6629 6635
f 6567 6592 6639
f 6637 6560 6628
f 6540 6623 6607
f 6563 6571 6635
f 6563 6635 6627
f 6574 6624 6609
f 6572 6641 6629
f 6574 6637 6624
f 6640 6573 6538
f 6575 6638 6561
f 6542 6631 6570
f 6538 6562 6632
f 6634 6540 6607
f 6572 6629 6571
f 6559 6642 6636
f 6557 6609 6617
f 6572 6634 6641
f 6559 6636 6558
f 6558 6636 6643
f 6541 6556 6560
f 6574 6609 6557
f 6581 6588 6569
f 6588 6581 6649
f 6586 6587 6566
f 6376 6566 6579
f 6584 6647 6652
f 6644 6569 6591
f 6586 6566 6376
f 6371 6579 6650
f 6569 6589 6591
f 6389 6646 6580
f 6651 6650 6647
f 6393 6645 6646
f 6385 6580 6384
f 6652 6648 6582
f 6402 6649 6654
f 6396 6655 6645
f 6393 6646 6391
f 6391 6646 6389
f 6384 6580 6568
f 6374 6376 6579
f 6591 6589 6590
f 6585 6579 6371
f 6366 6651 6647
f 6653 6655 6396
f 6384 6568 6381
f 6379 6381 6568
f 6379 6568 6587
f 6585 6374 6579
f 6369 6371 6650
f 6369 6650 6651
f 6366 6647 6584
f 6583 6584 6652
f 6385 6389 6580
f 909 6582 6648
f 6660 693 6658
f 6597 6656 6554
f 6597 6554 6600
f 6594 6600 6553
f 6594 6553 6659
f 6659 6553 699
f 6659 699 6660
f 6555 6661 6597
f 6597 6661 6656
f 6405 6588 6649
f 6404 6405 6649
f 6404 6649 6402
f 566 6536 568
f 568 6536 6662
f 6662 6536 6535
f 6662 6535 6663
f 6663 6535 6534
f 6663 6534 6664
f 6664 6534 6533
f 6664 6533 6665
f 6665 6533 6423
f 6665 6423 6666
f 6666 6423 6424
f 6666 6424 6532
f 6666 6532 6667
f 6667 6532 6531
f 6667 6531 6668
f 6668 6531 6530
f 6668 6530 6529
f 6668 6529 6669
f 6669 6529 6528
f 6669 6528 6670
f 6670 6528 6527
f 6670 6527 6671
f 6671 6527 6526
f 6671 6526 6672
f 6672 6526 6426
f 6672 6426 6425
f 6672 6425 6673
f 6673 6425 6687
f 6687 6425 6525
f 6687 6525 6674
f 6674 6525 6524
f 6674 6524 6428
f 6674 6428 6675
f 6675 6428 6523
f 6675 6523 6676
f 6676 6523 6677
f 6677 6523 6430
f 6677 6430 6429
f 6677 6429 6705
f 6705 6429 6522
f 6705 6522 6678
f 6678 6522 6432
f 6678 6432 6692
f 6692 6432 6435
f 6695 6854 6680
f 6682 6680 6681
f 6689 6707 6699
f 6703 6686 6674
f 6699 6707 6684
f 6684 6707 6708
f 6686 6687 6674
f 6686 6684 6688
f 6686 6673 6687
f 6690 6691 6709
f 6691 568 6662
f 6691 6662 6663
f 6691 6663 6710
f 6710 6663 6664
f 6710 6664 6665
f 6710 6665 6666
f 6708 6666 6667
f 6708 6667 6668
f 6708 6668 6688
f 6688 6668 6669
f 6688 6669 6670
f 6688 6670 6671
f 6688 6671 6686
f 6686 6671 6672
f 6686 6672 6673
f 6703 6674 6675
f 6703 6675 6676
f 6704 6705 6678
f 6697 6696 6700
f 6693 6682 6683
f 6693 6683 6694
f 6693 6680 6682
f 6695 6693 6694
f 6695 6680 6693
f 6696 6695 6694
f 6696 6694 6685
f 6679 6695 6696
f 6697 6679 6696
f 6698 6679 6697
f 6698 6697 6702
f 6726 6698 6702
f 6694 6683 6685
f 6685 6689 6700
f 6700 6689 6699
f 6700 6696 6685
f 6700 6699 6684
f 6701 6700 6684
f 6701 6697 6700
f 6701 6684 6686
f 6702 6697 6701
f 6703 6701 6686
f 6702 6701 6703
f 6702 6703 6726
f 6704 6703 6676
f 6704 6676 6677
f 6726 6703 6704
f 6705 6704 6677
f 6726 6704 6678
f 6692 6726 6678
f 6684 6708 6688
f 6709 6706 6690
f 6707 6689 6706
f 6707 6706 6709
f 6710 6709 6691
f 6709 6710 6707
f 6707 6710 6708
f 6708 6710 6666
f 6711 6285 6305
f 6305 6285 6304
f 6726 6727 6698
f 6679 6854 6695
f 370 6729 371
f 372 6730 373
f 6730 6834 377
f 377 6822 380
f 380 6822 6824
f 6832 384 6820
f 6125 6103 6296
f 6296 6103 6828
f 6296 6828 6295
f 6857 6859 6740
f 6713 6735 6714
f 6716 6882 6717
f 6712 6733 6713
f 6713 6733 6735
f 6715 6736 6716
f 6732 6733 6712
f 6717 6734 6883
f 6714 6735 6731
f 6716 6736 6882
f 6717 6882 6734
f 6736 6715 6740
f 6732 6305 6738
f 6736 6877 6882
f 6732 6738 6733
f 6731 6735 6737
f 6731 6737 6740
f 6731 6740 6715
f 6736 6740 6739
f 6736 6739 6877
f 6733 6737 6735
f 6738 6741 6733
f 6737 6857 6740
f 6738 6300 6741
f 6733 6741 6737
f 6300 6294 6741
f 6726 6692 6742
f 6726 6742 6743
f 6726 6743 6907
f 6907 6743 6744
f 6907 6744 6745
f 6907 6745 6746
f 6907 6746 6900
f 6900 6746 6747
f 6900 6747 6748
f 6900 6748 6906
f 6906 6748 6749
f 6906 6749 6750
f 6906 6750 6751
f 6906 6751 6752
f 6906 6752 6725
f 6725 6752 6753
f 6725 6753 6754
f 6725 6754 6755
f 6725 6755 6724
f 6724 6755 6756
f 6724 6756 6757
f 6724 6757 6905
f 6905 6757 6758
f 6905 6758 6759
f 6905 6759 6760
f 6905 6760 6899
f 6899 6760 6761
f 6899 6761 6762
f 6899 6762 6763
f 6899 6763 6764
f 6899 6764 6765
f 6899 6765 6723
f 6723 6765 6766
f 6723 6766 6904
f 6904 6766 6767
f 6904 6767 6768
f 6904 6768 6903
f 6903 6768 6769
f 6903 6769 6770
f 6903 6770 6771
f 6903 6771 6772
f 6903 6772 6773
f 6903 6773 6722
f 6722 6773 6774
f 6722 6774 6775
f 6722 6775 6776
f 6722 6776 6902
f 6902 6776 6777
f 6902 6777 6778
f 6902 6778 6898
f 6898 6778 6779
f 6898 6779 6780
f 6898 6780 6781
f 6898 6781 6721
f 6721 6781 6782
f 6721 6782 6783
f 6721 6783 6784
f 6721 6784 6720
f 6720 6784 6785
f 6720 6785 6786
f 6720 6786 6894
f 6894 6786 6787
f 6894 6787 6788
f 6894 6788 6789
f 6894 6789 6790
f 6894 6790 6719
f 6719 6790 6791
f 6719 6791 6792
f 6719 6792 6793
f 6719 6793 6718
f 6718 6793 6794
f 6718 6794 6795
f 6718 6795 6796
f 6718 6796 6883
f 6883 6796 6797
f 6883 6797 6798
f 6883 6798 6799
f 6883 6799 6717
f 6717 6799 6800
f 6717 6800 6801
f 6717 6801 6716
f 6716 6801 6802
f 6716 6802 6803
f 6716 6803 6804
f 6716 6804 6715
f 6715 6804 6805
f 6715 6805 6806
f 6715 6806 6731
f 6731 6806 6807
f 6731 6807 6808
f 6731 6808 6714
f 6714 6808 6809
f 6714 6809 6810
f 6714 6810 6811
f 6714 6811 6812
f 6714 6812 6713
f 6713 6812 6813
f 6713 6813 6814
f 6713 6814 6712
f 6712 6814 6815
f 6712 6815 6816
f 6712 6816 6817
f 6712 6817 6818
f 6712 6818 6732
f 6732 6818 6819
f 6732 6819 6305
f 6305 6819 6711
f 384 6821 6820
f 6821 384 380
f 6821 380 6824
f 6822 377 6834
f 6834 6730 6823
f 6823 6730 372
f 6829 372 371
f 6829 371 6825
f 6825 371 6729
f 6830 6728 6681
f 6826 6823 372
f 6835 6822 6834
f 6826 372 6829
f 6827 6729 6728
f 6832 6820 6831
f 6103 6832 6828
f 6842 6825 6729
f 6827 6728 6830
f 6821 6831 6820
f 6838 6826 6829
f 6827 6842 6729
f 6832 6831 6840
f 6824 6822 6833
f 6833 6822 6835
f 6838 6829 6825
f 6839 6830 6681
f 6836 6834 6823
f 6837 6823 6826
f 6839 6681 6680
f 6832 6840 6828
f 6848 6833 6835
f 6836 6823 6837
f 6849 6837 6826
f 6828 6294 6295
f 6844 6831 6821
f 6852 6824 6833
f 6836 6835 6834
f 6841 6838 6825
f 6841 6825 6842
f 6843 6827 6830
f 6853 6830 6839
f 6840 6831 6856
f 6847 6844 6821
f 6847 6821 6824
f 6846 6842 6827
f 6843 6830 6853
f 6828 6840 6857
f 6847 6824 6852
f 6855 6852 6833
f 6849 6826 6838
f 6831 6844 6856
f 6828 6857 6294
f 6855 6833 6848
f 6858 6835 6836
f 6845 6841 6842
f 6846 6827 6843
f 6854 6839 6680
f 6856 6859 6840
f 6850 6848 6835
f 6850 6835 6858
f 6858 6836 6837
f 6849 6838 6861
f 6861 6838 6841
f 6845 6842 6846
f 6851 6846 6843
f 6844 6860 6856
f 6840 6859 6857
f 6851 6843 6868
f 6868 6843 6853
f 6853 6839 6854
f 6857 6741 6294
f 6864 6837 6871
f 6871 6837 6849
f 6865 6845 6846
f 6862 6846 6851
f 6863 6847 6852
f 6874 6855 6848
f 6874 6848 6850
f 6871 6849 6872
f 6845 6861 6841
f 6863 6852 6855
f 6874 6850 6878
f 6878 6850 6858
f 6864 6858 6837
f 6868 6853 6854
f 6741 6857 6737
f 6860 6844 6847
f 6866 6855 6874
f 6862 6865 6846
f 6867 6862 6851
f 6867 6851 6868
f 6876 6868 6854
f 6876 6854 6679
f 6856 6860 6739
f 6869 6863 6855
f 6870 6878 6858
f 6879 6861 6845
f 6856 6739 6859
f 6869 6855 6866
f 6870 6858 6864
f 6872 6849 6861
f 6875 6879 6845
f 6875 6845 6865
f 6873 6865 6862
f 6860 6847 6863
f 6887 6873 6862
f 6888 6867 6868
f 6887 6862 6867
f 6876 6888 6868
f 6890 6878 6870
f 6873 6875 6865
f 6698 6876 6679
f 6739 6740 6859
f 6877 6739 6860
f 6885 6869 6866
f 6880 6866 6874
f 6880 6874 6878
f 6879 6872 6861
f 6893 6867 6888
f 6885 6866 6880
f 6887 6867 6893
f 6734 6860 6863
f 6889 6863 6869
f 6886 6890 6870
f 6881 6864 6871
f 6727 6876 6698
f 6880 6878 6890
f 6886 6870 6864
f 6884 6871 6872
f 6896 6879 6875
f 6891 6887 6893
f 6734 6877 6860
f 6886 6864 6881
f 6884 6881 6871
f 6897 6896 6875
f 6897 6875 6873
f 6897 6873 6887
f 6888 6876 6727
f 6877 6734 6882
f 6889 6734 6863
f 6885 6889 6869
f 6884 6872 6895
f 6895 6872 6879
f 6892 6885 6880
f 6895 6879 6896
f 6719 6892 6894
f 6720 6880 6890
f 6901 6897 6887
f 6734 6889 6883
f 6883 6889 6718
f 6719 6718 6892
f 6718 6889 6885
f 6902 6886 6881
f 6893 6888 6900
f 6894 6892 6880
f 6894 6880 6720
f 6901 6887 6891
f 6718 6885 6892
f 6720 6890 6886
f 6722 6881 6884
f 6903 6884 6895
f 6906 6891 6893
f 6906 6893 6900
f 6902 6898 6886
f 6723 6895 6896
f 6727 6900 6888
f 6902 6881 6722
f 6903 6722 6884
f 6721 6720 6886
f 6901 6891 6725
f 6725 6891 6906
f 6904 6903 6895
f 6904 6895 6723
f 6899 6896 6897
f 6899 6897 6905
f 6905 6897 6901
f 6898 6721 6886
f 6723 6896 6899
f 6905 6901 6724
f 6907 6727 6726
f 6724 6901 6725
f 6907 6900 6727
f 6307 6285 6338
f 6338 6285 6711
f 6338 6711 6337
f 6337 6711 6819
f 6337 6819 6335
f 6335 6819 6818
f 6335 6818 6334
f 6334 6818 6817
f 6334 6817 6333
f 6333 6817 6816
f 6333 6816 6332
f 6332 6816 6815
f 6332 6815 6330
f 6330 6815 6814
f 6330 6814 6329
f 6329 6814 6813
f 6329 6813 6328
f 6328 6813 6812
f 6328 6812 6326
f 6326 6812 6811
f 6326 6811 6325
f 6325 6811 6810
f 6325 6810 6324
f 6324 6810 6809
f 6324 6809 6323
f 6323 6809 6808
f 6323 6808 6321
f 6321 6808 6807
f 6321 6807 6319
f 6319 6807 6806
f 6319 6806 6318
f 6318 6806 6805
f 6318 6805 6317
f 6317 6805 6804
f 6317 6804 6520
f 6520 6804 6803
f 6520 6803 6518
f 6518 6803 6802
f 6518 6802 6517
f 6517 6802 6801
f 6517 6801 6515
f 6515 6801 6800
f 6515 6800 6513
f 6513 6800 6799
f 6513 6799 6512
f 6512 6799 6798
f 6512 6798 6511
f 6511 6798 6797
f 6511 6797 6509
f 6509 6797 6796
f 6509 6796 6507
f 6507 6796 6795
f 6507 6795 6506
f 6506 6795 6794
f 6506 6794 6505
f 6505 6794 6793
f 6505 6793 6504
f 6504 6793 6792
f 6504 6792 6502
f 6502 6792 6791
f 6502 6791 6500
f 6500 6791 6790
f 6500 6790 6499
f 6499 6790 6789
f 6499 6789 6498
f 6498 6789 6788
f 6498 6788 6497
f 6497 6788 6787
f 6497 6787 6495
f 6495 6787 6786
f 6495 6786 6494
f 6494 6786 6785
f 6494 6785 6493
f 6493 6785 6784
f 6493 6784 6491
f 6491 6784 6783
f 6491 6783 6490
f 6490 6783 6782
f 6490 6782 6489
f 6489 6782 6781
f 6489 6781 6488
f 6488 6781 6780
f 6488 6780 6487
f 6487 6780 6779
f 6487 6779 6485
f 6485 6779 6778
f 6485 6778 6484
f 6484 6778 6777
f 6484 6777 6483
f 6483 6777 6776
f 6483 6776 6481
f 6481 6776 6775
f 6481 6775 6480
f 6480 6775 6774
f 6480 6774 6479
f 6479 6774 6773
f 6479 6773 6478
f 6478 6773 6772
f 6478 6772 6476
f 6476 6772 6771
f 6476 6771 6475
f 6475 6771 6770
f 6475 6770 6473
f 6473 6770 6769
f 6473 6769 6471
f 6471 6769 6768
f 6471 6768 6470
f 6470 6768 6767
f 6470 6767 6469
f 6469 6767 6766
f 6469 6766 6467
f 6467 6766 6765
f 6467 6765 6465
f 6465 6765 6764
f 6465 6764 6464
f 6464 6764 6763
f 6464 6763 6462
f 6462 6763 6762
f 6462 6762 6461
f 6461 6762 6761
f 6461 6761 6460
f 6460 6761 6760
f 6460 6760 6458
f 6458 6760 6759
f 6458 6759 6457
f 6457 6759 6758
f 6457 6758 6455
f 6455 6758 6757
f 6455 6757 6453
f 6453 6757 6756
f 6453 6756 6452
f 6452 6756 6755
f 6452 6755 6451
f 6451 6755 6754
f 6451 6754 6449
f 6449 6754 6753
f 6449 6753 6448
f 6448 6753 6752
f 6448 6752 6447
f 6447 6752 6751
f 6447 6751 6445
f 6445 6751 6750
f 6445 6750 6444
f 6444 6750 6749
f 6444 6749 6443
f 6443 6749 6748
f 6443 6748 6442
f 6442 6748 6747
f 6442 6747 6441
f 6441 6747 6746
f 6441 6746 6439
f 6439 6746 6745
f 6439 6745 6438
f 6438 6745 6744
f 6438 6744 6436
f 6436 6744 6743
f 6436 6743 6434
f 6434 6743 6742
f 6434 6742 6435
f 6435 6742 6692
f 6912 6911 485
f 6912 485 484
f 6913 484 483
f 6913 483 6914
f 6914 481 6926
f 6926 592 6915
f 6915 592 590
f 6915 590 6928
f 6928 590 588
f 6928 588 6927
f 6927 588 586
f 6927 586 6929
f 6929 586 584
f 6929 584 6930
f 6930 584 582
f 6930 582 6931
f 6931 582 580
f 6931 580 578
f 6916 569 6917
f 6917 569 568
f 6917 568 6691
f 6917 6691 6690
f 6917 6690 6918
f 6918 6690 6919
f 6919 6690 6706
f 6919 6706 6920
f 6920 6706 6689
f 6920 6689 6921
f 6921 6689 6685
f 6921 6685 6922
f 6922 6685 6683
f 6922 6683 6978
f 6978 6683 6923
f 6923 6683 6682
f 6682 6681 359
f 6682 359 6986
f 6986 359 6924
f 6924 359 6987
f 6987 359 6925
f 6925 359 6908
f 6913 6914 6926
f 6933 6926 6915
f 6933 6915 6934
f 6934 6915 6928
f 6934 6928 6935
f 6935 6928 6927
f 6935 6927 6929
f 6932 6913 6926
f 6932 6926 6933
f 6939 6935 6929
f 6939 6929 6937
f 6937 6929 6930
f 6937 6930 6938
f 6938 6930 6931
f 6938 6931 578
f 6918 6916 6917
f 6944 578 576
f 6944 576 6936
f 6936 576 574
f 6936 574 572
f 6941 6938 578
f 6941 578 6944
f 6940 6936 572
f 6940 572 6942
f 6942 572 6916
f 6942 6916 6918
f 6943 6934 6935
f 6943 6935 6939
f 6945 6932 6933
f 6945 6933 6934
f 6949 6937 6938
f 6949 6938 6941
f 6948 6939 6937
f 6948 6937 6949
f 6919 6942 6918
f 484 6913 6954
f 6954 6913 6932
f 6954 6932 6945
f 6946 6944 6936
f 6946 6936 6940
f 6947 6945 6934
f 6947 6934 6943
f 6950 6949 6941
f 6950 6941 6944
f 6952 6946 6940
f 6952 6940 6953
f 6953 6940 6942
f 6953 6942 6919
f 6951 6950 6944
f 6951 6944 6946
f 6920 6953 6919
f 6947 6954 6945
f 6959 6948 6949
f 6959 6949 6950
f 6961 6951 6946
f 6961 6946 6952
f 6956 6947 6943
f 6956 6943 6939
f 6955 6961 6952
f 6955 6952 6962
f 6962 6952 6953
f 6962 6953 6920
f 6912 484 6954
f 6912 6954 6947
f 6965 6912 6947
f 6965 6947 6957
f 6957 6947 6956
f 6958 6939 6948
f 6958 6948 6959
f 6921 6962 6920
f 6964 6912 6965
f 6958 6956 6939
f 6960 6959 6950
f 6960 6950 6951
f 6960 6951 6961
f 6966 6957 6956
f 6966 6956 6958
f 6968 6959 6960
f 6968 6960 6963
f 6963 6960 6961
f 6963 6961 6955
f 6911 6912 6964
f 6967 6966 6958
f 6967 6958 6959
f 6967 6959 6968
f 6971 6963 6955
f 6971 6955 6922
f 6922 6955 6962
f 6922 6962 6921
f 6969 6964 6965
f 6969 6965 6957
f 6974 6957 6966
f 6974 6966 6970
f 6970 6966 6967
f 6972 6963 6971
f 6970 6967 6975
f 6975 6967 6968
f 6910 6911 6973
f 6973 6911 6964
f 6973 6964 6969
f 6972 6968 6963
f 6974 6969 6957
f 6979 6974 6970
f 6977 6975 6968
f 6977 6968 6972
f 6909 6910 6973
f 6976 6979 6970
f 6976 6970 6975
f 6978 6972 6971
f 6978 6971 6922
f 6976 6975 6977
f 6981 6977 6972
f 6982 6909 6973
f 6982 6973 6969
f 6982 6969 6983
f 6983 6969 6974
f 6983 6974 6979
f 6981 6972 6978
f 6908 6909 6982
f 6984 6983 6979
f 6984 6979 6980
f 6980 6979 6976
f 6985 6980 6976
f 6985 6976 6977
f 6925 6982 6983
f 6985 6977 6981
f 6925 6908 6982
f 6986 6985 6981
f 6986 6981 6923
f 6923 6981 6978
f 6987 6925 6983
f 6987 6983 6984
f 6924 6980 6985
f 6924 6985 6986
f 6986 6923 6682
f 6987 6984 6980
f 6987 6980 6924
f 6316 6341 6293
f 6293 6341 6265
f 6265 6341 6266
f 6266 6341 6343
f 6266 6343 6267
f 6267 6343 6344
f 6267 6344 6268
f 6268 6344 6345
f 6268 6345 6269
f 6269 6345 6346
f 6269 6346 6270
f 6270 6346 6348
f 6270 6348 6271
f 6271 6348 6349
f 6271 6349 6272
f 6272 6349 6350
f 6272 6350 6273
f 6273 6350 6351
f 6273 6351 6264
f 6264 6351 6352
f 6264 6352 6263
f 6263 6352 6353
f 6263 6353 6354
f 6263 6354 6274
f 6274 6354 6355
f 6274 6355 6261
f 6261 6355 6356
f 6261 6356 6262
f 6262 6356 6357
f 6262 6357 6275
f 6275 6357 6358
f 6358 710 6275
f 5878 5784 6993
f 6988 7014 7050
f 7002 7071 7087
f 6995 395 6994
f 6064 5848 6076
f 6076 5848 6990
f 5848 5850 6990
f 5850 5852 6990
f 6990 5852 6992
f 7006 6991 7008
f 7008 6991 6988
f 5852 5854 6992
f 5854 5856 6992
f 5856 5858 6992
f 6988 6991 6993
f 5858 5860 6992
f 6992 5860 7010
f 6993 7014 6988
f 5860 5862 7010
f 5862 5864 7010
f 7010 5864 7006
f 5864 5866 7006
f 5866 5868 7006
f 7006 5868 6991
f 5868 5870 6991
f 5870 5872 6991
f 5872 5874 6991
f 6991 5874 6993
f 5874 5876 6993
f 5876 5878 6993
f 6996 395 6995
f 6995 6994 6997
f 6997 6994 6126
f 6996 6995 6999
f 7087 6996 6998
f 6998 6996 6999
f 7001 6999 6995
f 7001 6995 6997
f 7002 7087 6998
f 7000 6998 6999
f 7000 6999 7001
f 7001 6997 7004
f 7002 6998 7000
f 7005 7001 7004
f 7000 7001 7005
f 7003 7002 7000
f 6077 7004 6989
f 7008 7000 7005
f 6077 7005 7004
f 7008 7003 7000
f 7008 7005 7009
f 7003 7050 7002
f 7009 7005 6077
f 7007 7009 6077
f 7050 7003 6988
f 6988 7003 7008
f 7006 7009 7010
f 7007 6077 6076
f 7006 7008 7009
f 7010 7007 6992
f 6992 7007 6990
f 7010 7009 7007
f 6990 7007 6076
f 7095 427 7011
f 7012 414 413
f 7071 7002 7050
f 6993 5784 5785
f 6993 5785 7014
f 7014 5785 5786
f 7014 5786 7015
f 7015 5786 5787
f 7015 5787 5788
f 7015 5788 5789
f 7015 5789 7022
f 7022 5789 5790
f 7022 5790 5791
f 7022 5791 5792
f 7022 5792 7033
f 7033 5792 5793
f 7033 5793 5794
f 7033 5794 5795
f 7033 5795 7027
f 7027 5795 5796
f 7027 5796 5797
f 7027 5797 5798
f 7027 5798 7030
f 7030 5798 5799
f 7030 5799 5800
f 7030 5800 5801
f 7030 5801 7032
f 7032 5801 5802
f 7032 5802 5803
f 7032 5803 7021
f 7021 5803 5804
f 7021 5804 5805
f 7021 5805 5806
f 7021 5806 7020
f 7020 5806 5807
f 7020 5807 5808
f 7020 5808 5809
f 7020 5809 5810
f 7020 5810 7028
f 7028 5810 5811
f 7028 5811 5812
f 7028 5812 7031
f 7031 5812 5813
f 7031 5813 5814
f 7031 5814 7016
f 7016 5814 5815
f 7016 5815 5816
f 7016 5816 5817
f 7016 5817 5818
f 7016 5818 5819
f 7016 5819 7038
f 7038 5819 5820
f 7038 5820 5821
f 7038 5821 7026
f 7026 5821 5822
f 7026 5822 5823
f 7026 5823 5824
f 7026 5824 7025
f 7025 5824 5825
f 7025 5825 7018
f 7018 5825 5826
f 7018 5826 5827
f 7018 5827 7017
f 7017 5827 5828
f 7017 5828 5829
f 7017 5829 7029
f 7029 5829 5830
f 7029 5830 7024
f 7024 5830 5831
f 7024 5831 5832
f 7024 5832 5833
f 7024 5833 7019
f 7019 5833 5834
f 7019 5834 5835
f 7019 5835 5836
f 7019 5836 5837
f 7019 5837 7023
f 7023 5837 5838
f 7023 5838 5839
f 7023 5839 7034
f 7034 5839 5840
f 7034 5840 5841
f 7034 5841 5842
f 7034 5842 5843
f 7034 5843 5844
f 7034 5844 7115
f 7115 5844 5845
f 7115 5845 5846
f 7115 5846 7118
f 7017 7029 7044
f 7017 7044 7018
f 7018 7044 7025
f 7125 7128 7115
f 7115 7128 7043
f 7031 7039 7028
f 7015 7022 7046
f 7015 7046 7014
f 7115 7043 7034
f 7023 7048 7019
f 7024 7053 7029
f 7026 7025 7036
f 7026 7036 7038
f 7031 7045 7039
f 7020 7028 7049
f 7020 7049 7021
f 7022 7033 7042
f 7022 7042 7046
f 7023 7034 7037
f 7023 7037 7048
f 7025 7035 7036
f 7016 7038 7045
f 7016 7045 7031
f 7033 7041 7042
f 7034 7043 7037
f 7019 7048 7024
f 7024 7048 7053
f 7044 7035 7025
f 7021 7049 7032
f 7030 7040 7027
f 7027 7040 7041
f 7027 7041 7033
f 7029 7053 7051
f 7029 7051 7044
f 7128 7057 7043
f 7032 7054 7030
f 7030 7054 7040
f 7038 7036 7059
f 7044 7051 7035
f 7038 7059 7045
f 7045 7047 7039
f 7028 7039 7065
f 7028 7065 7049
f 7054 7062 7040
f 7036 7035 7069
f 7036 7069 7059
f 7045 7059 7047
f 7042 7050 7046
f 7046 7050 7014
f 7043 7057 7055
f 7043 7055 7037
f 7037 7067 7048
f 7032 7049 7054
f 7054 7052 7062
f 7037 7055 7067
f 7048 7056 7053
f 7035 7051 7060
f 7039 7047 7064
f 7039 7064 7065
f 7040 7062 7041
f 7053 7058 7051
f 7050 7042 7071
f 7048 7067 7056
f 7035 7074 7069
f 7049 7065 7054
f 7054 7072 7052
f 7042 7041 7066
f 7053 7056 7058
f 7035 7060 7074
f 7054 7065 7072
f 7051 7058 7060
f 7041 7062 7077
f 7041 7077 7066
f 7042 7066 7071
f 7057 7128 7061
f 7057 7061 7055
f 7059 7063 7047
f 7047 7063 7073
f 7047 7073 7064
f 7060 7085 7074
f 7067 7080 7056
f 7056 7068 7058
f 7059 7069 7063
f 7064 7073 7076
f 7064 7076 7065
f 7065 7076 7072
f 7072 7070 7052
f 7062 7052 7077
f 7061 7082 7055
f 7055 7082 7067
f 7067 7082 7080
f 7069 7074 7075
f 7056 7080 7068
f 7069 7092 7063
f 7072 7081 7070
f 7058 7068 7078
f 7058 7078 7060
f 7060 7078 7085
f 7069 7075 7092
f 7076 7081 7072
f 7052 7086 7077
f 7077 7086 7066
f 7074 7085 7075
f 7073 7063 7079
f 7052 7070 7086
f 7066 7094 7071
f 7087 7071 7094
f 7061 7114 7082
f 7063 7092 7079
f 7066 7086 7094
f 7080 7084 7068
f 7076 7089 7081
f 7080 7082 7083
f 7080 7083 7084
f 7073 7079 7088
f 7073 7088 7076
f 7086 7070 7097
f 7082 7114 7091
f 7084 7083 7090
f 7068 7084 7078
f 7085 7096 7075
f 7076 7088 7089
f 7082 7091 7083
f 7078 7096 7085
f 7075 7098 7092
f 7079 7092 7093
f 7070 7081 7097
f 7086 7102 7094
f 7078 7084 7096
f 7089 7088 7106
f 7097 7102 7086
f 7087 7094 7104
f 7075 7096 7098
f 7083 7091 7095
f 7092 7098 7099
f 7079 7093 7088
f 7083 7095 7090
f 7090 7107 7084
f 7084 7107 7096
f 7092 7099 7093
f 7094 7102 7104
f 7087 7104 6996
f 7093 7099 7100
f 7088 7093 7106
f 7106 7101 7089
f 7089 7101 7081
f 7081 7101 7097
f 7093 7100 7106
f 7102 7097 400
f 7104 7102 7103
f 7114 427 7091
f 7091 427 7095
f 7090 7095 7105
f 7090 7105 7107
f 7096 7107 7098
f 7104 7103 6996
f 7097 7101 400
f 7095 7011 7105
f 7105 7011 414
f 7105 414 7107
f 7107 414 7098
f 7098 414 7012
f 7098 7012 7099
f 7099 7012 7100
f 7100 7012 7013
f 7100 7013 7106
f 7106 7013 408
f 7106 408 7101
f 7101 408 400
f 7102 400 7103
f 7103 400 395
f 7103 395 6996
f 5765 5766 7125
f 7125 5766 7120
f 7120 5766 5767
f 5767 5768 7120
f 5768 5769 7119
f 7119 5769 5770
f 7119 5770 5771
f 7119 5771 5772
f 7119 5772 7122
f 7122 5772 5773
f 7122 5773 5774
f 7122 5774 7121
f 7121 5774 5775
f 7121 5775 5776
f 7121 5776 7116
f 7116 5776 5777
f 7116 5777 5778
f 7116 5778 5779
f 7116 5779 5780
f 7116 5780 5781
f 7116 5781 4132
f 4132 5781 5782
f 4132 5782 5783
f 4132 5783 4133
f 7116 4132 7113
f 7121 7110 7108
f 7126 7108 7109
f 7123 7111 7128
f 4132 7112 7113
f 7108 7110 7109
f 7109 7114 7111
f 7113 4130 7110
f 7112 4130 7113
f 7111 7114 7128
f 7110 7127 7109
f 7110 4130 7127
f 7114 7061 7128
f 4128 427 7114
f 7115 7118 7125
f 7119 7120 5768
f 5765 7125 7117
f 7117 7125 7118
f 7121 7108 7122
f 7119 7124 7120
f 7122 7124 7119
f 7124 7123 7120
f 7113 7110 7116
f 7116 7110 7121
f 7122 7126 7124
f 7120 7123 7125
f 7108 7126 7122
f 7124 7126 7123
f 7123 7128 7125
f 7109 7111 7126
f 7111 7123 7126
f 7127 4128 7109
f 7109 4128 7114
f 7127 4129 4128
f 1374 1656 5881
f 5881 1656 1657
f 5881 1657 1658
f 5881 1658 5882
f 5882 1658 1659
f 5882 1659 5884
f 5884 1659 1660
f 5884 1660 5886
f 5886 1660 1661
f 5886 1661 5888
f 5888 1661 1662
f 5888 1662 5889
f 5889 1662 1663
f 5889 1663 1664
f 5889 1664 5890
f 5890 1664 1665
f 5890 1665 1666
f 5890 1666 5892
f 5892 1666 1668
f 5892 1668 5894
f 5894 1668 1669
f 5894 1669 5895
f 5895 1669 1670
f 5895 1670 1671
f 5895 1671 5897
f 5897 1671 1672
f 5897 1672 5900
f 5900 1672 1673
f 5900 1673 5901
f 5901 1673 1674
f 5901 1674 5903
f 5903 1674 1675
f 5903 1675 1676
f 5903 1676 5905
f 5905 1676 1677
f 5905 1677 1678
f 5905 1678 5907
f 5907 1678 1679
f 5907 1679 5908
f 5908 1679 1680
f 5908 1680 2606
f 5908 2606 2605
f 5908 2605 5909
f 5909 2605 2604
f 5909 2604 2603
f 5909 2603 5911
f 5911 2603 2602
f 5911 2602 2601
f 5911 2601 5913
f 5913 2601 2600
f 5913 2600 2599
f 5913 2599 5914
f 5914 2599 2598
f 5914 2598 5916
f 5916 2598 2597
f 5916 2597 5917
f 5917 2597 2596
f 5917 2596 5918
f 5918 2596 2595
f 5918 2595 5919
f 5919 2595 2594
f 5919 2594 5920
f 5920 2594 2593
f 5920 2593 5921
f 5921 2593 2592
f 5921 2592 5922
f 5922 2592 5931
f 5931 2592 2591
f 5931 2591 5945
f 5945 2591 2590
f 5945 2590 5946
f 5946 2590 2589
f 5946 2589 5947
f 5947 2589 2588
f 5947 2588 5948
f 5948 2588 2587
f 5948 2587 5949
f 5949 2587 2586
f 5949 2586 2094
f 5949 2094 5950
f 5950 2094 2096
f 5950 2096 5951
f 5951 2096 2101
f 5951 2101 5952
f 5952 2101 1375
f 5952 1375 1253
f 7129 1504 7130
f 7130 1504 1503
f 7130 1503 7131
f 7131 1503 1502
f 7131 1502 1508
f 7131 1508 7132
f 7132 1508 1507
f 7132 1507 7133
f 7133 1507 1506
f 7133 1506 7134
f 7134 1506 1780
f 7134 1780 7135
f 7135 1780 1512
f 7135 1512 7136
f 7136 1512 1511
f 7136 1511 7137
f 7137 1511 1510
f 7137 1510 7138
f 7138 1510 1779
f 7138 1779 7139
f 7139 1779 1778
f 7139 1778 7140
f 7140 1778 1777
f 7140 1777 7141
f 7141 1777 1776
f 7141 1776 7142
f 7142 1776 1516
f 7142 1516 7143
f 7143 1516 1517
f 7143 1517 7144
f 7144 1517 1518
f 7144 1518 7145
f 7145 1518 1519
f 7145 1519 7146
f 7146 1519 1520
f 7146 1520 7147
f 7147 1520 1521
f 7147 1521 7148
f 7148 1521 1522
f 7148 1522 7149
f 7149 1522 1523
f 7149 1523 7150
f 7150 1523 1524
f 7150 1524 7151
f 7151 1524 1525
f 7151 1525 7152
f 7152 1525 1526
f 7152 1526 7153
f 7153 1526 1527
f 7153 1527 7154
f 7154 1527 1528
f 7154 1528 7155
f 7155 1528 1529
f 7155 1529 7156
f 7129 7157 1504
f 1504 7157 1498
f 1498 7157 7158
f 1498 7158 1499
f 1499 7158 7159
f 1499 7159 1500
f 1500 7159 7160
f 1500 7160 1781
f 1781 7160 7161
f 1781 7161 1783
f 1783 7161 7162
f 1783 7162 1786
f 1786 7162 7163
f 1786 7163 1788
f 1788 7163 7164
f 1788 7164 1789
f 1789 7164 7165
f 1789 7165 1791
f 1791 7165 7166
f 1791 7166 1792
f 1792 7166 7167
f 1792 7167 1794
f 1794 7167 7168
f 1794 7168 1795
f 1795 7168 7169
f 1795 7169 1796
f 7129 7130 7157
f 7157 7130 7158
f 7158 7130 7159
f 7159 7130 7160
f 7160 7130 7131
f 7160 7131 7161
f 7161 7131 7162
f 7162 7131 7132
f 7162 7132 7163
f 7163 7132 7164
f 7164 7132 7133
f 7164 7133 7165
f 7165 7133 7166
f 7166 7133 7134
f 7166 7134 7167
f 7167 7134 7168
f 7168 7134 7135
f 7168 7135 7169
f 7169 7135 7170
f 7169 7170 7171
f 7171 7170 7172
f 7172 7170 7173
f 7173 7170 7174
f 7174 7170 7175
f 7175 7170 7176
f 7176 7170 7177
f 7176 7177 7178
f 7135 7136 7170
f 7170 7136 7149
f 7170 7149 7179
f 7179 7149 7180
f 7180 7149 7181
f 7181 7149 7182
f 7182 7149 7183
f 7183 7149 7184
f 7184 7149 7185
f 7185 7149 7150
f 7185 7150 7186
f 7186 7150 7151
f 7186 7151 7187
f 7187 7151 7152
f 7187 7152 7188
f 7188 7152 7189
f 7189 7152 7190
f 7190 7152 7153
f 7190 7153 7191
f 7191 7153 7192
f 7192 7153 7154
f 7192 7154 7193
f 7193 7154 7194
f 7194 7154 7155
f 7194 7155 7195
f 7195 7155 7196
f 7196 7155 7197
f 7197 7155 7156
f 7136 7137 7149
f 7149 7137 7148
f 7148 7137 7138
f 7148 7138 7147
f 7147 7138 7139
f 7147 7139 7146
f 7146 7139 7140
f 7146 7140 7145
f 7145 7140 7141
f 7145 7141 7144
f 7144 7141 7142
f 7144 7142 7143
f 7188 7198 7187
f 7187 7198 7199
f 7199 7198 7200
f 7199 7200 7201
f 7199 7201 7202
f 7202 7201 7203
f 7202 7203 7204
f 7204 7203 7205
f 7204 7205 7206
f 7204 7206 7207
f 7207 7206 7208
f 7207 7208 7209
f 7207 7209 7210
f 7210 7209 7211
f 7210 7211 7212
f 7210 7212 7213
f 7213 7212 7214
f 7213 7214 7215
f 7213 7215 7216
f 7216 7215 7217
f 7216 7217 7218
f 7216 7218 7219
f 7219 7218 7220
f 7219 7220 7221
f 7221 7220 7222
f 7221 7222 7223
f 7221 7223 7224
f 7224 7223 7225
f 7224 7225 7226
f 7224 7226 7227
f 7227 7226 7228
f 7227 7228 7229
f 7227 7229 7230
f 7230 7229 7231
f 7230 7231 7232
f 7233 7234 7232
f 7232 7234 7230
f 7178 7235 7176
f 7176 7235 7236
f 7176 7236 7237
f 7237 7238 7176
f 7176 7238 7239
f 7176 7239 7240
f 7240 7241 7176
f 7176 7241 7242
f 7176 7242 7243
f 7243 7244 7176
f 7176 7244 7245
f 7176 7245 7246
f 7246 7247 7176
f 7176 7247 7248
f 7248 7247 7249
f 7248 7249 7250
f 7250 7249 7251
f 7251 7249 7252
f 7251 7252 7253
f 7253 7252 7254
f 7254 7252 7255
f 7254 7255 7256
f 7256 7255 7257
f 7257 7255 7258
f 7257 7258 7259
f 7259 7258 7260
f 7260 7258 7261
f 7260 7261 7262
f 7262 7261 7263
f 7263 7261 7264
f 7263 7264 7265
f 7265 7264 7266
f 7266 7264 7267
f 7266 7267 7268
f 7268 7267 7269
f 7269 7267 7270
f 7269 7270 7271
f 7169 7171 1796
f 1796 7171 1797
f 1797 7171 7172
f 1797 7172 1798
f 1798 7172 7173
f 1798 7173 1799
f 1799 7173 7174
f 1799 7174 1801
f 1801 7174 7175
f 1801 7175 1802
f 1802 7175 7176
f 1802 7176 1803
f 1803 7176 7248
f 1803 7248 1804
f 1804 7248 7250
f 1804 7250 1805
f 1805 7250 7251
f 1805 7251 1806
f 1806 7251 7253
f 1806 7253 1472
f 1472 7253 7254
f 1472 7254 1474
f 1474 7254 7256
f 1474 7256 1481
f 1481 7256 7257
f 1481 7257 1482
f 1482 7257 1810
f 1810 7257 7259
f 1810 7259 1811
f 1811 7259 7260
f 1811 7260 7262
f 1811 7262 1812
f 1812 7262 7263
f 1812 7263 1813
f 1813 7263 7265
f 1813 7265 1814
f 1814 7265 7266
f 1814 7266 1815
f 1815 7266 7268
f 1815 7268 1816
f 1816 7268 7269
f 1816 7269 1817
f 1817 7269 7271
f 1817 7271 1818
f 1819 1818 7270
f 7270 1818 7271
f 1823 1868 7234
f 7234 1868 7230
f 7230 1868 1867
f 7230 1867 7227
f 7227 1867 1866
f 7227 1866 7224
f 7224 1866 1865
f 7224 1865 7221
f 7221 1865 1864
f 7221 1864 7219
f 7219 1864 1863
f 7219 1863 7216
f 7216 1863 1862
f 7216 1862 7213
f 7213 1862 1861
f 7213 1861 7210
f 7210 1861 1860
f 7210 1860 7207
f 7207 1860 1859
f 7207 1859 7204
f 7204 1859 1858
f 7204 1858 7202
f 7202 1858 1857
f 7202 1857 7199
f 7199 1857 1856
f 7199 1856 7187
f 7187 1856 1855
f 7187 1855 7186
f 7186 1855 1854
f 7186 1854 7185
f 7185 1854 1853
f 7185 1853 7184
f 7184 1853 1852
f 7184 1852 7183
f 7183 1852 1851
f 7183 1851 7182
f 7182 1851 1850
f 7182 1850 7181
f 7181 1850 1849
f 7181 1849 7180
f 7180 1849 1848
f 7180 1848 7179
f 7179 1848 1847
f 7179 1847 7170
f 7170 1847 1846
f 7170 1846 7177
f 7177 1846 1845
f 7177 1845 7178
f 7178 1845 1844
f 7178 1844 7235
f 7235 1844 1843
f 7235 1843 7236
f 7236 1843 1842
f 7236 1842 7237
f 7237 1842 1841
f 7237 1841 7238
f 7238 1841 1840
f 7238 1840 7239
f 7239 1840 1839
f 7239 1839 7240
f 7240 1839 1838
f 7240 1838 7241
f 7241 1838 1837
f 7241 1837 7242
f 7242 1837 1836
f 7242 1836 7243
f 7243 1836 1835
f 7243 1835 7244
f 7244 1835 1834
f 7244 1834 7245
f 7245 1834 1833
f 7245 1833 7246
f 7246 1833 1832
f 7246 1832 7247
f 7247 1832 7249
f 7249 1832 1831
f 7249 1831 7252
f 7252 1831 1830
f 7252 1830 1829
f 7252 1829 7255
f 7255 1829 1828
f 7255 1828 7258
f 7258 1828 1827
f 7258 1827 7261
f 7261 1827 1826
f 7261 1826 7264
f 7264 1826 1822
f 7264 1822 7267
f 7267 1822 1819
f 7267 1819 7270
f 1869 1823 7233
f 7233 1823 7234
f 1529 1531 7156
f 7156 1531 7197
f 7197 1531 1532
f 7197 1532 7196
f 7196 1532 1533
f 7196 1533 7195
f 7195 1533 1534
f 7195 1534 7194
f 7194 1534 1923
f 7194 1923 7193
f 7193 1923 1922
f 7193 1922 7192
f 7192 1922 1921
f 7192 1921 7191
f 7191 1921 1919
f 7191 1919 7190
f 7190 1919 1918
f 7190 1918 7189
f 7189 1918 1917
f 7189 1917 7188
f 7188 1917 1916
f 7188 1916 7198
f 7198 1916 1915
f 7198 1915 7200
f 7200 1915 1914
f 7200 1914 7201
f 7201 1914 1913
f 7201 1913 7203
f 7203 1913 1912
f 7203 1912 7205
f 7205 1912 1910
f 7205 1910 7206
f 7206 1910 1909
f 7206 1909 7208
f 7208 1909 1908
f 7208 1908 7209
f 7209 1908 1907
f 7209 1907 7211
f 7211 1907 1906
f 7211 1906 7212
f 7212 1906 1904
f 7212 1904 7214
f 7214 1904 1884
f 7214 1884 7215
f 7215 1884 1883
f 7215 1883 7217
f 7217 1883 1882
f 7217 1882 7218
f 7218 1882 1881
f 7218 1881 7220
f 7220 1881 1880
f 7220 1880 7222
f 7222 1880 1879
f 7222 1879 7223
f 7223 1879 1878
f 7223 1878 7225
f 7225 1878 1877
f 7225 1877 7226
f 7226 1877 1876
f 7226 1876 7228
f 7228 1876 1875
f 7228 1875 7229
f 7229 1875 1874
f 7229 1874 7231
f 7231 1874 1873
f 7231 1873 7232
f 7232 1873 1869
f 7232 1869 7233
f 1958 1957 7272
f 7272 1957 7273
f 7273 1957 1956
f 7273 1956 7274
f 7274 1956 1955
f 7274 1955 7275
f 7275 1955 1954
f 7275 1954 7276
f 7276 1954 1953
f 7276 1953 7277
f 7277 1953 1952
f 7277 1952 7278
f 7278 1952 1951
f 7278 1951 7279
f 7279 1951 1925
f 7279 1925 7280
f 7280 1925 1950
f 7280 1950 7281
f 7281 1950 1949
f 7281 1949 7282
f 7282 1949 1948
f 7282 1948 7283
f 7283 1948 1947
f 7283 1947 7284
f 7284 1947 1946
f 7284 1946 7285
f 7285 1946 1945
f 7285 1945 7286
f 7286 1945 1944
f 7286 1944 7287
f 7287 1944 1943
f 7287 1943 7288
f 7288 1943 1942
f 7288 1942 7289
f 7289 1942 1941
f 7289 1941 7290
f 7290 1941 1940
f 7290 1940 7291
f 7291 1940 1939
f 7291 1939 7292
f 7292 1939 1938
f 7292 1938 7293
f 7293 1938 1937
f 7293 1937 7294
f 7294 1937 1936
f 7294 1936 7295
f 7295 1936 1935
f 7295 1935 7296
f 7296 1935 1934
f 7296 1934 7297
f 7297 1934 1933
f 7297 1933 7298
f 7298 1933 1932
f 7298 1932 7299
f 7299 1932 1931
f 7299 1931 7300
f 7300 1931 1930
f 7300 1930 7301
f 7301 1930 1929
f 7301 1929 7302
f 7302 1929 1928
f 7302 1928 7303
f 7303 1928 1927
f 7303 1927 7304
f 7304 1927 1924
f 7304 1924 7305
f 7305 1924 1413
f 7305 1413 7306
f 1963 1958 7307
f 7307 1958 7272
f 2040 2038 7308
f 7308 2038 7309
f 7309 2038 2037
f 7309 2037 7310
f 7310 2037 2035
f 7310 2035 7311
f 7311 2035 2033
f 7311 2033 7312
f 7312 2033 2032
f 7312 2032 7313
f 7313 2032 2030
f 7313 2030 7314
f 7314 2030 2028
f 7314 2028 7315
f 7315 2028 2027
f 7315 2027 7316
f 7316 2027 2025
f 7316 2025 7317
f 7317 2025 2023
f 7317 2023 7318
f 7318 2023 2021
f 7318 2021 7319
f 7319 2021 2019
f 7319 2019 7320
f 7320 2019 2018
f 7320 2018 7321
f 7321 2018 2017
f 7321 2017 7322
f 7322 2017 2015
f 7322 2015 7323
f 7323 2015 2013
f 7323 2013 7324
f 7324 2013 2012
f 7324 2012 7325
f 7325 2012 2010
f 7325 2010 7326
f 7326 2010 2008
f 7326 2008 7327
f 7327 2008 2007
f 7327 2007 7328
f 7328 2007 2006
f 7328 2006 7329
f 7329 2006 2004
f 7329 2004 7330
f 7330 2004 2002
f 7330 2002 7331
f 7331 2002 2001
f 7331 2001 7332
f 7332 2001 2000
f 7332 2000 7333
f 7333 2000 1998
f 7333 1998 7334
f 7334 1998 1996
f 7334 1996 7335
f 7335 1996 1994
f 7335 1994 7336
f 7336 1994 1992
f 7336 1992 7337
f 7337 1992 1991
f 7337 1991 7338
f 7338 1991 1989
f 7338 1989 7339
f 7339 1989 1988
f 7339 1988 7340
f 7340 1988 1986
f 7340 1986 7341
f 7341 1986 1985
f 7341 1985 7342
f 7342 1985 1983
f 7342 1983 7343
f 7343 1983 1981
f 7343 1981 7344
f 7344 1981 1980
f 7344 1980 7345
f 7345 1980 1978
f 7345 1978 7346
f 7346 1978 1976
f 7346 1976 7347
f 7347 1976 1975
f 7347 1975 7348
f 7348 1975 1973
f 7348 1973 7349
f 7349 1973 1971
f 7349 1971 7350
f 7350 1971 1970
f 7350 1970 7351
f 7351 1970 1966
f 7351 1966 7352
f 7352 1966 1963
f 7352 1963 7307
f 1820 2040 7353
f 7353 2040 7308
f 1471 2085 7354
f 7354 2085 7355
f 7355 2085 2084
f 7355 2084 7356
f 7356 2084 2083
f 7356 2083 7357
f 7357 2083 2082
f 7357 2082 7358
f 7358 2082 2081
f 7358 2081 7359
f 7359 2081 2080
f 7359 2080 7360
f 7360 2080 2079
f 7360 2079 7361
f 7361 2079 2078
f 7361 2078 7362
f 7362 2078 2077
f 7362 2077 7363
f 7363 2077 2076
f 7363 2076 7364
f 7364 2076 2075
f 7364 2075 7365
f 7365 2075 2074
f 7365 2074 7366
f 7366 2074 2073
f 7366 2073 7367
f 7367 2073 2072
f 7367 2072 7368
f 7368 2072 2071
f 7368 2071 7369
f 7369 2071 2070
f 7369 2070 7370
f 7370 2070 2069
f 7370 2069 7371
f 7371 2069 2068
f 7371 2068 7372
f 7372 2068 2067
f 7372 2067 7373
f 7373 2067 2066
f 7373 2066 7374
f 7374 2066 2065
f 7374 2065 7375
f 7375 2065 2064
f 7375 2064 7376
f 7376 2064 2063
f 7376 2063 7377
f 7377 2063 2062
f 7377 2062 7378
f 7378 2062 2061
f 7378 2061 7379
f 7379 2061 1473
f 7379 1473 7380
f 7380 1473 1475
f 7380 1475 7381
f 7381 1475 1476
f 7381 1476 7382
f 7382 1476 1477
f 7382 1477 7383
f 7383 1477 1478
f 7383 1478 7384
f 7384 1478 1479
f 7384 1479 7385
f 7385 1479 1480
f 7385 1480 7386
f 7386 1480 1821
f 7386 1821 7387
f 7387 1821 1820
f 7387 1820 7353
f 1413 1415 7306
f 7306 1415 7388
f 7388 1415 1417
f 7388 1417 7389
f 7389 1417 1419
f 7389 1419 7390
f 7390 1419 1421
f 7390 1421 7391
f 7391 1421 1423
f 7391 1423 7392
f 7392 1423 1425
f 7392 1425 7393
f 7393 1425 1428
f 7393 1428 7394
f 7394 1428 1430
f 7394 1430 7395
f 7395 1430 1432
f 7395 1432 7396
f 7396 1432 1434
f 7396 1434 7397
f 7397 1434 1436
f 7397 1436 7398
f 7398 1436 1439
f 7398 1439 7399
f 7399 1439 1441
f 7399 1441 7400
f 7400 1441 1443
f 7400 1443 7401
f 7401 1443 1445
f 7401 1445 7402
f 7402 1445 1447
f 7402 1447 7403
f 7403 1447 1450
f 7403 1450 7404
f 7404 1450 1452
f 7404 1452 7405
f 7405 1452 1454
f 7405 1454 7406
f 7406 1454 1456
f 7406 1456 7407
f 7407 1456 1458
f 7407 1458 7408
f 7408 1458 1460
f 7408 1460 7409
f 7409 1460 1462
f 7409 1462 7410
f 7410 1462 1464
f 7410 1464 7411
f 7411 1464 1467
f 7411 1467 7412
f 7412 1467 1469
f 7412 1469 7413
f 7413 1469 1471
f 7413 1471 7354
f 7273 7351 7272
f 7272 7351 7352
f 7272 7352 7307
f 7273 7274 7351
f 7351 7274 7350
f 7350 7274 7275
f 7350 7275 7276
f 7350 7276 7349
f 7349 7276 7277
f 7349 7277 7278
f 7278 7279 7349
f 7349 7279 7280
f 7349 7280 7281
f 7281 7282 7349
f 7349 7282 7283
f 7349 7283 7284
f 7284 7285 7349
f 7349 7285 7286
f 7349 7286 7287
f 7287 7288 7349
f 7349 7288 7289
f 7349 7289 7290
f 7290 7291 7349
f 7349 7291 7292
f 7349 7292 7293
f 7294 7335 7293
f 7293 7335 7336
f 7293 7336 7337
f 7335 7294 7334
f 7334 7294 7295
f 7334 7295 7333
f 7333 7295 7296
f 7333 7296 7297
f 7333 7297 7332
f 7332 7297 7298
f 7332 7298 7331
f 7331 7298 7299
f 7331 7299 7396
f 7396 7299 7300
f 7396 7300 7395
f 7395 7300 7394
f 7394 7300 7393
f 7393 7300 7301
f 7393 7301 7392
f 7392 7301 7391
f 7391 7301 7302
f 7391 7302 7390
f 7390 7302 7303
f 7390 7303 7389
f 7389 7303 7304
f 7389 7304 7388
f 7388 7304 7305
f 7388 7305 7306
f 7331 7396 7330
f 7330 7396 7397
f 7330 7397 7398
f 7398 7399 7330
f 7330 7399 7400
f 7330 7400 7401
f 7401 7402 7330
f 7330 7402 7403
f 7330 7403 7404
f 7404 7405 7330
f 7330 7405 7406
f 7330 7406 7361
f 7361 7406 7360
f 7360 7406 7407
f 7360 7407 7408
f 7360 7408 7359
f 7359 7408 7409
f 7359 7409 7410
f 7359 7410 7358
f 7358 7410 7411
f 7358 7411 7357
f 7357 7411 7412
f 7357 7412 7356
f 7356 7412 7413
f 7356 7413 7355
f 7355 7413 7354
f 7361 7362 7330
f 7330 7362 7329
f 7329 7362 7363
f 7329 7363 7328
f 7328 7363 7364
f 7328 7364 7365
f 7328 7365 7327
f 7327 7365 7366
f 7327 7366 7326
f 7326 7366 7367
f 7326 7367 7325
f 7325 7367 7368
f 7325 7368 7324
f 7324 7368 7369
f 7324 7369 7323
f 7323 7369 7322
f 7322 7369 7321
f 7321 7369 7320
f 7320 7369 7319
f 7319 7369 7318
f 7318 7369 7317
f 7317 7369 7316
f 7316 7369 7315
f 7315 7369 7314
f 7314 7369 7370
f 7314 7370 7371
f 7371 7372 7314
f 7314 7372 7373
f 7314 7373 7374
f 7374 7375 7314
f 7314 7375 7376
f 7314 7376 7377
f 7377 7378 7314
f 7314 7378 7379
f 7314 7379 7380
f 7380 7381 7314
f 7314 7381 7313
f 7313 7381 7382
f 7313 7382 7383
f 7313 7383 7312
f 7312 7383 7384
f 7312 7384 7311
f 7311 7384 7385
f 7311 7385 7386
f 7311 7386 7310
f 7310 7386 7387
f 7310 7387 7353
f 7308 7309 7353
f 7353 7309 7310
f 7337 7338 7293
f 7293 7338 7339
f 7293 7339 7340
f 7340 7341 7293
f 7293 7341 7342
f 7293 7342 7343
f 7343 7344 7293
f 7293 7344 7345
f 7293 7345 7346
f 7346 7347 7293
f 7293 7347 7348
f 7293 7348 7349
f 1681 2089 7414
f 7414 2089 7415
f 7415 2089 2088
f 7415 2088 7416
f 7416 2088 2087
f 7416 2087 7417
f 7417 2087 2086
f 7417 2086 7418
f 7418 2086 1686
f 7418 1686 7419
f 7419 1686 1685
f 7419 1685 7420
f 7420 1685 1684
f 7420 1684 7421
f 7421 1684 1691
f 7421 1691 7422
f 7422 1691 1697
f 7422 1697 7423
f 7423 1697 1703
f 7423 1703 7424
f 7424 1703 1708
f 7424 1708 7425
f 7425 1708 1713
f 7425 1713 7426
f 7426 1713 1718
f 7426 1718 7427
f 7427 1718 1723
f 7427 1723 7428
f 7428 1723 1755
f 7428 1755 7429
f 7429 1755 1756
f 7429 1756 7430
f 7430 1756 1757
f 7430 1757 7431
f 7431 1757 1758
f 7431 1758 7432
f 7432 1758 1759
f 7432 1759 7433
f 7433 1759 1760
f 7433 1760 7434
f 7434 1760 1761
f 7434 1761 7435
f 7435 1761 1762
f 7435 1762 7436
f 7436 1762 1763
f 7436 1763 7437
f 7437 1763 1764
f 7437 1764 7438
f 7438 1764 1765
f 7438 1765 7439
f 7439 1765 7440
f 7440 1765 1766
f 7440 1766 7441
f 7441 1766 1767
f 2125 2124 7442
f 7442 2124 7443
f 7443 2124 2123
f 7443 2123 7444
f 7444 2123 2122
f 7444 2122 7445
f 7445 2122 2121
f 7445 2121 7446
f 7446 2121 2120
f 7446 2120 7447
f 7447 2120 2119
f 7447 2119 7448
f 7448 2119 2118
f 7448 2118 7449
f 7449 2118 2117
f 7449 2117 7450
f 7450 2117 2116
f 7450 2116 7451
f 7451 2116 2115
f 7451 2115 7452
f 7452 2115 2114
f 7452 2114 7453
f 7453 2114 2113
f 7453 2113 7454
f 7454 2113 2112
f 7454 2112 7455
f 7455 2112 2111
f 7455 2111 7456
f 7456 2111 2110
f 7456 2110 7457
f 7457 2110 2109
f 7457 2109 7458
f 7458 2109 2108
f 7458 2108 7459
f 7459 2108 2107
f 7459 2107 7460
f 7460 2107 2106
f 7460 2106 7461
f 7461 2106 2105
f 7461 2105 7462
f 7462 2105 2104
f 7462 2104 7463
f 7463 2104 2103
f 7463 2103 7464
f 7464 2103 2102
f 7464 2102 7465
f 7465 2102 2100
f 7465 2100 7466
f 7466 2100 2099
f 7466 2099 7467
f 7467 2099 2098
f 7467 2098 7468
f 7468 2098 2097
f 7468 2097 7469
f 7469 2097 2095
f 7469 2095 7470
f 7470 2095 2093
f 7470 2093 7471
f 7471 2093 2092
f 7471 2092 7472
f 7472 2092 2091
f 7472 2091 7473
f 7473 2091 2090
f 7473 2090 7474
f 7474 2090 1682
f 7474 1682 7475
f 7475 1682 1681
f 7475 1681 7414
f 2128 2125 7476
f 7476 2125 7442
f 1960 2176 7477
f 7477 2176 7478
f 7478 2176 2175
f 7478 2175 7479
f 7479 2175 2174
f 7479 2174 7480
f 7480 2174 2173
f 7480 2173 7481
f 7481 2173 2172
f 7481 2172 7482
f 7482 2172 2171
f 7482 2171 7483
f 7483 2171 7484
f 7484 2171 2170
f 7484 2170 7485
f 7485 2170 2169
f 7485 2169 2168
f 7485 2168 7486
f 7486 2168 2167
f 7486 2167 7487
f 7487 2167 2166
f 7487 2166 7488
f 7488 2166 2165
f 7488 2165 7489
f 7489 2165 2164
f 7489 2164 7490
f 7490 2164 2163
f 7490 2163 7491
f 7491 2163 2162
f 7491 2162 7492
f 7492 2162 2161
f 7492 2161 7493
f 7493 2161 2160
f 7493 2160 7494
f 7494 2160 2159
f 7494 2159 7495
f 7495 2159 2158
f 7495 2158 7496
f 7496 2158 2157
f 7496 2157 7497
f 7497 2157 2156
f 7497 2156 7498
f 7498 2156 2155
f 7498 2155 7499
f 7499 2155 2154
f 7499 2154 7500
f 7500 2154 2153
f 7500 2153 7501
f 7501 2153 2152
f 7501 2152 7502
f 7502 2152 2151
f 7502 2151 7503
f 7503 2151 2150
f 7503 2150 7504
f 7504 2150 2149
f 7504 2149 7505
f 7505 2149 2148
f 7505 2148 7506
f 7506 2148 2147
f 7506 2147 7507
f 7507 2147 2146
f 7507 2146 7508
f 7508 2146 2145
f 7508 2145 7509
f 7509 2145 2144
f 7509 2144 7510
f 7510 2144 2143
f 7510 2143 7511
f 7511 2143 2142
f 7511 2142 7512
f 7512 2142 2141
f 7512 2141 7513
f 7513 2141 2140
f 7513 2140 7514
f 7514 2140 2139
f 7514 2139 7515
f 7515 2139 2138
f 7515 2138 7516
f 7516 2138 2137
f 7516 2137 7517
f 7517 2137 2136
f 7517 2136 7518
f 7518 2136 2135
f 7518 2135 7519
f 7519 2135 2134
f 7519 2134 7520
f 7520 2134 2131
f 7520 2131 7521
f 7521 2131 2128
f 7521 2128 7476
f 1959 1960 7522
f 7522 1960 7477
f 7522 7523 1959
f 1959 7523 2177
f 2177 7523 7524
f 2177 7524 2178
f 2178 7524 7525
f 2178 7525 2179
f 2179 7525 7526
f 2179 7526 2180
f 2180 7526 7527
f 2180 7527 2181
f 2181 7527 7528
f 2181 7528 2182
f 2182 7528 7529
f 2182 7529 2183
f 2183 7529 2184
f 2184 7529 7530
f 2184 7530 2185
f 2185 7530 7531
f 2185 7531 7532
f 2185 7532 2186
f 2186 7532 7533
f 2186 7533 2187
f 2187 7533 7534
f 2187 7534 2188
f 2188 7534 7535
f 2188 7535 2189
f 2189 7535 7536
f 2189 7536 2210
f 2210 7536 7537
f 2210 7537 2211
f 2211 7537 7538
f 2211 7538 2212
f 2212 7538 7539
f 2212 7539 2213
f 2213 7539 7540
f 2213 7540 2215
f 2215 7540 7541
f 2215 7541 2216
f 2216 7541 7542
f 2216 7542 2217
f 2217 7542 7543
f 2217 7543 2218
f 2218 7543 7544
f 2218 7544 2219
f 7414 7415 7475
f 7475 7415 7474
f 7474 7415 7473
f 7473 7415 7472
f 7472 7415 7416
f 7472 7416 7471
f 7471 7416 7470
f 7470 7416 7417
f 7470 7417 7469
f 7469 7417 7468
f 7468 7417 7418
f 7468 7418 7467
f 7467 7418 7466
f 7466 7418 7419
f 7466 7419 7465
f 7465 7419 7420
f 7465 7420 7421
f 7421 7422 7465
f 7465 7422 7423
f 7465 7423 7424
f 7424 7425 7465
f 7465 7425 7426
f 7465 7426 7427
f 7427 7428 7465
f 7465 7428 7545
f 7465 7545 7546
f 7428 7429 7545
f 7545 7429 7430
f 7545 7430 7431
f 7431 7432 7545
f 7545 7432 7433
f 7545 7433 7434
f 7434 7435 7545
f 7545 7435 7436
f 7545 7436 7547
f 7547 7436 7437
f 7547 7437 7548
f 7548 7437 7549
f 7549 7437 7438
f 7549 7438 7550
f 7550 7438 7551
f 7551 7438 7439
f 7551 7439 7552
f 7552 7439 7553
f 7553 7439 7440
f 7553 7440 7554
f 7554 7440 7555
f 7555 7440 7556
f 7556 7440 7441
f 7465 7546 7464
f 7464 7546 7544
f 7464 7544 7463
f 7463 7544 7543
f 7463 7543 7462
f 7462 7543 7542
f 7462 7542 7461
f 7461 7542 7541
f 7461 7541 7460
f 7460 7541 7540
f 7460 7540 7459
f 7459 7540 7539
f 7459 7539 7458
f 7458 7539 7538
f 7458 7538 7457
f 7457 7538 7500
f 7457 7500 7501
f 7537 7485 7538
f 7538 7485 7486
f 7538 7486 7487
f 7537 7536 7485
f 7485 7536 7484
f 7484 7536 7535
f 7484 7535 7534
f 7484 7534 7483
f 7483 7534 7533
f 7483 7533 7532
f 7483 7532 7482
f 7482 7532 7531
f 7482 7531 7481
f 7481 7531 7530
f 7481 7530 7529
f 7481 7529 7480
f 7480 7529 7528
f 7480 7528 7527
f 7480 7527 7479
f 7479 7527 7526
f 7479 7526 7525
f 7479 7525 7478
f 7478 7525 7524
f 7478 7524 7523
f 7522 7477 7523
f 7523 7477 7478
f 7487 7488 7538
f 7538 7488 7489
f 7538 7489 7490
f 7490 7491 7538
f 7538 7491 7492
f 7538 7492 7493
f 7493 7494 7538
f 7538 7494 7495
f 7538 7495 7496
f 7496 7497 7538
f 7538 7497 7498
f 7538 7498 7499
f 7499 7500 7538
f 7501 7502 7457
f 7457 7502 7456
f 7456 7502 7503
f 7456 7503 7504
f 7504 7505 7456
f 7456 7505 7506
f 7456 7506 7455
f 7455 7506 7507
f 7455 7507 7508
f 7455 7508 7454
f 7454 7508 7509
f 7454 7509 7510
f 7454 7510 7453
f 7453 7510 7511
f 7453 7511 7452
f 7452 7511 7512
f 7452 7512 7451
f 7451 7512 7513
f 7451 7513 7514
f 7451 7514 7450
f 7450 7514 7515
f 7450 7515 7449
f 7449 7515 7516
f 7449 7516 7448
f 7448 7516 7447
f 7447 7516 7517
f 7447 7517 7446
f 7446 7517 7518
f 7446 7518 7445
f 7445 7518 7519
f 7445 7519 7444
f 7444 7519 7520
f 7444 7520 7443
f 7443 7520 7442
f 7442 7520 7521
f 7442 7521 7476
f 7544 7546 2219
f 2219 7546 2220
f 2220 7546 7545
f 2220 7545 2222
f 2222 7545 7547
f 2222 7547 2223
f 2223 7547 7548
f 2223 7548 2224
f 2224 7548 7549
f 2224 7549 2225
f 2225 7549 7550
f 2225 7550 2226
f 2226 7550 7551
f 2226 7551 2227
f 2227 7551 7552
f 2227 7552 2228
f 2228 7552 7553
f 2228 7553 1772
f 1772 7553 7554
f 1772 7554 1771
f 1771 7554 7555
f 1771 7555 1770
f 1770 7555 7556
f 1770 7556 1769
f 1769 7556 7441
f 1769 7441 1767
f 7557 7558 1624
f 1624 7558 1622
f 1622 7558 7559
f 1622 7559 1620
f 1620 7559 7560
f 1620 7560 1618
f 1618 7560 7561
f 1618 7561 1616
f 1616 7561 7562
f 1616 7562 1614
f 1614 7562 7563
f 1614 7563 1612
f 1612 7563 7564
f 1612 7564 1610
f 1610 7564 7565
f 1610 7565 1608
f 1608 7565 1605
f 1605 7565 7566
f 1605 7566 1603
f 1603 7566 7567
f 1603 7567 7568
f 1603 7568 1601
f 1601 7568 7569
f 1601 7569 1599
f 1599 7569 7570
f 1599 7570 1597
f 1597 7570 7571
f 1597 7571 1594
f 7572 7573 1654
f 1654 7573 1652
f 1652 7573 7574
f 1652 7574 1650
f 1650 7574 7575
f 1650 7575 1648
f 1648 7575 7576
f 1648 7576 1646
f 1646 7576 1644
f 1644 7576 7577
f 1644 7577 1642
f 1642 7577 7578
f 1642 7578 7579
f 1642 7579 1639
f 1639 7579 7580
f 1639 7580 1637
f 1637 7580 7581
f 1637 7581 1635
f 1635 7581 7582
f 1635 7582 1633
f 1633 7582 7583
f 1633 7583 1631
f 1631 7583 7584
f 1631 7584 1629
f 1629 7584 7585
f 1629 7585 1627
f 1627 7585 7557
f 1627 7557 1624
f 7571 7570 7586
f 7586 7570 7587
f 7587 7570 7588
f 7588 7570 7569
f 7588 7569 7589
f 7589 7569 7590
f 7590 7569 7591
f 7591 7569 7568
f 7591 7568 7592
f 7592 7568 7593
f 7593 7568 7567
f 7593 7567 7594
f 7594 7567 7566
f 7594 7566 7595
f 7595 7566 7596
f 7595 7596 7597
f 7596 7566 7598
f 7598 7566 7565
f 7598 7565 7599
f 7599 7565 7564
f 7599 7564 7600
f 7600 7564 7563
f 7600 7563 7601
f 7601 7563 7562
f 7601 7562 7602
f 7602 7562 7561
f 7602 7561 7603
f 7603 7561 7560
f 7603 7560 7604
f 7604 7560 7559
f 7604 7559 7605
f 7605 7559 7558
f 7605 7558 7606
f 7606 7558 7557
f 7606 7557 7585
f 7606 7585 7607
f 7607 7585 7584
f 7607 7584 7608
f 7608 7584 7583
f 7608 7583 7609
f 7609 7583 7582
f 7609 7582 7610
f 7610 7582 7581
f 7610 7581 7611
f 7611 7581 7580
f 7611 7580 7612
f 7612 7580 7579
f 7612 7579 7613
f 7613 7579 7578
f 7613 7578 7614
f 7614 7578 7577
f 7614 7577 7615
f 7615 7577 7616
f 7615 7616 7617
f 7617 7616 7618
f 7617 7618 7619
f 7616 7577 7620
f 7620 7577 7576
f 7620 7576 7621
f 7621 7576 7575
f 7621 7575 7622
f 7622 7575 7623
f 7623 7575 7574
f 7623 7574 7624
f 7624 7574 7625
f 7625 7574 7626
f 7626 7574 7573
f 7626 7573 7627
f 7627 7573 7628
f 7628 7573 7572
f 7617 7619 7629
f 7629 7619 7630
f 7629 7630 7631
f 7629 7631 7632
f 7632 7631 7633
f 7632 7633 7634
f 7634 7633 7635
f 7634 7635 7636
f 7634 7636 7637
f 7637 7636 7638
f 7637 7638 7639
f 7637 7639 7640
f 7640 7639 7641
f 7640 7641 7642
f 7642 7641 7643
f 7642 7643 7644
f 7642 7644 7645
f 7645 7644 7646
f 7645 7646 7647
f 7645 7647 7648
f 7648 7647 7649
f 7648 7649 7650
f 7648 7650 7651
f 7651 7650 7652
f 7651 7652 7653
f 7651 7653 7654
f 7654 7653 7655
f 7654 7655 7656
f 7656 7655 7657
f 7656 7657 7658
f 7656 7658 7659
f 7659 7658 7660
f 7659 7660 7661
f 7662 7663 7661
f 7661 7663 7659
f 7664 7665 7597
f 7597 7665 7666
f 7597 7666 7595
f 7667 7668 7664
f 7664 7668 7669
f 7664 7669 7665
f 7668 7667 7670
f 7670 7667 7671
f 7670 7671 7672
f 7672 7671 7673
f 7673 7671 7674
f 7673 7674 7675
f 7675 7674 7676
f 7676 7674 7677
f 7676 7677 7678
f 7678 7677 7679
f 7678 7679 7680
f 7680 7679 7681
f 7681 7679 7682
f 7681 7682 7683
f 7683 7682 7684
f 7684 7682 7685
f 7684 7685 7686
f 7686 7685 7687
f 7687 7685 7688
f 7687 7688 7689
f 7689 7688 7690
f 7690 7688 7691
f 7690 7691 7692
f 7692 7691 7693
f 7692 7693 7694
f 7694 7693 7695
f 7695 7693 7696
f 7695 7696 7697
f 7697 7696 7698
f 7698 7696 7699
f 7698 7699 7700
f 1870 2278 7700
f 7700 2278 7698
f 7698 2278 2277
f 7698 2277 7697
f 7697 2277 7695
f 7695 2277 2276
f 7695 2276 7694
f 7694 2276 2275
f 7694 2275 7692
f 7692 2275 2274
f 7692 2274 7690
f 7690 2274 2273
f 7690 2273 2272
f 7690 2272 7689
f 7689 2272 2270
f 7689 2270 7687
f 7687 2270 2269
f 7687 2269 7686
f 7686 2269 2268
f 7686 2268 7684
f 7684 2268 2267
f 7684 2267 7683
f 7683 2267 2266
f 7683 2266 7681
f 7681 2266 2265
f 7681 2265 7680
f 7680 2265 2264
f 7680 2264 7678
f 7678 2264 2263
f 7678 2263 7676
f 7676 2263 2262
f 7676 2262 7675
f 7675 2262 2261
f 7675 2261 7673
f 7673 2261 2260
f 7673 2260 7672
f 7672 2260 2259
f 7672 2259 7670
f 7670 2259 2258
f 7670 2258 7668
f 7668 2258 2257
f 7668 2257 7669
f 7669 2257 2256
f 7669 2256 7665
f 7665 2256 2255
f 7665 2255 7666
f 7666 2255 2254
f 7666 2254 7595
f 7595 2254 2253
f 7595 2253 7594
f 7594 2253 2252
f 7594 2252 7593
f 7593 2252 2251
f 7593 2251 7592
f 7592 2251 2250
f 7592 2250 7591
f 7591 2250 2249
f 7591 2249 7590
f 7590 2249 2248
f 7590 2248 7589
f 7589 2248 2247
f 7589 2247 7588
f 7588 2247 2246
f 7588 2246 7587
f 7587 2246 2245
f 7587 2245 7586
f 7586 2245 1594
f 7586 1594 7571
f 2279 1870 7699
f 7699 1870 7700
f 7699 7696 2279
f 2279 7696 2282
f 2282 7696 7693
f 2282 7693 2286
f 2286 7693 7691
f 2286 7691 2288
f 2288 7691 7688
f 2288 7688 2290
f 2290 7688 7685
f 2290 7685 2291
f 2291 7685 7682
f 2291 7682 2293
f 2293 7682 7679
f 2293 7679 2295
f 2295 7679 7677
f 2295 7677 2296
f 2296 7677 7674
f 2296 7674 2298
f 2298 7674 2300
f 2300 7674 7671
f 2300 7671 7667
f 2300 7667 2301
f 2301 7667 7664
f 2301 7664 2302
f 2302 7664 7597
f 2302 7597 2304
f 2304 7597 7596
f 2304 7596 2306
f 2306 7596 7598
f 2306 7598 2307
f 2307 7598 7599
f 2307 7599 2309
f 2309 7599 7600
f 2309 7600 2311
f 2311 7600 7601
f 2311 7601 2312
f 2312 7601 7602
f 2312 7602 2313
f 2313 7602 7603
f 2313 7603 2315
f 2315 7603 7604
f 2315 7604 2317
f 2317 7604 7605
f 2317 7605 2319
f 2319 7605 7606
f 2319 7606 2321
f 7606 7607 2321
f 2321 7607 2322
f 2322 7607 7608
f 2322 7608 2323
f 2323 7608 7609
f 2323 7609 2325
f 2325 7609 7610
f 2325 7610 2327
f 2327 7610 7611
f 2327 7611 2329
f 2329 7611 7612
f 2329 7612 2330
f 2330 7612 7613
f 2330 7613 2331
f 2331 7613 7614
f 2331 7614 2333
f 2333 7614 7615
f 2333 7615 2335
f 2335 7615 7617
f 2335 7617 2336
f 2336 7617 7629
f 2336 7629 2338
f 2338 7629 7632
f 2338 7632 2340
f 2340 7632 7634
f 2340 7634 2341
f 2341 7634 2343
f 2343 7634 7637
f 2343 7637 7640
f 2343 7640 2345
f 2345 7640 7642
f 2345 7642 2346
f 2346 7642 7645
f 2346 7645 2348
f 2348 7645 7648
f 2348 7648 2350
f 2350 7648 7651
f 2350 7651 2351
f 2351 7651 7654
f 2351 7654 2353
f 2353 7654 7656
f 2353 7656 2355
f 2355 7656 7659
f 2355 7659 2357
f 2357 7659 7663
f 2357 7663 2358
f 2126 2358 7662
f 7662 2358 7663
f 1654 2407 7572
f 7572 2407 7628
f 7628 2407 2406
f 7628 2406 7627
f 7627 2406 2405
f 7627 2405 7626
f 7626 2405 2404
f 7626 2404 7625
f 7625 2404 2403
f 7625 2403 7624
f 7624 2403 2402
f 7624 2402 7623
f 7623 2402 2401
f 7623 2401 7622
f 7622 2401 2400
f 7622 2400 7621
f 7621 2400 2399
f 7621 2399 7620
f 7620 2399 2398
f 7620 2398 7616
f 7616 2398 2397
f 7616 2397 7618
f 7618 2397 2396
f 7618 2396 7619
f 7619 2396 2395
f 7619 2395 7630
f 7630 2395 2394
f 7630 2394 7631
f 7631 2394 2393
f 7631 2393 7633
f 7633 2393 2392
f 7633 2392 7635
f 7635 2392 2391
f 7635 2391 7636
f 7636 2391 2390
f 7636 2390 7638
f 7638 2390 2389
f 7638 2389 7639
f 7639 2389 2388
f 7639 2388 7641
f 7641 2388 2387
f 7641 2387 7643
f 7643 2387 2386
f 7643 2386 7644
f 7644 2386 2385
f 7644 2385 7646
f 7646 2385 2384
f 7646 2384 7647
f 7647 2384 2383
f 7647 2383 7649
f 7649 2383 2382
f 7649 2382 7650
f 7650 2382 2381
f 7650 2381 7652
f 7652 2381 2380
f 7652 2380 7653
f 7653 2380 7655
f 7655 2380 2379
f 7655 2379 7657
f 7657 2379 2378
f 7657 2378 7658
f 7658 2378 2377
f 7658 2377 7660
f 7660 2377 2376
f 7660 2376 2127
f 7660 2127 7661
f 7661 2127 2126
f 7661 2126 7662
f 7701 7702 2320
f 2320 7702 2318
f 2318 7702 7703
f 2318 7703 2316
f 2316 7703 7704
f 2316 7704 2314
f 2314 7704 7705
f 2314 7705 7706
f 2314 7706 2310
f 2310 7706 7707
f 2310 7707 2308
f 2308 7707 7708
f 2308 7708 7709
f 2308 7709 2305
f 2305 7709 7710
f 2305 7710 2303
f 2303 7710 7711
f 2303 7711 7712
f 2303 7712 2299
f 2299 7712 7713
f 2299 7713 2297
f 2297 7713 7714
f 2297 7714 7715
f 2297 7715 2294
f 2294 7715 7716
f 2294 7716 2292
f 2292 7716 7717
f 2292 7717 7718
f 2292 7718 2289
f 2289 7718 7719
f 2289 7719 2287
f 2287 7719 7720
f 2287 7720 2285
f 2285 7720 7721
f 2285 7721 7722
f 2285 7722 2283
f 2283 7722 7723
f 2283 7723 2284
f 2284 7723 7724
f 2284 7724 2408
f 2408 7724 7725
f 2408 7725 2409
f 2409 7725 7726
f 2409 7726 7727
f 2409 7727 2410
f 2410 7727 7728
f 2410 7728 2411
f 2411 7728 7729
f 2411 7729 2412
f 2412 7729 7730
f 2412 7730 7731
f 2412 7731 2413
f 2413 7731 7732
f 2413 7732 2414
f 2414 7732 7733
f 2414 7733 2280
f 2280 7733 7734
f 2280 7734 7735
f 2280 7735 2281
f 2281 7735 7736
f 2281 7736 2415
f 2415 7736 7737
f 2415 7737 7738
f 2415 7738 2416
f 2416 7738 7739
f 2416 7739 2417
f 2417 7739 7740
f 2417 7740 2418
f 2418 7740 7741
f 2418 7741 2419
f 2419 7741 7742
f 2419 7742 2420
f 2420 7742 7743
f 2420 7743 2421
f 2421 7743 7744
f 2421 7744 1871
f 1871 7744 7745
f 1871 7745 1872
f 1872 7745 7746
f 1872 7746 2422
f 2422 7746 7747
f 2422 7747 2423
f 2423 7747 7748
f 2423 7748 1824
f 1824 7748 7749
f 1824 7749 1825
f 1825 7749 7750
f 1825 7750 2060
f 2060 7750 7751
f 2060 7751 2059
f 2059 7751 7752
f 2059 7752 2058
f 2058 7752 7753
f 2058 7753 2057
f 2057 7753 7754
f 2057 7754 2056
f 2056 7754 7755
f 2056 7755 2055
f 2055 7755 7756
f 2055 7756 2054
f 2054 7756 7757
f 2054 7757 2053
f 2053 7757 7758
f 2053 7758 2052
f 2052 7758 7759
f 2052 7759 7760
f 2052 7760 2051
f 2051 7760 7761
f 2051 7761 2050
f 2050 7761 7762
f 2050 7762 2049
f 2049 7762 7763
f 2049 7763 7764
f 2049 7764 2048
f 2048 7764 7765
f 2048 7765 2047
f 2047 7765 7766
f 2047 7766 2046
f 2046 7766 7767
f 2046 7767 7768
f 2046 7768 2045
f 2045 7768 7769
f 2045 7769 2044
f 2044 7769 7770
f 2044 7770 2043
f 2043 7770 7771
f 2043 7771 2042
f 2042 7771 7772
f 2042 7772 7773
f 2042 7773 2041
f 2041 7773 7774
f 2041 7774 2039
f 2039 7774 7775
f 2039 7775 7776
f 2039 7776 2036
f 2036 7776 7777
f 2036 7777 2034
f 2034 7777 7778
f 2034 7778 7779
f 2034 7779 2031
f 2031 7779 7780
f 2031 7780 2029
f 2029 7780 7781
f 2029 7781 7782
f 2029 7782 2026
f 2026 7782 7783
f 2026 7783 2024
f 2024 7783 7784
f 2024 7784 2022
f 2022 7784 7785
f 2022 7785 2020
f 2020 7785 7786
f 2020 7786 7787
f 2020 7787 2016
f 2016 7787 7788
f 2016 7788 2014
f 2014 7788 7789
f 2014 7789 7790
f 2014 7790 2011
f 2011 7790 7791
f 2011 7791 2009
f 2009 7791 7792
f 2009 7792 2005
f 2005 7792 7793
f 2005 7793 2003
f 2003 7793 7794
f 7794 7793 7795
f 7795 7793 7796
f 7796 7793 7792
f 7796 7792 7797
f 7797 7792 7791
f 7797 7791 7798
f 7798 7791 7790
f 7798 7790 7799
f 7799 7790 7789
f 7799 7789 7800
f 7800 7789 7788
f 7800 7788 7801
f 7801 7788 7787
f 7801 7787 7802
f 7802 7787 7786
f 7802 7786 7803
f 7803 7786 7785
f 7803 7785 7804
f 7804 7785 7784
f 7804 7784 7805
f 7805 7784 7783
f 7805 7783 7806
f 7806 7783 7782
f 7806 7782 7807
f 7807 7782 7781
f 7807 7781 7808
f 7808 7781 7780
f 7808 7780 7809
f 7809 7780 7779
f 7809 7779 7810
f 7810 7779 7778
f 7810 7778 7811
f 7811 7778 7777
f 7811 7777 7812
f 7812 7777 7776
f 7812 7776 7813
f 7813 7776 7775
f 7813 7775 7814
f 7814 7775 7774
f 7814 7774 7815
f 7815 7774 7773
f 7815 7773 7816
f 7816 7773 7772
f 7816 7772 7817
f 7817 7772 7771
f 7817 7771 7818
f 7818 7771 7770
f 7818 7770 7819
f 7819 7770 7769
f 7819 7769 7820
f 7820 7769 7768
f 7820 7768 7821
f 7821 7768 7767
f 7821 7767 7822
f 7822 7767 7766
f 7822 7766 7823
f 7823 7766 7765
f 7823 7765 7824
f 7824 7765 7764
f 7824 7764 7825
f 7825 7764 7763
f 7825 7763 7826
f 7826 7763 7762
f 7826 7762 7827
f 7827 7762 7761
f 7827 7761 7828
f 7828 7761 7760
f 7828 7760 7829
f 7829 7760 7759
f 7829 7759 7830
f 7830 7759 7758
f 7830 7758 7831
f 7831 7758 7757
f 7831 7757 7832
f 7832 7757 7756
f 7832 7756 7833
f 7833 7756 7755
f 7833 7755 7834
f 7834 7755 7754
f 7834 7754 7835
f 7835 7754 7753
f 7835 7753 7836
f 7836 7753 7752
f 7836 7752 7837
f 7837 7752 7751
f 7837 7751 7838
f 7838 7751 7750
f 7838 7750 7839
f 7839 7750 7749
f 7839 7749 7840
f 7840 7749 7748
f 7840 7748 7841
f 7841 7748 7747
f 7841 7747 7842
f 7842 7747 7746
f 7842 7746 7843
f 7843 7746 7745
f 7843 7745 7844
f 7844 7745 7744
f 7844 7744 7845
f 7845 7744 7743
f 7845 7743 7846
f 7846 7743 7742
f 7846 7742 7847
f 7847 7742 7741
f 7847 7741 7848
f 7848 7741 7740
f 7848 7740 7849
f 7849 7740 7739
f 7849 7739 7850
f 7850 7739 7738
f 7850 7738 7851
f 7851 7738 7737
f 7851 7737 7852
f 7852 7737 7736
f 7852 7736 7853
f 7853 7736 7735
f 7853 7735 7854
f 7854 7735 7734
f 7854 7734 7855
f 7855 7734 7733
f 7855 7733 7856
f 7856 7733 7732
f 7856 7732 7857
f 7857 7732 7731
f 7857 7731 7858
f 7858 7731 7730
f 7858 7730 7859
f 7859 7730 7729
f 7859 7729 7860
f 7860 7729 7728
f 7860 7728 7861
f 7861 7728 7727
f 7861 7727 7862
f 7862 7727 7726
f 7862 7726 7863
f 7863 7726 7725
f 7863 7725 7864
f 7864 7725 7724
f 7864 7724 7865
f 7865 7724 7723
f 7865 7723 7866
f 7866 7723 7722
f 7866 7722 7867
f 7867 7722 7721
f 7867 7721 7868
f 7868 7721 7720
f 7868 7720 7869
f 7869 7720 7719
f 7869 7719 7870
f 7870 7719 7718
f 7870 7718 7871
f 7871 7718 7717
f 7871 7717 7872
f 7872 7717 7716
f 7872 7716 7873
f 7873 7716 7715
f 7873 7715 7874
f 7874 7715 7714
f 7874 7714 7875
f 7875 7714 7713
f 7875 7713 7876
f 7876 7713 7712
f 7876 7712 7877
f 7877 7712 7711
f 7877 7711 7878
f 7878 7711 7710
f 7878 7710 7879
f 7879 7710 7709
f 7879 7709 7880
f 7880 7709 7708
f 7880 7708 7881
f 7881 7708 7707
f 7881 7707 7882
f 7882 7707 7706
f 7882 7706 7883
f 7883 7706 7705
f 7883 7705 7884
f 7884 7705 7704
f 7884 7704 7885
f 7885 7704 7703
f 7885 7703 7886
f 7886 7703 7887
f 7887 7703 7702
f 7887 7702 7888
f 7888 7702 7701
f 7888 7701 7889
f 7889 7701 7890
f 7889 7890 7891
f 7891 7890 7892
f 7891 7892 7893
f 7891 7893 7894
f 7894 7893 7895
f 7894 7895 7896
f 7896 7895 7897
f 7896 7897 7898
f 7898 7897 7899
f 7898 7899 7900
f 7900 7899 7901
f 7900 7901 7902
f 7902 7901 7903
f 7902 7903 7904
f 7904 7903 7905
f 7904 7905 7906
f 7906 7905 7907
f 7906 7907 7908
f 7908 7907 7909
f 7908 7909 7910
f 7910 7909 7911
f 7910 7911 7912
f 7912 7911 7913
f 7912 7913 7914
f 7914 7913 7915
f 7914 7915 7916
f 7916 7915 7917
f 7916 7917 7918
f 7918 7917 7919
f 7918 7919 7920
f 7920 7919 7921
f 7920 7921 7922
f 7922 7921 7923
f 7922 7923 7924
f 7924 7923 7925
f 7924 7925 7926
f 7926 7925 7927
f 7926 7927 7928
f 7928 7927 7929
f 7928 7929 7930
f 7930 7929 7931
f 7930 7931 7932
f 7932 7931 7933
f 7932 7933 7934
f 7934 7933 7935
f 7934 7935 7936
f 7936 7935 7937
f 7936 7937 7938
f 7938 7937 7939
f 7938 7939 7940
f 7940 7939 7941
f 7940 7941 7942
f 7942 7941 7943
f 7942 7943 7944
f 7944 7943 7945
f 7944 7945 7946
f 7946 7945 7947
f 7946 7947 7948
f 7948 7947 7949
f 7948 7949 7950
f 7950 7949 7951
f 7950 7951 7952
f 7952 7951 7953
f 7952 7953 7954
f 7954 7953 7955
f 7954 7955 7956
f 7956 7955 7957
f 7956 7957 7958
f 7958 7957 7959
f 7958 7959 7960
f 7960 7959 7961
f 7960 7961 7962
f 7962 7961 7963
f 7962 7963 7964
f 7964 7963 7965
f 7964 7965 7966
f 7966 7965 7967
f 7966 7967 7968
f 7968 7967 7969
f 7968 7969 7970
f 7970 7969 7971
f 7970 7971 7972
f 7972 7971 7973
f 7972 7973 7974
f 7974 7973 7975
f 7974 7975 7976
f 7976 7975 7977
f 7976 7977 7978
f 7978 7977 7979
f 7978 7979 7980
f 7980 7979 7981
f 7980 7981 7982
f 7982 7981 7983
f 7982 7983 7984
f 7984 7983 7985
f 7984 7985 7986
f 7986 7985 7987
f 7986 7987 7988
f 7988 7987 7989
f 7988 7989 7990
f 7990 7989 7991
f 7990 7991 7992
f 7992 7991 7993
f 7992 7993 7994
f 7994 7993 7995
f 7994 7995 7996
f 7996 7995 7997
f 7996 7997 7998
f 7998 7997 7999
f 7998 7999 8000
f 8000 7999 8001
f 8000 8001 8002
f 8002 8001 8003
f 8002 8003 8004
f 8004 8003 8005
f 8004 8005 8006
f 8006 8005 8007
f 8006 8007 8008
f 8008 8007 8009
f 8008 8009 8010
f 8010 8009 8011
f 8010 8011 8012
f 8012 8011 8013
f 8012 8013 8014
f 8014 8013 8015
f 8014 8015 8016
f 8016 8015 8017
f 8016 8017 8018
f 8018 8017 8019
f 8018 8019 8020
f 8020 8019 8021
f 8020 8021 8022
f 8022 8021 8023
f 8022 8023 8024
f 8024 8023 8025
f 8024 8025 8026
f 8026 8025 8027
f 8026 8027 8028
f 8028 8027 8029
f 8028 8029 8030
f 8030 8029 8031
f 8030 8031 8032
f 8032 8031 8033
f 8032 8033 8034
f 8034 8033 8035
f 8034 8035 8036
f 8036 8035 8037
f 8036 8037 8038
f 8038 8037 8039
f 8038 8039 8040
f 8040 8039 8041
f 8040 8041 8042
f 8042 8041 8043
f 8042 8043 8044
f 8044 8043 8045
f 8044 8045 8046
f 8046 8045 8047
f 8046 8047 8048
f 8048 8047 8049
f 8048 8049 8050
f 8050 8049 8051
f 8050 8051 8052
f 8052 8051 8053
f 8052 8053 8054
f 8054 8053 8055
f 8054 8055 8056
f 8056 8055 8057
f 8056 8057 8058
f 8058 8057 8059
f 8058 8059 8060
f 8060 8059 8061
f 8060 8061 8062
f 8062 8061 8063
f 8062 8063 8064
f 8064 8063 8065
f 8064 8065 8066
f 8066 8065 8067
f 8066 8067 8068
f 8068 8067 8069
f 8068 8069 8070
f 8070 8069 8071
f 8070 8071 8072
f 8072 8071 7794
f 8072 7794 7795
f 8073 7811 8074
f 8074 7811 7812
f 8074 7812 7813
f 8075 8042 8073
f 8073 8042 8044
f 8073 8044 8046
f 8076 7980 8075
f 8075 7980 7982
f 8075 7982 7984
f 8077 7920 8076
f 8076 7920 7922
f 8076 7922 7924
f 8078 7872 8077
f 8077 7872 7873
f 8077 7873 7874
f 8074 7842 8078
f 8078 7842 7843
f 8078 7843 7844
f 8072 7795 8073
f 8073 7795 7796
f 8073 7796 7797
f 7797 7798 8073
f 8073 7798 7799
f 8073 7799 7800
f 7800 7801 8073
f 8073 7801 7802
f 8073 7802 7803
f 7803 7804 8073
f 8073 7804 7805
f 8073 7805 7806
f 7806 7807 8073
f 8073 7807 7808
f 8073 7808 7809
f 7809 7810 8073
f 8073 7810 7811
f 7813 7814 8074
f 8074 7814 7815
f 8074 7815 7816
f 7816 7817 8074
f 8074 7817 7818
f 8074 7818 7819
f 7819 7820 8074
f 8074 7820 7821
f 8074 7821 7822
f 7822 7823 8074
f 8074 7823 7824
f 8074 7824 7825
f 7825 7826 8074
f 8074 7826 7827
f 8074 7827 7828
f 7828 7829 8074
f 8074 7829 7830
f 8074 7830 7831
f 7831 7832 8074
f 8074 7832 7833
f 8074 7833 7834
f 7834 7835 8074
f 8074 7835 7836
f 8074 7836 7837
f 7837 7838 8074
f 8074 7838 7839
f 8074 7839 7840
f 7840 7841 8074
f 8074 7841 7842
f 7844 7845 8078
f 8078 7845 7846
f 8078 7846 7847
f 7847 7848 8078
f 8078 7848 7849
f 8078 7849 7850
f 7850 7851 8078
f 8078 7851 7852
f 8078 7852 7853
f 7853 7854 8078
f 8078 7854 7855
f 8078 7855 7856
f 7856 7857 8078
f 8078 7857 7858
f 8078 7858 7859
f 7859 7860 8078
f 8078 7860 7861
f 8078 7861 7862
f 7862 7863 8078
f 8078 7863 7864
f 8078 7864 7865
f 7865 7866 8078
f 8078 7866 7867
f 8078 7867 7868
f 7868 7869 8078
f 8078 7869 7870
f 8078 7870 7871
f 7871 7872 8078
f 7874 7875 8077
f 8077 7875 7876
f 8077 7876 7877
f 7877 7878 8077
f 8077 7878 7879
f 8077 7879 7880
f 7880 7881 8077
f 8077 7881 7882
f 8077 7882 7883
f 7883 7884 8077
f 8077 7884 7885
f 8077 7885 7886
f 7886 7887 8077
f 8077 7887 7888
f 8077 7888 7889
f 7889 7891 8077
f 8077 7891 7894
f 8077 7894 7896
f 7896 7898 8077
f 8077 7898 7900
f 8077 7900 7902
f 7902 7904 8077
f 8077 7904 7906
f 8077 7906 7908
f 7908 7910 8077
f 8077 7910 7912
f 8077 7912 7914
f 7914 7916 8077
f 8077 7916 7918
f 8077 7918 7920
f 7924 7926 8076
f 8076 7926 7928
f 8076 7928 7930
f 7930 7932 8076
f 8076 7932 7934
f 8076 7934 7936
f 7936 7938 8076
f 8076 7938 7940
f 8076 7940 7942
f 7942 7944 8076
f 8076 7944 7946
f 8076 7946 7948
f 7948 7950 8076
f 8076 7950 7952
f 8076 7952 7954
f 7954 7956 8076
f 8076 7956 7958
f 8076 7958 7960
f 7960 7962 8076
f 8076 7962 7964
f 8076 7964 7966
f 7966 7968 8076
f 8076 7968 7970
f 8076 7970 7972
f 7972 7974 8076
f 8076 7974 7976
f 8076 7976 7978
f 7978 7980 8076
f 7984 7986 8075
f 8075 7986 7988
f 8075 7988 7990
f 7990 7992 8075
f 8075 7992 7994
f 8075 7994 7996
f 7996 7998 8075
f 8075 7998 8000
f 8075 8000 8002
f 8002 8004 8075
f 8075 8004 8006
f 8075 8006 8008
f 8008 8010 8075
f 8075 8010 8012
f 8075 8012 8014
f 8014 8016 8075
f 8075 8016 8018
f 8075 8018 8020
f 8020 8022 8075
f 8075 8022 8024
f 8075 8024 8026
f 8026 8028 8075
f 8075 8028 8030
f 8075 8030 8032
f 8032 8034 8075
f 8075 8034 8036
f 8075 8036 8038
f 8038 8040 8075
f 8075 8040 8042
f 8046 8048 8073
f 8073 8048 8050
f 8073 8050 8052
f 8052 8054 8073
f 8073 8054 8056
f 8073 8056 8058
f 8058 8060 8073
f 8073 8060 8062
f 8073 8062 8064
f 8064 8066 8073
f 8073 8066 8068
f 8073 8068 8070
f 8070 8072 8073
f 8073 8074 8080
f 8080 8074 8079
f 8080 8079 8082
f 8082 8079 8081
f 8082 8081 8083
f 8082 8083 8084
f 8084 8083 8085
f 8085 8083 8086
f 8085 8086 8087
f 8085 8087 8088
f 8088 8087 8089
f 8088 8089 8090
f 8090 8089 8091
f 8090 8091 8092
f 8092 8091 8093
f 8092 8093 8094
f 8094 8093 8095
f 8094 8095 8096
f 8096 8095 8097
f 8096 8097 8099
f 8099 8097 8098
f 8099 8098 8100
f 8100 8098 8101
f 8100 8101 8102
f 8100 8102 8103
f 8103 8102 8105
f 8105 8102 8104
f 8105 8104 8108
f 8105 8108 8106
f 8106 8108 8107
f 8107 8108 8110
f 8107 8110 8109
f 8109 8110 8111
f 8109 8111 8112
f 8112 8111 8113
f 8112 8113 8115
f 8115 8113 8114
f 8115 8114 8116
f 8116 8114 8117
f 8117 8118 8116
f 8074 8078 8079
f 8079 8078 8119
f 8079 8119 8081
f 8081 8119 8120
f 8081 8120 8083
f 8083 8120 8121
f 8083 8121 8086
f 8086 8121 8122
f 8086 8122 8087
f 8087 8122 8123
f 8087 8123 8089
f 8089 8123 8124
f 8089 8124 8091
f 8091 8124 8125
f 8091 8125 8093
f 8093 8125 8126
f 8093 8126 8095
f 8095 8126 8127
f 8095 8127 8097
f 8097 8127 8128
f 8097 8128 8098
f 8098 8128 8101
f 8101 8128 8129
f 8101 8129 8130
f 8101 8130 8102
f 8102 8130 8104
f 8104 8130 8131
f 8104 8131 8132
f 8104 8132 8108
f 8108 8132 8133
f 8108 8133 8110
f 8110 8133 8134
f 8110 8134 8111
f 8111 8134 8113
f 8113 8134 8135
f 8113 8135 8136
f 8113 8136 8114
f 8114 8136 8137
f 8137 8117 8114
f 8078 8077 8119
f 8119 8077 8138
f 8119 8138 8139
f 8119 8139 8120
f 8120 8139 8140
f 8120 8140 8121
f 8121 8140 8141
f 8121 8141 8122
f 8122 8141 8142
f 8122 8142 8143
f 8122 8143 8123
f 8123 8143 8144
f 8123 8144 8124
f 8124 8144 8145
f 8124 8145 8125
f 8125 8145 8146
f 8125 8146 8126
f 8126 8146 8147
f 8126 8147 8127
f 8127 8147 8148
f 8127 8148 8128
f 8128 8148 8149
f 8128 8149 8129
f 8129 8149 8150
f 8129 8150 8151
f 8129 8151 8130
f 8130 8151 8131
f 8131 8151 8152
f 8131 8152 8153
f 8131 8153 8132
f 8132 8153 8133
f 8133 8153 8154
f 8133 8154 8155
f 8133 8155 8134
f 8134 8155 8135
f 8135 8155 8156
f 8135 8156 8157
f 8135 8157 8136
f 8136 8157 8158
f 8158 8137 8136
f 8158 8157 8159
f 8159 8157 8160
f 8160 8157 8156
f 8160 8156 8161
f 8161 8156 8155
f 8161 8155 8162
f 8162 8155 8154
f 8162 8154 8163
f 8163 8154 8164
f 8164 8154 8153
f 8164 8153 8152
f 8164 8152 8165
f 8165 8152 8166
f 8166 8152 8151
f 8166 8151 8150
f 8166 8150 8167
f 8167 8150 8149
f 8167 8149 8168
f 8168 8149 8148
f 8168 8148 8169
f 8169 8148 8147
f 8169 8147 8170
f 8170 8147 8171
f 8171 8147 8146
f 8171 8146 8145
f 8171 8145 8172
f 8172 8145 8144
f 8172 8144 8173
f 8173 8144 8143
f 8173 8143 8174
f 8174 8143 8142
f 8174 8142 8141
f 8174 8141 8175
f 8175 8141 8176
f 8176 8141 8140
f 8176 8140 8139
f 8176 8139 8177
f 8177 8139 8178
f 8178 8139 8138
f 8178 8138 8076
f 8076 8138 8077
f 8179 8158 8180
f 8180 8158 8181
f 8181 8158 8182
f 8182 8158 8183
f 8183 8158 8184
f 8184 8158 8185
f 8185 8158 8186
f 8186 8158 8187
f 8187 8158 8159
f 8187 8159 8188
f 8188 8159 8189
f 8189 8159 8190
f 8190 8159 8191
f 8191 8159 8192
f 8192 8159 8193
f 8193 8159 8194
f 8194 8159 8195
f 8196 8137 8197
f 8197 8137 8198
f 8198 8137 8199
f 8199 8137 8200
f 8200 8137 8201
f 8201 8137 8202
f 8202 8137 8203
f 8203 8137 8204
f 8204 8137 8158
f 8204 8158 8205
f 8205 8158 8206
f 8206 8158 8207
f 8207 8158 8208
f 8208 8158 8209
f 8209 8158 8210
f 8210 8158 8211
f 8211 8158 8179
f 8212 8117 8213
f 8213 8117 8214
f 8214 8117 8215
f 8215 8117 8216
f 8216 8117 8217
f 8217 8117 8218
f 8218 8117 8219
f 8219 8117 8220
f 8220 8117 8137
f 8220 8137 8221
f 8221 8137 8222
f 8222 8137 8223
f 8223 8137 8224
f 8224 8137 8225
f 8225 8137 8226
f 8226 8137 8227
f 8227 8137 8196
f 8228 8118 8229
f 8229 8118 8230
f 8230 8118 8231
f 8231 8118 8232
f 8232 8118 8233
f 8233 8118 8234
f 8234 8118 8235
f 8235 8118 8236
f 8236 8118 8117
f 8236 8117 8237
f 8237 8117 8238
f 8238 8117 8239
f 8239 8117 8240
f 8240 8117 8241
f 8241 8117 8242
f 8242 8117 8243
f 8243 8117 8212
f 8244 8245 8246
f 8246 8245 8247
f 8247 8245 8248
f 8248 8245 8249
f 8249 8245 8250
f 8250 8245 8251
f 8251 8245 8252
f 8252 8245 8253
f 8253 8245 8118
f 8253 8118 8254
f 8254 8118 8255
f 8255 8118 8256
f 8256 8118 8257
f 8257 8118 8258
f 8258 8118 8259
f 8259 8118 8260
f 8260 8118 8228
f 8195 8159 8261
f 8261 8159 8262
f 8262 8159 8263
f 8263 8159 8264
f 8264 8159 8265
f 8265 8159 8266
f 8266 8159 8267
f 8267 8159 8268
f 8268 8159 8245
f 8268 8245 8269
f 8269 8245 8270
f 8270 8245 8271
f 8271 8245 8272
f 8272 8245 8273
f 8273 8245 8274
f 8274 8245 8275
f 8275 8245 8244
f 8246 8276 8244
f 8244 8276 8277
f 8247 8278 8246
f 8246 8278 8276
f 8248 8279 8247
f 8247 8279 8278
f 8249 8280 8248
f 8248 8280 8279
f 8250 8281 8249
f 8249 8281 8280
f 8251 8282 8250
f 8250 8282 8281
f 8252 8283 8251
f 8251 8283 8282
f 8253 8284 8252
f 8252 8284 8285
f 8252 8285 8283
f 8284 8253 8286
f 8286 8253 8254
f 8286 8254 8287
f 8287 8254 8255
f 8287 8255 8288
f 8288 8255 8256
f 8288 8256 8289
f 8289 8256 8290
f 8290 8256 8257
f 8290 8257 8291
f 8291 8257 8258
f 8291 8258 8292
f 8292 8258 8259
f 8292 8259 8293
f 8293 8259 8260
f 8293 8260 8294
f 8294 8260 8228
f 8244 8277 8275
f 8275 8277 8295
f 8275 8295 8274
f 8274 8295 8296
f 8274 8296 8273
f 8273 8296 8297
f 8273 8297 8272
f 8272 8297 8298
f 8272 8298 8271
f 8271 8298 8299
f 8271 8299 8300
f 8271 8300 8270
f 8270 8300 8301
f 8270 8301 8269
f 8269 8301 8302
f 8269 8302 8303
f 8269 8303 8268
f 8268 8303 8267
f 8267 8303 8304
f 8267 8304 8305
f 8267 8305 8266
f 8266 8305 8306
f 8266 8306 8265
f 8265 8306 8307
f 8265 8307 8264
f 8264 8307 8308
f 8264 8308 8263
f 8263 8308 8309
f 8263 8309 8262
f 8262 8309 8310
f 8262 8310 8261
f 8261 8310 8311
f 8261 8311 8195
f 8195 8311 8312
f 8195 8312 8194
f 8194 8312 8313
f 8194 8313 8193
f 8193 8313 8314
f 8193 8314 8192
f 8192 8314 8315
f 8192 8315 8191
f 8191 8315 8316
f 8191 8316 8190
f 8190 8316 8317
f 8190 8317 8189
f 8189 8317 8318
f 8189 8318 8319
f 8189 8319 8188
f 8188 8319 8320
f 8188 8320 8187
f 8187 8320 8321
f 8187 8321 8186
f 8186 8321 8322
f 8186 8322 8185
f 8185 8322 8323
f 8185 8323 8324
f 8185 8324 8184
f 8184 8324 8325
f 8184 8325 8183
f 8183 8325 8326
f 8183 8326 8182
f 8182 8326 8327
f 8182 8327 8181
f 8181 8327 8328
f 8181 8328 8180
f 8180 8328 8329
f 8384 8179 8329
f 8329 8179 8180
f 8294 8228 8330
f 8330 8228 8229
f 8330 8229 8331
f 8331 8229 8230
f 8331 8230 8332
f 8332 8230 8231
f 8332 8231 8333
f 8333 8231 8232
f 8333 8232 8334
f 8334 8232 8233
f 8334 8233 8335
f 8335 8233 8234
f 8335 8234 8336
f 8336 8234 8337
f 8337 8234 8235
f 8337 8235 8338
f 8338 8235 8236
f 8338 8236 8339
f 8339 8236 8237
f 8339 8237 8340
f 8340 8237 8238
f 8340 8238 8341
f 8341 8238 8239
f 8341 8239 8342
f 8342 8239 8343
f 8343 8239 8240
f 8343 8240 8344
f 8344 8240 8241
f 8344 8241 8345
f 8345 8241 8242
f 8345 8242 8346
f 8346 8242 8243
f 8346 8243 8347
f 8347 8243 8212
f 8347 8212 8348
f 8348 8212 8213
f 8348 8213 8349
f 8349 8213 8214
f 8349 8214 8350
f 8350 8214 8215
f 8350 8215 8351
f 8351 8215 8216
f 8351 8216 8352
f 8352 8216 8217
f 8352 8217 8353
f 8353 8217 8218
f 8353 8218 8354
f 8354 8218 8219
f 8354 8219 8355
f 8355 8219 8356
f 8356 8219 8220
f 8356 8220 8357
f 8357 8220 8221
f 8357 8221 8358
f 8358 8221 8222
f 8358 8222 8359
f 8359 8222 8223
f 8359 8223 8360
f 8360 8223 8361
f 8361 8223 8224
f 8361 8224 8362
f 8362 8224 8225
f 8362 8225 8363
f 8363 8225 8226
f 8363 8226 8364
f 8364 8226 8227
f 8364 8227 8365
f 8365 8227 8196
f 8365 8196 8366
f 8366 8196 8197
f 8366 8197 8367
f 8367 8197 8198
f 8367 8198 8368
f 8368 8198 8199
f 8368 8199 8369
f 8369 8199 8200
f 8369 8200 8370
f 8370 8200 8201
f 8370 8201 8371
f 8371 8201 8372
f 8372 8201 8202
f 8372 8202 8373
f 8373 8202 8203
f 8373 8203 8374
f 8374 8203 8375
f 8375 8203 8204
f 8375 8204 8205
f 8375 8205 8376
f 8376 8205 8377
f 8377 8205 8206
f 8377 8206 8378
f 8378 8206 8207
f 8378 8207 8379
f 8379 8207 8380
f 8380 8207 8208
f 8380 8208 8381
f 8381 8208 8209
f 8381 8209 8382
f 8382 8209 8210
f 8382 8210 8383
f 8383 8210 8211
f 8383 8211 8384
f 8384 8211 8179
f 8385 8386 8387
f 8387 8386 8388
f 8387 8388 8389
f 8390 8391 8389
f 8389 8391 8306
f 8389 8306 8387
f 8387 8306 8305
f 8390 8392 8391
f 8391 8392 8393
f 8394 8307 8391
f 8307 8394 8308
f 8308 8394 8395
f 8308 8395 8309
f 8309 8395 8396
f 8309 8396 8397
f 8309 8397 8398
f 8309 8398 8310
f 8310 8398 8311
f 8311 8398 8399
f 8311 8399 8400
f 8400 8399 8401
f 8400 8401 8402
f 8403 8404 8398
f 8398 8404 8405
f 8398 8405 8399
f 8402 8406 8400
f 8407 8312 8400
f 8400 8312 8311
f 8312 8407 8313
f 8313 8407 8408
f 8313 8408 8409
f 8313 8409 8410
f 8313 8410 8314
f 8314 8410 8411
f 8314 8411 8315
f 8315 8411 8412
f 8315 8412 8413
f 8413 8412 8414
f 8413 8414 8415
f 8416 8417 8411
f 8411 8417 8418
f 8411 8418 8412
f 8415 8419 8413
f 8420 8317 8413
f 8413 8317 8316
f 8317 8420 8318
f 8318 8420 8421
f 8318 8421 8422
f 8318 8422 8319
f 8319 8422 8423
f 8319 8423 8424
f 8319 8424 8320
f 8320 8424 8321
f 8321 8424 8425
f 8321 8425 8426
f 8426 8425 8427
f 8426 8427 8428
f 8429 8430 8424
f 8424 8430 8431
f 8424 8431 8425
f 8428 8432 8426
f 8433 8324 8426
f 8426 8324 8323
f 8426 8323 8322
f 8324 8433 8434
f 8324 8434 8325
f 8325 8434 8435
f 8325 8435 8326
f 8326 8435 8436
f 8326 8436 8437
f 8438 8439 8437
f 8437 8439 8440
f 8437 8440 8441
f 8442 8443 8441
f 8441 8443 8327
f 8441 8327 8437
f 8437 8327 8326
f 8442 8444 8443
f 8443 8444 8445
f 8446 8328 8443
f 8328 8446 8329
f 8329 8446 8447
f 8329 8447 8384
f 8384 8447 8448
f 8384 8448 8449
f 8384 8449 8450
f 8384 8450 8451
f 8384 8451 8383
f 8383 8451 8382
f 8382 8451 44
f 8382 44 8452
f 8452 44 46
f 8452 46 48
f 43 41 8451
f 8451 41 40
f 8451 40 44
f 48 50 8452
f 8453 8380 8452
f 8452 8380 8381
f 8452 8381 8382
f 8453 8454 8380
f 8380 8454 8455
f 8380 8455 8379
f 8379 8455 8456
f 8379 8456 8378
f 8378 8456 8457
f 8378 8457 8377
f 8377 8457 8376
f 8376 8457 74
f 8376 74 8458
f 8458 74 75
f 8458 75 77
f 69 70 8457
f 8457 70 72
f 8457 72 74
f 77 79 8458
f 8459 8374 8458
f 8458 8374 8375
f 8374 8459 8373
f 8373 8459 8460
f 8373 8460 8461
f 8373 8461 8462
f 8373 8462 8372
f 8372 8462 8463
f 8372 8463 8371
f 8371 8463 8370
f 8370 8463 105
f 8370 105 8464
f 8464 105 107
f 8464 107 109
f 101 102 8463
f 8463 102 103
f 8463 103 105
f 109 111 8464
f 8465 8368 8464
f 8464 8368 8369
f 8368 8465 8466
f 8368 8466 8367
f 8367 8466 8467
f 8367 8467 8366
f 8366 8467 8468
f 8366 8468 8469
f 8366 8469 8365
f 8365 8469 123
f 8365 123 8470
f 8470 123 125
f 8470 125 127
f 122 121 8469
f 8469 121 120
f 8469 120 123
f 127 129 8470
f 8471 8363 8470
f 8470 8363 8364
f 8470 8364 8365
f 8363 8471 8472
f 8363 8472 8473
f 8363 8473 8362
f 8362 8473 8474
f 8362 8474 8361
f 8361 8474 8475
f 8361 8475 8360
f 8360 8475 8359
f 8359 8475 153
f 8359 153 8476
f 8476 153 155
f 8476 155 157
f 149 150 8475
f 8475 150 152
f 8475 152 153
f 157 159 8476
f 8477 8357 8476
f 8476 8357 8358
f 8476 8358 8359
f 8357 8477 8478
f 8357 8478 8479
f 8357 8479 8356
f 8356 8479 8480
f 8356 8480 8355
f 8355 8480 8481
f 8355 8481 8354
f 8354 8481 8353
f 8353 8481 185
f 8353 185 4
f 4 185 187
f 4 187 188
f 180 181 8481
f 8481 181 183
f 8481 183 185
f 188 33 4
f 9 8352 4
f 8352 9 8351
f 8351 9 15
f 8351 15 19
f 8351 19 8350
f 8350 19 23
f 8350 23 8349
f 8349 23 1
f 8349 1 212
f 8349 212 8482
f 8482 212 214
f 8482 214 216
f 2 208 1
f 1 208 210
f 1 210 212
f 216 217 8482
f 8483 8347 8482
f 8482 8347 8348
f 8347 8483 8484
f 8347 8484 8346
f 8346 8484 8485
f 8346 8485 8345
f 8345 8485 8486
f 8345 8486 8487
f 8345 8487 8344
f 8344 8487 8343
f 8343 8487 242
f 8343 242 8488
f 8488 242 244
f 8488 244 246
f 238 239 8487
f 8487 239 240
f 8487 240 242
f 246 248 8488
f 8489 8341 8488
f 8488 8341 8342
f 8488 8342 8343
f 8341 8489 8490
f 8341 8490 8491
f 8341 8491 8340
f 8340 8491 8492
f 8340 8492 8339
f 8339 8492 8493
f 8339 8493 8338
f 8338 8493 8337
f 8337 8493 275
f 8337 275 8494
f 8494 275 276
f 8494 276 278
f 270 271 8493
f 8493 271 273
f 8493 273 275
f 278 280 8494
f 8495 8335 8494
f 8494 8335 8336
f 8494 8336 8337
f 8335 8495 8496
f 8335 8496 8334
f 8334 8496 8497
f 8334 8497 8333
f 8333 8497 8498
f 8333 8498 8499
f 302 303 8499
f 8499 303 305
f 8499 305 307
f 309 8500 307
f 307 8500 8332
f 307 8332 8499
f 8499 8332 8333
f 309 311 8500
f 8500 311 325
f 8501 8331 8500
f 8331 8501 8330
f 8330 8501 8502
f 8330 8502 8294
f 8294 8502 8503
f 8294 8503 8504
f 8294 8504 8505
f 8294 8505 8293
f 8293 8505 8292
f 8292 8505 8506
f 8292 8506 8507
f 8507 8506 8508
f 8507 8508 8509
f 8510 8511 8505
f 8505 8511 8512
f 8505 8512 8506
f 8509 8513 8507
f 8514 8290 8507
f 8507 8290 8291
f 8507 8291 8292
f 8514 8515 8290
f 8290 8515 8516
f 8290 8516 8289
f 8289 8516 8517
f 8289 8517 8288
f 8288 8517 8518
f 8288 8518 8287
f 8287 8518 8286
f 8286 8518 8519
f 8286 8519 8520
f 8520 8519 8521
f 8520 8521 8522
f 8523 8524 8518
f 8518 8524 8525
f 8518 8525 8519
f 8522 8526 8520
f 8527 8285 8520
f 8520 8285 8284
f 8520 8284 8286
f 8285 8527 8283
f 8283 8527 8528
f 8283 8528 8529
f 8283 8529 8530
f 8283 8530 8282
f 8282 8530 8531
f 8282 8531 8281
f 8281 8531 8532
f 8281 8532 8533
f 8533 8532 8534
f 8533 8534 8535
f 8536 8537 8531
f 8531 8537 8538
f 8531 8538 8532
f 8535 8539 8533
f 8540 8279 8533
f 8533 8279 8280
f 8279 8540 8278
f 8278 8540 8541
f 8278 8541 8542
f 8278 8542 8543
f 8278 8543 8276
f 8276 8543 8544
f 8276 8544 8277
f 8277 8544 8545
f 8277 8545 8546
f 8546 8545 8547
f 8546 8547 8548
f 8549 8550 8544
f 8544 8550 8551
f 8544 8551 8545
f 8548 8552 8546
f 8553 8296 8546
f 8546 8296 8295
f 8546 8295 8277
f 8296 8553 8554
f 8296 8554 8555
f 8296 8555 8297
f 8297 8555 8556
f 8297 8556 8298
f 8298 8556 8557
f 8298 8557 8299
f 8299 8557 8300
f 8300 8557 8558
f 8300 8558 8559
f 8559 8558 8560
f 8559 8560 8561
f 8562 8563 8557
f 8557 8563 8564
f 8557 8564 8558
f 8561 8565 8559
f 8566 8302 8559
f 8559 8302 8301
f 8302 8566 8303
f 8303 8566 8567
f 8303 8567 8568
f 8303 8568 8569
f 8303 8569 8304
f 8304 8569 8387
f 8304 8387 8305
f 8331 8332 8500
f 8348 8349 8482
f 8352 8353 4
f 8369 8370 8464
f 8375 8376 8458
f 8328 8327 8443
f 8322 8321 8426
f 8316 8315 8413
f 8307 8306 8391
f 8301 8300 8559
f 8280 8281 8533
f 8570 324 8571
f 8571 324 8572
f 8572 324 350
f 8572 350 8573
f 8573 350 8574
f 8574 350 8575
f 8575 350 8576
f 8576 350 8577
f 8577 350 351
f 8577 351 8578
f 8578 351 8511
f 8578 8511 8510
f 8511 351 8512
f 8512 351 352
f 8512 352 8506
f 8506 352 353
f 8506 353 8508
f 8508 353 354
f 8508 354 8509
f 8509 354 355
f 8509 355 8513
f 8513 355 8579
f 8579 355 8580
f 8580 355 8581
f 8581 355 356
f 8581 356 8582
f 8582 356 8583
f 8583 356 357
f 8583 357 8584
f 8584 357 8585
f 8585 357 8586
f 8586 357 358
f 8586 358 8587
f 8587 358 8588
f 8588 358 360
f 8588 360 8769
f 8769 360 8523
f 8523 360 8524
f 8524 360 361
f 8524 361 8525
f 8525 361 362
f 8525 362 8519
f 8519 362 8521
f 8521 362 363
f 8521 363 8522
f 8522 363 364
f 8522 364 8526
f 8526 364 8589
f 8589 364 8590
f 8590 364 365
f 8590 365 8591
f 8591 365 8592
f 8592 365 8593
f 8593 365 366
f 8593 366 8594
f 8594 366 8595
f 8595 366 367
f 8595 367 8596
f 8596 367 8597
f 8597 367 368
f 8597 368 8598
f 8598 368 8599
f 8599 368 369
f 8599 369 8600
f 8600 369 8601
f 8601 369 8602
f 8602 369 8536
f 8536 369 8537
f 8537 369 370
f 8537 370 8538
f 8538 370 373
f 8538 373 8532
f 8532 373 374
f 8532 374 8534
f 8534 374 375
f 8534 375 8535
f 8535 375 8603
f 8535 8603 8539
f 376 8719 375
f 375 8719 8603
f 378 8716 376
f 379 8713 378
f 378 8713 8714
f 459 8712 379
f 458 8604 459
f 459 8604 8707
f 457 8551 458
f 458 8551 8550
f 458 8550 8604
f 8604 8550 8549
f 8551 457 8545
f 8545 457 456
f 8545 456 8547
f 8547 456 455
f 8547 455 8548
f 8548 455 454
f 8548 454 8552
f 8552 454 8605
f 8605 454 8606
f 8606 454 8607
f 8607 454 8608
f 8608 454 8609
f 8609 454 453
f 8609 453 8610
f 8610 453 8611
f 8611 453 452
f 8611 452 8612
f 8612 452 8613
f 8613 452 8614
f 8614 452 451
f 8614 451 8615
f 8615 451 8616
f 8616 451 8617
f 8617 451 8618
f 8618 451 450
f 8618 450 8619
f 8619 450 8563
f 8619 8563 8562
f 450 449 8563
f 8563 449 8564
f 8564 449 8558
f 8558 449 448
f 8558 448 8560
f 8560 448 447
f 8560 447 8561
f 8561 447 383
f 8561 383 8565
f 8565 383 8620
f 8620 383 8621
f 8621 383 8622
f 8622 383 382
f 8622 382 8623
f 8623 382 8624
f 8624 382 381
f 8624 381 8625
f 8625 381 8626
f 8626 381 386
f 8626 386 8627
f 8627 386 8628
f 8628 386 387
f 8628 387 8629
f 8629 387 8630
f 8630 387 388
f 8630 388 8631
f 8631 388 8632
f 8632 388 8633
f 8633 388 8385
f 8385 388 8386
f 8386 388 389
f 8386 389 8388
f 8388 389 390
f 8388 390 8389
f 8389 390 391
f 8389 391 8390
f 8390 391 8392
f 8392 391 392
f 8392 392 8634
f 8634 392 8635
f 8635 392 393
f 8635 393 8636
f 8636 393 8637
f 8637 393 8638
f 8638 393 8639
f 8639 393 394
f 8639 394 8640
f 8640 394 8641
f 8641 394 397
f 8641 397 8642
f 8642 397 8643
f 8643 397 8644
f 8644 397 398
f 8644 398 8645
f 8645 398 8646
f 8646 398 8647
f 8647 398 8648
f 8648 398 8649
f 8649 398 8650
f 8650 398 8403
f 8403 398 8404
f 8404 398 399
f 8404 399 8405
f 8405 399 401
f 8405 401 8399
f 8399 401 402
f 8399 402 8401
f 8401 402 403
f 8401 403 8402
f 8402 403 8651
f 8402 8651 8406
f 403 404 8651
f 8651 404 8652
f 8652 404 8653
f 8653 404 8654
f 8654 404 8655
f 8655 404 405
f 8655 405 8656
f 8656 405 8657
f 8657 405 406
f 8657 406 8658
f 8658 406 8659
f 8659 406 407
f 8659 407 8660
f 8660 407 8661
f 8661 407 8662
f 8662 407 409
f 8662 409 8663
f 8663 409 8664
f 8664 409 8665
f 8665 409 8666
f 8666 409 410
f 8666 410 8667
f 8667 410 8416
f 8416 410 8417
f 8417 410 8418
f 8418 410 411
f 8418 411 8412
f 8412 411 412
f 8412 412 8414
f 8414 412 413
f 8414 413 8415
f 8415 413 415
f 8415 415 8419
f 8419 415 8668
f 8668 415 8669
f 8669 415 8670
f 8670 415 8671
f 8671 415 8672
f 8672 415 8673
f 8673 415 416
f 8673 416 8674
f 8674 416 8675
f 8675 416 8676
f 8676 416 417
f 8676 417 8677
f 8677 417 418
f 8677 418 8678
f 8678 418 8679
f 8679 418 8680
f 8680 418 419
f 8680 419 8681
f 8681 419 8682
f 8682 419 8683
f 8683 419 8684
f 8684 419 8429
f 8429 419 8430
f 8430 419 420
f 8430 420 8431
f 8431 420 421
f 8431 421 8425
f 8425 421 8427
f 8427 421 422
f 8427 422 8428
f 8428 422 423
f 8428 423 8432
f 8432 423 8685
f 8685 423 8686
f 8686 423 8687
f 8687 423 424
f 8687 424 8688
f 8688 424 8689
f 8689 424 8690
f 8690 424 8691
f 8691 424 8692
f 8692 424 425
f 8692 425 8693
f 8693 425 428
f 8693 428 8694
f 8694 428 8695
f 8695 428 8696
f 8696 428 429
f 8696 429 8697
f 8697 429 8698
f 8698 429 8699
f 8699 429 8438
f 8438 429 8439
f 8439 429 431
f 8439 431 8440
f 8440 431 432
f 8440 432 8441
f 8441 432 433
f 8441 433 8442
f 8442 433 434
f 8442 434 8444
f 8444 434 8700
f 8444 8700 8445
f 8700 434 8701
f 8701 434 435
f 8701 435 8702
f 8702 435 8703
f 8703 435 8704
f 8704 435 436
f 8704 436 8705
f 8705 436 8706
f 8634 8393 8392
f 459 8707 8708
f 8708 8709 459
f 459 8709 8710
f 459 8710 8711
f 459 8711 8712
f 8712 8713 379
f 378 8714 8715
f 378 8715 8716
f 8716 8717 376
f 8717 8718 376
f 8718 8719 376
f 8749 8570 8720
f 8720 8570 8571
f 8720 8571 8721
f 8721 8571 8722
f 8722 8571 8723
f 8723 8571 8572
f 8723 8572 8724
f 8724 8572 8725
f 8725 8572 8573
f 8725 8573 8726
f 8726 8573 8727
f 8727 8573 8728
f 8728 8573 8574
f 8728 8574 8729
f 8729 8574 8730
f 8730 8574 8575
f 8730 8575 8731
f 8731 8575 8732
f 8732 8575 8576
f 8732 8576 8577
f 8732 8577 8733
f 8733 8577 8578
f 8735 313 8736
f 8736 313 314
f 8736 314 8737
f 8737 314 315
f 8737 315 316
f 8737 316 8738
f 8738 316 8739
f 8739 316 317
f 8739 317 8740
f 8740 317 8741
f 8741 317 318
f 8741 318 8742
f 8742 318 319
f 8742 319 8743
f 8743 319 321
f 8743 321 8744
f 8744 321 8745
f 8745 321 322
f 8745 322 8746
f 8746 322 323
f 8746 323 8747
f 8747 323 8748
f 8748 323 8570
f 8748 8570 8749
f 8735 8734 325
f 325 8734 8500
f 8734 8738 8500
f 8735 8736 8734
f 8734 8736 8737
f 8737 8738 8734
f 8500 8738 8739
f 8500 8739 8740
f 8500 8740 8741
f 8741 8742 8500
f 8500 8742 8501
f 8501 8742 8743
f 8501 8743 8744
f 8744 8745 8501
f 8501 8745 8746
f 8501 8746 8502
f 8502 8746 8747
f 8747 8748 8502
f 8502 8748 8749
f 8502 8749 8503
f 8503 8749 8720
f 8720 8721 8503
f 8503 8721 8722
f 8503 8722 8504
f 8504 8722 8723
f 8723 8724 8504
f 8504 8724 8725
f 8504 8725 8726
f 8726 8727 8504
f 8504 8727 8728
f 8504 8728 8505
f 8505 8728 8729
f 8729 8730 8505
f 8505 8730 8731
f 8505 8731 8733
f 8733 8731 8732
f 8733 8578 8505
f 8505 8578 8510
f 8579 8750 8513
f 8513 8750 8507
f 8507 8750 8752
f 8752 8753 8507
f 8507 8753 8514
f 8514 8753 8754
f 8514 8754 8755
f 8514 8755 8515
f 8515 8755 8756
f 8515 8756 8757
f 8515 8757 8758
f 8515 8758 8516
f 8516 8758 8759
f 8516 8759 8760
f 8516 8760 8517
f 8517 8760 8761
f 8517 8761 8762
f 8762 8763 8517
f 8517 8763 8518
f 8518 8763 8764
f 8518 8764 8765
f 8518 8765 8766
f 8518 8766 8767
f 8518 8767 8768
f 8768 8767 8769
f 8768 8769 8518
f 8518 8769 8523
f 8758 8584 8759
f 8759 8584 8585
f 8759 8585 8760
f 8760 8585 8761
f 8761 8585 8586
f 8761 8586 8762
f 8762 8586 8763
f 8763 8586 8587
f 8763 8587 8764
f 8764 8587 8765
f 8765 8587 8766
f 8766 8587 8588
f 8766 8588 8767
f 8767 8588 8769
f 8750 8579 8580
f 8750 8580 8751
f 8751 8580 8750
f 8750 8580 8581
f 8750 8581 8752
f 8752 8581 8753
f 8753 8581 8582
f 8753 8582 8754
f 8754 8582 8583
f 8754 8583 8755
f 8755 8583 8756
f 8756 8583 8757
f 8757 8583 8584
f 8757 8584 8758
f 8589 8770 8526
f 8526 8770 8520
f 8770 8771 8520
f 8770 8772 8771
f 8520 8771 8773
f 8773 8774 8520
f 8774 8775 8520
f 8520 8775 8527
f 8775 8776 8527
f 8527 8776 8777
f 8527 8777 8528
f 8528 8777 8778
f 8528 8778 8779
f 8528 8779 8780
f 8528 8780 8781
f 8528 8781 8529
f 8529 8781 8782
f 8782 8783 8529
f 8529 8783 8784
f 8529 8784 8785
f 8529 8785 8530
f 8530 8785 8786
f 8530 8786 8787
f 8530 8787 8788
f 8530 8788 8531
f 8531 8788 8789
f 8789 8790 8531
f 8531 8790 8791
f 8531 8791 8792
f 8531 8792 8793
f 8793 8602 8531
f 8531 8602 8536
f 8781 8595 8782
f 8782 8595 8596
f 8782 8596 8783
f 8783 8596 8784
f 8784 8596 8597
f 8784 8597 8785
f 8785 8597 8786
f 8786 8597 8598
f 8786 8598 8787
f 8787 8598 8599
f 8787 8599 8788
f 8788 8599 8789
f 8789 8599 8600
f 8789 8600 8790
f 8790 8600 8791
f 8791 8600 8601
f 8791 8601 8792
f 8792 8601 8793
f 8793 8601 8602
f 8770 8589 8772
f 8772 8589 8590
f 8772 8590 8771
f 8771 8590 8591
f 8771 8591 8773
f 8773 8591 8774
f 8774 8591 8592
f 8774 8592 8775
f 8775 8592 8776
f 8776 8592 8593
f 8776 8593 8777
f 8777 8593 8778
f 8778 8593 8594
f 8778 8594 8779
f 8779 8594 8780
f 8780 8594 8595
f 8780 8595 8781
f 8603 8794 8539
f 8539 8794 8533
f 8794 8795 8533
f 8794 8796 8795
f 8533 8795 8797
f 8797 8798 8533
f 8798 8799 8533
f 8533 8799 8800
f 8533 8800 8540
f 8540 8800 8801
f 8540 8801 8802
f 8540 8802 8803
f 8540 8803 8541
f 8541 8803 8804
f 8804 8805 8541
f 8541 8805 8542
f 8542 8805 8806
f 8542 8806 8807
f 8542 8807 8808
f 8542 8808 8543
f 8808 8809 8543
f 8543 8809 8810
f 8543 8810 8811
f 8543 8811 8544
f 8544 8811 8812
f 8544 8812 8813
f 8544 8813 8814
f 8814 8815 8544
f 8544 8815 8817
f 8544 8817 8816
f 8816 8817 8818
f 8816 8604 8544
f 8544 8604 8549
f 8805 8714 8806
f 8806 8714 8713
f 8806 8713 8807
f 8807 8713 8808
f 8808 8713 8712
f 8808 8712 8809
f 8809 8712 8810
f 8810 8712 8711
f 8810 8711 8811
f 8811 8711 8812
f 8812 8711 8710
f 8812 8710 8813
f 8813 8710 8814
f 8814 8710 8709
f 8814 8709 8815
f 8815 8709 8708
f 8815 8708 8817
f 8817 8708 8707
f 8817 8707 8818
f 8818 8707 8816
f 8816 8707 8604
f 8794 8603 8796
f 8796 8603 8719
f 8796 8719 8795
f 8795 8719 8797
f 8797 8719 8718
f 8797 8718 8798
f 8798 8718 8799
f 8799 8718 8717
f 8799 8717 8800
f 8800 8717 8801
f 8801 8717 8716
f 8801 8716 8802
f 8802 8716 8803
f 8803 8716 8715
f 8803 8715 8804
f 8804 8715 8714
f 8804 8714 8805
f 8605 8819 8552
f 8552 8819 8546
f 8819 8821 8546
f 8546 8821 8822
f 8820 8821 8819
f 8546 8822 8823
f 8546 8823 8824
f 8546 8824 8825
f 8546 8825 8553
f 8825 8826 8553
f 8553 8826 8827
f 8553 8827 8828
f 8553 8828 8554
f 8554 8828 8829
f 8829 8830 8554
f 8554 8830 8831
f 8554 8831 8555
f 8555 8831 8832
f 8832 8833 8555
f 8555 8833 8556
f 8556 8833 8834
f 8834 8835 8556
f 8835 8836 8556
f 8556 8836 8837
f 8556 8837 8557
f 8557 8837 8838
f 8838 8839 8557
f 8839 8840 8557
f 8557 8840 8841
f 8557 8841 8842
f 8557 8842 8843
f 8843 8842 8844
f 8843 8619 8557
f 8557 8619 8562
f 8831 8612 8832
f 8832 8612 8613
f 8832 8613 8833
f 8833 8613 8834
f 8834 8613 8614
f 8834 8614 8835
f 8835 8614 8836
f 8836 8614 8615
f 8836 8615 8837
f 8837 8615 8838
f 8838 8615 8616
f 8838 8616 8839
f 8839 8616 8840
f 8840 8616 8617
f 8840 8617 8841
f 8841 8617 8618
f 8841 8618 8842
f 8842 8618 8844
f 8844 8618 8843
f 8843 8618 8619
f 8605 8606 8819
f 8819 8606 8820
f 8820 8606 8607
f 8820 8607 8821
f 8821 8607 8822
f 8822 8607 8608
f 8822 8608 8823
f 8823 8608 8824
f 8824 8608 8609
f 8824 8609 8825
f 8825 8609 8610
f 8825 8610 8826
f 8826 8610 8827
f 8827 8610 8828
f 8828 8610 8611
f 8828 8611 8829
f 8829 8611 8830
f 8830 8611 8612
f 8830 8612 8831
f 8620 8845 8565
f 8565 8845 8559
f 8845 8846 8559
f 8559 8846 8848
f 8845 8847 8846
f 8559 8848 8849
f 8849 8850 8559
f 8559 8850 8566
f 8566 8850 8851
f 8566 8851 8852
f 8566 8852 8853
f 8566 8853 8854
f 8566 8854 8567
f 8567 8854 8855
f 8567 8855 8856
f 8567 8856 8568
f 8568 8856 8857
f 8857 8858 8568
f 8568 8858 8859
f 8568 8859 8860
f 8568 8860 8569
f 8860 8861 8569
f 8569 8861 8862
f 8569 8862 8863
f 8569 8863 8864
f 8569 8864 8387
f 8387 8864 8865
f 8387 8865 8866
f 8866 8867 8387
f 8387 8867 8868
f 8387 8868 8869
f 8869 8868 8870
f 8387 8869 8385
f 8385 8869 8633
f 8856 8626 8857
f 8857 8626 8627
f 8857 8627 8858
f 8858 8627 8859
f 8859 8627 8860
f 8860 8627 8628
f 8860 8628 8861
f 8861 8628 8862
f 8862 8628 8629
f 8862 8629 8863
f 8863 8629 8864
f 8864 8629 8630
f 8864 8630 8865
f 8865 8630 8866
f 8866 8630 8631
f 8866 8631 8867
f 8867 8631 8868
f 8868 8631 8870
f 8870 8631 8632
f 8870 8632 8869
f 8869 8632 8633
f 8620 8621 8845
f 8845 8621 8847
f 8847 8621 8622
f 8847 8622 8846
f 8846 8622 8848
f 8848 8622 8849
f 8849 8622 8850
f 8850 8622 8623
f 8850 8623 8851
f 8851 8623 8852
f 8852 8623 8624
f 8852 8624 8853
f 8853 8624 8854
f 8854 8624 8625
f 8854 8625 8855
f 8855 8625 8626
f 8855 8626 8856
f 8634 8871 8393
f 8393 8871 8391
f 8871 8872 8391
f 8391 8872 8873
f 8871 8874 8872
f 8391 8873 8875
f 8875 8876 8391
f 8391 8876 8877
f 8391 8877 8394
f 8394 8877 8878
f 8394 8878 8879
f 8879 8880 8394
f 8880 8881 8394
f 8394 8881 8395
f 8395 8881 8882
f 8395 8882 8883
f 8395 8883 8884
f 8395 8884 8396
f 8396 8884 8885
f 8396 8885 8886
f 8396 8886 8397
f 8397 8886 8887
f 8397 8887 8888
f 8397 8888 8889
f 8397 8889 8398
f 8398 8889 8890
f 8890 8891 8398
f 8891 8892 8398
f 8398 8892 8896
f 8398 8896 8893
f 8398 8893 8894
f 8894 8893 8895
f 8893 8896 8897
f 8894 8650 8398
f 8398 8650 8403
f 8641 8642 8884
f 8884 8642 8885
f 8885 8642 8886
f 8886 8642 8643
f 8886 8643 8887
f 8887 8643 8888
f 8888 8643 8644
f 8888 8644 8889
f 8889 8644 8890
f 8890 8644 8645
f 8890 8645 8891
f 8891 8645 8892
f 8892 8645 8646
f 8892 8646 8896
f 8896 8646 8897
f 8897 8646 8647
f 8897 8647 8893
f 8893 8647 8895
f 8895 8647 8648
f 8895 8648 8649
f 8895 8649 8894
f 8894 8649 8650
f 8871 8634 8635
f 8871 8635 8874
f 8874 8635 8872
f 8872 8635 8636
f 8872 8636 8873
f 8873 8636 8875
f 8875 8636 8637
f 8875 8637 8876
f 8876 8637 8638
f 8876 8638 8877
f 8877 8638 8878
f 8878 8638 8639
f 8878 8639 8879
f 8879 8639 8880
f 8880 8639 8640
f 8880 8640 8881
f 8881 8640 8882
f 8882 8640 8641
f 8882 8641 8883
f 8883 8641 8884
f 8651 8898 8406
f 8406 8898 8400
f 8898 8899 8900
f 8898 8900 8400
f 8400 8900 8901
f 8400 8901 8902
f 8902 8903 8400
f 8400 8903 8407
f 8407 8903 8904
f 8407 8904 8905
f 8905 8906 8407
f 8906 8907 8407
f 8407 8907 8408
f 8907 8908 8408
f 8908 8909 8408
f 8408 8909 8910
f 8408 8910 8409
f 8409 8910 8911
f 8911 8912 8409
f 8409 8912 8913
f 8409 8913 8914
f 8409 8914 8410
f 8410 8914 8915
f 8915 8916 8410
f 8916 8917 8410
f 8917 8918 8410
f 8410 8918 8411
f 8918 8919 8411
f 8411 8919 8920
f 8920 8921 8411
f 8411 8921 8923
f 8411 8923 8922
f 8922 8923 8924
f 8658 8910 8909
f 8658 8909 8657
f 8657 8909 8908
f 8657 8908 8907
f 8657 8907 8656
f 8656 8907 8906
f 8656 8906 8905
f 8656 8905 8655
f 8655 8905 8904
f 8655 8904 8903
f 8655 8903 8902
f 8655 8902 8654
f 8654 8902 8901
f 8654 8901 8900
f 8654 8900 8653
f 8653 8900 8899
f 8653 8899 8652
f 8652 8899 8898
f 8652 8898 8651
f 8667 8922 8924
f 8667 8924 8666
f 8666 8924 8923
f 8666 8923 8921
f 8666 8921 8665
f 8665 8921 8920
f 8665 8920 8664
f 8664 8920 8919
f 8664 8919 8918
f 8664 8918 8663
f 8663 8918 8917
f 8663 8917 8662
f 8662 8917 8916
f 8662 8916 8915
f 8662 8915 8661
f 8661 8915 8914
f 8661 8914 8660
f 8660 8914 8913
f 8660 8913 8659
f 8659 8913 8912
f 8659 8912 8911
f 8659 8911 8658
f 8658 8911 8910
f 8922 8667 8411
f 8411 8667 8416
f 8668 8925 8419
f 8419 8925 8413
f 8926 8927 8925
f 8925 8927 8928
f 8925 8928 8413
f 8413 8928 8929
f 8929 8930 8413
f 8930 8931 8413
f 8413 8931 8420
f 8420 8931 8932
f 8420 8932 8933
f 8420 8933 8934
f 8420 8934 8421
f 8421 8934 8935
f 8421 8935 8936
f 8421 8936 8422
f 8936 8937 8422
f 8422 8937 8938
f 8422 8938 8423
f 8938 8939 8423
f 8939 8940 8423
f 8423 8940 8941
f 8423 8941 8424
f 8424 8941 8942
f 8424 8942 8943
f 8943 8944 8424
f 8424 8944 8945
f 8424 8945 8947
f 8424 8947 8946
f 8424 8946 8948
f 8676 8936 8935
f 8676 8935 8675
f 8675 8935 8934
f 8675 8934 8933
f 8675 8933 8674
f 8674 8933 8932
f 8674 8932 8673
f 8673 8932 8931
f 8673 8931 8930
f 8673 8930 8672
f 8672 8930 8929
f 8672 8929 8671
f 8671 8929 8928
f 8671 8928 8927
f 8671 8927 8670
f 8670 8927 8926
f 8670 8926 8669
f 8669 8926 8925
f 8669 8925 8668
f 8684 8948 8683
f 8683 8948 8946
f 8683 8946 8682
f 8682 8946 8947
f 8682 8947 8681
f 8681 8947 8945
f 8681 8945 8944
f 8681 8944 8680
f 8680 8944 8943
f 8680 8943 8679
f 8679 8943 8942
f 8679 8942 8941
f 8679 8941 8678
f 8678 8941 8940
f 8678 8940 8939
f 8678 8939 8677
f 8677 8939 8938
f 8677 8938 8937
f 8677 8937 8676
f 8676 8937 8936
f 8948 8684 8424
f 8424 8684 8429
f 8685 8949 8432
f 8432 8949 8426
f 8949 8950 8426
f 8949 8951 8950
f 8950 8952 8426
f 8426 8952 8953
f 8426 8953 8954
f 8954 8955 8426
f 8426 8955 8956
f 8426 8956 8957
f 8426 8957 8433
f 8957 8958 8433
f 8433 8958 8959
f 8433 8959 8960
f 8433 8960 8434
f 8434 8960 8961
f 8434 8961 8962
f 8434 8962 8963
f 8434 8963 8435
f 8963 8964 8435
f 8435 8964 8965
f 8435 8965 8436
f 8965 8966 8436
f 8436 8966 8967
f 8967 8968 8436
f 8968 8969 8436
f 8436 8969 8437
f 8437 8969 8970
f 8437 8970 8971
f 8437 8971 8972
f 8437 8972 8973
f 8437 8973 8974
f 8974 8973 8975
f 8974 8699 8437
f 8437 8699 8438
f 8963 8693 8694
f 8963 8694 8964
f 8964 8694 8965
f 8965 8694 8695
f 8965 8695 8966
f 8966 8695 8967
f 8967 8695 8696
f 8967 8696 8968
f 8968 8696 8969
f 8969 8696 8970
f 8970 8696 8697
f 8970 8697 8971
f 8971 8697 8972
f 8972 8697 8698
f 8972 8698 8973
f 8973 8698 8975
f 8975 8698 8974
f 8974 8698 8699
f 8685 8686 8949
f 8949 8686 8951
f 8951 8686 8687
f 8951 8687 8950
f 8950 8687 8688
f 8950 8688 8952
f 8952 8688 8689
f 8952 8689 8953
f 8953 8689 8954
f 8954 8689 8690
f 8954 8690 8955
f 8955 8690 8956
f 8956 8690 8691
f 8956 8691 8957
f 8957 8691 8958
f 8958 8691 8959
f 8959 8691 8692
f 8959 8692 8960
f 8960 8692 8961
f 8961 8692 8693
f 8961 8693 8962
f 8962 8693 8963
f 8700 8976 8445
f 8445 8976 8443
f 8976 8977 8978
f 8976 8978 8443
f 8443 8978 8979
f 8443 8979 8980
f 8443 8980 8446
f 8446 8980 8981
f 8446 8981 8982
f 8982 8983 8446
f 8446 8983 8984
f 8446 8984 8447
f 8984 8985 8447
f 8985 8986 8447
f 8447 8986 8448
f 8986 8987 8448
f 8700 8701 8976
f 8976 8701 8977
f 8977 8701 8702
f 8977 8702 8978
f 8978 8702 8979
f 8979 8702 8703
f 8979 8703 8980
f 8980 8703 8981
f 8981 8703 8704
f 8981 8704 8982
f 8982 8704 8983
f 8983 8704 8705
f 8983 8705 8984
f 8984 8705 8985
f 8985 8705 8706
f 8985 8706 8986
f 8986 8706 8987
f 8987 8706 344
f 8987 344 8988
f 8988 344 8989
f 8989 344 343
f 8989 343 8990
f 8990 343 8991
f 8991 343 342
f 8991 342 8992
f 8992 342 341
f 8992 341 8993
f 8993 341 8994
f 8994 341 340
f 8994 340 8995
f 8995 340 8996
f 8996 340 8997
f 8997 340 339
f 8997 339 8998
f 8998 339 8999
f 8999 339 338
f 8999 338 9000
f 9000 338 9001
f 9001 338 38
f 9001 38 37
f 9001 37 9002
f 9002 37 42
f 8448 8987 8988
f 8448 8988 8449
f 8449 8988 8989
f 8449 8989 8990
f 8990 8991 8449
f 8449 8991 8992
f 8449 8992 8450
f 8450 8992 8993
f 8993 8994 8450
f 8450 8994 8995
f 8450 8995 8451
f 8451 8995 8996
f 8996 8997 8451
f 8451 8997 8998
f 8451 8998 8999
f 8451 8999 9000
f 8451 9000 9002
f 9002 9000 9001
f 9002 42 8451
f 8451 42 43
f 9025 301 8499
f 8499 301 302
f 9003 9005 8494
f 281 9004 9003
f 9004 9005 9003
f 8494 9005 9006
f 8494 9006 9007
f 8494 9007 9008
f 8494 9008 9009
f 8494 9009 9010
f 8494 9010 8495
f 8495 9010 9011
f 9011 9012 8495
f 9012 9013 8495
f 8495 9013 8496
f 9013 9014 8496
f 9014 9015 8496
f 8496 9015 8497
f 8497 9015 9016
f 8497 9016 9017
f 9017 9018 8497
f 8497 9018 8498
f 8498 9018 9019
f 9019 9020 8498
f 8498 9020 8499
f 8499 9020 9021
f 8499 9021 9022
f 9022 9023 8499
f 8499 9023 9024
f 8499 9024 9025
f 281 9003 280
f 280 9003 8494
f 281 282 9004
f 9004 282 9005
f 9005 282 284
f 9005 284 9006
f 9006 284 9007
f 9007 284 285
f 9007 285 9008
f 9008 285 9009
f 9009 285 286
f 9009 286 9010
f 9010 286 9011
f 9011 286 288
f 9011 288 9012
f 9012 288 9013
f 9013 288 289
f 9013 289 9014
f 9014 289 290
f 9014 290 9015
f 9015 290 292
f 9015 292 9016
f 9016 292 9017
f 9017 292 294
f 9017 294 9018
f 9018 294 295
f 9018 295 9019
f 9019 295 297
f 9019 297 9020
f 9020 297 9021
f 9021 297 298
f 9021 298 9022
f 9022 298 299
f 9022 299 9023
f 9023 299 9024
f 9024 299 300
f 9024 300 9025
f 9025 300 301
f 9026 269 8493
f 8493 269 270
f 9027 9029 8488
f 8488 9029 9030
f 9027 9028 9029
f 8488 9030 9031
f 8488 9031 9032
f 9032 9033 8488
f 8488 9033 9034
f 8488 9034 8489
f 8489 9034 9035
f 8489 9035 9036
f 8489 9036 9037
f 8489 9037 9038
f 8489 9038 8490
f 8490 9038 9039
f 8490 9039 9040
f 8490 9040 8491
f 8491 9040 9041
f 8491 9041 9042
f 8491 9042 9043
f 8491 9043 8492
f 8492 9043 9044
f 8492 9044 9045
f 8492 9045 9046
f 9046 9047 8492
f 8492 9047 8493
f 9047 9048 8493
f 8493 9048 9049
f 8493 9049 9050
f 8493 9050 9052
f 8493 9052 9026
f 9026 9052 9051
f 249 9027 248
f 248 9027 8488
f 249 250 9027
f 9027 250 9028
f 9028 250 9029
f 9029 250 251
f 9029 251 9030
f 9030 251 9031
f 9031 251 252
f 9031 252 9032
f 9032 252 254
f 9032 254 9033
f 9033 254 9034
f 9034 254 255
f 9034 255 9035
f 9035 255 9036
f 9036 255 257
f 9036 257 9037
f 9037 257 9038
f 9038 257 258
f 9038 258 9039
f 9039 258 9040
f 9040 258 259
f 9040 259 9041
f 9041 259 261
f 9041 261 9042
f 9042 261 9043
f 9043 261 263
f 9043 263 9044
f 9044 263 9045
f 9045 263 264
f 9045 264 9046
f 9046 264 9047
f 9047 264 265
f 9047 265 9048
f 9048 265 9049
f 9049 265 267
f 9049 267 9050
f 9050 267 9052
f 9052 267 268
f 9052 268 9051
f 9051 268 9026
f 9026 268 269
f 9053 237 8487
f 8487 237 238
f 8482 9054 9056
f 8482 9056 9057
f 8482 9057 9058
f 8482 9058 8483
f 9058 9059 8483
f 8483 9059 9060
f 9060 9061 8483
f 8483 9061 8484
f 9061 9062 8484
f 8484 9062 9063
f 8484 9063 9064
f 8484 9064 8485
f 9064 9065 8485
f 8485 9065 9066
f 8485 9066 9067
f 8485 9067 8486
f 8486 9067 9068
f 9068 9069 8486
f 8486 9069 9070
f 8486 9070 9071
f 8486 9071 8487
f 9071 9072 8487
f 9072 9073 8487
f 9073 9074 8487
f 8487 9074 9075
f 8487 9075 9053
f 9053 9075 9076
f 219 9054 217
f 217 9054 8482
f 9054 219 9055
f 9055 219 220
f 9055 220 9054
f 9054 220 9056
f 9056 220 221
f 9056 221 9057
f 9057 221 223
f 9057 223 9058
f 9058 223 9059
f 9059 223 224
f 9059 224 9060
f 9060 224 9061
f 9061 224 226
f 9061 226 9062
f 9062 226 9063
f 9063 226 227
f 9063 227 9064
f 9064 227 9065
f 9065 227 229
f 9065 229 9066
f 9066 229 9067
f 9067 229 230
f 9067 230 9068
f 9068 230 9069
f 9069 230 9070
f 9070 230 232
f 9070 232 9071
f 9071 232 9072
f 9072 232 233
f 9072 233 9073
f 9073 233 9074
f 9074 233 234
f 9074 234 9075
f 9075 234 235
f 9075 235 9076
f 9076 235 9053
f 9053 235 237
f 9077 179 8481
f 8481 179 180
f 9078 9079 8476
f 9078 9080 9079
f 8476 9079 9081
f 9081 9082 8476
f 8476 9082 9083
f 8476 9083 8477
f 8477 9083 9084
f 8477 9084 9085
f 9085 9086 8477
f 8477 9086 8478
f 8478 9086 9087
f 9087 9088 8478
f 8478 9088 9089
f 8478 9089 8479
f 9089 9090 8479
f 8479 9090 9091
f 8479 9091 8480
f 8480 9091 9092
f 8480 9092 9093
f 9093 9094 8480
f 8480 9094 9095
f 8480 9095 8481
f 9095 9096 8481
f 9096 9097 8481
f 8481 9097 9098
f 8481 9098 9099
f 9099 9100 8481
f 8481 9100 9101
f 8481 9101 9077
f 9077 9101 9102
f 160 9078 159
f 159 9078 8476
f 160 161 9078
f 9078 161 9080
f 9080 161 9079
f 9079 161 163
f 9079 163 9081
f 9081 163 164
f 9081 164 9082
f 9082 164 9083
f 9083 164 165
f 9083 165 9084
f 9084 165 9085
f 9085 165 9086
f 9086 165 167
f 9086 167 9087
f 9087 167 9088
f 9088 167 168
f 9088 168 9089
f 168 170 9089
f 9089 170 9090
f 9090 170 9091
f 9091 170 172
f 9091 172 9092
f 9092 172 9093
f 9093 172 173
f 9093 173 9094
f 9094 173 9095
f 9095 173 174
f 9095 174 9096
f 9096 174 9097
f 9097 174 176
f 9097 176 9098
f 9098 176 9099
f 9099 176 9100
f 9100 176 177
f 9100 177 9101
f 9101 177 9102
f 9102 177 178
f 9102 178 9077
f 9077 178 179
f 9103 148 8475
f 8475 148 149
f 9104 9105 8470
f 9104 9106 9107
f 9104 9107 9105
f 9105 9108 8470
f 8470 9108 9109
f 8470 9109 9110
f 8470 9110 8471
f 9110 9111 8471
f 8471 9111 9112
f 9112 9113 8471
f 8471 9113 8472
f 9113 9114 8472
f 9114 9115 8472
f 8472 9115 8473
f 8473 9115 9116
f 8473 9116 9117
f 8473 9117 9118
f 8473 9118 8474
f 9118 9119 8474
f 9119 9120 8474
f 9120 9121 8474
f 8474 9121 9122
f 8474 9122 8475
f 8475 9122 9123
f 8475 9123 9124
f 9124 9125 8475
f 8475 9125 9127
f 8475 9127 9126
f 8475 9126 9103
f 130 9104 129
f 129 9104 8470
f 130 131 9104
f 9104 131 9106
f 9106 131 132
f 9106 132 9107
f 9107 132 133
f 9107 133 9105
f 9105 133 9108
f 9108 133 134
f 9108 134 9109
f 9109 134 9110
f 9110 134 135
f 9110 135 9111
f 9111 135 9112
f 9112 135 136
f 9112 136 9113
f 9113 136 138
f 9113 138 9114
f 9114 138 9115
f 9115 138 139
f 9115 139 9116
f 9116 139 141
f 9116 141 9117
f 9117 141 9118
f 9118 141 142
f 9118 142 9119
f 9119 142 9120
f 9120 142 144
f 9120 144 9121
f 9121 144 9122
f 9122 144 9123
f 9123 144 145
f 9123 145 9124
f 9124 145 9125
f 9125 145 147
f 9125 147 9127
f 9127 147 9126
f 9126 147 9103
f 9103 147 148
f 9128 117 8469
f 8469 117 122
f 9129 9131 8464
f 9129 9130 9131
f 8464 9131 9132
f 8464 9132 9133
f 8464 9133 9134
f 8464 9134 8465
f 9134 9135 8465
f 8465 9135 9136
f 9136 9137 8465
f 8465 9137 9138
f 9138 9139 8465
f 8465 9139 8466
f 8466 9139 9140
f 8466 9140 9141
f 8466 9141 8467
f 8467 9141 9142
f 8467 9142 9143
f 8467 9143 8468
f 8468 9143 9144
f 8468 9144 9145
f 9145 9146 8468
f 8468 9146 9147
f 8468 9147 8469
f 8469 9147 9148
f 8469 9148 9149
f 8469 9149 9150
f 8469 9150 9151
f 8469 9151 9128
f 9128 9151 9152
f 110 9129 111
f 111 9129 8464
f 9129 110 9130
f 9130 110 337
f 9130 337 336
f 9130 336 9131
f 9131 336 9132
f 9132 336 335
f 9132 335 9133
f 9133 335 9134
f 9134 335 334
f 9134 334 9135
f 9135 334 9136
f 9136 334 333
f 9136 333 9137
f 9137 333 9138
f 9138 333 9139
f 9139 333 332
f 9139 332 9140
f 9140 332 9141
f 9141 332 331
f 9141 331 9142
f 9142 331 9143
f 9143 331 330
f 9143 330 9144
f 9144 330 9145
f 9145 330 329
f 9145 329 9146
f 9146 329 9147
f 9147 329 328
f 9147 328 9148
f 9148 328 9149
f 9149 328 9150
f 9150 328 327
f 9150 327 9151
f 9151 327 326
f 9151 326 9152
f 9152 326 118
f 9152 118 9128
f 9128 118 117
f 9153 100 8463
f 8463 100 101
f 9154 9156 8458
f 9155 9156 9154
f 8458 9156 9157
f 9157 9158 8458
f 8458 9158 9159
f 8458 9159 9160
f 8458 9160 8459
f 9160 9161 8459
f 8459 9161 9162
f 9162 9163 8459
f 8459 9163 9164
f 8459 9164 8460
f 8460 9164 9165
f 8460 9165 9166
f 8460 9166 9167
f 8460 9167 8461
f 8461 9167 9168
f 8461 9168 9169
f 8461 9169 8462
f 8462 9169 9170
f 8462 9170 9171
f 8462 9171 9172
f 8462 9172 9173
f 8462 9173 8463
f 8463 9173 9174
f 8463 9174 9175
f 9175 9176 8463
f 8463 9176 9177
f 8463 9177 9178
f 8463 9178 9153
f 9153 9178 9179
f 80 9154 79
f 79 9154 8458
f 9154 80 9155
f 9155 80 82
f 9155 82 9156
f 9156 82 83
f 9156 83 9157
f 9157 83 84
f 9157 84 9158
f 9158 84 9159
f 9159 84 85
f 9159 85 9160
f 9160 85 86
f 9160 86 9161
f 9161 86 9162
f 9162 86 88
f 9162 88 9163
f 9163 88 9164
f 9164 88 89
f 9164 89 9165
f 9165 89 9166
f 9166 89 90
f 9166 90 9167
f 9167 90 9168
f 9168 90 91
f 9168 91 9169
f 9169 91 93
f 9169 93 9170
f 9170 93 9171
f 9171 93 94
f 9171 94 9172
f 9172 94 95
f 9172 95 9173
f 9173 95 9174
f 9174 95 97
f 9174 97 9175
f 9175 97 9176
f 9176 97 98
f 9176 98 9177
f 9177 98 9178
f 9178 98 9179
f 9179 98 99
f 9179 99 9153
f 9153 99 100
f 9200 68 8457
f 8457 68 69
f 8452 9180 9182
f 8452 9182 9183
f 8452 9183 9184
f 8452 9184 8453
f 9184 9185 8453
f 8453 9185 9186
f 8453 9186 9187
f 8453 9187 8454
f 9187 9188 8454
f 9188 9189 8454
f 8454 9189 8455
f 8455 9189 9190
f 8455 9190 9191
f 8455 9191 8456
f 9191 9192 8456
f 8456 9192 9193
f 8456 9193 9194
f 8456 9194 8457
f 9194 9195 8457
f 9195 9196 8457
f 8457 9196 9197
f 8457 9197 9198
f 8457 9198 9200
f 9200 9198 9199
f 51 9180 50
f 50 9180 8452
f 51 52 9180
f 9180 52 9181
f 9181 52 9180
f 9180 52 53
f 9180 53 9182
f 9182 53 9183
f 9183 53 55
f 9183 55 9184
f 9184 55 9185
f 9185 55 56
f 9185 56 9186
f 9186 56 9187
f 9187 56 58
f 9187 58 9188
f 9188 58 59
f 9188 59 9189
f 9189 59 9190
f 9190 59 60
f 9190 60 9191
f 9191 60 9192
f 9192 60 62
f 9192 62 9193
f 9193 62 63
f 9193 63 9194
f 9194 63 64
f 9194 64 9195
f 9195 64 9196
f 9196 64 66
f 9196 66 9197
f 9197 66 9198
f 9198 66 67
f 9198 67 9199
f 9199 67 9200
f 9200 67 68
f 8159 8160 8245
f 8245 8160 9201
f 9201 8160 9202
f 9202 8160 8161
f 9202 8161 9203
f 9203 8161 8162
f 9203 8162 8163
f 9203 8163 9204
f 9204 8163 9205
f 9205 8163 8164
f 9205 8164 9206
f 9206 8164 8165
f 9206 8165 9207
f 9207 8165 8166
f 9207 8166 9208
f 9208 8166 8167
f 9208 8167 9209
f 9209 8167 9210
f 9210 8167 8168
f 9210 8168 8169
f 9210 8169 9211
f 9211 8169 8170
f 9211 8170 9212
f 9212 8170 8171
f 9212 8171 9213
f 9213 8171 8172
f 9213 8172 9214
f 9214 8172 8173
f 9214 8173 8174
f 9214 8174 9215
f 9215 8174 9216
f 9216 8174 8175
f 9216 8175 8176
f 9216 8176 9217
f 9217 8176 8177
f 9217 8177 9218
f 9218 8177 8178
f 9218 8178 9219
f 9219 8178 8075
f 8075 8178 8076
f 8075 8073 9219
f 9219 8073 8080
f 9219 8080 9218
f 9218 8080 8082
f 9218 8082 9217
f 9217 8082 8084
f 9217 8084 9216
f 9216 8084 8085
f 9216 8085 9215
f 9215 8085 8088
f 9215 8088 9214
f 9214 8088 8090
f 9214 8090 8092
f 9214 8092 9213
f 9213 8092 8094
f 9213 8094 9212
f 9212 8094 8096
f 9212 8096 9211
f 9211 8096 9210
f 9210 8096 8099
f 9210 8099 9209
f 9209 8099 8100
f 9209 8100 8103
f 9209 8103 9208
f 9208 8103 9207
f 9207 8103 8105
f 9207 8105 9206
f 9206 8105 8106
f 9206 8106 9205
f 9205 8106 8107
f 9205 8107 9204
f 9204 8107 8109
f 9204 8109 9203
f 9203 8109 8112
f 9203 8112 8115
f 9203 8115 9202
f 9202 8115 9201
f 9201 8115 8116
f 9201 8116 8118
f 8118 8245 9201
f 2003 7794 8071
f 2003 8071 1999
f 1999 8071 8069
f 1999 8069 8067
f 1999 8067 1997
f 1997 8067 8065
f 1997 8065 1995
f 1995 8065 8063
f 1995 8063 1993
f 1993 8063 8061
f 1993 8061 8059
f 1993 8059 1990
f 1990 8059 8057
f 1990 8057 1987
f 1987 8057 8055
f 1987 8055 8053
f 1987 8053 1984
f 1984 8053 8051
f 1984 8051 1982
f 1982 8051 8049
f 1982 8049 8047
f 1982 8047 1979
f 1979 8047 8045
f 1979 8045 1977
f 1977 8045 8043
f 1977 8043 8041
f 1977 8041 1974
f 1974 8041 8039
f 1974 8039 1972
f 1972 8039 8037
f 1972 8037 8035
f 1972 8035 1969
f 1969 8035 8033
f 1969 8033 1967
f 1967 8033 8031
f 1967 8031 1968
f 1968 8031 8029
f 1968 8029 2424
f 2424 8029 8027
f 2424 8027 8025
f 2424 8025 2425
f 2425 8025 8023
f 2425 8023 2426
f 2426 8023 8021
f 2426 8021 8019
f 2426 8019 2427
f 2427 8019 8017
f 2427 8017 2428
f 2428 8017 8015
f 2428 8015 8013
f 2428 8013 2429
f 2429 8013 8011
f 2429 8011 2430
f 2430 8011 8009
f 2430 8009 1964
f 1964 8009 8007
f 1964 8007 8005
f 1964 8005 1965
f 1965 8005 8003
f 1965 8003 2431
f 2431 8003 8001
f 2431 8001 2432
f 2432 8001 7999
f 2432 7999 7997
f 2432 7997 2433
f 2433 7997 7995
f 2433 7995 2434
f 2434 7995 7993
f 2434 7993 2435
f 2435 7993 7991
f 2435 7991 2436
f 2436 7991 7989
f 2436 7989 2437
f 2437 7989 7987
f 2437 7987 1961
f 1961 7987 7985
f 1961 7985 1962
f 1962 7985 7983
f 1962 7983 2438
f 2438 7983 7981
f 2438 7981 2439
f 2439 7981 7979
f 2439 7979 2132
f 2132 7979 7977
f 2132 7977 2133
f 2133 7977 7975
f 2133 7975 2440
f 2440 7975 7973
f 2440 7973 2129
f 2129 7973 7971
f 2129 7971 2130
f 2130 7971 7969
f 2130 7969 2375
f 2375 7969 7967
f 2375 7967 2374
f 2374 7967 7965
f 2374 7965 2373
f 2373 7965 7963
f 2373 7963 2372
f 2372 7963 7961
f 2372 7961 2371
f 2371 7961 7959
f 2371 7959 2370
f 2370 7959 7957
f 2370 7957 2369
f 2369 7957 7955
f 2369 7955 7953
f 2369 7953 2368
f 2368 7953 7951
f 2368 7951 2367
f 2367 7951 7949
f 2367 7949 7947
f 2367 7947 2366
f 2366 7947 7945
f 2366 7945 2365
f 2365 7945 7943
f 2365 7943 2364
f 2364 7943 7941
f 2364 7941 2363
f 2363 7941 7939
f 2363 7939 7937
f 2363 7937 2362
f 2362 7937 7935
f 2362 7935 2361
f 2361 7935 7933
f 2361 7933 7931
f 2361 7931 2360
f 2360 7931 7929
f 2360 7929 2359
f 2359 7929 7927
f 2359 7927 7925
f 2359 7925 2356
f 2356 7925 7923
f 2356 7923 2354
f 2354 7923 7921
f 2354 7921 2352
f 2352 7921 7919
f 2352 7919 7917
f 2352 7917 2349
f 2349 7917 7915
f 2349 7915 2347
f 2347 7915 7913
f 2347 7913 7911
f 2347 7911 2344
f 2344 7911 7909
f 2344 7909 2342
f 2342 7909 7907
f 2342 7907 2339
f 2339 7907 7905
f 2339 7905 2337
f 2337 7905 7903
f 2337 7903 7901
f 2337 7901 2334
f 2334 7901 7899
f 2334 7899 2332
f 2332 7899 7897
f 2332 7897 7895
f 2332 7895 2328
f 2328 7895 7893
f 2328 7893 2326
f 2326 7893 7892
f 2326 7892 2324
f 2324 7892 7890
f 2324 7890 7701
f 2324 7701 2320
f 32 191 3
f 3 191 5
f 5 191 6
f 6 191 192
f 6 192 7
f 7 192 8
f 8 192 194
f 8 194 10
f 10 194 11
f 11 194 12
f 12 194 195
f 12 195 13
f 13 195 196
f 13 196 14
f 14 196 16
f 16 196 197
f 16 197 17
f 17 197 199
f 17 199 18
f 18 199 20
f 20 199 200
f 20 200 21
f 21 200 22
f 22 200 201
f 22 201 24
f 24 201 25
f 25 201 203
f 25 203 26
f 26 203 204
f 26 204 27
f 27 204 28
f 28 204 205
f 28 205 29
f 29 205 30
f 30 205 206
f 30 206 31
f 31 206 207
