# USD → MuJoCo (world-space, simplified)
v 1.144330 7.608070 0.957105
v 1.150674 7.609479 0.957439
v 1.149396 7.609020 0.957432
v 1.148095 7.608636 0.957429
v 1.151925 7.610012 0.957386
v 1.153145 7.610617 0.957393
v 1.142742 7.607872 0.957487
v 1.144094 7.607944 0.957489
v 1.145439 7.608097 0.957370
v 1.146774 7.608328 0.957371
v 1.157631 7.613725 0.957234
v 1.160506 7.616704 0.957543
v 1.159603 7.615657 0.957530
v 1.158646 7.614665 0.957515
v 1.154329 7.611295 0.957402
v 1.155475 7.612041 0.957414
v 1.156578 7.612854 0.957488
v 1.161329 7.617931 0.957152
v 1.163649 7.621885 0.957196
v 1.165131 7.626144 0.957073
v 1.165837 7.628991 0.957225
v 1.164589 7.623963 0.957332
v 1.165729 7.628006 0.957580
v 1.164089 7.622645 0.957504
v 1.165930 7.632857 0.957081
v 1.166074 7.630819 0.957277
v 1.166163 7.632931 0.957314
v 1.165691 7.637166 0.957129
v 1.165833 7.637146 0.957438
v 1.165941 7.635076 0.957129
v 1.165945 7.636434 0.957819
v 1.165952 7.629397 0.957747
v 1.164028 7.642833 0.957067
v 1.165037 7.640364 0.957196
v 1.163062 7.645102 0.957170
v 1.160848 7.648622 0.957266
v 1.160674 7.648438 0.957047
v 1.162007 7.646885 0.957196
v 1.161317 7.648071 0.957655
v 1.160472 7.649179 0.957656
v 1.162822 7.645717 0.957658
v 1.164589 7.641896 0.957508
v 1.159520 7.650189 0.957299
v 1.158609 7.651238 0.957507
v 1.155341 7.653884 0.957191
v 1.152653 7.655466 0.957170
v 1.149641 7.656795 0.957218
v 1.147464 7.657428 0.957162
v 1.143958 7.658045 0.957189
v 1.142689 7.658187 0.957663
v 1.141335 7.658194 1.057137
v 1.145388 7.657934 0.957658
v 1.146723 7.657691 0.957653
v 1.140955 7.658148 0.957260
v 1.136587 7.657517 0.957234
v 1.136235 7.657265 0.957085
v 1.138617 7.657888 0.957220
v 1.130016 7.654815 0.957135
v 1.132950 7.656371 0.957299
v 1.132921 7.656105 0.957081
v 1.134674 7.656963 0.957220
v 1.135982 7.657429 0.957652
v 1.139983 7.658121 0.957655
v 1.138637 7.657969 0.957656
v 1.128047 7.653579 0.957216
v 1.122681 7.648195 0.957332
v 1.124260 7.650122 0.957290
v 1.127498 7.653212 0.957819
v 1.120866 7.644887 0.957093
v 1.120893 7.645301 0.957438
v 1.119483 7.642144 0.957327
v 1.118405 7.637259 0.957073
v 1.119127 7.640691 0.957129
v 1.119470 7.642118 0.957819
v 1.118102 7.632164 0.957088
v 1.118075 7.635941 0.957215
v 1.117941 7.633832 0.957261
v 1.118788 7.626595 0.957200
v 1.118469 7.628605 0.957088
v 1.118124 7.629941 0.957285
v 1.118123 7.636669 0.957819
v 1.120989 7.621290 0.957052
v 1.119588 7.624059 0.957207
v 1.120018 7.622864 0.957462
v 1.122761 7.618336 0.957078
v 1.124572 7.615819 0.957178
v 1.122759 7.617995 0.957492
v 1.121975 7.619151 0.957368
v 1.123604 7.616887 0.957484
v 1.121254 7.620350 0.957501
v 1.120598 7.621589 0.957505
v 1.119488 7.624169 0.957820
v 1.127534 7.613003 0.957277
v 1.126480 7.613883 0.957519
v 1.132198 7.610109 0.957338
v 1.129792 7.611418 0.957357
v 1.128657 7.612168 0.957238
v 1.125468 7.614828 0.957463
v 1.136738 7.608579 0.957161
v 1.142103 7.607928 0.957160
v 1.138927 7.608213 0.957091
v 1.141388 7.607879 0.957488
v 1.133658 7.609544 0.957141
v 1.153576 7.512115 1.063415
v 1.148852 7.510114 1.059412
v 1.150481 7.510631 1.062064
v 1.165419 7.626590 1.055358
v 1.164650 7.623976 1.038253
v 1.163234 7.619998 1.050807
v 1.163463 7.620813 1.041428
v 1.161947 7.617020 1.047021
v 1.165416 7.639204 0.957507
v 1.161317 7.648071 1.052779
v 1.163479 7.644477 0.957659
v 1.162101 7.646916 0.957580
v 1.153099 7.655338 0.957650
v 1.151878 7.655957 0.957509
v 1.150626 7.656503 0.957509
v 1.130931 7.655447 0.957655
v 1.122727 7.648262 0.957819
v 1.126440 7.652336 0.957508
v 1.125431 7.651401 0.957508
v 1.118649 7.639433 0.957507
v 1.118348 7.638059 0.957507
v 1.119023 7.640788 0.957819
v 1.122707 7.616932 1.044535
v 1.121634 7.619118 1.043163
v 1.120692 7.621102 1.045581
v 1.120608 7.621250 1.051382
v 1.122633 7.616805 1.048934
v 1.119972 7.622872 1.037812
v 1.148313 7.607789 1.064096
v 1.137309 7.596390 1.063452
v 1.125079 7.606142 1.063779
v 1.127767 7.604294 1.063764
v 1.125843 7.602400 1.057184
v 1.126675 7.604558 1.053503
v 1.126172 7.605941 1.053835
v 1.125523 7.605122 1.056801
v 1.125264 7.608145 1.054962
v 1.124782 7.610780 1.053024
v 1.126475 7.609711 1.047338
v 1.134232 7.603591 1.041099
v 1.132763 7.606625 1.038743
v 1.133023 7.604987 1.040953
v 1.133709 7.601803 1.043173
v 1.131973 7.601267 1.045693
v 1.135454 7.601824 1.041435
v 1.132939 7.602897 1.043276
v 1.133047 7.603925 1.042158
v 1.130170 7.602119 1.047894
v 1.130512 7.603543 1.046378
v 1.130140 7.605292 1.045349
v 1.131507 7.603230 1.045028
v 1.131615 7.604769 1.043372
v 1.130752 7.608049 1.039375
v 1.131504 7.606544 1.041081
v 1.142837 7.604866 1.035338
v 1.142352 7.603691 1.036823
v 1.140761 7.604357 1.036225
v 1.140348 7.602293 1.038479
v 1.139155 7.604745 1.036126
v 1.139112 7.603384 1.037806
v 1.142308 7.601649 1.038720
v 1.143451 7.600921 1.039216
v 1.140312 7.600124 1.039989
v 1.138769 7.600207 1.040460
v 1.135269 7.603957 1.039601
v 1.136879 7.601593 1.040558
v 1.138329 7.601782 1.039578
v 1.137146 7.605066 1.036673
v 1.134904 7.605417 1.037982
v 1.136881 7.603669 1.038665
v 1.137836 7.603514 1.038260
v 1.149407 7.605068 1.037761
v 1.148567 7.605875 1.035916
v 1.148394 7.604174 1.038094
v 1.147008 7.605287 1.035888
v 1.147437 7.604561 1.037061
v 1.148550 7.600980 1.040869
v 1.149884 7.602083 1.041120
v 1.148419 7.602524 1.039709
v 1.150220 7.603982 1.039756
v 1.147382 7.603292 1.038419
v 1.145976 7.602308 1.038690
v 1.146122 7.600880 1.039765
v 1.145427 7.603664 1.037253
v 1.143878 7.605629 1.034261
v 1.145470 7.605031 1.035603
v 1.144384 7.602974 1.037728
v 1.155366 7.608050 1.042190
v 1.155187 7.606918 1.043617
v 1.156125 7.609318 1.041420
v 1.154138 7.607447 1.040626
v 1.154010 7.606039 1.042507
v 1.156978 7.604568 1.049295
v 1.155205 7.601776 1.047680
v 1.154516 7.603873 1.045417
v 1.154357 7.605037 1.044172
v 1.151139 7.602777 1.041741
v 1.151048 7.605231 1.039197
v 1.152912 7.602473 1.044034
v 1.152681 7.604031 1.042567
v 1.152508 7.605302 1.041005
v 1.151076 7.606164 1.037871
v 1.152743 7.606798 1.039208
v 1.158422 7.604923 1.052311
v 1.159636 7.603838 1.056135
v 1.159110 7.608042 1.051746
v 1.159444 7.605678 1.054700
v 1.158542 7.608578 1.049308
v 1.160586 7.610175 1.055727
v 1.159852 7.610364 1.051622
v 1.159500 7.609475 1.051429
v 1.160683 7.607258 1.063782
v 1.146865 7.590499 1.063507
v 1.146658 7.576627 1.063782
v 1.146621 7.565432 1.063851
v 1.155909 7.555510 1.063871
v 1.159022 7.581379 1.063718
v 1.138595 7.560428 1.063849
v 1.141430 7.570948 1.063834
v 1.130948 7.581784 1.063698
v 1.125877 7.582261 1.063665
v 1.125919 7.565243 1.063928
v 1.128514 7.567283 1.063911
v 1.127919 7.559971 1.063951
v 1.129576 7.573253 1.063844
v 1.125413 7.567600 1.060076
v 1.125523 7.575057 1.059535
v 1.125258 7.563686 1.061713
v 1.125385 7.556092 1.061786
v 1.125413 7.560121 1.060389
v 1.125241 7.569595 1.061053
v 1.125244 7.576725 1.060685
v 1.125155 7.584815 1.060737
v 1.125447 7.584217 1.059834
v 1.125486 7.588993 1.059631
v 1.132837 7.591056 1.046724
v 1.133680 7.588431 1.046066
v 1.132536 7.585366 1.047441
v 1.133492 7.583650 1.046555
v 1.132304 7.578464 1.047995
v 1.131744 7.588438 1.048207
v 1.131450 7.582021 1.048853
v 1.131186 7.573118 1.049395
v 1.130437 7.578533 1.050242
v 1.130008 7.591592 1.050478
v 1.130314 7.585218 1.050264
v 1.132011 7.563399 1.048640
v 1.133153 7.567194 1.047509
v 1.130998 7.563436 1.049713
v 1.129394 7.570548 1.051725
v 1.132132 7.570970 1.048393
v 1.130226 7.571099 1.050598
v 1.133311 7.576678 1.047070
v 1.127167 7.565495 1.055176
v 1.126998 7.583437 1.055977
v 1.127328 7.560754 1.054808
v 1.127942 7.578331 1.054092
v 1.128595 7.569468 1.052891
v 1.129296 7.578633 1.051867
v 1.128690 7.585040 1.052833
v 1.141981 7.589702 1.041906
v 1.143288 7.588689 1.041939
v 1.142080 7.584433 1.042343
v 1.143456 7.582504 1.042391
v 1.140736 7.586903 1.042358
v 1.140804 7.580923 1.042787
v 1.139472 7.588595 1.042551
v 1.139479 7.580798 1.043154
v 1.138235 7.588546 1.043018
v 1.138178 7.580674 1.043653
v 1.142419 7.567912 1.043196
v 1.144005 7.562558 1.043326
v 1.139629 7.562288 1.044015
v 1.138207 7.563876 1.044465
v 1.143810 7.569709 1.043043
v 1.142262 7.575303 1.042866
v 1.143652 7.575401 1.042783
v 1.140935 7.571421 1.043280
v 1.139544 7.571252 1.043662
v 1.138182 7.571165 1.044174
v 1.134319 7.567225 1.046567
v 1.134273 7.559083 1.046763
v 1.134386 7.572933 1.046315
v 1.135539 7.559189 1.045929
v 1.135555 7.567291 1.045717
v 1.135597 7.573003 1.045459
v 1.136865 7.559290 1.045201
v 1.136850 7.567370 1.044969
v 1.136864 7.573069 1.044710
v 1.134745 7.588456 1.045134
v 1.135865 7.588486 1.044313
v 1.137031 7.588517 1.043605
v 1.135684 7.580457 1.045021
v 1.136910 7.580555 1.044279
v 1.134511 7.580396 1.045872
v 1.151817 7.588925 1.045135
v 1.152877 7.588976 1.046063
v 1.152364 7.582569 1.045737
v 1.153468 7.582565 1.046689
v 1.153184 7.571310 1.046432
v 1.150388 7.592141 1.043903
v 1.150949 7.585880 1.044615
v 1.151454 7.578992 1.045140
v 1.149254 7.592126 1.043216
v 1.149761 7.585854 1.043894
v 1.150215 7.579009 1.044396
v 1.148085 7.592110 1.042647
v 1.148531 7.585839 1.043290
v 1.148933 7.579058 1.043768
v 1.154855 7.563858 1.047625
v 1.152071 7.569510 1.045646
v 1.150775 7.569581 1.044893
v 1.149335 7.571599 1.044165
v 1.154196 7.573312 1.047282
v 1.145357 7.566105 1.043277
v 1.145043 7.575450 1.042862
v 1.146730 7.567993 1.043430
v 1.147050 7.559788 1.043721
v 1.146426 7.575454 1.043093
v 1.148506 7.559800 1.044085
v 1.148141 7.567950 1.043812
v 1.147793 7.575434 1.043468
v 1.144571 7.588718 1.042010
v 1.145844 7.588741 1.042218
v 1.147103 7.588766 1.042557
v 1.144796 7.582536 1.042467
v 1.146127 7.582540 1.042689
v 1.147442 7.582548 1.043049
v 1.158185 7.592260 1.053625
v 1.158993 7.585830 1.054560
v 1.157476 7.592254 1.052338
v 1.158175 7.586446 1.053133
v 1.158978 7.577906 1.053630
v 1.157526 7.586358 1.052023
v 1.158332 7.578085 1.052591
v 1.156664 7.589511 1.050833
v 1.157149 7.582859 1.051164
v 1.161251 7.559852 1.055487
v 1.159476 7.564202 1.053019
v 1.158602 7.566244 1.051931
v 1.160633 7.567865 1.055315
v 1.157858 7.575168 1.051609
v 1.155420 7.571454 1.048423
v 1.156560 7.569638 1.049578
v 1.157146 7.573750 1.050537
v 1.153873 7.589073 1.047092
v 1.155669 7.589239 1.049353
v 1.154940 7.587952 1.048360
v 1.154499 7.582627 1.047735
v 1.155786 7.579060 1.049108
v 1.156343 7.582762 1.050002
v 1.162573 7.563501 1.060147
v 1.162208 7.570984 1.060276
v 1.162189 7.574152 1.060993
v 1.162913 7.558317 1.061387
v 1.160839 7.591323 1.059318
v 1.161613 7.580630 1.059972
v 1.161622 7.588538 1.061288
v 1.161822 7.581726 1.060921
v 1.161462 7.587064 1.060485
v 1.157767 7.561712 1.063926
v 1.153997 7.570477 1.063865
v 1.159698 7.573724 1.063852
v 1.161561 7.576875 1.063784
v 1.143538 7.555396 1.063777
v 1.144633 7.537701 1.063524
v 1.152756 7.546990 1.063726
v 1.145315 7.521648 1.063441
v 1.150792 7.522270 1.063490
v 1.150724 7.533320 1.063529
v 1.138299 7.533364 1.063539
v 1.139662 7.524174 1.063480
v 1.144873 7.532511 1.063477
v 1.139330 7.519145 1.063514
v 1.131847 7.552808 1.063862
v 1.127793 7.535326 1.063787
v 1.127073 7.530748 1.063766
v 1.129086 7.529559 1.063733
v 1.125725 7.542791 1.062236
v 1.126476 7.531351 1.059201
v 1.125515 7.551259 1.060559
v 1.133060 7.557736 1.047718
v 1.130834 7.553707 1.049875
v 1.130038 7.562817 1.050857
v 1.130050 7.546019 1.050766
v 1.129107 7.554261 1.052048
v 1.129228 7.545328 1.051896
v 1.132289 7.540631 1.048118
v 1.133669 7.538635 1.046805
v 1.131649 7.537047 1.048802
v 1.131152 7.541792 1.049381
v 1.130717 7.536473 1.050010
v 1.130302 7.540131 1.050466
v 1.131822 7.552876 1.048823
v 1.129515 7.538928 1.051632
v 1.133080 7.547203 1.047553
v 1.127440 7.536601 1.055462
v 1.127239 7.540179 1.055492
v 1.128228 7.533820 1.054281
v 1.127882 7.542637 1.054130
v 1.129056 7.535534 1.052595
v 1.128410 7.538517 1.053451
v 1.128512 7.543550 1.053035
v 1.127450 7.553372 1.054591
v 1.128364 7.554751 1.053123
v 1.127055 7.545633 1.055485
v 1.128099 7.548542 1.053574
v 1.142624 7.558046 1.043548
v 1.144262 7.553101 1.043581
v 1.141097 7.560791 1.043696
v 1.141253 7.550923 1.043874
v 1.139708 7.555342 1.044165
v 1.139793 7.549716 1.044186
v 1.138249 7.557891 1.044609
v 1.138295 7.552650 1.044648
v 1.142946 7.543639 1.043599
v 1.142806 7.550025 1.043675
v 1.138375 7.547128 1.044579
v 1.134353 7.545684 1.046540
v 1.134264 7.551544 1.046735
v 1.135635 7.546228 1.045765
v 1.136978 7.546722 1.045112
v 1.135547 7.551960 1.045926
v 1.136893 7.552330 1.045230
v 1.153850 7.560931 1.046744
v 1.155265 7.557436 1.047707
v 1.154220 7.554747 1.046774
v 1.154553 7.547791 1.046623
v 1.155746 7.549070 1.047620
v 1.152577 7.561073 1.045903
v 1.152985 7.553829 1.045950
v 1.151244 7.561191 1.045166
v 1.151562 7.555282 1.045239
v 1.149789 7.562682 1.044509
v 1.150152 7.555465 1.044640
v 1.154400 7.538889 1.045851
v 1.155533 7.537902 1.046588
v 1.153241 7.541491 1.045381
v 1.150513 7.541922 1.044300
v 1.151868 7.548487 1.045161
v 1.153278 7.546911 1.045775
v 1.150440 7.548786 1.044611
v 1.146039 7.544642 1.043606
v 1.145953 7.548234 1.043673
v 1.147489 7.548195 1.043857
v 1.147308 7.553310 1.043843
v 1.149060 7.542456 1.043951
v 1.148998 7.548033 1.044160
v 1.148805 7.553152 1.044180
v 1.145715 7.555559 1.043608
v 1.163375 7.543263 1.062375
v 1.156760 7.528275 1.063629
v 1.162100 7.539605 1.063821
v 1.156941 7.544896 1.048401
v 1.158004 7.543063 1.049418
v 1.158808 7.537585 1.050100
v 1.159611 7.536223 1.051225
v 1.156182 7.560505 1.048703
v 1.158158 7.560933 1.050937
v 1.157442 7.557446 1.049847
v 1.156674 7.552649 1.048710
v 1.158912 7.544819 1.050672
v 1.161718 7.553330 1.055696
v 1.162130 7.548365 1.056074
v 1.162450 7.542226 1.056410
v 1.160673 7.557806 1.054270
v 1.161506 7.543127 1.054598
v 1.159746 7.554631 1.052559
v 1.160039 7.545200 1.052276
v 1.160797 7.546238 1.053545
v 1.162192 7.534204 1.055933
v 1.162251 7.529306 1.056661
v 1.161407 7.537358 1.054286
v 1.160560 7.538371 1.052798
v 1.134341 7.514537 1.057653
v 1.132488 7.517334 1.056623
v 1.131674 7.519696 1.055467
v 1.131359 7.521457 1.054497
v 1.128519 7.524661 1.056574
v 1.129868 7.524814 1.054252
v 1.130577 7.522680 1.054591
v 1.131375 7.524856 1.052230
v 1.134750 7.517159 1.055026
v 1.133359 7.519029 1.054513
v 1.128859 7.528016 1.054444
v 1.128697 7.530429 1.054004
v 1.129740 7.532085 1.051894
v 1.130132 7.534383 1.050970
v 1.130407 7.529693 1.051374
v 1.131300 7.532990 1.049460
v 1.132889 7.536538 1.047470
v 1.134803 7.534969 1.045798
v 1.134132 7.533339 1.046343
v 1.132611 7.532984 1.047860
v 1.131616 7.530444 1.049484
v 1.130822 7.527770 1.051429
v 1.134940 7.538710 1.045876
v 1.137465 7.539959 1.044637
v 1.138896 7.540380 1.044159
v 1.136174 7.539317 1.045191
v 1.144430 7.545949 1.043593
v 1.145321 7.542136 1.043448
v 1.141421 7.543931 1.043775
v 1.139942 7.543634 1.044047
v 1.142565 7.538634 1.043266
v 1.140593 7.538051 1.043546
v 1.151908 7.541236 1.044748
v 1.153987 7.535434 1.045277
v 1.152828 7.538103 1.044883
v 1.151440 7.536902 1.044177
v 1.145346 7.538670 1.043162
v 1.147574 7.542191 1.043674
v 1.157789 7.537604 1.048809
v 1.157372 7.533827 1.048208
v 1.158981 7.533264 1.050365
v 1.156552 7.536788 1.047421
v 1.161398 7.528204 1.055252
v 1.161151 7.531469 1.054084
v 1.160516 7.528063 1.053706
v 1.160080 7.530324 1.052421
v 1.160109 7.533301 1.052086
v 1.157577 7.529019 1.049297
v 1.159434 7.527433 1.052280
v 1.159061 7.530328 1.050838
v 1.158024 7.531163 1.049274
v 1.155144 7.534095 1.046063
v 1.161512 7.526310 1.056121
v 1.160593 7.525601 1.054809
v 1.160234 7.523400 1.055377
v 1.159414 7.521221 1.055647
v 1.156335 7.517906 1.055230
v 1.159634 7.519320 1.057281
v 1.154765 7.519066 1.053268
v 1.156617 7.520324 1.053614
v 1.157634 7.522435 1.052953
v 1.158184 7.519907 1.055274
v 1.159048 7.524876 1.052953
v 1.159221 7.523482 1.053988
v 1.152148 7.513173 1.056627
v 1.154256 7.515794 1.055522
v 1.145447 7.511179 1.056656
v 1.147005 7.511324 1.056658
v 1.148542 7.511671 1.056650
v 1.147421 7.513337 1.054788
v 1.149887 7.512704 1.056050
v 1.152255 7.516170 1.054128
v 1.143176 7.511351 1.056628
v 1.140803 7.511945 1.056656
v 1.139326 7.512530 1.056643
v 1.136431 7.515381 1.055478
v 1.137366 7.513457 1.056692
v 1.138612 7.516046 1.053842
v 1.140630 7.513993 1.054794
v 1.143387 7.513237 1.054784
v 1.145864 7.594932 1.063411
v 1.152192 7.598165 1.063510
v 1.145511 7.596439 1.063450
v 1.133764 7.595146 1.063397
v 1.137610 7.607820 1.064119
v 1.131476 7.602793 1.063758
v 1.126030 7.595355 1.063364
v 1.125326 7.593904 1.063360
v 1.131595 7.592978 1.063431
v 1.126951 7.613267 1.064140
v 1.125924 7.598025 1.058064
v 1.125337 7.594090 1.059780
v 1.125867 7.600479 1.057779
v 1.122485 7.616903 1.052857
v 1.123866 7.613508 1.052327
v 1.124308 7.613013 1.049919
v 1.124547 7.612927 1.047936
v 1.123617 7.613382 1.056074
v 1.133455 7.600078 1.044443
v 1.135206 7.599796 1.042846
v 1.134035 7.597689 1.044600
v 1.132614 7.597770 1.046166
v 1.131293 7.598772 1.047644
v 1.133922 7.592564 1.045449
v 1.131027 7.590700 1.049044
v 1.132567 7.593297 1.046791
v 1.130957 7.596704 1.048497
v 1.128465 7.592028 1.053056
v 1.128985 7.596744 1.051697
v 1.129954 7.600738 1.048993
v 1.130590 7.599280 1.048520
v 1.128359 7.610569 1.038077
v 1.129539 7.610424 1.033438
v 1.130138 7.608872 1.038575
v 1.125172 7.614814 1.022402
v 1.124943 7.614825 1.028571
v 1.124051 7.615998 1.024180
v 1.126191 7.613851 1.021286
v 1.126230 7.613649 1.026428
v 1.127211 7.612975 1.020479
v 1.128245 7.612174 1.019907
v 1.128112 7.612127 1.024659
v 1.125872 7.613713 1.031151
v 1.127612 7.612317 1.029043
v 1.129738 7.610687 1.029848
v 1.127738 7.611953 1.032286
v 1.126996 7.612257 1.035271
v 1.131245 7.610183 1.021953
v 1.132959 7.609205 1.025304
v 1.131503 7.609805 1.027069
v 1.131827 7.609420 1.029896
v 1.129874 7.611053 1.019326
v 1.129752 7.610918 1.026135
v 1.132540 7.607984 1.035843
v 1.130757 7.609003 1.036468
v 1.132312 7.608777 1.033069
v 1.129992 7.609813 1.035261
v 1.142433 7.599384 1.040065
v 1.143779 7.599101 1.040237
v 1.140250 7.598559 1.040713
v 1.141306 7.597547 1.040802
v 1.138658 7.598610 1.041231
v 1.140723 7.591036 1.041969
v 1.138891 7.592031 1.042354
v 1.141937 7.592907 1.041543
v 1.143161 7.592931 1.041478
v 1.141904 7.596940 1.040871
v 1.143053 7.596965 1.040812
v 1.140727 7.594052 1.041551
v 1.139644 7.596287 1.041460
v 1.138517 7.596344 1.041853
v 1.134959 7.592630 1.044539
v 1.135406 7.597566 1.043439
v 1.136045 7.592699 1.043740
v 1.136423 7.597514 1.042727
v 1.137140 7.591998 1.043169
v 1.137416 7.596421 1.042356
v 1.137181 7.599918 1.041397
v 1.137608 7.598669 1.041697
v 1.134473 7.606769 1.035970
v 1.134374 7.607753 1.033157
v 1.135090 7.607078 1.034480
v 1.136862 7.606193 1.034967
v 1.136491 7.607115 1.032651
v 1.136317 7.607460 1.031092
v 1.138967 7.605817 1.034514
v 1.138283 7.606383 1.033530
v 1.134620 7.608635 1.023040
v 1.135694 7.608439 1.018652
v 1.137132 7.607988 1.021401
v 1.134799 7.608393 1.026487
v 1.137181 7.607728 1.026248
v 1.133998 7.608337 1.030615
v 1.136730 7.607599 1.028973
v 1.141463 7.607282 1.024711
v 1.141419 7.607579 1.016652
v 1.142730 7.607571 1.016674
v 1.142181 7.606820 1.029832
v 1.139581 7.607505 1.022739
v 1.139526 7.607661 1.018494
v 1.139649 7.607313 1.026114
v 1.139736 7.607084 1.028733
v 1.139229 7.606874 1.030772
v 1.141157 7.605618 1.034273
v 1.141095 7.606082 1.033264
v 1.142229 7.606388 1.032132
v 1.139318 7.606566 1.032270
v 1.149749 7.600006 1.042146
v 1.151393 7.601148 1.043030
v 1.148396 7.598929 1.041705
v 1.146706 7.599619 1.040661
v 1.147505 7.597672 1.041617
v 1.151358 7.593012 1.044533
v 1.152821 7.593016 1.045840
v 1.150155 7.597809 1.043071
v 1.152260 7.598015 1.044865
v 1.148675 7.597237 1.042247
v 1.144385 7.592957 1.041544
v 1.144755 7.597031 1.040925
v 1.145601 7.592976 1.041738
v 1.146805 7.592992 1.042057
v 1.144730 7.598557 1.040536
v 1.146406 7.597597 1.041227
v 1.143920 7.606102 1.033237
v 1.144500 7.606644 1.031620
v 1.147294 7.606471 1.033930
v 1.146174 7.606596 1.032873
v 1.146361 7.607058 1.030766
v 1.144038 7.607639 1.016699
v 1.143407 7.607383 1.022704
v 1.145306 7.607653 1.021008
v 1.147287 7.608079 1.018509
v 1.147209 7.607911 1.022775
v 1.143399 7.607196 1.026062
v 1.146520 7.607567 1.026139
v 1.145226 7.607133 1.028711
v 1.148258 7.607874 1.027848
v 1.151463 7.609389 1.021344
v 1.152768 7.610134 1.017047
v 1.152531 7.609815 1.023232
v 1.151809 7.609275 1.026624
v 1.151457 7.608763 1.030639
v 1.149661 7.608603 1.022915
v 1.150396 7.609077 1.016891
v 1.150081 7.608574 1.026411
v 1.149383 7.608103 1.029021
v 1.148618 7.607453 1.031897
v 1.149166 7.608651 1.016775
v 1.149393 7.607027 1.034391
v 1.150658 7.607974 1.033000
v 1.156104 7.599454 1.049794
v 1.156224 7.593068 1.050251
v 1.156599 7.596845 1.050826
v 1.155854 7.598108 1.049558
v 1.154660 7.593000 1.047992
v 1.154177 7.597619 1.047150
v 1.151277 7.599307 1.043625
v 1.153274 7.600716 1.045368
v 1.154591 7.599961 1.047375
v 1.151159 7.607166 1.036145
v 1.151985 7.608149 1.034878
v 1.153421 7.609448 1.033198
v 1.153413 7.608494 1.036892
v 1.155690 7.611333 1.030871
v 1.154837 7.609033 1.038732
v 1.153897 7.610756 1.017185
v 1.154779 7.611185 1.021891
v 1.155814 7.611901 1.022186
v 1.156814 7.612669 1.022630
v 1.153471 7.610226 1.025538
v 1.153766 7.610180 1.028773
v 1.154735 7.610748 1.029499
v 1.159231 7.614700 1.028374
v 1.160028 7.615849 1.020707
v 1.160954 7.616896 1.024180
v 1.159863 7.615274 1.030191
v 1.157639 7.612657 1.033809
v 1.159064 7.614821 1.019505
v 1.158282 7.613763 1.027935
v 1.157613 7.613265 1.025013
v 1.158081 7.613873 1.018652
v 1.156934 7.612380 1.030358
v 1.157035 7.610574 1.040816
v 1.156281 7.610798 1.037337
v 1.155647 7.610816 1.034577
v 1.160939 7.594800 1.059889
v 1.160407 7.598442 1.058848
v 1.159300 7.600502 1.055962
v 1.160648 7.600208 1.059648
v 1.161018 7.615056 1.046042
v 1.162279 7.617256 1.053823
v 1.161531 7.614596 1.055018
v 1.161468 7.615407 1.050110
v 1.160333 7.611966 1.051215
v 1.160896 7.612383 1.054355
v 1.160850 7.613645 1.050530
v 1.159327 7.611358 1.047209
v 1.160524 7.594673 1.063379
v 1.156833 7.595776 1.063378
v 1.158357 7.602484 1.063649
v 1.160972 7.596392 1.063351
v 1.158167 7.608215 1.063907
v 1.156347 7.514059 1.063463
v 1.157568 7.515145 1.063575
v 1.155013 7.513049 1.063447
v 1.145490 7.509618 1.062119
v 1.148854 7.510133 1.063384
v 1.150389 7.510625 1.063456
v 1.147180 7.509767 1.062436
v 1.148849 7.510111 1.062447
v 1.147184 7.509769 1.059399
v 1.147064 7.510053 1.058282
v 1.145501 7.509675 1.058890
v 1.148700 7.510387 1.058291
v 1.150486 7.510696 1.058928
v 1.151996 7.511485 1.058645
v 1.144629 7.510253 1.057757
v 1.150943 7.511505 1.057800
v 1.155714 7.514721 1.057493
v 1.156234 7.514215 1.058711
v 1.157580 7.515170 1.059171
v 1.153980 7.513330 1.057588
v 1.154196 7.512704 1.058679
v 1.156351 7.514056 1.059538
v 1.155014 7.513039 1.059514
v 1.152797 7.511670 1.059398
v 1.163070 7.529219 1.063017
v 1.162771 7.526546 1.063028
v 1.161856 7.522192 1.063045
v 1.159640 7.517517 1.062874
v 1.160496 7.518880 1.063052
v 1.158625 7.516320 1.059072
v 1.160118 7.518209 1.059520
v 1.159966 7.518321 1.058733
v 1.161234 7.520429 1.059458
v 1.157499 7.516371 1.057462
v 1.158841 7.518032 1.057387
v 1.162276 7.526628 1.057587
v 1.162733 7.526561 1.059047
v 1.161452 7.524254 1.056895
v 1.160995 7.521304 1.057793
v 1.161883 7.523270 1.058331
v 1.163033 7.529278 1.058970
v 1.162116 7.523133 1.059301
v 1.165040 7.625175 1.058357
v 1.164481 7.623389 1.060079
v 1.164531 7.623545 1.051639
v 1.164434 7.623377 1.063559
v 1.165728 7.628006 1.060701
v 1.162493 7.617589 1.062502
v 1.163203 7.619802 1.062044
v 1.162925 7.618891 1.060067
v 1.161823 7.617050 1.043890
v 1.162406 7.618684 1.037593
v 1.163495 7.621073 1.034268
v 1.164187 7.622626 1.043944
v 1.161983 7.618482 1.022585
v 1.160876 7.616521 1.030409
v 1.162782 7.619876 1.021635
v 1.162569 7.619354 1.028107
v 1.163472 7.621207 1.023943
v 1.164082 7.622579 1.022916
v 1.164136 7.622631 1.032357
v 1.161401 7.617173 1.032629
v 1.163382 7.620912 1.030663
v 1.164596 7.623898 1.024941
v 1.165717 7.637826 1.055792
v 1.165944 7.636434 1.055792
v 1.166096 7.635030 1.055792
v 1.166169 7.633620 1.061193
v 1.165921 7.636438 1.063065
v 1.166073 7.635035 1.063062
v 1.165412 7.639204 1.060361
v 1.166032 7.630105 1.062172
v 1.166171 7.632208 1.061191
v 1.165953 7.629396 1.057240
v 1.165718 7.637826 0.957819
v 1.166097 7.635030 0.957508
v 1.160472 7.649179 1.053656
v 1.162101 7.646916 1.054113
v 1.162822 7.645716 1.055792
v 1.163478 7.644477 1.055792
v 1.160450 7.649175 1.063578
v 1.161304 7.648069 1.062686
v 1.162089 7.646913 1.062684
v 1.163455 7.644473 1.063066
v 1.165038 7.640561 1.059837
v 1.164055 7.643202 1.062690
v 1.164068 7.643203 1.054113
v 1.164588 7.641896 1.055792
v 1.153096 7.655334 1.060494
v 1.154284 7.654648 1.053923
v 1.155431 7.653891 1.055151
v 1.156537 7.653068 1.048396
v 1.154269 7.654637 1.063220
v 1.155412 7.653879 1.063279
v 1.151878 7.655953 1.060285
v 1.159170 7.650660 1.061957
v 1.158609 7.651238 1.053402
v 1.157597 7.652183 1.054113
v 1.157596 7.652182 1.056511
v 1.159568 7.650236 1.055151
v 1.158607 7.651237 1.057471
v 1.157597 7.652183 0.957507
v 1.159568 7.650236 0.957658
v 1.154284 7.654648 0.957653
v 1.142689 7.658186 1.055792
v 1.141328 7.658169 1.063065
v 1.142681 7.658163 1.063059
v 1.144042 7.658096 1.060237
v 1.145388 7.657934 1.059761
v 1.146724 7.657690 1.059879
v 1.150626 7.656499 1.060161
v 1.148044 7.657369 1.056159
v 1.149348 7.656973 1.058991
v 1.149347 7.656974 0.957655
v 1.148044 7.657371 0.957660
v 1.130931 7.655447 1.054113
v 1.132151 7.656053 1.056511
v 1.130931 7.655430 1.063170
v 1.133402 7.656586 1.054279
v 1.135983 7.657424 1.060520
v 1.132153 7.656027 1.063341
v 1.134682 7.657042 1.060386
v 1.139983 7.658113 1.061364
v 1.137297 7.657702 1.063476
v 1.139983 7.658121 1.054113
v 1.138638 7.657963 1.061185
v 1.137302 7.657737 1.058164
v 1.123573 7.649360 1.060779
v 1.122731 7.648257 1.061201
v 1.125430 7.651401 1.054113
v 1.126440 7.652336 1.053402
v 1.124476 7.650403 1.061205
v 1.125864 7.651821 1.060950
v 1.129747 7.654770 1.054113
v 1.128601 7.654024 1.054113
v 1.127498 7.653212 1.054113
v 1.129748 7.654754 1.063172
v 1.128604 7.654007 1.063170
v 1.127503 7.653196 1.063169
v 1.129747 7.654770 0.957654
v 1.128601 7.654024 0.957819
v 1.124473 7.650408 0.957819
v 1.118654 7.639431 1.061192
v 1.118353 7.638058 1.061183
v 1.119028 7.640786 1.061191
v 1.119475 7.642115 1.061189
v 1.119992 7.643416 1.061204
v 1.121946 7.647116 0.957919
v 1.121231 7.645918 1.061195
v 1.120578 7.644685 1.061219
v 1.121951 7.647110 1.061338
v 1.121227 7.645922 0.957819
v 1.118359 7.628240 0.957508
v 1.118661 7.626861 1.054113
v 1.118366 7.628239 1.061343
v 1.118132 7.629633 0.957939
v 1.118139 7.629632 1.061351
v 1.117979 7.631037 0.957509
v 1.117987 7.631034 1.061349
v 1.117902 7.632446 0.957509
v 1.117909 7.632444 1.061345
v 1.118129 7.636667 1.061207
v 1.117901 7.633859 0.957884
v 1.117908 7.633856 1.061353
v 1.117980 7.635265 1.061214
v 1.118661 7.626861 0.957819
v 1.120771 7.620798 1.058366
v 1.122301 7.617303 1.063005
v 1.119486 7.624158 1.061450
v 1.119982 7.622779 1.058889
v 1.119045 7.625500 1.061175
v 1.120524 7.621623 1.033659
v 1.120014 7.622849 1.018016
v 1.120618 7.621539 1.013105
v 1.119479 7.624169 1.039214
v 1.119038 7.625503 1.039392
v 1.122803 7.617640 1.027124
v 1.123571 7.616435 1.029597
v 1.123130 7.616798 1.035264
v 1.121955 7.618953 1.028523
v 1.122072 7.618883 1.019935
v 1.121273 7.620223 1.024806
v 1.121102 7.620354 1.036628
v 1.122260 7.618029 1.039743
v 1.122078 7.618554 1.034497
v 1.129989 7.518140 1.063559
v 1.126861 7.528332 1.063559
v 1.127292 7.525683 1.063404
v 1.127822 7.523378 1.063417
v 1.128443 7.521379 1.059681
v 1.126840 7.528338 1.062587
v 1.127289 7.525674 1.059458
v 1.126841 7.528327 1.059400
v 1.127052 7.528389 1.058289
v 1.127845 7.523366 1.059281
v 1.128541 7.521410 1.058931
v 1.129189 7.519648 1.059351
v 1.127588 7.525675 1.058101
v 1.127763 7.528772 1.056324
v 1.129073 7.521491 1.057576
v 1.129647 7.519799 1.057934
v 1.128179 7.523452 1.058035
v 1.132737 7.515622 1.058029
v 1.131993 7.515647 1.059218
v 1.133767 7.514033 1.059192
v 1.130708 7.517779 1.058203
v 1.130416 7.517486 1.059373
v 1.143799 7.509698 1.063368
v 1.138835 7.510985 1.063395
v 1.135794 7.512569 1.063436
v 1.137276 7.511719 1.063415
v 1.136703 7.512633 1.058015
v 1.138929 7.511518 1.057995
v 1.135818 7.512598 1.059154
v 1.137295 7.511750 1.059127
v 1.138850 7.511017 1.059102
v 1.142124 7.510471 1.057969
v 1.142117 7.509950 1.059169
v 1.140505 7.510916 1.057983
v 1.140463 7.510422 1.059076
v 1.143807 7.509692 1.059025
v 1.124630 7.603502 1.060978
v 1.124298 7.608621 1.059314
v 1.124420 7.606441 1.060406
v 1.125785 7.610152 1.049049
v 1.126314 7.608123 1.050770
v 1.127585 7.607623 1.047796
v 1.127162 7.605474 1.051419
v 1.128179 7.605895 1.048577
v 1.129220 7.608119 1.042843
v 1.129536 7.607031 1.044164
v 1.127213 7.610332 1.043197
v 1.127733 7.608264 1.046378
v 1.129091 7.603365 1.048975
v 1.128115 7.601489 1.051981
v 1.127394 7.602069 1.053185
v 1.129182 7.604260 1.048118
v 1.127810 7.604136 1.050982
v 1.157922 7.606754 1.049633
v 1.156190 7.605806 1.046876
v 1.158317 7.609737 1.046830
v 1.156665 7.608695 1.044166
v 1.157067 7.607971 1.046236
v 1.160748 7.609222 1.057565
v 1.161046 7.608078 1.059807
v 1.159958 7.607637 1.055163
v 1.161697 7.608848 1.063073
v 1.161317 7.604942 1.061836
v 1.160283 7.602965 1.058448
v 1.160518 7.606213 1.058332
v 1.125057 7.573759 1.062093
v 1.124846 7.582825 1.063143
v 1.124755 7.588787 1.062577
v 1.124964 7.584850 1.061489
v 1.125016 7.579389 1.061673
v 1.125823 7.583338 1.058735
v 1.128131 7.588643 1.053804
v 1.126258 7.584955 1.057605
v 1.125810 7.565819 1.057991
v 1.125865 7.570591 1.058038
v 1.126285 7.566302 1.056893
v 1.125610 7.558400 1.058501
v 1.125603 7.567241 1.058819
v 1.162570 7.560719 1.058713
v 1.162174 7.566906 1.058652
v 1.161775 7.575235 1.059363
v 1.161724 7.572664 1.058435
v 1.161513 7.563545 1.056420
v 1.159944 7.582723 1.056001
v 1.162184 7.561464 1.057617
v 1.161750 7.566947 1.057428
v 1.159619 7.589560 1.056201
v 1.160842 7.584613 1.058308
v 1.160780 7.581082 1.057520
v 1.160964 7.586018 1.058935
v 1.159920 7.592178 1.057120
v 1.161824 7.587172 1.062157
v 1.162242 7.575818 1.061823
v 1.161987 7.584584 1.063136
v 1.161957 7.584882 1.062645
v 1.162378 7.573828 1.063205
v 1.162594 7.567453 1.062174
v 1.126165 7.534837 1.062623
v 1.125949 7.538426 1.063573
v 1.126473 7.531383 1.062785
v 1.125383 7.555139 1.062955
v 1.125670 7.544618 1.063537
v 1.125548 7.548101 1.062057
v 1.125591 7.551248 1.058838
v 1.125662 7.546095 1.059212
v 1.125778 7.542353 1.059273
v 1.125893 7.542507 1.058428
v 1.126307 7.557398 1.056706
v 1.126494 7.551598 1.056391
v 1.126261 7.544753 1.057172
v 1.125855 7.553148 1.057794
v 1.125783 7.546577 1.058367
v 1.127297 7.532081 1.056496
v 1.126730 7.533072 1.057586
v 1.126213 7.534835 1.058837
v 1.126468 7.539011 1.057250
v 1.125952 7.538258 1.059363
v 1.126058 7.538580 1.058491
v 1.163265 7.532366 1.059045
v 1.163332 7.535863 1.058822
v 1.163396 7.539254 1.059182
v 1.163077 7.539917 1.057809
v 1.163355 7.542982 1.059263
v 1.163262 7.543343 1.058621
v 1.162724 7.532560 1.057294
v 1.162830 7.536123 1.057278
v 1.163000 7.543593 1.057754
v 1.162496 7.553611 1.057309
v 1.162716 7.556068 1.058270
v 1.162876 7.547686 1.057699
v 1.163083 7.549279 1.058532
v 1.163034 7.552662 1.059117
v 1.163255 7.546928 1.059209
v 1.163241 7.549439 1.061718
v 1.163367 7.541992 1.063678
v 1.163379 7.535746 1.062976
v 1.163409 7.539433 1.063002
v 1.163260 7.532279 1.062966
v 1.125286 7.598902 1.059739
v 1.124970 7.595768 1.060881
v 1.124627 7.595665 1.062362
v 1.124825 7.600563 1.061095
v 1.127134 7.599140 1.054865
v 1.128460 7.598588 1.052317
v 1.127184 7.596335 1.055159
v 1.126560 7.591352 1.056891
v 1.123175 7.616412 1.039984
v 1.124093 7.615288 1.036787
v 1.125297 7.613450 1.039313
v 1.124209 7.614115 1.044840
v 1.123996 7.614910 1.041618
v 1.124573 7.614974 1.032864
v 1.125744 7.613369 1.036105
v 1.128741 7.609306 1.041293
v 1.126765 7.611722 1.039798
v 1.125761 7.611396 1.045781
v 1.125440 7.612613 1.042950
v 1.124356 7.610262 1.057008
v 1.123706 7.611902 1.059369
v 1.122834 7.615467 1.059780
v 1.122819 7.615461 1.062692
v 1.122552 7.616513 1.055982
v 1.159131 7.597927 1.055655
v 1.158078 7.598063 1.053480
v 1.159076 7.593086 1.055375
v 1.157639 7.602201 1.051832
v 1.158690 7.601712 1.054221
v 1.158058 7.600138 1.053186
v 1.161340 7.602059 1.062141
v 1.161527 7.598748 1.062731
v 1.161653 7.593428 1.062611
v 1.161440 7.594907 1.061667
v 1.161030 7.596689 1.060422
v 1.162060 7.616152 1.056957
v 1.161749 7.614158 1.059559
v 1.162027 7.615298 1.062086
v 1.162230 7.616433 1.060376
v 1.161124 7.611564 1.057690
v 1.161473 7.611881 1.060206
v 1.160208 7.613184 1.046980
v 1.159029 7.612376 1.042867
v 1.157696 7.611773 1.039155
v 1.158188 7.610803 1.044174
v 1.158946 7.612988 1.040017
v 1.160001 7.614979 1.035677
v 1.161161 7.616450 1.037320
v 1.158764 7.613461 1.036152
v 1.160251 7.614494 1.041504
v 1.161187 7.616044 1.041632
v 1.142705 7.607880 1.064149
v 1.153229 7.610866 1.064150
v 1.165663 7.628585 1.064150
v 1.166027 7.633769 1.064132
v 1.157504 7.652036 1.064150
v 1.130298 7.654857 1.064150
v 1.123489 7.649042 1.064150
v 1.118435 7.637958 1.064131
v 1.118032 7.633697 1.064150
v 1.118366 7.629000 1.064140
v 1.120194 7.622731 1.064149
v 1.123943 7.615766 1.064133
v 1.133089 7.609939 1.064150
v 1.135447 7.519364 1.052837
v 1.133280 7.522959 1.051603
v 1.134157 7.521395 1.052090
v 1.132805 7.525364 1.050427
v 1.133194 7.526863 1.049482
v 1.133770 7.523640 1.051118
v 1.133331 7.524882 1.050426
v 1.133762 7.523141 1.051207
v 1.136032 7.519629 1.052479
v 1.132693 7.528481 1.048906
v 1.133006 7.527419 1.049177
v 1.135072 7.533691 1.045679
v 1.134280 7.532266 1.046481
v 1.133278 7.531048 1.047473
v 1.133711 7.530891 1.047243
v 1.136978 7.536416 1.044596
v 1.138344 7.536578 1.044073
v 1.135933 7.535396 1.045076
v 1.138276 7.536397 1.044177
v 1.143213 7.538137 1.043265
v 1.142097 7.537818 1.043448
v 1.140846 7.537458 1.043633
v 1.136954 7.535503 1.044667
v 1.147321 7.538267 1.043318
v 1.149515 7.538258 1.043691
v 1.153883 7.534625 1.045411
v 1.149166 7.537589 1.043654
v 1.156218 7.532179 1.047099
v 1.157781 7.527043 1.050380
v 1.156761 7.526476 1.050057
v 1.156629 7.529593 1.048275
v 1.154628 7.533776 1.045903
v 1.155250 7.532871 1.046423
v 1.155966 7.531475 1.047218
v 1.157269 7.525156 1.050891
v 1.156709 7.523201 1.051632
v 1.155212 7.520914 1.052239
v 1.155118 7.521204 1.052221
v 1.156286 7.523099 1.051450
v 1.156995 7.527090 1.049634
v 1.156649 7.525035 1.050590
v 1.156273 7.523705 1.051349
v 1.151616 7.516929 1.053287
v 1.150520 7.515675 1.053755
v 1.145399 7.514018 1.053956
v 1.148469 7.515250 1.053468
v 1.144793 7.514798 1.053536
v 1.146624 7.514855 1.053447
v 1.147787 7.515399 1.053605
v 1.148973 7.515880 1.053537
v 1.151220 7.516931 1.053218
v 1.150644 7.516816 1.053389
v 1.154649 7.520020 1.052547
v 1.152196 7.518017 1.053164
v 1.141173 7.515589 1.053351
v 1.136865 7.518277 1.052931
v 1.139229 7.516621 1.053201
v 1.137291 7.518358 1.052835
v 1.144172 7.514639 1.053538
v 1.142845 7.515186 1.053507
v 1.142959 7.514845 1.053527
v 1.141630 7.515715 1.053535
v 1.134832 7.521220 1.051960
v 1.134321 7.522336 1.051750
v 1.133427 7.524947 1.050529
v 1.133355 7.526320 1.050591
v 1.133237 7.527958 1.048935
v 1.133363 7.529289 1.048120
v 1.136116 7.534696 1.045362
v 1.135041 7.533349 1.045972
v 1.134491 7.532486 1.046596
v 1.133817 7.530967 1.047523
v 1.133347 7.528666 1.049401
v 1.133507 7.529848 1.048737
v 1.138008 7.536194 1.044537
v 1.139688 7.537078 1.044058
v 1.144076 7.538221 1.043475
v 1.147277 7.537987 1.043478
v 1.149167 7.537552 1.043923
v 1.152484 7.535824 1.044628
v 1.151506 7.536459 1.044435
v 1.145745 7.538154 1.043346
v 1.156514 7.529595 1.048530
v 1.156731 7.527981 1.049288
v 1.155499 7.522539 1.052458
v 1.153123 7.518817 1.052922
v 1.138824 7.517289 1.053247
v 1.161723 7.616366 1.064034
v 1.162359 7.618697 1.064123
v 1.162355 7.617821 1.063713
v 1.162454 7.618412 1.063943
v 1.162078 7.616045 1.063511
v 1.122618 7.616935 1.063780
v 1.123007 7.616321 1.064009
v 1.123339 7.616157 1.064109
v 1.164233 7.623017 1.064110
v 1.163049 7.619579 1.063315
v 1.165316 7.626305 1.063729
v 1.165307 7.626604 1.064136
v 1.165806 7.628736 1.063875
v 1.166033 7.630881 1.064084
v 1.166135 7.632948 1.063875
v 1.165683 7.637836 1.063683
v 1.165354 7.638847 1.064147
v 1.165841 7.636474 1.064085
v 1.165996 7.635077 1.064085
v 1.165181 7.639905 1.063958
v 1.164536 7.641627 1.064135
v 1.163915 7.643304 1.064099
v 1.163392 7.644431 1.064020
v 1.164553 7.641901 1.063683
v 1.162786 7.645715 1.063684
v 1.161475 7.647676 1.064138
v 1.163125 7.644898 1.064134
v 1.157748 7.652010 1.063751
v 1.156520 7.653059 1.063547
v 1.159455 7.650240 1.064117
v 1.152447 7.655640 1.063638
v 1.153602 7.654944 1.064073
v 1.152068 7.655717 1.064146
v 1.155574 7.653638 1.064128
v 1.149302 7.656878 1.064137
v 1.148574 7.657186 1.063752
v 1.146679 7.657640 1.063958
v 1.150600 7.656465 1.063633
v 1.143113 7.658078 1.064062
v 1.141215 7.658076 1.064140
v 1.144685 7.657995 1.063637
v 1.145116 7.657832 1.064149
v 1.139283 7.658000 1.063876
v 1.137427 7.657619 1.064150
v 1.135298 7.657181 1.064034
v 1.133401 7.656567 1.063223
v 1.132729 7.656185 1.064122
v 1.130337 7.655007 1.064073
v 1.128086 7.653513 1.064126
v 1.126673 7.652386 1.064146
v 1.123156 7.648754 1.063875
v 1.124502 7.650351 1.063874
v 1.126193 7.652075 1.063724
v 1.121922 7.646938 1.064073
v 1.120921 7.645257 1.063876
v 1.120032 7.643318 1.064113
v 1.118410 7.637993 1.064052
v 1.119121 7.640599 1.064138
v 1.118701 7.639398 1.063875
v 1.119272 7.641403 1.063875
v 1.118179 7.636639 1.063875
v 1.118031 7.635241 1.063874
v 1.117942 7.633119 1.063875
v 1.118056 7.630987 1.064052
v 1.118291 7.628904 1.063874
v 1.118681 7.626856 1.063551
v 1.119259 7.625025 1.064073
v 1.121782 7.618460 1.062594
v 1.120167 7.622450 1.063954
v 1.121392 7.619834 1.064068
v 1.156664 7.514646 1.063632
v 1.154285 7.512701 1.063532
v 1.152061 7.511308 1.063450
v 1.152266 7.513543 1.063596
v 1.151484 7.511513 1.063561
v 1.147185 7.509787 1.063374
v 1.145495 7.509637 1.063370
v 1.146437 7.509836 1.063478
v 1.142216 7.509944 1.063439
v 1.143269 7.510214 1.063527
v 1.140438 7.510394 1.063446
v 1.136850 7.512132 1.063561
v 1.145591 7.511787 1.063535
v 1.133618 7.520288 1.063642
v 1.136126 7.513485 1.063631
v 1.134404 7.513516 1.063455
v 1.133120 7.514543 1.063473
v 1.133094 7.514681 1.063608
v 1.131959 7.515629 1.063486
v 1.131763 7.516644 1.063707
v 1.130917 7.516815 1.063555
v 1.129139 7.520023 1.063694
v 1.129168 7.519649 1.063604
v 1.128367 7.523179 1.063745
v 1.127075 7.527790 1.063713
v 1.128456 7.521381 1.063564
v 1.127333 7.525826 1.063637
v 1.127859 7.523548 1.063640
v 1.162906 7.527856 1.063629
v 1.162362 7.524218 1.063635
v 1.161834 7.522363 1.063664
v 1.161225 7.520437 1.063514
v 1.162393 7.530425 1.063762
v 1.162473 7.527200 1.063751
v 1.160098 7.520406 1.063730
v 1.158665 7.516279 1.063589
v 1.160134 7.518254 1.063539
v 1.159634 7.517830 1.063674
v 1.160927 7.520006 1.063676
v 1.123856 7.612888 1.063990
v 1.123583 7.613223 1.063937
v 1.123246 7.613488 1.063525
v 1.123046 7.615115 1.063661
v 1.123677 7.610034 1.062249
v 1.123327 7.612696 1.062638
v 1.123424 7.613225 1.063815
v 1.123620 7.609856 1.063537
v 1.161935 7.614530 1.063240
v 1.161831 7.613916 1.063616
v 1.161661 7.611779 1.063739
v 1.161738 7.612741 1.061860
v 1.125098 7.581489 1.063619
v 1.125813 7.573280 1.063833
v 1.125310 7.572128 1.063807
v 1.124974 7.576654 1.063456
v 1.124724 7.588637 1.063229
v 1.124716 7.590613 1.063296
v 1.125025 7.578024 1.063621
v 1.125163 7.568120 1.063694
v 1.125187 7.570058 1.063755
v 1.125863 7.560665 1.063947
v 1.125378 7.566550 1.063867
v 1.125571 7.558074 1.063915
v 1.161836 7.588942 1.063256
v 1.162369 7.573248 1.063636
v 1.161988 7.581305 1.063601
v 1.161420 7.585792 1.063585
v 1.162159 7.559874 1.063955
v 1.162581 7.561893 1.063907
v 1.161907 7.566172 1.063929
v 1.162198 7.572236 1.063814
v 1.162989 7.556683 1.063626
v 1.162753 7.561706 1.063814
v 1.162352 7.571961 1.063738
v 1.126186 7.553513 1.063943
v 1.125556 7.552831 1.063856
v 1.125951 7.546982 1.063881
v 1.125931 7.542943 1.063823
v 1.125384 7.556093 1.063610
v 1.125505 7.550638 1.063689
v 1.125350 7.560033 1.063816
v 1.125670 7.546441 1.063751
v 1.126497 7.531373 1.063573
v 1.126616 7.531496 1.063732
v 1.126200 7.534750 1.063588
v 1.126267 7.535145 1.063733
v 1.125890 7.540636 1.063724
v 1.126328 7.548141 1.063906
v 1.162781 7.555284 1.063915
v 1.163235 7.548955 1.063671
v 1.163107 7.551637 1.063802
v 1.163214 7.544937 1.063810
v 1.162340 7.551744 1.063931
v 1.162862 7.548567 1.063892
v 1.162983 7.531340 1.063744
v 1.163186 7.537738 1.063779
v 1.163291 7.533765 1.063645
v 1.124102 7.606472 1.063696
v 1.123789 7.608628 1.063666
v 1.123705 7.608398 1.063271
v 1.124336 7.599895 1.063297
v 1.124400 7.600117 1.063417
v 1.124355 7.606309 1.063743
v 1.124874 7.595587 1.063324
v 1.124110 7.603932 1.062916
v 1.124516 7.595747 1.063058
v 1.124348 7.599387 1.063117
v 1.124585 7.594875 1.063198
v 1.124793 7.593802 1.063301
v 1.161051 7.617031 1.064147
v 1.161437 7.612640 1.063919
v 1.161442 7.602025 1.063478
v 1.161640 7.605776 1.063205
v 1.161627 7.606089 1.063448
v 1.161723 7.589373 1.063398
v 1.161308 7.595840 1.063293
v 1.161673 7.594291 1.063076
v 1.161575 7.599398 1.063140
v 1.161556 7.596197 1.063221
v 1.139967 7.527082 1.049943
v 1.144997 7.527258 1.049689
v 1.141659 7.529249 1.048782
v 1.144416 7.530004 1.048334
v 1.148927 7.537510 1.044676
v 1.147459 7.530666 1.048093
v 1.151975 7.535192 1.045998
v 1.149609 7.527559 1.049806
v 1.149197 7.525928 1.050511
v 1.151894 7.523136 1.051925
v 1.147743 7.521868 1.051946
v 1.147199 7.524514 1.050913
v 1.146083 7.517002 1.053634
v 1.142594 7.520049 1.052588
v 1.144647 7.522913 1.051441
v 1.139993 7.522963 1.051706
v 1.140874 7.525496 1.050615
v 1.137229 7.519031 1.053402
v 1.134615 7.522246 1.052408
v 1.136222 7.520215 1.053133
v 1.133712 7.526271 1.050684
v 1.133729 7.524539 1.051476
v 1.134699 7.522873 1.052212
v 1.135091 7.533707 1.046647
v 1.134044 7.531728 1.047767
v 1.133718 7.528801 1.049368
v 1.136993 7.535732 1.045474
v 1.139046 7.537054 1.044766
v 1.143986 7.538487 1.044029
v 1.141426 7.537995 1.044287
v 1.143074 7.537944 1.044348
v 1.138137 7.536204 1.045274
v 1.147175 7.538343 1.044156
v 1.153368 7.535492 1.045874
v 1.150248 7.537399 1.044710
v 1.155233 7.533029 1.047322
v 1.156613 7.527999 1.050085
v 1.156202 7.530958 1.048474
v 1.156033 7.529021 1.049530
v 1.156523 7.526412 1.050902
v 1.156334 7.524708 1.051648
v 1.155802 7.524203 1.051870
v 1.154236 7.520617 1.053135
v 1.154974 7.522233 1.052622
v 1.152304 7.518593 1.053613
v 1.149105 7.516429 1.053996
v 1.150128 7.518611 1.053366
v 1.143058 7.515611 1.054067
v 1.140471 7.516690 1.053885
v 1.145279 7.515407 1.054127
v 1.138785 7.517798 1.053699
v 1.141147 7.516764 1.053862
v 1.151915 7.609996 0.987684
v 1.153131 7.610599 0.987751
v 1.150666 7.609465 0.987543
v 1.149389 7.609006 0.987682
v 1.148090 7.608624 0.987678
v 1.151681 7.609673 1.013466
v 1.147964 7.608369 1.013299
v 1.151799 7.609841 1.005047
v 1.152999 7.610429 1.005100
v 1.150568 7.609324 1.004911
v 1.149309 7.608877 1.004835
v 1.148024 7.608502 1.004877
v 1.144075 7.607826 1.004827
v 1.142737 7.607754 1.004843
v 1.145379 7.607853 1.013252
v 1.145400 7.607974 1.004957
v 1.146679 7.608075 1.013270
v 1.146721 7.608201 1.004893
v 1.144095 7.607933 0.987667
v 1.142746 7.607860 0.987576
v 1.145438 7.608086 0.987717
v 1.146772 7.608315 0.987737
v 1.161345 7.617793 0.983994
v 1.160491 7.616678 0.987914
v 1.159585 7.615627 0.987934
v 1.158625 7.614635 0.988039
v 1.157615 7.613701 0.988010
v 1.157359 7.613361 1.009906
v 1.160361 7.616427 1.006545
v 1.161141 7.617339 1.014936
v 1.161290 7.617670 0.998810
v 1.159430 7.615370 1.006289
v 1.158454 7.614383 1.005942
v 1.154162 7.611086 1.005157
v 1.155223 7.611731 1.009306
v 1.156308 7.612514 1.009521
v 1.155457 7.612019 0.987845
v 1.154314 7.611276 0.987680
v 1.156559 7.612830 0.987768
v 1.165428 7.626632 0.957580
v 1.164074 7.622603 1.009561
v 1.165054 7.625278 1.027207
v 1.164603 7.623939 0.988594
v 1.161988 7.618590 1.014819
v 1.162087 7.618842 0.998801
v 1.162765 7.619919 1.012764
v 1.162844 7.620127 0.989289
v 1.163466 7.621274 1.009519
v 1.162136 7.618961 0.957556
v 1.163503 7.621376 0.957573
v 1.163503 7.621375 0.978838
v 1.162124 7.618933 0.985010
v 1.166103 7.630799 1.057220
v 1.165038 7.640562 0.957819
v 1.164068 7.643203 0.957581
v 1.155431 7.653891 0.957508
v 1.156537 7.653068 0.957656
v 1.133402 7.656586 0.957819
v 1.132151 7.656053 0.957655
v 1.134680 7.657045 0.957657
v 1.137302 7.657737 0.957650
v 1.123571 7.649360 0.957819
v 1.119987 7.643419 0.957819
v 1.120574 7.644689 0.957819
v 1.123619 7.616860 0.987886
v 1.121993 7.619110 0.997257
v 1.122907 7.617675 1.013318
v 1.123875 7.616358 1.016820
v 1.121273 7.620306 1.000406
v 1.122775 7.617961 0.992341
v 1.123732 7.616640 1.006760
v 1.119490 7.624164 1.014533
v 1.130978 7.610728 0.957252
v 1.130987 7.610718 0.983791
v 1.132218 7.610089 0.987916
v 1.131070 7.610621 0.998537
v 1.129802 7.611406 0.983937
v 1.129896 7.611299 0.998667
v 1.128657 7.612162 0.983679
v 1.128755 7.612047 0.998811
v 1.127552 7.612984 0.983885
v 1.127652 7.612861 0.998884
v 1.132570 7.609659 1.017013
v 1.131258 7.610403 1.011499
v 1.130109 7.611057 1.011616
v 1.128988 7.611779 1.011872
v 1.127897 7.612567 1.012224
v 1.132343 7.609933 1.005069
v 1.124803 7.615337 1.014381
v 1.124593 7.615684 0.999786
v 1.125793 7.614351 1.013484
v 1.125565 7.614680 0.999567
v 1.126832 7.613422 1.012758
v 1.126587 7.613739 0.999175
v 1.124515 7.615821 0.982523
v 1.125478 7.614813 0.984044
v 1.126491 7.613868 0.984202
v 1.141393 7.607867 0.987623
v 1.140042 7.607954 0.987653
v 1.138698 7.608119 0.987590
v 1.137364 7.608361 0.987687
v 1.140110 7.607725 1.013252
v 1.138159 7.607978 1.013301
v 1.141401 7.607762 1.004787
v 1.140064 7.607847 1.004842
v 1.138737 7.608010 1.004792
v 1.137418 7.608247 1.004886
v 1.133766 7.609155 1.016902
v 1.133575 7.609404 1.004944
v 1.134833 7.608945 1.004955
v 1.135587 7.608584 1.013402
v 1.136114 7.608559 1.004973
v 1.133468 7.609545 0.987823
v 1.134746 7.609075 0.987754
v 1.136045 7.608680 0.987807
v 1.161349 7.617804 0.957552
v 1.165051 7.625273 0.957575
v 1.162848 7.620141 0.957312
v 1.166174 7.633620 0.957819
v 1.166176 7.632208 0.957819
v 1.144041 7.658100 0.957658
v 1.117974 7.635266 0.957819
v 1.119038 7.625507 0.957505
v 1.137353 7.608375 0.957487
v 1.140034 7.607966 0.957319
v 1.138689 7.608131 0.957487
v 1.133451 7.609562 0.957641
v 1.136032 7.608695 0.957491
v 1.134730 7.609092 0.957379
v 1.151719 7.610029 0.957113
v 1.147432 7.608898 0.957011
v 1.148363 7.608839 0.957081
v 1.158201 7.614413 0.957100
v 1.159495 7.615853 0.957043
v 1.154691 7.611790 0.957033
v 1.155689 7.613398 0.956992
v 1.164021 7.623333 0.957033
v 1.162402 7.620518 0.956997
v 1.164803 7.640090 0.957026
v 1.165724 7.630317 0.957044
v 1.165801 7.633648 0.957029
v 1.164968 7.630469 0.956991
v 1.162213 7.644656 0.956991
v 1.161898 7.646468 0.957023
v 1.154786 7.653809 0.957005
v 1.148130 7.656146 0.956990
v 1.158101 7.651458 0.957074
v 1.144535 7.657688 0.957029
v 1.149956 7.656369 0.957029
v 1.135881 7.656730 0.957006
v 1.139407 7.657738 0.957039
v 1.122968 7.648170 0.957046
v 1.125777 7.651506 0.957103
v 1.127123 7.652120 0.957006
v 1.130931 7.654604 0.956994
v 1.121796 7.645463 0.956999
v 1.119828 7.640932 0.956995
v 1.118417 7.634865 0.957012
v 1.119462 7.626931 0.956992
v 1.123260 7.618453 0.956999
v 1.128216 7.614140 0.956988
v 1.131716 7.610640 0.957036
v 1.127970 7.613127 0.957030
v 1.136417 7.608995 0.957009
v 1.125420 7.615107 0.957088
v 1.141648 7.608465 0.956993
v 1.146029 7.515558 1.050621
v 1.144750 7.515505 1.050632
v 1.146003 7.515003 1.049373
v 1.147453 7.515237 1.049278
v 1.147840 7.515857 1.050500
v 1.149355 7.516405 1.050257
v 1.149370 7.515872 1.048998
v 1.150243 7.516852 1.050055
v 1.150258 7.516320 1.048795
v 1.151408 7.517605 1.049712
v 1.151559 7.517179 1.048403
v 1.152849 7.518933 1.049103
v 1.153228 7.518848 1.047635
v 1.153820 7.520281 1.048483
v 1.154111 7.520128 1.047045
v 1.154278 7.521016 1.048145
v 1.154687 7.521908 1.047735
v 1.154702 7.521376 1.046470
v 1.155008 7.522843 1.047305
v 1.155023 7.522311 1.046039
v 1.155250 7.523284 1.045592
v 1.155363 7.524821 1.046398
v 1.155378 7.524289 1.045130
v 1.155369 7.526416 1.045668
v 1.155379 7.525895 1.044394
v 1.155136 7.527348 1.043729
v 1.154840 7.528840 1.044562
v 1.154855 7.528308 1.043290
v 1.154468 7.529758 1.044143
v 1.154482 7.529226 1.042871
v 1.154009 7.530629 1.043746
v 1.154024 7.530097 1.042473
v 1.153469 7.531448 1.043373
v 1.153484 7.530916 1.042099
v 1.152622 7.532465 1.042909
v 1.152869 7.531679 1.041751
v 1.152169 7.532911 1.042706
v 1.152184 7.532379 1.041431
v 1.151420 7.533545 1.042416
v 1.150536 7.533648 1.040848
v 1.150261 7.534328 1.042055
v 1.149762 7.534060 1.040657
v 1.148442 7.535149 1.041673
v 1.148290 7.534672 1.040370
v 1.146901 7.535004 1.040208
v 1.145874 7.535132 1.040140
v 1.144806 7.535691 1.041395
v 1.144820 7.535159 1.040117
v 1.143755 7.535613 1.041418
v 1.143770 7.535081 1.040140
v 1.142335 7.535347 1.041520
v 1.142177 7.534767 1.040262
v 1.140821 7.534800 1.041745
v 1.140836 7.534268 1.040468
v 1.139933 7.534353 1.041933
v 1.139773 7.533710 1.040704
v 1.139097 7.533827 1.042158
v 1.139112 7.533295 1.040882
v 1.138321 7.533226 1.042416
v 1.138336 7.532694 1.041140
v 1.137227 7.531610 1.041612
v 1.136708 7.531510 1.043163
v 1.136406 7.530501 1.042099
v 1.135898 7.530189 1.043746
v 1.135913 7.529656 1.042473
v 1.135332 7.528914 1.044314
v 1.135291 7.528216 1.043116
v 1.134941 7.527389 1.045000
v 1.134956 7.526856 1.043729
v 1.134812 7.526384 1.045455
v 1.134827 7.525852 1.044185
v 1.134788 7.525352 1.045926
v 1.134870 7.524323 1.046398
v 1.134885 7.523790 1.045130
v 1.135054 7.523325 1.046859
v 1.135210 7.522228 1.045855
v 1.135335 7.522365 1.047305
v 1.135708 7.521447 1.047735
v 1.135723 7.520915 1.046470
v 1.136167 7.520576 1.048145
v 1.136182 7.520043 1.046881
v 1.136706 7.519756 1.048534
v 1.136721 7.519224 1.047270
v 1.137321 7.518994 1.048898
v 1.137723 7.518034 1.047840
v 1.138006 7.518293 1.049234
v 1.139238 7.516777 1.048451
v 1.139565 7.517098 1.049816
v 1.140429 7.516613 1.050055
v 1.140444 7.516081 1.048795
v 1.141732 7.516056 1.050334
v 1.141920 7.515467 1.049104
v 1.143290 7.515668 1.050537
v 1.143912 7.515037 1.049332
v 1.154593 7.522225 1.047587
v 1.154608 7.521692 1.046322
v 1.154166 7.521445 1.047944
v 1.154318 7.521015 1.046634
v 1.154289 7.522044 1.047668
v 1.154304 7.521512 1.046402
v 1.138834 7.533171 1.042446
v 1.138842 7.532842 1.041080
v 1.138849 7.532639 1.041170
v 1.138283 7.532328 1.041303
v 1.138825 7.533373 1.042356
v 1.138397 7.532681 1.042659
v 1.138415 7.532059 1.042937
v 1.138429 7.531527 1.041662
v 1.138412 7.532148 1.041384
v 1.138938 7.533005 1.042521
v 1.138953 7.532473 1.041245
v 1.139625 7.532649 1.042687
v 1.139512 7.532175 1.041384
v 1.139529 7.531553 1.041662
v 1.138973 7.531761 1.043076
v 1.138988 7.531229 1.041801
v 1.138188 7.532782 1.042612
v 1.138213 7.532144 1.041384
v 1.138216 7.532054 1.042937
v 1.137674 7.531730 1.043076
v 1.137102 7.532043 1.042929
v 1.137242 7.531284 1.041758
v 1.138061 7.532732 1.042633
v 1.138083 7.532206 1.041355
v 1.137811 7.530409 1.042156
v 1.137807 7.531121 1.041837
v 1.138320 7.531888 1.043012
v 1.138214 7.531429 1.041703
v 1.138878 7.531590 1.043151
v 1.138893 7.531058 1.041877
v 1.138896 7.530968 1.043429
v 1.138911 7.530436 1.042156
v 1.138369 7.530112 1.042295
v 1.140751 7.534320 1.041957
v 1.140758 7.534020 1.040577
v 1.140766 7.533788 1.040680
v 1.140210 7.533996 1.042094
v 1.139960 7.534129 1.042033
v 1.140889 7.534620 1.041825
v 1.140314 7.533830 1.042169
v 1.140332 7.533208 1.042446
v 1.140329 7.533298 1.040893
v 1.140977 7.534233 1.041998
v 1.140870 7.533622 1.040755
v 1.141414 7.533856 1.042169
v 1.141429 7.533324 1.040893
v 1.141445 7.533097 1.042507
v 1.140774 7.532830 1.042618
v 1.140115 7.533825 1.042169
v 1.139762 7.534013 1.042082
v 1.140131 7.533417 1.040838
v 1.140146 7.533065 1.042507
v 1.140272 7.532735 1.041143
v 1.139591 7.532878 1.042584
v 1.139606 7.532346 1.041309
v 1.139033 7.533176 1.042446
v 1.139048 7.532644 1.041170
v 1.139024 7.533515 1.042295
v 1.139038 7.532983 1.041019
v 1.139776 7.533481 1.040806
v 1.139585 7.532148 1.042909
v 1.139728 7.531558 1.041662
v 1.139711 7.532180 1.041384
v 1.140252 7.532504 1.041245
v 1.140816 7.532345 1.041322
v 1.140828 7.531585 1.041662
v 1.140272 7.531793 1.043076
v 1.140287 7.531260 1.041801
v 1.139077 7.531595 1.043151
v 1.139095 7.530973 1.043429
v 1.139109 7.530441 1.042156
v 1.139092 7.531063 1.041877
v 1.139618 7.531919 1.043012
v 1.139633 7.531387 1.041738
v 1.140192 7.531089 1.041877
v 1.140209 7.530468 1.042156
v 1.139653 7.530675 1.043569
v 1.139668 7.530143 1.042295
v 1.139775 7.529887 1.043924
v 1.139790 7.529355 1.042652
v 1.139772 7.529977 1.042371
v 1.140298 7.530833 1.043505
v 1.140313 7.530301 1.042232
v 1.140857 7.530536 1.043645
v 1.140874 7.529914 1.043924
v 1.141014 7.529446 1.042624
v 1.140333 7.529590 1.044064
v 1.140259 7.529025 1.042806
v 1.138445 7.530615 1.043583
v 1.138476 7.529855 1.043924
v 1.138491 7.529323 1.042652
v 1.138474 7.529945 1.042371
v 1.139000 7.530802 1.043505
v 1.139015 7.530270 1.042232
v 1.139686 7.530446 1.043672
v 1.139573 7.529972 1.042371
v 1.139576 7.529882 1.043924
v 1.139035 7.529558 1.044064
v 1.139050 7.529026 1.042792
v 1.139139 7.529391 1.044140
v 1.139156 7.528769 1.044421
v 1.139166 7.528099 1.043212
v 1.139154 7.528860 1.042868
v 1.139680 7.529716 1.044000
v 1.139575 7.529258 1.042693
v 1.140239 7.529418 1.044140
v 1.140256 7.528796 1.044421
v 1.140395 7.528329 1.043121
v 1.139715 7.528472 1.044562
v 1.139640 7.527907 1.043304
v 1.140994 7.532744 1.042659
v 1.140884 7.532180 1.042909
v 1.141027 7.531590 1.041662
v 1.141009 7.532212 1.041384
v 1.141430 7.532610 1.041211
v 1.142094 7.532771 1.042659
v 1.142115 7.532377 1.041322
v 1.142112 7.532149 1.042937
v 1.142251 7.531681 1.041635
v 1.141570 7.531824 1.043076
v 1.141705 7.531218 1.041835
v 1.141564 7.531094 1.043402
v 1.141707 7.530504 1.042156
v 1.142216 7.531982 1.043012
v 1.142231 7.531450 1.041738
v 1.142774 7.531685 1.043151
v 1.142789 7.531153 1.041877
v 1.142792 7.531063 1.043429
v 1.142807 7.530531 1.042156
v 1.142135 7.530659 1.043603
v 1.142265 7.530206 1.042295
v 1.140305 7.531563 1.043178
v 1.140265 7.531063 1.043402
v 1.140408 7.530472 1.042156
v 1.140391 7.531094 1.041877
v 1.140917 7.531950 1.043012
v 1.140932 7.531418 1.041738
v 1.141604 7.531595 1.043178
v 1.141490 7.531121 1.041877
v 1.141508 7.530499 1.042156
v 1.140952 7.530707 1.043569
v 1.140967 7.530175 1.042295
v 1.141056 7.530540 1.043645
v 1.141073 7.529919 1.043924
v 1.140946 7.529944 1.042399
v 1.141597 7.530865 1.043505
v 1.141612 7.530333 1.042232
v 1.142171 7.530035 1.042371
v 1.141632 7.529621 1.044064
v 1.141647 7.529089 1.042792
v 1.135897 7.529710 1.043962
v 1.136360 7.528702 1.044421
v 1.135819 7.528378 1.044562
v 1.135745 7.527813 1.043304
v 1.135447 7.528576 1.044468
v 1.135409 7.527930 1.043247
v 1.135863 7.529055 1.042744
v 1.135724 7.528206 1.044638
v 1.135392 7.528383 1.044554
v 1.135741 7.527584 1.044920
v 1.135200 7.527260 1.045061
v 1.135215 7.526728 1.043790
v 1.135114 7.527317 1.045033
v 1.135130 7.526796 1.043758
v 1.136563 7.530351 1.042168
v 1.137188 7.531766 1.043054
v 1.137708 7.531503 1.043177
v 1.137594 7.531026 1.041877
v 1.137668 7.530999 1.043402
v 1.137612 7.530404 1.042156
v 1.136940 7.530532 1.043603
v 1.137071 7.530080 1.042295
v 1.137160 7.530446 1.043645
v 1.137049 7.529882 1.043897
v 1.137192 7.529292 1.042652
v 1.137175 7.529913 1.042371
v 1.137701 7.530770 1.043505
v 1.137716 7.530238 1.042232
v 1.138260 7.530472 1.043645
v 1.138275 7.529941 1.042371
v 1.138277 7.529850 1.043924
v 1.138292 7.529318 1.042652
v 1.137827 7.529498 1.044078
v 1.137751 7.528994 1.042792
v 1.136541 7.529328 1.044140
v 1.136559 7.528707 1.044421
v 1.136499 7.528234 1.043121
v 1.136431 7.528731 1.042896
v 1.137083 7.529653 1.044000
v 1.137098 7.529120 1.042728
v 1.137641 7.529355 1.044140
v 1.137656 7.528823 1.042868
v 1.137672 7.528595 1.044483
v 1.137673 7.528201 1.043149
v 1.137118 7.528409 1.044562
v 1.137132 7.527877 1.043290
v 1.135923 7.528211 1.044638
v 1.135940 7.527589 1.044920
v 1.135955 7.527057 1.043649
v 1.135938 7.527679 1.043367
v 1.136464 7.528535 1.044497
v 1.136479 7.528003 1.043226
v 1.137038 7.527706 1.043367
v 1.137055 7.527084 1.043649
v 1.136590 7.527263 1.045075
v 1.136621 7.526503 1.045421
v 1.136635 7.525971 1.044151
v 1.136634 7.526686 1.043825
v 1.137144 7.527450 1.044996
v 1.137159 7.526917 1.043726
v 1.137718 7.526620 1.043867
v 1.137733 7.526392 1.045484
v 1.137735 7.525998 1.044151
v 1.137063 7.526126 1.045597
v 1.137194 7.525673 1.044293
v 1.135304 7.527093 1.045138
v 1.135322 7.526472 1.045421
v 1.135337 7.525939 1.044151
v 1.135319 7.526561 1.043867
v 1.135846 7.527418 1.044996
v 1.135740 7.526959 1.043691
v 1.136404 7.527120 1.045138
v 1.136419 7.526588 1.043867
v 1.136435 7.526361 1.045484
v 1.136436 7.525966 1.044151
v 1.135880 7.526174 1.045562
v 1.135895 7.525642 1.044293
v 1.136002 7.525386 1.045924
v 1.136017 7.524854 1.044655
v 1.135999 7.525476 1.044370
v 1.136541 7.525800 1.044228
v 1.137099 7.525502 1.044370
v 1.137102 7.525413 1.045924
v 1.137117 7.524880 1.044655
v 1.136561 7.525088 1.046066
v 1.136575 7.524556 1.044797
v 1.137858 7.528738 1.044421
v 1.137872 7.528206 1.043149
v 1.137855 7.528828 1.042868
v 1.138381 7.529684 1.044000
v 1.138396 7.529152 1.042728
v 1.138940 7.529387 1.044140
v 1.138955 7.528854 1.042868
v 1.138957 7.528765 1.044421
v 1.138972 7.528233 1.043149
v 1.138416 7.528440 1.044562
v 1.138431 7.527908 1.043290
v 1.138520 7.528274 1.044638
v 1.138538 7.527652 1.044920
v 1.138553 7.527120 1.043649
v 1.139061 7.528598 1.044497
v 1.139620 7.528301 1.044638
v 1.139651 7.527541 1.044982
v 1.139652 7.527147 1.043649
v 1.138980 7.527275 1.045096
v 1.139111 7.526823 1.043790
v 1.137151 7.528180 1.044666
v 1.137111 7.527679 1.044892
v 1.137254 7.527089 1.043649
v 1.137237 7.527710 1.043367
v 1.137778 7.528035 1.043226
v 1.138321 7.528269 1.044638
v 1.138411 7.527678 1.043394
v 1.138352 7.527510 1.044982
v 1.138354 7.527115 1.043649
v 1.137798 7.527323 1.045061
v 1.137812 7.526791 1.043790
v 1.137831 7.527093 1.045166
v 1.137919 7.526535 1.045421
v 1.137934 7.526003 1.044151
v 1.137917 7.526625 1.043867
v 1.138458 7.526949 1.043726
v 1.139016 7.526651 1.043867
v 1.139034 7.526030 1.044151
v 1.138478 7.526237 1.045562
v 1.138493 7.525705 1.044293
v 1.140437 7.529423 1.044140
v 1.140455 7.528801 1.044421
v 1.140452 7.528891 1.042868
v 1.140979 7.529747 1.044000
v 1.140993 7.529215 1.042728
v 1.141569 7.528296 1.043149
v 1.141028 7.527972 1.043290
v 1.141104 7.528475 1.044576
v 1.141135 7.527715 1.044920
v 1.141150 7.527184 1.043649
v 1.141568 7.528690 1.044483
v 1.142217 7.528364 1.044638
v 1.142235 7.527742 1.044920
v 1.141694 7.527418 1.045061
v 1.139819 7.528306 1.044638
v 1.139836 7.527684 1.044920
v 1.139851 7.527152 1.043649
v 1.139834 7.527773 1.043367
v 1.140360 7.528630 1.044497
v 1.140375 7.528098 1.043226
v 1.140919 7.528332 1.044638
v 1.141008 7.527741 1.043394
v 1.140936 7.527710 1.044920
v 1.140395 7.527386 1.045061
v 1.140499 7.527220 1.045138
v 1.140517 7.526598 1.045421
v 1.140531 7.526066 1.044151
v 1.140530 7.526780 1.043825
v 1.141040 7.527544 1.044996
v 1.140935 7.527086 1.043691
v 1.141599 7.527246 1.045138
v 1.141619 7.526853 1.043804
v 1.141756 7.526157 1.044123
v 1.141075 7.526300 1.045562
v 1.141090 7.525768 1.044293
v 1.142355 7.530572 1.043645
v 1.142244 7.530008 1.043897
v 1.142313 7.529478 1.042624
v 1.142370 7.530040 1.042371
v 1.142896 7.530896 1.043505
v 1.142911 7.530365 1.042232
v 1.143454 7.530599 1.043645
v 1.143469 7.530067 1.042371
v 1.143472 7.529977 1.043924
v 1.143487 7.529445 1.042652
v 1.142931 7.529653 1.044064
v 1.142946 7.529120 1.042792
v 1.143035 7.529486 1.044140
v 1.143052 7.528864 1.044421
v 1.143576 7.529810 1.044000
v 1.143591 7.529278 1.042728
v 1.144135 7.529513 1.044140
v 1.144149 7.528981 1.042868
v 1.144152 7.528891 1.044421
v 1.144167 7.528359 1.043149
v 1.143611 7.528567 1.044562
v 1.143626 7.528035 1.043290
v 1.141665 7.529392 1.044168
v 1.141754 7.528833 1.044421
v 1.141763 7.528162 1.043212
v 1.141626 7.528858 1.042896
v 1.142277 7.529779 1.044000
v 1.142292 7.529247 1.042728
v 1.142836 7.529481 1.044140
v 1.142925 7.528890 1.042896
v 1.142853 7.528860 1.044421
v 1.142993 7.528392 1.043121
v 1.142312 7.528535 1.044562
v 1.142238 7.527970 1.043304
v 1.142416 7.528369 1.044638
v 1.142434 7.527747 1.044920
v 1.142449 7.527215 1.043649
v 1.142431 7.527837 1.043367
v 1.142957 7.528693 1.044497
v 1.142972 7.528161 1.043226
v 1.143531 7.527864 1.043367
v 1.143533 7.527774 1.044920
v 1.143548 7.527242 1.043649
v 1.142992 7.527450 1.045061
v 1.143007 7.526917 1.043790
v 1.141798 7.527252 1.045138
v 1.141687 7.526688 1.045393
v 1.141813 7.526720 1.043867
v 1.142339 7.527576 1.044996
v 1.142234 7.527118 1.043691
v 1.142897 7.527278 1.045138
v 1.142912 7.526746 1.043867
v 1.142928 7.526519 1.045483
v 1.142374 7.526332 1.045562
v 1.142389 7.525800 1.044293
v 1.142495 7.525544 1.045924
v 1.142510 7.525012 1.044655
v 1.142493 7.525634 1.044370
v 1.142914 7.526031 1.044193
v 1.143578 7.526192 1.045639
v 1.143592 7.525661 1.044370
v 1.143595 7.525570 1.045924
v 1.143054 7.525246 1.046066
v 1.141179 7.526134 1.045639
v 1.141197 7.525512 1.045924
v 1.141212 7.524980 1.044655
v 1.141194 7.525602 1.044370
v 1.141720 7.526458 1.045498
v 1.141735 7.525926 1.044228
v 1.142407 7.526103 1.045667
v 1.142294 7.525629 1.044370
v 1.142296 7.525539 1.045924
v 1.141755 7.525215 1.046066
v 1.141770 7.524683 1.044797
v 1.141859 7.525048 1.046143
v 1.141877 7.524426 1.046429
v 1.141874 7.524516 1.044875
v 1.142401 7.525373 1.046001
v 1.142295 7.524914 1.044697
v 1.142959 7.525075 1.046143
v 1.142980 7.524681 1.044812
v 1.142977 7.524453 1.046429
v 1.142435 7.524129 1.046571
v 1.143644 7.528337 1.044666
v 1.143732 7.527779 1.044920
v 1.143747 7.527246 1.043649
v 1.143730 7.527868 1.043367
v 1.144256 7.528725 1.044497
v 1.144271 7.528193 1.043226
v 1.144815 7.528427 1.044638
v 1.144830 7.527895 1.043367
v 1.144832 7.527805 1.044920
v 1.144847 7.527273 1.043649
v 1.144291 7.527481 1.045061
v 1.144306 7.526949 1.043790
v 1.144395 7.527315 1.045138
v 1.144413 7.526693 1.045421
v 1.144427 7.526161 1.044151
v 1.144936 7.527639 1.044996
v 1.144951 7.527107 1.043726
v 1.145495 7.527341 1.045138
v 1.145510 7.526809 1.043867
v 1.145512 7.526720 1.045421
v 1.145527 7.526187 1.044151
v 1.144971 7.526395 1.045562
v 1.143096 7.527283 1.045138
v 1.143114 7.526661 1.045421
v 1.143129 7.526129 1.044151
v 1.143111 7.526751 1.043867
v 1.143638 7.527607 1.044996
v 1.143653 7.527075 1.043726
v 1.144196 7.527310 1.045138
v 1.144285 7.526718 1.043895
v 1.144214 7.526688 1.045421
v 1.143672 7.526363 1.045562
v 1.143777 7.526197 1.045639
v 1.143794 7.525576 1.045924
v 1.143809 7.525043 1.044655
v 1.143808 7.525758 1.044328
v 1.144318 7.526522 1.045498
v 1.144212 7.526063 1.044193
v 1.144876 7.526224 1.045639
v 1.144897 7.525830 1.044307
v 1.144894 7.525602 1.045924
v 1.144909 7.525070 1.044655
v 1.144353 7.525278 1.046066
v 1.137283 7.526039 1.045639
v 1.137316 7.524885 1.044655
v 1.137298 7.525507 1.044370
v 1.137839 7.525832 1.044228
v 1.138398 7.525534 1.044370
v 1.138415 7.524912 1.044655
v 1.137874 7.524588 1.044797
v 1.137950 7.525091 1.046080
v 1.137981 7.524332 1.046429
v 1.137996 7.523799 1.045161
v 1.137978 7.524421 1.044875
v 1.138505 7.525278 1.046001
v 1.138520 7.524745 1.044732
v 1.139063 7.524980 1.046143
v 1.139078 7.524448 1.044875
v 1.139094 7.524220 1.046492
v 1.139095 7.523826 1.045161
v 1.138423 7.523954 1.046607
v 1.138554 7.523502 1.045304
v 1.136697 7.523768 1.045161
v 1.136680 7.524390 1.044875
v 1.137322 7.525326 1.045966
v 1.137221 7.524714 1.044732
v 1.137764 7.524949 1.046143
v 1.137779 7.524416 1.044875
v 1.137797 7.523795 1.045161
v 1.137332 7.523974 1.046586
v 1.137256 7.523470 1.045304
v 1.137377 7.522682 1.045669
v 1.137360 7.523304 1.045382
v 1.137795 7.524189 1.046492
v 1.137901 7.523628 1.045239
v 1.138459 7.523331 1.045382
v 1.138477 7.522709 1.045669
v 1.138012 7.522888 1.047094
v 1.137936 7.522385 1.045813
v 1.139200 7.527188 1.045138
v 1.139090 7.526625 1.045393
v 1.139233 7.526034 1.044151
v 1.139215 7.526656 1.043867
v 1.139756 7.526980 1.043726
v 1.140300 7.527215 1.045138
v 1.140315 7.526683 1.043867
v 1.140318 7.526593 1.045421
v 1.140332 7.526061 1.044151
v 1.139776 7.526269 1.045562
v 1.139791 7.525737 1.044293
v 1.139913 7.524949 1.044655
v 1.139896 7.525570 1.044370
v 1.140422 7.526427 1.045498
v 1.140437 7.525895 1.044228
v 1.140980 7.526129 1.045639
v 1.140995 7.525597 1.044370
v 1.140998 7.525507 1.045924
v 1.141013 7.524975 1.044655
v 1.140457 7.525183 1.046066
v 1.140471 7.524651 1.044797
v 1.138511 7.526008 1.045667
v 1.138471 7.525507 1.045896
v 1.138614 7.524917 1.044655
v 1.138597 7.525539 1.044370
v 1.139123 7.526395 1.045498
v 1.139138 7.525863 1.044228
v 1.139810 7.526040 1.045667
v 1.139696 7.525566 1.044370
v 1.139770 7.525539 1.045895
v 1.139714 7.524944 1.044655
v 1.139173 7.524619 1.044797
v 1.139249 7.525123 1.046080
v 1.139279 7.524363 1.046429
v 1.139294 7.523831 1.045161
v 1.139277 7.524453 1.044875
v 1.139803 7.525309 1.046001
v 1.139818 7.524777 1.044732
v 1.140377 7.524480 1.044875
v 1.139838 7.524065 1.046571
v 1.139853 7.523533 1.045304
v 1.138644 7.523868 1.046649
v 1.138533 7.523304 1.046908
v 1.138676 7.522714 1.045669
v 1.138659 7.523335 1.045382
v 1.139200 7.523660 1.045239
v 1.139871 7.523836 1.046677
v 1.139776 7.522740 1.045669
v 1.139220 7.522948 1.047079
v 1.139234 7.522416 1.045813
v 1.139324 7.522782 1.047157
v 1.139341 7.522160 1.047445
v 1.139356 7.521628 1.046180
v 1.139339 7.522250 1.045891
v 1.139865 7.523106 1.047014
v 1.140438 7.522276 1.045891
v 1.140454 7.522049 1.047509
v 1.140456 7.521655 1.046180
v 1.139784 7.521783 1.047625
v 1.139915 7.521330 1.046324
v 1.138042 7.522128 1.047445
v 1.138057 7.521596 1.046180
v 1.138040 7.522218 1.045891
v 1.138566 7.523075 1.047014
v 1.138581 7.522542 1.045747
v 1.139125 7.522777 1.047157
v 1.139140 7.522245 1.045891
v 1.139157 7.521623 1.046180
v 1.138601 7.521831 1.047589
v 1.138616 7.521299 1.046324
v 1.138705 7.521665 1.047668
v 1.138723 7.521042 1.047957
v 1.138738 7.520511 1.046692
v 1.138720 7.521132 1.046402
v 1.139155 7.522017 1.047509
v 1.139261 7.521457 1.046258
v 1.139820 7.521159 1.046402
v 1.139837 7.520537 1.046692
v 1.139281 7.520745 1.048102
v 1.139296 7.520213 1.046837
v 1.140490 7.524954 1.046171
v 1.140450 7.524453 1.046400
v 1.140593 7.523863 1.045161
v 1.140576 7.524485 1.044875
v 1.141102 7.525341 1.046001
v 1.141117 7.524809 1.044732
v 1.141660 7.525043 1.046143
v 1.141675 7.524511 1.044875
v 1.141678 7.524422 1.046429
v 1.141817 7.523954 1.045133
v 1.141137 7.524097 1.046571
v 1.141152 7.523565 1.045304
v 1.141241 7.523931 1.046649
v 1.141258 7.523309 1.046936
v 1.141782 7.524255 1.046506
v 1.141797 7.523723 1.045239
v 1.142341 7.523958 1.046649
v 1.142361 7.523564 1.045318
v 1.142358 7.523336 1.046936
v 1.142497 7.522868 1.045641
v 1.141817 7.523011 1.047079
v 1.141742 7.522447 1.045827
v 1.139832 7.523335 1.046908
v 1.139969 7.522607 1.045733
v 1.139832 7.523303 1.045410
v 1.140483 7.524224 1.046506
v 1.140378 7.523765 1.045203
v 1.141042 7.523926 1.046649
v 1.141131 7.523335 1.045410
v 1.141059 7.523304 1.046936
v 1.141199 7.522836 1.045641
v 1.140518 7.522980 1.047079
v 1.140653 7.522374 1.045848
v 1.140551 7.522750 1.047186
v 1.140640 7.522192 1.047445
v 1.140655 7.521659 1.046180
v 1.141163 7.523138 1.047014
v 1.141178 7.522605 1.045747
v 1.141722 7.522840 1.047157
v 1.141739 7.522218 1.047445
v 1.141754 7.521686 1.046180
v 1.141082 7.521814 1.047625
v 1.141213 7.521362 1.046324
v 1.147205 7.535142 1.041662
v 1.147235 7.534590 1.040395
v 1.147244 7.534478 1.041957
v 1.147259 7.533946 1.040680
v 1.146703 7.534154 1.042094
v 1.146718 7.533622 1.040818
v 1.146154 7.533781 1.040741
v 1.146127 7.535073 1.041681
v 1.146142 7.534541 1.040404
v 1.146882 7.535526 1.041490
v 1.146636 7.534837 1.040279
v 1.146808 7.533988 1.042169
v 1.146825 7.533366 1.042446
v 1.146840 7.532834 1.041170
v 1.147349 7.534312 1.042031
v 1.147364 7.533780 1.040755
v 1.147907 7.534014 1.042169
v 1.147922 7.533482 1.040893
v 1.147925 7.533392 1.042446
v 1.147383 7.533068 1.042584
v 1.147398 7.532536 1.041309
v 1.149301 7.534217 1.042094
v 1.149315 7.533685 1.040818
v 1.148742 7.534515 1.041957
v 1.148757 7.533983 1.040680
v 1.148734 7.534810 1.041826
v 1.148750 7.534278 1.040549
v 1.149775 7.534336 1.042047
v 1.148106 7.534019 1.042169
v 1.148124 7.533397 1.042446
v 1.148139 7.532865 1.041170
v 1.148121 7.533487 1.040893
v 1.148647 7.534343 1.042031
v 1.148662 7.533812 1.040755
v 1.149335 7.533986 1.042197
v 1.149238 7.532892 1.041170
v 1.148773 7.533071 1.042598
v 1.148804 7.532311 1.042937
v 1.148744 7.531839 1.041634
v 1.148817 7.532494 1.041343
v 1.149328 7.533257 1.042521
v 1.149886 7.532960 1.042659
v 1.149917 7.532200 1.042998
v 1.150043 7.531870 1.041634
v 1.149246 7.531934 1.043110
v 1.149288 7.531449 1.041815
v 1.147488 7.532902 1.042659
v 1.147505 7.532280 1.042937
v 1.147520 7.531748 1.041662
v 1.147503 7.532370 1.041384
v 1.148029 7.533226 1.042521
v 1.147923 7.532768 1.041211
v 1.148587 7.532928 1.042659
v 1.148602 7.532396 1.041384
v 1.148064 7.531982 1.043075
v 1.148078 7.531450 1.041801
v 1.148168 7.531816 1.043151
v 1.148185 7.531194 1.043429
v 1.148200 7.530662 1.042156
v 1.148183 7.531284 1.041877
v 1.148618 7.532169 1.042998
v 1.148724 7.531608 1.041738
v 1.149285 7.531221 1.043429
v 1.148744 7.530897 1.043569
v 1.151279 7.533163 1.042584
v 1.151572 7.533166 1.042586
v 1.151443 7.532720 1.041271
v 1.150721 7.533461 1.042446
v 1.150713 7.533788 1.042300
v 1.150730 7.533256 1.041024
v 1.150522 7.533455 1.042446
v 1.150646 7.532985 1.041144
v 1.149981 7.533131 1.042584
v 1.149907 7.532566 1.041322
v 1.149294 7.533487 1.042418
v 1.149432 7.532758 1.041232
v 1.149294 7.533456 1.040920
v 1.150509 7.533907 1.042245
v 1.149731 7.533842 1.040753
v 1.150085 7.532965 1.042659
v 1.150102 7.532343 1.042937
v 1.150100 7.532433 1.041384
v 1.150626 7.533289 1.042521
v 1.150641 7.532757 1.041245
v 1.151316 7.532928 1.042689
v 1.151199 7.532605 1.041319
v 1.151202 7.532370 1.042937
v 1.151217 7.531837 1.041662
v 1.150545 7.531966 1.043110
v 1.150676 7.531513 1.041801
v 1.143592 7.532807 1.042659
v 1.143609 7.532185 1.042937
v 1.143624 7.531653 1.041662
v 1.143607 7.532275 1.041384
v 1.144133 7.533131 1.042521
v 1.144148 7.532599 1.041245
v 1.144691 7.532834 1.042659
v 1.144706 7.532301 1.041384
v 1.144724 7.531680 1.041662
v 1.144259 7.531859 1.043089
v 1.144289 7.531099 1.043429
v 1.144304 7.530567 1.042156
v 1.144303 7.531281 1.041835
v 1.144813 7.532045 1.043012
v 1.144828 7.531513 1.041738
v 1.145372 7.531748 1.043151
v 1.145386 7.531216 1.041877
v 1.145404 7.530594 1.042156
v 1.144848 7.530802 1.043569
v 1.144863 7.530270 1.042295
v 1.142973 7.531690 1.043151
v 1.142991 7.531067 1.043429
v 1.143005 7.530536 1.042156
v 1.142988 7.531157 1.041877
v 1.143514 7.532014 1.043012
v 1.143529 7.531482 1.041738
v 1.144073 7.531716 1.043151
v 1.144088 7.531184 1.041877
v 1.144105 7.530562 1.042156
v 1.143549 7.530770 1.043569
v 1.143564 7.530238 1.042295
v 1.143653 7.530604 1.043645
v 1.143671 7.529982 1.043924
v 1.143686 7.529449 1.042652
v 1.143668 7.530072 1.042371
v 1.144104 7.530957 1.043491
v 1.144209 7.530396 1.042232
v 1.144753 7.530631 1.043645
v 1.144768 7.530098 1.042371
v 1.144770 7.530009 1.043924
v 1.144785 7.529477 1.042652
v 1.144229 7.529684 1.044064
v 1.144244 7.529152 1.042792
v 1.145509 7.533956 1.042169
v 1.145526 7.533334 1.042446
v 1.145524 7.533424 1.040893
v 1.146166 7.534360 1.041997
v 1.146608 7.533983 1.042169
v 1.146698 7.533391 1.040921
v 1.146626 7.533361 1.042446
v 1.146641 7.532829 1.041170
v 1.146085 7.533037 1.042584
v 1.146100 7.532505 1.041309
v 1.146189 7.532870 1.042659
v 1.146206 7.532248 1.042937
v 1.146079 7.532274 1.041411
v 1.146730 7.533195 1.042521
v 1.146745 7.532662 1.041245
v 1.147289 7.532897 1.042659
v 1.147304 7.532365 1.041384
v 1.147306 7.532275 1.042937
v 1.147321 7.531743 1.041662
v 1.146649 7.531871 1.043110
v 1.146780 7.531419 1.041801
v 1.144890 7.532838 1.042659
v 1.144780 7.532275 1.042909
v 1.144923 7.531684 1.041662
v 1.144905 7.532306 1.041384
v 1.145432 7.533163 1.042521
v 1.145446 7.532631 1.041245
v 1.145990 7.532866 1.042659
v 1.146021 7.532105 1.042998
v 1.146147 7.531775 1.041635
v 1.145557 7.531890 1.043089
v 1.145481 7.531387 1.041801
v 1.145460 7.531189 1.043402
v 1.145603 7.530599 1.042156
v 1.145585 7.531220 1.041877
v 1.146127 7.531545 1.041738
v 1.146701 7.531020 1.043491
v 1.146703 7.530625 1.042156
v 1.146146 7.530833 1.043569
v 1.146161 7.530301 1.042295
v 1.144952 7.530635 1.043645
v 1.144969 7.530014 1.043924
v 1.144984 7.529481 1.042652
v 1.144967 7.530103 1.042371
v 1.145493 7.530960 1.043505
v 1.145508 7.530427 1.042232
v 1.146067 7.530130 1.042371
v 1.146082 7.529902 1.043986
v 1.145528 7.529716 1.044064
v 1.145543 7.529184 1.042792
v 1.145650 7.528928 1.044421
v 1.145664 7.528396 1.043149
v 1.145647 7.529017 1.042868
v 1.146068 7.529416 1.042693
v 1.146732 7.529576 1.044140
v 1.146747 7.529044 1.042868
v 1.146749 7.528955 1.044421
v 1.146208 7.528630 1.044562
v 1.144333 7.529518 1.044140
v 1.144351 7.528896 1.044421
v 1.144366 7.528364 1.043149
v 1.144348 7.528986 1.042868
v 1.144875 7.529842 1.044000
v 1.144889 7.529310 1.042728
v 1.145561 7.529487 1.044168
v 1.145448 7.529013 1.042868
v 1.145450 7.528923 1.044421
v 1.144909 7.528598 1.044562
v 1.145014 7.528432 1.044638
v 1.145031 7.527810 1.044920
v 1.145046 7.527278 1.043649
v 1.145044 7.527993 1.043325
v 1.145555 7.528757 1.044497
v 1.145449 7.528298 1.043191
v 1.146113 7.528459 1.044638
v 1.146134 7.528065 1.043304
v 1.146131 7.527837 1.044920
v 1.145589 7.527513 1.045061
v 1.145725 7.526906 1.043825
v 1.146869 7.531785 1.043151
v 1.146887 7.531162 1.043429
v 1.146901 7.530631 1.042156
v 1.146759 7.531188 1.041904
v 1.147410 7.532109 1.043012
v 1.147425 7.531577 1.041738
v 1.147969 7.531811 1.043151
v 1.147984 7.531279 1.041877
v 1.147986 7.531189 1.043429
v 1.147445 7.530865 1.043569
v 1.147549 7.530698 1.043645
v 1.147567 7.530077 1.043924
v 1.147582 7.529544 1.042652
v 1.147580 7.530259 1.042330
v 1.148090 7.531023 1.043505
v 1.147985 7.530565 1.042197
v 1.148649 7.530725 1.043645
v 1.148669 7.530332 1.042309
v 1.148666 7.530103 1.043924
v 1.148125 7.529779 1.044064
v 1.146180 7.530604 1.043672
v 1.146268 7.530045 1.043924
v 1.146283 7.529513 1.042652
v 1.146266 7.530135 1.042371
v 1.146807 7.530459 1.042231
v 1.147350 7.530694 1.043645
v 1.147365 7.530161 1.042371
v 1.147368 7.530072 1.043924
v 1.146827 7.529747 1.044064
v 1.146931 7.529581 1.044140
v 1.146948 7.528959 1.044421
v 1.146963 7.528427 1.043149
v 1.146962 7.529141 1.042826
v 1.147472 7.529905 1.044000
v 1.147367 7.529447 1.042693
v 1.148030 7.529608 1.044140
v 1.148051 7.529214 1.042806
v 1.148061 7.528848 1.044483
v 1.147507 7.528662 1.044562
v 1.149467 7.531847 1.043151
v 1.149484 7.531226 1.043429
v 1.149499 7.530694 1.042156
v 1.149481 7.531315 1.041877
v 1.150023 7.531640 1.041738
v 1.150581 7.531342 1.041877
v 1.150597 7.531115 1.043491
v 1.150042 7.530928 1.043569
v 1.150057 7.530396 1.042295
v 1.150036 7.530198 1.043897
v 1.150179 7.529608 1.042652
v 1.150162 7.530230 1.042371
v 1.150582 7.530628 1.042197
v 1.151246 7.530788 1.043645
v 1.151261 7.530256 1.042371
v 1.151277 7.530029 1.043986
v 1.151278 7.529634 1.042652
v 1.150607 7.529763 1.044099
v 1.150737 7.529310 1.042792
v 1.148848 7.530730 1.043645
v 1.148865 7.530108 1.043924
v 1.148880 7.529576 1.042652
v 1.148863 7.530198 1.042371
v 1.149389 7.531054 1.043505
v 1.149284 7.530596 1.042197
v 1.150076 7.530699 1.043672
v 1.149963 7.530225 1.042371
v 1.149980 7.529603 1.042652
v 1.149528 7.529644 1.044140
v 1.149546 7.529022 1.044421
v 1.149560 7.528490 1.043149
v 1.149543 7.529112 1.042868
v 1.150069 7.529969 1.044000
v 1.150084 7.529437 1.042728
v 1.150643 7.529139 1.042868
v 1.150104 7.528725 1.044562
v 1.150119 7.528193 1.043290
v 1.151960 7.532077 1.043075
v 1.151975 7.531545 1.041801
v 1.151416 7.531843 1.041662
v 1.151399 7.532465 1.041384
v 1.151618 7.532594 1.041329
v 1.152439 7.531823 1.041682
v 1.150765 7.531879 1.043151
v 1.150782 7.531257 1.043429
v 1.150797 7.530725 1.042156
v 1.150780 7.531347 1.041877
v 1.151422 7.532283 1.042978
v 1.151321 7.531672 1.041738
v 1.151882 7.531284 1.043429
v 1.151341 7.530960 1.043569
v 1.151445 7.530793 1.043645
v 1.151463 7.530171 1.043924
v 1.151478 7.529639 1.042652
v 1.151476 7.530354 1.042330
v 1.151881 7.530659 1.042197
v 1.152575 7.530060 1.043986
v 1.152577 7.529666 1.042652
v 1.151905 7.529794 1.044099
v 1.150827 7.529676 1.044140
v 1.150716 7.529112 1.044393
v 1.150785 7.528582 1.043121
v 1.150842 7.529144 1.042868
v 1.151383 7.529468 1.042728
v 1.151947 7.529309 1.042806
v 1.151944 7.529081 1.044421
v 1.151959 7.528549 1.043149
v 1.151403 7.528757 1.044562
v 1.151418 7.528224 1.043290
v 1.151507 7.528590 1.044638
v 1.151524 7.527968 1.044920
v 1.151539 7.527436 1.043649
v 1.151522 7.528058 1.043367
v 1.152164 7.528994 1.044463
v 1.152063 7.528382 1.043226
v 1.152621 7.528085 1.043367
v 1.152637 7.527857 1.044982
v 1.152639 7.527463 1.043649
v 1.151967 7.527591 1.045096
v 1.152098 7.527139 1.043790
v 1.150208 7.528559 1.044638
v 1.150226 7.527936 1.044920
v 1.150241 7.527404 1.043649
v 1.150223 7.528027 1.043367
v 1.150749 7.528883 1.044497
v 1.150764 7.528351 1.043226
v 1.151308 7.528585 1.044638
v 1.151323 7.528053 1.043367
v 1.151340 7.527431 1.043649
v 1.150784 7.527639 1.045061
v 1.150799 7.527107 1.043790
v 1.150888 7.527472 1.045138
v 1.150903 7.526941 1.043867
v 1.151339 7.527826 1.044982
v 1.151444 7.527265 1.043726
v 1.152003 7.526968 1.043867
v 1.152019 7.526740 1.045484
v 1.152020 7.526345 1.044151
v 1.151479 7.526021 1.044293
v 1.153923 7.530308 1.043890
v 1.153930 7.529748 1.042629
v 1.153320 7.529905 1.044064
v 1.153335 7.529373 1.042792
v 1.152761 7.530203 1.043924
v 1.152776 7.529671 1.042652
v 1.152744 7.530825 1.043645
v 1.152634 7.530229 1.042399
v 1.153300 7.530617 1.042231
v 1.153494 7.531038 1.043557
v 1.153509 7.530506 1.042284
v 1.152125 7.529707 1.044140
v 1.152158 7.528553 1.043149
v 1.152140 7.529175 1.042868
v 1.152681 7.529500 1.042728
v 1.153353 7.529676 1.044168
v 1.153240 7.529202 1.042868
v 1.153242 7.529112 1.044421
v 1.153257 7.528580 1.043149
v 1.152586 7.528708 1.044596
v 1.152716 7.528256 1.043290
v 1.152805 7.528622 1.044638
v 1.152823 7.528000 1.044920
v 1.152838 7.527468 1.043649
v 1.152820 7.528090 1.043367
v 1.153362 7.528414 1.043226
v 1.153905 7.528648 1.044638
v 1.153920 7.528116 1.043367
v 1.153923 7.528027 1.044920
v 1.153937 7.527494 1.043649
v 1.153381 7.527702 1.045061
v 1.153396 7.527170 1.043790
v 1.146312 7.528464 1.044638
v 1.146330 7.527842 1.044920
v 1.146345 7.527310 1.043649
v 1.146327 7.527932 1.043367
v 1.146853 7.528788 1.044497
v 1.146748 7.528330 1.043191
v 1.147540 7.528432 1.044666
v 1.147432 7.528097 1.043304
v 1.147569 7.527401 1.043621
v 1.146979 7.527515 1.045075
v 1.147010 7.526756 1.045421
v 1.147025 7.526224 1.044151
v 1.147023 7.526938 1.043825
v 1.147534 7.527702 1.044996
v 1.147548 7.527170 1.043726
v 1.148092 7.527405 1.045138
v 1.148107 7.526873 1.043867
v 1.148124 7.526250 1.044151
v 1.147583 7.525926 1.044293
v 1.145694 7.527346 1.045138
v 1.145720 7.526054 1.044214
v 1.146235 7.527670 1.044996
v 1.146130 7.527213 1.043691
v 1.146793 7.527373 1.045138
v 1.146808 7.526841 1.043867
v 1.146826 7.526219 1.044151
v 1.146285 7.525895 1.044293
v 1.146361 7.526398 1.045576
v 1.146391 7.525639 1.045924
v 1.146406 7.525106 1.044655
v 1.146824 7.526613 1.045484
v 1.146930 7.526052 1.044228
v 1.147452 7.526379 1.045597
v 1.147488 7.525755 1.044370
v 1.146950 7.525341 1.046066
v 1.146965 7.524809 1.044797
v 1.148229 7.529613 1.044140
v 1.148247 7.528991 1.044421
v 1.148262 7.528459 1.043149
v 1.148244 7.529080 1.042868
v 1.148771 7.529937 1.044000
v 1.148665 7.529479 1.042693
v 1.149308 7.529731 1.044099
v 1.149349 7.529246 1.042806
v 1.149346 7.529017 1.044421
v 1.149361 7.528485 1.043149
v 1.148805 7.528693 1.044562
v 1.148910 7.528527 1.044638
v 1.148942 7.527373 1.043649
v 1.148940 7.528087 1.043325
v 1.149451 7.528851 1.044497
v 1.149466 7.528319 1.043226
v 1.150009 7.528553 1.044638
v 1.150024 7.528021 1.043367
v 1.150027 7.527932 1.044920
v 1.150041 7.527400 1.043649
v 1.149485 7.527607 1.045061
v 1.149500 7.527075 1.043790
v 1.147500 7.527932 1.044892
v 1.147626 7.527963 1.043367
v 1.148047 7.528361 1.043191
v 1.148711 7.528522 1.044638
v 1.148726 7.527990 1.043367
v 1.148799 7.527963 1.044892
v 1.148743 7.527368 1.043649
v 1.148202 7.527044 1.043790
v 1.148278 7.527547 1.045075
v 1.148309 7.526788 1.045421
v 1.148323 7.526256 1.044151
v 1.148306 7.526877 1.043867
v 1.148832 7.527734 1.044996
v 1.148847 7.527202 1.043726
v 1.149406 7.526904 1.043867
v 1.149408 7.526814 1.045421
v 1.149423 7.526282 1.044151
v 1.148867 7.526490 1.045562
v 1.148882 7.525958 1.044293
v 1.147673 7.526292 1.045639
v 1.147562 7.525728 1.045896
v 1.147630 7.525198 1.044627
v 1.147687 7.525760 1.044370
v 1.148123 7.526645 1.045484
v 1.148229 7.526084 1.044228
v 1.148772 7.526319 1.045639
v 1.148787 7.525787 1.044370
v 1.148803 7.525559 1.045987
v 1.148249 7.525373 1.046066
v 1.148263 7.524840 1.044797
v 1.148370 7.524584 1.046429
v 1.148385 7.524052 1.045161
v 1.148368 7.524674 1.044875
v 1.148789 7.525072 1.044697
v 1.149452 7.525233 1.046143
v 1.149467 7.524701 1.044875
v 1.149483 7.524473 1.046492
v 1.148813 7.524207 1.046607
v 1.147086 7.524021 1.045161
v 1.147069 7.524642 1.044875
v 1.147595 7.525499 1.046001
v 1.147610 7.524967 1.044732
v 1.148282 7.525143 1.046171
v 1.148169 7.524669 1.044875
v 1.148184 7.524442 1.046492
v 1.147630 7.524255 1.046571
v 1.147645 7.523723 1.045304
v 1.147663 7.524026 1.046677
v 1.147624 7.523525 1.046908
v 1.147749 7.523557 1.045382
v 1.148170 7.523955 1.045203
v 1.148854 7.523722 1.045318
v 1.148864 7.523356 1.046999
v 1.148194 7.523090 1.047115
v 1.149519 7.527378 1.045166
v 1.149607 7.526819 1.045421
v 1.149622 7.526287 1.044151
v 1.149605 7.526909 1.043867
v 1.150131 7.527765 1.044996
v 1.150146 7.527233 1.043726
v 1.150689 7.527468 1.045138
v 1.150704 7.526936 1.043867
v 1.150778 7.526909 1.045393
v 1.150846 7.526378 1.044123
v 1.150166 7.526522 1.045562
v 1.150180 7.525990 1.044293
v 1.150270 7.526355 1.045639
v 1.150287 7.525733 1.045923
v 1.150302 7.525201 1.044655
v 1.150811 7.526680 1.045498
v 1.150826 7.526147 1.044228
v 1.151348 7.526474 1.045597
v 1.151384 7.525850 1.044370
v 1.151387 7.525760 1.045924
v 1.150846 7.525436 1.046066
v 1.148971 7.526324 1.045639
v 1.148989 7.525702 1.045924
v 1.149004 7.525170 1.044655
v 1.148986 7.525792 1.044370
v 1.149512 7.526648 1.045498
v 1.149527 7.526116 1.044228
v 1.150071 7.526350 1.045639
v 1.150160 7.525759 1.044398
v 1.150088 7.525729 1.045924
v 1.149547 7.525404 1.046066
v 1.149651 7.525238 1.046143
v 1.149669 7.524616 1.046429
v 1.149684 7.524084 1.045161
v 1.149682 7.524798 1.044833
v 1.150192 7.525562 1.046001
v 1.150087 7.525104 1.044697
v 1.150751 7.525265 1.046143
v 1.150771 7.524871 1.044811
v 1.150768 7.524642 1.046429
v 1.150227 7.524318 1.046571
v 1.143158 7.525080 1.046143
v 1.143175 7.524458 1.046429
v 1.143190 7.523926 1.045161
v 1.143173 7.524548 1.044875
v 1.143699 7.525404 1.046001
v 1.143594 7.524946 1.044697
v 1.144386 7.525048 1.046171
v 1.144278 7.524713 1.044811
v 1.144275 7.524485 1.046429
v 1.143749 7.523628 1.045304
v 1.143838 7.523994 1.046649
v 1.143856 7.523372 1.046936
v 1.143870 7.522840 1.045669
v 1.143728 7.523397 1.045410
v 1.144274 7.523860 1.045203
v 1.144938 7.524021 1.046649
v 1.144953 7.523489 1.045382
v 1.144955 7.523399 1.046936
v 1.144970 7.522867 1.045669
v 1.144414 7.523075 1.047079
v 1.142540 7.523962 1.046649
v 1.142557 7.523341 1.046936
v 1.142554 7.523430 1.045382
v 1.143081 7.524287 1.046506
v 1.142975 7.523829 1.045203
v 1.143618 7.524081 1.046607
v 1.143657 7.523367 1.046936
v 1.143116 7.523043 1.047079
v 1.143220 7.522877 1.047157
v 1.143237 7.522255 1.047445
v 1.143252 7.521723 1.046180
v 1.143251 7.522437 1.045848
v 1.143761 7.523201 1.047014
v 1.143656 7.522743 1.045712
v 1.144319 7.522903 1.047157
v 1.144340 7.522510 1.045827
v 1.144337 7.522282 1.047445
v 1.144352 7.521749 1.046180
v 1.143796 7.521957 1.047589
v 1.143811 7.521425 1.046324
v 1.145075 7.526229 1.045639
v 1.145108 7.525075 1.044655
v 1.145090 7.525697 1.044370
v 1.145732 7.526633 1.045463
v 1.146175 7.526256 1.045639
v 1.146264 7.525664 1.044398
v 1.146207 7.525102 1.044655
v 1.145535 7.525230 1.046101
v 1.145666 7.524777 1.044797
v 1.145755 7.525143 1.046143
v 1.145645 7.524580 1.046400
v 1.145770 7.524611 1.044875
v 1.146206 7.525496 1.045987
v 1.146311 7.524935 1.044732
v 1.146983 7.525112 1.046171
v 1.146870 7.524638 1.044875
v 1.146943 7.524611 1.046400
v 1.146887 7.524016 1.045161
v 1.146331 7.524224 1.046571
v 1.146346 7.523692 1.045304
v 1.144495 7.524398 1.046471
v 1.144489 7.523958 1.045161
v 1.144472 7.524580 1.044875
v 1.145114 7.525516 1.045966
v 1.145013 7.524904 1.044732
v 1.145571 7.524606 1.044875
v 1.145713 7.524049 1.045133
v 1.145033 7.524192 1.046571
v 1.145048 7.523660 1.045304
v 1.145137 7.524025 1.046649
v 1.145154 7.523404 1.046936
v 1.145169 7.522871 1.045669
v 1.145152 7.523493 1.045382
v 1.145678 7.524350 1.046506
v 1.145693 7.523818 1.045239
v 1.146237 7.524053 1.046649
v 1.146254 7.523430 1.046936
v 1.145713 7.523106 1.047079
v 1.144518 7.522908 1.047157
v 1.144551 7.521754 1.046180
v 1.144533 7.522376 1.045891
v 1.145059 7.523232 1.047014
v 1.145074 7.522700 1.045747
v 1.145618 7.522935 1.047157
v 1.145638 7.522541 1.045827
v 1.145635 7.522313 1.047445
v 1.145650 7.521781 1.046180
v 1.145094 7.521989 1.047589
v 1.145109 7.521457 1.046324
v 1.145198 7.521822 1.047668
v 1.145216 7.521201 1.047957
v 1.145231 7.520669 1.046692
v 1.145213 7.521290 1.046402
v 1.146298 7.521849 1.047668
v 1.146329 7.521090 1.048021
v 1.146330 7.520695 1.046692
v 1.145658 7.520823 1.048137
v 1.145789 7.520371 1.046837
v 1.143900 7.521791 1.047668
v 1.143917 7.521169 1.047957
v 1.143932 7.520637 1.046692
v 1.143915 7.521259 1.046402
v 1.144557 7.522195 1.047488
v 1.144456 7.521583 1.046258
v 1.145000 7.521818 1.047668
v 1.145014 7.521286 1.046402
v 1.145032 7.520664 1.046692
v 1.144476 7.520871 1.048102
v 1.144491 7.520339 1.046837
v 1.144580 7.520705 1.048180
v 1.144597 7.520083 1.048471
v 1.144595 7.520173 1.046916
v 1.145030 7.521058 1.048021
v 1.145136 7.520497 1.046771
v 1.145694 7.520200 1.046916
v 1.145710 7.519972 1.048535
v 1.145156 7.519785 1.048616
v 1.146435 7.524057 1.046649
v 1.146453 7.523435 1.046936
v 1.146468 7.522903 1.045669
v 1.146326 7.523461 1.045410
v 1.146977 7.524382 1.046506
v 1.146991 7.523849 1.045239
v 1.147550 7.523552 1.045382
v 1.147692 7.522995 1.045641
v 1.147011 7.523138 1.047079
v 1.147026 7.522606 1.045813
v 1.147116 7.522972 1.047157
v 1.147133 7.522349 1.047445
v 1.147657 7.523296 1.047014
v 1.147672 7.522764 1.045747
v 1.148236 7.522604 1.045827
v 1.148233 7.522377 1.047445
v 1.147692 7.522052 1.047589
v 1.145817 7.522940 1.047157
v 1.145856 7.522226 1.047488
v 1.145844 7.521647 1.046244
v 1.145832 7.522408 1.045891
v 1.146358 7.523264 1.047014
v 1.146253 7.522806 1.045712
v 1.146917 7.522966 1.047157
v 1.147006 7.522375 1.045919
v 1.146934 7.522345 1.047445
v 1.147074 7.521877 1.046151
v 1.146393 7.522020 1.047589
v 1.146408 7.521488 1.046324
v 1.146497 7.521854 1.047668
v 1.146515 7.521232 1.047957
v 1.146529 7.520700 1.046692
v 1.146387 7.521257 1.046431
v 1.147038 7.522178 1.047523
v 1.147053 7.521646 1.046258
v 1.147597 7.521881 1.047668
v 1.147617 7.521487 1.046338
v 1.147614 7.521259 1.047957
v 1.146957 7.520855 1.048137
v 1.147088 7.520402 1.046837
v 1.140004 7.521696 1.047668
v 1.139893 7.521132 1.047928
v 1.140036 7.520542 1.046692
v 1.140019 7.521164 1.046402
v 1.140560 7.521488 1.046258
v 1.141118 7.521191 1.046402
v 1.141134 7.520963 1.048021
v 1.141136 7.520569 1.046692
v 1.140580 7.520777 1.048102
v 1.140595 7.520245 1.046837
v 1.140701 7.519989 1.048471
v 1.140716 7.519456 1.047207
v 1.140699 7.520078 1.046916
v 1.141240 7.520402 1.046771
v 1.141784 7.520637 1.048180
v 1.141798 7.520105 1.046916
v 1.141801 7.520015 1.048471
v 1.141816 7.519483 1.047207
v 1.141144 7.519611 1.048652
v 1.139385 7.520578 1.048180
v 1.139403 7.519957 1.048471
v 1.139418 7.519425 1.047207
v 1.139400 7.520047 1.046916
v 1.139927 7.520903 1.048035
v 1.139941 7.520371 1.046771
v 1.140613 7.520547 1.048209
v 1.140500 7.520073 1.046916
v 1.140516 7.519845 1.048535
v 1.139961 7.519659 1.048616
v 1.139976 7.519127 1.047353
v 1.140098 7.518339 1.047724
v 1.140080 7.518960 1.047432
v 1.140501 7.519359 1.047250
v 1.141186 7.519126 1.047367
v 1.141322 7.518430 1.047696
v 1.140732 7.518545 1.049147
v 1.140656 7.518041 1.047871
v 1.141921 7.522845 1.047157
v 1.141953 7.521691 1.046180
v 1.141936 7.522313 1.045891
v 1.142462 7.523170 1.047014
v 1.142477 7.522637 1.045747
v 1.143021 7.522871 1.047157
v 1.143036 7.522340 1.045891
v 1.143038 7.522250 1.047445
v 1.143053 7.521718 1.046180
v 1.142381 7.521846 1.047625
v 1.142512 7.521393 1.046324
v 1.142601 7.521759 1.047668
v 1.142491 7.521195 1.047928
v 1.142633 7.520605 1.046692
v 1.143142 7.522083 1.047523
v 1.143157 7.521552 1.046258
v 1.143701 7.521786 1.047668
v 1.143716 7.521254 1.046402
v 1.143718 7.521164 1.047957
v 1.143733 7.520632 1.046692
v 1.143177 7.520840 1.048102
v 1.143192 7.520308 1.046837
v 1.141302 7.521728 1.047668
v 1.141320 7.521106 1.047957
v 1.141335 7.520574 1.046692
v 1.141317 7.521195 1.046402
v 1.141960 7.522131 1.047488
v 1.141858 7.521520 1.046258
v 1.142491 7.521163 1.046431
v 1.142434 7.520600 1.046692
v 1.141878 7.520808 1.048102
v 1.141893 7.520276 1.046837
v 1.141983 7.520642 1.048180
v 1.142000 7.520020 1.048471
v 1.142015 7.519488 1.047207
v 1.141997 7.520110 1.046916
v 1.142524 7.520966 1.048035
v 1.142539 7.520434 1.046771
v 1.143082 7.520669 1.048180
v 1.143100 7.520047 1.048471
v 1.142559 7.519722 1.048616
v 1.141364 7.519525 1.048695
v 1.141253 7.518960 1.048958
v 1.141379 7.518992 1.047432
v 1.141905 7.519849 1.048550
v 1.141920 7.519317 1.047286
v 1.142464 7.519551 1.048695
v 1.142484 7.519157 1.047367
v 1.142481 7.518929 1.048987
v 1.142496 7.518397 1.047724
v 1.141940 7.518605 1.049133
v 1.141955 7.518073 1.047871
v 1.142044 7.518439 1.049212
v 1.142062 7.517817 1.049505
v 1.142076 7.517284 1.048244
v 1.142059 7.517907 1.047951
v 1.142600 7.518231 1.047804
v 1.143159 7.517933 1.047951
v 1.143175 7.517706 1.049570
v 1.143176 7.517312 1.048244
v 1.142504 7.517439 1.049688
v 1.142635 7.516987 1.048391
v 1.140763 7.517785 1.049505
v 1.140778 7.517253 1.048244
v 1.140761 7.517875 1.047951
v 1.141287 7.518731 1.049066
v 1.141302 7.518199 1.047804
v 1.141845 7.518434 1.049212
v 1.141860 7.517901 1.047951
v 1.141878 7.517280 1.048244
v 1.141322 7.517488 1.049652
v 1.141336 7.516955 1.048391
v 1.141426 7.517321 1.049732
v 1.141443 7.516699 1.050026
v 1.141458 7.516167 1.048766
v 1.141441 7.516789 1.048471
v 1.141876 7.517674 1.049570
v 1.141982 7.517113 1.048324
v 1.142540 7.516816 1.048471
v 1.142002 7.516402 1.050174
v 1.142017 7.515870 1.048914
v 1.143281 7.520673 1.048180
v 1.143299 7.520051 1.048471
v 1.143314 7.519519 1.047207
v 1.143172 7.520077 1.046945
v 1.143822 7.520998 1.048035
v 1.143837 7.520465 1.046771
v 1.144381 7.520700 1.048180
v 1.144396 7.520168 1.046916
v 1.144538 7.519610 1.047179
v 1.143857 7.519754 1.048616
v 1.143872 7.519222 1.047353
v 1.143994 7.518434 1.047724
v 1.144412 7.519940 1.048535
v 1.144518 7.519380 1.047286
v 1.145189 7.519556 1.048724
v 1.145082 7.519221 1.047367
v 1.145092 7.518855 1.049052
v 1.145093 7.518460 1.047724
v 1.144552 7.518136 1.047871
v 1.142663 7.519556 1.048695
v 1.142701 7.518843 1.049030
v 1.142695 7.518402 1.047724
v 1.142678 7.519024 1.047432
v 1.143204 7.519880 1.048550
v 1.143099 7.519422 1.047250
v 1.143891 7.519525 1.048724
v 1.143852 7.518991 1.047461
v 1.143851 7.519024 1.048958
v 1.143795 7.518429 1.047724
v 1.143123 7.518557 1.049169
v 1.143254 7.518105 1.047871
v 1.143343 7.518470 1.049212
v 1.143360 7.517848 1.049505
v 1.143375 7.517316 1.048244
v 1.143358 7.517938 1.047951
v 1.143884 7.518795 1.049066
v 1.143899 7.518262 1.047804
v 1.144421 7.518589 1.049169
v 1.144457 7.517965 1.047951
v 1.144460 7.517875 1.049505
v 1.143919 7.517550 1.049652
v 1.143934 7.517019 1.048391
v 1.145879 7.520737 1.048180
v 1.145896 7.520115 1.048471
v 1.145911 7.519583 1.047207
v 1.145893 7.520205 1.046916
v 1.146435 7.520529 1.046771
v 1.147009 7.520004 1.048535
v 1.147011 7.519609 1.047207
v 1.146454 7.519817 1.048616
v 1.146469 7.519285 1.047353
v 1.146448 7.519087 1.048958
v 1.146591 7.518497 1.047724
v 1.146574 7.519119 1.047432
v 1.147658 7.519678 1.048695
v 1.147689 7.518918 1.049052
v 1.147815 7.518588 1.047696
v 1.147019 7.518651 1.049169
v 1.147060 7.518167 1.047885
v 1.145278 7.518997 1.048987
v 1.145292 7.518465 1.047724
v 1.145275 7.519087 1.047432
v 1.145696 7.519485 1.047250
v 1.146488 7.519588 1.048724
v 1.146375 7.519114 1.047432
v 1.146376 7.518400 1.047768
v 1.145971 7.518094 1.047907
v 1.145940 7.518533 1.049212
v 1.145958 7.517911 1.049505
v 1.145972 7.517379 1.048244
v 1.146481 7.518857 1.049066
v 1.146516 7.517614 1.049652
v 1.146531 7.517082 1.048391
v 1.147796 7.521885 1.047668
v 1.147828 7.520732 1.046692
v 1.147811 7.521354 1.046402
v 1.148337 7.522210 1.047523
v 1.148232 7.521752 1.046222
v 1.148896 7.521913 1.047668
v 1.148910 7.521380 1.046402
v 1.148928 7.520759 1.046692
v 1.148256 7.520886 1.048137
v 1.148387 7.520434 1.046837
v 1.148476 7.520800 1.048180
v 1.148493 7.520178 1.048471
v 1.148366 7.520203 1.046945
v 1.148926 7.521152 1.048021
v 1.149032 7.520592 1.046771
v 1.149704 7.520768 1.048209
v 1.149590 7.520295 1.046916
v 1.149606 7.520067 1.048535
v 1.149608 7.519672 1.047207
v 1.149052 7.519880 1.048616
v 1.149067 7.519348 1.047353
v 1.147177 7.520768 1.048180
v 1.147195 7.520146 1.048471
v 1.147204 7.519476 1.047272
v 1.147068 7.520172 1.046945
v 1.147834 7.521172 1.048000
v 1.147613 7.520634 1.046735
v 1.148294 7.520173 1.048471
v 1.148434 7.519705 1.047179
v 1.147753 7.519849 1.048616
v 1.147679 7.519284 1.047367
v 1.147857 7.519682 1.048695
v 1.147875 7.519061 1.048987
v 1.147872 7.519150 1.047432
v 1.148399 7.520007 1.048550
v 1.148413 7.519475 1.047286
v 1.148972 7.519177 1.047432
v 1.148975 7.519087 1.048987
v 1.148433 7.518763 1.049133
v 1.147239 7.518565 1.049212
v 1.147128 7.518001 1.049476
v 1.147197 7.517470 1.048215
v 1.147254 7.518033 1.047951
v 1.147795 7.518357 1.047804
v 1.148339 7.518592 1.049212
v 1.148359 7.518198 1.047885
v 1.147815 7.517645 1.049652
v 1.147830 7.517114 1.048391
v 1.147919 7.517479 1.049732
v 1.147936 7.516857 1.050026
v 1.147809 7.516883 1.048500
v 1.148460 7.517804 1.049585
v 1.148355 7.517345 1.048288
v 1.149019 7.517506 1.049732
v 1.149034 7.516974 1.048471
v 1.149036 7.516884 1.050026
v 1.149051 7.516352 1.048766
v 1.148495 7.516560 1.050174
v 1.148510 7.516028 1.048914
v 1.146620 7.517447 1.049732
v 1.146638 7.516826 1.050026
v 1.146653 7.516294 1.048766
v 1.146635 7.516915 1.048471
v 1.147161 7.517772 1.049585
v 1.147176 7.517240 1.048324
v 1.147720 7.517474 1.049732
v 1.147877 7.516385 1.048737
v 1.147196 7.516528 1.050174
v 1.147211 7.515996 1.048914
v 1.147327 7.515406 1.049196
v 1.147315 7.515830 1.048994
v 1.147751 7.516715 1.050092
v 1.147856 7.516154 1.048846
v 1.148415 7.515856 1.048994
v 1.148504 7.516304 1.050295
v 1.148418 7.515711 1.049063
v 1.149085 7.519651 1.048724
v 1.149173 7.519092 1.048987
v 1.149188 7.518560 1.047724
v 1.149171 7.519182 1.047432
v 1.149712 7.519506 1.047286
v 1.150384 7.519682 1.048724
v 1.150271 7.519208 1.047432
v 1.150286 7.518981 1.049052
v 1.150288 7.518587 1.047724
v 1.149732 7.518795 1.049133
v 1.149854 7.518006 1.049505
v 1.149868 7.517474 1.048244
v 1.149851 7.518096 1.047951
v 1.150392 7.518420 1.047804
v 1.150951 7.518123 1.047951
v 1.151023 7.518091 1.049479
v 1.150968 7.517501 1.048244
v 1.150412 7.517709 1.049652
v 1.148538 7.518597 1.049212
v 1.148427 7.518033 1.049476
v 1.148570 7.517443 1.048244
v 1.148552 7.518064 1.047951
v 1.149079 7.518921 1.049066
v 1.148973 7.518463 1.047768
v 1.149765 7.518565 1.049241
v 1.149658 7.518229 1.047885
v 1.149655 7.518002 1.049505
v 1.149114 7.517677 1.049652
v 1.149128 7.517145 1.048391
v 1.142724 7.517353 1.049732
v 1.142614 7.516789 1.049997
v 1.142757 7.516199 1.048766
v 1.142739 7.516821 1.048471
v 1.143280 7.517145 1.048324
v 1.143824 7.517379 1.049732
v 1.143855 7.516620 1.050092
v 1.143180 7.516354 1.050210
v 1.143315 7.515901 1.048914
v 1.142041 7.516181 1.050279
v 1.142056 7.515653 1.049017
v 1.142647 7.516560 1.050106
v 1.142542 7.516101 1.048810
v 1.144642 7.518502 1.049212
v 1.144659 7.517880 1.049505
v 1.144674 7.517348 1.048244
v 1.144657 7.517970 1.047951
v 1.145198 7.518294 1.047804
v 1.145720 7.518620 1.049169
v 1.145756 7.517996 1.047951
v 1.145759 7.517907 1.049505
v 1.145774 7.517375 1.048244
v 1.145218 7.517582 1.049652
v 1.145322 7.517416 1.049732
v 1.145354 7.516262 1.048766
v 1.145353 7.516976 1.048427
v 1.145863 7.517740 1.049585
v 1.145878 7.517208 1.048324
v 1.146421 7.517443 1.049732
v 1.146436 7.516911 1.048471
v 1.146454 7.516289 1.048766
v 1.145913 7.515965 1.048914
v 1.144023 7.517385 1.049732
v 1.144040 7.516763 1.050026
v 1.144055 7.516231 1.048766
v 1.143913 7.516788 1.048500
v 1.144564 7.517709 1.049585
v 1.144459 7.517251 1.048288
v 1.145123 7.517411 1.049732
v 1.145138 7.516879 1.048471
v 1.145211 7.516852 1.049997
v 1.145155 7.516257 1.048766
v 1.152187 7.527504 1.045138
v 1.152204 7.526882 1.045421
v 1.152219 7.526350 1.044151
v 1.152202 7.526972 1.043867
v 1.152743 7.527297 1.043726
v 1.153302 7.526999 1.043867
v 1.153319 7.526377 1.044151
v 1.152763 7.526585 1.045562
v 1.152778 7.526052 1.044293
v 1.152885 7.525796 1.045923
v 1.152899 7.525264 1.044655
v 1.152882 7.525887 1.044370
v 1.153408 7.526743 1.045498
v 1.153423 7.526211 1.044228
v 1.153982 7.525913 1.044370
v 1.153998 7.525686 1.045987
v 1.153999 7.525291 1.044655
v 1.153327 7.525419 1.046101
v 1.153458 7.524967 1.044797
v 1.151569 7.526387 1.045639
v 1.151586 7.525765 1.045923
v 1.151601 7.525233 1.044655
v 1.151583 7.525855 1.044370
v 1.152125 7.526179 1.044228
v 1.152796 7.526355 1.045667
v 1.152683 7.525881 1.044370
v 1.152699 7.525654 1.045987
v 1.152700 7.525259 1.044655
v 1.152144 7.525467 1.046066
v 1.152266 7.524679 1.046429
v 1.152281 7.524147 1.045161
v 1.152264 7.524769 1.044875
v 1.152805 7.525093 1.044732
v 1.153363 7.524796 1.044875
v 1.152825 7.524382 1.046571
v 1.152840 7.523849 1.045304
v 1.154802 7.526946 1.045421
v 1.154817 7.526413 1.044151
v 1.154784 7.527567 1.045138
v 1.155139 7.527782 1.045044
v 1.154828 7.527129 1.043825
v 1.155132 7.526773 1.045503
v 1.155146 7.526239 1.044234
v 1.153415 7.527473 1.045166
v 1.153375 7.526972 1.045393
v 1.153518 7.526382 1.044151
v 1.153501 7.527004 1.043867
v 1.154027 7.527860 1.044996
v 1.154042 7.527328 1.043726
v 1.154585 7.527563 1.045138
v 1.154600 7.527030 1.043867
v 1.154615 7.526802 1.045484
v 1.154618 7.526409 1.044151
v 1.154062 7.526617 1.045562
v 1.154076 7.526084 1.044293
v 1.154742 7.525531 1.046066
v 1.154757 7.524999 1.044797
v 1.154183 7.525828 1.045923
v 1.154198 7.525296 1.044655
v 1.154095 7.526387 1.045667
v 1.154181 7.525918 1.044370
v 1.154722 7.526242 1.044228
v 1.155199 7.525805 1.045945
v 1.153547 7.525332 1.046143
v 1.153437 7.524769 1.046400
v 1.153505 7.524238 1.045133
v 1.153562 7.524800 1.044875
v 1.154103 7.525125 1.044732
v 1.154647 7.525360 1.046143
v 1.154675 7.524597 1.046493
v 1.154679 7.524205 1.045161
v 1.154123 7.524413 1.046571
v 1.154138 7.523881 1.045304
v 1.154695 7.523241 1.047118
v 1.154962 7.523433 1.047032
v 1.154245 7.523625 1.046936
v 1.154260 7.523093 1.045669
v 1.154242 7.523715 1.045382
v 1.155321 7.524271 1.046650
v 1.155162 7.523976 1.045272
v 1.154966 7.522885 1.045773
v 1.152929 7.524215 1.046649
v 1.152946 7.523593 1.046936
v 1.152961 7.523061 1.045669
v 1.152944 7.523683 1.045382
v 1.153470 7.524539 1.046506
v 1.153485 7.524007 1.045238
v 1.154157 7.524184 1.046677
v 1.154043 7.523710 1.045382
v 1.154059 7.523482 1.046999
v 1.153505 7.523296 1.047079
v 1.153520 7.522764 1.045813
v 1.154069 7.522130 1.047625
v 1.154685 7.522510 1.047456
v 1.154699 7.521977 1.046191
v 1.153626 7.522508 1.047445
v 1.153641 7.521976 1.046180
v 1.153624 7.522597 1.045891
v 1.154045 7.522995 1.045712
v 1.154724 7.522769 1.045824
v 1.154723 7.522628 1.047402
v 1.154738 7.522096 1.046136
v 1.155031 7.524638 1.046478
v 1.154872 7.524068 1.045226
v 1.154846 7.525364 1.046143
v 1.154735 7.524771 1.044902
v 1.155200 7.525577 1.046050
v 1.155217 7.525211 1.044705
v 1.149033 7.524120 1.046649
v 1.149050 7.523499 1.046936
v 1.149065 7.522966 1.045669
v 1.149048 7.523588 1.045382
v 1.149469 7.523986 1.045203
v 1.150153 7.523753 1.045318
v 1.150290 7.523057 1.045641
v 1.149713 7.523035 1.047157
v 1.149730 7.522413 1.047445
v 1.149745 7.521881 1.046180
v 1.149728 7.522502 1.045891
v 1.150254 7.523359 1.047014
v 1.150269 7.522827 1.045747
v 1.150828 7.522529 1.045891
v 1.150843 7.522302 1.047509
v 1.150845 7.521907 1.046180
v 1.150289 7.522115 1.047589
v 1.150304 7.521583 1.046324
v 1.148414 7.523003 1.047157
v 1.148432 7.522381 1.047445
v 1.148447 7.521849 1.046180
v 1.148429 7.522471 1.045891
v 1.148850 7.522869 1.045712
v 1.149493 7.523121 1.047115
v 1.149534 7.522636 1.045827
v 1.149546 7.521876 1.046180
v 1.149081 7.522055 1.047604
v 1.149112 7.521295 1.047957
v 1.149127 7.520763 1.046692
v 1.149125 7.521478 1.046360
v 1.149545 7.522270 1.047509
v 1.149650 7.521709 1.046258
v 1.150322 7.521886 1.047696
v 1.150209 7.521412 1.046402
v 1.150226 7.520790 1.046692
v 1.149670 7.520998 1.048102
v 1.149685 7.520466 1.046837
v 1.150950 7.525270 1.046143
v 1.150967 7.524648 1.046429
v 1.150982 7.524116 1.045161
v 1.150965 7.524737 1.044875
v 1.151491 7.525594 1.046001
v 1.151386 7.525136 1.044697
v 1.152178 7.525238 1.046171
v 1.152070 7.524902 1.044811
v 1.152067 7.524674 1.046429
v 1.152082 7.524142 1.045161
v 1.151526 7.524350 1.046571
v 1.151541 7.523818 1.045304
v 1.151630 7.524184 1.046649
v 1.151647 7.523561 1.046936
v 1.151662 7.523030 1.045669
v 1.152171 7.524508 1.046506
v 1.152186 7.523976 1.045238
v 1.152730 7.524210 1.046649
v 1.152745 7.523678 1.045382
v 1.152762 7.523057 1.045669
v 1.152206 7.523264 1.047079
v 1.152221 7.522732 1.045813
v 1.150261 7.524089 1.046677
v 1.150221 7.523588 1.046908
v 1.150346 7.523620 1.045382
v 1.150873 7.524477 1.046506
v 1.150767 7.524018 1.045203
v 1.151431 7.524179 1.046649
v 1.151520 7.523587 1.045410
v 1.151448 7.523557 1.046936
v 1.151463 7.523025 1.045669
v 1.150792 7.523153 1.047115
v 1.151012 7.523066 1.047157
v 1.151029 7.522444 1.047445
v 1.151044 7.521912 1.046180
v 1.151042 7.522626 1.045848
v 1.151553 7.523390 1.047014
v 1.151568 7.522859 1.045747
v 1.151587 7.522147 1.047589
v 1.151602 7.521615 1.046324
v 1.150282 7.521385 1.047928
v 1.150425 7.520795 1.046692
v 1.150408 7.521417 1.046402
v 1.150949 7.521741 1.046258
v 1.151523 7.521216 1.048021
v 1.151525 7.520822 1.046692
v 1.150969 7.521029 1.048102
v 1.150984 7.520497 1.046837
v 1.151091 7.520241 1.048471
v 1.151106 7.519709 1.047207
v 1.151088 7.520331 1.046916
v 1.152190 7.520268 1.048471
v 1.151649 7.519944 1.048616
v 1.149792 7.520209 1.048471
v 1.149807 7.519677 1.047207
v 1.149789 7.520299 1.046916
v 1.150316 7.521156 1.048035
v 1.150331 7.520624 1.046771
v 1.151002 7.520800 1.048209
v 1.150889 7.520326 1.046916
v 1.150892 7.520236 1.048471
v 1.150350 7.519912 1.048616
v 1.150365 7.519380 1.047353
v 1.150472 7.519124 1.048987
v 1.150487 7.518591 1.047724
v 1.150470 7.519214 1.047432
v 1.150996 7.520070 1.048550
v 1.150890 7.519612 1.047250
v 1.151554 7.519773 1.048695
v 1.151575 7.519379 1.047367
v 1.151572 7.519151 1.048987
v 1.151711 7.518683 1.047696
v 1.150915 7.518746 1.049169
v 1.151166 7.518220 1.047907
v 1.152239 7.523035 1.047186
v 1.152200 7.522534 1.047417
v 1.152343 7.521944 1.046180
v 1.152201 7.522501 1.045919
v 1.152760 7.523451 1.046999
v 1.152866 7.522890 1.045747
v 1.153538 7.523067 1.047186
v 1.153425 7.522593 1.045891
v 1.153440 7.522365 1.047509
v 1.152770 7.522099 1.047625
v 1.152990 7.522012 1.047668
v 1.152880 7.521448 1.047928
v 1.153023 7.520858 1.046692
v 1.153021 7.521573 1.046360
v 1.153426 7.521878 1.046222
v 1.154110 7.521646 1.046338
v 1.154122 7.520885 1.046692
v 1.153450 7.521013 1.048137
v 1.151621 7.521917 1.047696
v 1.151709 7.521358 1.047957
v 1.151718 7.520688 1.046757
v 1.151582 7.521384 1.046431
v 1.152233 7.522305 1.047523
v 1.152128 7.521846 1.046222
v 1.152806 7.521475 1.046402
v 1.152152 7.520981 1.048137
v 1.152283 7.520529 1.046837
v 1.152372 7.520895 1.048180
v 1.152389 7.520273 1.048471
v 1.152404 7.519741 1.047207
v 1.152262 7.520298 1.046945
v 1.152913 7.521219 1.048035
v 1.152808 7.520761 1.046735
v 1.153492 7.520527 1.046852
v 1.153504 7.519767 1.047207
v 1.152963 7.519443 1.047353
v 1.152390 7.518850 1.049137
v 1.152377 7.518317 1.047876
v 1.151771 7.519156 1.048987
v 1.151753 7.519777 1.048695
v 1.151768 7.519245 1.047432
v 1.152295 7.520102 1.048550
v 1.152189 7.519643 1.047250
v 1.152830 7.519896 1.048652
v 1.152868 7.519272 1.047432
v 1.152882 7.518753 1.047676
v 1.151412 7.517319 1.048335
v 1.151167 7.517382 1.048303
v 1.151135 7.518660 1.049212
v 1.151676 7.518984 1.049066
v 1.151691 7.518452 1.047804
v 1.152249 7.518677 1.049217
v 1.152445 7.518000 1.048025
v 1.151445 7.517888 1.049580
v 1.153671 7.520926 1.048180
v 1.153550 7.520326 1.048459
v 1.153681 7.519734 1.047225
v 1.153685 7.520394 1.046916
v 1.154186 7.520690 1.046783
v 1.154172 7.521225 1.048047
v 1.135181 7.526298 1.045498
v 1.134776 7.525475 1.044357
v 1.135242 7.525768 1.044228
v 1.135914 7.525945 1.045667
v 1.135800 7.525471 1.044370
v 1.135818 7.524849 1.044655
v 1.135262 7.525056 1.046066
v 1.134976 7.525211 1.045992
v 1.134991 7.524681 1.044722
v 1.135383 7.524269 1.046429
v 1.135398 7.523736 1.045161
v 1.135381 7.524358 1.044875
v 1.135816 7.525243 1.045987
v 1.135922 7.524683 1.044732
v 1.136594 7.524859 1.046171
v 1.136481 7.524385 1.044875
v 1.136554 7.524358 1.046400
v 1.136498 7.523763 1.045161
v 1.135942 7.523971 1.046572
v 1.135957 7.523439 1.045304
v 1.136046 7.523804 1.046649
v 1.136064 7.523182 1.046936
v 1.136078 7.522651 1.045669
v 1.136587 7.524129 1.046506
v 1.136602 7.523597 1.045239
v 1.137146 7.523831 1.046649
v 1.137161 7.523299 1.045382
v 1.137234 7.523272 1.046908
v 1.137178 7.522677 1.045669
v 1.136622 7.522885 1.047079
v 1.136637 7.522353 1.045813
v 1.136744 7.522097 1.047445
v 1.136759 7.521564 1.046180
v 1.137267 7.523043 1.047014
v 1.137282 7.522511 1.045747
v 1.137826 7.522746 1.047157
v 1.137841 7.522213 1.045891
v 1.137843 7.522123 1.047445
v 1.137858 7.521591 1.046180
v 1.137302 7.521799 1.047589
v 1.137317 7.521267 1.046324
v 1.137439 7.520479 1.046692
v 1.137421 7.521101 1.046402
v 1.137948 7.521957 1.047523
v 1.137963 7.521425 1.046258
v 1.138506 7.521659 1.047668
v 1.138521 7.521128 1.046402
v 1.138524 7.521038 1.047957
v 1.138538 7.520505 1.046692
v 1.138073 7.520685 1.048116
v 1.137997 7.520181 1.046837
v 1.138119 7.519393 1.047207
v 1.138102 7.520015 1.046916
v 1.138628 7.520871 1.048035
v 1.138643 7.520339 1.046771
v 1.139186 7.520574 1.048180
v 1.139201 7.520041 1.046916
v 1.139219 7.519420 1.047207
v 1.138754 7.519599 1.048631
v 1.138677 7.519095 1.047353
v 1.138784 7.518839 1.048987
v 1.138799 7.518307 1.047724
v 1.138782 7.518929 1.047432
v 1.139217 7.519814 1.048535
v 1.139323 7.519253 1.047286
v 1.139995 7.519430 1.048724
v 1.139881 7.518956 1.047432
v 1.139955 7.518929 1.048958
v 1.139899 7.518334 1.047724
v 1.139343 7.518542 1.049133
v 1.139358 7.518010 1.047871
v 1.139447 7.518375 1.049212
v 1.139464 7.517754 1.049505
v 1.139479 7.517221 1.048244
v 1.139462 7.517843 1.047951
v 1.139988 7.518700 1.049066
v 1.140003 7.518167 1.047804
v 1.140547 7.518402 1.049212
v 1.140561 7.517870 1.047951
v 1.140564 7.517780 1.049505
v 1.140579 7.517248 1.048244
v 1.139898 7.517377 1.049688
v 1.140038 7.516924 1.048391
v 1.141225 7.516043 1.048822
v 1.135285 7.524831 1.046169
v 1.135175 7.524470 1.044821
v 1.135185 7.524263 1.046429
v 1.135080 7.524203 1.046455
v 1.135289 7.524097 1.046506
v 1.135200 7.523622 1.045211
v 1.135847 7.523799 1.046649
v 1.135936 7.523208 1.045410
v 1.135379 7.522887 1.047065
v 1.135115 7.523992 1.046552
v 1.135117 7.523508 1.045263
v 1.135879 7.523037 1.047001
v 1.135866 7.522550 1.045713
v 1.136655 7.522655 1.047186
v 1.136617 7.522122 1.045919
v 1.136560 7.521560 1.046180
v 1.135846 7.521230 1.046325
v 1.135725 7.521917 1.047517
v 1.135441 7.522695 1.047154
v 1.135431 7.522220 1.045861
v 1.136097 7.521743 1.047602
v 1.136122 7.521094 1.047903
v 1.136097 7.521038 1.046417
v 1.136558 7.521954 1.047509
v 1.136664 7.521393 1.046258
v 1.137336 7.521570 1.047696
v 1.137222 7.521096 1.046402
v 1.137296 7.521069 1.047928
v 1.137240 7.520474 1.046692
v 1.136684 7.520682 1.048102
v 1.136699 7.520150 1.046837
v 1.136208 7.520935 1.047978
v 1.136223 7.520403 1.046714
v 1.136788 7.520515 1.048180
v 1.136803 7.519983 1.046916
v 1.137329 7.520840 1.048035
v 1.137344 7.520308 1.046771
v 1.137888 7.520542 1.048180
v 1.137903 7.520010 1.046916
v 1.137976 7.519983 1.048442
v 1.137920 7.519388 1.047207
v 1.137364 7.519596 1.048616
v 1.137379 7.519064 1.047353
v 1.136747 7.519964 1.048437
v 1.136831 7.519386 1.047196
v 1.137468 7.519430 1.048695
v 1.137483 7.518898 1.047432
v 1.138009 7.519754 1.048550
v 1.138024 7.519222 1.047286
v 1.138568 7.519456 1.048695
v 1.138583 7.518924 1.047432
v 1.138585 7.518835 1.048987
v 1.138600 7.518302 1.047724
v 1.138075 7.518529 1.049124
v 1.138090 7.517997 1.047862
v 1.137476 7.519152 1.048825
v 1.137491 7.518620 1.047563
v 1.138689 7.518668 1.049066
v 1.138704 7.518136 1.047804
v 1.139248 7.518371 1.049212
v 1.139263 7.517838 1.047951
v 1.138912 7.517543 1.049598
v 1.138212 7.518378 1.049197
v 1.138226 7.517848 1.047934
v 1.139271 7.517623 1.049565
v 1.139263 7.517115 1.048292
v 1.136589 7.520511 1.048180
v 1.136395 7.520614 1.048130
v 1.136410 7.520082 1.046866
v 1.136604 7.519979 1.046916
v 1.136610 7.519766 1.047015
v 1.150516 7.517542 1.049732
v 1.150531 7.517010 1.048471
v 1.151169 7.517827 1.049605
v 1.150540 7.516722 1.048608
v 1.150525 7.517254 1.049868
v 1.148611 7.515575 1.049130
v 1.148614 7.515862 1.048994
v 1.149140 7.516717 1.050106
v 1.149155 7.516185 1.048846
v 1.149339 7.516610 1.050159
v 1.149353 7.516077 1.048900
v 1.142912 7.533893 1.042169
v 1.142929 7.533271 1.042446
v 1.143453 7.534217 1.042031
v 1.144011 7.533919 1.042169
v 1.144026 7.533387 1.040893
v 1.144029 7.533298 1.042446
v 1.144043 7.532765 1.041170
v 1.143502 7.532441 1.041309
v 1.142293 7.532775 1.042659
v 1.142311 7.532154 1.042937
v 1.142308 7.532243 1.041384
v 1.142834 7.533100 1.042521
v 1.142849 7.532568 1.041245
v 1.143372 7.532894 1.042618
v 1.143408 7.532270 1.041384
v 1.143410 7.532180 1.042937
v 1.143425 7.531648 1.041662
v 1.142869 7.531856 1.043075
v 1.142884 7.531324 1.041801
v 1.143331 7.535005 1.041681
v 1.142856 7.535258 1.041564
v 1.143348 7.534383 1.041957
v 1.143347 7.533759 1.040721
v 1.142807 7.534059 1.042094
v 1.142942 7.533453 1.040852
v 1.142249 7.534357 1.041957
v 1.142239 7.535011 1.041667
v 1.141630 7.533239 1.042446
v 1.141645 7.532707 1.041170
v 1.141628 7.533329 1.040893
v 1.142169 7.533653 1.040755
v 1.142713 7.533888 1.042169
v 1.142727 7.533356 1.040893
v 1.142730 7.533266 1.042446
v 1.142870 7.532798 1.041143
v 1.142189 7.532942 1.042584
v 1.142117 7.534431 1.040410
v 1.142063 7.534214 1.042018
v 1.142189 7.533884 1.040653
v 1.141600 7.533999 1.042108
v 1.141524 7.533495 1.040818
v 1.140965 7.533793 1.040680
v 1.140960 7.534114 1.040538
v 1.142017 7.535027 1.041658
v 1.144724 7.535208 1.041607
v 1.145189 7.535487 1.041489
v 1.145204 7.534955 1.040212
v 1.144739 7.534676 1.040330
v 1.144232 7.535473 1.041485
v 1.143530 7.535010 1.041681
v 1.143548 7.534388 1.041957
v 1.143562 7.533856 1.040680
v 1.143545 7.534478 1.040404
v 1.144071 7.535335 1.041544
v 1.144086 7.534802 1.040267
v 1.144645 7.534505 1.040404
v 1.144647 7.534415 1.041957
v 1.144662 7.533883 1.040680
v 1.144106 7.534091 1.042094
v 1.144121 7.533558 1.040818
v 1.144758 7.534979 1.041708
v 1.144861 7.533888 1.040680
v 1.144844 7.534510 1.040404
v 1.145370 7.535366 1.041544
v 1.145385 7.534834 1.040267
v 1.145928 7.535069 1.041681
v 1.145943 7.534536 1.040404
v 1.145946 7.534447 1.041957
v 1.145961 7.533915 1.040680
v 1.145420 7.533590 1.040818
v 1.144210 7.533924 1.042169
v 1.144228 7.533302 1.042446
v 1.144243 7.532771 1.041170
v 1.144225 7.533392 1.040893
v 1.144867 7.534328 1.041997
v 1.144766 7.533717 1.040755
v 1.145289 7.534043 1.042129
v 1.145325 7.533419 1.040893
v 1.145327 7.533329 1.042446
v 1.145467 7.532862 1.041143
v 1.144786 7.533005 1.042584
v 1.144801 7.532473 1.041309
v 1.146023 7.535240 1.041607
v 1.146325 7.534881 1.040256
v 1.145148 7.535722 1.041385
v 1.146017 7.534728 1.040321
v 1.146310 7.535414 1.041533
v 1.143426 7.535176 1.041607
v 1.143843 7.535426 1.041501
v 1.144065 7.534961 1.040196
v 1.143344 7.534591 1.040352
v 1.143156 7.535320 1.041540
v 1.142886 7.534756 1.040275
v 1.152910 7.519320 1.048922
v 1.153075 7.518985 1.047569
v 1.153052 7.519809 1.048695
v 1.153067 7.519277 1.047432
v 1.150329 7.517138 1.049921
v 1.150343 7.516604 1.048661
v 1.150083 7.516997 1.049985
v 1.150019 7.516421 1.048744
v 1.149679 7.516783 1.050081
v 1.149568 7.516187 1.048850
v 1.149552 7.516720 1.050110
v 1.149235 7.516889 1.050026
v 1.149250 7.516357 1.048766
v 1.149218 7.517511 1.049732
v 1.149233 7.516979 1.048471
v 1.149759 7.517835 1.049585
v 1.149654 7.517377 1.048288
v 1.150317 7.517538 1.049732
v 1.150341 7.517143 1.048406
v 1.145988 7.516468 1.050188
v 1.146017 7.515798 1.048994
v 1.146452 7.516683 1.050092
v 1.146558 7.516122 1.048846
v 1.147225 7.516300 1.050282
v 1.147116 7.515825 1.048994
v 1.147175 7.515896 1.050473
v 1.147126 7.515353 1.049219
v 1.146033 7.515213 1.049273
v 1.144689 7.516436 1.050188
v 1.144718 7.515767 1.048994
v 1.145244 7.516623 1.050106
v 1.145259 7.516091 1.048846
v 1.145803 7.516325 1.050254
v 1.145818 7.515793 1.048994
v 1.145819 7.515723 1.050540
v 1.145834 7.515190 1.049282
v 1.144719 7.515724 1.050527
v 1.144734 7.515192 1.049268
v 1.143405 7.516267 1.050254
v 1.143301 7.515672 1.049023
v 1.143840 7.516133 1.048810
v 1.144504 7.516294 1.050254
v 1.144525 7.515900 1.048929
v 1.144520 7.515718 1.050528
v 1.144534 7.515185 1.049269
v 1.143288 7.515880 1.050436
v 1.143369 7.515336 1.049183
v 1.140127 7.517290 1.049732
v 1.140041 7.516698 1.048498
v 1.140668 7.517614 1.049585
v 1.140683 7.517082 1.048324
v 1.141227 7.517316 1.049732
v 1.141242 7.516784 1.048471
v 1.141204 7.516532 1.050102
v 1.140026 7.517072 1.049833
v 1.140107 7.516495 1.048595
v 1.148533 7.534879 1.041793
v 1.148548 7.534347 1.040516
v 1.148543 7.534510 1.041957
v 1.148558 7.533978 1.040680
v 1.148002 7.534185 1.042094
v 1.148017 7.533653 1.040818
v 1.147444 7.534483 1.041957
v 1.147458 7.533951 1.040680
v 1.147447 7.535210 1.041635
v 1.147478 7.534673 1.040361
v 1.152562 7.532209 1.043023
v 1.152576 7.531677 1.041749
v 1.153308 7.531255 1.043458
v 1.153263 7.530842 1.042130
v 1.152524 7.530911 1.043603
v 1.152655 7.530459 1.042295
v 1.152102 7.531197 1.043471
v 1.152096 7.530756 1.042156
v 1.151993 7.531847 1.043179
v 1.151954 7.531315 1.041904
v 1.154524 7.529135 1.044425
v 1.154125 7.529978 1.044040
v 1.154140 7.529446 1.042768
v 1.154538 7.528602 1.043153
v 1.154000 7.528820 1.044562
v 1.154015 7.528287 1.043290
v 1.153463 7.529026 1.044463
v 1.153456 7.528585 1.043149
v 1.153439 7.529207 1.042868
v 1.153965 7.530064 1.044000
v 1.153980 7.529531 1.042728
v 1.154584 7.528941 1.044513
v 1.154599 7.528409 1.043242
v 1.154927 7.527886 1.044994
v 1.154941 7.527352 1.043725
v 1.154680 7.527734 1.045061
v 1.154122 7.528031 1.044920
v 1.154137 7.527499 1.043649
v 1.154104 7.528653 1.044638
v 1.154119 7.528121 1.043367
v 1.136976 7.529909 1.042371
v 1.136993 7.529287 1.042652
v 1.136322 7.529417 1.044098
v 1.136452 7.528963 1.042792
v 1.135941 7.529235 1.042663
v 1.136507 7.530829 1.043465
v 1.136457 7.530185 1.042241
v 1.141198 7.515567 1.052335
v 1.142475 7.514184 1.050081
v 1.144642 7.516772 1.057042
v 1.143423 7.516872 1.056981
v 1.139679 7.515208 1.049559
v 1.135496 7.518706 1.047842
v 1.141638 7.534556 1.040033
v 1.144806 7.514857 1.049137
v 1.134636 7.524666 1.044465
v 1.134803 7.523960 1.044835
v 1.136819 7.531215 1.041478
v 1.143773 7.535024 1.039840
v 1.138844 7.517297 1.048899
v 1.141357 7.515920 1.049570
v 1.143030 7.515423 1.049807
v 1.144445 7.515239 1.049880
v 1.142602 7.515148 1.048964
v 1.139669 7.516396 1.048346
v 1.141182 7.515588 1.048735
v 1.136986 7.518964 1.048069
v 1.138378 7.517299 1.047874
v 1.136053 7.530381 1.042812
v 1.135309 7.528705 1.043595
v 1.140077 7.534153 1.041147
v 1.139124 7.533592 1.041441
v 1.138016 7.532741 1.041816
v 1.138785 7.533121 1.040666
v 1.141902 7.534969 1.040868
v 1.145507 7.516774 1.057051
v 1.140202 7.517786 1.056512
v 1.141845 7.517175 1.056819
v 1.139612 7.518070 1.056371
v 1.137924 7.519091 1.055872
v 1.136153 7.520704 1.055099
v 1.137143 7.516917 1.048705
v 1.135243 7.521894 1.054536
v 1.133515 7.526362 1.052465
v 1.133471 7.525401 1.047456
v 1.133645 7.530591 1.050555
v 1.139460 7.536217 1.042974
v 1.136241 7.535539 1.048383
v 1.139331 7.538003 1.047335
v 1.137282 7.536555 1.047947
v 1.138382 7.535453 1.043017
v 1.140608 7.536762 1.042759
v 1.141809 7.538994 1.046928
v 1.144335 7.539404 1.046776
v 1.143042 7.539265 1.046823
v 1.135766 7.519455 1.050725
v 1.134367 7.521698 1.049129
v 1.133986 7.529656 1.045523
v 1.133501 7.527432 1.046539
v 1.134276 7.520964 1.046780
v 1.134092 7.524161 1.053477
v 1.134099 7.532004 1.049927
v 1.135463 7.534567 1.048804
v 1.133864 7.523037 1.048578
v 1.134919 7.531778 1.044734
v 1.141616 7.536037 1.040050
v 1.133571 7.528099 1.046433
v 1.141188 7.514560 1.049879
v 1.140322 7.515049 1.050078
v 1.138187 7.516107 1.049096
v 1.138891 7.516328 1.050998
v 1.137700 7.533954 1.040923
v 1.143484 7.536454 1.039910
v 1.144035 7.513935 1.050213
v 1.136601 7.532978 1.041351
v 1.139585 7.535204 1.040388
v 1.134462 7.522522 1.045755
v 1.134855 7.527035 1.044337
v 1.136260 7.519441 1.046890
v 1.135713 7.520998 1.047121
v 1.134397 7.523352 1.048373
v 1.135125 7.522183 1.045653
v 1.134810 7.522332 1.045593
v 1.136709 7.518909 1.047154
v 1.135116 7.527878 1.043203
v 1.134014 7.528765 1.043187
v 1.135486 7.531651 1.041913
v 1.136226 7.530811 1.041749
v 1.135068 7.528024 1.042950
v 1.136935 7.531636 1.042275
v 1.135942 7.529850 1.042173
v 1.134773 7.525927 1.043918
v 1.134753 7.524985 1.045273
v 1.134987 7.522939 1.046217
v 1.133428 7.529146 1.051202
v 1.134279 7.527659 1.046397
v 1.134284 7.527033 1.043611
v 1.139590 7.520946 1.047197
v 1.141535 7.528127 1.043923
v 1.147331 7.514096 1.050168
v 1.154359 7.518345 1.048246
v 1.153963 7.520866 1.055225
v 1.156579 7.526810 1.047071
v 1.145307 7.539410 1.046784
v 1.146385 7.536462 1.039910
v 1.148788 7.538772 1.047099
v 1.150519 7.516241 1.048589
v 1.151680 7.515918 1.049364
v 1.153143 7.517052 1.048834
v 1.147686 7.534869 1.040010
v 1.148778 7.515563 1.048894
v 1.149275 7.515495 1.048982
v 1.151804 7.517179 1.048142
v 1.153912 7.519510 1.047026
v 1.154956 7.521810 1.045987
v 1.155401 7.524956 1.044548
v 1.155147 7.527522 1.043345
v 1.151505 7.532914 1.040898
v 1.146025 7.535120 1.039878
v 1.155148 7.523190 1.046334
v 1.145394 7.535449 1.040691
v 1.145839 7.515309 1.049924
v 1.152649 7.518479 1.048500
v 1.154795 7.521911 1.046894
v 1.153781 7.519819 1.047876
v 1.155142 7.527525 1.044298
v 1.149971 7.534181 1.041287
v 1.145897 7.515258 1.049905
v 1.146885 7.515022 1.049076
v 1.147342 7.515473 1.049790
v 1.149836 7.516373 1.049455
v 1.152349 7.517776 1.047824
v 1.150473 7.516426 1.048579
v 1.153455 7.531286 1.042633
v 1.151706 7.533033 1.041827
v 1.149474 7.534109 1.040326
v 1.147679 7.535099 1.040868
v 1.147946 7.534741 1.040194
v 1.150196 7.517957 1.056546
v 1.148080 7.517158 1.056899
v 1.153102 7.519986 1.055627
v 1.152176 7.519199 1.055985
v 1.156218 7.525190 1.053250
v 1.155354 7.522990 1.054255
v 1.154676 7.521798 1.054799
v 1.156579 7.525344 1.047747
v 1.156474 7.526640 1.052591
v 1.154664 7.532613 1.045000
v 1.155883 7.531872 1.050223
v 1.150843 7.537816 1.047538
v 1.149983 7.538280 1.047327
v 1.151645 7.537310 1.047769
v 1.153275 7.535954 1.048383
v 1.153666 7.535544 1.048567
v 1.152587 7.536589 1.048096
v 1.147025 7.539232 1.046880
v 1.147868 7.539045 1.046970
v 1.155862 7.530210 1.045483
v 1.156307 7.530467 1.050858
v 1.155351 7.531520 1.045824
v 1.155185 7.533349 1.049557
v 1.154020 7.535131 1.048755
v 1.154431 7.534587 1.048999
v 1.156044 7.521497 1.046778
v 1.156375 7.528612 1.046272
v 1.155789 7.529454 1.045845
v 1.155680 7.528246 1.046315
v 1.148868 7.514515 1.049995
v 1.155851 7.522160 1.049475
v 1.156369 7.523737 1.048573
v 1.149200 7.536719 1.042518
v 1.155852 7.529350 1.043181
v 1.151764 7.534997 1.042277
v 1.153713 7.533526 1.043627
v 1.148095 7.536145 1.040078
v 1.145052 7.536540 1.039866
v 1.155772 7.524249 1.048142
v 1.150417 7.515170 1.049720
v 1.145898 7.513917 1.050241
v 1.152946 7.533465 1.041305
v 1.151598 7.534517 1.040819
v 1.150088 7.535384 1.040421
v 1.155694 7.524566 1.044914
v 1.154743 7.528568 1.042893
v 1.155205 7.522844 1.045496
v 1.155222 7.519669 1.047630
v 1.156032 7.522473 1.049048
v 1.154652 7.529067 1.043609
v 1.155693 7.527304 1.043716
v 1.154570 7.531677 1.042112
v 1.153365 7.531154 1.041693
v 1.156545 7.528564 1.051718
v 1.155349 7.525431 1.045305
v 1.120410 7.620232 1.066388
v 1.120810 7.619794 1.066688
v 1.119060 7.622963 1.066563
v 1.117832 7.626067 1.066561
v 1.121398 7.619261 1.066567
v 1.122686 7.618197 1.066605
v 1.132792 7.613017 1.066483
v 1.126506 7.615689 1.066423
v 1.141935 7.611563 1.066538
v 1.117534 7.638034 1.083964
v 1.117357 7.636935 1.085133
v 1.117359 7.636954 1.098659
v 1.117540 7.638071 1.098659
v 1.117769 7.639178 1.098659
v 1.118043 7.640275 1.098659
v 1.118362 7.641356 1.098659
v 1.117764 7.639153 1.084100
v 1.119587 7.644497 1.098659
v 1.120082 7.645504 1.098659
v 1.119134 7.643467 1.098659
v 1.118726 7.642420 1.098659
v 1.117234 7.636096 1.076308
v 1.117486 7.637825 1.073362
v 1.117742 7.639081 1.072371
v 1.118031 7.640221 1.072999
v 1.117720 7.627205 1.073308
v 1.117423 7.628853 1.075778
v 1.117611 7.627905 1.084033
v 1.117415 7.629030 1.085319
v 1.117280 7.629778 1.073941
v 1.117266 7.630151 1.085258
v 1.117166 7.630658 1.072489
v 1.117165 7.631258 1.081361
v 1.117102 7.632307 1.075961
v 1.117414 7.629041 1.098660
v 1.117610 7.627923 1.098660
v 1.117265 7.630166 1.098660
v 1.117162 7.631296 1.098660
v 1.117107 7.632430 1.098660
v 1.117223 7.635808 1.085104
v 1.117225 7.635829 1.098660
v 1.117138 7.634676 1.085102
v 1.117139 7.634699 1.098660
v 1.117099 7.633565 1.098660
v 1.117097 7.633487 1.080164
v 1.117094 7.634117 1.073493
v 1.120258 7.620333 1.066519
v 1.119799 7.621380 1.066681
v 1.118859 7.623566 1.079863
v 1.123883 7.547325 1.093815
v 1.124088 7.547136 1.093814
v 1.123507 7.547657 1.093774
v 1.119282 7.622527 1.093471
v 1.123165 7.547997 1.093732
v 1.118858 7.623574 1.093387
v 1.124738 7.546774 1.093899
v 1.124294 7.546947 1.093866
v 1.120258 7.620332 1.093657
v 1.119285 7.622514 1.072962
v 1.119749 7.621499 1.093554
v 1.117854 7.626816 1.098660
v 1.118143 7.625721 1.098661
v 1.118144 7.625706 1.082855
v 1.118478 7.624640 1.093302
v 1.122859 7.548341 1.093689
v 1.122859 7.548341 1.098661
v 1.118485 7.624606 1.076670
v 1.117857 7.626793 1.080342
v 1.129381 7.545435 1.094164
v 1.128705 7.545591 1.094136
v 1.128054 7.545751 1.094107
v 1.127429 7.545915 1.094075
v 1.124147 7.617140 1.094073
v 1.126832 7.546083 1.094042
v 1.123406 7.617659 1.094007
v 1.125730 7.616137 1.094195
v 1.124309 7.546937 1.098661
v 1.125215 7.546599 1.093933
v 1.125723 7.546426 1.093968
v 1.122031 7.618719 1.093861
v 1.126263 7.546253 1.094004
v 1.126547 7.546168 1.094041
v 1.126045 7.546315 1.098659
v 1.122032 7.618719 1.066927
v 1.133168 7.612905 1.094539
v 1.134194 7.612620 1.094566
v 1.134701 7.544545 1.094309
v 1.133889 7.544647 1.094293
v 1.132600 7.544831 1.094265
v 1.132160 7.613220 1.094508
v 1.131171 7.613564 1.094474
v 1.129043 7.545513 1.098662
v 1.130081 7.545286 1.094190
v 1.130803 7.545143 1.094215
v 1.130442 7.545215 1.098662
v 1.128333 7.614753 1.094351
v 1.131547 7.545007 1.094237
v 1.131928 7.544943 1.098662
v 1.129255 7.614332 1.094396
v 1.141677 7.611570 1.094665
v 1.140590 7.611614 1.094660
v 1.138425 7.611810 1.094642
v 1.140551 7.544127 1.094370
v 1.139505 7.611694 1.094653
v 1.135947 7.544413 1.094328
v 1.135115 7.544499 1.098663
v 1.137216 7.544300 1.094344
v 1.136791 7.544336 1.098663
v 1.138506 7.544216 1.094357
v 1.137352 7.611961 1.094627
v 1.138506 7.544215 1.098663
v 1.135234 7.612367 1.094590
v 1.117022 7.631890 1.068927
v 1.117169 7.635715 1.072182
v 1.117523 7.637934 1.071581
v 1.117028 7.632801 1.068797
v 1.117276 7.636505 1.070866
v 1.118127 7.625616 1.070466
v 1.118540 7.624221 1.066666
v 1.118860 7.623514 1.069833
v 1.117535 7.627645 1.069255
v 1.120809 7.619794 1.093722
v 1.121400 7.619256 1.093791
v 1.126568 7.615657 1.094251
v 1.124870 7.616667 1.066379
v 1.124922 7.616632 1.094135
v 1.129637 7.614165 1.066462
v 1.127437 7.615195 1.094303
v 1.130202 7.613935 1.094437
v 1.128319 7.614760 1.066373
v 1.136287 7.612147 1.094610
v 1.142765 7.611562 1.094666
v 1.117279 7.627784 1.066570
v 1.117100 7.628852 1.066818
v 1.134881 7.657975 1.082772
v 1.139623 7.658922 1.083161
v 1.141312 7.659022 1.098659
v 1.141314 7.659017 1.083213
v 1.138064 7.658720 1.098659
v 1.137898 7.658679 1.082895
v 1.136502 7.658412 1.082935
v 1.126282 7.653281 1.080351
v 1.131815 7.656798 1.082030
v 1.130336 7.656061 1.081705
v 1.129015 7.655268 1.081095
v 1.128016 7.654606 1.080827
v 1.120085 7.645510 1.076457
v 1.124064 7.651170 1.079463
v 1.123166 7.650144 1.078953
v 1.124448 7.651500 1.079041
v 1.122484 7.649289 1.077992
v 1.120613 7.646474 1.076478
v 1.121792 7.648337 1.077352
v 1.119593 7.644510 1.075319
v 1.118360 7.641341 1.073642
v 1.118729 7.642418 1.074019
v 1.117064 7.630647 1.069071
v 1.117339 7.628858 1.070489
v 1.132828 7.657248 1.098659
v 1.134883 7.657979 1.098659
v 1.135936 7.658275 1.098658
v 1.136993 7.658521 1.098659
v 1.140225 7.658971 1.098659
v 1.139141 7.658870 1.098659
v 1.133847 7.657637 1.098659
v 1.126283 7.653282 1.098659
v 1.127142 7.653974 1.098659
v 1.128029 7.654625 1.098659
v 1.128943 7.655236 1.098659
v 1.125455 7.652552 1.098659
v 1.131825 7.656812 1.098659
v 1.129881 7.655805 1.098659
v 1.130843 7.656331 1.098659
v 1.127141 7.653972 1.080723
v 1.120620 7.646486 1.098659
v 1.121198 7.647443 1.098659
v 1.121816 7.648373 1.098659
v 1.122472 7.649273 1.098659
v 1.124658 7.651784 1.098659
v 1.123894 7.650981 1.098659
v 1.123165 7.650143 1.098659
v 1.164490 7.621571 1.066466
v 1.165420 7.623763 1.066604
v 1.166773 7.627895 1.066383
v 1.163975 7.619856 1.066409
v 1.164952 7.622613 1.066978
v 1.162579 7.618567 1.066498
v 1.158042 7.615527 1.066376
v 1.155872 7.614444 1.066430
v 1.151247 7.612771 1.066508
v 1.146561 7.611827 1.066385
v 1.149194 7.612267 1.066581
v 1.166221 7.639256 1.098659
v 1.166465 7.638149 1.098659
v 1.166465 7.638144 1.086580
v 1.166243 7.639166 1.082027
v 1.165932 7.640350 1.098659
v 1.165597 7.641430 1.098659
v 1.165217 7.642495 1.098659
v 1.165217 7.642495 1.086130
v 1.166570 7.637678 1.074839
v 1.165956 7.640259 1.080417
v 1.165606 7.641395 1.082248
v 1.163811 7.645581 1.076487
v 1.163821 7.645567 1.098659
v 1.164789 7.643548 1.074262
v 1.163268 7.646554 1.098659
v 1.164327 7.644568 1.098659
v 1.164794 7.643540 1.098659
v 1.164326 7.644572 1.083253
v 1.166915 7.630615 1.074995
v 1.166850 7.635743 1.073499
v 1.166703 7.636800 1.077632
v 1.166920 7.634698 1.080135
v 1.167036 7.633275 1.071689
v 1.166662 7.637033 1.098660
v 1.166811 7.635907 1.098660
v 1.166914 7.634777 1.098660
v 1.166978 7.633460 1.076617
v 1.166969 7.633643 1.098660
v 1.166827 7.635794 1.081995
v 1.166717 7.629097 1.081755
v 1.166852 7.630232 1.085319
v 1.166853 7.630244 1.098660
v 1.166719 7.629118 1.098660
v 1.166938 7.631371 1.086803
v 1.166939 7.631374 1.098660
v 1.166980 7.632332 1.076525
v 1.166978 7.632508 1.098660
v 1.166647 7.628433 1.074695
v 1.166307 7.626874 1.080285
v 1.166032 7.625779 1.078631
v 1.166535 7.627982 1.081793
v 1.166538 7.628001 1.098660
v 1.166310 7.626893 1.098661
v 1.166036 7.625797 1.098661
v 1.165716 7.624714 1.098661
v 1.165712 7.624691 1.074620
v 1.159951 7.547348 1.098661
v 1.159552 7.546798 1.093896
v 1.159951 7.547348 1.093856
v 1.164490 7.621570 1.093635
v 1.160316 7.547681 1.098661
v 1.160316 7.547681 1.093815
v 1.164943 7.622599 1.093554
v 1.160646 7.548020 1.098661
v 1.160646 7.548020 1.093774
v 1.165351 7.623648 1.093471
v 1.159546 7.546791 1.098661
v 1.159119 7.546631 1.093934
v 1.158653 7.546463 1.093971
v 1.158155 7.546297 1.094007
v 1.157626 7.546131 1.094042
v 1.161605 7.617807 1.094007
v 1.163458 7.619353 1.093791
v 1.155863 7.545650 1.098662
v 1.155221 7.545496 1.098662
v 1.155221 7.545496 1.094164
v 1.155863 7.545650 1.094136
v 1.159419 7.616320 1.094195
v 1.156479 7.545807 1.098662
v 1.156479 7.545807 1.094107
v 1.157835 7.546188 1.098662
v 1.157067 7.545968 1.094075
v 1.160912 7.617303 1.094073
v 1.156935 7.614947 1.094351
v 1.154553 7.545349 1.094190
v 1.153496 7.545129 1.098662
v 1.153861 7.545206 1.094215
v 1.153146 7.545069 1.094237
v 1.152409 7.544940 1.094257
v 1.156048 7.614525 1.094396
v 1.155134 7.614124 1.094437
v 1.148866 7.544458 1.094328
v 1.150085 7.544598 1.094309
v 1.149681 7.544550 1.098663
v 1.152251 7.613068 1.094539
v 1.151249 7.612771 1.094566
v 1.150877 7.544703 1.094293
v 1.151652 7.544817 1.094276
v 1.151265 7.544761 1.098663
v 1.154196 7.613747 1.094474
v 1.148038 7.544377 1.098663
v 1.147620 7.544339 1.094344
v 1.146347 7.544246 1.098663
v 1.146034 7.544220 1.094360
v 1.150229 7.612504 1.094590
v 1.149194 7.612267 1.094610
v 1.148144 7.612063 1.094628
v 1.147084 7.611893 1.094642
v 1.142438 7.544111 1.098663
v 1.143314 7.544120 1.098663
v 1.143313 7.544117 1.094373
v 1.144935 7.611657 1.094660
v 1.144622 7.544158 1.098663
v 1.146013 7.611757 1.094653
v 1.167072 7.632213 1.067672
v 1.166492 7.638112 1.071169
v 1.167066 7.633681 1.068686
v 1.166753 7.636660 1.070628
v 1.167176 7.630496 1.067124
v 1.166669 7.628222 1.070060
v 1.165904 7.625128 1.067713
v 1.165349 7.623632 1.072290
v 1.163995 7.619870 1.093714
v 1.167080 7.629101 1.066408
v 1.166308 7.626674 1.070355
v 1.166201 7.625992 1.067222
v 1.160183 7.616806 1.094135
v 1.160181 7.616806 1.067570
v 1.158622 7.615846 1.094251
v 1.162879 7.618835 1.093866
v 1.162261 7.618320 1.093938
v 1.157794 7.615388 1.094303
v 1.153234 7.613394 1.094508
v 1.143852 7.611591 1.094665
v 1.144246 7.611610 1.066471
v 1.147290 7.658412 1.082735
v 1.146725 7.658536 1.098659
v 1.145797 7.658695 1.082792
v 1.148857 7.657991 1.082471
v 1.144100 7.658927 1.083097
v 1.142418 7.659017 1.083160
v 1.154388 7.655542 1.081036
v 1.156177 7.654366 1.080453
v 1.152984 7.656311 1.081350
v 1.150412 7.657471 1.082243
v 1.151998 7.656792 1.081618
v 1.162919 7.647006 1.075980
v 1.161379 7.649331 1.077373
v 1.162675 7.647511 1.076779
v 1.163265 7.646559 1.076242
v 1.157705 7.653161 1.079680
v 1.158786 7.652199 1.079157
v 1.164286 7.644636 1.074730
v 1.165220 7.642479 1.073693
v 1.166257 7.639189 1.071713
v 1.165812 7.640806 1.072723
v 1.166999 7.630539 1.070126
v 1.148843 7.658002 1.098659
v 1.149883 7.657662 1.098659
v 1.147789 7.658293 1.098659
v 1.145652 7.658732 1.098659
v 1.142400 7.659024 1.098659
v 1.143487 7.658976 1.098659
v 1.144572 7.658878 1.098659
v 1.156640 7.654021 1.098659
v 1.157509 7.653332 1.098659
v 1.155744 7.654669 1.098659
v 1.153875 7.655843 1.098659
v 1.154822 7.655277 1.098659
v 1.152906 7.656365 1.098659
v 1.150908 7.657276 1.098659
v 1.151917 7.656843 1.098659
v 1.162676 7.647509 1.098659
v 1.162045 7.648437 1.098659
v 1.161376 7.649335 1.098659
v 1.160544 7.650352 1.078018
v 1.160671 7.650203 1.098659
v 1.158347 7.652604 1.098659
v 1.159153 7.651840 1.098659
v 1.159929 7.651038 1.098659
v 1.118562 7.624405 1.066379
v 1.117174 7.628963 1.066655
v 1.117294 7.628026 1.066404
v 1.117138 7.633678 1.069135
v 1.119483 7.630317 1.067185
v 1.120305 7.645701 1.075830
v 1.119141 7.643478 1.074677
v 1.118228 7.640579 1.072989
v 1.121198 7.647442 1.076974
v 1.125276 7.652380 1.079641
v 1.133367 7.657460 1.082414
v 1.134253 7.657675 1.082353
v 1.144561 7.658802 1.082848
v 1.156676 7.653900 1.079928
v 1.159883 7.650938 1.078220
v 1.162050 7.648428 1.076890
v 1.165123 7.642573 1.073471
v 1.166775 7.635798 1.069650
v 1.166347 7.638416 1.071122
v 1.166026 7.625590 1.066382
v 1.162970 7.618987 1.066379
v 1.159426 7.616324 1.066468
v 1.160912 7.617303 1.066483
v 1.156826 7.614893 1.066496
v 1.152745 7.613228 1.066493
v 1.154036 7.613687 1.066380
v 1.148145 7.612063 1.066543
v 1.150231 7.612504 1.066381
v 1.139486 7.611689 1.066440
v 1.135887 7.612228 1.066437
v 1.134178 7.612634 1.066408
v 1.131168 7.613567 1.066383
v 1.123698 7.617455 1.066380
v 1.123059 7.649834 1.078108
v 1.127847 7.654401 1.080604
v 1.140103 7.658894 1.082961
v 1.136777 7.656054 1.081345
v 1.167101 7.630097 1.066631
v 1.164662 7.631265 1.067130
v 1.163646 7.626218 1.066469
v 1.142259 7.611614 1.066373
v 1.137398 7.611955 1.066375
v 1.119588 7.628254 1.066474
v 1.124478 7.621830 1.066633
v 1.128489 7.621526 1.067052
v 1.125644 7.625448 1.066978
v 1.124535 7.630181 1.067271
v 1.120800 7.629402 1.066766
v 1.121873 7.628827 1.066675
v 1.125183 7.629477 1.067134
v 1.120110 7.637270 1.071038
v 1.122491 7.630725 1.067422
v 1.125413 7.642622 1.074054
v 1.123011 7.638245 1.071603
v 1.121903 7.643158 1.074310
v 1.128751 7.652450 1.079436
v 1.126779 7.649611 1.077863
v 1.128281 7.643651 1.074723
v 1.130105 7.648356 1.077208
v 1.140358 7.651582 1.078955
v 1.134181 7.652756 1.079550
v 1.141636 7.654077 1.080203
v 1.148025 7.651015 1.078497
v 1.147527 7.655287 1.080756
v 1.150440 7.647583 1.076709
v 1.154238 7.651845 1.078736
v 1.158371 7.641858 1.073210
v 1.154830 7.647785 1.076545
v 1.158206 7.648751 1.076942
v 1.162539 7.642016 1.073118
v 1.161298 7.638939 1.071452
v 1.164311 7.634916 1.069115
v 1.162063 7.631034 1.067071
v 1.158926 7.636764 1.070436
v 1.163532 7.629937 1.066577
v 1.160598 7.630012 1.066898
v 1.160442 7.625103 1.066712
v 1.157034 7.625944 1.067228
v 1.160526 7.618512 1.066481
v 1.161365 7.621054 1.066475
v 1.154142 7.617130 1.067063
v 1.154672 7.617433 1.067064
v 1.157290 7.617869 1.066749
v 1.156950 7.620748 1.066829
v 1.155330 7.615793 1.066537
v 1.152291 7.614231 1.066486
v 1.146873 7.615007 1.067206
v 1.151094 7.615494 1.066944
v 1.153464 7.615975 1.066801
v 1.147930 7.612953 1.066471
v 1.143974 7.613810 1.066839
v 1.142688 7.612700 1.066512
v 1.148355 7.614112 1.066731
v 1.134448 7.613564 1.066481
v 1.137600 7.612587 1.066443
v 1.137536 7.613834 1.066701
v 1.138849 7.614759 1.067156
v 1.129456 7.615418 1.066489
v 1.130619 7.616232 1.066794
v 1.125896 7.618359 1.066646
v 1.123084 7.619420 1.066456
v 1.124122 7.619043 1.066533
v 1.124463 7.618396 1.066489
v 1.127197 7.620954 1.066843
v 1.128203 7.617889 1.066888
v 1.129070 7.620984 1.067064
v 1.125365 7.621473 1.066687
v 1.130687 7.617053 1.067064
v 1.129575 7.617646 1.067061
v 1.128758 7.617510 1.066887
v 1.127170 7.618018 1.066757
v 1.128457 7.626945 1.067520
v 1.133775 7.631029 1.068811
v 1.137289 7.631368 1.069524
v 1.127995 7.630787 1.067907
v 1.129804 7.630474 1.068026
v 1.137130 7.632058 1.069618
v 1.130513 7.631638 1.068606
v 1.132095 7.631062 1.068533
v 1.137178 7.631729 1.069533
v 1.125605 7.631839 1.068225
v 1.137226 7.633649 1.070499
v 1.126860 7.637578 1.071478
v 1.130786 7.636871 1.071489
v 1.130106 7.640891 1.073460
v 1.134811 7.641044 1.073915
v 1.138626 7.636485 1.072064
v 1.133196 7.645821 1.076081
v 1.141446 7.637990 1.072872
v 1.137893 7.641281 1.074215
v 1.138217 7.649818 1.078107
v 1.144353 7.645442 1.076046
v 1.141140 7.643687 1.075345
v 1.150426 7.642314 1.074192
v 1.144906 7.636950 1.072238
v 1.147491 7.643153 1.074842
v 1.155010 7.644112 1.074641
v 1.153886 7.639607 1.072492
v 1.146798 7.634039 1.070581
v 1.146216 7.635554 1.071440
v 1.153969 7.636035 1.070635
v 1.158132 7.631254 1.067531
v 1.153728 7.631896 1.068436
v 1.147012 7.632206 1.069566
v 1.157183 7.630660 1.067479
v 1.146933 7.631836 1.069523
v 1.151851 7.631450 1.068538
v 1.151831 7.628270 1.068323
v 1.152733 7.617064 1.067281
v 1.153247 7.620831 1.067281
v 1.151812 7.621394 1.067533
v 1.154306 7.621731 1.067254
v 1.145145 7.628797 1.069523
v 1.150786 7.624748 1.068124
v 1.145981 7.629701 1.069520
v 1.152199 7.616816 1.067281
v 1.151319 7.620978 1.067534
v 1.150826 7.616863 1.067531
v 1.143935 7.620837 1.068128
v 1.147971 7.616568 1.067817
v 1.149201 7.616310 1.067534
v 1.148482 7.620838 1.067817
v 1.147248 7.622031 1.068133
v 1.144115 7.628053 1.069525
v 1.149898 7.621835 1.067825
v 1.145519 7.616046 1.067819
v 1.141827 7.615076 1.067430
v 1.137624 7.616348 1.067818
v 1.140140 7.620820 1.068127
v 1.140980 7.615852 1.067820
v 1.141467 7.627700 1.069524
v 1.134298 7.615011 1.066848
v 1.135642 7.616241 1.067533
v 1.136291 7.616668 1.067818
v 1.135779 7.620810 1.067818
v 1.131519 7.617238 1.067278
v 1.132933 7.620948 1.067534
v 1.133436 7.616986 1.067529
v 1.133947 7.622234 1.067837
v 1.132628 7.616734 1.067281
v 1.136538 7.622235 1.068134
v 1.139844 7.628129 1.069506
v 1.131007 7.620796 1.067281
v 1.130063 7.621845 1.067286
v 1.131988 7.621829 1.067539
v 1.130776 7.625048 1.067734
v 1.133056 7.623778 1.067942
v 1.138535 7.629165 1.069524
v 1.142038 7.633033 1.082334
v 1.144015 7.635487 1.082159
v 1.141291 7.636136 1.082157
v 1.139375 7.634595 1.082156
v 1.139117 7.632078 1.082157
v 1.140725 7.630173 1.082156
v 1.142965 7.630000 1.082156
v 1.145047 7.632195 1.082166
v 1.146935 7.636576 1.081625
v 1.144678 7.638606 1.081625
v 1.141767 7.639257 1.081625
v 1.138925 7.638368 1.081625
v 1.136852 7.636158 1.081625
v 1.136049 7.632779 1.081629
v 1.136946 7.629838 1.081622
v 1.139065 7.627625 1.081629
v 1.142310 7.626808 1.081625
v 1.144807 7.627517 1.081622
v 1.146220 7.628630 1.081619
v 1.147556 7.630606 1.081625
v 1.147980 7.633669 1.081625
v 1.150732 7.634487 1.080747
v 1.150115 7.636603 1.080737
v 1.148959 7.638677 1.080747
v 1.146947 7.640611 1.080742
v 1.144430 7.641858 1.080747
v 1.141719 7.642197 1.080741
v 1.139545 7.641841 1.080741
v 1.137029 7.640620 1.080747
v 1.135062 7.638661 1.080741
v 1.133948 7.636684 1.080741
v 1.133259 7.633880 1.080747
v 1.133595 7.630452 1.080747
v 1.135118 7.627388 1.080747
v 1.136634 7.625839 1.080737
v 1.138603 7.624596 1.080747
v 1.141833 7.623852 1.080747
v 1.144534 7.624226 1.080741
v 1.146012 7.624835 1.080737
v 1.147465 7.625783 1.080741
v 1.149366 7.627885 1.080747
v 1.150498 7.630465 1.080741
v 1.150789 7.632097 1.080737
v 1.153538 7.633312 1.079522
v 1.153264 7.635617 1.079530
v 1.152607 7.637705 1.079522
v 1.151539 7.639748 1.079530
v 1.150192 7.641442 1.079522
v 1.148479 7.642936 1.079530
v 1.146631 7.643998 1.079522
v 1.144514 7.644733 1.079530
v 1.142426 7.645014 1.079522
v 1.140982 7.644979 1.079522
v 1.138792 7.644561 1.079531
v 1.136839 7.643760 1.079522
v 1.134958 7.642534 1.079530
v 1.133426 7.641035 1.079522
v 1.132113 7.639168 1.079530
v 1.131223 7.637185 1.079522
v 1.130816 7.635743 1.079522
v 1.130532 7.633442 1.079530
v 1.130671 7.631253 1.079522
v 1.131220 7.629000 1.079530
v 1.132122 7.627013 1.079522
v 1.133428 7.625124 1.079531
v 1.134966 7.623618 1.079522
v 1.136160 7.622762 1.079522
v 1.138121 7.621737 1.079514
v 1.140213 7.621205 1.079522
v 1.143007 7.620999 1.079512
v 1.145911 7.621719 1.079522
v 1.147238 7.622305 1.079522
v 1.149122 7.623534 1.079530
v 1.150651 7.625031 1.079522
v 1.151963 7.626895 1.079530
v 1.152854 7.628880 1.079522
v 1.153413 7.631123 1.079530
v 1.155908 7.635204 1.077992
v 1.156075 7.632515 1.078007
v 1.155242 7.637937 1.078007
v 1.154137 7.640378 1.077992
v 1.152553 7.642670 1.078007
v 1.150667 7.644519 1.077992
v 1.148388 7.646048 1.078007
v 1.145985 7.647048 1.077992
v 1.143332 7.647597 1.078007
v 1.140749 7.647608 1.077992
v 1.139007 7.647335 1.077992
v 1.136439 7.646488 1.078007
v 1.134175 7.645198 1.077992
v 1.132090 7.643422 1.078007
v 1.130447 7.641353 1.077992
v 1.129140 7.638898 1.078007
v 1.128346 7.636339 1.077992
v 1.128067 7.634527 1.077992
v 1.128061 7.631712 1.078007
v 1.128550 7.629065 1.077992
v 1.129539 7.626439 1.078007
v 1.130927 7.624160 1.077992
v 1.132090 7.622772 1.077992
v 1.133410 7.621546 1.077992
v 1.134866 7.616817 1.077992
v 1.136434 7.616343 1.077992
v 1.138874 7.615829 1.077993
v 1.141566 7.615606 1.077992
v 1.144381 7.615669 1.077995
v 1.146763 7.616014 1.077992
v 1.148383 7.616392 1.077992
v 1.149902 7.620867 1.077992
v 1.151297 7.621981 1.077992
v 1.152547 7.623270 1.077992
v 1.153630 7.624712 1.077992
v 1.154937 7.627167 1.078007
v 1.155730 7.629726 1.077992
v 1.158191 7.635562 1.076172
v 1.158379 7.633430 1.076172
v 1.157747 7.637654 1.076172
v 1.157056 7.639672 1.076172
v 1.156129 7.641587 1.076172
v 1.154978 7.643366 1.076172
v 1.153624 7.644982 1.076172
v 1.152087 7.646410 1.076172
v 1.150392 7.647627 1.076172
v 1.148565 7.648614 1.076172
v 1.146635 7.649355 1.076172
v 1.144632 7.649838 1.076172
v 1.142589 7.650057 1.076172
v 1.140537 7.650007 1.076172
v 1.138509 7.649690 1.076172
v 1.136536 7.649109 1.076172
v 1.134650 7.648275 1.076172
v 1.132880 7.647201 1.076172
v 1.131255 7.645904 1.076172
v 1.129800 7.644403 1.076172
v 1.128538 7.642723 1.076172
v 1.127489 7.640890 1.076172
v 1.126670 7.638933 1.076172
v 1.126092 7.636884 1.076172
v 1.125767 7.634773 1.076172
v 1.125697 7.632635 1.076172
v 1.125886 7.630503 1.076172
v 1.126329 7.628412 1.076172
v 1.127020 7.626393 1.076172
v 1.127948 7.624478 1.076172
v 1.129098 7.622699 1.076172
v 1.130453 7.621083 1.076172
v 1.131989 7.616940 1.076172
v 1.133685 7.616245 1.076172
v 1.135512 7.615662 1.076172
v 1.138519 7.615017 1.076202
v 1.141488 7.614755 1.076172
v 1.144621 7.614833 1.076208
v 1.147541 7.615264 1.076172
v 1.149427 7.615731 1.076172
v 1.151196 7.616322 1.076172
v 1.152822 7.617016 1.076172
v 1.154276 7.621663 1.076172
v 1.155539 7.623343 1.076172
v 1.156587 7.625175 1.076172
v 1.157407 7.627132 1.076172
v 1.157984 7.629182 1.076172
v 1.158310 7.631292 1.076172
v 1.160219 7.635880 1.074092
v 1.160431 7.633480 1.074092
v 1.159720 7.638234 1.074092
v 1.158942 7.640506 1.074092
v 1.157898 7.642661 1.074092
v 1.156603 7.644664 1.074092
v 1.155079 7.646483 1.074092
v 1.153349 7.648090 1.074092
v 1.151441 7.649460 1.074092
v 1.149385 7.650570 1.074092
v 1.147212 7.651404 1.074092
v 1.144958 7.651949 1.074092
v 1.142658 7.652195 1.074092
v 1.140348 7.652139 1.074092
v 1.138065 7.651781 1.074092
v 1.135845 7.651128 1.074092
v 1.133722 7.650189 1.074092
v 1.131730 7.648981 1.074092
v 1.129901 7.647520 1.074092
v 1.128263 7.645831 1.074092
v 1.126843 7.643939 1.074092
v 1.125662 7.641877 1.074092
v 1.124740 7.639674 1.074092
v 1.124090 7.637367 1.074092
v 1.123723 7.634992 1.074092
v 1.123645 7.632585 1.074092
v 1.123858 7.630186 1.074092
v 1.124357 7.627831 1.074092
v 1.125134 7.625559 1.074092
v 1.126179 7.623405 1.074092
v 1.127473 7.621402 1.074092
v 1.128998 7.617493 1.074091
v 1.130728 7.616574 1.074092
v 1.132636 7.615756 1.074092
v 1.134692 7.615067 1.074092
v 1.136865 7.614534 1.074092
v 1.139119 7.614173 1.074091
v 1.141419 7.613998 1.074092
v 1.143728 7.614014 1.074091
v 1.146012 7.614219 1.074091
v 1.148232 7.614605 1.074091
v 1.150355 7.615158 1.074091
v 1.152347 7.615856 1.074091
v 1.154176 7.616673 1.074091
v 1.155813 7.617581 1.074092
v 1.157234 7.622126 1.074092
v 1.158415 7.624188 1.074092
v 1.159337 7.626391 1.074092
v 1.159987 7.628698 1.074092
v 1.160354 7.631073 1.074092
v 1.161961 7.636152 1.071782
v 1.162193 7.633523 1.071782
v 1.161414 7.638732 1.071782
v 1.160562 7.641222 1.071782
v 1.159417 7.643583 1.071782
v 1.157999 7.645778 1.071782
v 1.156329 7.647771 1.071782
v 1.154433 7.649533 1.071782
v 1.152342 7.651033 1.071782
v 1.150088 7.652251 1.071782
v 1.147708 7.653164 1.071782
v 1.145238 7.653761 1.071782
v 1.142717 7.654031 1.071782
v 1.140186 7.653969 1.071782
v 1.137684 7.653577 1.071782
v 1.135251 7.652862 1.071782
v 1.132925 7.651833 1.071782
v 1.130743 7.650508 1.071782
v 1.128738 7.648908 1.071782
v 1.126944 7.647057 1.071782
v 1.125387 7.644985 1.071782
v 1.124093 7.642724 1.071782
v 1.123083 7.640311 1.071782
v 1.122370 7.637783 1.071782
v 1.121969 7.635180 1.071782
v 1.121883 7.632542 1.071782
v 1.122116 7.629913 1.071782
v 1.122663 7.627333 1.071782
v 1.123515 7.624843 1.071782
v 1.124660 7.622482 1.071782
v 1.126078 7.618445 1.071782
v 1.127748 7.617324 1.071782
v 1.129644 7.616281 1.071782
v 1.131735 7.615350 1.071782
v 1.133988 7.614566 1.071782
v 1.136369 7.613958 1.071782
v 1.138839 7.613547 1.071782
v 1.141359 7.613348 1.071782
v 1.143890 7.613368 1.071782
v 1.146392 7.613604 1.071782
v 1.148826 7.614046 1.071782
v 1.151152 7.614677 1.071782
v 1.153334 7.615472 1.071782
v 1.155339 7.616402 1.071782
v 1.157133 7.617432 1.071782
v 1.158689 7.621081 1.071782
v 1.159984 7.623341 1.071782
v 1.160994 7.625755 1.071782
v 1.161706 7.628283 1.071782
v 1.162108 7.630886 1.071782
v 1.163388 7.636376 1.069280
v 1.163638 7.633558 1.069280
v 1.162802 7.639141 1.069280
v 1.161889 7.641809 1.069280
v 1.160663 7.644339 1.069280
v 1.159142 7.646691 1.069280
v 1.157352 7.648828 1.069280
v 1.155321 7.650715 1.069280
v 1.153080 7.652324 1.069280
v 1.150665 7.653628 1.069280
v 1.148114 7.654607 1.069280
v 1.145467 7.655246 1.069280
v 1.142766 7.655535 1.069280
v 1.140054 7.655469 1.069280
v 1.137373 7.655049 1.069280
v 1.134765 7.654283 1.069280
v 1.132272 7.653180 1.069280
v 1.129933 7.651760 1.069280
v 1.127785 7.650045 1.069280
v 1.125862 7.648061 1.069280
v 1.124194 7.645841 1.069280
v 1.122808 7.643418 1.069280
v 1.121724 7.640832 1.069280
v 1.120961 7.638123 1.069280
v 1.120531 7.635333 1.069280
v 1.120439 7.632507 1.069280
v 1.120689 7.629690 1.069280
v 1.121274 7.626925 1.069280
v 1.122188 7.624256 1.069280
v 1.123414 7.621726 1.069280
v 1.124934 7.618438 1.069280
v 1.126724 7.617205 1.069280
v 1.128756 7.616055 1.069280
v 1.130997 7.615027 1.069280
v 1.133412 7.614161 1.069280
v 1.135963 7.613489 1.069280
v 1.138610 7.613035 1.069280
v 1.141311 7.612815 1.069280
v 1.144023 7.612838 1.069280
v 1.146704 7.613100 1.069280
v 1.149312 7.613591 1.069280
v 1.151805 7.614290 1.069280
v 1.154143 7.615169 1.069280
v 1.156291 7.616195 1.069280
v 1.158215 7.617330 1.069280
v 1.159883 7.618532 1.069280
v 1.161269 7.622647 1.069280
v 1.162353 7.625233 1.069280
v 1.163116 7.627943 1.069280
v 1.163546 7.630732 1.069280
v 1.164479 7.636547 1.066626
v 1.164741 7.633585 1.066626
v 1.163863 7.639453 1.066626
v 1.162903 7.642258 1.066626
v 1.161614 7.644917 1.066626
v 1.160016 7.647389 1.066626
v 1.158135 7.649635 1.066626
v 1.156000 7.651618 1.066626
v 1.153644 7.653309 1.066626
v 1.151106 7.654680 1.066626
v 1.148425 7.655709 1.066626
v 1.145642 7.656381 1.066626
v 1.142803 7.656685 1.066626
v 1.139952 7.656616 1.066626
v 1.137134 7.656174 1.066626
v 1.134393 7.655368 1.066626
v 1.131773 7.654210 1.066626
v 1.129315 7.652717 1.066626
v 1.127057 7.650914 1.066626
v 1.125036 7.648829 1.066626
v 1.123283 7.646495 1.066626
v 1.121825 7.643949 1.066626
v 1.120686 7.641231 1.066626
v 1.119884 7.638383 1.066626
v 1.119432 7.635450 1.066626
v 1.119336 7.632480 1.066626
v 1.119598 7.629519 1.066626
v 1.120214 7.626613 1.066626
v 1.121174 7.623808 1.066626
v 1.122463 7.621148 1.066626
v 1.124061 7.618447 1.066626
v 1.125942 7.617126 1.066626
v 1.128077 7.615891 1.066626
v 1.130432 7.614787 1.066626
v 1.132971 7.613855 1.066626
v 1.135652 7.613132 1.066626
v 1.138435 7.612644 1.066626
v 1.141273 7.612408 1.066626
v 1.144125 7.612433 1.066626
v 1.146943 7.612717 1.066626
v 1.149683 7.613246 1.066626
v 1.152304 7.613998 1.066626
v 1.154762 7.614944 1.066626
v 1.157020 7.616046 1.066626
v 1.159041 7.617263 1.066626
v 1.160794 7.618551 1.066626
v 1.162252 7.622116 1.066626
v 1.163391 7.624835 1.066626
v 1.164193 7.627683 1.066626
v 1.164645 7.630615 1.066626
v 1.165216 7.636662 1.063861
v 1.165487 7.633603 1.063861
v 1.164580 7.639664 1.063861
v 1.163588 7.642560 1.063861
v 1.162257 7.645307 1.063861
v 1.160607 7.647861 1.063861
v 1.158664 7.650180 1.063861
v 1.156458 7.652229 1.063861
v 1.154025 7.653975 1.063861
v 1.151404 7.655391 1.063861
v 1.148634 7.656454 1.063861
v 1.145761 7.657148 1.063861
v 1.142828 7.657462 1.063861
v 1.139884 7.657390 1.063861
v 1.136973 7.656934 1.063861
v 1.134142 7.656102 1.063861
v 1.131436 7.654905 1.063861
v 1.128897 7.653364 1.063861
v 1.126565 7.651502 1.063861
v 1.124477 7.649348 1.063861
v 1.122667 7.646937 1.063861
v 1.121161 7.644308 1.063861
v 1.119985 7.641500 1.063861
v 1.119157 7.638558 1.063861
v 1.118689 7.635530 1.063861
v 1.118590 7.632462 1.063861
v 1.118861 7.629403 1.063861
v 1.119497 7.626402 1.063861
v 1.120489 7.623505 1.063861
v 1.121820 7.620758 1.063861
v 1.123470 7.618205 1.063861
v 1.125413 7.615886 1.063861
v 1.127619 7.613836 1.063861
v 1.130051 7.612091 1.063861
v 1.132673 7.610674 1.063861
v 1.135443 7.609611 1.063861
v 1.138316 7.608917 1.063861
v 1.141248 7.608603 1.063861
v 1.144193 7.608675 1.063861
v 1.147104 7.609131 1.063861
v 1.149935 7.609964 1.063861
v 1.152641 7.611160 1.063861
v 1.155180 7.612702 1.063861
v 1.157512 7.614564 1.063861
v 1.159599 7.616717 1.063861
v 1.161410 7.619128 1.063861
v 1.162916 7.621758 1.063861
v 1.164092 7.624566 1.063861
v 1.164920 7.627507 1.063861
v 1.165387 7.630535 1.063861
v 1.165529 7.636711 1.061741
v 1.165804 7.633611 1.061741
v 1.164885 7.639753 1.061741
v 1.163880 7.642689 1.061741
v 1.162530 7.645473 1.061741
v 1.160858 7.648061 1.061741
v 1.158888 7.650412 1.061741
v 1.156653 7.652488 1.061741
v 1.154187 7.654258 1.061741
v 1.151530 7.655693 1.061741
v 1.148723 7.656771 1.061741
v 1.145811 7.657474 1.061741
v 1.142839 7.657792 1.061741
v 1.139855 7.657719 1.061741
v 1.136905 7.657257 1.061741
v 1.134036 7.656413 1.061741
v 1.131293 7.655200 1.061741
v 1.128719 7.653638 1.061741
v 1.126356 7.651751 1.061741
v 1.124240 7.649569 1.061741
v 1.122405 7.647125 1.061741
v 1.120879 7.644460 1.061741
v 1.119687 7.641614 1.061741
v 1.118848 7.638633 1.061741
v 1.118374 7.635564 1.061741
v 1.118273 7.632454 1.061741
v 1.118548 7.629354 1.061741
v 1.119192 7.626312 1.061741
v 1.120197 7.623376 1.061741
v 1.121547 7.620592 1.061741
v 1.123219 7.618004 1.061741
v 1.125189 7.615654 1.061741
v 1.127424 7.613577 1.061741
v 1.129889 7.611807 1.061741
v 1.132547 7.610372 1.061741
v 1.138266 7.608591 1.061741
v 1.141238 7.608274 1.061741
v 1.144222 7.608346 1.061741
v 1.147172 7.608808 1.061741
v 1.150041 7.609652 1.061741
v 1.152784 7.610865 1.061741
v 1.155357 7.612427 1.061741
v 1.157721 7.614314 1.061741
v 1.159837 7.616497 1.061741
v 1.161672 7.618940 1.061741
v 1.163198 7.621605 1.061741
v 1.164390 7.624451 1.061741
v 1.165229 7.627432 1.061741
v 1.165703 7.630502 1.061741
v 1.135353 7.609294 1.061741
v 1.123336 7.547827 1.098661
v 1.127741 7.545833 1.098662
v 1.133490 7.544703 1.098663
v 1.140582 7.544126 1.098663
v 1.122700 7.618186 1.093933
f 10 9 1
f 1 1606 10
f 10 1606 4
f 6 5 1604
f 5 2 1604
f 2 3 1606
f 1606 1604 2
f 3 4 1606
f 100 1 8
f 8 7 100
f 9 8 1
f 15 6 1604
f 1604 1609 15
f 16 15 1609
f 11 16 1609
f 16 11 17
f 1590 12 18
f 12 13 1608
f 1608 18 12
f 13 14 1607
f 1607 1608 13
f 14 11 1607
f 1523 1590 18
f 1592 1523 18
f 1592 19 1524
f 24 1524 19
f 23 1514 20
f 20 21 23
f 1514 1591 20
f 20 22 1611
f 22 20 1591
f 22 19 1611
f 22 24 19
f 1591 1517 22
f 24 22 1517
f 26 25 27
f 112 29 28
f 28 34 112
f 29 835 30
f 30 28 29
f 30 27 25
f 27 30 835
f 112 834 29
f 834 31 29
f 835 29 31
f 835 1593 27
f 23 32 833
f 23 21 32
f 32 26 1527
f 1527 833 32
f 26 32 21
f 1594 1527 26
f 26 27 1594
f 1593 1594 27
f 33 34 1613
f 34 33 42
f 42 33 1529
f 35 1529 33
f 38 37 36
f 36 115 38
f 35 38 115
f 40 39 36
f 115 36 39
f 115 41 35
f 41 114 35
f 112 34 1528
f 42 1528 34
f 1529 35 114
f 43 36 37
f 37 1621 43
f 43 1621 44
f 861 44 1621
f 45 861 1621
f 117 116 46
f 45 46 116
f 116 863 45
f 1530 45 863
f 1530 1531 45
f 36 43 862
f 862 40 36
f 44 862 43
f 861 45 1531
f 46 1623 47
f 118 117 46
f 46 47 118
f 50 54 51
f 54 50 49
f 50 1595 49
f 1595 52 49
f 48 49 52
f 52 53 48
f 118 47 873
f 47 48 874
f 874 873 47
f 53 874 48
f 57 56 55
f 58 59 60
f 61 60 59
f 1533 1532 59
f 1534 59 1532
f 59 58 119
f 119 1533 59
f 59 1534 61
f 55 61 1534
f 1534 62 55
f 63 51 54
f 54 57 64
f 64 63 54
f 57 55 1535
f 1535 64 57
f 62 1535 55
f 65 1627 121
f 67 1626 66
f 1627 1626 67
f 67 122 1627
f 122 121 1627
f 120 1536 66
f 67 66 1536
f 1536 901 67
f 122 67 901
f 899 119 58
f 899 65 900
f 65 899 58
f 68 900 65
f 121 68 65
f 69 66 1626
f 66 69 70
f 71 70 69
f 124 123 73
f 73 72 124
f 123 71 73
f 73 71 69
f 123 125 71
f 125 74 71
f 74 1537 71
f 907 120 66
f 66 70 911
f 911 907 66
f 1538 911 70
f 70 71 1537
f 1537 1538 70
f 76 124 72
f 77 75 919
f 78 912 79
f 912 80 79
f 79 80 75
f 917 919 75
f 75 80 917
f 912 78 925
f 912 915 80
f 917 80 915
f 124 76 81
f 1596 81 76
f 76 77 922
f 922 1596 76
f 919 922 77
f 83 1597 78
f 91 84 83
f 83 82 91
f 89 87 85
f 85 86 89
f 88 85 87
f 82 85 88
f 88 90 82
f 90 91 82
f 1597 925 78
f 1597 83 92
f 92 84 932
f 84 92 83
f 91 932 84
f 98 86 1639
f 93 98 1639
f 98 93 94
f 1547 1636 95
f 1547 96 97
f 89 86 1569
f 98 1569 86
f 103 95 1636
f 99 1603 103
f 100 1599 101
f 7 102 100
f 1599 100 102
f 1599 1600 101
f 99 101 1600
f 1600 1598 99
f 95 103 1601
f 1603 1601 103
f 1603 99 1602
f 1598 1602 99
f 760 781 761
f 781 760 782
f 778 761 781
f 761 778 1339
f 804 108 802
f 804 813 108
f 813 804 109
f 810 110 111
f 110 109 111
f 109 110 813
f 113 39 40
f 40 836 113
f 39 113 115
f 849 863 116
f 863 849 1530
f 836 40 862
f 44 856 862
f 856 44 861
f 867 1595 50
f 1595 867 868
f 118 870 117
f 870 118 872
f 873 872 118
f 872 873 874
f 878 1532 1533
f 1532 878 1534
f 890 121 122
f 121 890 68
f 943 126 127
f 126 130 127
f 128 942 127
f 128 931 942
f 129 128 130
f 130 571 129
f 127 130 128
f 131 929 934
f 929 131 129
f 128 129 131
f 931 128 131
f 950 952 947
f 951 947 952
f 947 951 948
f 1134 560 559
f 559 757 132
f 133 562 563
f 133 1134 562
f 135 567 134
f 139 137 136
f 139 138 137
f 138 987 137
f 138 139 140
f 985 987 138
f 141 985 140
f 140 985 138
f 637 172 144
f 145 144 172
f 172 168 145
f 168 143 145
f 157 156 144
f 144 145 157
f 155 157 145
f 147 149 146
f 147 154 149
f 146 143 148
f 146 149 143
f 168 148 143
f 149 150 143
f 154 155 150
f 150 149 154
f 150 145 143
f 145 150 155
f 151 993 152
f 993 996 152
f 153 152 996
f 151 152 154
f 155 154 152
f 152 153 155
f 154 147 151
f 989 1098 156
f 156 157 989
f 990 989 157
f 157 155 153
f 153 990 157
f 661 158 160
f 158 159 160
f 161 160 159
f 162 643 661
f 661 160 162
f 163 162 160
f 161 163 160
f 166 161 164
f 167 170 161
f 161 166 167
f 170 163 161
f 159 164 161
f 173 169 148
f 148 168 173
f 170 635 169
f 174 170 169
f 169 173 174
f 170 167 635
f 170 174 163
f 640 171 172
f 172 637 640
f 643 162 171
f 171 640 643
f 171 173 172
f 171 174 173
f 162 163 174
f 174 171 162
f 168 172 173
f 175 717 205
f 205 201 175
f 183 175 201
f 175 176 717
f 175 183 177
f 176 175 179
f 177 179 175
f 176 179 178
f 184 179 177
f 200 666 181
f 182 180 186
f 180 182 181
f 186 185 182
f 183 200 181
f 183 181 182
f 184 182 185
f 182 177 183
f 177 182 184
f 165 164 190
f 164 159 190
f 185 186 165
f 165 190 185
f 187 185 190
f 185 187 184
f 158 188 189
f 158 190 159
f 189 187 190
f 190 158 189
f 178 179 187
f 187 189 178
f 179 184 187
f 193 1001 191
f 192 191 1001
f 1001 1002 192
f 999 192 1002
f 194 722 193
f 193 191 194
f 195 194 191
f 191 192 195
f 198 196 197
f 999 196 198
f 198 199 999
f 199 192 999
f 199 195 192
f 200 183 204
f 201 204 183
f 666 200 202
f 203 202 200
f 200 204 203
f 198 197 202
f 202 203 198
f 199 198 203
f 195 199 203
f 203 204 195
f 720 206 205
f 205 717 720
f 722 194 206
f 206 720 722
f 201 205 206
f 206 204 201
f 194 195 204
f 204 206 194
f 1008 208 1009
f 210 1009 208
f 1009 210 1005
f 207 210 208
f 210 207 209
f 209 1005 210
f 209 211 214
f 209 214 1005
f 212 1003 1005
f 212 214 213
f 214 212 1005
f 132 757 759
f 757 215 759
f 223 216 566
f 217 220 223
f 220 216 223
f 218 221 368
f 218 365 222
f 217 222 365
f 365 366 217
f 219 364 218
f 364 365 218
f 218 368 219
f 220 217 366
f 221 222 226
f 228 226 222
f 221 218 222
f 222 217 228
f 223 228 217
f 224 1356 228
f 224 566 565
f 228 223 224
f 227 226 225
f 1356 225 226
f 226 228 1356
f 226 227 221
f 566 224 223
f 1022 229 230
f 230 229 235
f 1010 234 231
f 234 1010 1014
f 231 233 384
f 233 231 234
f 1014 235 234
f 234 229 233
f 229 234 235
f 236 238 237
f 235 1014 1013
f 1013 236 235
f 236 237 235
f 237 1015 230
f 230 235 237
f 241 239 240
f 240 242 241
f 243 241 242
f 242 256 243
f 239 241 244
f 245 244 241
f 241 243 245
f 246 245 243
f 249 582 244
f 244 245 249
f 247 249 245
f 245 246 247
f 249 248 582
f 249 247 262
f 251 385 250
f 389 253 387
f 250 254 251
f 252 246 254
f 254 250 252
f 387 255 246
f 246 252 387
f 255 387 253
f 256 251 254
f 254 243 256
f 243 254 246
f 255 247 246
f 253 262 247
f 247 255 253
f 257 258 260
f 261 408 259
f 259 257 261
f 262 261 257
f 257 260 262
f 253 389 408
f 408 261 253
f 262 253 261
f 248 263 1016
f 248 249 263
f 1016 263 258
f 263 260 258
f 263 262 260
f 262 263 249
f 266 264 265
f 265 267 266
f 279 266 267
f 267 280 279
f 268 620 264
f 264 266 268
f 269 268 266
f 266 279 269
f 620 268 270
f 271 270 268
f 268 269 271
f 273 272 270
f 270 271 273
f 411 274 275
f 274 411 413
f 278 275 274
f 413 281 274
f 276 282 281
f 281 413 276
f 277 283 282
f 282 276 277
f 274 279 280
f 280 278 274
f 279 274 281
f 281 269 279
f 282 271 269
f 269 281 282
f 283 273 271
f 271 282 283
f 284 285 385
f 385 251 284
f 286 284 251
f 251 256 286
f 298 286 256
f 288 287 285
f 285 284 288
f 289 288 284
f 284 286 289
f 296 289 286
f 286 298 296
f 291 290 287
f 287 288 291
f 292 291 288
f 288 289 292
f 297 292 289
f 289 296 297
f 290 291 277
f 283 277 291
f 291 292 283
f 273 283 292
f 292 297 273
f 293 298 242
f 242 240 293
f 294 296 298
f 298 293 294
f 295 297 296
f 296 294 295
f 272 273 297
f 297 295 272
f 256 242 298
f 301 299 300
f 300 302 301
f 303 301 302
f 302 317 303
f 305 304 299
f 299 301 305
f 306 305 301
f 301 303 306
f 308 307 304
f 304 305 308
f 309 308 305
f 305 306 309
f 311 310 307
f 307 308 311
f 312 311 308
f 308 309 312
f 428 303 313
f 433 314 303
f 303 428 433
f 435 315 314
f 314 433 435
f 315 435 437
f 317 313 303
f 437 316 315
f 314 306 303
f 315 309 306
f 306 314 315
f 316 312 309
f 309 315 316
f 275 278 318
f 319 318 278
f 278 280 319
f 320 321 318
f 322 320 318
f 318 319 322
f 324 323 321
f 321 320 324
f 325 324 320
f 320 322 325
f 323 324 437
f 316 437 324
f 324 325 316
f 312 316 325
f 310 311 328
f 326 329 267
f 267 265 326
f 327 330 329
f 329 326 327
f 328 331 330
f 330 327 328
f 331 328 311
f 311 312 331
f 329 319 280
f 280 267 329
f 330 322 319
f 319 329 330
f 331 325 322
f 322 330 331
f 325 331 312
f 344 333 1028
f 335 334 332
f 332 333 335
f 336 335 333
f 333 344 336
f 337 339 334
f 334 335 337
f 338 337 335
f 335 336 338
f 340 339 337
f 337 338 340
f 345 340 338
f 344 341 469
f 1027 341 344
f 469 336 344
f 336 469 342
f 342 338 336
f 343 345 338
f 338 342 343
f 346 461 313
f 313 317 346
f 347 463 461
f 461 346 347
f 353 347 346
f 463 347 462
f 348 462 347
f 347 353 348
f 462 348 343
f 345 343 348
f 349 352 302
f 302 300 349
f 352 349 351
f 350 354 351
f 339 340 354
f 354 350 339
f 351 353 352
f 353 351 354
f 352 346 317
f 317 302 352
f 346 352 353
f 354 348 353
f 340 345 348
f 348 354 340
f 355 1041 358
f 1041 355 357
f 356 357 355
f 357 1037 1041
f 1024 356 355
f 356 1024 1025
f 1025 360 356
f 360 357 356
f 1034 359 360
f 359 363 360
f 361 362 363
f 362 361 1037
f 1037 357 362
f 360 363 362
f 360 362 357
f 755 216 220
f 1371 1373 364
f 365 364 1373
f 366 365 1373
f 220 1370 755
f 367 1370 220
f 220 366 367
f 369 376 373
f 369 370 368
f 373 370 369
f 372 373 376
f 376 371 372
f 455 372 1338
f 455 456 373
f 373 372 455
f 370 219 368
f 370 373 456
f 456 219 370
f 221 378 368
f 369 368 378
f 374 369 378
f 375 1317 377
f 374 381 375
f 376 375 371
f 375 377 371
f 375 376 374
f 369 374 376
f 379 378 1391
f 227 1378 378
f 1378 1391 378
f 379 374 378
f 380 381 379
f 1317 375 381
f 381 374 379
f 378 221 227
f 952 950 383
f 384 232 231
f 384 1047 232
f 1048 384 233
f 384 1048 1049
f 1049 1047 384
f 1047 1049 382
f 397 250 385
f 385 399 397
f 386 252 250
f 250 397 386
f 252 386 387
f 388 387 386
f 387 388 389
f 390 389 388
f 399 392 391
f 393 394 391
f 395 396 394
f 394 393 395
f 491 398 396
f 396 395 491
f 391 397 399
f 397 391 394
f 396 388 394
f 398 390 388
f 388 396 398
f 394 386 397
f 386 394 388
f 402 489 958
f 958 1057 402
f 400 402 1057
f 402 400 405
f 403 405 400
f 400 401 403
f 401 409 403
f 405 404 402
f 405 403 406
f 398 491 404
f 404 405 398
f 390 398 405
f 405 406 390
f 259 407 1052
f 407 259 408
f 1053 1052 407
f 409 1053 407
f 407 410 409
f 410 407 408
f 389 390 410
f 410 408 389
f 410 403 409
f 410 406 403
f 406 410 390
f 275 412 411
f 420 411 412
f 414 413 411
f 411 420 414
f 415 276 413
f 413 414 415
f 416 415 414
f 417 277 276
f 276 415 417
f 418 417 415
f 415 416 418
f 419 420 504
f 506 414 420
f 420 419 506
f 507 416 414
f 414 506 507
f 416 507 421
f 412 504 420
f 421 418 416
f 392 399 422
f 423 422 399
f 426 424 422
f 422 423 426
f 427 425 424
f 424 426 427
f 418 421 425
f 425 427 418
f 277 417 290
f 285 423 385
f 287 426 423
f 423 285 287
f 290 427 426
f 426 287 290
f 417 418 427
f 427 290 417
f 399 385 423
f 313 429 428
f 430 428 429
f 429 432 430
f 431 430 432
f 434 433 428
f 428 430 434
f 430 431 434
f 436 435 433
f 433 434 436
f 443 436 434
f 438 437 435
f 435 436 438
f 445 438 436
f 436 443 445
f 439 431 432
f 432 440 439
f 441 444 431
f 431 439 441
f 510 443 444
f 444 441 510
f 442 445 443
f 443 510 442
f 444 434 431
f 434 444 443
f 447 446 504
f 504 412 447
f 453 447 412
f 448 515 446
f 446 447 448
f 449 448 447
f 447 453 449
f 451 450 515
f 515 448 451
f 452 451 448
f 448 449 452
f 445 442 450
f 450 451 445
f 451 452 445
f 318 453 275
f 453 318 321
f 412 275 453
f 437 438 323
f 321 449 453
f 323 452 449
f 449 321 323
f 452 323 438
f 438 445 452
f 1065 1081 1080
f 1067 454 1081
f 1081 1065 1067
f 355 358 1076
f 1076 358 1078
f 1076 1078 1077
f 454 1067 1078
f 1077 1078 1067
f 364 219 1396
f 456 1396 219
f 1337 1336 455
f 456 455 1336
f 1396 1371 364
f 457 519 440
f 440 432 457
f 464 457 432
f 458 516 519
f 519 457 458
f 457 464 458
f 516 458 459
f 465 459 458
f 472 460 459
f 459 465 472
f 429 313 461
f 461 464 429
f 464 461 463
f 343 471 462
f 432 429 464
f 462 465 463
f 465 462 471
f 463 458 464
f 458 463 465
f 471 472 465
f 467 468 470
f 341 466 469
f 473 469 466
f 466 467 473
f 470 473 467
f 471 342 469
f 472 471 469
f 469 473 472
f 342 471 343
f 474 475 521
f 521 476 474
f 524 477 476
f 476 521 524
f 477 524 460
f 460 472 477
f 476 470 468
f 468 474 476
f 477 473 470
f 470 476 477
f 473 477 472
f 479 478 962
f 962 965 479
f 480 479 965
f 960 480 965
f 480 960 481
f 479 486 478
f 486 479 487
f 480 487 479
f 482 958 488
f 488 483 482
f 483 484 959
f 959 482 483
f 484 481 960
f 960 959 484
f 481 485 1150
f 1150 1148 481
f 480 481 1148
f 481 484 485
f 484 483 485
f 486 487 1149
f 1149 1147 486
f 487 480 1148
f 1148 1149 487
f 958 489 488
f 490 489 402
f 402 404 490
f 491 490 404
f 499 483 488
f 492 499 488
f 488 489 492
f 489 490 492
f 493 492 490
f 490 491 493
f 492 493 498
f 392 494 391
f 494 392 495
f 393 391 494
f 494 497 393
f 393 493 395
f 493 393 497
f 491 395 493
f 497 498 493
f 496 1160 497
f 498 497 1160
f 495 496 494
f 497 494 496
f 485 499 1156
f 1156 1150 485
f 499 485 483
f 499 498 1156
f 498 499 492
f 1160 1156 498
f 392 422 500
f 503 500 422
f 422 424 503
f 501 503 424
f 424 425 501
f 502 501 425
f 425 421 502
f 500 495 392
f 419 504 505
f 419 508 506
f 508 509 507
f 507 506 508
f 507 502 421
f 502 507 509
f 419 505 514
f 514 508 419
f 495 500 1164
f 1164 503 1162
f 503 1164 500
f 1162 501 1163
f 501 1162 503
f 502 1163 501
f 504 446 505
f 515 505 446
f 439 512 441
f 510 441 512
f 439 440 511
f 512 439 511
f 512 513 510
f 442 510 513
f 513 1171 442
f 514 515 1170
f 515 514 505
f 1171 1170 515
f 515 450 1171
f 450 442 1171
f 516 459 517
f 518 517 459
f 459 460 518
f 519 516 517
f 517 518 528
f 521 475 520
f 521 520 522
f 522 523 521
f 526 527 523
f 523 522 526
f 524 521 523
f 523 527 524
f 524 518 460
f 518 524 527
f 527 528 518
f 525 1174 528
f 1175 525 526
f 527 526 525
f 528 527 525
f 440 519 529
f 529 511 440
f 529 517 1174
f 517 529 519
f 517 528 1174
f 530 520 475
f 531 522 520
f 520 530 531
f 532 531 530
f 530 797 532
f 797 798 532
f 533 532 798
f 540 526 522
f 522 531 540
f 541 540 531
f 531 532 541
f 533 541 532
f 534 539 794
f 794 793 534
f 535 794 539
f 535 533 798
f 533 535 539
f 537 534 536
f 537 538 539
f 533 539 538
f 534 537 539
f 540 1175 526
f 1181 1175 540
f 538 1181 540
f 538 540 541
f 541 533 538
f 779 775 542
f 543 534 793
f 793 776 543
f 776 779 543
f 542 543 779
f 544 545 769
f 769 774 544
f 545 546 771
f 771 769 545
f 546 548 775
f 775 771 546
f 548 542 775
f 545 544 1191
f 1191 547 545
f 546 545 547
f 548 546 547
f 548 1190 542
f 534 543 536
f 549 536 543
f 543 542 549
f 1190 549 542
f 550 544 774
f 774 976 550
f 551 550 976
f 976 978 551
f 552 551 978
f 978 972 552
f 486 553 478
f 478 554 971
f 554 478 553
f 554 552 972
f 972 971 554
f 553 486 1147
f 1147 1202 553
f 555 553 1202
f 553 555 554
f 552 554 555
f 555 556 552
f 544 550 557
f 557 1191 544
f 550 551 556
f 556 557 550
f 551 552 556
f 558 216 756
f 558 560 133
f 560 558 756
f 756 559 560
f 1135 132 759
f 559 132 1134
f 561 133 563
f 561 566 216
f 216 558 561
f 133 561 558
f 1134 133 560
f 1146 563 562
f 564 565 566
f 566 561 564
f 561 563 135
f 564 561 135
f 563 1146 135
f 134 567 1145
f 569 568 1090
f 1084 569 236
f 569 1084 1083
f 238 236 569
f 1090 238 569
f 1083 568 569
f 568 1083 570
f 1087 570 136
f 573 571 130
f 1106 571 572
f 571 573 572
f 1095 1094 126
f 1094 574 130
f 130 126 1094
f 574 573 130
f 141 984 985
f 142 984 1100
f 1100 984 574
f 573 574 984
f 984 141 573
f 574 1094 1100
f 1102 141 140
f 141 575 572
f 573 141 572
f 576 146 148
f 148 577 576
f 578 576 577
f 576 578 579
f 146 576 147
f 580 147 576
f 576 579 580
f 584 580 579
f 147 580 588
f 581 240 239
f 244 583 239
f 583 244 582
f 239 583 581
f 578 581 583
f 582 584 579
f 579 583 582
f 584 582 248
f 578 583 579
f 1016 585 248
f 584 248 585
f 585 586 584
f 580 584 586
f 587 151 147
f 147 588 587
f 587 588 1088
f 588 586 1088
f 588 580 586
f 589 591 1098
f 591 156 1098
f 590 614 589
f 589 604 590
f 591 589 612
f 614 612 589
f 592 596 593
f 593 594 592
f 596 592 595
f 597 599 596
f 596 595 597
f 599 597 598
f 600 593 596
f 596 601 600
f 601 596 599
f 599 602 601
f 600 603 604
f 603 600 601
f 603 601 602
f 603 590 604
f 590 603 602
f 1557 606 605
f 607 605 606
f 608 607 606
f 606 650 608
f 613 608 650
f 609 605 610
f 605 607 610
f 602 610 607
f 607 608 602
f 590 602 608
f 608 613 590
f 599 598 609
f 609 610 599
f 602 599 610
f 144 611 637
f 156 591 611
f 611 144 156
f 637 611 639
f 612 611 591
f 611 613 638
f 638 639 611
f 612 614 613
f 613 611 612
f 650 638 613
f 614 590 613
f 615 164 165
f 615 616 618
f 624 618 616
f 616 625 624
f 164 615 166
f 617 166 615
f 615 618 617
f 617 618 627
f 619 167 166
f 166 617 619
f 628 619 617
f 617 627 628
f 264 622 623
f 623 265 264
f 622 264 620
f 270 621 620
f 621 270 272
f 620 626 622
f 621 627 626
f 626 620 621
f 621 628 627
f 622 624 625
f 625 623 622
f 624 622 626
f 626 618 624
f 618 626 627
f 629 293 240
f 240 581 629
f 630 629 581
f 581 578 630
f 631 294 293
f 293 629 631
f 632 631 629
f 629 630 632
f 633 295 294
f 294 631 633
f 634 633 631
f 631 632 634
f 621 272 295
f 295 633 621
f 628 621 633
f 633 634 628
f 169 635 577
f 577 148 169
f 167 619 636
f 636 635 167
f 577 630 578
f 635 632 630
f 630 577 635
f 632 635 636
f 636 634 632
f 619 628 634
f 634 636 619
f 639 640 637
f 639 638 641
f 642 641 638
f 638 650 642
f 640 639 644
f 641 644 639
f 644 643 640
f 644 641 664
f 660 664 641
f 641 642 660
f 1582 645 606
f 606 1557 1582
f 645 1582 646
f 646 647 645
f 645 648 606
f 647 649 648
f 648 645 647
f 650 606 648
f 648 651 650
f 651 648 649
f 651 642 650
f 651 660 642
f 652 653 654
f 654 687 652
f 687 691 652
f 655 652 691
f 656 657 653
f 653 652 656
f 658 656 652
f 659 658 652
f 652 655 659
f 660 659 655
f 657 656 647
f 649 647 656
f 656 658 649
f 651 649 658
f 658 659 651
f 660 651 659
f 188 158 661
f 661 662 681
f 681 188 661
f 643 644 662
f 662 661 643
f 663 681 662
f 662 664 663
f 664 662 644
f 664 660 655
f 655 663 664
f 665 181 666
f 666 714 665
f 714 673 672
f 665 180 181
f 665 714 672
f 667 180 665
f 665 672 667
f 674 667 672
f 668 186 180
f 180 667 668
f 669 668 667
f 667 674 669
f 299 670 671
f 671 300 299
f 670 299 304
f 670 672 673
f 673 671 670
f 672 670 304
f 307 674 672
f 672 304 307
f 310 669 674
f 674 307 310
f 675 326 265
f 265 623 675
f 676 675 623
f 623 625 676
f 677 327 326
f 326 675 677
f 676 677 675
f 678 328 327
f 327 677 678
f 680 678 677
f 677 676 680
f 328 678 310
f 669 310 678
f 678 680 669
f 165 616 615
f 616 165 186
f 186 679 616
f 679 186 668
f 668 680 679
f 668 669 680
f 679 676 625
f 625 616 679
f 676 679 680
f 681 663 682
f 663 655 682
f 189 188 683
f 684 683 188
f 188 681 684
f 681 682 684
f 685 684 682
f 683 178 189
f 704 683 684
f 685 704 684
f 687 654 686
f 687 686 688
f 689 690 688
f 688 692 691
f 691 687 688
f 692 688 690
f 691 693 655
f 693 691 692
f 692 694 693
f 693 682 655
f 693 685 682
f 685 693 694
f 696 697 695
f 698 695 697
f 700 701 695
f 702 700 695
f 695 698 702
f 703 702 698
f 698 699 703
f 704 703 699
f 700 705 701
f 700 702 694
f 703 694 702
f 690 689 705
f 705 700 690
f 692 690 700
f 700 694 692
f 685 694 703
f 703 704 685
f 176 706 718
f 718 717 176
f 178 683 706
f 706 176 178
f 707 718 706
f 683 704 707
f 707 706 683
f 707 704 699
f 197 196 1110
f 708 197 1110
f 1110 1112 708
f 1112 1108 708
f 708 716 197
f 713 716 708
f 708 711 713
f 339 709 334
f 332 710 1108
f 710 332 334
f 710 334 709
f 709 711 710
f 710 708 1108
f 710 711 708
f 671 349 300
f 712 351 349
f 349 671 712
f 713 712 671
f 671 673 713
f 712 350 351
f 709 339 350
f 350 712 709
f 711 709 712
f 712 713 711
f 202 715 666
f 715 202 197
f 714 666 715
f 197 716 715
f 673 714 715
f 715 716 673
f 713 673 716
f 718 707 719
f 707 699 719
f 718 720 717
f 719 720 718
f 720 719 742
f 719 721 742
f 723 727 697
f 697 696 723
f 727 723 724
f 698 697 727
f 724 728 727
f 725 729 728
f 728 724 725
f 726 721 729
f 729 725 726
f 727 728 699
f 699 698 727
f 728 719 699
f 719 728 729
f 729 721 719
f 730 731 732
f 732 733 730
f 734 730 733
f 733 1131 734
f 736 735 731
f 731 730 736
f 734 736 730
f 737 738 735
f 735 736 737
f 739 737 736
f 736 734 739
f 742 739 734
f 738 737 726
f 721 726 737
f 737 739 721
f 742 721 739
f 193 722 740
f 740 741 1126
f 741 740 722
f 722 720 741
f 742 741 720
f 741 734 1131
f 1131 1126 741
f 734 741 742
f 361 363 743
f 359 743 363
f 743 1117 361
f 1117 743 744
f 1107 744 359
f 743 359 744
f 745 1111 208
f 745 746 744
f 1117 744 746
f 1008 745 208
f 745 1008 746
f 1133 810 747
f 810 111 747
f 750 747 111
f 753 1124 747
f 747 750 753
f 750 748 749
f 748 111 109
f 111 748 750
f 750 749 753
f 751 752 212
f 212 213 751
f 752 751 753
f 753 749 752
f 754 751 213
f 751 754 1124
f 1124 753 751
f 757 559 756
f 756 216 755
f 755 758 756
f 758 757 756
f 762 782 760
f 782 762 104
f 766 1309 1310
f 1310 763 766
f 767 764 1309
f 1309 766 767
f 106 765 764
f 764 767 106
f 765 106 1306
f 768 766 763
f 105 767 766
f 766 768 105
f 767 105 106
f 763 770 768
f 769 768 770
f 771 105 768
f 768 769 771
f 772 106 105
f 105 771 772
f 783 1306 106
f 106 772 783
f 773 783 772
f 770 774 769
f 775 772 771
f 775 773 772
f 777 776 793
f 793 778 777
f 780 779 776
f 776 777 780
f 773 775 779
f 779 780 773
f 104 783 782
f 783 104 1306
f 781 777 778
f 782 780 777
f 777 781 782
f 780 782 783
f 783 773 780
f 1335 792 786
f 792 1335 788
f 789 1339 778
f 790 787 1339
f 1339 789 790
f 791 790 789
f 790 788 787
f 788 790 792
f 790 791 792
f 793 789 778
f 794 791 789
f 789 793 794
f 791 794 535
f 791 535 798
f 798 792 791
f 795 530 475
f 796 795 475
f 475 800 796
f 530 795 797
f 799 797 795
f 795 796 799
f 801 799 796
f 799 798 797
f 792 798 799
f 799 801 792
f 785 796 800
f 800 784 785
f 1333 801 796
f 796 785 1333
f 801 1333 786
f 801 786 792
f 803 804 802
f 805 803 802
f 802 1244 805
f 1244 107 806
f 107 1244 802
f 809 808 807
f 803 808 809
f 803 805 808
f 748 109 804
f 809 748 804
f 804 803 809
f 810 811 110
f 812 110 811
f 820 813 110
f 110 812 820
f 814 817 815
f 815 732 814
f 817 814 816
f 817 816 818
f 821 815 817
f 818 822 817
f 819 820 822
f 822 818 819
f 817 811 821
f 817 822 811
f 812 822 820
f 1130 821 811
f 822 812 811
f 108 823 1516
f 820 819 823
f 823 108 820
f 802 1516 107
f 1516 802 108
f 813 820 108
f 824 834 112
f 112 830 824
f 825 31 834
f 834 824 825
f 826 835 31
f 31 825 826
f 827 1593 835
f 835 826 827
f 1249 824 830
f 828 825 824
f 824 1249 828
f 829 826 825
f 825 828 829
f 826 829 827
f 833 831 806
f 831 833 1527
f 831 1527 832
f 1594 832 1527
f 1593 827 832
f 832 1594 1593
f 841 113 836
f 836 840 841
f 837 115 113
f 842 837 113
f 113 841 842
f 838 41 115
f 115 837 838
f 837 842 838
f 839 114 41
f 41 838 839
f 1258 838 842
f 843 839 838
f 838 1258 843
f 847 1257 844
f 1257 847 845
f 839 843 845
f 830 112 844
f 42 847 844
f 1529 846 847
f 847 42 1529
f 114 839 846
f 846 1529 114
f 846 845 847
f 845 846 839
f 1528 844 112
f 844 1528 42
f 117 854 116
f 848 116 854
f 116 848 849
f 852 849 848
f 850 1530 849
f 849 852 850
f 853 850 852
f 1530 850 851
f 1262 851 850
f 850 853 1262
f 855 860 1261
f 858 1261 860
f 1261 858 1262
f 862 859 836
f 859 862 856
f 861 857 856
f 857 861 851
f 856 860 859
f 857 858 860
f 860 856 857
f 851 1262 858
f 858 857 851
f 840 836 859
f 859 855 840
f 855 859 860
f 1531 851 861
f 851 1531 1530
f 864 50 51
f 50 864 867
f 866 864 51
f 51 865 866
f 864 866 867
f 872 1269 870
f 871 1269 872
f 1269 871 869
f 854 117 870
f 874 871 872
f 871 874 869
f 53 869 874
f 869 53 868
f 119 875 1533
f 876 1533 875
f 875 877 876
f 1533 876 878
f 1279 878 876
f 881 1534 878
f 878 1279 881
f 1534 881 62
f 879 62 881
f 880 876 877
f 876 880 1279
f 865 51 882
f 886 883 885
f 883 886 879
f 63 884 51
f 64 885 884
f 884 63 64
f 885 64 886
f 884 882 51
f 882 884 885
f 62 879 886
f 120 888 887
f 891 901 887
f 889 122 901
f 901 891 889
f 892 889 891
f 122 889 890
f 892 890 889
f 892 1286 898
f 899 893 875
f 875 119 899
f 900 894 893
f 893 899 900
f 68 895 894
f 894 900 68
f 895 68 890
f 893 896 877
f 877 875 893
f 894 897 896
f 896 893 894
f 895 898 897
f 897 894 895
f 890 892 898
f 898 895 890
f 887 1536 120
f 1536 887 901
f 902 123 124
f 124 903 902
f 904 125 123
f 123 902 904
f 905 74 125
f 125 904 905
f 906 1537 74
f 74 905 906
f 888 120 907
f 911 908 907
f 1538 909 908
f 908 911 1538
f 1537 906 909
f 909 1538 1537
f 907 910 888
f 910 907 908
f 925 913 912
f 914 912 913
f 913 1299 914
f 916 915 912
f 912 914 916
f 918 917 915
f 915 916 918
f 920 919 917
f 917 918 920
f 81 921 903
f 903 124 81
f 1596 924 921
f 921 81 1596
f 924 1596 922
f 922 923 924
f 919 920 923
f 923 922 919
f 571 1106 926
f 926 129 571
f 926 1301 1302
f 1104 927 1301
f 1106 1104 1301
f 1301 926 1106
f 929 1302 928
f 926 1302 929
f 935 930 913
f 913 925 935
f 930 935 934
f 129 926 929
f 1299 913 930
f 934 928 930
f 928 934 929
f 933 931 932
f 1546 934 935
f 932 131 934
f 934 1546 932
f 131 932 931
f 594 937 936
f 944 936 937
f 937 938 944
f 939 940 936
f 944 939 936
f 940 939 941
f 942 941 939
f 939 944 942
f 931 933 941
f 941 942 931
f 1091 126 943
f 127 944 943
f 944 127 942
f 943 944 938
f 938 1091 943
f 946 950 947
f 949 1329 948
f 1329 949 1326
f 957 951 952
f 952 953 957
f 954 948 951
f 951 957 954
f 948 954 949
f 955 949 954
f 956 1326 949
f 949 955 956
f 482 957 958
f 482 961 957
f 961 482 959
f 953 958 957
f 959 955 961
f 955 959 960
f 961 954 957
f 954 961 955
f 960 956 955
f 962 964 963
f 962 963 965
f 966 965 963
f 956 960 965
f 965 966 956
f 1322 963 964
f 964 1320 1322
f 1324 966 963
f 963 1322 1324
f 966 1324 945
f 1326 956 966
f 966 945 1326
f 967 980 763
f 1312 977 980
f 980 967 1312
f 977 1312 1314
f 763 1310 967
f 964 1319 1320
f 973 969 1319
f 1319 964 973
f 974 970 969
f 969 973 974
f 975 968 970
f 970 974 975
f 964 962 478
f 971 973 964
f 964 478 971
f 971 974 973
f 972 975 974
f 974 971 972
f 774 770 980
f 774 980 976
f 977 976 980
f 979 978 976
f 976 977 979
f 975 972 978
f 978 979 975
f 770 763 980
f 1314 979 977
f 968 975 979
f 979 1314 968
f 136 981 983
f 139 136 983
f 1408 1086 1410
f 1408 981 1086
f 983 1347 982
f 981 1408 983
f 1102 140 982
f 982 140 139
f 139 983 982
f 1103 1102 982
f 986 984 142
f 142 992 986
f 985 984 986
f 985 986 987
f 988 987 986
f 153 988 992
f 992 990 153
f 991 1098 989
f 989 992 991
f 992 989 990
f 986 992 988
f 142 991 992
f 151 994 993
f 997 993 994
f 994 995 997
f 997 996 993
f 988 153 996
f 996 997 988
f 995 136 137
f 137 997 995
f 997 137 987
f 987 988 997
f 207 1110 196
f 207 196 998
f 998 209 207
f 999 998 196
f 193 1127 1001
f 1000 1001 1127
f 1001 1000 1002
f 998 999 1002
f 214 1000 754
f 754 213 214
f 1000 214 211
f 209 998 211
f 1127 754 1000
f 211 1002 1000
f 1002 211 998
f 212 1122 1003
f 1004 1003 1122
f 1004 1005 1003
f 1005 1004 1009
f 1004 1006 1007
f 1004 1123 1006
f 1007 1009 1004
f 1008 1007 1113
f 1007 1008 1009
f 1011 231 232
f 231 1011 1010
f 1012 1013 1014
f 1011 1012 1010
f 1010 1012 1014
f 1017 237 238
f 238 1090 1017
f 237 1017 1015
f 1019 230 1015
f 1015 1017 1019
f 1016 258 1090
f 1017 258 1020
f 1020 1019 1017
f 258 1017 1090
f 1020 257 259
f 259 1052 1020
f 1018 1020 1052
f 1052 1021 1018
f 1020 258 257
f 1019 1020 1018
f 1021 233 229
f 1021 229 1022
f 230 1019 1022
f 1018 1021 1022
f 1022 1019 1018
f 355 1023 1024
f 1026 1025 1024
f 344 1028 1027
f 1027 1030 1029
f 1028 1033 1030
f 1030 1027 1028
f 1029 1024 1023
f 1030 1026 1024
f 1024 1029 1030
f 1026 1030 1033
f 1031 333 332
f 1031 1035 1032
f 333 1031 1028
f 1033 1028 1031
f 1032 1033 1031
f 1035 359 1034
f 1032 1034 360
f 1032 360 1025
f 1034 1032 1035
f 1025 1026 1032
f 1033 1032 1026
f 361 1116 1036
f 1036 1037 361
f 1036 1039 1037
f 1041 1037 1039
f 1038 1039 1115
f 1038 1040 1039
f 1036 1115 1039
f 1040 1041 1039
f 1044 383 950
f 383 1044 1042
f 1043 1061 1042
f 1061 1043 382
f 1386 1044 946
f 1388 1042 1044
f 1044 1386 1388
f 1042 1388 1043
f 1046 382 1043
f 950 946 1044
f 1045 1382 1358
f 1358 1011 1045
f 1382 1045 1383
f 1047 1383 1045
f 1383 1047 1046
f 232 1045 1011
f 1045 232 1047
f 1046 1047 382
f 233 1021 1048
f 1055 1048 1021
f 1056 1049 1048
f 1050 382 1049
f 1051 1050 1049
f 1049 1056 1051
f 409 1054 1053
f 1055 1052 1053
f 1055 1053 1054
f 1021 1052 1055
f 1054 1056 1055
f 1054 1051 1056
f 1048 1055 1056
f 1058 1057 958
f 958 953 1058
f 383 1058 953
f 1058 400 1057
f 1058 383 1059
f 1060 401 400
f 400 1058 1060
f 1062 1060 1058
f 1058 1059 1062
f 1054 409 401
f 401 1060 1054
f 1051 1054 1060
f 1060 1062 1051
f 1042 1059 383
f 1059 1042 1061
f 382 1050 1061
f 1061 1062 1059
f 1050 1051 1062
f 1062 1061 1050
f 953 952 383
f 784 800 1063
f 1064 1080 1063
f 1080 1064 1065
f 1066 1065 1064
f 1068 1067 1065
f 1065 1066 1068
f 474 1069 475
f 474 1070 1069
f 468 1066 1070
f 1070 474 468
f 468 1071 1066
f 1069 1063 800
f 800 475 1069
f 1070 1064 1063
f 1063 1069 1070
f 1064 1070 1066
f 1071 1068 1066
f 1072 466 341
f 341 1027 1072
f 1027 1029 1072
f 1073 1072 1029
f 1029 1023 1073
f 1075 1072 1073
f 466 1072 467
f 1074 467 1072
f 1075 1074 1072
f 1071 468 467
f 467 1074 1071
f 1068 1071 1074
f 1074 1075 1068
f 1023 355 1076
f 1076 1073 1023
f 1076 1075 1073
f 1075 1076 1077
f 1067 1068 1075
f 1075 1077 1067
f 1393 1078 1375
f 1079 454 1078
f 1078 1393 1079
f 1375 358 1041
f 1041 1040 1375
f 358 1375 1078
f 454 1079 1081
f 1063 1082 784
f 1082 1063 1080
f 1085 236 1013
f 236 1085 1084
f 1012 1085 1013
f 1084 1085 1410
f 1410 1086 1084
f 570 1086 981
f 981 136 570
f 1086 570 1083
f 1083 1084 1086
f 136 995 1087
f 994 1087 995
f 1087 568 570
f 994 151 587
f 994 587 1088
f 1088 1087 994
f 1090 585 1016
f 1089 586 585
f 1090 1089 585
f 586 1089 1088
f 1087 1088 1089
f 568 1089 1090
f 568 1087 1089
f 1091 1095 126
f 1091 938 1092
f 1092 1095 1091
f 1095 1092 1093
f 1093 1101 1095
f 593 1096 937
f 937 594 593
f 1096 593 600
f 604 1097 1096
f 1096 600 604
f 1096 1092 938
f 938 937 1096
f 1097 1093 1092
f 1092 1096 1097
f 1093 1097 1099
f 1099 589 1098
f 1098 991 1099
f 1097 604 589
f 589 1099 1097
f 1099 991 1093
f 1101 1100 1094
f 1094 1095 1101
f 1100 991 142
f 991 1100 1101
f 1101 1093 991
f 141 1102 575
f 1103 575 1102
f 1348 1103 1347
f 1347 1103 982
f 1104 1105 927
f 1103 1348 1105
f 1105 1104 1103
f 572 575 1106
f 1104 1106 575
f 575 1103 1104
f 1107 359 1035
f 332 1109 1031
f 1109 332 1108
f 1109 1035 1031
f 1108 1107 1109
f 1109 1107 1035
f 1110 1111 1112
f 1107 1108 1112
f 207 208 1111
f 744 1107 745
f 1110 207 1111
f 745 1112 1111
f 1112 745 1107
f 1008 1113 746
f 1114 1117 746
f 1114 746 1113
f 1115 1367 1038
f 1115 1036 1116
f 1116 1114 1115
f 1117 1116 361
f 1117 1114 1116
f 748 809 1118
f 748 1118 749
f 1119 749 1118
f 1118 1121 1119
f 1238 1121 807
f 1121 1238 1120
f 1119 1120 1354
f 1121 1120 1119
f 1121 1118 809
f 809 807 1121
f 1123 1004 1122
f 1354 1123 1119
f 752 1122 212
f 1122 752 749
f 749 1119 1123
f 1123 1122 749
f 1125 1124 754
f 754 1127 1125
f 1124 1125 1132
f 1127 193 740
f 1126 1125 740
f 1126 1128 1125
f 1128 1126 1131
f 1127 740 1125
f 1128 1132 1125
f 815 733 732
f 733 815 1129
f 815 821 1129
f 1130 1129 821
f 733 1129 1131
f 1132 1129 1130
f 1128 1131 1129
f 1132 1128 1129
f 810 1133 811
f 747 1132 1133
f 1132 747 1124
f 1133 1130 811
f 1130 1133 1132
f 1135 1134 132
f 1135 759 1413
f 1245 1235 1242
f 1235 1245 1413
f 1136 1413 1245
f 1136 1137 1250
f 1254 1260 1250
f 1259 1250 1260
f 1250 1138 1136
f 1138 1250 1259
f 1138 1259 1263
f 1138 1267 1266
f 1275 1273 1277
f 1266 1268 1275
f 1280 1139 1277
f 1283 1139 1282
f 1142 1291 1141
f 1291 1140 1289
f 1142 1140 1291
f 1144 1142 1143
f 135 1146 567
f 1145 1146 1144
f 1146 1145 567
f 1134 1146 562
f 1209 1155 1147
f 1147 1149 1209
f 1150 1154 1148
f 1154 1149 1148
f 1152 1210 1154
f 1151 1211 1153
f 1153 1152 1154
f 1153 1157 1151
f 1157 1153 1150
f 1154 1150 1153
f 1154 1209 1149
f 1209 1154 1210
f 1150 1156 1157
f 1214 1157 1156
f 1161 1214 1156
f 1156 1160 1161
f 496 495 1158
f 1158 1159 496
f 1159 1161 1160
f 1160 496 1159
f 1216 1158 1215
f 1216 1217 1159
f 1161 1159 1217
f 1159 1158 1216
f 1213 1151 1157
f 1214 1213 1157
f 1164 1158 495
f 1164 1162 1169
f 1165 1169 1162
f 1162 1163 1165
f 1158 1164 1169
f 514 1166 508
f 1166 1167 508
f 1167 1168 509
f 509 508 1167
f 509 1163 502
f 1163 509 1168
f 1166 1228 1223
f 1167 1166 1223
f 1168 1222 1163
f 1166 514 1228
f 1158 1169 1215
f 1221 1215 1169
f 1169 1165 1221
f 1165 1163 1222
f 1222 1221 1165
f 1170 1171 1173
f 1226 511 1172
f 511 1226 512
f 513 512 1226
f 513 1173 1171
f 1227 1225 1173
f 513 1226 1227
f 1173 513 1227
f 1228 1170 1224
f 1170 1228 514
f 1224 1173 1225
f 1173 1224 1170
f 1178 1172 511
f 511 529 1178
f 1179 1178 529
f 529 1174 1179
f 1180 1179 1174
f 1186 1177 525
f 525 1175 1186
f 1177 1180 1174
f 1174 525 1177
f 1180 1177 1229
f 1176 1230 1186
f 1177 1186 1230
f 1181 538 1182
f 1181 1186 1175
f 1187 1186 1181
f 1182 1187 1181
f 1199 1183 537
f 537 536 1199
f 537 1182 538
f 1182 537 1183
f 1183 1185 1182
f 1185 1184 1231
f 1231 1188 1185
f 1185 1183 1184
f 1187 1176 1186
f 1187 1185 1188
f 1187 1182 1185
f 1190 1189 549
f 1189 1199 536
f 536 549 1189
f 1191 1194 547
f 1194 1192 547
f 548 547 1192
f 1190 548 1192
f 1194 1195 1192
f 1195 1196 1192
f 1197 1192 1196
f 1196 1198 1197
f 1194 1191 1193
f 1192 1197 1190
f 1232 1183 1199
f 1232 1197 1200
f 1197 1232 1199
f 1199 1189 1197
f 1198 1200 1197
f 1189 1190 1197
f 1191 557 1205
f 1207 1205 557
f 1201 1207 557
f 557 556 1201
f 1202 1147 1155
f 1203 555 1202
f 1203 1201 556
f 556 555 1203
f 1204 1233 1203
f 1201 1203 1233
f 1204 1203 1202
f 1202 1155 1204
f 1205 1193 1191
f 1206 1193 1205
f 1205 1207 1206
f 1206 1207 1208
f 1201 1208 1207
f 1211 1151 1212
f 1152 1153 1211
f 1214 1161 1218
f 1213 1212 1151
f 1220 1219 1213
f 1213 1214 1220
f 1218 1220 1214
f 1217 1218 1161
f 1217 1447 1218
f 1228 1224 1455
f 1225 1455 1224
f 1230 1229 1177
f 1184 1183 1465
f 1232 1465 1183
f 1208 1201 1471
f 1155 1440 1204
f 1233 1204 1440
f 1233 1471 1201
f 1238 807 1236
f 1234 1236 1237
f 1234 1238 1236
f 1234 1235 1413
f 1234 1237 1235
f 927 1105 1239
f 1105 1346 1239
f 1240 1239 1346
f 1145 1241 1343
f 1241 1145 1144
f 1241 1303 1240
f 1303 1239 1240
f 1235 1237 1242
f 808 1243 1236
f 1236 807 808
f 808 805 1243
f 1237 1236 1243
f 1243 1242 1237
f 1242 1243 805
f 806 1246 1244
f 1245 1244 1246
f 1242 805 1244
f 1246 1136 1245
f 1244 1245 1242
f 1246 1247 1136
f 1136 1247 1137
f 1248 1137 1247
f 1246 806 831
f 831 1247 1246
f 832 1248 1247
f 1247 831 832
f 1248 832 827
f 830 1253 1249
f 1251 828 1249
f 1252 829 828
f 828 1251 1252
f 1248 827 829
f 829 1252 1248
f 1137 1252 1251
f 1251 1250 1137
f 1250 1249 1253
f 1249 1250 1251
f 1137 1248 1252
f 1250 1253 1254
f 1257 1254 1253
f 1260 1254 1255
f 1254 1257 1255
f 1253 830 844
f 1253 844 1257
f 845 1255 1257
f 843 1256 1255
f 1255 845 843
f 1259 841 840
f 1259 842 841
f 842 1259 1258
f 1256 843 1258
f 1255 1256 1260
f 1260 1258 1259
f 1258 1260 1256
f 1259 840 1263
f 1261 1138 1263
f 1262 1267 1138
f 1138 1261 1262
f 855 1263 840
f 855 1261 1263
f 1264 848 854
f 848 1264 852
f 1265 1266 1267
f 1264 1266 1265
f 1265 852 1264
f 1267 853 852
f 852 1265 1267
f 853 1267 1262
f 1271 1268 1266
f 1266 1264 1271
f 1268 1271 1269
f 1268 1269 1270
f 870 1271 1264
f 1264 854 870
f 1271 870 1269
f 869 1270 1269
f 1272 866 865
f 865 1273 1272
f 1274 867 866
f 866 1272 1274
f 1274 868 867
f 1270 869 868
f 868 1274 1270
f 1275 1272 1273
f 1268 1270 1275
f 1274 1272 1275
f 1274 1275 1270
f 1276 1277 1273
f 883 1277 1276
f 1277 883 1278
f 879 1278 883
f 882 1276 865
f 1276 882 885
f 1276 885 883
f 1273 865 1276
f 1278 881 1279
f 1278 879 881
f 1277 1278 1280
f 1281 1139 1280
f 1280 880 877
f 877 1281 1280
f 1280 1279 880
f 1279 1280 1278
f 1281 877 896
f 1139 1281 1282
f 897 1282 1281
f 1281 896 897
f 898 1283 1282
f 1282 897 898
f 1283 898 1286
f 1284 887 888
f 1285 891 887
f 887 1284 1285
f 1286 892 891
f 891 1285 1286
f 1140 1285 1284
f 1283 1286 1285
f 1285 1140 1283
f 1140 1284 1287
f 1140 1287 1289
f 1288 1289 1287
f 910 1287 1284
f 1284 888 910
f 908 1288 1287
f 1287 910 908
f 1288 908 909
f 906 1289 1288
f 1288 909 906
f 1292 902 903
f 903 1290 1292
f 1293 904 902
f 902 1292 1293
f 1293 905 904
f 1289 906 905
f 905 1293 1289
f 1141 1292 1290
f 1291 1293 1292
f 1292 1141 1291
f 1293 1291 1289
f 1294 1141 1290
f 1295 1142 1141
f 1141 1294 1295
f 1142 1295 1296
f 921 1294 1290
f 1290 903 921
f 924 1295 1294
f 1294 921 924
f 923 1296 1295
f 1295 924 923
f 1296 923 920
f 1298 914 1299
f 1298 916 914
f 1297 918 916
f 916 1298 1297
f 1296 920 918
f 918 1297 1296
f 1300 1144 1143
f 1143 1142 1297
f 1143 1298 1299
f 1299 1300 1143
f 1298 1143 1297
f 1142 1296 1297
f 1302 1144 1300
f 930 1300 1299
f 1300 930 928
f 1300 928 1302
f 927 1239 1303
f 927 1303 1301
f 1301 1303 1302
f 1144 1303 1241
f 1144 1302 1303
f 1304 760 761
f 1305 762 760
f 760 1304 1305
f 1305 104 762
f 1305 1304 1308
f 104 1305 1306
f 1308 1306 1305
f 372 1307 1338
f 1304 1338 1307
f 1307 1308 1304
f 1316 1313 1308
f 1316 372 371
f 372 1316 1307
f 1308 1307 1316
f 1311 1310 1309
f 764 765 1311
f 1311 1309 764
f 765 1308 1311
f 1308 765 1306
f 1311 1308 1313
f 1312 967 1310
f 1310 1311 1312
f 1313 1312 1311
f 1313 1314 1312
f 1314 1313 1315
f 1316 371 377
f 377 1318 1316
f 1313 1316 1318
f 1318 1317 1323
f 377 1317 1318
f 1321 1320 1319
f 969 1315 1321
f 1321 1319 969
f 1315 969 970
f 968 1314 1315
f 1315 970 968
f 1318 1321 1315
f 1315 1313 1318
f 1321 1322 1320
f 1321 1318 1323
f 1322 1321 1324
f 1323 1324 1321
f 1325 945 1324
f 1324 1323 1325
f 945 1325 1326
f 381 1327 1317
f 1317 1327 1323
f 1327 1325 1323
f 1328 1327 380
f 380 1387 1328
f 1327 381 380
f 947 1330 946
f 948 1331 1330
f 1330 947 948
f 1331 948 1329
f 1328 946 1330
f 1329 1325 1331
f 1325 1329 1326
f 1331 1327 1328
f 1328 1330 1331
f 1327 1331 1325
f 1332 785 784
f 1332 1398 1337
f 785 1332 1333
f 1332 1337 1333
f 1334 786 1333
f 786 1334 1335
f 1342 1335 1334
f 455 1338 1337
f 1336 1337 1398
f 1337 1334 1333
f 1338 1342 1334
f 1334 1337 1338
f 1338 1304 1341
f 1338 1341 1342
f 787 1340 1339
f 1340 787 788
f 1340 788 1335
f 1340 1341 1339
f 1340 1342 1341
f 1342 1340 1335
f 1339 1341 1304
f 1304 761 1339
f 1343 1241 1344
f 1349 1344 1241
f 1241 1240 1349
f 1348 1345 1346
f 1346 1105 1348
f 1346 1349 1240
f 1349 1346 1345
f 1403 1348 1347
f 1350 1402 1349
f 1348 1403 1345
f 1350 1345 1403
f 1349 1345 1350
f 1145 1343 1406
f 1343 1344 1401
f 1401 1406 1343
f 1401 1349 1402
f 1349 1401 1344
f 1351 1120 1238
f 1352 1351 1238
f 1234 1352 1238
f 1351 1354 1120
f 1352 1234 1353
f 1414 1353 1234
f 1353 1414 1415
f 1413 1414 1234
f 1413 759 215
f 1006 1123 1354
f 1006 1354 1351
f 1006 1352 1417
f 1352 1006 1351
f 1353 1417 1352
f 565 1412 1355
f 1355 224 565
f 1357 1356 224
f 224 1355 1357
f 1359 1012 1011
f 1011 1358 1359
f 1358 1360 1359
f 1360 1355 1412
f 1355 1360 1361
f 1361 1357 1355
f 1358 1382 1362
f 1382 1384 1362
f 1384 1366 1365
f 1362 1384 1363
f 1365 1363 1384
f 1358 1362 1360
f 1361 1360 1362
f 1362 1363 1361
f 1357 1361 1363
f 1363 1365 1357
f 1364 227 225
f 1364 1365 1366
f 225 1357 1365
f 1365 1364 225
f 1357 225 1356
f 1367 1418 1369
f 1038 1367 1368
f 1369 1368 1367
f 1368 1369 1377
f 1374 1377 1369
f 1419 755 1370
f 367 1374 1370
f 1370 1369 1418
f 1418 1419 1370
f 1369 1370 1374
f 1372 1373 1371
f 1373 1372 1374
f 367 366 1373
f 1374 367 1373
f 1040 1368 1375
f 1368 1040 1038
f 1376 1375 1368
f 1368 1377 1376
f 1377 1374 1372
f 1372 1376 1377
f 227 1364 1378
f 1366 1378 1364
f 1380 1391 1378
f 1378 1366 1380
f 1379 1380 1366
f 1380 1379 1381
f 1384 1382 1383
f 1046 1385 1383
f 1046 1390 1385
f 1379 1384 1383
f 1379 1383 1385
f 1366 1384 1379
f 1385 1381 1379
f 1381 1385 1390
f 1387 1386 946
f 946 1328 1387
f 1389 1388 1386
f 1386 1387 1389
f 1390 1043 1388
f 1388 1389 1390
f 1390 1046 1043
f 1390 1389 1381
f 379 1391 380
f 1391 1380 380
f 1380 1381 1387
f 1387 380 1380
f 1381 1389 1387
f 1375 1376 1394
f 1392 1394 1376
f 1376 1372 1392
f 1375 1394 1393
f 1394 1392 1395
f 1395 1079 1393
f 1393 1394 1395
f 456 1397 1396
f 1396 1392 1371
f 1372 1371 1392
f 1396 1397 1392
f 1397 1395 1392
f 1395 1397 1399
f 1398 1397 1336
f 1397 456 1336
f 1399 1397 1398
f 1082 1400 1332
f 1332 784 1082
f 1400 1082 1080
f 1081 1079 1400
f 1400 1080 1081
f 1398 1332 1400
f 1400 1399 1398
f 1079 1395 1399
f 1399 1400 1079
f 1406 134 1145
f 1401 1402 1405
f 1408 1347 983
f 1403 1347 1408
f 1408 1404 1403
f 1350 1403 1404
f 1350 1405 1402
f 1405 1350 1404
f 1406 1401 1407
f 1405 1407 1401
f 135 134 564
f 1407 564 134
f 134 1406 1407
f 1085 1409 1410
f 1404 1408 1410
f 1404 1410 1409
f 1409 1085 1012
f 1012 1359 1409
f 1411 1409 1359
f 1359 1360 1411
f 1412 1411 1360
f 1409 1411 1404
f 1405 1404 1411
f 564 1407 565
f 1412 565 1407
f 1407 1411 1412
f 1407 1405 1411
f 1417 1416 1006
f 1416 1007 1006
f 1414 1413 215
f 758 1419 1415
f 215 758 1414
f 1415 1414 758
f 1416 1113 1007
f 1417 1421 1416
f 1417 1353 1415
f 1113 1416 1421
f 1421 1417 1422
f 1415 1422 1417
f 1113 1421 1114
f 215 757 758
f 1419 1418 1422
f 1419 758 755
f 1419 1422 1415
f 1115 1421 1420
f 1420 1367 1115
f 1421 1115 1114
f 1420 1422 1418
f 1418 1367 1420
f 1422 1420 1421
f 1423 1448 1425
f 1424 1439 1423
f 1423 1425 1424
f 1425 1447 1454
f 1426 1424 1425
f 1453 1427 1426
f 1426 1427 1428
f 1426 1428 1424
f 1461 1430 1428
f 1428 1429 1461
f 1427 1429 1428
f 1430 1424 1428
f 1430 1461 1462
f 1430 1431 1424
f 1469 1433 1432
f 1433 1434 1432
f 1431 1432 1434
f 1434 1424 1431
f 1435 1436 1437
f 1435 1437 1433
f 1433 1437 1434
f 1424 1434 1437
f 1439 1437 1436
f 1436 1438 1439
f 1439 1424 1437
f 1442 1440 1155
f 1441 1442 1155
f 1155 1209 1441
f 1209 1210 1441
f 1442 1441 1445
f 1212 1444 1211
f 1444 1212 1443
f 1152 1211 1444
f 1444 1441 1210
f 1210 1152 1444
f 1441 1444 1445
f 1445 1443 1423
f 1423 1439 1445
f 1445 1444 1443
f 1442 1445 1438
f 1439 1438 1445
f 1212 1213 1219
f 1220 1218 1447
f 1219 1443 1212
f 1219 1220 1448
f 1447 1448 1220
f 1448 1443 1219
f 1216 1215 1446
f 1217 1216 1446
f 1447 1217 1446
f 1447 1425 1448
f 1448 1423 1443
f 1449 1446 1215
f 1215 1221 1449
f 1450 1449 1221
f 1221 1222 1450
f 1446 1449 1454
f 1450 1454 1449
f 1452 1454 1450
f 1451 1452 1167
f 1167 1223 1451
f 1452 1451 1453
f 1168 1167 1452
f 1452 1450 1222
f 1222 1168 1452
f 1454 1453 1426
f 1453 1454 1452
f 1454 1447 1446
f 1426 1425 1454
f 1455 1451 1223
f 1223 1228 1455
f 1457 1455 1225
f 1455 1457 1427
f 1451 1455 1453
f 1427 1453 1455
f 1226 1172 1456
f 1227 1226 1456
f 1456 1457 1227
f 1456 1427 1457
f 1225 1227 1457
f 1427 1456 1429
f 1172 1178 1456
f 1458 1456 1178
f 1178 1179 1458
f 1460 1458 1179
f 1179 1180 1460
f 1230 1176 1459
f 1459 1460 1229
f 1229 1230 1459
f 1459 1461 1460
f 1458 1460 1461
f 1180 1229 1460
f 1462 1461 1459
f 1458 1429 1456
f 1461 1429 1458
f 1462 1459 1176
f 1463 1462 1176
f 1176 1187 1463
f 1187 1188 1463
f 1465 1231 1184
f 1231 1465 1466
f 1231 1463 1188
f 1466 1464 1463
f 1463 1231 1466
f 1431 1466 1432
f 1466 1431 1464
f 1466 1465 1432
f 1462 1464 1430
f 1464 1462 1463
f 1431 1430 1464
f 1465 1232 1467
f 1232 1200 1467
f 1200 1198 1467
f 1468 1467 1198
f 1194 1193 1472
f 1472 1468 1195
f 1195 1194 1472
f 1468 1472 1435
f 1196 1195 1468
f 1198 1196 1468
f 1469 1468 1435
f 1435 1433 1469
f 1469 1432 1465
f 1465 1467 1469
f 1467 1468 1469
f 1470 1472 1193
f 1193 1206 1470
f 1206 1208 1470
f 1471 1470 1208
f 1474 1472 1470
f 1470 1471 1474
f 1442 1473 1440
f 1440 1473 1233
f 1442 1474 1473
f 1471 1233 1473
f 1471 1473 1474
f 1474 1442 1438
f 1436 1435 1472
f 1472 1474 1436
f 1436 1474 1438
f 1475 5 6
f 6 1476 1475
f 1477 2 5
f 5 1475 1477
f 1478 3 2
f 2 1477 1478
f 1479 4 3
f 3 1478 1479
f 695 1480 696
f 1480 695 701
f 689 1481 705
f 1480 1482 1483
f 1483 696 1480
f 701 1484 1482
f 1482 1480 701
f 705 1485 1484
f 1484 701 705
f 1481 1486 1485
f 1485 705 1481
f 1482 1475 1476
f 1476 1483 1482
f 1484 1477 1475
f 1475 1482 1484
f 1485 1478 1477
f 1477 1484 1485
f 1486 1479 1478
f 1478 1485 1486
f 1487 686 654
f 654 1488 1487
f 1493 1487 1488
f 1488 1494 1493
f 1489 688 686
f 1490 1489 686
f 686 1487 1490
f 1495 1490 1487
f 1487 1493 1495
f 1491 689 688
f 688 1489 1491
f 1492 1491 1489
f 1489 1490 1492
f 1496 1492 1490
f 1490 1495 1496
f 689 1491 1481
f 1486 1481 1491
f 1491 1492 1486
f 1479 1486 1492
f 1492 1496 1479
f 8 1493 1494
f 1494 7 8
f 9 1495 1493
f 1493 8 9
f 10 1496 1495
f 1495 9 10
f 4 1479 1496
f 1496 10 4
f 1498 12 1590
f 1590 1497 1498
f 1497 1505 1498
f 1499 13 12
f 12 1498 1499
f 1500 14 13
f 13 1499 1500
f 1501 11 14
f 14 1500 1501
f 1504 732 731
f 726 1502 738
f 731 1503 1504
f 735 1506 1503
f 1503 731 735
f 738 1507 1506
f 1506 735 738
f 1507 738 1502
f 1505 1504 1503
f 1503 1498 1505
f 1506 1499 1498
f 1498 1503 1506
f 1507 1500 1499
f 1499 1506 1507
f 1502 1501 1500
f 1500 1507 1502
f 1508 723 696
f 696 1483 1508
f 1512 1508 1483
f 1483 1476 1512
f 1509 724 723
f 723 1508 1509
f 1511 1509 1508
f 1508 1512 1511
f 1510 725 724
f 724 1509 1510
f 1513 1510 1509
f 1509 1511 1513
f 1502 726 725
f 725 1510 1502
f 1501 1502 1510
f 1510 1513 1501
f 15 1512 1476
f 1476 6 15
f 16 1511 1512
f 1512 15 16
f 17 1513 1511
f 1511 16 17
f 11 1501 1513
f 1513 17 11
f 1515 24 1517
f 23 806 107
f 819 1515 823
f 107 1514 23
f 1514 107 1516
f 823 1517 1516
f 1517 823 1515
f 1518 814 732
f 732 1504 1518
f 1519 1518 1504
f 1504 1505 1519
f 1520 816 814
f 814 1518 1520
f 1518 1519 1520
f 1521 1520 1519
f 1522 818 816
f 816 1520 1522
f 1520 1521 1522
f 1515 819 818
f 818 1522 1515
f 1497 1590 1523
f 1592 1521 1523
f 1524 1525 1521
f 1521 1592 1524
f 24 1515 1525
f 1525 1524 24
f 1523 1526 1497
f 1526 1523 1521
f 1525 1522 1521
f 1522 1525 1515
f 1526 1519 1505
f 1505 1497 1526
f 1519 1526 1521
f 806 23 833
f 868 52 1595
f 52 868 53
f 1535 886 64
f 886 1535 62
f 1544 87 89
f 89 1539 1544
f 1540 88 87
f 87 1544 1540
f 88 1540 90
f 1543 90 1540
f 933 91 90
f 90 1543 933
f 936 1541 1542
f 1542 594 936
f 1541 936 940
f 1545 1542 1541
f 940 1540 1541
f 941 1543 1540
f 1540 940 941
f 1543 941 933
f 1541 1544 1545
f 1544 1541 1540
f 1539 1545 1544
f 91 933 932
f 92 1546 935
f 1546 92 932
f 1548 1547 95
f 95 1549 1548
f 1550 1548 1549
f 1551 96 1547
f 1547 1548 1551
f 1552 1551 1548
f 1548 1550 1552
f 1553 97 96
f 96 1551 1553
f 1554 1553 1551
f 1551 1552 1554
f 1555 93 97
f 97 1553 1555
f 1556 1555 1553
f 1553 1554 1556
f 605 1558 1557
f 609 1559 1558
f 1558 605 609
f 609 1560 1559
f 598 1561 1560
f 1560 609 598
f 1562 1557 1558
f 1558 1550 1562
f 1559 1552 1550
f 1550 1558 1559
f 1560 1554 1552
f 1552 1559 1560
f 1561 1556 1554
f 1554 1560 1561
f 1549 1562 1550
f 1563 592 594
f 594 1542 1563
f 1542 1545 1563
f 1564 1563 1545
f 1545 1539 1564
f 1565 595 592
f 592 1563 1565
f 1566 1565 1563
f 1563 1564 1566
f 1567 597 595
f 595 1565 1567
f 1568 1567 1565
f 1565 1566 1568
f 1561 598 597
f 597 1567 1561
f 1556 1561 1567
f 1567 1568 1556
f 1539 89 1569
f 98 1570 1569
f 94 1571 1570
f 1570 98 94
f 93 1555 1571
f 1571 94 93
f 1569 1564 1539
f 1570 1566 1564
f 1564 1569 1570
f 1571 1568 1566
f 1566 1570 1571
f 1555 1556 1568
f 1568 1571 1555
f 1572 102 7
f 7 1494 1572
f 1573 1599 102
f 102 1572 1573
f 1574 1600 1599
f 1599 1573 1574
f 1575 1598 1600
f 1600 1574 1575
f 657 1576 653
f 657 1577 1576
f 1577 657 647
f 653 1578 1488
f 1488 654 653
f 1576 1579 1578
f 1578 653 1576
f 1577 1580 1579
f 1579 1576 1577
f 1577 1581 1580
f 1578 1572 1494
f 1494 1488 1578
f 1579 1573 1572
f 1572 1578 1579
f 1580 1574 1573
f 1573 1579 1580
f 1581 1575 1574
f 1574 1580 1581
f 1583 1582 1557
f 1557 1562 1583
f 1587 1583 1562
f 1562 1549 1587
f 1585 646 1582
f 1584 1585 1582
f 1582 1583 1584
f 1588 1584 1583
f 1583 1587 1588
f 1585 1584 1586
f 1589 1586 1584
f 1584 1588 1589
f 1577 647 646
f 646 1585 1577
f 1581 1577 1585
f 1585 1586 1581
f 1575 1581 1586
f 1586 1589 1575
f 1601 1587 1549
f 1549 95 1601
f 1603 1588 1587
f 1587 1601 1603
f 1602 1589 1588
f 1588 1603 1602
f 1598 1575 1589
f 1589 1602 1598
f 1516 1591 1514
f 1591 1516 1517
f 1597 935 925
f 935 1597 92
f 1605 1609 1604
f 1606 1605 1604
f 1640 1605 1
f 1606 1 1605
f 1610 1640 1635
f 1609 1605 1610
f 1640 1610 1605
f 1608 1612 18
f 1608 1607 1610
f 1607 11 1609
f 1607 1609 1610
f 1612 1610 1635
f 1610 1612 1608
f 1611 1616 20
f 18 1612 1592
f 1612 1611 19
f 19 1592 1612
f 1616 1612 1635
f 1616 1611 1612
f 34 28 1613
f 1615 1613 28
f 28 30 1615
f 25 1615 30
f 20 1614 21
f 1614 20 1616
f 26 21 1614
f 1615 1614 1616
f 25 26 1614
f 25 1614 1615
f 1616 1617 1613
f 1613 1615 1616
f 37 38 1618
f 35 1618 38
f 1618 1617 37
f 1613 1617 33
f 33 1618 35
f 1618 33 1617
f 1617 1616 1635
f 45 1619 46
f 1619 1623 46
f 1617 1619 1621
f 1621 37 1617
f 1621 1619 45
f 1620 1617 1635
f 1617 1620 1619
f 49 1625 54
f 49 48 1622
f 1622 1625 49
f 1623 1619 1620
f 1623 48 47
f 1622 48 1623
f 1622 1623 1620
f 60 61 56
f 61 55 56
f 60 1629 58
f 60 56 1624
f 1625 1624 56
f 60 1624 1629
f 1622 1624 1625
f 57 54 1625
f 56 57 1625
f 1620 1629 1624
f 1624 1622 1620
f 1629 1620 1635
f 1628 1626 1627
f 58 1628 65
f 1628 58 1629
f 1627 65 1628
f 1631 1629 1635
f 1629 1631 1630
f 1626 1628 1630
f 1630 1628 1629
f 1631 72 73
f 69 1631 73
f 1631 69 1630
f 72 1631 1632
f 1626 1630 69
f 1633 1631 1635
f 79 75 1633
f 1632 1633 75
f 76 1632 77
f 1632 76 72
f 75 77 1632
f 1632 1631 1633
f 86 85 1634
f 85 82 1634
f 79 1633 78
f 1633 82 83
f 83 78 1633
f 1634 82 1633
f 1547 97 1636
f 1637 1636 97
f 97 93 1637
f 1638 1636 1635
f 1636 1637 1635
f 1639 86 1634
f 1634 1637 1639
f 1634 1635 1637
f 1639 1637 93
f 1635 1634 1633
f 1640 1 100
f 101 1640 100
f 101 99 1638
f 1640 101 1638
f 1636 1638 103
f 103 1638 99
f 1635 1640 1638
f 1641 1642 1643
f 1645 1641 1643
f 1643 1644 1645
f 1644 3806 1645
f 1646 1645 3806
f 3806 1647 1646
f 1648 1646 1647
f 1647 1649 1648
f 1650 1648 1649
f 1649 1651 1650
f 1652 1650 1651
f 1651 3638 1652
f 3638 1653 1652
f 1654 1652 1653
f 1653 1655 1654
f 1656 1654 1655
f 1657 1656 1655
f 1655 1658 1657
f 1659 1657 1658
f 1658 1660 1659
f 3445 1659 1660
f 1660 1661 3445
f 1662 3445 1661
f 1661 1663 1662
f 1664 1662 1663
f 1663 1665 1664
f 3406 1664 1665
f 1665 1666 3406
f 1667 3406 1666
f 1666 1668 1667
f 1669 1667 1668
f 1668 1670 1669
f 1671 1669 1670
f 1670 1672 1671
f 1673 1671 1672
f 1672 1674 1673
f 1675 1673 1674
f 1674 1676 1675
f 1677 1675 1676
f 1676 1678 1677
f 1679 1677 1678
f 1678 1680 1679
f 1681 1679 1680
f 1680 1682 1681
f 1683 1681 1682
f 1682 1684 1683
f 2346 1683 1684
f 1684 1685 2346
f 3896 2346 1685
f 1685 1686 3896
f 1687 3896 1686
f 1686 1688 1687
f 1689 1687 1688
f 1688 1690 1689
f 1691 1689 1690
f 1690 1692 1691
f 1693 1691 1692
f 1692 1694 1693
f 1695 1693 1694
f 1694 1696 1695
f 1697 1695 1696
f 1696 1698 1697
f 1699 1697 1698
f 1698 1700 1699
f 1761 1699 1700
f 1700 1701 1761
f 1702 1761 1701
f 1701 1703 1702
f 1704 1702 1703
f 1703 1705 1704
f 1706 1704 1705
f 1705 1707 1706
f 1708 1706 1707
f 1707 1709 1708
f 1710 1708 1709
f 1709 1711 1710
f 1712 1710 1711
f 1711 3647 1712
f 1713 1712 3647
f 3647 1714 1713
f 1715 1713 1714
f 1714 1716 1715
f 1717 1715 1716
f 1718 1717 1716
f 1716 1719 1718
f 1720 1718 1719
f 1719 1721 1720
f 1722 1720 1721
f 1721 1723 1722
f 1724 1722 1723
f 1723 1725 1724
f 1726 1724 1725
f 3791 1726 1725
f 1725 1727 3791
f 1728 3791 1727
f 1729 1728 1727
f 1727 1730 1729
f 1731 1729 1730
f 1730 1732 1731
f 1733 1731 1732
f 1732 1734 1733
f 1642 1733 1734
f 1734 1643 1642
f 1737 1735 1736
f 1736 1738 1737
f 1739 1737 1738
f 1738 1740 1739
f 1735 1739 1740
f 1740 1736 1735
f 1741 1745 1742
f 1742 1743 1741
f 1757 1741 1743
f 1743 1744 1757
f 1745 1757 1744
f 1744 1742 1745
f 1746 1747 1748
f 1748 1749 1746
f 1750 1746 1749
f 1749 1751 1750
f 1752 1750 1751
f 1751 1753 1752
f 1801 1752 1753
f 1753 1754 1801
f 1755 1801 1754
f 1754 1756 1755
f 1747 1755 1756
f 1756 1748 1747
f 1757 1763 1764
f 1764 1758 1757
f 1759 1757 1758
f 1758 1768 1759
f 1760 1759 1768
f 1768 1766 1760
f 1761 1760 1766
f 1766 1762 1761
f 1763 1761 1762
f 1762 1764 1763
f 1907 1909 1765
f 1765 1766 1907
f 1767 1907 1766
f 1766 1768 1767
f 1769 1767 1768
f 1768 1770 1769
f 1771 1769 1770
f 1770 1772 1771
f 1829 1771 1772
f 1772 1773 1829
f 1909 1829 1773
f 1773 1765 1909
f 1774 1779 1775
f 1775 1776 1774
f 1777 1774 1776
f 1776 1791 1777
f 1778 1777 1791
f 1791 1696 1778
f 1696 1775 1778
f 1779 1778 1775
f 1780 1781 1793
f 1793 1782 1780
f 1783 1780 1782
f 1782 1784 1783
f 1785 1783 1784
f 1784 1786 1785
f 1787 1785 1786
f 1786 1855 1787
f 1788 1787 1855
f 1855 1805 1788
f 1781 1788 1805
f 1805 1793 1781
f 1789 1790 1800
f 1800 1791 1789
f 1792 1789 1791
f 1791 1793 1792
f 1794 1792 1793
f 1793 1795 1794
f 1796 1794 1795
f 1795 1797 1796
f 1798 1796 1797
f 1797 1799 1798
f 1799 1800 1798
f 1790 1798 1800
f 1752 1801 1802
f 1802 1803 1752
f 1792 1752 1803
f 1803 1804 1792
f 1788 1792 1804
f 1804 1805 1788
f 1852 1788 1805
f 1805 1806 1852
f 1807 1852 1806
f 1806 1808 1807
f 1801 1807 1808
f 1808 1802 1801
f 1809 1810 1811
f 1811 1812 1809
f 1813 1809 1812
f 1812 1814 1813
f 1872 1813 1814
f 1814 1815 1872
f 1873 1872 1815
f 1815 1816 1873
f 1817 1873 1816
f 1816 1818 1817
f 1810 1817 1818
f 1818 1811 1810
f 1835 1819 1820
f 1820 1821 1835
f 1822 1835 1821
f 1821 1823 1822
f 1824 1822 1823
f 1823 1885 1824
f 1825 1824 1885
f 1885 1826 1825
f 1827 1825 1826
f 1826 1828 1827
f 1819 1827 1828
f 1828 1820 1819
f 1829 1830 1831
f 1831 1832 1829
f 1833 1829 1832
f 1832 1834 1833
f 1835 1833 1834
f 1834 1836 1835
f 1837 1835 1836
f 1836 1845 1837
f 1838 1837 1845
f 1845 1839 1838
f 1830 1838 1839
f 1839 1831 1830
f 1840 1841 1842
f 1842 1843 1840
f 1844 1840 1843
f 1843 1845 1844
f 1846 1844 1845
f 1845 1828 1846
f 1847 1846 1828
f 1828 1848 1847
f 1849 1847 1848
f 1848 1850 1849
f 1841 1849 1850
f 1850 1842 1841
f 1851 1852 1853
f 1853 1854 1851
f 1787 1851 1854
f 1854 1855 1787
f 1856 1787 1855
f 1855 1857 1856
f 1858 1856 1857
f 1857 1859 1858
f 1860 1858 1859
f 1859 1861 1860
f 1852 1860 1861
f 1861 1853 1852
f 1878 1862 1863
f 1863 1861 1878
f 1864 1878 1861
f 1861 1865 1864
f 1866 1864 1865
f 1865 1867 1866
f 1868 1866 1867
f 1867 1869 1868
f 1870 1868 1869
f 1869 1871 1870
f 1862 1870 1871
f 1871 1863 1862
f 1872 1873 1874
f 1874 1875 1872
f 1876 1872 1875
f 1875 1877 1876
f 1878 1876 1877
f 1877 1879 1878
f 1862 1878 1879
f 1879 1880 1862
f 1881 1862 1880
f 1880 1882 1881
f 1873 1881 1882
f 1882 1874 1873
f 1883 1884 1826
f 1826 1885 1883
f 1886 1883 1885
f 1885 1887 1886
f 1870 1886 1887
f 1887 1888 1870
f 2053 1870 1888
f 1888 2054 2053
f 1889 2053 2054
f 2054 1890 1889
f 1884 1889 1890
f 1890 1826 1884
f 4003 1891 1897
f 1897 1928 4003
f 1892 4003 1928
f 1928 1927 1892
f 1893 1892 1927
f 1927 1894 1893
f 1895 1893 1894
f 1894 1896 1895
f 1891 1895 1896
f 1896 1897 1891
f 1898 1899 1896
f 1896 1894 1898
f 1900 1898 1894
f 1894 1961 1900
f 1901 1900 1961
f 1961 1902 1901
f 1903 1901 1902
f 1902 1904 1903
f 1899 1903 1904
f 1904 1896 1899
f 1906 4006 1905
f 1905 1762 1906
f 1907 1906 1762
f 1762 1908 1907
f 1909 1907 1908
f 1908 1910 1909
f 1911 1909 1910
f 1910 1912 1911
f 4006 1911 1912
f 1912 1905 4006
f 1913 1914 1915
f 1915 1916 1913
f 1917 1913 1916
f 1916 1918 1917
f 1919 1917 1918
f 1918 1920 1919
f 1921 1919 1920
f 1920 1922 1921
f 1923 1921 1922
f 1922 1924 1923
f 1914 1923 1924
f 1924 1915 1914
f 1925 1926 1927
f 1927 1928 1925
f 1929 1925 1928
f 1928 1930 1929
f 1931 1929 1930
f 1930 1932 1931
f 1933 1931 1932
f 1932 1934 1933
f 1935 1933 1934
f 1934 1936 1935
f 1926 1935 1936
f 1936 1927 1926
f 1937 1938 1939
f 1939 1940 1937
f 1941 1937 1940
f 1940 1942 1941
f 1997 1941 1942
f 1942 1943 1997
f 1998 1997 1943
f 1943 1944 1998
f 1945 1998 1944
f 1944 1948 1945
f 1938 1945 1948
f 1948 1939 1938
f 1945 1946 1947
f 1947 1948 1945
f 1949 1945 1948
f 1948 1950 1949
f 2008 1949 1950
f 1950 1951 2008
f 1952 2008 1951
f 1951 1953 1952
f 1954 1952 1953
f 1953 1955 1954
f 1946 1954 1955
f 1955 1947 1946
f 1956 1957 1958
f 1958 1959 1956
f 1960 1956 1959
f 1959 1961 1960
f 1962 1960 1961
f 1961 1963 1962
f 1964 1962 1963
f 1963 1965 1964
f 1966 1964 1965
f 1965 1967 1966
f 1957 1966 1967
f 1967 1958 1957
f 3649 1968 1969
f 1969 1970 3649
f 1964 3649 1970
f 1970 1971 1964
f 1954 1964 1971
f 1971 1972 1954
f 1973 1954 1972
f 1972 1974 1973
f 1975 1973 1974
f 1974 1976 1975
f 1968 1975 1976
f 1976 1969 1968
f 1923 1977 1978
f 1978 1979 1923
f 1980 1923 1979
f 1979 1981 1980
f 1982 1980 1981
f 1981 1983 1982
f 1984 1982 1983
f 1983 1985 1984
f 1986 1984 1985
f 1985 1987 1986
f 1977 1986 1987
f 1987 1978 1977
f 1988 1989 1990
f 1990 2003 1988
f 1991 1988 2003
f 2003 1842 1991
f 1992 1991 1842
f 1842 1850 1992
f 1993 1992 1850
f 1850 1994 1993
f 1995 1993 1994
f 1994 1996 1995
f 1989 1995 1996
f 1996 1990 1989
f 1997 1998 1999
f 1999 2000 1997
f 1933 1997 2000
f 2000 2001 1933
f 2002 1933 2001
f 2001 2003 2002
f 2004 2002 2003
f 2003 2005 2004
f 2006 2004 2005
f 2005 2007 2006
f 1998 2006 2007
f 2007 1999 1998
f 2008 2009 2010
f 2010 2011 2008
f 2004 2008 2011
f 2011 2012 2004
f 1995 2004 2012
f 2012 2013 1995
f 2215 1995 2013
f 2013 2014 2215
f 2015 2215 2014
f 2014 2016 2015
f 2009 2015 2016
f 2016 2010 2009
f 2017 2018 1848
f 1848 2019 2017
f 2020 2017 2019
f 2019 2021 2020
f 2074 2020 2021
f 2021 2077 2074
f 2027 2074 2077
f 2077 2022 2027
f 2024 2027 2022
f 2022 2023 2024
f 2018 2024 2023
f 2023 1848 2018
f 2024 2025 2026
f 2026 2038 2024
f 2027 2024 2038
f 2038 2076 2027
f 2028 2027 2076
f 2076 2085 2028
f 2029 2028 2085
f 2085 2101 2029
f 2030 2029 2101
f 2101 2048 2030
f 2025 2030 2048
f 2048 2026 2025
f 2031 2032 2033
f 2033 2034 2031
f 2035 2031 2034
f 2034 2036 2035
f 2037 2035 2036
f 2036 2038 2037
f 2039 2037 2038
f 2038 2046 2039
f 2040 2039 2046
f 2046 2044 2040
f 2032 2040 2044
f 2044 2033 2032
f 2041 2042 2043
f 2043 2044 2041
f 2045 2041 2044
f 2044 2046 2045
f 2047 2045 2046
f 2046 2048 2047
f 2098 2047 2048
f 2048 2049 2098
f 2050 2098 2049
f 2049 2051 2050
f 2042 2050 2051
f 2051 2043 2042
f 2052 2053 2054
f 2054 2055 2052
f 2056 2052 2055
f 2055 2057 2056
f 2058 2056 2057
f 2057 2059 2058
f 2060 2058 2059
f 2059 2061 2060
f 2062 2060 2061
f 2061 2063 2062
f 2053 2062 2063
f 2063 2054 2053
f 2064 2065 2083
f 2083 2081 2064
f 2066 2064 2081
f 2081 2067 2066
f 2068 2066 2067
f 2067 2069 2068
f 2070 2068 2069
f 2069 2071 2070
f 2072 2070 2071
f 2071 2073 2072
f 2065 2072 2073
f 2073 2083 2065
f 2074 2075 2076
f 2076 2077 2074
f 2078 2074 2077
f 2077 2079 2078
f 2080 2078 2079
f 2079 2081 2080
f 2082 2080 2081
f 2081 2083 2082
f 2084 2082 2083
f 2083 2085 2084
f 2075 2084 2085
f 2085 2076 2075
f 2086 2087 2088
f 2088 2089 2086
f 2090 2086 2089
f 2089 2091 2090
f 2135 2090 2091
f 2091 2092 2135
f 2093 2135 2092
f 2092 2094 2093
f 2095 2093 2094
f 2094 2096 2095
f 2087 2095 2096
f 2096 2088 2087
f 2097 2098 2049
f 2049 2099 2097
f 2100 2097 2099
f 2099 2101 2100
f 2102 2100 2101
f 2101 2103 2102
f 2104 2102 2103
f 2103 2110 2104
f 2105 2104 2110
f 2110 2106 2105
f 2098 2105 2106
f 2106 2049 2098
f 2121 2107 2108
f 2108 2109 2121
f 2104 2121 2109
f 2109 2110 2104
f 2111 2104 2110
f 2110 2112 2111
f 2113 2111 2112
f 2112 2877 2113
f 2114 2113 2877
f 2877 2132 2114
f 2107 2114 2132
f 2132 2108 2107
f 2115 2116 2117
f 2117 2118 2115
f 2119 2115 2118
f 2118 2120 2119
f 2121 2119 2120
f 2120 2122 2121
f 2123 2121 2122
f 2122 2130 2123
f 2124 2123 2130
f 2130 2125 2124
f 2116 2124 2125
f 2125 2117 2116
f 2126 2127 2303
f 2303 2128 2126
f 2129 2126 2128
f 2128 2130 2129
f 2131 2129 2130
f 2130 2132 2131
f 2133 2131 2132
f 2132 2896 2133
f 2134 2133 2896
f 2896 2311 2134
f 2127 2134 2311
f 2311 2303 2127
f 2135 2136 2137
f 2137 2138 2135
f 2139 2135 2138
f 2138 2140 2139
f 2141 2139 2140
f 2140 2142 2141
f 2143 2141 2142
f 2142 2144 2143
f 2145 2143 2144
f 2144 2146 2145
f 2136 2145 2146
f 2146 2137 2136
f 2147 2148 2149
f 2149 2164 2147
f 2150 2147 2164
f 2164 2151 2150
f 2152 2150 2151
f 2151 2153 2152
f 2154 2152 2153
f 2153 2155 2154
f 2156 2154 2155
f 2155 2174 2156
f 2148 2156 2174
f 2174 2149 2148
f 2157 2158 2159
f 2159 2160 2157
f 2161 2157 2160
f 2160 2162 2161
f 2163 2161 2162
f 2162 2164 2163
f 2165 2163 2164
f 2164 2172 2165
f 2166 2165 2172
f 2172 2170 2166
f 2158 2166 2170
f 2170 2159 2158
f 2167 2168 2169
f 2169 2170 2167
f 2171 2167 2170
f 2170 2172 2171
f 2173 2171 2172
f 2172 2174 2173
f 2175 2173 2174
f 2174 2176 2175
f 2177 2175 2176
f 2176 2879 2177
f 2168 2177 2879
f 2879 2169 2168
f 2178 2199 2179
f 2179 2180 2178
f 1952 2178 2180
f 2180 2181 1952
f 2235 1952 2181
f 2181 2182 2235
f 2236 2235 2182
f 2182 2183 2236
f 2185 2236 2183
f 2183 2184 2185
f 2199 2185 2184
f 2184 2179 2199
f 2185 2186 2187
f 2187 2188 2185
f 2189 2185 2188
f 2188 2190 2189
f 2191 2189 2190
f 2190 2192 2191
f 2193 2191 2192
f 2192 2194 2193
f 2195 2193 2194
f 2194 2196 2195
f 2186 2195 2196
f 2196 2187 2186
f 3660 3662 2197
f 2197 2198 3660
f 2199 3660 2198
f 2198 2200 2199
f 2201 2199 2200
f 2200 2202 2201
f 2208 2201 2202
f 2202 2203 2208
f 2204 2208 2203
f 2203 2205 2204
f 3662 2204 2205
f 2205 2197 3662
f 2204 3673 2206
f 2206 2207 2204
f 2208 2204 2207
f 2207 2209 2208
f 2195 2208 2209
f 2209 2210 2195
f 2256 2195 2210
f 2210 2211 2256
f 2212 2256 2211
f 2211 2213 2212
f 3673 2212 2213
f 2213 2206 3673
f 2214 2215 2216
f 2216 2217 2214
f 1993 2214 2217
f 2217 2218 1993
f 2219 1993 2218
f 2218 2220 2219
f 2221 2219 2220
f 2220 2222 2221
f 2223 2221 2222
f 2222 2224 2223
f 2215 2223 2224
f 2224 2216 2215
f 2241 2243 2225
f 2225 2226 2241
f 2227 2241 2226
f 2226 2228 2227
f 2229 2227 2228
f 2228 2230 2229
f 2231 2229 2230
f 2230 2232 2231
f 2233 2231 2232
f 2232 2234 2233
f 2243 2233 2234
f 2234 2225 2243
f 2235 2236 2237
f 2237 2238 2235
f 2239 2235 2238
f 2238 2240 2239
f 2241 2239 2240
f 2240 2242 2241
f 2243 2241 2242
f 2242 2244 2243
f 2246 2243 2244
f 2244 2245 2246
f 2236 2246 2245
f 2245 2237 2236
f 2246 2247 2248
f 2248 2249 2246
f 2250 2246 2249
f 2249 2251 2250
f 2294 2250 2251
f 2251 2252 2294
f 2295 2294 2252
f 2252 2320 2295
f 2253 2295 2320
f 2320 2254 2253
f 2247 2253 2254
f 2254 2248 2247
f 2255 2256 2257
f 2257 2258 2255
f 2193 2255 2258
f 2258 2259 2193
f 2260 2193 2259
f 2259 2318 2260
f 2316 2260 2318
f 2318 2261 2316
f 2262 2316 2261
f 2261 2263 2262
f 2256 2262 2263
f 2263 2257 2256
f 2264 2265 2266
f 2266 2267 2264
f 2268 2264 2267
f 2267 2317 2268
f 2327 2268 2317
f 2317 2269 2327
f 2270 2327 2269
f 2269 2271 2270
f 2272 2270 2271
f 2271 2273 2272
f 2265 2272 2273
f 2273 2266 2265
f 2212 2274 2275
f 2275 2276 2212
f 2277 2212 2276
f 2276 2278 2277
f 2279 2277 2278
f 2278 2280 2279
f 2288 2279 2280
f 2280 2281 2288
f 2282 2288 2281
f 2281 2283 2282
f 2274 2282 2283
f 2283 2275 2274
f 2284 2285 2286
f 2286 2287 2284
f 2288 2284 2287
f 2287 2289 2288
f 2272 2288 2289
f 2289 2290 2272
f 3030 2272 2290
f 2290 2291 3030
f 2292 3030 2291
f 2291 2293 2292
f 2285 2292 2293
f 2293 2286 2285
f 2294 2295 2296
f 2296 2297 2294
f 2298 2294 2297
f 2297 2299 2298
f 2300 2298 2299
f 2299 2301 2300
f 2302 2300 2301
f 2301 2303 2302
f 2304 2302 2303
f 2303 2305 2304
f 2295 2304 2305
f 2305 2296 2295
f 2306 2307 2324
f 2324 2322 2306
f 2308 2306 2322
f 2322 2309 2308
f 2310 2308 2309
f 2309 2311 2310
f 2312 2310 2311
f 2311 2313 2312
f 2314 2312 2313
f 2313 2315 2314
f 2307 2314 2315
f 2315 2324 2307
f 2260 2316 2317
f 2317 2318 2260
f 2319 2260 2318
f 2318 2320 2319
f 2321 2319 2320
f 2320 2322 2321
f 2323 2321 2322
f 2322 2324 2323
f 2325 2323 2324
f 2324 2326 2325
f 2316 2325 2326
f 2326 2317 2316
f 2327 2328 2329
f 2329 2326 2327
f 2330 2327 2326
f 2326 2331 2330
f 2332 2330 2331
f 2331 2315 2332
f 2333 2332 2315
f 2315 2334 2333
f 2335 2333 2334
f 2334 2336 2335
f 2328 2335 2336
f 2336 2329 2328
f 2339 2337 2338
f 2338 2340 2339
f 2341 2339 2340
f 2340 2342 2341
f 2473 2341 2342
f 2342 2343 2473
f 2344 2473 2343
f 2343 2345 2344
f 2346 2344 2345
f 2345 2347 2346
f 2337 2346 2347
f 2347 2338 2337
f 2348 2349 2350
f 2350 2475 2348
f 2351 2348 2475
f 2475 2352 2351
f 2353 2351 2352
f 2352 2354 2353
f 2355 2353 2354
f 2354 2388 2355
f 2356 2355 2388
f 2388 2357 2356
f 2349 2356 2357
f 2357 2350 2349
f 2358 2364 2415
f 2415 2359 2358
f 2360 2358 2359
f 2359 2361 2360
f 2362 2360 2361
f 2361 2363 2362
f 2364 2362 2363
f 2363 2415 2364
f 2365 2366 2367
f 2367 2368 2365
f 2369 2365 2368
f 2368 2370 2369
f 2371 2369 2370
f 2370 2413 2371
f 2411 2371 2413
f 2413 2372 2411
f 2373 2411 2372
f 2372 2376 2373
f 2366 2373 2376
f 2376 2367 2366
f 2373 2374 2375
f 2375 2376 2373
f 2377 2373 2376
f 2376 2412 2377
f 2378 2377 2412
f 2412 2410 2378
f 2379 2378 2410
f 2410 2380 2379
f 2381 2379 2380
f 2380 2382 2381
f 2374 2381 2382
f 2382 2375 2374
f 2383 2384 2385
f 2385 2386 2383
f 2387 2383 2386
f 2386 2388 2387
f 2389 2387 2388
f 2388 2390 2389
f 2397 2389 2390
f 2390 2375 2397
f 2391 2397 2375
f 2375 2392 2391
f 2384 2391 2392
f 2392 2385 2384
f 2393 2394 2395
f 2395 2396 2393
f 2397 2393 2396
f 2396 2398 2397
f 2381 2397 2398
f 2398 2382 2381
f 2399 2381 2382
f 2382 2612 2399
f 2400 2399 2612
f 2612 2566 2400
f 2394 2400 2566
f 2566 2395 2394
f 2401 2402 2403
f 2403 2422 2401
f 2404 2401 2422
f 2422 2408 2404
f 2405 2404 2408
f 2408 2406 2405
f 2402 2405 2406
f 2406 2403 2402
f 2407 2414 1680
f 1680 2408 2407
f 2409 2407 2408
f 2408 2410 2409
f 2411 2409 2410
f 2410 2412 2411
f 2371 2411 2412
f 2412 2413 2371
f 2364 2371 2413
f 2413 2415 2364
f 2414 2364 2415
f 2415 1680 2414
f 2416 2417 2380
f 2380 2418 2416
f 2419 2416 2418
f 2418 2420 2419
f 2421 2419 2420
f 2420 2422 2421
f 2423 2421 2422
f 2422 2424 2423
f 2425 2423 2424
f 2424 2426 2425
f 2417 2425 2426
f 2426 2380 2417
f 2427 2428 2429
f 2429 2430 2427
f 2431 2427 2430
f 2430 2432 2431
f 2433 2431 2432
f 2432 2434 2433
f 2492 2433 2434
f 2434 2435 2492
f 2436 2492 2435
f 2435 2439 2436
f 2428 2436 2439
f 2439 2429 2428
f 2436 2437 2438
f 2438 2439 2436
f 2440 2436 2439
f 2439 2441 2440
f 2442 2440 2441
f 2441 2443 2442
f 2502 2442 2443
f 2443 2444 2502
f 2445 2502 2444
f 2444 2446 2445
f 2437 2445 2446
f 2446 2438 2437
f 2447 2448 2449
f 2449 2450 2447
f 2451 2447 2450
f 2450 2452 2451
f 2453 2451 2452
f 2452 2454 2453
f 2462 2453 2454
f 2454 2455 2462
f 2456 2462 2455
f 2455 2457 2456
f 2448 2456 2457
f 2457 2449 2448
f 2458 2459 2460
f 2460 2461 2458
f 2462 2458 2461
f 2461 2463 2462
f 2464 2462 2463
f 2463 2465 2464
f 2466 2464 2465
f 2465 2467 2466
f 2468 2466 2467
f 2467 2469 2468
f 2459 2468 2469
f 2469 2460 2459
f 2470 2471 3891
f 3891 2472 2470
f 2473 2470 2472
f 2472 2343 2473
f 2474 2473 2343
f 2343 2475 2474
f 2476 2474 2475
f 2475 2477 2476
f 2478 2476 2477
f 2477 2479 2478
f 2471 2478 2479
f 2479 3891 2471
f 2480 2481 2499
f 2499 2482 2480
f 2483 2480 2482
f 2482 2484 2483
f 2485 2483 2484
f 2484 2486 2485
f 2487 2485 2486
f 2486 2488 2487
f 2489 2487 2488
f 2488 2490 2489
f 2481 2489 2490
f 2490 2499 2481
f 2491 2492 2493
f 2493 2494 2491
f 2495 2491 2494
f 2494 2496 2495
f 2497 2495 2496
f 2496 2482 2497
f 2498 2497 2482
f 2482 2499 2498
f 2500 2498 2499
f 2499 2501 2500
f 2492 2500 2501
f 2501 2493 2492
f 2500 2502 2503
f 2503 2504 2500
f 2498 2500 2504
f 2504 2505 2498
f 2489 2498 2505
f 2505 2552 2489
f 2506 2489 2552
f 2552 2507 2506
f 2508 2506 2507
f 2507 2509 2508
f 2502 2508 2509
f 2509 2503 2502
f 2510 2511 2512
f 2512 2513 2510
f 2514 2510 2513
f 2513 2515 2514
f 2569 2514 2515
f 2515 2516 2569
f 2517 2569 2516
f 2516 2523 2517
f 2518 2517 2523
f 2523 2519 2518
f 2511 2518 2519
f 2519 2512 2511
f 2534 2520 2521
f 2521 2522 2534
f 2517 2534 2522
f 2522 2523 2517
f 2524 2517 2523
f 2523 2525 2524
f 2526 2524 2525
f 2525 2724 2526
f 2527 2526 2724
f 2724 2545 2527
f 2520 2527 2545
f 2545 2521 2520
f 2528 2529 2530
f 2530 2531 2528
f 2532 2528 2531
f 2531 2533 2532
f 2534 2532 2533
f 2533 2535 2534
f 2536 2534 2535
f 2535 2543 2536
f 2537 2536 2543
f 2543 2541 2537
f 2529 2537 2541
f 2541 2530 2529
f 2538 2539 2540
f 2540 2541 2538
f 2542 2538 2541
f 2541 2543 2542
f 2544 2542 2543
f 2543 2545 2544
f 2546 2544 2545
f 2545 2741 2546
f 2547 2546 2741
f 2741 2548 2547
f 2539 2547 2548
f 2548 2540 2539
f 2549 2550 2551
f 2551 2552 2549
f 2553 2549 2552
f 2552 2554 2553
f 2555 2553 2554
f 2554 2556 2555
f 2557 2555 2556
f 2556 2564 2557
f 2558 2557 2564
f 2564 2562 2558
f 2550 2558 2562
f 2562 2551 2550
f 2559 2560 2561
f 2561 2562 2559
f 2563 2559 2562
f 2562 2564 2563
f 2565 2563 2564
f 2564 2566 2565
f 2567 2565 2566
f 2566 2760 2567
f 2568 2567 2760
f 2760 2585 2568
f 2560 2568 2585
f 2585 2561 2560
f 2569 2570 2571
f 2571 2572 2569
f 2506 2569 2572
f 2572 2573 2506
f 2574 2506 2573
f 2573 2575 2574
f 2576 2574 2575
f 2575 2583 2576
f 2577 2576 2583
f 2583 2581 2577
f 2570 2577 2581
f 2581 2571 2570
f 2578 2579 2580
f 2580 2581 2578
f 2582 2578 2581
f 2581 2583 2582
f 2584 2582 2583
f 2583 2585 2584
f 2586 2584 2585
f 2585 2779 2586
f 2587 2586 2779
f 2779 2726 2587
f 2579 2587 2726
f 2726 2580 2579
f 2588 2589 2590
f 2590 2591 2588
f 2379 2588 2591
f 2591 2592 2379
f 2425 2379 2592
f 2592 2593 2425
f 2594 2425 2593
f 2593 2600 2594
f 2595 2594 2600
f 2600 2596 2595
f 2589 2595 2596
f 2596 2590 2589
f 2613 2597 2598
f 2598 2599 2613
f 2594 2613 2599
f 2599 2600 2594
f 2601 2594 2600
f 2600 2602 2601
f 2603 2601 2602
f 2602 2604 2603
f 2605 2603 2604
f 2604 2606 2605
f 2597 2605 2606
f 2606 2598 2597
f 2607 2608 2609
f 2609 2610 2607
f 2611 2607 2610
f 2610 2612 2611
f 2613 2611 2612
f 2612 2614 2613
f 2597 2613 2614
f 2614 2615 2597
f 2761 2597 2615
f 2615 2762 2761
f 2608 2761 2762
f 2762 2609 2608
f 2616 2617 2618
f 2618 2619 2616
f 2620 2616 2619
f 2619 2621 2620
f 2605 2620 2621
f 2621 2622 2605
f 2648 2605 2622
f 2622 2649 2648
f 2623 2648 2649
f 2649 2624 2623
f 2617 2623 2624
f 2624 2618 2617
f 2625 1675 2630
f 2630 2626 2625
f 2635 2625 2626
f 2626 2627 2635
f 2421 2635 2627
f 2627 2628 2421
f 2402 2421 2628
f 2628 2629 2402
f 2629 2630 2402
f 1675 2402 2630
f 2631 2632 2633
f 2633 2634 2631
f 2635 2631 2634
f 2634 2636 2635
f 3979 2635 2636
f 2636 3980 3979
f 2637 3979 3980
f 3980 2643 2637
f 2638 2637 2643
f 2643 2642 2638
f 2632 2638 2642
f 2642 2633 2632
f 2639 2640 2641
f 2641 2642 2639
f 3977 2639 2642
f 2642 2643 3977
f 3975 3977 2643
f 2643 2694 3975
f 2644 3975 2694
f 2694 2645 2644
f 2646 2644 2645
f 2645 2652 2646
f 2640 2646 2652
f 2652 2641 2640
f 2647 2648 2649
f 2649 2650 2647
f 2603 2647 2650
f 2650 2651 2603
f 2646 2603 2651
f 2651 2652 2646
f 2653 2646 2652
f 2652 2654 2653
f 2655 2653 2654
f 2654 2656 2655
f 2648 2655 2656
f 2656 2649 2648
f 2657 2658 2659
f 2659 2660 2657
f 2661 2657 2660
f 2660 2662 2661
f 2706 2661 2662
f 2662 2663 2706
f 2664 2706 2663
f 2663 2665 2664
f 2666 2664 2665
f 2665 2667 2666
f 2658 2666 2667
f 2667 2659 2658
f 2668 2669 2670
f 2670 2671 2668
f 2672 2668 2671
f 2671 2673 2672
f 2674 2672 2673
f 2673 2675 2674
f 2681 2674 2675
f 2675 2676 2681
f 2677 2681 2676
f 2676 2678 2677
f 2669 2677 2678
f 2678 2670 2669
f 2679 2839 2840
f 2840 2680 2679
f 2681 2679 2680
f 2680 2682 2681
f 2666 2681 2682
f 2682 2683 2666
f 2684 2666 2683
f 2683 2685 2684
f 2848 2684 2685
f 2685 2686 2848
f 2839 2848 2686
f 2686 2840 2839
f 2689 2687 2688
f 2688 2690 2689
f 2691 2689 2690
f 2690 2692 2691
f 2693 2691 2692
f 2692 2694 2693
f 3973 2693 2694
f 2694 2695 3973
f 2696 3973 2695
f 2695 2697 2696
f 2687 2696 2697
f 2697 2688 2687
f 2698 2661 2699
f 2699 2700 2698
f 2644 2698 2700
f 2700 2701 2644
f 2702 2644 2701
f 2701 2703 2702
f 2704 2702 2703
f 2703 2705 2704
f 2706 2704 2705
f 2705 2707 2706
f 2661 2706 2707
f 2707 2699 2661
f 2708 2709 2710
f 2710 2711 2708
f 3987 2708 2711
f 2711 2712 3987
f 2713 3987 2712
f 2712 2714 2713
f 2715 2713 2714
f 2714 2716 2715
f 2717 2715 2716
f 2716 2718 2717
f 2709 2717 2718
f 2718 2710 2709
f 2719 2720 2721
f 2721 2722 2719
f 2723 2719 2722
f 2722 2724 2723
f 2725 2723 2724
f 2724 2726 2725
f 2777 2725 2726
f 2726 2727 2777
f 2728 2777 2727
f 2727 2731 2728
f 2720 2728 2731
f 2731 2721 2720
f 2728 2729 2730
f 2730 2731 2728
f 2732 2728 2731
f 2731 2733 2732
f 2734 2732 2733
f 2733 2735 2734
f 2800 2734 2735
f 2735 2736 2800
f 2751 2800 2736
f 2736 2737 2751
f 2729 2751 2737
f 2737 2730 2729
f 2738 2915 2739
f 2739 2548 2738
f 2740 2738 2548
f 2548 2741 2740
f 2742 2740 2741
f 2741 2743 2742
f 2749 2742 2743
f 2743 2744 2749
f 2746 2749 2744
f 2744 2745 2746
f 2915 2746 2745
f 2745 2739 2915
f 2746 2747 2748
f 2748 2917 2746
f 2749 2746 2917
f 2917 2750 2749
f 2751 2749 2750
f 2750 2752 2751
f 2797 2751 2752
f 2752 2798 2797
f 2753 2797 2798
f 2798 2754 2753
f 2747 2753 2754
f 2754 2748 2747
f 2755 2756 2757
f 2757 2758 2755
f 2759 2755 2758
f 2758 2760 2759
f 2761 2759 2760
f 2760 2762 2761
f 2763 2761 2762
f 2762 2764 2763
f 2765 2763 2764
f 2764 2768 2765
f 2756 2765 2768
f 2768 2757 2756
f 2766 2782 2767
f 2767 2768 2766
f 2769 2766 2768
f 2768 2770 2769
f 2771 2769 2770
f 2770 2772 2771
f 2773 2771 2772
f 2772 2774 2773
f 2775 2773 2774
f 2774 2776 2775
f 2782 2775 2776
f 2776 2767 2782
f 2725 2777 2727
f 2727 2778 2725
f 2586 2725 2778
f 2778 2779 2586
f 2780 2586 2779
f 2779 2781 2780
f 2782 2780 2781
f 2781 2783 2782
f 2785 2782 2783
f 2783 2784 2785
f 2777 2785 2784
f 2784 2727 2777
f 2785 2786 2787
f 2787 2788 2785
f 2789 2785 2788
f 2788 2790 2789
f 2831 2789 2790
f 2790 2791 2831
f 2792 2831 2791
f 2791 2793 2792
f 2794 2792 2793
f 2793 2795 2794
f 2786 2794 2795
f 2795 2787 2786
f 2796 2797 2798
f 2798 2799 2796
f 2800 2796 2799
f 2799 2801 2800
f 2802 2800 2801
f 2801 2803 2802
f 2804 2802 2803
f 2803 2810 2804
f 2805 2804 2810
f 2810 2806 2805
f 2797 2805 2806
f 2806 2798 2797
f 2819 2807 2808
f 2808 2809 2819
f 2804 2819 2809
f 2809 2810 2804
f 2811 2804 2810
f 2810 2812 2811
f 2813 2811 2812
f 2812 3479 2813
f 2814 2813 3479
f 3479 2828 2814
f 2807 2814 2828
f 2828 2808 2807
f 2926 2928 2815
f 2815 2816 2926
f 2817 2926 2816
f 2816 2818 2817
f 2819 2817 2818
f 2818 2820 2819
f 2821 2819 2820
f 2820 2827 2821
f 2822 2821 2827
f 2827 2823 2822
f 2928 2822 2823
f 2823 2815 2928
f 2824 2825 2996
f 2996 2826 2824
f 2821 2824 2826
f 2826 2827 2821
f 2814 2821 2827
f 2827 2828 2814
f 2829 2814 2828
f 2828 3497 2829
f 2830 2829 3497
f 3497 3003 2830
f 2825 2830 3003
f 3003 2996 2825
f 2831 2832 2833
f 2833 2834 2831
f 2835 2831 2834
f 2834 2836 2835
f 2837 2835 2836
f 2836 2838 2837
f 2839 2837 2838
f 2838 2840 2839
f 2841 2839 2840
f 2840 2842 2841
f 2832 2841 2842
f 2842 2833 2832
f 2843 2844 2845
f 2845 2859 2843
f 2846 2843 2859
f 2859 2847 2846
f 2848 2846 2847
f 2847 2849 2848
f 2850 2848 2849
f 2849 3517 2850
f 2851 2850 3517
f 3517 2869 2851
f 2844 2851 2869
f 2869 2845 2844
f 2852 2853 2854
f 2854 2855 2852
f 2856 2852 2855
f 2855 2857 2856
f 2858 2856 2857
f 2857 2859 2858
f 2860 2858 2859
f 2859 2867 2860
f 2861 2860 2867
f 2867 2865 2861
f 2853 2861 2865
f 2865 2854 2853
f 2862 2863 2864
f 2864 2865 2862
f 2866 2862 2865
f 2865 2867 2866
f 2868 2866 2867
f 2867 2869 2868
f 2870 2868 2869
f 2869 3538 2870
f 2871 2870 3538
f 3538 3480 2871
f 2863 2871 3480
f 3480 2864 2863
f 2872 2873 2874
f 2874 2875 2872
f 2876 2872 2875
f 2875 2877 2876
f 2878 2876 2877
f 2877 2879 2878
f 2880 2878 2879
f 2879 2886 2880
f 2897 2880 2886
f 2886 2881 2897
f 2873 2897 2881
f 2881 2874 2873
f 2882 2883 2884
f 2884 2885 2882
f 2932 2882 2885
f 2885 2886 2932
f 2887 2932 2886
f 2886 2888 2887
f 2889 2887 2888
f 2888 2890 2889
f 2891 2889 2890
f 2890 2907 2891
f 2883 2891 2907
f 2907 2884 2883
f 2892 2893 2313
f 2313 2894 2892
f 2895 2892 2894
f 2894 2896 2895
f 2897 2895 2896
f 2896 2885 2897
f 2898 2897 2885
f 2885 2905 2898
f 2899 2898 2905
f 2905 2903 2899
f 2893 2899 2903
f 2903 2313 2893
f 2900 2901 2902
f 2902 2903 2900
f 2904 2900 2903
f 2903 2905 2904
f 2906 2904 2905
f 2905 2907 2906
f 2908 2906 2907
f 2907 2909 2908
f 2910 2908 2909
f 2909 2911 2910
f 2901 2910 2911
f 2911 2902 2901
f 2912 2935 2913
f 2913 2914 2912
f 2915 2912 2914
f 2914 2739 2915
f 2916 2915 2739
f 2739 2917 2916
f 2924 2916 2917
f 2917 2918 2924
f 2919 2924 2918
f 2918 2920 2919
f 2935 2919 2920
f 2920 2913 2935
f 2921 2922 2938
f 2938 2923 2921
f 2924 2921 2923
f 2923 2925 2924
f 2926 2924 2925
f 2925 2927 2926
f 2928 2926 2927
f 2927 2929 2928
f 2930 2928 2929
f 2929 2931 2930
f 2922 2930 2931
f 2931 2938 2922
f 2878 2932 2933
f 2933 2934 2878
f 2935 2878 2934
f 2934 2936 2935
f 2919 2935 2936
f 2936 2937 2919
f 2922 2919 2937
f 2937 2938 2922
f 2939 2922 2938
f 2938 2940 2939
f 2932 2939 2940
f 2940 2933 2932
f 2941 2942 2943
f 2943 2944 2941
f 2945 2941 2944
f 2944 2946 2945
f 2947 2945 2946
f 2946 2992 2947
f 2948 2947 2992
f 2992 3011 2948
f 2949 2948 3011
f 3011 2956 2949
f 2942 2949 2956
f 2956 2943 2942
f 2950 2974 2951
f 2951 2952 2950
f 2953 2950 2952
f 2952 2954 2953
f 2955 2953 2954
f 2954 2956 2955
f 2957 2955 2956
f 2956 2958 2957
f 2959 2957 2958
f 2958 2960 2959
f 2974 2959 2960
f 2960 2951 2974
f 2961 2962 2963
f 2963 2964 2961
f 3007 2961 2964
f 2964 3008 3007
f 2965 3007 3008
f 3008 3021 2965
f 2966 2965 3021
f 3021 2967 2966
f 2968 2966 2967
f 2967 2969 2968
f 2962 2968 2969
f 2969 2963 2962
f 2970 2971 2972
f 2972 2973 2970
f 2974 2970 2973
f 2973 2975 2974
f 2976 2974 2975
f 2975 2977 2976
f 2984 2976 2977
f 2977 2978 2984
f 2979 2984 2978
f 2978 2980 2979
f 2971 2979 2980
f 2980 2972 2971
f 2981 2982 3155
f 3155 2983 2981
f 2984 2981 2983
f 2983 2985 2984
f 2968 2984 2985
f 2985 2986 2968
f 2987 2968 2986
f 2986 3209 2987
f 2988 2987 3209
f 3209 3162 2988
f 2982 2988 3162
f 3162 3155 2982
f 2989 2990 2991
f 2991 2992 2989
f 2993 2989 2992
f 2992 2994 2993
f 2824 2993 2994
f 2994 2995 2824
f 2825 2824 2995
f 2995 2996 2825
f 2997 2825 2996
f 2996 2998 2997
f 2990 2997 2998
f 2998 2991 2990
f 2999 3000 3015
f 3015 3013 2999
f 3001 2999 3013
f 3013 3002 3001
f 2830 3001 3002
f 3002 3003 2830
f 3004 2830 3003
f 3003 3224 3004
f 3005 3004 3224
f 3224 3025 3005
f 3000 3005 3025
f 3025 3015 3000
f 3006 3007 3008
f 3008 3009 3006
f 3010 3006 3009
f 3009 3011 3010
f 3012 3010 3011
f 3011 3013 3012
f 3014 3012 3013
f 3013 3015 3014
f 3016 3014 3015
f 3015 3017 3016
f 3007 3016 3017
f 3017 3008 3007
f 3018 3019 3020
f 3020 3021 3018
f 3022 3018 3021
f 3021 3023 3022
f 3024 3022 3023
f 3023 3025 3024
f 3026 3024 3025
f 3025 3246 3026
f 3027 3026 3246
f 3246 3028 3027
f 3019 3027 3028
f 3028 3020 3019
f 3029 3030 3031
f 3031 3032 3029
f 2270 3029 3032
f 3032 3033 2270
f 2335 2270 3033
f 3033 3034 2335
f 3035 2335 3034
f 3034 3036 3035
f 3037 3035 3036
f 3036 3038 3037
f 3030 3037 3038
f 3038 3031 3030
f 3054 3039 3040
f 3040 3041 3054
f 3035 3054 3041
f 3041 3042 3035
f 3043 3035 3042
f 3042 3044 3043
f 3045 3043 3044
f 3044 3046 3045
f 3047 3045 3046
f 3046 3062 3047
f 3039 3047 3062
f 3062 3040 3039
f 3048 3049 3050
f 3050 3051 3048
f 3052 3048 3051
f 3051 3053 3052
f 3054 3052 3053
f 3053 3055 3054
f 3056 3054 3055
f 3055 3061 3056
f 3057 3056 3061
f 3061 3058 3057
f 3049 3057 3058
f 3058 3050 3049
f 3711 3713 3059
f 3059 3060 3711
f 3056 3711 3060
f 3060 3061 3056
f 3047 3056 3061
f 3061 3062 3047
f 3108 3047 3062
f 3062 3063 3108
f 3064 3108 3063
f 3063 3065 3064
f 3713 3064 3065
f 3065 3059 3713
f 3066 3092 3067
f 3067 3068 3066
f 3069 3066 3068
f 3068 3070 3069
f 3071 3069 3070
f 3070 3072 3071
f 3073 3071 3072
f 3072 3074 3073
f 3075 3073 3074
f 3074 3076 3075
f 3092 3075 3076
f 3076 3067 3092
f 3077 3078 3079
f 3079 3094 3077
f 3080 3077 3094
f 3094 3081 3080
f 3082 3080 3081
f 3081 3083 3082
f 3084 3082 3083
f 3083 3085 3084
f 3086 3084 3085
f 3085 3087 3086
f 3078 3086 3087
f 3087 3079 3078
f 3088 3089 3090
f 3090 3091 3088
f 3092 3088 3091
f 3091 3093 3092
f 3075 3092 3093
f 3093 3094 3075
f 3078 3075 3094
f 3094 3095 3078
f 3096 3078 3095
f 3095 3097 3096
f 3089 3096 3097
f 3097 3090 3089
f 3098 3099 3100
f 3100 3101 3098
f 3102 3098 3101
f 3101 3103 3102
f 3104 3102 3103
f 3103 3150 3104
f 3105 3104 3150
f 3150 3171 3105
f 3106 3105 3171
f 3171 3113 3106
f 3099 3106 3113
f 3113 3100 3099
f 3107 3108 3063
f 3063 3109 3107
f 3110 3107 3109
f 3109 3111 3110
f 3112 3110 3111
f 3111 3113 3112
f 3114 3112 3113
f 3113 3115 3114
f 3116 3114 3115
f 3115 3117 3116
f 3108 3116 3117
f 3117 3063 3108
f 3118 3119 3120
f 3120 3121 3118
f 3167 3118 3121
f 3121 3122 3167
f 3176 3167 3122
f 3122 3123 3176
f 3124 3176 3123
f 3123 3125 3124
f 3126 3124 3125
f 3125 3127 3126
f 3119 3126 3127
f 3127 3120 3119
f 3064 3128 3129
f 3129 3130 3064
f 3131 3064 3130
f 3130 3132 3131
f 3133 3131 3132
f 3132 3134 3133
f 3142 3133 3134
f 3134 3135 3142
f 3136 3142 3135
f 3135 3137 3136
f 3128 3136 3137
f 3137 3129 3128
f 3138 3139 3140
f 3140 3141 3138
f 3142 3138 3141
f 3141 3143 3142
f 3126 3142 3143
f 3143 3144 3126
f 3326 3126 3144
f 3144 3337 3326
f 3145 3326 3337
f 3337 3146 3145
f 3139 3145 3146
f 3146 3140 3139
f 3147 3148 3149
f 3149 3150 3147
f 3151 3147 3150
f 3150 3152 3151
f 3153 3151 3152
f 3152 3154 3153
f 3159 3153 3154
f 3154 3155 3159
f 3156 3159 3155
f 3155 3157 3156
f 3148 3156 3157
f 3157 3149 3148
f 3172 3174 3158
f 3158 3173 3172
f 3159 3172 3173
f 3173 3160 3159
f 3161 3159 3160
f 3160 3162 3161
f 3163 3161 3162
f 3162 3164 3163
f 3184 3163 3164
f 3164 3165 3184
f 3174 3184 3165
f 3165 3158 3174
f 3166 3167 3168
f 3168 3169 3166
f 3170 3166 3169
f 3169 3171 3170
f 3172 3170 3171
f 3171 3173 3172
f 3174 3172 3173
f 3173 3175 3174
f 3176 3174 3175
f 3175 3177 3176
f 3167 3176 3177
f 3177 3168 3167
f 3178 3179 3180
f 3180 3181 3178
f 3182 3178 3181
f 3181 3183 3182
f 3184 3182 3183
f 3183 3185 3184
f 3186 3184 3185
f 3185 3362 3186
f 3187 3186 3362
f 3362 3188 3187
f 3179 3187 3188
f 3188 3180 3179
f 3189 3190 3191
f 3191 3192 3189
f 2966 3189 3192
f 3192 3193 2966
f 3027 2966 3193
f 3193 3244 3027
f 3194 3027 3244
f 3244 3195 3194
f 3196 3194 3195
f 3195 3197 3196
f 3190 3196 3197
f 3197 3191 3190
f 3210 3198 3199
f 3199 3200 3210
f 3194 3210 3200
f 3200 3243 3194
f 3201 3194 3243
f 3243 3250 3201
f 3202 3201 3250
f 3250 3203 3202
f 3204 3202 3203
f 3203 3205 3204
f 3198 3204 3205
f 3205 3199 3198
f 3161 3206 3207
f 3207 3208 3161
f 2987 3161 3208
f 3208 3209 2987
f 3210 2987 3209
f 3209 3211 3210
f 3198 3210 3211
f 3211 3212 3198
f 3343 3198 3212
f 3212 3213 3343
f 3206 3343 3213
f 3213 3207 3206
f 3214 3215 3216
f 3216 3213 3214
f 3217 3214 3213
f 3213 3212 3217
f 3204 3217 3212
f 3212 3205 3204
f 3260 3204 3205
f 3205 3261 3260
f 3218 3260 3261
f 3261 3219 3218
f 3215 3218 3219
f 3219 3216 3215
f 3220 3245 3221
f 3221 3222 3220
f 3223 3220 3222
f 3222 3224 3223
f 3225 3223 3224
f 3224 3226 3225
f 3233 3225 3226
f 3226 3227 3233
f 3228 3233 3227
f 3227 3229 3228
f 3245 3228 3229
f 3229 3221 3245
f 3230 3231 3248
f 3248 3232 3230
f 3233 3230 3232
f 3232 3234 3233
f 3235 3233 3234
f 3234 3236 3235
f 3237 3235 3236
f 3236 3238 3237
f 3239 3237 3238
f 3238 3240 3239
f 3231 3239 3240
f 3240 3248 3231
f 3241 3242 3243
f 3243 3244 3241
f 3245 3241 3244
f 3244 3246 3245
f 3228 3245 3246
f 3246 3232 3228
f 3247 3228 3232
f 3232 3248 3247
f 3249 3247 3248
f 3248 3250 3249
f 3242 3249 3250
f 3250 3243 3242
f 3251 3252 3203
f 3203 3253 3251
f 3254 3251 3253
f 3253 3255 3254
f 3296 3254 3255
f 3255 3256 3296
f 3257 3296 3256
f 3256 3319 3257
f 3258 3257 3319
f 3319 3265 3258
f 3252 3258 3265
f 3265 3203 3252
f 3259 3260 3261
f 3261 3262 3259
f 3202 3259 3262
f 3262 3263 3202
f 3264 3202 3263
f 3263 3265 3264
f 3315 3264 3265
f 3265 3272 3315
f 3266 3315 3272
f 3272 3267 3266
f 3260 3266 3267
f 3267 3261 3260
f 3268 3269 3286
f 3286 3270 3268
f 3271 3268 3270
f 3270 3272 3271
f 3273 3271 3272
f 3272 3274 3273
f 3275 3273 3274
f 3274 3276 3275
f 3277 3275 3276
f 3276 3278 3277
f 3269 3277 3278
f 3278 3286 3269
f 3279 3280 3281
f 3281 3282 3279
f 3283 3279 3282
f 3282 3284 3283
f 3285 3283 3284
f 3284 3270 3285
f 3291 3285 3270
f 3270 3286 3291
f 3287 3291 3286
f 3286 3288 3287
f 3280 3287 3288
f 3288 3281 3280
f 3928 3930 3289
f 3289 3290 3928
f 3291 3928 3290
f 3290 3292 3291
f 3294 3291 3292
f 3292 3293 3294
f 3293 3295 3294
f 3930 3294 3295
f 3295 3289 3930
f 3296 3297 3298
f 3298 3299 3296
f 3237 3296 3299
f 3299 3300 3237
f 3301 3237 3300
f 3300 3302 3301
f 3303 3301 3302
f 3302 3304 3303
f 3305 3303 3304
f 3304 3321 3305
f 3297 3305 3321
f 3321 3298 3297
f 3320 3306 3307
f 3307 3308 3320
f 3303 3320 3308
f 3308 3309 3303
f 3584 3303 3309
f 3309 3310 3584
f 3311 3584 3310
f 3310 3312 3311
f 3313 3311 3312
f 3312 3923 3313
f 3306 3313 3923
f 3923 3307 3306
f 3314 3315 3316
f 3316 3317 3314
f 3318 3314 3317
f 3317 3319 3318
f 3320 3318 3319
f 3319 3321 3320
f 3322 3320 3321
f 3321 3921 3322
f 3323 3322 3921
f 3921 3324 3323
f 3315 3323 3324
f 3324 3316 3315
f 3325 3326 3327
f 3327 3328 3325
f 3124 3325 3328
f 3328 3329 3124
f 3330 3124 3329
f 3329 3360 3330
f 3331 3330 3360
f 3360 3945 3331
f 3332 3331 3945
f 3945 3333 3332
f 3326 3332 3333
f 3333 3327 3326
f 3336 3334 3335
f 3335 3337 3336
f 3332 3336 3337
f 3337 3944 3332
f 3950 3332 3944
f 3944 3951 3950
f 3951 3335 3950
f 3334 3950 3335
f 3338 3339 3340
f 3340 3341 3338
f 3163 3338 3341
f 3341 3342 3163
f 3343 3163 3342
f 3342 3344 3343
f 3345 3343 3344
f 3344 3346 3345
f 3347 3345 3346
f 3346 3350 3347
f 3339 3347 3350
f 3350 3340 3339
f 3348 3365 3349
f 3349 3350 3348
f 3351 3348 3350
f 3350 3352 3351
f 3353 3351 3352
f 3352 3354 3353
f 3926 3353 3354
f 3354 3355 3926
f 3924 3926 3355
f 3355 3356 3924
f 3365 3924 3356
f 3356 3349 3365
f 3357 3358 3359
f 3359 3360 3357
f 3361 3357 3360
f 3360 3362 3361
f 3363 3361 3362
f 3362 3364 3363
f 3365 3363 3364
f 3364 3366 3365
f 3933 3365 3366
f 3366 3947 3933
f 3358 3933 3947
f 3947 3359 3358
f 3367 3368 3369
f 3369 3370 3367
f 2664 3367 3370
f 3370 3371 2664
f 3410 2664 3371
f 3371 3372 3410
f 3411 3410 3372
f 3372 3373 3411
f 3374 3411 3373
f 3373 3375 3374
f 3368 3374 3375
f 3375 3369 3368
f 3391 3376 3377
f 3377 3378 3391
f 3379 3391 3378
f 3378 3380 3379
f 3426 3379 3380
f 3380 3381 3426
f 3382 3426 3381
f 3381 3383 3382
f 3384 3382 3383
f 3383 3385 3384
f 3376 3384 3385
f 3385 3377 3376
f 3386 3387 3388
f 3388 3389 3386
f 2684 3386 3389
f 3389 3390 2684
f 3391 2684 3390
f 3390 3392 3391
f 3393 3391 3392
f 3392 3394 3393
f 3395 3393 3394
f 3394 3519 3395
f 3387 3395 3519
f 3519 3388 3387
f 3518 3396 3397
f 3397 3398 3518
f 3393 3518 3398
f 3398 3399 3393
f 3384 3393 3399
f 3399 3400 3384
f 3431 3384 3400
f 3400 3432 3431
f 3401 3431 3432
f 3432 3402 3401
f 3396 3401 3402
f 3402 3397 3396
f 3403 3408 3409
f 3409 3404 3403
f 3405 3403 3404
f 3404 3407 3405
f 3406 3405 3407
f 3408 3406 3407
f 3407 3409 3408
f 3410 3411 3412
f 3412 3413 3410
f 3414 3410 3413
f 3413 3415 3414
f 3416 3414 3415
f 3415 3417 3416
f 3418 3416 3417
f 3417 3419 3418
f 3420 3418 3419
f 3419 3421 3420
f 3411 3420 3421
f 3421 3412 3411
f 3422 3429 3474
f 3474 3423 3422
f 3424 3422 3423
f 3423 3425 3424
f 3426 3424 3425
f 3425 3427 3426
f 3418 3426 3427
f 3427 3428 3418
f 1664 3418 3428
f 3428 1665 1664
f 3429 1664 1665
f 1665 3474 3429
f 3430 3431 3432
f 3432 3433 3430
f 3382 3430 3433
f 3433 3434 3382
f 3435 3382 3434
f 3434 3472 3435
f 3436 3435 3472
f 3472 3437 3436
f 3438 3436 3437
f 3437 3439 3438
f 3431 3438 3439
f 3439 3432 3431
f 3440 3441 3447
f 3447 3466 3440
f 3442 3440 3466
f 3466 3443 3442
f 3454 3442 3443
f 3443 3444 3454
f 3436 3454 3444
f 3444 3470 3436
f 3445 3436 3470
f 3470 3446 3445
f 3441 3445 3446
f 3446 3447 3441
f 3448 3449 3450
f 3450 3451 3448
f 3452 3448 3451
f 3451 3453 3452
f 3454 3452 3453
f 3453 3455 3454
f 3456 3454 3455
f 3455 3465 3456
f 3457 3456 3465
f 3465 3458 3457
f 3449 3457 3458
f 3458 3450 3449
f 3459 3460 3461
f 3461 3601 3459
f 3462 3459 3601
f 3601 3463 3462
f 3592 3462 3463
f 3463 3464 3592
f 3456 3592 3464
f 3464 3465 3456
f 3440 3456 3465
f 3465 3466 3440
f 3467 3440 3466
f 3466 3468 3467
f 3460 3467 3468
f 3468 3461 3460
f 3446 3470 3469
f 3471 3469 3470
f 3470 3472 3471
f 3473 3471 3472
f 3472 3474 3473
f 3474 3446 3473
f 3469 3473 3446
f 3475 3476 3477
f 3477 3478 3475
f 2813 3475 3478
f 3478 3479 2813
f 3534 2813 3479
f 3479 3480 3534
f 3535 3534 3480
f 3480 3481 3535
f 3498 3535 3481
f 3481 3499 3498
f 3476 3498 3499
f 3499 3477 3476
f 3482 3483 3484
f 3484 3485 3482
f 3486 3482 3485
f 3485 3487 3486
f 3543 3486 3487
f 3487 3488 3543
f 3489 3543 3488
f 3488 3490 3489
f 3491 3489 3490
f 3490 3492 3491
f 3483 3491 3492
f 3492 3484 3483
f 3493 3494 3495
f 3495 3496 3493
f 2829 3493 3496
f 3496 3497 2829
f 3498 2829 3497
f 3497 3499 3498
f 3505 3498 3499
f 3499 3500 3505
f 3501 3505 3500
f 3500 3504 3501
f 3494 3501 3504
f 3504 3495 3494
f 3501 3502 3503
f 3503 3504 3501
f 3505 3501 3504
f 3504 3506 3505
f 3507 3505 3506
f 3506 3508 3507
f 3552 3507 3508
f 3508 3509 3552
f 3510 3552 3509
f 3509 3511 3510
f 3502 3510 3511
f 3511 3503 3502
f 3512 3513 3514
f 3514 3515 3512
f 3516 3512 3515
f 3515 3517 3516
f 3518 3516 3517
f 3517 3519 3518
f 3520 3518 3519
f 3519 3521 3520
f 3522 3520 3521
f 3521 3523 3522
f 3513 3522 3523
f 3523 3514 3513
f 3524 3525 3526
f 3526 3540 3524
f 3527 3524 3540
f 3540 3528 3527
f 3529 3527 3528
f 3528 3530 3529
f 3590 3529 3530
f 3530 3531 3590
f 3532 3590 3531
f 3531 3533 3532
f 3525 3532 3533
f 3533 3526 3525
f 3534 3535 3481
f 3481 3536 3534
f 3537 3534 3536
f 3536 3538 3537
f 3539 3537 3538
f 3538 3540 3539
f 3541 3539 3540
f 3540 3542 3541
f 3543 3541 3542
f 3542 3547 3543
f 3535 3543 3547
f 3547 3481 3535
f 3544 3545 3546
f 3546 3547 3544
f 3548 3544 3547
f 3547 3549 3548
f 3586 3548 3549
f 3549 3589 3586
f 3587 3586 3589
f 3589 3609 3587
f 3550 3587 3609
f 3609 3551 3550
f 3545 3550 3551
f 3551 3546 3545
f 3507 3552 3553
f 3553 3554 3507
f 3489 3507 3554
f 3554 3555 3489
f 3604 3489 3555
f 3555 3607 3604
f 3556 3604 3607
f 3607 3557 3556
f 3558 3556 3557
f 3557 3559 3558
f 3552 3558 3559
f 3559 3553 3552
f 3570 3560 3561
f 3561 3562 3570
f 3556 3570 3562
f 3562 3606 3556
f 3611 3556 3606
f 3606 3616 3611
f 3563 3611 3616
f 3616 3628 3563
f 3564 3563 3628
f 3628 3581 3564
f 3560 3564 3581
f 3581 3561 3560
f 3235 3565 3566
f 3566 3567 3235
f 3568 3235 3567
f 3567 3569 3568
f 3570 3568 3569
f 3569 3571 3570
f 3572 3570 3571
f 3571 3579 3572
f 3573 3572 3579
f 3579 3574 3573
f 3565 3573 3574
f 3574 3566 3565
f 3301 3575 3576
f 3576 3577 3301
f 3578 3301 3577
f 3577 3579 3578
f 3580 3578 3579
f 3579 3581 3580
f 3582 3580 3581
f 3581 3583 3582
f 3584 3582 3583
f 3583 3585 3584
f 3575 3584 3585
f 3585 3576 3575
f 3586 3587 3588
f 3588 3589 3586
f 3590 3586 3589
f 3589 3591 3590
f 3592 3590 3591
f 3591 3593 3592
f 3594 3592 3593
f 3593 3600 3594
f 3595 3594 3600
f 3600 3599 3595
f 3587 3595 3599
f 3599 3588 3587
f 3596 3597 3598
f 3598 3599 3596
f 3594 3596 3599
f 3599 3600 3594
f 3459 3594 3600
f 3600 3601 3459
f 1737 3459 3601
f 3601 3602 1737
f 3603 1737 3602
f 3602 3619 3603
f 3597 3603 3619
f 3619 3598 3597
f 3604 3605 3606
f 3606 3607 3604
f 3608 3604 3607
f 3607 3609 3608
f 3595 3608 3609
f 3609 3610 3595
f 3597 3595 3610
f 3610 3618 3597
f 3611 3597 3618
f 3618 3612 3611
f 3605 3611 3612
f 3612 3606 3605
f 3613 3614 3615
f 3615 3616 3613
f 3617 3613 3616
f 3616 3618 3617
f 3603 3617 3618
f 3618 3619 3603
f 3641 3603 3619
f 3619 3620 3641
f 3629 3641 3620
f 3620 3621 3629
f 3614 3629 3621
f 3621 3615 3614
f 3624 3622 3623
f 3623 3583 3624
f 3625 3624 3583
f 3583 3626 3625
f 3627 3625 3626
f 3626 3628 3627
f 3629 3627 3628
f 3628 3630 3629
f 3905 3629 3630
f 3630 3631 3905
f 3622 3905 3631
f 3631 3623 3622
f 3311 3639 3632
f 3632 3633 3311
f 3634 3311 3633
f 3633 3585 3634
f 3635 3634 3585
f 3585 3636 3635
f 3637 3635 3636
f 3636 3638 3637
f 3639 3637 3638
f 3638 3632 3639
f 3640 3641 3642
f 3642 3643 3640
f 3645 3640 3643
f 3643 3644 3645
f 3641 3645 3644
f 3644 3642 3641
f 3647 3648 3646
f 3649 3646 3648
f 3648 3650 3649
f 3658 3649 3650
f 3650 3651 3658
f 3652 3658 3651
f 3651 3731 3652
f 3653 3652 3731
f 3731 3654 3653
f 3646 3653 3654
f 3654 3647 3646
f 3730 3655 3656
f 3656 3657 3730
f 3658 3730 3657
f 3657 3659 3658
f 3660 3658 3659
f 3659 3661 3660
f 3662 3660 3661
f 3661 3663 3662
f 3664 3662 3663
f 3663 3665 3664
f 3655 3664 3665
f 3665 3656 3655
f 3666 3667 3668
f 3668 3737 3666
f 3669 3666 3737
f 3737 3670 3669
f 3671 3669 3670
f 3670 3672 3671
f 3673 3671 3672
f 3672 3674 3673
f 3675 3673 3674
f 3674 3676 3675
f 3667 3675 3676
f 3676 3668 3667
f 3743 3677 3678
f 3678 3744 3743
f 3679 3743 3744
f 3744 3680 3679
f 3681 3679 3680
f 3680 3682 3681
f 3683 3681 3682
f 3682 3684 3683
f 3685 3683 3684
f 3684 3686 3685
f 3677 3685 3686
f 3686 3678 3677
f 3755 3757 3687
f 3687 3688 3755
f 3689 3755 3688
f 3688 3690 3689
f 3691 3689 3690
f 3690 3692 3691
f 3693 3691 3692
f 3692 3694 3693
f 3695 3693 3694
f 3694 3696 3695
f 3757 3695 3696
f 3696 3687 3757
f 3695 3769 3697
f 3697 3698 3695
f 3699 3695 3698
f 3698 3700 3699
f 3701 3699 3700
f 3700 3702 3701
f 3709 3701 3702
f 3702 3703 3709
f 3704 3709 3703
f 3703 3705 3704
f 3769 3704 3705
f 3705 3697 3769
f 3704 3706 3707
f 3707 3708 3704
f 3709 3704 3708
f 3708 3710 3709
f 3711 3709 3710
f 3710 3712 3711
f 3713 3711 3712
f 3712 3714 3713
f 3715 3713 3714
f 3714 3716 3715
f 3706 3715 3716
f 3716 3707 3706
f 3717 3718 3719
f 3719 3720 3717
f 3721 3717 3720
f 3720 3722 3721
f 3723 3721 3722
f 3722 3724 3723
f 3725 3723 3724
f 3724 3726 3725
f 3727 3725 3726
f 3726 3728 3727
f 3718 3727 3728
f 3728 3719 3718
f 3334 3958 3729
f 3729 3335 3334
f 3958 3334 3335
f 3335 3729 3958
f 3732 3730 3731
f 3731 3735 3732
f 3733 3732 3735
f 3735 3740 3733
f 3730 3733 3740
f 3740 3731 3730
f 3734 3739 3740
f 3740 3735 3734
f 3736 3734 3735
f 3735 3737 3736
f 3741 3736 3737
f 3737 3742 3741
f 3738 3741 3742
f 3742 3749 3738
f 3739 3738 3749
f 3749 3740 3739
f 3741 3748 3749
f 3749 3742 3741
f 3743 3741 3742
f 3742 3744 3743
f 3753 3743 3744
f 3744 3745 3753
f 3750 3753 3745
f 3745 3746 3750
f 3747 3750 3746
f 3748 3747 3746
f 3746 3749 3748
f 3750 3751 3752
f 3753 3750 3752
f 3752 3754 3753
f 3755 3753 3754
f 3754 3756 3755
f 3757 3755 3756
f 3756 3758 3757
f 3759 3757 3758
f 3758 3760 3759
f 3761 3759 3760
f 3760 3762 3761
f 3751 3761 3762
f 3762 3752 3751
f 3763 3773 3774
f 3774 3764 3763
f 3765 3763 3764
f 3764 3766 3765
f 3767 3765 3766
f 3766 3768 3767
f 3769 3767 3768
f 3768 3770 3769
f 3771 3769 3770
f 3770 3772 3771
f 3773 3771 3772
f 3772 3774 3773
f 3775 3785 3786
f 3786 3776 3775
f 3777 3775 3776
f 3776 3778 3777
f 3779 3777 3778
f 3778 3780 3779
f 3781 3779 3780
f 3780 3782 3781
f 3783 3781 3782
f 3782 3784 3783
f 3785 3783 3784
f 3784 3786 3785
f 3787 3792 3793
f 3793 3788 3787
f 3789 3787 3788
f 3788 3790 3789
f 3794 3789 3790
f 3790 3795 3794
f 3791 3794 3795
f 3792 3791 3795
f 3795 3793 3792
f 3727 3794 3795
f 3795 3953 3727
f 3959 3727 3953
f 3953 3960 3959
f 3794 3959 3960
f 3960 3795 3794
f 3796 3797 3798
f 3798 3799 3796
f 3773 3796 3799
f 3799 3800 3773
f 3797 3773 3800
f 3800 3798 3797
f 3801 3805 3804
f 3804 3802 3801
f 3803 3801 3802
f 3802 3633 3803
f 3633 3632 3803
f 3805 3803 3632
f 3632 3804 3805
f 3806 3807 3294
f 3808 3294 3807
f 3807 3809 3808
f 3810 3808 3809
f 3809 3811 3810
f 3294 3810 3811
f 3811 3806 3294
f 3812 3813 3846
f 3846 3836 3812
f 3814 3812 3836
f 3836 3834 3814
f 3815 3814 3834
f 3834 3816 3815
f 3817 3815 3816
f 3816 3818 3817
f 3825 3817 3818
f 3818 3819 3825
f 3813 3825 3819
f 3819 3846 3813
f 3820 3821 1859
f 1859 3822 3820
f 3823 3820 3822
f 3822 3824 3823
f 3825 3823 3824
f 3824 3826 3825
f 3827 3825 3826
f 3826 3828 3827
f 3829 3827 3828
f 3828 3830 3829
f 3821 3829 3830
f 3830 1859 3821
f 3831 3832 3904
f 3904 3902 3831
f 3833 3831 3902
f 3902 3834 3833
f 3835 3833 3834
f 3834 3836 3835
f 3837 3835 3836
f 3836 3850 3837
f 3838 3837 3850
f 3850 3848 3838
f 3848 3904 3838
f 3832 3838 3904
f 3851 3839 3840
f 3840 3841 3851
f 3849 3851 3841
f 3841 3842 3849
f 3843 3849 3842
f 3842 3844 3843
f 3845 3843 3844
f 3844 3846 3845
f 3847 3845 3846
f 3846 1857 3847
f 3839 3847 1857
f 1857 3840 3839
f 3849 3855 3848
f 3848 3850 3849
f 3851 3849 3850
f 3850 3852 3851
f 1783 3851 3852
f 3852 3853 1783
f 1779 1783 3853
f 3853 3854 1779
f 3855 1779 3854
f 3854 3848 3855
f 3856 3857 3858
f 3858 3859 3856
f 3860 3856 3859
f 3859 3901 3860
f 3857 3860 3901
f 3901 3858 3857
f 3861 3862 3863
f 3863 3864 3861
f 3865 3861 3864
f 3864 3866 3865
f 3872 3865 3866
f 3866 3867 3872
f 3868 3872 3867
f 3867 3869 3868
f 3870 3868 3869
f 3869 3871 3870
f 3862 3870 3871
f 3871 3863 3862
f 3872 3886 3873
f 3873 3874 3872
f 3875 3872 3874
f 3874 3876 3875
f 3877 3875 3876
f 3876 3878 3877
f 3879 3877 3878
f 3878 3880 3879
f 3888 3879 3880
f 3880 3881 3888
f 3886 3888 3881
f 3881 3873 3886
f 3882 3883 3884
f 3884 3885 3882
f 3886 3882 3885
f 3885 3887 3886
f 3888 3886 3887
f 3887 3889 3888
f 3890 3888 3889
f 3889 3891 3890
f 3892 3890 3891
f 3891 3893 3892
f 3883 3892 3893
f 3893 3884 3883
f 3894 3898 3895
f 3895 3897 3894
f 3896 3894 3897
f 3898 3896 3897
f 3897 3895 3898
f 3899 3900 3901
f 3901 3902 3899
f 3903 3899 3902
f 3902 3904 3903
f 3900 3903 3904
f 3904 3901 3900
f 3905 1654 3642
f 3642 3906 3905
f 3907 3905 3906
f 3906 3908 3907
f 1654 3907 3908
f 3908 3642 1654
f 3911 3909 3910
f 3910 3912 3911
f 3913 3911 3912
f 3912 3914 3913
f 3915 3913 3914
f 3916 3915 3914
f 3914 3917 3916
f 3918 3916 3917
f 3917 3919 3918
f 3920 3918 3919
f 3919 3921 3920
f 3922 3920 3921
f 3921 3923 3922
f 3909 3922 3923
f 3923 3910 3909
f 3924 1641 3932
f 3932 3925 3924
f 3926 3924 3925
f 3925 3927 3926
f 3928 3926 3927
f 3927 3929 3928
f 3930 3928 3929
f 3929 3931 3930
f 3931 3932 3930
f 1641 3930 3932
f 3933 3941 3942
f 3942 3934 3933
f 3935 3933 3934
f 3934 3936 3935
f 3937 3935 3936
f 3936 3938 3937
f 3939 3937 3938
f 3938 3940 3939
f 3941 3939 3940
f 3940 3942 3941
f 3943 3950 3951
f 3951 3944 3943
f 3331 3943 3944
f 3944 3945 3331
f 3946 3331 3945
f 3945 3947 3946
f 3948 3946 3947
f 3947 3949 3948
f 3950 3948 3949
f 3949 3951 3950
f 3952 3959 3960
f 3960 3953 3952
f 3954 3952 3953
f 3953 3955 3954
f 3956 3954 3955
f 3955 3957 3956
f 3958 3956 3957
f 3957 3729 3958
f 3729 3960 3958
f 3959 3958 3960
f 3970 3962 3969
f 3961 3969 3962
f 3963 3961 3962
f 3962 3964 3963
f 3965 3963 3964
f 3964 3966 3965
f 3967 3965 3966
f 3966 3968 3967
f 3969 3967 3968
f 3968 3970 3969
f 3972 3974 3971
f 3973 3971 3974
f 3975 3973 3974
f 3974 3976 3975
f 3977 3975 3976
f 3976 3978 3977
f 3979 3977 3978
f 3978 3980 3979
f 3971 3979 3980
f 3980 3972 3971
f 3981 3982 3983
f 3983 3984 3981
f 3985 3981 3984
f 3984 3986 3985
f 3987 3985 3986
f 3986 3988 3987
f 2702 3987 3988
f 3988 3989 2702
f 3990 2702 3989
f 3989 3991 3990
f 3982 3990 3991
f 3991 3983 3982
f 3994 3992 3993
f 3993 3995 3994
f 3996 3994 3995
f 3995 3407 3996
f 3997 3996 3407
f 3407 3998 3997
f 3999 3997 3998
f 3998 4000 3999
f 3992 3999 4000
f 4000 3993 3992
f 1914 1911 4001
f 4001 4002 1914
f 4003 1914 4002
f 4002 4004 4003
f 1891 4003 4004
f 4004 4005 1891
f 4006 1891 4005
f 4005 4007 4006
f 1911 4006 4007
f 4007 4001 1911
f 2155 2739 2914
f 2155 2914 2174
f 2176 2936 2934
f 2176 2934 2879
f 2169 2879 2877
f 2169 2877 2112
f 2170 2169 2112
f 2149 2174 2172
f 2149 2172 2164
f 2159 2110 2103
f 2160 2159 2103
f 2162 2160 2103
f 2094 2162 2103
f 2096 2094 2103
f 2088 2096 2103
f 2088 2103 2101
f 2088 2101 2085
f 2089 2088 2085
f 2091 2089 2085
f 2159 2170 2112
f 2159 2112 2110
f 2106 2110 2109
f 2879 2934 2933
f 2879 2933 2886
f 2881 2886 2885
f 2890 2954 2952
f 2890 2952 2907
f 2902 3074 3072
f 2902 3072 2903
f 2884 2907 2905
f 2885 2884 2905
f 2881 2885 2896
f 2874 2881 2896
f 2874 2896 2132
f 2875 2874 2132
f 2877 2875 2132
f 2894 2313 2311
f 2896 2894 2311
f 2313 2903 3072
f 2313 3072 3070
f 2313 3070 3068
f 2313 3068 2315
f 2334 3093 3091
f 2334 3091 3034
f 2336 2334 3034
f 2336 3034 3033
f 2329 2336 3033
f 2329 3033 2271
f 2329 2271 2269
f 2326 2329 2269
f 2331 2326 2324
f 2315 2331 2324
f 2320 2296 2305
f 2322 2320 2305
f 2309 2322 2305
f 2309 2305 2303
f 2311 2309 2303
f 2128 2303 2301
f 2296 2320 2252
f 2297 2296 2252
f 2297 2252 2234
f 2297 2234 2232
f 2299 2297 2232
f 2301 2299 2232
f 2128 2301 2232
f 2234 2252 2251
f 2234 2251 2244
f 2225 2234 2244
f 2225 2244 2242
f 2226 2225 2242
f 2240 2216 2224
f 2242 2240 2224
f 2226 2242 2224
f 2226 2224 2222
f 2228 2226 2222
f 2230 2228 2222
f 2220 2218 2033
f 2220 2033 2044
f 2220 2044 2043
f 2222 2220 2043
f 2222 2043 2051
f 2222 2051 2118
f 2230 2222 2118
f 2232 2230 2118
f 2232 2118 2117
f 2232 2117 2125
f 2128 2232 2125
f 2128 2125 2130
f 2108 2132 2130
f 2108 2130 2122
f 2109 2108 2122
f 2106 2109 2122
f 2106 2122 2120
f 2049 2106 2120
f 2118 2051 2049
f 2120 2118 2049
f 2099 2049 2048
f 2101 2099 2048
f 2026 2048 2046
f 2026 2046 2038
f 2216 2240 2014
f 2216 2014 2013
f 2217 2216 2013
f 2218 2217 2013
f 2237 2183 2182
f 2238 2237 2182
f 2240 2238 2182
f 2014 2240 2182
f 2016 2014 2182
f 2016 2182 2181
f 2010 2016 2181
f 2010 2181 1953
f 2010 1953 1951
f 2011 2010 1951
f 2011 1951 2007
f 2011 2007 2005
f 2012 2011 2005
f 2013 2012 2005
f 1999 1944 1943
f 2000 1999 1943
f 2001 2000 1943
f 1934 2001 1943
f 1936 1934 1943
f 1936 1943 1942
f 1927 1936 1942
f 2007 1951 1950
f 1999 2007 1950
f 1944 1999 1950
f 1944 1950 1948
f 2244 2251 2249
f 2245 2244 2249
f 2245 2249 2248
f 2317 2261 2318
f 2254 2320 2318
f 2254 2318 2259
f 2248 2254 2259
f 2248 2259 2194
f 2248 2194 2192
f 2245 2248 2192
f 2245 2192 2190
f 2237 2245 2190
f 2183 2237 2190
f 2183 2190 2188
f 2184 2183 2188
f 2326 2269 2317
f 2261 2317 2267
f 2263 2261 2267
f 3034 3091 3090
f 3034 3090 3042
f 3036 3034 3042
f 3036 3042 3041
f 3038 3036 3041
f 3046 3111 3109
f 3046 3109 3062
f 3059 3714 3712
f 3060 3059 3712
f 3060 3712 3710
f 3060 3710 3703
f 3697 3770 3768
f 3698 3697 3768
f 3698 3768 3766
f 3698 3766 3758
f 3762 3760 3799
f 3760 3758 3766
f 3799 3760 3766
f 3799 3766 3764
f 3799 3764 3774
f 3800 3799 3774
f 3703 3710 3708
f 3705 3703 3708
f 3697 3705 3708
f 3770 3697 3708
f 3059 3065 3130
f 3714 3059 3130
f 3062 3109 3063
f 3130 3065 3063
f 3132 3130 3063
f 3132 3063 3117
f 3134 3132 3117
f 3042 3090 3097
f 3044 3042 3097
f 3046 3044 3097
f 3111 3046 3097
f 2334 2315 3068
f 3093 2334 3068
f 3093 3068 3067
f 3093 3067 3076
f 3094 3093 3076
f 3095 3094 3079
f 3095 3079 3087
f 3081 3094 3076
f 3081 3076 3074
f 3083 3081 3074
f 2909 2975 2973
f 2911 2909 2973
f 2902 2911 2973
f 3074 2902 2973
f 3083 3074 2973
f 3085 3083 2973
f 3085 2973 2972
f 3085 2972 2980
f 2909 2907 2952
f 2975 2909 2952
f 2975 2952 2951
f 2977 2975 2951
f 2977 2951 2960
f 2886 2933 2940
f 2888 2886 2940
f 2890 2888 2940
f 2954 2890 2940
f 2176 2174 2914
f 2936 2176 2914
f 2936 2914 2913
f 2936 2913 2920
f 2937 2936 2920
f 2918 2917 2748
f 2918 2748 2754
f 2918 2754 2816
f 2818 2816 2754
f 2818 2754 2798
f 2818 2798 2806
f 2820 2818 2806
f 2801 2736 2787
f 2803 2801 2787
f 2803 2787 2795
f 2803 2795 2793
f 2834 2776 2774
f 2836 2834 2774
f 2838 2836 2774
f 2833 2793 2791
f 2834 2833 2791
f 2776 2834 2791
f 2776 2791 2790
f 2787 2736 2735
f 2787 2735 2784
f 2788 2787 2784
f 2788 2784 2783
f 2790 2788 2783
f 2776 2790 2783
f 2767 2776 2783
f 2767 2783 2781
f 2768 2767 2781
f 2781 2779 2757
f 2781 2757 2768
f 2770 2768 2764
f 2772 2770 2764
f 2764 2762 2619
f 2764 2619 2618
f 2764 2618 2624
f 2764 2624 2671
f 2772 2764 2671
f 2772 2671 2670
f 2774 2772 2670
f 2774 2670 2678
f 2673 2671 2624
f 2673 2624 2649
f 2673 2649 2656
f 2675 2673 2656
f 2651 2604 2641
f 2651 2641 2652
f 2641 2604 2602
f 2642 2641 2602
f 2633 2642 2602
f 2633 2602 2600
f 2650 2649 2622
f 2651 2650 2622
f 2604 2651 2622
f 2606 2604 2622
f 2760 2609 2762
f 2619 2762 2615
f 2621 2619 2615
f 2622 2621 2615
f 2606 2622 2615
f 2598 2606 2615
f 2598 2615 2614
f 2599 2598 2614
f 2610 2609 2760
f 2610 2760 2566
f 2612 2610 2566
f 2757 2779 2585
f 2758 2757 2585
f 2760 2758 2585
f 2784 2735 2733
f 2727 2784 2733
f 2799 2798 2752
f 2801 2799 2752
f 2736 2801 2752
f 2737 2736 2752
f 2155 2153 2548
f 2739 2155 2548
f 2917 2739 2745
f 2750 2917 2745
f 2750 2745 2744
f 2752 2750 2744
f 2737 2752 2744
f 2730 2737 2744
f 2730 2744 2743
f 2731 2730 2743
f 2153 2151 2540
f 2548 2153 2540
f 2743 2741 2721
f 2743 2721 2731
f 2733 2731 2727
f 2778 2727 2726
f 2779 2778 2726
f 2580 2726 2724
f 2580 2724 2525
f 2581 2580 2525
f 2561 2585 2583
f 2561 2583 2575
f 2562 2561 2575
f 2575 2573 2551
f 2575 2551 2562
f 2556 2396 2395
f 2564 2556 2395
f 2564 2395 2566
f 2612 2590 2596
f 2614 2612 2596
f 2599 2614 2596
f 2599 2596 2600
f 2633 2600 2593
f 2634 2633 2593
f 2590 2612 2382
f 2591 2590 2382
f 2592 2591 2382
f 2551 2573 2507
f 2551 2507 2552
f 2571 2523 2516
f 2572 2571 2516
f 2573 2572 2516
f 2507 2573 2516
f 2509 2507 2516
f 2509 2516 2515
f 2503 2509 2515
f 2571 2581 2525
f 2571 2525 2523
f 2519 2523 2522
f 2722 2721 2741
f 2722 2741 2545
f 2724 2722 2545
f 2142 2140 2530
f 2541 2142 2530
f 2521 2545 2543
f 2521 2543 2535
f 2522 2521 2535
f 2519 2522 2535
f 2519 2535 2533
f 2512 2519 2533
f 2463 2438 2446
f 2465 2463 2446
f 2467 2465 2446
f 2533 2467 2446
f 2512 2533 2446
f 2513 2512 2446
f 2515 2513 2446
f 2515 2446 2444
f 2503 2515 2444
f 2454 2452 2429
f 2439 2454 2429
f 2441 2439 2435
f 2449 1869 1867
f 2450 2449 1867
f 2452 2450 1867
f 2429 2452 1867
f 2449 2457 2059
f 1869 2449 2059
f 1869 2059 2057
f 1869 2057 2055
f 2079 2077 1890
f 2079 1890 2054
f 2063 2079 2054
f 2055 2054 1888
f 1869 2055 1888
f 1871 1869 1888
f 1887 1885 1882
f 1887 1882 1880
f 1888 1887 1880
f 1871 1888 1880
f 1863 1871 1880
f 1863 1880 1879
f 1861 1863 1879
f 1882 1885 1823
f 1874 1882 1823
f 2019 1848 1828
f 2021 2019 1828
f 1826 2021 1828
f 1981 1979 1924
f 1981 1924 1922
f 1983 1981 1922
f 1843 1983 1922
f 1772 1834 1832
f 1773 1772 1832
f 1765 1773 1832
f 1918 1765 1832
f 1920 1918 1832
f 1920 1832 1831
f 1922 1920 1831
f 1922 1831 1839
f 1843 1922 1839
f 1845 1843 1839
f 1820 1828 1845
f 1820 1845 1836
f 1821 1820 1836
f 1772 1770 1756
f 1834 1772 1756
f 1754 1814 1812
f 1756 1754 1812
f 1756 1812 1811
f 1834 1756 1811
f 1834 1811 1818
f 1836 1834 1818
f 1821 1836 1818
f 1821 1818 1816
f 1823 1821 1816
f 1874 1823 1816
f 1874 1816 1815
f 1875 1874 1815
f 1877 1875 1815
f 1753 1803 1802
f 1754 1753 1802
f 1814 1754 1802
f 1814 1802 1808
f 1815 1814 1808
f 1815 1808 1806
f 1877 1815 1806
f 1877 1806 1853
f 1877 1853 1861
f 1879 1877 1861
f 1865 1861 1859
f 1867 1865 1859
f 1853 1806 1805
f 1854 1853 1805
f 1855 1854 1805
f 1756 1770 1768
f 1748 1756 1768
f 1748 1768 1758
f 1749 1748 1758
f 1700 1698 1742
f 1700 1742 1744
f 1764 1700 1744
f 1758 1764 1744
f 1749 1758 1744
f 1749 1744 1743
f 1751 1749 1743
f 1753 1751 1743
f 1803 1753 1743
f 1696 1800 1799
f 1698 1696 1799
f 1742 1698 1799
f 1742 1799 1797
f 1743 1742 1797
f 1743 1797 1795
f 1803 1743 1795
f 1803 1795 1793
f 1804 1803 1793
f 1805 1804 1793
f 1782 1793 1791
f 1696 1694 1775
f 1800 1696 1791
f 1782 1791 1776
f 1784 1782 1776
f 1692 3848 3854
f 1694 1692 3854
f 1775 1694 3854
f 1775 3854 3853
f 1776 1775 3853
f 1784 1776 3853
f 1784 3853 3852
f 1786 1784 3852
f 3852 3850 3842
f 3852 3842 3841
f 3852 3841 3840
f 1786 3852 3840
f 1855 1786 3840
f 1855 3840 1857
f 1857 3846 3824
f 1857 3824 3822
f 1857 3822 1859
f 1867 1859 3830
f 1867 3830 3828
f 2429 1867 3828
f 2430 2429 3828
f 2430 3828 3826
f 1692 1690 3904
f 3848 1692 3904
f 3844 3842 3850
f 3844 3850 3836
f 3846 3844 3836
f 1690 1688 3901
f 1690 3901 3904
f 1688 3858 3901
f 3858 2345 3876
f 3858 3876 3874
f 3880 2343 2472
f 3880 2472 3889
f 3881 3880 3889
f 3881 3889 3887
f 3873 3881 3887
f 3884 3818 3816
f 3885 3884 3816
f 3885 3816 3871
f 3885 3871 3869
f 3887 3885 3869
f 3873 3887 3869
f 3873 3869 3867
f 3874 3873 3867
f 3858 3874 3867
f 3859 3858 3867
f 3859 3867 3866
f 3901 3859 3866
f 3902 3901 3866
f 3902 3866 3864
f 3902 3864 3863
f 3834 3902 3863
f 3863 3871 3816
f 3863 3816 3834
f 3824 3846 3819
f 3826 3824 3819
f 2430 3826 3819
f 2430 3819 3818
f 2432 2430 3818
f 2434 2432 3818
f 3893 3891 2496
f 3893 2496 2494
f 3884 3893 2494
f 3818 3884 2494
f 2434 3818 2494
f 2434 2494 2493
f 2435 2434 2493
f 2441 2435 2493
f 2441 2493 2501
f 2443 2441 2501
f 2444 2443 2501
f 2503 2444 2501
f 2504 2503 2501
f 2505 2504 2501
f 2505 2501 2499
f 3891 3889 2472
f 2496 3891 2479
f 2482 2496 2479
f 2505 2499 2490
f 2552 2505 2490
f 2554 2552 2490
f 2554 2490 2488
f 2556 2554 2488
f 2396 2556 2488
f 2488 2486 2386
f 2488 2386 2385
f 2488 2385 2392
f 2396 2488 2392
f 2398 2396 2392
f 2398 2392 2375
f 2382 2398 2375
f 2390 2376 2375
f 2592 2382 2380
f 2390 2388 2367
f 2390 2367 2376
f 2412 2376 2372
f 2484 2482 2479
f 2484 2479 2477
f 2486 2484 2477
f 2386 2486 2477
f 2477 2475 2350
f 2477 2350 2357
f 2386 2477 2357
f 2386 2357 2388
f 2367 2388 2354
f 2368 2367 2354
f 2370 2368 2354
f 3878 3876 2345
f 3880 3878 2345
f 3880 2345 2343
f 2475 2343 2342
f 2352 2475 2342
f 2352 2342 2340
f 2352 2340 2338
f 2345 3858 1688
f 1686 1685 3895
f 1686 3895 3897
f 1688 1686 3897
f 2345 1688 3897
f 2345 3897 3895
f 2347 2345 3895
f 2347 3895 1685
f 2338 2347 1685
f 1682 2415 2363
f 1684 1682 2363
f 1684 2363 3962
f 1684 3962 3970
f 1685 1684 3970
f 2338 1685 3970
f 2352 2338 3970
f 2352 3970 3968
f 2352 3968 3966
f 2354 2352 3966
f 3962 2363 2361
f 3964 3962 2361
f 3966 3964 2361
f 2354 3966 2361
f 2370 2354 2361
f 2370 2361 2359
f 2413 2370 2359
f 2413 2359 2415
f 1682 1680 2415
f 2372 2413 2412
f 1678 2403 2406
f 1680 1678 2406
f 1680 2406 2408
f 1676 2630 2629
f 1678 1676 2629
f 2403 1678 2629
f 2403 2629 2628
f 2403 2628 2422
f 2408 2422 2420
f 2410 2408 2420
f 2410 2420 2418
f 2410 2418 2380
f 2592 2380 2426
f 2593 2592 2426
f 2593 2426 2424
f 2634 2593 2424
f 2422 2628 2627
f 2424 2422 2627
f 2634 2424 2627
f 2636 2634 2627
f 1674 3974 3972
f 1676 1674 3972
f 2630 1676 3972
f 2626 2630 3972
f 2626 3972 3980
f 2627 2626 3980
f 2636 2627 3980
f 2643 3980 3978
f 2643 3978 3976
f 2694 2643 3976
f 3993 1670 1668
f 3995 3993 1668
f 3995 1668 1666
f 3407 3995 1666
f 3409 3407 1666
f 3409 1666 1665
f 1663 1661 3446
f 1663 3446 3474
f 1661 1660 3447
f 1661 3447 3446
f 1655 1738 1736
f 1658 1655 1736
f 1655 3642 3644
f 1738 1655 3644
f 1738 3644 3643
f 1653 3906 3642
f 1655 1653 3642
f 1647 3806 3811
f 1647 3811 3914
f 1647 3914 3912
f 1647 3912 3910
f 1649 1647 3910
f 3923 3802 3804
f 3910 3923 3804
f 1649 3910 3804
f 1651 1649 3804
f 1651 3804 3632
f 3633 3802 3923
f 3633 3923 3312
f 1651 3632 3638
f 3636 3585 3583
f 3636 3583 3623
f 3638 3636 3623
f 3638 3623 3631
f 1653 3638 3631
f 3906 1653 3631
f 3906 3631 3630
f 3908 3906 3630
f 3630 3628 3615
f 3630 3615 3621
f 3630 3621 3620
f 3908 3630 3620
f 3642 3908 3620
f 3642 3620 3619
f 3643 3642 3619
f 3616 3615 3628
f 3616 3612 3618
f 3606 3612 3616
f 3626 3583 3581
f 3628 3626 3581
f 3577 3302 3574
f 3579 3577 3574
f 3561 3581 3579
f 3561 3579 3571
f 3562 3561 3571
f 3567 3236 3234
f 3567 3234 3227
f 3226 3504 3503
f 3227 3226 3503
f 3227 3503 3511
f 3567 3227 3511
f 3567 3511 3509
f 3569 3567 3509
f 3569 3509 3553
f 3569 3553 3559
f 3571 3569 3559
f 3562 3571 3559
f 3562 3559 3557
f 3606 3562 3557
f 3606 3557 3607
f 3555 3490 3546
f 3555 3546 3551
f 3607 3555 3551
f 3607 3551 3609
f 3610 3609 3588
f 3610 3588 3599
f 3610 3599 3598
f 3618 3610 3598
f 3618 3598 3619
f 3643 3619 3602
f 1738 3643 3602
f 1738 3602 3601
f 1740 1738 3601
f 3589 3588 3609
f 3546 3490 3488
f 3546 3488 3547
f 3549 3547 3542
f 3538 3514 3523
f 3540 3538 3523
f 3542 3540 3526
f 3542 3526 3533
f 3549 3542 3533
f 3589 3549 3533
f 3589 3533 3531
f 3591 3589 3531
f 3593 3591 3531
f 3528 3540 3523
f 3528 3523 3521
f 3530 3528 3521
f 3519 3398 3397
f 3521 3519 3397
f 3521 3397 3402
f 3521 3402 3451
f 3530 3521 3451
f 3530 3451 3450
f 3531 3530 3450
f 3531 3450 3458
f 3531 3458 3464
f 3593 3531 3464
f 3600 3593 3464
f 3600 3464 3463
f 3600 3463 3601
f 1740 3601 3461
f 1736 1740 3461
f 1658 1736 3461
f 1658 3461 3468
f 1660 1658 3468
f 1660 3468 3466
f 3447 1660 3466
f 3464 3458 3465
f 3443 3466 3465
f 3443 3465 3455
f 3444 3443 3455
f 3453 3451 3402
f 3453 3402 3432
f 3453 3432 3439
f 3455 3453 3439
f 3444 3455 3439
f 3444 3439 3437
f 3470 3444 3437
f 3470 3437 3472
f 3434 3383 3425
f 3472 3434 3425
f 3472 3425 3423
f 3472 3423 3474
f 1665 1663 3474
f 3409 1665 3428
f 3404 3409 3428
f 3425 3383 3381
f 3427 3425 3381
f 3427 3381 3421
f 3427 3421 3419
f 3428 3427 3419
f 3404 3428 3419
f 3404 3419 3417
f 3407 3404 3417
f 3407 3417 3415
f 3998 3407 3415
f 4000 3998 3415
f 3421 3381 3380
f 3412 3421 3380
f 3433 3432 3400
f 3434 3433 3400
f 3383 3434 3400
f 3385 3383 3400
f 3517 3388 3519
f 3398 3519 3394
f 3399 3398 3394
f 3400 3399 3394
f 3385 3400 3394
f 3377 3385 3394
f 3377 3394 3392
f 3378 3377 3392
f 3390 2685 3369
f 3390 3369 3375
f 3392 3390 3375
f 3378 3392 3375
f 3378 3375 3373
f 3380 3378 3373
f 3412 3380 3373
f 3412 3373 3372
f 3413 3412 3372
f 3415 3413 3372
f 3371 2665 2710
f 3371 2710 2718
f 3372 3371 2718
f 3372 2718 2716
f 3415 3372 2716
f 3415 2716 2714
f 3415 2714 3986
f 4000 3415 3986
f 3993 4000 3986
f 3993 3986 3984
f 1670 3993 3984
f 1672 1670 3984
f 1672 3984 3983
f 1672 3983 3991
f 1672 3991 2688
f 1672 2688 2697
f 1674 1672 2697
f 1674 2697 2695
f 3974 1674 2695
f 3976 3974 2695
f 3976 2695 2694
f 2645 2694 2692
f 3988 2705 2703
f 3989 3988 2703
f 3991 3989 2703
f 2688 3991 2703
f 2690 2688 2703
f 2690 2703 2701
f 2692 2690 2701
f 2645 2692 2701
f 2652 2645 2701
f 2652 2701 2700
f 2654 2652 2700
f 2654 2700 2699
f 3986 2714 2712
f 3988 3986 2712
f 2705 3988 2712
f 2705 2712 2711
f 2707 2705 2711
f 2711 2710 2665
f 2711 2665 2663
f 2707 2711 2663
f 2707 2663 2662
f 2699 2707 2662
f 2654 2699 2662
f 2654 2662 2660
f 2656 2654 2660
f 2675 2656 2660
f 2675 2660 2659
f 2676 2675 2659
f 2676 2659 2667
f 3369 2685 2683
f 3370 3369 2683
f 3371 3370 2683
f 2665 3371 2683
f 2667 2665 2683
f 2676 2667 2683
f 2676 2683 2682
f 2676 2682 2680
f 2678 2676 2680
f 2774 2678 2680
f 2838 2774 2680
f 2838 2680 2840
f 3388 3517 2849
f 3389 3388 2849
f 3390 3389 2849
f 2685 3390 2849
f 2686 2685 2849
f 2840 2686 2849
f 2840 2849 2847
f 2842 2840 2847
f 2842 2847 2859
f 3515 3514 3538
f 3515 3538 2869
f 3517 3515 2869
f 3536 3481 3480
f 3538 3536 3480
f 2864 3480 3479
f 2864 3479 2812
f 2865 2864 2812
f 2845 2869 2867
f 2845 2867 2859
f 2842 2859 2857
f 2833 2842 2857
f 2793 2833 2857
f 2803 2793 2857
f 2803 2857 2855
f 2803 2855 2854
f 2810 2803 2854
f 2854 2865 2812
f 2854 2812 2810
f 2806 2810 2809
f 2820 2806 2809
f 2820 2809 2808
f 2827 2820 2808
f 2827 2808 2828
f 3481 3547 3488
f 3481 3488 3487
f 3481 3487 3485
f 3499 3481 3485
f 3553 3509 3508
f 3554 3553 3508
f 3555 3554 3508
f 3490 3555 3508
f 3492 3490 3508
f 3226 3224 3495
f 3226 3495 3504
f 3506 3504 3500
f 3508 3506 3500
f 3492 3508 3500
f 3484 3492 3500
f 3485 3484 3500
f 3485 3500 3499
f 3477 3499 3497
f 3496 3495 3224
f 3496 3224 3003
f 3497 3496 3003
f 3229 3232 3246
f 3221 3229 3246
f 3227 3234 3232
f 3229 3227 3232
f 3566 3574 3302
f 3566 3302 3300
f 3567 3566 3300
f 3236 3567 3300
f 3238 3236 3300
f 3585 3633 3312
f 3585 3312 3310
f 3576 3585 3310
f 3576 3310 3309
f 3577 3576 3309
f 3302 3577 3309
f 3304 3302 3309
f 3304 3309 3308
f 3321 3304 3308
f 3919 3324 3921
f 3307 3923 3921
f 3307 3921 3321
f 3308 3307 3321
f 3298 3321 3319
f 3914 3811 3809
f 3917 3914 3809
f 3919 3917 3809
f 3324 3919 3809
f 3809 3276 3274
f 3324 3809 3274
f 3324 3274 3272
f 3316 3324 3272
f 1732 3335 3951
f 1734 1732 3951
f 1734 3951 3949
f 3945 3359 3947
f 3947 3934 3942
f 3949 3947 3942
f 1734 3949 3942
f 1734 3942 3940
f 1643 1734 3940
f 3936 3356 3925
f 3938 3936 3925
f 3938 3925 3932
f 3940 3938 3932
f 1643 3940 3932
f 1643 3932 3931
f 1644 1643 3931
f 3929 3290 3289
f 3931 3929 3289
f 1644 3931 3289
f 1644 3289 3295
f 3806 1644 3295
f 3807 3806 3295
f 3807 3295 3293
f 3809 3807 3293
f 3276 3809 3293
f 3278 3276 3293
f 3925 3356 3355
f 3927 3925 3355
f 3929 3927 3355
f 3290 3929 3355
f 3934 3947 3366
f 3936 3934 3366
f 3356 3936 3366
f 3349 3356 3366
f 3349 3366 3364
f 3350 3349 3364
f 3364 3362 3340
f 3364 3340 3350
f 3352 3350 3346
f 3354 3352 3346
f 3346 3344 3213
f 3346 3213 3216
f 3346 3216 3219
f 3346 3219 3282
f 3354 3346 3282
f 3354 3282 3281
f 3355 3354 3281
f 3355 3281 3288
f 3290 3355 3288
f 3292 3290 3288
f 3292 3288 3286
f 3293 3292 3286
f 3278 3293 3286
f 3284 3261 3267
f 3270 3284 3267
f 3270 3267 3272
f 3316 3272 3265
f 3317 3316 3265
f 3319 3317 3265
f 3265 3263 3203
f 3298 3319 3256
f 3299 3298 3256
f 3300 3299 3256
f 3238 3300 3256
f 3240 3238 3256
f 3240 3256 3255
f 3248 3240 3255
f 3253 3203 3250
f 3255 3253 3250
f 3248 3255 3250
f 3284 3282 3219
f 3284 3219 3261
f 3262 3261 3205
f 3263 3262 3205
f 3203 3263 3205
f 3344 3342 3207
f 3344 3207 3213
f 3199 3205 3212
f 3199 3212 3211
f 3200 3199 3211
f 3209 3191 3197
f 3211 3209 3197
f 3200 3211 3197
f 3200 3197 3195
f 3243 3200 3195
f 3243 3195 3244
f 3193 2967 3020
f 3193 3020 3028
f 3244 3193 3028
f 3244 3028 3246
f 3222 3221 3246
f 3222 3246 3025
f 3224 3222 3025
f 3020 2967 3021
f 3023 3021 3017
f 3023 3017 3015
f 3025 3023 3015
f 3013 3011 2991
f 3013 2991 2998
f 3002 3013 2998
f 3002 2998 2996
f 3003 3002 2996
f 2996 2995 2826
f 3477 3497 2828
f 3478 3477 2828
f 3479 3478 2828
f 2823 2827 2826
f 2994 2992 2931
f 2994 2931 2929
f 2995 2994 2929
f 2826 2995 2929
f 2823 2826 2929
f 2815 2823 2929
f 2815 2929 2927
f 2816 2815 2927
f 2918 2816 2927
f 2918 2927 2925
f 2918 2925 2923
f 2920 2918 2923
f 2937 2920 2923
f 2937 2923 2938
f 2991 3011 2992
f 2931 2992 2946
f 2938 2931 2946
f 2940 2938 2946
f 2940 2946 2944
f 2940 2944 2943
f 2954 2940 2943
f 2954 2943 2956
f 2956 3011 3009
f 2958 2956 3009
f 2958 3009 3008
f 3008 3017 3021
f 2958 3008 2964
f 2960 2958 2964
f 2977 2960 2964
f 2977 2964 2963
f 2978 2977 2963
f 2978 2963 2969
f 3192 3191 3209
f 3192 3209 2986
f 3193 3192 2986
f 2967 3193 2986
f 2969 2967 2986
f 2978 2969 2986
f 2978 2986 2985
f 2978 2985 2983
f 2980 2978 2983
f 3085 2980 2983
f 3207 3342 3164
f 3208 3207 3164
f 3208 3164 3162
f 3209 3208 3162
f 3340 3362 3185
f 3341 3340 3185
f 3342 3341 3185
f 3164 3342 3185
f 3165 3164 3185
f 3359 3945 3360
f 3188 3362 3360
f 3180 3188 3360
f 3180 3360 3329
f 3180 3329 3125
f 3180 3125 3123
f 3181 3180 3123
f 3181 3123 3177
f 3181 3177 3175
f 3183 3181 3175
f 3185 3183 3175
f 3165 3185 3175
f 3158 3165 3175
f 3173 3158 3175
f 3171 3149 3157
f 3173 3171 3157
f 3160 3173 3157
f 3160 3157 3155
f 3162 3160 3155
f 2983 3155 3154
f 3085 2983 3154
f 3085 3154 3152
f 3087 3085 3152
f 3087 3152 3150
f 3149 3171 3150
f 3087 3150 3103
f 3095 3087 3103
f 3095 3103 3101
f 3097 3095 3101
f 3097 3101 3100
f 3111 3097 3100
f 3111 3100 3113
f 3113 3171 3169
f 3115 3113 3169
f 3115 3169 3168
f 3177 3123 3122
f 3168 3177 3122
f 3115 3168 3122
f 3115 3122 3121
f 3117 3115 3121
f 3134 3117 3121
f 3134 3121 3120
f 3135 3134 3120
f 3135 3120 3127
f 3333 3945 3944
f 3327 3333 3944
f 3327 3944 3337
f 1732 1730 3729
f 1732 3729 3335
f 1730 1727 3960
f 1730 3960 3729
f 3957 3141 3140
f 3729 3957 3140
f 3729 3140 3146
f 3335 3729 3146
f 3335 3146 3337
f 3327 3337 3144
f 3328 3327 3144
f 3329 3328 3144
f 3125 3329 3144
f 3127 3125 3144
f 3135 3127 3144
f 3135 3144 3143
f 3135 3143 3141
f 3137 3135 3141
f 3955 3953 3728
f 3955 3728 3726
f 3957 3955 3726
f 3141 3957 3726
f 3137 3141 3726
f 3129 3137 3726
f 3129 3726 3724
f 3130 3129 3724
f 3714 3130 3724
f 3714 3724 3722
f 3716 3714 3722
f 3716 3722 3720
f 1727 3795 3960
f 3728 3953 3795
f 1727 1725 3793
f 1727 3793 3795
f 3719 3728 3795
f 3719 3795 3790
f 3720 3719 3790
f 1723 3776 3786
f 1725 1723 3786
f 1725 3786 3784
f 3793 1725 3784
f 3788 3793 3784
f 3788 3784 3782
f 3790 3788 3782
f 3720 3790 3782
f 3716 3720 3782
f 3707 3716 3782
f 3707 3782 3780
f 3708 3707 3780
f 3770 3708 3780
f 3770 3780 3778
f 3772 3770 3778
f 3772 3778 3776
f 3772 3776 1723
f 3774 3772 1723
f 3774 1723 1721
f 3800 3774 1721
f 3798 3800 1721
f 3798 1721 1719
f 3799 3798 1719
f 3762 3799 1719
f 3752 3762 1719
f 3752 1719 3746
f 3754 3752 3746
f 3754 3746 3745
f 3756 3754 3745
f 3745 3744 3678
f 3745 3678 3686
f 3745 3686 3688
f 3756 3745 3688
f 3758 3756 3688
f 3758 3688 3687
f 3758 3687 3696
f 3698 3758 3696
f 3700 3698 3696
f 3700 3696 3694
f 3702 3700 3694
f 3692 2287 2286
f 3694 3692 2286
f 3694 2286 2293
f 3694 2293 3051
f 3702 3694 3051
f 3702 3051 3050
f 3703 3702 3050
f 3703 3050 3058
f 3060 3703 3058
f 3060 3058 3061
f 3040 3062 3061
f 3040 3061 3055
f 3041 3040 3055
f 3038 3041 3055
f 3038 3055 3053
f 3031 3038 3053
f 3051 2293 2291
f 3053 3051 2291
f 3031 3053 2291
f 3031 2291 2290
f 3032 3031 2290
f 3033 3032 2290
f 2271 3033 2290
f 2273 2271 2290
f 3690 3688 3686
f 3690 3686 3684
f 3692 3690 3684
f 2287 3692 3684
f 3746 1719 1716
f 3749 3746 1716
f 3740 3749 1716
f 3731 3657 3656
f 3735 3731 3656
f 3735 3656 3665
f 3735 3665 3737
f 3742 3737 3668
f 3742 3668 3676
f 3744 3742 3676
f 3680 3744 3676
f 3680 3676 3674
f 3682 3680 3674
f 3672 2207 2206
f 3674 3672 2206
f 3674 2206 2213
f 3674 2213 2276
f 3682 3674 2276
f 3682 2276 2275
f 3684 3682 2275
f 3684 2275 2283
f 2287 3684 2283
f 2287 2283 2281
f 2289 2287 2281
f 2290 2289 2281
f 2273 2290 2281
f 2266 2273 2281
f 2266 2281 2280
f 2267 2266 2280
f 2263 2267 2280
f 2263 2280 2278
f 2257 2263 2278
f 2276 2213 2211
f 2278 2276 2211
f 2257 2278 2211
f 2257 2211 2210
f 2258 2257 2210
f 2259 2258 2210
f 2194 2259 2210
f 2196 2194 2210
f 3670 3737 3665
f 3670 3665 3663
f 3672 3670 3663
f 2207 3672 3663
f 3740 1716 1714
f 3731 3740 1714
f 3731 1714 3654
f 3657 3731 3651
f 3659 3657 3651
f 3661 3659 3651
f 3650 1970 1969
f 3651 3650 1969
f 3651 1969 1976
f 3651 1976 2198
f 3661 3651 2198
f 3661 2198 2197
f 3663 3661 2197
f 3663 2197 2205
f 2207 3663 2205
f 2207 2205 2203
f 2209 2207 2203
f 2210 2209 2203
f 2196 2210 2203
f 2187 2196 2203
f 2187 2203 2202
f 2188 2187 2202
f 2184 2188 2202
f 2184 2202 2200
f 2179 2184 2200
f 2198 1976 1974
f 2200 2198 1974
f 2179 2200 1974
f 2180 2179 1974
f 2180 1974 1972
f 2181 2180 1972
f 1953 2181 1972
f 1955 1953 1972
f 3647 1959 1958
f 3648 3647 1958
f 3648 1958 1967
f 3650 3648 1967
f 1970 3650 1967
f 1970 1967 1965
f 1971 1970 1965
f 1972 1971 1965
f 1955 1972 1965
f 1947 1955 1965
f 1947 1965 1963
f 1948 1947 1963
f 1939 1948 1963
f 1939 1963 1961
f 1959 3647 1902
f 1959 1902 1961
f 1939 1961 1894
f 1940 1939 1894
f 1942 1940 1894
f 1927 1942 1894
f 3654 1714 3647
f 1902 3647 1711
f 1902 1711 1709
f 1904 1902 1709
f 1904 1709 1707
f 1896 1904 1707
f 1701 1700 1764
f 1701 1764 1762
f 1701 1762 1905
f 1703 1701 1905
f 1908 1762 1766
f 1910 1908 1766
f 1910 1766 1765
f 1912 1910 1765
f 1765 1918 1916
f 1765 1916 4001
f 1912 1765 4001
f 1912 4001 4007
f 1905 1912 4007
f 1703 1905 4007
f 1703 4007 4005
f 1705 1703 4005
f 1705 4005 1897
f 1705 1897 1896
f 1707 1705 1896
f 1897 4005 4004
f 1928 1897 4004
f 1928 4004 4002
f 1930 1928 4002
f 4001 1916 1915
f 4002 4001 1915
f 4002 1915 1924
f 4002 1924 1979
f 1930 4002 1979
f 1932 1930 1979
f 1932 1979 1978
f 1934 1932 1978
f 2001 1934 1978
f 2001 1978 1987
f 2003 2001 1987
f 1983 1843 1842
f 1985 1983 1842
f 1987 1985 1842
f 1987 1842 2003
f 2005 2003 1990
f 2005 1990 1996
f 2013 2005 1996
f 2013 1996 1994
f 2218 2013 1994
f 2033 2218 1994
f 2034 2033 1994
f 2034 1994 1850
f 2036 2034 1850
f 2036 1850 1848
f 2036 1848 2023
f 2038 2036 2023
f 2076 2038 2023
f 2076 2023 2022
f 2076 2022 2077
f 2021 1826 1890
f 2021 1890 2077
f 2079 2063 2081
f 2091 2085 2083
f 2091 2083 2073
f 2092 2091 2073
f 2092 2073 2071
f 2067 2081 2063
f 2067 2063 2061
f 2067 2061 2059
f 2067 2059 2457
f 2454 2439 2438
f 2454 2438 2463
f 2455 2454 2463
f 2455 2463 2461
f 2457 2455 2461
f 2067 2457 2461
f 2067 2461 2460
f 2067 2460 2469
f 2069 2067 2469
f 2469 2467 2533
f 2469 2533 2531
f 2469 2531 2530
f 2469 2530 2140
f 2069 2469 2140
f 2071 2069 2140
f 2092 2071 2140
f 2092 2140 2138
f 2092 2138 2137
f 2094 2092 2137
f 2162 2094 2137
f 2162 2137 2146
f 2164 2162 2146
f 2151 2164 2146
f 2151 2146 2144
f 2151 2144 2142
f 2142 2541 2540
f 2151 2142 2540
f 2539 2538 2141
f 2150 2539 2141
f 2150 2141 2143
f 2150 2143 2145
f 2532 2466 2468
f 2528 2532 2468
f 2529 2528 2468
f 2139 2529 2468
f 2437 2436 2453
f 2462 2437 2453
f 2458 2462 2456
f 2062 2064 2066
f 2060 2062 2066
f 2058 2060 2066
f 2456 2058 2066
f 2458 2456 2066
f 2459 2458 2066
f 2468 2459 2066
f 2468 2066 2068
f 2139 2468 2068
f 2139 2068 2070
f 2064 2062 2078
f 2064 2078 2080
f 2065 2064 2080
f 2065 2080 2082
f 2065 2082 2084
f 1889 1884 2020
f 2074 1889 2020
f 1841 1991 1992
f 1849 1841 1992
f 1847 1849 1992
f 2018 1847 1992
f 1841 1840 1982
f 1991 1841 1982
f 1991 1982 1984
f 1991 1984 1986
f 1988 1991 1986
f 1914 1913 1911
f 1913 1917 1909
f 1911 1913 1909
f 1760 1761 1906
f 1907 1760 1906
f 1763 1699 1761
f 1906 1761 1702
f 4006 1906 1702
f 4006 1702 1704
f 1891 4006 1704
f 1891 1704 1706
f 1895 1891 1706
f 1712 1713 3653
f 1712 3653 3646
f 1712 3646 1901
f 1710 1712 1901
f 1708 1710 1901
f 1708 1901 1903
f 1706 1708 1903
f 1706 1903 1899
f 1895 1706 1899
f 1893 1895 1899
f 1893 1899 1898
f 1901 3646 1956
f 1900 1901 1956
f 1900 1956 1960
f 1957 1956 3646
f 1966 1957 3646
f 1966 3646 3649
f 1964 1966 3649
f 1973 1975 3660
f 1973 3660 2199
f 1968 3649 3658
f 1975 1968 3658
f 3660 1975 3658
f 1713 1715 3733
f 1713 3733 3730
f 3653 1713 3730
f 3652 3653 3730
f 3658 3652 3730
f 3664 3666 3669
f 3662 3664 3669
f 3662 3669 3671
f 3662 3671 2204
f 2256 2212 2277
f 3673 2204 3671
f 3655 3730 3732
f 3664 3655 3732
f 3666 3664 3732
f 1717 3738 3739
f 1715 1717 3739
f 3733 1715 3739
f 3733 3739 3734
f 3732 3733 3734
f 3732 3734 3736
f 3666 3732 3736
f 3667 3666 3736
f 3667 3736 3741
f 3675 3667 3741
f 1717 1718 3747
f 1717 3747 3748
f 3738 1717 3748
f 3741 3738 3748
f 3675 3741 3743
f 3675 3743 3679
f 3673 3675 3679
f 3673 3679 3681
f 2212 3673 3681
f 2274 2212 3681
f 2274 3681 3683
f 2282 2274 3683
f 3685 3755 3689
f 3683 3685 3689
f 3683 3689 3691
f 3683 3691 2284
f 2282 3683 2284
f 2288 2282 2284
f 3030 2292 3048
f 3030 3048 3052
f 2285 2284 3691
f 2285 3691 3693
f 2292 2285 3693
f 3048 2292 3693
f 3677 3743 3753
f 3685 3677 3753
f 3755 3685 3753
f 3785 3775 1722
f 3785 1722 1724
f 3783 3785 1724
f 3783 1724 1726
f 3783 1726 3792
f 3783 3792 3787
f 3781 3783 3787
f 3781 3787 3789
f 3792 1726 3791
f 3959 3794 3791
f 3959 3791 1728
f 3727 3959 3952
f 3794 3727 3718
f 3789 3794 3718
f 3789 3718 3717
f 3781 3789 3717
f 3727 3952 3954
f 3725 3727 3954
f 3725 3954 3956
f 3725 3956 3138
f 3139 3138 3956
f 3959 1728 1729
f 3958 3959 1729
f 3139 3956 3958
f 3145 3139 3958
f 3958 1729 1731
f 3334 3958 1731
f 3145 3958 3334
f 3326 3145 3334
f 3326 3334 3336
f 3332 3950 3943
f 3332 3943 3331
f 3336 3332 3326
f 3126 3326 3325
f 3126 3325 3124
f 3104 3105 3148
f 3104 3148 3147
f 3148 3105 3170
f 3156 3148 3170
f 3156 3170 3172
f 3330 3331 3358
f 3330 3358 3357
f 3330 3357 3361
f 3330 3361 3186
f 3330 3186 3187
f 3330 3187 3179
f 3124 3330 3179
f 3176 3124 3179
f 3176 3179 3178
f 3174 3176 3178
f 3174 3178 3182
f 3174 3182 3184
f 3184 3186 3339
f 3184 3339 3338
f 3184 3338 3163
f 3156 3172 3159
f 3163 3206 3161
f 3161 2987 2988
f 3159 3161 2988
f 3159 2988 2982
f 3153 3159 2982
f 3153 2982 2981
f 2987 3190 3189
f 2968 2987 3189
f 2968 3189 2966
f 2965 3016 3007
f 2947 2948 2990
f 2947 2990 2989
f 2947 2989 2930
f 2945 2947 2930
f 2930 2989 2993
f 2928 2930 2993
f 2928 2993 2824
f 2990 2948 3010
f 2990 3010 3012
f 2997 2990 3012
f 2965 2966 3019
f 2965 3019 3018
f 3016 2965 3018
f 3016 3018 3022
f 3014 3016 3022
f 3014 3022 3024
f 3027 3019 2966
f 3196 3190 2987
f 3196 2987 3210
f 3206 3163 3343
f 3198 3343 3214
f 3198 3214 3217
f 3198 3217 3204
f 3218 3279 3283
f 3260 3218 3283
f 3204 3260 3259
f 3204 3259 3202
f 3194 3196 3210
f 3201 3202 3252
f 3201 3252 3251
f 3201 3251 3254
f 3252 3202 3264
f 3258 3252 3264
f 3257 3258 3264
f 3266 3260 3283
f 3266 3283 3285
f 3214 3343 3345
f 3215 3214 3345
f 3218 3215 3345
f 3279 3218 3345
f 3339 3186 3361
f 3339 3361 3363
f 3347 3339 3363
f 3365 3933 3935
f 3365 3935 3924
f 3363 3365 3348
f 3347 3363 3348
f 3345 3347 3348
f 3345 3348 3351
f 3345 3351 3353
f 3279 3345 3353
f 3280 3279 3353
f 3280 3353 3926
f 3287 3280 3926
f 3287 3926 3928
f 3287 3928 3291
f 3924 3935 3937
f 1641 3924 3937
f 1641 3937 3939
f 3933 3358 3331
f 3933 3331 3946
f 3941 3933 3946
f 3941 3946 3948
f 3950 3334 1731
f 3950 1731 1733
f 3948 3950 1733
f 3948 1733 1642
f 3941 3948 1642
f 3939 3941 1642
f 1641 3939 1642
f 3930 1641 1645
f 3294 3930 1645
f 3294 3808 3275
f 3294 3275 3277
f 3291 3294 3277
f 3291 3277 3269
f 3285 3291 3269
f 3285 3269 3268
f 3266 3285 3268
f 3315 3266 3268
f 3315 3268 3271
f 3273 3275 3808
f 3808 3810 3915
f 3808 3915 3916
f 3808 3916 3918
f 3808 3918 3323
f 3273 3808 3323
f 3271 3273 3323
f 3271 3323 3315
f 3264 3315 3314
f 3264 3314 3318
f 3257 3264 3318
f 3322 3323 3918
f 3322 3918 3920
f 3322 3920 3922
f 3322 3922 3313
f 3322 3313 3306
f 3320 3322 3306
f 3584 3311 3634
f 3303 3584 3575
f 3303 3575 3301
f 3320 3303 3305
f 3318 3320 3305
f 3318 3305 3297
f 3257 3318 3297
f 3296 3257 3297
f 3301 3573 3565
f 3237 3301 3565
f 3237 3565 3235
f 3296 3237 3239
f 3254 3296 3239
f 3254 3239 3231
f 3201 3254 3231
f 3230 3233 3228
f 3231 3230 3228
f 3231 3228 3247
f 3231 3247 3249
f 3201 3231 3249
f 3194 3201 3249
f 3194 3249 3242
f 3027 3194 3242
f 3027 3242 3241
f 3026 3027 3241
f 3026 3241 3245
f 3026 3245 3220
f 3024 3026 3220
f 3024 3220 3223
f 3024 3223 3004
f 3024 3004 3005
f 3014 3024 3005
f 3014 3005 3000
f 3014 3000 2999
f 3012 3014 2999
f 2997 3012 2999
f 2997 2999 3001
f 2825 2997 3001
f 2825 3001 2830
f 3004 3223 3494
f 3004 3494 3493
f 2830 3004 3493
f 2830 3493 2829
f 3494 3223 3225
f 3501 3494 3225
f 3507 3489 3491
f 3505 3507 3491
f 3505 3491 3483
f 3505 3483 3482
f 3498 3505 3482
f 3486 3543 3535
f 3482 3486 3535
f 3482 3535 3498
f 2829 3498 3476
f 2814 2829 3476
f 2814 3476 3475
f 2814 3475 2813
f 2811 2861 2853
f 2804 2811 2853
f 3534 3537 2870
f 3534 2870 2871
f 2813 3534 2871
f 2813 2871 2863
f 2811 2813 2863
f 2811 2863 2862
f 2861 2811 2862
f 2860 2861 2862
f 2860 2862 2866
f 2860 2866 2868
f 2870 3513 3512
f 2868 2870 3512
f 2868 3512 3516
f 2868 3516 2850
f 2868 2850 2851
f 2860 2868 2851
f 2860 2851 2844
f 2858 2860 2844
f 2858 2844 2843
f 2848 2850 3387
f 2848 3387 3386
f 2848 3386 2684
f 2666 2684 3368
f 2666 3368 3367
f 2666 3367 2664
f 2664 2709 2708
f 2706 2664 2708
f 3987 2713 3985
f 2708 3987 2704
f 2708 2704 2706
f 2702 2704 3987
f 2702 3990 2687
f 2702 2687 2689
f 2644 2702 2689
f 2644 2689 2691
f 2717 2709 2664
f 2717 2664 3410
f 2715 2717 3410
f 3374 3368 2684
f 3374 2684 3391
f 3387 2850 3516
f 3395 3387 3516
f 3395 3516 3518
f 3393 3395 3518
f 3384 3431 3430
f 3384 3430 3382
f 3393 3384 3376
f 3391 3393 3376
f 3411 3374 3391
f 3411 3391 3379
f 3379 3426 3420
f 3379 3420 3411
f 2715 3410 3414
f 2713 2715 3414
f 3985 2713 3414
f 3426 3382 3424
f 3418 3420 3426
f 3424 3382 3435
f 3422 3424 3435
f 3429 3422 3435
f 3401 3448 3452
f 3431 3401 3452
f 3438 3431 3452
f 3438 3452 3454
f 3456 3457 3592
f 3396 3518 3520
f 3401 3396 3520
f 3448 3401 3520
f 3522 3524 3527
f 3520 3522 3527
f 3520 3527 3529
f 3448 3520 3529
f 3449 3448 3529
f 3449 3529 3590
f 3457 3449 3590
f 3592 3457 3590
f 3513 2870 3537
f 3522 3513 3537
f 3522 3537 3539
f 3524 3522 3539
f 3525 3524 3539
f 3525 3539 3541
f 3532 3525 3541
f 3543 3489 3545
f 3543 3545 3544
f 3541 3543 3544
f 3541 3544 3548
f 3532 3541 3548
f 3532 3548 3586
f 3590 3532 3586
f 3462 3592 3594
f 3459 3462 3594
f 3595 3596 3594
f 3550 3545 3489
f 3550 3489 3604
f 3587 3550 3604
f 3502 3501 3225
f 3502 3225 3233
f 3510 3502 3233
f 3510 3233 3235
f 3552 3510 3235
f 3552 3235 3568
f 3558 3552 3568
f 3558 3568 3570
f 3573 3301 3578
f 3572 3573 3578
f 3572 3578 3580
f 3580 3582 3624
f 3580 3624 3625
f 3580 3625 3627
f 3580 3627 3563
f 3580 3563 3564
f 3572 3580 3564
f 3572 3564 3560
f 3570 3572 3560
f 3556 3558 3570
f 3556 3611 3605
f 3604 3556 3605
f 3587 3604 3608
f 3587 3608 3595
f 3597 3596 3595
f 3563 3614 3613
f 3611 3563 3613
f 3597 3611 3613
f 3597 3613 3617
f 3597 3617 3603
f 3614 3563 3627
f 3614 3627 3629
f 3582 3584 3634
f 3582 3634 3635
f 3624 3582 3635
f 3622 3624 3635
f 3622 3635 3637
f 3313 3801 3803
f 3311 3313 3803
f 3639 3311 3803
f 3801 3313 3922
f 3805 3801 3922
f 3805 3922 3909
f 3810 3294 1645
f 3810 1645 1646
f 3915 3810 1646
f 3913 3915 1646
f 3911 3913 1646
f 3911 1646 1648
f 3909 3911 1648
f 3805 3909 1648
f 3805 1648 1650
f 3803 3805 1650
f 3639 3803 1650
f 3637 3639 1650
f 3637 1650 1652
f 3622 3637 1652
f 3905 3622 1652
f 3629 3905 3907
f 3641 3629 3907
f 1654 3905 1652
f 3907 1654 3641
f 3603 3641 3640
f 1737 3603 3640
f 3645 3641 1654
f 3645 1654 1656
f 3645 1656 1737
f 3640 3645 1737
f 3459 1737 1739
f 3460 3459 1739
f 3460 1739 1735
f 1735 1737 1656
f 1735 1656 1657
f 3460 1735 1657
f 3467 3460 1657
f 3467 1657 1659
f 3440 3467 1659
f 3440 1659 3441
f 3456 3440 3442
f 3454 3456 3442
f 3436 3438 3454
f 3441 1659 3445
f 3436 3445 3469
f 3435 3436 3469
f 3435 3469 3471
f 3429 3435 3471
f 3429 3471 3473
f 3469 3445 1662
f 3473 3469 1662
f 3429 3473 1662
f 3429 1662 1664
f 1667 1669 3992
f 1667 3992 3994
f 3406 1667 3994
f 1664 3406 3408
f 3418 1664 3408
f 3418 3408 3403
f 3416 3418 3403
f 3416 3403 3405
f 3406 3994 3996
f 3405 3406 3996
f 3416 3405 3996
f 3414 3416 3996
f 3414 3996 3997
f 3414 3997 3999
f 3985 3414 3999
f 3985 3999 3992
f 3981 3985 3992
f 3981 3992 1669
f 3981 1669 1671
f 3982 3981 1671
f 3990 3982 1671
f 2687 3990 1671
f 2696 2687 1671
f 2696 1671 1673
f 3973 2696 1673
f 2693 3973 3975
f 3971 3973 1673
f 3971 1673 1675
f 3971 1675 2625
f 3979 3971 2625
f 3979 2625 2635
f 2635 2421 2423
f 2402 1675 1677
f 2421 2402 2401
f 2419 2421 2401
f 2419 2401 2404
f 2405 2402 1677
f 2405 1677 1679
f 2405 1679 2414
f 2404 2405 2414
f 2404 2414 2407
f 2404 2407 2409
f 2414 1679 1681
f 2364 2414 1681
f 2360 2362 3961
f 2360 3961 3963
f 2360 3963 3965
f 2362 2364 1681
f 2362 1681 1683
f 3961 2362 1683
f 3969 3961 1683
f 3969 1683 2346
f 3898 2346 3896
f 3894 3896 1687
f 1687 3857 2344
f 3894 1687 2344
f 3898 3894 2344
f 3898 2344 2346
f 3969 2346 2337
f 2344 3875 3877
f 2344 3877 3879
f 2473 2344 3879
f 2341 2473 2474
f 2341 2474 2348
f 2341 2348 2351
f 2339 2341 2351
f 2337 2339 2351
f 3969 2337 2351
f 3967 3969 2351
f 3965 3967 2351
f 3965 2351 2353
f 2360 3965 2353
f 2349 2348 2474
f 2349 2474 2476
f 2356 2349 2476
f 2478 2480 2483
f 2476 2478 2483
f 2476 2483 2485
f 2476 2485 2383
f 2356 2476 2383
f 2355 2356 2383
f 2355 2383 2387
f 2355 2387 2366
f 2353 2355 2366
f 2353 2366 2365
f 2353 2365 2369
f 2360 2353 2369
f 2358 2360 2369
f 2358 2369 2371
f 2364 2358 2371
f 2366 2387 2389
f 2373 2366 2389
f 2411 2373 2377
f 2409 2411 2377
f 2409 2377 2378
f 2404 2409 2378
f 2419 2404 2378
f 2416 2419 2378
f 2417 2416 2378
f 2417 2378 2379
f 2374 2373 2389
f 2374 2389 2397
f 2381 2374 2397
f 2383 2485 2487
f 2384 2383 2487
f 2391 2384 2487
f 2470 3888 3890
f 2471 2470 3890
f 2471 3890 2495
f 2478 2471 2495
f 2478 2495 2497
f 2480 2478 2497
f 2481 2480 2497
f 2481 2497 2498
f 2489 2481 2498
f 2495 3890 3892
f 2491 2495 3892
f 2491 3892 3883
f 2491 3883 3817
f 3815 3870 3862
f 3814 3815 3862
f 3815 3817 3883
f 3815 3883 3882
f 3870 3815 3882
f 3868 3870 3882
f 3868 3882 3886
f 2470 2473 3879
f 3888 2470 3879
f 3872 3868 3886
f 3875 2344 3857
f 3872 3875 3857
f 3872 3857 3856
f 3865 3872 3856
f 3865 3856 3860
f 3860 3857 1687
f 3860 1687 3900
f 3860 3900 3899
f 3900 1687 1689
f 3903 3900 1689
f 3903 1689 3832
f 3899 3903 3832
f 3899 3832 3831
f 3860 3899 3831
f 3865 3860 3831
f 3861 3865 3831
f 3862 3861 3831
f 3862 3831 3833
f 3814 3862 3833
f 3812 3814 3833
f 3812 3833 3835
f 3813 3812 3835
f 3832 1689 1691
f 3838 3832 1691
f 3838 1691 3855
f 3837 3838 3855
f 3837 3855 3849
f 3837 3849 3843
f 3835 3837 3843
f 3835 3843 3845
f 3813 3835 3845
f 3813 3845 3823
f 3825 3813 3823
f 3823 3845 3847
f 3820 3823 3847
f 3821 3820 3847
f 1779 3855 1691
f 1779 1691 1693
f 1783 1779 1774
f 1778 1779 1693
f 1778 1693 1695
f 1778 1695 1790
f 1777 1778 1790
f 1777 1790 1789
f 1798 1790 1695
f 1798 1695 1697
f 1798 1697 1745
f 1796 1798 1745
f 1796 1745 1741
f 1794 1796 1741
f 1745 1697 1699
f 1757 1745 1699
f 1757 1699 1763
f 1759 1760 1907
f 1759 1907 1767
f 1759 1767 1769
f 1759 1769 1755
f 1759 1755 1747
f 1757 1759 1747
f 1757 1747 1746
f 1741 1757 1746
f 1741 1746 1750
f 1741 1750 1752
f 1794 1741 1752
f 1792 1794 1752
f 1788 1852 1851
f 1788 1851 1787
f 1792 1788 1781
f 1789 1792 1781
f 1789 1781 1780
f 1777 1789 1780
f 1774 1777 1780
f 1774 1780 1783
f 3851 1783 1785
f 3839 3851 1785
f 3839 1785 1787
f 3847 3839 1787
f 3847 1787 1856
f 3847 1856 1858
f 3821 3847 1858
f 3829 3821 1858
f 1807 1801 1813
f 1807 1813 1872
f 1852 1807 1872
f 1809 1813 1801
f 1809 1801 1755
f 1810 1809 1755
f 1755 1769 1771
f 1755 1771 1833
f 1810 1755 1833
f 1817 1810 1833
f 1817 1833 1835
f 1829 1833 1771
f 1829 1909 1917
f 1829 1917 1919
f 1830 1829 1919
f 1830 1919 1921
f 1838 1830 1921
f 1921 1923 1980
f 1921 1980 1982
f 1921 1982 1840
f 1838 1921 1840
f 1838 1840 1844
f 1837 1838 1844
f 1837 1844 1846
f 1846 1847 2018
f 1846 2018 2017
f 1846 2017 2020
f 1846 2020 1884
f 1846 1884 1825
f 1846 1825 1827
f 1837 1846 1827
f 1837 1827 1819
f 1835 1837 1819
f 1873 1817 1835
f 1873 1835 1822
f 1824 1825 1884
f 1824 1884 1883
f 1824 1883 1881
f 1822 1824 1881
f 1822 1881 1873
f 1852 1872 1876
f 1860 1852 1876
f 1860 1876 1878
f 1881 1883 1886
f 1862 1881 1886
f 1862 1886 1870
f 1889 2074 2078
f 2053 1889 2078
f 2053 2078 2062
f 1870 2053 2052
f 2058 2456 2448
f 2058 2448 1868
f 2056 2058 1868
f 2052 2056 1868
f 1870 2052 1868
f 1858 1860 1878
f 1858 1878 1864
f 1858 1864 1866
f 3829 1858 1866
f 3827 3829 1866
f 1866 1868 2448
f 1866 2448 2447
f 1866 2447 2451
f 1866 2451 2428
f 3827 1866 2428
f 3827 2428 2427
f 3825 3827 2427
f 3817 3825 2427
f 3817 2427 2431
f 3817 2431 2433
f 2491 3817 2433
f 2492 2491 2433
f 2428 2451 2453
f 2428 2453 2436
f 2492 2436 2440
f 2500 2492 2440
f 2500 2440 2442
f 2500 2442 2502
f 2445 2437 2462
f 2445 2462 2464
f 2445 2464 2466
f 2445 2466 2532
f 2529 2139 2141
f 2529 2141 2538
f 2537 2529 2538
f 2536 2537 2538
f 2536 2538 2542
f 2536 2542 2544
f 2546 2720 2719
f 2544 2546 2719
f 2544 2719 2723
f 2544 2723 2526
f 2544 2526 2527
f 2536 2544 2527
f 2536 2527 2520
f 2534 2536 2520
f 2524 2577 2570
f 2517 2524 2570
f 2534 2517 2518
f 2532 2534 2518
f 2532 2518 2511
f 2445 2532 2511
f 2445 2511 2510
f 2445 2510 2514
f 2502 2445 2514
f 2569 2517 2570
f 2569 2506 2508
f 2514 2569 2508
f 2514 2508 2502
f 2489 2506 2550
f 2489 2550 2549
f 2489 2549 2553
f 2487 2489 2553
f 2487 2553 2555
f 2487 2555 2393
f 2391 2487 2393
f 2391 2393 2397
f 2381 2399 2589
f 2381 2589 2588
f 2381 2588 2379
f 2425 2417 2379
f 2394 2393 2555
f 2394 2555 2557
f 2400 2394 2557
f 2550 2506 2574
f 2558 2550 2574
f 2539 2150 2152
f 2539 2152 2738
f 2547 2539 2738
f 2547 2738 2740
f 2546 2547 2740
f 2720 2546 2740
f 2720 2740 2742
f 2728 2720 2742
f 2738 2152 2154
f 2738 2154 2915
f 2746 2915 2916
f 2751 2797 2796
f 2751 2796 2800
f 2749 2751 2729
f 2742 2749 2729
f 2742 2729 2728
f 2777 2728 2732
f 2732 2734 2785
f 2732 2785 2777
f 2725 2586 2587
f 2723 2725 2587
f 2723 2587 2579
f 2526 2723 2579
f 2524 2526 2579
f 2524 2579 2578
f 2577 2524 2578
f 2577 2578 2582
f 2576 2577 2582
f 2576 2582 2584
f 2584 2586 2756
f 2584 2756 2755
f 2584 2755 2759
f 2584 2759 2567
f 2584 2567 2568
f 2576 2584 2568
f 2576 2568 2560
f 2574 2576 2560
f 2574 2560 2559
f 2558 2574 2559
f 2557 2558 2559
f 2557 2559 2563
f 2557 2563 2565
f 2400 2557 2565
f 2399 2400 2565
f 2567 2759 2608
f 2567 2608 2607
f 2565 2567 2607
f 2565 2607 2611
f 2399 2565 2611
f 2589 2399 2611
f 2595 2589 2611
f 2595 2611 2613
f 2761 2608 2759
f 2597 2761 2616
f 2597 2616 2620
f 2597 2620 2605
f 2605 2648 2647
f 2605 2647 2603
f 2594 2595 2613
f 2601 2638 2632
f 2594 2601 2632
f 2425 2594 2632
f 2425 2632 2631
f 2423 2425 2631
f 2635 2423 2631
f 2601 2603 2640
f 2601 2640 2639
f 2638 2601 2639
f 2637 2638 2639
f 2637 2639 3977
f 3979 2637 3977
f 2691 2693 3975
f 2691 3975 2644
f 2646 2640 2603
f 2698 2644 2646
f 2698 2646 2653
f 2661 2698 2653
f 2657 2661 2653
f 2657 2653 2655
f 2623 2668 2672
f 2648 2623 2672
f 2655 2648 2672
f 2655 2672 2674
f 2657 2655 2674
f 2658 2657 2674
f 2658 2674 2681
f 2666 2658 2681
f 2679 2681 2677
f 2616 2761 2763
f 2617 2616 2763
f 2623 2617 2763
f 2668 2623 2763
f 2756 2586 2780
f 2765 2756 2780
f 2734 2800 2786
f 2785 2734 2786
f 2782 2785 2789
f 2831 2792 2832
f 2789 2831 2775
f 2782 2789 2775
f 2780 2782 2766
f 2765 2780 2766
f 2765 2766 2769
f 2763 2765 2769
f 2763 2769 2771
f 2668 2763 2771
f 2669 2668 2771
f 2669 2771 2773
f 2677 2669 2773
f 2679 2677 2773
f 2773 2775 2831
f 2773 2831 2835
f 2773 2835 2837
f 2679 2773 2837
f 2839 2679 2837
f 2846 2848 2839
f 2846 2839 2841
f 2843 2846 2841
f 2858 2843 2841
f 2856 2858 2841
f 2856 2841 2832
f 2856 2832 2792
f 2786 2800 2802
f 2794 2786 2802
f 2792 2794 2802
f 2856 2792 2802
f 2852 2856 2802
f 2853 2852 2802
f 2853 2802 2804
f 2819 2804 2805
f 2753 2926 2817
f 2797 2753 2817
f 2805 2797 2817
f 2805 2817 2819
f 2807 2819 2821
f 2814 2807 2821
f 2824 2821 2822
f 2928 2824 2822
f 2747 2746 2916
f 2747 2916 2924
f 2753 2747 2924
f 2926 2753 2924
f 2921 2924 2919
f 2912 2173 2175
f 2912 2175 2935
f 2922 2921 2919
f 2945 2930 2922
f 2945 2922 2939
f 2941 2945 2939
f 2942 2941 2939
f 2939 2932 2887
f 2939 2887 2889
f 2939 2889 2953
f 2942 2939 2953
f 2949 2942 2953
f 2949 2953 2955
f 2948 2949 2955
f 3010 2948 2955
f 3006 3010 2955
f 3006 2955 2957
f 3007 3006 2957
f 2961 3007 2957
f 2961 2957 2959
f 2950 2906 2908
f 2950 2908 2974
f 2959 2974 2976
f 2961 2959 2976
f 2962 2961 2976
f 2962 2976 2984
f 2968 2962 2984
f 2981 2984 2979
f 2970 2974 2908
f 2970 2908 2910
f 2970 2910 2901
f 2970 2901 3073
f 3075 3077 3080
f 3073 3075 3080
f 3073 3080 3082
f 2970 3073 3082
f 2970 3082 3084
f 2971 2970 3084
f 2979 2971 3084
f 2981 2979 3084
f 3153 2981 3084
f 3151 3153 3084
f 3151 3084 3086
f 3147 3151 3086
f 3104 3147 3086
f 3102 3104 3086
f 3066 2332 2333
f 3066 2333 3092
f 3078 3077 3075
f 3102 3086 3078
f 3098 3102 3078
f 3098 3078 3096
f 3099 3098 3096
f 3096 3089 3035
f 3096 3035 3043
f 3096 3043 3045
f 3096 3045 3110
f 3099 3096 3110
f 3106 3099 3110
f 3106 3110 3112
f 3105 3106 3112
f 3170 3105 3112
f 3166 3170 3112
f 3166 3112 3114
f 3167 3166 3114
f 3118 3167 3114
f 3118 3114 3116
f 3108 3107 3047
f 3108 3064 3131
f 3116 3108 3131
f 3116 3131 3133
f 3118 3116 3133
f 3119 3118 3133
f 3119 3133 3142
f 3126 3119 3142
f 3138 3142 3136
f 3725 3138 3136
f 3725 3136 3128
f 3723 3725 3128
f 3723 3128 3064
f 3723 3064 3713
f 3721 3723 3713
f 3721 3713 3715
f 3717 3721 3715
f 3781 3717 3715
f 3781 3715 3706
f 3779 3781 3706
f 3779 3706 3704
f 3779 3704 3769
f 3777 3779 3769
f 3777 3769 3771
f 3775 3777 3771
f 1722 3775 3771
f 1722 3771 3773
f 1720 1722 3773
f 3765 3757 3759
f 3765 3759 3796
f 3763 3765 3796
f 3773 3763 3796
f 1720 3773 3797
f 1718 1720 3797
f 1718 3797 3796
f 3796 3759 3761
f 1718 3796 3761
f 1718 3761 3751
f 3747 1718 3751
f 3750 3747 3751
f 3767 3769 3695
f 3765 3767 3695
f 3757 3765 3695
f 3693 3695 3699
f 3693 3699 3701
f 3048 3693 3701
f 3049 3048 3701
f 3049 3701 3709
f 3057 3049 3709
f 3057 3709 3711
f 3056 3057 3711
f 3107 3110 3045
f 3047 3107 3045
f 3056 3047 3039
f 3054 3056 3039
f 3089 3088 2335
f 3035 3089 2335
f 3054 3035 3037
f 3052 3054 3037
f 3052 3037 3030
f 2272 3030 3029
f 2272 3029 2270
f 2288 2272 2265
f 2279 2288 2265
f 2279 2265 2264
f 2268 2327 2325
f 2268 2325 2316
f 2264 2268 2316
f 2264 2316 2262
f 2279 2264 2262
f 2277 2279 2262
f 2277 2262 2256
f 2195 2256 2255
f 2195 2255 2193
f 2208 2195 2186
f 2201 2208 2186
f 2201 2186 2185
f 2260 2319 2295
f 2260 2295 2253
f 2193 2260 2253
f 2193 2253 2247
f 2191 2193 2247
f 2246 2250 2243
f 2191 2247 2246
f 2189 2191 2246
f 2189 2246 2236
f 2185 2189 2236
f 2199 2201 2185
f 1973 2199 2178
f 1954 1973 2178
f 1954 2178 1952
f 1964 1954 1946
f 1962 1964 1946
f 1962 1946 1945
f 1949 2008 2006
f 1949 2006 1998
f 1945 1949 1998
f 1962 1945 1938
f 1960 1962 1938
f 1900 1960 1938
f 1898 1900 1938
f 1898 1938 1937
f 1898 1937 1941
f 1997 1933 1935
f 1941 1997 1935
f 1941 1935 1926
f 1898 1941 1926
f 1893 1898 1926
f 1892 1893 1926
f 4003 1892 1926
f 4003 1926 1925
f 1914 4003 1925
f 1914 1925 1929
f 1923 1914 1929
f 1923 1929 1931
f 1977 1923 1931
f 1977 1931 1933
f 1986 1977 1933
f 1986 1933 2002
f 1988 1986 2002
f 1989 1988 2002
f 1989 2002 2004
f 1995 1989 2004
f 2235 2239 2215
f 2235 2215 2015
f 1952 2235 2015
f 1952 2015 2009
f 2008 1952 2009
f 2004 2006 2008
f 1995 2215 2214
f 1995 2214 1993
f 1993 2032 2031
f 1992 1993 2031
f 1992 2031 2035
f 2018 1992 2035
f 2024 2018 2035
f 2024 2035 2037
f 2039 2040 2041
f 2039 2041 2045
f 2039 2045 2047
f 2098 2050 2115
f 2098 2115 2119
f 2032 1993 2219
f 2040 2032 2219
f 2041 2040 2219
f 2042 2041 2219
f 2042 2219 2221
f 2050 2042 2221
f 2115 2050 2221
f 2223 2215 2239
f 2223 2239 2241
f 2250 2294 2233
f 2243 2250 2233
f 2221 2223 2241
f 2221 2241 2227
f 2221 2227 2229
f 2115 2221 2229
f 2115 2229 2231
f 2116 2115 2231
f 2124 2116 2231
f 2231 2233 2294
f 2231 2294 2298
f 2231 2298 2300
f 2304 2295 2319
f 2304 2319 2321
f 3088 3092 2333
f 2335 3088 2333
f 2270 2335 2328
f 2327 2270 2328
f 2323 2325 2327
f 2323 2327 2330
f 2323 2330 2332
f 3071 2899 2893
f 3069 3071 2893
f 3066 3069 2893
f 2332 3066 2893
f 2332 2893 2312
f 2332 2312 2314
f 2323 2332 2314
f 2323 2314 2307
f 2323 2307 2306
f 2321 2323 2306
f 2304 2321 2306
f 2304 2306 2308
f 2302 2304 2308
f 2302 2308 2310
f 2310 2312 2893
f 2310 2893 2892
f 2310 2892 2895
f 2310 2895 2133
f 2310 2133 2134
f 2302 2310 2134
f 2302 2134 2127
f 2300 2302 2127
f 2300 2127 2126
f 2231 2300 2126
f 2124 2231 2126
f 2123 2124 2126
f 2123 2126 2129
f 2123 2129 2131
f 3071 3073 2901
f 2899 3071 2901
f 2899 2901 2900
f 2899 2900 2904
f 2898 2899 2904
f 2898 2904 2906
f 2950 2953 2889
f 2906 2950 2889
f 2906 2889 2891
f 2898 2906 2891
f 2898 2891 2883
f 2898 2883 2882
f 2897 2898 2882
f 2932 2878 2880
f 2882 2932 2880
f 2882 2880 2897
f 2895 2897 2873
f 2133 2895 2873
f 2131 2133 2873
f 2131 2873 2872
f 2131 2872 2876
f 2131 2876 2113
f 2131 2113 2114
f 2123 2131 2114
f 2123 2114 2107
f 2121 2123 2107
f 2111 2166 2158
f 2104 2111 2158
f 2121 2104 2105
f 2119 2121 2105
f 2119 2105 2098
f 2047 2098 2097
f 2047 2097 2100
f 2047 2100 2029
f 2047 2029 2030
f 2039 2047 2030
f 2039 2030 2025
f 2037 2039 2025
f 2037 2025 2024
f 2075 2074 2027
f 2075 2027 2028
f 2084 2075 2028
f 2065 2084 2028
f 2102 2104 2158
f 2102 2158 2157
f 2102 2157 2161
f 2102 2161 2093
f 2102 2093 2095
f 2102 2095 2087
f 2100 2102 2087
f 2029 2100 2087
f 2028 2029 2087
f 2028 2087 2086
f 2028 2086 2090
f 2065 2028 2090
f 2072 2065 2090
f 2072 2090 2135
f 2070 2072 2135
f 2139 2070 2135
f 2136 2135 2093
f 2136 2093 2161
f 2145 2136 2161
f 2145 2161 2163
f 2878 2935 2175
f 2878 2175 2177
f 2876 2878 2177
f 2876 2177 2168
f 2113 2876 2168
f 2111 2113 2168
f 2111 2168 2167
f 2166 2111 2167
f 2165 2166 2167
f 2165 2167 2171
f 2165 2171 2173
f 2912 2915 2154
f 2173 2912 2154
f 2173 2154 2156
f 2165 2173 2156
f 2165 2156 2148
f 2163 2165 2148
f 2163 2148 2147
f 2145 2163 2147
f 2150 2145 2147
f 4037 4069 4008
f 4179 4036 4010
f 4074 4011 4009
f 4041 4056 4042
f 4069 4037 4012
f 4039 4012 4037
f 4012 4039 4071
f 4063 4087 4065
f 4058 4062 4065
f 4075 4050 4072
f 4054 4176 4073
f 4054 4073 4055
f 4026 4024 4068
f 4009 4068 4024
f 4179 4074 4015
f 4024 4015 4074
f 4074 4009 4024
f 4012 4026 4068
f 4042 4028 4070
f 4026 4012 4025
f 4012 4070 4025
f 4025 4070 4028
f 4042 4013 4028
f 4013 4079 4084
f 4075 4018 4087
f 4072 4076 4034
f 4034 4018 4075
f 4075 4072 4034
f 4076 4066 4014
f 4176 4019 4073
f 4066 4073 4019
f 4019 4014 4066
f 4014 4034 4076
f 4028 4013 4084
f 4083 4016 4017
f 4092 4097 4089
f 4018 4029 4091
f 4128 4023 4122
f 4022 4122 4023
f 4021 4122 4022
f 4027 4080 4098
f 4094 4093 4099
f 4035 4032 4031
f 4128 4015 4023
f 4024 4022 4023
f 4023 4015 4024
f 4022 4024 4021
f 4021 4024 4026
f 4020 4028 4027
f 4028 4020 4025
f 4026 4020 4021
f 4025 4020 4026
f 4084 4027 4028
f 4079 4080 4084
f 4092 4078 4093
f 4094 4082 4017
f 4018 4090 4029
f 4029 4030 4091
f 4078 4092 4089
f 4078 4089 4085
f 4018 4033 4090
f 4034 4033 4018
f 4032 4034 4031
f 4031 4034 4014
f 4034 4032 4033
f 4019 4121 4035
f 4019 4035 4014
f 4014 4035 4031
f 4119 4121 4019
f 4010 4074 4179
f 4011 4074 4010
f 4038 4009 4011
f 4008 4038 4037
f 4038 4008 4009
f 4071 4039 4040
f 4071 4040 4070
f 4042 4040 4041
f 4040 4042 4070
f 4056 4041 4043
f 4057 4043 4061
f 4044 4045 4064
f 4086 4058 4065
f 4048 4075 4087
f 4075 4048 4050
f 4049 4047 4051
f 4051 4050 4049
f 4050 4051 4072
f 4049 4052 4047
f 4052 4049 4053
f 4053 4066 4052
f 4058 4059 4067
f 4064 4057 4061
f 4061 4044 4064
f 4063 4048 4087
f 4062 4063 4065
f 4045 4059 4081
f 4045 4081 4064
f 4057 4064 4081
f 4059 4058 4096
f 4058 4097 4096
f 4066 4053 4055
f 4055 4073 4066
f 4043 4057 4056
f 4046 4058 4067
f 4058 4046 4062
f 4068 4008 4069
f 4008 4068 4009
f 4056 4013 4042
f 4071 4070 4012
f 4086 4065 4087
f 4047 4076 4051
f 4051 4076 4072
f 4052 4076 4047
f 4052 4066 4076
f 4013 4057 4060
f 4057 4013 4056
f 4096 4077 4081
f 4081 4077 4060
f 4060 4057 4081
f 4068 4069 4012
f 4077 4016 4083
f 4016 4077 4097
f 4085 4091 4030
f 4079 4082 4080
f 4094 4080 4082
f 4083 4060 4077
f 4079 4083 4082
f 4017 4082 4083
f 4094 4098 4080
f 4083 4079 4060
f 4013 4060 4079
f 4080 4027 4084
f 4086 4089 4097
f 4089 4091 4085
f 4099 4093 4078
f 4097 4058 4086
f 4030 4078 4085
f 4088 4089 4086
f 4018 4091 4088
f 4089 4088 4091
f 4033 4030 4090
f 4090 4030 4029
f 4018 4088 4087
f 4088 4086 4087
f 4097 4092 4016
f 4092 4017 4016
f 4094 4017 4093
f 4017 4092 4093
f 4044 4095 4045
f 4059 4045 4095
f 4095 4046 4067
f 4067 4059 4095
f 4096 4081 4059
f 4097 4077 4096
f 4021 4020 4098
f 4098 4122 4021
f 4020 4027 4098
f 4099 4098 4094
f 4078 4030 4099
f 4033 4032 4035
f 4098 4123 4122
f 4099 4030 4033
f 4033 4035 4099
f 4099 4193 4098
f 4168 4178 4139
f 4108 4109 4142
f 4162 4163 4148
f 4154 4162 4174
f 4148 4174 4162
f 4148 4161 4160
f 4182 4171 4151
f 4150 4182 4151
f 4150 4152 4173
f 4155 4173 4152
f 4153 4154 4174
f 4180 4173 4155
f 4106 4151 4171
f 4157 4106 4171
f 4171 4175 4157
f 4156 4157 4175
f 4104 4176 4054
f 4105 4176 4104
f 4105 4156 4175
f 4179 4015 4129
f 4129 4100 4179
f 4112 4168 4100
f 4112 4100 4129
f 4112 4178 4168
f 4107 4108 4178
f 4178 4112 4107
f 4108 4107 4113
f 4108 4113 4109
f 4113 4132 4109
f 4109 4132 4114
f 4114 4101 4109
f 4101 4114 4186
f 4186 4114 4164
f 4118 4180 4191
f 4118 4181 4180
f 4190 4191 4180
f 4136 4182 4181
f 4136 4181 4118
f 4110 4175 4182
f 4182 4136 4110
f 4110 4105 4175
f 4105 4119 4019
f 4019 4176 4105
f 4105 4110 4119
f 4107 4112 4111
f 4111 4112 4129
f 4133 4107 4111
f 4107 4133 4113
f 4138 4110 4136
f 4130 4122 4131
f 4131 4122 4123
f 4134 4188 4193
f 4126 4193 4188
f 4035 4137 4135
f 4127 4135 4137
f 4035 4121 4137
f 4133 4111 4131
f 4130 4129 4128
f 4130 4128 4122
f 4131 4111 4130
f 4015 4128 4129
f 4111 4129 4130
f 4133 4123 4132
f 4123 4133 4131
f 4114 4132 4123
f 4132 4113 4133
f 4120 4185 4124
f 4193 4126 4116
f 4184 4126 4188
f 4117 4126 4184
f 4135 4127 4118
f 4134 4135 4191
f 4191 4135 4118
f 4136 4118 4127
f 4127 4137 4138
f 4138 4136 4127
f 4119 4138 4121
f 4137 4121 4138
f 4119 4110 4138
f 4139 4140 4168
f 4100 4168 4140
f 4179 4100 4036
f 4140 4036 4100
f 4101 4141 4109
f 4141 4101 4102
f 4142 4109 4141
f 4108 4139 4178
f 4142 4139 4108
f 4145 4186 4144
f 4169 4144 4186
f 4143 4144 4169
f 4147 4146 4192
f 4103 4192 4146
f 4160 4190 4148
f 4159 4165 4149
f 4153 4180 4155
f 4104 4156 4105
f 4149 4165 4158
f 4117 4183 4116
f 4117 4184 4172
f 4143 4169 4170
f 4143 4170 4147
f 4149 4160 4161
f 4148 4163 4161
f 4166 4146 4187
f 4166 4103 4146
f 4177 4164 4183
f 4165 4166 4158
f 4189 4158 4167
f 4166 4167 4158
f 4187 4146 4170
f 4170 4169 4187
f 4182 4150 4173
f 4180 4153 4174
f 4101 4186 4145
f 4102 4101 4145
f 4160 4149 4158
f 4172 4190 4160
f 4174 4148 4190
f 4190 4180 4174
f 4180 4181 4173
f 4182 4173 4181
f 4182 4175 4171
f 4177 4189 4167
f 4177 4167 4166
f 4189 4172 4158
f 4189 4177 4183
f 4189 4183 4117
f 4124 4185 4115
f 4191 4172 4184
f 4164 4177 4187
f 4187 4177 4166
f 4185 4164 4115
f 4164 4114 4115
f 4125 4123 4120
f 4124 4125 4120
f 4164 4169 4186
f 4164 4187 4169
f 4114 4125 4115
f 4114 4123 4125
f 4115 4125 4124
f 4189 4117 4172
f 4172 4160 4158
f 4134 4191 4188
f 4184 4188 4191
f 4191 4190 4172
f 4147 4170 4146
f 4185 4120 4116
f 4116 4120 4193
f 4126 4117 4116
f 4192 4103 4165
f 4165 4159 4192
f 4164 4185 4183
f 4116 4183 4185
f 4103 4166 4165
f 4134 4193 4099
f 4035 4135 4134
f 4120 4123 4193
f 4099 4035 4134
f 4123 4098 4193
f 4241 4194 4240
f 4194 4241 4196
f 4556 4312 4197
f 4312 4556 4196
f 4201 4317 4269
f 4201 4269 4318
f 4588 4268 4199
f 4195 4240 4198
f 4588 4199 4198
f 4199 4277 4198
f 4200 4283 4587
f 4586 4279 4200
f 4317 4201 4321
f 4321 4201 4323
f 4596 4202 4584
f 4294 4584 4202
f 4584 4294 4297
f 4295 4584 4297
f 4585 4305 4279
f 4279 4586 4585
f 4585 4324 4305
f 4324 4585 4597
f 4584 4295 4597
f 4203 4204 4205
f 4205 4206 4203
f 4210 4203 4206
f 4206 4207 4210
f 4208 4210 4207
f 4208 4209 4348
f 4210 4208 4218
f 4348 4218 4208
f 4340 4347 4211
f 4211 4212 4340
f 4213 4211 4347
f 4347 4562 4213
f 4213 4349 4214
f 4349 4213 4562
f 4214 4348 4209
f 4348 4214 4349
f 4216 4307 4215
f 4215 4203 4216
f 4203 4215 4204
f 4203 4210 4217
f 4217 4216 4203
f 4218 4217 4210
f 4219 4221 4220
f 4222 4220 4221
f 4224 4223 4220
f 4220 4222 4224
f 4226 4225 4223
f 4223 4224 4226
f 4225 4226 4227
f 4228 4222 4221
f 4221 4229 4228
f 4230 4224 4222
f 4222 4228 4230
f 4231 4226 4224
f 4224 4230 4231
f 4226 4231 4232
f 4232 4227 4226
f 4233 4234 4205
f 4205 4204 4233
f 4235 4236 4234
f 4234 4233 4235
f 4238 4237 4236
f 4236 4235 4238
f 4237 4238 4232
f 4227 4232 4238
f 4215 4307 4239
f 4227 4238 4239
f 4215 4233 4204
f 4239 4235 4233
f 4233 4215 4239
f 4235 4239 4238
f 4242 4313 4252
f 4270 4243 4244
f 4253 4243 4245
f 4245 4246 4253
f 4246 4245 4247
f 4247 4248 4246
f 4315 4249 4250
f 4250 4251 4315
f 4251 4250 4244
f 4244 4253 4251
f 4246 4252 4253
f 4248 4242 4252
f 4252 4246 4248
f 4253 4241 4251
f 4241 4253 4252
f 4251 4240 4315
f 4240 4251 4241
f 4261 4254 4229
f 4229 4221 4261
f 4256 4255 4254
f 4254 4261 4256
f 4255 4256 4257
f 4255 4257 4258
f 4255 4258 4259
f 4260 4257 4256
f 4259 4258 4247
f 4247 5206 4259
f 4242 4248 4257
f 4257 4260 4242
f 4261 4219 4311
f 4313 4242 4260
f 4311 4256 4261
f 4256 4311 4260
f 4221 4219 4261
f 4317 4262 4263
f 4263 4269 4317
f 4269 4263 4264
f 4264 4319 4269
f 4319 4264 4265
f 4265 4266 4319
f 4266 4265 4267
f 4267 4268 4266
f 4270 4249 4271
f 4271 4276 4270
f 4276 4271 4272
f 4277 4273 4316
f 4276 4272 4274
f 4199 5210 4273
f 4273 4277 4199
f 4275 4267 4276
f 4276 4274 4275
f 5210 4199 4268
f 4279 4298 4280
f 4280 4278 4279
f 4278 4280 4281
f 4281 4283 4278
f 4283 4281 4282
f 4282 4284 4283
f 4282 4322 4284
f 4285 4262 4286
f 4286 4288 4285
f 4288 4286 4287
f 4323 4289 4321
f 4287 4290 4291
f 4291 4288 4287
f 4289 4323 4292
f 4290 4282 4291
f 4293 4202 4325
f 4202 4293 4294
f 4486 4296 4293
f 4293 4325 4486
f 4294 4293 4296
f 4297 4294 4296
f 4296 4302 4295
f 4295 4297 4296
f 4301 4299 4298
f 4298 4300 4301
f 4300 4302 4304
f 4304 4301 4300
f 4597 4303 4324
f 4303 4597 4295
f 4306 4309 4327
f 4239 4307 4306
f 4309 4306 4307
f 4307 4310 4309
f 4311 4219 4314
f 4312 4260 4311
f 4260 4312 4313
f 4196 4313 4312
f 4197 4311 4314
f 4314 4326 4197
f 4311 4197 4312
f 4252 4196 4241
f 4196 4252 4313
f 4195 4315 4240
f 4315 4195 4316
f 4198 4316 4195
f 4316 4198 4277
f 4266 4588 4318
f 4588 4266 4268
f 4319 4318 4269
f 4318 4319 4266
f 4279 4278 4200
f 4283 4200 4278
f 4587 4322 4320
f 4283 4284 4587
f 4322 4587 4284
f 4323 4320 4292
f 4322 4292 4320
f 4327 4557 4558
f 4327 4558 4326
f 4354 4355 4334
f 4328 4354 4334
f 4331 4329 4356
f 4356 4330 4331
f 4329 4333 4332
f 4333 4334 4355
f 4355 4332 4333
f 4333 4329 4591
f 4335 4565 4363
f 4367 4361 4339
f 4338 4339 4361
f 4361 4362 4338
f 4566 4336 4364
f 4364 4352 4566
f 4336 4337 4366
f 4366 4364 4336
f 4365 4366 4337
f 4337 4338 4362
f 4362 4365 4337
f 4335 4367 4590
f 4590 4565 4335
f 4339 4590 4367
f 4565 4341 4372
f 4372 4363 4565
f 4565 4343 4341
f 4342 4341 4343
f 4343 4344 4342
f 4345 4347 4340
f 4310 4216 4308
f 4217 4308 4216
f 4216 4310 4307
f 4306 4327 4350
f 4350 4327 4351
f 4327 4326 4314
f 4314 4351 4327
f 4219 4220 4351
f 4223 4351 4220
f 4351 4314 4219
f 4350 4351 4223
f 4223 4225 4350
f 4227 4239 4306
f 4306 4225 4227
f 4225 4306 4350
f 4356 4329 4357
f 4332 4357 4329
f 4352 4358 4566
f 4358 4353 4328
f 4328 4566 4358
f 4354 4328 4353
f 4363 4359 4335
f 4367 4335 4359
f 4359 4360 4367
f 4361 4367 4360
f 4345 4340 4212
f 4212 4368 4345
f 4564 4345 4368
f 4368 4369 4564
f 4346 4564 4369
f 4369 4370 4346
f 4344 4346 4370
f 4370 4371 4344
f 4372 4341 4373
f 4373 4342 4374
f 4342 4373 4341
f 4342 4344 4371
f 4371 4374 4342
f 4376 4379 4375
f 4377 4501 4575
f 4501 4496 4376
f 4376 4575 4501
f 4375 4498 4378
f 4578 4503 4577
f 4378 4380 4576
f 4380 4378 4498
f 4505 4506 4380
f 4447 4380 4506
f 4577 4504 4381
f 4578 4380 4447
f 4383 4580 4470
f 4508 4470 4580
f 4581 4508 4580
f 4582 4483 4384
f 4487 4384 4489
f 4384 4487 4510
f 4483 4489 4384
f 4389 4386 4387
f 4387 4388 4389
f 4388 4394 4389
f 4395 4390 4386
f 4386 4389 4395
f 4396 4391 4390
f 4390 4395 4396
f 4393 4392 4391
f 4391 4396 4393
f 4530 4389 4394
f 4389 4530 4395
f 4529 4393 4396
f 4398 4397 4525
f 4397 4398 4403
f 4393 4529 4399
f 4525 4400 4398
f 4401 4403 4398
f 4403 4401 4402
f 4392 4393 4402
f 4402 4399 4403
f 4399 4402 4393
f 4404 4415 4423
f 4415 4404 4416
f 4394 4406 4405
f 4406 4414 4405
f 4405 4407 4408
f 4407 4405 4414
f 4412 4408 4407
f 4409 4388 4387
f 4409 4410 4414
f 4407 4414 4410
f 4410 4411 4407
f 4412 4407 4411
f 4411 4413 4412
f 4388 4409 4406
f 4414 4406 4409
f 4406 4394 4388
f 4415 4416 4417
f 4417 4418 4415
f 4416 4419 4420
f 4420 4417 4416
f 4416 4404 4419
f 4419 4421 4422
f 4422 4420 4419
f 4421 4419 4404
f 4421 4412 4413
f 4413 4422 4421
f 4415 4426 4423
f 4423 4424 4500
f 4424 4423 4426
f 4425 4500 4424
f 4426 4415 4418
f 4418 4427 4426
f 4424 4426 4427
f 4427 4428 4424
f 4425 4424 4428
f 4428 4429 4425
f 4431 4425 4429
f 4429 4430 4431
f 4432 4442 4433
f 4433 4434 4432
f 4498 4375 4435
f 4436 4432 4434
f 4434 4437 4436
f 4435 4379 4438
f 4379 4435 4375
f 4439 4436 4437
f 4437 4440 4439
f 4438 4497 4441
f 4497 4438 4379
f 4430 4439 4440
f 4430 4440 4441
f 4430 4441 4431
f 4431 4441 4497
f 4443 4433 4442
f 4442 4456 4444
f 4444 4443 4442
f 4445 4444 4456
f 4446 4445 4456
f 4449 4450 4451
f 4451 4452 4449
f 4504 4577 4453
f 4454 4449 4452
f 4452 4455 4454
f 4502 4453 4577
f 4456 4454 4455
f 4455 4457 4456
f 4502 4578 4458
f 4457 4446 4456
f 4447 4458 4578
f 4507 4459 4579
f 4459 4465 4382
f 4382 4579 4459
f 4466 4382 4465
f 4450 4461 4460
f 4460 4451 4450
f 4462 4460 4461
f 4461 4463 4462
f 4461 4464 4463
f 4469 4467 4468
f 4469 4468 4472
f 4472 4474 4469
f 4474 4472 4473
f 4474 4473 4464
f 4464 4461 4474
f 4583 4481 4385
f 4582 4385 4481
f 4467 4469 4476
f 4476 4477 4467
f 4478 4479 4477
f 4477 4476 4478
f 4481 4482 4582
f 4483 4582 4482
f 4471 4480 4583
f 4481 4583 4480
f 4486 4485 4484
f 4486 4488 4485
f 4488 4486 4479
f 4479 4478 4488
f 4573 4574 4491
f 4491 4493 4573
f 4492 4573 4493
f 4394 4405 4493
f 4492 4493 4405
f 4493 4491 4394
f 4490 4492 4494
f 4500 4495 4423
f 4500 4425 4496
f 4431 4496 4425
f 4497 4496 4431
f 4379 4376 4497
f 4496 4497 4376
f 4377 4499 4495
f 4377 4500 4501
f 4500 4377 4495
f 4500 4496 4501
f 4577 4503 4502
f 4578 4502 4503
f 4498 4448 4380
f 4505 4380 4448
f 4507 4381 4504
f 4381 4507 4579
f 4471 4383 4470
f 4581 4475 4508
f 4475 4581 4466
f 4382 4466 4581
f 4383 4471 4583
f 4510 4509 4325
f 4325 4202 4510
f 4509 4510 4487
f 4593 4490 4494
f 4499 4593 4494
f 4534 4520 4514
f 4511 4535 4514
f 4511 4512 4535
f 4513 4536 4512
f 4512 4511 4513
f 4568 4515 4513
f 4537 4516 4331
f 4331 4330 4537
f 4538 4515 4516
f 4516 4537 4538
f 4536 4513 4515
f 4518 4540 4541
f 4541 4526 4518
f 4517 4544 4518
f 4517 4543 4544
f 4520 4534 4546
f 4547 4521 4520
f 4520 4546 4547
f 4521 4547 4519
f 4543 4517 4519
f 4522 4524 4525
f 4524 4522 4571
f 4553 4527 4526
f 4526 4541 4553
f 4527 4553 4554
f 4555 4551 4527
f 4527 4554 4555
f 4522 4525 4528
f 4397 4528 4525
f 4529 4572 4399
f 4403 4528 4397
f 4528 4403 4399
f 4394 4491 4530
f 4531 4395 4530
f 4531 4396 4395
f 4396 4531 4529
f 4574 4530 4491
f 4572 4529 4531
f 4492 4405 4408
f 4408 4494 4492
f 4408 4532 4494
f 4532 4404 4423
f 4423 4495 4532
f 4532 4421 4404
f 4408 4412 4421
f 4421 4532 4408
f 4494 4532 4499
f 4499 4532 4495
f 4514 4533 4534
f 4533 4514 4535
f 4539 4515 4538
f 4515 4539 4536
f 4518 4542 4540
f 4542 4518 4544
f 4545 4519 4547
f 4519 4545 4543
f 4524 4548 4400
f 4400 4525 4524
f 4571 4549 4548
f 4548 4524 4571
f 4523 4550 4549
f 4549 4571 4523
f 4551 4552 4550
f 4550 4523 4551
f 4552 4551 4555
f 4194 4196 4556
f 4558 4556 4197
f 4326 4558 4197
f 4327 4309 4557
f 4559 4557 4309
f 4308 4559 4310
f 4310 4559 4309
f 4559 4560 4557
f 4563 4308 4217
f 4217 4218 4563
f 4218 4348 4563
f 4347 4345 4561
f 4561 4562 4347
f 4349 4563 4348
f 4561 4349 4562
f 4563 4559 4308
f 4346 4561 4345
f 4564 4346 4345
f 4346 4344 4589
f 4343 4589 4344
f 4349 4561 4589
f 4589 4561 4346
f 4339 4338 4590
f 4590 4343 4565
f 4336 4566 4567
f 4567 4338 4336
f 4336 4338 4337
f 4567 4590 4338
f 4589 4343 4590
f 4566 4328 4567
f 4334 4567 4328
f 4567 4334 4333
f 4329 4331 4591
f 4591 4567 4333
f 4516 4591 4331
f 4568 4591 4516
f 4516 4515 4568
f 4514 4520 4521
f 4521 4513 4514
f 4511 4514 4513
f 4568 4513 4521
f 4526 4569 4518
f 4517 4518 4569
f 4519 4517 4569
f 4527 4551 4570
f 4570 4569 4526
f 4526 4527 4570
f 4522 4570 4571
f 4523 4571 4570
f 4570 4551 4523
f 4528 4399 4572
f 4574 4572 4530
f 4530 4572 4531
f 4572 4522 4528
f 4573 4492 4490
f 4490 4593 4594
f 4375 4575 4376
f 4378 4576 4375
f 4575 4375 4576
f 4578 4576 4380
f 4578 4577 4381
f 4576 4578 4381
f 4382 4381 4579
f 4580 4383 4581
f 4381 4382 4581
f 4582 4583 4385
f 4384 4583 4582
f 4383 4583 4581
f 4510 4202 4596
f 4596 4384 4510
f 4596 4584 4597
f 4587 4597 4586
f 4586 4597 4585
f 4318 4323 4201
f 4323 4587 4320
f 4586 4200 4587
f 4240 4194 4198
f 4588 4198 4194
f 4556 4656 4588
f 4588 4194 4556
f 4656 4556 4598
f 4556 4558 4598
f 4563 4606 4559
f 4560 4559 4606
f 4606 4563 4610
f 4349 4610 4563
f 4589 4610 4349
f 4589 4590 4611
f 4567 4611 4590
f 4592 4611 4567
f 4567 4591 4592
f 4521 4619 4568
f 4619 4591 4568
f 4569 4621 4519
f 4521 4519 4621
f 4621 4569 4624
f 4621 4619 4521
f 4569 4570 4624
f 4570 4522 4624
f 4627 4572 4574
f 4625 4624 4522
f 4522 4572 4625
f 4573 4627 4574
f 4593 4499 4630
f 4377 4575 4595
f 4595 4575 4576
f 4595 4576 4635
f 4634 4635 4576
f 4634 4381 4640
f 4576 4381 4634
f 4381 4581 4641
f 4581 4583 4641
f 4641 4583 4645
f 4384 4645 4583
f 4596 4647 4384
f 4647 4645 4384
f 4587 4650 4597
f 4649 4650 4587
f 4323 4653 4587
f 4653 4649 4587
f 4318 4588 4658
f 4598 4599 4656
f 4605 4601 4604
f 4599 4604 4601
f 4604 4599 4598
f 4600 4662 4601
f 4601 4667 4600
f 4601 4662 4599
f 4560 4603 4557
f 4603 4598 4558
f 4558 4557 4603
f 4603 4604 4598
f 4603 4607 4602
f 4604 4603 4602
f 4603 4560 4607
f 4602 4605 4604
f 4609 4607 4606
f 4560 4606 4607
f 4602 4607 4676
f 4606 4610 4609
f 4607 4609 4678
f 4678 4676 4607
f 4608 4678 4609
f 4610 4589 4612
f 4589 4611 4612
f 4613 4614 4683
f 4608 4614 4613
f 4608 4609 4610
f 4610 4612 4608
f 4592 4612 4611
f 4616 4612 4592
f 4614 4616 4686
f 4616 4614 4612
f 4614 4608 4612
f 4617 4616 4592
f 4592 4619 4617
f 4615 4686 4616
f 4616 4617 4615
f 4619 4592 4591
f 4618 4617 4619
f 4618 4615 4617
f 4618 4623 4620
f 4623 4618 4621
f 4619 4621 4618
f 4622 4692 4623
f 4622 4623 4624
f 4621 4624 4623
f 4692 4620 4623
f 4572 4627 4625
f 4629 4622 4626
f 4624 4626 4622
f 4624 4625 4626
f 4594 4627 4490
f 4627 4594 4628
f 4490 4627 4573
f 4629 4628 4697
f 4628 4629 4626
f 4628 4626 4627
f 4625 4627 4626
f 4594 4593 4630
f 4630 4628 4594
f 4595 4630 4377
f 4499 4377 4630
f 4631 4697 4628
f 4628 4630 4631
f 4595 4632 4630
f 4595 4635 4632
f 4631 4632 4633
f 4632 4631 4630
f 4635 4634 4638
f 4640 4644 4636
f 4636 4637 4640
f 4638 4640 4637
f 4637 4639 4638
f 4640 4638 4634
f 4632 4639 4633
f 4632 4635 4639
f 4635 4638 4639
f 4641 4640 4381
f 4641 4645 4648
f 4643 4648 4642
f 4641 4648 4643
f 4644 4641 4643
f 4641 4644 4640
f 4645 4647 4646
f 4646 4648 4645
f 4650 4647 4596
f 4596 4597 4650
f 4651 4647 4650
f 4649 4651 4650
f 4651 4649 4727
f 4646 4647 4652
f 4647 4651 4652
f 4649 4653 4654
f 4323 4318 4653
f 4654 4727 4649
f 4318 4658 4653
f 4658 4655 4653
f 4657 4656 4599
f 4658 4588 4656
f 4658 4656 4657
f 4660 4659 4600
f 4600 4661 4660
f 4659 4662 4600
f 4659 4660 4666
f 4662 4659 4655
f 4659 4666 4655
f 4599 4662 4657
f 4658 4657 4662
f 4662 4655 4658
f 4654 4665 4663
f 4664 4663 4665
f 4653 4655 4666
f 4666 4654 4653
f 4654 4666 4665
f 4665 4660 4661
f 4661 4664 4665
f 4660 4665 4666
f 4605 4667 4601
f 4669 4743 4741
f 4741 4668 4669
f 4668 4741 4667
f 4671 4667 4605
f 4673 4674 4670
f 4670 4605 4602
f 4670 4671 4605
f 4671 4670 4674
f 4672 4675 4674
f 4674 4673 4672
f 4675 4669 4668
f 4667 4671 4668
f 4668 4674 4675
f 4674 4668 4671
f 4676 4670 4602
f 4670 4676 4673
f 4676 4678 4679
f 4679 4673 4676
f 4677 4673 4679
f 4680 4678 4608
f 4678 4680 4679
f 4608 4613 4680
f 4683 4681 4613
f 4681 4680 4613
f 4679 4681 4682
f 4682 4677 4679
f 4681 4679 4680
f 4683 4686 4685
f 4614 4686 4683
f 4681 4685 4682
f 4681 4683 4685
f 4684 4682 4685
f 4688 4685 4686
f 4686 4687 4688
f 4685 4688 4684
f 4686 4615 4687
f 4615 4618 4687
f 4618 4620 4687
f 4687 4684 4688
f 4687 4620 4691
f 4689 4691 4620
f 4691 4689 4690
f 4687 4691 4684
f 4690 4684 4691
f 4620 4692 4689
f 4689 4692 4693
f 4689 4693 4695
f 4695 4690 4689
f 4693 4692 4622
f 4696 4693 4629
f 4622 4629 4693
f 4694 4695 4696
f 4693 4696 4695
f 4697 4696 4629
f 4698 4696 4697
f 4696 4698 4699
f 4699 4694 4696
f 4700 4698 4697
f 4703 4702 4700
f 4700 4633 4703
f 4700 4697 4631
f 4702 4703 4701
f 4701 4699 4702
f 4698 4702 4699
f 4698 4700 4702
f 4633 4700 4631
f 4710 4701 4703
f 4633 4639 4707
f 4633 4707 4703
f 4709 4703 4707
f 4704 4705 4636
f 4705 4704 4706
f 4705 4707 4637
f 4637 4636 4705
f 4707 4705 4706
f 4707 4706 4709
f 4639 4637 4707
f 4708 4710 4709
f 4720 4708 4709
f 4703 4709 4710
f 4711 4704 4636
f 4636 4644 4711
f 4643 4711 4644
f 4712 4706 4704
f 4704 4711 4712
f 4713 4712 4711
f 4711 4643 4713
f 4720 4709 4706
f 4706 4712 4720
f 4712 4713 4720
f 4717 4720 4713
f 4721 4715 4642
f 4714 4718 4715
f 4715 4721 4714
f 4642 4716 4643
f 4715 4717 4716
f 4716 4642 4715
f 4717 4715 4718
f 4716 4713 4643
f 4713 4716 4717
f 4720 4717 4718
f 4708 4718 4719
f 4718 4708 4720
f 4648 4646 4642
f 4724 4714 4725
f 4725 4721 4722
f 4721 4725 4714
f 4722 4642 4646
f 4642 4722 4721
f 4726 4719 4714
f 4718 4714 4719
f 4646 4652 4722
f 4723 4725 4652
f 4725 4723 4724
f 4722 4652 4725
f 4737 4726 4724
f 4726 4714 4724
f 4728 4652 4651
f 4651 4727 4728
f 4733 4728 4727
f 4652 4728 4723
f 4729 4723 4728
f 4730 4729 4728
f 4728 4733 4730
f 4736 4724 4723
f 4723 4729 4736
f 4729 4730 4736
f 4731 4735 4654
f 4732 4733 4735
f 4735 4731 4732
f 4733 4732 4734
f 4735 4733 4727
f 4727 4654 4735
f 4734 4730 4733
f 4730 4734 4736
f 4734 4743 4736
f 4743 4737 4736
f 4724 4736 4737
f 4654 4663 4731
f 4738 4731 4663
f 4663 4664 4738
f 4739 4738 4664
f 4664 4661 4739
f 4740 4732 4731
f 4731 4738 4740
f 4738 4739 4740
f 4742 4740 4739
f 4742 4734 4732
f 4732 4740 4742
f 4600 4667 4741
f 4741 4739 4600
f 4739 4741 4742
f 4661 4600 4739
f 4742 4741 4743
f 4743 4734 4742
f 4744 4751 4745
f 4744 4745 4746
f 4744 4746 4747
f 4744 4747 4748
f 4744 4748 4749
f 4744 4749 4750
f 4744 4750 4751
f 4752 4745 4751
f 4751 4764 4752
f 4745 4752 4753
f 4754 4746 4745
f 4745 4753 4754
f 4746 4754 4755
f 4755 4747 4746
f 4747 4755 4756
f 4747 4756 4757
f 4757 4748 4747
f 4748 4757 4758
f 4759 4749 4748
f 4748 4758 4759
f 4749 4759 4760
f 4760 4750 4749
f 4750 4760 4761
f 4762 4751 4750
f 4750 4761 4762
f 4751 4762 4763
f 4751 4763 4764
f 4766 4752 4764
f 4764 4765 4766
f 4752 4766 4767
f 4768 4753 4752
f 4752 4767 4768
f 4753 4768 4769
f 4769 4754 4753
f 4754 4769 4770
f 4754 4770 4771
f 4771 4755 4754
f 4755 4771 4772
f 4773 4756 4755
f 4755 4772 4773
f 4756 4773 4774
f 4775 4757 4756
f 4756 4774 4775
f 4757 4775 4776
f 4776 4758 4757
f 4758 4776 4777
f 4777 4759 4758
f 4759 4777 4778
f 4759 4778 4779
f 4780 4760 4759
f 4759 4779 4780
f 4760 4780 4781
f 4781 4761 4760
f 4761 4781 4782
f 4761 4782 4783
f 4783 4762 4761
f 4762 4783 4784
f 4784 4763 4762
f 4763 4784 4785
f 4786 4764 4763
f 4763 4785 4786
f 4764 4786 4765
f 4765 4787 4788
f 4789 4766 4765
f 4765 4788 4789
f 4790 4767 4766
f 4766 4789 4790
f 4767 4790 4791
f 4792 4768 4767
f 4767 4791 4792
f 4793 4769 4768
f 4768 4792 4793
f 4769 4793 4794
f 4795 4770 4769
f 4769 4794 4795
f 4770 4795 4796
f 4797 4771 4770
f 4770 4796 4797
f 4798 4772 4771
f 4771 4797 4798
f 4772 4798 4799
f 4800 4773 4772
f 4772 4799 4800
f 4773 4800 4801
f 4801 4774 4773
f 4774 4801 4802
f 4803 4775 4774
f 4774 4802 4803
f 4775 4803 4804
f 4805 4776 4775
f 4775 4804 4805
f 4776 4805 4806
f 4807 4777 4776
f 4776 4806 4807
f 4777 4807 4808
f 4809 4778 4777
f 4777 4808 4809
f 4810 4779 4778
f 4778 4809 4810
f 4779 4810 4811
f 4812 4780 4779
f 4779 4811 4812
f 4780 4812 4813
f 4813 4781 4780
f 4781 4813 4814
f 4815 4782 4781
f 4781 4814 4815
f 4816 4783 4782
f 4782 4815 4816
f 4817 4784 4783
f 4783 4816 4817
f 4784 4817 4818
f 4819 4785 4784
f 4784 4818 4819
f 4785 4819 4820
f 4820 4786 4785
f 4787 4765 4786
f 4786 4820 4787
f 4821 4788 4787
f 4787 4822 4821
f 4788 4821 4823
f 4823 4789 4788
f 4824 4790 4789
f 4789 4823 4824
f 4790 4824 4825
f 4825 4791 4790
f 4826 4792 4791
f 4791 4825 4826
f 4792 4826 4827
f 4827 4793 4792
f 4828 4794 4793
f 4793 4827 4828
f 4794 4828 4829
f 4829 4795 4794
f 4830 4796 4795
f 4795 4829 4830
f 4831 4797 4796
f 4796 4830 4831
f 4797 4831 4832
f 4832 4798 4797
f 4833 4799 4798
f 4798 4832 4833
f 4799 4833 4834
f 4834 4800 4799
f 4835 4801 4800
f 4800 4834 4835
f 4801 4835 4836
f 4836 4802 4801
f 4837 4803 4802
f 4802 4836 4837
f 4838 4804 4803
f 4803 4837 4838
f 4804 4838 4839
f 4839 4805 4804
f 4840 4806 4805
f 4805 4839 4840
f 4806 4840 4841
f 4841 4807 4806
f 4842 4808 4807
f 4807 4841 4842
f 4808 4842 4843
f 4844 4809 4808
f 4808 4843 4844
f 4845 4810 4809
f 4809 4844 4845
f 4846 4811 4810
f 4810 4845 4846
f 4811 4846 4847
f 4847 4812 4811
f 4848 4813 4812
f 4812 4847 4848
f 4813 4848 4849
f 4850 4814 4813
f 4813 4849 4850
f 4851 4815 4814
f 4814 4850 4851
f 4852 4816 4815
f 4815 4851 4852
f 4816 4852 4853
f 4854 4817 4816
f 4816 4853 4854
f 4855 4818 4817
f 4817 4854 4855
f 4818 4855 4856
f 4856 4819 4818
f 4857 4820 4819
f 4819 4856 4857
f 4820 4857 4822
f 4822 4787 4820
f 4858 4821 4822
f 4822 4859 4858
f 4860 4823 4821
f 4821 4858 4860
f 4823 4860 4861
f 4862 4824 4823
f 4823 4861 4862
f 4863 4825 4824
f 4824 4862 4863
f 4825 4863 4864
f 4865 4826 4825
f 4825 4864 4865
f 4866 4827 4826
f 4826 4865 4866
f 4827 4866 4867
f 4868 4828 4827
f 4827 4867 4868
f 4869 4829 4828
f 4828 4868 4869
f 4829 4869 4870
f 4871 4830 4829
f 4829 4870 4871
f 4872 4831 4830
f 4830 4871 4872
f 4873 4832 4831
f 4831 4872 4873
f 4832 4873 4874
f 4875 4833 4832
f 4832 4874 4875
f 4876 4834 4833
f 4833 4875 4876
f 4834 4876 4877
f 4878 4835 4834
f 4834 4877 4878
f 4879 4836 4835
f 4835 4878 4879
f 4836 4879 4880
f 4881 4837 4836
f 4836 4880 4881
f 4882 4838 4837
f 4837 4881 4882
f 4883 4839 4838
f 4838 4882 4883
f 4839 4883 4884
f 4885 4840 4839
f 4839 4884 4885
f 4886 4841 4840
f 4840 4885 4886
f 4841 4886 4887
f 4888 4842 4841
f 4841 4887 4888
f 4889 4843 4842
f 4842 4888 4889
f 4890 4844 4843
f 4843 4889 4890
f 4891 4845 4844
f 4844 4890 4891
f 4892 4846 4845
f 4845 4891 4892
f 4893 4847 4846
f 4846 4892 4893
f 4894 4848 4847
f 4847 4893 4894
f 4895 4849 4848
f 4848 4894 4895
f 4896 4850 4849
f 4849 4895 4896
f 4897 4851 4850
f 4850 4896 4897
f 4898 4852 4851
f 4851 4897 4898
f 4899 4853 4852
f 4852 4898 4899
f 4900 4854 4853
f 4853 4899 4900
f 4901 4855 4854
f 4854 4900 4901
f 4902 4856 4855
f 4855 4901 4902
f 4856 4902 4903
f 4904 4857 4856
f 4856 4903 4904
f 4905 4822 4857
f 4857 4904 4905
f 4822 4905 4859
f 4906 4858 4859
f 4859 4907 4906
f 4908 4860 4858
f 4858 4906 4908
f 4909 4861 4860
f 4860 4908 4909
f 4910 4862 4861
f 4861 4909 4910
f 4911 4863 4862
f 4862 4910 4911
f 4912 4864 4863
f 4863 4911 4912
f 4913 4865 4864
f 4864 4912 4913
f 4914 4866 4865
f 4865 4913 4914
f 4915 4867 4866
f 4866 4914 4915
f 4916 4868 4867
f 4867 4915 4916
f 4917 4869 4868
f 4868 4916 4917
f 4918 4870 4869
f 4869 4917 4918
f 4919 4871 4870
f 4870 4918 4919
f 4920 4872 4871
f 4871 4919 4920
f 4921 4873 4872
f 4872 4920 4921
f 4922 4874 4873
f 4873 4921 4922
f 4923 4875 4874
f 4874 4922 4923
f 4924 4876 4875
f 4875 4923 4924
f 4925 4877 4876
f 4876 4924 4925
f 4926 4878 4877
f 4877 4925 4926
f 4927 4879 4878
f 4878 4926 4927
f 4928 4880 4879
f 4879 4927 4928
f 4929 4881 4880
f 4880 4928 4929
f 4930 4882 4881
f 4881 4929 4930
f 4931 4883 4882
f 4882 4930 4931
f 4932 4884 4883
f 4883 4931 4932
f 4933 4885 4884
f 4884 4932 4933
f 4934 4886 4885
f 4885 4933 4934
f 4935 4887 4886
f 4886 4934 4935
f 4936 4888 4887
f 4887 4935 4936
f 4937 4889 4888
f 4888 4936 4937
f 4938 4890 4889
f 4889 4937 4938
f 4939 4891 4890
f 4890 4938 4939
f 4940 4892 4891
f 4891 4939 4940
f 4941 4893 4892
f 4892 4940 4941
f 4893 4941 4942
f 4943 4894 4893
f 4893 4942 4943
f 4944 4895 4894
f 4894 4943 4944
f 4895 4944 4945
f 4946 4896 4895
f 4895 4945 4946
f 4947 4897 4896
f 4896 4946 4947
f 4948 4898 4897
f 4897 4947 4948
f 4949 4899 4898
f 4898 4948 4949
f 4950 4900 4899
f 4899 4949 4950
f 4951 4901 4900
f 4900 4950 4951
f 4952 4902 4901
f 4901 4951 4952
f 4953 4903 4902
f 4902 4952 4953
f 4954 4904 4903
f 4903 4953 4954
f 4955 4905 4904
f 4904 4954 4955
f 4907 4859 4905
f 4905 4955 4907
f 4956 4906 4907
f 4907 4957 4956
f 4958 4908 4906
f 4906 4956 4958
f 4959 4909 4908
f 4908 4958 4959
f 4960 4910 4909
f 4909 4959 4960
f 4961 4911 4910
f 4910 4960 4961
f 4962 4912 4911
f 4911 4961 4962
f 4963 4913 4912
f 4912 4962 4963
f 4964 4914 4913
f 4913 4963 4964
f 4965 4915 4914
f 4914 4964 4965
f 4966 4916 4915
f 4915 4965 4966
f 4967 4917 4916
f 4916 4966 4967
f 4968 4918 4917
f 4917 4967 4968
f 4969 4919 4918
f 4918 4968 4969
f 4970 4920 4919
f 4919 4969 4970
f 4971 4921 4920
f 4920 4970 4971
f 4972 4922 4921
f 4921 4971 4972
f 4973 4923 4922
f 4922 4972 4973
f 4974 4924 4923
f 4923 4973 4974
f 4975 4925 4924
f 4924 4974 4975
f 4976 4926 4925
f 4925 4975 4976
f 4977 4927 4926
f 4926 4976 4977
f 4978 4928 4927
f 4927 4977 4978
f 4979 4929 4928
f 4928 4978 4979
f 4980 4930 4929
f 4929 4979 4980
f 4981 4931 4930
f 4930 4980 4981
f 4982 4932 4931
f 4931 4981 4982
f 4983 4933 4932
f 4932 4982 4983
f 4984 4934 4933
f 4933 4983 4984
f 4985 4935 4934
f 4934 4984 4985
f 4986 4936 4935
f 4935 4985 4986
f 4987 4937 4936
f 4936 4986 4987
f 4988 4938 4937
f 4937 4987 4988
f 4989 4939 4938
f 4938 4988 4989
f 4990 4940 4939
f 4939 4989 4990
f 4991 4941 4940
f 4940 4990 4991
f 4992 4942 4941
f 4941 4991 4992
f 4993 4943 4942
f 4942 4992 4993
f 4994 4944 4943
f 4943 4993 4994
f 4995 4945 4944
f 4944 4994 4995
f 4996 4946 4945
f 4945 4995 4996
f 4997 4947 4946
f 4946 4996 4997
f 4998 4948 4947
f 4947 4997 4998
f 4999 4949 4948
f 4948 4998 4999
f 5000 4950 4949
f 4949 4999 5000
f 5001 4951 4950
f 4950 5000 5001
f 5002 4952 4951
f 4951 5001 5002
f 5003 4953 4952
f 4952 5002 5003
f 5004 4954 4953
f 4953 5003 5004
f 5005 4955 4954
f 4954 5004 5005
f 4957 4907 4955
f 4955 5005 4957
f 5006 4956 4957
f 4957 5007 5006
f 5008 4958 4956
f 4956 5006 5008
f 5009 4959 4958
f 4958 5008 5009
f 5010 4960 4959
f 4959 5009 5010
f 5011 4961 4960
f 4960 5010 5011
f 5012 4962 4961
f 4961 5011 5012
f 5013 4963 4962
f 4962 5012 5013
f 5014 4964 4963
f 4963 5013 5014
f 5015 4965 4964
f 4964 5014 5015
f 5016 4966 4965
f 4965 5015 5016
f 5017 4967 4966
f 4966 5016 5017
f 5018 4968 4967
f 4967 5017 5018
f 5019 4969 4968
f 4968 5018 5019
f 5020 4970 4969
f 4969 5019 5020
f 5021 4971 4970
f 4970 5020 5021
f 5022 4972 4971
f 4971 5021 5022
f 5023 4973 4972
f 4972 5022 5023
f 5024 4974 4973
f 4973 5023 5024
f 5025 4975 4974
f 4974 5024 5025
f 5026 4976 4975
f 4975 5025 5026
f 5027 4977 4976
f 4976 5026 5027
f 5028 4978 4977
f 4977 5027 5028
f 5029 4979 4978
f 4978 5028 5029
f 5030 4980 4979
f 4979 5029 5030
f 5031 4981 4980
f 4980 5030 5031
f 5032 4982 4981
f 4981 5031 5032
f 5033 4983 4982
f 4982 5032 5033
f 5034 4984 4983
f 4983 5033 5034
f 5035 4985 4984
f 4984 5034 5035
f 5036 4986 4985
f 4985 5035 5036
f 5037 4987 4986
f 4986 5036 5037
f 5038 4988 4987
f 4987 5037 5038
f 5039 4989 4988
f 4988 5038 5039
f 5040 4990 4989
f 4989 5039 5040
f 5041 4991 4990
f 4990 5040 5041
f 5042 4992 4991
f 4991 5041 5042
f 5043 4993 4992
f 4992 5042 5043
f 5044 4994 4993
f 4993 5043 5044
f 5045 4995 4994
f 4994 5044 5045
f 5046 4996 4995
f 4995 5045 5046
f 5047 4997 4996
f 4996 5046 5047
f 5048 4998 4997
f 4997 5047 5048
f 5049 4999 4998
f 4998 5048 5049
f 5050 5000 4999
f 4999 5049 5050
f 5051 5001 5000
f 5000 5050 5051
f 5052 5002 5001
f 5001 5051 5052
f 5053 5003 5002
f 5002 5052 5053
f 5054 5004 5003
f 5003 5053 5054
f 5055 5005 5004
f 5004 5054 5055
f 5007 4957 5005
f 5005 5055 5007
f 5056 5006 5007
f 5007 5057 5056
f 5058 5008 5006
f 5006 5056 5058
f 5059 5009 5008
f 5008 5058 5059
f 5060 5010 5009
f 5009 5059 5060
f 5061 5011 5010
f 5010 5060 5061
f 5062 5012 5011
f 5011 5061 5062
f 5063 5013 5012
f 5012 5062 5063
f 5064 5014 5013
f 5013 5063 5064
f 5065 5015 5014
f 5014 5064 5065
f 5066 5016 5015
f 5015 5065 5066
f 5067 5017 5016
f 5016 5066 5067
f 5068 5018 5017
f 5017 5067 5068
f 5069 5019 5018
f 5018 5068 5069
f 5070 5020 5019
f 5019 5069 5070
f 5071 5021 5020
f 5020 5070 5071
f 5072 5022 5021
f 5021 5071 5072
f 5073 5023 5022
f 5022 5072 5073
f 5074 5024 5023
f 5023 5073 5074
f 5075 5025 5024
f 5024 5074 5075
f 5076 5026 5025
f 5025 5075 5076
f 5077 5027 5026
f 5026 5076 5077
f 5078 5028 5027
f 5027 5077 5078
f 5079 5029 5028
f 5028 5078 5079
f 5080 5030 5029
f 5029 5079 5080
f 5081 5031 5030
f 5030 5080 5081
f 5082 5032 5031
f 5031 5081 5082
f 5083 5033 5032
f 5032 5082 5083
f 5084 5034 5033
f 5033 5083 5084
f 5085 5035 5034
f 5034 5084 5085
f 5086 5036 5035
f 5035 5085 5086
f 5087 5037 5036
f 5036 5086 5087
f 5088 5038 5037
f 5037 5087 5088
f 5089 5039 5038
f 5038 5088 5089
f 5090 5040 5039
f 5039 5089 5090
f 5091 5041 5040
f 5040 5090 5091
f 5092 5042 5041
f 5041 5091 5092
f 5093 5043 5042
f 5042 5092 5093
f 5094 5044 5043
f 5043 5093 5094
f 5095 5045 5044
f 5044 5094 5095
f 5096 5046 5045
f 5045 5095 5096
f 5097 5047 5046
f 5046 5096 5097
f 5098 5048 5047
f 5047 5097 5098
f 5099 5049 5048
f 5048 5098 5099
f 5100 5050 5049
f 5049 5099 5100
f 5101 5051 5050
f 5050 5100 5101
f 5102 5052 5051
f 5051 5101 5102
f 5103 5053 5052
f 5052 5102 5103
f 5104 5054 5053
f 5053 5103 5104
f 5105 5055 5054
f 5054 5104 5105
f 5057 5007 5055
f 5055 5105 5057
f 5106 5056 5057
f 5057 5107 5106
f 5108 5058 5056
f 5056 5106 5108
f 5109 5059 5058
f 5058 5108 5109
f 5110 5060 5059
f 5059 5109 5110
f 5111 5061 5060
f 5060 5110 5111
f 5112 5062 5061
f 5061 5111 5112
f 5113 5063 5062
f 5062 5112 5113
f 5114 5064 5063
f 5063 5113 5114
f 5115 5065 5064
f 5064 5114 5115
f 5116 5066 5065
f 5065 5115 5116
f 5117 5067 5066
f 5066 5116 5117
f 5118 5068 5067
f 5067 5117 5118
f 5119 5069 5068
f 5068 5118 5119
f 5120 5070 5069
f 5069 5119 5120
f 5121 5071 5070
f 5070 5120 5121
f 5122 5072 5071
f 5071 5121 5122
f 5123 5073 5072
f 5072 5122 5123
f 5124 5074 5073
f 5073 5123 5124
f 5125 5075 5074
f 5074 5124 5125
f 5126 5076 5075
f 5075 5125 5126
f 5127 5077 5076
f 5076 5126 5127
f 5128 5078 5077
f 5077 5127 5128
f 5129 5079 5078
f 5078 5128 5129
f 5130 5080 5079
f 5079 5129 5130
f 5131 5081 5080
f 5080 5130 5131
f 5132 5082 5081
f 5081 5131 5132
f 5133 5083 5082
f 5082 5132 5133
f 5134 5084 5083
f 5083 5133 5134
f 5135 5085 5084
f 5084 5134 5135
f 5136 5086 5085
f 5085 5135 5136
f 5137 5087 5086
f 5086 5136 5137
f 5138 5088 5087
f 5087 5137 5138
f 5139 5089 5088
f 5088 5138 5139
f 5140 5090 5089
f 5089 5139 5140
f 5141 5091 5090
f 5090 5140 5141
f 5142 5092 5091
f 5091 5141 5142
f 5143 5093 5092
f 5092 5142 5143
f 5144 5094 5093
f 5093 5143 5144
f 5145 5095 5094
f 5094 5144 5145
f 5146 5096 5095
f 5095 5145 5146
f 5147 5097 5096
f 5096 5146 5147
f 5148 5098 5097
f 5097 5147 5148
f 5149 5099 5098
f 5098 5148 5149
f 5150 5100 5099
f 5099 5149 5150
f 5151 5101 5100
f 5100 5150 5151
f 5152 5102 5101
f 5101 5151 5152
f 5153 5103 5102
f 5102 5152 5153
f 5154 5104 5103
f 5103 5153 5154
f 5155 5105 5104
f 5104 5154 5155
f 5107 5057 5105
f 5105 5155 5107
f 5156 5106 5107
f 5107 5157 5156
f 5158 5108 5106
f 5106 5156 5158
f 5159 5109 5108
f 5108 5158 5159
f 5160 5110 5109
f 5109 5159 5160
f 5161 5111 5110
f 5110 5160 5161
f 5162 5112 5111
f 5111 5161 5162
f 5163 5113 5112
f 5112 5162 5163
f 5164 5114 5113
f 5113 5163 5164
f 5165 5115 5114
f 5114 5164 5165
f 5166 5116 5115
f 5115 5165 5166
f 5167 5117 5116
f 5116 5166 5167
f 5168 5118 5117
f 5117 5167 5168
f 5169 5119 5118
f 5118 5168 5169
f 5170 5120 5119
f 5119 5169 5170
f 5171 5121 5120
f 5120 5170 5171
f 5172 5122 5121
f 5121 5171 5172
f 5173 5123 5122
f 5122 5172 5173
f 5174 5124 5123
f 5123 5173 5174
f 5175 5125 5124
f 5124 5174 5175
f 5176 5126 5125
f 5125 5175 5176
f 5177 5127 5126
f 5126 5176 5177
f 5178 5128 5127
f 5127 5177 5178
f 5179 5129 5128
f 5128 5178 5179
f 5180 5130 5129
f 5129 5179 5180
f 5181 5131 5130
f 5130 5180 5181
f 5182 5132 5131
f 5131 5181 5182
f 5183 5133 5132
f 5132 5182 5183
f 5184 5134 5133
f 5133 5183 5184
f 5185 5135 5134
f 5134 5184 5185
f 5186 5136 5135
f 5135 5185 5186
f 5187 5137 5136
f 5136 5186 5187
f 5188 5138 5137
f 5137 5187 5188
f 5189 5139 5138
f 5138 5188 5189
f 5190 5140 5139
f 5139 5189 5190
f 5205 5141 5140
f 5140 5190 5205
f 5191 5142 5141
f 5141 5205 5191
f 5192 5143 5142
f 5142 5191 5192
f 5193 5144 5143
f 5143 5192 5193
f 5194 5145 5144
f 5144 5193 5194
f 5195 5146 5145
f 5145 5194 5195
f 5196 5147 5146
f 5146 5195 5196
f 5197 5148 5147
f 5147 5196 5197
f 5198 5149 5148
f 5148 5197 5198
f 5199 5150 5149
f 5149 5198 5199
f 5200 5151 5150
f 5150 5199 5200
f 5201 5152 5151
f 5151 5200 5201
f 5202 5153 5152
f 5152 5201 5202
f 5203 5154 5153
f 5153 5202 5203
f 5204 5155 5154
f 5154 5203 5204
f 5157 5107 5155
f 5155 5204 5157
f 5205 5156 5157
f 5205 5158 5156
f 5205 5159 5158
f 5205 5160 5159
f 5205 5161 5160
f 5205 5162 5161
f 5205 5163 5162
f 5205 5164 5163
f 5205 5165 5164
f 5205 5166 5165
f 5205 5167 5166
f 5205 5168 5167
f 5205 5169 5168
f 5205 5170 5169
f 5205 5171 5170
f 5205 5172 5171
f 5205 5173 5172
f 5205 5174 5173
f 5205 5175 5174
f 5205 5176 5175
f 5205 5177 5176
f 5205 5178 5177
f 5205 5179 5178
f 5205 5180 5179
f 5205 5181 5180
f 5205 5182 5181
f 5205 5183 5182
f 5205 5184 5183
f 5205 5185 5184
f 5205 5186 5185
f 5205 5187 5186
f 5205 5188 5187
f 5205 5189 5188
f 5205 5190 5189
f 5205 5192 5191
f 5205 5193 5192
f 5205 5194 5193
f 5205 5195 5194
f 5205 5196 5195
f 5205 5197 5196
f 5205 5198 5197
f 5205 5199 5198
f 5205 5200 5199
f 5205 5201 5200
f 5205 5202 5201
f 5205 5203 5202
f 5205 5204 5203
f 5205 5157 5204
f 1135 1413 1136
f 1138 1266 1275
f 1138 1275 1277
f 1138 1277 1139
f 1139 1283 1140
f 1139 1140 1142
f 1142 1144 1146
f 1139 1142 1146
f 1146 1134 1135
f 1139 1146 1135
f 1138 1139 1135
f 1136 1138 1135
f 4142 4141 4102
f 4139 4142 4102
f 4102 4145 4144
f 4102 4144 4143
f 4143 4147 4192
f 4143 4192 4159
f 4161 4163 4162
f 4149 4161 4162
f 4159 4149 4162
f 4143 4159 4162
f 4162 4154 4153
f 4162 4153 4155
f 4152 4150 4151
f 4155 4152 4151
f 4162 4155 4151
f 4151 4106 4157
f 4157 4156 4104
f 4151 4157 4104
f 4162 4151 4104
f 4104 4054 4055
f 4055 4053 4049
f 4104 4055 4049
f 4049 4050 4048
f 4104 4049 4048
f 4162 4104 4048
f 4048 4063 4062
f 4048 4062 4046
f 4046 4095 4044
f 4048 4046 4044
f 4061 4043 4041
f 4044 4061 4041
f 4040 4039 4037
f 4041 4040 4037
f 4038 4011 4010
f 4037 4038 4010
f 4041 4037 4010
f 4044 4041 4010
f 4048 4044 4010
f 4162 4048 4010
f 4143 4162 4010
f 4102 4143 4010
f 4139 4102 4010
f 4140 4139 4010
f 4036 4140 4010
f 4205 4234 4236
f 4236 4237 4232
f 4232 4231 4230
f 4236 4232 4230
f 4230 4228 4229
f 4229 4254 4255
f 4230 4229 4255
f 4255 4259 5206
f 4255 5206 4270
f 4230 4255 4270
f 4230 4270 4276
f 5207 4285 4288
f 4276 5207 4288
f 4288 4291 5208
f 5208 4299 4301
f 4288 5208 4301
f 4276 4288 4301
f 4230 4276 4301
f 4301 4304 5209
f 4484 4485 4488
f 5209 4484 4488
f 4301 5209 4488
f 4488 4478 4476
f 4476 4469 4474
f 4488 4476 4474
f 4301 4488 4474
f 4450 4449 4454
f 4461 4450 4454
f 4474 4461 4454
f 4442 4432 4436
f 4456 4442 4436
f 4454 4456 4436
f 4474 4454 4436
f 4301 4474 4436
f 4436 4439 4430
f 4430 4429 4428
f 4436 4430 4428
f 4428 4427 4418
f 4418 4417 4420
f 4428 4418 4420
f 4436 4428 4420
f 4420 4422 4413
f 4413 4411 4410
f 4420 4413 4410
f 4410 4409 4387
f 4387 4386 4390
f 4410 4387 4390
f 4420 4410 4390
f 4436 4420 4390
f 4390 4391 4392
f 4392 4402 4401
f 4390 4392 4401
f 4401 4398 4400
f 4400 4548 4549
f 4401 4400 4549
f 4390 4401 4549
f 4549 4550 4552
f 4552 4555 4554
f 4549 4552 4554
f 4554 4553 4541
f 4541 4540 4542
f 4554 4541 4542
f 4549 4554 4542
f 4390 4549 4542
f 4436 4390 4542
f 4301 4436 4542
f 4542 4544 4543
f 4543 4545 4547
f 4542 4543 4547
f 4547 4546 4534
f 4534 4533 4535
f 4547 4534 4535
f 4542 4547 4535
f 4535 4512 4536
f 4536 4539 4538
f 4535 4536 4538
f 4538 4537 4330
f 4330 4356 4357
f 4538 4330 4357
f 4535 4538 4357
f 4542 4535 4357
f 4357 4332 4355
f 4355 4354 4353
f 4357 4355 4353
f 4353 4358 4352
f 4352 4364 4366
f 4353 4352 4366
f 4357 4353 4366
f 4366 4365 4362
f 4362 4361 4360
f 4366 4362 4360
f 4360 4359 4363
f 4363 4372 4373
f 4360 4363 4373
f 4366 4360 4373
f 4357 4366 4373
f 4542 4357 4373
f 4301 4542 4373
f 4230 4301 4373
f 4373 4374 4371
f 4371 4370 4369
f 4373 4371 4369
f 4369 4368 4212
f 4212 4211 4213
f 4369 4212 4213
f 4373 4369 4213
f 4230 4373 4213
f 4213 4214 4209
f 4209 4208 4207
f 4213 4209 4207
f 4230 4213 4207
f 4236 4230 4207
f 4205 4236 4207
f 4205 4207 4206
f 4672 4673 4677
f 4682 4684 4690
f 4690 4695 4694
f 4694 4699 4701
f 4690 4694 4701
f 4701 4710 4708
f 4708 4719 4726
f 4701 4708 4726
f 4726 4737 4743
f 4726 4743 4669
f 4701 4726 4669
f 4690 4701 4669
f 4682 4690 4669
f 4677 4682 4669
f 4672 4677 4669
f 4675 4672 4669
f 4243 4253 4244
f 4243 4270 5206
f 5206 4245 4243
f 5206 4247 4245
f 4270 4250 4249
f 4250 4270 4244
f 4258 4257 4248
f 4248 4247 4258
f 4285 4263 4262
f 4263 4285 5207
f 5207 4264 4263
f 5207 4265 4264
f 4265 5207 4276
f 4276 4267 4265
f 4249 4315 4316
f 4316 4271 4249
f 4271 4316 4273
f 4273 4272 4271
f 4272 4273 5210
f 5210 4274 4272
f 4275 4268 4267
f 5210 4268 4275
f 4275 4274 5210
f 4280 4298 4299
f 4299 5208 4281
f 4281 4280 4299
f 4282 4281 5208
f 5208 4291 4282
f 4262 4317 4321
f 4321 4286 4262
f 4286 4321 4289
f 4289 4287 4286
f 4287 4289 4292
f 4292 4290 4287
f 4290 4292 4322
f 4322 4282 4290
f 4484 5209 4296
f 4296 4486 4484
f 5209 4304 4302
f 4302 4296 5209
f 4298 4279 4305
f 4298 4305 4324
f 4324 4300 4298
f 4300 4324 4303
f 4303 4302 4300
f 4303 4295 4302
f 4498 4435 4434
f 4434 4433 4498
f 4435 4438 4437
f 4437 4434 4435
f 4438 4441 4440
f 4440 4437 4438
f 4448 4498 4433
f 4433 4443 4448
f 4505 4448 4443
f 4443 4444 4505
f 4506 4505 4444
f 4444 4445 4506
f 4447 4506 4445
f 4445 4446 4447
f 4504 4453 4452
f 4452 4451 4504
f 4453 4502 4455
f 4455 4452 4453
f 4502 4458 4457
f 4457 4455 4502
f 4458 4447 4446
f 4446 4457 4458
f 4507 4504 4451
f 4451 4460 4507
f 4459 4507 4460
f 4460 4462 4459
f 4465 4459 4462
f 4462 4463 4465
f 4466 4465 4463
f 4463 4464 4466
f 4471 4470 4468
f 4468 4467 4471
f 4470 4508 4472
f 4472 4468 4470
f 4508 4475 4473
f 4473 4472 4508
f 4475 4466 4464
f 4464 4473 4475
f 4480 4471 4467
f 4481 4480 4467
f 4467 4477 4481
f 4482 4481 4477
f 4477 4479 4482
f 4483 4482 4479
f 4325 4509 4486
f 4509 4487 4486
f 4487 4489 4479
f 4479 4486 4487
f 4489 4483 4479
