# USD → MuJoCo (world-space, simplified)
v 1.612294 7.232957 0.098061
v 1.611948 7.232594 0.098062
v 1.613744 7.231531 0.081100
v 1.613743 7.231580 0.098064
v 1.613741 7.231534 0.081017
v 1.613717 7.231553 0.080857
v 1.613684 7.231580 0.080739
v 1.613625 7.231629 0.080597
v 1.613583 7.231664 0.080525
v 1.613437 7.231838 0.098064
v 1.613499 7.231735 0.080411
v 1.613429 7.231795 0.080338
v 1.613327 7.231886 0.080261
v 1.613139 7.232105 0.098063
v 1.613161 7.232035 0.080184
v 1.613049 7.232139 0.080160
v 1.612849 7.232381 0.098062
v 1.612963 7.232221 0.080158
v 1.612805 7.232375 0.080190
v 1.612741 7.232438 0.080217
v 1.612687 7.232492 0.080248
v 1.612567 7.232665 0.098062
v 1.612538 7.232646 0.080379
v 1.612458 7.232731 0.080488
v 1.612390 7.232804 0.080619
v 1.612350 7.232848 0.080728
v 1.612326 7.232875 0.080819
v 1.612308 7.232894 0.080921
v 1.612298 7.232906 0.081024
v 1.612296 7.232908 0.081086
v 1.613399 7.231168 0.081101
v 1.613398 7.231217 0.098065
v 1.634824 7.235711 0.079206
v 1.634493 7.235084 0.079208
v 1.634679 7.235430 0.080312
v 1.634253 7.234676 0.079209
v 1.634466 7.235043 0.081048
v 1.634467 7.235044 0.081026
v 1.634000 7.234277 0.079210
v 1.634049 7.234408 0.098059
v 1.634261 7.234746 0.098058
v 1.634464 7.235090 0.098057
v 1.633827 7.234076 0.098059
v 1.633734 7.233887 0.079211
v 1.633596 7.233751 0.098060
v 1.633454 7.233506 0.079212
v 1.633355 7.233433 0.098061
v 1.633162 7.233134 0.079213
v 1.633106 7.233121 0.098062
v 1.633107 7.233072 0.081098
v 1.633098 7.233061 0.080958
v 1.633075 7.233033 0.080809
v 1.633017 7.232963 0.080620
v 1.632699 7.232597 0.079214
v 1.632931 7.232862 0.080457
v 1.632783 7.232691 0.080286
v 1.632602 7.232491 0.080191
v 1.632213 7.232081 0.079215
v 1.632408 7.232284 0.080161
v 1.632257 7.232130 0.080194
v 1.631873 7.231752 0.079216
v 1.632044 7.231919 0.080335
v 1.631902 7.231784 0.080495
v 1.631802 7.231691 0.080697
v 1.631523 7.231435 0.079217
v 1.631743 7.231637 0.080937
v 1.631728 7.231625 0.081101
v 1.631727 7.231673 0.098065
v 1.631428 7.231409 0.098066
v 1.631161 7.231130 0.079218
v 1.631121 7.231153 0.098067
v 1.630790 7.230837 0.079219
v 1.630808 7.230906 0.098067
v 1.630487 7.230668 0.098068
v 1.630409 7.230557 0.079219
v 1.630160 7.230439 0.098068
v 1.630019 7.230290 0.079220
v 1.629826 7.230220 0.098069
v 1.629827 7.230171 0.081105
v 1.629826 7.230170 0.081055
v 1.629820 7.230165 0.080981
v 1.629620 7.230036 0.079220
v 1.629798 7.230151 0.080861
v 1.629748 7.230120 0.080709
v 1.629599 7.230027 0.080473
v 1.629429 7.229924 0.080311
v 1.629182 7.229782 0.080197
v 1.629006 7.229683 0.079221
v 1.628900 7.229627 0.080172
v 1.628376 7.229358 0.079222
v 1.628610 7.229476 0.080250
v 1.628478 7.229411 0.080319
v 1.628369 7.229358 0.080411
v 1.627946 7.229160 0.079223
v 1.628189 7.229274 0.080650
v 1.628100 7.229233 0.080869
v 1.628073 7.229222 0.081021
v 1.628068 7.229220 0.081107
v 1.628067 7.229269 0.098071
v 1.627701 7.229109 0.098072
v 1.627510 7.228977 0.079223
v 1.627330 7.228961 0.098072
v 1.627068 7.228808 0.079223
v 1.626955 7.228823 0.098072
v 1.626621 7.228655 0.079224
v 1.626577 7.228695 0.098073
v 1.626169 7.228517 0.079224
v 1.626195 7.228579 0.098073
v 1.625811 7.228425 0.081109
v 1.625810 7.228473 0.098073
v 1.625712 7.228394 0.079224
v 1.625811 7.228424 0.081087
v 1.625252 7.228286 0.079225
v 1.624554 7.228157 0.079225
v 1.623852 7.228058 0.079225
v 1.623381 7.228014 0.079225
v 1.623844 7.228063 0.081110
v 1.623844 7.228063 0.081088
v 1.623852 7.228063 0.081004
v 1.622909 7.227985 0.079225
v 1.623047 7.228046 0.098074
v 1.623445 7.228073 0.098074
v 1.623843 7.228112 0.098074
v 1.622647 7.228031 0.098074
v 1.622436 7.227973 0.079225
v 1.622248 7.228026 0.098074
v 1.621963 7.227976 0.079225
v 1.621849 7.228034 0.098074
v 1.621491 7.227995 0.079225
v 1.621450 7.228052 0.098074
v 1.621451 7.228003 0.081110
v 1.621451 7.228003 0.081088
v 1.621448 7.228003 0.081037
v 1.621419 7.228004 0.080883
v 1.621371 7.228007 0.080741
v 1.621302 7.228012 0.080619
v 1.621019 7.228031 0.079225
v 1.621141 7.228024 0.080432
v 1.620924 7.228043 0.080284
v 1.620555 7.228085 0.080179
v 1.620315 7.228115 0.079225
v 1.620193 7.228135 0.080206
v 1.619933 7.228177 0.080312
v 1.619615 7.228232 0.079224
v 1.619785 7.228203 0.080419
v 1.619655 7.228228 0.080559
v 1.619562 7.228246 0.080710
v 1.619500 7.228260 0.080884
v 1.619153 7.228330 0.079224
v 1.619471 7.228266 0.081052
v 1.619468 7.228267 0.081109
v 1.619467 7.228315 0.098073
v 1.619077 7.228402 0.098073
v 1.618694 7.228444 0.079224
v 1.618690 7.228499 0.098073
v 1.618305 7.228607 0.098072
v 1.618239 7.228573 0.079223
v 1.617924 7.228727 0.098072
v 1.617789 7.228718 0.079223
v 1.617546 7.228857 0.098072
v 1.617344 7.228878 0.079223
v 1.617173 7.228998 0.098071
v 1.617174 7.228949 0.081107
v 1.617173 7.228949 0.081074
v 1.617161 7.228953 0.080960
v 1.617127 7.228966 0.080818
v 1.616904 7.229053 0.079222
v 1.617033 7.229004 0.080610
v 1.616903 7.229057 0.080448
v 1.616471 7.229242 0.079222
v 1.616715 7.229136 0.080295
v 1.616551 7.229209 0.080219
v 1.616044 7.229446 0.079221
v 1.616229 7.229359 0.080172
v 1.615625 7.229664 0.079220
v 1.615880 7.229533 0.080254
v 1.615695 7.229630 0.080374
v 1.615213 7.229897 0.079220
v 1.615518 7.229727 0.080593
v 1.615406 7.229790 0.080848
v 1.615378 7.229806 0.080981
v 1.615371 7.229811 0.081081
v 1.615369 7.229860 0.098069
v 1.615024 7.230062 0.098068
v 1.614809 7.230143 0.079219
v 1.614686 7.230275 0.098068
v 1.614414 7.230402 0.079218
v 1.614354 7.230496 0.098067
v 1.614028 7.230675 0.079218
v 1.614028 7.230728 0.098067
v 1.613709 7.230968 0.098066
v 1.613651 7.230960 0.079217
v 1.613284 7.231258 0.079216
v 1.613392 7.231174 0.080990
v 1.613357 7.231202 0.080798
v 1.613291 7.231257 0.080625
v 1.613154 7.231373 0.080417
v 1.612940 7.231561 0.080242
v 1.612755 7.231730 0.079215
v 1.612675 7.231805 0.080162
v 1.612247 7.232225 0.079214
v 1.612500 7.231973 0.080181
v 1.612296 7.232178 0.080289
v 1.611923 7.232570 0.079213
v 1.612107 7.232375 0.080503
v 1.612013 7.232476 0.080704
v 1.611978 7.232514 0.080837
v 1.611952 7.232543 0.081025
v 1.611950 7.232546 0.081087
v 1.611684 7.232893 0.098061
v 1.611612 7.232925 0.079212
v 1.611428 7.233200 0.098060
v 1.611313 7.233291 0.079211
v 1.611180 7.233513 0.098059
v 1.611026 7.233667 0.079210
v 1.610942 7.233833 0.098058
v 1.610752 7.234052 0.079209
v 1.610713 7.234160 0.098058
v 1.610494 7.234494 0.098057
v 1.610491 7.234446 0.079208
v 1.610495 7.234445 0.081082
v 1.610494 7.234446 0.081048
v 1.610487 7.234457 0.080946
v 1.610469 7.234486 0.080805
v 1.610400 7.234595 0.080562
v 1.610262 7.234822 0.080319
v 1.610127 7.235054 0.079206
v 1.610076 7.235144 0.080170
v 1.609791 7.235678 0.079205
v 1.609915 7.235441 0.080163
v 1.609794 7.235675 0.080237
v 1.609723 7.235818 0.080320
v 1.609586 7.236104 0.079204
v 1.609685 7.235897 0.080388
v 1.609632 7.236008 0.080511
v 1.609583 7.236113 0.080693
v 1.609549 7.236190 0.080950
v 1.609395 7.236537 0.079202
v 1.609543 7.236202 0.081071
v 1.609542 7.236251 0.098052
v 1.609382 7.236617 0.098051
v 1.609233 7.236988 0.098050
v 1.609219 7.236975 0.079201
v 1.609095 7.237362 0.098049
v 1.609058 7.237419 0.079200
v 1.608968 7.237740 0.098048
v 1.608851 7.238122 0.098047
v 1.608781 7.238323 0.079198
v 1.608745 7.238507 0.098046
v 1.608747 7.238458 0.081082
v 1.608747 7.238458 0.081060
v 1.608744 7.238468 0.080958
v 1.608666 7.238781 0.079197
v 1.608731 7.238519 0.080763
v 1.608707 7.238615 0.080568
v 1.608670 7.238767 0.080395
v 1.608631 7.238939 0.080268
v 1.608579 7.239182 0.080173
v 1.608524 7.239475 0.079195
v 1.608514 7.239526 0.080148
v 1.608414 7.240175 0.079193
v 1.608445 7.239953 0.080285
v 1.608407 7.240232 0.080536
v 1.608362 7.240645 0.079192
v 1.608392 7.240360 0.080751
v 1.608387 7.240406 0.080918
v 1.608385 7.240423 0.081077
v 1.608384 7.240472 0.098041
v 1.608345 7.240869 0.098040
v 1.608325 7.241116 0.079191
v 1.608318 7.241267 0.098039
v 1.608305 7.241588 0.079189
v 1.608302 7.241666 0.098038
v 1.608298 7.242065 0.098037
v 1.608300 7.242061 0.079188
v 1.608305 7.242464 0.098036
v 1.608311 7.242533 0.079187
v 1.608324 7.242863 0.098035
v 1.608325 7.242815 0.081052
v 1.608339 7.243005 0.079186
v 1.608326 7.242820 0.080970
v 1.608326 7.242826 0.080924
v 1.608326 7.242832 0.080890
v 1.608329 7.242877 0.080753
v 1.608338 7.242997 0.080529
v 1.608349 7.243139 0.080377
v 1.608382 7.243475 0.079185
v 1.608380 7.243452 0.080197
v 1.608407 7.243692 0.080134
v 1.608447 7.243981 0.080149
v 1.608479 7.244177 0.079183
v 1.608494 7.244282 0.080249
v 1.608541 7.244547 0.080449
v 1.608607 7.244874 0.079181
v 1.608565 7.244674 0.080616
v 1.608576 7.244728 0.080732
v 1.608586 7.244778 0.080905
v 1.608589 7.244793 0.081021
v 1.608589 7.244795 0.081055
v 1.608588 7.244843 0.098030
v 1.608674 7.245233 0.098029
v 1.608713 7.245335 0.079180
v 1.608771 7.245620 0.098028
v 1.608835 7.245791 0.079179
v 1.608880 7.246004 0.098027
v 1.608972 7.246243 0.079178
v 1.608999 7.246385 0.098026
v 1.609125 7.246691 0.079176
v 1.609129 7.246762 0.098025
v 1.609272 7.247087 0.081038
v 1.609272 7.247087 0.081060
v 1.609292 7.247133 0.079175
v 1.609273 7.247090 0.080987
v 1.609279 7.247105 0.080882
v 1.609306 7.247171 0.080675
v 1.609474 7.247569 0.079174
v 1.609359 7.247301 0.080460
v 1.609414 7.247432 0.080325
v 1.609486 7.247597 0.080219
v 1.609610 7.247870 0.080129
v 1.609270 7.247136 0.098024
v 1.623878 7.228066 0.080866
v 1.623957 7.228075 0.080680
v 1.624046 7.228085 0.080542
v 1.624172 7.228101 0.080421
v 1.624509 7.228151 0.080227
v 1.624803 7.228200 0.080173
v 1.625125 7.228263 0.080213
v 1.625431 7.228330 0.080375
v 1.625660 7.228385 0.080607
v 1.625740 7.228405 0.080759
v 1.625788 7.228418 0.080910
v 1.625806 7.228423 0.081022
v 1.634469 7.235047 0.080986
v 1.634481 7.235069 0.080863
v 1.634528 7.235152 0.080640
v 1.634590 7.235264 0.080463
v 1.634802 7.235668 0.080194
v 1.601235 7.240898 0.079193
v 1.608912 7.237869 0.079199
v 1.599460 7.243979 0.079183
v 1.600686 7.249592 0.079168
v 1.609777 7.248209 0.079173
v 1.610108 7.248836 0.079171
v 1.610347 7.249244 0.079170
v 1.610600 7.249643 0.079169
v 1.610867 7.250033 0.079168
v 1.611146 7.250414 0.079167
v 1.611439 7.250786 0.079166
v 1.611743 7.251148 0.079165
v 1.612224 7.251669 0.079164
v 1.612728 7.252168 0.079163
v 1.613078 7.252485 0.079162
v 1.613439 7.252790 0.079161
v 1.613810 7.253083 0.079160
v 1.614191 7.253363 0.079160
v 1.614581 7.253630 0.079159
v 1.614980 7.253884 0.079158
v 1.615387 7.254124 0.079158
v 1.615802 7.254350 0.079157
v 1.616225 7.254562 0.079157
v 1.616655 7.254760 0.079156
v 1.611248 7.258078 0.079148
v 1.617090 7.254943 0.079156
v 1.617532 7.255112 0.079155
v 1.618139 7.258329 0.079148
v 1.617980 7.255265 0.079155
v 1.618432 7.255404 0.079155
v 1.618888 7.255527 0.079154
v 1.619581 7.255680 0.079154
v 1.620280 7.255802 0.079154
v 1.628130 7.254678 0.079157
v 1.627696 7.254868 0.079157
v 1.627257 7.255042 0.079156
v 1.620981 7.261955 0.079138
v 1.629792 7.263624 0.079135
v 1.624714 7.264755 0.079131
v 1.621319 7.264675 0.079132
v 1.628766 7.254365 0.079158
v 1.629388 7.254024 0.079159
v 1.629791 7.253778 0.079160
v 1.630187 7.253518 0.079160
v 1.630573 7.253245 0.079161
v 1.630949 7.252960 0.079162
v 1.631316 7.252662 0.079163
v 1.631673 7.252351 0.079163
v 1.638440 7.258106 0.079149
v 1.632019 7.252029 0.079164
v 1.632354 7.251695 0.079165
v 1.638110 7.252360 0.079165
v 1.632677 7.251350 0.079166
v 1.632989 7.250995 0.079167
v 1.633288 7.250629 0.079168
v 1.633575 7.250253 0.079169
v 1.633849 7.249868 0.079170
v 1.634109 7.249474 0.079171
v 1.634357 7.249071 0.079172
v 1.634700 7.248451 0.079174
v 1.637687 7.248580 0.079174
v 1.635015 7.247816 0.079175
v 1.635206 7.247384 0.079176
v 1.635382 7.246945 0.079178
v 1.635543 7.246501 0.079179
v 1.635689 7.246051 0.079180
v 1.638809 7.245840 0.079181
v 1.639627 7.244880 0.079183
v 1.635819 7.245597 0.079181
v 1.635934 7.245139 0.079182
v 1.636034 7.244677 0.079183
v 1.636118 7.244212 0.079185
v 1.636186 7.243745 0.079186
v 1.636239 7.243275 0.079187
v 1.636275 7.242804 0.079188
v 1.636296 7.242332 0.079189
v 1.636301 7.241859 0.079191
v 1.636289 7.241387 0.079192
v 1.636262 7.240915 0.079193
v 1.636189 7.240211 0.079195
v 1.645086 7.238242 0.079201
v 1.643471 7.242956 0.079188
v 1.645314 7.241999 0.079192
v 1.636084 7.239510 0.079197
v 1.635994 7.239046 0.079198
v 1.635887 7.238585 0.079199
v 1.635766 7.238129 0.079200
v 1.635628 7.237677 0.079201
v 1.635476 7.237229 0.079202
v 1.635309 7.236787 0.079204
v 1.635126 7.236351 0.079205
v 1.640896 7.228313 0.079226
v 1.633067 7.226026 0.079231
v 1.637086 7.224397 0.079235
v 1.628107 7.226394 0.079230
v 1.624009 7.222980 0.079238
v 1.619605 7.219029 0.079248
v 1.615997 7.219890 0.079246
v 1.611405 7.221782 0.079240
v 1.607451 7.224297 0.079234
v 1.605961 7.230513 0.079218
v 1.605064 7.229338 0.079221
v 1.604094 7.228539 0.079223
v 1.626812 7.255202 0.079156
v 1.626362 7.255347 0.079155
v 1.625907 7.255476 0.079155
v 1.625448 7.255590 0.079155
v 1.624985 7.255688 0.079154
v 1.624520 7.255771 0.079154
v 1.624052 7.255838 0.079154
v 1.623582 7.255889 0.079154
v 1.623110 7.255925 0.079154
v 1.622637 7.255944 0.079154
v 1.622164 7.255948 0.079154
v 1.621692 7.255935 0.079154
v 1.621220 7.255907 0.079154
v 1.620749 7.255862 0.079154
v 1.598320 7.240957 0.080133
v 1.598300 7.241737 0.080131
v 1.598306 7.242518 0.080129
v 1.598341 7.243297 0.080057
v 1.598336 7.243298 0.080127
v 1.598393 7.244076 0.080125
v 1.598401 7.244111 0.080055
v 1.598474 7.244853 0.080123
v 1.598485 7.244921 0.080067
v 1.598581 7.245626 0.080121
v 1.598605 7.245726 0.080021
v 1.598713 7.246395 0.080119
v 1.598750 7.246527 0.079991
v 1.598870 7.247160 0.080117
v 1.598915 7.247324 0.080017
v 1.599054 7.247927 0.080019
v 1.599258 7.248672 0.080113
v 1.599336 7.248897 0.079995
v 1.599488 7.249418 0.080111
v 1.599743 7.250155 0.080109
v 1.599851 7.250442 0.080065
v 1.600022 7.250885 0.080107
v 1.600152 7.251198 0.080063
v 1.600325 7.251605 0.080106
v 1.600650 7.252314 0.080104
v 1.600482 7.251943 0.080029
v 1.600520 7.251925 0.079832
v 1.600801 7.252353 0.079666
v 1.600791 7.252133 0.079540
v 1.601013 7.252361 0.079429
v 1.600836 7.251834 0.079378
v 1.601325 7.251934 0.079189
v 1.601033 7.250882 0.079168
v 1.598908 7.241502 0.079271
v 1.598651 7.241673 0.079417
v 1.598531 7.241311 0.079544
v 1.598420 7.241671 0.079694
v 1.598418 7.240937 0.079742
v 1.598317 7.241671 0.079984
v 1.598321 7.242485 0.079982
v 1.599583 7.249672 0.080005
v 1.599886 7.250428 0.079862
v 1.600186 7.251184 0.079864
v 1.598959 7.247313 0.079818
v 1.598382 7.243294 0.079847
v 1.598442 7.244106 0.079845
v 1.598515 7.244916 0.079889
v 1.598380 7.242483 0.079774
v 1.598511 7.244508 0.079772
v 1.598650 7.245718 0.079818
v 1.599269 7.248492 0.079804
v 1.599623 7.249658 0.079816
v 1.599704 7.249630 0.079638
v 1.600003 7.250383 0.079600
v 1.600296 7.251137 0.079606
v 1.598481 7.242480 0.079597
v 1.598853 7.246506 0.079688
v 1.598755 7.245701 0.079617
v 1.599470 7.248855 0.079622
v 1.598448 7.243290 0.079698
v 1.598647 7.244899 0.079614
v 1.599049 7.247293 0.079632
v 1.598567 7.242881 0.079511
v 1.598550 7.244096 0.079629
v 1.599265 7.248072 0.079599
v 1.599021 7.246473 0.079461
v 1.598654 7.243682 0.079465
v 1.599513 7.248422 0.079433
v 1.599190 7.247260 0.079456
v 1.600323 7.250690 0.079396
v 1.598892 7.245678 0.079451
v 1.599855 7.249578 0.079448
v 1.598826 7.244876 0.079414
v 1.599254 7.246835 0.079337
v 1.599539 7.247999 0.079328
v 1.599080 7.245648 0.079313
v 1.599883 7.249146 0.079323
v 1.598753 7.242873 0.079354
v 1.599050 7.244848 0.079274
v 1.599480 7.247192 0.079262
v 1.600438 7.250217 0.079238
v 1.600443 7.250642 0.079306
v 1.599710 7.247953 0.079242
v 1.600827 7.251129 0.079228
v 1.598929 7.242866 0.079262
v 1.598850 7.244068 0.079338
v 1.599967 7.249120 0.079275
v 1.600109 7.249074 0.079217
v 1.599110 7.244243 0.079229
v 1.599319 7.246414 0.079262
v 1.599116 7.242661 0.079207
v 1.599990 7.248286 0.079190
v 1.599339 7.244466 0.079188
v 1.599347 7.245606 0.079209
v 1.599591 7.246763 0.079198
v 1.600561 7.249961 0.079183
v 1.599646 7.246450 0.079182
v 1.600167 7.248438 0.079174
v 1.608337 7.261519 0.097987
v 1.609001 7.261977 0.097986
v 1.608851 7.261869 0.095540
v 1.609001 7.261971 0.095946
v 1.609203 7.262103 0.095768
v 1.609220 7.262224 0.095780
v 1.608446 7.261589 0.095296
v 1.608040 7.261294 0.095047
v 1.607690 7.261040 0.097989
v 1.608041 7.261251 0.080081
v 1.607420 7.260777 0.080083
v 1.607059 7.260540 0.097990
v 1.606815 7.260283 0.080084
v 1.606445 7.260018 0.097991
v 1.605849 7.259476 0.097992
v 1.605272 7.258914 0.097994
v 1.605101 7.258688 0.080088
v 1.604713 7.258334 0.097995
v 1.604565 7.258120 0.080089
v 1.604175 7.257735 0.097997
v 1.604048 7.257535 0.080091
v 1.603657 7.257118 0.097998
v 1.603551 7.256933 0.080092
v 1.603160 7.256484 0.098000
v 1.603073 7.256315 0.080094
v 1.602684 7.255834 0.098001
v 1.602615 7.255682 0.080095
v 1.602231 7.255168 0.098003
v 1.602179 7.255035 0.080097
v 1.601801 7.254488 0.098005
v 1.601764 7.254374 0.080099
v 1.601393 7.253793 0.098007
v 1.601370 7.253699 0.080100
v 1.601009 7.253086 0.098008
v 1.600999 7.253012 0.080102
v 1.600649 7.252366 0.098010
v 1.600313 7.251633 0.098012
v 1.600003 7.250891 0.098014
v 1.599717 7.250138 0.098016
v 1.599457 7.249376 0.098018
v 1.599222 7.248606 0.098020
v 1.599014 7.247828 0.098022
v 1.598832 7.247044 0.098024
v 1.598676 7.246253 0.098026
v 1.598547 7.245459 0.098028
v 1.598444 7.244660 0.098030
v 1.598369 7.243859 0.098032
v 1.598320 7.243055 0.098034
v 1.598299 7.242250 0.098036
v 1.598305 7.241445 0.098038
v 1.598319 7.241000 0.095098
v 1.598337 7.240641 0.098040
v 1.598345 7.240500 0.095349
v 1.598381 7.240011 0.095595
v 1.598425 7.239539 0.095834
v 1.598397 7.239827 0.095966
v 1.598397 7.239838 0.098042
v 1.620120 7.265895 0.097977
v 1.620024 7.266179 0.097976
v 1.619810 7.266685 0.097975
v 1.619725 7.266850 0.095928
v 1.619603 7.267084 0.097974
v 1.619486 7.267274 0.095931
v 1.619448 7.267341 0.097973
v 1.619279 7.267589 0.097973
v 1.619160 7.267743 0.095932
v 1.619035 7.267905 0.097972
v 1.618840 7.268132 0.097971
v 1.618631 7.268342 0.095931
v 1.618702 7.268278 0.097971
v 1.618560 7.268418 0.097970
v 1.618337 7.268613 0.095930
v 1.618337 7.268619 0.097970
v 1.618026 7.268864 0.095929
v 1.618026 7.268870 0.097969
v 1.617698 7.269099 0.097969
v 1.617443 7.269257 0.097968
v 1.617179 7.269400 0.097968
v 1.617000 7.269482 0.095928
v 1.616909 7.269531 0.097967
v 1.616651 7.269633 0.095925
v 1.616632 7.269646 0.097967
v 1.616350 7.269749 0.097967
v 1.616160 7.269809 0.097967
v 1.615967 7.269863 0.097967
v 1.615675 7.269924 0.095926
v 1.615772 7.269910 0.097966
v 1.615478 7.269967 0.097966
v 1.615280 7.269992 0.095926
v 1.615181 7.270011 0.097966
v 1.614882 7.270038 0.097966
v 1.614684 7.270039 0.095907
v 1.614482 7.270051 0.097966
v 1.614210 7.270042 0.095851
v 1.614182 7.270045 0.097966
v 1.613983 7.270031 0.097966
v 1.613685 7.269998 0.097966
v 1.613388 7.269950 0.097966
v 1.613279 7.269919 0.095910
v 1.613192 7.269910 0.097966
v 1.612998 7.269863 0.097966
v 1.612805 7.269809 0.097966
v 1.612615 7.269749 0.097967
v 1.612426 7.269683 0.097967
v 1.612182 7.269579 0.095921
v 1.612239 7.269610 0.097967
v 1.612056 7.269531 0.097967
v 1.611875 7.269440 0.095927
v 1.611875 7.269445 0.097967
v 1.611697 7.269354 0.097968
v 1.611437 7.269199 0.095928
v 1.611522 7.269257 0.097968
v 1.611351 7.269154 0.097968
v 1.611183 7.269045 0.097968
v 1.610939 7.268864 0.095929
v 1.611019 7.268930 0.097969
v 1.610859 7.268810 0.097969
v 1.610628 7.268620 0.097969
v 1.610405 7.268418 0.097970
v 1.610263 7.268278 0.097970
v 1.610059 7.268058 0.097971
v 1.609930 7.267900 0.095931
v 1.609805 7.267749 0.097971
v 1.609686 7.267583 0.095932
v 1.609627 7.267508 0.097972
v 1.609483 7.267279 0.095923
v 1.609388 7.267127 0.097973
v 1.609232 7.266843 0.095868
v 1.609218 7.266821 0.097974
v 1.609033 7.266411 0.097975
v 1.608918 7.266110 0.095927
v 1.608906 7.266085 0.097976
v 1.608778 7.265655 0.097977
v 1.608697 7.265314 0.097978
v 1.608649 7.265029 0.095936
v 1.608646 7.265018 0.097978
v 1.608601 7.264622 0.097979
v 1.608589 7.264416 0.095940
v 1.608584 7.264322 0.097980
v 1.608587 7.263982 0.095938
v 1.608584 7.264023 0.097981
v 1.608607 7.263623 0.097982
v 1.608684 7.263080 0.097983
v 1.608854 7.262393 0.095938
v 1.608782 7.262641 0.097984
v 1.608897 7.262259 0.097985
v 1.622476 7.265993 0.097977
v 1.622476 7.265976 0.091976
v 1.621690 7.265986 0.097977
v 1.622101 7.265942 0.080070
v 1.621293 7.265921 0.080070
v 1.622477 7.265976 0.091950
v 1.622479 7.265975 0.091929
v 1.622482 7.265975 0.091904
v 1.622489 7.265975 0.091870
v 1.622497 7.265975 0.091844
v 1.622503 7.265975 0.091824
v 1.622910 7.265934 0.080071
v 1.622521 7.265975 0.091784
v 1.622550 7.265975 0.091736
v 1.622572 7.265974 0.091706
v 1.622596 7.265974 0.091680
v 1.622609 7.265974 0.091668
v 1.622633 7.265973 0.091647
v 1.622693 7.265972 0.091608
v 1.622744 7.265971 0.091584
v 1.622780 7.265970 0.091571
v 1.622804 7.265970 0.091564
v 1.622847 7.265969 0.091555
v 1.622880 7.265968 0.091551
v 1.622909 7.265967 0.091548
v 1.622952 7.265966 0.091548
v 1.623004 7.265965 0.091552
v 1.623026 7.265965 0.091554
v 1.623717 7.265901 0.080071
v 1.623459 7.265947 0.091618
v 1.623893 7.265923 0.091679
v 1.623922 7.265921 0.091684
v 1.623970 7.265917 0.091696
v 1.624017 7.265914 0.091711
v 1.624046 7.265912 0.091722
v 1.624098 7.265908 0.091746
v 1.624523 7.265839 0.080071
v 1.624138 7.265905 0.091770
v 1.624185 7.265902 0.091802
v 1.624218 7.265899 0.091828
v 1.624253 7.265896 0.091862
v 1.624291 7.265894 0.091902
v 1.624304 7.265893 0.091918
v 1.624322 7.265891 0.091944
v 1.624352 7.265889 0.091989
v 1.624370 7.265887 0.092024
v 1.624396 7.265885 0.092083
v 1.624403 7.265884 0.092105
v 1.624414 7.265884 0.092145
v 1.624420 7.265883 0.092175
v 1.624424 7.265883 0.092204
v 1.624426 7.265883 0.092233
v 1.624427 7.265883 0.092245
v 1.624427 7.265883 0.092258
v 1.624426 7.265899 0.097977
v 1.625190 7.265819 0.097978
v 1.625326 7.265751 0.080071
v 1.625951 7.265715 0.097978
v 1.626126 7.265635 0.080072
v 1.626709 7.265585 0.097978
v 1.626913 7.265495 0.079977
v 1.627461 7.265432 0.097979
v 1.627704 7.265326 0.079978
v 1.628209 7.265255 0.097979
v 1.628496 7.265130 0.080073
v 1.628950 7.265055 0.097980
v 1.629274 7.264908 0.080074
v 1.629685 7.264830 0.097980
v 1.630043 7.264660 0.080074
v 1.630412 7.264582 0.097981
v 1.630803 7.264387 0.080075
v 1.631130 7.264311 0.097982
v 1.631554 7.264088 0.080076
v 1.631840 7.264003 0.092821
v 1.631840 7.264018 0.097983
v 1.631841 7.264003 0.092801
v 1.631842 7.264002 0.092775
v 1.631845 7.264000 0.092748
v 1.631850 7.263999 0.092722
v 1.631855 7.263996 0.092694
v 1.631869 7.263990 0.092647
v 1.631882 7.263984 0.092612
v 1.631893 7.263979 0.092587
v 1.631905 7.263974 0.092563
v 1.632295 7.263764 0.080077
v 1.631930 7.263963 0.092523
v 1.631947 7.263956 0.092498
v 1.631958 7.263950 0.092485
v 1.631989 7.263937 0.092451
v 1.632013 7.263926 0.092427
v 1.632034 7.263917 0.092411
v 1.632060 7.263906 0.092392
v 1.632103 7.263885 0.092367
v 1.632141 7.263869 0.092350
v 1.632181 7.263851 0.092336
v 1.632216 7.263835 0.092328
v 1.632249 7.263820 0.092323
v 1.632278 7.263806 0.092320
v 1.632295 7.263799 0.092320
v 1.632659 7.263628 0.092322
v 1.633024 7.263416 0.080078
v 1.633021 7.263452 0.092321
v 1.633046 7.263439 0.092322
v 1.633079 7.263423 0.092325
v 1.633104 7.263410 0.092330
v 1.633121 7.263402 0.092334
v 1.633132 7.263396 0.092337
v 1.633171 7.263377 0.092351
v 1.633202 7.263361 0.092364
v 1.633229 7.263347 0.092380
v 1.633273 7.263325 0.092410
v 1.633301 7.263310 0.092433
v 1.633313 7.263304 0.092445
v 1.633343 7.263288 0.092477
v 1.633741 7.263043 0.080079
v 1.633369 7.263276 0.092511
v 1.633394 7.263263 0.092550
v 1.633412 7.263253 0.092586
v 1.633423 7.263247 0.092611
v 1.633436 7.263240 0.092647
v 1.633449 7.263234 0.092694
v 1.633456 7.263230 0.092728
v 1.633460 7.263228 0.092753
v 1.633463 7.263227 0.092787
v 1.633464 7.263227 0.092812
v 1.633464 7.263227 0.092823
v 1.633464 7.263241 0.097985
v 1.634138 7.262873 0.097986
v 1.634444 7.262646 0.080080
v 1.634800 7.262484 0.097987
v 1.635135 7.262226 0.080081
v 1.635449 7.262074 0.097988
v 1.635810 7.261783 0.080082
v 1.636085 7.261643 0.097989
v 1.636470 7.261317 0.080083
v 1.636707 7.261192 0.097990
v 1.637115 7.260829 0.080085
v 1.637313 7.260722 0.097991
v 1.637742 7.260320 0.080086
v 1.637905 7.260232 0.097993
v 1.638352 7.259790 0.080087
v 1.638481 7.259724 0.097994
v 1.638944 7.259240 0.080089
v 1.639040 7.259198 0.097995
v 1.639516 7.258671 0.080090
v 1.639581 7.258654 0.097997
v 1.639582 7.258637 0.092271
v 1.639583 7.258636 0.092237
v 1.639585 7.258634 0.092208
v 1.639591 7.258627 0.092165
v 1.639599 7.258618 0.092122
v 1.639604 7.258613 0.092100
v 1.639615 7.258602 0.092061
v 1.639628 7.258588 0.092023
v 1.639639 7.258577 0.091997
v 1.639654 7.258561 0.091965
v 1.639676 7.258538 0.091922
v 1.639700 7.258513 0.091885
v 1.639720 7.258492 0.091857
v 1.639744 7.258466 0.091828
v 1.639769 7.258439 0.091801
v 1.639794 7.258413 0.091779
v 1.640070 7.258082 0.080092
v 1.639828 7.258376 0.091753
v 1.639858 7.258345 0.091735
v 1.639878 7.258323 0.091724
v 1.639894 7.258306 0.091718
v 1.639924 7.258274 0.091707
v 1.639949 7.258246 0.091700
v 1.640144 7.258032 0.091660
v 1.640337 7.257815 0.091619
v 1.640603 7.257475 0.080093
v 1.640536 7.257586 0.091575
v 1.640563 7.257554 0.091572
v 1.640595 7.257516 0.091571
v 1.640614 7.257494 0.091573
v 1.640645 7.257457 0.091579
v 1.640671 7.257426 0.091588
v 1.640703 7.257388 0.091604
v 1.640736 7.257349 0.091627
v 1.640753 7.257329 0.091642
v 1.640768 7.257311 0.091657
v 1.640781 7.257295 0.091674
v 1.640796 7.257277 0.091694
v 1.640818 7.257250 0.091731
v 1.640837 7.257227 0.091771
v 1.640846 7.257216 0.091794
v 1.641115 7.256851 0.080095
v 1.640856 7.257205 0.091827
v 1.640864 7.257195 0.091860
v 1.640870 7.257187 0.091894
v 1.640873 7.257184 0.091912
v 1.640875 7.257182 0.091929
v 1.640877 7.257180 0.091947
v 1.640878 7.257178 0.091974
v 1.640879 7.257177 0.092000
v 1.640878 7.257195 0.098001
v 1.641366 7.256579 0.098002
v 1.641833 7.255947 0.098004
v 1.641605 7.256252 0.095062
v 1.641606 7.256209 0.080097
v 1.642178 7.255444 0.095559
v 1.641899 7.255847 0.095313
v 1.642290 7.255279 0.095896
v 1.621276 7.265963 0.095044
v 1.620904 7.265953 0.097977
v 1.620792 7.265939 0.095286
v 1.620301 7.265903 0.095531
v 1.619901 7.265867 0.095751
v 1.620121 7.265889 0.095888
v 1.629447 7.280548 0.097940
v 1.627334 7.280590 0.097940
v 1.605903 7.265914 0.097976
v 1.603093 7.263662 0.097981
v 1.599664 7.260277 0.097990
v 1.593325 7.242368 0.098035
v 1.597059 7.239234 0.098044
v 1.597445 7.239449 0.098043
v 1.597935 7.239674 0.098043
v 1.598210 7.239777 0.098042
v 1.596731 7.239018 0.098044
v 1.596495 7.238843 0.098045
v 1.596268 7.238656 0.098045
v 1.595981 7.238389 0.098046
v 1.595712 7.238104 0.098046
v 1.595462 7.237802 0.098047
v 1.595154 7.237360 0.098048
v 1.594864 7.236848 0.098050
v 1.594627 7.236310 0.098051
v 1.593614 7.237958 0.098047
v 1.594483 7.235893 0.098052
v 1.594384 7.235514 0.098053
v 1.594309 7.235129 0.098054
v 1.594270 7.234838 0.098055
v 1.629482 7.280619 0.097940
v 1.629537 7.280723 0.097940
v 1.629615 7.280858 0.097939
v 1.629696 7.280985 0.097939
v 1.629780 7.281104 0.097939
v 1.629866 7.281212 0.097938
v 1.629941 7.281298 0.097938
v 1.629989 7.281347 0.097938
v 1.630069 7.281420 0.097938
v 1.630178 7.281425 0.097938
v 1.631496 7.282537 0.097936
v 1.631311 7.280881 0.097939
v 1.631361 7.280829 0.097940
v 1.631358 7.280746 0.097940
v 1.631350 7.280657 0.097940
v 1.631343 7.280611 0.097940
v 1.631326 7.280514 0.097940
v 1.631296 7.280379 0.097941
v 1.633466 7.282902 0.097934
v 1.631256 7.280240 0.097941
v 1.631220 7.280132 0.097941
v 1.638004 7.276847 0.097950
v 1.631180 7.280024 0.097942
v 1.637926 7.276712 0.097951
v 1.631136 7.279915 0.097942
v 1.631104 7.279843 0.097942
v 1.637871 7.276608 0.097951
v 1.631071 7.279771 0.097942
v 1.637836 7.276536 0.097951
v 1.636852 7.282927 0.097935
v 1.638085 7.276974 0.097950
v 1.638148 7.277065 0.097950
v 1.638191 7.277122 0.097949
v 1.638255 7.277202 0.097949
v 1.638320 7.277275 0.097949
v 1.638376 7.277333 0.097949
v 1.638458 7.277409 0.097949
v 1.638489 7.277435 0.097949
v 1.640680 7.281849 0.097938
v 1.638554 7.277418 0.097949
v 1.639675 7.276886 0.097950
v 1.639722 7.276856 0.097950
v 1.639750 7.276818 0.097950
v 1.639749 7.276764 0.097951
v 1.639742 7.276676 0.097951
v 1.645243 7.278729 0.097946
v 1.639727 7.276568 0.097951
v 1.639701 7.276437 0.097951
v 1.639676 7.276334 0.097952
v 1.639656 7.276264 0.097952
v 1.639622 7.276157 0.097952
v 1.646413 7.272869 0.097961
v 1.646354 7.272769 0.097961
v 1.639569 7.276013 0.097952
v 1.639509 7.275868 0.097953
v 1.646279 7.272632 0.097962
v 1.639460 7.275760 0.097953
v 1.646226 7.272525 0.097962
v 1.646454 7.272933 0.097961
v 1.646580 7.273110 0.097960
v 1.646516 7.273024 0.097961
v 1.646687 7.273240 0.097960
v 1.646623 7.273165 0.097960
v 1.646765 7.273322 0.097960
v 1.646879 7.273424 0.097960
v 1.646847 7.273398 0.097960
v 1.646948 7.273405 0.097960
v 1.648646 7.273160 0.097961
v 1.648080 7.272865 0.097961
v 1.648140 7.272808 0.097961
v 1.648138 7.272753 0.097961
v 1.648134 7.272687 0.097962
v 1.648124 7.272604 0.097962
v 1.648111 7.272525 0.097962
v 1.648091 7.272426 0.097962
v 1.648065 7.272323 0.097962
v 1.648045 7.272253 0.097963
v 1.648023 7.272182 0.097963
v 1.647986 7.272074 0.097963
v 1.647945 7.271966 0.097963
v 1.647915 7.271893 0.097964
v 1.647883 7.271821 0.097964
v 1.647849 7.271749 0.097964
v 1.649208 7.270132 0.097968
v 1.644615 7.255717 0.098005
v 1.651214 7.244251 0.098035
v 1.650314 7.250573 0.098018
v 1.650286 7.250770 0.098018
v 1.650250 7.250965 0.098017
v 1.648166 7.245236 0.098032
v 1.648495 7.245524 0.098031
v 1.646293 7.242583 0.098039
v 1.647612 7.244840 0.098033
v 1.647775 7.244946 0.098033
v 1.646299 7.241778 0.098041
v 1.646277 7.240973 0.098043
v 1.646229 7.240170 0.098045
v 1.646153 7.239368 0.098047
v 1.646051 7.238570 0.098049
v 1.645922 7.237775 0.098051
v 1.645766 7.236985 0.098053
v 1.645584 7.236201 0.098055
v 1.645375 7.235423 0.098057
v 1.649685 7.232587 0.098064
v 1.645141 7.234653 0.098059
v 1.644881 7.233891 0.098061
v 1.644595 7.233138 0.098063
v 1.644284 7.232395 0.098064
v 1.643949 7.231663 0.098066
v 1.647764 7.228143 0.098076
v 1.643589 7.230943 0.098068
v 1.643205 7.230235 0.098070
v 1.642797 7.229540 0.098072
v 1.642366 7.228860 0.098073
v 1.645121 7.224154 0.098086
v 1.641913 7.228194 0.098075
v 1.641438 7.227544 0.098077
v 1.640941 7.226911 0.098078
v 1.640423 7.226294 0.098080
v 1.639884 7.225695 0.098081
v 1.639326 7.225114 0.098083
v 1.638749 7.224553 0.098084
v 1.638153 7.224011 0.098086
v 1.637539 7.223489 0.098087
v 1.636908 7.222989 0.098088
v 1.635942 7.220788 0.098094
v 1.635996 7.220353 0.098095
v 1.636009 7.220159 0.098095
v 1.636015 7.219867 0.098096
v 1.637523 7.217364 0.098103
v 1.636008 7.219575 0.098097
v 1.635985 7.219285 0.098097
v 1.635934 7.218899 0.098098
v 1.635857 7.218517 0.098099
v 1.635755 7.218142 0.098100
v 1.635610 7.217729 0.098101
v 1.635393 7.217237 0.098103
v 1.635124 7.216760 0.098104
v 1.634783 7.216269 0.098105
v 1.634394 7.215815 0.098106
v 1.635822 7.221358 0.098092
v 1.636260 7.222509 0.098089
v 1.635700 7.221774 0.098091
v 1.635597 7.222052 0.098090
v 1.646260 7.243388 0.098036
v 1.647446 7.244738 0.098033
v 1.646201 7.244188 0.098034
v 1.646659 7.244354 0.098034
v 1.647059 7.244533 0.098034
v 1.647935 7.245058 0.098032
v 1.648805 7.245834 0.098030
v 1.648997 7.246054 0.098030
v 1.649236 7.246361 0.098029
v 1.649529 7.246809 0.098028
v 1.649741 7.247192 0.098027
v 1.649867 7.247460 0.098026
v 1.650029 7.247877 0.098025
v 1.650162 7.248304 0.098024
v 1.650251 7.248692 0.098023
v 1.650302 7.248986 0.098022
v 1.650336 7.249282 0.098022
v 1.650357 7.249580 0.098021
v 1.650362 7.249779 0.098020
v 1.650360 7.249978 0.098020
v 1.650352 7.250176 0.098019
v 1.650336 7.250375 0.098019
v 1.650209 7.251160 0.098017
v 1.650160 7.251353 0.098016
v 1.650105 7.251544 0.098016
v 1.650044 7.251733 0.098015
v 1.649976 7.251920 0.098015
v 1.649902 7.252105 0.098014
v 1.649822 7.252287 0.098014
v 1.649736 7.252466 0.098013
v 1.649644 7.252643 0.098013
v 1.649494 7.252901 0.098012
v 1.649332 7.253151 0.098012
v 1.649157 7.253393 0.098011
v 1.648970 7.253626 0.098010
v 1.648772 7.253849 0.098010
v 1.648563 7.254062 0.098009
v 1.648342 7.254263 0.098009
v 1.648034 7.254515 0.098008
v 1.647792 7.254690 0.098008
v 1.647626 7.254799 0.098007
v 1.647369 7.254952 0.098007
v 1.647017 7.255136 0.098006
v 1.646652 7.255297 0.098006
v 1.646278 7.255432 0.098006
v 1.645991 7.255517 0.098005
v 1.645798 7.255566 0.098005
v 1.645506 7.255625 0.098005
v 1.645211 7.255671 0.098005
v 1.644913 7.255701 0.098005
v 1.644317 7.255716 0.098005
v 1.644018 7.255702 0.098005
v 1.643574 7.255649 0.098005
v 1.643134 7.255567 0.098005
v 1.642749 7.255464 0.098005
v 1.642278 7.255302 0.098006
v 1.630176 7.281426 0.097896
v 1.630146 7.281436 0.097912
v 1.630113 7.281444 0.097930
v 1.630216 7.281409 0.097878
v 1.630257 7.281389 0.097862
v 1.630285 7.281376 0.097855
v 1.630316 7.281361 0.097849
v 1.630356 7.281342 0.097845
v 1.630377 7.281332 0.097844
v 1.631263 7.280909 0.097880
v 1.631222 7.280928 0.097864
v 1.631182 7.280947 0.097854
v 1.631131 7.280972 0.097846
v 1.631099 7.280987 0.097845
v 1.631306 7.280885 0.097902
v 1.631348 7.280854 0.097930
v 1.638547 7.277422 0.097917
v 1.638506 7.277432 0.097939
v 1.638586 7.277407 0.097897
v 1.638646 7.277378 0.097873
v 1.638681 7.277361 0.097864
v 1.638705 7.277349 0.097860
v 1.638744 7.277331 0.097855
v 1.638766 7.277321 0.097855
v 1.639671 7.276888 0.097900
v 1.639640 7.276903 0.097886
v 1.639601 7.276921 0.097872
v 1.639580 7.276931 0.097867
v 1.639559 7.276941 0.097862
v 1.639524 7.276958 0.097858
v 1.639488 7.276975 0.097856
v 1.639690 7.276878 0.097910
v 1.639722 7.276855 0.097930
v 1.646982 7.273393 0.097905
v 1.646955 7.273405 0.097918
v 1.646910 7.273418 0.097942
v 1.647019 7.273375 0.097890
v 1.647049 7.273360 0.097880
v 1.647070 7.273350 0.097875
v 1.647092 7.273340 0.097871
v 1.647124 7.273325 0.097867
v 1.647156 7.273310 0.097866
v 1.648011 7.272901 0.097890
v 1.647969 7.272921 0.097877
v 1.647941 7.272934 0.097872
v 1.647909 7.272949 0.097868
v 1.647877 7.272964 0.097867
v 1.648054 7.272880 0.097908
v 1.648092 7.272859 0.097928
v 1.648124 7.272835 0.097949
v 1.649971 7.247708 0.095985
v 1.650182 7.248363 0.095902
v 1.650288 7.248889 0.095900
v 1.650351 7.249475 0.095981
v 1.650361 7.249872 0.095980
v 1.650330 7.250428 0.095896
v 1.650008 7.251828 0.095896
v 1.649863 7.252190 0.095974
v 1.649697 7.252534 0.095969
v 1.649413 7.253020 0.095972
v 1.649034 7.253543 0.095971
v 1.648741 7.253873 0.095969
v 1.648024 7.254517 0.095967
v 1.647709 7.254739 0.095968
v 1.647057 7.255109 0.095955
v 1.645701 7.255580 0.095965
v 1.644715 7.255707 0.095965
v 1.643722 7.255665 0.095965
v 1.643137 7.255561 0.095962
v 1.646478 7.244278 0.095994
v 1.646835 7.244421 0.095992
v 1.648175 7.245238 0.095987
v 1.648473 7.245497 0.095982
v 1.648746 7.245766 0.095986
v 1.649128 7.246212 0.095985
v 1.649293 7.246439 0.095965
v 1.649741 7.247186 0.095987
v 1.646207 7.244481 0.095822
v 1.646201 7.244184 0.095937
v 1.647779 7.244944 0.095985
v 1.647941 7.245057 0.095985
v 1.649841 7.247398 0.095980
v 1.649738 7.247219 0.095918
v 1.649639 7.247181 0.095836
v 1.648794 7.246235 0.095816
v 1.648217 7.245660 0.095825
v 1.647714 7.245252 0.095823
v 1.647274 7.244923 0.095813
v 1.647298 7.244988 0.095827
v 1.646915 7.244783 0.095827
v 1.646545 7.244598 0.095820
v 1.649005 7.246531 0.095820
v 1.649376 7.247116 0.095818
v 1.649575 7.247478 0.095813
v 1.648475 7.245905 0.095823
v 1.649246 7.246776 0.095803
v 1.648149 7.245574 0.095816
v 1.646188 7.244318 0.095807
v 1.647835 7.245209 0.095807
v 1.648618 7.245903 0.095804
v 1.649458 7.247009 0.095804
v 1.647127 7.244719 0.095815
v 1.648944 7.246150 0.095829
v 1.648261 7.245426 0.095837
v 1.648638 7.245746 0.095864
v 1.649284 7.246587 0.095833
v 1.647501 7.244881 0.095832
v 1.647961 7.245147 0.095864
v 1.647151 7.244647 0.095858
v 1.647511 7.244816 0.095886
v 1.646999 7.244505 0.095947
v 1.649472 7.246761 0.095899
v 1.646201 7.244212 0.095862
v 1.648960 7.246057 0.095896
v 1.648286 7.245358 0.095916
v 1.647195 7.244596 0.095981
v 1.647767 7.244970 0.095901
v 1.649520 7.246789 0.095980
v 1.647551 7.244799 0.095975
v 1.648918 7.245958 0.095973
v 1.639140 7.252362 0.095657
v 1.639056 7.252180 0.095657
v 1.642418 7.250635 0.097546
v 1.638979 7.251996 0.095658
v 1.638909 7.251809 0.095658
v 1.638844 7.251619 0.095659
v 1.642367 7.250486 0.097547
v 1.638786 7.251428 0.095659
v 1.638735 7.251235 0.095660
v 1.642303 7.250244 0.097547
v 1.638690 7.251040 0.095660
v 1.638652 7.250844 0.095661
v 1.642271 7.249996 0.097548
v 1.638620 7.250647 0.095661
v 1.638596 7.250448 0.095662
v 1.638578 7.250249 0.095662
v 1.638566 7.250050 0.095663
v 1.642262 7.249838 0.097548
v 1.638562 7.249850 0.095663
v 1.638564 7.249650 0.095664
v 1.638573 7.249451 0.095664
v 1.638589 7.249251 0.095665
v 1.642274 7.249607 0.097549
v 1.638612 7.249053 0.095665
v 1.642290 7.249468 0.097549
v 1.638641 7.248855 0.095666
v 1.638677 7.248658 0.095666
v 1.638719 7.248463 0.095667
v 1.638769 7.248270 0.095667
v 1.642341 7.249242 0.097550
v 1.638824 7.248077 0.095668
v 1.638887 7.247888 0.095668
v 1.642394 7.249074 0.097550
v 1.638955 7.247700 0.095669
v 1.642457 7.248919 0.097551
v 1.639030 7.247515 0.095669
v 1.639112 7.247332 0.095670
v 1.639199 7.247152 0.095670
v 1.642574 7.248698 0.097551
v 1.639292 7.246975 0.095671
v 1.639392 7.246802 0.095671
v 1.639497 7.246632 0.095672
v 1.639608 7.246466 0.095672
v 1.639724 7.246303 0.095672
v 1.642713 7.248489 0.097552
v 1.639846 7.246145 0.095673
v 1.642839 7.248341 0.097552
v 1.639974 7.245991 0.095673
v 1.640106 7.245841 0.095674
v 1.640243 7.245696 0.095674
v 1.640386 7.245555 0.095674
v 1.640533 7.245420 0.095675
v 1.643017 7.248165 0.097553
v 1.640684 7.245289 0.095675
v 1.643171 7.248045 0.097553
v 1.640840 7.245163 0.095675
v 1.641000 7.245044 0.095676
v 1.641164 7.244929 0.095676
v 1.641331 7.244820 0.095676
v 1.643348 7.247927 0.097553
v 1.641503 7.244717 0.095677
v 1.641677 7.244620 0.095677
v 1.643496 7.247849 0.097554
v 1.641855 7.244528 0.095677
v 1.642036 7.244443 0.095677
v 1.642220 7.244364 0.095678
v 1.642406 7.244291 0.095678
v 1.642595 7.244225 0.095678
v 1.643718 7.247755 0.097554
v 1.642786 7.244165 0.095678
v 1.643949 7.247685 0.097554
v 1.642979 7.244112 0.095678
v 1.643173 7.244064 0.095678
v 1.643369 7.244024 0.095679
v 1.644178 7.247644 0.097554
v 1.643566 7.243990 0.095679
v 1.643764 7.243963 0.095679
v 1.643963 7.243943 0.095679
v 1.644163 7.243929 0.095679
v 1.644409 7.247625 0.097554
v 1.644363 7.243923 0.095679
v 1.644539 7.247626 0.097554
v 1.644563 7.243923 0.095679
v 1.644763 7.243930 0.095679
v 1.644962 7.243943 0.095679
v 1.644706 7.247638 0.097554
v 1.645161 7.243964 0.095679
v 1.645222 7.243969 0.095677
v 1.644816 7.247653 0.097554
v 1.645283 7.243970 0.095674
v 1.645366 7.243966 0.095666
v 1.645449 7.243956 0.095654
v 1.645503 7.243945 0.095644
v 1.645557 7.243931 0.095632
v 1.645634 7.243905 0.095612
v 1.645714 7.243871 0.095587
v 1.645786 7.243833 0.095560
v 1.645862 7.243783 0.095527
v 1.644962 7.247682 0.097554
v 1.645907 7.243749 0.095505
v 1.645967 7.243696 0.095472
v 1.646023 7.243639 0.095437
v 1.646070 7.243582 0.095403
v 1.646120 7.243512 0.095362
v 1.646158 7.243447 0.095326
v 1.645070 7.247710 0.097554
v 1.646184 7.243397 0.095298
v 1.646206 7.243346 0.095270
v 1.646225 7.243295 0.095242
v 1.646253 7.243513 0.095345
v 1.646247 7.243224 0.095205
v 1.646263 7.243151 0.095167
v 1.646275 7.243058 0.095120
v 1.646279 7.243011 0.095097
v 1.646217 7.244004 0.095589
v 1.645245 7.247770 0.097554
v 1.645499 7.247885 0.097554
v 1.645705 7.248011 0.097553
v 1.645883 7.248145 0.097553
v 1.646044 7.248298 0.097553
v 1.646169 7.248435 0.097552
v 1.646278 7.248585 0.097552
v 1.646421 7.248824 0.097551
v 1.642508 7.250835 0.099902
v 1.642404 7.250607 0.099903
v 1.642322 7.250332 0.099903
v 1.642277 7.250076 0.099904
v 1.642262 7.249845 0.099905
v 1.642268 7.249678 0.099905
v 1.642285 7.249512 0.099905
v 1.642316 7.249348 0.099906
v 1.642376 7.249133 0.099906
v 1.642457 7.248926 0.099907
v 1.642564 7.248721 0.099907
v 1.642690 7.248526 0.099908
v 1.642759 7.248438 0.099908
v 1.642870 7.248313 0.099908
v 1.642989 7.248196 0.099909
v 1.643074 7.248124 0.099909
v 1.643192 7.248034 0.099909
v 1.643316 7.247952 0.099909
v 1.643413 7.247897 0.099910
v 1.643479 7.247863 0.099910
v 1.643631 7.247795 0.099910
v 1.643842 7.247721 0.099910
v 1.644022 7.247676 0.099910
v 1.644251 7.247643 0.099910
v 1.644548 7.247634 0.099910
v 1.644779 7.247654 0.099910
v 1.644907 7.247677 0.099910
v 1.645070 7.247716 0.099910
v 1.645245 7.247777 0.099910
v 1.645450 7.247866 0.099910
v 1.645643 7.247976 0.099910
v 1.645825 7.248104 0.099909
v 1.645911 7.248175 0.099909
v 1.646006 7.248264 0.099909
v 1.646145 7.248414 0.099908
v 1.646262 7.248569 0.099908
v 1.646421 7.248831 0.099907
v 1.604537 7.266176 0.099860
v 1.608543 7.259188 0.099878
v 1.605337 7.266744 0.099859
v 1.612294 7.264382 0.099865
v 1.607978 7.258721 0.099879
v 1.603755 7.265583 0.099862
v 1.607430 7.258236 0.099881
v 1.602993 7.264964 0.099863
v 1.606898 7.257732 0.099882
v 1.602252 7.264320 0.099865
v 1.606383 7.257212 0.099883
v 1.601533 7.263653 0.099866
v 1.605886 7.256674 0.099884
v 1.600835 7.262963 0.099868
v 1.605407 7.256120 0.099886
v 1.600161 7.262250 0.099870
v 1.599510 7.261516 0.099872
v 1.604946 7.255550 0.099887
v 1.598884 7.260760 0.099874
v 1.604505 7.254966 0.099889
v 1.598283 7.259985 0.099875
v 1.604084 7.254367 0.099890
v 1.597707 7.259190 0.099877
v 1.603682 7.253755 0.099892
v 1.597158 7.258377 0.099879
v 1.603302 7.253129 0.099893
v 1.596636 7.257546 0.099882
v 1.596141 7.256699 0.099884
v 1.602942 7.252491 0.099895
v 1.595675 7.255836 0.099886
v 1.602604 7.251842 0.099897
v 1.595236 7.254959 0.099888
v 1.602288 7.251181 0.099898
v 1.594814 7.254038 0.099890
v 1.601994 7.250511 0.099900
v 1.594424 7.253104 0.099893
v 1.601722 7.249831 0.099902
v 1.594065 7.252157 0.099895
v 1.593739 7.251198 0.099898
v 1.601473 7.249142 0.099903
v 1.593444 7.250229 0.099900
v 1.601248 7.248446 0.099905
v 1.593184 7.249251 0.099903
v 1.601045 7.247742 0.099907
v 1.592956 7.248264 0.099905
v 1.600866 7.247033 0.099909
v 1.592761 7.247271 0.099908
v 1.600711 7.246317 0.099911
v 1.592601 7.246271 0.099910
v 1.600580 7.245597 0.099912
v 1.592474 7.245266 0.099913
v 1.600473 7.244873 0.099914
v 1.592381 7.244258 0.099915
v 1.600390 7.244145 0.099916
v 1.592322 7.243248 0.099918
v 1.592298 7.242235 0.099920
v 1.600331 7.243415 0.099918
v 1.592308 7.241223 0.099923
v 1.600297 7.242684 0.099920
v 1.592352 7.240211 0.099926
v 1.600287 7.241952 0.099922
v 1.607831 7.233294 0.099944
v 1.606193 7.239041 0.099930
v 1.607857 7.233546 0.099944
v 1.606353 7.238834 0.099930
v 1.606505 7.238622 0.099931
v 1.606651 7.238404 0.099931
v 1.606789 7.238183 0.099932
v 1.606919 7.237956 0.099932
v 1.607042 7.237725 0.099933
v 1.607875 7.233799 0.099943
v 1.607884 7.234052 0.099943
v 1.592430 7.239202 0.099928
v 1.600337 7.236399 0.099936
v 1.592543 7.238195 0.099931
v 1.599034 7.236112 0.099937
v 1.592689 7.237194 0.099933
v 1.598318 7.235448 0.099938
v 1.598441 7.235611 0.099938
v 1.592869 7.236197 0.099936
v 1.598000 7.234731 0.099940
v 1.593082 7.235208 0.099939
v 1.597962 7.233875 0.099942
v 1.593329 7.234225 0.099941
v 1.598663 7.232577 0.099946
v 1.593609 7.233253 0.099944
v 1.605307 7.228443 0.099957
v 1.605494 7.228615 0.099956
v 1.605675 7.228794 0.099956
v 1.593922 7.232289 0.099946
v 1.606068 7.227164 0.099960
v 1.605582 7.227712 0.099959
v 1.605115 7.228276 0.099957
v 1.594267 7.231337 0.099949
v 1.607631 7.225622 0.099964
v 1.607093 7.226119 0.099963
v 1.606572 7.226633 0.099961
v 1.594644 7.230398 0.099951
v 1.609940 7.223821 0.099969
v 1.609341 7.224242 0.099968
v 1.608756 7.224683 0.099967
v 1.595053 7.229471 0.099953
v 1.629610 7.212949 0.099998
v 1.630588 7.213212 0.099998
v 1.613129 7.222027 0.099974
v 1.613800 7.221733 0.099975
v 1.614480 7.221462 0.099975
v 1.615170 7.221213 0.099976
v 1.615867 7.220988 0.099977
v 1.616571 7.220785 0.099977
v 1.617281 7.220607 0.099978
v 1.617998 7.220452 0.099978
v 1.618718 7.220321 0.099978
v 1.619443 7.220213 0.099979
v 1.620171 7.220131 0.099979
v 1.620902 7.220072 0.099979
v 1.621634 7.220038 0.099979
v 1.622366 7.220028 0.099979
v 1.629099 7.217927 0.099985
v 1.622376 7.220289 0.099979
v 1.622394 7.220550 0.099978
v 1.622421 7.220809 0.099977
v 1.622457 7.221068 0.099977
v 1.629001 7.217981 0.099985
v 1.628623 7.212719 0.099999
v 1.595493 7.228559 0.099956
v 1.627629 7.212522 0.099999
v 1.595963 7.227662 0.099958
v 1.626628 7.212359 0.099999
v 1.596463 7.226781 0.099960
v 1.625623 7.212230 0.100000
v 1.596993 7.225918 0.099963
v 1.624614 7.212135 0.100000
v 1.597552 7.225074 0.099965
v 1.623603 7.212074 0.100000
v 1.598139 7.224248 0.099967
v 1.622590 7.212047 0.100000
v 1.598754 7.223443 0.099969
v 1.621576 7.212054 0.100000
v 1.599395 7.222659 0.099971
v 1.620564 7.212096 0.100000
v 1.600062 7.221898 0.099973
v 1.619553 7.212171 0.099999
v 1.600755 7.221159 0.099975
v 1.618546 7.212281 0.099999
v 1.601473 7.220444 0.099977
v 1.617543 7.212424 0.099999
v 1.602214 7.219753 0.099979
v 1.616545 7.212602 0.099998
v 1.602978 7.219088 0.099981
v 1.615554 7.212813 0.099997
v 1.603765 7.218449 0.099982
v 1.614570 7.213057 0.099997
v 1.604572 7.217837 0.099984
v 1.613595 7.213334 0.099996
v 1.605399 7.217253 0.099985
v 1.612631 7.213645 0.099995
v 1.606246 7.216697 0.099987
v 1.611677 7.213987 0.099994
v 1.607112 7.216169 0.099988
v 1.610735 7.214361 0.099993
v 1.607994 7.215672 0.099990
v 1.609807 7.214767 0.099992
v 1.608893 7.215204 0.099991
v 1.631557 7.213509 0.099997
v 1.630687 7.217754 0.099986
v 1.630524 7.217718 0.099986
v 1.631119 7.217922 0.099985
v 1.633463 7.214198 0.099995
v 1.631493 7.218163 0.099985
v 1.634397 7.214591 0.099994
v 1.631685 7.218338 0.099984
v 1.635317 7.215014 0.099993
v 1.632049 7.218829 0.099983
v 1.631993 7.218732 0.099983
v 1.636222 7.215469 0.099992
v 1.632144 7.219030 0.099983
v 1.637112 7.215954 0.099991
v 1.632262 7.219401 0.099982
v 1.632220 7.219239 0.099982
v 1.637985 7.216469 0.099990
v 1.632312 7.219768 0.099981
v 1.632298 7.219602 0.099981
v 1.638840 7.217013 0.099988
v 1.636055 7.224851 0.099968
v 1.639675 7.217585 0.099987
v 1.636599 7.225301 0.099967
v 1.640492 7.218185 0.099985
v 1.637129 7.225768 0.099966
v 1.641287 7.218813 0.099984
v 1.637643 7.226252 0.099965
v 1.642061 7.219467 0.099982
v 1.638142 7.226752 0.099963
v 1.642812 7.220147 0.099981
v 1.638624 7.227268 0.099962
v 1.643539 7.220851 0.099979
v 1.644243 7.221580 0.099977
v 1.639089 7.227799 0.099961
v 1.644921 7.222332 0.099975
v 1.639538 7.228345 0.099959
v 1.645574 7.223107 0.099973
v 1.639968 7.228905 0.099958
v 1.646200 7.223903 0.099971
v 1.640380 7.229478 0.099957
v 1.646799 7.224720 0.099969
v 1.640774 7.230064 0.099955
v 1.647370 7.225556 0.099967
v 1.641148 7.230663 0.099954
v 1.647912 7.226412 0.099965
v 1.641503 7.231274 0.099952
v 1.648425 7.227285 0.099963
v 1.641839 7.231895 0.099950
v 1.648908 7.228175 0.099960
v 1.642154 7.232527 0.099949
v 1.649361 7.229081 0.099958
v 1.649770 7.229972 0.099956
v 1.642449 7.233168 0.099947
v 1.650150 7.230877 0.099954
v 1.642723 7.233819 0.099946
v 1.650500 7.231793 0.099951
v 1.642976 7.234478 0.099944
v 1.650820 7.232721 0.099949
v 1.643207 7.235145 0.099942
v 1.651109 7.233658 0.099947
v 1.643417 7.235819 0.099941
v 1.651367 7.234604 0.099944
v 1.643606 7.236499 0.099939
v 1.651595 7.235559 0.099942
v 1.643772 7.237185 0.099937
v 1.651790 7.236520 0.099939
v 1.651955 7.237487 0.099937
v 1.643916 7.237876 0.099935
v 1.652087 7.238459 0.099934
v 1.644038 7.238572 0.099934
v 1.652188 7.239434 0.099932
v 1.644138 7.239271 0.099932
v 1.652257 7.240413 0.099929
v 1.644215 7.239973 0.099930
v 1.652293 7.241393 0.099927
v 1.644269 7.240676 0.099928
v 1.652298 7.242374 0.099924
v 1.644301 7.241382 0.099926
v 1.652270 7.243354 0.099922
v 1.644310 7.242087 0.099925
v 1.652210 7.244333 0.099919
v 1.646518 7.249052 0.099907
v 1.646591 7.249281 0.099906
v 1.646628 7.249444 0.099906
v 1.646644 7.249554 0.099906
v 1.646658 7.249721 0.099905
v 1.646661 7.249887 0.099905
v 1.646649 7.250054 0.099904
v 1.646626 7.250219 0.099904
v 1.646595 7.250365 0.099904
v 1.646554 7.250507 0.099903
v 1.650205 7.270215 0.099853
v 1.646496 7.250664 0.099903
v 1.646427 7.250816 0.099902
v 1.646365 7.250930 0.099902
v 1.646276 7.251072 0.099902
v 1.646176 7.251205 0.099901
v 1.646067 7.251332 0.099901
v 1.645962 7.251437 0.099901
v 1.645850 7.251534 0.099900
v 1.645731 7.251624 0.099900
v 1.645591 7.251715 0.099900
v 1.645445 7.251796 0.099900
v 1.639483 7.255764 0.099889
v 1.639285 7.255592 0.099890
v 1.650157 7.270719 0.099852
v 1.635842 7.259356 0.099880
v 1.636412 7.258896 0.099881
v 1.636966 7.258418 0.099882
v 1.650093 7.271221 0.099850
v 1.650011 7.271720 0.099849
v 1.649913 7.272217 0.099848
v 1.649798 7.272710 0.099847
v 1.635257 7.259797 0.099879
v 1.649666 7.273199 0.099845
v 1.649518 7.273683 0.099844
v 1.649353 7.274162 0.099843
v 1.649173 7.274634 0.099842
v 1.648976 7.275101 0.099840
v 1.634657 7.260218 0.099877
v 1.648764 7.275561 0.099839
v 1.648536 7.276013 0.099838
v 1.648294 7.276458 0.099837
v 1.648036 7.276894 0.099836
v 1.647764 7.277321 0.099835
v 1.634044 7.260619 0.099876
v 1.647477 7.277738 0.099833
v 1.647177 7.278146 0.099832
v 1.646863 7.278543 0.099831
v 1.646536 7.278930 0.099830
v 1.633418 7.260999 0.099875
v 1.646196 7.279305 0.099829
v 1.645843 7.279668 0.099828
v 1.645478 7.280020 0.099827
v 1.645102 7.280359 0.099827
v 1.632779 7.261359 0.099874
v 1.644714 7.280685 0.099826
v 1.644316 7.280998 0.099825
v 1.643907 7.281297 0.099824
v 1.643488 7.281582 0.099823
v 1.632129 7.261696 0.099873
v 1.643060 7.281853 0.099823
v 1.642623 7.282109 0.099822
v 1.642178 7.282351 0.099821
v 1.641724 7.282577 0.099821
v 1.631469 7.262012 0.099873
v 1.641264 7.282787 0.099820
v 1.640796 7.282982 0.099820
v 1.640322 7.283162 0.099819
v 1.639843 7.283325 0.099819
v 1.639358 7.283472 0.099818
v 1.638868 7.283602 0.099818
v 1.638374 7.283716 0.099818
v 1.637877 7.283813 0.099817
v 1.637377 7.283893 0.099817
v 1.636874 7.283957 0.099817
v 1.636369 7.284003 0.099817
v 1.635864 7.284032 0.099817
v 1.635357 7.284044 0.099816
v 1.634850 7.284039 0.099816
v 1.634344 7.284018 0.099816
v 1.633839 7.283978 0.099817
v 1.633335 7.283922 0.099817
v 1.632834 7.283849 0.099817
v 1.632335 7.283759 0.099817
v 1.631840 7.283653 0.099817
v 1.631348 7.283529 0.099818
v 1.630862 7.283390 0.099818
v 1.630380 7.283233 0.099818
v 1.629903 7.283061 0.099819
v 1.629433 7.282872 0.099819
v 1.628969 7.282668 0.099820
v 1.628513 7.282448 0.099820
v 1.628064 7.282214 0.099821
v 1.627623 7.281964 0.099821
v 1.627191 7.281699 0.099822
v 1.626768 7.281420 0.099823
v 1.630797 7.262306 0.099872
v 1.630117 7.262578 0.099871
v 1.629428 7.262826 0.099870
v 1.628731 7.263052 0.099870
v 1.628026 7.263254 0.099869
v 1.627316 7.263433 0.099869
v 1.626600 7.263588 0.099868
v 1.625879 7.263719 0.099868
v 1.625154 7.263826 0.099868
v 1.624426 7.263909 0.099867
v 1.623696 7.263968 0.099867
v 1.622964 7.264002 0.099867
v 1.622231 7.264011 0.099867
v 1.615465 7.266129 0.099861
v 1.622222 7.263758 0.099867
v 1.622204 7.263504 0.099868
v 1.622179 7.263251 0.099869
v 1.622144 7.262999 0.099869
v 1.615531 7.266095 0.099861
v 1.615628 7.266039 0.099861
v 1.614055 7.266319 0.099860
v 1.612468 7.222343 0.099973
v 1.611818 7.222681 0.099972
v 1.611179 7.223040 0.099971
v 1.610553 7.223420 0.099970
v 1.608186 7.225143 0.099965
v 1.605850 7.228979 0.099955
v 1.599152 7.232244 0.099947
v 1.599054 7.232296 0.099946
v 1.606018 7.229169 0.099955
v 1.601865 7.232852 0.099945
v 1.606181 7.229364 0.099954
v 1.606337 7.229565 0.099954
v 1.606486 7.229771 0.099953
v 1.601968 7.232996 0.099945
v 1.606628 7.229982 0.099953
v 1.606764 7.230197 0.099952
v 1.602087 7.233195 0.099944
v 1.606892 7.230417 0.099952
v 1.607013 7.230640 0.099951
v 1.607127 7.230868 0.099951
v 1.607232 7.231098 0.099950
v 1.607331 7.231332 0.099949
v 1.607421 7.231569 0.099949
v 1.607504 7.231809 0.099948
v 1.607579 7.232052 0.099948
v 1.602153 7.233338 0.099944
v 1.607646 7.232296 0.099947
v 1.607704 7.232543 0.099946
v 1.607755 7.232792 0.099946
v 1.607797 7.233042 0.099945
v 1.601052 7.236209 0.099937
v 1.601119 7.236176 0.099937
v 1.601217 7.236124 0.099937
v 1.607885 7.234306 0.099942
v 1.607878 7.234560 0.099941
v 1.607862 7.234813 0.099941
v 1.607839 7.235065 0.099940
v 1.607806 7.235317 0.099939
v 1.607766 7.235568 0.099939
v 1.607717 7.235816 0.099938
v 1.607661 7.236064 0.099937
v 1.607596 7.236309 0.099937
v 1.608326 7.236567 0.099936
v 1.607263 7.237251 0.099934
v 1.607156 7.237490 0.099934
v 1.608516 7.236103 0.099937
v 1.626814 7.227727 0.099960
v 1.617428 7.232277 0.099948
v 1.617101 7.232447 0.099947
v 1.608722 7.235646 0.099939
v 1.608943 7.235197 0.099940
v 1.609178 7.234755 0.099941
v 1.609429 7.234320 0.099942
v 1.609694 7.233895 0.099943
v 1.609972 7.233479 0.099944
v 1.610265 7.233072 0.099945
v 1.610571 7.232675 0.099946
v 1.610890 7.232289 0.099947
v 1.611222 7.231913 0.099948
v 1.611566 7.231549 0.099949
v 1.611922 7.231196 0.099950
v 1.612290 7.230856 0.099951
v 1.612669 7.230528 0.099952
v 1.613059 7.230213 0.099953
v 1.613459 7.229911 0.099954
v 1.613869 7.229623 0.099954
v 1.614288 7.229348 0.099955
v 1.614717 7.229088 0.099956
v 1.615153 7.228842 0.099956
v 1.615598 7.228611 0.099957
v 1.616050 7.228395 0.099958
v 1.616510 7.228194 0.099958
v 1.616975 7.228008 0.099959
v 1.617447 7.227838 0.099959
v 1.617924 7.227684 0.099960
v 1.618406 7.227546 0.099960
v 1.618892 7.227424 0.099960
v 1.619382 7.227318 0.099961
v 1.619876 7.227229 0.099961
v 1.620372 7.227157 0.099961
v 1.620870 7.227101 0.099961
v 1.621370 7.227061 0.099961
v 1.621871 7.227039 0.099961
v 1.622372 7.227033 0.099962
v 1.622873 7.227044 0.099962
v 1.623374 7.227071 0.099962
v 1.623873 7.227115 0.099961
v 1.624371 7.227176 0.099961
v 1.624866 7.227254 0.099961
v 1.625359 7.227348 0.099961
v 1.625848 7.227458 0.099961
v 1.626333 7.227585 0.099960
v 1.627071 7.226998 0.099962
v 1.628014 7.227330 0.099961
v 1.618786 7.231710 0.099949
v 1.618439 7.231834 0.099949
v 1.631098 7.221843 0.099975
v 1.626832 7.226891 0.099962
v 1.626597 7.226777 0.099962
v 1.626366 7.226654 0.099963
v 1.626139 7.226523 0.099963
v 1.625917 7.226386 0.099963
v 1.625700 7.226241 0.099964
v 1.625487 7.226088 0.099964
v 1.625280 7.225928 0.099965
v 1.625078 7.225762 0.099965
v 1.624882 7.225589 0.099965
v 1.624693 7.225409 0.099966
v 1.624509 7.225223 0.099966
v 1.631031 7.221875 0.099975
v 1.630963 7.221905 0.099975
v 1.630859 7.221945 0.099975
v 1.630753 7.221980 0.099975
v 1.630646 7.222010 0.099975
v 1.630537 7.222034 0.099975
v 1.630372 7.222059 0.099975
v 1.630205 7.222073 0.099975
v 1.630038 7.222073 0.099975
v 1.629871 7.222061 0.099975
v 1.629706 7.222035 0.099975
v 1.629525 7.221993 0.099975
v 1.629314 7.221923 0.099975
v 1.629160 7.221857 0.099975
v 1.629094 7.221824 0.099975
v 1.628997 7.221769 0.099975
v 1.628856 7.221678 0.099976
v 1.628619 7.221486 0.099976
v 1.628469 7.221334 0.099977
v 1.624331 7.225031 0.099967
v 1.624161 7.224833 0.099967
v 1.623996 7.224629 0.099968
v 1.628315 7.221137 0.099977
v 1.623839 7.224421 0.099968
v 1.623690 7.224206 0.099969
v 1.623547 7.223987 0.099969
v 1.628181 7.220924 0.099978
v 1.623412 7.223763 0.099970
v 1.623284 7.223535 0.099971
v 1.623165 7.223303 0.099971
v 1.623053 7.223066 0.099972
v 1.622949 7.222826 0.099972
v 1.622854 7.222583 0.099973
v 1.622766 7.222337 0.099974
v 1.622687 7.222087 0.099974
v 1.628076 7.220697 0.099978
v 1.622617 7.221836 0.099975
v 1.622555 7.221582 0.099976
v 1.622502 7.221326 0.099976
v 1.608714 7.258991 0.099879
v 1.614517 7.256420 0.099886
v 1.613499 7.262197 0.099871
v 1.613337 7.262288 0.099871
v 1.608892 7.258800 0.099879
v 1.609076 7.258614 0.099880
v 1.609267 7.258435 0.099880
v 1.609463 7.258262 0.099881
v 1.609666 7.258096 0.099881
v 1.609873 7.257937 0.099882
v 1.610086 7.257786 0.099882
v 1.610304 7.257641 0.099882
v 1.610527 7.257504 0.099883
v 1.610754 7.257374 0.099883
v 1.610985 7.257252 0.099883
v 1.611221 7.257138 0.099884
v 1.611460 7.257032 0.099884
v 1.611702 7.256935 0.099884
v 1.611948 7.256845 0.099884
v 1.612197 7.256764 0.099885
v 1.612448 7.256691 0.099885
v 1.612702 7.256627 0.099885
v 1.612957 7.256571 0.099885
v 1.613214 7.256524 0.099885
v 1.613473 7.256485 0.099885
v 1.613733 7.256456 0.099886
v 1.613994 7.256435 0.099886
v 1.614255 7.256423 0.099886
v 1.614778 7.256425 0.099886
v 1.615039 7.256440 0.099886
v 1.615300 7.256463 0.099886
v 1.615560 7.256495 0.099886
v 1.615818 7.256536 0.099886
v 1.616075 7.256585 0.099885
v 1.616330 7.256643 0.099885
v 1.616583 7.256710 0.099885
v 1.617526 7.257042 0.099884
v 1.617784 7.256312 0.099886
v 1.625811 7.252329 0.099897
v 1.626158 7.252205 0.099897
v 1.616841 7.255980 0.099887
v 1.622009 7.252905 0.099895
v 1.622561 7.252907 0.099895
v 1.616377 7.255790 0.099887
v 1.617569 7.251832 0.099898
v 1.617903 7.251986 0.099897
v 1.617240 7.251667 0.099898
v 1.615919 7.255584 0.099888
v 1.615469 7.255363 0.099889
v 1.616758 7.251397 0.099899
v 1.615027 7.255128 0.099889
v 1.616289 7.251106 0.099899
v 1.614592 7.254878 0.099890
v 1.614167 7.254613 0.099890
v 1.615837 7.250789 0.099900
v 1.613750 7.254335 0.099891
v 1.615400 7.250452 0.099901
v 1.613343 7.254043 0.099892
v 1.612946 7.253737 0.099892
v 1.614982 7.250091 0.099902
v 1.612559 7.253418 0.099893
v 1.614581 7.249711 0.099903
v 1.612183 7.253087 0.099894
v 1.611819 7.252743 0.099895
v 1.614202 7.249310 0.099904
v 1.611466 7.252387 0.099896
v 1.611125 7.252019 0.099897
v 1.613842 7.248891 0.099905
v 1.610797 7.251640 0.099898
v 1.610481 7.251251 0.099899
v 1.613506 7.248454 0.099906
v 1.610179 7.250852 0.099900
v 1.613189 7.248002 0.099907
v 1.609891 7.250442 0.099901
v 1.612993 7.247691 0.099908
v 1.609616 7.250023 0.099902
v 1.612806 7.247373 0.099909
v 1.609355 7.249595 0.099903
v 1.609109 7.249158 0.099904
v 1.608878 7.248714 0.099905
v 1.612548 7.246885 0.099910
v 1.608661 7.248262 0.099906
v 1.612313 7.246387 0.099911
v 1.608460 7.247804 0.099907
v 1.608274 7.247338 0.099909
v 1.608104 7.246867 0.099910
v 1.612106 7.245875 0.099913
v 1.607950 7.246390 0.099911
v 1.611922 7.245355 0.099914
v 1.607812 7.245909 0.099912
v 1.611815 7.245003 0.099915
v 1.607690 7.245423 0.099913
v 1.607584 7.244933 0.099915
v 1.611679 7.244468 0.099916
v 1.607495 7.244441 0.099916
v 1.611567 7.243927 0.099918
v 1.607422 7.243945 0.099917
v 1.607366 7.243447 0.099918
v 1.607327 7.242948 0.099920
v 1.611485 7.243382 0.099919
v 1.607304 7.242447 0.099921
v 1.611429 7.242833 0.099920
v 1.607298 7.241946 0.099922
v 1.611407 7.242466 0.099921
v 1.607309 7.241446 0.099924
v 1.607337 7.240945 0.099925
v 1.611400 7.241914 0.099923
v 1.607381 7.240447 0.099926
v 1.611418 7.241363 0.099924
v 1.607442 7.239949 0.099927
v 1.611446 7.240996 0.099925
v 1.607519 7.239454 0.099929
v 1.607613 7.238962 0.099930
v 1.611514 7.240448 0.099926
v 1.607724 7.238473 0.099931
v 1.611606 7.239904 0.099928
v 1.607851 7.237989 0.099932
v 1.611683 7.239544 0.099929
v 1.607994 7.237509 0.099934
v 1.611773 7.239188 0.099930
v 1.611932 7.238659 0.099931
v 1.612114 7.238138 0.099932
v 1.612251 7.237797 0.099933
v 1.612399 7.237460 0.099934
v 1.612645 7.236966 0.099935
v 1.612912 7.236483 0.099937
v 1.613104 7.236169 0.099937
v 1.613414 7.235713 0.099939
v 1.613744 7.235270 0.099940
v 1.613977 7.234985 0.099941
v 1.614345 7.234574 0.099942
v 1.614732 7.234180 0.099943
v 1.615001 7.233930 0.099943
v 1.615279 7.233688 0.099944
v 1.615565 7.233456 0.099945
v 1.615858 7.233233 0.099945
v 1.616159 7.233021 0.099946
v 1.616466 7.232819 0.099946
v 1.616781 7.232627 0.099947
v 1.606026 7.239243 0.099929
v 1.605853 7.239438 0.099929
v 1.605673 7.239628 0.099928
v 1.605487 7.239811 0.099928
v 1.605295 7.239989 0.099927
v 1.605096 7.240160 0.099927
v 1.604893 7.240324 0.099926
v 1.604684 7.240480 0.099926
v 1.604469 7.240630 0.099925
v 1.604250 7.240773 0.099925
v 1.604026 7.240908 0.099925
v 1.603797 7.241035 0.099924
v 1.603565 7.241154 0.099924
v 1.603328 7.241266 0.099924
v 1.603088 7.241370 0.099923
v 1.602845 7.241465 0.099923
v 1.602598 7.241552 0.099923
v 1.602349 7.241631 0.099923
v 1.602097 7.241702 0.099923
v 1.601843 7.241764 0.099922
v 1.601586 7.241817 0.099922
v 1.601329 7.241861 0.099922
v 1.601070 7.241897 0.099922
v 1.600809 7.241924 0.099922
v 1.600548 7.241942 0.099922
v 1.637504 7.257921 0.099884
v 1.638026 7.257407 0.099885
v 1.638529 7.256875 0.099886
v 1.639015 7.256327 0.099888
v 1.639093 7.255414 0.099890
v 1.638908 7.255230 0.099891
v 1.638728 7.255040 0.099891
v 1.638556 7.254843 0.099891
v 1.642644 7.251067 0.099901
v 1.638390 7.254642 0.099892
v 1.642583 7.250974 0.099902
v 1.638231 7.254434 0.099892
v 1.638079 7.254221 0.099893
v 1.637934 7.254004 0.099894
v 1.637797 7.253781 0.099894
v 1.637667 7.253554 0.099895
v 1.637545 7.253323 0.099895
v 1.637431 7.253088 0.099896
v 1.637325 7.252849 0.099896
v 1.637227 7.252606 0.099897
v 1.637137 7.252361 0.099898
v 1.637056 7.252112 0.099898
v 1.636983 7.251862 0.099899
v 1.636919 7.251608 0.099900
v 1.636863 7.251353 0.099900
v 1.636816 7.251096 0.099901
v 1.636777 7.250837 0.099902
v 1.636748 7.250577 0.099902
v 1.636727 7.250317 0.099903
v 1.636715 7.250056 0.099904
v 1.636711 7.249794 0.099904
v 1.636717 7.249533 0.099905
v 1.636731 7.249272 0.099906
v 1.636755 7.249012 0.099906
v 1.636787 7.248753 0.099907
v 1.636827 7.248495 0.099908
v 1.636877 7.248238 0.099908
v 1.636935 7.247983 0.099909
v 1.637002 7.247730 0.099910
v 1.637334 7.246788 0.099912
v 1.637441 7.246550 0.099913
v 1.636271 7.247473 0.099910
v 1.628131 7.251220 0.099900
v 1.628439 7.251019 0.099901
v 1.636081 7.247936 0.099909
v 1.627169 7.251763 0.099899
v 1.627496 7.251593 0.099899
v 1.635875 7.248393 0.099908
v 1.635654 7.248843 0.099907
v 1.635419 7.249285 0.099905
v 1.635168 7.249719 0.099904
v 1.634904 7.250144 0.099903
v 1.634625 7.250561 0.099902
v 1.634332 7.250968 0.099901
v 1.634026 7.251364 0.099900
v 1.633707 7.251751 0.099899
v 1.633375 7.252126 0.099898
v 1.633031 7.252491 0.099897
v 1.632675 7.252843 0.099896
v 1.632307 7.253183 0.099895
v 1.631928 7.253511 0.099894
v 1.631538 7.253826 0.099894
v 1.631138 7.254128 0.099893
v 1.630728 7.254416 0.099892
v 1.630309 7.254691 0.099891
v 1.629881 7.254951 0.099891
v 1.629444 7.255198 0.099890
v 1.628999 7.255429 0.099889
v 1.628547 7.255645 0.099889
v 1.628088 7.255846 0.099888
v 1.627622 7.256032 0.099888
v 1.627150 7.256201 0.099887
v 1.626673 7.256355 0.099887
v 1.626191 7.256494 0.099886
v 1.625705 7.256615 0.099886
v 1.625215 7.256721 0.099886
v 1.624721 7.256810 0.099885
v 1.624225 7.256883 0.099885
v 1.623727 7.256939 0.099885
v 1.623227 7.256978 0.099885
v 1.622726 7.257001 0.099885
v 1.622225 7.257007 0.099885
v 1.621724 7.256996 0.099885
v 1.621223 7.256968 0.099885
v 1.620724 7.256924 0.099885
v 1.620226 7.256863 0.099885
v 1.619731 7.256786 0.099885
v 1.619238 7.256692 0.099885
v 1.618749 7.256581 0.099886
v 1.618264 7.256454 0.099886
v 1.617758 7.257145 0.099884
v 1.617986 7.257256 0.099884
v 1.618211 7.257375 0.099884
v 1.618431 7.257500 0.099883
v 1.618648 7.257633 0.099883
v 1.618860 7.257773 0.099883
v 1.619067 7.257920 0.099882
v 1.619269 7.258073 0.099882
v 1.619466 7.258233 0.099881
v 1.619658 7.258399 0.099881
v 1.619844 7.258572 0.099881
v 1.620025 7.258750 0.099880
v 1.620199 7.258934 0.099880
v 1.613566 7.262164 0.099871
v 1.613634 7.262135 0.099871
v 1.613738 7.262094 0.099871
v 1.613844 7.262059 0.099871
v 1.613951 7.262030 0.099871
v 1.614115 7.261996 0.099871
v 1.614281 7.261974 0.099871
v 1.614355 7.261969 0.099872
v 1.614429 7.261965 0.099872
v 1.614596 7.261969 0.099872
v 1.614726 7.261978 0.099872
v 1.614891 7.262004 0.099871
v 1.615054 7.262041 0.099871
v 1.615222 7.262094 0.099871
v 1.615494 7.262213 0.099871
v 1.615726 7.262350 0.099871
v 1.615909 7.262492 0.099870
v 1.616091 7.262664 0.099870
v 1.616200 7.262791 0.099870
v 1.616300 7.262925 0.099869
v 1.620367 7.259124 0.099879
v 1.620530 7.259320 0.099879
v 1.620685 7.259521 0.099878
v 1.620834 7.259726 0.099878
v 1.616379 7.263050 0.099869
v 1.620976 7.259936 0.099877
v 1.621111 7.260151 0.099877
v 1.621239 7.260370 0.099876
v 1.621360 7.260593 0.099876
v 1.621473 7.260820 0.099875
v 1.621579 7.261051 0.099874
v 1.616474 7.263231 0.099868
v 1.621678 7.261286 0.099874
v 1.621768 7.261523 0.099873
v 1.621851 7.261764 0.099873
v 1.621926 7.262007 0.099872
v 1.621993 7.262252 0.099871
v 1.622051 7.262499 0.099871
v 1.616558 7.263437 0.099868
v 1.622102 7.262748 0.099870
v 1.616598 7.263561 0.099868
v 1.616626 7.263669 0.099867
v 1.616656 7.263833 0.099867
v 1.616679 7.264054 0.099866
v 1.616680 7.264258 0.099866
v 1.616653 7.264507 0.099865
v 1.616616 7.264698 0.099865
v 1.616586 7.264806 0.099864
v 1.616550 7.264912 0.099864
v 1.616510 7.265015 0.099864
v 1.616430 7.265182 0.099863
v 1.616317 7.265375 0.099863
v 1.616231 7.265496 0.099863
v 1.616137 7.265611 0.099862
v 1.616022 7.265732 0.099862
v 1.615899 7.265844 0.099862
v 1.615812 7.265914 0.099862
v 1.615721 7.265979 0.099861
v 1.635883 7.225049 0.099968
v 1.635705 7.225240 0.099967
v 1.635521 7.225426 0.099967
v 1.635330 7.225605 0.099966
v 1.635134 7.225777 0.099966
v 1.634932 7.225943 0.099965
v 1.634724 7.226102 0.099965
v 1.634511 7.226254 0.099964
v 1.634293 7.226398 0.099964
v 1.634071 7.226536 0.099964
v 1.633843 7.226665 0.099963
v 1.633612 7.226787 0.099963
v 1.633376 7.226901 0.099963
v 1.633137 7.227007 0.099962
v 1.632895 7.227105 0.099962
v 1.632649 7.227194 0.099962
v 1.632400 7.227276 0.099962
v 1.632149 7.227348 0.099961
v 1.631896 7.227413 0.099961
v 1.631640 7.227468 0.099961
v 1.631383 7.227516 0.099961
v 1.631124 7.227554 0.099961
v 1.630864 7.227584 0.099961
v 1.630603 7.227604 0.099961
v 1.630342 7.227617 0.099961
v 1.630080 7.227620 0.099961
v 1.631212 7.221781 0.099976
v 1.629819 7.227614 0.099961
v 1.629558 7.227600 0.099961
v 1.629297 7.227577 0.099961
v 1.629038 7.227545 0.099961
v 1.628779 7.227504 0.099961
v 1.628522 7.227455 0.099961
v 1.628267 7.227396 0.099961
v 1.627757 7.228060 0.099959
v 1.622588 7.231134 0.099951
v 1.622036 7.231132 0.099951
v 1.628211 7.228246 0.099959
v 1.626694 7.232054 0.099949
v 1.626355 7.231911 0.099949
v 1.627193 7.232290 0.099948
v 1.628658 7.228446 0.099958
v 1.627681 7.232549 0.099948
v 1.629099 7.228661 0.099958
v 1.627998 7.232736 0.099947
v 1.629532 7.228890 0.099957
v 1.629958 7.229134 0.099957
v 1.628460 7.233038 0.099947
v 1.630376 7.229391 0.099956
v 1.628909 7.233360 0.099946
v 1.630785 7.229661 0.099955
v 1.631184 7.229945 0.099955
v 1.629338 7.233706 0.099945
v 1.631575 7.230242 0.099954
v 1.629752 7.234073 0.099944
v 1.631955 7.230551 0.099953
v 1.632325 7.230873 0.099952
v 1.632685 7.231206 0.099952
v 1.630144 7.234461 0.099943
v 1.633033 7.231551 0.099951
v 1.630518 7.234867 0.099942
v 1.633370 7.231907 0.099950
v 1.630755 7.235148 0.099941
v 1.633695 7.232274 0.099949
v 1.634008 7.232652 0.099948
v 1.631092 7.235586 0.099940
v 1.634308 7.233039 0.099947
v 1.631408 7.236038 0.099939
v 1.634595 7.233436 0.099946
v 1.634870 7.233842 0.099945
v 1.631605 7.236349 0.099938
v 1.635131 7.234257 0.099944
v 1.635378 7.234681 0.099943
v 1.631879 7.236828 0.099937
v 1.635611 7.235112 0.099942
v 1.632131 7.237319 0.099936
v 1.635830 7.235550 0.099941
v 1.636034 7.235996 0.099940
v 1.632285 7.237653 0.099935
v 1.636224 7.236448 0.099938
v 1.636399 7.236906 0.099937
v 1.632492 7.238165 0.099934
v 1.636559 7.237369 0.099936
v 1.632675 7.238685 0.099932
v 1.636703 7.237837 0.099935
v 1.636832 7.238310 0.099934
v 1.636946 7.238786 0.099932
v 1.632830 7.239215 0.099931
v 1.637044 7.239266 0.099931
v 1.632960 7.239751 0.099930
v 1.637126 7.239749 0.099930
v 1.637193 7.240235 0.099929
v 1.633060 7.240294 0.099928
v 1.637243 7.240723 0.099928
v 1.633135 7.240840 0.099927
v 1.637277 7.241211 0.099926
v 1.637296 7.241701 0.099925
v 1.637298 7.242191 0.099924
v 1.633179 7.241390 0.099926
v 1.637285 7.242681 0.099923
v 1.633199 7.241941 0.099924
v 1.637255 7.243170 0.099921
v 1.633195 7.242309 0.099923
v 1.637209 7.243658 0.099920
v 1.637148 7.244144 0.099919
v 1.633165 7.242860 0.099922
v 1.637070 7.244628 0.099918
v 1.633110 7.243409 0.099920
v 1.636977 7.245109 0.099916
v 1.633057 7.243773 0.099919
v 1.636868 7.245587 0.099915
v 1.636744 7.246061 0.099914
v 1.632953 7.244315 0.099918
v 1.636604 7.246531 0.099913
v 1.632824 7.244852 0.099917
v 1.632722 7.245205 0.099916
v 1.632546 7.245728 0.099914
v 1.632346 7.246243 0.099913
v 1.632198 7.246579 0.099912
v 1.632038 7.246911 0.099911
v 1.631776 7.247396 0.099910
v 1.631493 7.247870 0.099909
v 1.631183 7.248326 0.099908
v 1.630853 7.248769 0.099906
v 1.630499 7.249192 0.099905
v 1.630126 7.249599 0.099904
v 1.629731 7.249985 0.099903
v 1.629318 7.250351 0.099902
v 1.629033 7.250584 0.099902
v 1.628739 7.250806 0.099901
v 1.637556 7.246315 0.099913
v 1.637678 7.246084 0.099914
v 1.637809 7.245857 0.099914
v 1.637947 7.245635 0.099915
v 1.638092 7.245418 0.099916
v 1.638245 7.245205 0.099916
v 1.638404 7.244998 0.099917
v 1.638571 7.244797 0.099917
v 1.638744 7.244601 0.099918
v 1.638924 7.244411 0.099918
v 1.639110 7.244228 0.099919
v 1.639303 7.244051 0.099919
v 1.639501 7.243880 0.099920
v 1.639704 7.243716 0.099920
v 1.639914 7.243559 0.099920
v 1.640128 7.243410 0.099921
v 1.640347 7.243267 0.099921
v 1.640571 7.243132 0.099922
v 1.640800 7.243005 0.099922
v 1.641032 7.242885 0.099922
v 1.641269 7.242774 0.099923
v 1.641509 7.242670 0.099923
v 1.641753 7.242574 0.099923
v 1.641999 7.242487 0.099923
v 1.642249 7.242408 0.099924
v 1.642501 7.242338 0.099924
v 1.642755 7.242276 0.099924
v 1.643011 7.242223 0.099924
v 1.643269 7.242178 0.099924
v 1.643528 7.242142 0.099924
v 1.643788 7.242115 0.099924
v 1.644049 7.242097 0.099924
v 1.626011 7.231780 0.099950
v 1.625486 7.231607 0.099950
v 1.624955 7.231457 0.099950
v 1.624596 7.231374 0.099951
v 1.624053 7.231273 0.099951
v 1.623507 7.231196 0.099951
v 1.623140 7.231162 0.099951
v 1.621485 7.231161 0.099951
v 1.620935 7.231215 0.099951
v 1.620571 7.231267 0.099951
v 1.620208 7.231331 0.099950
v 1.619848 7.231408 0.099950
v 1.619491 7.231497 0.099950
v 1.619136 7.231597 0.099950
v 1.618097 7.231970 0.099949
v 1.617760 7.232118 0.099948
v 1.618414 7.252193 0.099897
v 1.618935 7.252379 0.099896
v 1.619465 7.252534 0.099896
v 1.620001 7.252666 0.099896
v 1.620544 7.252767 0.099896
v 1.621091 7.252843 0.099895
v 1.621457 7.252878 0.099895
v 1.622929 7.252892 0.099895
v 1.623479 7.252845 0.099896
v 1.624027 7.252773 0.099896
v 1.624389 7.252708 0.099896
v 1.624749 7.252632 0.099896
v 1.625107 7.252543 0.099896
v 1.625461 7.252442 0.099897
v 1.626500 7.252069 0.099898
v 1.626837 7.251922 0.099898
v 1.627817 7.251412 0.099899
v 1.631400 7.221661 0.099976
v 1.631560 7.221534 0.099976
v 1.631642 7.221459 0.099976
v 1.631800 7.221289 0.099977
v 1.631908 7.221149 0.099977
v 1.632040 7.220937 0.099978
v 1.632113 7.220797 0.099978
v 1.632177 7.220642 0.099979
v 1.632229 7.220484 0.099979
v 1.632258 7.220376 0.099979
v 1.632289 7.220212 0.099980
v 1.632311 7.219991 0.099980
v 1.631933 7.218638 0.099984
v 1.631833 7.218504 0.099984
v 1.631312 7.218033 0.099985
v 1.630899 7.217824 0.099986
v 1.630248 7.217684 0.099986
v 1.629886 7.217692 0.099986
v 1.629603 7.217740 0.099986
v 1.629389 7.217803 0.099986
v 1.629233 7.217863 0.099986
v 1.628938 7.218019 0.099985
v 1.628801 7.218115 0.099985
v 1.628670 7.218219 0.099985
v 1.628549 7.218334 0.099984
v 1.628435 7.218457 0.099984
v 1.628333 7.218589 0.099984
v 1.628240 7.218727 0.099983
v 1.628184 7.218824 0.099983
v 1.628110 7.218974 0.099983
v 1.628029 7.219181 0.099982
v 1.627969 7.219395 0.099981
v 1.627932 7.219615 0.099981
v 1.627918 7.219781 0.099981
v 1.627926 7.220068 0.099980
v 1.627968 7.220353 0.099979
v 1.628010 7.220514 0.099979
v 1.598160 7.235176 0.099939
v 1.598238 7.235323 0.099939
v 1.598552 7.235736 0.099938
v 1.598695 7.235868 0.099937
v 1.598892 7.236023 0.099937
v 1.599181 7.236191 0.099936
v 1.599334 7.236257 0.099936
v 1.599591 7.236338 0.099936
v 1.599837 7.236387 0.099936
v 1.600003 7.236404 0.099936
v 1.600170 7.236407 0.099936
v 1.600448 7.236386 0.099936
v 1.600558 7.236368 0.099936
v 1.600666 7.236343 0.099936
v 1.600774 7.236314 0.099936
v 1.600879 7.236279 0.099936
v 1.600984 7.236238 0.099936
v 1.601344 7.236047 0.099937
v 1.601436 7.235984 0.099937
v 1.601524 7.235915 0.099937
v 1.601608 7.235843 0.099938
v 1.601728 7.235726 0.099938
v 1.601839 7.235601 0.099938
v 1.601907 7.235514 0.099938
v 1.602034 7.235319 0.099939
v 1.602118 7.235164 0.099939
v 1.602193 7.234984 0.099940
v 1.602281 7.234692 0.099941
v 1.602321 7.234454 0.099941
v 1.602333 7.234185 0.099942
v 1.602323 7.233972 0.099942
v 1.602284 7.233744 0.099943
v 1.602241 7.233573 0.099943
v 1.601685 7.232654 0.099946
v 1.601461 7.232458 0.099946
v 1.601254 7.232318 0.099947
v 1.601107 7.232239 0.099947
v 1.600875 7.232142 0.099947
v 1.600636 7.232070 0.099947
v 1.600416 7.232032 0.099947
v 1.600194 7.232013 0.099947
v 1.600083 7.232013 0.099947
v 1.600008 7.232016 0.099947
v 1.599842 7.232033 0.099947
v 1.599677 7.232060 0.099947
v 1.599569 7.232086 0.099947
v 1.599462 7.232118 0.099947
v 1.599357 7.232154 0.099947
v 1.599288 7.232182 0.099947
v 1.599220 7.232212 0.099947
v 1.598927 7.232374 0.099946
v 1.598792 7.232471 0.099946
v 1.598543 7.232695 0.099945
v 1.598456 7.232790 0.099945
v 1.598386 7.232878 0.099945
v 1.598321 7.232967 0.099945
v 1.598232 7.233109 0.099944
v 1.598154 7.233256 0.099944
v 1.598094 7.233393 0.099944
v 1.598031 7.233577 0.099943
v 1.597942 7.234040 0.099942
v 1.597938 7.234235 0.099941
v 1.597953 7.234485 0.099941
v 1.598072 7.234971 0.099939
v 1.612475 7.265061 0.099863
v 1.612549 7.265211 0.099863
v 1.612682 7.265423 0.099863
v 1.612836 7.265620 0.099862
v 1.612951 7.265741 0.099862
v 1.613061 7.265841 0.099862
v 1.613178 7.265933 0.099861
v 1.613316 7.266026 0.099861
v 1.613461 7.266110 0.099861
v 1.613578 7.266166 0.099861
v 1.613733 7.266230 0.099861
v 1.613892 7.266279 0.099860
v 1.614165 7.266338 0.099860
v 1.614331 7.266355 0.099860
v 1.614498 7.266360 0.099860
v 1.614609 7.266357 0.099860
v 1.614720 7.266348 0.099860
v 1.614886 7.266323 0.099860
v 1.615049 7.266287 0.099861
v 1.615120 7.266266 0.099861
v 1.615191 7.266244 0.099861
v 1.615347 7.266183 0.099861
v 1.613182 7.262390 0.099870
v 1.613003 7.262537 0.099870
v 1.612877 7.262660 0.099870
v 1.612768 7.262787 0.099869
v 1.612667 7.262920 0.099869
v 1.612557 7.263103 0.099868
v 1.612484 7.263243 0.099868
v 1.612440 7.263345 0.099868
v 1.612369 7.263556 0.099867
v 1.612317 7.263772 0.099867
v 1.612293 7.263966 0.099866
v 1.612283 7.264215 0.099866
v 1.612323 7.264585 0.099865
v 1.612387 7.264827 0.099864
v 1.642767 7.251230 0.099901
v 1.642878 7.251355 0.099901
v 1.642957 7.251433 0.099901
v 1.643078 7.251535 0.099900
v 1.643296 7.251692 0.099900
v 1.643441 7.251776 0.099900
v 1.643609 7.251854 0.099899
v 1.643783 7.251920 0.099899
v 1.643944 7.251965 0.099899
v 1.644181 7.252007 0.099899
v 1.644403 7.252026 0.099899
v 1.644570 7.252024 0.099899
v 1.644737 7.252010 0.099899
v 1.644847 7.251993 0.099899
v 1.644956 7.251971 0.099899
v 1.645064 7.251943 0.099899
v 1.645171 7.251910 0.099899
v 1.645275 7.251871 0.099900
v 1.645378 7.251828 0.099900
v 1.596667 7.257590 0.098897
v 1.597200 7.258435 0.098909
v 1.597762 7.259263 0.098913
v 1.602252 7.264318 0.098922
v 1.602993 7.264961 0.098921
v 1.603755 7.265580 0.098919
v 1.604537 7.266174 0.098918
v 1.605337 7.266741 0.098916
v 1.649361 7.229078 0.099016
v 1.649023 7.228401 0.098987
v 1.648433 7.227297 0.099020
v 1.647925 7.226430 0.099022
v 1.647388 7.225582 0.099025
v 1.646823 7.224751 0.099027
v 1.646230 7.223940 0.099029
v 1.645611 7.223149 0.099031
v 1.644965 7.222380 0.099033
v 1.644294 7.221632 0.099034
v 1.643598 7.220907 0.099036
v 1.643007 7.220330 0.099018
v 1.642264 7.219645 0.099019
v 1.640708 7.218351 0.099017
v 1.639777 7.217655 0.099044
v 1.638950 7.217083 0.099046
v 1.638105 7.216540 0.099047
v 1.637242 7.216025 0.099048
v 1.636470 7.215600 0.099016
v 1.635571 7.215137 0.099018
v 1.634067 7.214445 0.099035
v 1.631030 7.213341 0.098994
v 1.629931 7.213032 0.099010
v 1.628965 7.212793 0.099024
v 1.625971 7.212272 0.098989
v 1.624961 7.212168 0.098972
v 1.615914 7.212729 0.099039
v 1.614930 7.212963 0.099027
v 1.610262 7.214561 0.099050
v 1.609348 7.214979 0.099049
v 1.603414 7.218726 0.099039
v 1.602644 7.219371 0.099037
v 1.601895 7.220042 0.099036
v 1.601170 7.220737 0.099034
v 1.600469 7.221456 0.099032
v 1.599791 7.222198 0.099030
v 1.599140 7.222962 0.099028
v 1.598514 7.223748 0.099026
v 1.597915 7.224555 0.099024
v 1.597343 7.225380 0.099022
v 1.596799 7.226225 0.099019
v 1.596284 7.227087 0.099017
v 1.595798 7.227966 0.099015
v 1.594418 7.230949 0.098943
v 1.594032 7.231976 0.098917
v 1.593773 7.232738 0.098908
v 1.593285 7.234391 0.098975
v 1.593045 7.235366 0.098996
v 1.592839 7.236349 0.098993
v 1.592686 7.237216 0.098965
v 1.592534 7.238263 0.098868
v 1.592431 7.239222 0.098948
v 1.592356 7.240230 0.098925
v 1.592310 7.241240 0.098943
v 1.592301 7.242251 0.098940
v 1.592325 7.243261 0.098949
v 1.592384 7.244271 0.098947
v 1.592480 7.245242 0.098874
v 1.592971 7.248320 0.098810
v 1.593202 7.249310 0.098794
v 1.593738 7.251180 0.098881
v 1.594066 7.252142 0.098879
v 1.594424 7.253093 0.098888
v 1.594816 7.254031 0.098886
v 1.652210 7.244330 0.098977
v 1.652269 7.243375 0.098963
v 1.652297 7.242376 0.098966
v 1.652293 7.241377 0.098968
v 1.651937 7.237398 0.098940
v 1.651564 7.235435 0.098948
v 1.650820 7.232718 0.099007
v 1.650500 7.231791 0.099009
v 1.649770 7.229970 0.099014
v 1.650205 7.270212 0.098910
v 1.650155 7.270738 0.098901
v 1.650080 7.271252 0.098827
v 1.650001 7.271741 0.098848
v 1.649907 7.272240 0.098885
v 1.648961 7.275130 0.098872
v 1.648013 7.276924 0.098853
v 1.647780 7.277288 0.098725
v 1.647451 7.277770 0.098859
v 1.647150 7.278178 0.098874
v 1.646814 7.278589 0.098807
v 1.644800 7.280605 0.098699
v 1.642089 7.282380 0.098777
v 1.641106 7.282851 0.098714
v 1.640732 7.282999 0.098815
v 1.640257 7.283178 0.098833
v 1.639776 7.283340 0.098828
v 1.639289 7.283486 0.098848
v 1.638798 7.283614 0.098833
v 1.638302 7.283725 0.098833
v 1.637125 7.283922 0.098874
v 1.636369 7.284000 0.098874
v 1.635430 7.284037 0.098712
v 1.632497 7.283784 0.098853
v 1.631753 7.283622 0.098806
v 1.631457 7.283552 0.098695
v 1.630772 7.283357 0.098843
v 1.630290 7.283197 0.098838
v 1.629813 7.283022 0.098856
v 1.628199 7.282279 0.098852
v 1.627536 7.281906 0.098841
v 1.627191 7.281696 0.098879
v 1.626768 7.281417 0.098880
v 1.626769 7.281416 0.098849
v 1.605338 7.266740 0.098869
v 1.626770 7.281414 0.098802
v 1.605340 7.266737 0.098822
v 1.626775 7.281407 0.098739
v 1.605344 7.266731 0.098775
v 1.626782 7.281397 0.098677
v 1.605351 7.266721 0.098713
v 1.626791 7.281383 0.098616
v 1.605360 7.266707 0.098652
v 1.626800 7.281371 0.098571
v 1.605372 7.266690 0.098592
v 1.626810 7.281356 0.098527
v 1.605386 7.266669 0.098534
v 1.626825 7.281333 0.098469
v 1.605398 7.266652 0.098491
v 1.626843 7.281307 0.098414
v 1.605412 7.266632 0.098450
v 1.626863 7.281279 0.098360
v 1.605431 7.266603 0.098396
v 1.626879 7.281255 0.098322
v 1.605448 7.266579 0.098358
v 1.626890 7.281238 0.098297
v 1.605459 7.266562 0.098333
v 1.626908 7.281211 0.098260
v 1.605477 7.266536 0.098296
v 1.626934 7.281174 0.098214
v 1.605503 7.266498 0.098251
v 1.626955 7.281144 0.098182
v 1.605524 7.266468 0.098218
v 1.626976 7.281113 0.098151
v 1.605545 7.266437 0.098187
v 1.626999 7.281080 0.098122
v 1.605567 7.266404 0.098158
v 1.627022 7.281045 0.098095
v 1.605591 7.266370 0.098131
v 1.605615 7.266335 0.098106
v 1.627046 7.281011 0.098070
v 1.605639 7.266298 0.098084
v 1.627071 7.280974 0.098047
v 1.627096 7.280937 0.098027
v 1.605674 7.266249 0.098056
v 1.627122 7.280899 0.098008
v 1.605700 7.266211 0.098038
v 1.627157 7.280848 0.097986
v 1.605726 7.266171 0.098022
v 1.627185 7.280808 0.097973
v 1.605753 7.266132 0.098009
v 1.627212 7.280768 0.097962
v 1.605781 7.266092 0.097998
v 1.627249 7.280714 0.097950
v 1.605837 7.266010 0.097982
v 1.627287 7.280659 0.097943
v 1.605865 7.265969 0.097978
v 1.627315 7.280618 0.097940
v 1.605884 7.265942 0.097976
v 1.650203 7.270233 0.098887
v 1.650202 7.270211 0.098832
v 1.650194 7.270210 0.098769
v 1.650182 7.270209 0.098707
v 1.650165 7.270208 0.098646
v 1.650144 7.270206 0.098587
v 1.650153 7.270504 0.098715
v 1.650119 7.270204 0.098528
v 1.650098 7.270202 0.098485
v 1.650074 7.270200 0.098444
v 1.650048 7.270198 0.098403
v 1.650020 7.270196 0.098364
v 1.649991 7.270194 0.098326
v 1.649958 7.270191 0.098290
v 1.649925 7.270188 0.098255
v 1.649889 7.270185 0.098222
v 1.649918 7.270229 0.098254
v 1.649852 7.270182 0.098191
v 1.649813 7.270179 0.098161
v 1.649772 7.270176 0.098134
v 1.649730 7.270173 0.098108
v 1.649687 7.270169 0.098084
v 1.649643 7.270165 0.098063
v 1.649695 7.270520 0.098108
v 1.649582 7.270161 0.098037
v 1.649535 7.270157 0.098020
v 1.649486 7.270164 0.098006
v 1.649423 7.270148 0.097990
v 1.649374 7.270145 0.097981
v 1.649324 7.270141 0.097975
v 1.649258 7.270136 0.097969
v 1.649305 7.270509 0.097978
v 1.649016 7.271799 0.097966
v 1.647975 7.274918 0.097956
v 1.647353 7.276097 0.097953
v 1.642619 7.280970 0.097942
v 1.638402 7.282777 0.097940
v 1.636485 7.283029 0.097936
v 1.630572 7.282303 0.097939
v 1.627475 7.281330 0.098090
v 1.627180 7.281331 0.098212
v 1.627123 7.281417 0.098320
v 1.627057 7.281518 0.098525
v 1.627020 7.281575 0.098780
v 1.646482 7.278974 0.098797
v 1.648272 7.276487 0.098851
v 1.646883 7.277024 0.097958
v 1.639462 7.282464 0.097940
v 1.633062 7.282901 0.097935
v 1.628444 7.281281 0.097939
v 1.647623 7.275812 0.097960
v 1.649014 7.272315 0.097975
v 1.648222 7.274705 0.097969
v 1.645415 7.278799 0.097952
v 1.643619 7.280446 0.097953
v 1.640693 7.282047 0.097943
v 1.634973 7.283121 0.097939
v 1.627642 7.281011 0.097956
v 1.648588 7.273880 0.097977
v 1.642351 7.281305 0.097956
v 1.640055 7.282434 0.097964
v 1.649487 7.270559 0.098018
v 1.649278 7.271602 0.097999
v 1.647770 7.275824 0.097983
v 1.644625 7.279571 0.097951
v 1.628795 7.281590 0.097946
v 1.647113 7.276980 0.097990
v 1.645931 7.278433 0.097973
v 1.638664 7.282842 0.097959
v 1.637416 7.283051 0.097951
v 1.636280 7.283195 0.097953
v 1.633906 7.283160 0.097953
v 1.632060 7.282877 0.097957
v 1.645137 7.279437 0.098005
v 1.636654 7.283298 0.097988
v 1.635076 7.283275 0.097962
v 1.632975 7.283073 0.097960
v 1.631150 7.282658 0.097960
v 1.630178 7.282331 0.097963
v 1.649432 7.271598 0.098053
v 1.648472 7.274549 0.098009
v 1.644368 7.280033 0.097982
v 1.635686 7.283452 0.098022
v 1.649155 7.272725 0.098037
v 1.648927 7.273293 0.098013
v 1.644058 7.280423 0.098021
v 1.643215 7.280921 0.097986
v 1.642426 7.281496 0.098010
v 1.632163 7.283104 0.098016
v 1.630167 7.282529 0.098022
v 1.627561 7.281194 0.098012
v 1.641446 7.281991 0.098002
v 1.640963 7.282102 0.097972
v 1.634585 7.283438 0.098021
v 1.628995 7.281868 0.097975
v 1.628278 7.281662 0.098029
v 1.647297 7.276957 0.098038
v 1.639635 7.282709 0.098000
v 1.629244 7.282197 0.098045
v 1.648081 7.275576 0.098034
v 1.645764 7.278857 0.098020
v 1.643945 7.280682 0.098086
v 1.646447 7.278154 0.098046
v 1.645111 7.279768 0.098113
v 1.644619 7.280144 0.098089
v 1.638826 7.282987 0.098017
v 1.637990 7.283167 0.098012
v 1.636422 7.283446 0.098038
v 1.633486 7.283353 0.098024
v 1.642735 7.281538 0.098109
v 1.642068 7.281862 0.098079
v 1.639811 7.282852 0.098089
v 1.630126 7.282639 0.098081
v 1.648946 7.273814 0.098088
v 1.647802 7.276260 0.098072
v 1.643305 7.281055 0.098050
v 1.637405 7.283382 0.098064
v 1.632550 7.283368 0.098112
v 1.649438 7.272416 0.098141
v 1.649281 7.273143 0.098165
v 1.648501 7.274827 0.098064
v 1.641215 7.282370 0.098130
v 1.640477 7.282521 0.098045
v 1.636434 7.283590 0.098123
v 1.633470 7.283488 0.098095
v 1.631087 7.282866 0.098034
v 1.648358 7.275438 0.098137
v 1.631263 7.283146 0.098172
v 1.649612 7.271442 0.098129
v 1.648753 7.274532 0.098131
v 1.646832 7.277987 0.098162
v 1.645631 7.279238 0.098103
v 1.638876 7.283184 0.098125
v 1.638152 7.283350 0.098124
v 1.631742 7.283283 0.098179
v 1.630556 7.282907 0.098154
v 1.649847 7.270975 0.098261
v 1.648163 7.276038 0.098213
v 1.647728 7.276646 0.098151
v 1.647212 7.277345 0.098116
v 1.646310 7.278521 0.098115
v 1.635506 7.283672 0.098151
v 1.629241 7.282353 0.098132
v 1.648629 7.275293 0.098296
v 1.646066 7.278968 0.098198
v 1.644660 7.280385 0.098253
v 1.643391 7.281184 0.098144
v 1.642603 7.281802 0.098238
v 1.634823 7.283658 0.098145
v 1.627850 7.281666 0.098152
v 1.649098 7.273735 0.098164
v 1.643460 7.281286 0.098254
v 1.639611 7.283041 0.098175
v 1.637428 7.283542 0.098174
v 1.628518 7.281997 0.098131
v 1.649327 7.273681 0.098371
v 1.648980 7.274355 0.098250
v 1.647498 7.277239 0.098259
v 1.640317 7.282798 0.098174
v 1.632206 7.283497 0.098282
v 1.649730 7.271715 0.098256
v 1.646617 7.278455 0.098282
v 1.645654 7.279437 0.098223
v 1.644068 7.280847 0.098247
v 1.639888 7.283087 0.098306
v 1.636085 7.283900 0.098401
v 1.634204 7.283609 0.098132
v 1.647805 7.276841 0.098304
v 1.645232 7.279900 0.098262
v 1.641700 7.282233 0.098197
v 1.639159 7.283277 0.098272
v 1.632954 7.283584 0.098229
v 1.627803 7.281747 0.098237
v 1.649813 7.271731 0.098354
v 1.649595 7.272453 0.098279
v 1.648139 7.276455 0.098434
v 1.642212 7.282133 0.098359
v 1.640815 7.282701 0.098259
v 1.638679 7.283424 0.098298
v 1.636699 7.283754 0.098296
v 1.630516 7.283026 0.098273
v 1.629588 7.282648 0.098245
v 1.648351 7.275996 0.098374
v 1.647100 7.277878 0.098306
v 1.644727 7.280467 0.098384
v 1.637940 7.283569 0.098286
v 1.637457 7.283728 0.098389
v 1.631458 7.283384 0.098363
v 1.628652 7.282284 0.098312
v 1.649669 7.272471 0.098367
v 1.649103 7.274403 0.098416
v 1.647746 7.277101 0.098429
v 1.635448 7.283902 0.098407
v 1.649939 7.270988 0.098369
v 1.649447 7.273192 0.098328
v 1.648847 7.275116 0.098473
v 1.646328 7.278868 0.098335
v 1.630015 7.282935 0.098380
v 1.649797 7.272242 0.098485
v 1.649617 7.272978 0.098491
v 1.647346 7.277746 0.098483
v 1.646783 7.278428 0.098432
v 1.645807 7.279413 0.098324
v 1.634439 7.283867 0.098386
v 1.627510 7.281749 0.098431
v 1.646056 7.279302 0.098480
v 1.645311 7.279986 0.098414
v 1.640622 7.282898 0.098403
v 1.633691 7.283744 0.098304
v 1.630723 7.283203 0.098410
v 1.645881 7.279621 0.098692
v 1.644360 7.280816 0.098451
v 1.639921 7.283186 0.098465
v 1.639197 7.283415 0.098481
v 1.638454 7.283566 0.098428
v 1.648538 7.275809 0.098512
v 1.647953 7.276934 0.098612
v 1.646590 7.278761 0.098560
v 1.645332 7.280151 0.098715
v 1.644202 7.281028 0.098629
v 1.643113 7.281678 0.098444
v 1.641800 7.282439 0.098503
v 1.641312 7.282588 0.098376
v 1.636712 7.283888 0.098509
v 1.650062 7.270495 0.098477
v 1.643751 7.281267 0.098458
v 1.632930 7.283741 0.098444
v 1.629993 7.282993 0.098488
v 1.627953 7.281991 0.098409
v 1.648687 7.275600 0.098616
v 1.637707 7.283837 0.098696
v 1.632178 7.283634 0.098497
v 1.630693 7.283298 0.098641
v 1.629734 7.282960 0.098666
v 1.629305 7.282672 0.098419
v 1.634676 7.284031 0.098716
v 1.628826 7.282503 0.098501
v 1.628359 7.282304 0.098591
v 1.649976 7.271504 0.098571
v 1.647402 7.277787 0.098666
v 1.646127 7.279354 0.098766
v 1.639941 7.283247 0.098620
v 1.627683 7.281953 0.098643
v 1.649678 7.272996 0.098643
v 1.649115 7.274680 0.098660
v 1.630211 7.283135 0.098643
v 1.649381 7.273966 0.098663
v 1.638720 7.283597 0.098627
v 1.637970 7.283734 0.098573
v 1.629303 7.282799 0.098763
v 1.649876 7.272260 0.098705
v 1.649783 7.272747 0.098838
v 1.649578 7.273473 0.098862
v 1.643407 7.281614 0.098765
v 1.642852 7.281974 0.098733
v 1.639214 7.283477 0.098650
v 1.644449 7.280887 0.098835
v 1.643830 7.281332 0.098767
v 1.641665 7.282597 0.098820
v 1.636719 7.283959 0.098757
v 1.636038 7.284016 0.098821
v 1.633859 7.283972 0.098694
v 1.633207 7.283893 0.098780
v 1.632414 7.283748 0.098692
v 1.649250 7.274426 0.098874
v 1.648827 7.275386 0.098742
v 1.628839 7.282592 0.098772
v 1.648354 7.276286 0.098688
v 1.647100 7.278195 0.098688
v 1.648633 7.275817 0.098878
v 1.652210 7.244330 0.098945
v 1.652207 7.244330 0.098898
v 1.652202 7.244329 0.098851
v 1.652194 7.244328 0.098805
v 1.652183 7.244328 0.098758
v 1.652170 7.244327 0.098713
v 1.652150 7.244325 0.098653
v 1.652125 7.244323 0.098595
v 1.652103 7.244321 0.098552
v 1.652080 7.244319 0.098510
v 1.652054 7.244317 0.098470
v 1.652026 7.244315 0.098431
v 1.651996 7.244312 0.098393
v 1.651964 7.244310 0.098357
v 1.651930 7.244307 0.098322
v 1.651894 7.244304 0.098289
v 1.651857 7.244301 0.098257
v 1.651818 7.244298 0.098228
v 1.651778 7.244295 0.098200
v 1.651736 7.244291 0.098174
v 1.651678 7.244287 0.098143
v 1.651633 7.244284 0.098122
v 1.651587 7.244280 0.098103
v 1.651541 7.244276 0.098087
v 1.651493 7.244272 0.098072
v 1.651445 7.244269 0.098060
v 1.651396 7.244265 0.098051
v 1.651330 7.244260 0.098041
v 1.651263 7.244255 0.098036
v 1.649350 7.229083 0.098891
v 1.649563 7.229545 0.098880
v 1.649518 7.229565 0.098686
v 1.649457 7.229592 0.098548
v 1.649380 7.229628 0.098431
v 1.649210 7.229149 0.098500
v 1.649179 7.229581 0.098278
v 1.648976 7.229537 0.098177
v 1.648779 7.230071 0.098073
v 1.650615 7.235522 0.098058
v 1.650907 7.237261 0.098053
v 1.651262 7.241208 0.098043
v 1.651585 7.243365 0.098088
v 1.651780 7.243374 0.098170
v 1.651929 7.243382 0.098272
v 1.652045 7.243387 0.098389
v 1.652137 7.243392 0.098513
v 1.652193 7.243395 0.098627
v 1.652252 7.243398 0.098820
v 1.652253 7.240362 0.098951
v 1.651766 7.236413 0.098939
v 1.650701 7.232378 0.098928
v 1.650066 7.230673 0.098984
v 1.651337 7.240642 0.098047
v 1.651362 7.242985 0.098042
v 1.650210 7.233844 0.098066
v 1.650980 7.236959 0.098061
v 1.649538 7.231791 0.098073
v 1.650582 7.235022 0.098068
v 1.649448 7.231230 0.098091
v 1.651421 7.239894 0.098067
v 1.650118 7.233097 0.098086
v 1.650697 7.234994 0.098091
v 1.651160 7.237179 0.098088
v 1.651258 7.238417 0.098068
v 1.651593 7.241376 0.098088
v 1.651681 7.240376 0.098138
v 1.651580 7.242371 0.098079
v 1.651035 7.235937 0.098126
v 1.649760 7.231643 0.098130
v 1.651394 7.237898 0.098125
v 1.651721 7.242372 0.098129
v 1.649403 7.230712 0.098136
v 1.650232 7.233060 0.098120
v 1.651604 7.239380 0.098138
v 1.651775 7.241373 0.098160
v 1.650756 7.234465 0.098158
v 1.651871 7.242374 0.098213
v 1.651353 7.236893 0.098184
v 1.650581 7.233475 0.098218
v 1.651076 7.235417 0.098198
v 1.651751 7.239367 0.098216
v 1.651411 7.236372 0.098288
v 1.651597 7.237362 0.098296
v 1.651628 7.238372 0.098210
v 1.649567 7.230644 0.098227
v 1.650914 7.234424 0.098255
v 1.651251 7.235377 0.098334
v 1.650327 7.232502 0.098259
v 1.651966 7.241369 0.098291
v 1.649988 7.231556 0.098261
v 1.652028 7.242376 0.098342
v 1.651837 7.238346 0.098389
v 1.651914 7.240364 0.098280
v 1.651059 7.234385 0.098386
v 1.651641 7.236844 0.098430
v 1.649752 7.230567 0.098389
v 1.651919 7.239353 0.098360
v 1.650793 7.233411 0.098401
v 1.651161 7.234359 0.098526
v 1.650175 7.231486 0.098449
v 1.650513 7.232440 0.098442
v 1.651363 7.235352 0.098459
v 1.651615 7.236334 0.098521
v 1.652031 7.239343 0.098496
v 1.652064 7.240355 0.098438
v 1.649836 7.230533 0.098498
v 1.650246 7.231460 0.098557
v 1.650890 7.233382 0.098539
v 1.652172 7.241365 0.098547
v 1.652165 7.240350 0.098605
v 1.650623 7.232403 0.098623
v 1.651821 7.237327 0.098571
v 1.651958 7.238332 0.098558
v 1.649900 7.230506 0.098621
v 1.650962 7.233361 0.098691
v 1.651239 7.234339 0.098689
v 1.651441 7.235334 0.098589
v 1.652011 7.238326 0.098671
v 1.652085 7.239339 0.098591
v 1.652185 7.242379 0.098554
v 1.649959 7.230482 0.098790
v 1.650303 7.231439 0.098685
v 1.651502 7.235321 0.098743
v 1.651880 7.237318 0.098708
v 1.651689 7.236320 0.098675
v 1.650669 7.232388 0.098751
v 1.652050 7.238321 0.098810
v 1.650350 7.231422 0.098883
v 1.652273 7.241364 0.098806
v 1.652275 7.242381 0.098796
v 1.650998 7.233350 0.098826
v 1.651276 7.234329 0.098824
v 1.652148 7.239333 0.098762
v 1.652231 7.240347 0.098797
v 1.651062 7.233500 0.098985
v 1.651331 7.234463 0.098982
v 1.652079 7.238388 0.098972
v 1.652183 7.239381 0.098970
v 1.635355 7.216120 0.098106
v 1.642001 7.220771 0.098094
v 1.646819 7.226405 0.098084
v 1.648680 7.229538 0.098090
v 1.648701 7.229322 0.098118
v 1.648622 7.228876 0.098165
v 1.648795 7.228790 0.098277
v 1.648989 7.228974 0.098355
v 1.648991 7.228693 0.098503
v 1.649173 7.228886 0.098640
v 1.649103 7.228637 0.098766
v 1.648655 7.227724 0.098889
v 1.639189 7.217247 0.098993
v 1.634719 7.214831 0.098660
v 1.634332 7.214773 0.098489
v 1.634138 7.214827 0.098353
v 1.634493 7.215239 0.098207
v 1.634167 7.215298 0.098137
v 1.633849 7.215306 0.098110
v 1.637831 7.217485 0.098104
v 1.639454 7.218605 0.098101
v 1.636569 7.216712 0.098107
v 1.637462 7.217142 0.098114
v 1.641881 7.220507 0.098101
v 1.643541 7.222163 0.098095
v 1.644850 7.223641 0.098092
v 1.638710 7.217946 0.098112
v 1.640314 7.219106 0.098112
v 1.646064 7.225201 0.098090
v 1.648028 7.228343 0.098086
v 1.635733 7.216180 0.098116
v 1.642951 7.221356 0.098118
v 1.644307 7.222805 0.098116
v 1.646704 7.225964 0.098106
v 1.635805 7.216043 0.098150
v 1.637141 7.216712 0.098168
v 1.645576 7.224330 0.098115
v 1.638367 7.217567 0.098139
v 1.647531 7.227202 0.098113
v 1.641907 7.220293 0.098134
v 1.647148 7.226269 0.098173
v 1.645701 7.224236 0.098166
v 1.646523 7.225486 0.098138
v 1.648071 7.228038 0.098127
v 1.638019 7.217187 0.098184
v 1.639604 7.218400 0.098143
v 1.644789 7.223047 0.098181
v 1.638886 7.217689 0.098211
v 1.639728 7.218231 0.098232
v 1.640457 7.218925 0.098176
v 1.641231 7.219554 0.098174
v 1.635869 7.215919 0.098202
v 1.642728 7.220874 0.098179
v 1.645795 7.224165 0.098225
v 1.646661 7.225392 0.098210
v 1.647690 7.227108 0.098182
v 1.643162 7.221146 0.098235
v 1.643765 7.221954 0.098170
v 1.648222 7.227957 0.098202
v 1.640622 7.218715 0.098336
v 1.642041 7.220145 0.098211
v 1.647345 7.226144 0.098317
v 1.635484 7.215570 0.098276
v 1.639011 7.217505 0.098358
v 1.644256 7.222183 0.098281
v 1.644923 7.222935 0.098285
v 1.637263 7.216505 0.098291
v 1.639847 7.218069 0.098377
v 1.641388 7.219368 0.098314
v 1.642181 7.219990 0.098356
v 1.645587 7.223691 0.098309
v 1.646817 7.225286 0.098347
v 1.638133 7.217009 0.098306
v 1.646227 7.224470 0.098339
v 1.647886 7.226994 0.098330
v 1.638191 7.216917 0.098397
v 1.648402 7.227859 0.098348
v 1.636419 7.215952 0.098346
v 1.644402 7.222052 0.098469
v 1.642945 7.220650 0.098389
v 1.643626 7.221395 0.098347
v 1.645718 7.223588 0.098481
v 1.637334 7.216384 0.098409
v 1.635551 7.215436 0.098399
v 1.636496 7.215811 0.098518
v 1.645090 7.222795 0.098504
v 1.647507 7.226042 0.098528
v 1.648525 7.227793 0.098511
v 1.639122 7.217343 0.098604
v 1.635615 7.215310 0.098574
v 1.637391 7.216286 0.098553
v 1.638254 7.216817 0.098545
v 1.641482 7.219257 0.098453
v 1.646344 7.224384 0.098500
v 1.648029 7.226911 0.098516
v 1.640730 7.218578 0.098523
v 1.643736 7.221289 0.098514
v 1.646958 7.225191 0.098548
v 1.635641 7.215256 0.098688
v 1.644497 7.221966 0.098675
v 1.648085 7.226878 0.098626
v 1.648595 7.227756 0.098652
v 1.637440 7.216203 0.098748
v 1.638312 7.216726 0.098769
v 1.639949 7.217931 0.098595
v 1.639172 7.217270 0.098819
v 1.641561 7.219164 0.098637
v 1.642306 7.219853 0.098580
v 1.643043 7.220550 0.098569
v 1.646436 7.224317 0.098711
v 1.647564 7.226006 0.098650
v 1.636543 7.215724 0.098687
v 1.643807 7.221221 0.098688
v 1.645812 7.223515 0.098682
v 1.647597 7.225986 0.098748
v 1.648125 7.226854 0.098742
v 1.635665 7.215210 0.098840
v 1.636568 7.215679 0.098839
v 1.642359 7.219794 0.098748
v 1.643105 7.220486 0.098754
v 1.645181 7.222718 0.098722
v 1.647029 7.225142 0.098723
v 1.639994 7.217869 0.098763
v 1.640798 7.218492 0.098731
v 1.645217 7.222689 0.098916
v 1.645854 7.223483 0.098871
v 1.637465 7.216162 0.098967
v 1.640822 7.218462 0.098860
v 1.641601 7.219117 0.098796
v 1.647067 7.225117 0.098926
v 1.647627 7.225967 0.098924
v 1.640016 7.217841 0.098927
v 1.644548 7.221921 0.098932
v 1.646476 7.224288 0.098910
v 1.648162 7.226834 0.098960
v 1.642378 7.219774 0.098852
v 1.643124 7.220466 0.098859
v 1.643841 7.221189 0.098837
v 1.638336 7.216690 0.098981
v 1.641559 7.219039 0.098989
v 1.643857 7.221173 0.098996
v 1.630410 7.213162 0.098999
v 1.630592 7.213266 0.098738
v 1.630675 7.213349 0.098607
v 1.631503 7.213593 0.098584
v 1.630991 7.213534 0.098455
v 1.629924 7.213111 0.098684
v 1.629948 7.213225 0.098508
v 1.634086 7.215511 0.098107
v 1.630121 7.213553 0.098257
v 1.633097 7.214784 0.098106
v 1.630797 7.214015 0.098108
v 1.631137 7.214067 0.098102
v 1.632360 7.214418 0.098104
v 1.631639 7.214126 0.098132
v 1.631567 7.214158 0.098110
v 1.630401 7.213984 0.098111
v 1.629909 7.213820 0.098134
v 1.629943 7.213980 0.098111
v 1.629262 7.213843 0.098112
v 1.629579 7.214002 0.098111
v 1.631901 7.214254 0.098108
v 1.632745 7.214592 0.098099
v 1.633496 7.215043 0.098108
v 1.632566 7.213874 0.098802
v 1.633330 7.214190 0.098734
v 1.633140 7.214077 0.098897
v 1.633720 7.214314 0.098902
v 1.631884 7.213619 0.098922
v 1.633087 7.214049 0.098986
v 1.634541 7.214683 0.098838
v 1.634625 7.214693 0.099006
v 1.632511 7.213835 0.099996
v 1.634094 7.214541 0.098688
v 1.630294 7.213158 0.098828
v 1.632104 7.213768 0.098626
v 1.632744 7.214010 0.098608
v 1.632788 7.214164 0.098406
v 1.631420 7.213487 0.098804
v 1.633438 7.214335 0.098536
v 1.630509 7.213508 0.098355
v 1.631240 7.213824 0.098246
v 1.631941 7.213926 0.098306
v 1.632464 7.214169 0.098278
v 1.633093 7.214430 0.098280
v 1.633620 7.214894 0.098173
v 1.633880 7.214855 0.098250
v 1.628290 7.213562 0.098118
v 1.628327 7.213382 0.098153
v 1.629335 7.213474 0.098201
v 1.628884 7.213195 0.098294
v 1.628925 7.213016 0.098461
v 1.628958 7.212870 0.098694
v 1.628971 7.212815 0.098865
v 1.626981 7.212411 0.099021
v 1.623948 7.212093 0.098984
v 1.622949 7.212050 0.099038
v 1.621918 7.212050 0.098980
v 1.620904 7.212080 0.098986
v 1.619916 7.212138 0.099041
v 1.618908 7.212235 0.099041
v 1.617919 7.212366 0.098905
v 1.616907 7.212531 0.099040
v 1.613953 7.213227 0.099026
v 1.612986 7.213525 0.099025
v 1.612029 7.213855 0.099024
v 1.611086 7.214220 0.098998
v 1.608330 7.215490 0.099032
v 1.607443 7.215976 0.099030
v 1.606572 7.216492 0.099037
v 1.605719 7.217036 0.099036
v 1.604886 7.217609 0.099034
v 1.604071 7.218209 0.099032
v 1.595561 7.228425 0.098970
v 1.595227 7.229100 0.099004
v 1.595120 7.229342 0.098904
v 1.595158 7.229360 0.098725
v 1.595262 7.229407 0.098498
v 1.594936 7.230250 0.098421
v 1.595277 7.229974 0.098245
v 1.595444 7.229995 0.098155
v 1.595863 7.229686 0.098085
v 1.595632 7.230395 0.098065
v 1.595896 7.230107 0.098067
v 1.596791 7.228211 0.098072
v 1.597982 7.226314 0.098077
v 1.601132 7.222245 0.098087
v 1.603389 7.220014 0.098094
v 1.611530 7.215275 0.098106
v 1.619321 7.213084 0.098119
v 1.623548 7.212976 0.098119
v 1.621777 7.213166 0.098112
v 1.626946 7.213410 0.098112
v 1.627971 7.212584 0.099028
v 1.627970 7.212593 0.098929
v 1.627960 7.212644 0.098738
v 1.627945 7.212718 0.098580
v 1.627914 7.212881 0.098385
v 1.627877 7.213073 0.098242
v 1.627332 7.213320 0.098125
v 1.626978 7.212434 0.098855
v 1.626966 7.212507 0.098652
v 1.626937 7.212692 0.098400
v 1.626905 7.212889 0.098249
v 1.626872 7.213100 0.098158
v 1.625962 7.212299 0.098824
v 1.625949 7.212406 0.098583
v 1.625936 7.212510 0.098439
v 1.625916 7.212668 0.098300
v 1.625901 7.212796 0.098222
v 1.626345 7.213250 0.098115
v 1.606454 7.216581 0.098898
v 1.605605 7.217143 0.098841
v 1.599517 7.222516 0.098985
v 1.598244 7.224105 0.098993
v 1.597652 7.224934 0.098947
v 1.615840 7.212758 0.098916
v 1.600194 7.221755 0.098979
v 1.596546 7.226643 0.098978
v 1.607331 7.216064 0.098860
v 1.603951 7.218329 0.098856
v 1.603145 7.218952 0.098969
v 1.602373 7.219615 0.098967
v 1.601623 7.220304 0.098965
v 1.600895 7.221016 0.098981
v 1.598867 7.223300 0.098983
v 1.596038 7.227526 0.098972
v 1.600922 7.221042 0.098779
v 1.599538 7.222533 0.098807
v 1.598895 7.223321 0.098784
v 1.596074 7.227544 0.098754
v 1.619867 7.212170 0.098841
v 1.613872 7.213282 0.098820
v 1.612899 7.213579 0.098843
v 1.611939 7.213917 0.098832
v 1.600213 7.221772 0.098809
v 1.596562 7.226652 0.098836
v 1.624949 7.212201 0.098793
v 1.616840 7.212570 0.098855
v 1.610047 7.214670 0.098908
v 1.609125 7.215102 0.098912
v 1.608219 7.215566 0.098888
v 1.603176 7.218988 0.098744
v 1.614852 7.213007 0.098840
v 1.601656 7.220338 0.098739
v 1.598258 7.224115 0.098854
v 1.597095 7.225785 0.098882
v 1.595590 7.228439 0.098777
v 1.622918 7.212078 0.098842
v 1.618855 7.212277 0.098816
v 1.615849 7.212800 0.098751
v 1.610996 7.214301 0.098770
v 1.604774 7.217730 0.098810
v 1.623935 7.212123 0.098813
v 1.621900 7.212095 0.098767
v 1.608247 7.215618 0.098691
v 1.614867 7.213064 0.098680
v 1.610063 7.214704 0.098755
v 1.609154 7.215161 0.098681
v 1.599579 7.222568 0.098658
v 1.597684 7.224955 0.098755
v 1.620883 7.212125 0.098770
v 1.600254 7.221809 0.098654
v 1.598297 7.224144 0.098688
v 1.597752 7.225002 0.098571
v 1.616857 7.212656 0.098620
v 1.600958 7.221077 0.098641
v 1.597169 7.225832 0.098610
v 1.607367 7.216126 0.098649
v 1.606482 7.216626 0.098707
v 1.620887 7.212198 0.098605
v 1.619872 7.212235 0.098658
v 1.606513 7.216676 0.098585
v 1.623928 7.212235 0.098568
v 1.619876 7.212288 0.098563
v 1.618865 7.212362 0.098608
v 1.614885 7.213132 0.098550
v 1.613891 7.213346 0.098650
v 1.608271 7.215664 0.098588
v 1.605647 7.217205 0.098632
v 1.602425 7.219673 0.098670
v 1.596632 7.226693 0.098611
v 1.610096 7.214778 0.098586
v 1.609182 7.215219 0.098561
v 1.604830 7.217806 0.098581
v 1.603996 7.218387 0.098644
v 1.603234 7.219057 0.098555
v 1.601716 7.220401 0.098554
v 1.601009 7.221128 0.098519
v 1.600307 7.221857 0.098527
v 1.598947 7.223362 0.098614
v 1.624942 7.212278 0.098614
v 1.615865 7.212872 0.098592
v 1.607399 7.216181 0.098538
v 1.599650 7.222628 0.098495
v 1.596144 7.227583 0.098568
v 1.595661 7.228475 0.098583
v 1.617861 7.212514 0.098579
v 1.613913 7.213419 0.098519
v 1.612934 7.213684 0.098584
v 1.611033 7.214390 0.098572
v 1.609218 7.215290 0.098456
v 1.606539 7.216717 0.098510
v 1.605683 7.217258 0.098522
v 1.604873 7.217867 0.098472
v 1.604065 7.218475 0.098466
v 1.599020 7.223420 0.098467
v 1.622916 7.212181 0.098594
v 1.616880 7.212782 0.098442
v 1.615881 7.212946 0.098482
v 1.611984 7.214038 0.098551
v 1.598366 7.224194 0.098530
v 1.621902 7.212194 0.098567
v 1.612970 7.213792 0.098429
v 1.606600 7.216815 0.098383
v 1.596465 7.227181 0.098452
v 1.613940 7.213512 0.098408
v 1.612050 7.214217 0.098340
v 1.610136 7.214867 0.098449
v 1.607433 7.216239 0.098451
v 1.601088 7.221204 0.098387
v 1.600393 7.221936 0.098385
v 1.599724 7.222691 0.098383
v 1.622913 7.212299 0.098432
v 1.618881 7.212504 0.098421
v 1.608309 7.215735 0.098473
v 1.603277 7.219109 0.098461
v 1.602505 7.219762 0.098469
v 1.601783 7.220470 0.098428
v 1.597893 7.225099 0.098354
v 1.624931 7.212401 0.098443
v 1.620892 7.212305 0.098459
v 1.615923 7.213135 0.098306
v 1.605751 7.217360 0.098384
v 1.598460 7.224264 0.098382
v 1.597294 7.225912 0.098397
v 1.596381 7.227713 0.098272
v 1.621904 7.212343 0.098385
v 1.614915 7.213250 0.098405
v 1.595791 7.228540 0.098386
v 1.623920 7.212384 0.098388
v 1.613972 7.213619 0.098310
v 1.611084 7.214516 0.098398
v 1.607501 7.216357 0.098322
v 1.597412 7.225987 0.098272
v 1.624921 7.212515 0.098334
v 1.622910 7.212449 0.098305
v 1.619888 7.212431 0.098395
v 1.617880 7.212636 0.098420
v 1.613027 7.213965 0.098277
v 1.610186 7.214977 0.098334
v 1.609302 7.215461 0.098287
v 1.608404 7.215913 0.098289
v 1.604946 7.217968 0.098344
v 1.602988 7.219548 0.098317
v 1.601883 7.220575 0.098294
v 1.599117 7.223497 0.098339
v 1.596839 7.226816 0.098311
v 1.614964 7.213439 0.098254
v 1.611146 7.214666 0.098270
v 1.600817 7.221642 0.098293
v 1.599798 7.222754 0.098295
v 1.598288 7.224762 0.098256
v 1.624908 7.212658 0.098241
v 1.623913 7.212514 0.098283
v 1.620900 7.212475 0.098304
v 1.601254 7.221366 0.098214
v 1.599265 7.223615 0.098208
v 1.596002 7.228647 0.098204
v 1.621905 7.212454 0.098297
v 1.619905 7.212643 0.098239
v 1.618914 7.212787 0.098216
v 1.603067 7.219640 0.098234
v 1.601968 7.220665 0.098216
v 1.600588 7.222114 0.098197
v 1.623905 7.212657 0.098205
v 1.614019 7.213779 0.098212
v 1.606688 7.216955 0.098253
v 1.599896 7.222838 0.098214
v 1.596787 7.227365 0.098167
v 1.622906 7.212668 0.098185
v 1.617915 7.212868 0.098241
v 1.616915 7.212972 0.098278
v 1.605897 7.217577 0.098203
v 1.598402 7.224844 0.098177
v 1.597539 7.226069 0.098183
v 1.621409 7.212656 0.098193
v 1.604194 7.218640 0.098278
v 1.610250 7.215120 0.098229
v 1.607617 7.216558 0.098185
v 1.605088 7.218163 0.098191
v 1.625388 7.212882 0.098165
v 1.619920 7.212825 0.098161
v 1.615968 7.213337 0.098189
v 1.614547 7.213812 0.098149
v 1.612120 7.214407 0.098209
v 1.611220 7.214847 0.098171
v 1.606762 7.217074 0.098182
v 1.597926 7.225727 0.098130
v 1.621412 7.212778 0.098152
v 1.613345 7.214134 0.098156
v 1.610328 7.215293 0.098151
v 1.608952 7.215881 0.098172
v 1.603592 7.219487 0.098140
v 1.597121 7.226984 0.098128
v 1.616959 7.213205 0.098166
v 1.612179 7.214566 0.098145
v 1.605578 7.217993 0.098140
v 1.602087 7.220790 0.098142
v 1.601034 7.221847 0.098140
v 1.598837 7.224544 0.098115
v 1.623400 7.212805 0.098147
v 1.604345 7.218835 0.098153
v 1.596443 7.228314 0.098107
v 1.625374 7.213012 0.098131
v 1.606822 7.217170 0.098142
v 1.602794 7.220087 0.098160
v 1.599470 7.223779 0.098110
v 1.598301 7.225380 0.098100
v 1.618437 7.213001 0.098157
v 1.615527 7.213641 0.098130
v 1.610826 7.215192 0.098126
v 1.606484 7.217624 0.098100
v 1.600075 7.222991 0.098121
v 1.597506 7.226636 0.098094
v 1.612693 7.214529 0.098118
v 1.609023 7.216019 0.098126
v 1.607715 7.216727 0.098126
v 1.605474 7.218277 0.098105
v 1.601106 7.221916 0.098113
v 1.609085 7.216141 0.098107
v 1.604076 7.219295 0.098106
v 1.598964 7.224638 0.098086
v 1.621418 7.212968 0.098118
v 1.617598 7.213257 0.098126
v 1.602383 7.220742 0.098104
v 1.599886 7.223479 0.098089
v 1.598140 7.225869 0.098080
v 1.596577 7.228384 0.098079
v 1.617314 7.213433 0.098112
v 1.615072 7.213861 0.098115
v 1.612612 7.214671 0.098109
v 1.610867 7.215288 0.098111
v 1.601114 7.222093 0.098093
v 1.599866 7.223622 0.098084
v 1.624572 7.217855 0.098100
v 1.623673 7.218074 0.098100
v 1.624718 7.217492 0.098101
v 1.624912 7.217096 0.098102
v 1.622868 7.218041 0.098100
v 1.625133 7.216714 0.098103
v 1.622062 7.218036 0.098100
v 1.625297 7.216470 0.098104
v 1.625566 7.216121 0.098105
v 1.625927 7.215720 0.098106
v 1.626213 7.215451 0.098107
v 1.626515 7.215201 0.098107
v 1.626875 7.214947 0.098108
v 1.627252 7.214717 0.098109
v 1.627647 7.214520 0.098109
v 1.628053 7.214349 0.098110
v 1.628425 7.214224 0.098110
v 1.628709 7.214146 0.098110
v 1.629142 7.214059 0.098110
v 1.621257 7.218058 0.098100
v 1.620453 7.218106 0.098099
v 1.619650 7.218181 0.098099
v 1.618851 7.218284 0.098099
v 1.618056 7.218412 0.098098
v 1.617265 7.218568 0.098098
v 1.616480 7.218750 0.098097
v 1.615702 7.218958 0.098097
v 1.614931 7.219193 0.098096
v 1.614168 7.219453 0.098095
v 1.613415 7.219738 0.098095
v 1.612671 7.220049 0.098094
v 1.611938 7.220384 0.098093
v 1.611217 7.220744 0.098092
v 1.610509 7.221128 0.098091
v 1.609814 7.221535 0.098090
v 1.609133 7.221965 0.098089
v 1.608467 7.222418 0.098087
v 1.607816 7.222893 0.098086
v 1.607182 7.223389 0.098085
v 1.606564 7.223907 0.098084
v 1.605965 7.224445 0.098082
v 1.605384 7.225002 0.098081
v 1.604821 7.225579 0.098079
v 1.604279 7.226175 0.098078
v 1.603757 7.226788 0.098076
v 1.600703 7.228338 0.098072
v 1.600311 7.228313 0.098072
v 1.600017 7.228311 0.098072
v 1.599723 7.228325 0.098072
v 1.599333 7.228365 0.098072
v 1.598898 7.228443 0.098071
v 1.598470 7.228549 0.098071
v 1.598052 7.228692 0.098071
v 1.597734 7.228820 0.098070
v 1.597339 7.229017 0.098070
v 1.596958 7.229239 0.098069
v 1.596713 7.229403 0.098069
v 1.596478 7.229580 0.098068
v 1.596179 7.229833 0.098068
v 1.603256 7.227418 0.098074
v 1.601092 7.228389 0.098072
v 1.602776 7.228065 0.098073
v 1.601477 7.228465 0.098072
v 1.601995 7.228613 0.098071
v 1.602319 7.228728 0.098071
v 1.624575 7.217843 0.096057
v 1.625625 7.216039 0.095987
v 1.625962 7.215680 0.096061
v 1.626297 7.215375 0.096058
v 1.626726 7.215042 0.096063
v 1.627047 7.214833 0.096061
v 1.627337 7.214667 0.096050
v 1.628149 7.214308 0.096066
v 1.628530 7.214188 0.096066
v 1.628894 7.214099 0.096070
v 1.629286 7.214030 0.096070
v 1.630855 7.214018 0.096063
v 1.631996 7.214283 0.096051
v 1.632407 7.214434 0.096070
v 1.632820 7.214629 0.096067
v 1.633235 7.214865 0.096053
v 1.633587 7.215102 0.096056
v 1.633959 7.215396 0.096052
v 1.634329 7.215744 0.096061
v 1.635003 7.216566 0.096058
v 1.635215 7.216903 0.096058
v 1.635372 7.217193 0.096054
v 1.624698 7.218149 0.095876
v 1.624536 7.218005 0.095995
v 1.624997 7.216937 0.096053
v 1.625378 7.216352 0.096059
v 1.626480 7.215253 0.095990
v 1.635422 7.217393 0.095955
v 1.634283 7.216119 0.095899
v 1.633996 7.215826 0.095900
v 1.633664 7.215528 0.095900
v 1.632718 7.214899 0.095900
v 1.632333 7.214719 0.095902
v 1.631931 7.214565 0.095902
v 1.631454 7.214420 0.095901
v 1.630737 7.214300 0.095903
v 1.630384 7.214256 0.095898
v 1.629799 7.214275 0.095903
v 1.629225 7.214334 0.095902
v 1.628806 7.214418 0.095903
v 1.628375 7.214540 0.095902
v 1.627872 7.214728 0.095900
v 1.627456 7.214917 0.095896
v 1.626382 7.215686 0.095899
v 1.625825 7.216260 0.095898
v 1.625497 7.216691 0.095896
v 1.625353 7.216889 0.095892
v 1.625183 7.217206 0.095896
v 1.625000 7.217567 0.095893
v 1.624836 7.217968 0.095892
v 1.634527 7.216411 0.095899
v 1.634902 7.216951 0.095898
v 1.634873 7.216881 0.095892
v 1.634998 7.217114 0.095897
v 1.635123 7.217343 0.095895
v 1.624477 7.218134 0.098100
v 1.624484 7.218128 0.096018
v 1.627098 7.215143 0.095900
v 1.626779 7.215356 0.095898
v 1.633511 7.215397 0.095897
v 1.631264 7.214367 0.095897
v 1.626047 7.216007 0.095897
v 1.634021 7.215823 0.095891
v 1.633185 7.215172 0.095899
v 1.627494 7.214851 0.095882
v 1.634537 7.216309 0.095879
v 1.634662 7.216563 0.095892
v 1.631125 7.214283 0.095883
v 1.628662 7.214408 0.095887
v 1.625164 7.217139 0.095880
v 1.625608 7.216432 0.095879
v 1.626294 7.215686 0.095881
v 1.629819 7.214219 0.095885
v 1.625025 7.217208 0.095880
v 1.633774 7.215522 0.095879
v 1.635135 7.217238 0.095877
v 1.625664 7.216247 0.095884
v 1.628622 7.214339 0.095886
v 1.632121 7.214529 0.095884
v 1.626479 7.215428 0.095883
v 1.627189 7.214943 0.095884
v 1.632915 7.214921 0.095881
v 1.634232 7.215875 0.095883
v 1.630969 7.214170 0.095897
v 1.633532 7.215264 0.095884
v 1.629916 7.214154 0.095886
v 1.634808 7.216470 0.095904
v 1.628464 7.214318 0.095907
v 1.632935 7.214828 0.095899
v 1.635133 7.216919 0.095919
v 1.631639 7.214297 0.095899
v 1.629610 7.214111 0.095904
v 1.634096 7.215657 0.095904
v 1.631702 7.214187 0.095991
v 1.627989 7.214519 0.095891
v 1.633525 7.215171 0.095913
v 1.634508 7.216014 0.095943
v 1.624547 7.218132 0.095894
v 1.627538 7.214654 0.095922
v 1.630783 7.214041 0.095973
v 1.626049 7.215738 0.095906
v 1.625243 7.216669 0.095925
v 1.632337 7.214498 0.095922
v 1.629718 7.213984 0.095991
v 1.631279 7.214086 0.095988
v 1.628169 7.214371 0.095932
v 1.624763 7.217381 0.095985
v 1.634084 7.215543 0.095982
v 1.627047 7.214938 0.095916
v 1.629168 7.214070 0.095993
v 1.628858 7.214169 0.095939
v 1.626632 7.215206 0.095923
v 1.633061 7.214795 0.095973
v 1.625270 7.216537 0.095994
v 1.624959 7.217077 0.095966
v 1.627048 7.214846 0.096008
v 1.628037 7.214373 0.095991
v 1.632582 7.214526 0.096011
v 1.626006 7.215676 0.095981
v 1.627577 7.214565 0.095997
v 1.633543 7.215104 0.095976
v 1.634655 7.216108 0.096044
v 1.627738 7.214474 0.096057
v 1.630179 7.213969 0.095991
v 1.634936 7.216516 0.095974
v 1.630547 7.213990 0.096048
v 1.635143 7.216798 0.096009
v 1.625206 7.216597 0.096057
v 1.634856 7.216362 0.096047
v 1.628654 7.214172 0.096007
v 1.624793 7.222409 0.095733
v 1.624712 7.222231 0.095733
v 1.624636 7.222050 0.095733
v 1.624566 7.221867 0.095734
v 1.628033 7.220578 0.097622
v 1.624503 7.221682 0.095734
v 1.624445 7.221494 0.095735
v 1.627999 7.220472 0.097623
v 1.624394 7.221305 0.095735
v 1.624349 7.221114 0.095736
v 1.627961 7.220309 0.097623
v 1.624311 7.220922 0.095736
v 1.624279 7.220729 0.095737
v 1.627927 7.220089 0.097624
v 1.624253 7.220534 0.095737
v 1.624234 7.220339 0.095738
v 1.624222 7.220144 0.095738
v 1.627916 7.219904 0.097624
v 1.624216 7.219948 0.095739
v 1.624216 7.219752 0.095739
v 1.624223 7.219556 0.095740
v 1.627919 7.219737 0.097624
v 1.624237 7.219361 0.095740
v 1.627929 7.219626 0.097625
v 1.624258 7.219152 0.095741
v 1.624263 7.219079 0.095738
v 1.624263 7.219017 0.095734
v 1.627944 7.219516 0.097625
v 1.624259 7.218954 0.095728
v 1.624245 7.218858 0.095713
v 1.624232 7.218797 0.095701
v 1.624217 7.218744 0.095689
v 1.624198 7.218693 0.095675
v 1.624183 7.218655 0.095664
v 1.624164 7.218613 0.095650
v 1.627965 7.219407 0.097625
v 1.624121 7.218533 0.095620
v 1.624091 7.218486 0.095600
v 1.624058 7.218440 0.095578
v 1.624007 7.218379 0.095546
v 1.627991 7.219298 0.097626
v 1.623942 7.218313 0.095506
v 1.623876 7.218257 0.095466
v 1.623809 7.218209 0.095427
v 1.623735 7.218165 0.095386
v 1.623702 7.218148 0.095367
v 1.623663 7.218130 0.095345
v 1.623612 7.218110 0.095317
v 1.623560 7.218092 0.095290
v 1.623806 7.218074 0.095408
v 1.623503 7.218076 0.095260
v 1.623433 7.218061 0.095224
v 1.623361 7.218052 0.095187
v 1.623306 7.218048 0.095159
v 1.624297 7.218111 0.095653
v 1.628029 7.219174 0.097626
v 1.628126 7.218933 0.097627
v 1.628202 7.218784 0.097627
v 1.628307 7.218620 0.097627
v 1.628498 7.218381 0.097628
v 1.628615 7.218262 0.097628
v 1.628765 7.218137 0.097629
v 1.628938 7.218013 0.097629
v 1.629083 7.217929 0.097629
v 1.629233 7.217856 0.097629
v 1.629389 7.217796 0.097630
v 1.629585 7.217737 0.097630
v 1.629693 7.217712 0.097630
v 1.629942 7.217681 0.097630
v 1.630192 7.217674 0.097630
v 1.630451 7.217698 0.097630
v 1.630615 7.217730 0.097630
v 1.630759 7.217768 0.097630
v 1.630916 7.217824 0.097630
v 1.631119 7.217915 0.097629
v 1.631312 7.218027 0.097629
v 1.631479 7.218145 0.097629
v 1.631645 7.218293 0.097628
v 1.631833 7.218498 0.097628
v 1.631933 7.218632 0.097628
v 1.631994 7.218725 0.097627
v 1.632049 7.218822 0.097627
v 1.632144 7.219023 0.097627
v 1.632235 7.219286 0.097626
v 1.632274 7.219448 0.097626
v 1.632303 7.219650 0.097625
v 1.632313 7.219901 0.097624
v 1.632289 7.220205 0.097624
v 1.632258 7.220369 0.097623
v 1.632229 7.220477 0.097623
v 1.632184 7.220618 0.097623
v 1.632143 7.220722 0.097622
v 1.632097 7.220823 0.097622
v 1.632028 7.220955 0.097622
v 1.631971 7.221051 0.097621
v 1.631909 7.221143 0.097621
v 1.631751 7.221337 0.097621
v 1.631643 7.221452 0.097620
v 1.631517 7.221562 0.097620
v 1.631323 7.221705 0.097620
v 1.631131 7.221819 0.097619
v 1.631031 7.221869 0.097619
v 1.630911 7.221918 0.097619
v 1.630700 7.221988 0.097619
v 1.630455 7.222040 0.097619
v 1.630205 7.222066 0.097619
v 1.630038 7.222066 0.097619
v 1.629871 7.222054 0.097619
v 1.629643 7.222015 0.097619
v 1.629472 7.221972 0.097619
v 1.629280 7.221902 0.097619
v 1.629161 7.221850 0.097619
v 1.629062 7.221799 0.097619
v 1.628965 7.221744 0.097619
v 1.628775 7.221611 0.097620
v 1.628598 7.221460 0.097620
v 1.628404 7.221249 0.097621
v 1.628267 7.221061 0.097621
v 1.628199 7.220950 0.097621
v 1.628129 7.220809 0.097622
v 1.635391 7.217973 0.095895
v 1.635480 7.218245 0.095894
v 1.635646 7.218803 0.095882
v 1.635715 7.219433 0.095886
v 1.635718 7.219741 0.095890
v 1.635694 7.220405 0.095889
v 1.635659 7.220688 0.095888
v 1.635611 7.220969 0.095887
v 1.635592 7.221088 0.095884
v 1.635480 7.221488 0.095885
v 1.635747 7.222146 0.095644
v 1.636152 7.222425 0.095398
v 1.636247 7.222563 0.095325
v 1.636293 7.222578 0.095301
v 1.635292 7.222783 0.095710
v 1.635324 7.222755 0.095703
v 1.635206 7.222873 0.095725
v 1.635008 7.223160 0.095731
v 1.634893 7.223324 0.095731
v 1.634773 7.223484 0.095730
v 1.634647 7.223639 0.095730
v 1.634517 7.223791 0.095730
v 1.634381 7.223938 0.095729
v 1.634240 7.224080 0.095729
v 1.634095 7.224217 0.095729
v 1.633945 7.224349 0.095728
v 1.633791 7.224476 0.095728
v 1.633632 7.224598 0.095728
v 1.633469 7.224714 0.095727
v 1.633303 7.224825 0.095727
v 1.633133 7.224930 0.095727
v 1.632959 7.225029 0.095726
v 1.632782 7.225123 0.095726
v 1.632602 7.225210 0.095726
v 1.632420 7.225291 0.095726
v 1.632234 7.225366 0.095725
v 1.632046 7.225435 0.095725
v 1.631856 7.225497 0.095725
v 1.631664 7.225553 0.095725
v 1.631470 7.225602 0.095725
v 1.631275 7.225645 0.095725
v 1.631078 7.225680 0.095725
v 1.630880 7.225709 0.095725
v 1.630681 7.225732 0.095724
v 1.630482 7.225748 0.095724
v 1.630282 7.225757 0.095724
v 1.630082 7.225759 0.095724
v 1.629882 7.225755 0.095724
v 1.629682 7.225743 0.095724
v 1.629483 7.225725 0.095724
v 1.629285 7.225701 0.095724
v 1.629087 7.225669 0.095724
v 1.628891 7.225631 0.095725
v 1.628696 7.225586 0.095725
v 1.628503 7.225535 0.095725
v 1.628311 7.225477 0.095725
v 1.628122 7.225413 0.095725
v 1.627935 7.225342 0.095725
v 1.627750 7.225265 0.095725
v 1.627568 7.225182 0.095726
v 1.627389 7.225092 0.095726
v 1.627213 7.224997 0.095726
v 1.627041 7.224896 0.095726
v 1.626872 7.224789 0.095727
v 1.626707 7.224676 0.095727
v 1.626546 7.224558 0.095727
v 1.626388 7.224434 0.095727
v 1.626235 7.224306 0.095728
v 1.626087 7.224172 0.095728
v 1.625943 7.224032 0.095728
v 1.625804 7.223889 0.095729
v 1.625670 7.223741 0.095729
v 1.625541 7.223588 0.095730
v 1.625417 7.223431 0.095730
v 1.625299 7.223269 0.095730
v 1.625186 7.223104 0.095731
v 1.625079 7.222936 0.095731
v 1.624978 7.222764 0.095732
v 1.624883 7.222588 0.095732
v 1.635262 7.222812 0.095716
v 1.635373 7.222717 0.095690
v 1.635450 7.222666 0.095668
v 1.635536 7.222620 0.095640
v 1.635610 7.222589 0.095614
v 1.635703 7.222558 0.095578
v 1.635811 7.222535 0.095533
v 1.635890 7.222526 0.095499
v 1.635948 7.222523 0.095473
v 1.636018 7.222524 0.095440
v 1.636116 7.222534 0.095392
v 1.636193 7.222549 0.095353
v 1.636338 7.222594 0.095276
v 1.636397 7.222621 0.095243
v 1.636461 7.222654 0.095207
v 1.636523 7.222692 0.095170
v 1.636558 7.222717 0.095148
v 1.635588 7.217657 0.095994
v 1.635288 7.217708 0.095895
v 1.635466 7.218093 0.095882
v 1.635653 7.218985 0.095891
v 1.635718 7.220122 0.095887
v 1.635665 7.220692 0.095885
v 1.635359 7.221889 0.095878
v 1.635458 7.221954 0.095868
v 1.635561 7.222020 0.095910
v 1.635597 7.222046 0.095975
v 1.635813 7.221385 0.096037
v 1.635926 7.220878 0.096053
v 1.635969 7.220485 0.095998
v 1.635986 7.220441 0.096051
v 1.636009 7.220145 0.096051
v 1.636015 7.219849 0.096053
v 1.636000 7.219455 0.096052
v 1.635960 7.219062 0.096054
v 1.635912 7.218770 0.096050
v 1.635872 7.218582 0.095968
v 1.635778 7.218223 0.096046
v 1.635787 7.219293 0.095871
v 1.635724 7.220695 0.095868
v 1.635518 7.217870 0.095887
v 1.635837 7.220643 0.095881
v 1.635846 7.219880 0.095872
v 1.635717 7.218573 0.095879
v 1.635205 7.217213 0.095882
v 1.635637 7.221462 0.095873
v 1.635921 7.220331 0.095910
v 1.635890 7.219197 0.095908
v 1.635913 7.219800 0.095895
v 1.635984 7.220036 0.095967
v 1.635904 7.220828 0.095963
v 1.635831 7.221169 0.095949
v 1.635978 7.219457 0.095985
v 1.635903 7.218845 0.095977
v 1.636560 7.222674 0.080182
v 1.637180 7.223148 0.080181
v 1.637785 7.223642 0.080180
v 1.638374 7.224155 0.080179
v 1.638946 7.224687 0.080177
v 1.639500 7.225238 0.080176
v 1.640035 7.225806 0.080175
v 1.640552 7.226391 0.080173
v 1.641050 7.226993 0.080172
v 1.641982 7.228239 0.080060
v 1.642421 7.228891 0.080167
v 1.642837 7.229552 0.080165
v 1.643230 7.230227 0.080163
v 1.643601 7.230913 0.080162
v 1.643950 7.231612 0.080160
v 1.636797 7.222870 0.080053
v 1.636484 7.222637 0.080084
v 1.636601 7.222835 0.079771
v 1.636592 7.223004 0.079564
v 1.637190 7.224143 0.079264
v 1.636840 7.224046 0.079242
v 1.639197 7.226305 0.079232
v 1.642087 7.230132 0.079224
v 1.644781 7.236906 0.079206
v 1.645772 7.242954 0.079314
v 1.646106 7.242999 0.079574
v 1.646254 7.242660 0.079879
v 1.646280 7.242969 0.080131
v 1.646300 7.242193 0.080076
v 1.646287 7.241847 0.080002
v 1.646295 7.241408 0.080135
v 1.646264 7.240628 0.080137
v 1.646208 7.239849 0.080139
v 1.646159 7.239409 0.080048
v 1.646126 7.239073 0.080141
v 1.646020 7.238300 0.080143
v 1.645888 7.237530 0.080145
v 1.645731 7.236766 0.080147
v 1.645549 7.236006 0.080149
v 1.645380 7.235418 0.080035
v 1.645343 7.235254 0.080151
v 1.645112 7.234508 0.080153
v 1.644857 7.233770 0.080154
v 1.644578 7.233041 0.080156
v 1.644276 7.232321 0.080158
v 1.643575 7.230888 0.080032
v 1.643188 7.230172 0.080048
v 1.642343 7.228780 0.080083
v 1.641523 7.227605 0.080061
v 1.640885 7.226822 0.079999
v 1.640360 7.226199 0.080004
v 1.639257 7.225002 0.080094
v 1.638675 7.224432 0.080162
v 1.638067 7.223889 0.080110
v 1.637442 7.223367 0.080087
v 1.643191 7.232243 0.079217
v 1.644019 7.234279 0.079212
v 1.641688 7.229208 0.079246
v 1.643899 7.233593 0.079226
v 1.638451 7.225389 0.079245
v 1.644462 7.235269 0.079221
v 1.645427 7.242278 0.079199
v 1.642322 7.230206 0.079246
v 1.641032 7.228225 0.079254
v 1.645348 7.240061 0.079206
v 1.643209 7.231963 0.079234
v 1.643191 7.231533 0.079281
v 1.639900 7.226861 0.079251
v 1.644979 7.237163 0.079222
v 1.645554 7.241059 0.079230
v 1.645536 7.242243 0.079218
v 1.645629 7.242244 0.079245
v 1.641135 7.228149 0.079292
v 1.636867 7.223757 0.079292
v 1.644376 7.234468 0.079260
v 1.645504 7.239875 0.079241
v 1.642016 7.229467 0.079282
v 1.640139 7.226916 0.079288
v 1.639095 7.225723 0.079301
v 1.638244 7.224891 0.079302
v 1.637414 7.224030 0.079346
v 1.643630 7.232638 0.079254
v 1.643961 7.233356 0.079260
v 1.645295 7.238258 0.079244
v 1.638913 7.225344 0.079366
v 1.644802 7.235580 0.079284
v 1.641252 7.228065 0.079360
v 1.643775 7.232574 0.079311
v 1.642676 7.230459 0.079302
v 1.639745 7.226204 0.079370
v 1.638365 7.224761 0.079389
v 1.644083 7.233308 0.079311
v 1.644506 7.234424 0.079315
v 1.645481 7.238278 0.079314
v 1.642138 7.229390 0.079347
v 1.645714 7.241053 0.079286
v 1.640479 7.227150 0.079334
v 1.644826 7.234739 0.079448
v 1.645127 7.236727 0.079295
v 1.645769 7.240252 0.079342
v 1.645772 7.242246 0.079305
v 1.643344 7.231457 0.079361
v 1.640625 7.227032 0.079455
v 1.644957 7.235537 0.079365
v 1.642065 7.228961 0.079463
v 1.642581 7.229601 0.079528
v 1.641651 7.228271 0.079508
v 1.639870 7.226092 0.079491
v 1.638736 7.224953 0.079474
v 1.645676 7.239057 0.079361
v 1.645839 7.239442 0.079444
v 1.642847 7.230363 0.079411
v 1.636885 7.223415 0.079437
v 1.643940 7.232503 0.079420
v 1.645414 7.237072 0.079414
v 1.645786 7.238638 0.079490
v 1.643499 7.231380 0.079488
v 1.645225 7.236293 0.079408
v 1.645886 7.241046 0.079386
v 1.645906 7.242047 0.079386
v 1.641128 7.227657 0.079461
v 1.639106 7.225152 0.079591
v 1.637839 7.224149 0.079464
v 1.644283 7.233229 0.079448
v 1.645136 7.235487 0.079516
v 1.645578 7.237857 0.079420
v 1.644591 7.233971 0.079467
v 1.643907 7.232077 0.079555
v 1.642995 7.230279 0.079566
v 1.638533 7.224582 0.079606
v 1.645376 7.236257 0.079549
v 1.645978 7.240237 0.079506
v 1.646132 7.242008 0.079590
v 1.643415 7.230970 0.079611
v 1.639704 7.225698 0.079654
v 1.644285 7.232793 0.079628
v 1.646061 7.241040 0.079547
v 1.643870 7.231649 0.079782
v 1.641504 7.227880 0.079636
v 1.640494 7.226618 0.079622
v 1.637952 7.224020 0.079645
v 1.637376 7.223452 0.079716
v 1.645657 7.237434 0.079575
v 1.642213 7.228865 0.079659
v 1.645843 7.237812 0.079757
v 1.645899 7.238623 0.079623
v 1.645981 7.239427 0.079596
v 1.644745 7.233917 0.079652
v 1.645041 7.234672 0.079718
v 1.645681 7.237017 0.079735
v 1.646087 7.240230 0.079643
v 1.641805 7.228162 0.079762
v 1.641336 7.227500 0.079790
v 1.640811 7.226881 0.079736
v 1.640305 7.226247 0.079781
v 1.638916 7.224768 0.079823
v 1.638029 7.223933 0.079862
v 1.646012 7.238607 0.079852
v 1.643524 7.230915 0.079820
v 1.643130 7.230204 0.079807
v 1.639789 7.225618 0.079873
v 1.645295 7.235442 0.079755
v 1.645490 7.236229 0.079720
v 1.646169 7.241036 0.079704
v 1.642307 7.228804 0.079884
v 1.644550 7.233124 0.079862
v 1.644840 7.233883 0.079854
v 1.644229 7.232378 0.079830
v 1.645566 7.236210 0.079915
v 1.645748 7.237003 0.079913
v 1.639820 7.225590 0.080047
v 1.646091 7.239416 0.079799
v 1.642742 7.229490 0.079892
v 1.644885 7.233868 0.080065
v 1.645139 7.234641 0.080007
v 1.645925 7.237798 0.080027
v 1.646200 7.240222 0.079897
v 1.643945 7.231614 0.080072
v 1.642781 7.229467 0.080101
v 1.644283 7.232355 0.080062
v 1.645779 7.236998 0.080094
v 1.646235 7.240220 0.080074
v 1.638660 7.224448 0.079991
v 1.645596 7.236204 0.080084
v 1.646270 7.241033 0.080004
v 1.644600 7.233105 0.080100
v 1.646060 7.238601 0.080066
v 1.636059 7.223307 0.079257
v 1.635556 7.222567 0.080180
v 1.635488 7.222600 0.080181
v 1.635627 7.222538 0.080178
v 1.635952 7.222494 0.080061
v 1.636145 7.222583 0.079816
v 1.635713 7.222511 0.080183
v 1.636273 7.222962 0.079439
v 1.636498 7.222632 0.080180
v 1.636449 7.222604 0.080174
v 1.636395 7.222576 0.080181
v 1.636324 7.222545 0.080183
v 1.636278 7.222529 0.080179
v 1.636204 7.222508 0.080183
v 1.636133 7.222493 0.080175
v 1.636056 7.222483 0.080181
v 1.635981 7.222479 0.080179
v 1.635929 7.222479 0.080183
v 1.635854 7.222485 0.080181
v 1.635779 7.222496 0.080183
v 1.635360 7.222682 0.080182
v 1.635278 7.222753 0.080178
v 1.635165 7.222878 0.080182
v 1.635136 7.222920 0.080178
v 1.635144 7.222951 0.095731
v 1.635692 7.223264 0.079303
v 1.635879 7.223353 0.079252
v 1.636011 7.223147 0.079298
v 1.635455 7.222931 0.079527
v 1.635284 7.222788 0.079985
v 1.636016 7.222827 0.079437
v 1.635751 7.222672 0.079603
v 1.635710 7.222578 0.079867
v 1.635635 7.222547 0.080087
v 1.635562 7.222678 0.079710
v 1.635423 7.222638 0.080170
v 1.635430 7.222642 0.080108
v 1.635315 7.222719 0.080176
v 1.635181 7.222873 0.080108
v 1.635213 7.222820 0.080174
v 1.636299 7.222713 0.079670
v 1.636178 7.222512 0.080104
v 1.636380 7.222626 0.079904
v 1.624884 7.222543 0.080182
v 1.624794 7.222364 0.080182
v 1.624647 7.224007 0.079236
v 1.625489 7.224907 0.079233
v 1.626597 7.225725 0.079231
v 1.634164 7.225381 0.079233
v 1.635364 7.224210 0.079237
v 1.635009 7.223115 0.080181
v 1.633219 7.224902 0.079869
v 1.630333 7.226095 0.079430
v 1.634894 7.223279 0.080181
v 1.634774 7.223439 0.080180
v 1.631114 7.225919 0.079510
v 1.634649 7.223595 0.080180
v 1.625885 7.225158 0.079236
v 1.634518 7.223746 0.080179
v 1.634570 7.223698 0.080062
v 1.632628 7.225266 0.079763
v 1.634382 7.223893 0.080179
v 1.626641 7.225501 0.079259
v 1.634242 7.224035 0.080179
v 1.633748 7.224487 0.080018
v 1.631802 7.225567 0.079768
v 1.634096 7.224172 0.080178
v 1.634111 7.224159 0.080098
v 1.629404 7.225974 0.079493
v 1.627803 7.225814 0.079337
v 1.633946 7.224304 0.080178
v 1.633792 7.224432 0.080178
v 1.624720 7.223989 0.079238
v 1.633633 7.224553 0.080177
v 1.626755 7.225331 0.079330
v 1.626003 7.225024 0.079265
v 1.633471 7.224669 0.080177
v 1.632955 7.224992 0.080093
v 1.630314 7.225876 0.079657
v 1.633304 7.224781 0.080177
v 1.632370 7.225278 0.080037
v 1.628382 7.225755 0.079514
v 1.633134 7.224885 0.080176
v 1.625103 7.224251 0.079256
v 1.632960 7.224985 0.080176
v 1.631031 7.225765 0.079725
v 1.626077 7.224885 0.079318
v 1.632784 7.225078 0.080176
v 1.632604 7.225165 0.080176
v 1.627405 7.225461 0.079443
v 1.632421 7.225246 0.080175
v 1.629383 7.225785 0.079730
v 1.624364 7.223369 0.079246
v 1.632235 7.225321 0.080175
v 1.632048 7.225390 0.080175
v 1.625641 7.224250 0.079426
v 1.631857 7.225452 0.080175
v 1.628219 7.225559 0.079677
v 1.631665 7.225508 0.080175
v 1.625396 7.224231 0.079330
v 1.631471 7.225557 0.080175
v 1.628816 7.225623 0.079867
v 1.624127 7.222636 0.079279
v 1.631276 7.225600 0.080174
v 1.631536 7.225548 0.080055
v 1.624753 7.223485 0.079314
v 1.631079 7.225636 0.080174
v 1.630881 7.225665 0.080174
v 1.631076 7.225649 0.080020
v 1.630683 7.225688 0.080174
v 1.627180 7.225158 0.079607
v 1.626478 7.224927 0.079437
v 1.630483 7.225703 0.080174
v 1.630478 7.225721 0.080007
v 1.630283 7.225712 0.080174
v 1.630083 7.225715 0.080174
v 1.626307 7.224636 0.079558
v 1.629883 7.225710 0.080174
v 1.625074 7.223505 0.079465
v 1.629684 7.225698 0.080174
v 1.626101 7.224353 0.079663
v 1.629485 7.225681 0.080174
v 1.629850 7.225727 0.079993
v 1.628499 7.225493 0.080072
v 1.628019 7.225382 0.079880
v 1.627409 7.225161 0.079771
v 1.629286 7.225656 0.080174
v 1.626718 7.224712 0.079854
v 1.629088 7.225625 0.080174
v 1.629073 7.225626 0.080086
v 1.628892 7.225586 0.080174
v 1.628697 7.225542 0.080174
v 1.628504 7.225490 0.080175
v 1.627684 7.225204 0.080028
v 1.624877 7.223016 0.079567
v 1.628312 7.225432 0.080175
v 1.628123 7.225368 0.080175
v 1.628080 7.225362 0.080059
v 1.627936 7.225297 0.080175
v 1.625939 7.224091 0.079812
v 1.627751 7.225220 0.080175
v 1.625397 7.223647 0.079637
v 1.627569 7.225137 0.080175
v 1.627268 7.225024 0.079940
v 1.627391 7.225048 0.080176
v 1.627215 7.224952 0.080176
v 1.627132 7.224908 0.080098
v 1.627042 7.224851 0.080176
v 1.625330 7.223407 0.079791
v 1.626873 7.224744 0.080176
v 1.626708 7.224631 0.080177
v 1.626547 7.224513 0.080177
v 1.626390 7.224390 0.080177
v 1.626540 7.224520 0.080050
v 1.626237 7.224261 0.080177
v 1.626088 7.224127 0.080178
v 1.625944 7.223988 0.080178
v 1.626054 7.224104 0.080054
v 1.625805 7.223844 0.080179
v 1.625671 7.223696 0.080179
v 1.625542 7.223543 0.080179
v 1.625574 7.223586 0.080097
v 1.625419 7.223386 0.080180
v 1.625300 7.223225 0.080180
v 1.625395 7.223375 0.080030
v 1.625188 7.223060 0.080180
v 1.625081 7.222891 0.080181
v 1.624979 7.222719 0.080181
v 1.625098 7.222955 0.079987
v 1.628361 7.226179 0.079275
v 1.629117 7.226167 0.079340
v 1.627210 7.225934 0.079239
v 1.632146 7.225618 0.079547
v 1.633235 7.225072 0.079591
v 1.633876 7.224486 0.079769
v 1.631324 7.226103 0.079356
v 1.634928 7.223346 0.079837
v 1.634976 7.223183 0.080046
v 1.630318 7.226295 0.079311
v 1.634373 7.224030 0.079792
v 1.630120 7.226506 0.079249
v 1.632033 7.225876 0.079381
v 1.633947 7.224604 0.079575
v 1.628749 7.226448 0.079236
v 1.632607 7.225778 0.079325
v 1.632741 7.225548 0.079418
v 1.630950 7.226392 0.079264
v 1.633559 7.225077 0.079428
v 1.630077 7.226648 0.079230
v 1.631972 7.226174 0.079266
v 1.633354 7.225413 0.079325
v 1.634853 7.223641 0.079622
v 1.634053 7.224858 0.079362
v 1.634621 7.224070 0.079507
v 1.633098 7.225852 0.079247
v 1.634631 7.224546 0.079298
v 1.631698 7.226473 0.079232
v 1.634725 7.224205 0.079380
v 1.635192 7.223557 0.079423
v 1.635344 7.223589 0.079339
v 1.634259 7.225110 0.079250
v 1.635277 7.224118 0.079251
v 1.623508 7.221735 0.079241
v 1.624713 7.222457 0.079744
v 1.624713 7.222186 0.080183
v 1.624637 7.222005 0.080183
v 1.624567 7.221822 0.080184
v 1.624586 7.221908 0.080052
v 1.624504 7.221637 0.080184
v 1.624446 7.221449 0.080185
v 1.624395 7.221260 0.080185
v 1.624351 7.221069 0.080186
v 1.624312 7.220877 0.080186
v 1.624280 7.220684 0.080187
v 1.624255 7.220490 0.080187
v 1.624236 7.220294 0.080188
v 1.624223 7.220099 0.080188
v 1.624217 7.219903 0.080189
v 1.624218 7.219707 0.080189
v 1.624225 7.219512 0.080190
v 1.624225 7.219448 0.080111
v 1.624238 7.219316 0.080190
v 1.624194 7.220024 0.079985
v 1.624250 7.220472 0.080092
v 1.624758 7.222307 0.080063
v 1.624393 7.221389 0.079952
v 1.624450 7.221795 0.079774
v 1.624242 7.220675 0.079935
v 1.624101 7.219898 0.079745
v 1.624113 7.220596 0.079691
v 1.624191 7.221110 0.079671
v 1.624374 7.222059 0.079541
v 1.623962 7.220518 0.079517
v 1.624009 7.221416 0.079422
v 1.624085 7.221961 0.079367
v 1.624452 7.222639 0.079409
v 1.623790 7.219141 0.079404
v 1.623687 7.219989 0.079358
v 1.623708 7.220871 0.079329
v 1.623796 7.221917 0.079269
v 1.623543 7.218830 0.079288
v 1.623299 7.219402 0.079250
v 1.623446 7.220653 0.079258
v 1.623290 7.220353 0.079246
v 1.623633 7.221895 0.079245
v 1.624220 7.218706 0.080192
v 1.624243 7.218795 0.080191
v 1.624256 7.218870 0.080191
v 1.624264 7.218962 0.080191
v 1.624264 7.219037 0.080191
v 1.624260 7.219102 0.080189
v 1.624238 7.219007 0.080024
v 1.623850 7.218845 0.079446
v 1.624004 7.219303 0.079584
v 1.624174 7.219294 0.079862
v 1.624198 7.218642 0.080192
v 1.624232 7.218799 0.080110
v 1.624178 7.218596 0.080192
v 1.624047 7.218612 0.079682
v 1.624026 7.218493 0.079838
v 1.624157 7.218551 0.080192
v 1.624124 7.218492 0.080192
v 1.624145 7.218555 0.080095
v 1.624088 7.218435 0.080192
v 1.624048 7.218381 0.080192
v 1.623999 7.218324 0.080193
v 1.623933 7.218259 0.080193
v 1.623979 7.218318 0.080092
v 1.623861 7.218201 0.080193
v 1.623792 7.218154 0.080193
v 1.623726 7.218116 0.080193
v 1.623719 7.218124 0.080129
v 1.623796 7.218194 0.079976
v 1.623673 7.218091 0.080193
v 1.623584 7.218056 0.080189
v 1.623520 7.218037 0.080186
v 1.623427 7.218017 0.080190
v 1.623357 7.218008 0.080193
v 1.623307 7.218004 0.080193
v 1.623257 7.218275 0.079552
v 1.623333 7.218675 0.079307
v 1.623389 7.218946 0.079262
v 1.623409 7.218444 0.079427
v 1.623660 7.218400 0.079546
v 1.623627 7.218572 0.079421
v 1.624123 7.218881 0.079731
v 1.623485 7.218065 0.079871
v 1.623478 7.218048 0.080048
v 1.623689 7.218243 0.079681
v 1.622793 7.218131 0.079713
v 1.623269 7.218009 0.080113
v 1.622499 7.217984 0.080193
v 1.619278 7.218174 0.080147
v 1.619138 7.218201 0.080093
v 1.618469 7.218290 0.080096
v 1.616888 7.218601 0.080191
v 1.616735 7.218642 0.080121
v 1.616104 7.218796 0.080191
v 1.615945 7.218843 0.080125
v 1.615327 7.219018 0.080190
v 1.615165 7.219077 0.080080
v 1.614558 7.219265 0.080189
v 1.614390 7.219331 0.080088
v 1.613797 7.219539 0.080189
v 1.613626 7.219613 0.080087
v 1.612306 7.220161 0.080187
v 1.612134 7.220267 0.080010
v 1.611570 7.220513 0.080089
v 1.610860 7.220883 0.080185
v 1.610156 7.221280 0.080184
v 1.609967 7.221394 0.080140
v 1.609466 7.221700 0.080183
v 1.609275 7.221824 0.080139
v 1.608790 7.222143 0.080182
v 1.608599 7.222279 0.080125
v 1.608130 7.222609 0.080180
v 1.607944 7.222763 0.080051
v 1.607486 7.223096 0.080179
v 1.607304 7.223267 0.080005
v 1.606858 7.223605 0.080178
v 1.606678 7.223786 0.080006
v 1.606241 7.224141 0.080094
v 1.605657 7.224685 0.080175
v 1.605467 7.224876 0.080099
v 1.605084 7.225255 0.080173
v 1.604894 7.225455 0.080129
v 1.604531 7.225843 0.080172
v 1.603998 7.226450 0.080170
v 1.603485 7.227075 0.080169
v 1.602994 7.227716 0.080167
v 1.602950 7.227824 0.080010
v 1.603278 7.227370 0.080012
v 1.603389 7.227375 0.079747
v 1.603538 7.227489 0.079504
v 1.603678 7.227754 0.079319
v 1.603757 7.227983 0.079252
v 1.603874 7.228061 0.079228
v 1.605421 7.226288 0.079232
v 1.608777 7.223303 0.079239
v 1.617332 7.219456 0.079249
v 1.604345 7.226057 0.080106
v 1.613040 7.219840 0.080106
v 1.603815 7.226675 0.080104
v 1.622388 7.218000 0.080028
v 1.621690 7.217991 0.080097
v 1.620882 7.218025 0.080095
v 1.615962 7.218904 0.079868
v 1.614411 7.219389 0.079851
v 1.605492 7.224901 0.079921
v 1.604925 7.225483 0.079918
v 1.620076 7.218086 0.080097
v 1.617673 7.218433 0.080096
v 1.615183 7.219137 0.079843
v 1.613636 7.219640 0.079938
v 1.621575 7.218057 0.079869
v 1.616745 7.218684 0.079906
v 1.610683 7.221005 0.080006
v 1.608621 7.222311 0.079913
v 1.609991 7.221433 0.079907
v 1.607978 7.222808 0.079833
v 1.606100 7.224360 0.079838
v 1.622388 7.218048 0.079861
v 1.612526 7.220144 0.079837
v 1.609306 7.221870 0.079877
v 1.606721 7.223836 0.079795
v 1.619147 7.218265 0.079842
v 1.620764 7.218099 0.079859
v 1.619953 7.218164 0.079859
v 1.613280 7.219842 0.079796
v 1.605539 7.224948 0.079750
v 1.604380 7.226087 0.079888
v 1.603850 7.226704 0.079888
v 1.618345 7.218396 0.079817
v 1.617545 7.218534 0.079839
v 1.604726 7.225852 0.079680
v 1.621580 7.218197 0.079628
v 1.613683 7.219759 0.079674
v 1.611431 7.220680 0.079808
v 1.619961 7.218241 0.079706
v 1.619158 7.218350 0.079682
v 1.614455 7.219515 0.079622
v 1.612942 7.220084 0.079643
v 1.608670 7.222379 0.079726
v 1.606808 7.223937 0.079590
v 1.606150 7.224414 0.079696
v 1.605610 7.225019 0.079605
v 1.620772 7.218235 0.079628
v 1.616766 7.218772 0.079713
v 1.610727 7.221083 0.079756
v 1.607372 7.223350 0.079725
v 1.603932 7.226771 0.079666
v 1.611479 7.220773 0.079632
v 1.605078 7.225628 0.079547
v 1.604550 7.226237 0.079524
v 1.619568 7.218365 0.079601
v 1.615223 7.219265 0.079619
v 1.618368 7.218531 0.079603
v 1.617570 7.218660 0.079624
v 1.608041 7.222892 0.079650
v 1.612192 7.220388 0.079681
v 1.610058 7.221544 0.079655
v 1.609374 7.221975 0.079643
v 1.608748 7.222492 0.079545
v 1.606235 7.224506 0.079538
v 1.607458 7.223457 0.079539
v 1.617596 7.218785 0.079491
v 1.616014 7.219094 0.079559
v 1.615265 7.219397 0.079478
v 1.614489 7.219613 0.079508
v 1.613359 7.220036 0.079514
v 1.610809 7.221231 0.079533
v 1.608143 7.223028 0.079468
v 1.622387 7.218291 0.079518
v 1.621181 7.218331 0.079501
v 1.619982 7.218453 0.079472
v 1.619186 7.218560 0.079460
v 1.616797 7.218902 0.079547
v 1.613394 7.220119 0.079440
v 1.611892 7.220696 0.079509
v 1.604033 7.226854 0.079513
v 1.620790 7.218501 0.079394
v 1.604934 7.226042 0.079398
v 1.604208 7.226998 0.079350
v 1.621587 7.218439 0.079408
v 1.614526 7.219718 0.079422
v 1.612321 7.220664 0.079393
v 1.608835 7.222615 0.079416
v 1.607241 7.223826 0.079416
v 1.606035 7.224881 0.079422
v 1.611252 7.221205 0.079388
v 1.622793 7.218492 0.079376
v 1.618811 7.218763 0.079367
v 1.618006 7.218791 0.079430
v 1.615692 7.219427 0.079377
v 1.608223 7.223134 0.079375
v 1.616842 7.219090 0.079395
v 1.613430 7.220207 0.079379
v 1.610203 7.221786 0.079393
v 1.609505 7.222178 0.079417
v 1.607332 7.223936 0.079334
v 1.605587 7.225562 0.079323
v 1.621592 7.218591 0.079329
v 1.617648 7.219043 0.079329
v 1.606462 7.224752 0.079312
v 1.618443 7.218981 0.079300
v 1.616496 7.219349 0.079314
v 1.611339 7.221368 0.079301
v 1.609968 7.222164 0.079296
v 1.608321 7.223265 0.079300
v 1.604813 7.226469 0.079297
v 1.614967 7.219778 0.079321
v 1.608955 7.222787 0.079309
v 1.606164 7.225230 0.079265
v 1.622782 7.218664 0.079302
v 1.621199 7.218721 0.079291
v 1.613844 7.220173 0.079320
v 1.604374 7.227135 0.079264
v 1.619811 7.218740 0.079321
v 1.615205 7.219865 0.079272
v 1.612775 7.220699 0.079295
v 1.620324 7.218915 0.079262
v 1.617496 7.219282 0.079269
v 1.610703 7.221851 0.079266
v 1.607436 7.224060 0.079274
v 1.613553 7.220510 0.079261
v 1.615763 7.219840 0.079251
v 1.611411 7.221502 0.079259
v 1.609380 7.222708 0.079258
v 1.605066 7.226430 0.079250
v 1.610092 7.222363 0.079245
v 1.608436 7.223418 0.079250
v 1.622905 7.218862 0.079258
v 1.621752 7.218920 0.079252
v 1.610961 7.221906 0.079242
v 1.614055 7.220443 0.079247
v 1.612108 7.221250 0.079248
v 1.602943 7.227793 0.080159
v 1.602975 7.227744 0.080167
v 1.602906 7.227859 0.080164
v 1.602884 7.227906 0.080163
v 1.602859 7.227968 0.080166
v 1.602843 7.228016 0.080166
v 1.602829 7.228065 0.080166
v 1.602814 7.228140 0.080166
v 1.602803 7.228215 0.080166
v 1.602800 7.228274 0.080166
v 1.602799 7.228350 0.080165
v 1.602803 7.228401 0.080165
v 1.602811 7.228468 0.080165
v 1.602824 7.228534 0.080165
v 1.602842 7.228600 0.080165
v 1.602863 7.228663 0.080165
v 1.602890 7.228725 0.080164
v 1.602931 7.227940 0.079791
v 1.602913 7.228759 0.080084
v 1.602840 7.228549 0.080058
v 1.603141 7.228560 0.079504
v 1.603213 7.228147 0.079393
v 1.603380 7.228518 0.079341
v 1.603020 7.228055 0.079587
v 1.602804 7.228346 0.080100
v 1.602824 7.228122 0.080088
v 1.602848 7.228336 0.079891
v 1.603416 7.228234 0.079305
v 1.602986 7.227769 0.095139
v 1.602965 7.227800 0.095157
v 1.602929 7.227859 0.095192
v 1.602904 7.227904 0.095218
v 1.602893 7.227926 0.095230
v 1.602872 7.227974 0.095257
v 1.602853 7.228025 0.095284
v 1.602842 7.228059 0.095303
v 1.602832 7.228095 0.095321
v 1.602823 7.228131 0.095340
v 1.602812 7.228187 0.095368
v 1.602804 7.228243 0.095395
v 1.602799 7.228303 0.095424
v 1.602798 7.228383 0.095461
v 1.602800 7.228421 0.095479
v 1.602808 7.228498 0.095512
v 1.602826 7.228591 0.095551
v 1.602841 7.228645 0.095572
v 1.602864 7.228711 0.095597
v 1.602897 7.228788 0.095624
v 1.602919 7.228786 0.080164
v 1.602957 7.228849 0.080164
v 1.602935 7.228859 0.095647
v 1.602975 7.228923 0.095666
v 1.603010 7.228924 0.080164
v 1.603025 7.228989 0.095683
v 1.603058 7.228980 0.080163
v 1.603071 7.229041 0.095695
v 1.603111 7.229035 0.080164
v 1.603141 7.229108 0.095706
v 1.603189 7.229147 0.095711
v 1.603239 7.229183 0.095713
v 1.598144 7.235135 0.097583
v 1.598073 7.234964 0.097583
v 1.597993 7.234697 0.097584
v 1.597953 7.234478 0.097585
v 1.594573 7.234925 0.095846
v 1.597938 7.234229 0.097585
v 1.594537 7.233819 0.095848
v 1.597943 7.234034 0.097586
v 1.594607 7.233284 0.095852
v 1.597968 7.233831 0.097586
v 1.598036 7.233552 0.097587
v 1.594925 7.232139 0.095856
v 1.598094 7.233386 0.097587
v 1.595081 7.231774 0.095855
v 1.598154 7.233250 0.097588
v 1.595254 7.231446 0.095857
v 1.598251 7.233070 0.097588
v 1.595659 7.230830 0.095859
v 1.598343 7.232930 0.097589
v 1.598409 7.232841 0.097589
v 1.598531 7.232702 0.097589
v 1.596138 7.230271 0.095860
v 1.596477 7.229954 0.095860
v 1.598749 7.232499 0.097590
v 1.596866 7.229651 0.095862
v 1.597275 7.229378 0.095860
v 1.598927 7.232367 0.097590
v 1.599071 7.232281 0.097590
v 1.597681 7.229163 0.095863
v 1.599254 7.232190 0.097591
v 1.598126 7.228960 0.095859
v 1.599410 7.232130 0.097591
v 1.598372 7.228881 0.095863
v 1.598640 7.228801 0.095865
v 1.599569 7.232080 0.097591
v 1.598894 7.228736 0.095864
v 1.599677 7.232054 0.097591
v 1.599253 7.228652 0.095857
v 1.599842 7.232026 0.097591
v 1.600008 7.232009 0.097591
v 1.600034 7.228601 0.095865
v 1.600120 7.232006 0.097591
v 1.600343 7.232017 0.097591
v 1.600598 7.228618 0.095865
v 1.600972 7.228662 0.095865
v 1.600563 7.232048 0.097591
v 1.601414 7.228742 0.095862
v 1.600779 7.232103 0.097591
v 1.600954 7.232163 0.097591
v 1.602419 7.228571 0.095625
v 1.602699 7.228166 0.095381
v 1.601023 7.232192 0.097591
v 1.601140 7.232249 0.097591
v 1.601317 7.232349 0.097590
v 1.603431 7.229308 0.095713
v 1.603592 7.229420 0.095713
v 1.601535 7.232509 0.097590
v 1.603749 7.229537 0.095713
v 1.603902 7.229660 0.095712
v 1.604051 7.229788 0.095712
v 1.604196 7.229920 0.095712
v 1.604336 7.230057 0.095711
v 1.601699 7.232659 0.097590
v 1.604471 7.230199 0.095711
v 1.604602 7.230345 0.095711
v 1.601866 7.232846 0.097589
v 1.604727 7.230496 0.095710
v 1.604848 7.230650 0.095710
v 1.601968 7.232989 0.097589
v 1.604963 7.230809 0.095710
v 1.605073 7.230971 0.095709
v 1.605178 7.231137 0.095709
v 1.605277 7.231306 0.095708
v 1.602087 7.233188 0.097588
v 1.605371 7.231478 0.095708
v 1.602153 7.233331 0.097588
v 1.605458 7.231653 0.095707
v 1.602241 7.233566 0.097587
v 1.602298 7.233809 0.097587
v 1.602323 7.233965 0.097586
v 1.602334 7.234132 0.097586
v 1.602334 7.234299 0.097585
v 1.602315 7.234493 0.097585
v 1.602269 7.234739 0.097584
v 1.602193 7.234978 0.097584
v 1.602118 7.235157 0.097583
v 1.602034 7.235312 0.097583
v 1.601907 7.235507 0.097582
v 1.601839 7.235595 0.097582
v 1.601728 7.235719 0.097582
v 1.601609 7.235837 0.097581
v 1.601524 7.235909 0.097581
v 1.601304 7.236064 0.097581
v 1.601102 7.236177 0.097580
v 1.600932 7.236252 0.097580
v 1.600720 7.236321 0.097580
v 1.600466 7.236376 0.097580
v 1.600300 7.236395 0.097580
v 1.600077 7.236399 0.097580
v 1.599855 7.236383 0.097580
v 1.599708 7.236360 0.097580
v 1.599564 7.236326 0.097580
v 1.599457 7.236294 0.097580
v 1.599300 7.236236 0.097580
v 1.599099 7.236141 0.097580
v 1.598954 7.236057 0.097581
v 1.598773 7.235928 0.097581
v 1.598605 7.235782 0.097581
v 1.598454 7.235618 0.097582
v 1.598318 7.235441 0.097582
v 1.598239 7.235316 0.097582
v 1.605541 7.231835 0.095707
v 1.605618 7.232019 0.095707
v 1.605689 7.232206 0.095706
v 1.605754 7.232396 0.095706
v 1.605812 7.232587 0.095705
v 1.605863 7.232780 0.095705
v 1.605908 7.232975 0.095704
v 1.605946 7.233171 0.095704
v 1.605977 7.233368 0.095703
v 1.606002 7.233567 0.095703
v 1.606020 7.233766 0.095702
v 1.606032 7.233965 0.095702
v 1.606036 7.234165 0.095701
v 1.606034 7.234365 0.095701
v 1.606025 7.234565 0.095700
v 1.606009 7.234764 0.095700
v 1.605986 7.234962 0.095699
v 1.605957 7.235160 0.095699
v 1.605921 7.235357 0.095698
v 1.605878 7.235552 0.095698
v 1.605829 7.235745 0.095697
v 1.605773 7.235938 0.095697
v 1.605711 7.236127 0.095696
v 1.605643 7.236315 0.095696
v 1.605568 7.236500 0.095695
v 1.605486 7.236683 0.095695
v 1.605399 7.236863 0.095694
v 1.605305 7.237040 0.095694
v 1.605206 7.237213 0.095693
v 1.605101 7.237383 0.095693
v 1.604990 7.237549 0.095692
v 1.604874 7.237712 0.095692
v 1.604752 7.237870 0.095692
v 1.604624 7.238024 0.095691
v 1.604492 7.238174 0.095691
v 1.604355 7.238319 0.095690
v 1.604212 7.238460 0.095690
v 1.604065 7.238595 0.095690
v 1.603914 7.238726 0.095689
v 1.603758 7.238852 0.095689
v 1.603598 7.238971 0.095689
v 1.603434 7.239086 0.095688
v 1.603266 7.239195 0.095688
v 1.603095 7.239298 0.095688
v 1.602920 7.239395 0.095687
v 1.602743 7.239487 0.095687
v 1.602562 7.239572 0.095687
v 1.602378 7.239651 0.095687
v 1.602192 7.239724 0.095687
v 1.602003 7.239790 0.095686
v 1.601812 7.239850 0.095686
v 1.601619 7.239903 0.095686
v 1.601425 7.239951 0.095686
v 1.601229 7.239991 0.095686
v 1.601032 7.240025 0.095686
v 1.600834 7.240052 0.095686
v 1.600635 7.240072 0.095686
v 1.600435 7.240086 0.095686
v 1.600235 7.240092 0.095686
v 1.600035 7.240092 0.095685
v 1.599835 7.240085 0.095686
v 1.599636 7.240072 0.095686
v 1.599423 7.240050 0.095685
v 1.599370 7.240046 0.095684
v 1.599329 7.240045 0.095682
v 1.599287 7.240045 0.095679
v 1.599232 7.240048 0.095673
v 1.599170 7.240056 0.095664
v 1.599095 7.240069 0.095651
v 1.599022 7.240089 0.095634
v 1.598945 7.240117 0.095613
v 1.598884 7.240144 0.095593
v 1.598815 7.240180 0.095567
v 1.598741 7.240228 0.095535
v 1.598669 7.240284 0.095499
v 1.598628 7.240320 0.095476
v 1.598573 7.240377 0.095440
v 1.598522 7.240438 0.095403
v 1.598489 7.240485 0.095376
v 1.598454 7.240541 0.095344
v 1.598407 7.240633 0.095292
v 1.598379 7.240701 0.095255
v 1.598361 7.240751 0.095227
v 1.598342 7.240829 0.095186
v 1.598327 7.240916 0.095141
v 1.598158 7.239438 0.095837
v 1.597413 7.239096 0.095836
v 1.596900 7.238771 0.095839
v 1.595884 7.237845 0.095841
v 1.595615 7.237513 0.095841
v 1.599636 7.240027 0.080135
v 1.599835 7.240040 0.080135
v 1.600034 7.240047 0.080135
v 1.600233 7.240047 0.080135
v 1.600432 7.240041 0.080135
v 1.600631 7.240027 0.080135
v 1.600829 7.240007 0.080135
v 1.601027 7.239981 0.080135
v 1.601223 7.239947 0.080136
v 1.601612 7.239861 0.080136
v 1.601804 7.239808 0.080136
v 1.601994 7.239749 0.080136
v 1.602182 7.239683 0.080136
v 1.602368 7.239611 0.080136
v 1.602551 7.239532 0.080137
v 1.602731 7.239448 0.080137
v 1.602908 7.239357 0.080137
v 1.603083 7.239261 0.080137
v 1.603254 7.239159 0.080138
v 1.603421 7.239051 0.080138
v 1.603585 7.238937 0.080138
v 1.603744 7.238818 0.080139
v 1.603900 7.238694 0.080139
v 1.604073 7.238545 0.080105
v 1.604198 7.238430 0.080140
v 1.604340 7.238291 0.080140
v 1.604478 7.238146 0.080140
v 1.604610 7.237998 0.080141
v 1.604737 7.237845 0.080141
v 1.604895 7.237642 0.080105
v 1.604976 7.237526 0.080142
v 1.605087 7.237361 0.080142
v 1.605193 7.237192 0.080143
v 1.605293 7.237020 0.080143
v 1.605387 7.236845 0.080144
v 1.605475 7.236666 0.080144
v 1.605556 7.236485 0.080145
v 1.605632 7.236300 0.080145
v 1.605701 7.236114 0.080146
v 1.605765 7.235925 0.080146
v 1.605821 7.235734 0.080147
v 1.605871 7.235542 0.080147
v 1.605915 7.235348 0.080148
v 1.605952 7.235152 0.080148
v 1.605983 7.234955 0.080149
v 1.606006 7.234758 0.080149
v 1.606023 7.234560 0.080150
v 1.606034 7.234361 0.080150
v 1.606037 7.234162 0.080151
v 1.606034 7.233963 0.080151
v 1.606025 7.233764 0.080152
v 1.606008 7.233566 0.080152
v 1.605985 7.233368 0.080153
v 1.605955 7.233171 0.080153
v 1.605918 7.232975 0.080154
v 1.605875 7.232781 0.080154
v 1.605826 7.232588 0.080155
v 1.605770 7.232398 0.080155
v 1.605707 7.232209 0.080156
v 1.605638 7.232022 0.080156
v 1.605563 7.231837 0.080157
v 1.605482 7.231656 0.080157
v 1.605394 7.231477 0.080158
v 1.605301 7.231301 0.080158
v 1.605202 7.231129 0.080158
v 1.605096 7.230959 0.080159
v 1.604986 7.230794 0.080159
v 1.604869 7.230632 0.080160
v 1.604748 7.230475 0.080160
v 1.604621 7.230321 0.080160
v 1.604489 7.230173 0.080161
v 1.604352 7.230028 0.080161
v 1.604210 7.229888 0.080162
v 1.604064 7.229753 0.080162
v 1.603913 7.229623 0.080162
v 1.603758 7.229498 0.080162
v 1.603598 7.229379 0.080163
v 1.603435 7.229265 0.080163
v 1.603737 7.228682 0.079283
v 1.603277 7.228960 0.079652
v 1.603788 7.229280 0.079605
v 1.603547 7.229331 0.080040
v 1.604389 7.230024 0.079951
v 1.605505 7.231698 0.080077
v 1.605688 7.232137 0.080050
v 1.603031 7.239296 0.080039
v 1.601413 7.239909 0.080120
v 1.600567 7.240047 0.079985
v 1.599785 7.240054 0.079958
v 1.599903 7.240400 0.079411
v 1.603201 7.240117 0.079209
v 1.606640 7.235903 0.079215
v 1.602492 7.240517 0.079197
v 1.599814 7.240955 0.079194
v 1.604967 7.238954 0.079197
v 1.605966 7.237783 0.079200
v 1.606880 7.234657 0.079217
v 1.606298 7.231356 0.079226
v 1.605640 7.230214 0.079226
v 1.604078 7.239700 0.079197
v 1.604838 7.229260 0.079227
v 1.602560 7.240588 0.079192
v 1.606735 7.235967 0.079204
v 1.607024 7.234343 0.079208
v 1.606847 7.233696 0.079228
v 1.606947 7.233204 0.079211
v 1.606635 7.231910 0.079215
v 1.604753 7.230457 0.080012
v 1.605988 7.233249 0.079980
v 1.604367 7.238268 0.080052
v 1.605830 7.235774 0.079985
v 1.605406 7.236846 0.079969
v 1.605638 7.236372 0.079927
v 1.604630 7.237999 0.079985
v 1.603528 7.238981 0.080056
v 1.606029 7.234745 0.079972
v 1.605083 7.237413 0.079949
v 1.600965 7.239997 0.080013
v 1.605026 7.230840 0.080045
v 1.605926 7.235345 0.080014
v 1.605391 7.231432 0.080000
v 1.606037 7.234050 0.080065
v 1.603992 7.229677 0.080022
v 1.605832 7.232551 0.080001
v 1.603599 7.238951 0.079950
v 1.602608 7.239543 0.079894
v 1.601819 7.239822 0.079973
v 1.603745 7.229385 0.079784
v 1.606098 7.233985 0.079828
v 1.605638 7.231886 0.079864
v 1.605401 7.231328 0.079801
v 1.603932 7.238734 0.079838
v 1.604700 7.230065 0.079560
v 1.604679 7.230238 0.079747
v 1.604272 7.229725 0.079651
v 1.605916 7.232540 0.079746
v 1.606074 7.235205 0.079683
v 1.604712 7.238035 0.079728
v 1.603142 7.239313 0.079785
v 1.605916 7.235699 0.079769
v 1.604294 7.238499 0.079695
v 1.599882 7.240179 0.079651
v 1.605227 7.230981 0.079751
v 1.606141 7.233342 0.079644
v 1.606175 7.234559 0.079653
v 1.603783 7.238981 0.079634
v 1.603138 7.239462 0.079567
v 1.601470 7.240003 0.079713
v 1.600412 7.240137 0.079734
v 1.605407 7.237118 0.079646
v 1.605068 7.237743 0.079578
v 1.605159 7.230662 0.079574
v 1.602291 7.239771 0.079683
v 1.600645 7.240331 0.079457
v 1.605868 7.236211 0.079592
v 1.605609 7.231289 0.079509
v 1.604191 7.229378 0.079439
v 1.604877 7.230058 0.079427
v 1.606196 7.235359 0.079493
v 1.604691 7.238308 0.079497
v 1.604162 7.238939 0.079414
v 1.602515 7.239846 0.079490
v 1.606200 7.232810 0.079480
v 1.605581 7.230895 0.079376
v 1.605034 7.238220 0.079342
v 1.602897 7.239789 0.079396
v 1.601575 7.240120 0.079516
v 1.605905 7.232105 0.079573
v 1.606432 7.233601 0.079387
v 1.606300 7.234045 0.079517
v 1.601275 7.240369 0.079363
v 1.605466 7.237386 0.079440
v 1.606085 7.232036 0.079395
v 1.605736 7.237323 0.079308
v 1.602292 7.240152 0.079328
v 1.605093 7.229926 0.079295
v 1.604534 7.229381 0.079304
v 1.605986 7.236349 0.079431
v 1.603527 7.239351 0.079458
v 1.606510 7.233085 0.079304
v 1.606427 7.234708 0.079388
v 1.605389 7.237842 0.079314
v 1.606396 7.235454 0.079336
v 1.606100 7.231605 0.079302
v 1.604627 7.238691 0.079332
v 1.602269 7.240359 0.079246
v 1.604877 7.238707 0.079248
v 1.604035 7.239309 0.079291
v 1.603140 7.239968 0.079251
v 1.605746 7.230691 0.079265
v 1.606578 7.232539 0.079247
v 1.606706 7.234358 0.079259
v 1.605998 7.237091 0.079258
v 1.605115 7.238602 0.079219
v 1.606239 7.236388 0.079283
v 1.601226 7.240627 0.079246
v 1.604076 7.228733 0.079242
v 1.604186 7.239429 0.079223
v 1.606611 7.235387 0.079251
v 1.605899 7.237592 0.079214
v 1.603601 7.228897 0.079418
v 1.603637 7.228382 0.079241
v 1.603109 7.228737 0.079630
v 1.603195 7.229031 0.079880
v 1.603154 7.229073 0.080155
v 1.603230 7.229132 0.080161
v 1.603026 7.228933 0.080085
v 1.602975 7.228690 0.079709
v 1.603331 7.228742 0.079449
v 1.603222 7.229115 0.080082
v 1.599777 7.240808 0.079217
v 1.599962 7.240655 0.079263
v 1.599304 7.240000 0.080130
v 1.599253 7.240002 0.080132
v 1.599103 7.240024 0.080130
v 1.599030 7.240043 0.080125
v 1.598959 7.240067 0.080135
v 1.598889 7.240097 0.080131
v 1.598808 7.240140 0.080135
v 1.598751 7.240177 0.080135
v 1.598690 7.240222 0.080129
v 1.598634 7.240272 0.080135
v 1.598581 7.240325 0.080134
v 1.598532 7.240383 0.080134
v 1.598492 7.240438 0.080134
v 1.598452 7.240501 0.080134
v 1.598410 7.240583 0.080134
v 1.598384 7.240645 0.080134
v 1.598362 7.240709 0.080133
v 1.598340 7.240798 0.080133
v 1.598325 7.240898 0.080133
v 1.598919 7.240315 0.079569
v 1.598334 7.240933 0.080007
v 1.598711 7.240361 0.079704
v 1.598520 7.240751 0.079629
v 1.598538 7.240560 0.079738
v 1.598758 7.240523 0.079504
v 1.598382 7.240858 0.079853
v 1.598914 7.240478 0.079431
v 1.599242 7.240422 0.079376
v 1.598961 7.240631 0.079332
v 1.598741 7.240743 0.079411
v 1.598620 7.240937 0.079464
v 1.599157 7.240566 0.079305
v 1.598815 7.240950 0.079326
v 1.599182 7.240869 0.079193
v 1.599410 7.240004 0.080125
v 1.599356 7.240001 0.080122
v 1.599178 7.240010 0.080128
v 1.598549 7.240379 0.080057
v 1.598963 7.240076 0.080066
v 1.598394 7.240673 0.079990
v 1.598584 7.240375 0.079907
v 1.599009 7.240081 0.079930
v 1.598819 7.240185 0.079890
v 1.599195 7.240140 0.079625
v 1.599307 7.240009 0.080044
v 1.599208 7.240829 0.079214
v 1.602156 7.228970 0.095862
v 1.601888 7.228876 0.095863
v 1.602179 7.228934 0.095848
v 1.602304 7.228745 0.095948
v 1.602320 7.228720 0.095988
v 1.601820 7.228550 0.096029
v 1.601460 7.228455 0.096032
v 1.601067 7.228379 0.096032
v 1.600735 7.228342 0.096001
v 1.600343 7.228310 0.096028
v 1.599871 7.228311 0.096032
v 1.599472 7.228342 0.096032
v 1.599073 7.228402 0.096025
v 1.598678 7.228489 0.096016
v 1.598341 7.228584 0.096027
v 1.597942 7.228729 0.096022
v 1.597560 7.228896 0.096030
v 1.597331 7.229017 0.096011
v 1.597034 7.229185 0.096029
v 1.596783 7.229348 0.096029
v 1.596450 7.229604 0.095988
v 1.596384 7.229650 0.096028
v 1.596187 7.229820 0.096017
v 1.595670 7.230348 0.096026
v 1.595282 7.230851 0.096019
v 1.595084 7.231155 0.096024
v 1.594572 7.232239 0.096021
v 1.594440 7.232668 0.096020
v 1.594321 7.233212 0.096013
v 1.594267 7.233601 0.096018
v 1.594241 7.233963 0.096013
v 1.594294 7.235002 0.095998
v 1.594355 7.235373 0.096010
v 1.594443 7.235745 0.096010
v 1.594631 7.236315 0.095999
v 1.594827 7.236765 0.096005
v 1.595182 7.237397 0.096001
v 1.595440 7.237766 0.096002
v 1.595771 7.238162 0.096006
v 1.596085 7.238483 0.096005
v 1.596361 7.238727 0.095996
v 1.596595 7.238914 0.096000
v 1.596866 7.239105 0.096004
v 1.597093 7.239249 0.095998
v 1.597267 7.239349 0.095995
v 1.597669 7.239551 0.095996
v 1.598099 7.239730 0.095999
v 1.598249 7.239771 0.095941
v 1.598277 7.239725 0.095869
v 1.594489 7.233634 0.095831
v 1.598288 7.239507 0.095829
v 1.597058 7.238880 0.095838
v 1.596520 7.238486 0.095836
v 1.596205 7.238196 0.095838
v 1.595413 7.237219 0.095841
v 1.595151 7.236766 0.095841
v 1.594869 7.236127 0.095843
v 1.594640 7.235322 0.095845
v 1.594805 7.232452 0.095853
v 1.595876 7.230552 0.095858
v 1.596613 7.229471 0.096024
v 1.594433 7.235660 0.095956
v 1.594252 7.234618 0.096011
v 1.595536 7.230510 0.096016
v 1.596811 7.229335 0.095994
v 1.601690 7.228521 0.095990
v 1.594511 7.235968 0.095992
v 1.595970 7.230027 0.096019
v 1.597108 7.229149 0.095989
v 1.596900 7.239121 0.095976
v 1.598397 7.239832 0.095969
v 1.594677 7.231970 0.096003
v 1.594373 7.233037 0.095949
v 1.595955 7.238345 0.095963
v 1.594955 7.231384 0.096006
v 1.596637 7.238931 0.095952
v 1.594799 7.231690 0.096014
v 1.596286 7.229796 0.095913
v 1.599870 7.228323 0.095985
v 1.601153 7.228399 0.095993
v 1.595018 7.237126 0.095988
v 1.594495 7.232502 0.095979
v 1.595151 7.231078 0.095960
v 1.594856 7.231627 0.095932
v 1.596738 7.229446 0.095906
v 1.597767 7.228835 0.095944
v 1.598472 7.228568 0.095952
v 1.598968 7.228446 0.095943
v 1.595252 7.237471 0.095941
v 1.594359 7.235268 0.095929
v 1.594240 7.234313 0.095999
v 1.595514 7.230571 0.095947
v 1.600269 7.228352 0.095921
v 1.594304 7.234561 0.095894
v 1.594279 7.233579 0.095968
v 1.594619 7.236203 0.095921
v 1.594640 7.232130 0.095932
v 1.599288 7.228391 0.095955
v 1.595636 7.237994 0.095958
v 1.597671 7.239534 0.095938
v 1.594271 7.233978 0.095929
v 1.597722 7.239512 0.095876
v 1.595237 7.231014 0.095904
v 1.595853 7.230171 0.095962
v 1.595735 7.238039 0.095880
v 1.597161 7.229177 0.095899
v 1.599602 7.228402 0.095893
v 1.596220 7.238554 0.095900
v 1.594490 7.232631 0.095912
v 1.594996 7.231489 0.095872
v 1.596786 7.238979 0.095876
v 1.594391 7.235086 0.095865
v 1.601835 7.228625 0.095900
v 1.594976 7.236982 0.095919
v 1.594693 7.232097 0.095886
v 1.601093 7.228455 0.095896
v 1.595373 7.230941 0.095852
v 1.594527 7.235763 0.095869
v 1.600602 7.228394 0.095890
v 1.595735 7.230431 0.095867
v 1.597180 7.239238 0.095879
v 1.594818 7.236537 0.095861
v 1.594487 7.232872 0.095861
v 1.596335 7.229879 0.095851
v 1.594660 7.232391 0.095848
v 1.598129 7.228755 0.095878
v 1.598884 7.228530 0.095877
v 1.596234 7.238464 0.095841
v 1.597605 7.239353 0.095825
v 1.594362 7.233438 0.095876
v 1.596967 7.229390 0.095853
v 1.599936 7.228441 0.095857
v 1.595409 7.237573 0.095857
v 1.595749 7.237878 0.095823
v 1.594643 7.235874 0.095831
v 1.594368 7.233901 0.095849
v 1.597556 7.229046 0.095856
v 1.594496 7.235176 0.095832
v 1.594470 7.233311 0.095835
v 1.602238 7.228843 0.095841
v 1.594468 7.234368 0.095819
v 1.595253 7.237219 0.095828
v 1.599249 7.228555 0.095846
v 1.596357 7.238463 0.095820
v 1.600705 7.228481 0.095852
v 1.594944 7.231700 0.095847
v 1.596941 7.238993 0.095829
v 1.600015 7.228529 0.095844
v 1.594978 7.236618 0.095823
v 1.595378 7.231087 0.095838
v 1.594827 7.232233 0.095836
v 1.596256 7.230053 0.095841
v 1.600908 7.228602 0.095849
v 1.596766 7.229666 0.095847
v 1.597486 7.229190 0.095844
v 1.594674 7.232907 0.095850
v 1.595769 7.230605 0.095843
v 1.598332 7.228770 0.095848
v 1.599787 7.228601 0.095862
v 1.594717 7.235658 0.095843
v 1.598409 7.239706 0.095809
v 1.595459 7.231102 0.095856
v 1.600310 7.228588 0.095859
v 1.595867 7.237884 0.095826
v 1.598654 7.228762 0.095852
v 1.597116 7.238991 0.095820
v 1.595352 7.237215 0.095825
v 1.597811 7.239298 0.095835
v 1.594236 7.233936 0.098064
v 1.594252 7.233794 0.098056
v 1.594298 7.233352 0.098059
v 1.594350 7.233051 0.098059
v 1.594444 7.232663 0.098060
v 1.594598 7.232172 0.098062
v 1.594710 7.231890 0.098062
v 1.594837 7.231612 0.098063
v 1.595215 7.230952 0.098065
v 1.595460 7.230612 0.098066
v 1.594582 7.230901 0.098501
v 1.593574 7.233375 0.098951
v 1.593916 7.233119 0.098327
v 1.594713 7.231072 0.098271
v 1.594494 7.231351 0.098360
v 1.595180 7.229906 0.098338
v 1.593890 7.232416 0.098807
v 1.594897 7.229820 0.098966
v 1.594212 7.232287 0.098285
v 1.594409 7.232356 0.098123
v 1.594690 7.231720 0.098104
v 1.594771 7.231278 0.098169
v 1.595427 7.230397 0.098097
v 1.593818 7.234303 0.098185
v 1.594136 7.232964 0.098179
v 1.594313 7.232928 0.098086
v 1.594238 7.234395 0.098056
v 1.594460 7.231777 0.098233
v 1.595010 7.231282 0.098063
v 1.593803 7.233798 0.098273
v 1.594117 7.233594 0.098113
v 1.593541 7.234177 0.098440
v 1.594095 7.232245 0.098436
v 1.594884 7.230111 0.098582
v 1.594309 7.231364 0.098604
v 1.593950 7.232441 0.098576
v 1.594099 7.231915 0.098659
v 1.593850 7.232911 0.098490
v 1.593683 7.233113 0.098747
v 1.593547 7.233797 0.098590
v 1.594698 7.230268 0.098852
v 1.594185 7.231570 0.098860
v 1.593356 7.234227 0.098785
v 1.593415 7.233943 0.098895
v 1.594249 7.234610 0.098054
v 1.593917 7.235287 0.098069
v 1.593494 7.235188 0.098248
v 1.593354 7.235155 0.098371
v 1.593230 7.235126 0.098543
v 1.593157 7.235109 0.098706
v 1.593115 7.235099 0.098901
v 1.598351 7.260070 0.098913
v 1.598966 7.260858 0.098911
v 1.599660 7.261678 0.098863
v 1.600276 7.262369 0.098901
v 1.600968 7.263091 0.098887
v 1.601682 7.263790 0.098890
v 1.602596 7.264601 0.098783
v 1.603370 7.265263 0.098828
v 1.604995 7.266490 0.098807
v 1.605032 7.266437 0.098565
v 1.605098 7.266343 0.098369
v 1.605176 7.266232 0.098227
v 1.605278 7.266088 0.098102
v 1.605636 7.265938 0.097990
v 1.605144 7.265424 0.097978
v 1.599094 7.259643 0.098006
v 1.598094 7.258082 0.097999
v 1.596745 7.255872 0.098005
v 1.595523 7.253047 0.098008
v 1.594185 7.249473 0.098022
v 1.593765 7.246994 0.098024
v 1.593283 7.240181 0.098045
v 1.595239 7.254954 0.098884
v 1.595690 7.255857 0.098887
v 1.593443 7.250216 0.098918
v 1.592424 7.244191 0.098698
v 1.592896 7.236094 0.098898
v 1.595272 7.254939 0.098702
v 1.594841 7.254017 0.098723
v 1.594453 7.253077 0.098716
v 1.592610 7.246317 0.098816
v 1.592738 7.237098 0.098758
v 1.599060 7.260949 0.098768
v 1.592545 7.245200 0.098613
v 1.592349 7.243177 0.098754
v 1.595716 7.255854 0.098740
v 1.598429 7.260150 0.098773
v 1.592334 7.242160 0.098729
v 1.592954 7.236104 0.098668
v 1.597280 7.258471 0.098661
v 1.600405 7.262476 0.098732
v 1.594099 7.252124 0.098689
v 1.596177 7.256753 0.098775
v 1.596722 7.257621 0.098706
v 1.601118 7.263202 0.098699
v 1.593790 7.251155 0.098644
v 1.593477 7.250188 0.098699
v 1.597837 7.259323 0.098724
v 1.598469 7.260119 0.098610
v 1.604171 7.265892 0.098836
v 1.592488 7.239116 0.098701
v 1.592815 7.237111 0.098563
v 1.599744 7.261703 0.098634
v 1.603400 7.265225 0.098614
v 1.604204 7.265847 0.098593
v 1.592772 7.247316 0.098825
v 1.592451 7.240131 0.098593
v 1.592570 7.239123 0.098524
v 1.599101 7.260915 0.098593
v 1.601853 7.263905 0.098682
v 1.592413 7.242160 0.098542
v 1.601879 7.263877 0.098572
v 1.602630 7.264562 0.098585
v 1.592857 7.247205 0.098549
v 1.592415 7.243174 0.098579
v 1.593053 7.236124 0.098475
v 1.596790 7.257579 0.098512
v 1.603420 7.265201 0.098539
v 1.595358 7.254897 0.098476
v 1.593309 7.249182 0.098488
v 1.593066 7.248198 0.098518
v 1.592379 7.241145 0.098652
v 1.595805 7.255806 0.098487
v 1.602677 7.264508 0.098453
v 1.594542 7.253041 0.098489
v 1.592545 7.241148 0.098381
v 1.592680 7.238116 0.098539
v 1.599798 7.261655 0.098476
v 1.600456 7.262428 0.098536
v 1.594202 7.252086 0.098458
v 1.593894 7.251122 0.098432
v 1.592740 7.246198 0.098481
v 1.597370 7.258411 0.098433
v 1.601172 7.263147 0.098505
v 1.596314 7.256683 0.098440
v 1.604240 7.265800 0.098470
v 1.592638 7.245190 0.098447
v 1.592540 7.242158 0.098368
v 1.597907 7.259272 0.098500
v 1.594939 7.253973 0.098478
v 1.593596 7.250154 0.098445
v 1.592952 7.247189 0.098399
v 1.592523 7.244184 0.098487
v 1.592570 7.240138 0.098405
v 1.597966 7.259230 0.098388
v 1.598543 7.260063 0.098425
v 1.599163 7.260864 0.098437
v 1.594284 7.252057 0.098343
v 1.592776 7.245174 0.098291
v 1.599855 7.261605 0.098366
v 1.601940 7.263812 0.098415
v 1.603474 7.265134 0.098397
v 1.595470 7.254842 0.098316
v 1.593217 7.236156 0.098293
v 1.597486 7.258335 0.098276
v 1.598597 7.260022 0.098338
v 1.599222 7.260816 0.098336
v 1.594846 7.253463 0.098327
v 1.593989 7.251091 0.098313
v 1.593179 7.248174 0.098356
v 1.592776 7.239142 0.098284
v 1.595916 7.255748 0.098319
v 1.596866 7.257532 0.098373
v 1.604301 7.265719 0.098329
v 1.593441 7.249149 0.098315
v 1.592559 7.243168 0.098369
v 1.600541 7.262348 0.098354
v 1.601249 7.263071 0.098343
v 1.595133 7.253888 0.098234
v 1.594359 7.252029 0.098265
v 1.592688 7.244171 0.098291
v 1.599946 7.261525 0.098240
v 1.594720 7.252970 0.098259
v 1.593761 7.250106 0.098257
v 1.592897 7.246176 0.098291
v 1.592712 7.243162 0.098228
v 1.592690 7.242157 0.098231
v 1.596426 7.256619 0.098285
v 1.597019 7.257439 0.098205
v 1.599304 7.260749 0.098232
v 1.594119 7.251049 0.098199
v 1.593080 7.247166 0.098267
v 1.592978 7.237137 0.098346
v 1.595606 7.254777 0.098187
v 1.592898 7.238143 0.098282
v 1.596033 7.255687 0.098204
v 1.600649 7.262247 0.098208
v 1.594509 7.251976 0.098152
v 1.593009 7.246161 0.098201
v 1.592736 7.240149 0.098249
v 1.596576 7.256534 0.098153
v 1.601366 7.262952 0.098188
v 1.593306 7.248146 0.098236
v 1.592924 7.245158 0.098179
v 1.593256 7.236675 0.098196
v 1.598064 7.259161 0.098261
v 1.599431 7.260645 0.098123
v 1.602837 7.264323 0.098188
v 1.603617 7.264958 0.098174
v 1.592988 7.239163 0.098148
v 1.600089 7.261400 0.098111
v 1.602084 7.263658 0.098197
v 1.604429 7.265551 0.098148
v 1.593597 7.249110 0.098186
v 1.593215 7.247141 0.098168
v 1.592865 7.243155 0.098139
v 1.592843 7.242157 0.098141
v 1.592768 7.241155 0.098193
v 1.600782 7.262122 0.098094
v 1.595259 7.253833 0.098141
v 1.593927 7.250059 0.098138
v 1.593102 7.246147 0.098146
v 1.592847 7.244159 0.098176
v 1.592934 7.240659 0.098120
v 1.598731 7.259919 0.098188
v 1.595738 7.254714 0.098103
v 1.594934 7.252884 0.098110
v 1.594252 7.251006 0.098117
v 1.593442 7.248117 0.098145
v 1.593054 7.245144 0.098113
v 1.593608 7.235726 0.098123
v 1.598212 7.259056 0.098127
v 1.601522 7.262796 0.098063
v 1.595384 7.253778 0.098077
v 1.593076 7.240170 0.098081
v 1.593346 7.237197 0.098110
v 1.593643 7.248585 0.098101
v 1.593009 7.242155 0.098077
v 1.597695 7.258197 0.098101
v 1.598609 7.259385 0.098068
v 1.596054 7.255115 0.098060
v 1.593336 7.247120 0.098108
v 1.593239 7.246128 0.098086
v 1.593043 7.243646 0.098078
v 1.593135 7.238174 0.098135
v 1.596190 7.255605 0.098098
v 1.593367 7.238455 0.098059
v 1.593573 7.236733 0.098072
v 1.602987 7.264151 0.098056
v 1.594676 7.251915 0.098070
v 1.596970 7.256884 0.098070
v 1.604156 7.265085 0.098045
v 1.594390 7.250961 0.098060
v 1.594075 7.250017 0.098072
v 1.593573 7.247582 0.098056
v 1.593141 7.241165 0.098054
v 1.599912 7.260894 0.098032
v 1.601262 7.262353 0.098022
v 1.602275 7.263452 0.098042
v 1.603445 7.264382 0.098016
v 1.595301 7.253272 0.098040
v 1.593839 7.248795 0.098053
v 1.605185 7.265789 0.098025
v 1.595938 7.254618 0.098029
v 1.594205 7.249980 0.098036
v 1.593460 7.246346 0.098039
v 1.593232 7.244627 0.098048
v 1.593131 7.242650 0.098050
v 1.593706 7.236757 0.098053
v 1.595536 7.253442 0.098014
v 1.593241 7.242647 0.098037
v 1.596604 7.255949 0.098029
v 1.598148 7.258492 0.098025
v 1.600369 7.261155 0.097996
v 1.601359 7.262259 0.097995
v 1.594737 7.251630 0.098031
v 1.593660 7.247189 0.098030
v 1.593359 7.244616 0.098031
v 1.597254 7.257005 0.098019
v 1.603552 7.264255 0.097986
v 1.604780 7.265291 0.097989
v 1.602388 7.263330 0.097999
v 1.594758 7.251361 0.098016
v 1.601951 7.262716 0.097985
v 1.645356 7.243923 0.080123
v 1.645476 7.243906 0.080126
v 1.645529 7.243895 0.080129
v 1.645578 7.243880 0.080129
v 1.645733 7.243817 0.080129
v 1.645799 7.243781 0.080129
v 1.645877 7.243729 0.080124
v 1.645929 7.243688 0.080129
v 1.645985 7.243636 0.080129
v 1.646052 7.243562 0.080129
v 1.646108 7.243488 0.080130
v 1.646156 7.243409 0.080130
v 1.646190 7.243342 0.080130
v 1.646216 7.243280 0.080130
v 1.646238 7.243217 0.080130
v 1.646257 7.243143 0.080131
v 1.646276 7.243027 0.080131
v 1.639141 7.252317 0.080107
v 1.639058 7.252135 0.080107
v 1.638981 7.251951 0.080107
v 1.638910 7.251764 0.080108
v 1.638846 7.251575 0.080108
v 1.638788 7.251383 0.080109
v 1.638736 7.251190 0.080109
v 1.638691 7.250996 0.080110
v 1.638653 7.250799 0.080110
v 1.638622 7.250602 0.080111
v 1.638597 7.250403 0.080111
v 1.638579 7.250205 0.080112
v 1.638568 7.250005 0.080112
v 1.638563 7.249805 0.080113
v 1.638565 7.249605 0.080113
v 1.638574 7.249406 0.080114
v 1.638590 7.249207 0.080114
v 1.638613 7.249008 0.080115
v 1.638642 7.248810 0.080116
v 1.638678 7.248614 0.080116
v 1.638721 7.248418 0.080117
v 1.638770 7.248225 0.080117
v 1.638826 7.248033 0.080118
v 1.638888 7.247843 0.080118
v 1.638957 7.247655 0.080118
v 1.639032 7.247470 0.080119
v 1.639113 7.247287 0.080119
v 1.639200 7.247108 0.080120
v 1.639294 7.246931 0.080120
v 1.639393 7.246758 0.080121
v 1.639498 7.246587 0.080121
v 1.639609 7.246421 0.080122
v 1.639726 7.246259 0.080122
v 1.639848 7.246100 0.080123
v 1.639975 7.245946 0.080123
v 1.640107 7.245796 0.080123
v 1.640245 7.245651 0.080124
v 1.640387 7.245511 0.080124
v 1.640534 7.245375 0.080124
v 1.640685 7.245244 0.080125
v 1.640841 7.245119 0.080125
v 1.641001 7.244999 0.080125
v 1.641165 7.244884 0.080126
v 1.641333 7.244775 0.080126
v 1.641504 7.244672 0.080126
v 1.641679 7.244575 0.080127
v 1.641857 7.244484 0.080127
v 1.642038 7.244399 0.080127
v 1.642221 7.244319 0.080127
v 1.642408 7.244246 0.080127
v 1.642596 7.244180 0.080128
v 1.642787 7.244120 0.080128
v 1.642980 7.244067 0.080128
v 1.643174 7.244020 0.080128
v 1.643370 7.243979 0.080128
v 1.643567 7.243946 0.080128
v 1.643765 7.243918 0.080128
v 1.643964 7.243898 0.080128
v 1.644164 7.243885 0.080129
v 1.644364 7.243878 0.080129
v 1.644564 7.243878 0.080129
v 1.644764 7.243885 0.080129
v 1.644964 7.243898 0.080129
v 1.641331 7.254814 0.095651
v 1.641167 7.254707 0.095651
v 1.641168 7.254662 0.080101
v 1.641006 7.254595 0.095651
v 1.641007 7.254550 0.080101
v 1.640849 7.254478 0.095652
v 1.640850 7.254433 0.080101
v 1.640696 7.254355 0.095652
v 1.640697 7.254310 0.080102
v 1.640547 7.254227 0.095652
v 1.640548 7.254182 0.080102
v 1.640402 7.254095 0.095652
v 1.640404 7.254050 0.080102
v 1.640262 7.253958 0.095653
v 1.640264 7.253913 0.080103
v 1.640127 7.253816 0.095653
v 1.640128 7.253771 0.080103
v 1.639996 7.253670 0.095654
v 1.639997 7.253625 0.080103
v 1.639871 7.253519 0.095654
v 1.639872 7.253475 0.080104
v 1.639750 7.253365 0.095654
v 1.639751 7.253320 0.080104
v 1.639634 7.253206 0.095655
v 1.639636 7.253161 0.080104
v 1.639524 7.253044 0.095655
v 1.639526 7.252999 0.080105
v 1.639420 7.252878 0.095656
v 1.639421 7.252834 0.080105
v 1.639321 7.252709 0.095656
v 1.639322 7.252665 0.080106
v 1.639227 7.252537 0.095656
v 1.639229 7.252492 0.080106
v 1.649634 7.247658 0.095819
v 1.646501 7.249002 0.097551
v 1.649808 7.248088 0.095813
v 1.649888 7.248416 0.095818
v 1.646592 7.249274 0.097550
v 1.649994 7.248921 0.095817
v 1.646634 7.249474 0.097550
v 1.650029 7.249115 0.095813
v 1.650065 7.249570 0.095813
v 1.646658 7.249723 0.097549
v 1.650071 7.249919 0.095812
v 1.646661 7.249881 0.097549
v 1.650052 7.250226 0.095813
v 1.650025 7.250580 0.095808
v 1.646650 7.250048 0.097548
v 1.649981 7.250793 0.095812
v 1.646611 7.250285 0.097548
v 1.649887 7.251224 0.095810
v 1.646554 7.250501 0.097547
v 1.649736 7.251751 0.095804
v 1.646496 7.250657 0.097547
v 1.649606 7.252042 0.095808
v 1.649397 7.252478 0.095805
v 1.646387 7.250883 0.097546
v 1.649161 7.252873 0.095805
v 1.646244 7.251110 0.097545
v 1.648945 7.253182 0.095805
v 1.648707 7.253474 0.095805
v 1.646117 7.251270 0.097545
v 1.648443 7.253762 0.095803
v 1.645961 7.251429 0.097545
v 1.645776 7.251584 0.097544
v 1.647614 7.254456 0.095799
v 1.645591 7.251708 0.097544
v 1.647162 7.254740 0.095796
v 1.645445 7.251789 0.097544
v 1.645327 7.251842 0.097544
v 1.645118 7.251920 0.097543
v 1.645680 7.255283 0.095800
v 1.644902 7.251975 0.097543
v 1.644645 7.252012 0.097543
v 1.644728 7.255414 0.095798
v 1.644478 7.252020 0.097543
v 1.644376 7.255416 0.095800
v 1.644366 7.252018 0.097543
v 1.644154 7.251997 0.097543
v 1.643944 7.251958 0.097543
v 1.643078 7.255247 0.095798
v 1.642501 7.255086 0.095792
v 1.643695 7.251882 0.097543
v 1.643575 7.251834 0.097543
v 1.641725 7.256040 0.095187
v 1.641748 7.255979 0.095220
v 1.641767 7.255916 0.095254
v 1.641782 7.255850 0.095288
v 1.641793 7.255783 0.095322
v 1.641799 7.255714 0.095355
v 1.641799 7.255619 0.095399
v 1.643507 7.251803 0.097543
v 1.641792 7.255533 0.095438
v 1.641779 7.255456 0.095471
v 1.641772 7.255423 0.095485
v 1.641760 7.255378 0.095503
v 1.641734 7.255302 0.095532
v 1.643441 7.251770 0.097544
v 1.641708 7.255241 0.095554
v 1.641675 7.255177 0.095576
v 1.641648 7.255131 0.095590
v 1.641626 7.255097 0.095600
v 1.641586 7.255042 0.095615
v 1.641547 7.254995 0.095627
v 1.641519 7.254966 0.095633
v 1.641487 7.254935 0.095639
v 1.643343 7.251715 0.097544
v 1.641446 7.254898 0.095644
v 1.641376 7.254844 0.095650
v 1.643181 7.251607 0.097544
v 1.643013 7.251476 0.097544
v 1.642931 7.251400 0.097544
v 1.642798 7.251258 0.097545
v 1.642644 7.251060 0.097545
v 1.642584 7.250967 0.097546
v 1.642508 7.250829 0.097546
v 1.641706 7.256083 0.095163
v 1.641684 7.256127 0.095138
v 1.641647 7.256190 0.095100
v 1.646710 7.254946 0.095801
v 1.645292 7.255358 0.095799
v 1.643945 7.255393 0.095799
v 1.643436 7.255327 0.095797
v 1.642354 7.255181 0.095779
v 1.642553 7.255301 0.095815
v 1.642522 7.255380 0.095943
v 1.642851 7.255488 0.095959
v 1.645027 7.255684 0.095953
v 1.645364 7.255643 0.095887
v 1.650281 7.250781 0.095890
v 1.648051 7.254128 0.095799
v 1.646630 7.255046 0.095782
v 1.645794 7.255319 0.095782
v 1.649241 7.252833 0.095789
v 1.649943 7.251153 0.095797
v 1.648613 7.253623 0.095791
v 1.643832 7.255412 0.095787
v 1.646175 7.255156 0.095797
v 1.645048 7.255398 0.095795
v 1.649688 7.252048 0.095789
v 1.642842 7.255237 0.095781
v 1.644830 7.255482 0.095778
v 1.650138 7.249982 0.095794
v 1.647425 7.254653 0.095781
v 1.650055 7.248960 0.095799
v 1.650155 7.249061 0.095801
v 1.648764 7.253524 0.095783
v 1.643577 7.255466 0.095780
v 1.650038 7.251082 0.095793
v 1.649325 7.252906 0.095799
v 1.647997 7.254289 0.095784
v 1.647700 7.254598 0.095797
v 1.649908 7.248063 0.095801
v 1.647172 7.254879 0.095787
v 1.645090 7.255558 0.095798
v 1.644300 7.255598 0.095803
v 1.649786 7.252058 0.095808
v 1.648931 7.253481 0.095804
v 1.643589 7.255580 0.095832
v 1.650181 7.250543 0.095804
v 1.648445 7.254018 0.095806
v 1.642992 7.255423 0.095807
v 1.646300 7.255272 0.095792
v 1.645815 7.255456 0.095813
v 1.650258 7.249728 0.095820
v 1.646790 7.255134 0.095813
v 1.649861 7.247589 0.095864
v 1.650234 7.251040 0.095893
v 1.649773 7.252350 0.095919
v 1.649015 7.253470 0.095842
v 1.648690 7.253896 0.095894
v 1.647288 7.254942 0.095860
v 1.650319 7.249590 0.095876
v 1.649454 7.252855 0.095848
v 1.647798 7.254611 0.095842
v 1.649423 7.252983 0.095917
v 1.648335 7.254265 0.095895
v 1.649958 7.247715 0.095928
v 1.647590 7.254792 0.095896
v 1.646194 7.255455 0.095893
v 1.643129 7.255540 0.095895
v 1.648980 7.253586 0.095914
v 1.650347 7.249540 0.095940
v 1.650352 7.250105 0.095964
v 1.646771 7.255216 0.095883
v 1.650320 7.249134 0.095963
v 1.643436 7.255618 0.095940
v 1.650133 7.251431 0.095960
v 1.644665 7.255691 0.095903
v 1.647431 7.254910 0.095955
v 1.650028 7.247865 0.095882
v 1.646278 7.255392 0.095872
v 1.644191 7.255693 0.095910
v 1.649232 7.253282 0.095953
v 1.642671 7.255415 0.095893
v 1.648045 7.254484 0.095917
v 1.643742 7.255659 0.095916
v 1.646670 7.255283 0.095958
v 1.644323 7.255710 0.095962
v 1.644029 7.255696 0.095956
v 1.641692 7.255162 0.080097
v 1.641745 7.255286 0.080099
v 1.641780 7.255407 0.080097
v 1.641799 7.255542 0.080098
v 1.641801 7.255617 0.080096
v 1.641799 7.255693 0.080098
v 1.641791 7.255761 0.080098
v 1.641750 7.255933 0.080097
v 1.641716 7.256020 0.080097
v 1.641687 7.256081 0.080097
v 1.641649 7.256146 0.080094
v 1.641427 7.254836 0.080100
v 1.641525 7.254926 0.080100
v 1.641629 7.255054 0.080094
v 1.641773 7.255851 0.080093
v 1.641768 7.255359 0.080098
v 1.641364 7.254790 0.080094
v 1.641477 7.254879 0.080096
v 1.641656 7.255096 0.080094
v 1.641573 7.254981 0.080093
v 1.641431 7.254878 0.079773
v 1.641384 7.255162 0.079431
v 1.641760 7.255530 0.079753
v 1.641711 7.255993 0.079994
v 1.641349 7.255580 0.079320
v 1.641716 7.255726 0.079663
v 1.641163 7.255358 0.079258
v 1.641103 7.255627 0.079208
v 1.641480 7.256059 0.079560
v 1.640984 7.255805 0.079191
v 1.640207 7.254990 0.079167
v 1.640900 7.255599 0.079163
v 1.641717 7.255214 0.080091
v 1.641758 7.255334 0.080070
v 1.641790 7.255466 0.080097
v 1.641791 7.255630 0.080019
v 1.641629 7.255173 0.079789
v 1.641665 7.255127 0.080014
v 1.641337 7.255979 0.079390
v 1.641537 7.255515 0.079476
v 1.641552 7.256261 0.079978
v 1.641544 7.256177 0.079766
v 1.641013 7.256650 0.079535
v 1.639633 7.257185 0.079156
v 1.630170 7.263587 0.079136
v 1.621675 7.265018 0.079135
v 1.621271 7.265271 0.079197
v 1.621815 7.265416 0.079249
v 1.621810 7.265653 0.079418
v 1.621256 7.265821 0.079628
v 1.621259 7.265841 0.079730
v 1.621805 7.265927 0.079951
v 1.621804 7.265937 0.080054
v 1.622620 7.265940 0.080055
v 1.623434 7.265914 0.080031
v 1.624248 7.265861 0.080019
v 1.625058 7.265774 0.079962
v 1.625867 7.265674 0.080019
v 1.629048 7.264975 0.080057
v 1.629827 7.264732 0.080058
v 1.630596 7.264463 0.080043
v 1.631356 7.264169 0.080044
v 1.632104 7.263844 0.079993
v 1.635661 7.261870 0.079969
v 1.638835 7.259326 0.079969
v 1.639417 7.258757 0.079977
v 1.634369 7.261630 0.079140
v 1.629083 7.264040 0.079142
v 1.627056 7.264523 0.079137
v 1.624174 7.264964 0.079137
v 1.637101 7.259631 0.079148
v 1.632105 7.262884 0.079145
v 1.633131 7.262358 0.079146
v 1.630958 7.263452 0.079154
v 1.625359 7.264947 0.079154
v 1.638546 7.258381 0.079156
v 1.637856 7.259152 0.079166
v 1.626921 7.264723 0.079162
v 1.623993 7.265162 0.079173
v 1.622755 7.265088 0.079144
v 1.640230 7.256661 0.079174
v 1.636651 7.260165 0.079165
v 1.641158 7.255787 0.079220
v 1.634260 7.261906 0.079176
v 1.632536 7.262872 0.079182
v 1.638398 7.258865 0.079209
v 1.637825 7.259414 0.079215
v 1.635227 7.261221 0.079164
v 1.633267 7.262562 0.079201
v 1.631481 7.263422 0.079202
v 1.629233 7.264195 0.079183
v 1.628075 7.264456 0.079161
v 1.639182 7.257970 0.079188
v 1.625382 7.265123 0.079207
v 1.622215 7.265235 0.079175
v 1.636094 7.260739 0.079192
v 1.635311 7.261346 0.079205
v 1.640095 7.257193 0.079247
v 1.627349 7.264830 0.079230
v 1.623208 7.265346 0.079223
v 1.636927 7.260196 0.079220
v 1.630370 7.263847 0.079193
v 1.639284 7.258067 0.079237
v 1.635406 7.261488 0.079288
v 1.634343 7.262045 0.079235
v 1.629674 7.264268 0.079268
v 1.626576 7.265026 0.079247
v 1.637945 7.259549 0.079303
v 1.625015 7.265406 0.079338
v 1.639366 7.258146 0.079295
v 1.638493 7.258965 0.079270
v 1.636383 7.260794 0.079289
v 1.634434 7.262198 0.079339
v 1.630794 7.263844 0.079258
v 1.625812 7.265306 0.079346
v 1.624211 7.265405 0.079284
v 1.631568 7.263628 0.079316
v 1.628950 7.264635 0.079362
v 1.628315 7.264591 0.079230
v 1.626615 7.265236 0.079398
v 1.637325 7.260054 0.079290
v 1.632627 7.263058 0.079267
v 1.623417 7.265557 0.079353
v 1.638589 7.259067 0.079359
v 1.636810 7.260694 0.079421
v 1.640705 7.256662 0.079321
v 1.633371 7.262758 0.079312
v 1.640231 7.257309 0.079349
v 1.639763 7.257968 0.079420
v 1.632330 7.263365 0.079368
v 1.630471 7.264121 0.079352
v 1.640336 7.257400 0.079472
v 1.637444 7.260198 0.079431
v 1.624224 7.265566 0.079403
v 1.639235 7.258577 0.079455
v 1.638690 7.259172 0.079500
v 1.635497 7.261624 0.079405
v 1.627394 7.265036 0.079359
v 1.622615 7.265553 0.079333
v 1.623424 7.265692 0.079480
v 1.636177 7.261191 0.079445
v 1.635574 7.261739 0.079566
v 1.629734 7.264450 0.079409
v 1.633441 7.262889 0.079433
v 1.636888 7.260795 0.079567
v 1.634860 7.262123 0.079484
v 1.634168 7.262539 0.079481
v 1.630522 7.264261 0.079493
v 1.629771 7.264561 0.079537
v 1.628194 7.264920 0.079428
v 1.626644 7.265393 0.079579
v 1.624235 7.265708 0.079573
v 1.638100 7.259724 0.079512
v 1.632390 7.263495 0.079516
v 1.631273 7.263964 0.079491
v 1.627424 7.265173 0.079497
v 1.623429 7.265802 0.079650
v 1.622617 7.265741 0.079511
v 1.637527 7.260297 0.079586
v 1.634223 7.262633 0.079638
v 1.629001 7.264811 0.079552
v 1.640431 7.257481 0.079640
v 1.636928 7.260846 0.079675
v 1.636279 7.261333 0.079679
v 1.639875 7.258071 0.079603
v 1.639335 7.258675 0.079637
v 1.634931 7.262238 0.079678
v 1.635628 7.261819 0.079739
v 1.630553 7.264346 0.079623
v 1.628232 7.265069 0.079623
v 1.631319 7.264078 0.079674
v 1.639386 7.258725 0.079784
v 1.638792 7.259280 0.079734
v 1.634961 7.262286 0.079821
v 1.633513 7.263026 0.079637
v 1.634267 7.262712 0.079850
v 1.629800 7.264649 0.079694
v 1.628635 7.265008 0.079715
v 1.625328 7.265641 0.079623
v 1.622618 7.265837 0.079666
v 1.630583 7.264428 0.079835
v 1.629040 7.264945 0.079858
v 1.627454 7.265307 0.079727
v 1.626659 7.265476 0.079740
v 1.625861 7.265635 0.079818
v 1.640991 7.256892 0.079756
v 1.633555 7.263105 0.079849
v 1.640511 7.257551 0.079929
v 1.639969 7.258158 0.079916
v 1.632071 7.263771 0.079710
v 1.629822 7.264719 0.079937
v 1.628258 7.265171 0.079919
v 1.641039 7.256931 0.079985
v 1.622619 7.265918 0.079880
v 1.638213 7.259851 0.079816
v 1.637593 7.260378 0.079803
v 1.632815 7.263443 0.079754
v 1.631348 7.264148 0.079891
v 1.624244 7.265821 0.079813
v 1.637623 7.260415 0.080022
v 1.634980 7.262317 0.080005
v 1.634282 7.262738 0.080036
v 1.633569 7.263133 0.080035
v 1.632843 7.263502 0.080026
v 1.623433 7.265899 0.079908
v 1.638242 7.259884 0.080023
v 1.636979 7.260913 0.079938
v 1.636329 7.261404 0.079954
v 1.622620 7.265937 0.079999
v 1.620754 7.265147 0.079345
v 1.620860 7.265751 0.079819
v 1.621184 7.265910 0.080070
v 1.620980 7.265857 0.080071
v 1.620910 7.265827 0.080067
v 1.620400 7.265261 0.080013
v 1.620461 7.265407 0.080068
v 1.620514 7.265492 0.080072
v 1.620576 7.265573 0.080070
v 1.620628 7.265629 0.080071
v 1.620665 7.265664 0.080071
v 1.620723 7.265713 0.080067
v 1.620785 7.265757 0.080071
v 1.620828 7.265784 0.080071
v 1.621044 7.265879 0.080071
v 1.621110 7.265896 0.080066
v 1.621260 7.265919 0.080066
v 1.621244 7.265913 0.080005
v 1.621186 7.265001 0.079147
v 1.621255 7.265511 0.079321
v 1.620945 7.265276 0.079248
v 1.621014 7.265739 0.079633
v 1.620733 7.265706 0.079988
v 1.620993 7.265583 0.079455
v 1.621036 7.265858 0.079942
v 1.620541 7.265498 0.079933
v 1.620340 7.264830 0.080072
v 1.620343 7.265045 0.080073
v 1.620360 7.265143 0.080072
v 1.620387 7.265239 0.080070
v 1.620417 7.265316 0.080069
v 1.620512 7.265456 0.079791
v 1.620591 7.265443 0.079620
v 1.620352 7.265047 0.079986
v 1.620447 7.264492 0.079710
v 1.620474 7.265126 0.079580
v 1.620336 7.264954 0.080071
v 1.620375 7.264690 0.079897
v 1.620336 7.264888 0.080071
v 1.620783 7.264920 0.079294
v 1.620339 7.264875 0.095623
v 1.620335 7.264958 0.095619
v 1.620338 7.265050 0.095611
v 1.620346 7.265122 0.095601
v 1.620362 7.265200 0.095586
v 1.620381 7.265267 0.095570
v 1.620397 7.265315 0.095557
v 1.619805 7.261606 0.095632
v 1.619886 7.261784 0.095631
v 1.619962 7.261965 0.095631
v 1.620032 7.262148 0.095630
v 1.616565 7.263448 0.097512
v 1.620095 7.262333 0.095630
v 1.620153 7.262521 0.095629
v 1.616598 7.263554 0.097511
v 1.620204 7.262710 0.095629
v 1.620249 7.262901 0.095629
v 1.620287 7.263093 0.095628
v 1.616637 7.263717 0.097511
v 1.620319 7.263286 0.095628
v 1.616670 7.263937 0.097511
v 1.620345 7.263481 0.095627
v 1.620364 7.263676 0.095627
v 1.620376 7.263871 0.095626
v 1.616681 7.264122 0.097510
v 1.620382 7.264067 0.095626
v 1.620382 7.264263 0.095625
v 1.620375 7.264459 0.095625
v 1.616678 7.264289 0.097510
v 1.620361 7.264654 0.095624
v 1.616661 7.264455 0.097509
v 1.620429 7.265390 0.095534
v 1.616633 7.264619 0.097509
v 1.620462 7.265456 0.095510
v 1.620524 7.265552 0.095468
v 1.620590 7.265634 0.095425
v 1.620644 7.265689 0.095392
v 1.616607 7.264728 0.097508
v 1.620682 7.265725 0.095368
v 1.620744 7.265773 0.095332
v 1.620808 7.265816 0.095295
v 1.620875 7.265853 0.095257
v 1.620943 7.265886 0.095219
v 1.620974 7.265898 0.095202
v 1.621020 7.265915 0.095177
v 1.621082 7.265933 0.095144
v 1.621129 7.265944 0.095119
v 1.621201 7.265956 0.095082
v 1.616586 7.264799 0.097508
v 1.616551 7.264904 0.097508
v 1.619724 7.266162 0.095766
v 1.616495 7.265042 0.097508
v 1.619547 7.266556 0.095768
v 1.616404 7.265225 0.097507
v 1.619302 7.267050 0.095760
v 1.616274 7.265429 0.097507
v 1.616138 7.265604 0.097506
v 1.615996 7.265751 0.097506
v 1.618262 7.268286 0.095765
v 1.615826 7.265895 0.097505
v 1.617704 7.268749 0.095758
v 1.617396 7.268932 0.095763
v 1.615643 7.266022 0.097505
v 1.615498 7.266105 0.097505
v 1.615313 7.266191 0.097505
v 1.616512 7.269371 0.095762
v 1.615156 7.266248 0.097504
v 1.616157 7.269495 0.095762
v 1.615794 7.269595 0.095761
v 1.614959 7.266301 0.097504
v 1.615451 7.269669 0.095760
v 1.614739 7.266338 0.097504
v 1.614517 7.266353 0.097504
v 1.614694 7.269749 0.095760
v 1.614394 7.269751 0.095761
v 1.614294 7.266345 0.097504
v 1.614165 7.266331 0.097504
v 1.613565 7.269677 0.095760
v 1.614055 7.266312 0.097504
v 1.613893 7.266273 0.097504
v 1.613080 7.269574 0.095760
v 1.612682 7.269463 0.095758
v 1.613604 7.266170 0.097505
v 1.612229 7.269283 0.095759
v 1.613380 7.266057 0.097505
v 1.613239 7.265969 0.097505
v 1.613105 7.265869 0.097505
v 1.610983 7.268529 0.095762
v 1.610719 7.268303 0.095763
v 1.612951 7.265734 0.097506
v 1.612836 7.265613 0.097506
v 1.609931 7.267416 0.095767
v 1.612682 7.265416 0.097506
v 1.612549 7.265204 0.097507
v 1.609555 7.266820 0.095768
v 1.609385 7.266483 0.095768
v 1.612460 7.265020 0.097507
v 1.612383 7.264811 0.097508
v 1.612339 7.264650 0.097508
v 1.612308 7.264486 0.097509
v 1.612286 7.264283 0.097509
v 1.612285 7.264088 0.097510
v 1.608870 7.263721 0.095767
v 1.612306 7.263839 0.097510
v 1.612350 7.263621 0.097511
v 1.609109 7.262544 0.095777
v 1.612414 7.263408 0.097512
v 1.612454 7.263304 0.097512
v 1.608236 7.261407 0.095161
v 1.612484 7.263236 0.097512
v 1.608363 7.261453 0.095230
v 1.608311 7.261436 0.095202
v 1.612517 7.263169 0.097512
v 1.608812 7.261474 0.095442
v 1.609121 7.261364 0.095559
v 1.612598 7.263023 0.097513
v 1.609316 7.261223 0.095612
v 1.609444 7.261078 0.095631
v 1.612668 7.262913 0.097513
v 1.609590 7.260855 0.095633
v 1.609474 7.261034 0.095632
v 1.609705 7.260691 0.095633
v 1.612768 7.262780 0.097513
v 1.609825 7.260531 0.095634
v 1.609951 7.260376 0.095634
v 1.610081 7.260224 0.095635
v 1.612916 7.262613 0.097514
v 1.610217 7.260077 0.095635
v 1.610358 7.259935 0.095635
v 1.610503 7.259799 0.095636
v 1.610653 7.259666 0.095636
v 1.610807 7.259539 0.095636
v 1.613080 7.262463 0.097514
v 1.610966 7.259417 0.095637
v 1.611128 7.259301 0.095637
v 1.613213 7.262362 0.097514
v 1.611295 7.259190 0.095637
v 1.613353 7.262270 0.097515
v 1.611465 7.259085 0.095638
v 1.611639 7.258986 0.095638
v 1.611816 7.258892 0.095638
v 1.613499 7.262189 0.097515
v 1.611995 7.258805 0.095638
v 1.612178 7.258724 0.095639
v 1.613713 7.262098 0.097515
v 1.612364 7.258649 0.095639
v 1.612552 7.258580 0.095639
v 1.612742 7.258518 0.095639
v 1.613844 7.262053 0.097515
v 1.612934 7.258462 0.095639
v 1.613128 7.258413 0.095640
v 1.613952 7.262023 0.097515
v 1.613323 7.258370 0.095640
v 1.614115 7.261990 0.097515
v 1.613520 7.258335 0.095640
v 1.613718 7.258306 0.095640
v 1.613917 7.258283 0.095640
v 1.614281 7.261967 0.097515
v 1.614116 7.258267 0.095640
v 1.614355 7.261961 0.097515
v 1.614316 7.258258 0.095640
v 1.614516 7.258256 0.095640
v 1.614587 7.261962 0.097515
v 1.614716 7.258260 0.095640
v 1.614915 7.258272 0.095640
v 1.615115 7.258290 0.095640
v 1.615313 7.258315 0.095640
v 1.614818 7.261985 0.097515
v 1.615511 7.258346 0.095640
v 1.615707 7.258384 0.095640
v 1.615902 7.258429 0.095640
v 1.615054 7.262035 0.097515
v 1.616095 7.258480 0.095640
v 1.616287 7.258538 0.095639
v 1.616476 7.258603 0.095639
v 1.616663 7.258673 0.095639
v 1.615318 7.262124 0.097515
v 1.616848 7.258750 0.095639
v 1.617030 7.258833 0.095639
v 1.617209 7.258923 0.095638
v 1.617384 7.259018 0.095638
v 1.615511 7.262215 0.097515
v 1.617557 7.259119 0.095638
v 1.617726 7.259226 0.095638
v 1.617891 7.259339 0.095637
v 1.618052 7.259457 0.095637
v 1.615823 7.262415 0.097514
v 1.618209 7.259581 0.095637
v 1.618362 7.259709 0.095637
v 1.615999 7.262566 0.097514
v 1.618511 7.259843 0.095636
v 1.618655 7.259983 0.095636
v 1.618794 7.260126 0.095636
v 1.616092 7.262657 0.097514
v 1.618928 7.260274 0.095635
v 1.619057 7.260427 0.095635
v 1.619180 7.260584 0.095634
v 1.619299 7.260746 0.095634
v 1.616240 7.262836 0.097513
v 1.619411 7.260911 0.095634
v 1.616321 7.262949 0.097513
v 1.619519 7.261079 0.095633
v 1.619620 7.261251 0.095633
v 1.616379 7.263043 0.097513
v 1.619715 7.261427 0.095632
v 1.616492 7.263267 0.097512
v 1.609397 7.261137 0.095626
v 1.609355 7.261184 0.095619
v 1.609258 7.261273 0.095598
v 1.609191 7.261322 0.095580
v 1.609050 7.261400 0.095535
v 1.608958 7.261437 0.095501
v 1.608883 7.261459 0.095472
v 1.608727 7.261486 0.095406
v 1.608656 7.261490 0.095374
v 1.608589 7.261489 0.095343
v 1.608498 7.261481 0.095298
v 1.608442 7.261471 0.095270
v 1.608387 7.261459 0.095243
v 1.608163 7.261373 0.095121
v 1.608119 7.261347 0.095095
v 1.608060 7.261309 0.095059
v 1.608998 7.262678 0.095757
v 1.620031 7.266151 0.095933
v 1.619931 7.266410 0.095925
v 1.619334 7.267506 0.095930
v 1.617855 7.268983 0.095907
v 1.617554 7.269184 0.095855
v 1.615909 7.269870 0.095914
v 1.615531 7.269947 0.095892
v 1.614972 7.270024 0.095924
v 1.613035 7.269866 0.095916
v 1.612604 7.269737 0.095920
v 1.611214 7.269058 0.095919
v 1.608984 7.262028 0.095910
v 1.616485 7.269583 0.095764
v 1.609411 7.266888 0.095759
v 1.610807 7.268612 0.095764
v 1.608766 7.264287 0.095756
v 1.615944 7.269672 0.095741
v 1.611290 7.268939 0.095754
v 1.609718 7.267416 0.095763
v 1.618704 7.268035 0.095749
v 1.616748 7.269416 0.095745
v 1.619327 7.267210 0.095751
v 1.614972 7.269860 0.095744
v 1.617589 7.268982 0.095749
v 1.617489 7.268967 0.095742
v 1.612099 7.269364 0.095747
v 1.618204 7.268527 0.095752
v 1.612817 7.269619 0.095746
v 1.609425 7.266747 0.095747
v 1.610674 7.268335 0.095747
v 1.610198 7.267963 0.095749
v 1.608985 7.263030 0.095774
v 1.608871 7.264323 0.095770
v 1.611262 7.268763 0.095754
v 1.608897 7.264678 0.095771
v 1.619827 7.265871 0.095767
v 1.619015 7.267444 0.095766
v 1.617983 7.268528 0.095763
v 1.615019 7.269728 0.095759
v 1.613962 7.269731 0.095758
v 1.610415 7.268004 0.095764
v 1.610133 7.267685 0.095765
v 1.609696 7.267068 0.095767
v 1.609239 7.266132 0.095769
v 1.608943 7.265056 0.095769
v 1.609027 7.266390 0.095924
v 1.609032 7.261992 0.095815
v 1.616389 7.269730 0.095922
v 1.618917 7.268037 0.095920
v 1.610656 7.268635 0.095917
v 1.608705 7.262946 0.095884
v 1.610115 7.268106 0.095898
v 1.610347 7.268354 0.095925
v 1.608818 7.265800 0.095855
v 1.619718 7.266813 0.095858
v 1.608784 7.265407 0.095809
v 1.619378 7.267423 0.095884
v 1.612753 7.269761 0.095848
v 1.619146 7.267748 0.095884
v 1.609573 7.267350 0.095830
v 1.610920 7.268843 0.095899
v 1.611687 7.269340 0.095909
v 1.618552 7.268389 0.095858
v 1.620088 7.265886 0.095809
v 1.608646 7.264726 0.095839
v 1.608641 7.263608 0.095852
v 1.612084 7.269521 0.095868
v 1.617257 7.269352 0.095834
v 1.618282 7.268649 0.095888
v 1.610394 7.268383 0.095869
v 1.615159 7.269995 0.095868
v 1.616144 7.269801 0.095894
v 1.616757 7.269565 0.095851
v 1.609051 7.266362 0.095839
v 1.608684 7.264278 0.095781
v 1.608816 7.263009 0.095777
v 1.616371 7.269707 0.095839
v 1.609827 7.267751 0.095877
v 1.615720 7.269871 0.095817
v 1.613573 7.269906 0.095793
v 1.613649 7.269989 0.095855
v 1.610556 7.268483 0.095811
v 1.611711 7.269293 0.095806
v 1.618254 7.268616 0.095807
v 1.611127 7.268962 0.095839
v 1.611420 7.269174 0.095870
v 1.619150 7.267688 0.095822
v 1.608808 7.264987 0.095760
v 1.619374 7.267331 0.095800
v 1.614202 7.269910 0.095757
v 1.614943 7.269958 0.095788
v 1.618785 7.268128 0.095828
v 1.609154 7.266440 0.095777
v 1.618637 7.268210 0.095778
v 1.619061 7.267714 0.095774
v 1.608747 7.263642 0.095766
v 1.612992 7.269757 0.095774
v 1.617905 7.268873 0.095797
v 1.612357 7.269578 0.095789
v 1.619636 7.266799 0.095775
v 1.609100 7.262036 0.095765
v 1.610032 7.267905 0.095790
v 1.615429 7.269869 0.095771
v 1.616092 7.269726 0.095771
v 1.609020 7.265466 0.095765
v 1.613582 7.269758 0.095741
v 1.619817 7.266179 0.095751
v 1.609028 7.265860 0.095752
v 1.609361 7.266494 0.095757
v 1.609144 7.265888 0.095766
v 1.614450 7.269795 0.095746
v 1.618905 7.267677 0.095747
v 1.609889 7.267400 0.095757
v 1.611655 7.268995 0.095759
v 1.618171 7.268406 0.095752
v 1.617213 7.269055 0.095757
v 1.616739 7.269298 0.095754
v 1.618657 7.267889 0.095765
v 1.610041 7.267660 0.095748
v 1.609568 7.266870 0.095762
v 1.615801 7.269624 0.095749
v 1.618495 7.268071 0.095762
v 1.608625 7.263450 0.095937
v 1.608609 7.264168 0.095861
v 1.608613 7.264747 0.095935
v 1.608726 7.265438 0.095931
v 1.608614 7.264679 0.095907
v 1.608707 7.265322 0.095901
v 1.608715 7.263015 0.095874
v 1.608089 7.261285 0.080081
v 1.608154 7.261324 0.080081
v 1.608199 7.261347 0.080081
v 1.608324 7.261397 0.080081
v 1.608372 7.261412 0.080081
v 1.608421 7.261423 0.080081
v 1.608554 7.261443 0.080081
v 1.608620 7.261446 0.080078
v 1.608687 7.261445 0.080078
v 1.608763 7.261438 0.080080
v 1.608936 7.261401 0.080081
v 1.609006 7.261375 0.080078
v 1.609075 7.261344 0.080079
v 1.609135 7.261313 0.080080
v 1.609199 7.261272 0.080078
v 1.609292 7.261200 0.080075
v 1.609347 7.261149 0.080081
v 1.609398 7.261093 0.080079
v 1.609277 7.260683 0.079383
v 1.608246 7.260248 0.079145
v 1.608325 7.260574 0.079186
v 1.608638 7.260733 0.079186
v 1.608426 7.260944 0.079274
v 1.609021 7.261359 0.079995
v 1.608261 7.261038 0.079416
v 1.608862 7.261420 0.080080
v 1.608783 7.261421 0.079978
v 1.608330 7.261263 0.079573
v 1.608075 7.261261 0.079959
v 1.608259 7.261374 0.080077
v 1.608484 7.261436 0.080074
v 1.608436 7.261409 0.079961
v 1.609254 7.261136 0.079757
v 1.608811 7.260847 0.079244
v 1.608723 7.260572 0.079158
v 1.609044 7.260898 0.079344
v 1.609265 7.260963 0.079543
v 1.608887 7.261168 0.079446
v 1.609013 7.261285 0.079725
v 1.609181 7.261260 0.079927
v 1.609398 7.261075 0.079991
v 1.609457 7.261016 0.080075
v 1.608099 7.261214 0.079762
v 1.608607 7.261363 0.079643
v 1.608213 7.261327 0.079919
v 1.620363 7.264606 0.080074
v 1.620388 7.264153 0.079995
v 1.620269 7.262933 0.079996
v 1.616543 7.258575 0.079975
v 1.615650 7.258325 0.080012
v 1.614267 7.258203 0.079943
v 1.611524 7.258976 0.079890
v 1.610666 7.259606 0.079973
v 1.609563 7.260822 0.079920
v 1.609137 7.260035 0.079157
v 1.612996 7.257380 0.079149
v 1.614452 7.257254 0.079151
v 1.615580 7.257343 0.079151
v 1.619053 7.258961 0.079146
v 1.620367 7.264577 0.080006
v 1.620150 7.262447 0.079995
v 1.619988 7.261973 0.079995
v 1.619297 7.260669 0.079922
v 1.620204 7.262405 0.079747
v 1.620327 7.263049 0.079824
v 1.620411 7.263645 0.079813
v 1.619668 7.261252 0.079906
v 1.619903 7.261725 0.079899
v 1.620147 7.262049 0.079625
v 1.620592 7.263293 0.079449
v 1.620549 7.263921 0.079548
v 1.620445 7.262724 0.079490
v 1.620611 7.264642 0.079457
v 1.620844 7.263936 0.079281
v 1.609591 7.260811 0.080083
v 1.609705 7.260648 0.080083
v 1.609825 7.260489 0.080084
v 1.609950 7.260334 0.080084
v 1.610080 7.260183 0.080084
v 1.610215 7.260036 0.080085
v 1.610355 7.259895 0.080085
v 1.610499 7.259758 0.080085
v 1.610649 7.259626 0.080086
v 1.610802 7.259500 0.080086
v 1.610960 7.259378 0.080086
v 1.611122 7.259262 0.080087
v 1.611287 7.259151 0.080087
v 1.611456 7.259046 0.080087
v 1.611629 7.258947 0.080088
v 1.611805 7.258853 0.080088
v 1.611984 7.258766 0.080088
v 1.612166 7.258685 0.080088
v 1.612350 7.258610 0.080089
v 1.612537 7.258541 0.080089
v 1.612726 7.258479 0.080089
v 1.612917 7.258422 0.080089
v 1.613110 7.258373 0.080089
v 1.613305 7.258330 0.080089
v 1.613501 7.258293 0.080089
v 1.613698 7.258264 0.080090
v 1.613896 7.258240 0.080090
v 1.614094 7.258224 0.080090
v 1.614293 7.258214 0.080090
v 1.614492 7.258211 0.080090
v 1.614691 7.258214 0.080090
v 1.614890 7.258225 0.080090
v 1.615089 7.258242 0.080090
v 1.615286 7.258266 0.080090
v 1.615483 7.258296 0.080090
v 1.615679 7.258333 0.080089
v 1.615873 7.258377 0.080089
v 1.616066 7.258427 0.080089
v 1.616257 7.258483 0.080089
v 1.616446 7.258546 0.080089
v 1.616633 7.258616 0.080089
v 1.616817 7.258691 0.080089
v 1.616999 7.258773 0.080088
v 1.617177 7.258861 0.080088
v 1.617353 7.258955 0.080088
v 1.617526 7.259055 0.080088
v 1.617694 7.259160 0.080088
v 1.617860 7.259271 0.080087
v 1.618021 7.259388 0.080087
v 1.618178 7.259510 0.080087
v 1.618332 7.259637 0.080086
v 1.618481 7.259769 0.080086
v 1.618625 7.259907 0.080086
v 1.618764 7.260049 0.080085
v 1.618899 7.260195 0.080085
v 1.619029 7.260346 0.080085
v 1.619153 7.260502 0.080084
v 1.619272 7.260662 0.080084
v 1.619386 7.260825 0.080083
v 1.619494 7.260992 0.080083
v 1.619596 7.261163 0.080083
v 1.619693 7.261337 0.080082
v 1.619783 7.261514 0.080082
v 1.619868 7.261694 0.080081
v 1.619946 7.261878 0.080081
v 1.620018 7.262063 0.080080
v 1.620084 7.262251 0.080080
v 1.620144 7.262441 0.080079
v 1.620197 7.262632 0.080079
v 1.620243 7.262826 0.080078
v 1.620283 7.263021 0.080078
v 1.620317 7.263217 0.080077
v 1.620343 7.263414 0.080077
v 1.620363 7.263612 0.080076
v 1.620377 7.263811 0.080076
v 1.620383 7.264010 0.080075
v 1.620383 7.264209 0.080075
v 1.620376 7.264408 0.080074
v 1.621067 7.262409 0.079141
v 1.621326 7.263472 0.079135
v 1.621199 7.263627 0.079147
v 1.620464 7.260819 0.079144
v 1.619974 7.259981 0.079144
v 1.609500 7.259455 0.079144
v 1.613072 7.257502 0.079159
v 1.619103 7.259170 0.079154
v 1.616781 7.257734 0.079156
v 1.614217 7.257368 0.079160
v 1.615544 7.257517 0.079172
v 1.620798 7.262053 0.079168
v 1.621063 7.264309 0.079179
v 1.620259 7.261054 0.079208
v 1.619787 7.259983 0.079159
v 1.610626 7.258611 0.079163
v 1.618376 7.258872 0.079216
v 1.611716 7.257946 0.079157
v 1.611157 7.258509 0.079220
v 1.619807 7.260412 0.079228
v 1.615031 7.257637 0.079228
v 1.613872 7.257550 0.079197
v 1.609419 7.260148 0.079252
v 1.619021 7.259462 0.079229
v 1.617751 7.258316 0.079177
v 1.616858 7.258060 0.079226
v 1.613193 7.257744 0.079229
v 1.610257 7.259322 0.079282
v 1.609927 7.259342 0.079192
v 1.617640 7.258508 0.079258
v 1.616126 7.257890 0.079261
v 1.612688 7.258118 0.079371
v 1.620031 7.261138 0.079335
v 1.612073 7.258049 0.079221
v 1.620837 7.263087 0.079245
v 1.618612 7.259434 0.079384
v 1.615495 7.257881 0.079332
v 1.620544 7.262269 0.079302
v 1.614479 7.257749 0.079294
v 1.613710 7.257895 0.079361
v 1.620245 7.261957 0.079460
v 1.616150 7.258110 0.079392
v 1.619707 7.260795 0.079424
v 1.619377 7.260152 0.079336
v 1.611014 7.258959 0.079409
v 1.619225 7.260224 0.079480
v 1.619924 7.261388 0.079546
v 1.612680 7.258315 0.079567
v 1.617984 7.258927 0.079367
v 1.616972 7.258368 0.079367
v 1.617133 7.258618 0.079527
v 1.609543 7.260442 0.079456
v 1.614779 7.257965 0.079465
v 1.613953 7.258049 0.079551
v 1.613393 7.258141 0.079575
v 1.612061 7.258569 0.079597
v 1.611576 7.258561 0.079364
v 1.610283 7.259617 0.079463
v 1.618769 7.259708 0.079474
v 1.616433 7.258390 0.079608
v 1.615754 7.258141 0.079517
v 1.618993 7.260101 0.079617
v 1.610594 7.259529 0.079660
v 1.619600 7.261028 0.079739
v 1.618091 7.259437 0.079998
v 1.618335 7.259413 0.079555
v 1.610059 7.260101 0.079739
v 1.609562 7.260662 0.079653
v 1.619493 7.260767 0.079629
v 1.618964 7.260245 0.079935
v 1.618584 7.259826 0.079880
v 1.617766 7.259040 0.079611
v 1.615885 7.258313 0.079767
v 1.614404 7.258089 0.079641
v 1.611317 7.258997 0.079649
v 1.609793 7.260479 0.079870
v 1.615244 7.258149 0.079661
v 1.617192 7.258858 0.079957
v 1.617946 7.259298 0.079867
v 1.617080 7.258728 0.079738
v 1.616642 7.258526 0.079711
v 1.613592 7.258256 0.079889
v 1.616262 7.258465 0.079917
v 1.612054 7.258713 0.079929
v 1.615094 7.258227 0.079923
v 1.612732 7.258446 0.079876
v 1.610201 7.260044 0.079988
v 1.611058 7.259273 0.079878
v 1.601145 7.252019 0.079256
v 1.601221 7.252482 0.079326
v 1.600830 7.252565 0.079814
v 1.600748 7.252492 0.080000
v 1.606226 7.259770 0.080077
v 1.606844 7.260299 0.079994
v 1.607478 7.260811 0.079977
v 1.607519 7.260758 0.079730
v 1.607578 7.260683 0.079560
v 1.607374 7.260293 0.079375
v 1.607505 7.259894 0.079178
v 1.602209 7.253245 0.079162
v 1.601210 7.253399 0.080025
v 1.601611 7.254108 0.080023
v 1.605654 7.259237 0.079991
v 1.602036 7.254803 0.080022
v 1.602483 7.255484 0.080028
v 1.602956 7.256147 0.080006
v 1.603964 7.257427 0.080007
v 1.604500 7.258039 0.080006
v 1.603451 7.256793 0.079987
v 1.605059 7.258632 0.079986
v 1.601251 7.253377 0.079813
v 1.601661 7.254079 0.079784
v 1.602505 7.255468 0.079870
v 1.604254 7.257714 0.079849
v 1.602083 7.254772 0.079784
v 1.604572 7.257974 0.079683
v 1.605086 7.258605 0.079809
v 1.602982 7.256127 0.079838
v 1.606246 7.259748 0.079875
v 1.603483 7.256768 0.079806
v 1.605982 7.259433 0.079722
v 1.606887 7.260247 0.079736
v 1.605737 7.259101 0.079587
v 1.605135 7.258557 0.079654
v 1.606339 7.259644 0.079565
v 1.606945 7.260179 0.079570
v 1.601317 7.253341 0.079646
v 1.601979 7.254360 0.079552
v 1.602587 7.255412 0.079641
v 1.604041 7.257360 0.079671
v 1.603079 7.256055 0.079592
v 1.603570 7.256699 0.079591
v 1.604388 7.257595 0.079510
v 1.605264 7.258432 0.079428
v 1.607001 7.260112 0.079462
v 1.601409 7.253290 0.079503
v 1.606401 7.259575 0.079451
v 1.603222 7.255950 0.079393
v 1.604744 7.257818 0.079389
v 1.605841 7.258993 0.079415
v 1.602486 7.254993 0.079450
v 1.601917 7.253927 0.079380
v 1.601573 7.253201 0.079339
v 1.602583 7.254929 0.079349
v 1.606492 7.259474 0.079337
v 1.603969 7.256896 0.079384
v 1.604879 7.257695 0.079267
v 1.602486 7.254516 0.079265
v 1.605753 7.258653 0.079283
v 1.602918 7.255185 0.079268
v 1.603611 7.256159 0.079270
v 1.604362 7.257088 0.079265
v 1.607175 7.259904 0.079260
v 1.601724 7.253119 0.079245
v 1.602075 7.253834 0.079264
v 1.603735 7.256064 0.079205
v 1.606608 7.259346 0.079237
v 1.602847 7.254755 0.079197
v 1.605806 7.258459 0.079205
v 1.602203 7.253758 0.079205
v 1.601685 7.252691 0.079191
v 1.604767 7.257264 0.079189
v 1.606308 7.258795 0.079174
v 1.601751 7.252602 0.079172
v 1.602555 7.254122 0.079176
v 1.603883 7.255952 0.079162
v 1.607038 7.259306 0.079152
v 1.606134 7.258408 0.079150
v 1.605024 7.257300 0.079157
v 1.603659 7.255579 0.079153
v 1.639189 7.252638 0.079699
v 1.638856 7.252495 0.079403
v 1.638846 7.252935 0.079267
v 1.640741 7.255202 0.079204
v 1.639729 7.253448 0.079701
v 1.640699 7.254315 0.080010
v 1.639335 7.252753 0.079886
v 1.640182 7.253841 0.079981
v 1.639776 7.253364 0.079986
v 1.639146 7.253954 0.079161
v 1.638351 7.252760 0.079163
v 1.639919 7.254482 0.079219
v 1.639334 7.253622 0.079280
v 1.640499 7.254724 0.079314
v 1.639364 7.253234 0.079471
v 1.639823 7.253909 0.079413
v 1.640259 7.254198 0.079523
v 1.641215 7.254701 0.079997
v 1.640977 7.254730 0.079585
v 1.641267 7.254796 0.079798
v 1.640415 7.254152 0.079759
v 1.644512 7.242906 0.079189
v 1.642404 7.243262 0.079190
v 1.641926 7.243395 0.079187
v 1.640995 7.243871 0.079187
v 1.638167 7.247015 0.079178
v 1.637634 7.250443 0.079169
v 1.638379 7.252187 0.079226
v 1.639133 7.252320 0.079990
v 1.638827 7.251526 0.080028
v 1.638797 7.248068 0.079947
v 1.639813 7.246137 0.080034
v 1.641345 7.244767 0.080074
v 1.642681 7.244140 0.079991
v 1.643934 7.243893 0.080017
v 1.640551 7.245354 0.080020
v 1.638683 7.248595 0.080046
v 1.638584 7.249175 0.079990
v 1.638621 7.250674 0.079975
v 1.643382 7.243975 0.080043
v 1.642222 7.244308 0.079992
v 1.641051 7.244957 0.080032
v 1.639359 7.246781 0.079947
v 1.638693 7.251043 0.079990
v 1.638937 7.251886 0.079945
v 1.644360 7.243874 0.080036
v 1.639259 7.246899 0.079840
v 1.641778 7.244513 0.080003
v 1.639027 7.247458 0.080008
v 1.640927 7.244989 0.079833
v 1.638555 7.249775 0.080001
v 1.643116 7.244015 0.079964
v 1.642088 7.244315 0.079815
v 1.641431 7.244665 0.079861
v 1.639602 7.246401 0.079956
v 1.639106 7.247104 0.079738
v 1.638561 7.248957 0.079795
v 1.638533 7.250304 0.079801
v 1.638623 7.250980 0.079779
v 1.638862 7.251906 0.079709
v 1.638742 7.251393 0.079826
v 1.640121 7.245757 0.079975
v 1.638567 7.248582 0.079679
v 1.640387 7.245417 0.079794
v 1.638805 7.247859 0.079764
v 1.644196 7.243798 0.079748
v 1.641326 7.244590 0.079616
v 1.643424 7.243817 0.079634
v 1.638539 7.249912 0.079899
v 1.639873 7.245926 0.079729
v 1.639458 7.246426 0.079669
v 1.639109 7.246802 0.079529
v 1.642833 7.244008 0.079730
v 1.639928 7.245736 0.079587
v 1.640604 7.245083 0.079589
v 1.638830 7.247493 0.079586
v 1.638600 7.251327 0.079592
v 1.644305 7.243665 0.079547
v 1.638422 7.248949 0.079549
v 1.638348 7.249474 0.079524
v 1.639375 7.246307 0.079496
v 1.638399 7.250214 0.079573
v 1.642001 7.244252 0.079637
v 1.638479 7.250748 0.079592
v 1.638624 7.251783 0.079454
v 1.645015 7.243626 0.079484
v 1.641128 7.244487 0.079414
v 1.638558 7.248105 0.079510
v 1.642697 7.243840 0.079470
v 1.640535 7.244785 0.079343
v 1.638811 7.247059 0.079391
v 1.643627 7.243598 0.079425
v 1.641929 7.244061 0.079412
v 1.639101 7.246427 0.079356
v 1.638212 7.249750 0.079397
v 1.644326 7.243476 0.079374
v 1.639719 7.245690 0.079398
v 1.638463 7.251813 0.079326
v 1.638431 7.247893 0.079350
v 1.638163 7.249059 0.079334
v 1.643834 7.243377 0.079298
v 1.638115 7.248477 0.079260
v 1.641603 7.243927 0.079264
v 1.642803 7.243556 0.079290
v 1.639373 7.245689 0.079251
v 1.638291 7.250991 0.079364
v 1.638098 7.251357 0.079220
v 1.639958 7.245157 0.079283
v 1.638043 7.250306 0.079273
v 1.638668 7.246830 0.079256
v 1.637890 7.249054 0.079210
v 1.638962 7.246258 0.079249
v 1.640804 7.244307 0.079235
v 1.644417 7.243233 0.079250
v 1.642349 7.243463 0.079214
v 1.638217 7.247614 0.079216
v 1.643279 7.243305 0.079238
v 1.641504 7.243734 0.079201
v 1.639797 7.245025 0.079210
v 1.638431 7.246880 0.079198
v 1.637835 7.250164 0.079201
v 1.638990 7.245880 0.079196
v 1.638015 7.251643 0.079180
v 1.643434 7.243113 0.079200
v 1.638652 7.246248 0.079184
v 1.643334 7.243038 0.079190
v 1.640265 7.244449 0.079191
v 1.639406 7.245202 0.079185
v 1.638348 7.246758 0.079181
v 1.637712 7.249022 0.079178
v 1.644688 7.243023 0.079198
v 1.637958 7.247768 0.079179
v 1.637725 7.250705 0.079171
v 1.645279 7.243926 0.080115
v 1.645431 7.243915 0.080124
v 1.645650 7.243855 0.080123
v 1.646255 7.243059 0.080006
v 1.646106 7.243277 0.079667
v 1.645028 7.243884 0.079962
v 1.645569 7.243620 0.079518
v 1.645360 7.243696 0.079543
v 1.644749 7.243804 0.079761
v 1.645330 7.243563 0.079412
v 1.645554 7.243005 0.079231
v 1.645390 7.242949 0.079197
v 1.645206 7.243923 0.080115
v 1.646046 7.243550 0.080025
v 1.646194 7.243288 0.079987
v 1.645658 7.243844 0.080056
v 1.645817 7.243740 0.079953
v 1.645958 7.243549 0.079712
v 1.645284 7.243905 0.079973
v 1.645619 7.243790 0.079799
v 1.645466 7.243896 0.080011
v 1.645411 7.243827 0.079759
v 1.645729 7.243322 0.079350
v 1.645446 7.243370 0.079283
v 1.645370 7.243115 0.079214
v 1.605116 7.228219 0.080166
v 1.605584 7.227655 0.080167
v 1.606069 7.227108 0.080169
v 1.606573 7.226576 0.080170
v 1.607095 7.226061 0.080172
v 1.607633 7.225564 0.080173
v 1.608187 7.225086 0.080174
v 1.608757 7.224626 0.080175
v 1.609342 7.224185 0.080176
v 1.609942 7.223764 0.080178
v 1.610555 7.223363 0.080179
v 1.611181 7.222983 0.080180
v 1.611819 7.222624 0.080181
v 1.612469 7.222286 0.080182
v 1.613130 7.221970 0.080182
v 1.613801 7.221676 0.080183
v 1.614482 7.221405 0.080184
v 1.615171 7.221156 0.080185
v 1.615868 7.220931 0.080185
v 1.616572 7.220728 0.080186
v 1.617283 7.220550 0.080186
v 1.617999 7.220395 0.080187
v 1.618720 7.220263 0.080187
v 1.619445 7.220157 0.080188
v 1.620173 7.220074 0.080188
v 1.620903 7.220015 0.080188
v 1.621635 7.219981 0.080188
v 1.622368 7.219971 0.080188
v 1.605308 7.228385 0.080165
v 1.605495 7.228559 0.080165
v 1.605676 7.228737 0.080165
v 1.605851 7.228921 0.080164
v 1.606020 7.229112 0.080164
v 1.606182 7.229308 0.080163
v 1.606338 7.229508 0.080163
v 1.606488 7.229714 0.080162
v 1.606630 7.229925 0.080162
v 1.606765 7.230140 0.080161
v 1.606894 7.230360 0.080161
v 1.607015 7.230583 0.080160
v 1.607128 7.230811 0.080159
v 1.616052 7.228338 0.080166
v 1.607234 7.231041 0.080159
v 1.607332 7.231275 0.080158
v 1.607423 7.231513 0.080158
v 1.607505 7.231752 0.080157
v 1.607580 7.231995 0.080156
v 1.607647 7.232239 0.080156
v 1.615600 7.228554 0.080166
v 1.615155 7.228785 0.080165
v 1.616511 7.228137 0.080167
v 1.616977 7.227951 0.080167
v 1.617449 7.227781 0.080168
v 1.617926 7.227627 0.080168
v 1.618408 7.227489 0.080169
v 1.618894 7.227367 0.080169
v 1.619384 7.227262 0.080169
v 1.619877 7.227172 0.080170
v 1.620373 7.227100 0.080170
v 1.622855 7.222526 0.080182
v 1.622768 7.222280 0.080182
v 1.622689 7.222031 0.080183
v 1.622619 7.221779 0.080184
v 1.622557 7.221525 0.080184
v 1.622503 7.221269 0.080185
v 1.622459 7.221012 0.080186
v 1.622423 7.220753 0.080186
v 1.622396 7.220493 0.080187
v 1.622377 7.220232 0.080188
v 1.622951 7.222770 0.080181
v 1.620872 7.227044 0.080170
v 1.623055 7.223010 0.080180
v 1.623166 7.223246 0.080180
v 1.621372 7.227005 0.080170
v 1.623286 7.223478 0.080179
v 1.621872 7.226982 0.080170
v 1.623413 7.223706 0.080179
v 1.623549 7.223930 0.080178
v 1.622374 7.226976 0.080170
v 1.623691 7.224149 0.080178
v 1.623841 7.224363 0.080177
v 1.622875 7.226986 0.080170
v 1.623998 7.224573 0.080177
v 1.624162 7.224776 0.080176
v 1.623376 7.227014 0.080170
v 1.624333 7.224974 0.080176
v 1.624510 7.225166 0.080175
v 1.623875 7.227058 0.080170
v 1.624694 7.225352 0.080175
v 1.624884 7.225532 0.080174
v 1.624373 7.227119 0.080170
v 1.625080 7.225705 0.080174
v 1.624868 7.227197 0.080170
v 1.625282 7.225872 0.080173
v 1.625489 7.226031 0.080173
v 1.625360 7.227291 0.080170
v 1.625701 7.226183 0.080173
v 1.625919 7.226329 0.080172
v 1.625849 7.227401 0.080169
v 1.626141 7.226467 0.080172
v 1.626368 7.226597 0.080172
v 1.626335 7.227528 0.080169
v 1.626599 7.226719 0.080171
v 1.626834 7.226834 0.080171
v 1.627073 7.226941 0.080171
v 1.626815 7.227671 0.080169
v 1.614718 7.229031 0.080164
v 1.614290 7.229291 0.080164
v 1.613871 7.229566 0.080163
v 1.613461 7.229854 0.080162
v 1.613060 7.230156 0.080161
v 1.612671 7.230471 0.080161
v 1.612292 7.230799 0.080160
v 1.611924 7.231140 0.080159
v 1.611568 7.231492 0.080158
v 1.611223 7.231856 0.080157
v 1.610892 7.232232 0.080156
v 1.610572 7.232618 0.080155
v 1.610266 7.233015 0.080154
v 1.607706 7.232486 0.080155
v 1.609974 7.233422 0.080153
v 1.607756 7.232735 0.080154
v 1.607799 7.232985 0.080154
v 1.609695 7.233838 0.080152
v 1.607833 7.233236 0.080153
v 1.607859 7.233489 0.080153
v 1.609430 7.234263 0.080151
v 1.607877 7.233742 0.080152
v 1.607886 7.233995 0.080151
v 1.609180 7.234697 0.080150
v 1.607887 7.234249 0.080151
v 1.607880 7.234503 0.080150
v 1.608944 7.235139 0.080148
v 1.607864 7.234756 0.080149
v 1.607840 7.235009 0.080149
v 1.608724 7.235590 0.080147
v 1.607808 7.235260 0.080148
v 1.607767 7.235511 0.080147
v 1.608518 7.236046 0.080146
v 1.607719 7.235760 0.080147
v 1.607662 7.236007 0.080146
v 1.608328 7.236510 0.080145
v 1.607597 7.236252 0.080145
v 1.616585 7.256652 0.080094
v 1.616332 7.256586 0.080094
v 1.616077 7.256528 0.080094
v 1.615820 7.256478 0.080094
v 1.615561 7.256438 0.080094
v 1.615302 7.256406 0.080094
v 1.615041 7.256382 0.080094
v 1.614780 7.256368 0.080094
v 1.614518 7.256362 0.080094
v 1.614257 7.256366 0.080094
v 1.613995 7.256378 0.080094
v 1.613735 7.256399 0.080094
v 1.613475 7.256428 0.080094
v 1.613216 7.256467 0.080094
v 1.612959 7.256514 0.080094
v 1.612703 7.256570 0.080094
v 1.612450 7.256634 0.080094
v 1.612198 7.256707 0.080093
v 1.611950 7.256788 0.080093
v 1.611704 7.256878 0.080093
v 1.611461 7.256976 0.080093
v 1.611222 7.257082 0.080092
v 1.610987 7.257195 0.080092
v 1.610755 7.257317 0.080092
v 1.610528 7.257447 0.080091
v 1.610306 7.257584 0.080091
v 1.610088 7.257729 0.080091
v 1.609875 7.257881 0.080090
v 1.609667 7.258039 0.080090
v 1.609465 7.258205 0.080089
v 1.609269 7.258378 0.080089
v 1.609078 7.258557 0.080088
v 1.608894 7.258742 0.080088
v 1.608716 7.258934 0.080087
v 1.608544 7.259131 0.080087
v 1.616842 7.255923 0.080096
v 1.607995 7.237452 0.080142
v 1.607852 7.237932 0.080141
v 1.607726 7.238417 0.080140
v 1.607615 7.238905 0.080139
v 1.607521 7.239398 0.080137
v 1.607443 7.239892 0.080136
v 1.607382 7.240389 0.080135
v 1.607338 7.240889 0.080134
v 1.607311 7.241388 0.080132
v 1.607300 7.241889 0.080131
v 1.607306 7.242390 0.080130
v 1.607328 7.242891 0.080128
v 1.607368 7.243390 0.080127
v 1.607424 7.243888 0.080126
v 1.607497 7.244383 0.080125
v 1.607586 7.244876 0.080123
v 1.607691 7.245366 0.080122
v 1.607813 7.245852 0.080121
v 1.607952 7.246334 0.080120
v 1.608106 7.246810 0.080118
v 1.608276 7.247281 0.080117
v 1.608462 7.247746 0.080116
v 1.608663 7.248205 0.080115
v 1.608879 7.248657 0.080114
v 1.609111 7.249102 0.080113
v 1.609357 7.249538 0.080112
v 1.609617 7.249966 0.080110
v 1.609892 7.250385 0.080109
v 1.610181 7.250794 0.080108
v 1.610483 7.251194 0.080107
v 1.610798 7.251584 0.080106
v 1.611127 7.251962 0.080105
v 1.611467 7.252330 0.080105
v 1.611820 7.252686 0.080104
v 1.612185 7.253029 0.080103
v 1.612560 7.253361 0.080102
v 1.612947 7.253680 0.080101
v 1.613344 7.253986 0.080100
v 1.613751 7.254278 0.080100
v 1.614168 7.254557 0.080099
v 1.614594 7.254821 0.080098
v 1.615028 7.255071 0.080098
v 1.615471 7.255307 0.080097
v 1.615921 7.255527 0.080097
v 1.616378 7.255733 0.080096
v 1.607265 7.237195 0.080143
v 1.600289 7.241895 0.080131
v 1.600550 7.241886 0.080131
v 1.600811 7.241868 0.080131
v 1.601071 7.241840 0.080131
v 1.601330 7.241804 0.080131
v 1.601588 7.241760 0.080131
v 1.601844 7.241706 0.080131
v 1.602098 7.241645 0.080131
v 1.602350 7.241574 0.080131
v 1.602600 7.241496 0.080132
v 1.602846 7.241408 0.080132
v 1.603090 7.241313 0.080132
v 1.603330 7.241209 0.080132
v 1.603566 7.241097 0.080133
v 1.603799 7.240978 0.080133
v 1.604027 7.240850 0.080133
v 1.604251 7.240716 0.080134
v 1.604471 7.240573 0.080134
v 1.604685 7.240423 0.080135
v 1.604894 7.240266 0.080135
v 1.605098 7.240102 0.080135
v 1.605296 7.239932 0.080136
v 1.605488 7.239755 0.080136
v 1.605675 7.239571 0.080137
v 1.605854 7.239381 0.080137
v 1.606028 7.239185 0.080138
v 1.606194 7.238984 0.080138
v 1.606354 7.238777 0.080139
v 1.606507 7.238564 0.080139
v 1.606652 7.238348 0.080140
v 1.606790 7.238125 0.080141
v 1.606920 7.237899 0.080141
v 1.607043 7.237668 0.080142
v 1.607158 7.237433 0.080142
v 1.607980 7.258665 0.080088
v 1.607431 7.258179 0.080089
v 1.606899 7.257676 0.080091
v 1.606385 7.257154 0.080092
v 1.605887 7.256617 0.080093
v 1.605408 7.256063 0.080095
v 1.604948 7.255494 0.080096
v 1.604507 7.254909 0.080097
v 1.604085 7.254310 0.080099
v 1.603684 7.253698 0.080101
v 1.603303 7.253072 0.080102
v 1.602944 7.252434 0.080104
v 1.602606 7.251785 0.080105
v 1.602289 7.251124 0.080107
v 1.601995 7.250454 0.080109
v 1.601724 7.249774 0.080110
v 1.601475 7.249085 0.080112
v 1.601249 7.248389 0.080114
v 1.601047 7.247685 0.080116
v 1.600868 7.246975 0.080118
v 1.600713 7.246260 0.080119
v 1.600582 7.245540 0.080121
v 1.600474 7.244815 0.080123
v 1.600392 7.244088 0.080125
v 1.600333 7.243359 0.080127
v 1.600299 7.242627 0.080129
v 1.639484 7.255706 0.080098
v 1.639017 7.256270 0.080096
v 1.638531 7.256818 0.080095
v 1.638027 7.257349 0.080094
v 1.637506 7.257864 0.080092
v 1.636968 7.258361 0.080091
v 1.636413 7.258840 0.080090
v 1.635843 7.259300 0.080088
v 1.635258 7.259740 0.080087
v 1.634659 7.260161 0.080086
v 1.634046 7.260562 0.080085
v 1.633420 7.260942 0.080084
v 1.632781 7.261302 0.080083
v 1.632131 7.261640 0.080082
v 1.631470 7.261956 0.080081
v 1.630799 7.262249 0.080081
v 1.630118 7.262521 0.080080
v 1.629429 7.262769 0.080079
v 1.628732 7.262995 0.080078
v 1.628028 7.263197 0.080078
v 1.627317 7.263376 0.080077
v 1.626601 7.263531 0.080077
v 1.625880 7.263662 0.080077
v 1.625156 7.263769 0.080076
v 1.624428 7.263852 0.080076
v 1.623697 7.263910 0.080076
v 1.622965 7.263945 0.080076
v 1.622233 7.263955 0.080076
v 1.637003 7.247673 0.080118
v 1.636936 7.247926 0.080118
v 1.636878 7.248181 0.080117
v 1.636829 7.248437 0.080116
v 1.636788 7.248696 0.080116
v 1.636756 7.248955 0.080115
v 1.636733 7.249216 0.080114
v 1.636719 7.249476 0.080114
v 1.636713 7.249738 0.080113
v 1.636716 7.249999 0.080112
v 1.636728 7.250260 0.080112
v 1.636749 7.250521 0.080111
v 1.636779 7.250780 0.080110
v 1.636817 7.251039 0.080110
v 1.636864 7.251296 0.080109
v 1.636920 7.251551 0.080108
v 1.636985 7.251804 0.080108
v 1.637058 7.252056 0.080107
v 1.637139 7.252304 0.080106
v 1.637228 7.252550 0.080106
v 1.637326 7.252792 0.080105
v 1.637433 7.253031 0.080105
v 1.637547 7.253266 0.080104
v 1.637668 7.253497 0.080103
v 1.637798 7.253724 0.080103
v 1.637936 7.253947 0.080102
v 1.638080 7.254164 0.080102
v 1.638232 7.254377 0.080101
v 1.638391 7.254584 0.080101
v 1.638557 7.254786 0.080100
v 1.638730 7.254983 0.080100
v 1.638909 7.255173 0.080099
v 1.639095 7.255357 0.080099
v 1.639287 7.255535 0.080098
v 1.636273 7.247416 0.080119
v 1.617785 7.256255 0.080095
v 1.618266 7.256398 0.080095
v 1.618751 7.256525 0.080094
v 1.619240 7.256635 0.080094
v 1.619732 7.256729 0.080094
v 1.620228 7.256806 0.080094
v 1.620725 7.256867 0.080094
v 1.621225 7.256911 0.080094
v 1.621725 7.256939 0.080093
v 1.622227 7.256950 0.080094
v 1.622728 7.256944 0.080094
v 1.623229 7.256921 0.080094
v 1.623729 7.256882 0.080094
v 1.624227 7.256826 0.080094
v 1.624723 7.256753 0.080094
v 1.625216 7.256664 0.080094
v 1.625707 7.256558 0.080095
v 1.626193 7.256436 0.080095
v 1.626675 7.256299 0.080095
v 1.627152 7.256145 0.080096
v 1.627623 7.255974 0.080096
v 1.628089 7.255789 0.080097
v 1.628548 7.255588 0.080097
v 1.629001 7.255372 0.080098
v 1.629445 7.255140 0.080099
v 1.629882 7.254895 0.080099
v 1.630311 7.254634 0.080100
v 1.630730 7.254360 0.080101
v 1.631140 7.254071 0.080102
v 1.631540 7.253769 0.080102
v 1.631930 7.253454 0.080103
v 1.632309 7.253126 0.080104
v 1.632676 7.252786 0.080105
v 1.633033 7.252433 0.080106
v 1.633377 7.252069 0.080107
v 1.633709 7.251694 0.080108
v 1.634028 7.251307 0.080109
v 1.634334 7.250911 0.080110
v 1.634627 7.250504 0.080111
v 1.634905 7.250088 0.080112
v 1.635170 7.249662 0.080113
v 1.635420 7.249228 0.080114
v 1.635656 7.248786 0.080115
v 1.635877 7.248336 0.080117
v 1.636082 7.247880 0.080118
v 1.617528 7.256985 0.080093
v 1.617760 7.257088 0.080093
v 1.617988 7.257199 0.080093
v 1.618212 7.257318 0.080092
v 1.618433 7.257443 0.080092
v 1.618649 7.257576 0.080092
v 1.618861 7.257716 0.080091
v 1.619068 7.257863 0.080091
v 1.619271 7.258016 0.080091
v 1.619468 7.258176 0.080090
v 1.619660 7.258342 0.080090
v 1.619846 7.258515 0.080089
v 1.620026 7.258693 0.080089
v 1.620201 7.258878 0.080088
v 1.620369 7.259068 0.080088
v 1.620531 7.259263 0.080087
v 1.620687 7.259463 0.080087
v 1.620836 7.259669 0.080086
v 1.620978 7.259879 0.080086
v 1.621113 7.260094 0.080085
v 1.621241 7.260313 0.080085
v 1.621361 7.260536 0.080084
v 1.621475 7.260763 0.080084
v 1.621679 7.261229 0.080083
v 1.621581 7.260994 0.080083
v 1.621770 7.261467 0.080082
v 1.621853 7.261707 0.080081
v 1.621927 7.261950 0.080081
v 1.621994 7.262195 0.080080
v 1.622053 7.262443 0.080079
v 1.622104 7.262691 0.080079
v 1.622146 7.262942 0.080078
v 1.622180 7.263194 0.080078
v 1.622206 7.263447 0.080077
v 1.622223 7.263700 0.080076
v 1.642156 7.232470 0.080158
v 1.641840 7.231838 0.080159
v 1.641505 7.231216 0.080161
v 1.641150 7.230606 0.080162
v 1.640775 7.230008 0.080164
v 1.640382 7.229421 0.080165
v 1.639970 7.228848 0.080167
v 1.639539 7.228288 0.080168
v 1.639091 7.227742 0.080169
v 1.638626 7.227211 0.080171
v 1.638143 7.226696 0.080172
v 1.637645 7.226195 0.080173
v 1.637130 7.225711 0.080175
v 1.636601 7.225244 0.080176
v 1.636056 7.224794 0.080177
v 1.644312 7.242030 0.080133
v 1.644303 7.241324 0.080135
v 1.644271 7.240619 0.080137
v 1.644216 7.239915 0.080139
v 1.644139 7.239214 0.080140
v 1.644040 7.238515 0.080142
v 1.643918 7.237820 0.080144
v 1.643774 7.237128 0.080146
v 1.643607 7.236443 0.080148
v 1.643419 7.235762 0.080149
v 1.643209 7.235088 0.080151
v 1.642977 7.234421 0.080153
v 1.642724 7.233762 0.080154
v 1.642450 7.233111 0.080156
v 1.635885 7.224992 0.080176
v 1.635707 7.225183 0.080176
v 1.635522 7.225368 0.080175
v 1.635332 7.225548 0.080175
v 1.635135 7.225720 0.080174
v 1.634933 7.225886 0.080174
v 1.634726 7.226045 0.080174
v 1.634513 7.226197 0.080173
v 1.634295 7.226342 0.080173
v 1.634072 7.226479 0.080172
v 1.633371 7.231850 0.080159
v 1.633035 7.231494 0.080159
v 1.633696 7.232217 0.080158
v 1.634009 7.232594 0.080157
v 1.634310 7.232982 0.080156
v 1.634597 7.233379 0.080155
v 1.634871 7.233786 0.080154
v 1.635132 7.234200 0.080153
v 1.635379 7.234624 0.080152
v 1.635612 7.235055 0.080151
v 1.635831 7.235493 0.080149
v 1.636036 7.235939 0.080148
v 1.636226 7.236391 0.080147
v 1.636400 7.236848 0.080146
v 1.636560 7.237312 0.080145
v 1.636705 7.237780 0.080144
v 1.636834 7.238253 0.080142
v 1.636948 7.238729 0.080141
v 1.637046 7.239210 0.080140
v 1.637128 7.239693 0.080139
v 1.641754 7.242517 0.080132
v 1.637194 7.240178 0.080138
v 1.641511 7.242613 0.080132
v 1.641271 7.242716 0.080131
v 1.642001 7.242430 0.080132
v 1.642250 7.242351 0.080132
v 1.642502 7.242281 0.080132
v 1.642756 7.242219 0.080133
v 1.643012 7.242166 0.080133
v 1.643270 7.242121 0.080133
v 1.643529 7.242085 0.080133
v 1.643790 7.242058 0.080133
v 1.644050 7.242040 0.080133
v 1.637245 7.240665 0.080136
v 1.641034 7.242828 0.080131
v 1.640801 7.242948 0.080131
v 1.637279 7.241155 0.080135
v 1.640573 7.243075 0.080130
v 1.637298 7.241644 0.080134
v 1.640349 7.243210 0.080130
v 1.640130 7.243352 0.080130
v 1.637300 7.242134 0.080133
v 1.639915 7.243502 0.080129
v 1.639706 7.243659 0.080129
v 1.637286 7.242624 0.080131
v 1.639502 7.243823 0.080128
v 1.637257 7.243113 0.080130
v 1.639304 7.243994 0.080128
v 1.639112 7.244171 0.080127
v 1.637211 7.243601 0.080129
v 1.638926 7.244355 0.080127
v 1.638746 7.244545 0.080126
v 1.637149 7.244087 0.080127
v 1.638573 7.244740 0.080126
v 1.638406 7.244942 0.080125
v 1.637072 7.244571 0.080126
v 1.638246 7.245149 0.080125
v 1.638094 7.245361 0.080124
v 1.636979 7.245052 0.080125
v 1.637948 7.245578 0.080124
v 1.636870 7.245530 0.080124
v 1.637810 7.245800 0.080123
v 1.637680 7.246027 0.080123
v 1.636745 7.246004 0.080123
v 1.637557 7.246258 0.080122
v 1.637442 7.246492 0.080121
v 1.637336 7.246731 0.080121
v 1.636605 7.246474 0.080121
v 1.632686 7.231149 0.080160
v 1.633613 7.226730 0.080172
v 1.633845 7.226608 0.080172
v 1.632327 7.230815 0.080161
v 1.633139 7.226950 0.080171
v 1.633378 7.226844 0.080171
v 1.632896 7.227048 0.080171
v 1.631957 7.230494 0.080162
v 1.632651 7.227138 0.080171
v 1.632402 7.227219 0.080170
v 1.631576 7.230185 0.080163
v 1.632151 7.227292 0.080170
v 1.631897 7.227356 0.080170
v 1.631186 7.229888 0.080163
v 1.631642 7.227412 0.080170
v 1.630786 7.229604 0.080164
v 1.631384 7.227459 0.080170
v 1.631126 7.227497 0.080170
v 1.630377 7.229334 0.080165
v 1.630866 7.227527 0.080169
v 1.630605 7.227548 0.080169
v 1.629960 7.229076 0.080165
v 1.630344 7.227560 0.080169
v 1.630082 7.227563 0.080169
v 1.629534 7.228833 0.080166
v 1.629820 7.227557 0.080169
v 1.629559 7.227543 0.080169
v 1.629100 7.228604 0.080167
v 1.629299 7.227520 0.080169
v 1.628660 7.228389 0.080167
v 1.629039 7.227488 0.080169
v 1.628781 7.227447 0.080170
v 1.628212 7.228189 0.080168
v 1.628524 7.227398 0.080170
v 1.628269 7.227340 0.080170
v 1.627758 7.228003 0.080168
v 1.628016 7.227273 0.080170
v 1.626268 7.240114 0.097101
v 1.626202 7.239981 0.097101
v 1.626131 7.239851 0.097102
v 1.626055 7.239722 0.097102
v 1.625976 7.239597 0.097102
v 1.625892 7.239474 0.097103
v 1.625804 7.239355 0.097103
v 1.625713 7.239238 0.097103
v 1.625617 7.239124 0.097103
v 1.625517 7.239014 0.097104
v 1.625414 7.238907 0.097104
v 1.625307 7.238803 0.097104
v 1.625197 7.238704 0.097105
v 1.625084 7.238608 0.097105
v 1.624967 7.238516 0.097105
v 1.624847 7.238428 0.097105
v 1.624725 7.238344 0.097105
v 1.624599 7.238264 0.097106
v 1.624472 7.238189 0.097106
v 1.624341 7.238118 0.097106
v 1.624208 7.238051 0.097106
v 1.624073 7.237988 0.097106
v 1.623936 7.237931 0.097106
v 1.623797 7.237878 0.097107
v 1.623657 7.237830 0.097107
v 1.623515 7.237786 0.097107
v 1.623371 7.237748 0.097107
v 1.623226 7.237714 0.097107
v 1.623081 7.237685 0.097107
v 1.622934 7.237661 0.097107
v 1.622786 7.237642 0.097107
v 1.622638 7.237628 0.097107
v 1.622490 7.237619 0.097107
v 1.622342 7.237616 0.097107
v 1.622193 7.237617 0.097107
v 1.622044 7.237623 0.097107
v 1.621896 7.237634 0.097107
v 1.621748 7.237650 0.097107
v 1.621601 7.237671 0.097107
v 1.621455 7.237697 0.097107
v 1.621310 7.237728 0.097107
v 1.621165 7.237764 0.097107
v 1.621022 7.237804 0.097107
v 1.620881 7.237850 0.097106
v 1.620741 7.237900 0.097106
v 1.620603 7.237955 0.097106
v 1.620467 7.238015 0.097106
v 1.620333 7.238079 0.097106
v 1.620201 7.238147 0.097106
v 1.620071 7.238220 0.097105
v 1.619945 7.238297 0.097105
v 1.619820 7.238379 0.097105
v 1.619699 7.238465 0.097105
v 1.619581 7.238554 0.097104
v 1.619465 7.238648 0.097104
v 1.619353 7.238746 0.097104
v 1.619244 7.238847 0.097104
v 1.619139 7.238952 0.097103
v 1.619038 7.239060 0.097103
v 1.618940 7.239172 0.097103
v 1.618846 7.239287 0.097103
v 1.618755 7.239405 0.097102
v 1.618669 7.239526 0.097102
v 1.618587 7.239650 0.097102
v 1.618510 7.239777 0.097101
v 1.618436 7.239906 0.097101
v 1.618367 7.240037 0.097101
v 1.618303 7.240171 0.097100
v 1.618243 7.240307 0.097100
v 1.618188 7.240445 0.097100
v 1.618137 7.240584 0.097099
v 1.618091 7.240726 0.097099
v 1.618050 7.240869 0.097098
v 1.618014 7.241013 0.097098
v 1.617983 7.241158 0.097098
v 1.617956 7.241304 0.097097
v 1.617935 7.241451 0.097097
v 1.617918 7.241598 0.097097
v 1.617907 7.241746 0.097096
v 1.617900 7.241895 0.097096
v 1.617899 7.242043 0.097095
v 1.617902 7.242192 0.097095
v 1.617911 7.242340 0.097095
v 1.617925 7.242488 0.097094
v 1.617943 7.242635 0.097094
v 1.617967 7.242782 0.097094
v 1.617995 7.242928 0.097093
v 1.618029 7.243072 0.097093
v 1.618067 7.243216 0.097092
v 1.618110 7.243358 0.097092
v 1.618158 7.243498 0.097092
v 1.618211 7.243637 0.097091
v 1.618268 7.243774 0.097091
v 1.618330 7.243909 0.097091
v 1.618331 7.243871 0.083897
v 1.618269 7.243736 0.083897
v 1.618212 7.243599 0.083897
v 1.618159 7.243460 0.083898
v 1.618111 7.243320 0.083898
v 1.618068 7.243178 0.083898
v 1.618030 7.243034 0.083899
v 1.617996 7.242889 0.083899
v 1.617968 7.242744 0.083899
v 1.617944 7.242597 0.083900
v 1.617926 7.242450 0.083900
v 1.617912 7.242302 0.083900
v 1.617903 7.242154 0.083901
v 1.617900 7.242005 0.083901
v 1.617901 7.241857 0.083902
v 1.617908 7.241708 0.083902
v 1.617919 7.241560 0.083902
v 1.617936 7.241413 0.083903
v 1.617957 7.241266 0.083903
v 1.617983 7.241120 0.083904
v 1.618015 7.240974 0.083904
v 1.618051 7.240830 0.083904
v 1.618092 7.240688 0.083905
v 1.618138 7.240547 0.083905
v 1.618189 7.240407 0.083905
v 1.618244 7.240269 0.083906
v 1.618304 7.240133 0.083906
v 1.618368 7.239999 0.083906
v 1.618437 7.239868 0.083907
v 1.618511 7.239738 0.083907
v 1.618588 7.239612 0.083907
v 1.618670 7.239488 0.083908
v 1.618757 7.239367 0.083908
v 1.618847 7.239249 0.083908
v 1.618941 7.239134 0.083909
v 1.619039 7.239022 0.083909
v 1.619140 7.238914 0.083909
v 1.619245 7.238809 0.083910
v 1.619354 7.238708 0.083910
v 1.619466 7.238610 0.083910
v 1.619582 7.238517 0.083910
v 1.619700 7.238427 0.083911
v 1.619821 7.238341 0.083911
v 1.619946 7.238260 0.083911
v 1.620072 7.238182 0.083911
v 1.620202 7.238109 0.083911
v 1.620334 7.238040 0.083912
v 1.620468 7.237977 0.083912
v 1.620604 7.237917 0.083912
v 1.620742 7.237862 0.083912
v 1.620882 7.237812 0.083912
v 1.621023 7.237766 0.083912
v 1.621166 7.237726 0.083912
v 1.621311 7.237690 0.083913
v 1.621456 7.237659 0.083913
v 1.621602 7.237633 0.083913
v 1.621750 7.237612 0.083913
v 1.621897 7.237596 0.083913
v 1.622045 7.237585 0.083913
v 1.622194 7.237579 0.083913
v 1.622343 7.237577 0.083913
v 1.622491 7.237582 0.083913
v 1.622640 7.237590 0.083913
v 1.622787 7.237605 0.083913
v 1.622935 7.237623 0.083913
v 1.623082 7.237648 0.083913
v 1.623227 7.237676 0.083913
v 1.623372 7.237710 0.083913
v 1.623516 7.237749 0.083913
v 1.623658 7.237792 0.083912
v 1.623798 7.237840 0.083912
v 1.623937 7.237893 0.083912
v 1.624074 7.237951 0.083912
v 1.624209 7.238013 0.083912
v 1.624342 7.238080 0.083912
v 1.624472 7.238151 0.083912
v 1.624601 7.238226 0.083911
v 1.624726 7.238306 0.083911
v 1.624848 7.238390 0.083911
v 1.624968 7.238478 0.083911
v 1.625085 7.238570 0.083911
v 1.625198 7.238666 0.083910
v 1.625309 7.238766 0.083910
v 1.625415 7.238869 0.083910
v 1.625518 7.238976 0.083910
v 1.625618 7.239086 0.083909
v 1.625714 7.239200 0.083909
v 1.625805 7.239316 0.083909
v 1.625893 7.239436 0.083908
v 1.625977 7.239559 0.083908
v 1.626057 7.239685 0.083908
v 1.626132 7.239812 0.083907
v 1.626203 7.239943 0.083907
v 1.626269 7.240076 0.083907
v 1.626331 7.240211 0.083906
v 1.626330 7.240249 0.097101
v 1.626388 7.240348 0.083906
v 1.626387 7.240386 0.097100
v 1.626440 7.240525 0.097100
v 1.626441 7.240487 0.083906
v 1.626488 7.240665 0.097100
v 1.626489 7.240627 0.083905
v 1.626531 7.240808 0.097099
v 1.626532 7.240769 0.083905
v 1.626569 7.240951 0.097099
v 1.626570 7.240913 0.083905
v 1.626603 7.241096 0.097098
v 1.626603 7.241058 0.083904
v 1.626631 7.241241 0.097098
v 1.626632 7.241203 0.083904
v 1.626655 7.241388 0.097098
v 1.626656 7.241350 0.083904
v 1.626673 7.241535 0.097097
v 1.626674 7.241498 0.083903
v 1.626687 7.241683 0.097097
v 1.626688 7.241645 0.083903
v 1.626695 7.241831 0.097097
v 1.626696 7.241794 0.083902
v 1.626699 7.241980 0.097096
v 1.626700 7.241942 0.083902
v 1.626698 7.242128 0.097096
v 1.626698 7.242091 0.083902
v 1.626691 7.242277 0.097095
v 1.626692 7.242239 0.083901
v 1.626680 7.242425 0.097095
v 1.626681 7.242387 0.083901
v 1.626663 7.242572 0.097095
v 1.626664 7.242535 0.083901
v 1.626642 7.242720 0.097094
v 1.626643 7.242682 0.083900
v 1.626615 7.242866 0.097094
v 1.626616 7.242827 0.083900
v 1.626584 7.243011 0.097094
v 1.626585 7.242973 0.083899
v 1.626548 7.243155 0.097093
v 1.626549 7.243117 0.083899
v 1.626507 7.243298 0.097093
v 1.626508 7.243259 0.083899
v 1.626461 7.243439 0.097092
v 1.626462 7.243401 0.083898
v 1.626410 7.243578 0.097092
v 1.626411 7.243540 0.083898
v 1.626355 7.243716 0.097092
v 1.626356 7.243678 0.083898
v 1.626295 7.243852 0.097091
v 1.626296 7.243814 0.083897
v 1.626230 7.243986 0.097091
v 1.626231 7.243948 0.083897
v 1.626161 7.244117 0.097091
v 1.626162 7.244080 0.083897
v 1.626088 7.244246 0.097090
v 1.626089 7.244208 0.083896
v 1.626010 7.244373 0.097090
v 1.626011 7.244335 0.083896
v 1.625928 7.244497 0.097090
v 1.625929 7.244459 0.083896
v 1.625842 7.244618 0.097089
v 1.625843 7.244580 0.083895
v 1.625752 7.244736 0.097089
v 1.625753 7.244698 0.083895
v 1.625658 7.244851 0.097089
v 1.625659 7.244813 0.083895
v 1.625560 7.244963 0.097089
v 1.625561 7.244925 0.083894
v 1.625458 7.245071 0.097088
v 1.625460 7.245033 0.083894
v 1.625353 7.245176 0.097088
v 1.625354 7.245138 0.083894
v 1.625245 7.245277 0.097088
v 1.625246 7.245239 0.083894
v 1.625132 7.245375 0.097087
v 1.625134 7.245337 0.083893
v 1.625017 7.245469 0.097087
v 1.625018 7.245430 0.083893
v 1.624899 7.245558 0.097087
v 1.624900 7.245521 0.083893
v 1.624777 7.245644 0.097087
v 1.624778 7.245606 0.083893
v 1.624653 7.245726 0.097086
v 1.624654 7.245687 0.083892
v 1.624526 7.245803 0.097086
v 1.624527 7.245765 0.083892
v 1.624397 7.245876 0.097086
v 1.624398 7.245838 0.083892
v 1.624265 7.245944 0.097086
v 1.624266 7.245906 0.083892
v 1.624131 7.246008 0.097086
v 1.624132 7.245971 0.083892
v 1.623995 7.246068 0.097086
v 1.623996 7.246030 0.083891
v 1.623857 7.246123 0.097085
v 1.623858 7.246085 0.083891
v 1.623717 7.246173 0.097085
v 1.623718 7.246135 0.083891
v 1.623575 7.246219 0.097085
v 1.623576 7.246181 0.083891
v 1.623432 7.246259 0.097085
v 1.623433 7.246222 0.083891
v 1.623288 7.246295 0.097085
v 1.623289 7.246257 0.083891
v 1.623143 7.246326 0.097085
v 1.623144 7.246288 0.083891
v 1.622996 7.246352 0.097085
v 1.622997 7.246314 0.083891
v 1.622849 7.246373 0.097085
v 1.622850 7.246336 0.083891
v 1.622702 7.246389 0.097085
v 1.622703 7.246351 0.083890
v 1.622553 7.246400 0.097085
v 1.622554 7.246363 0.083890
v 1.622405 7.246407 0.097085
v 1.622406 7.246368 0.083890
v 1.622256 7.246408 0.097085
v 1.622257 7.246370 0.083890
v 1.622108 7.246404 0.097085
v 1.622109 7.246366 0.083890
v 1.621959 7.246395 0.097085
v 1.621960 7.246357 0.083890
v 1.621811 7.246381 0.097085
v 1.621812 7.246343 0.083890
v 1.621664 7.246362 0.097085
v 1.621665 7.246324 0.083890
v 1.621517 7.246338 0.097085
v 1.621518 7.246300 0.083891
v 1.621371 7.246309 0.097085
v 1.621372 7.246271 0.083891
v 1.621227 7.246275 0.097085
v 1.621228 7.246237 0.083891
v 1.621083 7.246237 0.097085
v 1.621084 7.246199 0.083891
v 1.620941 7.246193 0.097085
v 1.620942 7.246155 0.083891
v 1.620800 7.246145 0.097085
v 1.620801 7.246107 0.083891
v 1.620661 7.246092 0.097085
v 1.620663 7.246054 0.083891
v 1.620524 7.246035 0.097085
v 1.620525 7.245996 0.083891
v 1.620389 7.245972 0.097086
v 1.620391 7.245934 0.083891
v 1.620257 7.245906 0.097086
v 1.620258 7.245868 0.083892
v 1.620126 7.245834 0.097086
v 1.620127 7.245797 0.083892
v 1.619998 7.245759 0.097086
v 1.619999 7.245721 0.083892
v 1.619873 7.245679 0.097086
v 1.619874 7.245641 0.083892
v 1.619750 7.245595 0.097086
v 1.619751 7.245557 0.083892
v 1.619631 7.245507 0.097087
v 1.619632 7.245469 0.083893
v 1.619514 7.245415 0.097087
v 1.619515 7.245377 0.083893
v 1.619400 7.245319 0.097087
v 1.619401 7.245281 0.083893
v 1.619290 7.245220 0.097087
v 1.619291 7.245182 0.083893
v 1.619184 7.245116 0.097088
v 1.619185 7.245078 0.083893
v 1.619080 7.245009 0.097088
v 1.619081 7.244971 0.083894
v 1.618981 7.244899 0.097088
v 1.618982 7.244861 0.083894
v 1.618885 7.244785 0.097088
v 1.618886 7.244748 0.083894
v 1.618793 7.244668 0.097089
v 1.618794 7.244631 0.083895
v 1.618706 7.244549 0.097089
v 1.618707 7.244511 0.083895
v 1.618622 7.244426 0.097089
v 1.618623 7.244388 0.083895
v 1.618542 7.244301 0.097090
v 1.618543 7.244263 0.083896
v 1.618467 7.244173 0.097090
v 1.618468 7.244135 0.083896
v 1.618396 7.244042 0.097090
v 1.618397 7.244004 0.083896
v 1.616050 7.244962 0.083894
v 1.616585 7.238060 0.083911
v 1.621765 7.248875 0.083884
v 1.628550 7.238986 0.083910
v 1.622835 7.235072 0.083919
v 1.616532 7.238024 0.083913
v 1.615993 7.244989 0.083895
v 1.616442 7.237962 0.083923
v 1.615894 7.245036 0.083905
v 1.615785 7.245089 0.083925
v 1.616342 7.237894 0.083943
v 1.616270 7.237844 0.083965
v 1.615705 7.245127 0.083946
v 1.616210 7.237803 0.083988
v 1.615640 7.245158 0.083969
v 1.616152 7.237763 0.084015
v 1.615576 7.245189 0.083996
v 1.615526 7.245213 0.084021
v 1.616090 7.237722 0.084049
v 1.615477 7.245236 0.084049
v 1.616046 7.237692 0.084078
v 1.615419 7.245264 0.084085
v 1.616004 7.237662 0.084108
v 1.615937 7.237617 0.084165
v 1.615344 7.245300 0.084143
v 1.615287 7.245327 0.084194
v 1.615887 7.237583 0.084214
v 1.615243 7.245348 0.084240
v 1.615847 7.237556 0.084260
v 1.615785 7.237514 0.084344
v 1.615176 7.245381 0.084324
v 1.615117 7.245409 0.084416
v 1.615729 7.237475 0.084442
v 1.615093 7.245421 0.084463
v 1.615692 7.237451 0.084527
v 1.615067 7.245433 0.084523
v 1.615050 7.245442 0.084572
v 1.615670 7.237435 0.084593
v 1.615661 7.237430 0.084626
v 1.615037 7.245448 0.084617
v 1.615656 7.237426 0.084649
v 1.615026 7.245454 0.084662
v 1.615649 7.237421 0.084683
v 1.615641 7.237416 0.084728
v 1.615017 7.245458 0.084714
v 1.615634 7.237411 0.084798
v 1.615010 7.245461 0.084783
v 1.615632 7.237411 0.084855
v 1.615008 7.245462 0.084835
v 1.622840 7.235008 0.083921
v 1.622845 7.234938 0.083926
v 1.622852 7.234855 0.083937
v 1.622857 7.234779 0.083951
v 1.622863 7.234704 0.083970
v 1.622869 7.234626 0.083995
v 1.622874 7.234568 0.084016
v 1.622879 7.234502 0.084045
v 1.622884 7.234433 0.084080
v 1.622887 7.234399 0.084100
v 1.622892 7.234338 0.084139
v 1.622897 7.234262 0.084196
v 1.622901 7.234211 0.084240
v 1.622905 7.234162 0.084289
v 1.622909 7.234113 0.084346
v 1.622912 7.234075 0.084397
v 1.622916 7.234028 0.084472
v 1.622918 7.234000 0.084528
v 1.622920 7.233969 0.084602
v 1.622921 7.233958 0.084636
v 1.622922 7.233952 0.084658
v 1.622923 7.233940 0.084709
v 1.622923 7.233927 0.084804
v 1.622924 7.233924 0.084865
v 1.628629 7.238947 0.083913
v 1.628709 7.238909 0.083921
v 1.628784 7.238873 0.083934
v 1.628846 7.238844 0.083949
v 1.628912 7.238812 0.083969
v 1.628983 7.238779 0.083996
v 1.629072 7.238736 0.084039
v 1.629160 7.238694 0.084089
v 1.629237 7.238657 0.084146
v 1.629313 7.238622 0.084212
v 1.629375 7.238592 0.084278
v 1.629408 7.238576 0.084320
v 1.629436 7.238563 0.084359
v 1.629469 7.238547 0.084412
v 1.629507 7.238530 0.084482
v 1.629532 7.238517 0.084541
v 1.629546 7.238511 0.084580
v 1.629557 7.238506 0.084613
v 1.629569 7.238501 0.084658
v 1.629581 7.238495 0.084721
v 1.629589 7.238491 0.084796
v 1.629591 7.238490 0.084854
v 1.628967 7.246542 0.084833
v 1.628964 7.246540 0.084766
v 1.628956 7.246534 0.084689
v 1.628947 7.246528 0.084638
v 1.628939 7.246522 0.084604
v 1.628930 7.246515 0.084570
v 1.628909 7.246501 0.084510
v 1.628890 7.246489 0.084462
v 1.628856 7.246465 0.084392
v 1.628826 7.246444 0.084339
v 1.628807 7.246431 0.084310
v 1.628787 7.246417 0.084281
v 1.628730 7.246377 0.084211
v 1.628688 7.246349 0.084167
v 1.628652 7.246324 0.084134
v 1.628577 7.246273 0.084073
v 1.628522 7.246235 0.084036
v 1.628464 7.246195 0.084003
v 1.628417 7.246162 0.083980
v 1.628363 7.246126 0.083957
v 1.628280 7.246069 0.083929
v 1.628212 7.246022 0.083912
v 1.628160 7.245987 0.083903
v 1.628091 7.245939 0.083895
v 1.628027 7.245895 0.083892
v 1.629590 7.238524 0.096673
v 1.629546 7.239090 0.096545
v 1.629505 7.239629 0.096438
v 1.629465 7.240146 0.096349
v 1.629426 7.240646 0.096278
v 1.629388 7.241133 0.096223
v 1.629351 7.241611 0.096185
v 1.629315 7.242081 0.096161
v 1.629278 7.242549 0.096153
v 1.629242 7.243016 0.096159
v 1.629206 7.243487 0.096180
v 1.629169 7.243965 0.096216
v 1.629131 7.244452 0.096268
v 1.629092 7.244952 0.096337
v 1.629052 7.245470 0.096423
v 1.629010 7.246010 0.096527
v 1.628966 7.246576 0.096652
v 1.622923 7.233958 0.096684
v 1.623392 7.234279 0.096557
v 1.623838 7.234584 0.096450
v 1.624267 7.234878 0.096362
v 1.624681 7.235161 0.096292
v 1.625084 7.235437 0.096238
v 1.625479 7.235708 0.096199
v 1.625869 7.235975 0.096177
v 1.626257 7.236240 0.096168
v 1.626644 7.236505 0.096175
v 1.627034 7.236772 0.096197
v 1.627429 7.237043 0.096234
v 1.627832 7.237319 0.096286
v 1.628246 7.237603 0.096355
v 1.628675 7.237897 0.096442
v 1.629122 7.238203 0.096547
v 1.615631 7.237444 0.096675
v 1.616144 7.237199 0.096549
v 1.616632 7.236965 0.096444
v 1.617101 7.236741 0.096357
v 1.617554 7.236524 0.096288
v 1.617995 7.236313 0.096235
v 1.618427 7.236106 0.096198
v 1.618854 7.235902 0.096176
v 1.619277 7.235700 0.096169
v 1.619701 7.235497 0.096177
v 1.620127 7.235294 0.096200
v 1.620559 7.235087 0.096238
v 1.621000 7.234877 0.096292
v 1.621453 7.234660 0.096363
v 1.621922 7.234437 0.096450
v 1.622410 7.234203 0.096557
v 1.615008 7.245496 0.096654
v 1.615051 7.244930 0.096529
v 1.615093 7.244390 0.096424
v 1.615133 7.243873 0.096338
v 1.615172 7.243372 0.096270
v 1.615210 7.242885 0.096218
v 1.615247 7.242407 0.096182
v 1.615283 7.241937 0.096160
v 1.615319 7.241469 0.096154
v 1.615356 7.241002 0.096163
v 1.615392 7.240530 0.096186
v 1.615429 7.240054 0.096225
v 1.615467 7.239567 0.096280
v 1.615506 7.239067 0.096351
v 1.615546 7.238549 0.096439
v 1.615588 7.238010 0.096547
v 1.621675 7.250062 0.096643
v 1.621676 7.250028 0.084823
v 1.621206 7.249741 0.096517
v 1.620760 7.249435 0.096412
v 1.620331 7.249141 0.096325
v 1.619917 7.248857 0.096256
v 1.619514 7.248581 0.096204
v 1.619118 7.248310 0.096167
v 1.618729 7.248043 0.096145
v 1.618341 7.247778 0.096138
v 1.617954 7.247513 0.096146
v 1.617564 7.247246 0.096169
v 1.617169 7.246975 0.096208
v 1.616766 7.246699 0.096262
v 1.616351 7.246416 0.096332
v 1.615923 7.246122 0.096420
v 1.615476 7.245817 0.096527
v 1.628454 7.246821 0.096525
v 1.627965 7.247054 0.096419
v 1.627497 7.247278 0.096331
v 1.627044 7.247494 0.096260
v 1.626603 7.247705 0.096206
v 1.626171 7.247911 0.096168
v 1.625744 7.248115 0.096145
v 1.625321 7.248318 0.096137
v 1.624897 7.248520 0.096144
v 1.624471 7.248724 0.096166
v 1.624039 7.248931 0.096203
v 1.623598 7.249142 0.096256
v 1.623145 7.249359 0.096325
v 1.622676 7.249583 0.096412
v 1.622187 7.249817 0.096517
v 1.621080 7.252937 0.098010
v 1.621914 7.252994 0.098010
v 1.620254 7.252809 0.098010
v 1.619618 7.252674 0.098011
v 1.619082 7.252522 0.098011
v 1.618293 7.252246 0.098012
v 1.617525 7.251916 0.098013
v 1.617030 7.251660 0.098013
v 1.616234 7.251184 0.098014
v 1.616547 7.251383 0.098014
v 1.615778 7.250864 0.098015
v 1.615336 7.250524 0.098016
v 1.615053 7.250284 0.098017
v 1.614644 7.249905 0.098018
v 1.614253 7.249509 0.098019
v 1.613827 7.249018 0.098020
v 1.613315 7.248358 0.098021
v 1.612960 7.247814 0.098023
v 1.612542 7.247091 0.098025
v 1.622564 7.253002 0.098010
v 1.623398 7.252946 0.098010
v 1.624043 7.252866 0.098011
v 1.624861 7.252698 0.098011
v 1.625490 7.252532 0.098012
v 1.626019 7.252356 0.098012
v 1.626539 7.252156 0.098013
v 1.627047 7.251927 0.098013
v 1.627544 7.251675 0.098014
v 1.628026 7.251396 0.098015
v 1.628495 7.251095 0.098015
v 1.629019 7.250710 0.098016
v 1.629663 7.250179 0.098018
v 1.630130 7.249727 0.098019
v 1.630697 7.249113 0.098021
v 1.631098 7.248602 0.098022
v 1.631577 7.247918 0.098024
v 1.631996 7.247195 0.098026
v 1.632289 7.246615 0.098027
v 1.632606 7.245843 0.098029
v 1.632818 7.245229 0.098031
v 1.632966 7.244692 0.098032
v 1.633090 7.244149 0.098034
v 1.633156 7.243784 0.098035
v 1.633230 7.243232 0.098036
v 1.633279 7.242677 0.098037
v 1.633297 7.242121 0.098039
v 1.633290 7.241564 0.098040
v 1.633251 7.241009 0.098042
v 1.633188 7.240456 0.098043
v 1.633073 7.239816 0.098045
v 1.632879 7.239004 0.098047
v 1.632678 7.238386 0.098048
v 1.632376 7.237607 0.098050
v 1.612188 7.246334 0.098026
v 1.611946 7.245731 0.098028
v 1.611698 7.244934 0.098030
v 1.611540 7.244304 0.098032
v 1.611401 7.243481 0.098034
v 1.611329 7.242835 0.098035
v 1.611303 7.242279 0.098037
v 1.611302 7.241722 0.098038
v 1.611333 7.241166 0.098040
v 1.611388 7.240612 0.098041
v 1.611475 7.240062 0.098043
v 1.611586 7.239516 0.098044
v 1.611677 7.239156 0.098045
v 1.611837 7.238623 0.098046
v 1.612090 7.237925 0.098048
v 1.612389 7.237246 0.098050
v 1.612642 7.236750 0.098051
v 1.612974 7.236191 0.098053
v 1.613440 7.235498 0.098054
v 1.613964 7.234848 0.098056
v 1.614400 7.234365 0.098057
v 1.614799 7.233976 0.098058
v 1.615433 7.233433 0.098060
v 1.616102 7.232933 0.098061
v 1.616572 7.232633 0.098062
v 1.617054 7.232353 0.098063
v 1.617383 7.232182 0.098063
v 1.617889 7.231947 0.098064
v 1.618404 7.231736 0.098064
v 1.618931 7.231553 0.098065
v 1.619465 7.231395 0.098065
v 1.620007 7.231266 0.098066
v 1.620555 7.231163 0.098066
v 1.621200 7.231083 0.098066
v 1.622034 7.231027 0.098066
v 1.622591 7.231030 0.098066
v 1.623425 7.231086 0.098066
v 1.624253 7.231198 0.098066
v 1.625068 7.231382 0.098066
v 1.625694 7.231560 0.098065
v 1.626477 7.231852 0.098065
v 1.627072 7.232112 0.098064
v 1.627567 7.232368 0.098063
v 1.628050 7.232646 0.098063
v 1.628517 7.232950 0.098062
v 1.628970 7.233275 0.098061
v 1.629403 7.233625 0.098060
v 1.629820 7.233994 0.098059
v 1.630278 7.234455 0.098058
v 1.630833 7.235080 0.098057
v 1.631225 7.235598 0.098055
v 1.631690 7.236291 0.098054
v 1.632008 7.236857 0.098052
v 1.629229 7.254169 0.098008
v 1.629573 7.253966 0.098008
v 1.629013 7.253716 0.098009
v 1.629911 7.253754 0.098009
v 1.630244 7.253532 0.098009
v 1.630569 7.253301 0.098010
v 1.630854 7.252449 0.098012
v 1.630888 7.253061 0.098011
v 1.631200 7.252811 0.098011
v 1.631160 7.252191 0.098013
v 1.631458 7.251924 0.098014
v 1.631748 7.251647 0.098014
v 1.632030 7.251363 0.098015
v 1.632303 7.251071 0.098016
v 1.633417 7.250515 0.098017
v 1.633663 7.249296 0.098020
v 1.633655 7.250195 0.098018
v 1.633884 7.249868 0.098019
v 1.632649 7.251434 0.098015
v 1.632914 7.251135 0.098016
v 1.633170 7.250829 0.098016
v 1.634104 7.249535 0.098020
v 1.633874 7.248957 0.098021
v 1.634075 7.248610 0.098022
v 1.634266 7.248259 0.098023
v 1.634446 7.247901 0.098024
v 1.634615 7.247539 0.098025
v 1.635502 7.246667 0.098027
v 1.635359 7.245431 0.098030
v 1.635630 7.246289 0.098028
v 1.635746 7.245907 0.098029
v 1.635056 7.247777 0.098024
v 1.635215 7.247411 0.098025
v 1.635364 7.247041 0.098026
v 1.635852 7.245522 0.098030
v 1.635455 7.245043 0.098031
v 1.635539 7.244652 0.098032
v 1.635611 7.244258 0.098033
v 1.635672 7.243863 0.098034
v 1.635721 7.243466 0.098036
v 1.636295 7.242362 0.098038
v 1.635777 7.241232 0.098041
v 1.636299 7.241963 0.098039
v 1.636292 7.241565 0.098040
v 1.636214 7.243556 0.098035
v 1.636252 7.243159 0.098036
v 1.636279 7.242761 0.098037
v 1.636274 7.241166 0.098041
v 1.635747 7.240833 0.098042
v 1.635707 7.240435 0.098043
v 1.635654 7.240038 0.098044
v 1.635589 7.239644 0.098045
v 1.635513 7.239251 0.098046
v 1.636010 7.239185 0.098046
v 1.635924 7.238795 0.098047
v 1.635826 7.238409 0.098048
v 1.635718 7.238024 0.098049
v 1.635598 7.237644 0.098050
v 1.634875 7.237109 0.098052
v 1.635468 7.237266 0.098051
v 1.635327 7.236893 0.098052
v 1.634750 7.236800 0.098053
v 1.634617 7.236494 0.098053
v 1.634477 7.236192 0.098054
v 1.634329 7.235893 0.098055
v 1.634174 7.235598 0.098056
v 1.634012 7.235307 0.098056
v 1.632742 7.233466 0.098061
v 1.632484 7.233161 0.098062
v 1.632217 7.232863 0.098062
v 1.631941 7.232573 0.098063
v 1.631656 7.232292 0.098064
v 1.631364 7.232018 0.098065
v 1.629587 7.230660 0.098068
v 1.629247 7.230450 0.098068
v 1.628901 7.230249 0.098069
v 1.628549 7.230058 0.098069
v 1.628191 7.229878 0.098070
v 1.627828 7.229709 0.098070
v 1.625719 7.228966 0.098072
v 1.625330 7.228870 0.098072
v 1.624939 7.228786 0.098072
v 1.624545 7.228714 0.098072
v 1.624149 7.228653 0.098073
v 1.623752 7.228604 0.098073
v 1.621516 7.228549 0.098073
v 1.621116 7.228578 0.098073
v 1.620718 7.228619 0.098072
v 1.620321 7.228672 0.098072
v 1.619926 7.228736 0.098072
v 1.619533 7.228812 0.098072
v 1.617389 7.229449 0.098070
v 1.617018 7.229600 0.098070
v 1.616652 7.229762 0.098069
v 1.616291 7.229935 0.098069
v 1.615935 7.230118 0.098068
v 1.615585 7.230312 0.098068
v 1.610935 7.234732 0.098056
v 1.610723 7.235072 0.098055
v 1.610523 7.235418 0.098054
v 1.610332 7.235770 0.098053
v 1.610152 7.236127 0.098052
v 1.609983 7.236490 0.098052
v 1.609239 7.238597 0.098046
v 1.609143 7.238986 0.098045
v 1.609059 7.239377 0.098044
v 1.608986 7.239770 0.098043
v 1.608926 7.240166 0.098042
v 1.608877 7.240562 0.098041
v 1.608821 7.242796 0.098035
v 1.608850 7.243196 0.098034
v 1.608891 7.243594 0.098033
v 1.608944 7.243990 0.098032
v 1.609008 7.244385 0.098031
v 1.609084 7.244778 0.098030
v 1.609722 7.246920 0.098025
v 1.609874 7.247290 0.098024
v 1.610036 7.247656 0.098023
v 1.610209 7.248016 0.098022
v 1.610392 7.248372 0.098021
v 1.610586 7.248722 0.098020
v 1.610771 7.249952 0.098017
v 1.611855 7.250562 0.098016
v 1.611002 7.250277 0.098016
v 1.611243 7.250596 0.098016
v 1.610134 7.248938 0.098020
v 1.610336 7.249282 0.098019
v 1.610549 7.249620 0.098018
v 1.611492 7.250907 0.098015
v 1.612113 7.250868 0.098015
v 1.612381 7.251166 0.098014
v 1.612657 7.251455 0.098013
v 1.612941 7.251737 0.098013
v 1.613234 7.252010 0.098012
v 1.613790 7.253123 0.098009
v 1.615010 7.253368 0.098009
v 1.614111 7.253361 0.098009
v 1.614438 7.253589 0.098008
v 1.612871 7.252355 0.098011
v 1.613170 7.252620 0.098010
v 1.613476 7.252876 0.098010
v 1.614771 7.253808 0.098008
v 1.615350 7.253579 0.098008
v 1.615697 7.253780 0.098008
v 1.616049 7.253970 0.098007
v 1.616406 7.254150 0.098007
v 1.616769 7.254320 0.098006
v 1.617642 7.255206 0.098004
v 1.618879 7.255063 0.098005
v 1.618021 7.255333 0.098004
v 1.618403 7.255450 0.098004
v 1.616530 7.254760 0.098005
v 1.616897 7.254919 0.098005
v 1.617267 7.255068 0.098004
v 1.618788 7.255555 0.098003
v 1.619267 7.255158 0.098004
v 1.619659 7.255242 0.098004
v 1.620053 7.255315 0.098004
v 1.620448 7.255375 0.098004
v 1.620846 7.255424 0.098004
v 1.621950 7.255998 0.098002
v 1.623082 7.255480 0.098004
v 1.622350 7.256002 0.098002
v 1.622749 7.255995 0.098003
v 1.620755 7.255917 0.098003
v 1.621153 7.255955 0.098002
v 1.621551 7.255982 0.098002
v 1.623148 7.255977 0.098003
v 1.623481 7.255451 0.098004
v 1.623879 7.255410 0.098004
v 1.624276 7.255357 0.098004
v 1.624671 7.255293 0.098004
v 1.625064 7.255217 0.098005
v 1.626292 7.255421 0.098004
v 1.627208 7.254579 0.098006
v 1.626673 7.255302 0.098005
v 1.627051 7.255172 0.098005
v 1.625131 7.255713 0.098003
v 1.625521 7.255627 0.098004
v 1.625908 7.255529 0.098004
v 1.627425 7.255031 0.098005
v 1.627579 7.254428 0.098007
v 1.627945 7.254266 0.098007
v 1.628306 7.254094 0.098008
v 1.628662 7.253911 0.098008
v 1.609713 7.248087 0.080121
v 1.609815 7.248293 0.080169
v 1.609917 7.248489 0.080272
v 1.610014 7.248671 0.080442
v 1.610071 7.248775 0.080593
v 1.610090 7.248809 0.080663
v 1.610107 7.248839 0.080745
v 1.610127 7.248875 0.080893
v 1.610133 7.248886 0.080977
v 1.610134 7.248888 0.081011
v 1.610135 7.248889 0.081033
v 1.610135 7.248889 0.081056
v 1.611494 7.250859 0.081023
v 1.611496 7.250861 0.080972
v 1.611517 7.250887 0.080804
v 1.611550 7.250926 0.080665
v 1.611604 7.250989 0.080524
v 1.611688 7.251088 0.080378
v 1.611855 7.251277 0.080209
v 1.612031 7.251470 0.080125
v 1.612270 7.251721 0.080129
v 1.612498 7.251951 0.080231
v 1.612700 7.252145 0.080445
v 1.612794 7.252233 0.080627
v 1.612843 7.252279 0.080795
v 1.612869 7.252304 0.080975
v 1.612872 7.252306 0.081047
v 1.614773 7.253760 0.081024
v 1.614778 7.253763 0.080942
v 1.614782 7.253765 0.080908
v 1.614785 7.253767 0.080885
v 1.614818 7.253788 0.080748
v 1.614877 7.253824 0.080595
v 1.615022 7.253913 0.080385
v 1.615244 7.254045 0.080202
v 1.615365 7.254114 0.080147
v 1.615531 7.254207 0.080111
v 1.615979 7.254445 0.080152
v 1.616298 7.254601 0.080414
v 1.616437 7.254666 0.080632
v 1.616511 7.254701 0.080855
v 1.616531 7.254711 0.081002
v 1.616532 7.254711 0.081041
v 1.618789 7.255507 0.081039
v 1.618790 7.255507 0.081017
v 1.619995 7.255760 0.080124
v 1.620756 7.255868 0.081039
v 1.620755 7.255868 0.080997
v 1.623149 7.255928 0.081039
v 1.623157 7.255927 0.080943
v 1.623181 7.255925 0.080806
v 1.623260 7.255919 0.080622
v 1.623422 7.255907 0.080394
v 1.623596 7.255891 0.080255
v 1.623709 7.255880 0.080192
v 1.623887 7.255860 0.080133
v 1.624111 7.255833 0.080099
v 1.624427 7.255788 0.080143
v 1.624633 7.255755 0.080222
v 1.624842 7.255719 0.080376
v 1.625002 7.255689 0.080575
v 1.625087 7.255673 0.080768
v 1.625130 7.255665 0.080993
v 1.625132 7.255664 0.081039
v 1.627426 7.254982 0.081041
v 1.627427 7.254982 0.081008
v 1.627437 7.254978 0.080907
v 1.627458 7.254969 0.080804
v 1.627525 7.254941 0.080619
v 1.627630 7.254899 0.080461
v 1.627762 7.254843 0.080317
v 1.627925 7.254772 0.080211
v 1.628175 7.254660 0.080118
v 1.628382 7.254562 0.080102
v 1.628653 7.254427 0.080163
v 1.628911 7.254293 0.080321
v 1.629119 7.254181 0.080595
v 1.629199 7.254137 0.080799
v 1.629226 7.254122 0.080963
v 1.629230 7.254120 0.081033
v 1.631201 7.252762 0.081036
v 1.631204 7.252760 0.080969
v 1.631228 7.252740 0.080810
v 1.631291 7.252687 0.080610
v 1.631382 7.252609 0.080442
v 1.631474 7.252530 0.080329
v 1.631626 7.252396 0.080206
v 1.631805 7.252233 0.080130
v 1.631981 7.252069 0.080108
v 1.632020 7.252031 0.080111
v 1.632037 7.252014 0.080114
v 1.632113 7.251940 0.080135
v 1.632247 7.251807 0.080193
v 1.632399 7.251651 0.080328
v 1.632495 7.251551 0.080452
v 1.632592 7.251448 0.080678
v 1.632635 7.251401 0.080859
v 1.632650 7.251385 0.081034
v 1.634105 7.249486 0.081056
v 1.634106 7.249485 0.081022
v 1.634120 7.249461 0.080844
v 1.634148 7.249417 0.080687
v 1.634176 7.249372 0.080590
v 1.634234 7.249279 0.080445
v 1.634358 7.249072 0.080254
v 1.634473 7.248873 0.080159
v 1.634660 7.248532 0.080125
v 1.634772 7.248318 0.080180
v 1.634908 7.248045 0.080347
v 1.634972 7.247912 0.080493
v 1.635024 7.247800 0.080697
v 1.635050 7.247744 0.080907
v 1.635057 7.247729 0.081060
v 1.635853 7.245473 0.081066
v 1.635855 7.245467 0.080978
v 1.635861 7.245443 0.080837
v 1.635874 7.245390 0.080692
v 1.635906 7.245263 0.080493
v 1.635940 7.245120 0.080342
v 1.635979 7.244942 0.080233
v 1.636045 7.244621 0.080140
v 1.636102 7.244313 0.080147
v 1.636129 7.244147 0.080190
v 1.636161 7.243935 0.080298
v 1.636192 7.243702 0.080512
v 1.636207 7.243579 0.080730
v 1.636215 7.243513 0.080985
v 1.636215 7.243508 0.081071
v 1.636275 7.241116 0.081052
v 1.636275 7.241112 0.080988
v 1.636275 7.241109 0.080965
v 1.636274 7.241106 0.080942
v 1.636273 7.241092 0.080871
v 1.636272 7.241061 0.080774
v 1.636263 7.240933 0.080540
v 1.636250 7.240779 0.080376
v 1.636239 7.240651 0.080284
v 1.636210 7.240376 0.080179
v 1.636179 7.240125 0.080138
v 1.636149 7.239910 0.080163
v 1.636114 7.239686 0.080238
v 1.636067 7.239419 0.080426
v 1.636039 7.239270 0.080608
v 1.636023 7.239193 0.080777
v 1.636012 7.239141 0.080997
v 1.636011 7.239136 0.081083
v 1.635329 7.236844 0.081088
v 1.635326 7.236837 0.080956
v 1.635300 7.236771 0.080731
v 1.635269 7.236694 0.080583
v 1.635222 7.236578 0.080432
v 1.635140 7.236388 0.080283
v 1.635021 7.236120 0.080175
v 1.634944 7.235955 0.080150
v 1.620747 7.255867 0.080914
v 1.620719 7.255863 0.080789
v 1.620662 7.255857 0.080641
v 1.620586 7.255847 0.080512
v 1.620485 7.255834 0.080398
v 1.620214 7.255795 0.080202
v 1.619722 7.255711 0.080101
v 1.619439 7.255655 0.080163
v 1.619103 7.255582 0.080347
v 1.619025 7.255564 0.080425
v 1.618933 7.255541 0.080549
v 1.618839 7.255518 0.080753
v 1.618795 7.255507 0.080938
v 1.618791 7.255507 0.080983
v 1.610130 7.247801 0.080116
v 1.610186 7.247917 0.080127
v 1.610254 7.248052 0.080159
v 1.610296 7.248135 0.080191
v 1.610368 7.248274 0.080269
v 1.610428 7.248385 0.080361
v 1.610479 7.248479 0.080469
v 1.610513 7.248541 0.080560
v 1.610525 7.248563 0.080601
v 1.610534 7.248579 0.080632
v 1.610540 7.248588 0.080653
v 1.610545 7.248597 0.080674
v 1.610563 7.248631 0.080774
v 1.610581 7.248662 0.080909
v 1.610585 7.248669 0.080966
v 1.610586 7.248672 0.081006
v 1.610587 7.248673 0.081056
v 1.609724 7.246871 0.081061
v 1.609727 7.246879 0.080947
v 1.609740 7.246910 0.080790
v 1.609755 7.246947 0.080687
v 1.609794 7.247045 0.080513
v 1.609844 7.247165 0.080371
v 1.609878 7.247246 0.080302
v 1.609896 7.247287 0.080272
v 1.609926 7.247356 0.080230
v 1.609996 7.247515 0.080162
v 1.610081 7.247699 0.080122
v 1.610112 7.247764 0.080116
v 1.611857 7.250514 0.081052
v 1.611859 7.250516 0.080983
v 1.611879 7.250540 0.080807
v 1.611897 7.250561 0.080724
v 1.611910 7.250577 0.080675
v 1.611942 7.250615 0.080583
v 1.611987 7.250668 0.080484
v 1.612040 7.250730 0.080393
v 1.612107 7.250807 0.080308
v 1.612224 7.250940 0.080203
v 1.612298 7.251022 0.080161
v 1.612386 7.251118 0.080126
v 1.612491 7.251231 0.080110
v 1.612624 7.251369 0.080119
v 1.612705 7.251452 0.080142
v 1.612796 7.251542 0.080185
v 1.612870 7.251616 0.080234
v 1.612975 7.251717 0.080331
v 1.613065 7.251802 0.080447
v 1.613117 7.251852 0.080539
v 1.613170 7.251900 0.080662
v 1.613210 7.251938 0.080807
v 1.613224 7.251950 0.080884
v 1.613232 7.251958 0.080972
v 1.613235 7.251961 0.081048
v 1.615012 7.253319 0.080942
v 1.615013 7.253320 0.080994
v 1.615017 7.253323 0.080943
v 1.615023 7.253326 0.080892
v 1.615048 7.253342 0.080776
v 1.615085 7.253365 0.080663
v 1.615131 7.253393 0.080563
v 1.615176 7.253421 0.080488
v 1.615258 7.253472 0.080382
v 1.615391 7.253551 0.080262
v 1.615488 7.253608 0.080199
v 1.615555 7.253647 0.080167
v 1.615649 7.253700 0.080135
v 1.615800 7.253785 0.080106
v 1.615930 7.253855 0.080104
v 1.616083 7.253936 0.080129
v 1.616177 7.253984 0.080159
v 1.616331 7.254062 0.080237
v 1.616438 7.254114 0.080315
v 1.616536 7.254161 0.080413
v 1.616609 7.254195 0.080507
v 1.616657 7.254218 0.080588
v 1.616728 7.254251 0.080764
v 1.616771 7.254271 0.081042
v 1.616770 7.254270 0.081003
v 1.616757 7.254264 0.080888
v 1.618880 7.255014 0.081041
v 1.618881 7.255014 0.081007
v 1.618887 7.255015 0.080938
v 1.618929 7.255026 0.080750
v 1.618982 7.255039 0.080621
v 1.619044 7.255054 0.080518
v 1.619087 7.255065 0.080459
v 1.619102 7.255068 0.080441
v 1.619129 7.255075 0.080411
v 1.619193 7.255090 0.080348
v 1.619377 7.255131 0.080222
v 1.619589 7.255176 0.080136
v 1.619761 7.255210 0.080103
v 1.619839 7.255225 0.080098
v 1.619982 7.255251 0.080107
v 1.620107 7.255272 0.080130
v 1.620237 7.255293 0.080171
v 1.620376 7.255314 0.080240
v 1.620469 7.255327 0.080301
v 1.620579 7.255342 0.080399
v 1.620649 7.255351 0.080476
v 1.620674 7.255354 0.080510
v 1.620722 7.255360 0.080584
v 1.620767 7.255365 0.080673
v 1.620813 7.255371 0.080796
v 1.620834 7.255373 0.080890
v 1.620842 7.255375 0.080950
v 1.620847 7.255375 0.081040
v 1.620846 7.255375 0.081001
v 1.623083 7.255431 0.081040
v 1.623110 7.255429 0.080825
v 1.623134 7.255427 0.080746
v 1.623093 7.255430 0.080924
v 1.623214 7.255422 0.080579
v 1.623290 7.255416 0.080467
v 1.623381 7.255409 0.080371
v 1.623552 7.255394 0.080242
v 1.623621 7.255387 0.080204
v 1.623680 7.255381 0.080178
v 1.623851 7.255362 0.080126
v 1.624059 7.255336 0.080098
v 1.624177 7.255320 0.080104
v 1.624282 7.255305 0.080118
v 1.624436 7.255281 0.080163
v 1.624542 7.255264 0.080208
v 1.624654 7.255245 0.080275
v 1.624759 7.255227 0.080357
v 1.624875 7.255205 0.080485
v 1.624979 7.255185 0.080656
v 1.625030 7.255175 0.080793
v 1.625059 7.255169 0.080934
v 1.625066 7.255168 0.081041
v 1.625065 7.255168 0.081002
v 1.627210 7.254530 0.081042
v 1.627241 7.254518 0.080804
v 1.627212 7.254529 0.080984
v 1.627223 7.254525 0.080890
v 1.627275 7.254504 0.080699
v 1.627324 7.254484 0.080593
v 1.627445 7.254434 0.080418
v 1.627565 7.254384 0.080303
v 1.627715 7.254319 0.080205
v 1.627856 7.254256 0.080147
v 1.628036 7.254173 0.080107
v 1.628152 7.254118 0.080102
v 1.628233 7.254079 0.080108
v 1.628306 7.254043 0.080121
v 1.628399 7.253997 0.080146
v 1.628568 7.253910 0.080226
v 1.628717 7.253831 0.080338
v 1.628829 7.253770 0.080467
v 1.628925 7.253717 0.080631
v 1.628961 7.253697 0.080723
v 1.628985 7.253684 0.080807
v 1.628997 7.253677 0.080864
v 1.629007 7.253672 0.080929
v 1.629014 7.253668 0.081045
v 1.629013 7.253668 0.081006
v 1.630856 7.252399 0.081037
v 1.630860 7.252396 0.080957
v 1.630895 7.252367 0.080757
v 1.630938 7.252331 0.080626
v 1.630984 7.252292 0.080529
v 1.631050 7.252236 0.080423
v 1.631081 7.252210 0.080382
v 1.631100 7.252192 0.080359
v 1.631131 7.252166 0.080326
v 1.631182 7.252121 0.080277
v 1.631233 7.252077 0.080236
v 1.631365 7.251958 0.080162
v 1.631518 7.251818 0.080116
v 1.631610 7.251731 0.080108
v 1.631649 7.251694 0.080109
v 1.631675 7.251669 0.080112
v 1.631692 7.251652 0.080115
v 1.631736 7.251610 0.080124
v 1.631821 7.251526 0.080152
v 1.631920 7.251426 0.080207
v 1.632050 7.251294 0.080317
v 1.632140 7.251199 0.080438
v 1.632197 7.251138 0.080543
v 1.632242 7.251090 0.080656
v 1.632271 7.251059 0.080762
v 1.632294 7.251033 0.080888
v 1.632305 7.251022 0.081052
v 1.632302 7.251025 0.080976
v 1.633664 7.249248 0.081056
v 1.633669 7.249239 0.080942
v 1.633687 7.249210 0.080788
v 1.633708 7.249178 0.080685
v 1.633726 7.249149 0.080619
v 1.633760 7.249094 0.080520
v 1.633799 7.249032 0.080432
v 1.633849 7.248950 0.080344
v 1.633919 7.248832 0.080250
v 1.633968 7.248748 0.080203
v 1.634051 7.248605 0.080147
v 1.634159 7.248409 0.080119
v 1.634255 7.248230 0.080133
v 1.634342 7.248061 0.080183
v 1.634413 7.247920 0.080259
v 1.634483 7.247775 0.080375
v 1.634522 7.247693 0.080465
v 1.634550 7.247634 0.080553
v 1.634585 7.247558 0.080703
v 1.634601 7.247524 0.080809
v 1.634613 7.247498 0.080943
v 1.634616 7.247490 0.081061
v 1.634616 7.247491 0.081022
v 1.635360 7.245383 0.081067
v 1.635363 7.245372 0.080942
v 1.635370 7.245343 0.080808
v 1.635381 7.245300 0.080690
v 1.635392 7.245258 0.080609
v 1.635407 7.245197 0.080517
v 1.635439 7.245067 0.080375
v 1.635457 7.244989 0.080313
v 1.635481 7.244884 0.080246
v 1.635511 7.244742 0.080186
v 1.635540 7.244599 0.080147
v 1.635576 7.244416 0.080129
v 1.635606 7.244245 0.080141
v 1.635630 7.244104 0.080173
v 1.635658 7.243918 0.080252
v 1.635678 7.243780 0.080344
v 1.635691 7.243678 0.080433
v 1.635699 7.243616 0.080506
v 1.635711 7.243513 0.080669
v 1.635718 7.243456 0.080811
v 1.635722 7.243420 0.080999
v 1.635721 7.243432 0.080910
v 1.635722 7.243417 0.081060
v 1.635778 7.241183 0.081077
v 1.635776 7.241154 0.080856
v 1.635778 7.241181 0.081027
v 1.635778 7.241177 0.080976
v 1.635777 7.241169 0.080925
v 1.635773 7.241105 0.080719
v 1.635770 7.241048 0.080609
v 1.635762 7.240948 0.080475
v 1.635756 7.240860 0.080387
v 1.635747 7.240762 0.080312
v 1.635742 7.240703 0.080275
v 1.635732 7.240608 0.080227
v 1.635718 7.240471 0.080178
v 1.635691 7.240248 0.080141
v 1.635683 7.240185 0.080137
v 1.635680 7.240162 0.080138
v 1.635668 7.240078 0.080144
v 1.635645 7.239919 0.080175
v 1.635625 7.239793 0.080216
v 1.635596 7.239624 0.080309
v 1.635566 7.239458 0.080448
v 1.635550 7.239375 0.080547
v 1.635540 7.239326 0.080623
v 1.635525 7.239252 0.080787
v 1.635517 7.239214 0.080935
v 1.635515 7.239205 0.081018
v 1.635514 7.239202 0.081082
v 1.634872 7.237050 0.080963
v 1.634876 7.237060 0.080985
v 1.634863 7.237026 0.080840
v 1.634844 7.236977 0.080703
v 1.634824 7.236926 0.080606
v 1.634783 7.236826 0.080465
v 1.634744 7.236732 0.080372
v 1.634698 7.236624 0.080292
v 1.634643 7.236498 0.080224
v 1.634586 7.236371 0.080179
v 1.634526 7.236242 0.080155
v 1.634470 7.236124 0.080148
v 1.634442 7.236065 0.080151
v 1.634392 7.235964 0.080168
v 1.634294 7.235771 0.080236
v 1.634221 7.235632 0.080318
v 1.634169 7.235535 0.080402
v 1.634135 7.235473 0.080471
v 1.634118 7.235443 0.080510
v 1.634095 7.235402 0.080573
v 1.634052 7.235325 0.080731
v 1.634028 7.235283 0.080868
v 1.634019 7.235268 0.080951
v 1.634015 7.235261 0.081014
v 1.634014 7.235259 0.081048
v 1.634465 7.235042 0.081075
v 1.634013 7.235258 0.081092
v 1.608822 7.242747 0.080970
v 1.608822 7.242752 0.080994
v 1.608823 7.242764 0.080907
v 1.608826 7.242804 0.080762
v 1.608830 7.242864 0.080630
v 1.608834 7.242929 0.080529
v 1.608844 7.243050 0.080396
v 1.608857 7.243200 0.080282
v 1.608877 7.243403 0.080185
v 1.608892 7.243541 0.080147
v 1.608904 7.243634 0.080132
v 1.608918 7.243745 0.080128
v 1.608953 7.243989 0.080158
v 1.608964 7.244061 0.080177
v 1.608982 7.244170 0.080221
v 1.609016 7.244368 0.080342
v 1.609040 7.244499 0.080465
v 1.609057 7.244587 0.080583
v 1.609066 7.244634 0.080666
v 1.609074 7.244668 0.080744
v 1.609079 7.244696 0.080830
v 1.609084 7.244720 0.080951
v 1.609085 7.244727 0.081010
v 1.609086 7.244729 0.081055
v 1.608878 7.240514 0.081077
v 1.609239 7.238554 0.080995
v 1.609240 7.238548 0.080987
v 1.609226 7.238602 0.080775
v 1.609208 7.238673 0.080620
v 1.609190 7.238745 0.080512
v 1.609169 7.238830 0.080418
v 1.609132 7.238987 0.080294
v 1.609099 7.239140 0.080213
v 1.609074 7.239256 0.080173
v 1.609037 7.239445 0.080143
v 1.608999 7.239655 0.080148
v 1.608973 7.239809 0.080178
v 1.608950 7.239954 0.080234
v 1.608923 7.240141 0.080347
v 1.608904 7.240291 0.080488
v 1.608891 7.240401 0.080648
v 1.608883 7.240470 0.080807
v 1.608878 7.240512 0.081027
v 1.608879 7.240504 0.080953
v 1.610916 7.234715 0.080840
v 1.610936 7.234684 0.081081
v 1.610933 7.234688 0.081005
v 1.610899 7.234741 0.080748
v 1.610890 7.234755 0.080710
v 1.610872 7.234784 0.080647
v 1.610805 7.234890 0.080474
v 1.610761 7.234962 0.080393
v 1.610679 7.235098 0.080283
v 1.610610 7.235216 0.080217
v 1.610534 7.235349 0.080173
v 1.610448 7.235505 0.080150
v 1.610346 7.235694 0.080163
v 1.610278 7.235826 0.080197
v 1.610227 7.235928 0.080242
v 1.610177 7.236029 0.080300
v 1.610159 7.236065 0.080327
v 1.610137 7.236111 0.080364
v 1.610091 7.236207 0.080462
v 1.610046 7.236304 0.080596
v 1.610020 7.236361 0.080706
v 1.610001 7.236403 0.080821
v 1.609990 7.236426 0.080931
v 1.609984 7.236440 0.081048
v 1.615586 7.230263 0.081104
v 1.617391 7.229401 0.081106
v 1.617356 7.229414 0.080855
v 1.617384 7.229403 0.081018
v 1.617312 7.229430 0.080729
v 1.617276 7.229445 0.080656
v 1.617220 7.229467 0.080564
v 1.617110 7.229512 0.080433
v 1.616995 7.229560 0.080335
v 1.616871 7.229614 0.080259
v 1.616723 7.229679 0.080201
v 1.616592 7.229740 0.080173
v 1.616422 7.229820 0.080165
v 1.616288 7.229886 0.080184
v 1.616174 7.229943 0.080217
v 1.616087 7.229988 0.080255
v 1.615950 7.230060 0.080342
v 1.615828 7.230126 0.080456
v 1.615740 7.230175 0.080573
v 1.615672 7.230214 0.080702
v 1.615621 7.230243 0.080843
v 1.615598 7.230256 0.080954
v 1.615589 7.230261 0.081034
v 1.619534 7.228763 0.081108
v 1.621517 7.228500 0.081109
v 1.621512 7.228500 0.081024
v 1.621492 7.228500 0.080902
v 1.621451 7.228503 0.080776
v 1.621403 7.228506 0.080674
v 1.621357 7.228509 0.080598
v 1.621333 7.228510 0.080564
v 1.621296 7.228513 0.080520
v 1.621183 7.228521 0.080406
v 1.621072 7.228531 0.080326
v 1.620915 7.228546 0.080245
v 1.620772 7.228561 0.080198
v 1.620608 7.228580 0.080170
v 1.620489 7.228596 0.080167
v 1.620383 7.228611 0.080176
v 1.620218 7.228636 0.080212
v 1.620065 7.228661 0.080274
v 1.619911 7.228688 0.080369
v 1.619804 7.228708 0.080460
v 1.619761 7.228716 0.080506
v 1.619683 7.228732 0.080612
v 1.619627 7.228743 0.080710
v 1.619603 7.228748 0.080764
v 1.619566 7.228756 0.080877
v 1.619536 7.228763 0.081058
v 1.619542 7.228761 0.080992
v 1.623753 7.228555 0.081109
v 1.625720 7.228917 0.081108
v 1.625682 7.228906 0.080847
v 1.625711 7.228914 0.080997
v 1.625644 7.228896 0.080742
v 1.625618 7.228889 0.080689
v 1.625579 7.228879 0.080619
v 1.625525 7.228866 0.080543
v 1.625418 7.228840 0.080427
v 1.625291 7.228810 0.080329
v 1.625147 7.228778 0.080250
v 1.625063 7.228760 0.080218
v 1.624877 7.228723 0.080177
v 1.624727 7.228694 0.080167
v 1.624603 7.228672 0.080176
v 1.624442 7.228645 0.080212
v 1.624286 7.228621 0.080275
v 1.624163 7.228604 0.080347
v 1.624042 7.228588 0.080448
v 1.623981 7.228580 0.080509
v 1.623966 7.228579 0.080527
v 1.623944 7.228576 0.080555
v 1.623893 7.228570 0.080629
v 1.623825 7.228562 0.080762
v 1.623786 7.228559 0.080871
v 1.623767 7.228557 0.080962
v 1.623755 7.228556 0.081058
v 1.627830 7.229661 0.081106
v 1.629589 7.230612 0.081104
v 1.629584 7.230608 0.081019
v 1.629568 7.230598 0.080903
v 1.629532 7.230575 0.080768
v 1.629457 7.230527 0.080604
v 1.629334 7.230451 0.080434
v 1.629231 7.230388 0.080338
v 1.629178 7.230356 0.080299
v 1.629047 7.230279 0.080230
v 1.628895 7.230194 0.080181
v 1.628775 7.230127 0.080165
v 1.628651 7.230060 0.080168
v 1.628538 7.230001 0.080185
v 1.628423 7.229941 0.080222
v 1.628271 7.229866 0.080298
v 1.628231 7.229846 0.080324
v 1.628150 7.229807 0.080390
v 1.628041 7.229756 0.080504
v 1.627962 7.229719 0.080622
v 1.627887 7.229685 0.080779
v 1.627855 7.229671 0.080891
v 1.627840 7.229664 0.080973
v 1.627831 7.229661 0.081056
v 1.631365 7.231970 0.081101
v 1.632738 7.233410 0.080982
v 1.632744 7.233417 0.080960
v 1.632683 7.233343 0.080699
v 1.632640 7.233291 0.080584
v 1.632616 7.233263 0.080534
v 1.632576 7.233215 0.080464
v 1.632509 7.233137 0.080371
v 1.632454 7.233074 0.080313
v 1.632372 7.232981 0.080249
v 1.632266 7.232863 0.080192
v 1.632162 7.232751 0.080165
v 1.632067 7.232651 0.080157
v 1.631945 7.232525 0.080177
v 1.631867 7.232446 0.080203
v 1.631796 7.232375 0.080241
v 1.631680 7.232262 0.080327
v 1.631605 7.232190 0.080404
v 1.631539 7.232129 0.080492
v 1.631492 7.232085 0.080572
v 1.631448 7.232044 0.080670
v 1.631401 7.232002 0.080813
v 1.631378 7.231981 0.080934
v 1.631366 7.231971 0.081050
v 1.621676 7.250027 0.084783
v 1.621677 7.250020 0.084714
v 1.621677 7.250011 0.084662
v 1.621678 7.250003 0.084628
v 1.621679 7.249993 0.084595
v 1.621680 7.249976 0.084545
v 1.621682 7.249952 0.084490
v 1.621685 7.249915 0.084418
v 1.621689 7.249859 0.084335
v 1.621692 7.249825 0.084291
v 1.621695 7.249781 0.084242
v 1.621700 7.249719 0.084183
v 1.621702 7.249690 0.084158
v 1.621706 7.249638 0.084119
v 1.621711 7.249572 0.084075
v 1.621715 7.249517 0.084043
v 1.621721 7.249443 0.084005
v 1.621723 7.249418 0.083994
v 1.621727 7.249361 0.083971
v 1.621734 7.249276 0.083942
v 1.621742 7.249176 0.083916
v 1.621748 7.249093 0.083901
v 1.621755 7.249009 0.083890
v 1.621760 7.248939 0.083885
f 30 209 1
f 1 209 2
f 3 6 4
f 5 6 3
f 4 6 7
f 7 8 4
f 4 8 9
f 4 9 10
f 9 11 10
f 11 12 10
f 10 12 13
f 10 13 14
f 13 15 14
f 15 16 14
f 14 16 18
f 14 18 17
f 17 18 19
f 17 19 20
f 17 20 21
f 17 21 22
f 21 23 22
f 23 24 22
f 22 24 25
f 22 25 1
f 1 25 26
f 26 27 1
f 27 28 1
f 1 28 29
f 1 29 30
f 31 3 32
f 32 3 4
f 34 35 33
f 36 9001 34
f 34 9001 37
f 34 37 38
f 39 40 36
f 36 40 41
f 36 41 9001
f 9001 41 42
f 40 39 43
f 43 39 44
f 43 44 45
f 45 44 46
f 45 46 47
f 47 46 48
f 47 48 49
f 49 48 50
f 50 48 51
f 51 48 52
f 52 48 53
f 53 48 54
f 53 54 55
f 55 54 56
f 56 54 57
f 57 54 59
f 59 54 58
f 59 58 60
f 60 58 62
f 62 58 61
f 62 61 63
f 63 61 64
f 64 61 66
f 66 61 65
f 66 65 67
f 67 65 68
f 68 65 69
f 69 65 70
f 69 70 71
f 71 70 72
f 71 72 73
f 73 72 74
f 74 72 75
f 74 75 76
f 76 75 77
f 76 77 78
f 78 77 79
f 79 77 80
f 80 77 81
f 81 77 82
f 81 82 83
f 83 82 84
f 84 82 85
f 85 82 86
f 86 82 88
f 86 88 87
f 87 88 89
f 89 88 91
f 91 88 90
f 91 90 92
f 92 90 93
f 93 90 95
f 95 90 94
f 95 94 96
f 96 94 97
f 97 94 98
f 98 94 99
f 99 94 100
f 100 94 101
f 100 101 102
f 102 101 103
f 102 103 104
f 104 103 105
f 104 105 106
f 106 105 107
f 106 107 108
f 108 107 109
f 108 109 110
f 111 333 107
f 107 333 112
f 107 112 109
f 113 329 111
f 114 328 113
f 115 325 114
f 116 117 115
f 115 117 118
f 115 118 119
f 120 121 116
f 116 121 122
f 116 122 117
f 117 122 123
f 121 120 124
f 124 120 125
f 124 125 126
f 126 125 127
f 126 127 128
f 128 127 129
f 128 129 130
f 130 129 131
f 131 129 132
f 132 129 133
f 133 129 134
f 134 129 135
f 135 129 136
f 136 129 138
f 138 129 137
f 138 137 139
f 139 137 141
f 139 141 140
f 140 141 142
f 142 141 143
f 143 141 144
f 143 144 145
f 145 144 146
f 146 144 147
f 147 144 148
f 148 144 149
f 148 149 150
f 150 149 151
f 151 149 152
f 152 149 153
f 153 149 154
f 153 154 155
f 155 154 156
f 156 154 157
f 156 157 158
f 158 157 159
f 158 159 160
f 160 159 161
f 160 161 162
f 162 161 163
f 163 161 164
f 164 161 165
f 165 161 166
f 166 161 167
f 166 167 168
f 168 167 169
f 169 167 171
f 171 167 170
f 171 170 172
f 172 170 174
f 174 170 173
f 174 173 176
f 176 173 175
f 176 175 177
f 177 175 179
f 179 175 178
f 179 178 180
f 180 178 181
f 181 178 182
f 182 178 183
f 183 178 184
f 184 178 185
f 184 185 186
f 186 185 187
f 186 187 188
f 188 187 189
f 188 189 190
f 190 189 191
f 191 189 192
f 191 192 32
f 32 192 31
f 31 192 194
f 194 192 193
f 194 193 195
f 195 193 196
f 196 193 197
f 197 193 199
f 197 199 198
f 198 199 200
f 200 199 202
f 202 199 201
f 202 201 203
f 203 201 205
f 205 201 204
f 205 204 206
f 206 204 207
f 207 204 208
f 208 204 209
f 209 204 210
f 209 210 2
f 204 211 210
f 210 211 212
f 212 211 213
f 212 213 214
f 214 213 215
f 214 215 216
f 216 215 217
f 216 217 218
f 218 217 221
f 218 221 219
f 217 220 221
f 221 220 222
f 222 220 223
f 223 220 224
f 224 220 225
f 225 220 226
f 226 220 227
f 226 227 228
f 228 227 230
f 230 227 229
f 230 229 231
f 231 229 232
f 232 229 234
f 234 229 233
f 234 233 235
f 235 233 236
f 236 233 237
f 237 233 238
f 237 238 239
f 239 238 240
f 240 238 241
f 241 238 242
f 242 238 243
f 242 243 244
f 244 243 245
f 244 245 246
f 246 245 340
f 246 340 247
f 247 340 248
f 247 248 249
f 249 248 250
f 250 248 251
f 251 248 252
f 252 248 254
f 254 248 253
f 254 253 255
f 255 253 256
f 256 253 257
f 257 253 259
f 257 259 258
f 258 259 260
f 260 259 262
f 262 259 261
f 262 261 263
f 263 261 265
f 265 261 264
f 265 264 266
f 266 264 267
f 267 264 268
f 268 264 269
f 269 264 270
f 269 270 271
f 271 270 272
f 271 272 273
f 273 272 274
f 274 272 275
f 274 275 276
f 276 275 277
f 276 277 278
f 278 277 279
f 279 277 281
f 281 277 280
f 281 280 282
f 282 280 283
f 283 280 284
f 284 280 285
f 285 280 286
f 286 280 287
f 286 287 288
f 288 287 289
f 289 287 291
f 289 291 290
f 290 291 292
f 292 291 293
f 293 291 294
f 293 294 295
f 295 294 296
f 296 294 297
f 297 294 298
f 298 294 299
f 299 294 300
f 300 294 301
f 301 294 302
f 301 302 303
f 303 302 304
f 303 304 305
f 305 304 306
f 305 306 307
f 307 306 308
f 307 308 309
f 309 308 310
f 309 310 311
f 308 312 310
f 310 312 313
f 313 312 314
f 314 312 315
f 315 312 317
f 317 312 316
f 317 316 318
f 318 316 319
f 319 316 320
f 320 316 343
f 320 343 8549
f 311 321 309
f 115 119 322
f 115 322 323
f 115 323 324
f 115 324 325
f 114 325 326
f 114 326 327
f 327 328 114
f 113 328 329
f 111 329 330
f 111 330 331
f 111 331 332
f 111 332 333
f 38 334 34
f 334 335 34
f 34 335 336
f 34 336 337
f 34 337 35
f 33 35 338
f 338 8702 33
f 5280 341 5128
f 5128 341 339
f 339 341 5136
f 5136 341 340
f 5129 340 5130
f 5130 340 5137
f 5137 340 245
f 5137 245 243
f 5137 243 238
f 5137 238 233
f 5137 233 229
f 5137 229 5138
f 5138 229 227
f 5138 227 5140
f 5140 227 220
f 5140 220 217
f 340 341 248
f 248 341 253
f 253 341 259
f 259 341 261
f 261 341 264
f 264 341 270
f 270 341 272
f 272 341 275
f 275 341 277
f 277 341 280
f 280 341 287
f 287 341 342
f 287 342 291
f 291 342 294
f 294 342 302
f 302 342 304
f 304 342 306
f 306 342 308
f 308 342 312
f 312 342 316
f 316 342 343
f 343 342 344
f 344 342 345
f 345 342 346
f 346 342 6938
f 346 6938 347
f 347 6938 348
f 348 6938 349
f 349 6938 350
f 350 6938 351
f 351 6938 352
f 352 6938 353
f 353 6938 354
f 354 6938 355
f 355 6938 356
f 356 6938 357
f 357 6938 358
f 358 6938 359
f 359 6938 360
f 360 6938 361
f 361 6938 362
f 362 6938 364
f 6938 6774 363
f 363 364 6938
f 363 6672 364
f 364 6672 6673
f 6673 6674 364
f 364 6674 365
f 365 366 367
f 367 366 368
f 368 366 369
f 369 366 370
f 370 366 6675
f 370 6675 371
f 6675 372 373
f 6675 373 374
f 372 6675 6773
f 372 6773 375
f 375 377 372
f 372 377 376
f 377 375 6770
f 377 6770 378
f 372 376 6082
f 372 6082 379
f 379 6082 380
f 380 6082 387
f 380 387 381
f 381 387 382
f 382 387 383
f 383 387 384
f 384 387 385
f 385 387 386
f 386 387 6949
f 6949 387 6948
f 386 6949 388
f 388 6949 389
f 389 6949 390
f 389 390 391
f 391 390 392
f 392 390 6965
f 392 6965 393
f 393 6965 394
f 394 6965 395
f 395 6965 396
f 396 6965 397
f 397 6965 398
f 398 6965 399
f 398 399 400
f 400 399 401
f 401 399 402
f 402 399 6964
f 402 6964 403
f 403 6964 404
f 6964 405 404
f 404 405 406
f 404 406 6963
f 404 6962 407
f 407 6962 408
f 408 6962 409
f 409 6962 410
f 410 6962 411
f 411 6962 412
f 412 6962 413
f 413 6962 414
f 414 6962 415
f 415 6962 416
f 416 6962 417
f 417 6962 418
f 418 6962 419
f 419 6962 420
f 419 420 421
f 421 420 6960
f 418 419 422
f 422 419 423
f 423 419 424
f 424 419 425
f 425 419 426
f 426 419 427
f 427 419 428
f 428 419 429
f 429 419 430
f 429 430 33
f 33 430 34
f 34 430 36
f 36 430 39
f 39 430 44
f 44 430 46
f 46 430 48
f 48 430 54
f 54 430 431
f 431 430 4346
f 4346 430 432
f 4346 432 4347
f 54 431 58
f 431 101 94
f 431 94 90
f 101 431 4494
f 101 4494 4486
f 101 4486 433
f 101 433 103
f 103 433 105
f 105 433 107
f 107 433 4345
f 107 4345 111
f 111 4345 113
f 113 4345 114
f 114 4345 4344
f 114 4344 115
f 115 4344 116
f 116 4344 120
f 120 4344 4343
f 120 4343 125
f 125 4343 127
f 127 4343 434
f 127 434 129
f 129 434 137
f 137 434 4500
f 137 4500 141
f 141 4500 435
f 435 4500 4541
f 435 4541 4539
f 141 435 144
f 144 435 436
f 144 436 149
f 149 436 154
f 154 436 157
f 157 436 159
f 159 436 161
f 161 436 167
f 167 436 437
f 167 437 170
f 170 437 438
f 170 438 439
f 439 438 440
f 440 438 441
f 170 439 5141
f 5141 5140 170
f 170 5140 173
f 173 5140 175
f 175 5140 178
f 178 5140 185
f 185 5140 187
f 187 5140 189
f 189 5140 192
f 192 5140 193
f 193 5140 199
f 199 5140 201
f 201 5140 204
f 204 5140 211
f 211 5140 213
f 213 5140 215
f 215 5140 217
f 90 88 431
f 431 88 82
f 82 77 431
f 431 77 75
f 431 75 72
f 72 70 431
f 431 70 65
f 431 65 61
f 61 58 431
f 374 442 6675
f 6675 442 443
f 6675 443 444
f 444 445 6675
f 6675 445 446
f 6675 446 447
f 447 448 6675
f 6675 448 449
f 6675 449 450
f 450 451 6675
f 6675 451 452
f 6675 452 453
f 453 454 6675
f 6675 454 455
f 6675 455 371
f 5267 456 494
f 494 456 457
f 494 457 495
f 495 457 458
f 495 458 459
f 459 458 460
f 459 460 461
f 459 461 462
f 462 461 463
f 462 463 464
f 464 463 465
f 464 465 466
f 466 465 467
f 466 467 468
f 468 467 469
f 468 469 470
f 470 469 471
f 471 472 473
f 473 472 474
f 473 474 496
f 496 474 475
f 496 475 476
f 476 475 477
f 476 477 478
f 478 477 479
f 478 479 481
f 481 479 480
f 481 480 6860
f 481 6860 482
f 482 6860 6859
f 482 6859 483
f 484 485 486
f 539 6857 487
f 488 487 6932
f 488 6932 6868
f 488 6868 342
f 488 342 553
f 552 342 341
f 552 341 548
f 548 341 5280
f 546 5280 489
f 489 5279 490
f 490 5279 5277
f 490 5277 491
f 492 491 493
f 492 493 494
f 494 493 5267
f 497 496 476
f 497 476 498
f 498 476 478
f 498 478 481
f 502 462 464
f 502 464 466
f 482 498 481
f 500 495 459
f 500 459 501
f 501 459 462
f 501 462 502
f 505 502 466
f 505 466 468
f 499 468 470
f 499 470 471
f 506 471 473
f 506 473 507
f 507 473 496
f 507 496 497
f 512 505 468
f 512 468 499
f 506 499 471
f 492 494 503
f 503 494 495
f 503 495 500
f 504 501 502
f 504 502 505
f 515 503 500
f 515 500 504
f 504 500 501
f 519 515 504
f 519 504 516
f 516 504 513
f 513 504 505
f 513 505 512
f 514 506 508
f 508 506 507
f 508 507 509
f 509 507 497
f 509 497 510
f 510 497 498
f 510 498 482
f 517 512 499
f 517 499 520
f 520 499 506
f 520 506 514
f 483 510 482
f 511 492 503
f 511 503 515
f 484 510 483
f 518 511 515
f 518 515 519
f 527 514 508
f 527 508 509
f 491 492 511
f 521 513 512
f 521 512 517
f 518 491 511
f 522 518 519
f 522 519 516
f 524 521 517
f 524 517 520
f 528 522 516
f 528 516 526
f 526 516 513
f 526 513 521
f 523 520 514
f 523 514 527
f 490 491 518
f 523 524 520
f 525 527 509
f 525 509 510
f 525 510 486
f 486 510 484
f 533 490 518
f 533 518 522
f 533 522 541
f 541 522 528
f 531 528 526
f 531 526 529
f 529 526 521
f 529 521 524
f 529 524 530
f 530 524 523
f 530 523 532
f 532 523 527
f 537 527 525
f 532 527 537
f 537 525 486
f 489 490 533
f 534 541 528
f 534 528 531
f 545 531 529
f 545 529 535
f 535 529 530
f 542 530 532
f 542 532 536
f 536 532 537
f 6857 537 486
f 540 489 533
f 540 533 541
f 538 535 530
f 538 530 542
f 539 536 537
f 539 537 6857
f 543 538 542
f 544 540 541
f 544 541 534
f 543 542 536
f 549 534 531
f 549 531 545
f 546 489 540
f 544 534 549
f 546 540 544
f 550 549 545
f 550 545 535
f 550 535 547
f 547 535 538
f 547 538 543
f 547 543 551
f 551 543 536
f 551 536 539
f 551 539 487
f 548 546 544
f 548 544 549
f 552 549 550
f 5280 546 548
f 552 548 549
f 552 550 553
f 553 550 547
f 488 551 487
f 553 547 551
f 553 551 488
f 342 552 553
f 554 555 556
f 556 555 557
f 556 557 6534
f 556 6534 6588
f 556 6588 558
f 556 558 559
f 556 560 554
f 554 560 561
f 554 561 562
f 562 561 563
f 562 563 564
f 562 564 565
f 565 564 566
f 565 566 567
f 567 566 6861
f 567 6861 568
f 568 6861 6871
f 568 6871 569
f 569 6871 570
f 569 570 571
f 571 570 572
f 571 572 573
f 573 572 574
f 573 574 575
f 575 574 576
f 575 576 577
f 577 576 578
f 577 578 579
f 579 578 580
f 579 580 581
f 581 580 582
f 581 582 583
f 583 582 584
f 583 584 585
f 585 584 586
f 585 586 587
f 587 586 588
f 587 588 589
f 589 588 480
f 589 480 479
f 589 479 590
f 590 479 477
f 590 477 591
f 591 477 475
f 591 475 592
f 592 475 474
f 592 474 593
f 593 474 472
f 593 472 594
f 594 472 471
f 594 471 595
f 595 471 469
f 595 469 596
f 596 469 467
f 596 467 597
f 597 467 465
f 597 465 598
f 598 465 463
f 598 463 599
f 599 463 461
f 599 461 600
f 600 461 460
f 600 460 601
f 601 460 458
f 601 458 602
f 602 458 457
f 602 457 603
f 603 457 456
f 603 456 604
f 603 604 605
f 605 604 606
f 605 606 607
f 607 608 5453
f 607 5453 609
f 609 5363 607
f 607 5363 610
f 607 610 605
f 909 6488 611
f 611 6488 612
f 612 6488 6489
f 612 6489 613
f 613 6489 614
f 613 614 615
f 615 614 616
f 615 616 617
f 617 616 6490
f 617 6490 618
f 618 6490 619
f 618 619 620
f 620 619 6536
f 620 6536 621
f 621 6536 622
f 621 622 623
f 623 622 624
f 624 622 625
f 624 625 626
f 626 625 627
f 626 627 628
f 628 627 6491
f 628 6491 629
f 629 6491 6492
f 629 6492 630
f 630 6492 6555
f 630 6555 631
f 631 6555 632
f 631 632 633
f 633 632 634
f 633 634 635
f 635 634 6535
f 635 6535 636
f 636 6535 6559
f 636 6559 637
f 637 6559 6493
f 637 6493 638
f 638 6493 639
f 638 639 640
f 640 639 641
f 641 639 642
f 641 642 643
f 643 642 6495
f 643 6495 644
f 644 6495 645
f 644 645 646
f 646 645 647
f 646 647 648
f 648 647 649
f 649 647 6568
f 649 6568 650
f 650 6568 651
f 651 6568 652
f 651 652 653
f 653 652 6496
f 653 6496 654
f 654 6496 6497
f 654 6497 655
f 655 6497 656
f 656 6497 657
f 657 6497 658
f 657 658 659
f 659 658 660
f 660 658 661
f 660 661 662
f 662 661 6549
f 662 6549 663
f 663 6549 664
f 663 664 665
f 665 664 666
f 666 664 6498
f 666 6498 667
f 667 6498 668
f 667 668 669
f 669 668 670
f 670 668 6537
f 670 6537 671
f 671 6537 6540
f 671 6540 672
f 672 6540 673
f 673 6540 6539
f 673 6539 674
f 674 6539 675
f 674 675 676
f 676 675 677
f 676 677 678
f 678 677 679
f 678 679 680
f 680 679 681
f 680 681 682
f 682 681 683
f 683 681 6533
f 683 6533 684
f 683 684 685
f 685 684 6541
f 685 6541 686
f 686 6541 6613
f 686 6613 687
f 687 6613 688
f 687 688 689
f 689 688 6612
f 689 6612 690
f 690 6612 691
f 690 691 692
f 692 691 693
f 692 693 694
f 694 693 695
f 695 693 6610
f 695 6610 696
f 696 6610 6538
f 696 6538 698
f 698 6538 697
f 698 697 699
f 699 697 557
f 699 557 555
f 700 701 702
f 702 701 703
f 702 703 704
f 701 705 703
f 705 706 703
f 703 706 707
f 703 707 708
f 708 709 703
f 709 710 703
f 703 710 711
f 711 710 712
f 712 713 711
f 711 713 714
f 711 714 715
f 715 716 711
f 711 716 717
f 717 718 711
f 718 719 711
f 711 719 720
f 720 721 711
f 711 721 722
f 722 723 711
f 711 723 724
f 711 724 725
f 725 726 711
f 726 727 711
f 711 727 729
f 711 729 728
f 728 729 730
f 730 731 728
f 731 732 728
f 728 732 733
f 728 733 734
f 728 734 735
f 728 735 736
f 736 735 737
f 736 737 738
f 738 739 736
f 736 739 740
f 736 740 741
f 736 741 742
f 736 742 743
f 736 743 744
f 744 745 736
f 736 745 746
f 736 746 747
f 747 748 736
f 736 748 749
f 749 750 736
f 750 751 736
f 736 751 752
f 736 752 753
f 753 754 736
f 736 754 755
f 736 755 756
f 756 755 757
f 756 757 758
f 758 757 759
f 758 759 760
f 760 759 761
f 760 761 762
f 762 761 763
f 762 763 764
f 764 763 765
f 764 765 766
f 766 765 767
f 766 767 768
f 768 767 769
f 768 769 770
f 770 769 771
f 770 771 772
f 772 771 773
f 772 773 775
f 771 774 773
f 772 775 776
f 776 777 772
f 777 778 772
f 772 778 779
f 779 780 772
f 772 780 781
f 772 781 782
f 772 782 783
f 772 783 785
f 772 785 784
f 785 786 784
f 784 786 787
f 787 788 784
f 784 788 789
f 784 789 790
f 784 790 791
f 791 792 784
f 784 792 793
f 784 793 794
f 784 794 795
f 784 795 796
f 796 797 784
f 784 797 798
f 798 799 784
f 784 799 800
f 800 799 801
f 800 801 802
f 800 802 803
f 800 803 804
f 800 804 805
f 800 805 806
f 806 807 800
f 800 807 808
f 800 808 809
f 800 809 810
f 800 810 811
f 800 811 812
f 800 812 813
f 813 815 800
f 800 815 814
f 815 816 814
f 814 816 817
f 817 818 814
f 818 819 814
f 814 819 820
f 820 821 814
f 814 821 822
f 814 822 823
f 823 824 814
f 814 824 825
f 814 825 826
f 826 827 814
f 814 827 828
f 828 827 829
f 828 829 830
f 830 829 831
f 830 831 832
f 832 831 833
f 832 833 834
f 834 833 835
f 834 835 836
f 836 835 837
f 836 837 838
f 838 837 839
f 838 839 840
f 840 839 841
f 840 841 842
f 842 841 843
f 842 843 844
f 844 843 845
f 844 845 846
f 844 846 847
f 844 847 848
f 848 849 844
f 844 849 850
f 844 850 851
f 844 851 852
f 852 853 844
f 853 854 844
f 844 854 855
f 844 855 856
f 856 857 844
f 844 857 858
f 844 858 859
f 844 859 860
f 844 860 861
f 844 861 862
f 862 861 863
f 862 863 864
f 862 864 865
f 862 865 866
f 862 866 867
f 867 868 862
f 862 868 869
f 862 869 870
f 862 870 871
f 871 870 872
f 871 872 873
f 873 874 871
f 871 874 875
f 871 875 876
f 876 877 871
f 877 878 871
f 871 878 879
f 871 879 880
f 871 880 881
f 881 882 871
f 882 883 871
f 871 883 884
f 884 885 871
f 871 885 886
f 871 886 887
f 887 886 888
f 887 888 889
f 889 890 887
f 887 890 891
f 891 892 887
f 887 892 893
f 893 894 887
f 894 895 887
f 887 895 896
f 887 896 897
f 898 899 897
f 897 899 900
f 897 900 887
f 1133 901 898
f 898 901 902
f 898 902 899
f 901 1133 903
f 901 903 5939
f 901 5939 5897
f 704 904 702
f 702 904 905
f 905 904 906
f 905 906 907
f 907 6523 908
f 908 6551 907
f 907 6551 909
f 907 909 611
f 907 611 905
f 700 910 701
f 700 911 910
f 910 911 2819
f 702 617 700
f 700 617 618
f 905 613 702
f 702 613 615
f 611 612 905
f 905 612 613
f 615 617 702
f 618 620 700
f 700 620 621
f 700 621 911
f 911 621 623
f 911 623 624
f 624 626 911
f 911 626 628
f 911 628 629
f 629 630 911
f 911 630 631
f 631 633 911
f 911 633 635
f 635 636 911
f 911 636 637
f 911 637 638
f 638 640 911
f 911 640 641
f 641 643 911
f 911 643 644
f 644 646 911
f 911 646 648
f 648 649 911
f 911 649 650
f 650 651 911
f 911 651 653
f 911 653 654
f 654 655 911
f 911 655 656
f 911 656 657
f 657 659 911
f 911 659 660
f 911 660 662
f 662 663 911
f 911 663 665
f 911 665 666
f 911 666 912
f 912 666 667
f 912 667 669
f 669 670 912
f 912 670 671
f 671 672 912
f 912 672 673
f 912 673 674
f 912 674 676
f 676 678 912
f 912 678 680
f 912 680 682
f 912 682 683
f 912 683 685
f 685 686 912
f 686 687 912
f 912 687 689
f 689 690 912
f 912 690 692
f 692 694 912
f 912 694 913
f 913 694 695
f 913 695 562
f 913 562 565
f 913 565 567
f 913 567 568
f 913 568 569
f 913 569 571
f 913 571 914
f 914 571 573
f 914 573 575
f 914 575 577
f 914 577 579
f 914 579 581
f 914 581 583
f 914 583 5530
f 5530 583 585
f 5530 585 587
f 5530 587 589
f 5530 589 590
f 5530 590 591
f 5530 591 592
f 5530 592 593
f 5530 593 5532
f 5532 593 594
f 5532 594 595
f 5532 595 596
f 5532 596 597
f 5532 597 598
f 5532 598 599
f 5532 599 915
f 915 599 600
f 915 600 601
f 915 601 602
f 915 602 603
f 915 603 916
f 916 603 917
f 917 603 605
f 917 605 918
f 918 605 919
f 919 605 610
f 695 696 562
f 562 696 554
f 554 696 698
f 698 699 554
f 554 699 555
f 916 920 915
f 915 920 929
f 929 920 921
f 921 922 929
f 929 922 923
f 923 924 929
f 929 924 925
f 929 925 926
f 926 927 929
f 929 927 928
f 929 928 930
f 929 930 931
f 929 931 932
f 932 933 929
f 929 933 5505
f 910 2819 934
f 934 2819 935
f 935 2819 936
f 936 2819 937
f 937 2819 938
f 938 2819 939
f 939 2819 940
f 940 2819 941
f 941 2819 942
f 942 2819 944
f 942 944 943
f 943 944 945
f 952 946 944
f 944 946 945
f 946 952 947
f 947 952 948
f 948 952 949
f 949 952 950
f 950 952 951
f 951 952 953
f 953 952 954
f 954 952 955
f 954 955 956
f 956 955 957
f 956 957 958
f 958 957 959
f 959 957 960
f 959 960 961
f 961 960 962
f 961 962 765
f 765 962 767
f 767 962 769
f 769 962 771
f 771 962 774
f 955 952 964
f 964 952 963
f 964 963 965
f 965 963 966
f 966 963 967
f 967 963 968
f 968 963 969
f 969 963 970
f 970 963 971
f 971 963 972
f 971 972 973
f 973 972 974
f 972 976 975
f 972 979 976
f 976 979 977
f 977 979 978
f 978 979 980
f 980 979 981
f 981 979 982
f 982 979 983
f 983 979 984
f 984 979 985
f 984 985 987
f 987 985 986
f 987 986 988
f 988 986 989
f 988 989 990
f 990 989 991
f 990 991 833
f 833 991 835
f 835 991 837
f 837 991 839
f 839 991 841
f 841 991 843
f 843 991 845
f 979 994 992
f 979 992 985
f 979 993 994
f 2804 995 979
f 979 995 996
f 2804 998 999
f 2804 2803 998
f 998 2803 1000
f 1000 2803 1002
f 1002 2803 1001
f 1002 1001 1003
f 1003 1001 1004
f 1004 1001 1005
f 1005 1001 1006
f 1006 1001 1007
f 1007 1001 1008
f 1008 1001 1009
f 1009 1001 1010
f 1010 1001 2802
f 1010 2802 1011
f 1011 2802 1012
f 1012 2802 1013
f 1013 2802 1014
f 1014 2802 1015
f 1015 2802 1016
f 2802 1017 1016
f 1016 1017 896
f 896 1017 1127
f 896 1127 1018
f 1019 1020 1017
f 1017 1020 1021
f 1017 1021 1022
f 3080 1023 1019
f 1019 1023 1024
f 3080 1025 1026
f 3080 1026 1027
f 1025 3080 1028
f 1028 3080 1029
f 1029 3080 1030
f 1030 3080 1031
f 1031 3080 3079
f 1031 3079 1032
f 1032 3079 1033
f 1033 3079 1034
f 1034 3079 1035
f 1035 3079 1037
f 1035 1037 1036
f 1036 1037 1038
f 1038 1037 1039
f 1039 1037 1040
f 1040 1037 1041
f 1041 1037 1042
f 1042 1037 1043
f 1042 1043 1044
f 1044 1043 1045
f 1045 1043 1046
f 1046 1043 1048
f 1046 1048 1047
f 1047 1048 1049
f 1049 1048 1050
f 1050 1048 1051
f 1051 1048 1052
f 1052 1048 1053
f 1053 1048 1054
f 1054 1048 3179
f 1054 3179 1055
f 1055 3179 1056
f 1056 3179 1057
f 1057 3179 1058
f 1058 3179 1059
f 1059 3179 1060
f 1060 3179 1063
f 1060 1063 1061
f 1061 1063 1062
f 1062 1063 1064
f 1064 1063 1065
f 1065 1063 1066
f 1066 1063 1067
f 1067 1063 1068
f 1068 1063 1069
f 1069 1063 1070
f 1070 1063 3178
f 1070 3178 1071
f 1071 3178 1072
f 1072 3178 1073
f 1073 3178 3326
f 1058 1059 1074
f 1058 1074 1075
f 1074 1076 1075
f 1075 1076 1077
f 1078 1082 1025
f 1025 1082 1079
f 1078 1080 1081
f 1081 1082 1078
f 1079 1026 1025
f 1027 1083 3080
f 3080 1083 1023
f 1019 1024 1084
f 1084 1085 1019
f 1019 1085 1086
f 1019 1086 1087
f 1019 1087 1088
f 1088 1089 1019
f 1019 1089 1090
f 1019 1090 1091
f 1091 1092 1019
f 1019 1092 1093
f 1093 1094 1019
f 1019 1094 1095
f 1095 1096 1019
f 1019 1096 1097
f 1019 1097 1098
f 1098 1099 1019
f 1019 1099 1020
f 1022 1100 1017
f 1017 1100 1101
f 1017 1101 1102
f 1102 1103 1017
f 1017 1103 1104
f 1017 1104 1105
f 1105 1106 1017
f 1017 1106 1107
f 1017 1107 1108
f 1108 1109 1017
f 1017 1109 1110
f 1110 1111 1017
f 1017 1111 1112
f 1112 1113 1017
f 1017 1113 1114
f 1114 1115 1017
f 1017 1115 1116
f 1017 1116 1117
f 1017 1117 1118
f 1118 1119 1017
f 1017 1119 1120
f 1017 1120 1121
f 1121 1122 1017
f 1017 1122 1123
f 1123 1124 1017
f 1017 1124 1125
f 1125 1126 1017
f 1017 1126 1127
f 1018 1128 896
f 896 1128 1129
f 1129 1130 896
f 896 1130 897
f 1130 1131 897
f 897 1131 898
f 898 1131 1132
f 898 1132 1133
f 999 997 2804
f 2804 997 995
f 996 993 979
f 833 831 990
f 990 831 829
f 990 829 827
f 827 826 990
f 975 974 972
f 765 763 961
f 961 763 761
f 961 761 759
f 759 757 961
f 961 757 755
f 961 755 754
f 1137 721 1134
f 1134 721 720
f 1134 720 1135
f 1135 720 719
f 1135 719 1136
f 1136 719 718
f 1136 718 942
f 942 718 717
f 1137 722 721
f 722 1137 1138
f 722 1138 723
f 723 1138 724
f 724 1138 1139
f 724 1139 1140
f 724 1140 725
f 725 1140 1141
f 725 1141 726
f 726 1141 1142
f 726 1142 727
f 942 717 941
f 941 717 940
f 940 717 716
f 940 716 715
f 940 715 939
f 939 715 714
f 714 713 939
f 939 713 938
f 938 713 712
f 938 712 937
f 937 712 710
f 937 710 936
f 936 710 709
f 936 709 708
f 936 708 935
f 935 708 707
f 935 707 706
f 935 706 934
f 934 706 705
f 934 705 910
f 910 705 701
f 945 1143 1144
f 945 1144 1145
f 1145 1146 945
f 1146 1147 945
f 945 1147 1142
f 945 1142 943
f 943 1142 1141
f 1141 1140 943
f 1140 1139 943
f 943 1139 1138
f 943 1138 1137
f 1143 945 1148
f 1148 945 1149
f 1149 945 946
f 753 752 961
f 961 752 959
f 959 752 751
f 959 751 750
f 959 750 958
f 958 750 749
f 958 749 956
f 956 749 748
f 956 748 954
f 954 748 747
f 747 746 954
f 954 746 953
f 953 746 745
f 953 745 951
f 951 745 744
f 951 744 950
f 950 744 743
f 950 743 949
f 949 743 742
f 949 742 741
f 949 741 948
f 948 741 740
f 948 740 947
f 947 740 946
f 946 740 739
f 946 739 1149
f 1149 739 738
f 1149 738 1148
f 1148 738 737
f 1148 737 735
f 1148 735 1143
f 1143 735 734
f 1143 734 1144
f 1144 734 733
f 1144 733 1145
f 1145 733 732
f 1145 732 1146
f 1146 732 731
f 1146 731 1147
f 1147 731 730
f 754 753 961
f 1147 730 1142
f 1142 730 729
f 729 727 1142
f 943 1137 1134
f 943 1134 1135
f 943 1135 1136
f 943 1136 942
f 774 962 773
f 1152 793 792
f 1152 792 1150
f 1150 792 791
f 1150 791 1151
f 1151 791 790
f 1151 790 971
f 971 790 789
f 971 789 970
f 970 789 788
f 970 788 969
f 793 1152 1153
f 793 1153 794
f 794 1153 1154
f 794 1154 795
f 795 1154 1155
f 795 1155 796
f 796 1155 1156
f 796 1156 797
f 797 1156 1157
f 797 1157 798
f 969 788 787
f 969 787 968
f 968 787 786
f 968 786 785
f 968 785 967
f 967 785 783
f 967 783 966
f 966 783 782
f 966 782 965
f 782 781 965
f 965 781 964
f 964 781 780
f 964 780 955
f 955 780 779
f 955 779 778
f 955 778 957
f 957 778 777
f 957 777 776
f 957 776 960
f 960 776 775
f 960 775 962
f 962 775 773
f 1158 1159 974
f 974 1159 1160
f 974 1160 1161
f 974 1161 1162
f 974 1162 1163
f 1163 1164 974
f 974 1164 1157
f 974 1157 973
f 973 1157 1156
f 1156 1155 973
f 1155 1154 973
f 973 1154 1153
f 973 1153 1152
f 1158 974 1165
f 1165 974 975
f 1165 975 1166
f 1166 975 976
f 825 824 990
f 990 824 988
f 988 824 823
f 988 823 822
f 988 822 987
f 987 822 821
f 987 821 820
f 987 820 984
f 984 820 819
f 984 819 983
f 983 819 818
f 983 818 982
f 982 818 817
f 982 817 981
f 981 817 816
f 981 816 980
f 980 816 815
f 980 815 813
f 980 813 978
f 978 813 812
f 978 812 977
f 977 812 811
f 977 811 976
f 976 811 810
f 976 810 1166
f 1166 810 809
f 1166 809 1165
f 1165 809 808
f 1165 808 1158
f 1158 808 807
f 1158 807 1159
f 1159 807 1160
f 1160 807 806
f 1160 806 805
f 1160 805 1161
f 1161 805 804
f 1161 804 1162
f 1162 804 803
f 1162 803 1163
f 1163 803 802
f 1163 802 1164
f 1164 802 801
f 826 825 990
f 1164 799 1157
f 1157 799 798
f 1164 801 799
f 973 1152 1150
f 973 1150 1151
f 973 1151 971
f 845 991 846
f 1167 863 861
f 1167 861 1168
f 1168 861 860
f 1168 860 1169
f 1169 860 859
f 1169 859 998
f 998 859 858
f 998 858 999
f 999 858 857
f 999 857 997
f 863 1167 1170
f 863 1170 864
f 864 1170 1171
f 864 1171 865
f 865 1171 1172
f 865 1172 866
f 866 1172 1173
f 866 1173 1174
f 866 1174 867
f 867 1174 1175
f 867 1175 868
f 997 857 856
f 997 856 995
f 995 856 855
f 995 855 996
f 996 855 854
f 996 854 993
f 993 854 853
f 993 853 994
f 994 853 852
f 994 852 992
f 992 852 851
f 992 851 850
f 992 850 985
f 850 849 985
f 985 849 986
f 986 849 848
f 986 848 989
f 989 848 847
f 847 846 989
f 989 846 991
f 1002 1181 1176
f 1002 1176 1177
f 1002 1177 1178
f 1178 1179 1002
f 1179 1180 1002
f 1002 1180 1175
f 1002 1175 1000
f 1000 1175 1174
f 1000 1174 1173
f 1173 1172 1000
f 1000 1172 1171
f 1171 1170 1000
f 1170 1167 1000
f 1181 1002 1182
f 1182 1002 1183
f 1183 1002 1003
f 895 894 1016
f 1016 894 1015
f 894 893 1015
f 1015 893 1014
f 1014 893 892
f 1014 892 1013
f 1013 892 891
f 891 890 1013
f 1013 890 1012
f 1012 890 889
f 1012 889 1011
f 1011 889 888
f 1011 888 1010
f 1010 888 886
f 1010 886 1009
f 1009 886 885
f 1009 885 1008
f 1008 885 884
f 1008 884 1007
f 1007 884 883
f 1007 883 1006
f 1006 883 882
f 1006 882 1005
f 1005 882 881
f 1005 881 1004
f 1004 881 880
f 1004 880 1003
f 1003 880 879
f 1003 879 1183
f 1183 879 878
f 1183 878 1182
f 1182 878 877
f 1182 877 1181
f 1181 877 876
f 1181 876 1176
f 1176 876 875
f 1176 875 1177
f 1177 875 874
f 1177 874 1178
f 1178 874 873
f 1178 873 1179
f 1179 873 872
f 1179 872 1180
f 896 895 1016
f 1175 1180 868
f 868 1180 869
f 869 1180 870
f 870 1180 872
f 1167 1168 1000
f 1000 1168 1169
f 1000 1169 998
f 1210 1215 1088
f 1088 1215 1089
f 1089 1215 1184
f 1089 1184 1090
f 1090 1184 6006
f 1090 6006 1185
f 1090 1185 1091
f 1091 1185 1092
f 1092 1185 1186
f 1092 1186 1093
f 1093 1186 6001
f 1093 6001 1094
f 1094 6001 1187
f 1094 1187 1095
f 1095 1187 1188
f 1095 1188 1096
f 1096 1188 1097
f 1097 1188 5999
f 1097 5999 1098
f 1098 5999 1189
f 1098 1189 1099
f 1099 1189 1020
f 1020 1189 5945
f 1020 5945 1021
f 1021 5945 5983
f 1021 5983 1022
f 1022 5983 1100
f 1100 5983 6003
f 1100 6003 1101
f 1101 6003 1102
f 1102 6003 1190
f 1102 1190 1103
f 1103 1190 1104
f 1104 1190 1191
f 1104 1191 1105
f 1105 1191 1106
f 1106 1191 1192
f 1106 1192 1107
f 1107 1192 1108
f 1108 1192 1193
f 1108 1193 1109
f 1109 1193 1110
f 1110 1193 6009
f 1110 6009 1111
f 1111 6009 1194
f 1111 1194 1112
f 1112 1194 1195
f 1112 1195 1113
f 1113 1195 1114
f 1114 1195 5992
f 1114 5992 1115
f 1115 5992 1196
f 1115 1196 1116
f 1116 1196 1197
f 1116 1197 1117
f 1117 1197 1118
f 1118 1197 6005
f 1118 6005 1119
f 1119 6005 1198
f 1119 1198 1120
f 1120 1198 6013
f 1120 6013 1121
f 1121 6013 5995
f 1121 5995 1122
f 1122 5995 1123
f 1123 5995 1199
f 1123 1199 1124
f 1124 1199 1125
f 1125 1199 5944
f 1125 5944 1126
f 1126 5944 5943
f 1126 5943 1127
f 1127 5943 1200
f 1127 1200 1018
f 1018 1200 6014
f 1018 6014 1128
f 1128 6014 6015
f 1128 6015 1129
f 1129 6015 1201
f 1129 1201 1130
f 1130 1201 6002
f 1130 6002 1202
f 1130 1202 1131
f 1131 1202 5942
f 1131 5942 1132
f 1132 5942 5941
f 1132 5941 1133
f 1212 1203 1080
f 1080 1203 1081
f 1081 1203 1204
f 1081 1204 1082
f 1082 1204 1249
f 1082 1249 1079
f 1079 1249 1252
f 1079 1252 1026
f 1026 1252 1213
f 1026 1213 1027
f 1027 1213 1214
f 1027 1214 1083
f 1083 1214 1205
f 1083 1205 1023
f 1023 1205 1206
f 1023 1206 1024
f 1024 1206 1207
f 1024 1207 1084
f 1084 1207 1253
f 1084 1253 1085
f 1085 1253 1208
f 1085 1208 1086
f 1086 1208 1209
f 1086 1209 1251
f 1086 1251 1087
f 1087 1251 1210
f 1087 1210 1088
f 1211 1224 1231
f 1203 1212 1204
f 1210 1251 1216
f 1210 1216 1215
f 5982 1216 1217
f 1217 1234 5968
f 1229 1225 1226
f 1220 1221 1222
f 1222 1221 1223
f 1229 1226 1227
f 1230 1219 1228
f 1221 1224 1223
f 1230 1228 1218
f 1232 1221 1220
f 1231 1224 1221
f 1229 1218 1225
f 1232 1220 1230
f 1233 1230 1218
f 1229 1233 1218
f 1234 1229 1227
f 1232 1230 1233
f 1235 1231 1221
f 1235 1221 1232
f 1236 1233 1229
f 1239 1236 1229
f 1239 1229 1234
f 1237 1232 1233
f 1238 1233 1236
f 1240 1242 1235
f 1240 1235 1232
f 1237 1233 1238
f 1240 1232 1241
f 1237 1241 1232
f 1246 1231 1235
f 1246 1235 1242
f 1217 1239 1234
f 1250 1240 1241
f 1243 1242 1240
f 1247 1238 1236
f 1243 1240 1250
f 1248 1237 1238
f 1247 1236 1239
f 1247 1239 1245
f 1248 1241 1237
f 1245 1239 1217
f 1245 1217 1216
f 1244 1246 1242
f 1249 1244 1242
f 1249 1242 1243
f 1209 1247 1245
f 1206 1248 1238
f 1212 1246 1244
f 1249 1243 1252
f 1252 1243 1250
f 1253 1238 1247
f 1251 1245 1216
f 1207 1206 1238
f 1207 1238 1253
f 1208 1253 1247
f 1208 1247 1209
f 1251 1209 1245
f 1213 1252 1250
f 1213 1250 1214
f 1214 1250 1241
f 1214 1241 1248
f 1204 1212 1244
f 1205 1214 1248
f 1249 1204 1244
f 1206 1205 1248
f 1254 5931 1255
f 1255 5931 1256
f 1255 1256 1257
f 1257 1256 1260
f 1257 1260 1258
f 1258 1260 1259
f 1259 1260 1261
f 1261 1260 1262
f 1262 1260 1263
f 1262 1263 1264
f 1264 1263 1265
f 1265 1263 1266
f 1265 1266 1267
f 1267 1266 1268
f 1268 1266 1269
f 1269 1266 1270
f 1270 1266 1271
f 1270 1271 1272
f 1272 1271 1276
f 1272 1276 1273
f 1273 1276 1274
f 1274 1276 1275
f 1275 1276 1277
f 1277 1276 1278
f 1277 1278 1279
f 1279 1278 1283
f 1279 1283 1280
f 1280 1283 1281
f 1281 1283 1282
f 1282 1283 1284
f 1284 1283 1286
f 1284 1286 1285
f 1285 1286 1287
f 1287 1286 1288
f 1287 1288 1289
f 1289 1288 1290
f 1290 1288 1291
f 1291 1288 1292
f 1291 1292 1293
f 1293 1292 1294
f 1294 1292 1295
f 1295 1292 1296
f 1296 1292 1298
f 1296 1298 1297
f 1297 1298 1299
f 1299 1298 1300
f 1299 1300 1301
f 1301 1300 1302
f 1302 1300 1303
f 1303 1300 1304
f 1304 1300 1306
f 1304 1306 1305
f 1305 1306 1307
f 1307 1306 1308
f 1307 1308 1309
f 1309 1308 1310
f 1310 1308 1311
f 1311 1308 1312
f 1312 1308 1313
f 1312 1313 1314
f 1314 1313 1316
f 1314 1316 1315
f 1315 1316 1317
f 1317 1316 1318
f 1318 1316 1322
f 1318 1322 1319
f 1319 1322 1320
f 1320 1322 1321
f 1321 1322 1323
f 1323 1322 1324
f 1323 1324 1325
f 1325 1324 1326
f 1326 1324 1327
f 1327 1324 1328
f 1327 1328 1329
f 1329 1328 1330
f 1330 1328 1331
f 1331 1328 1332
f 1332 1328 1333
f 1332 1333 1334
f 1334 1333 1335
f 1334 1335 1336
f 1336 1335 1337
f 1337 1335 1338
f 1338 1335 1339
f 1338 1339 1340
f 1340 1339 1341
f 1341 1339 1342
f 1341 1342 1343
f 1343 1342 1344
f 1344 1342 1345
f 1345 1342 1346
f 1346 1342 1347
f 1347 1342 1348
f 1348 1342 1352
f 1348 1352 1349
f 1349 1352 1350
f 1350 1352 1351
f 1351 1352 1353
f 1353 1352 1354
f 1354 1352 1355
f 1355 1352 1356
f 1356 1352 1357
f 1357 1352 1358
f 1358 1352 1359
f 1358 1359 1360
f 1360 1359 1361
f 1361 1359 1362
f 1362 1359 1363
f 1362 1363 1364
f 1364 1363 1365
f 1365 1363 1366
f 1366 1363 1367
f 1363 1359 1368
f 1368 1359 1369
f 1368 1369 1211
f 1211 1369 1224
f 1224 1369 1223
f 1223 1369 1370
f 1223 1370 1222
f 1222 1370 1371
f 1222 1371 1220
f 1220 1371 1230
f 1230 1371 1372
f 1230 1372 1219
f 1219 1372 1373
f 1219 1373 1228
f 1228 1373 1218
f 1218 1373 1374
f 1218 1374 1225
f 1225 1374 1375
f 1225 1375 1226
f 1226 1375 1376
f 1226 1376 1227
f 5931 1377 1378
f 5931 1378 1256
f 1256 1378 1260
f 1260 1378 1379
f 1260 1379 1263
f 1263 1379 1380
f 1263 1380 1266
f 1266 1380 1381
f 1266 1381 1271
f 1271 1381 1382
f 1271 1382 1276
f 1276 1382 1383
f 1276 1383 1278
f 1278 1383 1384
f 1278 1384 1283
f 1283 1384 1385
f 1283 1385 1286
f 1286 1385 1386
f 1286 1386 1288
f 1288 1386 1387
f 1288 1387 1292
f 1292 1387 1388
f 1292 1388 1298
f 1298 1388 1389
f 1298 1389 1300
f 1300 1389 1390
f 1300 1390 1391
f 1300 1391 1306
f 1306 1391 1392
f 1306 1392 1308
f 1308 1392 1393
f 1308 1393 1394
f 1308 1394 1313
f 1313 1394 1395
f 1313 1395 1316
f 1316 1395 1396
f 1316 1396 1397
f 1316 1397 1322
f 1322 1397 1398
f 1322 1398 1324
f 1324 1398 1399
f 1324 1399 1328
f 1328 1399 1400
f 1328 1400 1333
f 1333 1400 1401
f 1333 1401 1335
f 1335 1401 1339
f 1339 1401 1402
f 1339 1402 1342
f 1342 1402 1403
f 1342 1403 1352
f 1352 1403 1404
f 1352 1404 1359
f 1359 1404 1405
f 1359 1405 1369
f 1369 1405 1406
f 1369 1406 1370
f 1370 1406 1407
f 1370 1407 1371
f 1371 1407 1408
f 1371 1408 1372
f 1372 1408 1409
f 1372 1409 1410
f 1372 1410 1373
f 1373 1410 1411
f 1373 1411 1374
f 1374 1411 1412
f 1374 1412 1375
f 1375 1412 1413
f 1375 1413 1376
f 1414 1415 1416
f 1416 1415 1417
f 1415 1414 1418
f 1418 1414 1419
f 1418 1419 1420
f 1420 1419 1421
f 1420 1421 1422
f 1422 1421 1423
f 1422 1423 1424
f 1424 1423 1425
f 1424 1425 1426
f 1426 1425 1427
f 1426 1427 1428
f 1428 1427 1429
f 1428 1429 1430
f 1428 1430 1431
f 1431 1430 1432
f 1431 1432 1433
f 1433 1432 1434
f 1433 1434 1435
f 1435 1434 1436
f 1435 1436 1437
f 1437 1436 1438
f 1437 1438 1439
f 1439 1438 1440
f 1439 1440 1441
f 1439 1441 1442
f 1442 1441 1443
f 1442 1443 1444
f 1444 1443 1445
f 1444 1445 1446
f 1446 1445 1447
f 1446 1447 1448
f 1448 1447 1449
f 1448 1449 1450
f 1450 1449 1451
f 1450 1451 1452
f 1450 1452 1453
f 1453 1452 1454
f 1453 1454 1455
f 1455 1454 1456
f 1455 1456 1457
f 1457 1456 1458
f 1457 1458 1459
f 1459 1458 1460
f 1459 1460 1461
f 1461 1460 1462
f 1461 1462 1463
f 1463 1462 1464
f 1463 1464 1465
f 1465 1464 1466
f 1465 1466 1467
f 1467 1466 1468
f 1467 1468 1469
f 1467 1469 1470
f 1470 1469 1471
f 1470 1471 1472
f 1472 1471 1473
f 1472 1473 1474
f 1474 1473 1475
f 1474 1475 1476
f 1476 1475 1477
f 1476 1477 1478
f 1478 1477 1479
f 1479 1477 1480
f 1480 1477 1481
f 1481 1477 1482
f 1482 1477 1483
f 1483 1477 1484
f 1483 1484 1485
f 1486 2491 1473
f 1473 2491 1487
f 1473 1487 2492
f 1488 2485 1486
f 1486 2485 1489
f 1490 1491 1488
f 1488 1491 1492
f 1493 1494 1490
f 1495 2540 1493
f 1493 2540 1496
f 1497 2532 1495
f 1495 2532 1498
f 1499 1500 1497
f 1497 1500 1501
f 1497 1501 1502
f 1503 1504 1499
f 1499 1504 1505
f 1499 1505 1506
f 1507 1508 1503
f 1503 1508 1509
f 1503 1509 1510
f 1511 1512 1507
f 1507 1512 1513
f 1507 1513 1514
f 1515 1516 1511
f 1511 1516 1517
f 1511 1517 1518
f 1518 1517 1519
f 1519 1517 1520
f 1520 1517 1521
f 1521 1517 1522
f 1522 1517 1523
f 1523 1517 1524
f 1524 1517 1525
f 1525 1517 1526
f 1526 1517 1527
f 1527 1517 1528
f 1528 1517 1529
f 1529 1517 1530
f 1530 1517 1531
f 1531 1517 1532
f 1531 1532 1533
f 1533 1532 1534
f 1534 1532 1535
f 1535 1532 1536
f 1536 1532 1537
f 1516 1515 1538
f 1538 1515 1539
f 1538 1539 1540
f 1540 1539 1541
f 1540 1541 1542
f 1542 1541 1543
f 1542 1543 1544
f 1544 1543 1545
f 1544 1545 1546
f 1546 1545 1547
f 1546 1547 1548
f 1548 1547 1549
f 1548 1549 1550
f 1550 1549 1551
f 1550 1551 1552
f 1552 1551 1553
f 1552 1553 1554
f 1554 1553 1555
f 1554 1555 1556
f 1556 1555 1557
f 1556 1557 1558
f 1558 1557 1559
f 1558 1559 1560
f 1560 1559 1561
f 1560 1561 1562
f 1562 1561 1563
f 1562 1563 1564
f 1564 1563 1565
f 1564 1565 1566
f 1566 1565 1567
f 1566 1567 1568
f 1568 1567 1569
f 1568 1569 1570
f 1570 1569 1571
f 1570 1571 1572
f 1572 1571 1573
f 1572 1573 1574
f 1574 1573 1575
f 1574 1575 1576
f 1576 1575 1577
f 1578 1579 1517
f 1517 1579 1580
f 3350 1581 1578
f 1582 1583 3350
f 1584 2457 1582
f 1582 2457 1585
f 1586 1587 1584
f 1584 1587 1588
f 1589 1590 1586
f 1591 1592 1589
f 1589 1592 1593
f 1594 1595 1591
f 1591 1595 1596
f 1597 1598 1594
f 1594 1598 1595
f 1597 1599 1598
f 1598 1599 1600
f 1600 1599 1601
f 1600 1601 1602
f 1602 1601 1603
f 1602 1603 1604
f 1604 1603 1605
f 1604 1605 1606
f 1606 1605 1607
f 1606 1607 1608
f 1608 1607 1609
f 1608 1609 1610
f 1608 1610 1611
f 1611 1610 1612
f 1611 1612 1613
f 1613 1612 1614
f 1613 1614 1615
f 1615 1614 1616
f 1615 1616 1617
f 1617 1616 1618
f 1617 1618 1619
f 1619 1618 1620
f 1619 1620 1621
f 1621 1620 1622
f 1621 1622 1623
f 1623 1622 1624
f 1623 1624 1625
f 1625 1624 1626
f 1625 1626 1627
f 1627 1626 1628
f 1627 1628 1629
f 1627 1629 1630
f 1630 1629 1631
f 1630 1631 1632
f 1632 1631 1633
f 1632 1633 1634
f 1634 1633 1635
f 1634 1635 1636
f 1636 1635 1637
f 1636 1637 1638
f 1638 1637 1639
f 1638 1639 1640
f 1640 1639 1641
f 1640 1641 1642
f 1642 1641 1643
f 1642 1643 1644
f 1642 1644 1645
f 1645 1644 1646
f 1645 1646 1647
f 1647 1646 1648
f 1647 1648 1649
f 1649 1648 1650
f 1649 1650 1651
f 1651 1650 1652
f 1651 1652 1653
f 1653 1652 1654
f 1653 1654 1655
f 1655 1654 1656
f 1655 1656 1657
f 1657 1656 1658
f 1657 1658 1410
f 1410 1658 1411
f 1411 1658 1412
f 1412 1658 1413
f 1413 1658 1659
f 1659 1658 1660
f 1660 1658 1661
f 1661 1658 1662
f 1662 1658 1663
f 1663 1658 1664
f 1664 1658 1665
f 1665 1658 1666
f 1666 1658 1667
f 1667 1658 1668
f 1668 1658 1670
f 1670 1658 1669
f 1670 1669 1671
f 1671 1669 1672
f 1672 1669 1673
f 1673 1669 1674
f 1674 1669 1675
f 1675 1669 1676
f 1676 1669 1677
f 1677 1669 1678
f 1678 1669 1679
f 1679 1669 1680
f 1680 1669 1681
f 1680 1681 1682
f 1683 1684 1669
f 1669 1684 1685
f 1669 1685 1686
f 1683 1687 1684
f 1684 1687 1688
f 1684 1688 1689
f 1689 1690 1684
f 1684 1690 1691
f 1691 1690 1692
f 1691 1692 1693
f 1693 1694 1691
f 1691 1694 1695
f 1691 1695 1696
f 1691 1696 1697
f 1697 1696 1698
f 1697 1698 1699
f 1699 1700 1697
f 1697 1700 1701
f 1697 1701 1702
f 1697 1702 1703
f 1703 1702 1704
f 1703 1704 1705
f 1705 1706 1703
f 1703 1706 1707
f 1703 1707 1708
f 1708 1707 1709
f 1708 1709 1710
f 1710 1711 1708
f 1708 1711 1712
f 1708 1712 1713
f 1713 1712 1714
f 1713 1714 1715
f 1715 1716 1713
f 1713 1716 1717
f 1713 1717 1718
f 1718 1717 1719
f 1718 1719 1720
f 1720 1721 1718
f 1718 1721 1722
f 1718 1722 1723
f 1723 1722 1724
f 1723 1724 1725
f 1725 1726 1723
f 1723 1726 1727
f 1723 1727 1728
f 1728 1729 1723
f 1723 1729 1730
f 1723 1730 1731
f 1731 1732 1723
f 1723 1732 1733
f 1723 1733 1734
f 1734 1735 1723
f 1723 1735 1736
f 1723 1736 1737
f 1737 1738 1723
f 1723 1738 1739
f 1723 1739 1740
f 1740 1741 1723
f 1723 1741 1742
f 1723 1742 1743
f 1743 1744 1723
f 1723 1744 1745
f 1723 1745 1746
f 1746 1747 1723
f 1723 1747 1748
f 1723 1748 1749
f 1749 1750 1723
f 1723 1750 1751
f 1723 1751 1752
f 1752 1753 1723
f 1723 1753 1754
f 1723 1754 1755
f 1755 1754 1756
f 1756 1754 1757
f 1757 1754 1758
f 1758 1754 1759
f 1759 1754 1760
f 1760 1754 1761
f 1761 1754 1762
f 1762 1754 1763
f 1763 1754 1764
f 1764 1754 1765
f 1765 1754 1766
f 1766 1754 1767
f 1767 1754 1768
f 1767 1768 1769
f 1769 1768 1770
f 1770 1768 1771
f 1771 1768 1772
f 1772 1768 1773
f 1772 1773 1774
f 1416 2556 1754
f 1754 2556 1775
f 1518 1776 1511
f 1511 1776 1777
f 1511 1777 1778
f 1778 1779 1511
f 1511 1779 1512
f 1514 1780 1507
f 1507 1780 1508
f 1510 1504 1503
f 1506 1500 1499
f 1502 1781 1497
f 1497 1781 1782
f 1497 1782 1783
f 1784 1789 1781
f 1781 1789 1785
f 1789 1784 1786
f 1789 1786 1787
f 1789 1787 1788
f 1789 1788 1790
f 1789 1790 1791
f 1789 1791 1792
f 1792 1791 1793
f 1792 1793 1794
f 1792 1794 1801
f 1801 1794 1795
f 1801 1795 1796
f 1801 1796 1797
f 1801 1797 1798
f 1801 1798 1799
f 1801 1799 1800
f 1801 1800 1802
f 1801 1802 1803
f 1801 1803 2513
f 2513 1803 1804
f 2513 1804 1805
f 1475 1806 1805
f 1805 1806 1807
f 1805 1807 1808
f 1485 1809 1483
f 1483 1809 1810
f 1483 1810 1811
f 1811 1812 1483
f 1483 1812 1813
f 1483 1813 1814
f 1814 1815 1483
f 1483 1815 1816
f 1483 1816 1817
f 1818 1819 1817
f 1817 1819 1820
f 1817 1820 1483
f 1821 1822 1818
f 1818 1822 1823
f 1818 1823 1824
f 1821 1825 1822
f 1822 1825 1826
f 1822 1826 1827
f 1827 1828 1822
f 1822 1828 1829
f 1822 1829 1830
f 1830 1831 1822
f 1822 1831 1832
f 1822 1832 1833
f 1833 1834 1822
f 1822 1834 1835
f 1822 1835 1836
f 1836 1837 1822
f 1822 1837 1838
f 1822 1838 1839
f 1839 1840 1822
f 1822 1840 1841
f 1822 1841 1842
f 1842 1843 1822
f 1822 1843 1844
f 1822 1844 1845
f 1845 1846 1822
f 1822 1846 1847
f 1822 1847 1848
f 1848 1849 1822
f 1822 1849 1850
f 1822 1850 1851
f 1851 1852 1822
f 1822 1852 1853
f 1822 1853 1854
f 1854 1855 1822
f 1822 1855 1856
f 1822 1856 1857
f 1857 1858 1822
f 1822 1858 1859
f 1822 1859 1860
f 1860 1861 1822
f 1822 1861 1862
f 1822 1862 1863
f 1863 1864 1822
f 1822 1864 1865
f 1822 1865 1866
f 1866 1867 1822
f 1868 1869 1822
f 1822 1869 1870
f 1822 1870 1871
f 1869 1868 1872
f 1872 1868 1873
f 1872 1873 1874
f 1874 1875 1872
f 1872 1875 1876
f 1872 1876 1877
f 1877 1878 1872
f 1872 1878 1879
f 1872 1879 1880
f 1880 1881 1872
f 1872 1881 1882
f 1872 1882 1883
f 1883 1884 1872
f 1872 1884 1885
f 1885 1884 1886
f 1886 1884 1887
f 1887 1884 1888
f 1888 1884 1889
f 1889 1884 1890
f 1890 1884 1891
f 1891 1884 1892
f 1892 1884 1893
f 1893 1884 1894
f 1894 1884 1895
f 1895 1884 1896
f 1896 1884 1897
f 1897 1884 1898
f 1898 1884 1899
f 1899 1884 1900
f 1900 1884 1901
f 1901 1884 1902
f 1902 1884 1903
f 1903 1884 1907
f 1907 1884 1904
f 1907 1904 1905
f 1907 1905 1906
f 1907 1906 1908
f 1907 1908 1909
f 1907 1909 1911
f 1911 1909 1910
f 1911 1910 1912
f 1911 1912 1913
f 1911 1913 1920
f 1920 1913 1914
f 1920 1914 1915
f 1920 1915 1916
f 1920 1916 1917
f 1920 1917 1918
f 1920 1918 1919
f 1920 1919 1921
f 1920 1921 1922
f 1920 1922 2480
f 2480 1922 1923
f 2480 1923 1536
f 1924 1925 1415
f 1415 1925 1926
f 1415 1926 1927
f 1924 1928 1925
f 1925 1928 1929
f 1925 1929 1930
f 1930 1931 1925
f 1925 1931 1932
f 1925 1932 1933
f 1933 1934 1925
f 1925 1934 1935
f 1925 1935 1936
f 1936 1937 1925
f 1925 1937 1938
f 1925 1938 1939
f 1939 1940 1925
f 1925 1940 1941
f 1925 1941 1942
f 1942 1943 1925
f 1925 1943 1944
f 1925 1944 1945
f 1945 1946 1925
f 1925 1946 1947
f 1925 1947 1948
f 1948 1949 1925
f 1925 1949 1950
f 1925 1950 1951
f 1925 1952 1926
f 1926 1952 1953
f 1926 1953 1954
f 1954 1955 1926
f 1926 1955 1956
f 1926 1956 1957
f 1957 1958 1926
f 1926 1958 1959
f 1926 1959 1960
f 1960 1959 1961
f 1961 1959 1962
f 1961 1962 1963
f 1964 1965 1959
f 1959 1965 1966
f 1967 1968 1964
f 1964 1968 1969
f 1964 1969 2427
f 1968 1967 1970
f 1970 1967 1971
f 1970 1971 1973
f 1973 1971 1972
f 1973 1972 1974
f 1973 1974 1975
f 1975 1974 1976
f 1975 1976 1978
f 1978 1976 1977
f 1978 1977 1979
f 1978 1979 1980
f 1980 1979 1981
f 1980 1981 1983
f 1983 1981 1982
f 1983 1982 1984
f 1983 1984 1985
f 1985 1984 1986
f 1985 1986 1988
f 1988 1986 1987
f 1988 1987 1989
f 1988 1989 1990
f 1988 1990 1991
f 1991 1990 1992
f 1991 1992 1994
f 1994 1992 1993
f 1994 1993 1995
f 1994 1995 1996
f 1996 1995 1997
f 1996 1997 1998
f 1998 1997 1999
f 1998 1999 2000
f 2000 1999 2001
f 2000 2001 2002
f 2000 2002 2004
f 2004 2002 2003
f 2004 2003 2005
f 2004 2005 2006
f 2006 2005 2007
f 2006 2007 2010
f 2010 2007 2008
f 2010 2008 2009
f 2010 2009 2011
f 2010 2011 2012
f 2012 2011 2013
f 2012 2013 2014
f 2014 2013 2015
f 2014 2015 2017
f 2017 2015 2016
f 2017 2016 2018
f 2017 2018 2019
f 2019 2018 2020
f 2019 2020 2021
f 2019 2021 2023
f 2023 2021 2022
f 2023 2022 2024
f 2023 2024 2025
f 2025 2024 2026
f 2025 2026 2027
f 2027 2026 2028
f 2027 2028 2030
f 2030 2028 2029
f 2030 2029 2031
f 2030 2031 2032
f 2032 2031 2033
f 2032 2033 2034
f 2034 2033 2035
f 2034 2035 2037
f 2037 2035 2036
f 2037 2036 2038
f 2037 2038 2039
f 2039 2038 2040
f 2039 2040 2041
f 2041 2040 2042
f 2041 2042 2043
f 2043 2042 2044
f 2044 2042 2045
f 2045 2042 2046
f 2046 2042 2047
f 2047 2042 2048
f 2048 2042 2049
f 2049 2042 2050
f 2050 2042 2051
f 2051 2042 1819
f 2051 1819 2052
f 2052 1819 2053
f 2053 1819 2054
f 2054 1819 2055
f 2055 1819 2056
f 2056 1819 2057
f 2057 1819 2058
f 2058 1819 2059
f 2059 1819 2060
f 2060 1819 2061
f 2061 1819 1818
f 2061 1818 2062
f 2062 1818 1824
f 1476 2063 1474
f 1474 2063 2064
f 1474 2064 2065
f 2065 2066 1474
f 1474 2066 2067
f 1474 2067 2068
f 2068 2069 1474
f 1474 2069 2070
f 1474 2070 2071
f 2071 2072 1474
f 1474 2072 2073
f 1474 2073 2074
f 2074 2075 1474
f 1474 2075 2076
f 1474 2076 2077
f 2077 2078 1474
f 1474 2078 2079
f 1474 2079 2080
f 2080 2081 1474
f 1474 2081 2082
f 1474 2082 2083
f 2083 2084 1474
f 1474 2084 2085
f 1474 2085 2086
f 2086 2087 1474
f 1686 2088 1669
f 1669 2088 2089
f 1669 2089 2090
f 2090 2091 1669
f 1669 2091 1681
f 1682 2092 1680
f 1680 2092 2093
f 1680 2093 2094
f 2095 2096 2094
f 2094 2096 2581
f 2095 2097 2096
f 2096 2097 2098
f 2098 2097 2099
f 2098 2099 2100
f 2098 2100 1377
f 1377 2100 2101
f 1377 2101 2102
f 1377 2102 2103
f 1377 2103 2104
f 1377 2104 2105
f 1377 2105 2106
f 1377 2106 2107
f 1377 2107 2108
f 1377 2108 1378
f 1378 2108 2109
f 1378 2109 2110
f 1378 2110 2111
f 1378 2111 1379
f 1379 2111 2112
f 1379 2112 2113
f 1379 2113 2114
f 1379 2114 1380
f 1380 2114 1381
f 1381 2114 1382
f 1382 2114 1383
f 1383 2114 1384
f 1384 2114 1385
f 1385 2114 1386
f 1386 2114 1387
f 1387 2114 1388
f 1388 2114 1389
f 1389 2114 1390
f 1390 2114 1391
f 1391 2114 1392
f 1392 2114 1393
f 1393 2114 1394
f 1394 2114 1395
f 1395 2114 1396
f 1396 2114 2115
f 1396 2115 2116
f 2116 2117 1396
f 1396 2117 2118
f 1396 2118 2119
f 2119 2120 1396
f 1396 2120 2121
f 1396 2121 2122
f 2122 2123 1396
f 1396 2123 2124
f 1396 2124 2125
f 2125 2126 1396
f 1396 2126 2127
f 1396 2127 2128
f 2126 2129 2127
f 2127 2129 2130
f 2127 2130 2131
f 2132 1961 2129
f 2129 1961 2133
f 2129 2133 2134
f 2132 2135 1961
f 1961 2135 2136
f 1961 2136 2137
f 2137 2138 1961
f 1961 2138 2139
f 1961 2139 2140
f 2140 2141 1961
f 1961 2141 2142
f 1961 2142 2143
f 2143 2144 1961
f 1961 2144 2145
f 1961 2145 2146
f 2146 2147 1961
f 1961 2147 2148
f 1961 2148 2149
f 2149 2150 1961
f 1961 2150 2151
f 1961 2151 2152
f 2152 2153 1961
f 1961 2153 2154
f 1961 2154 2155
f 2155 2156 1961
f 1961 2156 2157
f 1961 2157 2158
f 2158 2159 1961
f 1961 2159 2160
f 1961 2160 2161
f 2161 2162 1961
f 1961 2162 2163
f 1961 2163 2164
f 2164 2165 1961
f 1961 2165 2166
f 1961 2166 2167
f 2167 2168 1961
f 1961 2168 2169
f 1961 2169 2170
f 2170 2171 1961
f 1961 2171 2172
f 1961 2172 2173
f 2173 2174 1961
f 1961 2174 2175
f 1961 2175 2176
f 2176 2177 1961
f 1960 2178 1926
f 1926 2178 2179
f 1926 2179 2180
f 2180 2181 1926
f 1926 2181 2182
f 1926 2182 2183
f 2183 2184 1926
f 1926 2184 2185
f 1926 2185 2186
f 2186 2187 1926
f 1926 2187 2188
f 1926 2188 2189
f 2189 2190 1926
f 1926 2190 2191
f 2191 2190 2192
f 2192 2190 2193
f 2193 2190 2194
f 2194 2190 2195
f 2195 2190 2196
f 2196 2190 2197
f 2197 2190 2198
f 2198 2190 2199
f 2199 2190 2200
f 2200 2190 2201
f 2201 2190 2202
f 2202 2190 2203
f 2203 2190 2204
f 2204 2190 2205
f 2205 2190 2206
f 2206 2190 2207
f 2207 2190 2208
f 2208 2190 2209
f 2209 2190 2210
f 2210 2190 2211
f 2210 2211 2212
f 2210 2212 2215
f 2215 2212 2213
f 2215 2213 2214
f 2215 2214 2216
f 2215 2216 2217
f 2215 2217 2222
f 2222 2217 2218
f 2222 2218 2219
f 2222 2219 2220
f 2222 2220 2221
f 2222 2221 2223
f 2222 2223 2224
f 2222 2224 2229
f 2229 2224 2225
f 2229 2225 2226
f 2229 2226 2227
f 2229 2227 2228
f 2229 2228 2230
f 2229 2230 2231
f 2231 2230 1772
f 2231 1772 2232
f 2232 1772 2233
f 2233 1772 2234
f 2234 1772 2235
f 2235 1772 2236
f 2236 1772 2237
f 2237 1772 2238
f 2238 1772 2239
f 2239 1772 2240
f 2240 1772 2241
f 2241 1772 2242
f 2242 1772 2243
f 2243 1772 2244
f 2244 1772 2245
f 2245 1772 2246
f 2246 1772 2247
f 2247 1772 2248
f 2248 1772 1774
f 2249 2250 1598
f 1598 2250 2251
f 1598 2251 2252
f 2252 2253 1598
f 1598 2253 2254
f 1598 2254 2255
f 2255 2256 1598
f 1598 2256 2257
f 1598 2257 2258
f 2258 2259 1598
f 1598 2259 2260
f 1598 2260 2261
f 2261 2262 1598
f 1598 2262 2263
f 1598 2263 2264
f 2264 2265 1598
f 1598 2265 2266
f 1598 2266 2267
f 2267 2268 1598
f 1598 2268 2269
f 1598 2269 2270
f 2270 2271 1598
f 1598 2271 2272
f 1598 2272 2273
f 2273 2274 1598
f 1598 2274 1872
f 1598 1872 2275
f 2274 2276 1872
f 1872 2276 2277
f 1872 2277 2278
f 2278 2279 1872
f 1872 2279 2280
f 1872 2280 2281
f 2281 2282 1872
f 1872 2282 1869
f 2283 2284 1869
f 1869 2284 2285
f 2286 2289 2283
f 2283 2289 2287
f 2283 2287 2288
f 2289 2286 2290
f 2289 2290 2291
f 2291 2290 2292
f 2291 2292 2293
f 2293 2292 2294
f 2293 2294 2296
f 2296 2294 2295
f 2296 2295 2297
f 2296 2297 2298
f 2298 2297 2299
f 2298 2299 2301
f 2301 2299 2300
f 2301 2300 2302
f 2301 2302 2303
f 2303 2302 2304
f 2303 2304 2307
f 2307 2304 2305
f 2307 2305 2306
f 2307 2306 2308
f 2307 2308 2309
f 2309 2308 2310
f 2309 2310 2311
f 2311 2310 2312
f 2311 2312 2314
f 2314 2312 2313
f 2314 2313 2315
f 2314 2315 2316
f 2316 2315 2317
f 2316 2317 2318
f 2316 2318 2319
f 2319 2318 2320
f 2319 2320 2322
f 2322 2320 2321
f 2322 2321 2323
f 2322 2323 2324
f 2324 2323 2325
f 2324 2325 2326
f 2324 2326 2327
f 2327 2326 2328
f 2327 2328 2330
f 2330 2328 2329
f 2330 2329 2331
f 2330 2331 2332
f 2332 2331 2333
f 2332 2333 2334
f 2332 2334 2336
f 2336 2334 2335
f 2336 2335 2337
f 2336 2337 2338
f 2338 2337 2339
f 2338 2339 2341
f 2341 2339 2340
f 2341 2340 2342
f 2341 2342 2343
f 2343 2342 2344
f 2343 2344 2345
f 2343 2345 2347
f 2347 2345 2346
f 2347 2346 2348
f 2347 2348 2349
f 2349 2348 2350
f 2349 2350 2351
f 2351 2350 2352
f 2351 2352 2354
f 2354 2352 2353
f 2354 2353 2355
f 2354 2355 2356
f 2356 2355 2357
f 2356 2357 2358
f 2358 2357 2359
f 2358 2359 2361
f 2361 2359 2360
f 2361 2360 2362
f 2361 2362 2363
f 2363 2362 2364
f 2364 2362 2365
f 2365 2362 2366
f 2366 2362 2367
f 2367 2362 2368
f 2368 2362 2369
f 2369 2362 2370
f 2370 2362 2371
f 2371 2362 2127
f 2371 2127 2372
f 2372 2127 2373
f 2373 2127 2374
f 2374 2127 2375
f 2375 2127 2376
f 2376 2127 2377
f 2377 2127 2378
f 2378 2127 2131
f 2128 2379 1396
f 1396 2379 2380
f 1396 2380 2381
f 2381 2382 1396
f 1396 2382 2383
f 1396 2383 2384
f 2384 2385 1396
f 1396 2385 1657
f 1396 1657 1397
f 1397 1657 1398
f 1398 1657 1399
f 1399 1657 1400
f 1400 1657 1401
f 1401 1657 1402
f 1402 1657 1403
f 1403 1657 1404
f 1404 1657 1405
f 1405 1657 1406
f 1406 1657 1407
f 1407 1657 1408
f 1408 1657 1409
f 1409 1657 1410
f 2386 2387 2385
f 2385 2387 2388
f 2385 2388 2389
f 2389 2390 2385
f 2385 2390 2391
f 2385 2391 2392
f 2392 2393 2385
f 2385 2393 2394
f 2385 2394 2395
f 2395 2396 2385
f 2385 2396 2397
f 2385 2397 2398
f 2398 2399 2385
f 2385 2399 2400
f 2385 2400 2401
f 2401 2402 2385
f 2385 2402 2403
f 2385 2403 2404
f 2404 2405 2385
f 2385 2405 2406
f 2385 2406 2407
f 2407 2408 2385
f 2385 2408 2409
f 2385 2409 2410
f 2410 1657 2385
f 2288 2411 2283
f 2283 2411 2412
f 2412 2413 2283
f 2283 2413 2414
f 2283 2414 2415
f 2283 2415 2416
f 2283 2416 2417
f 2417 2284 2283
f 2285 2418 1869
f 1869 2418 2419
f 2419 2420 1869
f 1869 2420 2421
f 1869 2421 2422
f 2422 2423 1869
f 1869 2423 2424
f 1869 2424 1870
f 1871 2425 1822
f 1822 2425 2426
f 1822 2426 1823
f 1964 2427 2428
f 1964 2428 2429
f 1964 2429 2430
f 1964 2430 2431
f 1964 2431 2432
f 1964 2432 2433
f 2433 1965 1964
f 1966 2434 1959
f 1959 2434 2435
f 2435 2436 1959
f 1959 2436 2437
f 1959 2437 2438
f 2438 2439 1959
f 1959 2439 2440
f 1959 2440 1962
f 1963 2441 1961
f 1961 2441 2442
f 1961 2442 2133
f 2134 2443 2129
f 2129 2443 2130
f 1598 2275 2444
f 1598 2444 2445
f 1598 2445 2446
f 1598 2446 2447
f 2447 2448 1598
f 1598 2448 2449
f 2449 2450 1598
f 1598 2450 2451
f 1598 2451 2452
f 2452 2453 1598
f 1598 2453 2454
f 1598 2454 2455
f 1598 2455 1595
f 1596 1592 1591
f 1589 1593 1590
f 1586 1590 1587
f 1588 2456 1584
f 1584 2456 2457
f 1582 1585 1583
f 1583 2458 3350
f 2458 1581 3350
f 1581 2459 1578
f 1578 2459 1579
f 1517 1580 2460
f 2460 2461 1517
f 1517 2461 2462
f 1517 2462 2463
f 1517 2463 2464
f 1517 2464 1532
f 1537 2465 1536
f 1536 2465 2466
f 1536 2466 2467
f 2467 2468 1536
f 2468 2469 1536
f 1536 2469 2470
f 1536 2470 2471
f 2471 2472 1536
f 1536 2472 2473
f 1536 2473 2474
f 1536 2474 2475
f 1536 2475 2476
f 1536 2476 2477
f 2477 2478 1536
f 1536 2478 2479
f 1536 2479 2480
f 1490 2481 2482
f 1490 2482 1491
f 1488 1492 2483
f 1488 2483 2484
f 1488 2484 2485
f 1486 1489 2486
f 1486 2486 2487
f 1486 2487 2488
f 2488 2489 1486
f 2489 2490 1486
f 1486 2490 2491
f 1473 2492 2493
f 1473 2493 2494
f 1473 2494 2495
f 1473 2495 2496
f 1473 2496 2497
f 1473 2497 1806
f 1805 1808 2498
f 2498 2499 1805
f 1805 2499 2500
f 2500 2501 1805
f 1805 2501 2502
f 1805 2502 2503
f 2503 2504 1805
f 1805 2504 2505
f 1805 2505 2506
f 1805 2506 2507
f 1805 2507 2508
f 1805 2508 2509
f 2509 2510 1805
f 1805 2510 2511
f 1805 2511 2512
f 2512 2513 1805
f 1785 2514 1781
f 1781 2514 2515
f 2515 2516 1781
f 1781 2516 2517
f 1781 2517 2518
f 2518 2519 1781
f 1781 2519 2520
f 2520 2521 1781
f 1781 2521 2522
f 2522 2523 1781
f 1781 2523 2524
f 1781 2524 2525
f 2525 2526 1781
f 1781 2526 2527
f 2527 2528 1781
f 1781 2528 2529
f 1781 2529 2530
f 2530 1782 1781
f 1497 1783 2531
f 2531 2532 1497
f 1498 2533 1495
f 2533 2534 1495
f 1495 2534 2535
f 2535 2536 1495
f 1495 2536 2537
f 1495 2537 2538
f 2538 2539 1495
f 1495 2539 2540
f 1493 1496 2541
f 2541 2542 1493
f 1493 2542 2543
f 2543 1494 1493
f 1490 1494 2544
f 1490 2544 2481
f 1416 2545 2546
f 2546 2547 1416
f 1416 2547 2548
f 1416 2548 2549
f 2549 2550 1416
f 1416 2550 2551
f 1416 2551 2552
f 1416 2552 2553
f 1416 2553 2554
f 1416 2554 2555
f 2555 2556 1416
f 1754 1775 2557
f 1754 2557 2558
f 1754 2558 2559
f 1754 2559 2560
f 1754 2560 2561
f 1754 2561 2562
f 1754 2562 2563
f 1754 2563 2564
f 2564 2565 1754
f 1754 2565 2566
f 1754 2566 1768
f 1927 2567 1415
f 1415 2567 2568
f 1415 2568 2569
f 1415 2569 2570
f 1415 2570 2571
f 1415 2571 2572
f 2572 2573 1415
f 1415 2573 2574
f 2574 2575 1415
f 1415 2575 2576
f 2576 2577 1415
f 1415 2577 2578
f 2578 1417 1415
f 1416 1417 2579
f 2579 2580 1416
f 1416 2580 2545
f 2094 2581 2582
f 2094 2582 2583
f 2094 2583 2584
f 2584 2585 2094
f 2585 2586 2094
f 2094 2586 2587
f 2094 2587 2588
f 2588 2589 2094
f 2589 2590 2094
f 2094 2590 2591
f 2591 2592 2094
f 2592 2593 2094
f 2094 2593 2594
f 2594 2595 2094
f 2094 2595 2596
f 2596 2597 2094
f 2094 2597 2598
f 2598 2599 2094
f 2094 2599 1680
f 1473 1806 1475
f 1445 1443 5534
f 5534 1443 5535
f 5535 1443 1441
f 5535 1441 5554
f 5554 1441 1440
f 5554 1440 2600
f 2600 1440 1438
f 2600 1438 2601
f 2601 1438 1436
f 2601 1436 2602
f 2602 1436 1434
f 2602 1434 5512
f 5512 1434 1432
f 5512 1432 5513
f 5513 1432 1430
f 5513 1430 5514
f 5514 1430 1429
f 5514 1429 5515
f 5515 1429 1427
f 5515 1427 5516
f 5516 1427 1425
f 5516 1425 5517
f 5517 1425 1423
f 5517 1423 2603
f 2603 1423 1421
f 2603 1421 2604
f 2604 1421 2605
f 2605 1421 1419
f 2605 1419 1414
f 2605 1414 2606
f 2606 1414 1416
f 2606 1416 2607
f 2608 1628 2609
f 2609 1628 1626
f 2609 1626 2610
f 2610 1626 1624
f 2610 1624 2611
f 2611 1624 1622
f 2611 1622 2612
f 2612 1622 1620
f 2612 1620 2613
f 2613 1620 1618
f 2613 1618 2614
f 2614 1618 1616
f 2614 1616 2615
f 2615 1616 1614
f 2615 1614 2616
f 2616 1614 1612
f 2616 1612 2617
f 2617 1612 1610
f 2617 1610 2618
f 2618 1610 1609
f 2618 1609 2619
f 2619 1609 1607
f 2619 1607 2620
f 2620 1607 1605
f 2620 1605 3317
f 3317 1605 1603
f 3317 1603 2621
f 2621 1603 1601
f 2621 1601 2622
f 2622 1601 1599
f 2622 1599 2623
f 2623 1599 1597
f 2623 1597 2624
f 2624 1597 1594
f 2624 1594 2625
f 2625 1594 1591
f 2625 1591 2626
f 2626 1591 1589
f 2626 1589 2627
f 2627 1589 1586
f 2627 1586 3349
f 3349 1586 1584
f 3349 1584 2628
f 2628 1584 1582
f 2628 1582 3347
f 3347 1582 3350
f 3346 3350 1578
f 3346 1578 2629
f 2629 1578 1517
f 2629 1517 3319
f 3319 1517 1516
f 3319 1516 2630
f 2630 1516 2631
f 2631 1516 1538
f 2631 1538 3411
f 3411 1538 1540
f 3411 1540 3372
f 3372 1540 1542
f 3372 1542 2632
f 2632 1542 1544
f 2632 1544 2633
f 2633 1544 1546
f 2633 1546 3373
f 3373 1546 1548
f 3373 1548 3374
f 3374 1548 1550
f 3374 1550 3375
f 3375 1550 1552
f 3375 1552 3376
f 3376 1552 1554
f 3376 1554 3377
f 3377 1554 1556
f 3377 1556 3378
f 3378 1556 1558
f 3378 1558 3379
f 3379 1558 1560
f 3379 1560 3380
f 3380 1560 1562
f 3380 1562 2634
f 2634 1562 1564
f 2634 1564 2635
f 2635 1564 1566
f 2635 1566 3381
f 3381 1566 1568
f 3381 1568 3382
f 3382 1568 1570
f 3382 1570 3383
f 3383 1570 1572
f 3383 1572 3384
f 3384 1572 1574
f 3384 1574 2636
f 2636 1574 1576
f 2636 1576 2637
f 2637 1576 1577
f 2637 1577 3385
f 3385 1577 1575
f 3385 1575 3386
f 3386 1575 1573
f 3386 1573 3387
f 3387 1573 1571
f 3387 1571 3388
f 3388 1571 1569
f 3388 1569 3389
f 3389 1569 1567
f 3389 1567 3390
f 3390 1567 1565
f 3390 1565 2638
f 2638 1565 1563
f 2638 1563 2639
f 2639 1563 1561
f 2639 1561 2640
f 2640 1561 1559
f 2640 1559 2641
f 2641 1559 1557
f 2641 1557 2642
f 2642 1557 1555
f 2642 1555 2643
f 2643 1555 1553
f 2643 1553 2644
f 2644 1553 1551
f 2644 1551 2645
f 2645 1551 1549
f 2645 1549 2646
f 2646 1549 1547
f 2646 1547 2647
f 2647 1547 1545
f 2647 1545 2648
f 2648 1545 1543
f 2648 1543 2649
f 2649 1543 1541
f 2649 1541 2650
f 2650 1541 1539
f 2650 1539 3392
f 3392 1539 1515
f 3392 1515 5478
f 5478 1515 5501
f 5501 1515 1511
f 5501 1511 2651
f 2651 1511 1507
f 2651 1507 5502
f 5502 1507 2652
f 2652 1507 1503
f 2652 1503 2653
f 2653 1503 1499
f 2653 1499 5472
f 5472 1499 1497
f 5472 1497 5504
f 5504 1497 2654
f 2654 1497 1495
f 2654 1495 2655
f 2655 1495 1493
f 2655 1493 2656
f 2656 1493 1490
f 2656 1490 2657
f 2657 1490 1488
f 2657 1488 2658
f 2658 1488 1486
f 2658 1486 2659
f 2659 1486 1473
f 2659 1473 2660
f 2660 1473 1471
f 2660 1471 2661
f 2661 1471 1469
f 2661 1469 2662
f 2662 1469 1468
f 2662 1468 2663
f 2663 1468 1466
f 2663 1466 2664
f 2664 1466 1464
f 2664 1464 2665
f 2665 1464 1462
f 2665 1462 5542
f 5542 1462 1460
f 5542 1460 5567
f 5567 1460 1458
f 5567 1458 2666
f 2666 1458 1456
f 2666 1456 2667
f 2667 1456 1454
f 2667 1454 5536
f 5536 1454 1452
f 5536 1452 2668
f 2668 1452 1451
f 2668 1451 2669
f 2669 1451 1449
f 2669 1449 2670
f 2670 1449 1447
f 2670 1447 2671
f 2671 1447 1445
f 2671 1445 5534
f 1658 1656 2672
f 2672 1656 2673
f 2673 1656 1654
f 2673 1654 2674
f 2674 1654 1652
f 2674 1652 2675
f 2675 1652 1650
f 2675 1650 3088
f 3088 1650 1648
f 3088 1648 3177
f 3177 1648 1646
f 3177 1646 3176
f 3176 1646 1644
f 3176 1644 2676
f 2676 1644 1643
f 2676 1643 3089
f 3089 1643 1641
f 3089 1641 2677
f 2677 1641 1639
f 2677 1639 3175
f 3175 1639 1637
f 3175 1637 3174
f 3174 1637 1635
f 3174 1635 2678
f 2678 1635 1633
f 2678 1633 2679
f 2679 1633 1631
f 2679 1631 3091
f 3091 1631 1629
f 3091 1629 2680
f 2680 1629 2608
f 2608 1629 1628
f 2672 2681 1658
f 1658 2681 1669
f 2681 2682 1669
f 1669 2682 1683
f 1683 2682 2683
f 1683 2683 1687
f 1687 2683 2684
f 1687 2684 1688
f 1688 2684 2685
f 1688 2685 1689
f 1689 2685 3021
f 1689 3021 1690
f 1690 3021 3022
f 1690 3022 1692
f 1692 3022 1693
f 1693 3022 3034
f 1693 3034 1694
f 1694 3034 1695
f 1695 3034 2686
f 1695 2686 1696
f 1696 2686 3039
f 1696 3039 1698
f 1698 3039 1699
f 1699 3039 2815
f 1699 2815 1700
f 1700 2815 2687
f 1700 2687 1701
f 1701 2687 2688
f 1701 2688 1702
f 1702 2688 2689
f 1702 2689 1704
f 1704 2689 2690
f 1704 2690 1705
f 1705 2690 2691
f 1705 2691 1706
f 1706 2691 2814
f 1706 2814 1707
f 1707 2814 3010
f 1707 3010 1709
f 1709 3010 2980
f 1709 2980 1710
f 1710 2980 2988
f 1710 2988 1711
f 1711 2988 1712
f 1712 2988 2692
f 1712 2692 1714
f 1714 2692 3026
f 1714 3026 1715
f 1715 3026 3027
f 1715 3027 1716
f 1716 3027 3023
f 1716 3023 1717
f 1717 3023 3024
f 1717 3024 1719
f 1719 3024 1720
f 1720 3024 2693
f 1720 2693 1721
f 1721 2693 3028
f 1721 3028 1722
f 1722 3028 2694
f 1722 2694 1724
f 1724 2694 2695
f 1724 2695 1725
f 1725 2695 2696
f 1725 2696 1726
f 1726 2696 2697
f 1726 2697 1727
f 1727 2697 2698
f 1727 2698 1728
f 1728 2698 2699
f 1728 2699 1729
f 1729 2699 2700
f 1729 2700 1730
f 1730 2700 3000
f 1730 3000 1731
f 1731 3000 2701
f 1731 2701 1732
f 1732 2701 1733
f 1733 2701 2702
f 1733 2702 1734
f 1734 2702 3030
f 1734 3030 1735
f 1735 3030 2703
f 1735 2703 1736
f 1736 2703 3005
f 1736 3005 1737
f 1737 3005 1738
f 1738 3005 3031
f 1738 3031 1739
f 1739 3031 3032
f 1739 3032 1740
f 1740 3032 2704
f 1740 2704 1741
f 1741 2704 1742
f 1742 2704 2705
f 1742 2705 1743
f 1743 2705 2706
f 1743 2706 1744
f 1744 2706 2707
f 1744 2707 1745
f 1745 2707 2708
f 1745 2708 1746
f 1746 2708 2709
f 1746 2709 1747
f 1747 2709 3019
f 1747 3019 1748
f 1748 3019 3036
f 1748 3036 1749
f 1749 3036 2710
f 1749 2710 1750
f 1750 2710 1751
f 1751 2710 2711
f 1751 2711 1752
f 1752 2711 2712
f 1752 2712 1753
f 1753 2712 2713
f 1753 2713 1754
f 2713 2607 1754
f 1754 2607 1416
f 2713 2714 2607
f 2607 2714 2715
f 2715 2714 2716
f 2715 2716 2717
f 2717 2716 2718
f 2717 2718 2719
f 2719 2718 2720
f 2719 2720 2721
f 2721 2720 2722
f 2721 2722 2723
f 2723 2722 2724
f 2723 2724 2725
f 2725 2724 2726
f 2725 2726 2727
f 2727 2726 2728
f 2727 2728 2729
f 2729 2728 2730
f 2729 2730 2731
f 2731 2730 2732
f 2731 2732 2733
f 2733 2732 2734
f 2733 2734 2735
f 2735 2734 2736
f 2735 2736 2737
f 2737 2736 2738
f 2737 2738 2739
f 2739 2738 2740
f 2739 2740 2741
f 2741 2740 2742
f 2741 2742 2743
f 2743 2742 2744
f 2743 2744 2745
f 2745 2744 2746
f 2745 2746 2747
f 2747 2746 2748
f 2747 2748 2749
f 2749 2748 2750
f 2750 2748 2751
f 2750 2751 2752
f 2752 2751 2753
f 2752 2753 2754
f 2752 2754 2755
f 2755 2754 2756
f 2755 2756 2757
f 2757 2756 2758
f 2757 2758 2759
f 2759 2758 2760
f 2759 2760 2761
f 2761 2760 2762
f 2761 2762 2763
f 2763 2762 2764
f 2763 2764 5525
f 5525 2764 2765
f 2765 2764 2766
f 2765 2766 2767
f 2767 2766 2768
f 2767 2768 2769
f 2769 2768 911
f 2769 911 912
f 2682 2681 2770
f 2776 2770 2771
f 2776 2771 2772
f 2776 2772 2773
f 2776 2773 2774
f 2776 2774 2775
f 2776 2775 2994
f 2994 2775 2777
f 2994 2777 2778
f 2994 2778 2779
f 2994 2779 2780
f 2994 2780 2781
f 2994 2781 2782
f 2994 2782 2786
f 2786 2782 2783
f 2786 2783 2784
f 2786 2784 2785
f 2786 2785 2787
f 2786 2787 2793
f 2793 2787 2788
f 2793 2788 2789
f 2793 2789 2790
f 2793 2790 2791
f 2793 2791 2792
f 2793 2792 2794
f 2793 2794 2831
f 2831 2794 2795
f 2831 2795 2796
f 2801 2796 2797
f 2801 2797 2798
f 2801 2798 2799
f 2801 2799 2800
f 2801 2800 1017
f 2801 1017 2802
f 2804 979 2816
f 2816 979 2823
f 2823 979 2834
f 2834 979 2805
f 2805 979 972
f 2805 972 2825
f 2825 972 2817
f 2817 972 2806
f 2806 972 963
f 2806 963 2807
f 2807 963 2826
f 2826 963 952
f 2826 952 2818
f 2818 952 944
f 2808 944 2819
f 2808 2819 2835
f 2819 911 2768
f 2819 2768 2766
f 2819 2766 2827
f 2827 2766 2764
f 2827 2764 2762
f 2827 2762 2760
f 2827 2760 2860
f 2860 2760 2758
f 2860 2758 2756
f 2860 2756 2754
f 2860 2754 2753
f 2860 2753 2809
f 2809 2753 2751
f 2809 2751 2748
f 2809 2748 2746
f 2809 2746 2744
f 2809 2744 2810
f 2810 2744 2742
f 2810 2742 2740
f 2810 2740 2738
f 2810 2738 2736
f 2810 2736 2811
f 2811 2736 2734
f 2811 2734 2732
f 2811 2732 2812
f 2812 2732 2730
f 2812 2730 2728
f 2812 2728 2726
f 2812 2726 2724
f 2812 2724 2722
f 2812 2722 2720
f 2812 2720 2813
f 2813 2720 2718
f 2813 2718 2716
f 2813 2716 2714
f 2813 2714 2713
f 2813 2713 2712
f 2813 2712 2711
f 3030 2702 3029
f 3029 2702 2701
f 3029 2701 3000
f 2803 2804 2820
f 2820 2804 2816
f 2821 2802 1001
f 2821 1001 2828
f 2828 1001 2822
f 2822 1001 2803
f 2822 2803 2820
f 2824 2834 2805
f 2829 2824 2805
f 2841 2826 2818
f 2841 2818 2846
f 2846 2818 2842
f 2842 2818 944
f 2842 944 2808
f 2835 2819 2827
f 2821 2801 2802
f 2837 2816 2823
f 2829 2805 2825
f 2839 2806 2807
f 2839 2807 2840
f 2840 2807 2826
f 2848 2808 2835
f 2832 2801 2821
f 2833 2822 2820
f 2862 2829 2825
f 2830 2825 2817
f 2845 2840 2826
f 2847 2842 2808
f 2847 2808 2848
f 2854 2821 2828
f 2833 2820 2816
f 2837 2836 2816
f 2851 2834 2824
f 2830 2862 2825
f 2838 2830 2817
f 2838 2817 2806
f 2838 2806 2839
f 2844 2839 2840
f 2845 2826 2841
f 2864 2848 2835
f 2831 2801 2832
f 2836 2833 2816
f 2843 2837 2823
f 2843 2823 2834
f 2856 2824 2829
f 2853 2832 2821
f 2853 2821 2854
f 2854 2828 2850
f 2850 2828 2822
f 2850 2822 2833
f 2851 2843 2834
f 2855 2851 2824
f 2855 2824 2856
f 2861 2829 2862
f 2867 2830 2838
f 2875 2838 2876
f 2876 2838 2839
f 2865 2864 2835
f 2865 2835 2827
f 2796 2801 2831
f 2869 2850 2833
f 2870 2837 2843
f 2857 2856 2829
f 2857 2829 2861
f 2875 2867 2838
f 2876 2839 2844
f 2860 2865 2827
f 2849 2831 2832
f 2844 2840 2852
f 2852 2840 2845
f 2852 2845 2863
f 2863 2845 2841
f 2863 2841 2878
f 2878 2841 2846
f 2858 2846 2842
f 2858 2842 2895
f 2895 2842 2847
f 2895 2847 2859
f 2859 2847 2848
f 2849 2832 2853
f 2884 2869 2833
f 2884 2833 2836
f 2866 2836 2872
f 2872 2836 2837
f 2872 2837 2870
f 2885 2855 2856
f 2878 2846 2858
f 2859 2848 2864
f 2890 2850 2869
f 2866 2884 2836
f 2874 2843 2851
f 2874 2851 2855
f 2885 2856 2857
f 2892 2862 2830
f 2892 2830 2867
f 2868 2859 2864
f 2793 2831 2849
f 2883 2854 2850
f 2883 2850 2890
f 2880 2857 2861
f 2892 2861 2862
f 2886 2876 2844
f 2886 2844 2877
f 2877 2844 2852
f 2868 2864 2865
f 2899 2883 2890
f 2901 2870 2843
f 2871 2855 2885
f 2887 2878 2858
f 2924 2868 2865
f 2888 2849 2853
f 2883 2853 2854
f 2896 2890 2869
f 2896 2869 2884
f 2873 2901 2843
f 2873 2843 2874
f 2879 2885 2857
f 2879 2857 2880
f 2882 2895 2859
f 2809 2865 2860
f 2889 2888 2853
f 2889 2853 2883
f 2908 2884 2866
f 2908 2866 2909
f 2909 2866 2872
f 2901 2872 2870
f 2891 2880 2861
f 2891 2861 2892
f 2881 2892 2867
f 2881 2867 2875
f 2911 2877 2852
f 2911 2852 2918
f 2918 2852 2863
f 2918 2863 2936
f 2936 2863 2894
f 2894 2863 2878
f 2894 2878 2887
f 2897 2858 2895
f 2882 2859 2868
f 2898 2793 2849
f 2900 2909 2872
f 2900 2872 2910
f 2910 2872 2901
f 2902 2881 2875
f 2902 2875 2903
f 2903 2875 2876
f 2903 2876 2886
f 2893 2886 2877
f 2912 2868 2924
f 2888 2898 2849
f 2920 2889 2883
f 2920 2883 2899
f 2874 2855 2871
f 2916 2871 2885
f 2916 2885 2879
f 2923 2903 2886
f 2893 2877 2911
f 2904 2887 2858
f 2904 2858 2897
f 2912 2882 2868
f 2896 2899 2890
f 2939 2880 2891
f 2928 2891 2892
f 2928 2892 2881
f 2922 2881 2902
f 2923 2886 2893
f 2905 2897 2895
f 2905 2895 2882
f 2919 2924 2865
f 2919 2865 2809
f 2907 2896 2884
f 2928 2881 2922
f 2912 2905 2882
f 2919 2809 2810
f 2786 2793 2906
f 2906 2793 2898
f 2906 2898 2930
f 2930 2898 2888
f 2926 2920 2899
f 2908 2907 2884
f 2914 2910 2901
f 2914 2901 2932
f 2932 2901 2873
f 2915 2873 2874
f 2917 2879 2880
f 2917 2880 2939
f 2940 2922 2902
f 2978 2936 2894
f 2978 2894 2941
f 2941 2894 2887
f 2944 2930 2888
f 2926 2899 2913
f 2913 2899 2896
f 2913 2896 2907
f 2927 2908 2909
f 2931 2900 2910
f 2931 2910 2914
f 2938 2932 2873
f 2938 2873 2915
f 2915 2874 2933
f 2933 2874 2871
f 2933 2871 2916
f 2951 2905 2912
f 2942 2924 2919
f 2944 2888 2889
f 2907 2908 2937
f 2937 2908 2927
f 2921 2933 2916
f 2921 2916 2917
f 2917 2916 2879
f 2947 2891 2928
f 2948 2940 2902
f 2948 2902 2955
f 2955 2902 2903
f 2955 2903 2923
f 2949 2923 2893
f 2949 2893 2935
f 2935 2893 2911
f 2941 2887 2929
f 2929 2887 2904
f 2951 2912 2958
f 2958 2912 2924
f 2942 2919 2810
f 2964 2944 2889
f 2964 2889 2925
f 2925 2889 2920
f 2925 2920 2926
f 2953 2927 2909
f 2953 2909 2900
f 2953 2900 2931
f 2950 2897 2905
f 2950 2905 2951
f 2966 2931 2914
f 2966 2914 2932
f 2947 2939 2891
f 2934 2947 2928
f 2934 2928 2922
f 2934 2922 2940
f 2956 2955 2923
f 2956 2923 2949
f 2962 2935 2911
f 2962 2911 2918
f 2963 2906 2943
f 2943 2906 2930
f 2943 2930 2944
f 2960 2925 2926
f 2972 2966 2932
f 2972 2932 2938
f 2973 2962 2918
f 2973 2918 2936
f 2973 2936 2978
f 2958 2924 2942
f 2994 2786 2963
f 2963 2786 2906
f 2952 2913 2907
f 2952 2907 2945
f 2945 2907 2937
f 2946 2917 2939
f 2946 2939 2992
f 2992 2939 2947
f 2977 2947 2934
f 2957 2929 2904
f 2957 2904 2897
f 2957 2897 2950
f 2811 2942 2810
f 2959 2943 2944
f 2959 2944 2964
f 2960 2926 2913
f 2976 2972 2938
f 2976 2938 2954
f 2954 2938 2915
f 2954 2915 2933
f 2992 2947 2977
f 2996 2978 2941
f 2996 2941 2929
f 2967 2950 2951
f 2967 2951 3004
f 3004 2951 2958
f 2998 2958 2942
f 2965 2960 2913
f 2961 2937 2927
f 2961 2927 2953
f 2981 2954 2933
f 2981 2933 2995
f 2995 2933 2921
f 2995 2921 2990
f 2990 2921 2917
f 2990 2917 2946
f 2984 2948 2955
f 2979 2957 2950
f 2979 2950 2967
f 2974 2998 2942
f 2974 2942 2811
f 2968 2943 2959
f 2985 2965 2913
f 2985 2913 2952
f 2961 2945 2937
f 2970 2961 2953
f 2970 2953 2971
f 2971 2953 2931
f 2982 2934 2940
f 2956 2984 2955
f 3001 2996 2929
f 3001 2929 2957
f 2812 2974 2811
f 2969 2968 2959
f 2969 2959 2964
f 2969 2964 2925
f 2971 2931 2966
f 2971 2966 2975
f 2975 2966 2972
f 2991 2946 2992
f 2982 2977 2934
f 2983 2982 2940
f 2983 2940 2948
f 2993 2956 2949
f 2993 2949 2935
f 3006 3004 2958
f 3006 2958 3007
f 3007 2958 2998
f 3008 2994 2963
f 3008 2963 2943
f 3008 2943 2968
f 2987 2971 2975
f 2980 2975 2972
f 2980 2972 2976
f 2984 2983 2948
f 3016 2925 2960
f 2988 2980 2976
f 2988 2976 2692
f 2692 2976 2954
f 2692 2954 2981
f 3018 2984 2956
f 3031 2973 2978
f 3031 2978 2996
f 2997 2979 2967
f 2997 2967 3004
f 2985 2952 2945
f 2986 2945 2961
f 2986 2961 2688
f 2688 2961 2970
f 2692 2981 2989
f 2989 2981 2995
f 3018 2956 3000
f 3000 2956 2993
f 3005 2962 2973
f 2706 3001 2957
f 2706 2957 2979
f 3014 3016 2960
f 3014 2960 2965
f 3038 2970 2971
f 3038 2971 2987
f 3024 2990 2946
f 2694 2991 2992
f 2694 2992 2977
f 2694 2977 2982
f 2703 2935 2962
f 2703 2962 3005
f 3005 2973 3031
f 3002 2706 2979
f 3002 2979 2997
f 3013 2969 3016
f 3016 2969 2925
f 2999 3014 2965
f 2999 2965 2985
f 3009 2688 2970
f 3009 2970 3038
f 3024 2946 2991
f 3011 2694 2982
f 3011 2982 2983
f 3015 3002 2997
f 3015 2997 3003
f 3003 2997 3004
f 3012 3007 2998
f 3012 2998 2974
f 3012 2974 2812
f 2776 2994 3008
f 3020 3008 2968
f 3020 2968 3013
f 3013 2968 2969
f 2999 2985 3037
f 3037 2985 2945
f 3037 2945 2986
f 3023 2995 2990
f 3023 2990 3024
f 2693 3024 2991
f 3025 3011 2983
f 3025 2983 3017
f 3017 2983 2984
f 3017 2984 3018
f 3019 3003 3004
f 3019 3004 3006
f 2814 2987 3010
f 3010 2987 2975
f 3010 2975 2980
f 3027 2989 2995
f 3027 2995 3023
f 3032 3031 2996
f 3032 2996 3033
f 3033 2996 3001
f 3036 3019 3006
f 3036 3006 3007
f 3033 3001 2705
f 2705 3001 2706
f 2683 2776 3008
f 2683 3008 2684
f 2684 3008 3020
f 3035 3014 2999
f 2815 3037 2986
f 3028 2693 2991
f 3028 2991 2694
f 2695 2694 3011
f 3029 3000 2993
f 3029 2993 2935
f 2813 3012 2812
f 3021 3020 3013
f 3021 3013 3022
f 3022 3013 3016
f 2687 2815 2986
f 2687 2986 2688
f 2691 3038 2987
f 2691 2987 2814
f 2696 2695 3011
f 2696 3011 2697
f 2697 3011 3025
f 3030 3029 2935
f 3030 2935 2703
f 3035 2999 3037
f 3026 2692 2989
f 2698 2697 3025
f 2698 3025 2699
f 2699 3025 3017
f 2699 3017 2700
f 2700 3017 3018
f 2700 3018 3000
f 2711 3012 2813
f 3022 3016 3034
f 3034 3016 3014
f 3034 3014 2686
f 2686 3014 3035
f 2689 2688 3009
f 2689 3009 3038
f 2707 2706 3002
f 2707 3002 2708
f 2708 3002 3015
f 2708 3015 3003
f 2710 3007 3012
f 2710 3012 2711
f 2685 2684 3020
f 2685 3020 3021
f 3039 2686 3035
f 3039 3035 3037
f 3026 2989 3027
f 2704 3032 3033
f 2709 2708 3003
f 2709 3003 3019
f 2710 3036 3007
f 2682 2770 2776
f 3039 3037 2815
f 2690 2689 3038
f 2690 3038 2691
f 2704 3033 2705
f 2683 2682 2776
f 2672 3040 2681
f 2681 3040 2770
f 2770 3040 3041
f 2770 3041 2771
f 2771 3041 3042
f 2771 3042 2772
f 2772 3042 3043
f 2772 3043 2773
f 2773 3043 3044
f 2773 3044 3045
f 2773 3045 2774
f 2774 3045 3046
f 2774 3046 2775
f 2775 3046 3047
f 2775 3047 2777
f 2777 3047 3048
f 2777 3048 2778
f 2778 3048 3049
f 2778 3049 2779
f 2779 3049 3050
f 2779 3050 2780
f 2780 3050 3051
f 2780 3051 2781
f 2781 3051 3052
f 2781 3052 2782
f 2782 3052 3053
f 2782 3053 2783
f 2783 3053 3054
f 2783 3054 2784
f 2784 3054 3055
f 2784 3055 2785
f 2785 3055 3056
f 2785 3056 2787
f 2787 3056 3057
f 2787 3057 2788
f 2788 3057 3058
f 2788 3058 2789
f 2789 3058 3059
f 2789 3059 2790
f 2790 3059 2791
f 2791 3059 3060
f 2791 3060 2792
f 2792 3060 3061
f 2792 3061 3062
f 2792 3062 2794
f 2794 3062 3063
f 2794 3063 2795
f 2795 3063 3064
f 2795 3064 2796
f 2796 3064 3065
f 2796 3065 2797
f 2797 3065 3066
f 2797 3066 2798
f 2798 3066 3067
f 2798 3067 2799
f 2799 3067 3068
f 2799 3068 2800
f 2800 3068 1017
f 1017 3068 1019
f 2680 2608 3070
f 3070 2608 3069
f 3070 3069 3071
f 3071 3069 3187
f 3071 3187 3074
f 3071 3074 3072
f 3072 3074 3073
f 3073 3074 3185
f 3073 3185 3075
f 3077 1043 1037
f 3077 1037 3096
f 3096 1037 3094
f 3094 1037 3078
f 3078 1037 3079
f 3093 3080 1019
f 3093 1019 3068
f 3093 3068 3067
f 3093 3067 3066
f 3093 3066 3081
f 3081 3066 3065
f 3081 3065 3064
f 3081 3064 3063
f 3081 3063 3062
f 3081 3062 3061
f 3081 3061 3060
f 3081 3060 3082
f 3082 3060 3059
f 3082 3059 3058
f 3082 3058 3057
f 3082 3057 3083
f 3083 3057 3056
f 3083 3056 3055
f 3083 3055 3054
f 3083 3054 3084
f 3084 3054 3053
f 3084 3053 3052
f 3084 3052 3051
f 3084 3051 3050
f 3084 3050 3085
f 3085 3050 3049
f 3085 3049 3048
f 3085 3048 3086
f 3086 3048 3047
f 3086 3047 3046
f 3086 3046 3045
f 3086 3045 3087
f 3087 3045 3044
f 3087 3044 3043
f 3087 3043 3042
f 3087 3042 3041
f 3087 3041 2673
f 2673 3041 3040
f 2673 3040 2672
f 3174 2678 3090
f 3090 2678 2679
f 3090 2679 3167
f 3167 2679 3091
f 3091 2680 3070
f 3092 3079 3080
f 3092 3080 3093
f 3095 3078 3079
f 3095 3079 3103
f 3103 3079 3092
f 3097 3094 3078
f 3097 3078 3095
f 3099 3103 3092
f 3181 3077 3096
f 3100 3096 3094
f 3101 3097 3095
f 3102 3095 3103
f 3104 3099 3092
f 3104 3092 3106
f 3106 3092 3093
f 3098 3181 3096
f 3098 3096 3100
f 3100 3094 3097
f 3081 3106 3093
f 3101 3100 3097
f 3102 3101 3095
f 3112 3098 3100
f 3182 3181 3111
f 3111 3181 3098
f 3111 3098 3108
f 3108 3098 3112
f 3112 3100 3101
f 3107 3101 3102
f 3109 3102 3103
f 3109 3103 3113
f 3113 3103 3099
f 3113 3099 3105
f 3105 3099 3104
f 3115 3112 3101
f 3115 3101 3107
f 3110 3104 3106
f 3110 3106 3081
f 3076 3182 3111
f 3109 3107 3102
f 3124 3076 3111
f 3124 3111 3108
f 3127 3108 3112
f 3127 3112 3118
f 3118 3112 3115
f 3119 3115 3107
f 3119 3107 3117
f 3117 3107 3109
f 3117 3109 3123
f 3123 3109 3113
f 3114 3105 3104
f 3114 3104 3110
f 3129 3124 3108
f 3129 3108 3127
f 3116 3114 3110
f 3116 3110 3082
f 3082 3110 3081
f 3075 3076 3124
f 3125 3118 3115
f 3125 3115 3119
f 3120 3123 3113
f 3120 3113 3105
f 3121 3119 3117
f 3121 3117 3122
f 3122 3117 3123
f 3132 3120 3105
f 3132 3105 3128
f 3128 3105 3114
f 3128 3114 3116
f 3126 3125 3119
f 3126 3119 3121
f 3083 3116 3082
f 3131 3122 3123
f 3131 3123 3136
f 3136 3123 3120
f 3136 3120 3132
f 3130 3128 3116
f 3130 3116 3083
f 3135 3075 3124
f 3135 3124 3129
f 3137 3127 3118
f 3137 3118 3125
f 3073 3075 3135
f 3139 3135 3129
f 3139 3129 3140
f 3140 3129 3127
f 3140 3127 3137
f 3133 3137 3125
f 3133 3125 3126
f 3084 3130 3083
f 3144 3136 3132
f 3144 3132 3128
f 3134 3126 3121
f 3134 3121 3122
f 3134 3122 3131
f 3148 3144 3128
f 3148 3128 3130
f 3138 3137 3133
f 3138 3133 3141
f 3141 3133 3126
f 3141 3126 3134
f 3145 3073 3135
f 3145 3135 3139
f 3147 3140 3137
f 3147 3137 3138
f 3142 3141 3134
f 3143 3131 3136
f 3143 3136 3144
f 3159 3148 3130
f 3159 3130 3084
f 3072 3073 3145
f 3156 3138 3141
f 3156 3141 3142
f 3151 3142 3134
f 3151 3134 3152
f 3152 3134 3131
f 3152 3131 3143
f 3085 3159 3084
f 3153 3072 3145
f 3153 3145 3146
f 3146 3145 3139
f 3146 3139 3140
f 3150 3146 3140
f 3150 3140 3147
f 3158 3152 3143
f 3158 3143 3149
f 3149 3143 3144
f 3149 3144 3148
f 3071 3072 3153
f 3086 3159 3085
f 3161 3153 3146
f 3161 3146 3150
f 3164 3156 3142
f 3164 3142 3151
f 3154 3150 3147
f 3154 3147 3155
f 3155 3147 3138
f 3155 3138 3156
f 3163 3164 3151
f 3163 3151 3157
f 3157 3151 3152
f 3157 3152 3158
f 3165 3161 3150
f 3165 3150 3154
f 3162 3155 3156
f 3162 3156 3164
f 3172 3157 3158
f 3172 3158 3149
f 3160 3071 3153
f 3160 3153 3161
f 3166 3163 3157
f 3166 3157 3172
f 3173 3172 3149
f 3173 3149 3168
f 3168 3149 3148
f 3168 3148 3169
f 3169 3148 3159
f 3169 3159 3086
f 3070 3071 3160
f 3167 3160 3161
f 3167 3161 3165
f 3170 3165 3154
f 3170 3154 3171
f 3171 3154 3155
f 3171 3155 3162
f 3087 3169 3086
f 3089 3162 3164
f 3089 3164 2676
f 2676 3164 3163
f 2676 3163 3166
f 3090 3167 3165
f 3090 3165 3170
f 2677 3171 3162
f 2677 3162 3089
f 3091 3070 3160
f 3091 3160 3167
f 3174 3090 3170
f 3174 3170 3175
f 3175 3170 3171
f 3175 3171 2677
f 3176 2676 3166
f 3176 3166 3177
f 3177 3166 3172
f 3177 3172 3088
f 3088 3172 3173
f 3088 3173 3168
f 2675 3088 3168
f 2675 3168 2674
f 2674 3168 3169
f 2674 3169 2673
f 2673 3169 3087
f 3199 3178 1063
f 3197 1063 3198
f 3198 1063 3179
f 3198 3179 3201
f 3179 1048 3202
f 3180 1048 1043
f 3207 3077 3181
f 3183 3182 3076
f 3183 3076 3075
f 3183 3075 3184
f 3184 3075 3185
f 3185 3074 3186
f 3186 3074 3187
f 3188 3187 3069
f 3188 3069 2609
f 2609 3069 2608
f 3189 2609 2610
f 3189 2610 3312
f 3312 2610 2611
f 3312 2611 3308
f 3308 2611 2612
f 3308 2612 3307
f 3307 2612 2613
f 3307 2613 3311
f 3311 2613 2614
f 3311 2614 3303
f 3303 2614 2615
f 3303 2615 3302
f 3302 2615 2616
f 3302 2616 3310
f 3310 2616 2617
f 3310 2617 3318
f 3318 2617 2618
f 3318 2618 2619
f 3309 2621 2622
f 3309 2622 3190
f 3190 2622 2623
f 3190 2623 3316
f 3316 2623 2624
f 3316 2624 3304
f 3304 2624 2625
f 3304 2625 2626
f 3348 3351 3191
f 3191 3351 3192
f 3193 3364 3194
f 3199 1063 3197
f 3203 3202 1048
f 3196 3326 3208
f 3208 3326 3178
f 3208 3178 3199
f 3204 3197 3198
f 3205 3198 3201
f 3202 3201 3179
f 3206 3203 1048
f 3206 1048 3180
f 3180 1043 3207
f 3207 1043 3077
f 3208 3199 3200
f 3200 3199 3197
f 3200 3197 3204
f 3205 3204 3198
f 3210 3202 3203
f 3209 3201 3202
f 3209 3202 3210
f 3210 3203 3214
f 3214 3203 3206
f 3211 3206 3180
f 3195 3196 3208
f 3217 3205 3201
f 3217 3201 3209
f 3214 3206 3211
f 3211 3180 3216
f 3216 3180 3207
f 3212 3195 3208
f 3212 3208 3213
f 3213 3208 3200
f 3213 3200 3215
f 3215 3200 3204
f 3223 3204 3205
f 3221 3216 3207
f 3221 3207 3182
f 3182 3207 3181
f 3215 3204 3223
f 3227 3223 3205
f 3227 3205 3228
f 3228 3205 3217
f 3220 3214 3211
f 3235 3209 3210
f 3194 3195 3212
f 3222 3213 3215
f 3230 3217 3209
f 3230 3209 3235
f 3218 3220 3211
f 3218 3211 3216
f 3229 3194 3212
f 3225 3222 3215
f 3225 3215 3223
f 3224 3235 3210
f 3224 3210 3219
f 3219 3210 3214
f 3219 3214 3220
f 3233 3218 3216
f 3233 3216 3221
f 3183 3221 3182
f 3238 3228 3217
f 3238 3217 3230
f 3236 3233 3221
f 3236 3221 3183
f 3229 3212 3213
f 3226 3225 3223
f 3226 3223 3227
f 3231 3224 3219
f 3232 3219 3220
f 3232 3220 3218
f 3234 3230 3235
f 3240 3194 3229
f 3244 3229 3213
f 3244 3213 3250
f 3250 3213 3222
f 3250 3222 3225
f 3237 3226 3227
f 3237 3227 3246
f 3246 3227 3228
f 3246 3228 3238
f 3234 3238 3230
f 3242 3234 3235
f 3242 3235 3243
f 3243 3235 3224
f 3243 3224 3231
f 3231 3219 3232
f 3255 3240 3229
f 3255 3229 3244
f 3258 3234 3242
f 3184 3236 3183
f 3193 3194 3240
f 3239 3232 3218
f 3239 3218 3233
f 3247 3246 3238
f 3247 3238 3234
f 3248 3243 3231
f 3252 3239 3233
f 3252 3233 3236
f 3241 3250 3225
f 3241 3225 3226
f 3251 3248 3231
f 3251 3231 3249
f 3249 3231 3232
f 3249 3232 3239
f 3254 3252 3236
f 3254 3236 3184
f 3261 3193 3240
f 3261 3240 3255
f 3245 3241 3226
f 3245 3226 3237
f 3257 3247 3234
f 3257 3234 3258
f 3260 3255 3244
f 3260 3244 3250
f 3253 3260 3250
f 3253 3250 3241
f 3270 3237 3246
f 3270 3246 3247
f 3256 3258 3242
f 3256 3242 3243
f 3185 3254 3184
f 3263 3256 3243
f 3263 3243 3259
f 3259 3243 3248
f 3259 3248 3251
f 3192 3193 3261
f 3262 3261 3255
f 3262 3255 3260
f 3273 3245 3237
f 3273 3237 3270
f 3271 3259 3251
f 3271 3251 3249
f 3268 3262 3260
f 3268 3260 3269
f 3269 3260 3253
f 3269 3253 3241
f 3274 3257 3258
f 3274 3258 3256
f 3275 3271 3249
f 3275 3249 3264
f 3264 3249 3239
f 3264 3239 3272
f 3272 3239 3252
f 3272 3252 3265
f 3265 3252 3254
f 3265 3254 3186
f 3186 3254 3185
f 3266 3269 3241
f 3266 3241 3282
f 3282 3241 3245
f 3282 3245 3273
f 3285 3270 3247
f 3285 3247 3286
f 3286 3247 3257
f 3286 3257 3274
f 3267 3192 3261
f 3267 3261 3262
f 3284 3273 3270
f 3284 3270 3285
f 3191 3192 3267
f 3276 3191 3267
f 3276 3267 3289
f 3289 3267 3262
f 3289 3262 3268
f 3290 3286 3274
f 3290 3274 3277
f 3277 3274 3256
f 3277 3256 3263
f 3291 3263 3259
f 3291 3259 3287
f 3287 3259 3271
f 3287 3271 3275
f 3288 3275 3264
f 3288 3264 3278
f 3278 3264 3272
f 3278 3272 3279
f 3279 3272 3265
f 3279 3265 3187
f 3187 3265 3186
f 3280 3289 3268
f 3280 3268 3281
f 3281 3268 3269
f 3281 3269 3266
f 3283 3281 3266
f 3283 3266 3300
f 3300 3266 3282
f 3300 3282 3301
f 3301 3282 3273
f 3301 3273 3284
f 3298 3277 3263
f 3298 3263 3291
f 3299 3287 3275
f 3299 3275 3288
f 3188 3279 3187
f 3306 3301 3284
f 3306 3284 3296
f 3296 3284 3285
f 3296 3285 3297
f 3297 3285 3286
f 3297 3286 3290
f 3293 3288 3278
f 3293 3278 3279
f 3348 3191 3276
f 3292 3299 3288
f 3292 3288 3293
f 3294 3348 3276
f 3294 3276 3295
f 3295 3276 3289
f 3295 3289 3280
f 3315 3297 3290
f 3315 3290 3277
f 3303 3298 3291
f 3303 3291 3287
f 3313 3306 3296
f 3313 3296 3297
f 3310 3315 3277
f 3310 3277 3298
f 3189 3293 3279
f 3189 3279 3188
f 3309 3283 3300
f 3309 3300 3305
f 3305 3300 3301
f 3305 3301 3306
f 3314 3313 3297
f 3314 3297 3315
f 3302 3310 3298
f 3302 3298 3303
f 3311 3303 3287
f 3311 3287 3307
f 3307 3287 3299
f 3307 3299 3308
f 3308 3299 3292
f 3308 3292 3293
f 3349 3348 3294
f 3304 3295 3280
f 3304 3280 3281
f 3312 3308 3293
f 3312 3293 3189
f 2627 3349 3294
f 2627 3294 2626
f 2626 3294 3295
f 2626 3295 3304
f 3316 3304 3281
f 3316 3281 3283
f 3317 3305 3306
f 3317 3306 3313
f 2609 3189 3188
f 3190 3316 3283
f 3190 3283 3309
f 2621 3309 3305
f 2621 3305 3317
f 2620 3317 3313
f 2620 3313 2619
f 2619 3313 3314
f 2619 3314 3318
f 3318 3314 3315
f 3318 3315 3310
f 3343 3342 3354
f 3343 3357 3351
f 3192 3357 3193
f 3193 3357 3355
f 3319 2630 3352
f 3320 3321 3322
f 3320 3352 3324
f 3320 3324 3321
f 3322 3321 3323
f 3322 3323 3360
f 3324 3325 3321
f 3321 3325 3323
f 3325 3358 3323
f 3358 3327 3359
f 3195 3341 3196
f 3327 3367 3329
f 3332 3330 3333
f 3335 3334 3329
f 3335 3336 3334
f 3337 3338 3336
f 3336 3335 3337
f 3332 3333 3339
f 3328 3341 3363
f 3363 3341 3195
f 3342 3343 3344
f 3356 3346 2629
f 3346 3342 3350
f 3351 3348 3345
f 3342 3344 3347
f 3342 3347 3350
f 3344 3345 3347
f 3345 2628 3347
f 3348 3349 3345
f 3345 3349 2628
f 3344 3343 3345
f 3345 3343 3351
f 2629 3319 3352
f 2629 3352 3356
f 3346 3356 3353
f 3346 3353 3342
f 3342 3353 3354
f 3343 3354 3357
f 3354 3355 3357
f 3356 3352 3320
f 3353 3360 3354
f 3354 3360 3355
f 3353 3322 3360
f 3356 3320 3322
f 3353 3356 3322
f 3351 3357 3192
f 3323 3358 3359
f 3360 3323 3359
f 3355 3360 3361
f 3355 3361 3362
f 3362 3361 3340
f 3193 3355 3362
f 3364 3362 3340
f 3363 3364 3340
f 3193 3362 3364
f 3363 3340 3328
f 3195 3364 3363
f 3194 3364 3195
f 3361 3360 3331
f 3361 3331 3340
f 3360 3339 3331
f 3359 3327 3330
f 3359 3330 3332
f 3359 3332 3360
f 3360 3332 3339
f 3327 3329 3330
f 3367 3335 3329
f 3365 3337 3335
f 3365 3335 3366
f 3366 3335 3367
f 3368 3367 3327
f 3368 3327 3358
f 3368 3358 3369
f 3369 3358 3325
f 3369 3325 3370
f 3370 3325 3324
f 3370 3324 3352
f 3370 3352 3371
f 3371 3352 2630
f 3371 2630 2631
f 3384 2636 3457
f 3457 2636 2637
f 3457 2637 3458
f 3458 2637 3385
f 3390 2638 3439
f 3439 2638 2639
f 3439 2639 3440
f 3440 2639 2640
f 3440 2640 3441
f 3441 2640 2641
f 3441 2641 3442
f 3442 2641 2642
f 3442 2642 3435
f 3435 2642 2643
f 3435 2643 3431
f 3431 2643 2644
f 3431 2644 3443
f 3443 2644 2645
f 3443 2645 3432
f 3432 2645 2646
f 3432 2646 3433
f 3433 2646 2647
f 3433 2647 3464
f 3464 2647 2648
f 3464 2648 3436
f 3436 2648 2649
f 3436 2649 3444
f 3444 2649 2650
f 3444 2650 3391
f 3391 2650 3392
f 3392 5478 3393
f 3393 5478 3394
f 3394 5478 5501
f 3394 5501 5494
f 3394 5494 3395
f 3395 5494 3396
f 3395 3396 5476
f 3398 5483 3399
f 3399 5483 3400
f 3399 3400 3401
f 3401 3402 3656
f 3402 3403 3655
f 3655 3403 3662
f 3662 3403 3404
f 3662 3404 3661
f 3661 3404 3405
f 3405 3404 3640
f 3640 3406 3648
f 3648 3406 3660
f 3660 3406 3659
f 3659 3406 3658
f 3658 3406 3657
f 3657 3406 3409
f 3657 3409 3407
f 3407 3409 3651
f 3651 3409 3408
f 3408 3409 3428
f 3428 3409 3410
f 2631 3411 3412
f 2631 3412 3371
f 3371 3412 3413
f 3371 3413 3370
f 3370 3413 3414
f 3370 3414 3369
f 3369 3414 3415
f 3369 3415 3368
f 3368 3415 3416
f 3368 3416 3367
f 3367 3416 3366
f 3365 3366 3417
f 3337 3365 3410
f 3411 3372 3412
f 3412 3372 3418
f 3412 3418 3413
f 3413 3418 3419
f 3413 3419 3414
f 3414 3419 3415
f 3415 3419 3420
f 3415 3420 3416
f 3416 3420 3421
f 3416 3421 3422
f 3416 3422 3366
f 3366 3422 3417
f 3365 3417 3428
f 3365 3428 3410
f 3372 2632 3418
f 3418 2632 3423
f 3418 3423 3419
f 3419 3423 3424
f 3419 3424 3420
f 3420 3424 3425
f 3420 3425 3426
f 3420 3426 3421
f 3421 3426 3427
f 3421 3427 3422
f 3422 3427 3609
f 3422 3609 3632
f 3422 3632 3417
f 3417 3632 3428
f 3429 3386 3387
f 3429 3387 3430
f 3430 3387 3388
f 3430 3388 3470
f 3470 3388 3389
f 3470 3389 3438
f 3438 3389 3390
f 3438 3390 3439
f 3393 3391 3392
f 3449 3376 3377
f 3449 3377 3467
f 3467 3377 3378
f 3467 3378 3379
f 3456 3379 3380
f 3456 3380 3434
f 3434 3380 2634
f 3434 2634 2635
f 3459 3458 3385
f 3459 3385 3437
f 3437 3385 3386
f 3437 3386 3429
f 3463 3443 3432
f 3463 3432 3433
f 3466 3373 3374
f 3466 3374 3375
f 3454 3464 3436
f 3454 3436 3444
f 3445 3441 3442
f 3445 3442 3453
f 3453 3442 3435
f 3453 3435 3446
f 3446 3435 3431
f 3446 3431 3447
f 3447 3431 3443
f 3447 3443 3463
f 3448 3454 3444
f 3448 3444 3465
f 3465 3444 3391
f 3465 3391 3393
f 3423 2632 2633
f 3471 2633 3373
f 3471 3373 3466
f 3461 3434 2635
f 3461 2635 3450
f 3450 2635 3381
f 3450 3381 3451
f 3451 3381 3382
f 3451 3382 3452
f 3452 3382 3383
f 3452 3383 3384
f 3478 3463 3433
f 3478 3433 3464
f 3455 3423 2633
f 3455 2633 3471
f 3472 3466 3375
f 3472 3375 3479
f 3479 3375 3376
f 3479 3376 3449
f 3469 3452 3384
f 3469 3384 3457
f 3460 3438 3439
f 3460 3439 3498
f 3498 3439 3440
f 3498 3440 3462
f 3462 3440 3441
f 3462 3441 3445
f 3394 3465 3393
f 3468 3456 3434
f 3468 3434 3461
f 3475 3469 3457
f 3475 3457 3458
f 3474 3468 3461
f 3474 3461 3450
f 3476 3475 3458
f 3476 3458 3473
f 3473 3458 3459
f 3473 3459 3437
f 3487 3437 3429
f 3487 3429 3430
f 3495 3474 3450
f 3495 3450 3517
f 3517 3450 3451
f 3517 3451 3452
f 3486 3473 3437
f 3486 3437 3487
f 3503 3470 3438
f 3503 3438 3460
f 3481 3447 3463
f 3481 3463 3478
f 3485 3478 3464
f 3485 3464 3499
f 3499 3464 3454
f 3499 3454 3448
f 3424 3423 3455
f 3489 3479 3449
f 3489 3449 3467
f 3528 3517 3452
f 3528 3452 3469
f 3497 3487 3430
f 3497 3430 3470
f 3480 3445 3453
f 3480 3453 3477
f 3477 3453 3446
f 3477 3446 3447
f 3514 3448 3465
f 3514 3465 3394
f 3509 3424 3455
f 3509 3455 3491
f 3491 3455 3471
f 3491 3471 3525
f 3525 3471 3466
f 3525 3466 3472
f 3493 3489 3467
f 3493 3467 3379
f 3518 3528 3469
f 3518 3469 3500
f 3500 3469 3475
f 3500 3475 3476
f 3502 3497 3470
f 3502 3470 3503
f 3484 3462 3445
f 3484 3445 3480
f 3508 3477 3447
f 3508 3447 3481
f 3482 3481 3478
f 3482 3478 3485
f 3513 3499 3448
f 3513 3448 3514
f 3530 3525 3472
f 3530 3472 3479
f 3515 3493 3379
f 3515 3379 3483
f 3483 3379 3456
f 3483 3456 3468
f 3529 3508 3481
f 3529 3481 3482
f 3488 3530 3479
f 3488 3479 3489
f 3510 3483 3468
f 3510 3468 3474
f 3496 3476 3473
f 3496 3473 3486
f 3504 3503 3460
f 3504 3460 3498
f 3395 3514 3394
f 3501 3500 3476
f 3501 3476 3496
f 3490 3486 3487
f 3490 3487 3497
f 3505 3498 3462
f 3505 3462 3484
f 3492 3488 3489
f 3492 3489 3493
f 3494 3510 3474
f 3494 3474 3495
f 3511 3496 3486
f 3511 3486 3490
f 3506 3505 3484
f 3506 3484 3507
f 3507 3484 3480
f 3507 3480 3477
f 3549 3530 3488
f 3549 3488 3492
f 3516 3494 3495
f 3516 3495 3517
f 3520 3511 3490
f 3520 3490 3521
f 3521 3490 3497
f 3521 3497 3502
f 3545 3504 3498
f 3545 3498 3505
f 3512 3507 3477
f 3512 3477 3508
f 3543 3501 3496
f 3543 3496 3511
f 3522 3521 3502
f 3522 3502 3523
f 3523 3502 3503
f 3523 3503 3504
f 3546 3545 3505
f 3546 3505 3506
f 3524 3512 3508
f 3524 3508 3529
f 3553 3482 3485
f 3553 3485 3533
f 3533 3485 3499
f 3533 3499 3513
f 3565 3549 3492
f 3565 3492 3542
f 3542 3492 3493
f 3542 3493 3515
f 3526 3515 3483
f 3526 3483 3527
f 3527 3483 3510
f 3527 3510 3494
f 3536 3518 3500
f 3536 3500 3519
f 3519 3500 3501
f 3519 3501 3543
f 3537 3543 3511
f 3537 3511 3520
f 3544 3523 3504
f 3544 3504 3545
f 3533 3513 3557
f 3557 3513 3514
f 3557 3514 3395
f 3425 3424 3548
f 3548 3424 3509
f 3548 3509 3491
f 3566 3542 3515
f 3566 3515 3526
f 3556 3527 3494
f 3556 3494 3534
f 3534 3494 3516
f 3534 3516 3531
f 3531 3516 3517
f 3531 3517 3528
f 3532 3537 3520
f 3532 3520 3551
f 3551 3520 3521
f 3551 3521 3522
f 3538 3546 3506
f 3538 3506 3539
f 3539 3506 3507
f 3539 3507 3540
f 3540 3507 3512
f 3540 3512 3524
f 3558 3548 3491
f 3558 3491 3541
f 3541 3491 3525
f 3541 3525 3530
f 3574 3540 3524
f 3574 3524 3552
f 3552 3524 3529
f 3552 3529 3547
f 3547 3529 3482
f 3547 3482 3553
f 3555 3541 3530
f 3555 3530 3549
f 3550 3526 3527
f 3550 3527 3556
f 3535 3531 3528
f 3535 3528 3560
f 3560 3528 3518
f 3560 3518 3536
f 3575 3553 3533
f 3575 3533 3554
f 3554 3533 3557
f 5476 3557 3395
f 3568 3560 3536
f 3568 3536 3519
f 3571 3551 3522
f 3571 3522 3523
f 3569 3568 3519
f 3569 3519 3570
f 3570 3519 3543
f 3570 3543 3561
f 3561 3543 3537
f 3561 3537 3532
f 3605 3571 3523
f 3605 3523 3572
f 3572 3523 3544
f 3572 3544 3545
f 3572 3545 3546
f 3426 3425 3563
f 3563 3425 3548
f 3563 3548 3558
f 3564 3558 3541
f 3564 3541 3555
f 3583 3555 3549
f 3583 3549 3565
f 3573 3572 3546
f 3573 3546 3538
f 3587 3564 3555
f 3587 3555 3583
f 3600 3566 3526
f 3600 3526 3550
f 3559 3556 3534
f 3559 3534 3567
f 3567 3534 3531
f 3567 3531 3535
f 3578 3573 3538
f 3578 3538 3539
f 3578 3539 3579
f 3579 3539 3540
f 3579 3540 3574
f 3580 3574 3552
f 3580 3552 3547
f 3562 3547 3553
f 3562 3553 3575
f 3397 3557 5476
f 3582 3563 3558
f 3582 3558 3564
f 3577 3535 3560
f 3577 3560 3568
f 3580 3547 3562
f 3586 3554 3557
f 3586 3557 3397
f 3581 3426 3563
f 3581 3563 3582
f 3588 3583 3565
f 3588 3565 3589
f 3589 3565 3542
f 3589 3542 3599
f 3599 3542 3566
f 3599 3566 3600
f 3576 3550 3556
f 3576 3556 3559
f 3595 3561 3532
f 3595 3532 3551
f 3594 3576 3559
f 3594 3559 3567
f 3601 3595 3551
f 3601 3551 3571
f 3590 3605 3572
f 3590 3572 3591
f 3591 3572 3573
f 3591 3573 3584
f 3584 3573 3578
f 3584 3578 3592
f 3592 3578 3596
f 3596 3578 3579
f 3596 3579 3585
f 3585 3579 3574
f 3585 3574 3580
f 3613 3567 3535
f 3613 3535 3577
f 3606 3577 3568
f 3606 3568 3569
f 3608 3601 3571
f 3608 3571 3605
f 3603 3580 3562
f 3603 3562 3575
f 3427 3426 3581
f 3593 3581 3582
f 3593 3582 3564
f 3607 3570 3561
f 3607 3561 3595
f 3597 3603 3575
f 3597 3575 3554
f 3598 3593 3564
f 3598 3564 3604
f 3604 3564 3587
f 3604 3587 3583
f 3604 3583 3588
f 3611 3600 3550
f 3611 3550 3576
f 3615 3607 3595
f 3615 3595 3601
f 3634 3590 3591
f 3602 3585 3580
f 3602 3580 3603
f 3597 3554 3586
f 3398 3586 3397
f 3623 3599 3600
f 3623 3600 3611
f 3620 3569 3570
f 3620 3570 3607
f 3614 3613 3577
f 3614 3577 3606
f 3620 3606 3569
f 3630 3608 3605
f 3630 3605 3621
f 3621 3605 3590
f 3621 3590 3634
f 3609 3427 3581
f 3609 3581 3593
f 3612 3611 3576
f 3612 3576 3594
f 3618 3594 3567
f 3618 3567 3613
f 3619 3614 3606
f 3619 3606 3620
f 3626 3634 3591
f 3626 3591 3627
f 3627 3591 3584
f 3627 3584 3592
f 3629 3609 3593
f 3629 3593 3598
f 3617 3598 3604
f 3610 3604 3588
f 3610 3588 3589
f 3637 3589 3599
f 3637 3599 3623
f 3627 3592 3641
f 3641 3592 3596
f 3641 3596 3585
f 3616 3602 3603
f 3616 3603 3622
f 3622 3603 3597
f 3617 3604 3610
f 3637 3610 3589
f 3618 3612 3594
f 3624 3618 3613
f 3624 3613 3614
f 3645 3620 3607
f 3645 3607 3633
f 3633 3607 3615
f 3633 3615 3625
f 3625 3615 3601
f 3625 3601 3608
f 3625 3608 3630
f 3635 3641 3585
f 3635 3585 3628
f 3628 3585 3602
f 3628 3602 3616
f 3631 3597 3586
f 3631 3586 3398
f 3629 3598 3617
f 3639 3624 3614
f 3639 3614 3619
f 3644 3619 3620
f 3631 3622 3597
f 3652 3637 3623
f 3638 3623 3611
f 3638 3611 3612
f 3644 3620 3645
f 3653 3634 3626
f 3653 3626 3647
f 3647 3626 3627
f 3647 3627 3641
f 3636 3628 3616
f 3636 3616 3642
f 3642 3616 3622
f 3399 3631 3398
f 3632 3609 3629
f 3642 3622 3631
f 3408 3632 3629
f 3643 3612 3618
f 3643 3618 3624
f 3643 3624 3639
f 3639 3619 3644
f 3640 3645 3633
f 3640 3633 3625
f 3640 3625 3646
f 3646 3625 3649
f 3649 3625 3630
f 3649 3630 3621
f 3656 3642 3631
f 3656 3631 3399
f 3408 3629 3651
f 3651 3629 3617
f 3651 3617 3407
f 3407 3617 3610
f 3407 3610 3637
f 3407 3637 3652
f 3652 3623 3638
f 3660 3643 3639
f 3649 3621 3653
f 3653 3621 3634
f 3428 3632 3408
f 3658 3652 3638
f 3658 3638 3612
f 3658 3612 3643
f 3648 3639 3644
f 3648 3644 3645
f 3661 3653 3647
f 3661 3647 3654
f 3654 3647 3641
f 3654 3641 3635
f 3654 3635 3650
f 3650 3635 3628
f 3650 3628 3636
f 3659 3658 3643
f 3660 3639 3648
f 3405 3646 3649
f 3655 3650 3636
f 3655 3636 3642
f 3657 3407 3652
f 3657 3652 3658
f 3659 3643 3660
f 3640 3648 3645
f 3405 3649 3653
f 3405 3653 3661
f 3662 3661 3654
f 3402 3655 3642
f 3402 3642 3656
f 3405 3640 3646
f 3662 3654 3650
f 3655 3662 3650
f 3401 3656 3399
f 3783 3663 3664
f 3664 3663 3665
f 3664 3665 3666
f 3664 3666 3667
f 3666 3668 3667
f 3667 3668 3669
f 3669 3668 3670
f 3669 3670 3409
f 3409 3670 3671
f 3409 3671 3672
f 3409 3672 3673
f 3409 3673 3410
f 3410 3673 3674
f 3410 3674 3675
f 3410 3675 3676
f 3410 3676 3677
f 3677 3678 3410
f 3410 3678 3679
f 3410 3679 3337
f 3337 3679 3680
f 3680 3681 3337
f 3681 3338 3337
f 3669 3409 3682
f 3682 3409 3683
f 3683 3409 3684
f 3684 3409 3685
f 3685 3409 3686
f 3686 3409 3687
f 3687 3409 3406
f 3687 3406 3688
f 3688 3406 3689
f 3689 3406 3690
f 3690 3406 3691
f 3691 3406 3692
f 3692 3406 3693
f 3693 3406 3694
f 3694 3406 3695
f 3695 3406 3696
f 3696 3406 3640
f 3696 3640 3697
f 3697 3640 3698
f 3698 3640 3699
f 3699 3640 3700
f 3700 3640 3701
f 3701 3640 3702
f 3702 3640 3703
f 3703 3640 3404
f 3703 3404 3704
f 3704 3404 3705
f 3705 3404 3706
f 3706 3404 3403
f 3706 3403 3707
f 3707 3403 3708
f 3708 3403 3709
f 3709 3403 3710
f 3710 3403 3711
f 3711 3403 3712
f 3712 3403 3713
f 3713 3403 3714
f 3714 3403 3715
f 3715 3403 3716
f 3716 3403 3402
f 3716 3402 3717
f 3717 3402 3718
f 3718 3402 3719
f 3719 3402 3720
f 3720 3402 3721
f 3721 3402 3401
f 3707 3708 3722
f 3722 3708 3723
f 3723 3725 3722
f 3722 3725 3724
f 3724 3725 3726
f 3724 3726 3727
f 3663 3783 3728
f 3663 3728 3665
f 3665 3728 3834
f 3665 3834 3666
f 3666 3834 3752
f 3666 3752 3668
f 3668 3752 3855
f 3668 3855 3670
f 3670 3855 3753
f 3670 3753 3671
f 3671 3753 3729
f 3671 3729 3672
f 3672 3729 3730
f 3672 3730 3673
f 3673 3730 3731
f 3673 3731 3674
f 3674 3731 3732
f 3674 3732 3675
f 3675 3732 3733
f 3675 3733 3676
f 3676 3733 3734
f 3676 3734 3677
f 3677 3734 3850
f 3677 3850 3678
f 3678 3850 3735
f 3678 3735 3679
f 3679 3735 3736
f 3679 3736 3680
f 3680 3736 3737
f 3680 3737 3681
f 3681 3737 3738
f 3681 3738 3338
f 3338 3738 3831
f 3338 3831 3336
f 3336 3831 3851
f 3336 3851 3334
f 3334 3851 3853
f 3334 3853 3329
f 3329 3853 3739
f 3329 3739 3330
f 3330 3739 3832
f 3330 3832 3333
f 3333 3832 3821
f 3333 3821 3339
f 3339 3821 3740
f 3339 3740 3331
f 3331 3740 3741
f 3331 3741 3340
f 3340 3741 3742
f 3340 3742 3328
f 3328 3742 3743
f 3328 3743 3341
f 3341 3743 3744
f 3341 3744 3196
f 3196 3744 3745
f 3196 3745 3326
f 3326 3745 3746
f 3326 3746 1073
f 1073 3746 3849
f 1073 3849 1072
f 1072 3849 3856
f 1072 3856 3747
f 1072 3747 1071
f 1071 3747 3748
f 1071 3748 1070
f 1070 3748 3749
f 3825 3834 3751
f 3730 3846 3731
f 3731 3754 3732
f 3737 3736 3857
f 3737 3857 3837
f 3737 3837 3738
f 3738 3837 3831
f 3741 3740 3845
f 3741 3845 3742
f 3746 3745 3835
f 3756 3790 3757
f 3757 3790 3758
f 3765 3800 3766
f 3766 3796 3767
f 3767 3796 3768
f 3775 3774 3797
f 3775 3797 3776
f 3756 3778 3794
f 3780 3782 3803
f 3779 3781 3780
f 3780 3781 3782
f 3728 3783 3751
f 3751 3783 3784
f 3751 3784 3825
f 3799 3771 3786
f 3792 3785 3770
f 3799 3789 3771
f 3792 3786 3785
f 3774 3773 3798
f 3798 3773 3772
f 3798 3772 3789
f 3790 3787 3758
f 3793 3790 3756
f 3796 3766 3800
f 3800 3765 3764
f 3795 3763 3788
f 3794 3793 3756
f 3764 3763 3795
f 3806 3761 3760
f 3799 3798 3789
f 3792 3799 3786
f 3792 3769 3768
f 3806 3762 3761
f 3759 3806 3760
f 3777 3776 3750
f 3750 3776 3797
f 3792 3768 3796
f 3798 3797 3774
f 3792 3770 3769
f 3791 3787 3802
f 3802 3787 3790
f 3794 3780 3803
f 3800 3764 3795
f 3809 3759 3791
f 3802 3790 3793
f 3795 3788 3762
f 3795 3762 3806
f 3809 3806 3759
f 3809 3791 3802
f 3793 3794 3803
f 3801 3797 3798
f 3792 3796 3805
f 3801 3750 3797
f 3804 3798 3799
f 3807 3799 3792
f 3805 3796 3813
f 3813 3796 3800
f 3812 3809 3802
f 4101 3793 3803
f 3808 3807 3792
f 3822 3808 3792
f 3822 3792 3805
f 3813 3800 3795
f 3811 3795 3806
f 3810 3802 3793
f 4101 3803 4097
f 3825 3750 3801
f 3804 3801 3798
f 3807 3804 3799
f 3810 3812 3802
f 3816 3809 3812
f 3816 3806 3809
f 3814 3810 3793
f 3822 3805 3815
f 3805 3813 3819
f 3811 3813 3795
f 3818 3811 3806
f 3814 3793 4101
f 3826 3808 3822
f 3836 3807 3808
f 3829 3801 3804
f 3828 3804 3807
f 3839 3828 3807
f 3839 3807 3836
f 3826 3836 3808
f 3818 3806 3830
f 3830 3806 3816
f 3820 3823 3812
f 3820 3812 3810
f 3823 3816 3812
f 3838 3805 3819
f 3851 3819 3813
f 3851 3813 3811
f 3814 4101 3817
f 3842 3825 3801
f 3842 3801 3829
f 3815 3805 3838
f 3824 3820 3810
f 3824 3810 3814
f 3729 3829 3804
f 3729 3804 3828
f 3832 3811 3818
f 3755 3817 4101
f 3833 3822 3815
f 3821 3818 3830
f 3846 3828 3839
f 3851 3831 3819
f 3833 3826 3822
f 3827 3851 3811
f 3754 3846 3839
f 3827 3811 3832
f 3821 3832 3818
f 3835 3823 3820
f 3837 3838 3819
f 3840 3816 3823
f 3831 3837 3819
f 3840 3830 3816
f 3824 3835 3820
f 3834 3825 3842
f 3846 3729 3828
f 3844 3826 3833
f 3840 3823 3848
f 3841 3829 3729
f 3857 3833 3815
f 3857 3815 3838
f 3852 3824 3814
f 3852 3814 3817
f 3847 3836 3826
f 3847 3826 3844
f 3844 3833 3857
f 3848 3823 3835
f 3849 3824 3852
f 3842 3829 3841
f 3843 3839 3836
f 3843 3836 3847
f 3845 3830 3840
f 3843 3754 3839
f 3857 3838 3837
f 3853 3851 3827
f 3743 3840 3848
f 3746 3835 3824
f 3856 3852 3854
f 3854 3852 3817
f 3740 3821 3830
f 3740 3830 3845
f 3854 3817 3755
f 3850 3847 3844
f 3744 3743 3848
f 3745 3848 3835
f 3734 3843 3847
f 3856 3849 3852
f 3731 3846 3754
f 3732 3754 3733
f 3733 3754 3843
f 3850 3734 3847
f 3746 3824 3849
f 3749 3854 3755
f 3752 3842 3841
f 3753 3855 3841
f 3753 3841 3729
f 3730 3729 3846
f 3739 3853 3827
f 3739 3827 3832
f 3744 3848 3745
f 3747 3856 3854
f 3742 3845 3840
f 3742 3840 3743
f 3748 3747 3854
f 3748 3854 3749
f 3728 3751 3834
f 3834 3842 3752
f 3733 3843 3734
f 3736 3844 3857
f 3855 3752 3841
f 3735 3844 3736
f 3735 3850 3844
f 3858 3977 3859
f 3859 3977 3860
f 3860 3977 3861
f 3861 3977 3862
f 3861 3862 3863
f 3863 3862 3864
f 3864 3862 3865
f 3864 3865 3866
f 3866 3865 3868
f 3866 3868 3867
f 3867 3868 3869
f 3869 3868 3870
f 3870 3868 3871
f 3870 3871 3872
f 3872 3871 3873
f 3873 3871 3874
f 3874 3871 3875
f 3874 3875 3876
f 3876 3875 3877
f 3877 3875 3878
f 3878 3875 3879
f 3878 3879 3880
f 3880 3879 3881
f 3880 3881 3882
f 3882 3881 3883
f 3883 3881 3884
f 3884 3881 3885
f 3884 3885 3886
f 3886 3885 3887
f 3887 3885 3888
f 3888 3885 3893
f 3888 3893 3889
f 3889 3893 3890
f 3890 3893 3891
f 3891 3893 3892
f 3892 3893 3894
f 3894 3893 3895
f 3895 3893 3896
f 3896 3893 3897
f 3897 3893 3899
f 3899 3893 3898
f 3899 3898 3900
f 3900 3898 3901
f 3901 3898 3902
f 3902 3898 3903
f 3903 3898 3904
f 3904 3898 3905
f 3905 3898 3906
f 3906 3898 3907
f 3906 3907 3908
f 3908 3907 3909
f 3909 3907 3910
f 3910 3907 3911
f 3898 3913 3907
f 3907 3913 3912
f 3912 3913 3777
f 3777 3913 3914
f 3777 3914 3776
f 3776 3914 3775
f 3775 3914 3915
f 3775 3915 3774
f 3774 3915 3916
f 3774 3916 3773
f 3773 3916 3772
f 3772 3916 3917
f 3772 3917 3789
f 3789 3917 3918
f 3789 3918 3771
f 3771 3918 3919
f 3771 3919 3786
f 3786 3919 3785
f 3785 3919 3920
f 3785 3920 3921
f 3785 3921 3770
f 3770 3921 3922
f 3770 3922 3769
f 3769 3922 3923
f 3769 3923 3768
f 3768 3923 3924
f 3768 3924 3767
f 3767 3924 3925
f 3767 3925 3766
f 3766 3925 3926
f 3766 3926 3765
f 3765 3926 3927
f 3765 3927 3764
f 3764 3927 3763
f 3763 3927 3928
f 3763 3928 3788
f 3788 3928 3929
f 3788 3929 3762
f 3762 3929 3930
f 3762 3930 3761
f 3761 3930 3931
f 3761 3931 3760
f 3760 3931 3932
f 3760 3932 3759
f 3759 3932 3933
f 3759 3933 3791
f 3791 3933 3934
f 3791 3934 3787
f 3787 3934 3758
f 3758 3934 3935
f 3758 3935 3757
f 3757 3935 3756
f 3756 3935 3936
f 3756 3936 3778
f 3778 3936 3937
f 3778 3937 3794
f 3794 3937 3780
f 3780 3937 3938
f 3780 3938 3779
f 3779 3938 3939
f 3779 3939 3781
f 3781 3939 3782
f 3782 3939 3940
f 3977 1920 3862
f 3862 1920 2480
f 3862 2480 3865
f 3865 2480 2479
f 3865 2479 3868
f 3868 2479 2478
f 3868 2478 3871
f 3871 2478 3875
f 3875 2478 2477
f 3875 2477 3879
f 3879 2477 2476
f 3879 2476 3881
f 3881 2476 3885
f 3885 2476 2475
f 3885 2475 3893
f 3893 2475 3898
f 3898 2475 2474
f 3898 2474 3913
f 3913 2474 2473
f 3913 2473 3914
f 3914 2473 2472
f 3914 2472 3915
f 3915 2472 2471
f 3915 2471 3916
f 3916 2471 2470
f 3916 2470 2469
f 3916 2469 3917
f 3917 2469 2468
f 3917 2468 3918
f 3918 2468 2467
f 3918 2467 3919
f 3919 2467 2466
f 3919 2466 2465
f 3919 2465 3920
f 3920 2465 1537
f 3920 1537 3921
f 3921 1537 1532
f 3921 1532 2464
f 3921 2464 3922
f 3922 2464 2463
f 3922 2463 3923
f 3923 2463 2462
f 3923 2462 3924
f 3924 2462 3925
f 3925 2462 2461
f 3925 2461 3926
f 3926 2461 2460
f 3926 2460 3927
f 3927 2460 3928
f 3928 2460 1580
f 3928 1580 3929
f 3929 1580 1579
f 3929 1579 3930
f 3930 1579 2459
f 3930 2459 3931
f 3931 2459 1581
f 3931 1581 3932
f 3932 1581 2458
f 3932 2458 3933
f 3933 2458 1583
f 3933 1583 3934
f 3934 1583 3935
f 3935 1583 1585
f 3935 1585 2457
f 3935 2457 3936
f 3936 2457 2456
f 3936 2456 3937
f 3937 2456 1588
f 3937 1588 3938
f 3938 1588 1587
f 3938 1587 3939
f 3939 1587 3940
f 3940 1587 1590
f 3940 1590 1593
f 3940 1593 3941
f 3941 1593 1592
f 3941 1592 3942
f 3942 1592 1596
f 3942 1596 3943
f 3943 1596 1595
f 3943 1595 3944
f 3944 1595 2455
f 3944 2455 2454
f 3944 2454 3945
f 3945 2454 2453
f 3945 2453 3946
f 3946 2453 2452
f 3946 2452 3947
f 3947 2452 2451
f 3947 2451 3948
f 3948 2451 3949
f 3949 2451 2450
f 3949 2450 3950
f 3950 2450 2449
f 3950 2449 3951
f 3951 2449 3952
f 3952 2449 2448
f 3952 2448 3953
f 3953 2448 2447
f 3953 2447 3954
f 3954 2447 2446
f 3954 2446 3955
f 3955 2446 2445
f 3955 2445 3956
f 3956 2445 2444
f 3956 2444 3957
f 3957 2444 2275
f 3957 2275 3958
f 3958 2275 1872
f 3958 1872 1885
f 3958 1885 3959
f 3959 1885 1886
f 3959 1886 3960
f 3960 1886 1887
f 3960 1887 1888
f 3960 1888 3961
f 3961 1888 1889
f 3961 1889 1890
f 3961 1890 3962
f 3962 1890 1891
f 3962 1891 1892
f 3962 1892 3963
f 3963 1892 1893
f 3963 1893 3964
f 3964 1893 1894
f 3964 1894 3965
f 3965 1894 1895
f 3965 1895 3966
f 3966 1895 1896
f 3966 1896 3967
f 3967 1896 1897
f 3967 1897 3968
f 3968 1897 1898
f 3968 1898 3969
f 3969 1898 1899
f 3969 1899 3970
f 3970 1899 1900
f 3970 1900 3971
f 3971 1900 1901
f 3971 1901 3972
f 3972 1901 1902
f 3972 1902 3973
f 3973 1902 1903
f 3973 1903 3974
f 3974 1903 1907
f 3974 1907 3975
f 3975 1907 1911
f 3975 1911 3976
f 3976 1911 3977
f 3977 1911 1920
f 3782 3940 4075
f 4075 3940 3978
f 3978 3940 3941
f 3978 3941 3979
f 3979 3941 3980
f 3980 3941 3942
f 3980 3942 4077
f 4077 3942 3943
f 4077 3943 3981
f 3981 3943 3944
f 3981 3944 3982
f 3982 3944 4078
f 4078 3944 3983
f 3983 3944 3945
f 3983 3945 3984
f 3984 3945 3985
f 3985 3945 3946
f 3985 3946 3986
f 3986 3946 3947
f 3986 3947 3987
f 3987 3947 3948
f 3987 3948 4080
f 4080 3948 3988
f 3988 3948 3949
f 3988 3949 3989
f 3989 3949 3991
f 3989 3991 4069
f 3950 3990 3949
f 3949 3990 3991
f 3950 4062 4063
f 3951 4059 3950
f 3951 4057 3992
f 3951 3992 3993
f 3952 4322 3951
f 3951 4322 3994
f 3953 3995 3952
f 3952 3995 4322
f 3995 3953 3996
f 3996 3953 3997
f 3997 3953 3954
f 3997 3954 3998
f 3998 3954 3999
f 3999 3954 4000
f 4000 3954 4001
f 4001 3954 3955
f 4001 3955 4002
f 4002 3955 3956
f 4002 3956 4003
f 4003 3956 4004
f 4004 3956 4005
f 4005 3956 3957
f 4005 3957 4006
f 4006 3957 4007
f 4007 3957 4008
f 4008 3957 4009
f 4009 3957 3958
f 4009 3958 4010
f 4010 3958 4011
f 4011 3958 3959
f 4011 3959 4012
f 4012 3959 3960
f 4012 3960 4013
f 4013 3960 4014
f 4014 3960 4015
f 4015 3960 3961
f 4015 3961 4016
f 4016 3961 4017
f 4017 3961 4018
f 4018 3961 3962
f 4018 3962 4019
f 4019 3962 4020
f 4020 3962 4021
f 4021 3962 4022
f 4022 3962 3963
f 4022 3963 4023
f 4023 3963 4024
f 4024 3963 3964
f 4024 3964 4025
f 4025 3964 4026
f 4026 3964 4027
f 4027 3964 3965
f 4027 3965 4028
f 4028 3965 3966
f 4028 3966 4029
f 4029 3966 4030
f 4030 3966 4031
f 4031 3966 4032
f 4032 3966 3967
f 4032 3967 4033
f 4033 3967 4034
f 4034 3967 3968
f 4034 3968 4035
f 4035 3968 4036
f 4036 3968 4037
f 4037 3968 3969
f 4037 3969 4038
f 4038 3969 3970
f 4038 3970 4039
f 4039 3970 4040
f 4040 3970 3971
f 4040 3971 4041
f 4041 3971 3972
f 4041 3972 4042
f 4042 3972 4043
f 4043 3972 4044
f 4044 3972 4045
f 4045 3972 3973
f 4045 3973 4046
f 4046 3973 4047
f 4047 3973 4048
f 4048 3973 3974
f 4048 3974 4049
f 4049 3974 4050
f 4050 3974 4051
f 4051 3974 4052
f 4052 3974 3975
f 4052 3975 4053
f 4053 3975 4054
f 4054 3975 4055
f 4055 3975 3976
f 4055 3976 4056
f 4056 3976 3977
f 4056 3977 3858
f 3994 4057 3951
f 3951 3993 4058
f 3951 4058 4059
f 4059 4060 3950
f 4060 4061 3950
f 3950 4061 4062
f 4063 4064 3950
f 4064 4065 3950
f 3950 4065 4066
f 3950 4066 4067
f 4067 4068 3950
f 4068 3990 3950
f 3989 4069 4070
f 3989 4070 4071
f 3989 4071 4072
f 3989 4072 4073
f 4074 3749 3755
f 4075 3978 4076
f 4076 3978 3979
f 4076 3979 3980
f 3981 3982 4078
f 4078 3983 4079
f 4079 3983 3984
f 4079 3984 3985
f 4079 3985 3986
f 4081 3986 3987
f 3987 4080 4081
f 4096 4081 4102
f 4102 4081 4082
f 4083 1076 4084
f 4084 4085 4107
f 4085 4087 4086
f 4096 4078 4079
f 4076 3782 4075
f 3980 4077 3981
f 4096 3986 4081
f 4096 4079 3986
f 3803 3782 4076
f 4095 3981 4078
f 4095 3980 3981
f 4095 4078 4096
f 4097 3803 4076
f 4100 4076 3980
f 4095 4100 3980
f 4100 4097 4076
f 4099 4095 4096
f 4098 4096 4102
f 4099 4096 4098
f 4104 4100 4095
f 4104 4095 4099
f 4104 4099 4105
f 4103 4105 4099
f 4103 4099 4098
f 4093 4097 4100
f 4093 4100 4104
f 3755 4101 4097
f 4108 4098 4102
f 4074 4097 4093
f 4082 4108 4102
f 4106 4109 4105
f 4106 4105 4103
f 4107 4103 4098
f 4107 4098 4108
f 4074 3755 4097
f 4109 4104 4105
f 4110 4093 4104
f 4086 4106 4103
f 4086 4103 4107
f 4094 4074 4093
f 4109 4110 4104
f 4083 4108 4082
f 4084 4107 4108
f 4084 4108 4083
f 4092 4093 4110
f 4087 4106 4086
f 4091 4110 4109
f 4091 4109 4090
f 4089 4109 4106
f 4091 4092 4110
f 4088 4089 4106
f 4088 4106 4087
f 4089 4090 4109
f 4107 4085 4086
f 3749 4074 1070
f 1070 4074 1069
f 1069 4074 4094
f 1069 4094 1068
f 1068 4094 1067
f 1067 4094 4093
f 1067 4093 4092
f 1067 4092 1066
f 1066 4092 4091
f 1066 4091 1065
f 1065 4091 4090
f 1065 4090 1064
f 1064 4090 4089
f 1064 4089 1062
f 1062 4089 4088
f 1062 4088 1061
f 1061 4088 4087
f 1061 4087 1060
f 1060 4087 1059
f 1059 4087 4085
f 1059 4085 1074
f 1074 4085 4084
f 1074 4084 1076
f 1076 4083 1077
f 4073 4111 1058
f 1058 4111 4112
f 1058 4112 1057
f 1057 4112 4113
f 1057 4113 1056
f 1056 4113 4114
f 1056 4114 1055
f 1055 4114 4115
f 1055 4115 1054
f 1054 4115 4116
f 1054 4116 1053
f 1053 4116 4117
f 1053 4117 1052
f 1052 4117 4118
f 1052 4118 1051
f 1051 4118 4119
f 1051 4119 1050
f 1050 4119 4159
f 1050 4159 1049
f 1049 4159 4120
f 1049 4120 1047
f 1047 4120 4121
f 1047 4121 1046
f 1046 4121 4122
f 1046 4122 1045
f 1045 4122 4123
f 1045 4123 1044
f 1044 4123 4124
f 1044 4124 1042
f 1042 4124 4125
f 1058 1075 4073
f 4073 1075 3989
f 3989 1075 3988
f 3988 1075 1077
f 3988 1077 4083
f 4083 4082 3988
f 3988 4082 4081
f 3988 4081 4080
f 4112 4111 4126
f 4126 4111 4127
f 4126 4127 4128
f 4129 4305 4223
f 4223 4305 4184
f 4184 4305 4325
f 4184 4325 4298
f 4184 4298 4130
f 4130 4298 4131
f 4131 432 4170
f 4170 432 4132
f 4132 432 430
f 4133 430 4166
f 4166 430 419
f 4166 419 4167
f 4167 419 4134
f 4175 419 421
f 421 7083 4172
f 4172 7083 4181
f 4181 7083 7082
f 4181 7082 4182
f 4182 7082 4135
f 4182 4135 4211
f 4211 4135 4230
f 4230 4135 4136
f 4230 4136 4243
f 4136 7075 4137
f 4137 7075 4139
f 4139 7075 4138
f 4140 4139 4141
f 4140 4141 4295
f 4295 4141 4142
f 4295 4142 4292
f 4292 4142 4143
f 4292 4143 4144
f 4144 4143 4145
f 4144 4145 4297
f 4297 4145 4146
f 4297 4146 4286
f 4286 4146 4147
f 4286 4147 4291
f 4291 4147 4148
f 4291 4148 4294
f 4294 4148 4149
f 4294 4149 4150
f 4150 4149 4151
f 4150 4151 4285
f 4285 4151 4152
f 4285 4152 4284
f 4284 4152 4153
f 4284 4153 4296
f 4296 4153 4154
f 4296 4154 4290
f 4290 4154 4155
f 4290 4155 4288
f 4288 4155 4125
f 4288 4125 4124
f 4288 4124 4156
f 4156 4124 4123
f 4156 4123 4157
f 4157 4123 4122
f 4157 4122 4289
f 4289 4122 4121
f 4289 4121 4158
f 4158 4121 4120
f 4159 4119 4160
f 4160 4119 4118
f 4160 4118 4161
f 4161 4118 4117
f 4161 4117 4281
f 4281 4117 4116
f 4281 4116 4162
f 4162 4116 4115
f 4162 4115 4163
f 4163 4115 4114
f 4163 4114 4164
f 4164 4114 4113
f 4164 4113 4165
f 4165 4113 4112
f 4165 4112 4126
f 4166 4176 4133
f 4133 4173 4168
f 4133 4168 430
f 4132 430 4178
f 4132 4178 4170
f 4176 4166 4169
f 4169 4166 4167
f 4169 4167 4171
f 4171 4167 4134
f 4133 4176 4173
f 430 4174 4178
f 4171 4134 4179
f 4179 4134 419
f 4172 4175 421
f 430 4168 4174
f 4131 4170 4130
f 4180 4175 4172
f 4170 4190 4130
f 4181 4180 4172
f 4176 4177 4173
f 4170 4178 4189
f 4170 4189 4190
f 4192 4176 4169
f 4185 4169 4171
f 4194 4179 419
f 4194 419 4186
f 4186 419 4175
f 4178 4174 4188
f 4178 4188 4189
f 4193 4192 4169
f 4193 4169 4185
f 4196 4185 4171
f 4196 4171 4179
f 4186 4175 4180
f 4173 4177 4199
f 4173 4199 4187
f 4173 4187 4168
f 4168 4187 4174
f 4174 4187 4183
f 4174 4183 4188
f 4130 4190 4184
f 4177 4176 4192
f 4182 4180 4181
f 4209 4196 4179
f 4209 4179 4194
f 4188 4183 4207
f 4184 4190 4191
f 4206 4186 4180
f 4206 4180 4182
f 4187 4199 4205
f 4187 4205 4183
f 4183 4205 4197
f 4183 4197 4207
f 4188 4207 4200
f 4188 4200 4189
f 4189 4195 4190
f 4198 4177 4192
f 4198 4192 4202
f 4202 4192 4193
f 4202 4193 4185
f 4203 4185 4196
f 4204 4194 4186
f 4211 4206 4182
f 4177 4212 4199
f 4189 4200 4195
f 4184 4191 4223
f 4203 4202 4185
f 4220 4204 4186
f 4220 4186 4210
f 4210 4186 4206
f 4190 4195 4201
f 4190 4201 4191
f 4212 4177 4198
f 4204 4209 4194
f 4199 4212 4222
f 4199 4222 4205
f 4205 4222 4216
f 4208 4203 4214
f 4214 4203 4196
f 4214 4196 4209
f 4229 4210 4206
f 4229 4206 4211
f 4205 4216 4215
f 4205 4215 4197
f 4197 4231 4207
f 4207 4231 4213
f 4207 4213 4200
f 4191 4201 4233
f 4191 4233 4223
f 4224 4212 4198
f 4224 4198 4202
f 4228 4214 4209
f 4228 4209 4225
f 4225 4209 4204
f 4230 4229 4211
f 4234 4224 4202
f 4234 4202 4203
f 4236 4225 4204
f 4236 4204 4220
f 4212 4227 4222
f 4197 4215 4217
f 4197 4217 4231
f 4200 4213 4218
f 4200 4218 4195
f 4195 4218 4219
f 4195 4219 4201
f 4237 4234 4203
f 4237 4203 4208
f 4201 4219 4233
f 4221 4220 4210
f 4227 4212 4224
f 4235 4208 4214
f 4235 4214 4228
f 4226 4236 4220
f 4226 4220 4221
f 4222 4227 4239
f 4222 4239 4216
f 4219 4218 4232
f 4242 4221 4210
f 4242 4210 4229
f 4223 4233 4252
f 4223 4252 4129
f 4241 4235 4228
f 4241 4228 4225
f 4247 4242 4229
f 4247 4229 4243
f 4243 4229 4230
f 4227 4238 4244
f 4227 4244 4239
f 4218 4245 4232
f 4219 4232 4240
f 4219 4240 4233
f 4233 4240 4251
f 4233 4251 4252
f 4238 4227 4224
f 4238 4224 4234
f 4253 4241 4225
f 4253 4225 4236
f 4215 4216 4254
f 4215 4254 4217
f 4213 4231 4250
f 4213 4250 4218
f 4218 4250 4245
f 4246 4238 4234
f 4246 4234 4237
f 4253 4236 4226
f 4217 4254 4249
f 4217 4249 4231
f 4231 4249 4250
f 4258 4246 4237
f 4258 4237 4208
f 4257 4226 4221
f 4257 4221 4242
f 4259 4258 4208
f 4259 4208 4235
f 4129 4252 4128
f 4272 4259 4235
f 4272 4235 4241
f 4256 4253 4226
f 4256 4226 4257
f 4261 4257 4242
f 4261 4242 4247
f 4238 4248 4244
f 4250 4249 4264
f 4273 4272 4241
f 4273 4241 4253
f 4249 4254 4262
f 4250 4264 4265
f 4250 4265 4245
f 4248 4238 4246
f 4260 4273 4253
f 4260 4253 4255
f 4255 4253 4256
f 4274 4261 4247
f 4274 4247 4243
f 4239 4244 4270
f 4239 4270 4216
f 4249 4262 4263
f 4249 4263 4264
f 4276 4246 4258
f 4282 4256 4257
f 4282 4257 4261
f 4244 4248 4269
f 4244 4269 4270
f 4240 4232 4266
f 4240 4266 4251
f 4251 4266 4267
f 4251 4267 4252
f 4216 4270 4283
f 4216 4283 4254
f 4254 4283 4275
f 4254 4275 4262
f 4232 4245 4266
f 4278 4248 4246
f 4278 4246 4276
f 4277 4276 4258
f 4277 4258 4259
f 4245 4265 4271
f 4245 4271 4266
f 4268 4255 4256
f 4268 4256 4282
f 4266 4293 4267
f 4287 4282 4261
f 4287 4261 4274
f 4264 4263 4160
f 4264 4160 4265
f 4265 4160 4161
f 4265 4161 4271
f 4128 4252 4126
f 4279 4272 4273
f 4279 4273 4280
f 4280 4273 4260
f 4280 4260 4255
f 4262 4275 4120
f 4262 4120 4263
f 4263 4120 4159
f 4263 4159 4160
f 4295 4287 4274
f 4295 4274 4140
f 4140 4274 4243
f 4140 4243 4137
f 4137 4243 4136
f 4269 4248 4156
f 4269 4156 4270
f 4270 4156 4157
f 4270 4157 4283
f 4271 4161 4281
f 4271 4281 4266
f 4266 4281 4162
f 4266 4162 4293
f 4252 4267 4165
f 4252 4165 4126
f 4285 4277 4259
f 4285 4259 4272
f 4248 4288 4156
f 4267 4293 4164
f 4267 4164 4165
f 4150 4285 4272
f 4150 4272 4279
f 4286 4280 4255
f 4286 4255 4268
f 4275 4283 4158
f 4275 4158 4120
f 4288 4248 4290
f 4290 4248 4278
f 4290 4278 4276
f 4284 4276 4277
f 4284 4277 4285
f 4139 4140 4137
f 4283 4157 4289
f 4283 4289 4158
f 4296 4290 4276
f 4296 4276 4284
f 4144 4268 4282
f 4144 4282 4287
f 4294 4150 4279
f 4294 4279 4291
f 4291 4279 4280
f 4291 4280 4286
f 4297 4286 4268
f 4297 4268 4144
f 4292 4144 4287
f 4292 4287 4295
f 4293 4162 4163
f 4293 4163 4164
f 4324 432 4131
f 4324 4131 4298
f 4334 4331 4299
f 4334 4299 4300
f 4329 4302 4330
f 4330 4302 4331
f 4331 4301 4299
f 4329 4303 4302
f 4301 4331 4304
f 4305 4338 4328
f 4328 4338 4303
f 4338 4129 4128
f 4128 4127 4340
f 4127 4111 4306
f 4127 4306 4307
f 4127 4307 4308
f 4127 4308 4309
f 4127 4309 4339
f 4339 4309 4310
f 4339 4310 4311
f 4339 4311 4312
f 4339 4312 4313
f 4339 4313 4314
f 4302 4314 4315
f 4302 4315 4316
f 4302 4316 4331
f 4331 4316 4317
f 4331 4317 4304
f 4334 4333 4318
f 4334 4318 4335
f 4336 4337 4320
f 4336 4320 4321
f 4321 4320 4322
f 4324 4298 4325
f 4328 4325 4305
f 4323 4324 4325
f 4323 4325 4328
f 4326 4323 4328
f 4497 4323 4326
f 4329 4326 4328
f 4474 4326 4332
f 4327 4474 4332
f 4475 4474 4327
f 4336 4475 4327
f 4329 4328 4303
f 4330 4332 4329
f 4326 4329 4332
f 4332 4330 4331
f 4334 4332 4331
f 4333 4334 4300
f 4327 4332 4334
f 4327 4334 4335
f 4336 4327 4319
f 4319 4327 4335
f 4337 4336 4319
f 4305 4129 4338
f 4338 4128 4340
f 4338 4340 4303
f 4303 4339 4302
f 4303 4340 4339
f 4339 4340 4127
f 4302 4339 4314
f 4341 4342 4522
f 4492 431 4346
f 4347 432 4324
f 4347 4324 4499
f 4499 4324 4323
f 4496 4497 4326
f 4321 4348 4336
f 4336 4348 4475
f 4357 4365 4477
f 4477 4365 4362
f 4472 4362 4349
f 4348 4351 4475
f 4350 4366 4468
f 4351 4352 4475
f 4475 4352 4357
f 4469 4355 4345
f 4352 4354 4357
f 4470 4363 4353
f 4467 4367 4469
f 4469 4360 4355
f 4345 4355 4344
f 4354 4356 4357
f 4363 4383 4353
f 4360 4373 4355
f 4356 4359 4357
f 4357 4359 4365
f 4470 4358 4363
f 4367 4360 4469
f 4359 4361 4365
f 4353 4376 4350
f 4468 4367 4467
f 4361 4364 4365
f 4383 4376 4353
f 4350 4376 4366
f 4364 4368 4365
f 4349 4375 4358
f 4358 4378 4363
f 4355 4370 4344
f 4368 4369 4365
f 4365 4369 4362
f 4344 4370 4343
f 4369 4371 4362
f 4375 4378 4358
f 4468 4379 4367
f 4360 4372 4373
f 4355 4381 4370
f 4371 4374 4362
f 4362 4374 4349
f 4360 4367 4372
f 4355 4373 4381
f 4374 4377 4349
f 4349 4377 4375
f 4379 4387 4367
f 4377 4380 4375
f 4363 4378 4402
f 4402 4406 4363
f 4363 4406 4383
f 4366 4379 4468
f 4372 4384 4373
f 4343 4370 434
f 4380 4382 4375
f 4376 4389 4366
f 4366 4389 4379
f 4367 4387 4372
f 4381 4390 4370
f 434 4370 4390
f 4382 4385 4375
f 4375 4385 4378
f 4384 4397 4373
f 4385 4386 4378
f 4406 4411 4383
f 4373 4397 4381
f 4386 4388 4378
f 4383 4411 4376
f 4379 4395 4387
f 4388 4391 4378
f 4376 4411 4420
f 4389 4395 4379
f 4387 4409 4372
f 4372 4409 4384
f 4397 4403 4381
f 4381 4403 4390
f 4391 4392 4378
f 4376 4420 4389
f 4384 4409 4393
f 4384 4393 4397
f 4392 4394 4378
f 4378 4394 4402
f 4390 4403 4400
f 4394 4396 4402
f 4389 4399 4395
f 4396 4398 4402
f 4387 4395 4408
f 4387 4408 4409
f 4398 4401 4402
f 4409 4414 4393
f 4401 4404 4402
f 4402 4404 4406
f 4420 4399 4389
f 4404 4405 4406
f 4408 4414 4409
f 4405 4407 4406
f 4406 4407 4411
f 4395 4423 4408
f 4397 4393 4416
f 4397 4416 4403
f 4407 4410 4411
f 4410 4412 4411
f 4395 4422 4423
f 4412 4413 4411
f 4411 4413 4420
f 4413 4415 4420
f 4399 4421 4422
f 4399 4422 4395
f 4403 4533 4400
f 4415 4417 4420
f 4399 4420 4427
f 4427 4421 4399
f 4414 4418 4393
f 4417 4419 4420
f 4423 4441 4408
f 4393 4439 4416
f 4416 4533 4403
f 4419 4424 4420
f 4420 4424 4427
f 4422 4435 4431
f 4422 4431 4423
f 4408 4425 4414
f 4414 4425 4418
f 4424 4426 4427
f 4422 4421 4435
f 4441 4425 4408
f 4418 4439 4393
f 4416 4432 4533
f 4426 4428 4427
f 4427 4428 4421
f 4428 4429 4421
f 4423 4431 4441
f 4416 4439 4432
f 4429 4430 4421
f 4418 4437 4439
f 4430 4433 4421
f 4421 4433 4435
f 4433 4434 4435
f 4425 4451 4418
f 4418 4451 4437
f 4434 4436 4435
f 4435 4436 4431
f 4441 4444 4425
f 4432 4529 4533
f 4436 4438 4431
f 4437 4446 4439
f 4439 4446 4432
f 4438 4440 4431
f 4431 4440 4441
f 4440 4442 4441
f 4441 4442 4444
f 4425 4444 4451
f 4432 4501 4529
f 4442 4443 4444
f 4451 4455 4437
f 4446 4501 4432
f 4443 4445 4444
f 4445 4447 4444
f 4444 4447 4451
f 4437 4455 4446
f 4447 4448 4451
f 4455 4462 4446
f 4446 4462 4466
f 4448 4449 4451
f 4455 4459 4462
f 4449 4450 4451
f 4446 4466 4501
f 4450 4452 4451
f 4451 4452 4455
f 4452 4453 4455
f 4453 4454 4455
f 4454 4456 4455
f 4455 4456 4459
f 4456 4457 4459
f 4457 4458 4459
f 4466 4522 4501
f 4458 4460 4459
f 4459 4460 4462
f 4460 4461 4462
f 4461 4463 4462
f 4462 4463 4466
f 4463 4464 4466
f 4464 4465 4466
f 4465 4341 4466
f 4466 4341 4522
f 4468 4476 4350
f 4350 4476 4473
f 4350 4473 4353
f 4349 4358 4471
f 4362 4472 4477
f 4357 4474 4475
f 4469 4481 4467
f 4349 4471 4472
f 4357 4477 4474
f 4345 433 4469
f 4469 433 4481
f 4467 4481 4468
f 4353 4473 4470
f 4470 4471 4358
f 4468 4481 4478
f 4468 4478 4476
f 4473 4479 4470
f 4470 4483 4471
f 4471 4480 4472
f 4472 4480 4477
f 4476 4478 4484
f 4479 4483 4470
f 4476 4484 4473
f 4471 4483 4485
f 4471 4485 4480
f 4477 4489 4474
f 433 4486 4481
f 4479 4482 4483
f 4480 4491 4477
f 4477 4491 4489
f 4481 4486 4478
f 4473 4487 4479
f 4478 4486 4484
f 4479 4487 4482
f 4483 4488 4485
f 4473 4484 4487
f 4483 4482 4488
f 4484 4486 4487
f 4485 4490 4480
f 4480 4490 4491
f 4474 4489 4326
f 4486 4494 4487
f 4482 4487 4492
f 4488 4490 4485
f 4482 4492 4488
f 4490 4495 4491
f 4494 4492 4487
f 4491 4496 4489
f 4489 4496 4326
f 4490 4493 4495
f 4491 4495 4496
f 4494 431 4492
f 4492 4498 4488
f 4488 4498 4490
f 4490 4498 4493
f 4493 4497 4495
f 4495 4497 4496
f 4492 4346 4498
f 4498 4499 4493
f 4493 4499 4497
f 4497 4499 4323
f 4498 4346 4347
f 4498 4347 4499
f 434 4390 4542
f 4532 4533 4529
f 4522 4342 4502
f 4522 4502 4503
f 4522 4503 4505
f 4505 4503 4504
f 4505 4504 4506
f 4505 4506 4523
f 4523 4506 4507
f 4523 4507 4508
f 4523 4508 4525
f 4525 4508 4509
f 4525 4509 4510
f 4525 4510 4521
f 4521 4510 4511
f 4521 4511 4512
f 4521 4512 4513
f 4521 4513 4520
f 4520 4513 4514
f 4520 4514 4515
f 4520 4515 4518
f 4518 4515 4516
f 4518 4516 4517
f 4518 4517 4519
f 4518 4519 4549
f 4549 4519 4548
f 4549 4552 4518
f 4521 4520 4525
f 4518 4552 4520
f 4505 4523 4524
f 4505 4524 4522
f 4522 4524 4501
f 4525 4527 4523
f 4520 4552 4526
f 4520 4526 4525
f 4525 4526 4527
f 4523 4527 4528
f 4523 4528 4524
f 4552 4551 4526
f 4526 4530 4527
f 4526 4551 4530
f 4524 4528 4529
f 4524 4529 4501
f 4528 4531 4529
f 4527 4530 4528
f 4528 4530 4531
f 4534 4535 4551
f 4551 4535 4530
f 4530 4536 4531
f 4530 4535 4536
f 4529 4531 4532
f 4531 4536 4532
f 4534 4538 4535
f 4532 4537 4533
f 4533 4537 4400
f 4532 4536 4537
f 4535 4540 4536
f 4535 4538 4540
f 4536 4540 4537
f 4538 4539 4540
f 4538 4579 4539
f 4537 4540 4542
f 4537 4542 4400
f 4400 4542 4390
f 4539 4541 4540
f 4540 4541 4542
f 4541 4500 4542
f 4500 434 4542
f 4770 4539 4769
f 4769 4539 4579
f 4538 4534 4550
f 4553 4554 4543
f 4543 4554 4544
f 4544 4554 4545
f 4545 4554 4546
f 4546 4554 4549
f 4546 4549 4547
f 4547 4549 4548
f 4556 4554 4560
f 4550 4551 4556
f 4583 4552 4549
f 4553 4555 4554
f 4554 4555 4560
f 4569 4585 4570
f 4555 4558 4560
f 4556 4560 4557
f 4558 4559 4560
f 4559 4561 4560
f 4561 4562 4560
f 4557 4560 4565
f 4560 4562 4565
f 4562 4563 4565
f 4557 4565 4586
f 4563 4564 4565
f 4586 4565 4570
f 4565 4569 4570
f 4564 4566 4565
f 4565 4566 4569
f 4566 4567 4569
f 4567 4568 4569
f 4568 4571 4569
f 4571 4572 4569
f 4572 4573 4569
f 4569 4573 4585
f 4585 4573 4574
f 4585 4574 4575
f 4585 4575 4588
f 4575 4576 4588
f 4586 4584 4577
f 4586 4577 4580
f 4578 4582 4580
f 4586 4580 4581
f 4578 4579 4538
f 4556 4538 4550
f 4582 4538 4556
f 4578 4538 4582
f 4580 4728 4578
f 4580 4582 4581
f 4584 4585 4588
f 4581 4582 4556
f 4586 4556 4557
f 4581 4556 4586
f 4551 4550 4534
f 4556 4551 4583
f 4583 4551 4552
f 4584 4570 4585
f 4584 4586 4570
f 4556 4583 4549
f 4556 4549 4554
f 435 4539 4770
f 4769 4579 4578
f 4769 4578 4751
f 4751 4578 4728
f 4728 4580 4577
f 4587 4577 4584
f 4588 4576 4589
f 4588 4589 4642
f 4591 4590 4592
f 4649 4593 4594
f 4594 4593 4595
f 4594 4595 4596
f 4596 4595 4597
f 4596 4597 4598
f 4598 4597 4599
f 4598 4599 4600
f 4600 4599 4601
f 4600 4601 4602
f 4602 4601 4639
f 4639 4603 4604
f 4604 4603 4605
f 4605 4606 4654
f 4654 4606 4607
f 4654 4607 4608
f 4608 4607 4609
f 4608 4609 4610
f 4610 4609 4611
f 4610 4611 4612
f 4612 4611 4613
f 4612 4613 4614
f 4614 4613 4615
f 4614 4615 4616
f 4616 4615 4617
f 4616 4617 4618
f 4618 4617 4619
f 4619 4620 4621
f 4621 4620 4622
f 4621 4622 4623
f 4623 4622 4624
f 4623 4624 4638
f 4638 4624 4625
f 4638 4625 4640
f 4640 4625 4626
f 4640 4626 4629
f 4629 4626 4627
f 4629 4628 4791
f 4629 4791 4630
f 4630 4791 4631
f 4631 4791 4797
f 4631 4797 4795
f 4631 4795 4632
f 4635 4634 441
f 4635 441 438
f 4636 438 437
f 4636 437 4771
f 4771 437 4773
f 4773 437 4772
f 4772 437 436
f 4772 436 4763
f 4763 436 4637
f 4637 436 435
f 4758 435 4770
f 4641 4588 4642
f 4648 4590 4591
f 4656 4654 4608
f 4656 4608 4661
f 4661 4608 4610
f 4661 4610 4612
f 4647 4621 4623
f 4647 4623 4638
f 4584 4588 4641
f 4644 4594 4596
f 4644 4596 4598
f 4655 4661 4612
f 4655 4612 4614
f 4646 4619 4621
f 4646 4621 4647
f 4668 4647 4638
f 4668 4638 4669
f 4669 4638 4640
f 4669 4640 4629
f 4653 4649 4594
f 4653 4594 4644
f 4645 4598 4600
f 4645 4600 4651
f 4651 4600 4602
f 4651 4602 4639
f 4650 4644 4598
f 4650 4598 4645
f 4660 4651 4639
f 4660 4639 4604
f 4658 4618 4619
f 4658 4619 4646
f 4659 4584 4641
f 4659 4641 4652
f 4652 4641 4642
f 4652 4642 4664
f 4664 4642 4643
f 4664 4643 4665
f 4665 4643 4648
f 4665 4648 4663
f 4663 4648 4591
f 4663 4591 4670
f 4670 4591 4592
f 4670 4592 4671
f 4671 4592 4649
f 4671 4649 4653
f 4675 4604 4605
f 4675 4605 4654
f 4686 4675 4654
f 4686 4654 4656
f 4657 4655 4614
f 4657 4614 4616
f 4630 4669 4629
f 4687 4657 4616
f 4687 4616 4662
f 4662 4616 4618
f 4662 4618 4658
f 4666 4645 4651
f 4666 4651 4660
f 4660 4604 4675
f 4680 4661 4655
f 4680 4655 4657
f 4674 4645 4666
f 4667 4658 4646
f 4667 4646 4647
f 4587 4584 4659
f 4587 4659 4652
f 4685 4671 4653
f 4685 4653 4644
f 4697 4666 4660
f 4697 4660 4675
f 4698 4686 4656
f 4698 4656 4661
f 4682 4662 4658
f 4682 4658 4667
f 4673 4587 4652
f 4673 4652 4684
f 4684 4652 4664
f 4684 4664 4676
f 4676 4664 4665
f 4676 4665 4677
f 4677 4665 4663
f 4677 4663 4670
f 4699 4698 4661
f 4699 4661 4680
f 4696 4680 4657
f 4696 4657 4687
f 4672 4667 4647
f 4672 4647 4668
f 4672 4668 4688
f 4688 4668 4669
f 4688 4669 4630
f 4694 4677 4670
f 4694 4670 4695
f 4695 4670 4671
f 4695 4671 4685
f 4693 4644 4650
f 4693 4650 4678
f 4678 4650 4645
f 4678 4645 4674
f 4679 4674 4666
f 4679 4666 4697
f 4683 4682 4667
f 4683 4667 4672
f 4704 4685 4644
f 4704 4644 4693
f 4689 4697 4675
f 4689 4675 4686
f 4681 4687 4662
f 4681 4662 4682
f 4577 4587 4710
f 4710 4587 4673
f 4692 4684 4676
f 4692 4676 4677
f 4708 4689 4686
f 4708 4686 4698
f 4700 4699 4680
f 4700 4680 4696
f 4690 4683 4672
f 4690 4672 4691
f 4691 4672 4688
f 4631 4688 4630
f 4692 4677 4694
f 4714 4695 4685
f 4714 4685 4704
f 4702 4696 4687
f 4702 4687 4681
f 4701 4681 4682
f 4701 4682 4683
f 4717 4691 4688
f 4717 4688 4631
f 4703 4694 4695
f 4703 4695 4714
f 4712 4684 4692
f 4705 4704 4693
f 4705 4693 4706
f 4706 4693 4678
f 4706 4678 4707
f 4707 4678 4674
f 4707 4674 4679
f 4707 4679 4716
f 4716 4679 4697
f 4716 4697 4689
f 4716 4689 4708
f 4736 4698 4699
f 4736 4699 4700
f 4709 4700 4696
f 4709 4696 4702
f 4711 4710 4673
f 4711 4673 4684
f 4711 4684 4712
f 4713 4712 4692
f 4713 4692 4694
f 4726 4701 4683
f 4726 4683 4690
f 4730 4713 4694
f 4730 4694 4703
f 4735 4708 4698
f 4735 4698 4736
f 4722 4705 4706
f 4722 4706 4715
f 4715 4706 4707
f 4724 4736 4700
f 4724 4700 4709
f 4725 4709 4702
f 4725 4702 4681
f 4725 4681 4701
f 4719 4726 4690
f 4719 4690 4691
f 4721 4710 4711
f 4721 4711 4718
f 4718 4711 4712
f 4733 4703 4714
f 4733 4714 4704
f 4715 4707 4723
f 4723 4707 4716
f 4723 4716 4727
f 4727 4716 4708
f 4726 4725 4701
f 4719 4691 4720
f 4720 4691 4717
f 4720 4717 4631
f 4730 4703 4733
f 4731 4733 4704
f 4731 4704 4705
f 4727 4708 4735
f 4728 4577 4710
f 4731 4705 4722
f 4734 4722 4715
f 4732 4724 4709
f 4732 4709 4725
f 4632 4720 4631
f 4728 4710 4721
f 4729 4712 4713
f 4729 4713 4730
f 4734 4715 4723
f 4755 4718 4712
f 4755 4712 4729
f 4749 4736 4724
f 4749 4724 4732
f 4737 4732 4725
f 4737 4725 4741
f 4741 4725 4726
f 4741 4726 4738
f 4738 4726 4719
f 4740 4729 4730
f 4740 4730 4733
f 4748 4731 4722
f 4748 4722 4734
f 4747 4738 4719
f 4747 4719 4720
f 4739 4728 4721
f 4739 4721 4718
f 4743 4733 4731
f 4753 4748 4734
f 4752 4739 4718
f 4752 4718 4755
f 4742 4729 4740
f 4748 4743 4731
f 4757 4753 4734
f 4757 4734 4723
f 4757 4723 4744
f 4744 4723 4727
f 4744 4727 4735
f 4746 4749 4732
f 4746 4732 4737
f 4751 4728 4739
f 4743 4740 4733
f 4745 4744 4735
f 4745 4735 4736
f 4745 4736 4749
f 4750 4741 4738
f 4755 4729 4742
f 4761 4746 4737
f 4754 4747 4720
f 4754 4720 4632
f 4761 4737 4741
f 4633 4754 4632
f 4752 4751 4739
f 4759 4742 4740
f 4759 4740 4743
f 4756 4748 4753
f 4760 4744 4745
f 4750 4761 4741
f 4750 4738 4747
f 435 4755 4742
f 4759 4743 4756
f 4756 4743 4748
f 4762 4756 4753
f 4762 4753 4757
f 4760 4745 4765
f 4765 4745 4749
f 4766 4750 4747
f 4766 4747 4754
f 4758 4752 4755
f 4758 4755 435
f 4764 4757 4744
f 4764 4744 4760
f 4765 4749 4768
f 4768 4749 4746
f 4768 4746 4761
f 4769 4751 4752
f 4759 435 4742
f 438 4768 4761
f 438 4761 4750
f 4770 4769 4752
f 4770 4752 4758
f 4763 4759 4756
f 4773 4762 4757
f 4773 4757 4764
f 4767 4760 4765
f 438 4750 4635
f 4635 4750 4766
f 4772 4763 4756
f 4772 4756 4762
f 4771 4773 4764
f 4771 4764 4767
f 4767 4764 4760
f 4636 4767 4765
f 4636 4765 4768
f 4635 4766 4754
f 4634 4754 4633
f 4637 435 4759
f 4637 4759 4763
f 4636 4768 438
f 4635 4754 4634
f 4772 4762 4773
f 4636 4771 4767
f 4775 4774 4628
f 4775 4628 4627
f 4628 4777 4778
f 4628 4778 4799
f 4799 4778 4779
f 4799 4779 4780
f 4799 4780 4781
f 4799 4781 4782
f 4799 4782 4798
f 4798 4782 4783
f 4798 4783 4784
f 4798 4784 4785
f 4798 4785 4786
f 4798 4786 4793
f 4793 4786 4787
f 4793 4787 4788
f 4793 4788 4789
f 4793 4789 4792
f 4792 4789 4790
f 4793 4792 5242
f 4800 4797 4791
f 4793 5242 4800
f 4800 5242 4797
f 4795 4796 4801
f 4801 5236 4633
f 5236 441 4634
f 5237 4794 5242
f 4801 4632 4795
f 4794 4795 5242
f 5242 4795 4797
f 4629 4627 4628
f 4777 4628 4776
f 4776 4628 4774
f 4798 4793 4800
f 4798 4800 4799
f 4799 4791 4628
f 4800 4791 4799
f 4794 4796 4795
f 4801 4796 5236
f 4634 4633 5236
f 4632 4801 4633
f 4627 4802 4775
f 4775 4802 4803
f 4775 4803 4774
f 4774 4803 4804
f 4774 4804 4776
f 4776 4804 4805
f 4776 4805 4806
f 4776 4806 4777
f 4777 4806 4807
f 4777 4807 4778
f 4778 4807 4808
f 4778 4808 4779
f 4779 4808 4809
f 4779 4809 4810
f 4779 4810 4780
f 4780 4810 4811
f 4780 4811 4781
f 4781 4811 4812
f 4781 4812 4813
f 4781 4813 4782
f 4782 4813 4814
f 4782 4814 4783
f 4783 4814 4815
f 4783 4815 4784
f 4784 4815 4816
f 4784 4816 4785
f 4785 4816 4817
f 4785 4817 4786
f 4786 4817 4787
f 4787 4817 4818
f 4787 4818 4788
f 4788 4818 4819
f 4788 4819 4820
f 4788 4820 4789
f 4789 4820 4790
f 4790 4820 4821
f 4790 4821 4822
f 4822 4821 4824
f 4822 4824 4823
f 4823 4824 4825
f 4823 4825 4826
f 4826 4825 4827
f 4826 4827 4828
f 4828 4827 4829
f 4828 4829 4830
f 4830 4829 4831
f 4830 4831 5239
f 5239 4831 4832
f 5239 4832 5240
f 5240 4832 4833
f 5348 4834 5349
f 5349 4834 4835
f 5349 4835 5452
f 5452 4835 4836
f 5452 4836 5350
f 5350 4836 4838
f 4838 4836 4837
f 4838 4837 5433
f 5433 4837 4839
f 5433 4839 4840
f 4840 4839 4841
f 4840 4841 4842
f 4842 4841 4843
f 4842 4843 5448
f 5448 4843 4844
f 5448 4844 5351
f 5351 4844 4845
f 4845 4844 4846
f 4845 4846 4847
f 4847 4846 4848
f 4847 4848 4849
f 4849 4848 4850
f 4849 4850 5454
f 5454 4850 4852
f 5454 4852 4851
f 4851 4852 4853
f 4851 4853 5352
f 5352 4853 4854
f 5352 4854 4855
f 4855 4854 4856
f 4856 4854 4857
f 4856 4857 4858
f 4858 4857 4860
f 4858 4860 4859
f 4859 4860 4861
f 4859 4861 4862
f 4862 4861 4863
f 4862 4863 4864
f 4864 4863 4865
f 4864 4865 4866
f 4866 4865 4867
f 4867 4865 4868
f 4867 4868 4869
f 4869 4868 4870
f 4869 4870 4871
f 4871 4870 4872
f 4871 4872 5451
f 5451 4872 4873
f 5451 4873 4874
f 4874 4873 4875
f 4874 4875 5455
f 5455 4875 4876
f 5455 4876 4877
f 4877 4876 4878
f 4878 4876 4879
f 4878 4879 4880
f 4880 4879 4881
f 4880 4881 5294
f 5294 4881 5293
f 5293 4881 4882
f 5293 4882 4883
f 4883 4882 4884
f 4884 4882 4885
f 4884 4885 4807
f 4807 4885 4808
f 4808 4885 4809
f 4809 4885 4810
f 4810 4885 4811
f 4811 4885 4812
f 4812 4885 4813
f 4813 4885 4814
f 4814 4885 4815
f 4815 4885 4816
f 4816 4885 4886
f 4816 4886 4817
f 4817 4886 4818
f 4818 4886 4819
f 4819 4886 4820
f 4820 4886 4821
f 4821 4886 4824
f 4824 4886 4825
f 4825 4886 4827
f 4827 4886 4829
f 4829 4886 4831
f 4831 4886 4887
f 4831 4887 4832
f 4832 4887 4833
f 4833 4887 4888
f 4888 4887 4890
f 4888 4890 4889
f 4889 4890 4891
f 4891 4890 4892
f 4892 4890 4893
f 4893 4890 4896
f 4893 4896 4894
f 4894 4896 4895
f 4895 4896 4897
f 4897 4896 4898
f 4898 4896 4899
f 4898 4899 4900
f 4900 4899 4901
f 4901 4899 4902
f 4901 4902 4903
f 4903 4902 4904
f 4904 4902 4905
f 4905 4902 4906
f 4906 4902 4907
f 4906 4907 4908
f 4908 4907 4909
f 4908 4909 4910
f 4807 4806 4884
f 4884 4806 4805
f 4884 4805 4804
f 4804 4803 4884
f 4884 4803 4802
f 4834 2481 2544
f 4834 2544 4835
f 4835 2544 1494
f 4835 1494 4836
f 4836 1494 2543
f 4836 2543 4837
f 4837 2543 2542
f 4837 2542 4839
f 4839 2542 2541
f 4839 2541 4841
f 4841 2541 1496
f 4841 1496 4843
f 4843 1496 2540
f 4843 2540 4844
f 4844 2540 2539
f 4844 2539 4846
f 4846 2539 2538
f 4846 2538 4848
f 4848 2538 2537
f 4848 2537 4850
f 4850 2537 2536
f 4850 2536 4852
f 4852 2536 2535
f 4852 2535 4853
f 4853 2535 2534
f 4853 2534 4854
f 4854 2534 2533
f 4854 2533 1498
f 4854 1498 4857
f 4857 1498 2532
f 4857 2532 2531
f 4857 2531 4860
f 4860 2531 1783
f 4860 1783 4861
f 4861 1783 1782
f 4861 1782 2530
f 4861 2530 4863
f 4863 2530 2529
f 4863 2529 2528
f 4863 2528 4865
f 4865 2528 2527
f 4865 2527 2526
f 4865 2526 4868
f 4868 2526 2525
f 4868 2525 4870
f 4870 2525 2524
f 4870 2524 4872
f 4872 2524 2523
f 4872 2523 4873
f 4873 2523 2522
f 4873 2522 4875
f 4875 2522 2521
f 4875 2521 4876
f 4876 2521 2520
f 4876 2520 4879
f 4879 2520 2519
f 4879 2519 4881
f 4881 2519 2518
f 4881 2518 4882
f 4882 2518 2517
f 4882 2517 4885
f 4885 2517 4886
f 4886 2517 2516
f 4886 2516 4887
f 4887 2516 2515
f 4887 2515 4890
f 4890 2515 2514
f 4890 2514 4896
f 4896 2514 1785
f 4896 1785 4899
f 4899 1785 1789
f 4899 1789 4902
f 4902 1789 4907
f 4907 1789 1792
f 4907 1792 4909
f 4909 1792 1801
f 4909 1801 2513
f 4909 2513 4911
f 4911 2513 2512
f 4911 2512 4912
f 4912 2512 2511
f 4912 2511 4913
f 4913 2511 2510
f 4913 2510 4914
f 4914 2510 4915
f 4915 2510 2509
f 4915 2509 4916
f 4916 2509 2508
f 4916 2508 4917
f 4917 2508 2507
f 4917 2507 4918
f 4918 2507 2506
f 4918 2506 4919
f 4919 2506 2505
f 4919 2505 4920
f 4920 2505 2504
f 4920 2504 4921
f 4921 2504 2503
f 4921 2503 4922
f 4922 2503 2502
f 4922 2502 4923
f 4923 2502 2501
f 4923 2501 4924
f 4924 2501 2500
f 4924 2500 4925
f 4925 2500 2499
f 4925 2499 4926
f 4926 2499 2498
f 4926 2498 1808
f 4926 1808 4927
f 4927 1808 1807
f 4927 1807 1806
f 4927 1806 2497
f 4927 2497 4928
f 4928 2497 2496
f 4928 2496 2495
f 4928 2495 4929
f 4929 2495 2494
f 4929 2494 2493
f 4929 2493 4930
f 4930 2493 2492
f 4930 2492 1487
f 4930 1487 4931
f 4931 1487 2491
f 4931 2491 4932
f 4932 2491 2490
f 4932 2490 2489
f 4932 2489 4933
f 4933 2489 4934
f 4934 2489 2488
f 4934 2488 4935
f 4935 2488 4936
f 4936 2488 2487
f 4936 2487 4937
f 4937 2487 2486
f 4937 2486 4938
f 4938 2486 1489
f 4938 1489 4939
f 4939 1489 2485
f 4939 2485 4940
f 4940 2485 2484
f 4940 2484 4941
f 4941 2484 2483
f 4941 2483 4942
f 4942 2483 1492
f 4942 1492 1491
f 4942 1491 4943
f 4943 1491 2482
f 4943 2482 4944
f 4944 2482 2481
f 4944 2481 4834
f 4910 4909 4945
f 4945 4909 4946
f 4946 4909 4947
f 4947 4909 4911
f 4947 4911 4948
f 4948 4911 4949
f 4949 4911 4912
f 4949 4912 4950
f 4950 4912 4951
f 4951 4912 4952
f 4952 4912 4953
f 4953 4912 4913
f 4953 4913 4954
f 4954 4913 4914
f 4954 4914 4955
f 4955 4914 4956
f 4956 4914 4957
f 4957 4914 4915
f 4957 4915 4958
f 4958 4915 4959
f 4959 4915 4916
f 4959 4916 4960
f 4960 4916 4961
f 4961 4916 4962
f 4962 4916 4963
f 4963 4916 4917
f 4963 4917 4964
f 4964 4917 4965
f 4965 4917 4918
f 4965 4918 4966
f 4966 4918 4967
f 4967 4918 4968
f 4968 4918 4969
f 4969 4918 4919
f 4969 4919 4970
f 4970 4919 4971
f 4971 4919 4920
f 4971 4920 4972
f 4972 4920 4973
f 4973 4920 4974
f 4974 4920 4975
f 4975 4920 4921
f 4975 4921 4976
f 4976 4921 4922
f 4976 4922 4977
f 4977 4922 4978
f 4978 4922 4923
f 4978 4923 4979
f 4979 4923 4980
f 4980 4923 4981
f 4981 4923 4924
f 4981 4924 4982
f 4982 4924 4925
f 4982 4925 4983
f 4983 4925 4984
f 4984 4925 4926
f 4984 4926 4985
f 4985 4926 4986
f 4986 4926 4987
f 4987 4926 4988
f 4988 4926 4927
f 4988 4927 4989
f 4989 4927 4990
f 4990 4927 4991
f 4991 4927 4928
f 4991 4928 4992
f 4992 4928 4993
f 4993 4928 4994
f 4994 4928 4929
f 4994 4929 4995
f 4995 4929 4996
f 4996 4929 4997
f 4997 4929 4930
f 4997 4930 4998
f 4998 4930 4999
f 4999 4930 5000
f 5000 4930 4931
f 5000 4931 5001
f 5001 4931 5002
f 5002 4931 4932
f 5002 4932 5003
f 5003 4932 5004
f 5004 4932 5005
f 5005 4932 5006
f 5006 4932 4933
f 5006 4933 5007
f 5007 4933 5008
f 5008 4933 5009
f 5009 4933 5010
f 5010 4933 5011
f 5011 4933 5012
f 5012 4933 4934
f 5012 4934 5013
f 5013 4934 5014
f 5014 4934 5015
f 5015 4934 5016
f 5016 4934 5017
f 5017 4934 5018
f 5018 4934 4935
f 5018 4935 5019
f 5019 4935 5020
f 5020 4935 5021
f 5021 4935 5022
f 5022 4935 5023
f 5023 4935 5024
f 5024 4935 5025
f 5025 4935 5026
f 5026 4935 606
f 5026 606 5027
f 5027 606 5028
f 5028 606 5029
f 5029 606 604
f 606 4935 607
f 607 4935 4936
f 607 4936 608
f 608 4936 5030
f 5030 4936 4937
f 5030 4937 5460
f 5460 4937 4938
f 5460 4938 5031
f 5031 4938 4939
f 5031 4939 5344
f 5344 4939 5032
f 5032 4939 4940
f 5345 4940 5346
f 5346 4940 4941
f 5346 4941 5033
f 5033 4941 4942
f 5033 4942 5034
f 5034 4942 4943
f 5034 4943 5347
f 5347 4943 4944
f 5347 4944 5348
f 5348 4944 4834
f 5281 5035 5007
f 5007 5035 5006
f 5006 5035 5036
f 5006 5036 5005
f 5005 5036 5037
f 5005 5037 5004
f 5004 5037 5038
f 5004 5038 5003
f 5003 5038 5039
f 5003 5039 5002
f 5002 5039 5040
f 5002 5040 5001
f 5001 5040 5041
f 5001 5041 5000
f 5000 5041 5042
f 5000 5042 4999
f 4999 5042 5043
f 4999 5043 4998
f 4998 5043 5121
f 4998 5121 4997
f 4997 5121 5044
f 4997 5044 4996
f 4996 5044 5045
f 4996 5045 4995
f 4995 5045 5046
f 4995 5046 4994
f 4994 5046 5047
f 4994 5047 4993
f 4993 5047 5048
f 4993 5048 4992
f 4992 5048 5049
f 4992 5049 4991
f 4991 5049 5050
f 4991 5050 4990
f 4990 5050 5051
f 4990 5051 4989
f 4989 5051 5052
f 4989 5052 4988
f 4988 5052 5053
f 4988 5053 4987
f 4987 5053 5054
f 4987 5054 4986
f 4986 5054 5055
f 4986 5055 4985
f 4985 5055 5056
f 4985 5056 4984
f 4984 5056 5057
f 4984 5057 4983
f 4983 5057 5058
f 4983 5058 4982
f 4982 5058 5059
f 4982 5059 4981
f 4981 5059 5060
f 4981 5060 4980
f 4980 5060 5061
f 4980 5061 4979
f 4979 5061 5062
f 4979 5062 4978
f 4978 5062 5063
f 4978 5063 4977
f 4977 5063 5064
f 4977 5064 4976
f 4976 5064 5065
f 4976 5065 4975
f 4975 5065 5066
f 4975 5066 4974
f 4974 5066 5067
f 4974 5067 4973
f 4973 5067 5068
f 4973 5068 4972
f 4972 5068 5069
f 4972 5069 4971
f 4971 5069 5070
f 4971 5070 4970
f 4970 5070 5071
f 4970 5071 4969
f 4969 5071 5072
f 4969 5072 4968
f 4968 5072 5073
f 4968 5073 4967
f 4967 5073 5074
f 4967 5074 4966
f 4966 5074 5075
f 4966 5075 4965
f 4965 5075 5076
f 4965 5076 4964
f 4964 5076 5077
f 4964 5077 4963
f 4963 5077 5078
f 4963 5078 4962
f 4962 5078 5079
f 4962 5079 4961
f 4961 5079 5080
f 4961 5080 4960
f 4960 5080 5081
f 4960 5081 4959
f 4959 5081 5082
f 4959 5082 4958
f 4958 5082 5083
f 4958 5083 4957
f 4957 5083 5084
f 4957 5084 4956
f 4956 5084 5085
f 4956 5085 4955
f 4955 5085 5086
f 4955 5086 4954
f 4954 5086 5087
f 4954 5087 4953
f 4953 5087 5088
f 4953 5088 4952
f 4952 5088 5089
f 4952 5089 4951
f 4951 5089 5090
f 4951 5090 4950
f 4950 5090 5091
f 4950 5091 4949
f 4949 5091 5092
f 4949 5092 4948
f 4948 5092 5093
f 4948 5093 4947
f 4947 5093 5094
f 4947 5094 4946
f 4946 5094 5095
f 4946 5095 4945
f 4945 5095 5096
f 4945 5096 4910
f 4910 5096 5097
f 4910 5097 4908
f 4908 5097 5098
f 4908 5098 4906
f 4906 5098 5099
f 4906 5099 4905
f 4905 5099 5100
f 4905 5100 4904
f 4904 5100 5101
f 4904 5101 4903
f 4903 5101 5102
f 4903 5102 4901
f 4901 5102 5103
f 4901 5103 4900
f 4900 5103 5104
f 4900 5104 4898
f 4898 5104 5105
f 4898 5105 4897
f 4897 5105 5106
f 4897 5106 4895
f 4895 5106 5107
f 4895 5107 4894
f 4894 5107 5108
f 4894 5108 4893
f 4893 5108 5109
f 4893 5109 4892
f 4892 5109 5110
f 4892 5110 4891
f 4891 5110 5111
f 4891 5111 4889
f 4889 5111 5112
f 4889 5112 4888
f 4888 5112 5240
f 4888 5240 4833
f 5115 5235 5114
f 5115 5114 5162
f 5116 5238 5244
f 5244 5240 5112
f 5244 5112 5116
f 5116 5112 5111
f 5116 5111 5110
f 5116 5110 5157
f 5157 5110 5109
f 5157 5109 5108
f 5157 5108 5107
f 5157 5107 5117
f 5117 5107 5106
f 5117 5106 5105
f 5117 5105 5142
f 5142 5105 5104
f 5142 5104 5103
f 5142 5103 5102
f 5142 5102 5153
f 5153 5102 5101
f 5153 5101 5100
f 5153 5100 5099
f 5153 5099 5155
f 5155 5099 5098
f 5155 5098 5097
f 5155 5097 5118
f 5118 5097 5096
f 5118 5096 5095
f 5118 5095 5119
f 5119 5095 5094
f 5119 5094 5093
f 5119 5093 5092
f 5119 5092 5158
f 5158 5092 5091
f 5158 5091 5090
f 5158 5090 5143
f 5143 5090 5089
f 5143 5089 5088
f 5143 5088 5087
f 5143 5087 5086
f 5143 5086 5156
f 5156 5086 5085
f 5156 5085 5084
f 5156 5084 5083
f 5156 5083 5082
f 5156 5082 5150
f 5150 5082 5081
f 5150 5081 5080
f 5150 5080 5079
f 5150 5079 5154
f 5154 5079 5078
f 5154 5078 5077
f 5154 5077 5145
f 5145 5077 5076
f 5145 5076 5075
f 5145 5075 5074
f 5145 5074 5147
f 5147 5074 5073
f 5147 5073 5072
f 5147 5072 5146
f 5146 5072 5071
f 5146 5071 5070
f 5146 5070 5069
f 5146 5069 5068
f 5146 5068 5151
f 5151 5068 5067
f 5151 5067 5066
f 5151 5066 5064
f 5064 5066 5065
f 5148 5064 5063
f 5148 5063 5062
f 5148 5062 5144
f 5144 5062 5061
f 5144 5061 5060
f 5144 5060 5058
f 5058 5060 5059
f 5159 5058 5057
f 5159 5057 5149
f 5149 5057 5056
f 5149 5056 5055
f 5149 5055 5054
f 5149 5054 5120
f 5120 5054 5053
f 5120 5053 5052
f 5120 5052 5051
f 5120 5051 5050
f 5120 5050 5049
f 5120 5049 5160
f 5160 5049 5048
f 5160 5048 5047
f 5160 5047 5161
f 5161 5047 5046
f 5161 5046 5045
f 5161 5045 5044
f 5161 5044 5121
f 5121 5043 5152
f 5152 5043 5042
f 5152 5042 5041
f 5152 5041 5040
f 5152 5040 5122
f 5122 5040 5039
f 5122 5039 5038
f 5122 5038 5123
f 5123 5038 5037
f 5123 5037 5036
f 5123 5036 5035
f 5123 5035 5281
f 5230 5127 5220
f 5220 5127 5223
f 5223 5127 5125
f 5223 5125 5232
f 5221 5232 5228
f 5227 5234 5126
f 5229 5126 5233
f 5233 5126 5226
f 5226 5126 5131
f 5246 339 5230
f 5232 5134 5228
f 5224 5132 5133
f 5224 5133 5210
f 5245 5128 5246
f 5246 5128 339
f 5230 339 5127
f 5125 5127 5134
f 5125 5134 5232
f 5228 5129 5234
f 5234 5129 5130
f 5228 5134 5129
f 5234 5137 5126
f 5225 5141 5132
f 5126 5137 5131
f 5135 441 5231
f 5127 5136 5134
f 5131 5137 5138
f 5131 5138 5139
f 5139 5140 5225
f 5225 5140 5141
f 5132 5141 439
f 5132 439 5133
f 5133 439 440
f 5133 440 5135
f 5135 440 441
f 5127 339 5136
f 5136 340 5134
f 5134 340 5129
f 5234 5130 5137
f 5138 5140 5139
f 5161 5121 5152
f 5166 5144 5058
f 5155 5118 5164
f 5164 5118 5119
f 5143 5156 5163
f 5151 5064 5148
f 5166 5058 5159
f 5159 5149 5173
f 5173 5149 5120
f 5153 5155 5165
f 5150 5154 5174
f 5148 5144 5166
f 5153 5165 5177
f 5117 5142 5168
f 5157 5162 5116
f 5116 5162 5238
f 5150 5163 5156
f 5187 5160 5161
f 5182 5161 5152
f 5183 5122 5123
f 5153 5177 5142
f 5142 5177 5168
f 5157 5117 5162
f 5164 5119 5158
f 5174 5154 5145
f 5173 5120 5160
f 5182 5152 5122
f 5164 5165 5155
f 5184 5147 5146
f 5172 5151 5148
f 5175 5148 5166
f 5166 5159 5180
f 5180 5159 5173
f 5183 5182 5122
f 5170 5158 5143
f 5171 5150 5174
f 5172 5148 5175
f 5202 5165 5164
f 5170 5164 5158
f 5178 5170 5143
f 5183 5123 5176
f 5117 5168 5169
f 5117 5169 5162
f 5178 5143 5163
f 5179 5163 5150
f 5179 5150 5171
f 5174 5145 5189
f 5189 5145 5147
f 5187 5161 5182
f 5184 5146 5185
f 5185 5146 5151
f 5185 5151 5172
f 5187 5173 5160
f 5162 5169 5115
f 5202 5164 5170
f 5181 5180 5173
f 5165 5190 5177
f 5177 5190 5186
f 5177 5186 5168
f 5168 5186 5167
f 5168 5167 5169
f 5204 5178 5163
f 5184 5189 5147
f 5180 5175 5166
f 5181 5173 5187
f 5201 5182 5183
f 5190 5165 5202
f 5197 5170 5178
f 5204 5163 5179
f 5202 5170 5197
f 5185 5172 5194
f 5194 5172 5175
f 5181 5187 5196
f 5115 5169 5191
f 5193 5179 5171
f 5212 5189 5184
f 5213 5180 5181
f 5188 5201 5183
f 5193 5171 5189
f 5189 5171 5174
f 5206 5212 5184
f 5206 5184 5185
f 5176 5188 5183
f 5169 5167 5191
f 5215 5204 5179
f 5194 5175 5180
f 5201 5187 5182
f 5124 5176 5290
f 5186 5192 5167
f 5115 5191 5235
f 5207 5190 5202
f 5203 5197 5178
f 5203 5178 5204
f 5215 5179 5193
f 5195 5194 5180
f 5186 5190 5198
f 5186 5198 5192
f 5167 5192 5191
f 5195 5180 5213
f 5201 5196 5187
f 5205 5201 5188
f 5193 5189 5212
f 5200 5213 5181
f 5188 5176 5124
f 5199 5206 5185
f 5199 5185 5194
f 5200 5181 5196
f 5215 5193 5217
f 5199 5194 5219
f 5208 5212 5206
f 5216 5206 5199
f 5219 5194 5195
f 5207 5202 5197
f 5212 5217 5193
f 5229 5212 5208
f 5209 5200 5196
f 5209 5196 5201
f 5192 5210 5211
f 5192 5211 5191
f 5218 5198 5190
f 5218 5190 5207
f 5207 5197 5214
f 5219 5195 5222
f 5209 5201 5205
f 5198 5224 5192
f 5192 5224 5210
f 5203 5204 5215
f 5208 5206 5216
f 5222 5195 5213
f 5230 5205 5188
f 5230 5188 5124
f 5235 5191 5113
f 5223 5222 5213
f 5246 5230 5124
f 5191 5211 5113
f 5214 5197 5203
f 5223 5213 5200
f 5223 5200 5209
f 5198 5218 5224
f 5218 5207 5225
f 5225 5207 5214
f 5233 5215 5217
f 5227 5229 5208
f 5221 5216 5199
f 5223 5209 5220
f 5226 5214 5203
f 5226 5203 5215
f 5229 5217 5212
f 5221 5199 5219
f 5220 5209 5205
f 5226 5215 5233
f 5232 5219 5222
f 5220 5205 5230
f 5139 5214 5226
f 5228 5216 5221
f 5232 5221 5219
f 5211 5231 5113
f 5225 5214 5139
f 5233 5217 5229
f 5228 5208 5216
f 5234 5227 5208
f 5234 5208 5228
f 5210 5133 5135
f 5210 5135 5211
f 5211 5135 5231
f 5132 5224 5218
f 5132 5218 5225
f 5131 5139 5226
f 5126 5229 5227
f 5232 5222 5223
f 5231 5236 5113
f 5244 5239 5240
f 5244 5241 5239
f 5242 4792 5241
f 4828 5241 4826
f 5241 4792 4823
f 5241 4823 4826
f 4792 4790 4822
f 4792 4822 4823
f 5241 4828 4830
f 5241 4830 5239
f 5236 5231 441
f 5235 5113 4796
f 5243 5235 4796
f 5114 5235 5243
f 5238 5162 5114
f 4796 5113 5236
f 4794 5243 4796
f 5237 5243 4794
f 5114 5243 5237
f 5242 5114 5237
f 5238 5114 5242
f 5241 5238 5242
f 5244 5238 5241
f 5280 5128 5292
f 5292 5128 5245
f 5290 5176 5123
f 5247 5248 5291
f 5285 5283 5249
f 5249 5250 5285
f 5250 5251 5285
f 5285 5251 5252
f 5285 5252 5253
f 5285 5253 5289
f 5289 5253 5254
f 5289 5254 5255
f 5284 5255 5256
f 5284 5256 5257
f 5284 5257 5258
f 5284 5258 5259
f 5284 5259 5260
f 5284 5260 5286
f 5286 5260 5261
f 5286 5261 5262
f 5286 5262 5263
f 5286 5263 5264
f 5286 5264 5267
f 5267 5264 5265
f 5267 5265 456
f 5291 5290 5123
f 5286 5269 5270
f 5266 5268 5271
f 5286 5272 5269
f 5268 5270 5271
f 5269 5272 493
f 5271 5273 5266
f 5267 493 5272
f 5266 5274 5290
f 5270 5269 5276
f 5270 5276 5271
f 5271 5275 5273
f 5266 5273 5274
f 5269 493 491
f 5276 5275 5271
f 5273 5278 5274
f 491 5277 5269
f 5269 5277 5276
f 5273 5275 5278
f 5277 5279 5276
f 5274 5124 5290
f 5279 489 5280
f 5123 5281 5291
f 5291 5281 5282
f 5124 5274 5246
f 5255 5284 5289
f 5267 5272 5286
f 5285 5291 5283
f 5283 5291 5248
f 5247 5291 5282
f 5286 5287 5284
f 5284 5287 5289
f 5286 5270 5287
f 5289 5288 5285
f 5287 5268 5289
f 5285 5288 5291
f 5287 5270 5268
f 5268 5266 5289
f 5289 5266 5290
f 5289 5290 5288
f 5288 5290 5291
f 5276 5280 5275
f 5276 5279 5280
f 5275 5292 5278
f 5275 5280 5292
f 5274 5278 5246
f 5278 5245 5246
f 5292 5245 5278
f 5281 5007 5008
f 5281 5008 5282
f 5282 5008 5009
f 5282 5009 5247
f 5247 5009 5010
f 5247 5010 5248
f 5248 5010 5011
f 5248 5011 5283
f 5283 5011 5012
f 5283 5012 5013
f 5283 5013 5249
f 5249 5013 5250
f 5250 5013 5014
f 5250 5014 5251
f 5251 5014 5015
f 5251 5015 5252
f 5252 5015 5016
f 5252 5016 5017
f 5252 5017 5253
f 5253 5017 5254
f 5254 5017 5018
f 5254 5018 5255
f 5255 5018 5019
f 5255 5019 5256
f 5256 5019 5020
f 5256 5020 5257
f 5257 5020 5021
f 5257 5021 5258
f 5258 5021 5022
f 5258 5022 5259
f 5259 5022 5023
f 5259 5023 5024
f 5259 5024 5260
f 5260 5024 5025
f 5260 5025 5261
f 5261 5025 5262
f 5262 5025 5026
f 5262 5026 5263
f 5263 5026 5027
f 5263 5027 5028
f 5263 5028 5264
f 5264 5028 5029
f 5264 5029 5265
f 5265 5029 604
f 604 456 5265
f 5294 5293 5295
f 5294 5295 4880
f 4880 5295 5432
f 5405 5432 5296
f 5405 5296 5297
f 5358 5298 5299
f 5358 5299 5372
f 5372 5299 5300
f 5372 5300 5301
f 5371 5302 5303
f 5371 5303 5304
f 5371 5304 5390
f 5390 5304 5305
f 5308 5309 5378
f 5378 5309 5310
f 5361 5310 5311
f 5361 5311 5357
f 5357 5311 5312
f 5357 5312 5353
f 5353 5314 5313
f 5313 5314 5315
f 5396 5360 5316
f 5396 5316 5356
f 5317 5318 5375
f 5375 5318 5367
f 5364 5319 5374
f 5374 5319 5320
f 5374 5320 5365
f 5365 5320 5321
f 5321 5322 5387
f 5387 5322 5323
f 5406 5328 5373
f 5381 5329 5330
f 5391 5330 5331
f 5391 5331 5366
f 5366 5331 5332
f 5366 5332 5333
f 5362 5334 5335
f 5362 5335 5336
f 5363 609 5340
f 5340 609 5453
f 5340 5453 5341
f 5341 5453 5421
f 5421 5453 5458
f 5435 5450 5457
f 5343 5453 608
f 5343 608 5030
f 5458 5344 5032
f 5458 5032 5345
f 5345 5032 4940
f 5351 4845 5443
f 5443 4845 4847
f 5449 5454 4851
f 5449 4851 5352
f 5446 4856 4858
f 5446 4858 4859
f 4866 4867 5457
f 5457 4867 4869
f 5451 4874 5455
f 5455 4877 5445
f 5445 4877 4878
f 5445 4878 4880
f 5326 5354 5325
f 5317 5384 5356
f 5326 5359 5354
f 5317 5375 5384
f 5307 5308 5379
f 5307 5379 5306
f 5298 5358 5297
f 5368 5334 5362
f 5323 5383 5393
f 5323 5393 5387
f 5368 5333 5334
f 5362 5336 5337
f 5353 5313 5357
f 5302 5371 5385
f 5302 5385 5301
f 5327 5388 5359
f 5325 5354 5382
f 5325 5382 5324
f 5392 5338 5339
f 5360 5396 5315
f 5315 5396 5370
f 5315 5370 5313
f 5308 5378 5379
f 5392 5362 5337
f 5392 5337 5338
f 5392 5339 5340
f 5340 5339 5363
f 5328 5388 5327
f 5321 5387 5365
f 5356 5384 5396
f 5328 5406 5388
f 5324 5386 5355
f 5355 5386 5383
f 5381 5373 5329
f 5400 5366 5333
f 5357 5313 5377
f 5305 5380 5390
f 5381 5330 5391
f 5400 5333 5368
f 5364 5374 5389
f 5369 5364 5376
f 5369 5376 5367
f 5367 5376 5375
f 5359 5388 5354
f 5324 5382 5386
f 5374 5401 5389
f 5364 5389 5376
f 5313 5370 5377
f 5357 5377 5361
f 5306 5379 5305
f 5305 5379 5380
f 5403 5368 5362
f 5406 5373 5381
f 5383 5386 5393
f 5365 5401 5374
f 5371 5390 5399
f 5301 5408 5372
f 5358 5405 5297
f 5413 5403 5362
f 5413 5362 5392
f 5387 5422 5365
f 5375 5395 5384
f 5361 5398 5310
f 5378 5418 5379
f 5394 5392 5341
f 5341 5392 5340
f 5406 5414 5388
f 5354 5388 5410
f 5354 5410 5382
f 5387 5393 5422
f 5375 5376 5395
f 5310 5398 5378
f 5372 5408 5358
f 5397 5391 5366
f 5361 5377 5398
f 5358 5408 5405
f 5425 5381 5391
f 5413 5392 5394
f 5389 5401 5407
f 5371 5399 5385
f 5400 5397 5366
f 5382 5410 5404
f 5389 5407 5376
f 5376 5407 5402
f 5376 5402 5395
f 5408 5301 5411
f 5403 5400 5368
f 5382 5404 5386
f 5396 5412 5370
f 5380 5379 5419
f 5380 5419 5390
f 5301 5385 5411
f 5397 5425 5391
f 5384 5412 5396
f 5401 5365 5415
f 5384 5395 5412
f 5379 5418 5419
f 5422 5393 5428
f 5365 5422 5415
f 5406 5381 5425
f 5388 5414 5410
f 5407 5401 5417
f 5395 5409 5412
f 5399 5424 5385
f 5420 5400 5403
f 5401 5415 5417
f 5395 5402 5409
f 5390 5419 5399
f 5420 5397 5400
f 5393 5386 5428
f 5398 5429 5378
f 5378 5429 5418
f 5402 5407 5438
f 5370 5416 5377
f 5377 5423 5398
f 5439 5403 5413
f 5407 5417 5438
f 5370 5412 5416
f 5421 5394 5341
f 5411 5437 5408
f 5421 5439 5413
f 5421 5413 5394
f 5410 5427 5404
f 5404 5427 5430
f 5377 5416 5423
f 5418 5450 5419
f 5411 5385 5437
f 5405 5408 5432
f 5434 5414 5406
f 5434 5406 5425
f 5414 5427 5410
f 5398 5423 5429
f 5426 5425 5397
f 5426 5397 5420
f 5439 5420 5403
f 5404 5430 5433
f 5404 5433 5386
f 5386 5433 5428
f 5415 5422 5431
f 5385 5424 5437
f 5419 5450 5435
f 5419 5435 5399
f 5436 5426 5420
f 5422 5428 5431
f 5399 5435 5424
f 5408 5437 5432
f 5426 5434 5425
f 5415 5431 5417
f 5402 5438 5409
f 5436 5420 5439
f 5414 5441 5427
f 5409 5442 5412
f 5418 5429 5450
f 5441 5414 5434
f 5412 5442 5449
f 5412 5449 5416
f 5417 5443 5438
f 5409 5438 5442
f 5423 5447 5429
f 5437 5424 5440
f 5417 5431 5443
f 5424 5435 5440
f 5431 5428 5342
f 5416 5449 5444
f 5423 5416 5446
f 5423 5446 5447
f 5458 5439 5421
f 5438 5443 5442
f 5416 5444 5446
f 5437 5440 5445
f 5437 5445 5432
f 5436 5439 5458
f 5428 5433 5342
f 5431 5342 5443
f 5429 5447 5450
f 5459 5441 5434
f 5459 5434 5426
f 5456 5426 5436
f 5427 5441 5452
f 5427 5452 5430
f 5440 5435 4871
f 5430 4838 5433
f 5443 5342 5448
f 5435 5457 4871
f 5440 5455 5445
f 5456 5459 5426
f 5449 5442 5454
f 5348 5441 5459
f 5342 5433 4840
f 5446 4859 5447
f 5450 4864 5457
f 5440 4871 5451
f 5440 5451 5455
f 5441 5348 5349
f 5441 5349 5452
f 5443 5448 5351
f 5443 4847 5442
f 5444 4856 5446
f 5450 5447 4862
f 5450 4862 4864
f 5432 5445 4880
f 5430 5452 5350
f 5430 5350 4838
f 5342 4842 5448
f 5449 5352 5444
f 5444 5352 4855
f 5444 4855 4856
f 5031 5458 5453
f 5342 4840 4842
f 5447 4859 4862
f 4864 4866 5457
f 5347 5459 5456
f 5345 5456 5436
f 5343 5460 5453
f 5442 4847 4849
f 5442 4849 5454
f 4871 5457 4869
f 5345 5436 5458
f 5034 5347 5456
f 5346 5456 5345
f 5031 5453 5460
f 5347 5348 5459
f 5033 5034 5456
f 5033 5456 5346
f 5344 5458 5031
f 5030 5460 5343
f 4589 4576 3667
f 3667 4576 3911
f 3667 3911 3664
f 3664 3911 3907
f 3664 3907 3912
f 3777 3750 3912
f 3912 3750 3825
f 3912 3825 3784
f 3912 3784 3783
f 3912 3783 3664
f 3667 3669 4589
f 4589 3669 4642
f 4642 3669 3682
f 4642 3682 4643
f 4643 3682 3683
f 4643 3683 4648
f 4648 3683 3684
f 4648 3684 4590
f 4590 3684 3685
f 4590 3685 4592
f 4592 3685 3686
f 4592 3686 4649
f 4649 3686 3687
f 4649 3687 4593
f 4593 3687 3688
f 4593 3688 4595
f 4595 3688 3689
f 4595 3689 4597
f 4597 3689 3690
f 4597 3690 4599
f 4599 3690 3691
f 4599 3691 4601
f 4601 3691 3692
f 4601 3692 4639
f 4639 3692 3693
f 4639 3693 4603
f 4603 3693 3694
f 4603 3694 4605
f 4605 3694 3695
f 4605 3695 4606
f 4606 3695 3696
f 4606 3696 4607
f 4607 3696 3697
f 4607 3697 4609
f 4609 3697 3698
f 4609 3698 4611
f 4611 3698 3699
f 4611 3699 4613
f 4613 3699 3700
f 4613 3700 4615
f 4615 3700 3701
f 4615 3701 4617
f 4617 3701 3702
f 4617 3702 4619
f 4619 3702 3703
f 4619 3703 4620
f 4620 3703 3704
f 4620 3704 4622
f 4622 3704 3705
f 4622 3705 4624
f 4624 3705 3706
f 4624 3706 4625
f 4625 3706 3707
f 4625 3707 4626
f 4626 3707 3722
f 4626 3722 4627
f 4627 3722 4802
f 4802 3722 3724
f 4802 3724 4884
f 4884 3724 4883
f 4883 3724 3727
f 4883 3727 5297
f 4883 5297 5296
f 5296 5432 4883
f 5432 5295 4883
f 4883 5295 5293
f 4548 3882 3883
f 4548 3883 4547
f 4547 3883 4546
f 4546 3883 3884
f 4546 3884 3886
f 4546 3886 4545
f 4545 3886 3887
f 4545 3887 4544
f 4544 3887 3888
f 4544 3888 4543
f 4543 3888 3889
f 4543 3889 4553
f 4553 3889 3890
f 4553 3890 3891
f 4553 3891 4555
f 4555 3891 3892
f 4555 3892 4558
f 4558 3892 3894
f 4558 3894 4559
f 4559 3894 4561
f 4561 3894 3895
f 4561 3895 3896
f 4561 3896 4562
f 4562 3896 3897
f 4562 3897 4563
f 4563 3897 3899
f 4563 3899 4564
f 4564 3899 3900
f 4564 3900 4566
f 4566 3900 3901
f 4566 3901 4567
f 4567 3901 3902
f 4567 3902 4568
f 4568 3902 3903
f 4568 3903 4571
f 4571 3903 3904
f 4571 3904 3905
f 4571 3905 4572
f 4572 3905 3906
f 4572 3906 4573
f 4573 3906 3908
f 4573 3908 4574
f 4574 3908 3909
f 4574 3909 3910
f 4574 3910 4575
f 4575 3910 3911
f 3911 4576 4575
f 3858 3859 4342
f 4342 3859 4502
f 4502 3859 3860
f 4502 3860 4503
f 4503 3860 3861
f 4503 3861 4504
f 4504 3861 3863
f 4504 3863 4506
f 4506 3863 3864
f 4506 3864 4507
f 4507 3864 3866
f 4507 3866 4508
f 4508 3866 3867
f 4508 3867 4509
f 4509 3867 3869
f 4509 3869 4510
f 4510 3869 3870
f 4510 3870 4511
f 4511 3870 3872
f 4511 3872 4512
f 4512 3872 3873
f 4512 3873 4513
f 4513 3873 3874
f 4513 3874 4514
f 4514 3874 3876
f 4514 3876 4515
f 4515 3876 3877
f 4515 3877 4516
f 4516 3877 3878
f 4516 3878 4517
f 4517 3878 3880
f 4517 3880 4519
f 4519 3880 3882
f 4519 3882 4548
f 4322 3995 4321
f 4321 3995 4348
f 4348 3995 3996
f 4348 3996 4351
f 4351 3996 3997
f 4351 3997 4352
f 4352 3997 3998
f 4352 3998 4354
f 4354 3998 3999
f 4354 3999 4356
f 4356 3999 4000
f 4356 4000 4359
f 4359 4000 4001
f 4359 4001 4361
f 4361 4001 4002
f 4361 4002 4364
f 4364 4002 4003
f 4364 4003 4368
f 4368 4003 4004
f 4368 4004 4369
f 4369 4004 4005
f 4369 4005 4371
f 4371 4005 4006
f 4371 4006 4374
f 4374 4006 4007
f 4374 4007 4377
f 4377 4007 4008
f 4377 4008 4380
f 4380 4008 4009
f 4380 4009 4382
f 4382 4009 4010
f 4382 4010 4385
f 4385 4010 4011
f 4385 4011 4386
f 4386 4011 4012
f 4386 4012 4388
f 4388 4012 4013
f 4388 4013 4391
f 4391 4013 4014
f 4391 4014 4392
f 4392 4014 4015
f 4392 4015 4394
f 4394 4015 4016
f 4394 4016 4396
f 4396 4016 4017
f 4396 4017 4398
f 4398 4017 4018
f 4398 4018 4401
f 4401 4018 4019
f 4401 4019 4404
f 4404 4019 4020
f 4404 4020 4405
f 4405 4020 4021
f 4405 4021 4407
f 4407 4021 4022
f 4407 4022 4410
f 4410 4022 4023
f 4410 4023 4412
f 4412 4023 4024
f 4412 4024 4413
f 4413 4024 4025
f 4413 4025 4415
f 4415 4025 4026
f 4415 4026 4417
f 4417 4026 4027
f 4417 4027 4419
f 4419 4027 4028
f 4419 4028 4424
f 4424 4028 4029
f 4424 4029 4426
f 4426 4029 4030
f 4426 4030 4428
f 4428 4030 4031
f 4428 4031 4429
f 4429 4031 4032
f 4429 4032 4430
f 4430 4032 4033
f 4430 4033 4433
f 4433 4033 4034
f 4433 4034 4434
f 4434 4034 4035
f 4434 4035 4436
f 4436 4035 4036
f 4436 4036 4438
f 4438 4036 4037
f 4438 4037 4440
f 4440 4037 4038
f 4440 4038 4442
f 4442 4038 4039
f 4442 4039 4443
f 4443 4039 4040
f 4443 4040 4445
f 4445 4040 4041
f 4445 4041 4447
f 4447 4041 4042
f 4447 4042 4448
f 4448 4042 4043
f 4448 4043 4449
f 4449 4043 4044
f 4449 4044 4450
f 4450 4044 4045
f 4450 4045 4452
f 4452 4045 4046
f 4452 4046 4453
f 4453 4046 4047
f 4453 4047 4454
f 4454 4047 4048
f 4454 4048 4456
f 4456 4048 4049
f 4456 4049 4457
f 4457 4049 4050
f 4457 4050 4458
f 4458 4050 4051
f 4458 4051 4460
f 4460 4051 4052
f 4460 4052 4461
f 4461 4052 4053
f 4461 4053 4463
f 4463 4053 4054
f 4463 4054 4464
f 4464 4054 4055
f 4464 4055 4465
f 4465 4055 4056
f 4465 4056 4341
f 4341 4056 3858
f 4341 3858 4342
f 4322 4320 3994
f 3994 4320 4337
f 3994 4337 4057
f 4057 4337 4319
f 4057 4319 3992
f 3992 4319 4335
f 3992 4335 3993
f 3993 4335 4318
f 3993 4318 4058
f 4058 4318 4333
f 4058 4333 4059
f 4059 4333 4300
f 4059 4300 4060
f 4060 4300 4299
f 4060 4299 4061
f 4061 4299 4301
f 4061 4301 4062
f 4062 4301 4304
f 4062 4304 4317
f 4062 4317 4063
f 4063 4317 4316
f 4063 4316 4064
f 4064 4316 4315
f 4064 4315 4065
f 4065 4315 4314
f 4065 4314 4066
f 4066 4314 4313
f 4066 4313 4067
f 4067 4313 4312
f 4067 4312 4311
f 4067 4311 4068
f 4068 4311 3990
f 3990 4311 4310
f 3990 4310 3991
f 3991 4310 4309
f 3991 4309 4069
f 4069 4309 4308
f 4069 4308 4070
f 4070 4308 4071
f 4071 4308 4307
f 4071 4307 4306
f 4071 4306 4072
f 4072 4306 4111
f 4072 4111 4073
f 610 5363 919
f 919 5363 5339
f 919 5339 918
f 918 5339 5338
f 918 5338 917
f 917 5338 5337
f 917 5337 916
f 916 5337 5336
f 916 5336 5335
f 916 5335 920
f 920 5335 5334
f 920 5334 921
f 921 5334 5333
f 921 5333 922
f 922 5333 5332
f 922 5332 923
f 923 5332 5331
f 923 5331 924
f 924 5331 925
f 925 5331 5330
f 925 5330 926
f 926 5330 5329
f 926 5329 5373
f 926 5373 927
f 927 5373 5328
f 927 5328 928
f 928 5328 5327
f 928 5327 5359
f 928 5359 930
f 930 5359 5326
f 930 5326 931
f 931 5326 5325
f 931 5325 932
f 932 5325 5324
f 932 5324 933
f 933 5324 5355
f 933 5355 5505
f 5505 5355 5487
f 5487 5355 5383
f 5487 5383 5461
f 5461 5383 5323
f 5461 5323 5462
f 5462 5323 5322
f 5462 5322 5463
f 5463 5322 5321
f 5463 5321 5464
f 5464 5321 5320
f 5464 5320 5465
f 5465 5320 5319
f 5465 5319 5466
f 5466 5319 5364
f 5466 5364 5467
f 5467 5364 5369
f 5467 5369 5468
f 5468 5369 5367
f 5468 5367 5489
f 5489 5367 5318
f 5489 5318 5469
f 5469 5318 5317
f 5469 5317 5470
f 5470 5317 5356
f 5470 5356 5316
f 5470 5316 3400
f 3400 5316 3401
f 3401 5316 5360
f 3401 5360 3721
f 3721 5360 5315
f 3721 5315 5314
f 3721 5314 3720
f 3720 5314 5353
f 3720 5353 3719
f 3719 5353 5312
f 3719 5312 3718
f 3718 5312 5311
f 3718 5311 3717
f 3717 5311 5310
f 3717 5310 5309
f 3717 5309 3716
f 3716 5309 5308
f 3716 5308 3715
f 3715 5308 5307
f 3715 5307 3714
f 3714 5307 5306
f 3714 5306 3713
f 3713 5306 5305
f 3713 5305 3712
f 3712 5305 5304
f 3712 5304 3711
f 3711 5304 5303
f 3711 5303 3710
f 3710 5303 5302
f 3710 5302 3709
f 3709 5302 3708
f 3708 5302 5301
f 3708 5301 5300
f 3708 5300 3723
f 3723 5300 5299
f 3723 5299 3725
f 3725 5299 5298
f 3725 5298 3726
f 3726 5298 5297
f 3726 5297 3727
f 3398 3397 5482
f 5482 3397 5474
f 5473 5493 5498
f 5473 5498 5500
f 5473 5500 5492
f 3397 5476 5474
f 5475 5471 5495
f 5477 2652 2653
f 5504 2654 5503
f 5473 5490 5485
f 5479 5485 5480
f 5482 5488 5481
f 3398 5482 5489
f 5490 5491 5485
f 5488 5480 5481
f 5483 5470 3400
f 5484 5491 5490
f 5485 5486 5480
f 5481 5467 5468
f 5481 5480 5466
f 5481 5466 5467
f 5491 5484 5462
f 5480 5465 5466
f 5484 5461 5462
f 5486 5464 5465
f 5486 5491 5464
f 5491 5462 5463
f 5491 5463 5464
f 5486 5465 5480
f 5481 5468 5489
f 5489 5469 5483
f 5483 5469 5470
f 5480 5488 5479
f 5481 5489 5482
f 5483 3398 5489
f 5482 5474 5488
f 5485 5479 5473
f 5491 5486 5485
f 5479 5493 5473
f 5490 5473 5492
f 5488 5474 5475
f 5488 5475 5495
f 5488 5495 5479
f 5475 3396 5471
f 5493 5496 5498
f 5474 5476 3396
f 5474 3396 5475
f 5479 5495 5493
f 3396 5494 5471
f 5471 5494 5501
f 5495 5471 5501
f 5493 5495 5497
f 5496 5493 5497
f 5496 5497 5477
f 5499 5498 5496
f 5499 5496 5477
f 5499 5477 2653
f 5500 5498 5499
f 5504 5499 5472
f 5503 5499 5504
f 5499 2653 5472
f 5477 5502 2652
f 5497 5495 5502
f 5495 2651 5502
f 5497 5502 5477
f 5500 5499 5503
f 5495 5501 2651
f 5505 5487 5506
f 5506 5487 5461
f 5506 5461 5682
f 5682 5461 5484
f 5682 5484 5507
f 5507 5484 5490
f 5507 5490 5508
f 5508 5490 5492
f 5508 5492 5509
f 5509 5492 5500
f 5509 5500 5510
f 5510 5500 5503
f 5510 5503 5511
f 5511 5503 2654
f 5511 2654 2655
f 5511 2655 5538
f 5538 2655 2656
f 5538 2656 2657
f 5517 2603 5518
f 5518 2603 2604
f 5518 2604 5519
f 5519 2604 2605
f 5519 2605 5561
f 5561 2605 2606
f 5561 2606 5520
f 5520 2606 2607
f 5520 2607 2715
f 5520 2715 2717
f 5520 2717 2719
f 5520 2719 2721
f 5520 2721 2723
f 5520 2723 5521
f 5521 2723 2725
f 5521 2725 2727
f 5521 2727 2729
f 5521 2729 2731
f 5521 2731 5522
f 5522 2731 2733
f 5522 2733 2735
f 5522 2735 2737
f 5522 2737 2739
f 5522 2739 5523
f 5523 2739 2741
f 5523 2741 2743
f 5523 2743 2745
f 5523 2745 2747
f 5523 2747 5524
f 5524 2747 2749
f 5524 2749 2750
f 5524 2750 2752
f 5524 2752 2755
f 5524 2755 5714
f 5714 2755 2757
f 5714 2757 2759
f 5714 2759 2761
f 5714 2761 2763
f 5714 2763 5525
f 5525 2765 5732
f 5732 2765 2767
f 5732 2767 5526
f 5526 2767 2769
f 5526 2769 912
f 5526 912 913
f 5526 913 5731
f 5731 913 5735
f 5735 913 914
f 5735 914 5725
f 5527 914 5528
f 5528 914 5530
f 5528 5530 5529
f 5530 5532 5531
f 5532 915 5729
f 5729 915 5722
f 5722 915 5533
f 5533 915 929
f 5720 929 5505
f 2664 2665 5537
f 2664 5537 2663
f 2663 5537 5546
f 2663 5546 2662
f 2657 2658 5543
f 2657 5543 5538
f 2662 5546 5549
f 2662 5549 2661
f 2661 5549 5583
f 2661 5583 2660
f 2659 2660 5562
f 2659 5562 2658
f 5534 5539 2671
f 2671 5539 5540
f 2671 5540 2670
f 2670 5540 5541
f 2670 5541 2669
f 5536 2668 5558
f 5536 5558 2667
f 5538 5543 5550
f 5538 5550 5511
f 5511 5550 5510
f 5548 2602 5512
f 5548 5512 5544
f 5544 5512 5513
f 5544 5513 5514
f 2669 5541 5553
f 2669 5553 2668
f 2668 5553 5557
f 2668 5557 5558
f 2665 5542 5545
f 2665 5545 5537
f 2660 5583 5568
f 2660 5568 5562
f 5539 5534 5547
f 5547 5534 5535
f 5547 5535 5554
f 5559 2601 2602
f 5559 2602 5548
f 5552 5514 5515
f 5552 5515 5516
f 5555 5554 2600
f 5555 2600 5551
f 5551 2600 2601
f 5551 2601 5559
f 5556 5552 5516
f 5556 5516 5571
f 5571 5516 5517
f 5571 5517 5518
f 5564 5544 5514
f 5564 5514 5552
f 5546 5537 5576
f 5546 5576 5549
f 5549 5576 5572
f 5549 5572 5583
f 2658 5562 5588
f 2658 5588 5543
f 5560 5559 5548
f 5560 5548 5544
f 5543 5588 5563
f 5543 5563 5550
f 5570 5560 5544
f 5570 5544 5564
f 5565 5518 5519
f 5565 5519 5566
f 5566 5519 5561
f 5566 5561 5521
f 5521 5561 5520
f 5562 5568 5569
f 5562 5569 5588
f 5510 5550 5509
f 5578 5554 5555
f 5578 5555 5551
f 5590 5564 5552
f 5590 5552 5556
f 5574 5571 5518
f 5574 5518 5565
f 5540 5539 5601
f 5540 5601 5541
f 5567 2666 5575
f 5567 5575 5542
f 5542 5575 5593
f 5542 5593 5545
f 5537 5545 5604
f 5537 5604 5576
f 5595 5590 5556
f 5595 5556 5573
f 5573 5556 5571
f 5573 5571 5574
f 5541 5601 5586
f 5541 5586 5553
f 5553 5586 5591
f 5553 5591 5557
f 2666 2667 5582
f 2666 5582 5575
f 5545 5593 5598
f 5545 5598 5604
f 5550 5563 5577
f 5550 5577 5509
f 5579 5574 5565
f 5579 5565 5566
f 5539 5580 5601
f 5558 5557 5602
f 5558 5602 2667
f 2667 5602 5581
f 2667 5581 5582
f 5584 5539 5547
f 5584 5547 5554
f 5600 5551 5559
f 5600 5559 5560
f 5585 5573 5574
f 5585 5574 5579
f 5597 5579 5566
f 5597 5566 5521
f 5583 5572 5587
f 5583 5587 5568
f 5568 5587 5605
f 5568 5605 5569
f 5580 5539 5584
f 5596 5584 5554
f 5596 5554 5578
f 5589 5570 5564
f 5589 5564 5590
f 5612 5595 5573
f 5612 5573 5585
f 5557 5591 5592
f 5557 5592 5602
f 5576 5604 5627
f 5576 5627 5572
f 5572 5627 5599
f 5572 5599 5587
f 5594 5578 5551
f 5594 5551 5600
f 5613 5585 5579
f 5613 5579 5597
f 5607 5600 5560
f 5607 5560 5608
f 5608 5560 5570
f 5608 5570 5589
f 5522 5597 5521
f 5575 5582 5603
f 5575 5603 5593
f 5563 5588 5644
f 5563 5644 5577
f 5509 5577 5508
f 5611 5608 5589
f 5611 5589 5628
f 5628 5589 5590
f 5628 5590 5595
f 5625 5613 5597
f 5625 5597 5522
f 5580 5614 5601
f 5582 5581 5621
f 5582 5621 5603
f 5569 5605 5622
f 5569 5622 5588
f 5588 5622 5646
f 5588 5646 5644
f 5577 5644 5615
f 5577 5615 5508
f 5624 5596 5578
f 5624 5578 5594
f 5606 5594 5600
f 5606 5600 5607
f 5629 5628 5595
f 5629 5595 5612
f 5586 5601 5619
f 5586 5619 5591
f 5591 5619 5609
f 5591 5609 5592
f 5581 5602 5626
f 5581 5626 5621
f 5598 5593 5610
f 5598 5610 5604
f 5604 5610 5632
f 5604 5632 5627
f 5614 5580 5584
f 5617 5606 5607
f 5617 5607 5618
f 5618 5607 5608
f 5618 5608 5611
f 5601 5614 5619
f 5592 5609 5620
f 5592 5620 5602
f 5593 5603 5636
f 5593 5636 5610
f 5605 5587 5651
f 5605 5651 5622
f 5623 5614 5584
f 5623 5584 5596
f 5616 5624 5594
f 5616 5594 5606
f 5602 5620 5635
f 5602 5635 5626
f 5603 5621 5643
f 5603 5643 5636
f 5639 5623 5596
f 5639 5596 5624
f 5657 5616 5606
f 5657 5606 5617
f 5619 5634 5609
f 5609 5634 5631
f 5609 5631 5620
f 5508 5615 5507
f 5640 5639 5624
f 5640 5624 5616
f 5633 5618 5611
f 5633 5611 5628
f 5663 5629 5612
f 5663 5612 5659
f 5659 5612 5585
f 5659 5585 5613
f 5523 5625 5522
f 5619 5614 5630
f 5619 5630 5634
f 5621 5626 5654
f 5621 5654 5643
f 5627 5632 5637
f 5627 5637 5599
f 5599 5637 5638
f 5599 5638 5587
f 5587 5638 5669
f 5587 5669 5651
f 5648 5633 5628
f 5648 5628 5653
f 5653 5628 5629
f 5653 5629 5663
f 5660 5659 5613
f 5660 5613 5625
f 5632 5610 5674
f 5632 5674 5637
f 5676 5657 5617
f 5676 5617 5641
f 5641 5617 5618
f 5641 5618 5633
f 5664 5660 5625
f 5664 5625 5523
f 5614 5645 5630
f 5620 5631 5642
f 5620 5642 5635
f 5626 5635 5665
f 5626 5665 5654
f 5636 5643 5650
f 5636 5650 5610
f 5610 5650 5655
f 5610 5655 5674
f 5647 5614 5623
f 5647 5623 5639
f 5644 5646 5656
f 5644 5656 5615
f 5615 5656 5507
f 5645 5614 5647
f 5631 5634 5649
f 5631 5649 5642
f 5637 5674 5667
f 5637 5667 5638
f 5638 5667 5668
f 5638 5668 5669
f 5622 5651 5661
f 5622 5661 5646
f 5646 5661 5696
f 5646 5696 5656
f 5652 5647 5639
f 5652 5639 5640
f 5630 5645 5671
f 5630 5671 5634
f 5634 5671 5678
f 5634 5678 5649
f 5643 5654 5666
f 5643 5666 5650
f 5651 5669 5675
f 5651 5675 5661
f 5658 5676 5641
f 5658 5641 5633
f 5645 5677 5671
f 5635 5642 5672
f 5635 5672 5665
f 5654 5665 5680
f 5654 5680 5666
f 5650 5666 5673
f 5650 5673 5655
f 5655 5673 5681
f 5655 5681 5674
f 5656 5682 5507
f 5690 5640 5616
f 5690 5616 5683
f 5683 5616 5657
f 5683 5657 5676
f 5662 5658 5633
f 5662 5633 5648
f 5524 5664 5523
f 5656 5696 5687
f 5656 5687 5682
f 5677 5645 5647
f 5670 5662 5648
f 5670 5648 5653
f 5642 5649 5679
f 5642 5679 5672
f 5665 5672 5688
f 5665 5688 5680
f 5666 5680 5693
f 5666 5693 5673
f 5697 5677 5647
f 5697 5647 5652
f 5684 5670 5653
f 5684 5653 5663
f 5671 5677 5685
f 5671 5685 5678
f 5673 5693 5694
f 5673 5694 5681
f 5674 5681 5695
f 5674 5695 5667
f 5669 5668 5675
f 5675 5686 5661
f 5702 5652 5640
f 5702 5640 5690
f 5710 5684 5663
f 5710 5663 5700
f 5700 5663 5659
f 5700 5659 5660
f 5649 5678 5701
f 5649 5701 5679
f 5680 5688 5693
f 5667 5695 5668
f 5668 5695 5689
f 5668 5689 5675
f 5691 5690 5683
f 5691 5683 5676
f 5691 5676 5658
f 5703 5700 5660
f 5703 5660 5664
f 5672 5679 5705
f 5672 5705 5688
f 5702 5697 5652
f 5703 5664 5714
f 5714 5664 5524
f 5677 5692 5685
f 5679 5701 5704
f 5679 5704 5705
f 5688 5705 5713
f 5681 5694 5718
f 5681 5718 5695
f 5678 5685 5712
f 5678 5712 5701
f 5675 5689 5707
f 5675 5707 5686
f 5661 5686 5698
f 5661 5698 5696
f 5696 5698 5687
f 5687 5698 5699
f 5687 5699 5682
f 5682 5699 5506
f 5692 5677 5697
f 5692 5697 5702
f 5708 5691 5658
f 5708 5658 5662
f 5708 5662 5670
f 5692 5715 5685
f 5685 5715 5712
f 5688 5713 5706
f 5688 5706 5693
f 5693 5706 5694
f 5695 5718 5719
f 5695 5719 5689
f 5689 5719 5707
f 5724 5702 5690
f 5724 5690 5691
f 5709 5708 5670
f 5709 5670 5684
f 5709 5684 5710
f 5711 5710 5700
f 5711 5700 5703
f 5701 5712 5727
f 5701 5727 5704
f 5694 5706 5717
f 5694 5717 5718
f 5715 5692 5723
f 5723 5692 5702
f 5723 5702 5730
f 5730 5702 5724
f 5714 5711 5703
f 5704 5727 5705
f 5705 5727 5716
f 5705 5716 5713
f 5686 5707 5533
f 5686 5533 5698
f 5724 5691 5527
f 5527 5691 5708
f 5733 5709 5710
f 5733 5710 5711
f 5706 5713 5728
f 5706 5728 5717
f 5699 5698 5720
f 5699 5720 5506
f 914 5527 5708
f 5732 5711 5714
f 5712 5715 5721
f 5712 5721 5727
f 5713 5716 5531
f 5713 5531 5728
f 5718 5717 5729
f 5719 5718 5722
f 5719 5722 5707
f 5725 914 5708
f 5725 5708 5726
f 5726 5708 5709
f 5726 5709 5733
f 5525 5732 5714
f 5727 5734 5716
f 5716 5734 5531
f 5717 5728 5729
f 5718 5729 5722
f 5707 5722 5533
f 5720 5505 5506
f 5528 5730 5724
f 5731 5733 5711
f 5731 5711 5732
f 5727 5721 5734
f 5729 5728 5532
f 5698 5533 929
f 5698 929 5720
f 5721 5715 5529
f 5529 5715 5723
f 5529 5723 5730
f 5528 5724 5527
f 5735 5726 5733
f 5735 5733 5731
f 5721 5530 5734
f 5734 5530 5531
f 5728 5531 5532
f 5528 5529 5730
f 5735 5725 5726
f 5526 5731 5732
f 5530 5721 5529
f 4125 4155 1042
f 1042 4155 1041
f 1041 4155 4154
f 1041 4154 1040
f 1040 4154 4153
f 1040 4153 1039
f 1039 4153 4152
f 1039 4152 1038
f 1038 4152 4151
f 1038 4151 1036
f 1036 4151 4149
f 1036 4149 1035
f 1035 4149 4148
f 1035 4148 1034
f 1034 4148 4147
f 1034 4147 1033
f 1033 4147 4146
f 1033 4146 1032
f 1032 4146 4145
f 1032 4145 1031
f 1031 4145 4143
f 1031 4143 1030
f 1030 4143 4142
f 1030 4142 1029
f 1029 4142 4141
f 1029 4141 1028
f 1028 4141 4139
f 1028 4139 1025
f 1025 4139 4138
f 1025 4138 1367
f 1025 1367 1078
f 1078 1367 1363
f 1078 1363 1368
f 1368 1211 1231
f 1231 1246 1368
f 1246 1212 1368
f 1368 1212 1080
f 1368 1080 1078
f 1340 1341 7084
f 7084 1341 7072
f 7072 1341 1343
f 7072 1343 1344
f 7072 1344 5736
f 5736 1344 7073
f 7073 1344 1345
f 7073 1345 5737
f 5737 1345 1346
f 5737 1346 5738
f 5738 1346 1347
f 5738 1347 5739
f 5739 1347 1348
f 5739 1348 7074
f 7074 1348 1349
f 7074 1349 5740
f 5740 1349 1350
f 5740 1350 5741
f 5741 1350 1351
f 5741 1351 5742
f 5742 1351 1353
f 5742 1353 5743
f 5743 1353 1354
f 5743 1354 5744
f 5744 1354 1355
f 5744 1355 5745
f 5745 1355 1356
f 5745 1356 5746
f 5746 1356 1357
f 5746 1357 5747
f 5747 1357 1358
f 5747 1358 1360
f 5747 1360 5748
f 5748 1360 1361
f 5748 1361 5749
f 5749 1361 1362
f 5749 1362 5750
f 5750 1362 1364
f 5750 1364 5751
f 5751 1364 1365
f 5751 1365 5752
f 5752 1365 1366
f 5752 1366 1367
f 1367 4138 5752
f 1254 1255 5753
f 5753 1255 5754
f 5754 1255 1257
f 5754 1257 5755
f 5755 1257 1258
f 5755 1258 5756
f 5756 1258 1259
f 5756 1259 5757
f 5757 1259 1261
f 5757 1261 5758
f 5758 1261 1262
f 5758 1262 5759
f 5759 1262 1264
f 5759 1264 5760
f 5760 1264 1265
f 5760 1265 5761
f 5761 1265 1267
f 5761 1267 5762
f 5762 1267 1268
f 5762 1268 5763
f 5763 1268 1269
f 5763 1269 5764
f 5764 1269 1270
f 5764 1270 5765
f 5765 1270 1272
f 5765 1272 5766
f 5766 1272 1273
f 5766 1273 5767
f 5767 1273 1274
f 5767 1274 5768
f 5768 1274 1275
f 5768 1275 5769
f 5769 1275 1277
f 5769 1277 5770
f 5770 1277 1279
f 5770 1279 5771
f 5771 1279 1280
f 5771 1280 5772
f 5772 1280 1281
f 5772 1281 5773
f 5773 1281 1282
f 5773 1282 5774
f 5774 1282 1284
f 5774 1284 5775
f 5775 1284 1285
f 5775 1285 5776
f 5776 1285 1287
f 5776 1287 5777
f 5777 1287 1289
f 5777 1289 5778
f 5778 1289 1290
f 5778 1290 5779
f 5779 1290 1291
f 5779 1291 5780
f 5780 1291 1293
f 5780 1293 5781
f 5781 1293 1294
f 5781 1294 5782
f 5782 1294 1295
f 5782 1295 5783
f 5783 1295 1296
f 5783 1296 5784
f 5784 1296 1297
f 5784 1297 5785
f 5785 1297 1299
f 5785 1299 5786
f 5786 1299 1301
f 5786 1301 5787
f 5787 1301 1302
f 5787 1302 5788
f 5788 1302 1303
f 5788 1303 5789
f 5789 1303 1304
f 5789 1304 5790
f 5790 1304 1305
f 5790 1305 5791
f 5791 1305 1307
f 5791 1307 5792
f 5792 1307 1309
f 5792 1309 5793
f 5793 1309 1310
f 5793 1310 5794
f 5794 1310 1311
f 5794 1311 5795
f 5795 1311 1312
f 5795 1312 5796
f 5796 1312 1314
f 5796 1314 5797
f 5797 1314 1315
f 5797 1315 5798
f 5798 1315 1317
f 5798 1317 5799
f 5799 1317 1318
f 5799 1318 5800
f 5800 1318 1319
f 5800 1319 5801
f 5801 1319 1320
f 5801 1320 5802
f 5802 1320 1321
f 5802 1321 5803
f 5803 1321 1323
f 5803 1323 5804
f 5804 1323 1325
f 5804 1325 5805
f 5805 1325 1326
f 5805 1326 5806
f 5806 1326 1327
f 5806 1327 5807
f 5807 1327 1329
f 5807 1329 5808
f 5808 1329 1330
f 5808 1330 5809
f 5809 1330 1331
f 5809 1331 5810
f 5810 1331 1332
f 5810 1332 5811
f 5811 1332 1334
f 5811 1334 5812
f 5812 1334 1336
f 5812 1336 5813
f 5813 1336 1337
f 5813 1337 5814
f 5814 1337 1338
f 5814 1338 5815
f 5815 1338 1340
f 5815 1340 7084
f 5816 5817 6032
f 6032 5817 5818
f 5818 5817 5819
f 5818 5819 5820
f 5820 5819 5821
f 5820 5821 5822
f 5822 5821 5823
f 5822 5823 5824
f 5824 5823 5825
f 5824 5825 5826
f 5826 5825 5827
f 5826 5827 5828
f 5828 5827 5829
f 5828 5829 5830
f 5830 5829 5831
f 5830 5831 5832
f 5832 5831 5833
f 5832 5833 5834
f 5834 5833 5835
f 5834 5835 5836
f 5836 5835 5837
f 5836 5837 5838
f 5838 5837 5839
f 5838 5839 5840
f 5840 5839 5841
f 5840 5841 5842
f 5842 5841 5843
f 5842 5843 5844
f 5844 5843 5845
f 5844 5845 5846
f 5846 5845 5847
f 5846 5847 5848
f 5848 5847 1254
f 5848 1254 5753
f 1227 1376 5849
f 5849 1376 5850
f 5849 5850 5851
f 5851 5850 5852
f 5852 5850 5853
f 5852 5853 5854
f 5854 5853 5855
f 5854 5855 5856
f 5856 5855 5858
f 5856 5858 5857
f 5857 5858 5859
f 5859 5858 5860
f 5859 5860 5861
f 5861 5860 5863
f 5861 5863 5862
f 5862 5863 5864
f 5864 5863 5865
f 5864 5865 5866
f 5866 5865 5867
f 5866 5867 5868
f 5868 5867 5869
f 5868 5869 5870
f 5870 5869 5871
f 5871 5869 5872
f 5871 5872 5873
f 5873 5872 5874
f 5873 5874 5875
f 5875 5874 5876
f 5876 5874 5877
f 5876 5877 5878
f 5878 5877 5879
f 5878 5879 5946
f 5946 5879 5880
f 5946 5880 5881
f 5881 5880 5882
f 5881 5882 5883
f 5883 5882 5884
f 5883 5884 5935
f 5935 5884 5885
f 5935 5885 5953
f 5953 5885 5886
f 5953 5886 5887
f 5887 5886 5888
f 5887 5888 5936
f 5936 5888 5889
f 5936 5889 5954
f 5954 5889 5890
f 5890 5889 5891
f 5890 5891 5892
f 5892 5891 5893
f 5892 5893 5937
f 5937 5893 5894
f 5937 5894 5938
f 5938 5894 5895
f 5938 5895 5896
f 5896 5895 5897
f 5897 5895 5898
f 5897 5898 901
f 901 5898 902
f 902 5898 5899
f 902 5899 5900
f 5900 5899 5901
f 5901 5899 5902
f 5902 5899 5903
f 5903 5899 5904
f 5904 5899 5905
f 5905 5899 5906
f 5906 5899 5907
f 5906 5907 5908
f 5908 5907 5909
f 5909 5907 5910
f 5910 5907 5911
f 5911 5907 5912
f 5912 5907 5914
f 5914 5907 5913
f 5914 5913 5915
f 5915 5913 5916
f 5916 5913 5917
f 5917 5913 5918
f 5918 5913 5922
f 5918 5922 5919
f 5919 5922 5920
f 5920 5922 5921
f 5921 5922 5923
f 5923 5922 5924
f 5924 5922 5816
f 5816 5922 5925
f 5816 5925 5817
f 5817 5925 5819
f 5819 5925 5821
f 5821 5925 5823
f 5823 5925 5926
f 5823 5926 5825
f 5825 5926 5927
f 5825 5927 5827
f 5827 5927 5829
f 5829 5927 5928
f 5829 5928 5831
f 5831 5928 5833
f 5833 5928 5835
f 5835 5928 5837
f 5837 5928 5929
f 5837 5929 5839
f 5839 5929 5841
f 5841 5929 5930
f 5841 5930 5843
f 5843 5930 5931
f 5843 5931 5845
f 5845 5931 5847
f 5847 5931 1254
f 5900 5932 902
f 902 5932 5933
f 5933 5934 902
f 5934 899 902
f 5982 1215 1216
f 5968 1234 1227
f 5960 5852 5854
f 5960 5854 5856
f 5862 5864 5950
f 5950 5864 5866
f 5949 5873 5875
f 5951 5876 5878
f 5948 5887 5936
f 5890 5892 5952
f 5952 5892 5937
f 5952 5937 5938
f 5956 5897 5939
f 5940 5939 903
f 5941 903 1133
f 5996 1202 6002
f 6002 1201 6012
f 6012 1201 6015
f 6015 6014 6008
f 6014 1200 6004
f 6004 1200 5943
f 5944 1199 5995
f 6005 1197 5994
f 5994 1197 6011
f 6011 1197 1196
f 5986 1195 5997
f 5997 1195 1194
f 5997 1194 6009
f 6009 1193 5991
f 5991 1193 1192
f 5984 1192 1191
f 5984 1191 1190
f 5999 1188 5998
f 5998 1188 1187
f 5998 1187 6001
f 5993 1184 1215
f 5958 5859 5861
f 5868 5870 5955
f 5955 5870 5871
f 5951 5875 5876
f 5862 5958 5861
f 5947 5883 5935
f 1227 5849 5851
f 5947 5935 5953
f 5948 5953 5887
f 5851 5852 5960
f 5950 5866 5868
f 5949 5871 5873
f 5951 5949 5875
f 5960 5856 5857
f 5958 5857 5859
f 5964 5958 5862
f 5966 5878 5946
f 5956 5896 5897
f 5964 5862 5950
f 5951 5878 5966
f 5959 5946 5881
f 5959 5881 5883
f 5956 5938 5896
f 5949 5955 5871
f 5962 5949 5951
f 5966 5946 5959
f 5954 5948 5936
f 5957 5954 5890
f 5957 5890 5952
f 5958 5960 5857
f 5952 5938 5956
f 5968 1227 5851
f 5955 5950 5868
f 5959 5883 5947
f 5947 5953 5948
f 5960 5968 5851
f 5955 5964 5950
f 5957 5948 5954
f 5962 5951 5966
f 5957 5952 5963
f 5963 5952 5956
f 5963 5956 5939
f 5961 5960 5958
f 5966 5959 5969
f 5969 5959 5947
f 5968 5960 5961
f 5965 5955 5949
f 5965 5949 5962
f 5978 5947 5948
f 5978 5969 5947
f 5979 5948 5957
f 5975 5958 5964
f 5973 5965 5962
f 5978 5948 5979
f 5980 5958 5975
f 5972 5964 5955
f 5972 5955 5965
f 5980 5961 5958
f 5976 5973 5962
f 5970 5979 5957
f 5976 5962 5966
f 5967 5966 5969
f 5970 5957 5971
f 5971 5957 5963
f 5940 5977 5939
f 5945 5975 5964
f 5967 5976 5966
f 5981 5969 5978
f 5977 5963 5939
f 5982 5968 6006
f 1185 6006 5968
f 1185 5968 5961
f 5974 5971 5963
f 5982 1217 5968
f 5977 5974 5963
f 1186 1185 5961
f 1186 5961 5980
f 1189 5980 5975
f 5983 5945 5964
f 5983 5964 5972
f 5990 5967 5987
f 5987 5967 5969
f 5987 5969 5981
f 5976 5985 5973
f 5992 5976 5967
f 5992 5967 5990
f 5945 1189 5975
f 5989 5972 5965
f 5944 5979 5970
f 1190 5983 5972
f 6007 5981 5978
f 5988 5980 1189
f 5984 1190 5972
f 5979 6007 5978
f 5989 5984 5972
f 5989 5965 5985
f 5985 5965 5973
f 5986 5985 5976
f 6004 5970 5971
f 5988 1186 5980
f 5986 5976 5992
f 5994 5990 5987
f 5997 5985 5986
f 5987 5981 6000
f 5944 5970 6004
f 6008 5971 5974
f 6000 5981 6007
f 5995 5979 5944
f 5996 5974 5977
f 5996 5977 5940
f 5984 5989 5991
f 5991 5989 5985
f 6004 5971 6008
f 6012 6008 5974
f 5993 5982 6006
f 6007 5979 5995
f 6010 5996 5940
f 6011 5992 5990
f 6002 5974 5996
f 6010 5940 903
f 6011 5990 5994
f 5999 5998 5988
f 5999 5988 1189
f 6003 5983 1190
f 5997 5991 5985
f 5998 1186 5988
f 6009 5991 5997
f 5941 6010 903
f 6001 1186 5998
f 6012 5974 6002
f 6005 5994 5987
f 1198 5987 6000
f 5943 5944 6004
f 1198 6005 5987
f 1215 5982 5993
f 1192 5984 5991
f 1195 5986 5992
f 5995 6000 6007
f 6015 6008 6012
f 6013 1198 6000
f 6013 6000 5995
f 1202 5996 5942
f 5942 5996 6010
f 5942 6010 5941
f 6014 6004 6008
f 6006 1184 5993
f 1196 5992 6011
f 5914 6016 6048
f 5914 6048 5912
f 5912 6048 6017
f 5912 6017 5911
f 5911 6017 6031
f 5911 6031 5910
f 5910 6031 6018
f 5910 6018 5909
f 5909 6018 6050
f 5909 6050 5908
f 5908 6050 6019
f 5908 6019 5906
f 5906 6019 6020
f 5906 6020 5905
f 5905 6020 6021
f 5905 6021 5904
f 5904 6021 6022
f 5904 6022 5903
f 5903 6022 6030
f 5903 6030 5902
f 5902 6030 6023
f 5902 6023 5901
f 5901 6023 5900
f 5900 6023 6024
f 5900 6024 5932
f 5932 6024 6025
f 5932 6025 5933
f 5933 6025 6026
f 5933 6026 5934
f 5934 6026 900
f 5934 900 899
f 5816 6032 5924
f 5924 6032 6027
f 5924 6027 5923
f 5923 6027 6033
f 5923 6033 5921
f 5921 6033 6028
f 5921 6028 5920
f 5920 6028 5919
f 5919 6028 6035
f 5919 6035 5918
f 5918 6035 5917
f 5917 6035 6029
f 5917 6029 5916
f 5916 6029 6034
f 5916 6034 5915
f 5915 6034 6016
f 5915 6016 5914
f 6056 900 6026
f 6039 6026 6025
f 6039 6025 6024
f 6039 6024 6023
f 6039 6023 6030
f 6030 6022 6051
f 6051 6022 6021
f 6051 6021 6020
f 6051 6020 6019
f 6051 6019 6050
f 6049 6031 6017
f 6049 6017 6048
f 6034 6029 6053
f 6035 6028 6036
f 6036 6028 6033
f 6036 6033 6027
f 6036 6027 6032
f 6032 6956 6036
f 6035 6036 6029
f 6041 6039 6051
f 6038 6055 6041
f 6041 6055 6040
f 6042 6043 6040
f 6040 6098 6054
f 6037 6952 6042
f 6942 6042 6952
f 6046 6047 6942
f 387 6047 6046
f 6057 6056 6039
f 6048 6016 6053
f 6049 6048 6053
f 6038 6049 6053
f 6038 6053 6052
f 6018 6031 6049
f 6050 6018 6049
f 6050 6049 6051
f 6052 6053 6036
f 6051 6049 6038
f 6041 6051 6038
f 6037 6052 6036
f 6038 6052 6037
f 6039 6030 6051
f 6040 6055 6037
f 6026 6039 6056
f 6036 6053 6029
f 6034 6053 6016
f 6036 6956 6958
f 6038 6037 6055
f 6958 6957 6036
f 6037 6036 6957
f 6041 6054 6044
f 6037 6042 6040
f 6041 6044 6057
f 6041 6040 6054
f 6043 6942 6047
f 6043 6047 6045
f 6042 6942 6043
f 6098 6040 6043
f 6039 6041 6057
f 887 900 6056
f 6057 6044 6058
f 6098 6043 6045
f 6096 6045 6047
f 6096 6047 6059
f 6059 6047 387
f 6059 387 6091
f 6091 387 6086
f 6086 387 6082
f 6088 6082 376
f 6060 376 6083
f 6083 376 6084
f 6084 376 377
f 6084 377 6085
f 6085 377 6095
f 6095 377 6061
f 6061 377 378
f 6110 6061 6062
f 6110 6062 6063
f 6063 6062 6244
f 6063 6244 6064
f 6064 6244 6065
f 6065 6066 6067
f 6067 6066 6242
f 6067 6242 6068
f 6068 6242 704
f 6068 704 703
f 6068 703 6069
f 6069 703 711
f 6069 711 6070
f 6070 711 728
f 6070 728 6071
f 6071 728 736
f 6071 736 6072
f 6072 736 756
f 6072 756 6073
f 6073 756 758
f 6073 758 760
f 6207 762 764
f 6207 764 6074
f 6074 764 766
f 6074 766 6075
f 6075 766 768
f 6075 768 6076
f 6076 768 770
f 6076 770 6077
f 6077 770 772
f 6077 772 6078
f 6078 772 784
f 6078 784 6219
f 6219 784 800
f 6219 800 6218
f 6218 800 814
f 6218 814 6217
f 6217 814 828
f 6217 828 6216
f 6216 828 830
f 6216 830 6079
f 6079 830 832
f 6079 832 6223
f 6223 832 834
f 6223 834 6222
f 6222 834 836
f 6222 836 6215
f 6215 836 838
f 6215 838 6221
f 6221 838 840
f 6221 840 6080
f 6080 840 842
f 6080 842 6081
f 6081 842 844
f 6081 844 6204
f 6204 844 862
f 6204 862 6203
f 6203 862 871
f 6203 871 6208
f 6208 871 887
f 6208 887 6056
f 6087 6088 376
f 6087 376 6060
f 6089 6087 6060
f 6092 6091 6086
f 6097 6086 6082
f 6097 6082 6103
f 6089 6060 6083
f 6090 6084 6085
f 6097 6092 6086
f 6108 6096 6059
f 6108 6059 6091
f 6111 6097 6103
f 6099 6082 6088
f 6107 6083 6084
f 6107 6084 6093
f 6093 6084 6090
f 6094 6090 6085
f 6094 6085 6095
f 6110 6095 6061
f 6108 6091 6092
f 6100 6088 6087
f 6100 6087 6089
f 6106 6089 6083
f 6106 6083 6107
f 6098 6045 6096
f 6099 6103 6082
f 6104 6099 6088
f 6104 6088 6100
f 6105 6100 6089
f 6101 6108 6092
f 6101 6092 6102
f 6102 6092 6097
f 6105 6089 6117
f 6117 6089 6106
f 6109 6093 6090
f 6115 6094 6110
f 6110 6094 6095
f 6116 6102 6097
f 6116 6097 6111
f 6112 6111 6103
f 6112 6103 6099
f 6134 6106 6107
f 6134 6107 6114
f 6114 6107 6093
f 6109 6090 6094
f 6113 6098 6096
f 6113 6096 6108
f 6120 6112 6099
f 6120 6099 6104
f 6122 6114 6093
f 6122 6093 6109
f 6118 6113 6108
f 6118 6108 6101
f 6126 6118 6101
f 6126 6101 6102
f 6137 6104 6100
f 6137 6100 6105
f 6115 6110 6063
f 6141 6098 6113
f 6136 6102 6116
f 6127 6116 6111
f 6127 6111 6119
f 6119 6111 6112
f 6119 6112 6120
f 6129 6105 6117
f 6129 6117 6121
f 6121 6117 6106
f 6121 6106 6134
f 6131 6109 6094
f 6131 6094 6115
f 6125 6113 6118
f 6125 6118 6126
f 6127 6136 6116
f 6142 6120 6104
f 6142 6104 6137
f 6132 6137 6105
f 6132 6105 6129
f 6123 6126 6102
f 6123 6102 6136
f 6130 6122 6109
f 6130 6109 6124
f 6124 6109 6131
f 6154 6115 6063
f 6128 6119 6120
f 6133 6121 6134
f 6054 6098 6141
f 6143 6141 6113
f 6143 6113 6125
f 6139 6125 6126
f 6139 6126 6123
f 6128 6120 6142
f 6132 6129 6146
f 6146 6129 6121
f 6153 6134 6114
f 6153 6114 6135
f 6135 6114 6122
f 6135 6122 6130
f 6138 6131 6115
f 6138 6115 6154
f 6144 6143 6125
f 6158 6146 6121
f 6158 6121 6133
f 6165 6133 6134
f 6165 6134 6153
f 6150 6144 6125
f 6150 6125 6139
f 6140 6136 6127
f 6140 6127 6156
f 6156 6127 6119
f 6145 6142 6137
f 6145 6137 6132
f 6152 6156 6119
f 6152 6119 6128
f 6064 6154 6063
f 6168 6139 6123
f 6168 6123 6148
f 6148 6123 6136
f 6148 6136 6140
f 6161 6152 6128
f 6159 6128 6142
f 6159 6142 6145
f 6149 6124 6131
f 6149 6131 6138
f 6058 6054 6141
f 6058 6141 6147
f 6147 6141 6143
f 6147 6143 6144
f 6151 6150 6139
f 6151 6139 6168
f 6162 6161 6128
f 6162 6128 6159
f 6169 6145 6170
f 6170 6145 6132
f 6170 6132 6146
f 6169 6159 6145
f 6044 6054 6058
f 6157 6156 6152
f 6157 6152 6161
f 6163 6170 6146
f 6163 6146 6158
f 6171 6165 6153
f 6171 6153 6135
f 6155 6149 6138
f 6155 6138 6173
f 6173 6138 6154
f 6173 6154 6064
f 6194 6135 6130
f 6194 6130 6124
f 6194 6124 6149
f 6180 6147 6144
f 6180 6144 6150
f 6160 6148 6140
f 6160 6140 6156
f 6164 6163 6158
f 6164 6158 6176
f 6176 6158 6133
f 6176 6133 6165
f 6167 6194 6149
f 6167 6149 6155
f 6181 6180 6150
f 6181 6150 6151
f 6174 6168 6148
f 6174 6148 6160
f 6190 6162 6159
f 6190 6159 6169
f 6166 6171 6135
f 6166 6135 6194
f 6065 6173 6064
f 6177 6058 6147
f 6177 6147 6180
f 6175 6161 6162
f 6175 6162 6190
f 6184 6170 6163
f 6184 6163 6164
f 6185 6176 6165
f 6185 6165 6171
f 6172 6167 6155
f 6172 6155 6173
f 6205 6169 6170
f 6198 6185 6171
f 6198 6171 6166
f 6195 6172 6173
f 6195 6173 6065
f 6201 6058 6177
f 6212 6190 6169
f 6212 6169 6205
f 6186 6205 6170
f 6186 6170 6184
f 6188 6181 6151
f 6188 6151 6168
f 6178 6174 6160
f 6178 6160 6179
f 6179 6160 6156
f 6179 6156 6157
f 6182 6157 6161
f 6182 6161 6175
f 6192 6184 6164
f 6192 6164 6176
f 6057 6058 6201
f 6183 6179 6157
f 6183 6157 6182
f 6193 6192 6176
f 6193 6176 6185
f 6210 6188 6168
f 6210 6168 6211
f 6211 6168 6174
f 6211 6174 6178
f 6199 6198 6166
f 6199 6166 6200
f 6200 6166 6194
f 6196 6186 6184
f 6196 6184 6192
f 6193 6185 6198
f 6214 6194 6167
f 6214 6167 6172
f 6204 6177 6180
f 6204 6180 6187
f 6187 6180 6181
f 6187 6181 6188
f 6189 6183 6182
f 6189 6182 6175
f 6197 6192 6193
f 6203 6201 6177
f 6203 6177 6204
f 6222 6211 6178
f 6222 6178 6179
f 6191 6189 6175
f 6191 6175 6202
f 6202 6175 6190
f 6202 6190 6212
f 6213 6205 6186
f 6213 6186 6196
f 6223 6222 6179
f 6223 6179 6183
f 6206 6196 6192
f 6206 6192 6197
f 6207 6197 6193
f 6207 6193 6198
f 6056 6057 6201
f 6081 6204 6187
f 6081 6187 6080
f 6080 6187 6188
f 6080 6188 6210
f 6079 6223 6183
f 6079 6183 6189
f 762 6207 6198
f 762 6198 760
f 760 6198 6199
f 760 6199 6200
f 6220 6214 6172
f 6220 6172 6209
f 6209 6172 6195
f 6209 6195 6065
f 6208 6056 6201
f 6208 6201 6203
f 6072 6200 6194
f 6072 6194 6214
f 6067 6209 6065
f 6216 6079 6189
f 6216 6189 6191
f 6078 6212 6205
f 6078 6205 6213
f 6221 6080 6210
f 6221 6210 6215
f 6215 6210 6211
f 6215 6211 6222
f 6217 6216 6191
f 6217 6191 6218
f 6218 6191 6202
f 6218 6202 6219
f 6219 6202 6212
f 6219 6212 6078
f 6073 760 6200
f 6073 6200 6072
f 6071 6072 6214
f 6071 6214 6220
f 6224 6220 6209
f 6224 6209 6067
f 6070 6071 6220
f 6070 6220 6224
f 6077 6078 6213
f 6077 6213 6076
f 6076 6213 6196
f 6076 6196 6206
f 6075 6076 6206
f 6074 6075 6206
f 6074 6206 6197
f 6207 6074 6197
f 6069 6070 6224
f 6068 6069 6224
f 6068 6224 6067
f 6065 6246 6066
f 6245 6225 6257
f 6247 6229 6249
f 6249 6228 6239
f 6256 6247 6226
f 6250 6231 6232
f 6250 6232 6233
f 6250 6233 6234
f 6250 6234 6247
f 6247 6234 6235
f 6247 6235 6236
f 6236 6237 6247
f 6247 6237 6238
f 6247 6238 6229
f 6249 6229 6228
f 6249 6239 6240
f 6240 6227 6242
f 6062 6061 6243
f 6243 6061 378
f 6241 704 6242
f 6245 6062 6243
f 6244 6062 6245
f 6248 6244 6245
f 6065 6244 6248
f 6065 6248 6246
f 6066 6246 6249
f 6246 6248 6257
f 6245 6257 6248
f 6066 6249 6242
f 6225 6260 6257
f 6246 6226 6249
f 6257 6226 6246
f 6257 6256 6226
f 6256 6250 6247
f 6226 6247 6249
f 6242 6227 6241
f 6249 6240 6242
f 6256 6230 6250
f 6250 6230 6231
f 6255 6231 6230
f 6251 6263 6262
f 6258 6261 6252
f 6258 6252 6253
f 6258 6253 6230
f 6230 6253 6254
f 6230 6254 6255
f 6259 6260 6689
f 6689 6260 6264
f 6260 6225 6264
f 6243 378 6781
f 6264 6781 6690
f 6257 6260 6256
f 6260 6258 6256
f 6256 6258 6230
f 6259 6262 6260
f 6260 6262 6258
f 6261 6258 6263
f 6258 6262 6263
f 6245 6264 6225
f 6245 6243 6781
f 6264 6245 6781
f 6251 6265 6263
f 6263 6265 6266
f 6263 6266 6261
f 6261 6266 6267
f 6261 6267 6252
f 6252 6267 6268
f 6252 6268 6253
f 6253 6268 6269
f 6253 6269 6270
f 6253 6270 6254
f 6254 6270 6271
f 6254 6271 6255
f 6255 6271 6296
f 6272 6470 6273
f 6273 6470 6274
f 6274 6470 6275
f 6275 6470 6276
f 6275 6276 6277
f 6277 6276 6278
f 6278 6276 6279
f 6278 6279 6280
f 6280 6279 6283
f 6280 6283 6281
f 6281 6283 6282
f 6282 6283 6284
f 6284 6283 6285
f 6284 6285 6286
f 6286 6285 6287
f 6287 6285 6288
f 6288 6285 6289
f 6288 6289 6290
f 6290 6289 6291
f 6291 6289 6292
f 6292 6289 6293
f 6292 6293 6294
f 6294 6293 6295
f 6294 6295 6265
f 6265 6295 6266
f 6266 6295 6267
f 6267 6295 6268
f 6268 6295 6269
f 6269 6295 6297
f 6269 6297 6270
f 6270 6297 6271
f 6271 6297 6296
f 6296 6297 6298
f 6298 6297 6299
f 6299 6297 6300
f 6300 6297 6301
f 6301 6297 6302
f 6301 6302 6303
f 6303 6302 6304
f 6304 6302 6305
f 6305 6302 6306
f 6306 6302 6307
f 6307 6302 6308
f 6308 6302 6309
f 6309 6302 906
f 6309 906 6310
f 6310 906 6311
f 6311 906 6312
f 6312 906 904
f 6302 6313 906
f 906 6313 907
f 907 6313 6523
f 6523 6313 6314
f 6523 6314 6315
f 6315 6314 6316
f 6315 6316 6317
f 6317 6316 6318
f 6317 6318 6319
f 6319 6318 6320
f 6319 6320 6524
f 6524 6320 6321
f 6524 6321 6605
f 6605 6321 6322
f 6605 6322 6609
f 6609 6322 6323
f 6323 6322 6324
f 6323 6324 6525
f 6525 6324 6325
f 6325 6324 6327
f 6325 6327 6326
f 6326 6327 6328
f 6326 6328 6603
f 6603 6328 6604
f 6604 6328 6329
f 6604 6329 6330
f 6330 6329 6331
f 6330 6331 6332
f 6332 6331 6334
f 6332 6334 6333
f 6333 6334 6335
f 6335 6334 6336
f 6335 6336 6526
f 6526 6336 6337
f 6526 6337 6338
f 6338 6337 6339
f 6339 6337 6340
f 6339 6340 6527
f 6527 6340 6341
f 6527 6341 6342
f 6342 6341 6343
f 6342 6343 6345
f 6345 6343 6344
f 6345 6344 6346
f 6346 6344 6347
f 6346 6347 6348
f 6348 6347 6349
f 6348 6349 6601
f 6601 6349 6350
f 6601 6350 6521
f 6521 6350 6351
f 6521 6351 6352
f 6352 6351 6353
f 6353 6351 6354
f 6353 6354 6528
f 6528 6354 6355
f 6528 6355 6529
f 6529 6355 6357
f 6529 6357 6356
f 6356 6357 6530
f 6530 6357 6358
f 6530 6358 6359
f 6359 6358 6361
f 6359 6361 6360
f 6360 6361 6531
f 6531 6361 6362
f 6531 6362 6597
f 6362 6363 6592
f 6592 6363 6364
f 6592 6364 6532
f 6532 6364 6522
f 6522 6364 6365
f 6522 6365 6520
f 6520 6365 6366
f 6367 6366 6368
f 6367 6368 6519
f 6519 6368 6369
f 6519 6369 6370
f 6370 6369 6371
f 6370 6371 559
f 559 6371 556
f 556 6371 6372
f 556 6372 560
f 560 6372 6376
f 560 6376 6373
f 6374 6375 6372
f 6372 6375 6376
f 6377 6477 6374
f 6374 6477 6378
f 6380 6379 6377
f 6380 6381 6473
f 6380 6382 6471
f 6383 6384 6380
f 6380 6384 6385
f 6384 6383 6386
f 6386 6383 6387
f 6386 6387 6388
f 6388 6387 6389
f 6389 6387 6390
f 6390 6387 6391
f 6390 6391 6392
f 6392 6391 6393
f 6393 6391 6394
f 6394 6391 6397
f 6394 6397 6395
f 6395 6397 6396
f 6396 6397 6398
f 6398 6397 6400
f 6398 6400 6399
f 6399 6400 6401
f 6401 6400 6402
f 6401 6402 6403
f 6403 6402 6404
f 6404 6402 6405
f 6405 6402 6406
f 6405 6406 6407
f 6407 6406 6409
f 6407 6409 6408
f 6408 6409 6410
f 6410 6409 6411
f 6411 6409 6412
f 6412 6409 6413
f 6412 6413 6414
f 6414 6413 6416
f 6414 6416 6415
f 6415 6416 6417
f 6417 6416 6418
f 6417 6418 6419
f 6419 6418 6420
f 6420 6418 6421
f 6421 6418 6422
f 6421 6422 6423
f 6423 6422 6424
f 6423 6424 6425
f 6425 6424 6427
f 6425 6427 6426
f 6426 6427 6428
f 6428 6427 6429
f 6429 6427 6430
f 6430 6427 6432
f 6430 6432 6431
f 6431 6432 6433
f 6433 6432 6434
f 6434 6432 6436
f 6434 6436 6435
f 6435 6436 6437
f 6437 6436 6438
f 6438 6436 6439
f 6439 6436 6441
f 6439 6441 6440
f 6440 6441 6442
f 6442 6441 6443
f 6443 6441 6446
f 6443 6446 6444
f 6444 6446 6445
f 6445 6446 6447
f 6447 6446 6448
f 6448 6446 6451
f 6448 6451 6449
f 6449 6451 6450
f 6450 6451 6452
f 6452 6451 6453
f 6453 6451 6454
f 6453 6454 6455
f 6455 6454 6456
f 6456 6454 6457
f 6457 6454 6458
f 6457 6458 6459
f 6459 6458 6463
f 6459 6463 6460
f 6460 6463 6461
f 6461 6463 6462
f 6462 6463 6464
f 6464 6463 6465
f 6464 6465 6466
f 6466 6465 6468
f 6466 6468 6467
f 6467 6468 6469
f 6469 6468 6470
f 6469 6470 6272
f 6385 6382 6380
f 6380 6471 6472
f 6380 6472 6381
f 6380 6473 6474
f 6380 6474 6379
f 6379 6475 6377
f 6475 6476 6377
f 6377 6476 6477
f 6378 6478 6374
f 6374 6478 6479
f 6374 6479 6480
f 6480 6481 6374
f 6374 6481 6482
f 6374 6482 6483
f 6483 6375 6374
f 560 6373 6484
f 560 6484 6485
f 6485 6486 560
f 560 6486 561
f 6361 2545 2580
f 6361 2580 6362
f 6362 2580 6363
f 6363 2580 2579
f 6363 2579 6364
f 6364 2579 1417
f 6364 1417 6365
f 6365 1417 2578
f 6365 2578 6366
f 6366 2578 2577
f 6366 2577 6368
f 6368 2577 2576
f 6368 2576 6369
f 6369 2576 2575
f 6369 2575 6371
f 6371 2575 2574
f 6371 2574 6372
f 6372 2574 2573
f 6372 2573 6374
f 6374 2573 2572
f 6374 2572 6377
f 6377 2572 6380
f 6380 2572 2571
f 6380 2571 6383
f 6383 2571 2570
f 6383 2570 6387
f 6387 2570 2569
f 6387 2569 6391
f 6391 2569 2568
f 6391 2568 6397
f 6397 2568 2567
f 6397 2567 6400
f 6400 2567 1927
f 6400 1927 6402
f 6402 1927 1926
f 6402 1926 6406
f 6406 1926 2191
f 6406 2191 6409
f 6409 2191 2192
f 6409 2192 2193
f 6409 2193 2194
f 6409 2194 6413
f 6413 2194 2195
f 6413 2195 6416
f 6416 2195 2196
f 6416 2196 6418
f 6418 2196 2197
f 6418 2197 6422
f 6422 2197 2198
f 6422 2198 6424
f 6424 2198 2199
f 6424 2199 6427
f 6427 2199 2200
f 6427 2200 2201
f 6427 2201 6432
f 6432 2201 2202
f 6432 2202 6436
f 6436 2202 2203
f 6436 2203 2204
f 6436 2204 6441
f 6441 2204 2205
f 6441 2205 6446
f 6446 2205 2206
f 6446 2206 6451
f 6451 2206 2207
f 6451 2207 6454
f 6454 2207 2208
f 6454 2208 6458
f 6458 2208 2209
f 6458 2209 6463
f 6463 2209 2210
f 6463 2210 6465
f 6465 2210 2215
f 6465 2215 6468
f 6468 2215 6470
f 6470 2215 2222
f 6470 2222 2229
f 6470 2229 6276
f 6276 2229 2231
f 6276 2231 6279
f 6279 2231 2232
f 6279 2232 6283
f 6283 2232 2233
f 6283 2233 6285
f 6285 2233 2234
f 6285 2234 6289
f 6289 2234 2235
f 6289 2235 6293
f 6293 2235 2236
f 6293 2236 6295
f 6295 2236 6297
f 6297 2236 2237
f 6297 2237 6302
f 6302 2237 2238
f 6302 2238 6313
f 6313 2238 2239
f 6313 2239 6314
f 6314 2239 2240
f 6314 2240 6316
f 6316 2240 2241
f 6316 2241 6318
f 6318 2241 2242
f 6318 2242 6320
f 6320 2242 2243
f 6320 2243 2244
f 6320 2244 6321
f 6321 2244 2245
f 6321 2245 6322
f 6322 2245 2246
f 6322 2246 6324
f 6324 2246 2247
f 6324 2247 2248
f 6324 2248 6327
f 6327 2248 1774
f 6327 1774 1773
f 6327 1773 6328
f 6328 1773 1768
f 6328 1768 2566
f 6328 2566 6329
f 6329 2566 2565
f 6329 2565 6331
f 6331 2565 2564
f 6331 2564 2563
f 6331 2563 6334
f 6334 2563 2562
f 6334 2562 6336
f 6336 2562 2561
f 6336 2561 2560
f 6336 2560 6337
f 6337 2560 2559
f 6337 2559 2558
f 6337 2558 6340
f 6340 2558 2557
f 6340 2557 6341
f 6341 2557 1775
f 6341 1775 6343
f 6343 1775 2556
f 6343 2556 6344
f 6344 2556 2555
f 6344 2555 6347
f 6347 2555 2554
f 6347 2554 2553
f 6347 2553 6349
f 6349 2553 2552
f 6349 2552 6350
f 6350 2552 2551
f 6350 2551 6351
f 6351 2551 2550
f 6351 2550 2549
f 6351 2549 6354
f 6354 2549 2548
f 6354 2548 6355
f 6355 2548 2547
f 6355 2547 6357
f 6357 2547 2546
f 6357 2546 6358
f 6358 2546 2545
f 6358 2545 6361
f 559 558 6370
f 6370 558 6487
f 6513 6505 6570
f 6510 6578 6590
f 6488 909 6489
f 619 6490 6546
f 619 6546 6536
f 622 6536 6550
f 622 6550 6556
f 622 6556 625
f 625 6556 627
f 627 6556 6491
f 632 6555 6560
f 632 6560 634
f 639 6493 6494
f 639 6494 642
f 642 6494 6495
f 658 6554 661
f 661 6554 6549
f 664 6549 6573
f 664 6573 6498
f 6498 6548 668
f 668 6548 6537
f 6537 6557 6540
f 675 6539 6565
f 675 6565 677
f 677 6565 679
f 6613 6615 688
f 6612 6614 691
f 691 6614 6611
f 691 6611 693
f 6610 6616 6538
f 697 6499 557
f 557 6499 6534
f 558 6588 6487
f 6589 6518 6506
f 6543 6595 6575
f 6587 6509 6576
f 6585 6514 6511
f 6555 6511 6508
f 6578 6510 6577
f 6581 6507 6514
f 6367 6519 6487
f 6551 6594 6587
f 6582 6509 6507
f 6591 6500 6504
f 6591 6504 6590
f 6501 6595 6580
f 6500 6508 6504
f 6567 6577 6593
f 6567 6593 6584
f 6506 6516 6501
f 6487 6519 6370
f 6584 6593 6515
f 6551 908 6594
f 6501 6516 6595
f 6511 6512 6508
f 6587 6594 6509
f 6590 6504 6510
f 6505 6517 6502
f 6506 6606 6516
f 6502 6517 6518
f 6518 6606 6506
f 6503 6575 6522
f 6503 6522 6520
f 6503 6520 6367
f 6507 6599 6514
f 6511 6514 6512
f 6575 6532 6522
f 6509 6599 6507
f 6513 6521 6505
f 6518 6517 6606
f 6575 6595 6592
f 6514 6602 6512
f 6577 6510 6598
f 6577 6598 6593
f 6505 6521 6517
f 6594 6319 6509
f 6509 6319 6599
f 6512 6604 6508
f 6513 6601 6521
f 6575 6592 6532
f 6520 6366 6367
f 6508 6604 6504
f 6504 6608 6510
f 6513 6348 6601
f 6516 6596 6595
f 6594 908 6315
f 6315 908 6523
f 6602 6609 6323
f 6602 6323 6525
f 6325 6326 6603
f 6604 6330 6332
f 6604 6332 6608
f 6608 6332 6333
f 6608 6333 6335
f 6598 6338 6339
f 6598 6339 6527
f 6593 6342 6345
f 6600 6529 6356
f 6600 6356 6530
f 6607 6530 6359
f 6597 6362 6592
f 6613 6541 6615
f 6614 6552 6611
f 6533 6561 684
f 684 6561 6541
f 6544 6490 616
f 6558 645 6495
f 6558 6495 6494
f 6542 616 614
f 6572 6548 6498
f 6544 6546 6490
f 6544 616 6542
f 6564 6559 6535
f 6564 6535 6560
f 6560 6535 634
f 6542 614 6489
f 6616 6563 6538
f 6538 6563 6534
f 6554 658 6545
f 6545 658 6497
f 6615 6541 6543
f 6547 681 679
f 6572 6498 6573
f 6545 6497 6496
f 6545 6496 652
f 6551 6542 6489
f 6551 6489 909
f 6557 6539 6540
f 6547 679 6565
f 6550 6536 6579
f 6579 6536 6546
f 6611 6552 6562
f 6616 6553 6563
f 6570 6573 6549
f 6566 6558 6494
f 6574 6546 6544
f 6570 6549 6554
f 6566 6494 6493
f 6566 6493 6559
f 6611 6562 6553
f 6553 6562 6583
f 6567 6545 652
f 6578 647 645
f 6578 645 6558
f 6585 6491 6556
f 6576 6544 6542
f 6533 681 6561
f 6569 6557 6537
f 6569 6537 6548
f 6552 6575 6562
f 6534 6563 6588
f 6589 6539 6557
f 6567 652 6568
f 6566 6559 6564
f 6585 6492 6491
f 6571 6585 6556
f 6571 6556 6550
f 6553 6583 6563
f 6572 6569 6548
f 6574 6579 6546
f 6579 6571 6550
f 6576 6574 6544
f 6589 6565 6539
f 6586 6570 6554
f 6586 6554 6545
f 6590 6578 6558
f 6590 6558 6566
f 6543 6575 6552
f 6586 6545 6584
f 6587 6576 6542
f 6589 6547 6565
f 6569 6589 6557
f 681 6580 6561
f 6541 6561 6580
f 6570 6572 6573
f 6500 6564 6560
f 6582 6574 6576
f 6562 6503 6583
f 6584 6545 6567
f 6577 6567 6568
f 6577 6568 647
f 6591 6566 6564
f 6562 6575 6503
f 6591 6564 6500
f 6555 6500 6560
f 6581 6579 6574
f 6506 681 6547
f 6502 6569 6572
f 6505 6572 6570
f 6514 6585 6571
f 6581 6571 6579
f 6582 6581 6574
f 6587 6542 6551
f 6506 6547 6589
f 6514 6571 6581
f 6505 6502 6572
f 6513 6570 6586
f 6501 6580 681
f 6501 681 6506
f 6577 647 6578
f 6591 6590 6566
f 6580 6595 6541
f 6541 6595 6543
f 6563 6583 6487
f 6563 6487 6588
f 6515 6586 6584
f 6511 6555 6492
f 6507 6581 6582
f 6583 6367 6487
f 6583 6503 6367
f 6518 6589 6569
f 6518 6569 6502
f 6513 6586 6515
f 6508 6500 6555
f 6511 6492 6585
f 6509 6582 6576
f 6595 6597 6592
f 6604 6608 6504
f 6603 6604 6512
f 6602 6514 6599
f 6600 6516 6606
f 6346 6348 6513
f 6346 6513 6515
f 6526 6510 6608
f 6325 6603 6512
f 6595 6596 6597
f 6526 6598 6510
f 6609 6602 6599
f 6317 6319 6594
f 6352 6517 6521
f 6527 6593 6598
f 6325 6512 6602
f 6597 6596 6531
f 6607 6596 6516
f 6607 6516 6600
f 6345 6346 6515
f 6345 6515 6593
f 6335 6526 6608
f 6609 6599 6605
f 6317 6594 6315
f 6325 6602 6525
f 6524 6605 6599
f 6596 6360 6531
f 6342 6593 6527
f 6338 6598 6526
f 6528 6606 6517
f 6528 6517 6353
f 6353 6517 6352
f 6524 6599 6319
f 6359 6360 6596
f 6553 6616 6610
f 6553 6610 693
f 6553 693 6611
f 6614 6612 688
f 6534 6499 697
f 6534 697 6538
f 6614 688 6615
f 6552 6614 6615
f 6543 6552 6615
f 6607 6359 6596
f 6600 6530 6607
f 6529 6600 6606
f 6528 6529 6606
f 561 6486 563
f 563 6486 6617
f 6617 6486 6485
f 6617 6485 6618
f 6618 6485 6484
f 6618 6484 6619
f 6619 6484 6373
f 6619 6373 6646
f 6646 6373 6376
f 6646 6376 6620
f 6620 6376 6375
f 6620 6375 6621
f 6621 6375 6483
f 6621 6483 6622
f 6622 6483 6482
f 6622 6482 6647
f 6647 6482 6481
f 6647 6481 6623
f 6623 6481 6480
f 6623 6480 6624
f 6624 6480 6479
f 6624 6479 6625
f 6625 6479 6478
f 6625 6478 6626
f 6626 6478 6378
f 6626 6378 6642
f 6642 6378 6477
f 6642 6477 6627
f 6627 6477 6476
f 6627 6476 6628
f 6628 6476 6475
f 6628 6475 6629
f 6629 6475 6379
f 6629 6379 6630
f 6630 6379 6474
f 6630 6474 6631
f 6631 6474 6473
f 6631 6473 6632
f 6632 6473 6381
f 6632 6381 6633
f 6633 6381 6472
f 6633 6472 6634
f 6634 6472 6471
f 6634 6471 6382
f 6634 6382 6658
f 6658 6382 6385
f 6651 6671 6774
f 6651 6774 6636
f 6651 6636 6637
f 6651 6637 6638
f 6640 6628 6629
f 6639 6641 6644
f 6640 6627 6628
f 6660 6648 6643
f 6640 6643 6642
f 6640 6642 6627
f 6661 6659 6645
f 6645 563 6617
f 6645 6617 6661
f 6661 6617 6618
f 6661 6618 6619
f 6661 6619 6646
f 6648 6646 6620
f 6648 6620 6621
f 6648 6621 6622
f 6648 6622 6647
f 6648 6647 6623
f 6648 6623 6624
f 6643 6624 6625
f 6643 6625 6626
f 6643 6626 6642
f 6640 6629 6630
f 6656 6630 6631
f 6657 6632 6633
f 6657 6633 6634
f 6657 6634 6658
f 6638 6637 6639
f 6650 6651 6638
f 6650 6638 6639
f 6791 6651 6650
f 6652 6791 6650
f 6652 6650 6654
f 6635 6791 6652
f 6635 6652 6653
f 6820 6635 6653
f 6653 6652 6654
f 6653 6654 6649
f 6836 6653 6649
f 6657 6836 6649
f 6670 6836 6657
f 6654 6639 6644
f 6654 6650 6639
f 6660 6654 6644
f 6655 6660 6643
f 6655 6654 6660
f 6640 6655 6643
f 6649 6654 6655
f 6656 6655 6640
f 6649 6655 6656
f 6656 6640 6630
f 6632 6656 6631
f 6657 6649 6656
f 6657 6656 6632
f 6660 6644 6659
f 6660 6659 6661
f 6648 6661 6646
f 6643 6648 6624
f 6660 6661 6648
f 6662 6251 6676
f 6676 6251 6262
f 6836 6820 6653
f 6651 6791 6671
f 6674 6777 365
f 365 6777 366
f 6685 6809 6815
f 6832 6837 6679
f 6679 6837 6838
f 6676 6262 6663
f 6664 6681 6677
f 6678 6677 6680
f 6678 6680 6684
f 6683 6832 6679
f 6663 6262 6259
f 6663 6259 6682
f 6677 6681 6680
f 6684 6685 6683
f 6683 6815 6832
f 6259 6687 6682
f 6685 6815 6683
f 6681 6682 6686
f 6681 6686 6688
f 6681 6688 6680
f 6684 6680 6685
f 6259 6689 6687
f 6682 6687 6686
f 6680 6688 6685
f 6687 6689 6690
f 6686 6687 6690
f 6689 6264 6690
f 6657 6658 6670
f 6670 6658 6691
f 6670 6691 6692
f 6670 6692 6844
f 6844 6692 6693
f 6844 6693 6694
f 6844 6694 6855
f 6855 6694 6695
f 6855 6695 6696
f 6855 6696 6697
f 6855 6697 6669
f 6669 6697 6698
f 6669 6698 6699
f 6669 6699 6700
f 6669 6700 6701
f 6669 6701 6856
f 6856 6701 6702
f 6856 6702 6703
f 6856 6703 6668
f 6668 6703 6704
f 6668 6704 6705
f 6668 6705 6706
f 6668 6706 6852
f 6852 6706 6707
f 6852 6707 6708
f 6852 6708 6709
f 6852 6709 6854
f 6854 6709 6710
f 6854 6710 6711
f 6854 6711 6712
f 6854 6712 6713
f 6854 6713 6850
f 6850 6713 6714
f 6850 6714 6715
f 6850 6715 6716
f 6850 6716 6667
f 6667 6716 6717
f 6667 6717 6718
f 6667 6718 6719
f 6667 6719 6720
f 6667 6720 6721
f 6667 6721 6853
f 6853 6721 6722
f 6853 6722 6723
f 6853 6723 6724
f 6853 6724 6725
f 6853 6725 6666
f 6666 6725 6726
f 6666 6726 6727
f 6666 6727 6728
f 6666 6728 6851
f 6851 6728 6729
f 6851 6729 6665
f 6665 6729 6730
f 6665 6730 6731
f 6665 6731 6732
f 6665 6732 6846
f 6846 6732 6733
f 6846 6733 6734
f 6846 6734 6735
f 6846 6735 6736
f 6846 6736 6847
f 6847 6736 6737
f 6847 6737 6738
f 6847 6738 6833
f 6833 6738 6739
f 6833 6739 6740
f 6833 6740 6741
f 6833 6741 6839
f 6839 6741 6742
f 6839 6742 6743
f 6839 6743 6744
f 6839 6744 6838
f 6838 6744 6745
f 6838 6745 6746
f 6838 6746 6747
f 6838 6747 6679
f 6679 6747 6748
f 6679 6748 6749
f 6679 6749 6683
f 6683 6749 6750
f 6683 6750 6751
f 6683 6751 6752
f 6683 6752 6684
f 6684 6752 6753
f 6684 6753 6754
f 6684 6754 6678
f 6678 6754 6755
f 6678 6755 6756
f 6678 6756 6757
f 6678 6757 6677
f 6677 6757 6758
f 6677 6758 6759
f 6677 6759 6664
f 6664 6759 6760
f 6664 6760 6761
f 6664 6761 6762
f 6664 6762 6681
f 6681 6762 6763
f 6681 6763 6764
f 6681 6764 6682
f 6682 6764 6765
f 6682 6765 6663
f 6663 6765 6766
f 6663 6766 6767
f 6663 6767 6768
f 6663 6768 6676
f 6676 6768 6662
f 375 6772 6769
f 375 6769 6770
f 6770 6769 6771
f 6770 6771 378
f 6772 375 6773
f 6773 6675 6776
f 6776 6675 366
f 6778 6673 6672
f 6778 6672 6775
f 6775 6672 6786
f 6786 6672 363
f 6772 6780 6769
f 6783 6772 6773
f 6784 363 6774
f 378 6771 6781
f 6783 6773 6776
f 6778 6674 6673
f 6784 6786 363
f 6797 6784 6774
f 6797 6774 6671
f 6769 6780 6771
f 6776 366 6793
f 6793 366 6777
f 6779 6777 6674
f 6779 6674 6778
f 6782 6780 6772
f 6782 6772 6783
f 6790 6778 6775
f 6802 6775 6786
f 6792 6783 6776
f 6792 6776 6785
f 6785 6776 6793
f 6789 6779 6778
f 6789 6778 6790
f 6795 6790 6775
f 6802 6786 6787
f 6788 6782 6783
f 6795 6775 6802
f 6787 6786 6784
f 6780 6803 6771
f 6771 6803 6781
f 6794 6793 6777
f 6794 6777 6779
f 6799 6779 6789
f 6796 6787 6784
f 6796 6784 6797
f 6791 6797 6671
f 6788 6783 6792
f 6798 6785 6793
f 6799 6794 6779
f 6803 6780 6806
f 6782 6806 6780
f 6781 6803 6690
f 6798 6793 6794
f 6807 6789 6790
f 6812 6788 6792
f 6805 6799 6789
f 6795 6807 6790
f 6800 6795 6802
f 6825 6802 6787
f 6801 6782 6788
f 6818 6798 6794
f 6796 6797 6791
f 6818 6794 6799
f 6812 6801 6788
f 6804 6792 6785
f 6804 6785 6817
f 6817 6785 6798
f 6805 6789 6807
f 6808 6795 6800
f 6813 6825 6787
f 6826 6787 6796
f 6782 6801 6806
f 6803 6806 6686
f 6803 6686 6690
f 6817 6798 6818
f 6799 6805 6810
f 6813 6787 6826
f 6820 6796 6791
f 6811 6801 6812
f 6804 6812 6792
f 6808 6807 6795
f 6825 6800 6802
f 6810 6818 6799
f 6821 6805 6807
f 6808 6821 6807
f 6820 6791 6635
f 6827 6812 6804
f 6806 6809 6688
f 6806 6688 6686
f 6815 6801 6811
f 6822 6821 6808
f 6806 6801 6809
f 6811 6812 6814
f 6829 6810 6805
f 6822 6808 6823
f 6823 6808 6800
f 6801 6815 6809
f 6814 6812 6827
f 6834 6804 6817
f 6809 6685 6688
f 6840 6834 6817
f 6828 6818 6810
f 6824 6800 6825
f 6826 6796 6820
f 6834 6827 6804
f 6840 6817 6819
f 6819 6817 6818
f 6821 6829 6805
f 6837 6815 6811
f 6819 6818 6828
f 6828 6810 6829
f 6823 6800 6816
f 6824 6816 6800
f 6831 6813 6826
f 6837 6811 6814
f 6830 6814 6827
f 6824 6825 6843
f 6843 6825 6813
f 6836 6826 6820
f 6837 6814 6830
f 6830 6827 6834
f 6840 6819 6848
f 6845 6829 6821
f 6842 6821 6822
f 6843 6813 6831
f 6832 6815 6837
f 6841 6828 6829
f 6841 6829 6845
f 6848 6819 6849
f 6849 6819 6828
f 6845 6821 6842
f 6835 6831 6826
f 6847 6834 6840
f 6854 6823 6816
f 6835 6826 6836
f 6837 6830 6838
f 6839 6847 6833
f 6850 6842 6822
f 6838 6830 6839
f 6839 6830 6834
f 6839 6834 6847
f 6853 6845 6842
f 6853 6842 6667
f 6850 6822 6823
f 6852 6824 6843
f 6856 6668 6843
f 6856 6843 6831
f 6854 6816 6824
f 6668 6852 6843
f 6844 6835 6836
f 6846 6840 6848
f 6851 6849 6828
f 6851 6828 6841
f 6667 6842 6850
f 6850 6823 6854
f 6852 6854 6824
f 6853 6841 6845
f 6670 6844 6836
f 6847 6840 6846
f 6665 6848 6849
f 6665 6849 6851
f 6669 6831 6835
f 6846 6848 6665
f 6669 6856 6831
f 6855 6669 6835
f 6844 6855 6835
f 6666 6841 6853
f 6666 6851 6841
f 6265 6251 6294
f 6294 6251 6662
f 6294 6662 6292
f 6292 6662 6768
f 6292 6768 6291
f 6291 6768 6767
f 6291 6767 6290
f 6290 6767 6766
f 6290 6766 6288
f 6288 6766 6765
f 6288 6765 6287
f 6287 6765 6764
f 6287 6764 6286
f 6286 6764 6763
f 6286 6763 6284
f 6284 6763 6762
f 6284 6762 6282
f 6282 6762 6761
f 6282 6761 6281
f 6281 6761 6760
f 6281 6760 6280
f 6280 6760 6759
f 6280 6759 6278
f 6278 6759 6758
f 6278 6758 6277
f 6277 6758 6757
f 6277 6757 6275
f 6275 6757 6756
f 6275 6756 6274
f 6274 6756 6755
f 6274 6755 6273
f 6273 6755 6754
f 6273 6754 6272
f 6272 6754 6753
f 6272 6753 6469
f 6469 6753 6752
f 6469 6752 6467
f 6467 6752 6751
f 6467 6751 6466
f 6466 6751 6750
f 6466 6750 6464
f 6464 6750 6749
f 6464 6749 6462
f 6462 6749 6748
f 6462 6748 6461
f 6461 6748 6747
f 6461 6747 6460
f 6460 6747 6746
f 6460 6746 6459
f 6459 6746 6745
f 6459 6745 6457
f 6457 6745 6744
f 6457 6744 6456
f 6456 6744 6743
f 6456 6743 6455
f 6455 6743 6742
f 6455 6742 6453
f 6453 6742 6741
f 6453 6741 6452
f 6452 6741 6740
f 6452 6740 6450
f 6450 6740 6739
f 6450 6739 6449
f 6449 6739 6738
f 6449 6738 6448
f 6448 6738 6737
f 6448 6737 6447
f 6447 6737 6736
f 6447 6736 6445
f 6445 6736 6735
f 6445 6735 6444
f 6444 6735 6734
f 6444 6734 6443
f 6443 6734 6733
f 6443 6733 6442
f 6442 6733 6732
f 6442 6732 6440
f 6440 6732 6731
f 6440 6731 6439
f 6439 6731 6730
f 6439 6730 6438
f 6438 6730 6729
f 6438 6729 6437
f 6437 6729 6728
f 6437 6728 6435
f 6435 6728 6727
f 6435 6727 6434
f 6434 6727 6726
f 6434 6726 6433
f 6433 6726 6725
f 6433 6725 6431
f 6431 6725 6724
f 6431 6724 6430
f 6430 6724 6723
f 6430 6723 6429
f 6429 6723 6722
f 6429 6722 6428
f 6428 6722 6721
f 6428 6721 6426
f 6426 6721 6720
f 6426 6720 6425
f 6425 6720 6719
f 6425 6719 6423
f 6423 6719 6718
f 6423 6718 6421
f 6421 6718 6717
f 6421 6717 6420
f 6420 6717 6716
f 6420 6716 6419
f 6419 6716 6715
f 6419 6715 6417
f 6417 6715 6714
f 6417 6714 6415
f 6415 6714 6713
f 6415 6713 6414
f 6414 6713 6712
f 6414 6712 6412
f 6412 6712 6711
f 6412 6711 6411
f 6411 6711 6710
f 6411 6710 6410
f 6410 6710 6709
f 6410 6709 6408
f 6408 6709 6708
f 6408 6708 6407
f 6407 6708 6707
f 6407 6707 6405
f 6405 6707 6706
f 6405 6706 6404
f 6404 6706 6705
f 6404 6705 6403
f 6403 6705 6704
f 6403 6704 6401
f 6401 6704 6703
f 6401 6703 6399
f 6399 6703 6702
f 6399 6702 6398
f 6398 6702 6701
f 6398 6701 6396
f 6396 6701 6700
f 6396 6700 6395
f 6395 6700 6699
f 6395 6699 6394
f 6394 6699 6698
f 6394 6698 6393
f 6393 6698 6697
f 6393 6697 6392
f 6392 6697 6696
f 6392 6696 6390
f 6390 6696 6695
f 6390 6695 6389
f 6389 6695 6694
f 6389 6694 6388
f 6388 6694 6693
f 6388 6693 6386
f 6386 6693 6692
f 6386 6692 6384
f 6384 6692 6691
f 6384 6691 6385
f 6385 6691 6658
f 6932 487 6929
f 6858 6857 486
f 6858 486 485
f 6860 480 588
f 6860 588 6869
f 6869 588 586
f 6869 586 6870
f 6870 586 584
f 6870 584 6872
f 6872 584 582
f 6872 582 6873
f 6873 582 580
f 6873 580 6874
f 6874 580 578
f 6874 578 6877
f 6877 578 576
f 6877 576 6875
f 6875 576 574
f 6875 574 6876
f 6876 574 572
f 6876 572 6878
f 6878 572 570
f 6878 570 6871
f 6861 566 6862
f 6862 566 564
f 6862 564 6863
f 6863 564 563
f 6863 563 6645
f 6863 6645 6659
f 6863 6659 6864
f 6864 6659 6644
f 6864 6644 6865
f 6865 6644 6641
f 6865 6641 6866
f 6866 6641 6639
f 6867 6637 6636
f 6636 6774 6938
f 6636 6938 6935
f 6935 6938 6936
f 6936 6938 6937
f 6868 6938 342
f 6887 6871 6861
f 6887 6861 6862
f 6859 6860 6879
f 6879 6860 6869
f 6879 6869 6880
f 6880 6869 6870
f 6880 6870 6883
f 6883 6870 6872
f 6883 6872 6881
f 6881 6872 6873
f 6881 6873 6874
f 6882 6877 6875
f 6882 6875 6876
f 6882 6876 6878
f 6886 6881 6874
f 6886 6874 6877
f 6885 6882 6878
f 6885 6878 6871
f 6890 6887 6862
f 6890 6862 6863
f 6888 6886 6877
f 6888 6877 6882
f 6864 6890 6863
f 6889 6885 6871
f 6889 6871 6887
f 6884 6882 6885
f 6897 6883 6881
f 6897 6881 6886
f 6898 6888 6882
f 6898 6882 6884
f 483 6859 6879
f 6899 6897 6886
f 6899 6886 6888
f 6892 6884 6885
f 6892 6885 6889
f 6889 6887 6890
f 6895 483 6879
f 6895 6879 6880
f 6900 6899 6888
f 6900 6888 6898
f 6891 6892 6889
f 6893 6891 6889
f 6893 6889 6894
f 6894 6889 6890
f 6894 6890 6865
f 6865 6890 6864
f 6896 6895 6880
f 6896 6880 6883
f 6896 6883 6897
f 484 483 6904
f 6904 483 6895
f 6904 6895 6896
f 6901 6900 6898
f 6901 6898 6884
f 6901 6884 6902
f 6902 6884 6892
f 6902 6892 6891
f 6908 6902 6891
f 6908 6891 6893
f 6909 6896 6897
f 6909 6897 6899
f 6905 6908 6893
f 6905 6893 6903
f 6903 6893 6894
f 6903 6894 6865
f 6910 6904 6896
f 6910 6896 6909
f 6906 6909 6899
f 6906 6899 6900
f 6866 6903 6865
f 485 484 6904
f 6914 6906 6900
f 6914 6900 6901
f 6914 6901 6907
f 6907 6901 6902
f 6913 6908 6905
f 6913 6905 6866
f 6866 6905 6903
f 6911 485 6904
f 6911 6904 6910
f 6858 485 6911
f 6912 6910 6909
f 6912 6909 6906
f 6917 6907 6902
f 6917 6902 6908
f 6917 6908 6913
f 6916 6910 6912
f 6916 6912 6918
f 6918 6912 6906
f 6919 6906 6914
f 6919 6914 6920
f 6920 6914 6915
f 6915 6914 6907
f 6915 6907 6917
f 6921 6913 6866
f 6921 6866 6639
f 6923 6911 6910
f 6923 6910 6916
f 6919 6918 6906
f 6857 6858 6922
f 6922 6858 6911
f 6922 6911 6923
f 6925 6917 6913
f 6925 6913 6921
f 6927 6915 6917
f 6927 6917 6925
f 6637 6921 6639
f 6924 6918 6919
f 6924 6919 6920
f 6867 6925 6921
f 6867 6921 6637
f 6928 6922 6923
f 6928 6923 6926
f 6926 6923 6916
f 6926 6916 6918
f 6930 6920 6915
f 6930 6915 6927
f 6926 6918 6924
f 6930 6924 6920
f 6931 6927 6925
f 6931 6925 6867
f 487 6857 6929
f 6929 6857 6922
f 6929 6922 6928
f 6931 6930 6927
f 6932 6929 6933
f 6933 6929 6928
f 6933 6928 6926
f 6938 6933 6926
f 6938 6926 6934
f 6934 6926 6924
f 6934 6924 6930
f 6937 6930 6931
f 6935 6931 6867
f 6937 6934 6930
f 6868 6932 6933
f 6868 6933 6938
f 6936 6937 6931
f 6936 6931 6935
f 6935 6867 6636
f 6937 6938 6934
f 6255 6296 6231
f 6231 6296 6298
f 6231 6298 6232
f 6232 6298 6299
f 6232 6299 6233
f 6233 6299 6300
f 6233 6300 6234
f 6234 6300 6301
f 6234 6301 6235
f 6235 6301 6303
f 6235 6303 6236
f 6236 6303 6304
f 6236 6304 6237
f 6237 6304 6305
f 6237 6305 6238
f 6238 6305 6306
f 6238 6306 6229
f 6229 6306 6307
f 6229 6307 6228
f 6228 6307 6308
f 6228 6308 6309
f 6228 6309 6239
f 6239 6309 6310
f 6239 6310 6240
f 6240 6310 6311
f 6240 6311 6227
f 6227 6311 6312
f 6227 6312 6241
f 6241 6312 904
f 904 704 6241
f 5848 5753 6967
f 6940 6939 7023
f 6941 6966 6949
f 6948 387 6046
f 6032 5818 6956
f 5818 5820 6956
f 6956 5820 6944
f 6959 6944 6946
f 6943 6945 6939
f 5820 5822 6944
f 6946 6947 6943
f 5822 5824 6944
f 5824 5826 6944
f 5826 5828 6944
f 6944 5828 6946
f 5828 5830 6946
f 6943 6947 6945
f 5830 5832 6946
f 5832 5834 6946
f 6946 5834 6947
f 5834 5836 6947
f 5836 5838 6947
f 6939 6945 6967
f 5838 5840 6947
f 5840 5842 6947
f 6947 5842 6945
f 5842 5844 6945
f 5844 5846 6945
f 5846 5848 6945
f 6945 5848 6967
f 6948 6046 6950
f 6942 6950 6046
f 6951 6949 6948
f 6941 6949 6951
f 6951 6948 6950
f 6952 6950 6942
f 6953 6941 6951
f 6954 6950 6952
f 6954 6951 6950
f 6953 6951 6954
f 6955 6954 6952
f 6940 6941 6953
f 6955 6952 6957
f 6957 6952 6037
f 6939 6940 6953
f 6943 6953 6954
f 6943 6954 6955
f 6959 6955 6957
f 6946 6943 6959
f 6943 6939 6953
f 6959 6943 6955
f 6944 6959 6956
f 6959 6958 6956
f 6958 6959 6957
f 7069 421 6960
f 6961 420 6962
f 6961 6962 6963
f 6962 404 6963
f 7036 6941 6940
f 6998 7023 6939
f 6998 6939 6967
f 6967 5753 5754
f 6967 5754 6983
f 6983 5754 5755
f 6983 5755 5756
f 6983 5756 6968
f 6968 5756 5757
f 6968 5757 5758
f 6968 5758 5759
f 6968 5759 6982
f 6982 5759 5760
f 6982 5760 6977
f 6977 5760 5761
f 6977 5761 5762
f 6977 5762 5763
f 6977 5763 7007
f 7007 5763 5764
f 7007 5764 5765
f 7007 5765 6989
f 6989 5765 5766
f 6989 5766 5767
f 6989 5767 6976
f 6976 5767 5768
f 6976 5768 5769
f 6976 5769 5770
f 6976 5770 6975
f 6975 5770 5771
f 6975 5771 5772
f 6975 5772 5773
f 6975 5773 5774
f 6975 5774 6969
f 6969 5774 5775
f 6969 5775 5776
f 6969 5776 5777
f 6969 5777 6987
f 6987 5777 5778
f 6987 5778 5779
f 6987 5779 6981
f 6981 5779 5780
f 6981 5780 5781
f 6981 5781 5782
f 6981 5782 6993
f 6993 5782 5783
f 6993 5783 5784
f 6993 5784 6970
f 6970 5784 5785
f 6970 5785 5786
f 6970 5786 5787
f 6970 5787 7000
f 7000 5787 5788
f 7000 5788 5789
f 7000 5789 6974
f 6974 5789 5790
f 6974 5790 5791
f 6974 5791 5792
f 6974 5792 5793
f 6974 5793 6980
f 6980 5793 5794
f 6980 5794 5795
f 6980 5795 6971
f 6971 5795 5796
f 6971 5796 5797
f 6971 5797 6986
f 6986 5797 5798
f 6986 5798 5799
f 6986 5799 6979
f 6979 5799 5800
f 6979 5800 5801
f 6979 5801 6972
f 6972 5801 5802
f 6972 5802 5803
f 6972 5803 5804
f 6972 5804 6990
f 6990 5804 5805
f 6990 5805 6978
f 6978 5805 5806
f 6978 5806 5807
f 6978 5807 5808
f 6978 5808 6973
f 6973 5808 5809
f 6973 5809 5810
f 6973 5810 6984
f 6984 5810 5811
f 6984 5811 5812
f 6984 5812 5813
f 6984 5813 7077
f 7077 5813 5814
f 7077 5814 5815
f 7077 5815 7084
f 6986 6992 6971
f 6971 6992 6980
f 6981 6985 6987
f 6979 6991 6986
f 6980 6988 6974
f 6974 7002 7000
f 6975 6995 6976
f 6976 7007 6989
f 6984 7077 7080
f 6975 6969 6995
f 6968 6999 6983
f 6984 7080 6973
f 6973 7080 7004
f 6973 7004 6978
f 7007 6996 6977
f 6982 6977 6997
f 6982 6997 6968
f 6968 6997 6999
f 6983 6998 6967
f 6978 7004 6990
f 6986 6991 6992
f 6980 6992 6988
f 6974 6988 7002
f 6987 6985 6994
f 6987 6994 7003
f 6987 7003 6969
f 6976 6995 7007
f 6972 6990 7011
f 6972 7011 6979
f 7000 7008 6970
f 6970 7008 6993
f 6995 6969 7001
f 6977 6996 6997
f 6992 6991 7021
f 6990 7006 7011
f 6988 6992 7005
f 7000 7002 7008
f 6983 6999 6998
f 7004 7006 6990
f 6979 7011 6991
f 6993 7008 6981
f 6981 7009 6985
f 6994 7014 7003
f 6969 7003 7001
f 6996 7022 6997
f 7021 7005 6992
f 7002 6988 7013
f 6981 7008 7009
f 6996 7007 7020
f 6997 7015 6999
f 6999 7015 6998
f 6991 7011 7021
f 6985 7009 6994
f 7007 7018 7020
f 6997 7022 7015
f 7004 7016 7006
f 7002 7012 7008
f 6994 7009 7010
f 7007 6995 7018
f 6988 7005 7013
f 7002 7013 7012
f 6995 7017 7018
f 6996 7020 7022
f 7011 7027 7021
f 7008 7012 7009
f 7009 7012 7019
f 7009 7019 7010
f 6994 7010 7014
f 7003 7014 7026
f 7001 7017 6995
f 7080 7024 7004
f 7011 7006 7027
f 7003 7026 7001
f 7004 7024 7016
f 7021 7031 7005
f 7013 7005 7025
f 7020 7018 7033
f 7001 7026 7017
f 6998 7015 7023
f 7016 7030 7006
f 7005 7031 7025
f 7012 7013 7035
f 7012 7035 7019
f 7013 7028 7035
f 7014 7010 7029
f 7022 7044 7015
f 7006 7030 7027
f 7013 7025 7028
f 7017 7026 7038
f 7017 7038 7018
f 7020 7033 7044
f 7020 7044 7022
f 7016 7034 7030
f 7021 7027 7031
f 7010 7019 7032
f 7014 7037 7026
f 7015 7044 7023
f 7016 7024 7034
f 7010 7032 7029
f 7029 7037 7014
f 7023 7036 6940
f 7026 7037 7038
f 7018 7038 7033
f 7081 7095 7024
f 7019 7035 7032
f 7023 7044 7036
f 7024 7095 7034
f 7034 7039 7030
f 7027 7030 7042
f 7035 7028 7046
f 7033 7047 7044
f 7030 7039 7042
f 7027 7042 7031
f 7031 7041 7025
f 7029 7048 7037
f 7034 7095 7052
f 7034 7052 7039
f 7031 7042 7041
f 7035 7043 7032
f 7032 7050 7029
f 7037 7040 7038
f 7025 7051 7028
f 7035 7046 7043
f 7029 7050 7048
f 7033 7038 7047
f 7025 7041 7051
f 7040 7037 7054
f 7044 7045 7036
f 7036 7045 6966
f 7036 6966 6941
f 7042 7039 7055
f 7032 7043 7050
f 7037 7048 7054
f 7044 7047 7045
f 7046 7028 7057
f 7040 7049 7038
f 7038 7049 7047
f 7055 7053 7042
f 7028 7051 7057
f 7046 7057 7043
f 7047 7049 7059
f 7047 7059 7045
f 7039 7052 7055
f 7042 7053 7041
f 7051 7041 7056
f 7048 7050 7058
f 7048 7058 7054
f 7040 7054 7049
f 7052 7096 7069
f 7055 7062 7053
f 7041 7053 7056
f 7050 7043 7060
f 7043 7057 7060
f 7050 7060 7058
f 7045 7059 7061
f 6966 7061 6949
f 7052 7069 7055
f 7051 7065 7057
f 7049 7068 7059
f 7059 7071 7061
f 7045 7061 6966
f 7055 7069 7062
f 7053 6961 7056
f 7056 6963 7051
f 7051 6963 7065
f 7057 7066 7060
f 7058 7060 7063
f 7054 7058 7070
f 7062 6961 7053
f 7065 7066 7057
f 7058 7063 7067
f 7058 7067 7070
f 7054 7070 7049
f 7049 7070 7068
f 7062 7064 6961
f 7060 7066 7063
f 7059 7068 7071
f 7061 390 6949
f 7069 6960 7062
f 7062 6960 7064
f 7056 6961 6963
f 7067 6964 7070
f 7061 7071 390
f 7064 6960 420
f 7064 420 6961
f 7065 6963 406
f 7065 406 7066
f 7066 406 405
f 7066 405 7063
f 7063 405 7067
f 7067 405 6964
f 7070 6964 399
f 7070 399 7068
f 7068 399 6965
f 7068 6965 7071
f 7071 6965 390
f 5737 5738 7092
f 7092 5738 5739
f 7092 5739 7087
f 7087 5739 7074
f 7074 5740 7087
f 7087 5740 5741
f 7087 5741 7088
f 7088 5741 5742
f 7088 5742 5743
f 7088 5743 7085
f 7085 5743 5744
f 7085 5744 5745
f 7085 5745 5746
f 7085 5746 5747
f 7085 5747 7086
f 7086 5747 5748
f 7086 5748 5749
f 7086 5749 5750
f 7086 5750 7075
f 7075 5750 5751
f 7075 5751 5752
f 7075 5752 4138
f 7089 7078 7091
f 7091 7078 7093
f 7086 7075 7076
f 7086 7076 7089
f 7089 7076 7094
f 7093 7078 7079
f 7093 7080 7077
f 7089 7094 7078
f 7079 7080 7093
f 7075 4136 7076
f 7078 7081 7079
f 7079 7024 7080
f 7078 7094 7081
f 7076 4136 7094
f 7079 7081 7024
f 7094 7095 7081
f 7082 7083 7096
f 7083 7069 7096
f 7083 421 7069
f 7090 7077 7084
f 5737 7092 7073
f 7073 7092 5736
f 7072 7090 7084
f 5736 7092 7090
f 5736 7090 7072
f 7086 7089 7085
f 7085 7089 7088
f 7088 7091 7087
f 7087 7091 7092
f 7088 7089 7091
f 7091 7093 7092
f 4136 4135 7094
f 7093 7090 7092
f 7095 7094 7082
f 7094 4135 7082
f 7095 7082 7096
f 7095 7096 7052
f 7093 7077 7090
f 1376 1413 5850
f 5850 1413 1659
f 5850 1659 1660
f 5850 1660 5853
f 5853 1660 1661
f 5853 1661 5855
f 5855 1661 1662
f 5855 1662 5858
f 5858 1662 1663
f 5858 1663 1664
f 5858 1664 5860
f 5860 1664 1665
f 5860 1665 5863
f 5863 1665 1666
f 5863 1666 5865
f 5865 1666 1667
f 5865 1667 1668
f 5865 1668 5867
f 5867 1668 1670
f 5867 1670 5869
f 5869 1670 1671
f 5869 1671 5872
f 5872 1671 1672
f 5872 1672 1673
f 5872 1673 5874
f 5874 1673 1674
f 5874 1674 5877
f 5877 1674 1675
f 5877 1675 5879
f 5879 1675 1676
f 5879 1676 1677
f 5879 1677 5880
f 5880 1677 1678
f 5880 1678 1679
f 5880 1679 5882
f 5882 1679 1680
f 5882 1680 5884
f 5884 1680 2599
f 5884 2599 5885
f 5885 2599 2598
f 5885 2598 2597
f 5885 2597 5886
f 5886 2597 2596
f 5886 2596 2595
f 5886 2595 5888
f 5888 2595 2594
f 5888 2594 2593
f 5888 2593 5889
f 5889 2593 2592
f 5889 2592 5891
f 5891 2592 2591
f 5891 2591 5893
f 5893 2591 2590
f 5893 2590 5894
f 5894 2590 2589
f 5894 2589 5895
f 5895 2589 2588
f 5895 2588 5898
f 5898 2588 2587
f 5898 2587 5899
f 5899 2587 5907
f 5907 2587 2586
f 5907 2586 5913
f 5913 2586 2585
f 5913 2585 5922
f 5922 2585 5925
f 5925 2585 2584
f 5925 2584 5926
f 5926 2584 2583
f 5926 2583 5927
f 5927 2583 2582
f 5927 2582 5928
f 5928 2582 2581
f 5928 2581 2096
f 5928 2096 5929
f 5929 2096 2098
f 5929 2098 5930
f 5930 2098 1377
f 5930 1377 5931
f 7097 1506 7098
f 7098 1506 1505
f 7098 1505 7099
f 7099 1505 1504
f 7099 1504 1510
f 7099 1510 7100
f 7100 1510 1509
f 7100 1509 7101
f 7101 1509 1508
f 7101 1508 7102
f 7102 1508 1780
f 7102 1780 7103
f 7103 1780 1514
f 7103 1514 7104
f 7104 1514 1513
f 7104 1513 7105
f 7105 1513 1512
f 7105 1512 7106
f 7106 1512 1779
f 7106 1779 7107
f 7107 1779 1778
f 7107 1778 7108
f 7108 1778 1777
f 7108 1777 7109
f 7109 1777 1776
f 7109 1776 7110
f 7110 1776 1518
f 7110 1518 7111
f 7111 1518 1519
f 7111 1519 7112
f 7112 1519 1520
f 7112 1520 7113
f 7113 1520 1521
f 7113 1521 7114
f 7114 1521 1522
f 7114 1522 7115
f 7115 1522 1523
f 7115 1523 7116
f 7116 1523 1524
f 7116 1524 7117
f 7117 1524 1525
f 7117 1525 7118
f 7118 1525 1526
f 7118 1526 7119
f 7119 1526 1527
f 7119 1527 7120
f 7120 1527 1528
f 7120 1528 7121
f 7121 1528 1529
f 7121 1529 7122
f 7122 1529 1530
f 7122 1530 7123
f 7123 1530 1531
f 7123 1531 7124
f 7097 7125 1506
f 1506 7125 1500
f 1500 7125 7126
f 1500 7126 1501
f 1501 7126 7127
f 1501 7127 1502
f 1502 7127 7128
f 1502 7128 1781
f 1781 7128 7129
f 1781 7129 1784
f 1784 7129 7130
f 1784 7130 1786
f 1786 7130 7131
f 1786 7131 1787
f 1787 7131 7132
f 1787 7132 1788
f 1788 7132 7133
f 1788 7133 1790
f 1790 7133 7134
f 1790 7134 1791
f 1791 7134 7135
f 1791 7135 1793
f 1793 7135 7136
f 1793 7136 1794
f 1794 7136 7137
f 1794 7137 1795
f 7097 7098 7125
f 7125 7098 7126
f 7126 7098 7127
f 7127 7098 7128
f 7128 7098 7099
f 7128 7099 7129
f 7129 7099 7130
f 7130 7099 7100
f 7130 7100 7131
f 7131 7100 7132
f 7132 7100 7101
f 7132 7101 7133
f 7133 7101 7134
f 7134 7101 7102
f 7134 7102 7135
f 7135 7102 7136
f 7136 7102 7103
f 7136 7103 7137
f 7137 7103 7138
f 7137 7138 7139
f 7139 7138 7140
f 7140 7138 7141
f 7141 7138 7142
f 7142 7138 7143
f 7143 7138 7144
f 7144 7138 7145
f 7144 7145 7146
f 7103 7104 7138
f 7138 7104 7117
f 7138 7117 7147
f 7147 7117 7148
f 7148 7117 7149
f 7149 7117 7150
f 7150 7117 7151
f 7151 7117 7152
f 7152 7117 7153
f 7153 7117 7118
f 7153 7118 7154
f 7154 7118 7119
f 7154 7119 7155
f 7155 7119 7120
f 7155 7120 7156
f 7156 7120 7157
f 7157 7120 7158
f 7158 7120 7121
f 7158 7121 7159
f 7159 7121 7160
f 7160 7121 7122
f 7160 7122 7161
f 7161 7122 7162
f 7162 7122 7123
f 7162 7123 7163
f 7163 7123 7164
f 7164 7123 7165
f 7165 7123 7124
f 7104 7105 7117
f 7117 7105 7116
f 7116 7105 7106
f 7116 7106 7115
f 7115 7106 7107
f 7115 7107 7114
f 7114 7107 7108
f 7114 7108 7113
f 7113 7108 7109
f 7113 7109 7112
f 7112 7109 7110
f 7112 7110 7111
f 7156 7166 7155
f 7155 7166 7167
f 7167 7166 7168
f 7167 7168 7169
f 7167 7169 7170
f 7170 7169 7171
f 7170 7171 7172
f 7172 7171 7173
f 7172 7173 7174
f 7172 7174 7175
f 7175 7174 7176
f 7175 7176 7177
f 7175 7177 7178
f 7178 7177 7179
f 7178 7179 7180
f 7178 7180 7181
f 7181 7180 7182
f 7181 7182 7183
f 7181 7183 7184
f 7184 7183 7185
f 7184 7185 7186
f 7184 7186 7187
f 7187 7186 7188
f 7187 7188 7189
f 7189 7188 7190
f 7189 7190 7191
f 7189 7191 7192
f 7192 7191 7193
f 7192 7193 7194
f 7192 7194 7195
f 7195 7194 7196
f 7195 7196 7197
f 7195 7197 7198
f 7198 7197 7199
f 7198 7199 7200
f 7201 7202 7200
f 7200 7202 7198
f 7146 7203 7144
f 7144 7203 7204
f 7144 7204 7205
f 7205 7206 7144
f 7144 7206 7207
f 7144 7207 7208
f 7208 7209 7144
f 7144 7209 7210
f 7144 7210 7211
f 7211 7212 7144
f 7144 7212 7213
f 7144 7213 7214
f 7214 7215 7144
f 7144 7215 7216
f 7216 7215 7217
f 7216 7217 7218
f 7218 7217 7219
f 7219 7217 7220
f 7219 7220 7221
f 7221 7220 7222
f 7222 7220 7223
f 7222 7223 7224
f 7224 7223 7225
f 7225 7223 7226
f 7225 7226 7227
f 7227 7226 7228
f 7228 7226 7229
f 7228 7229 7230
f 7230 7229 7231
f 7231 7229 7232
f 7231 7232 7233
f 7233 7232 7234
f 7234 7232 7235
f 7234 7235 7236
f 7236 7235 7237
f 7237 7235 7238
f 7237 7238 7239
f 7137 7139 1795
f 1795 7139 1796
f 1796 7139 7140
f 1796 7140 1797
f 1797 7140 7141
f 1797 7141 1798
f 1798 7141 7142
f 1798 7142 1799
f 1799 7142 7143
f 1799 7143 1800
f 1800 7143 7144
f 1800 7144 1802
f 1802 7144 7216
f 1802 7216 1803
f 1803 7216 7218
f 1803 7218 1804
f 1804 7218 7219
f 1804 7219 1805
f 1805 7219 7221
f 1805 7221 1475
f 1475 7221 7222
f 1475 7222 1477
f 1477 7222 7224
f 1477 7224 1484
f 1484 7224 7225
f 1484 7225 1485
f 1485 7225 1809
f 1809 7225 7227
f 1809 7227 1810
f 1810 7227 7228
f 1810 7228 7230
f 1810 7230 1811
f 1811 7230 7231
f 1811 7231 1812
f 1812 7231 7233
f 1812 7233 1813
f 1813 7233 7234
f 1813 7234 1814
f 1814 7234 7236
f 1814 7236 1815
f 1815 7236 7237
f 1815 7237 1816
f 1816 7237 7239
f 1816 7239 1817
f 1818 1817 7238
f 7238 1817 7239
f 1822 1867 7202
f 7202 1867 7198
f 7198 1867 1866
f 7198 1866 7195
f 7195 1866 1865
f 7195 1865 7192
f 7192 1865 1864
f 7192 1864 7189
f 7189 1864 1863
f 7189 1863 7187
f 7187 1863 1862
f 7187 1862 7184
f 7184 1862 1861
f 7184 1861 7181
f 7181 1861 1860
f 7181 1860 7178
f 7178 1860 1859
f 7178 1859 7175
f 7175 1859 1858
f 7175 1858 7172
f 7172 1858 1857
f 7172 1857 7170
f 7170 1857 1856
f 7170 1856 7167
f 7167 1856 1855
f 7167 1855 7155
f 7155 1855 1854
f 7155 1854 7154
f 7154 1854 1853
f 7154 1853 7153
f 7153 1853 1852
f 7153 1852 7152
f 7152 1852 1851
f 7152 1851 7151
f 7151 1851 1850
f 7151 1850 7150
f 7150 1850 1849
f 7150 1849 7149
f 7149 1849 1848
f 7149 1848 7148
f 7148 1848 1847
f 7148 1847 7147
f 7147 1847 1846
f 7147 1846 7138
f 7138 1846 1845
f 7138 1845 7145
f 7145 1845 1844
f 7145 1844 7146
f 7146 1844 1843
f 7146 1843 7203
f 7203 1843 1842
f 7203 1842 7204
f 7204 1842 1841
f 7204 1841 7205
f 7205 1841 1840
f 7205 1840 7206
f 7206 1840 1839
f 7206 1839 7207
f 7207 1839 1838
f 7207 1838 7208
f 7208 1838 1837
f 7208 1837 7209
f 7209 1837 1836
f 7209 1836 7210
f 7210 1836 1835
f 7210 1835 7211
f 7211 1835 1834
f 7211 1834 7212
f 7212 1834 1833
f 7212 1833 7213
f 7213 1833 1832
f 7213 1832 7214
f 7214 1832 1831
f 7214 1831 7215
f 7215 1831 7217
f 7217 1831 1830
f 7217 1830 7220
f 7220 1830 1829
f 7220 1829 1828
f 7220 1828 7223
f 7223 1828 1827
f 7223 1827 7226
f 7226 1827 1826
f 7226 1826 7229
f 7229 1826 1825
f 7229 1825 7232
f 7232 1825 1821
f 7232 1821 7235
f 7235 1821 1818
f 7235 1818 7238
f 1868 1822 7201
f 7201 1822 7202
f 1531 1533 7124
f 7124 1533 7165
f 7165 1533 1534
f 7165 1534 7164
f 7164 1534 1535
f 7164 1535 7163
f 7163 1535 1536
f 7163 1536 7162
f 7162 1536 1923
f 7162 1923 7161
f 7161 1923 1922
f 7161 1922 7160
f 7160 1922 1921
f 7160 1921 7159
f 7159 1921 1919
f 7159 1919 7158
f 7158 1919 1918
f 7158 1918 7157
f 7157 1918 1917
f 7157 1917 7156
f 7156 1917 1916
f 7156 1916 7166
f 7166 1916 1915
f 7166 1915 7168
f 7168 1915 1914
f 7168 1914 7169
f 7169 1914 1913
f 7169 1913 7171
f 7171 1913 1912
f 7171 1912 7173
f 7173 1912 1910
f 7173 1910 7174
f 7174 1910 1909
f 7174 1909 7176
f 7176 1909 1908
f 7176 1908 7177
f 7177 1908 1906
f 7177 1906 7179
f 7179 1906 1905
f 7179 1905 7180
f 7180 1905 1904
f 7180 1904 7182
f 7182 1904 1884
f 7182 1884 7183
f 7183 1884 1883
f 7183 1883 7185
f 7185 1883 1882
f 7185 1882 7186
f 7186 1882 1881
f 7186 1881 7188
f 7188 1881 1880
f 7188 1880 7190
f 7190 1880 1879
f 7190 1879 7191
f 7191 1879 1878
f 7191 1878 7193
f 7193 1878 1877
f 7193 1877 7194
f 7194 1877 1876
f 7194 1876 7196
f 7196 1876 1875
f 7196 1875 7197
f 7197 1875 1874
f 7197 1874 7199
f 7199 1874 1873
f 7199 1873 7200
f 7200 1873 1868
f 7200 1868 7201
f 1959 1958 7240
f 7240 1958 7241
f 7241 1958 1957
f 7241 1957 7242
f 7242 1957 1956
f 7242 1956 7243
f 7243 1956 1955
f 7243 1955 7244
f 7244 1955 1954
f 7244 1954 7245
f 7245 1954 1953
f 7245 1953 7246
f 7246 1953 1952
f 7246 1952 7247
f 7247 1952 1925
f 7247 1925 7248
f 7248 1925 1951
f 7248 1951 7249
f 7249 1951 1950
f 7249 1950 7250
f 7250 1950 1949
f 7250 1949 7251
f 7251 1949 1948
f 7251 1948 7252
f 7252 1948 1947
f 7252 1947 7253
f 7253 1947 1946
f 7253 1946 7254
f 7254 1946 1945
f 7254 1945 7255
f 7255 1945 1944
f 7255 1944 7256
f 7256 1944 1943
f 7256 1943 7257
f 7257 1943 1942
f 7257 1942 7258
f 7258 1942 1941
f 7258 1941 7259
f 7259 1941 1940
f 7259 1940 7260
f 7260 1940 1939
f 7260 1939 7261
f 7261 1939 1938
f 7261 1938 7262
f 7262 1938 1937
f 7262 1937 7263
f 7263 1937 1936
f 7263 1936 7264
f 7264 1936 1935
f 7264 1935 7265
f 7265 1935 1934
f 7265 1934 7266
f 7266 1934 1933
f 7266 1933 7267
f 7267 1933 1932
f 7267 1932 7268
f 7268 1932 1931
f 7268 1931 7269
f 7269 1931 1930
f 7269 1930 7270
f 7270 1930 1929
f 7270 1929 7271
f 7271 1929 1928
f 7271 1928 7272
f 7272 1928 1924
f 7272 1924 7273
f 7273 1924 1415
f 7273 1415 7274
f 1964 1959 7275
f 7275 1959 7240
f 2042 2040 7276
f 7276 2040 7277
f 7277 2040 2038
f 7277 2038 7278
f 7278 2038 2036
f 7278 2036 7279
f 7279 2036 2035
f 7279 2035 7280
f 7280 2035 2033
f 7280 2033 7281
f 7281 2033 2031
f 7281 2031 7282
f 7282 2031 2029
f 7282 2029 7283
f 7283 2029 2028
f 7283 2028 7284
f 7284 2028 2026
f 7284 2026 7285
f 7285 2026 2024
f 7285 2024 7286
f 7286 2024 2022
f 7286 2022 7287
f 7287 2022 2021
f 7287 2021 7288
f 7288 2021 2020
f 7288 2020 7289
f 7289 2020 2018
f 7289 2018 7290
f 7290 2018 2016
f 7290 2016 7291
f 7291 2016 2015
f 7291 2015 7292
f 7292 2015 2013
f 7292 2013 7293
f 7293 2013 2011
f 7293 2011 7294
f 7294 2011 2009
f 7294 2009 7295
f 7295 2009 2008
f 7295 2008 7296
f 7296 2008 2007
f 7296 2007 7297
f 7297 2007 2005
f 7297 2005 7298
f 7298 2005 2003
f 7298 2003 7299
f 7299 2003 2002
f 7299 2002 7300
f 7300 2002 2001
f 7300 2001 7301
f 7301 2001 1999
f 7301 1999 7302
f 7302 1999 1997
f 7302 1997 7303
f 7303 1997 1995
f 7303 1995 7304
f 7304 1995 1993
f 7304 1993 7305
f 7305 1993 1992
f 7305 1992 7306
f 7306 1992 1990
f 7306 1990 7307
f 7307 1990 1989
f 7307 1989 7308
f 7308 1989 1987
f 7308 1987 7309
f 7309 1987 1986
f 7309 1986 7310
f 7310 1986 1984
f 7310 1984 7311
f 7311 1984 1982
f 7311 1982 7312
f 7312 1982 1981
f 7312 1981 7313
f 7313 1981 1979
f 7313 1979 7314
f 7314 1979 1977
f 7314 1977 7315
f 7315 1977 1976
f 7315 1976 7316
f 7316 1976 1974
f 7316 1974 7317
f 7317 1974 1972
f 7317 1972 7318
f 7318 1972 1971
f 7318 1971 7319
f 7319 1971 1967
f 7319 1967 7320
f 7320 1967 1964
f 7320 1964 7275
f 1819 2042 7321
f 7321 2042 7276
f 1474 2087 7322
f 7322 2087 7323
f 7323 2087 2086
f 7323 2086 7324
f 7324 2086 2085
f 7324 2085 7325
f 7325 2085 2084
f 7325 2084 7326
f 7326 2084 2083
f 7326 2083 7327
f 7327 2083 2082
f 7327 2082 7328
f 7328 2082 2081
f 7328 2081 7329
f 7329 2081 2080
f 7329 2080 7330
f 7330 2080 2079
f 7330 2079 7331
f 7331 2079 2078
f 7331 2078 7332
f 7332 2078 2077
f 7332 2077 7333
f 7333 2077 2076
f 7333 2076 7334
f 7334 2076 2075
f 7334 2075 7335
f 7335 2075 2074
f 7335 2074 7336
f 7336 2074 2073
f 7336 2073 7337
f 7337 2073 2072
f 7337 2072 7338
f 7338 2072 2071
f 7338 2071 7339
f 7339 2071 2070
f 7339 2070 7340
f 7340 2070 2069
f 7340 2069 7341
f 7341 2069 2068
f 7341 2068 7342
f 7342 2068 2067
f 7342 2067 7343
f 7343 2067 2066
f 7343 2066 7344
f 7344 2066 2065
f 7344 2065 7345
f 7345 2065 2064
f 7345 2064 7346
f 7346 2064 2063
f 7346 2063 7347
f 7347 2063 1476
f 7347 1476 7348
f 7348 1476 1478
f 7348 1478 7349
f 7349 1478 1479
f 7349 1479 7350
f 7350 1479 1480
f 7350 1480 7351
f 7351 1480 1481
f 7351 1481 7352
f 7352 1481 1482
f 7352 1482 7353
f 7353 1482 1483
f 7353 1483 7354
f 7354 1483 1820
f 7354 1820 7355
f 7355 1820 1819
f 7355 1819 7321
f 1415 1418 7274
f 7274 1418 7356
f 7356 1418 1420
f 7356 1420 7357
f 7357 1420 1422
f 7357 1422 7358
f 7358 1422 1424
f 7358 1424 7359
f 7359 1424 1426
f 7359 1426 7360
f 7360 1426 1428
f 7360 1428 7361
f 7361 1428 1431
f 7361 1431 7362
f 7362 1431 1433
f 7362 1433 7363
f 7363 1433 1435
f 7363 1435 7364
f 7364 1435 1437
f 7364 1437 7365
f 7365 1437 1439
f 7365 1439 7366
f 7366 1439 1442
f 7366 1442 7367
f 7367 1442 1444
f 7367 1444 7368
f 7368 1444 1446
f 7368 1446 7369
f 7369 1446 1448
f 7369 1448 7370
f 7370 1448 1450
f 7370 1450 7371
f 7371 1450 1453
f 7371 1453 7372
f 7372 1453 1455
f 7372 1455 7373
f 7373 1455 1457
f 7373 1457 7374
f 7374 1457 1459
f 7374 1459 7375
f 7375 1459 1461
f 7375 1461 7376
f 7376 1461 1463
f 7376 1463 7377
f 7377 1463 1465
f 7377 1465 7378
f 7378 1465 1467
f 7378 1467 7379
f 7379 1467 1470
f 7379 1470 7380
f 7380 1470 1472
f 7380 1472 7381
f 7381 1472 1474
f 7381 1474 7322
f 7241 7319 7240
f 7240 7319 7320
f 7240 7320 7275
f 7241 7242 7319
f 7319 7242 7318
f 7318 7242 7243
f 7318 7243 7244
f 7318 7244 7317
f 7317 7244 7245
f 7317 7245 7246
f 7246 7247 7317
f 7317 7247 7248
f 7317 7248 7249
f 7249 7250 7317
f 7317 7250 7251
f 7317 7251 7252
f 7252 7253 7317
f 7317 7253 7254
f 7317 7254 7255
f 7255 7256 7317
f 7317 7256 7257
f 7317 7257 7258
f 7258 7259 7317
f 7317 7259 7260
f 7317 7260 7261
f 7262 7303 7261
f 7261 7303 7304
f 7261 7304 7305
f 7303 7262 7302
f 7302 7262 7263
f 7302 7263 7301
f 7301 7263 7264
f 7301 7264 7265
f 7301 7265 7300
f 7300 7265 7266
f 7300 7266 7299
f 7299 7266 7267
f 7299 7267 7364
f 7364 7267 7268
f 7364 7268 7363
f 7363 7268 7362
f 7362 7268 7361
f 7361 7268 7269
f 7361 7269 7360
f 7360 7269 7359
f 7359 7269 7270
f 7359 7270 7358
f 7358 7270 7271
f 7358 7271 7357
f 7357 7271 7272
f 7357 7272 7356
f 7356 7272 7273
f 7356 7273 7274
f 7299 7364 7298
f 7298 7364 7365
f 7298 7365 7366
f 7366 7367 7298
f 7298 7367 7368
f 7298 7368 7369
f 7369 7370 7298
f 7298 7370 7371
f 7298 7371 7372
f 7372 7373 7298
f 7298 7373 7374
f 7298 7374 7329
f 7329 7374 7328
f 7328 7374 7375
f 7328 7375 7376
f 7328 7376 7327
f 7327 7376 7377
f 7327 7377 7378
f 7327 7378 7326
f 7326 7378 7379
f 7326 7379 7325
f 7325 7379 7380
f 7325 7380 7324
f 7324 7380 7381
f 7324 7381 7323
f 7323 7381 7322
f 7329 7330 7298
f 7298 7330 7297
f 7297 7330 7331
f 7297 7331 7296
f 7296 7331 7332
f 7296 7332 7333
f 7296 7333 7295
f 7295 7333 7334
f 7295 7334 7294
f 7294 7334 7335
f 7294 7335 7293
f 7293 7335 7336
f 7293 7336 7292
f 7292 7336 7337
f 7292 7337 7291
f 7291 7337 7290
f 7290 7337 7289
f 7289 7337 7288
f 7288 7337 7287
f 7287 7337 7286
f 7286 7337 7285
f 7285 7337 7284
f 7284 7337 7283
f 7283 7337 7282
f 7282 7337 7338
f 7282 7338 7339
f 7339 7340 7282
f 7282 7340 7341
f 7282 7341 7342
f 7342 7343 7282
f 7282 7343 7344
f 7282 7344 7345
f 7345 7346 7282
f 7282 7346 7347
f 7282 7347 7348
f 7348 7349 7282
f 7282 7349 7281
f 7281 7349 7350
f 7281 7350 7351
f 7281 7351 7280
f 7280 7351 7352
f 7280 7352 7279
f 7279 7352 7353
f 7279 7353 7354
f 7279 7354 7278
f 7278 7354 7355
f 7278 7355 7321
f 7276 7277 7321
f 7321 7277 7278
f 7305 7306 7261
f 7261 7306 7307
f 7261 7307 7308
f 7308 7309 7261
f 7261 7309 7310
f 7261 7310 7311
f 7311 7312 7261
f 7261 7312 7313
f 7261 7313 7314
f 7314 7315 7261
f 7261 7315 7316
f 7261 7316 7317
f 1681 2091 7382
f 7382 2091 7383
f 7383 2091 2090
f 7383 2090 7384
f 7384 2090 2089
f 7384 2089 7385
f 7385 2089 2088
f 7385 2088 7386
f 7386 2088 1686
f 7386 1686 7387
f 7387 1686 1685
f 7387 1685 7388
f 7388 1685 1684
f 7388 1684 7389
f 7389 1684 1691
f 7389 1691 7390
f 7390 1691 1697
f 7390 1697 7391
f 7391 1697 1703
f 7391 1703 7392
f 7392 1703 1708
f 7392 1708 7393
f 7393 1708 1713
f 7393 1713 7394
f 7394 1713 1718
f 7394 1718 7395
f 7395 1718 1723
f 7395 1723 7396
f 7396 1723 1755
f 7396 1755 7397
f 7397 1755 1756
f 7397 1756 7398
f 7398 1756 1757
f 7398 1757 7399
f 7399 1757 1758
f 7399 1758 7400
f 7400 1758 1759
f 7400 1759 7401
f 7401 1759 1760
f 7401 1760 7402
f 7402 1760 1761
f 7402 1761 7403
f 7403 1761 1762
f 7403 1762 7404
f 7404 1762 1763
f 7404 1763 7405
f 7405 1763 1764
f 7405 1764 7406
f 7406 1764 1765
f 7406 1765 7407
f 7407 1765 7408
f 7408 1765 1766
f 7408 1766 7409
f 7409 1766 1767
f 2126 2125 7410
f 7410 2125 7411
f 7411 2125 2124
f 7411 2124 7412
f 7412 2124 2123
f 7412 2123 7413
f 7413 2123 2122
f 7413 2122 7414
f 7414 2122 2121
f 7414 2121 7415
f 7415 2121 2120
f 7415 2120 7416
f 7416 2120 2119
f 7416 2119 7417
f 7417 2119 2118
f 7417 2118 7418
f 7418 2118 2117
f 7418 2117 7419
f 7419 2117 2116
f 7419 2116 7420
f 7420 2116 2115
f 7420 2115 7421
f 7421 2115 2114
f 7421 2114 7422
f 7422 2114 2113
f 7422 2113 7423
f 7423 2113 2112
f 7423 2112 7424
f 7424 2112 2111
f 7424 2111 7425
f 7425 2111 2110
f 7425 2110 7426
f 7426 2110 2109
f 7426 2109 7427
f 7427 2109 2108
f 7427 2108 7428
f 7428 2108 2107
f 7428 2107 7429
f 7429 2107 2106
f 7429 2106 7430
f 7430 2106 2105
f 7430 2105 7431
f 7431 2105 2104
f 7431 2104 7432
f 7432 2104 2103
f 7432 2103 7433
f 7433 2103 2102
f 7433 2102 7434
f 7434 2102 2101
f 7434 2101 7435
f 7435 2101 2100
f 7435 2100 7436
f 7436 2100 2099
f 7436 2099 7437
f 7437 2099 2097
f 7437 2097 7438
f 7438 2097 2095
f 7438 2095 7439
f 7439 2095 2094
f 7439 2094 7440
f 7440 2094 2093
f 7440 2093 7441
f 7441 2093 2092
f 7441 2092 7442
f 7442 2092 1682
f 7442 1682 7443
f 7443 1682 1681
f 7443 1681 7382
f 2129 2126 7444
f 7444 2126 7410
f 1961 2177 7445
f 7445 2177 7446
f 7446 2177 2176
f 7446 2176 7447
f 7447 2176 2175
f 7447 2175 7448
f 7448 2175 2174
f 7448 2174 7449
f 7449 2174 2173
f 7449 2173 7450
f 7450 2173 2172
f 7450 2172 7451
f 7451 2172 7452
f 7452 2172 2171
f 7452 2171 7453
f 7453 2171 2170
f 7453 2170 2169
f 7453 2169 7454
f 7454 2169 2168
f 7454 2168 7455
f 7455 2168 2167
f 7455 2167 7456
f 7456 2167 2166
f 7456 2166 7457
f 7457 2166 2165
f 7457 2165 7458
f 7458 2165 2164
f 7458 2164 7459
f 7459 2164 2163
f 7459 2163 7460
f 7460 2163 2162
f 7460 2162 7461
f 7461 2162 2161
f 7461 2161 7462
f 7462 2161 2160
f 7462 2160 7463
f 7463 2160 2159
f 7463 2159 7464
f 7464 2159 2158
f 7464 2158 7465
f 7465 2158 2157
f 7465 2157 7466
f 7466 2157 2156
f 7466 2156 7467
f 7467 2156 2155
f 7467 2155 7468
f 7468 2155 2154
f 7468 2154 7469
f 7469 2154 2153
f 7469 2153 7470
f 7470 2153 2152
f 7470 2152 7471
f 7471 2152 2151
f 7471 2151 7472
f 7472 2151 2150
f 7472 2150 7473
f 7473 2150 2149
f 7473 2149 7474
f 7474 2149 2148
f 7474 2148 7475
f 7475 2148 2147
f 7475 2147 7476
f 7476 2147 2146
f 7476 2146 7477
f 7477 2146 2145
f 7477 2145 7478
f 7478 2145 2144
f 7478 2144 7479
f 7479 2144 2143
f 7479 2143 7480
f 7480 2143 2142
f 7480 2142 7481
f 7481 2142 2141
f 7481 2141 7482
f 7482 2141 2140
f 7482 2140 7483
f 7483 2140 2139
f 7483 2139 7484
f 7484 2139 2138
f 7484 2138 7485
f 7485 2138 2137
f 7485 2137 7486
f 7486 2137 2136
f 7486 2136 7487
f 7487 2136 2135
f 7487 2135 7488
f 7488 2135 2132
f 7488 2132 7489
f 7489 2132 2129
f 7489 2129 7444
f 1960 1961 7490
f 7490 1961 7445
f 7490 7491 1960
f 1960 7491 2178
f 2178 7491 7492
f 2178 7492 2179
f 2179 7492 7493
f 2179 7493 2180
f 2180 7493 7494
f 2180 7494 2181
f 2181 7494 7495
f 2181 7495 2182
f 2182 7495 7496
f 2182 7496 2183
f 2183 7496 7497
f 2183 7497 2184
f 2184 7497 2185
f 2185 7497 7498
f 2185 7498 2186
f 2186 7498 7499
f 2186 7499 7500
f 2186 7500 2187
f 2187 7500 7501
f 2187 7501 2188
f 2188 7501 7502
f 2188 7502 2189
f 2189 7502 7503
f 2189 7503 2190
f 2190 7503 7504
f 2190 7504 2211
f 2211 7504 7505
f 2211 7505 2212
f 2212 7505 7506
f 2212 7506 2213
f 2213 7506 7507
f 2213 7507 2214
f 2214 7507 7508
f 2214 7508 2216
f 2216 7508 7509
f 2216 7509 2217
f 2217 7509 7510
f 2217 7510 2218
f 2218 7510 7511
f 2218 7511 2219
f 2219 7511 7512
f 2219 7512 2220
f 7382 7383 7443
f 7443 7383 7442
f 7442 7383 7441
f 7441 7383 7440
f 7440 7383 7384
f 7440 7384 7439
f 7439 7384 7438
f 7438 7384 7385
f 7438 7385 7437
f 7437 7385 7436
f 7436 7385 7386
f 7436 7386 7435
f 7435 7386 7434
f 7434 7386 7387
f 7434 7387 7433
f 7433 7387 7388
f 7433 7388 7389
f 7389 7390 7433
f 7433 7390 7391
f 7433 7391 7392
f 7392 7393 7433
f 7433 7393 7394
f 7433 7394 7395
f 7395 7396 7433
f 7433 7396 7513
f 7433 7513 7514
f 7396 7397 7513
f 7513 7397 7398
f 7513 7398 7399
f 7399 7400 7513
f 7513 7400 7401
f 7513 7401 7402
f 7402 7403 7513
f 7513 7403 7404
f 7513 7404 7515
f 7515 7404 7405
f 7515 7405 7516
f 7516 7405 7517
f 7517 7405 7406
f 7517 7406 7518
f 7518 7406 7519
f 7519 7406 7407
f 7519 7407 7520
f 7520 7407 7521
f 7521 7407 7408
f 7521 7408 7522
f 7522 7408 7523
f 7523 7408 7524
f 7524 7408 7409
f 7433 7514 7432
f 7432 7514 7512
f 7432 7512 7431
f 7431 7512 7511
f 7431 7511 7430
f 7430 7511 7510
f 7430 7510 7429
f 7429 7510 7509
f 7429 7509 7428
f 7428 7509 7508
f 7428 7508 7427
f 7427 7508 7507
f 7427 7507 7426
f 7426 7507 7506
f 7426 7506 7425
f 7425 7506 7468
f 7425 7468 7469
f 7505 7453 7506
f 7506 7453 7454
f 7506 7454 7455
f 7505 7504 7453
f 7453 7504 7452
f 7452 7504 7503
f 7452 7503 7502
f 7452 7502 7451
f 7451 7502 7501
f 7451 7501 7500
f 7451 7500 7450
f 7450 7500 7499
f 7450 7499 7449
f 7449 7499 7498
f 7449 7498 7497
f 7449 7497 7448
f 7448 7497 7496
f 7448 7496 7495
f 7448 7495 7447
f 7447 7495 7494
f 7447 7494 7493
f 7447 7493 7446
f 7446 7493 7492
f 7446 7492 7491
f 7490 7445 7491
f 7491 7445 7446
f 7455 7456 7506
f 7506 7456 7457
f 7506 7457 7458
f 7458 7459 7506
f 7506 7459 7460
f 7506 7460 7461
f 7461 7462 7506
f 7506 7462 7463
f 7506 7463 7464
f 7464 7465 7506
f 7506 7465 7466
f 7506 7466 7467
f 7467 7468 7506
f 7469 7470 7425
f 7425 7470 7424
f 7424 7470 7471
f 7424 7471 7472
f 7472 7473 7424
f 7424 7473 7474
f 7424 7474 7423
f 7423 7474 7475
f 7423 7475 7476
f 7423 7476 7422
f 7422 7476 7477
f 7422 7477 7478
f 7422 7478 7421
f 7421 7478 7479
f 7421 7479 7420
f 7420 7479 7480
f 7420 7480 7419
f 7419 7480 7481
f 7419 7481 7482
f 7419 7482 7418
f 7418 7482 7483
f 7418 7483 7417
f 7417 7483 7484
f 7417 7484 7416
f 7416 7484 7415
f 7415 7484 7485
f 7415 7485 7414
f 7414 7485 7486
f 7414 7486 7413
f 7413 7486 7487
f 7413 7487 7412
f 7412 7487 7488
f 7412 7488 7411
f 7411 7488 7410
f 7410 7488 7489
f 7410 7489 7444
f 7512 7514 2220
f 2220 7514 2221
f 2221 7514 7513
f 2221 7513 2223
f 2223 7513 7515
f 2223 7515 2224
f 2224 7515 7516
f 2224 7516 2225
f 2225 7516 7517
f 2225 7517 2226
f 2226 7517 7518
f 2226 7518 2227
f 2227 7518 7519
f 2227 7519 2228
f 2228 7519 7520
f 2228 7520 2230
f 2230 7520 7521
f 2230 7521 1772
f 1772 7521 7522
f 1772 7522 1771
f 1771 7522 7523
f 1771 7523 1770
f 1770 7523 7524
f 1770 7524 1769
f 1769 7524 7409
f 1769 7409 1767
f 7525 7526 1627
f 1627 7526 1625
f 1625 7526 7527
f 1625 7527 1623
f 1623 7527 7528
f 1623 7528 1621
f 1621 7528 7529
f 1621 7529 1619
f 1619 7529 7530
f 1619 7530 1617
f 1617 7530 7531
f 1617 7531 1615
f 1615 7531 7532
f 1615 7532 1613
f 1613 7532 7533
f 1613 7533 1611
f 1611 7533 1608
f 1608 7533 7534
f 1608 7534 1606
f 1606 7534 7535
f 1606 7535 7536
f 1606 7536 1604
f 1604 7536 7537
f 1604 7537 1602
f 1602 7537 7538
f 1602 7538 1600
f 1600 7538 7539
f 1600 7539 1598
f 7540 7541 1657
f 1657 7541 1655
f 1655 7541 7542
f 1655 7542 1653
f 1653 7542 7543
f 1653 7543 1651
f 1651 7543 7544
f 1651 7544 1649
f 1649 7544 1647
f 1647 7544 7545
f 1647 7545 1645
f 1645 7545 7546
f 1645 7546 7547
f 1645 7547 1642
f 1642 7547 7548
f 1642 7548 1640
f 1640 7548 7549
f 1640 7549 1638
f 1638 7549 7550
f 1638 7550 1636
f 1636 7550 7551
f 1636 7551 1634
f 1634 7551 7552
f 1634 7552 1632
f 1632 7552 7553
f 1632 7553 1630
f 1630 7553 7525
f 1630 7525 1627
f 7539 7538 7554
f 7554 7538 7555
f 7555 7538 7556
f 7556 7538 7537
f 7556 7537 7557
f 7557 7537 7558
f 7558 7537 7559
f 7559 7537 7536
f 7559 7536 7560
f 7560 7536 7561
f 7561 7536 7535
f 7561 7535 7562
f 7562 7535 7534
f 7562 7534 7563
f 7563 7534 7564
f 7563 7564 7565
f 7564 7534 7566
f 7566 7534 7533
f 7566 7533 7567
f 7567 7533 7532
f 7567 7532 7568
f 7568 7532 7531
f 7568 7531 7569
f 7569 7531 7530
f 7569 7530 7570
f 7570 7530 7529
f 7570 7529 7571
f 7571 7529 7528
f 7571 7528 7572
f 7572 7528 7527
f 7572 7527 7573
f 7573 7527 7526
f 7573 7526 7574
f 7574 7526 7525
f 7574 7525 7553
f 7574 7553 7575
f 7575 7553 7552
f 7575 7552 7576
f 7576 7552 7551
f 7576 7551 7577
f 7577 7551 7550
f 7577 7550 7578
f 7578 7550 7549
f 7578 7549 7579
f 7579 7549 7548
f 7579 7548 7580
f 7580 7548 7547
f 7580 7547 7581
f 7581 7547 7546
f 7581 7546 7582
f 7582 7546 7545
f 7582 7545 7583
f 7583 7545 7584
f 7583 7584 7585
f 7585 7584 7586
f 7585 7586 7587
f 7584 7545 7588
f 7588 7545 7544
f 7588 7544 7589
f 7589 7544 7543
f 7589 7543 7590
f 7590 7543 7591
f 7591 7543 7542
f 7591 7542 7592
f 7592 7542 7593
f 7593 7542 7594
f 7594 7542 7541
f 7594 7541 7595
f 7595 7541 7596
f 7596 7541 7540
f 7585 7587 7597
f 7597 7587 7598
f 7597 7598 7599
f 7597 7599 7600
f 7600 7599 7601
f 7600 7601 7602
f 7602 7601 7603
f 7602 7603 7604
f 7602 7604 7605
f 7605 7604 7606
f 7605 7606 7607
f 7605 7607 7608
f 7608 7607 7609
f 7608 7609 7610
f 7610 7609 7611
f 7610 7611 7612
f 7610 7612 7613
f 7613 7612 7614
f 7613 7614 7615
f 7613 7615 7616
f 7616 7615 7617
f 7616 7617 7618
f 7616 7618 7619
f 7619 7618 7620
f 7619 7620 7621
f 7619 7621 7622
f 7622 7621 7623
f 7622 7623 7624
f 7624 7623 7625
f 7624 7625 7626
f 7624 7626 7627
f 7627 7626 7628
f 7627 7628 7629
f 7630 7631 7629
f 7629 7631 7627
f 7632 7633 7565
f 7565 7633 7634
f 7565 7634 7563
f 7635 7636 7632
f 7632 7636 7637
f 7632 7637 7633
f 7636 7635 7638
f 7638 7635 7639
f 7638 7639 7640
f 7640 7639 7641
f 7641 7639 7642
f 7641 7642 7643
f 7643 7642 7644
f 7644 7642 7645
f 7644 7645 7646
f 7646 7645 7647
f 7646 7647 7648
f 7648 7647 7649
f 7649 7647 7650
f 7649 7650 7651
f 7651 7650 7652
f 7652 7650 7653
f 7652 7653 7654
f 7654 7653 7655
f 7655 7653 7656
f 7655 7656 7657
f 7657 7656 7658
f 7658 7656 7659
f 7658 7659 7660
f 7660 7659 7661
f 7660 7661 7662
f 7662 7661 7663
f 7663 7661 7664
f 7663 7664 7665
f 7665 7664 7666
f 7666 7664 7667
f 7666 7667 7668
f 1869 2282 7668
f 7668 2282 7666
f 7666 2282 2281
f 7666 2281 7665
f 7665 2281 7663
f 7663 2281 2280
f 7663 2280 7662
f 7662 2280 2279
f 7662 2279 7660
f 7660 2279 2278
f 7660 2278 7658
f 7658 2278 2277
f 7658 2277 2276
f 7658 2276 7657
f 7657 2276 2274
f 7657 2274 7655
f 7655 2274 2273
f 7655 2273 7654
f 7654 2273 2272
f 7654 2272 7652
f 7652 2272 2271
f 7652 2271 7651
f 7651 2271 2270
f 7651 2270 7649
f 7649 2270 2269
f 7649 2269 7648
f 7648 2269 2268
f 7648 2268 7646
f 7646 2268 2267
f 7646 2267 7644
f 7644 2267 2266
f 7644 2266 7643
f 7643 2266 2265
f 7643 2265 7641
f 7641 2265 2264
f 7641 2264 7640
f 7640 2264 2263
f 7640 2263 7638
f 7638 2263 2262
f 7638 2262 7636
f 7636 2262 2261
f 7636 2261 7637
f 7637 2261 2260
f 7637 2260 7633
f 7633 2260 2259
f 7633 2259 7634
f 7634 2259 2258
f 7634 2258 7563
f 7563 2258 2257
f 7563 2257 7562
f 7562 2257 2256
f 7562 2256 7561
f 7561 2256 2255
f 7561 2255 7560
f 7560 2255 2254
f 7560 2254 7559
f 7559 2254 2253
f 7559 2253 7558
f 7558 2253 2252
f 7558 2252 7557
f 7557 2252 2251
f 7557 2251 7556
f 7556 2251 2250
f 7556 2250 7555
f 7555 2250 2249
f 7555 2249 7554
f 7554 2249 1598
f 7554 1598 7539
f 2283 1869 7667
f 7667 1869 7668
f 7667 7664 2283
f 2283 7664 2286
f 2286 7664 7661
f 2286 7661 2290
f 2290 7661 7659
f 2290 7659 2292
f 2292 7659 7656
f 2292 7656 2294
f 2294 7656 7653
f 2294 7653 2295
f 2295 7653 7650
f 2295 7650 2297
f 2297 7650 7647
f 2297 7647 2299
f 2299 7647 7645
f 2299 7645 2300
f 2300 7645 7642
f 2300 7642 2302
f 2302 7642 2304
f 2304 7642 7639
f 2304 7639 7635
f 2304 7635 2305
f 2305 7635 7632
f 2305 7632 2306
f 2306 7632 7565
f 2306 7565 2308
f 2308 7565 7564
f 2308 7564 2310
f 2310 7564 7566
f 2310 7566 2312
f 2312 7566 7567
f 2312 7567 2313
f 2313 7567 7568
f 2313 7568 2315
f 2315 7568 7569
f 2315 7569 2317
f 2317 7569 7570
f 2317 7570 2318
f 2318 7570 7571
f 2318 7571 2320
f 2320 7571 7572
f 2320 7572 2321
f 2321 7572 7573
f 2321 7573 2323
f 2323 7573 7574
f 2323 7574 2325
f 7574 7575 2325
f 2325 7575 2326
f 2326 7575 7576
f 2326 7576 2328
f 2328 7576 7577
f 2328 7577 2329
f 2329 7577 7578
f 2329 7578 2331
f 2331 7578 7579
f 2331 7579 2333
f 2333 7579 7580
f 2333 7580 2334
f 2334 7580 7581
f 2334 7581 2335
f 2335 7581 7582
f 2335 7582 2337
f 2337 7582 7583
f 2337 7583 2339
f 2339 7583 7585
f 2339 7585 2340
f 2340 7585 7597
f 2340 7597 2342
f 2342 7597 7600
f 2342 7600 2344
f 2344 7600 7602
f 2344 7602 2345
f 2345 7602 2346
f 2346 7602 7605
f 2346 7605 7608
f 2346 7608 2348
f 2348 7608 7610
f 2348 7610 2350
f 2350 7610 7613
f 2350 7613 2352
f 2352 7613 7616
f 2352 7616 2353
f 2353 7616 7619
f 2353 7619 2355
f 2355 7619 7622
f 2355 7622 2357
f 2357 7622 7624
f 2357 7624 2359
f 2359 7624 7627
f 2359 7627 2360
f 2360 7627 7631
f 2360 7631 2362
f 2127 2362 7630
f 7630 2362 7631
f 1657 2410 7540
f 7540 2410 7596
f 7596 2410 2409
f 7596 2409 7595
f 7595 2409 2408
f 7595 2408 7594
f 7594 2408 2407
f 7594 2407 7593
f 7593 2407 2406
f 7593 2406 7592
f 7592 2406 2405
f 7592 2405 7591
f 7591 2405 2404
f 7591 2404 7590
f 7590 2404 2403
f 7590 2403 7589
f 7589 2403 2402
f 7589 2402 7588
f 7588 2402 2401
f 7588 2401 7584
f 7584 2401 2400
f 7584 2400 7586
f 7586 2400 2399
f 7586 2399 7587
f 7587 2399 2398
f 7587 2398 7598
f 7598 2398 2397
f 7598 2397 7599
f 7599 2397 2396
f 7599 2396 7601
f 7601 2396 2395
f 7601 2395 7603
f 7603 2395 2394
f 7603 2394 7604
f 7604 2394 2393
f 7604 2393 7606
f 7606 2393 2392
f 7606 2392 7607
f 7607 2392 2391
f 7607 2391 7609
f 7609 2391 2390
f 7609 2390 7611
f 7611 2390 2389
f 7611 2389 7612
f 7612 2389 2388
f 7612 2388 7614
f 7614 2388 2387
f 7614 2387 7615
f 7615 2387 2386
f 7615 2386 7617
f 7617 2386 2385
f 7617 2385 7618
f 7618 2385 2384
f 7618 2384 7620
f 7620 2384 2383
f 7620 2383 7621
f 7621 2383 7623
f 7623 2383 2382
f 7623 2382 7625
f 7625 2382 2381
f 7625 2381 7626
f 7626 2381 2380
f 7626 2380 7628
f 7628 2380 2379
f 7628 2379 2128
f 7628 2128 7629
f 7629 2128 2127
f 7629 2127 7630
f 7669 7670 2324
f 2324 7670 2322
f 2322 7670 7671
f 2322 7671 7672
f 2322 7672 2319
f 2319 7672 7673
f 2319 7673 2316
f 2316 7673 7674
f 2316 7674 2314
f 2314 7674 7675
f 2314 7675 7676
f 2314 7676 2311
f 2311 7676 7677
f 2311 7677 2309
f 2309 7677 7678
f 2309 7678 2307
f 2307 7678 7679
f 2307 7679 7680
f 2307 7680 2303
f 2303 7680 7681
f 2303 7681 2301
f 2301 7681 7682
f 2301 7682 7683
f 2301 7683 2298
f 2298 7683 7684
f 2298 7684 2296
f 2296 7684 7685
f 2296 7685 7686
f 2296 7686 2293
f 2293 7686 7687
f 2293 7687 2291
f 2291 7687 7688
f 2291 7688 2289
f 2289 7688 7689
f 2289 7689 7690
f 2289 7690 2287
f 2287 7690 7691
f 2287 7691 2288
f 2288 7691 7692
f 2288 7692 2411
f 2411 7692 7693
f 2411 7693 2412
f 2412 7693 7694
f 2412 7694 7695
f 2412 7695 2413
f 2413 7695 7696
f 2413 7696 2414
f 2414 7696 7697
f 2414 7697 2415
f 2415 7697 7698
f 2415 7698 7699
f 2415 7699 2416
f 2416 7699 7700
f 2416 7700 2417
f 2417 7700 7701
f 2417 7701 2284
f 2284 7701 7702
f 2284 7702 7703
f 2284 7703 2285
f 2285 7703 7704
f 2285 7704 2418
f 2418 7704 7705
f 2418 7705 7706
f 2418 7706 2419
f 2419 7706 7707
f 2419 7707 2420
f 2420 7707 7708
f 2420 7708 2421
f 2421 7708 7709
f 2421 7709 2422
f 2422 7709 7710
f 2422 7710 2423
f 2423 7710 7711
f 2423 7711 2424
f 2424 7711 7712
f 2424 7712 1870
f 1870 7712 7713
f 1870 7713 1871
f 1871 7713 7714
f 1871 7714 2425
f 2425 7714 7715
f 2425 7715 2426
f 2426 7715 7716
f 2426 7716 1823
f 1823 7716 7717
f 1823 7717 1824
f 1824 7717 7718
f 1824 7718 2062
f 2062 7718 7719
f 2062 7719 2061
f 2061 7719 7720
f 2061 7720 2060
f 2060 7720 7721
f 2060 7721 2059
f 2059 7721 7722
f 2059 7722 2058
f 2058 7722 7723
f 2058 7723 2057
f 2057 7723 7724
f 2057 7724 2056
f 2056 7724 7725
f 2056 7725 2055
f 2055 7725 7726
f 2055 7726 2054
f 2054 7726 7727
f 2054 7727 7728
f 2054 7728 2053
f 2053 7728 7729
f 2053 7729 2052
f 2052 7729 7730
f 2052 7730 2051
f 2051 7730 7731
f 2051 7731 7732
f 2051 7732 2050
f 2050 7732 7733
f 2050 7733 2049
f 2049 7733 7734
f 2049 7734 2048
f 2048 7734 7735
f 2048 7735 7736
f 2048 7736 2047
f 2047 7736 7737
f 2047 7737 2046
f 2046 7737 7738
f 2046 7738 2045
f 2045 7738 7739
f 2045 7739 2044
f 2044 7739 7740
f 2044 7740 7741
f 2044 7741 2043
f 2043 7741 7742
f 2043 7742 2041
f 2041 7742 7743
f 2041 7743 2039
f 2039 7743 7744
f 2039 7744 2037
f 2037 7744 7745
f 2037 7745 7746
f 2037 7746 2034
f 2034 7746 7747
f 2034 7747 2032
f 2032 7747 7748
f 2032 7748 2030
f 2030 7748 7749
f 2030 7749 7750
f 2030 7750 2027
f 2027 7750 7751
f 2027 7751 2025
f 2025 7751 7752
f 2025 7752 2023
f 2023 7752 7753
f 2023 7753 7754
f 2023 7754 2019
f 2019 7754 7755
f 2019 7755 2017
f 2017 7755 7756
f 2017 7756 7757
f 2017 7757 2014
f 2014 7757 7758
f 2014 7758 2012
f 2012 7758 7759
f 2012 7759 2010
f 2010 7759 7760
f 2010 7760 2006
f 2006 7760 7761
f 2006 7761 2004
f 2004 7761 7762
f 7762 7761 7763
f 7763 7761 7764
f 7764 7761 7760
f 7764 7760 7765
f 7765 7760 7759
f 7765 7759 7766
f 7766 7759 7758
f 7766 7758 7767
f 7767 7758 7757
f 7767 7757 7768
f 7768 7757 7756
f 7768 7756 7769
f 7769 7756 7755
f 7769 7755 7770
f 7770 7755 7754
f 7770 7754 7771
f 7771 7754 7753
f 7771 7753 7772
f 7772 7753 7752
f 7772 7752 7773
f 7773 7752 7751
f 7773 7751 7774
f 7774 7751 7750
f 7774 7750 7775
f 7775 7750 7749
f 7775 7749 7776
f 7776 7749 7748
f 7776 7748 7777
f 7777 7748 7747
f 7777 7747 7778
f 7778 7747 7746
f 7778 7746 7779
f 7779 7746 7745
f 7779 7745 7780
f 7780 7745 7744
f 7780 7744 7781
f 7781 7744 7743
f 7781 7743 7782
f 7782 7743 7742
f 7782 7742 7783
f 7783 7742 7741
f 7783 7741 7784
f 7784 7741 7740
f 7784 7740 7785
f 7785 7740 7739
f 7785 7739 7786
f 7786 7739 7738
f 7786 7738 7787
f 7787 7738 7737
f 7787 7737 7788
f 7788 7737 7736
f 7788 7736 7789
f 7789 7736 7735
f 7789 7735 7790
f 7790 7735 7734
f 7790 7734 7791
f 7791 7734 7733
f 7791 7733 7792
f 7792 7733 7732
f 7792 7732 7793
f 7793 7732 7731
f 7793 7731 7794
f 7794 7731 7730
f 7794 7730 7795
f 7795 7730 7729
f 7795 7729 7796
f 7796 7729 7728
f 7796 7728 7797
f 7797 7728 7727
f 7797 7727 7798
f 7798 7727 7726
f 7798 7726 7799
f 7799 7726 7725
f 7799 7725 7800
f 7800 7725 7724
f 7800 7724 7801
f 7801 7724 7723
f 7801 7723 7802
f 7802 7723 7722
f 7802 7722 7803
f 7803 7722 7721
f 7803 7721 7804
f 7804 7721 7720
f 7804 7720 7805
f 7805 7720 7719
f 7805 7719 7806
f 7806 7719 7718
f 7806 7718 7807
f 7807 7718 7717
f 7807 7717 7808
f 7808 7717 7716
f 7808 7716 7809
f 7809 7716 7715
f 7809 7715 7810
f 7810 7715 7714
f 7810 7714 7811
f 7811 7714 7713
f 7811 7713 7812
f 7812 7713 7712
f 7812 7712 7813
f 7813 7712 7711
f 7813 7711 7814
f 7814 7711 7710
f 7814 7710 7815
f 7815 7710 7709
f 7815 7709 7816
f 7816 7709 7708
f 7816 7708 7817
f 7817 7708 7707
f 7817 7707 7818
f 7818 7707 7706
f 7818 7706 7819
f 7819 7706 7705
f 7819 7705 7820
f 7820 7705 7704
f 7820 7704 7821
f 7821 7704 7703
f 7821 7703 7822
f 7822 7703 7702
f 7822 7702 7823
f 7823 7702 7701
f 7823 7701 7824
f 7824 7701 7700
f 7824 7700 7825
f 7825 7700 7699
f 7825 7699 7826
f 7826 7699 7698
f 7826 7698 7827
f 7827 7698 7697
f 7827 7697 7828
f 7828 7697 7696
f 7828 7696 7829
f 7829 7696 7695
f 7829 7695 7830
f 7830 7695 7694
f 7830 7694 7831
f 7831 7694 7693
f 7831 7693 7832
f 7832 7693 7692
f 7832 7692 7833
f 7833 7692 7691
f 7833 7691 7834
f 7834 7691 7690
f 7834 7690 7835
f 7835 7690 7689
f 7835 7689 7836
f 7836 7689 7688
f 7836 7688 7837
f 7837 7688 7687
f 7837 7687 7838
f 7838 7687 7686
f 7838 7686 7839
f 7839 7686 7685
f 7839 7685 7840
f 7840 7685 7684
f 7840 7684 7841
f 7841 7684 7683
f 7841 7683 7842
f 7842 7683 7682
f 7842 7682 7843
f 7843 7682 7681
f 7843 7681 7844
f 7844 7681 7680
f 7844 7680 7845
f 7845 7680 7679
f 7845 7679 7846
f 7846 7679 7678
f 7846 7678 7847
f 7847 7678 7677
f 7847 7677 7848
f 7848 7677 7676
f 7848 7676 7849
f 7849 7676 7675
f 7849 7675 7850
f 7850 7675 7674
f 7850 7674 7851
f 7851 7674 7673
f 7851 7673 7852
f 7852 7673 7672
f 7852 7672 7853
f 7853 7672 7671
f 7853 7671 7854
f 7854 7671 7855
f 7855 7671 7670
f 7855 7670 7856
f 7856 7670 7669
f 7856 7669 7857
f 7857 7669 7858
f 7857 7858 7859
f 7859 7858 7860
f 7859 7860 7861
f 7859 7861 7862
f 7862 7861 7863
f 7862 7863 7864
f 7864 7863 7865
f 7864 7865 7866
f 7866 7865 7867
f 7866 7867 7868
f 7868 7867 7869
f 7868 7869 7870
f 7870 7869 7871
f 7870 7871 7872
f 7872 7871 7873
f 7872 7873 7874
f 7874 7873 7875
f 7874 7875 7876
f 7876 7875 7877
f 7876 7877 7878
f 7878 7877 7879
f 7878 7879 7880
f 7880 7879 7881
f 7880 7881 7882
f 7882 7881 7883
f 7882 7883 7884
f 7884 7883 7885
f 7884 7885 7886
f 7886 7885 7887
f 7886 7887 7888
f 7888 7887 7889
f 7888 7889 7890
f 7890 7889 7891
f 7890 7891 7892
f 7892 7891 7893
f 7892 7893 7894
f 7894 7893 7895
f 7894 7895 7896
f 7896 7895 7897
f 7896 7897 7898
f 7898 7897 7899
f 7898 7899 7900
f 7900 7899 7901
f 7900 7901 7902
f 7902 7901 7903
f 7902 7903 7904
f 7904 7903 7905
f 7904 7905 7906
f 7906 7905 7907
f 7906 7907 7908
f 7908 7907 7909
f 7908 7909 7910
f 7910 7909 7911
f 7910 7911 7912
f 7912 7911 7913
f 7912 7913 7914
f 7914 7913 7915
f 7914 7915 7916
f 7916 7915 7917
f 7916 7917 7918
f 7918 7917 7919
f 7918 7919 7920
f 7920 7919 7921
f 7920 7921 7922
f 7922 7921 7923
f 7922 7923 7924
f 7924 7923 7925
f 7924 7925 7926
f 7926 7925 7927
f 7926 7927 7928
f 7928 7927 7929
f 7928 7929 7930
f 7930 7929 7931
f 7930 7931 7932
f 7932 7931 7933
f 7932 7933 7934
f 7934 7933 7935
f 7934 7935 7936
f 7936 7935 7937
f 7936 7937 7938
f 7938 7937 7939
f 7938 7939 7940
f 7940 7939 7941
f 7940 7941 7942
f 7942 7941 7943
f 7942 7943 7944
f 7944 7943 7945
f 7944 7945 7946
f 7946 7945 7947
f 7946 7947 7948
f 7948 7947 7949
f 7948 7949 7950
f 7950 7949 7951
f 7950 7951 7952
f 7952 7951 7953
f 7952 7953 7954
f 7954 7953 7955
f 7954 7955 7956
f 7956 7955 7957
f 7956 7957 7958
f 7958 7957 7959
f 7958 7959 7960
f 7960 7959 7961
f 7960 7961 7962
f 7962 7961 7963
f 7962 7963 7964
f 7964 7963 7965
f 7964 7965 7966
f 7966 7965 7967
f 7966 7967 7968
f 7968 7967 7969
f 7968 7969 7970
f 7970 7969 7971
f 7970 7971 7972
f 7972 7971 7973
f 7972 7973 7974
f 7974 7973 7975
f 7974 7975 7976
f 7976 7975 7977
f 7976 7977 7978
f 7978 7977 7979
f 7978 7979 7980
f 7980 7979 7981
f 7980 7981 7982
f 7982 7981 7983
f 7982 7983 7984
f 7984 7983 7985
f 7984 7985 7986
f 7986 7985 7987
f 7986 7987 7988
f 7988 7987 7989
f 7988 7989 7990
f 7990 7989 7991
f 7990 7991 7992
f 7992 7991 7993
f 7992 7993 7994
f 7994 7993 7995
f 7994 7995 7996
f 7996 7995 7997
f 7996 7997 7998
f 7998 7997 7999
f 7998 7999 8000
f 8000 7999 8001
f 8000 8001 8002
f 8002 8001 8003
f 8002 8003 8004
f 8004 8003 8005
f 8004 8005 8006
f 8006 8005 8007
f 8006 8007 8008
f 8008 8007 8009
f 8008 8009 8010
f 8010 8009 8011
f 8010 8011 8012
f 8012 8011 8013
f 8012 8013 8014
f 8014 8013 8015
f 8014 8015 8016
f 8016 8015 8017
f 8016 8017 8018
f 8018 8017 8019
f 8018 8019 8020
f 8020 8019 8021
f 8020 8021 8022
f 8022 8021 8023
f 8022 8023 8024
f 8024 8023 8025
f 8024 8025 8026
f 8026 8025 8027
f 8026 8027 8028
f 8028 8027 8029
f 8028 8029 8030
f 8030 8029 8031
f 8030 8031 8032
f 8032 8031 8033
f 8032 8033 8034
f 8034 8033 8035
f 8034 8035 8036
f 8036 8035 8037
f 8036 8037 8038
f 8038 8037 8039
f 8038 8039 8040
f 8040 8039 7762
f 8040 7762 7763
f 8041 7779 8042
f 8042 7779 7780
f 8042 7780 7781
f 8043 8010 8041
f 8041 8010 8012
f 8041 8012 8014
f 8160 7948 8043
f 8043 7948 7950
f 8043 7950 7952
f 8044 7888 8160
f 8160 7888 7890
f 8160 7890 7892
f 8045 7840 8044
f 8044 7840 7841
f 8044 7841 7842
f 8042 7810 8045
f 8045 7810 7811
f 8045 7811 7812
f 8040 7763 8041
f 8041 7763 7764
f 8041 7764 7765
f 7765 7766 8041
f 8041 7766 7767
f 8041 7767 7768
f 7768 7769 8041
f 8041 7769 7770
f 8041 7770 7771
f 7771 7772 8041
f 8041 7772 7773
f 8041 7773 7774
f 7774 7775 8041
f 8041 7775 7776
f 8041 7776 7777
f 7777 7778 8041
f 8041 7778 7779
f 7781 7782 8042
f 8042 7782 7783
f 8042 7783 7784
f 7784 7785 8042
f 8042 7785 7786
f 8042 7786 7787
f 7787 7788 8042
f 8042 7788 7789
f 8042 7789 7790
f 7790 7791 8042
f 8042 7791 7792
f 8042 7792 7793
f 7793 7794 8042
f 8042 7794 7795
f 8042 7795 7796
f 7796 7797 8042
f 8042 7797 7798
f 8042 7798 7799
f 7799 7800 8042
f 8042 7800 7801
f 8042 7801 7802
f 7802 7803 8042
f 8042 7803 7804
f 8042 7804 7805
f 7805 7806 8042
f 8042 7806 7807
f 8042 7807 7808
f 7808 7809 8042
f 8042 7809 7810
f 7812 7813 8045
f 8045 7813 7814
f 8045 7814 7815
f 7815 7816 8045
f 8045 7816 7817
f 8045 7817 7818
f 7818 7819 8045
f 8045 7819 7820
f 8045 7820 7821
f 7821 7822 8045
f 8045 7822 7823
f 8045 7823 7824
f 7824 7825 8045
f 8045 7825 7826
f 8045 7826 7827
f 7827 7828 8045
f 8045 7828 7829
f 8045 7829 7830
f 7830 7831 8045
f 8045 7831 7832
f 8045 7832 7833
f 7833 7834 8045
f 8045 7834 7835
f 8045 7835 7836
f 7836 7837 8045
f 8045 7837 7838
f 8045 7838 7839
f 7839 7840 8045
f 7842 7843 8044
f 8044 7843 7844
f 8044 7844 7845
f 7845 7846 8044
f 8044 7846 7847
f 8044 7847 7848
f 7848 7849 8044
f 8044 7849 7850
f 8044 7850 7851
f 7851 7852 8044
f 8044 7852 7853
f 8044 7853 7854
f 7854 7855 8044
f 8044 7855 7856
f 8044 7856 7857
f 7857 7859 8044
f 8044 7859 7862
f 8044 7862 7864
f 7864 7866 8044
f 8044 7866 7868
f 8044 7868 7870
f 7870 7872 8044
f 8044 7872 7874
f 8044 7874 7876
f 7876 7878 8044
f 8044 7878 7880
f 8044 7880 7882
f 7882 7884 8044
f 8044 7884 7886
f 8044 7886 7888
f 7892 7894 8160
f 8160 7894 7896
f 8160 7896 7898
f 7898 7900 8160
f 8160 7900 7902
f 8160 7902 7904
f 7904 7906 8160
f 8160 7906 7908
f 8160 7908 7910
f 7910 7912 8160
f 8160 7912 7914
f 8160 7914 7916
f 7916 7918 8160
f 8160 7918 7920
f 8160 7920 7922
f 7922 7924 8160
f 8160 7924 7926
f 8160 7926 7928
f 7928 7930 8160
f 8160 7930 7932
f 8160 7932 7934
f 7934 7936 8160
f 8160 7936 7938
f 8160 7938 7940
f 7940 7942 8160
f 8160 7942 7944
f 8160 7944 7946
f 7946 7948 8160
f 7952 7954 8043
f 8043 7954 7956
f 8043 7956 7958
f 7958 7960 8043
f 8043 7960 7962
f 8043 7962 7964
f 7964 7966 8043
f 8043 7966 7968
f 8043 7968 7970
f 7970 7972 8043
f 8043 7972 7974
f 8043 7974 7976
f 7976 7978 8043
f 8043 7978 7980
f 8043 7980 7982
f 7982 7984 8043
f 8043 7984 7986
f 8043 7986 7988
f 7988 7990 8043
f 8043 7990 7992
f 8043 7992 7994
f 7994 7996 8043
f 8043 7996 7998
f 8043 7998 8000
f 8000 8002 8043
f 8043 8002 8004
f 8043 8004 8006
f 8006 8008 8043
f 8043 8008 8010
f 8014 8016 8041
f 8041 8016 8018
f 8041 8018 8020
f 8020 8022 8041
f 8041 8022 8024
f 8041 8024 8026
f 8026 8028 8041
f 8041 8028 8030
f 8041 8030 8032
f 8032 8034 8041
f 8041 8034 8036
f 8041 8036 8038
f 8038 8040 8041
f 8041 8042 8047
f 8047 8042 8046
f 8047 8046 8048
f 8047 8048 8049
f 8049 8048 8050
f 8050 8048 8051
f 8050 8051 8052
f 8050 8052 8053
f 8053 8052 8055
f 8055 8052 8054
f 8055 8054 8056
f 8055 8056 8057
f 8057 8056 8059
f 8057 8059 8058
f 8058 8059 8060
f 8060 8059 8061
f 8060 8061 8063
f 8060 8063 8062
f 8062 8063 8065
f 8065 8063 8064
f 8065 8064 8067
f 8065 8067 8066
f 8066 8067 8069
f 8066 8069 8068
f 8068 8069 8070
f 8068 8070 8071
f 8071 8070 8073
f 8071 8073 8072
f 8072 8073 8074
f 8074 8073 8075
f 8074 8075 8076
f 8076 8075 8077
f 8077 8075 8078
f 8077 8078 8079
f 8077 8079 8080
f 8080 8079 8081
f 8080 8081 8082
f 8082 8081 8083
f 8082 8083 8084
f 8082 8084 8085
f 8085 8084 8086
f 8085 8086 8087
f 8087 8086 8088
f 8088 8089 8087
f 8042 8045 8046
f 8046 8045 8090
f 8046 8090 8091
f 8046 8091 8048
f 8048 8091 8092
f 8048 8092 8051
f 8051 8092 8093
f 8051 8093 8094
f 8051 8094 8052
f 8052 8094 8095
f 8052 8095 8054
f 8054 8095 8096
f 8054 8096 8056
f 8056 8096 8097
f 8056 8097 8059
f 8059 8097 8098
f 8059 8098 8061
f 8061 8098 8099
f 8061 8099 8063
f 8063 8099 8100
f 8063 8100 8064
f 8064 8100 8101
f 8064 8101 8067
f 8067 8101 8102
f 8067 8102 8069
f 8069 8102 8103
f 8069 8103 8104
f 8069 8104 8070
f 8070 8104 8105
f 8070 8105 8073
f 8073 8105 8106
f 8073 8106 8075
f 8075 8106 8107
f 8075 8107 8078
f 8078 8107 8108
f 8078 8108 8109
f 8078 8109 8079
f 8079 8109 8081
f 8081 8109 8110
f 8081 8110 8083
f 8083 8110 8111
f 8083 8111 8084
f 8084 8111 8112
f 8084 8112 8086
f 8086 8112 8113
f 8113 8088 8086
f 8045 8044 8090
f 8090 8044 8114
f 8090 8114 8091
f 8091 8114 8115
f 8091 8115 8092
f 8092 8115 8116
f 8092 8116 8093
f 8093 8116 8117
f 8093 8117 8094
f 8094 8117 8118
f 8094 8118 8095
f 8095 8118 8119
f 8095 8119 8096
f 8096 8119 8120
f 8096 8120 8097
f 8097 8120 8098
f 8098 8120 8121
f 8098 8121 8099
f 8099 8121 8100
f 8100 8121 8122
f 8100 8122 8101
f 8101 8122 8123
f 8101 8123 8102
f 8102 8123 8124
f 8102 8124 8103
f 8103 8124 8125
f 8103 8125 8104
f 8104 8125 8126
f 8104 8126 8105
f 8105 8126 8127
f 8105 8127 8106
f 8106 8127 8128
f 8106 8128 8107
f 8107 8128 8129
f 8107 8129 8108
f 8108 8129 8130
f 8108 8130 8131
f 8108 8131 8109
f 8109 8131 8110
f 8110 8131 8132
f 8110 8132 8111
f 8111 8132 8133
f 8111 8133 8112
f 8112 8133 8134
f 8112 8134 8135
f 8135 8113 8112
f 8135 8134 8136
f 8136 8134 8137
f 8137 8134 8133
f 8137 8133 8138
f 8138 8133 8132
f 8138 8132 8139
f 8139 8132 8140
f 8140 8132 8131
f 8140 8131 8141
f 8141 8131 8130
f 8141 8130 8142
f 8142 8130 8129
f 8142 8129 8128
f 8142 8128 8143
f 8143 8128 8127
f 8143 8127 8144
f 8144 8127 8126
f 8144 8126 8145
f 8145 8126 8146
f 8146 8126 8125
f 8146 8125 8147
f 8147 8125 8124
f 8147 8124 8148
f 8148 8124 8123
f 8148 8123 8149
f 8149 8123 8122
f 8149 8122 8150
f 8150 8122 8151
f 8151 8122 8121
f 8151 8121 8120
f 8151 8120 8152
f 8152 8120 8153
f 8153 8120 8119
f 8153 8119 8154
f 8154 8119 8155
f 8155 8119 8118
f 8155 8118 8117
f 8155 8117 8156
f 8156 8117 8116
f 8156 8116 8157
f 8157 8116 8115
f 8157 8115 8158
f 8158 8115 8159
f 8159 8115 8114
f 8159 8114 8160
f 8160 8114 8044
f 8161 8135 8162
f 8162 8135 8163
f 8163 8135 8164
f 8164 8135 8165
f 8165 8135 8166
f 8166 8135 8167
f 8167 8135 8168
f 8168 8135 8169
f 8169 8135 8136
f 8169 8136 8170
f 8170 8136 8171
f 8171 8136 8172
f 8172 8136 8173
f 8173 8136 8174
f 8174 8136 8175
f 8175 8136 8176
f 8176 8136 8177
f 8178 8113 8179
f 8179 8113 8180
f 8180 8113 8181
f 8181 8113 8182
f 8182 8113 8183
f 8183 8113 8184
f 8184 8113 8185
f 8185 8113 8186
f 8186 8113 8135
f 8186 8135 8187
f 8187 8135 8188
f 8188 8135 8189
f 8189 8135 8190
f 8190 8135 8191
f 8191 8135 8192
f 8192 8135 8193
f 8193 8135 8161
f 8194 8088 8195
f 8195 8088 8196
f 8196 8088 8197
f 8197 8088 8198
f 8198 8088 8199
f 8199 8088 8200
f 8200 8088 8201
f 8201 8088 8202
f 8202 8088 8113
f 8202 8113 8203
f 8203 8113 8204
f 8204 8113 8205
f 8205 8113 8206
f 8206 8113 8207
f 8207 8113 8208
f 8208 8113 8209
f 8209 8113 8178
f 8210 8089 8211
f 8211 8089 8212
f 8212 8089 8213
f 8213 8089 8214
f 8214 8089 8215
f 8215 8089 8216
f 8216 8089 8217
f 8217 8089 8218
f 8218 8089 8088
f 8218 8088 8219
f 8219 8088 8220
f 8220 8088 8221
f 8221 8088 8222
f 8222 8088 8223
f 8223 8088 8224
f 8224 8088 8225
f 8225 8088 8194
f 8226 8227 8228
f 8228 8227 8229
f 8229 8227 8230
f 8230 8227 8231
f 8231 8227 8232
f 8232 8227 8233
f 8233 8227 8234
f 8234 8227 8235
f 8235 8227 8089
f 8235 8089 8236
f 8236 8089 8237
f 8237 8089 8238
f 8238 8089 8239
f 8239 8089 8240
f 8240 8089 8241
f 8241 8089 8242
f 8242 8089 8210
f 8177 8136 8243
f 8243 8136 8244
f 8244 8136 8245
f 8245 8136 8246
f 8246 8136 8247
f 8247 8136 8248
f 8248 8136 8249
f 8249 8136 8250
f 8250 8136 8227
f 8250 8227 8251
f 8251 8227 8252
f 8252 8227 8253
f 8253 8227 8254
f 8254 8227 8255
f 8255 8227 8256
f 8256 8227 8257
f 8257 8227 8226
f 8228 8258 8226
f 8226 8258 8259
f 8229 8260 8228
f 8228 8260 8258
f 8230 8261 8229
f 8229 8261 8260
f 8231 8262 8230
f 8230 8262 8261
f 8232 8263 8231
f 8231 8263 8262
f 8233 8264 8232
f 8232 8264 8263
f 8234 8265 8233
f 8233 8265 8264
f 8235 8266 8234
f 8234 8266 8267
f 8234 8267 8265
f 8266 8235 8268
f 8268 8235 8236
f 8268 8236 8269
f 8269 8236 8237
f 8269 8237 8270
f 8270 8237 8271
f 8271 8237 8238
f 8271 8238 8272
f 8272 8238 8239
f 8272 8239 8273
f 8273 8239 8240
f 8273 8240 8274
f 8274 8240 8241
f 8274 8241 8275
f 8275 8241 8242
f 8275 8242 8276
f 8276 8242 8210
f 8276 8210 8311
f 8226 8259 8257
f 8257 8259 8277
f 8257 8277 8256
f 8256 8277 8278
f 8256 8278 8255
f 8255 8278 8279
f 8255 8279 8254
f 8254 8279 8280
f 8254 8280 8253
f 8253 8280 8281
f 8253 8281 8252
f 8252 8281 8282
f 8252 8282 8251
f 8251 8282 8283
f 8251 8283 8284
f 8251 8284 8250
f 8250 8284 8249
f 8249 8284 8285
f 8249 8285 8286
f 8249 8286 8248
f 8248 8286 8287
f 8248 8287 8247
f 8247 8287 8288
f 8247 8288 8246
f 8246 8288 8289
f 8246 8289 8245
f 8245 8289 8290
f 8245 8290 8244
f 8244 8290 8291
f 8244 8291 8243
f 8243 8291 8292
f 8243 8292 8177
f 8177 8292 8293
f 8177 8293 8176
f 8176 8293 8294
f 8176 8294 8175
f 8175 8294 8295
f 8175 8295 8174
f 8174 8295 8296
f 8174 8296 8173
f 8173 8296 8297
f 8173 8297 8172
f 8172 8297 8298
f 8172 8298 8171
f 8171 8298 8299
f 8171 8299 8300
f 8171 8300 8170
f 8170 8300 8301
f 8170 8301 8169
f 8169 8301 8302
f 8169 8302 8168
f 8168 8302 8303
f 8168 8303 8167
f 8167 8303 8304
f 8167 8304 8305
f 8167 8305 8166
f 8166 8305 8306
f 8166 8306 8165
f 8165 8306 8307
f 8165 8307 8164
f 8164 8307 8308
f 8164 8308 8163
f 8163 8308 8309
f 8163 8309 8162
f 8162 8309 8310
f 8363 8161 8310
f 8310 8161 8162
f 8311 8210 8211
f 8311 8211 8312
f 8312 8211 8212
f 8312 8212 8313
f 8313 8212 8213
f 8313 8213 8314
f 8314 8213 8214
f 8314 8214 8315
f 8315 8214 8215
f 8315 8215 8316
f 8316 8215 8216
f 8316 8216 8317
f 8317 8216 8217
f 8317 8217 8318
f 8318 8217 8319
f 8319 8217 8218
f 8319 8218 8219
f 8319 8219 8320
f 8320 8219 8321
f 8321 8219 8220
f 8321 8220 8322
f 8322 8220 8221
f 8322 8221 8323
f 8323 8221 8324
f 8324 8221 8222
f 8324 8222 8325
f 8325 8222 8223
f 8325 8223 8326
f 8326 8223 8224
f 8326 8224 8327
f 8327 8224 8225
f 8327 8225 8328
f 8328 8225 8194
f 8328 8194 8329
f 8329 8194 8195
f 8329 8195 8330
f 8330 8195 8196
f 8330 8196 8331
f 8331 8196 8197
f 8331 8197 8332
f 8332 8197 8198
f 8332 8198 8333
f 8333 8198 8199
f 8333 8199 8334
f 8334 8199 8200
f 8334 8200 8335
f 8335 8200 8201
f 8335 8201 8336
f 8336 8201 8337
f 8337 8201 8202
f 8337 8202 8338
f 8338 8202 8203
f 8338 8203 8339
f 8339 8203 8204
f 8339 8204 8340
f 8340 8204 8205
f 8340 8205 8341
f 8341 8205 8342
f 8342 8205 8206
f 8342 8206 8343
f 8343 8206 8207
f 8343 8207 8344
f 8344 8207 8208
f 8344 8208 8345
f 8345 8208 8209
f 8345 8209 8346
f 8346 8209 8178
f 8346 8178 8347
f 8347 8178 8179
f 8347 8179 8348
f 8348 8179 8180
f 8348 8180 8349
f 8349 8180 8181
f 8349 8181 8350
f 8350 8181 8182
f 8350 8182 8351
f 8351 8182 8183
f 8351 8183 8352
f 8352 8183 8184
f 8352 8184 8353
f 8353 8184 8185
f 8353 8185 8354
f 8354 8185 8355
f 8355 8185 8186
f 8355 8186 8187
f 8355 8187 8356
f 8356 8187 8357
f 8357 8187 8188
f 8357 8188 8358
f 8358 8188 8189
f 8358 8189 8359
f 8359 8189 8190
f 8359 8190 8360
f 8360 8190 8191
f 8360 8191 8361
f 8361 8191 8192
f 8361 8192 8362
f 8362 8192 8193
f 8362 8193 8363
f 8363 8193 8161
f 8364 8365 8366
f 8366 8365 8367
f 8366 8367 8368
f 8369 8370 8368
f 8368 8370 8287
f 8368 8287 8366
f 8366 8287 8286
f 8369 8371 8370
f 8370 8371 8372
f 8373 8288 8370
f 8288 8373 8289
f 8289 8373 8374
f 8289 8374 8290
f 8290 8374 8375
f 8290 8375 8376
f 8290 8376 8377
f 8290 8377 8291
f 8291 8377 8292
f 8292 8377 8378
f 8292 8378 8379
f 8379 8378 8380
f 8379 8380 8381
f 8382 8383 8377
f 8377 8383 8384
f 8377 8384 8378
f 8381 8385 8379
f 8386 8293 8379
f 8379 8293 8292
f 8293 8386 8294
f 8294 8386 8387
f 8294 8387 8388
f 8294 8388 8389
f 8294 8389 8295
f 8295 8389 8390
f 8295 8390 8296
f 8296 8390 8391
f 8296 8391 8392
f 8392 8391 8393
f 8392 8393 8394
f 8395 8396 8390
f 8390 8396 8397
f 8390 8397 8391
f 8394 8398 8392
f 8399 8298 8392
f 8392 8298 8297
f 8298 8399 8299
f 8299 8399 8400
f 8299 8400 8401
f 8299 8401 8300
f 8300 8401 8402
f 8300 8402 8301
f 8301 8402 8403
f 8301 8403 8302
f 8302 8403 8303
f 8303 8403 8404
f 8303 8404 8405
f 8405 8404 8406
f 8405 8406 8407
f 8408 8409 8403
f 8403 8409 8410
f 8403 8410 8404
f 8407 8411 8405
f 8412 8305 8405
f 8405 8305 8304
f 8405 8304 8303
f 8305 8412 8413
f 8305 8413 8306
f 8306 8413 8414
f 8306 8414 8307
f 8307 8414 8415
f 8307 8415 8416
f 8417 8418 8416
f 8416 8418 8419
f 8416 8419 8420
f 8421 8422 8420
f 8420 8422 8308
f 8420 8308 8416
f 8416 8308 8307
f 8421 8423 8422
f 8422 8423 8424
f 8425 8309 8422
f 8309 8425 8310
f 8310 8425 8426
f 8310 8426 8363
f 8363 8426 8427
f 8363 8427 8428
f 8363 8428 8429
f 8363 8429 8430
f 8363 8430 8362
f 8362 8430 8361
f 8361 8430 43
f 8361 43 8431
f 8431 43 45
f 8431 45 47
f 42 41 8430
f 8430 41 40
f 8430 40 43
f 47 49 8431
f 8432 8359 8431
f 8431 8359 8360
f 8431 8360 8361
f 8432 8433 8359
f 8359 8433 8434
f 8359 8434 8435
f 8359 8435 8358
f 8358 8435 8436
f 8358 8436 8357
f 8357 8436 8356
f 8356 8436 73
f 8356 73 8437
f 8437 73 74
f 8437 74 76
f 68 69 8436
f 8436 69 71
f 8436 71 73
f 76 78 8437
f 8438 8354 8437
f 8437 8354 8355
f 8354 8438 8353
f 8353 8438 8439
f 8353 8439 8440
f 8353 8440 8441
f 8353 8441 8352
f 8352 8441 8442
f 8352 8442 8351
f 8351 8442 104
f 8351 104 8443
f 8443 104 106
f 8443 106 108
f 99 100 8442
f 8442 100 102
f 8442 102 104
f 108 110 8443
f 8444 8349 8443
f 8443 8349 8350
f 8349 8444 8445
f 8349 8445 8348
f 8348 8445 8446
f 8348 8446 8347
f 8347 8446 8447
f 8347 8447 8448
f 8347 8448 8346
f 8346 8448 124
f 8346 124 8449
f 8449 124 126
f 8449 126 128
f 123 122 8448
f 8448 122 121
f 8448 121 124
f 128 130 8449
f 8450 8344 8449
f 8449 8344 8345
f 8449 8345 8346
f 8344 8450 8451
f 8344 8451 8452
f 8344 8452 8343
f 8343 8452 8453
f 8343 8453 8342
f 8342 8453 8454
f 8342 8454 8341
f 8341 8454 8340
f 8340 8454 156
f 8340 156 8455
f 8455 156 158
f 8455 158 160
f 152 153 8454
f 8454 153 155
f 8454 155 156
f 160 162 8455
f 8456 8338 8455
f 8455 8338 8339
f 8455 8339 8340
f 8338 8456 8457
f 8338 8457 8458
f 8338 8458 8337
f 8337 8458 8459
f 8337 8459 8336
f 8336 8459 8460
f 8336 8460 8335
f 8335 8460 8334
f 8334 8460 188
f 8334 188 4
f 4 188 190
f 4 190 191
f 183 184 8460
f 8460 184 186
f 8460 186 188
f 191 32 4
f 10 8333 4
f 8333 10 8332
f 8332 10 14
f 8332 14 17
f 8332 17 8331
f 8331 17 22
f 8331 22 8330
f 8330 22 1
f 8330 1 214
f 8330 214 8461
f 8461 214 216
f 8461 216 218
f 2 210 1
f 1 210 212
f 1 212 214
f 218 219 8461
f 8462 8328 8461
f 8461 8328 8329
f 8328 8462 8463
f 8328 8463 8327
f 8327 8463 8464
f 8327 8464 8326
f 8326 8464 8465
f 8326 8465 8466
f 8326 8466 8325
f 8325 8466 8324
f 8324 8466 244
f 8324 244 8467
f 8467 244 246
f 8467 246 247
f 240 241 8466
f 8466 241 242
f 8466 242 244
f 247 249 8467
f 8468 8322 8467
f 8467 8322 8323
f 8467 8323 8324
f 8322 8468 8321
f 8321 8468 8469
f 8321 8469 8470
f 8321 8470 8471
f 8321 8471 8320
f 8320 8471 8472
f 8320 8472 8319
f 8319 8472 8318
f 8318 8472 273
f 8318 273 8473
f 8473 273 274
f 8473 274 276
f 268 269 8472
f 8472 269 271
f 8472 271 273
f 276 278 8473
f 8474 8316 8473
f 8473 8316 8317
f 8316 8474 8315
f 8315 8474 8475
f 8315 8475 8476
f 8315 8476 8477
f 8315 8477 8478
f 300 301 8478
f 8478 301 303
f 8478 303 305
f 307 8479 305
f 305 8479 8313
f 305 8313 8478
f 8478 8313 8314
f 307 309 8479
f 8479 309 321
f 8480 8311 8479
f 8479 8311 8312
f 8479 8312 8313
f 8311 8480 8481
f 8311 8481 8482
f 8311 8482 8276
f 8276 8482 8483
f 8276 8483 8275
f 8275 8483 8484
f 8275 8484 8274
f 8274 8484 8485
f 8274 8485 8486
f 8486 8485 8487
f 8486 8487 8488
f 8489 8490 8484
f 8484 8490 8491
f 8484 8491 8485
f 8488 8492 8486
f 8493 8273 8486
f 8493 8494 8273
f 8273 8494 8272
f 8272 8494 8495
f 8272 8495 8271
f 8271 8495 8496
f 8271 8496 8497
f 8271 8497 8270
f 8270 8497 8269
f 8269 8497 8268
f 8268 8497 8498
f 8268 8498 8499
f 8499 8498 8500
f 8499 8500 8501
f 8502 8503 8497
f 8497 8503 8504
f 8497 8504 8498
f 8501 8505 8499
f 8506 8267 8499
f 8499 8267 8266
f 8499 8266 8268
f 8267 8506 8265
f 8265 8506 8507
f 8265 8507 8508
f 8265 8508 8509
f 8265 8509 8264
f 8264 8509 8510
f 8264 8510 8263
f 8263 8510 8511
f 8263 8511 8512
f 8512 8511 8513
f 8512 8513 8514
f 8515 8516 8510
f 8510 8516 8517
f 8510 8517 8511
f 8514 8518 8512
f 8519 8261 8512
f 8512 8261 8262
f 8261 8519 8260
f 8260 8519 8520
f 8260 8520 8521
f 8260 8521 8522
f 8260 8522 8258
f 8258 8522 8523
f 8258 8523 8259
f 8259 8523 8524
f 8259 8524 8525
f 8525 8524 8526
f 8525 8526 8527
f 8528 8529 8523
f 8523 8529 8530
f 8523 8530 8524
f 8527 8531 8525
f 8532 8278 8525
f 8525 8278 8277
f 8525 8277 8259
f 8278 8532 8533
f 8278 8533 8534
f 8278 8534 8279
f 8279 8534 8535
f 8279 8535 8280
f 8280 8535 8536
f 8280 8536 8281
f 8281 8536 8537
f 8281 8537 8538
f 8538 8537 8539
f 8538 8539 8540
f 8541 8542 8536
f 8536 8542 8543
f 8536 8543 8537
f 8540 8544 8538
f 8545 8283 8538
f 8538 8283 8282
f 8283 8545 8284
f 8284 8545 8546
f 8284 8546 8547
f 8284 8547 8548
f 8284 8548 8285
f 8285 8548 8366
f 8285 8366 8286
f 8314 8315 8478
f 8317 8318 8473
f 8329 8330 8461
f 8333 8334 4
f 8350 8351 8443
f 8355 8356 8437
f 8309 8308 8422
f 8297 8296 8392
f 8288 8287 8370
f 8282 8281 8538
f 8262 8263 8512
f 8273 8274 8486
f 8549 343 8550
f 8550 343 8551
f 8551 343 8552
f 8552 343 344
f 8552 344 8553
f 8553 344 8554
f 8554 344 8555
f 8555 344 8556
f 8556 344 8557
f 8557 344 8558
f 8558 344 8559
f 8559 344 345
f 8559 345 8560
f 8560 345 8490
f 8560 8490 8489
f 8490 345 8491
f 8491 345 346
f 8491 346 8485
f 8485 346 347
f 8485 347 8487
f 8487 347 348
f 8487 348 8488
f 8488 348 349
f 8488 349 8492
f 8492 349 8561
f 8561 349 8562
f 8562 349 8563
f 8563 349 8564
f 8564 349 8565
f 8565 349 350
f 8565 350 8566
f 8566 350 8567
f 8567 350 351
f 8567 351 8568
f 8568 351 8569
f 8569 351 8570
f 8570 351 352
f 8570 352 8571
f 8571 352 8572
f 8572 352 8573
f 8573 352 353
f 8573 353 8574
f 8574 353 8575
f 8575 353 8502
f 8502 353 8503
f 8503 353 354
f 8503 354 8504
f 8504 354 355
f 8504 355 8498
f 8498 355 8500
f 8500 355 356
f 8500 356 8501
f 8501 356 357
f 8501 357 8505
f 8505 357 8576
f 8576 357 8577
f 8577 357 358
f 8577 358 8578
f 8578 358 8579
f 8579 358 8580
f 8580 358 8581
f 8581 358 8582
f 8582 358 8583
f 8583 358 359
f 8583 359 8584
f 8584 359 8585
f 8585 359 360
f 8585 360 8586
f 8586 360 361
f 8586 361 8587
f 8587 361 8588
f 8588 361 362
f 8588 362 8589
f 8589 362 8590
f 8590 362 8591
f 8591 362 8515
f 8515 362 8516
f 8516 362 364
f 8516 364 8517
f 8517 364 365
f 8517 365 8511
f 8511 365 367
f 8511 367 8513
f 8513 367 368
f 8513 368 8514
f 8514 368 8592
f 8514 8592 8518
f 369 8716 368
f 368 8716 8593
f 368 8593 8592
f 370 8711 369
f 371 8594 370
f 455 8707 371
f 454 8595 455
f 455 8595 8596
f 453 8530 454
f 454 8530 8529
f 454 8529 8595
f 8595 8529 8528
f 8530 453 8524
f 8524 453 452
f 8524 452 8526
f 8526 452 451
f 8526 451 8527
f 8527 451 450
f 8527 450 8531
f 8531 450 8597
f 8597 450 8598
f 8598 450 8599
f 8599 450 8600
f 8600 450 8601
f 8601 450 449
f 8601 449 8602
f 8602 449 8603
f 8603 449 8604
f 8604 449 448
f 8604 448 8605
f 8605 448 8606
f 8606 448 447
f 8606 447 8607
f 8607 447 446
f 8607 446 8608
f 8608 446 8609
f 8609 446 8610
f 8610 446 445
f 8610 445 8611
f 8611 445 8612
f 8612 445 8542
f 8612 8542 8541
f 445 444 8542
f 8542 444 8543
f 8543 444 8537
f 8537 444 443
f 8537 443 8539
f 8539 443 442
f 8539 442 8540
f 8540 442 374
f 8540 374 8544
f 8544 374 8613
f 8613 374 8614
f 8614 374 8615
f 8615 374 8616
f 8616 374 373
f 8616 373 8617
f 8617 373 8618
f 8618 373 8619
f 8619 373 8620
f 8620 373 372
f 8620 372 8621
f 8621 372 8622
f 8622 372 379
f 8622 379 8623
f 8623 379 8624
f 8624 379 8625
f 8625 379 380
f 8625 380 8626
f 8626 380 8627
f 8627 380 8628
f 8628 380 8364
f 8364 380 8365
f 8365 380 381
f 8365 381 8367
f 8367 381 382
f 8367 382 8368
f 8368 382 383
f 8368 383 8369
f 8369 383 8371
f 8371 383 384
f 8371 384 8629
f 8629 384 8630
f 8630 384 385
f 8630 385 8631
f 8631 385 8632
f 8632 385 8633
f 8633 385 8634
f 8634 385 386
f 8634 386 8635
f 8635 386 8636
f 8636 386 388
f 8636 388 8637
f 8637 388 8638
f 8638 388 8639
f 8639 388 8640
f 8640 388 389
f 8640 389 8641
f 8641 389 8642
f 8642 389 8643
f 8643 389 391
f 8643 391 8644
f 8644 391 8645
f 8645 391 8646
f 8646 391 8382
f 8382 391 8383
f 8383 391 392
f 8383 392 8384
f 8384 392 393
f 8384 393 8378
f 8378 393 394
f 8378 394 8380
f 8380 394 395
f 8380 395 8381
f 8381 395 8647
f 8381 8647 8385
f 395 396 8647
f 8647 396 8648
f 8648 396 8649
f 8649 396 8650
f 8650 396 8651
f 8651 396 8652
f 8652 396 397
f 8652 397 8653
f 8653 397 8654
f 8654 397 398
f 8654 398 8655
f 8655 398 8656
f 8656 398 8657
f 8657 398 400
f 8657 400 8658
f 8658 400 8659
f 8659 400 8660
f 8660 400 401
f 8660 401 8661
f 8661 401 8395
f 8395 401 8396
f 8396 401 8397
f 8397 401 402
f 8397 402 8391
f 8391 402 403
f 8391 403 8393
f 8393 403 404
f 8393 404 8394
f 8394 404 407
f 8394 407 8398
f 8398 407 8662
f 8662 407 8663
f 8663 407 8664
f 8664 407 8665
f 8665 407 408
f 8665 408 8666
f 8666 408 8667
f 8667 408 8668
f 8668 408 409
f 8668 409 8669
f 8669 409 410
f 8669 410 8670
f 8670 410 8671
f 8671 410 8672
f 8672 410 411
f 8672 411 8673
f 8673 411 8674
f 8674 411 412
f 8674 412 8675
f 8675 412 8676
f 8676 412 8408
f 8408 412 8409
f 8409 412 413
f 8409 413 8410
f 8410 413 414
f 8410 414 8404
f 8404 414 8406
f 8406 414 415
f 8406 415 8407
f 8407 415 416
f 8407 416 8411
f 8411 416 8677
f 8677 416 8678
f 8678 416 417
f 8678 417 8679
f 8679 417 8680
f 8680 417 8681
f 8681 417 8682
f 8682 417 8683
f 8683 417 8684
f 8684 417 8685
f 8685 417 418
f 8685 418 8686
f 8686 418 8687
f 8687 418 8688
f 8688 418 8689
f 8689 418 422
f 8689 422 8690
f 8690 422 8691
f 8691 422 423
f 8691 423 8692
f 8692 423 8693
f 8693 423 8694
f 8694 423 8417
f 8417 423 8418
f 8418 423 424
f 8418 424 8419
f 8419 424 425
f 8419 425 8420
f 8420 425 426
f 8420 426 8421
f 8421 426 427
f 8421 427 8423
f 8423 427 8695
f 8423 8695 8424
f 8695 427 8696
f 8696 427 428
f 8696 428 8697
f 8697 428 8698
f 8698 428 8699
f 8699 428 429
f 8699 429 8700
f 8700 429 8701
f 8701 429 33
f 8701 33 8702
f 8629 8372 8371
f 455 8596 8703
f 455 8703 8704
f 8704 8705 455
f 8705 8706 455
f 455 8706 8707
f 8707 8708 371
f 8708 8594 371
f 370 8594 8709
f 8709 8710 370
f 370 8710 8711
f 369 8711 8712
f 8712 8713 369
f 8713 8714 369
f 8714 8715 369
f 369 8715 8716
f 8717 8549 8718
f 8718 8549 8550
f 8718 8550 8719
f 8719 8550 8720
f 8720 8550 8551
f 8720 8551 8721
f 8721 8551 8722
f 8722 8551 8552
f 8722 8552 8723
f 8723 8552 8724
f 8724 8552 8553
f 8724 8553 8725
f 8725 8553 8726
f 8726 8553 8554
f 8726 8554 8727
f 8727 8554 8728
f 8728 8554 8555
f 8728 8555 8729
f 8729 8555 8556
f 8729 8556 8730
f 8730 8556 8731
f 8731 8556 8557
f 8731 8557 8732
f 8732 8557 8558
f 8732 8558 8559
f 8732 8559 8733
f 8733 8559 8560
f 311 310 8734
f 8734 310 8735
f 8735 310 313
f 8735 313 314
f 8735 314 8736
f 8736 314 315
f 8736 315 8737
f 8737 315 8738
f 8738 315 317
f 8738 317 8739
f 8739 317 318
f 8739 318 8740
f 8740 318 8741
f 8741 318 319
f 8741 319 8742
f 8742 319 8743
f 8743 319 320
f 8743 320 8744
f 8744 320 8745
f 8745 320 8549
f 8745 8549 8717
f 311 8734 321
f 321 8734 8479
f 8734 8736 8479
f 8734 8735 8736
f 8479 8736 8737
f 8737 8738 8479
f 8479 8738 8480
f 8738 8739 8480
f 8739 8740 8480
f 8740 8741 8480
f 8480 8741 8742
f 8480 8742 8481
f 8481 8742 8743
f 8481 8743 8744
f 8481 8744 8745
f 8481 8745 8717
f 8481 8717 8482
f 8717 8718 8482
f 8482 8718 8719
f 8719 8720 8482
f 8482 8720 8483
f 8483 8720 8721
f 8721 8722 8483
f 8483 8722 8723
f 8483 8723 8484
f 8484 8723 8724
f 8484 8724 8725
f 8725 8726 8484
f 8484 8726 8727
f 8484 8727 8728
f 8728 8729 8484
f 8484 8729 8730
f 8484 8730 8731
f 8484 8731 8733
f 8733 8731 8732
f 8733 8560 8484
f 8484 8560 8489
f 8561 8746 8492
f 8492 8746 8486
f 8746 8748 8486
f 8747 8748 8746
f 8486 8748 8749
f 8486 8749 8750
f 8486 8750 8751
f 8751 8752 8486
f 8486 8752 8493
f 8493 8752 8753
f 8753 8754 8493
f 8493 8754 8755
f 8493 8755 8494
f 8494 8755 8756
f 8494 8756 8757
f 8757 8758 8494
f 8494 8758 8495
f 8758 8759 8495
f 8759 8760 8495
f 8495 8760 8761
f 8495 8761 8496
f 8761 8762 8496
f 8496 8762 8763
f 8496 8763 8764
f 8496 8764 8765
f 8496 8765 8497
f 8765 8766 8497
f 8766 8767 8497
f 8497 8767 8768
f 8497 8768 8769
f 8497 8769 8770
f 8770 8575 8497
f 8497 8575 8502
f 8758 8569 8759
f 8759 8569 8760
f 8760 8569 8761
f 8761 8569 8570
f 8761 8570 8762
f 8762 8570 8763
f 8763 8570 8571
f 8763 8571 8764
f 8764 8571 8765
f 8765 8571 8572
f 8765 8572 8766
f 8766 8572 8573
f 8766 8573 8767
f 8767 8573 8768
f 8768 8573 8574
f 8768 8574 8769
f 8769 8574 8770
f 8770 8574 8575
f 8746 8561 8747
f 8747 8561 8562
f 8747 8562 8563
f 8747 8563 8748
f 8748 8563 8749
f 8749 8563 8564
f 8749 8564 8750
f 8750 8564 8751
f 8751 8564 8565
f 8751 8565 8752
f 8752 8565 8566
f 8752 8566 8753
f 8753 8566 8754
f 8754 8566 8567
f 8754 8567 8755
f 8755 8567 8756
f 8756 8567 8568
f 8756 8568 8757
f 8757 8568 8758
f 8758 8568 8569
f 8576 8771 8505
f 8505 8771 8499
f 8499 8771 8775
f 8771 8772 8773
f 8771 8773 8774
f 8775 8776 8499
f 8776 8777 8499
f 8777 8778 8499
f 8499 8778 8506
f 8778 8779 8506
f 8506 8779 8780
f 8506 8780 8781
f 8506 8781 8507
f 8507 8781 8782
f 8507 8782 8783
f 8507 8783 8784
f 8507 8784 8785
f 8507 8785 8508
f 8785 8786 8508
f 8786 8787 8508
f 8508 8787 8509
f 8509 8787 8788
f 8788 8789 8509
f 8509 8789 8790
f 8509 8790 8510
f 8510 8790 8791
f 8791 8792 8510
f 8510 8792 8793
f 8510 8793 8796
f 8510 8796 8794
f 8794 8796 8795
f 8794 8591 8510
f 8510 8591 8515
f 8785 8585 8586
f 8785 8586 8786
f 8786 8586 8787
f 8787 8586 8788
f 8788 8586 8789
f 8789 8586 8587
f 8789 8587 8790
f 8790 8587 8791
f 8791 8587 8588
f 8791 8588 8792
f 8792 8588 8793
f 8793 8588 8589
f 8793 8589 8796
f 8796 8589 8795
f 8795 8589 8590
f 8795 8590 8794
f 8794 8590 8591
f 8771 8576 8772
f 8772 8576 8577
f 8772 8577 8773
f 8773 8577 8578
f 8773 8578 8774
f 8774 8578 8579
f 8774 8579 8580
f 8774 8580 8771
f 8771 8580 8775
f 8775 8580 8776
f 8776 8580 8581
f 8776 8581 8777
f 8777 8581 8778
f 8778 8581 8582
f 8778 8582 8779
f 8779 8582 8780
f 8780 8582 8583
f 8780 8583 8781
f 8781 8583 8782
f 8782 8583 8584
f 8782 8584 8783
f 8783 8584 8585
f 8783 8585 8784
f 8784 8585 8785
f 8592 8797 8518
f 8518 8797 8512
f 8797 8800 8512
f 8797 8798 8799
f 8799 8800 8797
f 8512 8800 8801
f 8512 8801 8802
f 8512 8802 8519
f 8519 8802 8803
f 8519 8803 8804
f 8804 8805 8519
f 8805 8806 8519
f 8806 8807 8519
f 8519 8807 8520
f 8520 8807 8808
f 8520 8808 8809
f 8809 8810 8520
f 8520 8810 8521
f 8521 8810 8811
f 8811 8812 8521
f 8521 8812 8813
f 8521 8813 8522
f 8522 8813 8814
f 8814 8815 8522
f 8522 8815 8816
f 8816 8817 8522
f 8522 8817 8523
f 8523 8817 8818
f 8523 8818 8819
f 8523 8819 8820
f 8523 8820 8821
f 8523 8821 8822
f 8523 8822 8823
f 8523 8823 8824
f 8824 8823 8825
f 8824 8595 8523
f 8523 8595 8528
f 8810 8709 8811
f 8811 8709 8594
f 8811 8594 8812
f 8812 8594 8708
f 8812 8708 8813
f 8813 8708 8814
f 8814 8708 8707
f 8814 8707 8815
f 8815 8707 8816
f 8816 8707 8817
f 8817 8707 8706
f 8817 8706 8818
f 8818 8706 8819
f 8819 8706 8705
f 8819 8705 8820
f 8820 8705 8704
f 8820 8704 8821
f 8821 8704 8822
f 8822 8704 8703
f 8822 8703 8823
f 8823 8703 8596
f 8823 8596 8825
f 8825 8596 8824
f 8824 8596 8595
f 8592 8593 8797
f 8797 8593 8798
f 8798 8593 8716
f 8798 8716 8799
f 8799 8716 8715
f 8799 8715 8714
f 8799 8714 8800
f 8800 8714 8801
f 8801 8714 8713
f 8801 8713 8802
f 8802 8713 8803
f 8803 8713 8712
f 8803 8712 8804
f 8804 8712 8805
f 8805 8712 8711
f 8805 8711 8806
f 8806 8711 8807
f 8807 8711 8710
f 8807 8710 8808
f 8808 8710 8809
f 8809 8710 8709
f 8809 8709 8810
f 8597 8826 8531
f 8531 8826 8525
f 8826 8827 8525
f 8525 8827 8828
f 8826 8829 8827
f 8525 8828 8830
f 8525 8830 8831
f 8525 8831 8532
f 8532 8831 8832
f 8532 8832 8833
f 8532 8833 8834
f 8834 8835 8532
f 8532 8835 8533
f 8835 8836 8533
f 8533 8836 8837
f 8533 8837 8534
f 8534 8837 8838
f 8534 8838 8839
f 8534 8839 8840
f 8534 8840 8535
f 8535 8840 8841
f 8535 8841 8842
f 8842 8843 8535
f 8535 8843 8844
f 8535 8844 8536
f 8844 8845 8536
f 8536 8845 8846
f 8536 8846 8847
f 8536 8847 8848
f 8848 8847 8849
f 8848 8612 8536
f 8536 8612 8541
f 8837 8605 8838
f 8838 8605 8606
f 8838 8606 8839
f 8839 8606 8840
f 8840 8606 8607
f 8840 8607 8841
f 8841 8607 8842
f 8842 8607 8608
f 8842 8608 8843
f 8843 8608 8844
f 8844 8608 8609
f 8844 8609 8845
f 8845 8609 8610
f 8845 8610 8846
f 8846 8610 8847
f 8847 8610 8611
f 8847 8611 8849
f 8849 8611 8848
f 8848 8611 8612
f 8597 8598 8826
f 8826 8598 8829
f 8829 8598 8599
f 8829 8599 8827
f 8827 8599 8828
f 8828 8599 8600
f 8828 8600 8830
f 8830 8600 8831
f 8831 8600 8601
f 8831 8601 8832
f 8832 8601 8602
f 8832 8602 8833
f 8833 8602 8834
f 8834 8602 8603
f 8834 8603 8835
f 8835 8603 8604
f 8835 8604 8836
f 8836 8604 8605
f 8836 8605 8837
f 8613 8850 8544
f 8544 8850 8538
f 8850 8851 8538
f 8850 8852 8853
f 8850 8853 8851
f 8538 8851 8854
f 8538 8854 8855
f 8538 8855 8545
f 8545 8855 8856
f 8856 8857 8545
f 8545 8857 8858
f 8545 8858 8546
f 8546 8858 8859
f 8546 8859 8860
f 8546 8860 8861
f 8546 8861 8547
f 8861 8862 8547
f 8547 8862 8863
f 8547 8863 8864
f 8547 8864 8865
f 8547 8865 8548
f 8865 8866 8548
f 8548 8866 8867
f 8548 8867 8366
f 8366 8867 8868
f 8366 8868 8869
f 8366 8869 8870
f 8366 8870 8871
f 8366 8871 8872
f 8366 8872 8873
f 8873 8872 8874
f 8366 8873 8364
f 8364 8873 8628
f 8861 8622 8862
f 8862 8622 8863
f 8863 8622 8623
f 8863 8623 8864
f 8864 8623 8865
f 8865 8623 8624
f 8865 8624 8866
f 8866 8624 8867
f 8867 8624 8625
f 8867 8625 8868
f 8868 8625 8869
f 8869 8625 8626
f 8869 8626 8870
f 8870 8626 8871
f 8871 8626 8627
f 8871 8627 8872
f 8872 8627 8874
f 8874 8627 8628
f 8874 8628 8873
f 8613 8614 8850
f 8850 8614 8852
f 8852 8614 8615
f 8852 8615 8853
f 8853 8615 8616
f 8853 8616 8851
f 8851 8616 8854
f 8854 8616 8617
f 8854 8617 8855
f 8855 8617 8618
f 8855 8618 8856
f 8856 8618 8857
f 8857 8618 8619
f 8857 8619 8620
f 8857 8620 8858
f 8858 8620 8859
f 8859 8620 8621
f 8859 8621 8860
f 8860 8621 8622
f 8860 8622 8861
f 8629 8875 8372
f 8372 8875 8370
f 8875 8877 8370
f 8875 8876 8877
f 8877 8878 8370
f 8370 8878 8879
f 8370 8879 8373
f 8373 8879 8880
f 8880 8881 8373
f 8373 8881 8882
f 8882 8883 8373
f 8883 8884 8373
f 8884 8885 8373
f 8373 8885 8886
f 8373 8886 8374
f 8374 8886 8887
f 8374 8887 8888
f 8374 8888 8375
f 8375 8888 8889
f 8375 8889 8890
f 8375 8890 8891
f 8891 8892 8375
f 8375 8892 8893
f 8375 8893 8894
f 8375 8894 8376
f 8376 8894 8895
f 8376 8895 8896
f 8376 8896 8377
f 8377 8896 8897
f 8897 8898 8377
f 8377 8898 8899
f 8899 8900 8377
f 8377 8900 8902
f 8377 8902 8901
f 8901 8646 8377
f 8377 8646 8382
f 8636 8637 8888
f 8888 8637 8889
f 8889 8637 8638
f 8889 8638 8890
f 8890 8638 8639
f 8890 8639 8891
f 8891 8639 8640
f 8891 8640 8892
f 8892 8640 8893
f 8893 8640 8641
f 8893 8641 8894
f 8894 8641 8642
f 8894 8642 8895
f 8895 8642 8896
f 8896 8642 8643
f 8896 8643 8897
f 8897 8643 8644
f 8897 8644 8898
f 8898 8644 8899
f 8899 8644 8645
f 8899 8645 8900
f 8900 8645 8902
f 8902 8645 8646
f 8902 8646 8901
f 8875 8629 8630
f 8875 8630 8876
f 8876 8630 8631
f 8876 8631 8877
f 8877 8631 8632
f 8877 8632 8878
f 8878 8632 8879
f 8879 8632 8633
f 8879 8633 8880
f 8880 8633 8881
f 8881 8633 8634
f 8881 8634 8882
f 8882 8634 8883
f 8883 8634 8884
f 8884 8634 8635
f 8884 8635 8885
f 8885 8635 8886
f 8886 8635 8636
f 8886 8636 8887
f 8887 8636 8888
f 8647 8903 8385
f 8385 8903 8379
f 8903 8904 8905
f 8903 8905 8379
f 8379 8905 8906
f 8906 8907 8379
f 8379 8907 8908
f 8379 8908 8386
f 8386 8908 8909
f 8909 8910 8386
f 8386 8910 8911
f 8911 8912 8386
f 8386 8912 8387
f 8387 8912 8913
f 8387 8913 8914
f 8387 8914 8388
f 8388 8914 8915
f 8388 8915 8916
f 8388 8916 8389
f 8389 8916 8917
f 8917 8918 8389
f 8918 8919 8389
f 8919 8920 8389
f 8389 8920 8390
f 8390 8920 8921
f 8390 8921 8922
f 8922 8923 8390
f 8390 8923 8924
f 8924 8923 8925
f 8655 8914 8654
f 8654 8914 8913
f 8654 8913 8912
f 8654 8912 8653
f 8653 8912 8911
f 8653 8911 8910
f 8653 8910 8652
f 8652 8910 8909
f 8652 8909 8908
f 8652 8908 8651
f 8651 8908 8907
f 8651 8907 8650
f 8650 8907 8906
f 8650 8906 8905
f 8650 8905 8649
f 8649 8905 8904
f 8649 8904 8648
f 8648 8904 8903
f 8648 8903 8647
f 8661 8924 8660
f 8660 8924 8925
f 8660 8925 8923
f 8660 8923 8922
f 8660 8922 8659
f 8659 8922 8921
f 8659 8921 8920
f 8659 8920 8658
f 8658 8920 8919
f 8658 8919 8918
f 8658 8918 8657
f 8657 8918 8917
f 8657 8917 8656
f 8656 8917 8916
f 8656 8916 8915
f 8656 8915 8655
f 8655 8915 8914
f 8924 8661 8390
f 8390 8661 8395
f 8662 8926 8398
f 8398 8926 8392
f 8926 8927 8928
f 8926 8928 8392
f 8392 8928 8929
f 8392 8929 8930
f 8930 8931 8392
f 8392 8931 8399
f 8399 8931 8932
f 8399 8932 8933
f 8399 8933 8934
f 8399 8934 8935
f 8399 8935 8400
f 8935 8936 8400
f 8400 8936 8937
f 8400 8937 8401
f 8401 8937 8938
f 8401 8938 8939
f 8401 8939 8940
f 8401 8940 8402
f 8402 8940 8941
f 8402 8941 8942
f 8402 8942 8943
f 8402 8943 8403
f 8403 8943 8944
f 8403 8944 8945
f 8403 8945 8947
f 8403 8947 8946
f 8403 8946 8948
f 8669 8937 8936
f 8669 8936 8935
f 8669 8935 8668
f 8668 8935 8934
f 8668 8934 8933
f 8668 8933 8667
f 8667 8933 8932
f 8667 8932 8666
f 8666 8932 8931
f 8666 8931 8930
f 8666 8930 8665
f 8665 8930 8929
f 8665 8929 8928
f 8665 8928 8664
f 8664 8928 8927
f 8664 8927 8663
f 8663 8927 8926
f 8663 8926 8662
f 8676 8948 8675
f 8675 8948 8946
f 8675 8946 8947
f 8675 8947 8674
f 8674 8947 8945
f 8674 8945 8944
f 8674 8944 8673
f 8673 8944 8943
f 8673 8943 8942
f 8673 8942 8672
f 8672 8942 8941
f 8672 8941 8940
f 8672 8940 8671
f 8671 8940 8939
f 8671 8939 8670
f 8670 8939 8938
f 8670 8938 8937
f 8670 8937 8669
f 8948 8676 8403
f 8403 8676 8408
f 8677 8949 8411
f 8411 8949 8405
f 8949 8950 8405
f 8949 8951 8952
f 8949 8952 8953
f 8949 8953 8950
f 8950 8954 8405
f 8405 8954 8955
f 8955 8956 8405
f 8405 8956 8412
f 8412 8956 8957
f 8957 8958 8412
f 8412 8958 8959
f 8412 8959 8960
f 8412 8960 8413
f 8413 8960 8961
f 8413 8961 8962
f 8413 8962 8963
f 8413 8963 8414
f 8414 8963 8964
f 8414 8964 8965
f 8414 8965 8966
f 8966 8967 8414
f 8414 8967 8415
f 8967 8968 8415
f 8415 8968 8969
f 8969 8970 8415
f 8415 8970 8416
f 8970 8971 8416
f 8971 8972 8416
f 8416 8972 8973
f 8416 8973 8974
f 8416 8974 8975
f 8975 8694 8416
f 8416 8694 8417
f 8963 8687 8964
f 8964 8687 8688
f 8964 8688 8965
f 8965 8688 8966
f 8966 8688 8689
f 8966 8689 8967
f 8967 8689 8968
f 8968 8689 8690
f 8968 8690 8969
f 8969 8690 8970
f 8970 8690 8691
f 8970 8691 8971
f 8971 8691 8692
f 8971 8692 8972
f 8972 8692 8973
f 8973 8692 8693
f 8973 8693 8974
f 8974 8693 8975
f 8975 8693 8694
f 8949 8677 8951
f 8951 8677 8678
f 8951 8678 8952
f 8952 8678 8679
f 8952 8679 8680
f 8952 8680 8953
f 8953 8680 8681
f 8953 8681 8950
f 8950 8681 8682
f 8950 8682 8954
f 8954 8682 8683
f 8954 8683 8955
f 8955 8683 8956
f 8956 8683 8684
f 8956 8684 8957
f 8957 8684 8958
f 8958 8684 8685
f 8958 8685 8959
f 8959 8685 8960
f 8960 8685 8686
f 8960 8686 8961
f 8961 8686 8962
f 8962 8686 8687
f 8962 8687 8963
f 8695 8977 8424
f 8424 8977 8422
f 8696 8976 8977
f 8422 8977 8978
f 8978 8979 8422
f 8422 8979 8980
f 8422 8980 8425
f 8980 8981 8425
f 8425 8981 8982
f 8982 8983 8425
f 8425 8983 8426
f 8426 8983 8984
f 8426 8984 8985
f 8426 8985 8986
f 8426 8986 8427
f 8427 8986 8987
f 8695 8696 8977
f 8976 8696 8977
f 8977 8696 8978
f 8978 8696 8697
f 8978 8697 8979
f 8979 8697 8980
f 8980 8697 8698
f 8980 8698 8981
f 8981 8698 8699
f 8981 8699 8982
f 8982 8699 8700
f 8982 8700 8983
f 8983 8700 8984
f 8984 8700 8701
f 8984 8701 8985
f 8985 8701 8986
f 8986 8701 8702
f 8986 8702 8987
f 8987 8702 8988
f 8988 8702 338
f 8988 338 8989
f 8989 338 8990
f 8990 338 35
f 8990 35 8991
f 8991 35 8992
f 8992 35 337
f 8992 337 8993
f 8993 337 8994
f 8994 337 336
f 8994 336 8995
f 8995 336 8996
f 8996 336 335
f 8996 335 8997
f 8997 335 8998
f 8998 335 334
f 8998 334 8999
f 8999 334 38
f 8999 38 9000
f 9000 38 37
f 9000 37 9001
f 8427 8987 8988
f 8427 8988 8989
f 8427 8989 8428
f 8989 8990 8428
f 8428 8990 8429
f 8429 8990 8991
f 8429 8991 8992
f 8429 8992 8993
f 8429 8993 8994
f 8429 8994 8995
f 8429 8995 8430
f 8430 8995 8996
f 8430 8996 8997
f 8430 8997 8999
f 8999 8997 8998
f 8430 8999 9002
f 9002 8999 9000
f 9000 9001 9002
f 9002 9001 8430
f 8430 9001 42
f 9026 299 8478
f 8478 299 300
f 8473 9003 9006
f 9003 9004 9005
f 9006 9007 8473
f 9007 9008 8473
f 8473 9008 8474
f 8474 9008 9009
f 8474 9009 9010
f 9010 9011 8474
f 8474 9011 8475
f 8475 9011 9012
f 9012 9013 8475
f 8475 9013 9014
f 8475 9014 8476
f 8476 9014 9015
f 8476 9015 9016
f 9016 9017 8476
f 8476 9017 8477
f 9017 9018 8477
f 8477 9018 9019
f 8477 9019 8478
f 8478 9019 9020
f 9020 9021 8478
f 8478 9021 9022
f 8478 9022 9023
f 8478 9023 9024
f 8478 9024 9026
f 9026 9024 9025
f 279 9003 278
f 278 9003 8473
f 9003 279 9004
f 9004 279 281
f 9004 281 282
f 9004 282 9005
f 9005 282 283
f 9005 283 284
f 9005 284 9003
f 9003 284 9006
f 9006 284 9007
f 9007 284 285
f 9007 285 9008
f 9008 285 9009
f 9009 285 286
f 9009 286 9010
f 9010 286 288
f 9010 288 9011
f 9011 288 9012
f 9012 288 289
f 9012 289 9013
f 9013 289 9014
f 9014 289 290
f 9014 290 9015
f 9015 290 9016
f 9016 290 292
f 9016 292 9017
f 9017 292 9018
f 9018 292 293
f 9018 293 9019
f 9019 293 9020
f 9020 293 295
f 9020 295 9021
f 9021 295 296
f 9021 296 9022
f 9022 296 9023
f 9023 296 297
f 9023 297 9024
f 9024 297 9025
f 9025 297 298
f 9025 298 9026
f 9026 298 299
f 9027 267 8472
f 8472 267 268
f 8467 9029 9030
f 8467 9030 9031
f 9031 9032 8467
f 8467 9032 8468
f 9032 9033 8468
f 8468 9033 9034
f 8468 9034 9035
f 8468 9035 8469
f 8469 9035 9036
f 8469 9036 9037
f 8469 9037 8470
f 8470 9037 9038
f 8470 9038 9039
f 9039 9040 8470
f 8470 9040 8471
f 9040 9041 8471
f 8471 9041 9042
f 8471 9042 8472
f 9042 9043 8472
f 9043 9044 8472
f 8472 9044 9046
f 8472 9046 9027
f 9027 9046 9045
f 250 9029 249
f 249 9029 8467
f 250 251 9029
f 9029 251 9028
f 9028 251 252
f 9028 252 9029
f 9029 252 254
f 9029 254 9030
f 9030 254 9031
f 9031 254 255
f 9031 255 9032
f 9032 255 256
f 9032 256 9033
f 9033 256 9034
f 9034 256 257
f 9034 257 9035
f 9035 257 258
f 9035 258 9036
f 9036 258 9037
f 9037 258 260
f 9037 260 9038
f 9038 260 9039
f 9039 260 262
f 9039 262 9040
f 9040 262 9041
f 9041 262 263
f 9041 263 9042
f 9042 263 9043
f 9043 263 265
f 9043 265 9044
f 9044 265 266
f 9044 266 9046
f 9046 266 9045
f 9045 266 9027
f 9027 266 267
f 8466 239 240
f 9048 9047 8461
f 9048 9049 9047
f 8461 9047 9050
f 8461 9050 9051
f 9051 9052 8461
f 9052 9053 8461
f 8461 9053 8462
f 8462 9053 9054
f 9054 9055 8462
f 9055 9056 8462
f 8462 9056 8463
f 8463 9056 9057
f 9057 9058 8463
f 8463 9058 8464
f 8464 9058 9059
f 8464 9059 9060
f 8464 9060 9061
f 8464 9061 8465
f 9061 9062 8465
f 8465 9062 9063
f 8465 9063 9064
f 8465 9064 9065
f 9065 9066 8465
f 8465 9066 8466
f 9066 9067 8466
f 9067 9068 8466
f 9068 9069 8466
f 8466 9069 9070
f 221 9048 219
f 219 9048 8461
f 9048 221 222
f 9048 222 9049
f 9049 222 223
f 9049 223 9047
f 9047 223 224
f 9047 224 9050
f 9050 224 9051
f 9051 224 225
f 9051 225 9052
f 9052 225 9053
f 9053 225 226
f 9053 226 9054
f 9054 226 9055
f 9055 226 9056
f 9056 226 228
f 9056 228 9057
f 9057 228 9058
f 9058 228 230
f 9058 230 9059
f 9059 230 9060
f 9060 230 231
f 9060 231 9061
f 9061 231 9062
f 9062 231 232
f 9062 232 9063
f 9063 232 234
f 9063 234 9064
f 9064 234 9065
f 9065 234 235
f 9065 235 9066
f 9066 235 236
f 9066 236 9067
f 9067 236 9068
f 9068 236 237
f 9068 237 9069
f 9069 237 9070
f 9070 237 239
f 9070 239 8466
f 9071 182 8460
f 8460 182 183
f 9072 9073 8455
f 9072 9074 9073
f 8455 9073 9075
f 8455 9075 9076
f 9076 9077 8455
f 8455 9077 8456
f 8456 9077 9078
f 8456 9078 9079
f 8456 9079 9080
f 8456 9080 8457
f 9080 9081 8457
f 9081 9082 8457
f 8457 9082 9083
f 8457 9083 8458
f 8458 9083 9084
f 9084 9085 8458
f 8458 9085 9086
f 8458 9086 8459
f 8459 9086 9087
f 9087 9088 8459
f 8459 9088 9089
f 8459 9089 8460
f 8460 9089 9090
f 8460 9090 9091
f 8460 9091 9092
f 8460 9092 9093
f 8460 9093 9071
f 163 9072 162
f 162 9072 8455
f 163 164 9072
f 9072 164 9074
f 9074 164 165
f 9074 165 9073
f 9073 165 166
f 9073 166 9075
f 9075 166 9076
f 9076 166 168
f 9076 168 9077
f 9077 168 169
f 9077 169 9078
f 9078 169 9079
f 9079 169 171
f 9079 171 9080
f 9080 171 172
f 9080 172 9081
f 9081 172 9082
f 9082 172 174
f 9082 174 9083
f 9083 174 9084
f 9084 174 9085
f 9085 174 176
f 9085 176 9086
f 9086 176 9087
f 9087 176 177
f 9087 177 9088
f 9088 177 179
f 9088 179 9089
f 9089 179 9090
f 9090 179 180
f 9090 180 9091
f 9091 180 9092
f 9092 180 181
f 9092 181 9093
f 9093 181 182
f 9093 182 9071
f 9094 151 8454
f 8454 151 152
f 9095 9097 8449
f 9095 9096 9097
f 9097 9098 8449
f 9098 9099 8449
f 8449 9099 9100
f 8449 9100 9101
f 8449 9101 9102
f 8449 9102 8450
f 9102 9103 8450
f 8450 9103 9104
f 9104 9105 8450
f 8450 9105 8451
f 8451 9105 9106
f 8451 9106 9107
f 8451 9107 9108
f 8451 9108 8452
f 8452 9108 9109
f 8452 9109 9110
f 8452 9110 9111
f 8452 9111 8453
f 8453 9111 9112
f 8453 9112 9113
f 9113 9114 8453
f 8453 9114 8454
f 8454 9114 9115
f 8454 9115 9116
f 8454 9116 9117
f 8454 9117 9118
f 8454 9118 9120
f 8454 9120 9094
f 9094 9120 9119
f 131 9095 130
f 130 9095 8449
f 131 132 9095
f 9095 132 9096
f 9096 132 133
f 9096 133 134
f 9096 134 9097
f 9097 134 9098
f 9098 134 135
f 9098 135 9099
f 9099 135 136
f 9099 136 9100
f 9100 136 9101
f 9101 136 9102
f 9102 136 138
f 9102 138 9103
f 9103 138 9104
f 9104 138 139
f 9104 139 9105
f 9105 139 9106
f 9106 139 140
f 9106 140 9107
f 9107 140 9108
f 9108 140 9109
f 9109 140 142
f 9109 142 9110
f 9110 142 9111
f 9111 142 143
f 9111 143 9112
f 9112 143 145
f 9112 145 9113
f 9113 145 9114
f 9114 145 146
f 9114 146 9115
f 9115 146 147
f 9115 147 9116
f 9116 147 9117
f 9117 147 148
f 9117 148 9118
f 9118 148 9120
f 9120 148 150
f 9120 150 9119
f 9119 150 9094
f 9094 150 151
f 9121 117 8448
f 8448 117 123
f 9122 9123 8443
f 9122 9124 9123
f 9123 9125 8443
f 9125 9126 8443
f 9126 9127 8443
f 8443 9127 9128
f 8443 9128 8444
f 9128 9129 8444
f 9129 9130 8444
f 9130 9131 8444
f 8444 9131 8445
f 8445 9131 9132
f 8445 9132 9133
f 8445 9133 9134
f 8445 9134 8446
f 8446 9134 9135
f 8446 9135 9136
f 8446 9136 9137
f 8446 9137 8447
f 8447 9137 9138
f 8447 9138 9139
f 8447 9139 9140
f 8447 9140 9141
f 9141 9142 8447
f 8447 9142 8448
f 8448 9142 9143
f 8448 9143 9144
f 8448 9144 9145
f 8448 9145 9146
f 8448 9146 9121
f 9121 9146 9147
f 109 9122 110
f 110 9122 8443
f 109 112 9122
f 9122 112 9124
f 9124 112 333
f 9124 333 332
f 9124 332 9123
f 9123 332 331
f 9123 331 9125
f 9125 331 9126
f 9126 331 330
f 9126 330 9127
f 9127 330 9128
f 9128 330 329
f 9128 329 9129
f 9129 329 9130
f 9130 329 9131
f 9131 329 328
f 9131 328 9132
f 9132 328 9133
f 9133 328 327
f 9133 327 9134
f 9134 327 9135
f 9135 327 326
f 9135 326 9136
f 9136 326 9137
f 9137 326 325
f 9137 325 9138
f 9138 325 9139
f 9139 325 9140
f 9140 325 324
f 9140 324 9141
f 9141 324 9142
f 9142 324 323
f 9142 323 9143
f 9143 323 9144
f 9144 323 322
f 9144 322 9145
f 9145 322 9146
f 9146 322 119
f 9146 119 9147
f 9147 119 118
f 9147 118 9121
f 9121 118 117
f 9148 98 8442
f 8442 98 99
f 9149 9151 8437
f 9149 9150 9151
f 9151 9152 8437
f 8437 9152 9153
f 8437 9153 8438
f 9153 9154 8438
f 9154 9155 8438
f 8438 9155 9156
f 8438 9156 9157
f 8438 9157 8439
f 9157 9158 8439
f 9158 9159 8439
f 8439 9159 8440
f 8440 9159 9160
f 8440 9160 9161
f 9161 9162 8440
f 8440 9162 8441
f 8441 9162 9163
f 8441 9163 9164
f 8441 9164 9165
f 9165 9166 8441
f 8441 9166 9167
f 8441 9167 8442
f 8442 9167 9168
f 8442 9168 9169
f 8442 9169 9170
f 8442 9170 9148
f 9148 9170 9171
f 79 9149 78
f 78 9149 8437
f 79 80 9149
f 9149 80 9150
f 9150 80 81
f 9150 81 9151
f 9151 81 83
f 9151 83 9152
f 9152 83 84
f 9152 84 9153
f 9153 84 85
f 9153 85 9154
f 9154 85 9155
f 9155 85 86
f 9155 86 9156
f 9156 86 9157
f 9157 86 87
f 9157 87 9158
f 9158 87 9159
f 9159 87 89
f 9159 89 9160
f 9160 89 9161
f 9161 89 91
f 9161 91 9162
f 9162 91 9163
f 9163 91 92
f 9163 92 9164
f 9164 92 93
f 9164 93 9165
f 9165 93 9166
f 9166 93 95
f 9166 95 9167
f 9167 95 9168
f 9168 95 96
f 9168 96 9169
f 9169 96 9170
f 9170 96 97
f 9170 97 9171
f 9171 97 9148
f 9148 97 98
f 9172 67 8436
f 8436 67 68
f 9174 9175 8431
f 9175 9176 8431
f 8431 9176 9177
f 8431 9177 8432
f 8432 9177 9178
f 8432 9178 9179
f 8432 9179 9180
f 8432 9180 9181
f 8432 9181 8433
f 9181 9182 8433
f 8433 9182 9183
f 8433 9183 9184
f 8433 9184 8434
f 8434 9184 9185
f 9185 9186 8434
f 9186 9187 8434
f 8434 9187 8435
f 8435 9187 9188
f 9188 9189 8435
f 8435 9189 9190
f 9190 9191 8435
f 8435 9191 8436
f 8436 9191 9192
f 8436 9192 9193
f 8436 9193 9194
f 8436 9194 9172
f 9172 9194 9195
f 50 9174 49
f 49 9174 8431
f 50 51 9174
f 9174 51 9173
f 9173 51 9174
f 9174 51 52
f 9174 52 9175
f 9175 52 53
f 9175 53 9176
f 9176 53 9177
f 9177 53 55
f 9177 55 9178
f 9178 55 9179
f 9179 55 56
f 9179 56 9180
f 9180 56 9181
f 9181 56 57
f 9181 57 9182
f 9182 57 9183
f 9183 57 59
f 9183 59 9184
f 9184 59 9185
f 9185 59 60
f 9185 60 9186
f 9186 60 9187
f 9187 60 62
f 9187 62 9188
f 9188 62 9189
f 9189 62 63
f 9189 63 9190
f 9190 63 9191
f 9191 63 64
f 9191 64 9192
f 9192 64 9193
f 9193 64 66
f 9193 66 9194
f 9194 66 9195
f 9195 66 9172
f 9172 66 67
f 8136 8137 8227
f 8227 8137 9196
f 9196 8137 9197
f 9197 8137 8138
f 9197 8138 9198
f 9198 8138 8139
f 9198 8139 9199
f 9199 8139 9200
f 9200 8139 8140
f 9200 8140 8141
f 9200 8141 9201
f 9201 8141 8142
f 9201 8142 9202
f 9202 8142 8143
f 9202 8143 9203
f 9203 8143 8144
f 9203 8144 9204
f 9204 8144 8145
f 9204 8145 9205
f 9205 8145 8146
f 9205 8146 8147
f 9205 8147 9206
f 9206 8147 8148
f 9206 8148 9207
f 9207 8148 8149
f 9207 8149 9208
f 9208 8149 8150
f 9208 8150 9209
f 9209 8150 8151
f 9209 8151 9210
f 9210 8151 9211
f 9211 8151 8152
f 9211 8152 9212
f 9212 8152 8153
f 9212 8153 9213
f 9213 8153 8154
f 9213 8154 9214
f 9214 8154 8155
f 9214 8155 9215
f 9215 8155 8156
f 9215 8156 9216
f 9216 8156 8157
f 9216 8157 9217
f 9217 8157 8158
f 9217 8158 9218
f 9218 8158 8159
f 9218 8159 9219
f 9219 8159 8160
f 9219 8160 8043
f 8043 8041 9219
f 9219 8041 8047
f 9219 8047 8049
f 9219 8049 9218
f 9218 8049 9217
f 9217 8049 8050
f 9217 8050 9216
f 9216 8050 8053
f 9216 8053 9215
f 9215 8053 8055
f 9215 8055 9214
f 9214 8055 8057
f 9214 8057 9213
f 9213 8057 8058
f 9213 8058 9212
f 9212 8058 9211
f 9211 8058 8060
f 9211 8060 8062
f 9211 8062 9210
f 9210 8062 8065
f 9210 8065 9209
f 9209 8065 9208
f 9208 8065 8066
f 9208 8066 9207
f 9207 8066 8068
f 9207 8068 9206
f 9206 8068 8071
f 9206 8071 9205
f 9205 8071 9204
f 9204 8071 8072
f 9204 8072 9203
f 9203 8072 8074
f 9203 8074 9202
f 9202 8074 8076
f 9202 8076 9201
f 9201 8076 8077
f 9201 8077 8080
f 9201 8080 9200
f 9200 8080 9199
f 9199 8080 8082
f 9199 8082 9198
f 9198 8082 8085
f 9198 8085 9197
f 9197 8085 8087
f 9197 8087 9196
f 9196 8087 8089
f 8089 8227 9196
f 2004 7762 8039
f 2004 8039 2000
f 2000 8039 8037
f 2000 8037 8035
f 2000 8035 1998
f 1998 8035 8033
f 1998 8033 1996
f 1996 8033 8031
f 1996 8031 1994
f 1994 8031 8029
f 1994 8029 8027
f 1994 8027 1991
f 1991 8027 8025
f 1991 8025 1988
f 1988 8025 8023
f 1988 8023 8021
f 1988 8021 1985
f 1985 8021 8019
f 1985 8019 1983
f 1983 8019 8017
f 1983 8017 8015
f 1983 8015 1980
f 1980 8015 8013
f 1980 8013 1978
f 1978 8013 8011
f 1978 8011 8009
f 1978 8009 1975
f 1975 8009 8007
f 1975 8007 1973
f 1973 8007 8005
f 1973 8005 8003
f 1973 8003 1970
f 1970 8003 8001
f 1970 8001 1968
f 1968 8001 7999
f 1968 7999 1969
f 1969 7999 7997
f 1969 7997 2427
f 2427 7997 7995
f 2427 7995 7993
f 2427 7993 2428
f 2428 7993 7991
f 2428 7991 2429
f 2429 7991 7989
f 2429 7989 7987
f 2429 7987 2430
f 2430 7987 7985
f 2430 7985 2431
f 2431 7985 7983
f 2431 7983 7981
f 2431 7981 2432
f 2432 7981 7979
f 2432 7979 2433
f 2433 7979 7977
f 2433 7977 1965
f 1965 7977 7975
f 1965 7975 7973
f 1965 7973 1966
f 1966 7973 7971
f 1966 7971 2434
f 2434 7971 7969
f 2434 7969 2435
f 2435 7969 7967
f 2435 7967 7965
f 2435 7965 2436
f 2436 7965 7963
f 2436 7963 2437
f 2437 7963 7961
f 2437 7961 2438
f 2438 7961 7959
f 2438 7959 2439
f 2439 7959 7957
f 2439 7957 2440
f 2440 7957 7955
f 2440 7955 1962
f 1962 7955 7953
f 1962 7953 1963
f 1963 7953 7951
f 1963 7951 2441
f 2441 7951 7949
f 2441 7949 2442
f 2442 7949 7947
f 2442 7947 2133
f 2133 7947 7945
f 2133 7945 2134
f 2134 7945 7943
f 2134 7943 2443
f 2443 7943 7941
f 2443 7941 2130
f 2130 7941 7939
f 2130 7939 2131
f 2131 7939 7937
f 2131 7937 2378
f 2378 7937 7935
f 2378 7935 2377
f 2377 7935 7933
f 2377 7933 2376
f 2376 7933 7931
f 2376 7931 2375
f 2375 7931 7929
f 2375 7929 7927
f 2375 7927 2374
f 2374 7927 7925
f 2374 7925 2373
f 2373 7925 7923
f 2373 7923 7921
f 2373 7921 2372
f 2372 7921 7919
f 2372 7919 2371
f 2371 7919 7917
f 2371 7917 7915
f 2371 7915 2370
f 2370 7915 7913
f 2370 7913 2369
f 2369 7913 7911
f 2369 7911 7909
f 2369 7909 2368
f 2368 7909 7907
f 2368 7907 2367
f 2367 7907 7905
f 2367 7905 2366
f 2366 7905 7903
f 2366 7903 2365
f 2365 7903 7901
f 2365 7901 7899
f 2365 7899 2364
f 2364 7899 7897
f 2364 7897 2363
f 2363 7897 7895
f 2363 7895 2361
f 2361 7895 7893
f 2361 7893 7891
f 2361 7891 2358
f 2358 7891 7889
f 2358 7889 2356
f 2356 7889 7887
f 2356 7887 2354
f 2354 7887 7885
f 2354 7885 7883
f 2354 7883 2351
f 2351 7883 7881
f 2351 7881 2349
f 2349 7881 7879
f 2349 7879 2347
f 2347 7879 7877
f 2347 7877 7875
f 2347 7875 2343
f 2343 7875 7873
f 2343 7873 2341
f 2341 7873 7871
f 2341 7871 7869
f 2341 7869 2338
f 2338 7869 7867
f 2338 7867 2336
f 2336 7867 7865
f 2336 7865 7863
f 2336 7863 2332
f 2332 7863 7861
f 2332 7861 2330
f 2330 7861 7860
f 2330 7860 7858
f 2330 7858 2327
f 2327 7858 7669
f 2327 7669 2324
f 31 194 3
f 3 194 5
f 5 194 6
f 6 194 195
f 6 195 7
f 7 195 196
f 7 196 8
f 8 196 9
f 9 196 197
f 9 197 11
f 11 197 12
f 12 197 198
f 12 198 13
f 13 198 15
f 15 198 200
f 15 200 16
f 16 200 18
f 18 200 202
f 18 202 19
f 19 202 20
f 20 202 203
f 20 203 21
f 21 203 23
f 23 203 205
f 23 205 24
f 24 205 25
f 25 205 206
f 25 206 26
f 26 206 207
f 26 207 27
f 27 207 28
f 28 207 208
f 28 208 29
f 29 208 30
f 30 208 209
