# USD → MuJoCo (world-space, simplified)
v 0.598010 -0.191718 -0.998999
v 0.599417 -0.189413 -0.999004
v 0.600441 -0.187314 -0.999007
v 0.600797 -0.186127 -0.999013
v 0.601698 -0.183154 -0.999013
v 0.601938 -0.182863 -0.998949
v 0.601920 -0.183244 -0.998913
v 0.601894 -0.183819 -0.998819
v 0.602065 -0.182885 -0.998838
v 0.602059 -0.183367 -0.998678
v 0.602138 -0.183090 -0.998562
v 0.601990 -0.183827 -0.998548
v 0.601878 -0.184206 -0.998676
v 0.601817 -0.184559 -0.998546
v 0.601620 -0.185284 -0.998544
v 0.601399 -0.186002 -0.998543
v 0.601154 -0.186713 -0.998541
v 0.600885 -0.187415 -0.998539
v 0.600593 -0.188107 -0.998537
v 0.600278 -0.188790 -0.998536
v 0.599941 -0.189461 -0.998534
v 0.599581 -0.190121 -0.998532
v 0.599199 -0.190768 -0.998531
v 0.599127 -0.190879 -0.998538
v 0.598795 -0.191403 -0.998529
v 0.598371 -0.192024 -0.998537
v 0.598704 -0.191515 -0.998617
v 0.598438 -0.191795 -0.998774
v 0.598353 -0.192008 -0.998649
v 0.598271 -0.191936 -0.998862
v 0.598206 -0.191883 -0.998925
v 0.601250 -0.185021 -0.999009
v 0.601661 -0.183769 -0.998990
v 0.598102 -0.191796 -0.998984
v 0.600552 -0.187358 -0.998980
v 0.599898 -0.188712 -0.998990
v 0.600949 -0.186202 -0.998991
v 0.599196 -0.190040 -0.998987
v 0.599112 -0.190427 -0.998937
v 0.601160 -0.185975 -0.998939
v 0.599674 -0.189443 -0.998936
v 0.601458 -0.184882 -0.998957
v 0.600192 -0.188435 -0.998929
v 0.599615 -0.189842 -0.998814
v 0.600663 -0.187403 -0.998919
v 0.600045 -0.188995 -0.998837
v 0.599236 -0.190500 -0.998816
v 0.601125 -0.186363 -0.998871
v 0.601398 -0.185653 -0.998829
v 0.601702 -0.184165 -0.998922
v 0.600463 -0.188142 -0.998821
v 0.601212 -0.186393 -0.998747
v 0.601603 -0.184922 -0.998842
v 0.600021 -0.189195 -0.998738
v 0.598868 -0.191167 -0.998761
v 0.599317 -0.190548 -0.998629
v 0.600514 -0.188165 -0.998729
v 0.600946 -0.187106 -0.998747
v 0.600706 -0.187831 -0.998601
v 0.599698 -0.189887 -0.998620
v 0.601483 -0.185679 -0.998657
v 0.601683 -0.184943 -0.998697
v 0.600060 -0.189215 -0.998599
v 0.600397 -0.188529 -0.998590
v 0.601259 -0.186409 -0.998582
v 0.600997 -0.187126 -0.998572
v 0.597530 -0.191309 -0.999000
v 0.597927 -0.190724 -0.999002
v 0.598304 -0.190125 -0.999003
v 0.598661 -0.189514 -0.999005
v 0.598998 -0.188893 -0.999007
v 0.599313 -0.188259 -0.999008
v 0.599608 -0.187617 -0.999010
v 0.599882 -0.186964 -0.999011
v 0.600133 -0.186303 -0.999013
v 0.600363 -0.185634 -0.999015
v 0.600570 -0.184958 -0.999017
v 0.600755 -0.184275 -0.999018
v 0.600917 -0.183587 -0.999020
v 0.601056 -0.182894 -0.999022
v 0.601172 -0.182196 -0.999024
v 0.601265 -0.181495 -0.999025
v 0.601335 -0.180791 -0.999027
v 0.601382 -0.180085 -0.999029
v 0.601405 -0.179379 -0.999031
v 0.602006 -0.179727 -0.999029
v 0.601404 -0.178671 -0.999033
v 0.601381 -0.177964 -0.999034
v 0.601334 -0.177259 -0.999036
v 0.601263 -0.176555 -0.999038
v 0.601169 -0.175854 -0.999040
v 0.601052 -0.175157 -0.999042
v 0.600913 -0.174464 -0.999043
v 0.600750 -0.173775 -0.999045
v 0.600972 -0.174742 -0.997720
v 0.600972 -0.174740 -0.997731
v 0.600971 -0.174737 -0.997743
v 0.601104 -0.175416 -0.985375
v 0.600973 -0.174716 -0.985377
v 0.600974 -0.174752 -0.997629
v 0.601212 -0.176120 -0.985374
v 0.601296 -0.176827 -0.985372
v 0.601356 -0.177537 -0.985370
v 0.601393 -0.178248 -0.985368
v 0.601406 -0.178960 -0.985366
v 0.601396 -0.179671 -0.985364
v 0.601361 -0.180382 -0.985363
v 0.601303 -0.181092 -0.985361
v 0.601222 -0.181799 -0.985359
v 0.601116 -0.182503 -0.985357
v 0.600988 -0.183204 -0.985355
v 0.600836 -0.183899 -0.985354
v 0.600661 -0.184590 -0.985352
v 0.600463 -0.185273 -0.985350
v 0.600243 -0.185951 -0.985349
v 0.600000 -0.186620 -0.985347
v 0.599734 -0.187281 -0.985345
v 0.599447 -0.187932 -0.985344
v 0.599139 -0.188574 -0.985342
v 0.598809 -0.189205 -0.985340
v 0.598458 -0.189825 -0.985339
v 0.598087 -0.190433 -0.985337
v 0.598088 -0.190468 -0.997589
v 0.598087 -0.190471 -0.997631
v 0.598080 -0.190481 -0.997701
v 0.598071 -0.190496 -0.997753
v 0.598055 -0.190521 -0.997813
v 0.598044 -0.190539 -0.997847
v 0.598023 -0.190572 -0.997895
v 0.598004 -0.190601 -0.997929
v 0.597975 -0.190646 -0.997970
v 0.597943 -0.190696 -0.998005
v 0.597932 -0.190712 -0.998014
v 0.597926 -0.190722 -0.998019
v 0.597916 -0.190737 -0.998026
v 0.597886 -0.190783 -0.998043
v 0.597847 -0.190841 -0.998055
v 0.597812 -0.190894 -0.998059
v 0.597783 -0.190937 -0.998056
v 0.597755 -0.190980 -0.998048
v 0.597740 -0.191002 -0.998042
v 0.597721 -0.191030 -0.998032
v 0.597688 -0.191079 -0.998008
v 0.597654 -0.191128 -0.997975
v 0.597643 -0.191144 -0.997962
v 0.597629 -0.191164 -0.997943
v 0.597607 -0.191195 -0.997909
v 0.597587 -0.191224 -0.997868
v 0.597568 -0.191251 -0.997822
v 0.597550 -0.191277 -0.997759
v 0.597541 -0.191290 -0.997715
v 0.597535 -0.191298 -0.997673
v 0.597531 -0.191304 -0.997623
v 0.597530 -0.191305 -0.997598
v 0.597530 -0.191305 -0.997587
v 0.600974 -0.174749 -0.997672
v 0.600973 -0.174745 -0.997708
v 0.600970 -0.174730 -0.997767
v 0.600967 -0.174717 -0.997804
v 0.600964 -0.174702 -0.997835
v 0.600957 -0.174670 -0.997890
v 0.600952 -0.174644 -0.997923
v 0.600940 -0.174586 -0.997981
v 0.600927 -0.174529 -0.998024
v 0.600924 -0.174514 -0.998033
v 0.600917 -0.174479 -0.998051
v 0.600904 -0.174422 -0.998075
v 0.600892 -0.174367 -0.998089
v 0.600881 -0.174319 -0.998098
v 0.600878 -0.174308 -0.998099
v 0.600869 -0.174268 -0.998101
v 0.600859 -0.174223 -0.998100
v 0.600852 -0.174192 -0.998097
v 0.600835 -0.174120 -0.998081
v 0.600825 -0.174080 -0.998068
v 0.600814 -0.174031 -0.998046
v 0.600807 -0.174001 -0.998030
v 0.600801 -0.173978 -0.998016
v 0.600797 -0.173960 -0.998003
v 0.600785 -0.173912 -0.997961
v 0.600776 -0.173874 -0.997919
v 0.600767 -0.173839 -0.997870
v 0.600758 -0.173805 -0.997803
v 0.600755 -0.173791 -0.997765
v 0.600751 -0.173777 -0.997697
v 0.600750 -0.173772 -0.997660
v 0.600750 -0.173771 -0.997643
v 0.600750 -0.173771 -0.997631
v 0.601790 -0.173399 -0.997161
v 0.601445 -0.173528 -0.999036
v 0.601729 -0.173426 -0.998804
v 0.601777 -0.173409 -0.998675
v 0.600749 -0.173736 -0.985380
v 0.589908 -0.177629 -0.997622
v 0.589907 -0.177593 -0.985371
v 0.600749 -0.173732 -0.983966
v 0.602262 -0.173193 -0.983967
v 0.602263 -0.173231 -0.997162
v 0.602260 -0.182343 -0.998569
v 0.602152 -0.182900 -0.998670
v 0.601935 -0.182337 -0.998991
v 0.601715 -0.182544 -0.999022
v 0.601905 -0.176924 -0.999036
v 0.601885 -0.181904 -0.999018
v 0.601829 -0.173627 -0.998684
v 0.601790 -0.173404 -0.998585
v 0.601967 -0.174134 -0.998573
v 0.602017 -0.174367 -0.998592
v 0.602118 -0.174870 -0.998571
v 0.602160 -0.175117 -0.998614
v 0.602245 -0.175611 -0.998569
v 0.602273 -0.175872 -0.998654
v 0.602347 -0.176356 -0.998567
v 0.602424 -0.177103 -0.998565
v 0.602426 -0.177390 -0.998685
v 0.602476 -0.177852 -0.998563
v 0.602503 -0.178603 -0.998561
v 0.602505 -0.179355 -0.998560
v 0.602493 -0.179677 -0.998605
v 0.602482 -0.180106 -0.998558
v 0.602459 -0.180440 -0.998602
v 0.602434 -0.180856 -0.998556
v 0.602360 -0.181604 -0.998554
v 0.602378 -0.181390 -0.998592
v 0.602085 -0.180041 -0.999018
v 0.601379 -0.173551 -0.999046
v 0.602026 -0.177607 -0.999029
v 0.602079 -0.176661 -0.998998
v 0.601909 -0.175924 -0.999024
v 0.602151 -0.178447 -0.999008
v 0.602118 -0.180419 -0.999004
v 0.602058 -0.175903 -0.998959
v 0.601921 -0.175160 -0.998973
v 0.602059 -0.181927 -0.998965
v 0.602066 -0.181169 -0.998999
v 0.602195 -0.181182 -0.998935
v 0.602211 -0.177785 -0.998974
v 0.601575 -0.173482 -0.998981
v 0.602247 -0.179671 -0.998966
v 0.602327 -0.177398 -0.998864
v 0.602220 -0.176645 -0.998908
v 0.602156 -0.181939 -0.998898
v 0.602225 -0.180426 -0.998956
v 0.601826 -0.174019 -0.998862
v 0.602300 -0.180810 -0.998876
v 0.602032 -0.175140 -0.998889
v 0.602324 -0.178916 -0.998922
v 0.602377 -0.178155 -0.998856
v 0.602376 -0.179674 -0.998864
v 0.602418 -0.178915 -0.998827
v 0.602195 -0.175883 -0.998831
v 0.602109 -0.175126 -0.998776
v 0.602260 -0.181952 -0.998762
v 0.601980 -0.174375 -0.998742
v 0.602313 -0.176635 -0.998796
v 0.602347 -0.181196 -0.998762
v 0.602462 -0.178533 -0.998737
v 0.602364 -0.176629 -0.998667
v 0.602393 -0.180436 -0.998791
v 0.602457 -0.179676 -0.998744
v 0.602501 -0.178914 -0.998622
v 0.602485 -0.178151 -0.998618
v 0.598371 -0.192019 -0.997114
v 0.598787 -0.191411 -0.997115
v 0.599183 -0.190789 -0.997117
v 0.599736 -0.189832 -0.997119
v 0.600246 -0.188852 -0.997122
v 0.600245 -0.188814 -0.983927
v 0.600543 -0.188176 -0.983929
v 0.600820 -0.187530 -0.983931
v 0.601077 -0.186875 -0.983932
v 0.601314 -0.186212 -0.983934
v 0.601530 -0.185542 -0.983936
v 0.601725 -0.184866 -0.983938
v 0.601726 -0.184904 -0.997132
v 0.601909 -0.184181 -0.997133
v 0.602135 -0.183086 -0.997136
v 0.602313 -0.181983 -0.997139
v 0.602398 -0.181242 -0.997141
v 0.602397 -0.181204 -0.983947
v 0.602455 -0.180503 -0.983949
v 0.602492 -0.179800 -0.983950
v 0.602506 -0.179096 -0.983952
v 0.602498 -0.178392 -0.983954
v 0.602469 -0.177689 -0.983956
v 0.602417 -0.176987 -0.983958
v 0.602418 -0.177025 -0.997152
v 0.602340 -0.176293 -0.997154
v 0.602175 -0.175200 -0.997157
v 0.601963 -0.174115 -0.997159
v 0.588764 -0.183818 -0.985355
v 0.588765 -0.183853 -0.997607
v 0.597529 -0.191270 -0.985335
v 0.598753 -0.192344 -0.997113
v 0.598752 -0.192306 -0.983919
v 0.597529 -0.191266 -0.983921
v 0.589842 -0.180799 -0.985362
v 0.589781 -0.181105 -0.985362
v 0.589843 -0.180839 -0.999499
v 0.589776 -0.181170 -0.999498
v 0.589710 -0.181410 -0.985361
v 0.589699 -0.181499 -0.999497
v 0.589629 -0.181711 -0.985360
v 0.589610 -0.181824 -0.999497
v 0.589540 -0.182011 -0.985359
v 0.589510 -0.182147 -0.999496
v 0.589441 -0.182307 -0.985359
v 0.589332 -0.182600 -0.985358
v 0.589278 -0.182781 -0.999494
v 0.589215 -0.182890 -0.985357
v 0.589216 -0.182925 -0.997609
v 0.589215 -0.182928 -0.997647
v 0.589212 -0.182935 -0.997702
v 0.589208 -0.182945 -0.997741
v 0.589200 -0.182964 -0.997792
v 0.589146 -0.183091 -0.999493
v 0.589189 -0.182990 -0.997843
v 0.589181 -0.183007 -0.997870
v 0.589164 -0.183048 -0.997921
v 0.589147 -0.183085 -0.997958
v 0.589130 -0.183124 -0.997989
v 0.589110 -0.183168 -0.998018
v 0.589099 -0.183191 -0.998030
v 0.589095 -0.183202 -0.998035
v 0.589087 -0.183218 -0.998042
v 0.589004 -0.183398 -0.999493
v 0.589065 -0.183265 -0.998058
v 0.589043 -0.183312 -0.998070
v 0.589022 -0.183356 -0.998077
v 0.588992 -0.183418 -0.998078
v 0.588959 -0.183486 -0.998070
v 0.588942 -0.183520 -0.998062
v 0.588933 -0.183536 -0.998057
v 0.588852 -0.183699 -0.999492
v 0.588915 -0.183572 -0.998044
v 0.588894 -0.183612 -0.998024
v 0.588871 -0.183657 -0.997997
v 0.588864 -0.183671 -0.997987
v 0.588857 -0.183684 -0.997976
v 0.588844 -0.183708 -0.997954
v 0.588821 -0.183751 -0.997907
v 0.588803 -0.183785 -0.997857
v 0.588791 -0.183806 -0.997819
v 0.588779 -0.183829 -0.997760
v 0.588772 -0.183841 -0.997719
v 0.588689 -0.183995 -0.999491
v 0.588767 -0.183849 -0.997670
v 0.588765 -0.183853 -0.997632
v 0.588597 -0.184109 -0.985354
v 0.588516 -0.184284 -0.999490
v 0.588420 -0.184394 -0.985353
v 0.588334 -0.184569 -0.999490
v 0.588234 -0.184673 -0.985353
v 0.588142 -0.184847 -0.999489
v 0.588039 -0.184946 -0.985352
v 0.587941 -0.185118 -0.999488
v 0.587835 -0.185212 -0.985351
v 0.587731 -0.185382 -0.999488
v 0.587622 -0.185471 -0.985351
v 0.587512 -0.185639 -0.999487
v 0.587400 -0.185723 -0.985350
v 0.587285 -0.185889 -0.999486
v 0.587170 -0.185967 -0.985349
v 0.587049 -0.186130 -0.999486
v 0.586932 -0.186203 -0.985349
v 0.586805 -0.186364 -0.999485
v 0.586686 -0.186431 -0.985348
v 0.586554 -0.186589 -0.999485
v 0.586432 -0.186651 -0.985348
v 0.586294 -0.186806 -0.999484
v 0.586171 -0.186862 -0.985347
v 0.586173 -0.186897 -0.997599
v 0.586169 -0.186900 -0.997657
v 0.586161 -0.186906 -0.997708
v 0.586146 -0.186918 -0.997764
v 0.586028 -0.187013 -0.999484
v 0.586120 -0.186938 -0.997830
v 0.586105 -0.186950 -0.997859
v 0.586073 -0.186975 -0.997907
v 0.586044 -0.186997 -0.997943
v 0.586016 -0.187018 -0.997970
v 0.585971 -0.187052 -0.998005
v 0.585951 -0.187067 -0.998018
v 0.585933 -0.187080 -0.998028
v 0.585906 -0.187100 -0.998040
v 0.585755 -0.187212 -0.999483
v 0.585855 -0.187137 -0.998057
v 0.585830 -0.187155 -0.998063
v 0.585773 -0.187196 -0.998069
v 0.585751 -0.187211 -0.998069
v 0.585736 -0.187222 -0.998068
v 0.585702 -0.187245 -0.998064
v 0.585665 -0.187270 -0.998057
v 0.585614 -0.187305 -0.998040
v 0.585476 -0.187402 -0.999483
v 0.585599 -0.187315 -0.998034
v 0.585585 -0.187325 -0.998027
v 0.585553 -0.187346 -0.998009
v 0.585529 -0.187362 -0.997994
v 0.585494 -0.187385 -0.997967
v 0.585463 -0.187405 -0.997937
v 0.585452 -0.187413 -0.997926
v 0.585445 -0.187417 -0.997917
v 0.585437 -0.187422 -0.997909
v 0.585411 -0.187439 -0.997872
v 0.585381 -0.187457 -0.997822
v 0.585365 -0.187468 -0.997786
v 0.585349 -0.187478 -0.997741
v 0.585341 -0.187483 -0.997713
v 0.585334 -0.187487 -0.997674
v 0.585190 -0.187581 -0.999482
v 0.585329 -0.187490 -0.997633
v 0.585327 -0.187491 -0.997597
v 0.585326 -0.187455 -0.985346
v 0.585038 -0.187629 -0.985345
v 0.584898 -0.187751 -0.999482
v 0.584745 -0.187794 -0.985345
v 0.584600 -0.187911 -0.999481
v 0.584445 -0.187948 -0.985345
v 0.584298 -0.188061 -0.999481
v 0.584141 -0.188093 -0.985344
v 0.583990 -0.188201 -0.999481
v 0.583832 -0.188227 -0.985344
v 0.583678 -0.188330 -0.999480
v 0.583519 -0.188350 -0.985344
v 0.583362 -0.188449 -0.999480
v 0.583202 -0.188463 -0.985343
v 0.583042 -0.188556 -0.999480
v 0.582881 -0.188565 -0.985343
v 0.582718 -0.188654 -0.999480
v 0.582557 -0.188657 -0.985343
v 0.582392 -0.188740 -0.999479
v 0.582230 -0.188737 -0.985343
v 0.582062 -0.188814 -0.999479
v 0.581900 -0.188806 -0.985343
v 0.581731 -0.188878 -0.999479
v 0.581568 -0.188864 -0.985342
v 0.581397 -0.188931 -0.999479
v 0.581235 -0.188911 -0.985342
v 0.581236 -0.188946 -0.997594
v 0.581232 -0.188947 -0.997643
v 0.581222 -0.188949 -0.997699
v 0.581207 -0.188951 -0.997749
v 0.581062 -0.188972 -0.999479
v 0.581186 -0.188953 -0.997794
v 0.581172 -0.188955 -0.997820
v 0.581150 -0.188957 -0.997852
v 0.581116 -0.188962 -0.997894
v 0.581098 -0.188964 -0.997914
v 0.581085 -0.188965 -0.997926
v 0.581038 -0.188970 -0.997963
v 0.580991 -0.188975 -0.997994
v 0.580957 -0.188978 -0.998012
v 0.580905 -0.188983 -0.998033
v 0.580725 -0.189002 -0.999479
v 0.580851 -0.188988 -0.998049
v 0.580781 -0.188994 -0.998061
v 0.580703 -0.189000 -0.998065
v 0.580646 -0.189003 -0.998060
v 0.580603 -0.189006 -0.998053
v 0.580388 -0.189020 -0.999479
v 0.580539 -0.189010 -0.998035
v 0.580502 -0.189011 -0.998021
v 0.580461 -0.189013 -0.998002
v 0.580418 -0.189015 -0.997975
v 0.580385 -0.189016 -0.997952
v 0.580371 -0.189017 -0.997941
v 0.580358 -0.189017 -0.997929
v 0.580345 -0.189018 -0.997917
v 0.580324 -0.189018 -0.997895
v 0.580293 -0.189019 -0.997856
v 0.580259 -0.189020 -0.997803
v 0.580239 -0.189020 -0.997760
v 0.580226 -0.189020 -0.997726
v 0.580216 -0.189020 -0.997687
v 0.580050 -0.189028 -0.999479
v 0.580208 -0.189020 -0.997637
v 0.580206 -0.189020 -0.997594
v 0.580205 -0.188985 -0.985342
v 0.579869 -0.188986 -0.985342
v 0.579712 -0.189024 -0.999479
v 0.579534 -0.188976 -0.985342
v 0.579375 -0.189008 -0.999479
v 0.579199 -0.188955 -0.985342
v 0.579038 -0.188981 -0.999479
v 0.578865 -0.188922 -0.985342
v 0.578703 -0.188943 -0.999479
v 0.578532 -0.188878 -0.985343
v 0.578368 -0.188893 -0.999479
v 0.578201 -0.188823 -0.985343
v 0.578036 -0.188832 -0.999479
v 0.577872 -0.188757 -0.985343
v 0.577706 -0.188760 -0.999480
v 0.577545 -0.188680 -0.985343
v 0.577379 -0.188677 -0.999480
v 0.577221 -0.188592 -0.985343
v 0.577054 -0.188583 -0.999480
v 0.576901 -0.188493 -0.985344
v 0.576733 -0.188477 -0.999480
v 0.576583 -0.188384 -0.985344
v 0.576416 -0.188361 -0.999481
v 0.576270 -0.188264 -0.985344
v 0.576271 -0.188299 -0.997596
v 0.576271 -0.188299 -0.997613
v 0.576267 -0.188298 -0.997650
v 0.576257 -0.188294 -0.997708
v 0.576250 -0.188291 -0.997734
v 0.576245 -0.188289 -0.997751
v 0.576103 -0.188235 -0.999481
v 0.576224 -0.188281 -0.997799
v 0.576201 -0.188271 -0.997843
v 0.576185 -0.188265 -0.997866
v 0.576164 -0.188256 -0.997894
v 0.576118 -0.188237 -0.997943
v 0.576073 -0.188218 -0.997979
v 0.576027 -0.188199 -0.998009
v 0.575981 -0.188178 -0.998031
v 0.575924 -0.188153 -0.998051
v 0.575794 -0.188098 -0.999481
v 0.575886 -0.188136 -0.998060
v 0.575846 -0.188118 -0.998065
v 0.575781 -0.188088 -0.998067
v 0.575713 -0.188056 -0.998059
v 0.575654 -0.188028 -0.998044
v 0.575490 -0.187951 -0.999482
v 0.575602 -0.188002 -0.998024
v 0.575560 -0.187982 -0.998000
v 0.575528 -0.187966 -0.997980
v 0.575508 -0.187955 -0.997964
v 0.575466 -0.187934 -0.997925
v 0.575435 -0.187918 -0.997891
v 0.575429 -0.187915 -0.997882
v 0.575417 -0.187909 -0.997865
v 0.575388 -0.187894 -0.997817
v 0.575375 -0.187887 -0.997791
v 0.575362 -0.187880 -0.997756
v 0.575347 -0.187872 -0.997707
v 0.575343 -0.187870 -0.997689
v 0.575340 -0.187868 -0.997672
v 0.575191 -0.187793 -0.999482
v 0.575335 -0.187865 -0.997621
v 0.575334 -0.187865 -0.997597
v 0.575333 -0.187830 -0.985346
v 0.575038 -0.187668 -0.985346
v 0.574898 -0.187626 -0.999483
v 0.574749 -0.187495 -0.985346
v 0.574611 -0.187449 -0.999483
v 0.574465 -0.187314 -0.985347
v 0.574329 -0.187262 -0.999484
v 0.574188 -0.187123 -0.985347
v 0.574055 -0.187065 -0.999484
v 0.573917 -0.186922 -0.985348
v 0.573787 -0.186860 -0.999485
v 0.573654 -0.186713 -0.985349
v 0.573526 -0.186646 -0.999485
v 0.573397 -0.186495 -0.985349
v 0.573272 -0.186423 -0.999486
v 0.573148 -0.186268 -0.985350
v 0.573026 -0.186191 -0.999487
v 0.572907 -0.186033 -0.985350
v 0.572788 -0.185951 -0.999487
v 0.572674 -0.185791 -0.985351
v 0.572559 -0.185704 -0.999488
v 0.572449 -0.185540 -0.985352
v 0.572338 -0.185449 -0.999489
v 0.572233 -0.185282 -0.985352
v 0.572125 -0.185187 -0.999489
v 0.572025 -0.185017 -0.985353
v 0.572026 -0.185053 -0.997605
v 0.572025 -0.185051 -0.997641
v 0.572020 -0.185044 -0.997700
v 0.572016 -0.185039 -0.997726
v 0.572002 -0.185021 -0.997785
v 0.571922 -0.184917 -0.999490
v 0.571989 -0.185004 -0.997826
v 0.571970 -0.184979 -0.997873
v 0.571963 -0.184968 -0.997890
v 0.571958 -0.184962 -0.997899
v 0.571943 -0.184941 -0.997926
v 0.571920 -0.184910 -0.997959
v 0.571884 -0.184861 -0.998000
v 0.571859 -0.184825 -0.998024
v 0.571828 -0.184783 -0.998045
v 0.571728 -0.184641 -0.999491
v 0.571805 -0.184750 -0.998058
v 0.571790 -0.184727 -0.998064
v 0.571771 -0.184701 -0.998070
v 0.571732 -0.184643 -0.998076
v 0.571705 -0.184604 -0.998076
v 0.571682 -0.184569 -0.998072
v 0.571659 -0.184535 -0.998065
v 0.571625 -0.184482 -0.998048
v 0.571543 -0.184358 -0.999491
v 0.571603 -0.184449 -0.998033
v 0.571576 -0.184407 -0.998008
v 0.571548 -0.184362 -0.997974
v 0.571530 -0.184334 -0.997948
v 0.571508 -0.184297 -0.997904
v 0.571492 -0.184272 -0.997867
v 0.571483 -0.184258 -0.997843
v 0.571472 -0.184239 -0.997806
v 0.571461 -0.184222 -0.997756
v 0.571368 -0.184070 -0.999492
v 0.571453 -0.184208 -0.997704
v 0.571448 -0.184200 -0.997645
v 0.571447 -0.184198 -0.997607
v 0.571446 -0.184163 -0.985355
v 0.571277 -0.183873 -0.985356
v 0.571203 -0.183775 -0.999493
v 0.571119 -0.183577 -0.985357
v 0.571047 -0.183476 -0.999494
v 0.570970 -0.183277 -0.985358
v 0.570902 -0.183171 -0.999494
v 0.570831 -0.182972 -0.985358
v 0.570768 -0.182861 -0.999495
v 0.570703 -0.182662 -0.985359
v 0.570644 -0.182547 -0.999496
v 0.570585 -0.182348 -0.985360
v 0.570530 -0.182229 -0.999497
v 0.570477 -0.182030 -0.985361
v 0.570428 -0.181907 -0.999498
v 0.570381 -0.181709 -0.985362
v 0.570336 -0.181583 -0.999499
v 0.570295 -0.181385 -0.985362
v 0.570256 -0.181255 -0.999499
v 0.570220 -0.181058 -0.985363
v 0.570186 -0.180925 -0.999500
v 0.570157 -0.180729 -0.985364
v 0.570128 -0.180592 -0.999501
v 0.570104 -0.180398 -0.985365
v 0.570105 -0.180433 -0.997617
v 0.570105 -0.180432 -0.997646
v 0.570104 -0.180426 -0.997694
v 0.570102 -0.180414 -0.997744
v 0.570100 -0.180401 -0.997783
v 0.570081 -0.180258 -0.999502
v 0.570097 -0.180379 -0.997829
v 0.570094 -0.180351 -0.997875
v 0.570088 -0.180307 -0.997929
v 0.570083 -0.180266 -0.997967
v 0.570077 -0.180218 -0.998003
v 0.570075 -0.180202 -0.998013
v 0.570069 -0.180152 -0.998039
v 0.570063 -0.180100 -0.998060
v 0.570060 -0.180065 -0.998070
v 0.570046 -0.179922 -0.999503
v 0.570052 -0.179988 -0.998085
v 0.570045 -0.179912 -0.998089
v 0.570041 -0.179862 -0.998085
v 0.570036 -0.179809 -0.998077
v 0.570034 -0.179781 -0.998071
v 0.570031 -0.179741 -0.998058
v 0.570021 -0.179586 -0.999504
v 0.570028 -0.179689 -0.998037
v 0.570025 -0.179640 -0.998012
v 0.570023 -0.179611 -0.997993
v 0.570020 -0.179564 -0.997957
v 0.570018 -0.179523 -0.997915
v 0.570017 -0.179497 -0.997885
v 0.570017 -0.179490 -0.997875
v 0.570016 -0.179478 -0.997858
v 0.570015 -0.179452 -0.997812
v 0.570014 -0.179433 -0.997770
v 0.570014 -0.179417 -0.997714
v 0.570008 -0.179249 -0.999505
v 0.570013 -0.179406 -0.997648
v 0.570013 -0.179405 -0.997631
v 0.570013 -0.179405 -0.997619
v 0.570012 -0.179370 -0.985368
v 0.570005 -0.179057 -0.985368
v 0.570007 -0.178911 -0.999505
v 0.570008 -0.178745 -0.985369
v 0.570017 -0.178574 -0.999506
v 0.570021 -0.178433 -0.985370
v 0.570038 -0.178237 -0.999507
v 0.570043 -0.178121 -0.985371
v 0.570071 -0.177901 -0.999508
v 0.570076 -0.177810 -0.985372
v 0.570115 -0.177566 -0.999509
v 0.570118 -0.177501 -0.985372
v 0.570170 -0.177233 -0.999510
v 0.570169 -0.177193 -0.985373
v 0.590000 -0.178657 -0.997620
v 0.589999 -0.178622 -0.985368
v 0.590005 -0.178824 -0.999504
v 0.590006 -0.178934 -0.985367
v 0.590006 -0.179162 -0.999503
v 0.590003 -0.179246 -0.985366
v 0.589996 -0.179499 -0.999502
v 0.589990 -0.179559 -0.985366
v 0.589975 -0.179836 -0.999502
v 0.589968 -0.179870 -0.985365
v 0.589942 -0.180172 -0.999501
v 0.589935 -0.180181 -0.985364
v 0.589893 -0.180491 -0.985363
v 0.589992 -0.178487 -0.999505
v 0.590000 -0.178649 -0.997700
v 0.590000 -0.178654 -0.997663
v 0.589966 -0.178143 -0.999522
v 0.589984 -0.178350 -0.998050
v 0.589932 -0.177815 -0.999507
v 0.589885 -0.177480 -0.999508
v 0.589827 -0.177148 -0.999509
v 0.589854 -0.177263 -0.985372
v 0.589791 -0.176934 -0.985372
v 0.589757 -0.176818 -0.999509
v 0.589716 -0.176606 -0.985373
v 0.589677 -0.176490 -0.999510
v 0.589630 -0.176282 -0.985374
v 0.589585 -0.176165 -0.999511
v 0.589534 -0.175961 -0.985375
v 0.589483 -0.175843 -0.999512
v 0.589426 -0.175644 -0.985376
v 0.589369 -0.175526 -0.999513
v 0.589308 -0.175329 -0.985377
v 0.589245 -0.175212 -0.999514
v 0.589180 -0.175020 -0.985377
v 0.589111 -0.174902 -0.999514
v 0.589041 -0.174714 -0.985378
v 0.588966 -0.174598 -0.999515
v 0.588892 -0.174414 -0.985379
v 0.588733 -0.174119 -0.985380
v 0.588646 -0.174003 -0.999517
v 0.588565 -0.173829 -0.985380
v 0.588566 -0.173864 -0.997632
v 0.588565 -0.173863 -0.997661
v 0.588563 -0.173859 -0.997704
v 0.588470 -0.173714 -0.999517
v 0.588556 -0.173848 -0.997758
v 0.588548 -0.173835 -0.997802
v 0.588540 -0.173823 -0.997834
v 0.588530 -0.173805 -0.997869
v 0.588513 -0.173779 -0.997912
v 0.588495 -0.173750 -0.997952
v 0.588488 -0.173739 -0.997964
v 0.588474 -0.173717 -0.997986
v 0.588441 -0.173664 -0.998029
v 0.588405 -0.173607 -0.998063
v 0.588286 -0.173432 -0.999518
v 0.588385 -0.173577 -0.998077
v 0.588355 -0.173532 -0.998091
v 0.588318 -0.173476 -0.998102
v 0.588303 -0.173454 -0.998104
v 0.588293 -0.173439 -0.998104
v 0.588277 -0.173416 -0.998104
v 0.588245 -0.173368 -0.998099
v 0.588216 -0.173327 -0.998089
v 0.588091 -0.173156 -0.999519
v 0.588184 -0.173281 -0.998073
v 0.588161 -0.173249 -0.998058
v 0.588144 -0.173225 -0.998044
v 0.588115 -0.173184 -0.998015
v 0.588086 -0.173145 -0.997979
v 0.588075 -0.173128 -0.997962
v 0.588067 -0.173118 -0.997950
v 0.588051 -0.173096 -0.997920
v 0.588035 -0.173075 -0.997884
v 0.588018 -0.173052 -0.997839
v 0.588013 -0.173045 -0.997823
v 0.588006 -0.173036 -0.997798
v 0.587888 -0.172886 -0.999520
v 0.587995 -0.173020 -0.997735
v 0.587989 -0.173012 -0.997682
v 0.587987 -0.173010 -0.997640
v 0.587986 -0.172974 -0.985383
v 0.587778 -0.172709 -0.985383
v 0.587660 -0.172606 -0.999528
v 0.587562 -0.172451 -0.985384
v 0.587454 -0.172369 -0.999521
v 0.587337 -0.172201 -0.985385
v 0.587225 -0.172121 -0.999522
v 0.587104 -0.171958 -0.985385
v 0.586987 -0.171881 -0.999522
v 0.586863 -0.171723 -0.985386
v 0.586730 -0.171641 -0.999629
v 0.586614 -0.171497 -0.985387
v 0.586488 -0.171427 -0.999523
v 0.586357 -0.171278 -0.985387
v 0.586227 -0.171213 -0.999524
v 0.586094 -0.171069 -0.985388
v 0.585959 -0.171007 -0.999525
v 0.585823 -0.170869 -0.985388
v 0.585684 -0.170811 -0.999525
v 0.585546 -0.170678 -0.985389
v 0.585403 -0.170624 -0.999526
v 0.585262 -0.170496 -0.985389
v 0.585115 -0.170447 -0.999526
v 0.584973 -0.170324 -0.985390
v 0.584822 -0.170279 -0.999527
v 0.584678 -0.170162 -0.985390
v 0.584679 -0.170197 -0.997642
v 0.584677 -0.170196 -0.997685
v 0.584523 -0.170122 -0.999527
v 0.584671 -0.170193 -0.997724
v 0.584661 -0.170188 -0.997772
v 0.584655 -0.170185 -0.997791
v 0.584649 -0.170182 -0.997808
v 0.584642 -0.170179 -0.997825
v 0.584635 -0.170175 -0.997841
v 0.584604 -0.170159 -0.997898
v 0.584564 -0.170138 -0.997951
v 0.584523 -0.170118 -0.997994
v 0.584498 -0.170105 -0.998015
v 0.584482 -0.170097 -0.998027
v 0.584461 -0.170087 -0.998041
v 0.584451 -0.170082 -0.998047
v 0.584413 -0.170063 -0.998067
v 0.584219 -0.169975 -0.999527
v 0.584354 -0.170035 -0.998091
v 0.584304 -0.170010 -0.998104
v 0.584247 -0.169984 -0.998112
v 0.584198 -0.169961 -0.998113
v 0.584156 -0.169942 -0.998110
v 0.584100 -0.169916 -0.998099
v 0.583910 -0.169838 -0.999528
v 0.584052 -0.169895 -0.998085
v 0.584016 -0.169879 -0.998070
v 0.583956 -0.169853 -0.998037
v 0.583911 -0.169834 -0.998004
v 0.583871 -0.169816 -0.997965
v 0.583836 -0.169802 -0.997925
v 0.583821 -0.169796 -0.997903
v 0.583804 -0.169788 -0.997875
v 0.583777 -0.169777 -0.997820
v 0.583597 -0.169711 -0.999528
v 0.583770 -0.169775 -0.997803
v 0.583763 -0.169771 -0.997780
v 0.583750 -0.169766 -0.997729
v 0.583744 -0.169764 -0.997686
v 0.583742 -0.169763 -0.997643
v 0.583741 -0.169728 -0.985391
v 0.583427 -0.169607 -0.985392
v 0.583280 -0.169595 -0.999528
v 0.583110 -0.169498 -0.985392
v 0.582959 -0.169490 -0.999529
v 0.582790 -0.169399 -0.985392
v 0.582635 -0.169396 -0.999529
v 0.582466 -0.169311 -0.985392
v 0.582307 -0.169313 -0.999529
v 0.582139 -0.169235 -0.985393
v 0.581977 -0.169241 -0.999529
v 0.581810 -0.169168 -0.985393
v 0.581645 -0.169180 -0.999530
v 0.581479 -0.169113 -0.985393
v 0.581311 -0.169130 -0.999530
v 0.581146 -0.169070 -0.985393
v 0.580975 -0.169092 -0.999530
v 0.580812 -0.169037 -0.985393
v 0.580638 -0.169065 -0.999530
v 0.580477 -0.169015 -0.985393
v 0.580301 -0.169050 -0.999530
v 0.580142 -0.169005 -0.985393
v 0.579963 -0.169045 -0.999530
v 0.579806 -0.169006 -0.985393
v 0.579807 -0.169041 -0.997645
v 0.579805 -0.169042 -0.997681
v 0.579625 -0.169052 -0.999530
v 0.579796 -0.169042 -0.997742
v 0.579784 -0.169042 -0.997786
v 0.579777 -0.169043 -0.997805
v 0.579766 -0.169043 -0.997830
v 0.579746 -0.169044 -0.997869
v 0.579713 -0.169045 -0.997917
v 0.579688 -0.169046 -0.997947
v 0.579676 -0.169046 -0.997960
v 0.579638 -0.169047 -0.997995
v 0.579608 -0.169049 -0.998018
v 0.579557 -0.169051 -0.998050
v 0.579506 -0.169053 -0.998075
v 0.579489 -0.169054 -0.998082
v 0.579288 -0.169071 -0.999530
v 0.579445 -0.169057 -0.998095
v 0.579386 -0.169060 -0.998109
v 0.579332 -0.169064 -0.998115
v 0.579298 -0.169066 -0.998116
v 0.579248 -0.169070 -0.998114
v 0.579215 -0.169072 -0.998111
v 0.579158 -0.169077 -0.998099
v 0.578952 -0.169101 -0.999530
v 0.579115 -0.169081 -0.998087
v 0.579082 -0.169084 -0.998074
v 0.579052 -0.169086 -0.998061
v 0.578985 -0.169093 -0.998021
v 0.578938 -0.169097 -0.997986
v 0.578895 -0.169102 -0.997943
v 0.578883 -0.169103 -0.997930
v 0.578861 -0.169106 -0.997900
v 0.578828 -0.169110 -0.997847
v 0.578616 -0.169142 -0.999530
v 0.578804 -0.169113 -0.997793
v 0.578790 -0.169114 -0.997749
v 0.578784 -0.169115 -0.997723
v 0.578779 -0.169115 -0.997674
v 0.578777 -0.169115 -0.997645
v 0.578776 -0.169080 -0.985393
v 0.578443 -0.169127 -0.985393
v 0.578283 -0.169194 -0.999530
v 0.578111 -0.169185 -0.985393
v 0.577951 -0.169258 -0.999530
v 0.577781 -0.169255 -0.985393
v 0.577622 -0.169333 -0.999529
v 0.577454 -0.169335 -0.985393
v 0.577295 -0.169419 -0.999529
v 0.577130 -0.169426 -0.985393
v 0.576971 -0.169516 -0.999529
v 0.576809 -0.169528 -0.985392
v 0.576651 -0.169624 -0.999529
v 0.576492 -0.169641 -0.985392
v 0.576335 -0.169743 -0.999528
v 0.576179 -0.169765 -0.985392
v 0.576023 -0.169872 -0.999528
v 0.575870 -0.169899 -0.985391
v 0.575715 -0.170012 -0.999528
v 0.575566 -0.170043 -0.985391
v 0.575413 -0.170161 -0.999528
v 0.575266 -0.170197 -0.985391
v 0.575116 -0.170322 -0.999527
v 0.574973 -0.170362 -0.985390
v 0.574824 -0.170491 -0.999527
v 0.574684 -0.170536 -0.985390
v 0.574685 -0.170571 -0.997642
v 0.574683 -0.170573 -0.997685
v 0.574538 -0.170671 -0.999526
v 0.574678 -0.170576 -0.997725
v 0.574671 -0.170581 -0.997760
v 0.574664 -0.170585 -0.997786
v 0.574659 -0.170589 -0.997802
v 0.574655 -0.170591 -0.997814
v 0.574640 -0.170601 -0.997848
v 0.574613 -0.170618 -0.997900
v 0.574586 -0.170635 -0.997939
v 0.574559 -0.170653 -0.997971
v 0.574547 -0.170661 -0.997985
v 0.574539 -0.170666 -0.997992
v 0.574521 -0.170678 -0.998009
v 0.574500 -0.170692 -0.998026
v 0.574452 -0.170724 -0.998057
v 0.574412 -0.170750 -0.998078
v 0.574258 -0.170861 -0.999526
v 0.574379 -0.170773 -0.998091
v 0.574364 -0.170783 -0.998096
v 0.574325 -0.170810 -0.998105
v 0.574281 -0.170840 -0.998111
v 0.574240 -0.170869 -0.998112
v 0.574204 -0.170895 -0.998109
v 0.574174 -0.170916 -0.998103
v 0.573985 -0.171059 -0.999525
v 0.574109 -0.170963 -0.998083
v 0.574063 -0.170997 -0.998060
v 0.574022 -0.171028 -0.998032
v 0.573988 -0.171052 -0.998004
v 0.573975 -0.171062 -0.997991
v 0.573957 -0.171076 -0.997971
v 0.573920 -0.171104 -0.997919
v 0.573892 -0.171125 -0.997871
v 0.573872 -0.171140 -0.997823
v 0.573719 -0.171267 -0.999525
v 0.573862 -0.171148 -0.997792
v 0.573850 -0.171158 -0.997738
v 0.573843 -0.171163 -0.997684
v 0.573840 -0.171165 -0.997640
v 0.573839 -0.171129 -0.985388
v 0.573579 -0.171341 -0.985388
v 0.573460 -0.171484 -0.999524
v 0.573325 -0.171561 -0.985387
v 0.573208 -0.171709 -0.999524
v 0.573079 -0.171788 -0.985387
v 0.572964 -0.171942 -0.999523
v 0.572841 -0.172025 -0.985386
v 0.572729 -0.172184 -0.999523
v 0.572611 -0.172269 -0.985386
v 0.572501 -0.172434 -0.999522
v 0.572389 -0.172520 -0.985385
v 0.572282 -0.172691 -0.999521
v 0.572176 -0.172779 -0.985384
v 0.572072 -0.172955 -0.999521
v 0.571972 -0.173045 -0.985384
v 0.571871 -0.173226 -0.999520
v 0.571776 -0.173318 -0.985383
v 0.571679 -0.173504 -0.999519
v 0.571590 -0.173597 -0.985382
v 0.571497 -0.173788 -0.999519
v 0.571414 -0.173882 -0.985382
v 0.571324 -0.174078 -0.999518
v 0.571247 -0.174173 -0.985381
v 0.571248 -0.174208 -0.997633
v 0.571248 -0.174209 -0.997644
v 0.571247 -0.174210 -0.997670
v 0.571243 -0.174219 -0.997730
v 0.571162 -0.174374 -0.999517
v 0.571241 -0.174222 -0.997747
v 0.571239 -0.174225 -0.997759
v 0.571236 -0.174231 -0.997779
v 0.571223 -0.174255 -0.997838
v 0.571215 -0.174269 -0.997868
v 0.571212 -0.174275 -0.997878
v 0.571206 -0.174286 -0.997895
v 0.571185 -0.174325 -0.997947
v 0.571166 -0.174361 -0.997985
v 0.571139 -0.174412 -0.998025
v 0.571117 -0.174455 -0.998051
v 0.571094 -0.174501 -0.998072
v 0.571009 -0.174675 -0.999516
v 0.571080 -0.174529 -0.998082
v 0.571067 -0.174553 -0.998089
v 0.571036 -0.174616 -0.998099
v 0.571013 -0.174662 -0.998102
v 0.570987 -0.174718 -0.998099
v 0.570970 -0.174753 -0.998094
v 0.570962 -0.174770 -0.998090
v 0.570950 -0.174795 -0.998083
v 0.570867 -0.174981 -0.999515
v 0.570924 -0.174850 -0.998063
v 0.570909 -0.174884 -0.998047
v 0.570898 -0.174908 -0.998033
v 0.570872 -0.174964 -0.997993
v 0.570850 -0.175014 -0.997946
v 0.570842 -0.175032 -0.997925
v 0.570830 -0.175061 -0.997885
v 0.570820 -0.175084 -0.997845
v 0.570809 -0.175109 -0.997788
v 0.570735 -0.175292 -0.999515
v 0.570803 -0.175122 -0.997747
v 0.570799 -0.175133 -0.997689
v 0.570797 -0.175137 -0.997647
v 0.570797 -0.175137 -0.997630
v 0.570796 -0.175102 -0.985378
v 0.570678 -0.175391 -0.985378
v 0.570614 -0.175607 -0.999514
v 0.570570 -0.175684 -0.985377
v 0.570503 -0.175926 -0.999513
v 0.570471 -0.175981 -0.985376
v 0.570403 -0.176248 -0.999512
v 0.570381 -0.176280 -0.985375
v 0.570315 -0.176574 -0.999511
v 0.570301 -0.176582 -0.985375
v 0.570237 -0.176903 -0.999511
v 0.570230 -0.176886 -0.985374
v 0.589908 -0.177630 -0.997648
v 0.589909 -0.177635 -0.997690
v 0.589910 -0.177645 -0.997740
v 0.589911 -0.177654 -0.997766
v 0.589914 -0.177676 -0.997818
v 0.589921 -0.177722 -0.997892
v 0.589925 -0.177752 -0.997929
v 0.589929 -0.177786 -0.997962
v 0.589934 -0.177828 -0.997995
v 0.589937 -0.177855 -0.998013
v 0.589941 -0.177889 -0.998032
v 0.589947 -0.177940 -0.998056
v 0.589951 -0.177972 -0.998067
v 0.589957 -0.178040 -0.998083
v 0.589961 -0.178073 -0.998088
v 0.589965 -0.178118 -0.998092
v 0.589970 -0.178179 -0.998091
v 0.589972 -0.178200 -0.998089
v 0.589974 -0.178228 -0.998085
v 0.589979 -0.178282 -0.998073
v 0.589987 -0.178403 -0.998026
v 0.589988 -0.178419 -0.998016
v 0.589991 -0.178465 -0.997985
v 0.589994 -0.178531 -0.997927
v 0.589996 -0.178558 -0.997896
v 0.589998 -0.178598 -0.997837
v 0.589998 -0.178616 -0.997803
v 0.589999 -0.178628 -0.997774
v 0.589999 -0.178643 -0.997729
v 0.589999 -0.178647 -0.997712
v 0.599407 -0.169971 -0.985389
v 0.599679 -0.170580 -0.985388
v 0.599932 -0.171197 -0.985386
v 0.600166 -0.171822 -0.985385
v 0.600380 -0.172454 -0.985383
v 0.600574 -0.173092 -0.985381
v 0.599408 -0.170006 -0.997641
v 0.600448 -0.169635 -0.997171
v 0.599408 -0.170010 -0.999055
v 0.600164 -0.169741 -0.999016
v 0.600298 -0.169693 -0.998925
v 0.600406 -0.169654 -0.998762
v 0.600921 -0.169466 -0.997171
v 0.600920 -0.169428 -0.983977
v 0.599407 -0.169967 -0.983976
v 0.599679 -0.170576 -0.983974
v 0.599932 -0.171193 -0.983973
v 0.600166 -0.171818 -0.983971
v 0.600380 -0.172450 -0.983969
v 0.600574 -0.173088 -0.983968
v 0.582173 -0.156113 -0.984013
v 0.581413 -0.156054 -0.984013
v 0.581883 -0.157692 -0.984009
v 0.580651 -0.156020 -0.984013
v 0.579888 -0.156012 -0.984013
v 0.578400 -0.156568 -0.984012
v 0.579125 -0.156028 -0.984013
v 0.578364 -0.156070 -0.984013
v 0.579572 -0.167510 -0.983984
v 0.577698 -0.156629 -0.984012
v 0.576999 -0.156712 -0.984011
v 0.576302 -0.156817 -0.984011
v 0.575610 -0.156944 -0.984011
v 0.574921 -0.157092 -0.984011
v 0.574238 -0.157262 -0.984010
v 0.570727 -0.158511 -0.984007
v 0.570090 -0.158811 -0.984007
v 0.574110 -0.156779 -0.984011
v 0.573376 -0.156986 -0.984011
v 0.572649 -0.157218 -0.984010
v 0.571931 -0.157474 -0.984010
v 0.571221 -0.157753 -0.984009
v 0.570521 -0.158056 -0.984008
v 0.569463 -0.159131 -0.984006
v 0.568846 -0.159471 -0.984005
v 0.568239 -0.159829 -0.984004
v 0.567645 -0.160207 -0.984003
v 0.574451 -0.168930 -0.983980
v 0.574962 -0.168667 -0.983981
v 0.567062 -0.160602 -0.984002
v 0.565074 -0.163674 -0.983994
v 0.564603 -0.164146 -0.983993
v 0.566775 -0.160194 -0.984003
v 0.566158 -0.160642 -0.984002
v 0.565557 -0.161111 -0.984001
v 0.564971 -0.161599 -0.984000
v 0.564403 -0.162107 -0.983999
v 0.563851 -0.162633 -0.983997
v 0.564147 -0.164634 -0.983992
v 0.563707 -0.165135 -0.983991
v 0.563282 -0.165650 -0.983990
v 0.562874 -0.166177 -0.983988
v 0.562482 -0.166717 -0.983987
v 0.574119 -0.169121 -0.983980
v 0.573793 -0.169322 -0.983979
v 0.573474 -0.169534 -0.983979
v 0.573163 -0.169757 -0.983978
v 0.572711 -0.170111 -0.983977
v 0.572275 -0.170485 -0.983976
v 0.571860 -0.170882 -0.983976
v 0.571464 -0.171298 -0.983974
v 0.571212 -0.171586 -0.983974
v 0.570854 -0.172035 -0.983973
v 0.570517 -0.172499 -0.983971
v 0.570205 -0.172982 -0.983970
v 0.569916 -0.173478 -0.983969
v 0.569654 -0.173989 -0.983968
v 0.559766 -0.169169 -0.983981
v 0.559468 -0.169807 -0.983979
v 0.561258 -0.165677 -0.983990
v 0.560827 -0.166305 -0.983988
v 0.560416 -0.166948 -0.983986
v 0.560028 -0.167603 -0.983985
v 0.559661 -0.168271 -0.983983
v 0.559316 -0.168951 -0.983981
v 0.569415 -0.174511 -0.983966
v 0.559190 -0.170453 -0.983978
v 0.558933 -0.171108 -0.983976
v 0.558697 -0.171771 -0.983974
v 0.558481 -0.172441 -0.983972
v 0.558286 -0.173117 -0.983971
v 0.557803 -0.172987 -0.983971
v 0.557646 -0.173602 -0.983970
v 0.557505 -0.174222 -0.983968
v 0.557382 -0.174845 -0.983966
v 0.557614 -0.176779 -0.983961
v 0.557276 -0.175471 -0.983965
v 0.557187 -0.176099 -0.983963
v 0.557116 -0.176730 -0.983962
v 0.557555 -0.177480 -0.983960
v 0.568513 -0.179425 -0.983954
v 0.569398 -0.177047 -0.983960
v 0.557519 -0.178183 -0.983958
v 0.557505 -0.178887 -0.983956
v 0.557512 -0.179591 -0.983954
v 0.557542 -0.180294 -0.983952
v 0.568534 -0.179815 -0.983953
v 0.557594 -0.180996 -0.983951
v 0.559262 -0.184252 -0.983942
v 0.557282 -0.182553 -0.983947
v 0.557413 -0.183304 -0.983945
v 0.557096 -0.181041 -0.983951
v 0.557177 -0.181798 -0.983949
v 0.557568 -0.184050 -0.983943
v 0.557749 -0.184790 -0.983941
v 0.568729 -0.184380 -0.983941
v 0.568752 -0.181363 -0.983949
v 0.559534 -0.185215 -0.983940
v 0.559845 -0.186166 -0.983937
v 0.560079 -0.186790 -0.983936
v 0.560332 -0.187407 -0.983934
v 0.575490 -0.189571 -0.983927
v 0.571896 -0.188496 -0.983930
v 0.560604 -0.188017 -0.983932
v 0.562197 -0.192733 -0.983920
v 0.562636 -0.193283 -0.983919
v 0.559091 -0.188555 -0.983931
v 0.559420 -0.189243 -0.983929
v 0.559771 -0.189919 -0.983928
v 0.560145 -0.190583 -0.983926
v 0.561372 -0.191593 -0.983923
v 0.560540 -0.191235 -0.983924
v 0.560957 -0.191873 -0.983923
v 0.561775 -0.192169 -0.983922
v 0.563092 -0.193819 -0.983917
v 0.563565 -0.194340 -0.983916
v 0.564054 -0.194847 -0.983915
v 0.563699 -0.195199 -0.983914
v 0.564246 -0.195730 -0.983912
v 0.564810 -0.196244 -0.983911
v 0.566892 -0.197260 -0.983908
v 0.565391 -0.196737 -0.983910
v 0.565988 -0.197212 -0.983909
v 0.566600 -0.197666 -0.983907
v 0.567470 -0.197661 -0.983907
v 0.568062 -0.198044 -0.983906
v 0.568664 -0.198408 -0.983905
v 0.569278 -0.198753 -0.983904
v 0.569903 -0.199079 -0.983903
v 0.570537 -0.199385 -0.983903
v 0.574193 -0.199569 -0.983902
v 0.574838 -0.199741 -0.983901
v 0.570327 -0.199838 -0.983901
v 0.571024 -0.200147 -0.983901
v 0.571731 -0.200433 -0.983900
v 0.572447 -0.200696 -0.983899
v 0.573171 -0.200934 -0.983898
v 0.573903 -0.201148 -0.983898
v 0.575489 -0.199892 -0.983901
v 0.576143 -0.200022 -0.983901
v 0.580439 -0.190474 -0.983925
v 0.576802 -0.200133 -0.983900
v 0.577463 -0.200222 -0.983900
v 0.578128 -0.200291 -0.983900
v 0.580821 -0.190453 -0.983925
v 0.581611 -0.201415 -0.983897
v 0.582313 -0.201354 -0.983897
v 0.577838 -0.201870 -0.983896
v 0.578598 -0.201929 -0.983895
v 0.579360 -0.201963 -0.983895
v 0.580123 -0.201972 -0.983895
v 0.580885 -0.201955 -0.983895
v 0.581647 -0.201914 -0.983895
v 0.581203 -0.190419 -0.983925
v 0.583012 -0.201271 -0.983897
v 0.581583 -0.190373 -0.983925
v 0.583708 -0.201166 -0.983897
v 0.584401 -0.201039 -0.983897
v 0.582150 -0.190279 -0.983925
v 0.585090 -0.200891 -0.983898
v 0.582712 -0.190159 -0.983925
v 0.585773 -0.200722 -0.983898
v 0.583082 -0.190063 -0.983926
v 0.583450 -0.189955 -0.983926
v 0.589284 -0.199472 -0.983901
v 0.583993 -0.189767 -0.983926
v 0.584527 -0.189556 -0.983927
v 0.589921 -0.199172 -0.983902
v 0.585049 -0.189316 -0.983927
v 0.590548 -0.198852 -0.983903
v 0.585560 -0.189053 -0.983928
v 0.591165 -0.198513 -0.983903
v 0.591771 -0.198154 -0.983904
v 0.586055 -0.188762 -0.983929
v 0.592366 -0.197777 -0.983905
v 0.586536 -0.188449 -0.983929
v 0.592948 -0.197381 -0.983906
v 0.594936 -0.194310 -0.983914
v 0.594454 -0.196872 -0.983907
v 0.595039 -0.196384 -0.983908
v 0.585901 -0.201204 -0.983897
v 0.586635 -0.200997 -0.983897
v 0.587362 -0.200765 -0.983898
v 0.588080 -0.200509 -0.983898
v 0.588790 -0.200230 -0.983899
v 0.589490 -0.199928 -0.983900
v 0.593236 -0.197789 -0.983905
v 0.593853 -0.197341 -0.983906
v 0.595608 -0.195876 -0.983910
v 0.596160 -0.195350 -0.983911
v 0.595407 -0.193837 -0.983915
v 0.587736 -0.187498 -0.983932
v 0.587448 -0.187751 -0.983931
v 0.588151 -0.187101 -0.983933
v 0.595863 -0.193350 -0.983916
v 0.588547 -0.186686 -0.983934
v 0.596304 -0.192848 -0.983917
v 0.588799 -0.186397 -0.983935
v 0.596729 -0.192334 -0.983919
v 0.597137 -0.191806 -0.983920
v 0.589157 -0.185948 -0.983936
v 0.589494 -0.185484 -0.983937
v 0.589805 -0.185001 -0.983938
v 0.590095 -0.184506 -0.983939
v 0.590357 -0.183995 -0.983941
v 0.599184 -0.191678 -0.983920
v 0.599594 -0.191036 -0.983922
v 0.599983 -0.190380 -0.983923
v 0.600350 -0.189712 -0.983925
v 0.600695 -0.189032 -0.983927
v 0.590595 -0.183472 -0.983942
v 0.602207 -0.184997 -0.983937
v 0.602394 -0.184258 -0.983939
v 0.602557 -0.183513 -0.983941
v 0.602694 -0.182764 -0.983943
v 0.602807 -0.182010 -0.983945
v 0.602895 -0.181253 -0.983947
v 0.590613 -0.180936 -0.983948
v 0.591502 -0.178548 -0.983954
v 0.602728 -0.175431 -0.983962
v 0.602598 -0.174680 -0.983964
v 0.602915 -0.176943 -0.983958
v 0.602834 -0.176185 -0.983960
v 0.602442 -0.173934 -0.983965
v 0.588773 -0.171555 -0.983973
v 0.589016 -0.171851 -0.983972
v 0.589249 -0.172155 -0.983971
v 0.598639 -0.166391 -0.983985
v 0.599866 -0.167400 -0.983982
v 0.599470 -0.166749 -0.983984
v 0.600591 -0.168741 -0.983979
v 0.600240 -0.168064 -0.983981
v 0.599053 -0.166111 -0.983986
v 0.598235 -0.165814 -0.983987
v 0.597814 -0.165251 -0.983988
v 0.597375 -0.164701 -0.983989
v 0.596918 -0.164164 -0.983991
v 0.596446 -0.163643 -0.983992
v 0.588389 -0.171128 -0.983974
v 0.595957 -0.163136 -0.983994
v 0.587846 -0.170588 -0.983975
v 0.593119 -0.160723 -0.984000
v 0.587269 -0.170085 -0.983976
v 0.586659 -0.169622 -0.983978
v 0.592540 -0.160322 -0.984001
v 0.591949 -0.159940 -0.984002
v 0.586020 -0.169200 -0.983979
v 0.591346 -0.159575 -0.984003
v 0.585524 -0.168911 -0.983980
v 0.590732 -0.159230 -0.984004
v 0.585185 -0.168733 -0.983980
v 0.590108 -0.158904 -0.984005
v 0.589474 -0.158598 -0.984006
v 0.585818 -0.158414 -0.984006
v 0.588280 -0.157550 -0.984008
v 0.587564 -0.157287 -0.984009
v 0.596311 -0.162784 -0.983994
v 0.595765 -0.162253 -0.983996
v 0.595200 -0.161740 -0.983997
v 0.594620 -0.161246 -0.983999
v 0.594023 -0.160772 -0.984000
v 0.593410 -0.160318 -0.984001
v 0.589684 -0.158145 -0.984007
v 0.588987 -0.157836 -0.984008
v 0.586839 -0.157049 -0.984010
v 0.586108 -0.156835 -0.984010
v 0.584501 -0.168411 -0.983981
v 0.585172 -0.158242 -0.984007
v 0.584522 -0.158091 -0.984007
v 0.581951 -0.168393 -0.983981
v 0.583867 -0.157961 -0.984008
v 0.582878 -0.157806 -0.984008
v 0.569630 -0.183949 -0.983942
v 0.569392 -0.183413 -0.983944
v 0.569179 -0.182866 -0.983945
v 0.569053 -0.182496 -0.983946
v 0.568890 -0.181933 -0.983947
v 0.568648 -0.180786 -0.983950
v 0.568569 -0.180205 -0.983952
v 0.575484 -0.168427 -0.983982
v 0.576018 -0.168216 -0.983982
v 0.576561 -0.168029 -0.983983
v 0.576928 -0.167920 -0.983983
v 0.577299 -0.167824 -0.983983
v 0.577861 -0.167705 -0.983983
v 0.578428 -0.167610 -0.983983
v 0.578808 -0.167564 -0.983984
v 0.579189 -0.167530 -0.983984
v 0.589578 -0.172626 -0.983970
v 0.589885 -0.173110 -0.983968
v 0.590165 -0.173612 -0.983967
v 0.590423 -0.174124 -0.983966
v 0.590580 -0.174474 -0.983965
v 0.590724 -0.174828 -0.983964
v 0.590918 -0.175369 -0.983963
v 0.591087 -0.175917 -0.983961
v 0.591183 -0.176288 -0.983960
v 0.591303 -0.176849 -0.983959
v 0.591420 -0.177605 -0.983957
v 0.587000 -0.188110 -0.983930
v 0.578059 -0.189590 -0.983927
v 0.574299 -0.188966 -0.983929
v 0.573318 -0.188329 -0.983931
v 0.572813 -0.187949 -0.983919
v 0.571353 -0.188000 -0.983932
v 0.570836 -0.187477 -0.983933
v 0.570354 -0.186922 -0.983935
v 0.569718 -0.186078 -0.983937
v 0.582174 -0.156152 -0.997207
v 0.581414 -0.156092 -0.997207
v 0.580652 -0.156059 -0.997207
v 0.579889 -0.156049 -0.997207
v 0.579127 -0.156066 -0.997207
v 0.578365 -0.156108 -0.997207
v 0.582084 -0.156645 -0.997205
v 0.581348 -0.156589 -0.997206
v 0.580612 -0.156557 -0.997206
v 0.579506 -0.156557 -0.997206
v 0.578401 -0.156606 -0.997206
v 0.581883 -0.157696 -0.985422
v 0.581884 -0.157732 -0.997674
v 0.581884 -0.157736 -0.999088
v 0.582084 -0.156649 -0.998619
v 0.582061 -0.156771 -0.998928
v 0.582079 -0.156672 -0.998743
v 0.582547 -0.157765 -0.985422
v 0.583209 -0.157855 -0.985422
v 0.583867 -0.157965 -0.985421
v 0.584522 -0.158096 -0.985421
v 0.585172 -0.158247 -0.985421
v 0.585818 -0.158417 -0.985420
v 0.585819 -0.158457 -0.999085
v 0.585819 -0.158453 -0.997672
v 0.586018 -0.157366 -0.997203
v 0.585957 -0.157704 -0.999064
v 0.586018 -0.157371 -0.998636
v 0.586001 -0.157464 -0.998873
v 0.586109 -0.156873 -0.997205
v 0.586497 -0.158660 -0.999085
v 0.587168 -0.158886 -0.999084
v 0.587831 -0.159134 -0.999084
v 0.587452 -0.158950 -0.985419
v 0.586780 -0.158714 -0.985419
v 0.586781 -0.158749 -0.997671
v 0.588116 -0.159209 -0.985418
v 0.588485 -0.159403 -0.999083
v 0.588771 -0.159490 -0.985417
v 0.589130 -0.159694 -0.999082
v 0.589416 -0.159792 -0.985416
v 0.589766 -0.160006 -0.999081
v 0.590051 -0.160116 -0.985415
v 0.590390 -0.160339 -0.999080
v 0.590674 -0.160460 -0.985415
v 0.591003 -0.160692 -0.999079
v 0.591286 -0.160825 -0.985413
v 0.591605 -0.161065 -0.999078
v 0.591885 -0.161211 -0.985412
v 0.592193 -0.161459 -0.999077
v 0.592471 -0.161616 -0.985411
v 0.592768 -0.161871 -0.999076
v 0.593044 -0.162040 -0.985410
v 0.593329 -0.162302 -0.999075
v 0.593602 -0.162483 -0.985409
v 0.593876 -0.162751 -0.999074
v 0.594144 -0.162945 -0.985408
v 0.594407 -0.163218 -0.999073
v 0.594671 -0.163424 -0.985407
v 0.594923 -0.163703 -0.999071
v 0.595182 -0.163921 -0.985405
v 0.595422 -0.164204 -0.999070
v 0.595676 -0.164434 -0.985404
v 0.595905 -0.164722 -0.999069
v 0.596153 -0.164963 -0.985403
v 0.596370 -0.165255 -0.999067
v 0.596611 -0.165508 -0.985401
v 0.596817 -0.165803 -0.999066
v 0.597051 -0.166068 -0.985400
v 0.597246 -0.166365 -0.999064
v 0.597473 -0.166642 -0.985398
v 0.597656 -0.166942 -0.999063
v 0.597875 -0.167230 -0.985397
v 0.598046 -0.167532 -0.999061
v 0.598257 -0.167831 -0.985395
v 0.598417 -0.168134 -0.999060
v 0.598619 -0.168444 -0.985393
v 0.598768 -0.168749 -0.999058
v 0.598960 -0.169069 -0.985392
v 0.598961 -0.169104 -0.997649
v 0.598962 -0.169106 -0.997679
v 0.599098 -0.169374 -0.999057
v 0.598966 -0.169113 -0.997734
v 0.598975 -0.169130 -0.997800
v 0.598980 -0.169141 -0.997830
v 0.598984 -0.169148 -0.997846
v 0.598993 -0.169165 -0.997879
v 0.599008 -0.169195 -0.997927
v 0.599020 -0.169219 -0.997957
v 0.599026 -0.169229 -0.997969
v 0.599035 -0.169246 -0.997987
v 0.599047 -0.169270 -0.998008
v 0.599068 -0.169312 -0.998039
v 0.599091 -0.169357 -0.998066
v 0.599103 -0.169381 -0.998078
v 0.599128 -0.169430 -0.998095
v 0.599147 -0.169468 -0.998105
v 0.599166 -0.169507 -0.998111
v 0.599193 -0.169560 -0.998114
v 0.599201 -0.169576 -0.998113
v 0.599227 -0.169630 -0.998106
v 0.599254 -0.169686 -0.998093
v 0.599276 -0.169729 -0.998076
v 0.599296 -0.169772 -0.998054
v 0.599326 -0.169834 -0.998011
v 0.599343 -0.169870 -0.997979
v 0.599348 -0.169881 -0.997967
v 0.599359 -0.169904 -0.997940
v 0.599374 -0.169936 -0.997894
v 0.599385 -0.169959 -0.997852
v 0.599389 -0.169967 -0.997833
v 0.599395 -0.169979 -0.997801
v 0.599402 -0.169994 -0.997750
v 0.599405 -0.170001 -0.997712
v 0.599407 -0.170005 -0.997665
v 0.586778 -0.158748 -0.997724
v 0.586771 -0.158746 -0.997763
v 0.586760 -0.158742 -0.997810
v 0.586751 -0.158739 -0.997835
v 0.586744 -0.158737 -0.997852
v 0.586737 -0.158735 -0.997868
v 0.586707 -0.158725 -0.997922
v 0.586684 -0.158717 -0.997956
v 0.586646 -0.158705 -0.997998
v 0.586607 -0.158693 -0.998034
v 0.586581 -0.158684 -0.998054
v 0.586559 -0.158677 -0.998069
v 0.586549 -0.158674 -0.998075
v 0.586538 -0.158671 -0.998081
v 0.586503 -0.158659 -0.998098
v 0.586454 -0.158644 -0.998118
v 0.586410 -0.158630 -0.998130
v 0.586364 -0.158616 -0.998138
v 0.586315 -0.158601 -0.998142
v 0.586273 -0.158588 -0.998142
v 0.586233 -0.158576 -0.998138
v 0.586166 -0.158556 -0.998123
v 0.586111 -0.158539 -0.998104
v 0.586054 -0.158522 -0.998076
v 0.586017 -0.158511 -0.998052
v 0.585975 -0.158499 -0.998019
v 0.585938 -0.158488 -0.997981
v 0.585905 -0.158478 -0.997940
v 0.585895 -0.158475 -0.997925
v 0.585878 -0.158470 -0.997897
v 0.585854 -0.158463 -0.997847
v 0.585847 -0.158461 -0.997831
v 0.585840 -0.158459 -0.997807
v 0.585825 -0.158455 -0.997748
v 0.585821 -0.158454 -0.997710
v 0.600011 -0.169795 -0.999055
v 0.596645 -0.164813 -0.999068
v 0.592066 -0.160690 -0.999079
v 0.586049 -0.157625 -0.999015
v 0.586112 -0.157402 -0.998672
v 0.586792 -0.157601 -0.998635
v 0.587493 -0.157836 -0.998735
v 0.588923 -0.158394 -0.998627
v 0.589542 -0.158671 -0.998613
v 0.589680 -0.158751 -0.998700
v 0.590218 -0.159001 -0.998613
v 0.590365 -0.159089 -0.998694
v 0.590882 -0.159353 -0.998612
v 0.591037 -0.159452 -0.998691
v 0.592800 -0.160540 -0.998608
v 0.592974 -0.160672 -0.998682
v 0.593411 -0.160978 -0.998607
v 0.593591 -0.161123 -0.998679
v 0.594008 -0.161435 -0.998606
v 0.594187 -0.161600 -0.998707
v 0.594589 -0.161913 -0.998605
v 0.595153 -0.162410 -0.998603
v 0.595798 -0.163025 -0.998635
v 0.596231 -0.163458 -0.998601
v 0.596428 -0.163672 -0.998656
v 0.596743 -0.164008 -0.998599
v 0.596938 -0.164240 -0.998673
v 0.597237 -0.164575 -0.998598
v 0.597711 -0.165159 -0.998596
v 0.598165 -0.165758 -0.998595
v 0.598359 -0.166035 -0.998645
v 0.598599 -0.166372 -0.998593
v 0.598777 -0.166674 -0.998704
v 0.599012 -0.167000 -0.998591
v 0.599404 -0.167641 -0.998590
v 0.599774 -0.168295 -0.998588
v 0.600082 -0.168884 -0.998599
v 0.600448 -0.169638 -0.998647
v 0.600266 -0.169335 -0.998755
v 0.600177 -0.169378 -0.998901
v 0.596232 -0.163856 -0.999014
v 0.593744 -0.161547 -0.999011
v 0.590951 -0.159605 -0.998975
v 0.597378 -0.165352 -0.999051
v 0.596269 -0.164079 -0.999057
v 0.595671 -0.163350 -0.999040
v 0.590886 -0.159721 -0.999047
v 0.594572 -0.162321 -0.999039
v 0.592511 -0.160675 -0.999025
v 0.588540 -0.158511 -0.999022
v 0.597997 -0.166293 -0.999061
v 0.596590 -0.164545 -0.999068
v 0.594801 -0.162629 -0.999063
v 0.589904 -0.159158 -0.999031
v 0.591835 -0.160333 -0.999059
v 0.593069 -0.161191 -0.999061
v 0.587126 -0.157977 -0.999021
v 0.594712 -0.162682 -0.999074
v 0.593849 -0.161868 -0.999070
v 0.588508 -0.158590 -0.999059
v 0.591241 -0.160046 -0.999074
v 0.590173 -0.159459 -0.999076
v 0.592405 -0.160831 -0.999077
v 0.588996 -0.158881 -0.999075
v 0.587434 -0.158241 -0.999076
v 0.588937 -0.158933 -0.999083
v 0.585937 -0.157816 -0.999087
v 0.591540 -0.159731 -0.998681
v 0.592180 -0.160127 -0.998681
v 0.599198 -0.167311 -0.998644
v 0.594774 -0.162089 -0.998694
v 0.595335 -0.162605 -0.998719
v 0.588982 -0.158441 -0.998741
v 0.599587 -0.167967 -0.998633
v 0.599555 -0.167986 -0.998772
v 0.599925 -0.168653 -0.998755
v 0.597420 -0.164832 -0.998716
v 0.592939 -0.160723 -0.998842
v 0.586467 -0.157547 -0.998800
v 0.593558 -0.161167 -0.998831
v 0.594145 -0.161653 -0.998860
v 0.596393 -0.163705 -0.998805
v 0.597889 -0.165434 -0.998723
v 0.589659 -0.158796 -0.998838
v 0.595863 -0.163157 -0.998806
v 0.596891 -0.164281 -0.998835
v 0.598311 -0.166070 -0.998820
v 0.599135 -0.167350 -0.998841
v 0.588197 -0.158097 -0.998734
v 0.588959 -0.158494 -0.998862
v 0.591330 -0.159707 -0.998866
v 0.595801 -0.163219 -0.998921
v 0.599678 -0.168354 -0.998880
v 0.586446 -0.157620 -0.998917
v 0.592300 -0.160309 -0.998870
v 0.596597 -0.164034 -0.998907
v 0.590333 -0.159150 -0.998861
v 0.595016 -0.162391 -0.998847
v 0.587875 -0.158134 -0.998947
v 0.588922 -0.158580 -0.998967
v 0.589958 -0.159048 -0.998951
v 0.598043 -0.165794 -0.998894
v 0.598724 -0.167383 -0.999058
v 0.592567 -0.160593 -0.998962
v 0.600117 -0.169757 -0.999047
v 0.591597 -0.160001 -0.998983
v 0.598283 -0.166550 -0.999044
v 0.597361 -0.164880 -0.998875
v 0.598698 -0.166727 -0.998888
v 0.593649 -0.161360 -0.998949
v 0.594934 -0.162481 -0.998975
v 0.596761 -0.164395 -0.999000
v 0.597240 -0.164979 -0.999003
v 0.599597 -0.168398 -0.998963
v 0.599110 -0.167807 -0.999033
v 0.599719 -0.168867 -0.999022
v 0.597947 -0.165864 -0.998990
v 0.599031 -0.167414 -0.998965
v 0.598577 -0.166807 -0.999003
v 0.600129 -0.168970 -0.997173
v 0.599788 -0.168317 -0.997174
v 0.599235 -0.167360 -0.997177
v 0.598640 -0.166428 -0.997179
v 0.595958 -0.163174 -0.997188
v 0.595423 -0.162655 -0.997189
v 0.594871 -0.162153 -0.997190
v 0.594011 -0.161438 -0.997192
v 0.593120 -0.160762 -0.997194
v 0.589475 -0.158636 -0.997200
v 0.588801 -0.158337 -0.997201
v 0.587771 -0.157933 -0.997202
v 0.586725 -0.157574 -0.997203
v 0.600592 -0.168779 -0.997173
v 0.600241 -0.168103 -0.997175
v 0.599867 -0.167438 -0.997177
v 0.599471 -0.166786 -0.997178
v 0.599054 -0.166148 -0.997180
v 0.596312 -0.162822 -0.997189
v 0.595766 -0.162291 -0.997190
v 0.595202 -0.161778 -0.997191
v 0.594621 -0.161284 -0.997193
v 0.594024 -0.160810 -0.997194
v 0.593411 -0.160355 -0.997195
v 0.589685 -0.158183 -0.997201
v 0.588988 -0.157874 -0.997202
v 0.588281 -0.157588 -0.997203
v 0.587565 -0.157326 -0.997203
v 0.586841 -0.157087 -0.997204
v 0.579954 -0.156554 -0.998634
v 0.579078 -0.156572 -0.998620
v 0.578327 -0.156615 -0.998619
v 0.577578 -0.156684 -0.998619
v 0.576832 -0.156778 -0.998619
v 0.576089 -0.156896 -0.998619
v 0.575351 -0.157039 -0.998619
v 0.574617 -0.157207 -0.998618
v 0.574239 -0.157300 -0.997204
v 0.573166 -0.157616 -0.997204
v 0.573237 -0.157596 -0.998634
v 0.572107 -0.157980 -0.997203
v 0.571413 -0.158253 -0.997202
v 0.570728 -0.158549 -0.997201
v 0.570373 -0.158717 -0.998615
v 0.569699 -0.159051 -0.998614
v 0.569018 -0.159416 -0.998707
v 0.568385 -0.159784 -0.998612
v 0.567748 -0.160182 -0.998611
v 0.567124 -0.160602 -0.998610
v 0.567063 -0.160640 -0.997196
v 0.566515 -0.161042 -0.998609
v 0.566467 -0.161074 -0.997195
v 0.565886 -0.161527 -0.997194
v 0.565329 -0.161990 -0.997193
v 0.564776 -0.162491 -0.998643
v 0.564768 -0.162489 -0.997192
v 0.564234 -0.162996 -0.997191
v 0.574111 -0.156817 -0.997206
v 0.573377 -0.157025 -0.997205
v 0.572650 -0.157256 -0.997205
v 0.571932 -0.157512 -0.997204
v 0.571222 -0.157791 -0.997203
v 0.570522 -0.158094 -0.997203
v 0.566776 -0.160232 -0.997197
v 0.566159 -0.160681 -0.997196
v 0.565558 -0.161149 -0.997195
v 0.564972 -0.161638 -0.997194
v 0.564404 -0.162145 -0.997193
v 0.563852 -0.162671 -0.997191
v 0.565076 -0.163717 -0.999074
v 0.565075 -0.163713 -0.997660
v 0.564582 -0.163298 -0.999072
v 0.564492 -0.163221 -0.999052
v 0.564389 -0.163132 -0.998990
v 0.564252 -0.163011 -0.998764
v 0.565075 -0.163677 -0.985408
v 0.565591 -0.163232 -0.999075
v 0.566122 -0.162764 -0.999076
v 0.565765 -0.163071 -0.997890
v 0.566668 -0.162315 -0.999077
v 0.566353 -0.162530 -0.985411
v 0.565812 -0.162993 -0.985410
v 0.565813 -0.163028 -0.997662
v 0.566910 -0.162085 -0.985412
v 0.567229 -0.161883 -0.999078
v 0.567480 -0.161659 -0.985413
v 0.567803 -0.161470 -0.999079
v 0.568065 -0.161251 -0.985414
v 0.568392 -0.161076 -0.999080
v 0.568663 -0.160864 -0.985415
v 0.568992 -0.160702 -0.999081
v 0.569274 -0.160497 -0.985416
v 0.569605 -0.160349 -0.999082
v 0.569896 -0.160150 -0.985417
v 0.570229 -0.160015 -0.999083
v 0.570530 -0.159824 -0.985418
v 0.570864 -0.159703 -0.999083
v 0.571174 -0.159519 -0.985418
v 0.571509 -0.159411 -0.999084
v 0.571828 -0.159237 -0.985419
v 0.572164 -0.159141 -0.999085
v 0.572491 -0.158975 -0.985420
v 0.572826 -0.158893 -0.999085
v 0.573162 -0.158737 -0.985420
v 0.573497 -0.158666 -0.999086
v 0.573841 -0.158520 -0.985421
v 0.574175 -0.158463 -0.999086
v 0.574526 -0.158326 -0.985421
v 0.574859 -0.158281 -0.999087
v 0.575218 -0.158156 -0.985422
v 0.575549 -0.158122 -0.999087
v 0.575915 -0.158008 -0.985422
v 0.576243 -0.157986 -0.999087
v 0.576617 -0.157884 -0.985422
v 0.576942 -0.157874 -0.999088
v 0.577322 -0.157783 -0.985422
v 0.577644 -0.157784 -0.999088
v 0.578031 -0.157705 -0.985422
v 0.578349 -0.157717 -0.999088
v 0.578741 -0.157651 -0.985423
v 0.579056 -0.157675 -0.999088
v 0.579453 -0.157621 -0.985423
v 0.579763 -0.157655 -0.999088
v 0.580166 -0.157614 -0.985423
v 0.580471 -0.157658 -0.999088
v 0.580878 -0.157632 -0.985422
v 0.580879 -0.157667 -0.997674
v 0.580880 -0.157667 -0.997685
v 0.580883 -0.157667 -0.997722
v 0.580890 -0.157668 -0.997771
v 0.580897 -0.157668 -0.997796
v 0.580916 -0.157669 -0.997849
v 0.581178 -0.157686 -0.999088
v 0.580935 -0.157670 -0.997890
v 0.580971 -0.157672 -0.997944
v 0.580992 -0.157673 -0.997970
v 0.581030 -0.157675 -0.998009
v 0.581054 -0.157676 -0.998031
v 0.581091 -0.157678 -0.998056
v 0.581161 -0.157682 -0.998097
v 0.581200 -0.157684 -0.998113
v 0.581226 -0.157686 -0.998122
v 0.581283 -0.157689 -0.998135
v 0.581331 -0.157692 -0.998142
v 0.581377 -0.157695 -0.998145
v 0.581395 -0.157696 -0.998145
v 0.581419 -0.157697 -0.998144
v 0.581493 -0.157702 -0.998133
v 0.581548 -0.157706 -0.998119
v 0.581580 -0.157708 -0.998107
v 0.581615 -0.157711 -0.998092
v 0.581665 -0.157715 -0.998064
v 0.581703 -0.157718 -0.998037
v 0.581736 -0.157720 -0.998009
v 0.581758 -0.157722 -0.997987
v 0.581789 -0.157724 -0.997949
v 0.581829 -0.157727 -0.997888
v 0.581845 -0.157729 -0.997857
v 0.581855 -0.157730 -0.997833
v 0.581862 -0.157730 -0.997813
v 0.581872 -0.157731 -0.997775
v 0.581882 -0.157732 -0.997717
v 0.565812 -0.163030 -0.997700
v 0.565808 -0.163033 -0.997738
v 0.565803 -0.163038 -0.997770
v 0.565798 -0.163042 -0.997795
v 0.565791 -0.163048 -0.997820
v 0.565788 -0.163051 -0.997831
v 0.565782 -0.163056 -0.997848
v 0.565747 -0.163087 -0.997927
v 0.565720 -0.163112 -0.997971
v 0.565696 -0.163133 -0.998003
v 0.565690 -0.163140 -0.998010
v 0.565674 -0.163154 -0.998027
v 0.565653 -0.163173 -0.998047
v 0.565611 -0.163211 -0.998079
v 0.565582 -0.163237 -0.998096
v 0.565551 -0.163266 -0.998110
v 0.565538 -0.163278 -0.998115
v 0.565498 -0.163315 -0.998125
v 0.565445 -0.163363 -0.998132
v 0.565413 -0.163393 -0.998130
v 0.565387 -0.163417 -0.998127
v 0.565362 -0.163441 -0.998121
v 0.565305 -0.163494 -0.998098
v 0.565263 -0.163534 -0.998072
v 0.565230 -0.163566 -0.998046
v 0.565206 -0.163588 -0.998022
v 0.565194 -0.163599 -0.998009
v 0.565170 -0.163622 -0.997978
v 0.565146 -0.163645 -0.997939
v 0.565125 -0.163665 -0.997899
v 0.565109 -0.163681 -0.997856
v 0.565100 -0.163690 -0.997830
v 0.565087 -0.163702 -0.997777
v 0.565081 -0.163708 -0.997739
v 0.565078 -0.163711 -0.997706
v 0.565076 -0.163713 -0.997671
v 0.579309 -0.157093 -0.999089
v 0.566864 -0.161399 -0.999078
v 0.565520 -0.162196 -0.999026
v 0.565446 -0.162109 -0.998953
v 0.564842 -0.162575 -0.998893
v 0.565385 -0.162037 -0.998839
v 0.565350 -0.161994 -0.998698
v 0.565920 -0.161503 -0.998612
v 0.565930 -0.161514 -0.998714
v 0.565979 -0.161572 -0.998868
v 0.566067 -0.161680 -0.999001
v 0.565880 -0.162042 -0.999065
v 0.582028 -0.156951 -0.999052
v 0.581602 -0.156639 -0.998769
v 0.581469 -0.156602 -0.998635
v 0.580712 -0.156565 -0.998632
v 0.578550 -0.156601 -0.998640
v 0.576651 -0.156808 -0.998627
v 0.575522 -0.157004 -0.998627
v 0.573963 -0.157379 -0.998622
v 0.572518 -0.157836 -0.998633
v 0.571105 -0.158387 -0.998626
v 0.567787 -0.160162 -0.998661
v 0.566530 -0.161031 -0.998625
v 0.566559 -0.161070 -0.998796
v 0.566639 -0.161177 -0.998969
v 0.566703 -0.161263 -0.999033
v 0.567230 -0.161030 -0.999070
v 0.571807 -0.158099 -0.998627
v 0.577789 -0.156665 -0.998654
v 0.569108 -0.159397 -0.998747
v 0.574041 -0.157377 -0.998735
v 0.569783 -0.159042 -0.998762
v 0.571160 -0.158382 -0.998731
v 0.570459 -0.158687 -0.998691
v 0.572225 -0.157963 -0.998738
v 0.574777 -0.157174 -0.998670
v 0.579314 -0.156574 -0.998695
v 0.577032 -0.156772 -0.998741
v 0.570480 -0.158732 -0.998827
v 0.575525 -0.157017 -0.998716
v 0.580840 -0.156597 -0.998768
v 0.576277 -0.156883 -0.998736
v 0.578552 -0.156630 -0.998761
v 0.574784 -0.157203 -0.998790
v 0.567157 -0.160596 -0.998693
v 0.580077 -0.156592 -0.998786
v 0.571180 -0.158431 -0.998848
v 0.572603 -0.157887 -0.998864
v 0.579316 -0.156649 -0.998878
v 0.567806 -0.160193 -0.998790
v 0.575909 -0.156994 -0.998841
v 0.568467 -0.159812 -0.998839
v 0.577794 -0.156722 -0.998833
v 0.571886 -0.158145 -0.998848
v 0.567221 -0.160690 -0.998916
v 0.568836 -0.159689 -0.998938
v 0.569821 -0.159116 -0.998909
v 0.573316 -0.157615 -0.998795
v 0.574067 -0.157471 -0.998910
v 0.577041 -0.156839 -0.998886
v 0.581218 -0.156686 -0.998896
v 0.574803 -0.157281 -0.998912
v 0.575920 -0.157053 -0.998923
v 0.579319 -0.156740 -0.998977
v 0.580077 -0.156692 -0.998943
v 0.567856 -0.160270 -0.998925
v 0.577427 -0.156865 -0.998962
v 0.578559 -0.156740 -0.998942
v 0.570529 -0.158836 -0.998969
v 0.569545 -0.159407 -0.999013
v 0.572639 -0.157992 -0.998982
v 0.571586 -0.158418 -0.998996
v 0.573362 -0.157765 -0.998991
v 0.574461 -0.157477 -0.999006
v 0.576684 -0.157028 -0.999009
v 0.580835 -0.156751 -0.998980
v 0.568563 -0.159973 -0.999020
v 0.573042 -0.158003 -0.999056
v 0.578569 -0.156894 -0.999044
v 0.580077 -0.156781 -0.999012
v 0.567674 -0.160598 -0.999039
v 0.575564 -0.157211 -0.999001
v 0.577629 -0.156965 -0.999038
v 0.571633 -0.158596 -0.999073
v 0.580830 -0.156886 -0.999054
v 0.570577 -0.158939 -0.999037
v 0.579699 -0.156870 -0.999053
v 0.569695 -0.159490 -0.999069
v 0.575961 -0.157275 -0.999065
v 0.582010 -0.157054 -0.999089
v 0.573339 -0.158006 -0.999079
v 0.577459 -0.157135 -0.999084
v 0.574517 -0.157646 -0.999088
v 0.578952 -0.156996 -0.999082
v 0.568483 -0.160204 -0.999072
v 0.569859 -0.159513 -0.999083
v 0.572610 -0.158355 -0.999086
v 0.562482 -0.166722 -0.985401
v 0.562874 -0.166181 -0.985402
v 0.563282 -0.165653 -0.985403
v 0.563707 -0.165139 -0.985404
v 0.564148 -0.164638 -0.985406
v 0.564604 -0.164150 -0.985407
v 0.562483 -0.166756 -0.997652
v 0.561642 -0.166040 -0.997183
v 0.562483 -0.166761 -0.999066
v 0.561732 -0.166121 -0.998899
v 0.561663 -0.166062 -0.998733
v 0.561642 -0.166044 -0.998609
v 0.561259 -0.165715 -0.997184
v 0.560828 -0.166343 -0.997182
v 0.560417 -0.166986 -0.997181
v 0.560029 -0.167641 -0.997179
v 0.559662 -0.168309 -0.997177
v 0.559317 -0.168989 -0.997176
v 0.561226 -0.166648 -0.997181
v 0.560642 -0.167587 -0.997179
v 0.560100 -0.168550 -0.997177
v 0.559767 -0.169207 -0.997175
v 0.557823 -0.175279 -0.997160
v 0.558012 -0.174280 -0.997162
v 0.558173 -0.173589 -0.997164
v 0.558287 -0.173155 -0.997165
v 0.558393 -0.172784 -0.998580
v 0.558614 -0.172065 -0.998581
v 0.558859 -0.171355 -0.998583
v 0.559128 -0.170653 -0.998585
v 0.559420 -0.169960 -0.998587
v 0.559735 -0.169278 -0.998588
v 0.560072 -0.168606 -0.998590
v 0.560432 -0.167947 -0.998592
v 0.560849 -0.167243 -0.998605
v 0.561258 -0.166605 -0.998606
v 0.557662 -0.176367 -0.997157
v 0.557615 -0.176817 -0.997156
v 0.557580 -0.177211 -0.998568
v 0.557531 -0.177962 -0.998632
v 0.557508 -0.178712 -0.998661
v 0.557537 -0.180215 -0.998657
v 0.557589 -0.180964 -0.998559
v 0.557595 -0.181034 -0.997145
v 0.557674 -0.181765 -0.998576
v 0.557724 -0.182132 -0.997142
v 0.557909 -0.183262 -0.998578
v 0.557975 -0.183583 -0.997138
v 0.558223 -0.184660 -0.997136
v 0.557752 -0.175734 -0.998711
v 0.557117 -0.176768 -0.997156
v 0.557188 -0.176137 -0.997157
v 0.557277 -0.175509 -0.997159
v 0.557383 -0.174883 -0.997161
v 0.557506 -0.174259 -0.997162
v 0.557647 -0.173640 -0.997164
v 0.557805 -0.173024 -0.997165
v 0.557097 -0.181079 -0.997145
v 0.557178 -0.181836 -0.997143
v 0.557283 -0.182591 -0.997141
v 0.557414 -0.183342 -0.997139
v 0.557569 -0.184088 -0.997137
v 0.557750 -0.184828 -0.997135
v 0.559263 -0.184295 -0.999021
v 0.559263 -0.184291 -0.997608
v 0.558621 -0.184524 -0.999021
v 0.558252 -0.184654 -0.998708
v 0.558224 -0.184663 -0.998573
v 0.559262 -0.184256 -0.985356
v 0.558956 -0.175137 -0.985379
v 0.558843 -0.175810 -0.985377
v 0.558957 -0.175176 -0.999045
v 0.558841 -0.175874 -0.999043
v 0.558752 -0.176486 -0.985376
v 0.558748 -0.176575 -0.999041
v 0.558683 -0.177165 -0.985374
v 0.558678 -0.177279 -0.999039
v 0.558636 -0.177846 -0.985372
v 0.558631 -0.177985 -0.999037
v 0.558610 -0.178528 -0.985371
v 0.558608 -0.178692 -0.999036
v 0.558606 -0.179210 -0.985369
v 0.558609 -0.179399 -0.999034
v 0.558623 -0.179892 -0.985367
v 0.558633 -0.180105 -0.999032
v 0.558663 -0.180573 -0.985365
v 0.558680 -0.180811 -0.999030
v 0.558724 -0.181253 -0.985364
v 0.558750 -0.181515 -0.999028
v 0.558807 -0.181930 -0.985362
v 0.558844 -0.182216 -0.999027
v 0.558912 -0.182605 -0.985360
v 0.558961 -0.182914 -0.999025
v 0.559038 -0.183275 -0.985358
v 0.559039 -0.183310 -0.997616
v 0.559039 -0.183311 -0.997633
v 0.559040 -0.183317 -0.997682
v 0.559044 -0.183335 -0.997756
v 0.559046 -0.183347 -0.997785
v 0.559049 -0.183364 -0.997822
v 0.559101 -0.183607 -0.999023
v 0.559054 -0.183384 -0.997856
v 0.559056 -0.183396 -0.997873
v 0.559060 -0.183416 -0.997899
v 0.559068 -0.183454 -0.997941
v 0.559078 -0.183499 -0.997979
v 0.559084 -0.183530 -0.998001
v 0.559092 -0.183564 -0.998020
v 0.559104 -0.183618 -0.998045
v 0.559113 -0.183660 -0.998060
v 0.559119 -0.183686 -0.998066
v 0.559127 -0.183724 -0.998073
v 0.559139 -0.183775 -0.998079
v 0.559152 -0.183833 -0.998079
v 0.559166 -0.183892 -0.998072
v 0.559178 -0.183944 -0.998060
v 0.559190 -0.183994 -0.998042
v 0.559203 -0.184048 -0.998016
v 0.559208 -0.184071 -0.998003
v 0.559218 -0.184109 -0.997975
v 0.559229 -0.184156 -0.997935
v 0.559241 -0.184203 -0.997878
v 0.559246 -0.184222 -0.997851
v 0.559252 -0.184247 -0.997802
v 0.559257 -0.184269 -0.997749
v 0.559261 -0.184281 -0.997701
v 0.559262 -0.184288 -0.997659
v 0.559263 -0.184291 -0.997619
v 0.561925 -0.167594 -0.997650
v 0.561924 -0.167558 -0.985398
v 0.561709 -0.167945 -0.999063
v 0.561568 -0.168141 -0.985397
v 0.561352 -0.168555 -0.999061
v 0.561230 -0.168734 -0.985395
v 0.561016 -0.169178 -0.999060
v 0.560912 -0.169338 -0.985394
v 0.560700 -0.169811 -0.999058
v 0.560613 -0.169951 -0.985392
v 0.560405 -0.170453 -0.999057
v 0.560334 -0.170574 -0.985391
v 0.560132 -0.171106 -0.999055
v 0.560075 -0.171205 -0.985389
v 0.559880 -0.171767 -0.999053
v 0.559837 -0.171845 -0.985388
v 0.559650 -0.172436 -0.999052
v 0.559619 -0.172491 -0.985386
v 0.559443 -0.173112 -0.999050
v 0.559421 -0.173145 -0.985384
v 0.559258 -0.173795 -0.999048
v 0.559245 -0.173804 -0.985383
v 0.559096 -0.174483 -0.999046
v 0.559090 -0.174468 -0.985381
v 0.562087 -0.167346 -0.999064
v 0.562273 -0.167063 -0.998106
v 0.562483 -0.166757 -0.997663
v 0.562483 -0.166757 -0.997675
v 0.562480 -0.166761 -0.997711
v 0.562475 -0.166768 -0.997760
v 0.562473 -0.166772 -0.997777
v 0.562469 -0.166777 -0.997797
v 0.562455 -0.166797 -0.997852
v 0.562445 -0.166812 -0.997886
v 0.562442 -0.166817 -0.997896
v 0.562438 -0.166822 -0.997906
v 0.562429 -0.166835 -0.997927
v 0.562408 -0.166865 -0.997969
v 0.562390 -0.166891 -0.997999
v 0.562361 -0.166934 -0.998037
v 0.562337 -0.166969 -0.998063
v 0.562311 -0.167007 -0.998083
v 0.562283 -0.167048 -0.998101
v 0.562258 -0.167085 -0.998112
v 0.562226 -0.167133 -0.998120
v 0.562201 -0.167170 -0.998122
v 0.562167 -0.167221 -0.998119
v 0.562146 -0.167253 -0.998113
v 0.562136 -0.167268 -0.998110
v 0.562105 -0.167315 -0.998093
v 0.562075 -0.167361 -0.998072
v 0.562062 -0.167380 -0.998060
v 0.562029 -0.167432 -0.998021
v 0.562005 -0.167469 -0.997985
v 0.561990 -0.167492 -0.997957
v 0.561980 -0.167508 -0.997935
v 0.561964 -0.167532 -0.997895
v 0.561949 -0.167556 -0.997845
v 0.561939 -0.167572 -0.997801
v 0.561930 -0.167585 -0.997742
v 0.561926 -0.167592 -0.997694
v 0.561925 -0.167594 -0.997661
v 0.558642 -0.173897 -0.999048
v 0.558523 -0.184558 -0.998992
v 0.558354 -0.184617 -0.998891
v 0.558117 -0.184065 -0.998729
v 0.558063 -0.184003 -0.998566
v 0.557661 -0.176488 -0.998661
v 0.558407 -0.172750 -0.998637
v 0.558880 -0.171299 -0.998603
v 0.559162 -0.170589 -0.998648
v 0.559457 -0.169885 -0.998628
v 0.559777 -0.169192 -0.998597
v 0.561348 -0.166579 -0.998815
v 0.561771 -0.166155 -0.998961
v 0.561917 -0.166279 -0.999049
v 0.561987 -0.166339 -0.999067
v 0.559969 -0.169703 -0.999044
v 0.559392 -0.171088 -0.999045
v 0.558793 -0.172471 -0.999006
v 0.557667 -0.178775 -0.998906
v 0.557757 -0.179531 -0.998966
v 0.557697 -0.180291 -0.998897
v 0.560289 -0.169207 -0.999057
v 0.557804 -0.177645 -0.998976
v 0.558888 -0.172501 -0.999039
v 0.557979 -0.176526 -0.999010
v 0.557956 -0.182549 -0.998905
v 0.558114 -0.183290 -0.998924
v 0.559359 -0.171398 -0.999053
v 0.558461 -0.173940 -0.999027
v 0.557897 -0.181793 -0.998945
v 0.558152 -0.176122 -0.999039
v 0.558732 -0.173236 -0.999047
v 0.557897 -0.177651 -0.999014
v 0.557829 -0.180662 -0.998972
v 0.558353 -0.174781 -0.999040
v 0.558036 -0.182155 -0.998990
v 0.557848 -0.178777 -0.999008
v 0.557917 -0.180373 -0.999013
v 0.558002 -0.178293 -0.999035
v 0.558024 -0.180398 -0.999029
v 0.559952 -0.168853 -0.998637
v 0.557615 -0.181059 -0.998665
v 0.558117 -0.173858 -0.998625
v 0.558631 -0.172020 -0.998623
v 0.560402 -0.168011 -0.998629
v 0.561102 -0.166873 -0.998701
v 0.557888 -0.174980 -0.998662
v 0.558438 -0.172759 -0.998751
v 0.557711 -0.181815 -0.998719
v 0.559509 -0.169909 -0.998803
v 0.560532 -0.167866 -0.998782
v 0.560933 -0.167218 -0.998806
v 0.558244 -0.173497 -0.998765
v 0.557510 -0.179464 -0.998659
v 0.558073 -0.174239 -0.998764
v 0.557955 -0.174992 -0.998827
v 0.557602 -0.177249 -0.998696
v 0.557718 -0.176495 -0.998800
v 0.558663 -0.172031 -0.998750
v 0.558908 -0.171309 -0.998733
v 0.559223 -0.170614 -0.998828
v 0.558509 -0.172781 -0.998873
v 0.557767 -0.182438 -0.998680
v 0.557993 -0.183313 -0.998792
v 0.557609 -0.178013 -0.998817
v 0.559817 -0.169212 -0.998770
v 0.557722 -0.177260 -0.998898
v 0.557801 -0.181805 -0.998862
v 0.558733 -0.172055 -0.998874
v 0.560167 -0.168535 -0.998781
v 0.561023 -0.167274 -0.998940
v 0.557691 -0.178017 -0.998911
v 0.557992 -0.175384 -0.998936
v 0.558278 -0.173701 -0.998886
v 0.558993 -0.171341 -0.998887
v 0.557721 -0.181050 -0.998865
v 0.559626 -0.169961 -0.998953
v 0.557817 -0.176507 -0.998920
v 0.557649 -0.179533 -0.998884
v 0.558687 -0.172438 -0.998941
v 0.560032 -0.169106 -0.998954
v 0.558344 -0.173913 -0.998975
v 0.560546 -0.168092 -0.998939
v 0.559324 -0.170656 -0.998945
v 0.558094 -0.175401 -0.998996
v 0.558241 -0.183266 -0.998995
v 0.558575 -0.184540 -0.999010
v 0.558113 -0.182050 -0.999015
v 0.559126 -0.171390 -0.998993
v 0.559583 -0.170355 -0.999017
v 0.561037 -0.167724 -0.999055
v 0.560414 -0.168666 -0.999030
v 0.560946 -0.167670 -0.999023
v 0.560604 -0.188020 -0.985346
v 0.560332 -0.187412 -0.985348
v 0.560079 -0.186795 -0.985349
v 0.559845 -0.186169 -0.985351
v 0.559631 -0.185538 -0.985353
v 0.559437 -0.184900 -0.985354
v 0.560605 -0.188056 -0.997598
v 0.559565 -0.188425 -0.997126
v 0.560605 -0.188060 -0.999012
v 0.559968 -0.188287 -0.999005
v 0.559887 -0.188316 -0.998985
v 0.559782 -0.188353 -0.998932
v 0.559627 -0.188407 -0.998761
v 0.559568 -0.188428 -0.998573
v 0.559092 -0.188593 -0.997125
v 0.559421 -0.189281 -0.997124
v 0.559772 -0.189957 -0.997122
v 0.560146 -0.190621 -0.997120
v 0.560541 -0.191272 -0.997118
v 0.560958 -0.191911 -0.997117
v 0.559884 -0.189089 -0.997124
v 0.560231 -0.189755 -0.997122
v 0.560586 -0.190384 -0.997121
v 0.560978 -0.191028 -0.997119
v 0.561373 -0.191631 -0.997117
v 0.561423 -0.191709 -0.998539
v 0.561849 -0.192311 -0.998595
v 0.562304 -0.192910 -0.998606
v 0.562777 -0.193492 -0.998526
v 0.563270 -0.194059 -0.998525
v 0.563782 -0.194610 -0.998523
v 0.564055 -0.194885 -0.997109
v 0.564350 -0.195178 -0.998538
v 0.564590 -0.195405 -0.997108
v 0.565142 -0.195906 -0.997106
v 0.565474 -0.196195 -0.998537
v 0.566002 -0.196621 -0.997104
v 0.566061 -0.196674 -0.998539
v 0.566602 -0.197090 -0.998517
v 0.566893 -0.197298 -0.997102
v 0.567213 -0.197527 -0.998516
v 0.567839 -0.197944 -0.998514
v 0.568479 -0.198340 -0.998513
v 0.569131 -0.198714 -0.998512
v 0.569795 -0.199066 -0.998511
v 0.570471 -0.199396 -0.998511
v 0.570538 -0.199423 -0.997097
v 0.571158 -0.199703 -0.998510
v 0.571854 -0.199987 -0.998509
v 0.571554 -0.199861 -0.997096
v 0.572560 -0.200248 -0.998508
v 0.572587 -0.200253 -0.997095
v 0.573273 -0.200485 -0.998508
v 0.573288 -0.200485 -0.997094
v 0.573995 -0.200693 -0.997093
v 0.563700 -0.195237 -0.997108
v 0.564247 -0.195769 -0.997107
v 0.564811 -0.196281 -0.997105
v 0.565392 -0.196775 -0.997104
v 0.565989 -0.197250 -0.997103
v 0.566601 -0.197704 -0.997101
v 0.570328 -0.199877 -0.997096
v 0.571025 -0.200186 -0.997095
v 0.571732 -0.200472 -0.997094
v 0.572448 -0.200734 -0.997093
v 0.573172 -0.200972 -0.997093
v 0.573904 -0.201186 -0.997092
v 0.574194 -0.199613 -0.998981
v 0.574194 -0.199609 -0.997567
v 0.574080 -0.200237 -0.998979
v 0.573996 -0.200694 -0.998553
v 0.574193 -0.199574 -0.985316
v 0.573516 -0.199410 -0.998981
v 0.572845 -0.199184 -0.998982
v 0.573273 -0.199327 -0.997760
v 0.573284 -0.199331 -0.997782
v 0.572182 -0.198937 -0.998983
v 0.572559 -0.199041 -0.985317
v 0.573231 -0.199278 -0.985316
v 0.573232 -0.199313 -0.997568
v 0.571895 -0.198782 -0.985318
v 0.571528 -0.198667 -0.998984
v 0.571240 -0.198502 -0.985318
v 0.570883 -0.198376 -0.998984
v 0.570595 -0.198199 -0.985319
v 0.570247 -0.198064 -0.998985
v 0.569960 -0.197876 -0.985320
v 0.569623 -0.197731 -0.998986
v 0.569336 -0.197531 -0.985321
v 0.569010 -0.197378 -0.998987
v 0.568725 -0.197166 -0.985322
v 0.568409 -0.197005 -0.998988
v 0.568126 -0.196780 -0.985323
v 0.567820 -0.196612 -0.998989
v 0.567539 -0.196376 -0.985324
v 0.567245 -0.196199 -0.998990
v 0.566967 -0.195951 -0.985325
v 0.566684 -0.195768 -0.998991
v 0.566409 -0.195508 -0.985327
v 0.566137 -0.195319 -0.998993
v 0.565867 -0.195047 -0.985328
v 0.565606 -0.194852 -0.998994
v 0.565340 -0.194567 -0.985329
v 0.565090 -0.194367 -0.998995
v 0.564829 -0.194071 -0.985330
v 0.564591 -0.193866 -0.998996
v 0.564335 -0.193558 -0.985332
v 0.564108 -0.193349 -0.998998
v 0.563858 -0.193028 -0.985333
v 0.563643 -0.192816 -0.998999
v 0.563400 -0.192484 -0.985334
v 0.563196 -0.192267 -0.999001
v 0.562959 -0.191924 -0.985336
v 0.562767 -0.191705 -0.999002
v 0.562538 -0.191349 -0.985337
v 0.562357 -0.191128 -0.999004
v 0.562136 -0.190762 -0.985339
v 0.561967 -0.190538 -0.999005
v 0.561754 -0.190161 -0.985341
v 0.561596 -0.189936 -0.999007
v 0.561392 -0.189547 -0.985342
v 0.561245 -0.189322 -0.999008
v 0.561051 -0.188922 -0.985344
v 0.561052 -0.188957 -0.997595
v 0.561051 -0.188956 -0.997623
v 0.561047 -0.188949 -0.997689
v 0.561045 -0.188945 -0.997709
v 0.560915 -0.188696 -0.999010
v 0.561038 -0.188932 -0.997751
v 0.561025 -0.188907 -0.997814
v 0.561012 -0.188883 -0.997857
v 0.561005 -0.188869 -0.997878
v 0.561002 -0.188863 -0.997887
v 0.560994 -0.188848 -0.997906
v 0.560977 -0.188816 -0.997941
v 0.560954 -0.188770 -0.997980
v 0.560929 -0.188722 -0.998012
v 0.560922 -0.188707 -0.998020
v 0.560897 -0.188659 -0.998041
v 0.560878 -0.188621 -0.998053
v 0.560861 -0.188587 -0.998061
v 0.560827 -0.188518 -0.998067
v 0.560799 -0.188462 -0.998065
v 0.560778 -0.188418 -0.998058
v 0.560755 -0.188372 -0.998045
v 0.560739 -0.188338 -0.998033
v 0.560727 -0.188313 -0.998021
v 0.560710 -0.188277 -0.998001
v 0.560693 -0.188242 -0.997976
v 0.560679 -0.188214 -0.997954
v 0.560671 -0.188196 -0.997937
v 0.560655 -0.188163 -0.997899
v 0.560645 -0.188141 -0.997871
v 0.560640 -0.188131 -0.997856
v 0.560631 -0.188112 -0.997822
v 0.560621 -0.188089 -0.997772
v 0.560611 -0.188069 -0.997709
v 0.560607 -0.188059 -0.997645
v 0.573234 -0.199314 -0.997604
v 0.573240 -0.199316 -0.997653
v 0.573245 -0.199318 -0.997676
v 0.573260 -0.199323 -0.997725
v 0.573312 -0.199340 -0.997829
v 0.573327 -0.199345 -0.997850
v 0.573335 -0.199348 -0.997860
v 0.573348 -0.199352 -0.997875
v 0.573388 -0.199365 -0.997915
v 0.573423 -0.199377 -0.997944
v 0.573462 -0.199390 -0.997970
v 0.573507 -0.199404 -0.997994
v 0.573526 -0.199410 -0.998002
v 0.573587 -0.199429 -0.998022
v 0.573642 -0.199447 -0.998034
v 0.573694 -0.199463 -0.998038
v 0.573736 -0.199476 -0.998038
v 0.573784 -0.199490 -0.998033
v 0.573823 -0.199502 -0.998026
v 0.573892 -0.199523 -0.998003
v 0.573961 -0.199543 -0.997970
v 0.574012 -0.199558 -0.997936
v 0.574045 -0.199567 -0.997908
v 0.574090 -0.199580 -0.997859
v 0.574108 -0.199585 -0.997836
v 0.574136 -0.199593 -0.997791
v 0.574156 -0.199599 -0.997749
v 0.574168 -0.199602 -0.997720
v 0.574175 -0.199604 -0.997698
v 0.574187 -0.199607 -0.997642
v 0.574193 -0.199609 -0.997595
v 0.574194 -0.199609 -0.997578
v 0.562483 -0.192293 -0.998999
v 0.569422 -0.198322 -0.998983
v 0.574026 -0.200527 -0.998873
v 0.573996 -0.200677 -0.998684
v 0.563849 -0.194672 -0.998581
v 0.559891 -0.189097 -0.998577
v 0.559938 -0.189065 -0.998756
v 0.560086 -0.188991 -0.998929
v 0.560193 -0.188938 -0.998986
v 0.559998 -0.188276 -0.999011
v 0.563172 -0.193247 -0.998995
v 0.564865 -0.195001 -0.998992
v 0.567444 -0.197079 -0.998988
v 0.572805 -0.200330 -0.998537
v 0.569306 -0.198808 -0.998538
v 0.568641 -0.198434 -0.998541
v 0.563328 -0.194114 -0.998595
v 0.567988 -0.198036 -0.998549
v 0.562828 -0.193537 -0.998611
v 0.572087 -0.200070 -0.998567
v 0.570678 -0.199482 -0.998583
v 0.567352 -0.197615 -0.998577
v 0.571378 -0.199786 -0.998585
v 0.572816 -0.200300 -0.998674
v 0.566730 -0.197170 -0.998600
v 0.561030 -0.191073 -0.998654
v 0.572104 -0.200026 -0.998716
v 0.569990 -0.199149 -0.998599
v 0.566136 -0.196692 -0.998688
v 0.564410 -0.195191 -0.998683
v 0.561464 -0.191699 -0.998703
v 0.570019 -0.199092 -0.998762
v 0.560614 -0.190424 -0.998582
v 0.560248 -0.189767 -0.998620
v 0.568660 -0.198401 -0.998692
v 0.565546 -0.196209 -0.998693
v 0.571400 -0.199733 -0.998741
v 0.570700 -0.199433 -0.998735
v 0.569325 -0.198774 -0.998692
v 0.564875 -0.195671 -0.998619
v 0.566760 -0.197131 -0.998739
v 0.565019 -0.195655 -0.998814
v 0.563882 -0.194641 -0.998722
v 0.568015 -0.197995 -0.998715
v 0.560480 -0.190069 -0.998763
v 0.562887 -0.193487 -0.998783
v 0.572844 -0.200218 -0.998814
v 0.569360 -0.198710 -0.998810
v 0.567385 -0.197566 -0.998743
v 0.565597 -0.196148 -0.998820
v 0.562180 -0.192592 -0.998797
v 0.561105 -0.191026 -0.998824
v 0.564471 -0.195128 -0.998827
v 0.572133 -0.199950 -0.998829
v 0.566186 -0.196628 -0.998816
v 0.570049 -0.199032 -0.998843
v 0.563389 -0.194059 -0.998782
v 0.561547 -0.191642 -0.998855
v 0.571078 -0.199520 -0.998830
v 0.568702 -0.198331 -0.998819
v 0.567761 -0.197687 -0.998867
v 0.563949 -0.194576 -0.998851
v 0.571108 -0.199451 -0.998893
v 0.566815 -0.197055 -0.998854
v 0.560547 -0.190032 -0.998860
v 0.568450 -0.198014 -0.998927
v 0.565656 -0.196078 -0.998901
v 0.564789 -0.195344 -0.998883
v 0.561208 -0.190961 -0.998928
v 0.569410 -0.198618 -0.998900
v 0.565134 -0.195527 -0.998942
v 0.562751 -0.193108 -0.998916
v 0.560644 -0.189977 -0.998942
v 0.564294 -0.194768 -0.998931
v 0.562080 -0.192195 -0.998936
v 0.572879 -0.200114 -0.998903
v 0.561569 -0.191399 -0.998958
v 0.569143 -0.198322 -0.998961
v 0.574058 -0.200357 -0.998963
v 0.572177 -0.199832 -0.998921
v 0.571161 -0.199328 -0.998956
v 0.570101 -0.198927 -0.998924
v 0.567218 -0.197144 -0.998953
v 0.563517 -0.193944 -0.998935
v 0.565753 -0.195963 -0.998969
v 0.564088 -0.194442 -0.998968
v 0.560751 -0.189917 -0.998991
v 0.566287 -0.196500 -0.998934
v 0.564931 -0.195192 -0.998980
v 0.561961 -0.191815 -0.998987
v 0.572227 -0.199701 -0.998971
v 0.566677 -0.196610 -0.998984
v 0.562969 -0.193172 -0.998974
v 0.570637 -0.199006 -0.998974
v 0.567964 -0.197550 -0.998975
v 0.561095 -0.190368 -0.999002
v 0.578128 -0.200295 -0.985313
v 0.577464 -0.200226 -0.985314
v 0.576802 -0.200136 -0.985314
v 0.576144 -0.200026 -0.985314
v 0.575489 -0.199896 -0.985315
v 0.574838 -0.199745 -0.985315
v 0.578129 -0.200330 -0.997565
v 0.577929 -0.201414 -0.997091
v 0.578129 -0.200334 -0.998979
v 0.577929 -0.201419 -0.998505
v 0.577978 -0.201155 -0.998935
v 0.577980 -0.201413 -0.998579
v 0.577839 -0.201908 -0.997090
v 0.578599 -0.201967 -0.997090
v 0.579361 -0.202001 -0.997090
v 0.580124 -0.202009 -0.997089
v 0.580886 -0.201993 -0.997089
v 0.581648 -0.201951 -0.997090
v 0.579033 -0.201486 -0.997091
v 0.580139 -0.201510 -0.997091
v 0.580876 -0.201494 -0.997091
v 0.581612 -0.201453 -0.997091
v 0.580251 -0.201512 -0.998522
v 0.581008 -0.201489 -0.998530
v 0.581686 -0.201452 -0.998504
v 0.582435 -0.201383 -0.998505
v 0.583181 -0.201289 -0.998505
v 0.583924 -0.201171 -0.998505
v 0.584662 -0.201028 -0.998505
v 0.585396 -0.200860 -0.998506
v 0.585774 -0.200759 -0.997092
v 0.586492 -0.200557 -0.997093
v 0.586958 -0.200414 -0.998518
v 0.587203 -0.200330 -0.997093
v 0.587556 -0.200211 -0.998507
v 0.588260 -0.199948 -0.998508
v 0.588253 -0.199943 -0.997094
v 0.588955 -0.199660 -0.998509
v 0.589285 -0.199510 -0.997095
v 0.589640 -0.199350 -0.998509
v 0.590314 -0.199017 -0.998510
v 0.590977 -0.198662 -0.998511
v 0.591628 -0.198284 -0.998512
v 0.592265 -0.197885 -0.998513
v 0.592889 -0.197465 -0.998514
v 0.592949 -0.197419 -0.997100
v 0.593546 -0.196985 -0.997101
v 0.594093 -0.196564 -0.998516
v 0.594671 -0.196084 -0.998517
v 0.594410 -0.196297 -0.997103
v 0.595234 -0.195585 -0.998518
v 0.595244 -0.195571 -0.997105
v 0.595779 -0.195063 -0.997106
v 0.585902 -0.201242 -0.997091
v 0.586636 -0.201035 -0.997091
v 0.587363 -0.200803 -0.997092
v 0.588081 -0.200547 -0.997093
v 0.588791 -0.200268 -0.997093
v 0.589491 -0.199965 -0.997094
v 0.593237 -0.197828 -0.997099
v 0.593854 -0.197379 -0.997100
v 0.594455 -0.196910 -0.997101
v 0.595040 -0.196422 -0.997103
v 0.595609 -0.195914 -0.997104
v 0.596161 -0.195388 -0.997105
v 0.594938 -0.194353 -0.998993
v 0.594937 -0.194349 -0.997579
v 0.595778 -0.195067 -0.998626
v 0.594936 -0.194314 -0.985327
v 0.594422 -0.194838 -0.998992
v 0.594686 -0.194591 -0.998026
v 0.593891 -0.195306 -0.998991
v 0.594209 -0.195026 -0.997683
v 0.593345 -0.195756 -0.998989
v 0.593658 -0.195462 -0.985325
v 0.594199 -0.194999 -0.985326
v 0.594200 -0.195034 -0.997577
v 0.593101 -0.195907 -0.985324
v 0.592784 -0.196187 -0.998988
v 0.592531 -0.196333 -0.985322
v 0.592210 -0.196600 -0.998987
v 0.591946 -0.196740 -0.985321
v 0.591622 -0.196994 -0.998986
v 0.591348 -0.197128 -0.985321
v 0.591021 -0.197367 -0.998985
v 0.590737 -0.197495 -0.985320
v 0.590408 -0.197722 -0.998985
v 0.590115 -0.197841 -0.985319
v 0.589784 -0.198055 -0.998984
v 0.589481 -0.198167 -0.985318
v 0.589149 -0.198368 -0.998983
v 0.588837 -0.198472 -0.985317
v 0.588504 -0.198659 -0.998982
v 0.588183 -0.198755 -0.985317
v 0.587850 -0.198929 -0.998982
v 0.587520 -0.199016 -0.985316
v 0.587187 -0.199178 -0.998981
v 0.586849 -0.199255 -0.985315
v 0.586516 -0.199404 -0.998981
v 0.586170 -0.199471 -0.985315
v 0.585838 -0.199608 -0.998980
v 0.585484 -0.199665 -0.985314
v 0.585154 -0.199789 -0.998980
v 0.584793 -0.199836 -0.985314
v 0.584464 -0.199948 -0.998979
v 0.584096 -0.199983 -0.985314
v 0.583770 -0.200083 -0.998979
v 0.583394 -0.200108 -0.985313
v 0.583071 -0.200197 -0.998979
v 0.582688 -0.200209 -0.985313
v 0.582369 -0.200286 -0.998979
v 0.581980 -0.200286 -0.985313
v 0.581664 -0.200352 -0.998978
v 0.581269 -0.200340 -0.985313
v 0.580958 -0.200396 -0.998978
v 0.580558 -0.200370 -0.985313
v 0.580250 -0.200415 -0.998978
v 0.579845 -0.200377 -0.985313
v 0.579542 -0.200412 -0.998978
v 0.579132 -0.200360 -0.985313
v 0.579134 -0.200395 -0.997565
v 0.579133 -0.200395 -0.997588
v 0.579125 -0.200395 -0.997650
v 0.578835 -0.200385 -0.998979
v 0.579115 -0.200394 -0.997691
v 0.579093 -0.200394 -0.997748
v 0.579073 -0.200393 -0.997788
v 0.579057 -0.200392 -0.997813
v 0.579020 -0.200391 -0.997863
v 0.579002 -0.200390 -0.997882
v 0.578989 -0.200389 -0.997895
v 0.578951 -0.200388 -0.997927
v 0.578907 -0.200386 -0.997958
v 0.578877 -0.200384 -0.997975
v 0.578823 -0.200381 -0.998000
v 0.578769 -0.200378 -0.998018
v 0.578728 -0.200376 -0.998027
v 0.578651 -0.200371 -0.998035
v 0.578577 -0.200366 -0.998033
v 0.578546 -0.200364 -0.998029
v 0.578507 -0.200361 -0.998021
v 0.578447 -0.200357 -0.998004
v 0.578414 -0.200355 -0.997990
v 0.578363 -0.200351 -0.997964
v 0.578316 -0.200347 -0.997933
v 0.578302 -0.200346 -0.997922
v 0.578289 -0.200345 -0.997910
v 0.578276 -0.200344 -0.997899
v 0.578263 -0.200343 -0.997887
v 0.578237 -0.200340 -0.997857
v 0.578200 -0.200337 -0.997805
v 0.578172 -0.200334 -0.997756
v 0.578154 -0.200333 -0.997713
v 0.578144 -0.200332 -0.997680
v 0.578132 -0.200331 -0.997618
v 0.594200 -0.195033 -0.997597
v 0.594204 -0.195030 -0.997644
v 0.594213 -0.195022 -0.997703
v 0.594225 -0.195012 -0.997745
v 0.594241 -0.194998 -0.997792
v 0.594262 -0.194979 -0.997835
v 0.594285 -0.194959 -0.997876
v 0.594298 -0.194947 -0.997895
v 0.594304 -0.194942 -0.997904
v 0.594314 -0.194933 -0.997915
v 0.594341 -0.194909 -0.997945
v 0.594389 -0.194865 -0.997987
v 0.594419 -0.194838 -0.998006
v 0.594432 -0.194827 -0.998014
v 0.594445 -0.194815 -0.998020
v 0.594486 -0.194777 -0.998036
v 0.594519 -0.194747 -0.998044
v 0.594551 -0.194717 -0.998049
v 0.594564 -0.194705 -0.998049
v 0.594578 -0.194693 -0.998049
v 0.594624 -0.194649 -0.998045
v 0.594648 -0.194627 -0.998040
v 0.594717 -0.194561 -0.998012
v 0.594730 -0.194549 -0.998005
v 0.594742 -0.194538 -0.997997
v 0.594764 -0.194517 -0.997981
v 0.594801 -0.194482 -0.997947
v 0.594834 -0.194450 -0.997909
v 0.594862 -0.194423 -0.997866
v 0.594878 -0.194407 -0.997838
v 0.594892 -0.194393 -0.997807
v 0.594913 -0.194373 -0.997747
v 0.594926 -0.194361 -0.997699
v 0.594929 -0.194358 -0.997681
v 0.594934 -0.194352 -0.997637
v 0.594937 -0.194349 -0.997590
v 0.590258 -0.198513 -0.998980
v 0.592938 -0.196857 -0.998984
v 0.595511 -0.194840 -0.998976
v 0.595613 -0.194927 -0.998908
v 0.595459 -0.195245 -0.998791
v 0.594954 -0.195821 -0.998605
v 0.593490 -0.197029 -0.998519
v 0.592546 -0.197696 -0.998551
v 0.591905 -0.198111 -0.998547
v 0.591250 -0.198505 -0.998540
v 0.589902 -0.199223 -0.998536
v 0.589208 -0.199542 -0.998570
v 0.588505 -0.199841 -0.998576
v 0.587793 -0.200118 -0.998571
v 0.583739 -0.201200 -0.998521
v 0.582605 -0.201363 -0.998533
v 0.578012 -0.200970 -0.998977
v 0.582560 -0.200978 -0.998962
v 0.591144 -0.198323 -0.998896
v 0.583678 -0.200837 -0.998959
v 0.594867 -0.195723 -0.998847
v 0.583997 -0.200648 -0.998976
v 0.585148 -0.200528 -0.998963
v 0.590139 -0.198848 -0.998905
v 0.592117 -0.197737 -0.998891
v 0.587336 -0.199970 -0.998938
v 0.588736 -0.199412 -0.998944
v 0.588005 -0.199611 -0.998971
v 0.594786 -0.195633 -0.998932
v 0.586421 -0.200200 -0.998958
v 0.592064 -0.197656 -0.998944
v 0.593665 -0.196649 -0.998890
v 0.586851 -0.199911 -0.998978
v 0.590760 -0.198410 -0.998951
v 0.593040 -0.197077 -0.998909
v 0.594223 -0.196137 -0.998922
v 0.593280 -0.196766 -0.998959
v 0.589477 -0.198996 -0.998966
v 0.591607 -0.197812 -0.998975
v 0.594149 -0.196047 -0.998971
v 0.595461 -0.194798 -0.998991
v 0.594380 -0.196324 -0.998562
v 0.584864 -0.200981 -0.998549
v 0.586233 -0.200634 -0.998531
v 0.579492 -0.201507 -0.998526
v 0.578735 -0.201477 -0.998526
v 0.590579 -0.198870 -0.998573
v 0.581844 -0.201433 -0.998560
v 0.593777 -0.196792 -0.998628
v 0.587060 -0.200336 -0.998687
v 0.594360 -0.196300 -0.998692
v 0.593165 -0.197250 -0.998625
v 0.589888 -0.199196 -0.998669
v 0.585605 -0.200796 -0.998592
v 0.582601 -0.201333 -0.998665
v 0.586327 -0.200546 -0.998718
v 0.594920 -0.195783 -0.998745
v 0.592521 -0.197659 -0.998710
v 0.593754 -0.196763 -0.998726
v 0.584111 -0.201111 -0.998644
v 0.593119 -0.197186 -0.998784
v 0.591233 -0.198475 -0.998681
v 0.585224 -0.200847 -0.998708
v 0.580317 -0.201474 -0.998681
v 0.579555 -0.201470 -0.998686
v 0.594327 -0.196261 -0.998782
v 0.589189 -0.199501 -0.998715
v 0.581839 -0.201372 -0.998739
v 0.581079 -0.201428 -0.998725
v 0.577941 -0.201383 -0.998711
v 0.583356 -0.201226 -0.998672
v 0.594003 -0.196466 -0.998832
v 0.588487 -0.199797 -0.998720
v 0.587776 -0.200073 -0.998720
v 0.591874 -0.198063 -0.998729
v 0.592152 -0.197790 -0.998838
v 0.590544 -0.198804 -0.998761
v 0.581438 -0.201083 -0.998962
v 0.589852 -0.199123 -0.998804
v 0.588106 -0.199869 -0.998821
v 0.584101 -0.201059 -0.998758
v 0.582968 -0.201205 -0.998797
v 0.578797 -0.201348 -0.998824
v 0.580217 -0.201043 -0.998975
v 0.591193 -0.198407 -0.998811
v 0.585167 -0.200609 -0.998936
v 0.580313 -0.201127 -0.998963
v 0.586667 -0.200355 -0.998836
v 0.589154 -0.199425 -0.998829
v 0.586279 -0.200383 -0.998903
v 0.585568 -0.200651 -0.998850
v 0.580316 -0.201366 -0.998834
v 0.588077 -0.199795 -0.998888
v 0.582953 -0.201086 -0.998898
v 0.587010 -0.200186 -0.998885
v 0.579557 -0.201365 -0.998831
v 0.579181 -0.201252 -0.998910
v 0.584836 -0.200854 -0.998820
v 0.580691 -0.201190 -0.998941
v 0.584078 -0.200936 -0.998883
v 0.581830 -0.201270 -0.998856
v 0.581073 -0.201300 -0.998869
v 0.579561 -0.201160 -0.998954
v 0.580314 -0.201252 -0.998919
v 0.581821 -0.201156 -0.998929
v 0.597137 -0.191810 -0.985334
v 0.596729 -0.192338 -0.985332
v 0.596304 -0.192853 -0.985331
v 0.595863 -0.193354 -0.985330
v 0.595407 -0.193841 -0.985329
v 0.602916 -0.176981 -0.997152
v 0.602835 -0.176223 -0.997154
v 0.602729 -0.175468 -0.997156
v 0.602599 -0.174718 -0.997158
v 0.602443 -0.173971 -0.997160
v 0.602896 -0.181291 -0.997141
v 0.602208 -0.185035 -0.997131
v 0.602395 -0.184296 -0.997133
v 0.602558 -0.183552 -0.997135
v 0.602695 -0.182802 -0.997137
v 0.602808 -0.182048 -0.997139
v 0.600696 -0.189070 -0.997121
v 0.599185 -0.191716 -0.997114
v 0.599595 -0.191074 -0.997116
v 0.599984 -0.190418 -0.997118
v 0.600351 -0.189750 -0.997119
v 0.575518 -0.189563 -0.980967
v 0.575521 -0.189566 -0.981907
v 0.574983 -0.189320 -0.981932
v 0.574875 -0.189264 -0.980996
v 0.574400 -0.189017 -0.981958
v 0.573891 -0.188718 -0.981981
v 0.574160 -0.188876 -0.981028
v 0.573399 -0.188389 -0.982005
v 0.573600 -0.188525 -0.981054
v 0.572744 -0.187887 -0.981095
v 0.572770 -0.187915 -0.982035
v 0.572319 -0.187533 -0.982057
v 0.571752 -0.187001 -0.981146
v 0.571891 -0.187126 -0.982080
v 0.571015 -0.186148 -0.982132
v 0.570855 -0.185939 -0.981202
v 0.570290 -0.185152 -0.982183
v 0.570454 -0.185382 -0.981230
v 0.570153 -0.184911 -0.981254
v 0.569949 -0.184559 -0.981271
v 0.569758 -0.184200 -0.981289
v 0.569623 -0.183927 -0.981302
v 0.569593 -0.183871 -0.982245
v 0.569537 -0.183742 -0.981311
v 0.569311 -0.183203 -0.981336
v 0.569077 -0.182559 -0.981366
v 0.568910 -0.181998 -0.981391
v 0.568647 -0.180826 -0.981443
v 0.568544 -0.179925 -0.981482
v 0.568512 -0.179421 -0.981502
v 0.580034 -0.168400 -0.948320
v 0.579553 -0.167401 -0.948303
v 0.578981 -0.168448 -0.948274
v 0.578757 -0.167466 -0.948271
v 0.577454 -0.167685 -0.948220
v 0.577901 -0.168611 -0.948227
v 0.577384 -0.168730 -0.948205
v 0.577058 -0.167782 -0.948205
v 0.578455 -0.167504 -0.948259
v 0.577752 -0.167620 -0.948232
v 0.578153 -0.167548 -0.948247
v 0.577952 -0.167583 -0.948239
v 0.576515 -0.168994 -0.948168
v 0.576792 -0.168900 -0.948180
v 0.577072 -0.168815 -0.948192
v 0.576667 -0.167893 -0.948189
v 0.575850 -0.168175 -0.948157
v 0.576280 -0.168018 -0.948174
v 0.575286 -0.168410 -0.948135
v 0.575323 -0.169497 -0.948115
v 0.574781 -0.168651 -0.948113
v 0.574494 -0.169957 -0.948074
v 0.573683 -0.169290 -0.948062
v 0.574070 -0.169045 -0.948081
v 0.574422 -0.168842 -0.948097
v 0.574088 -0.170222 -0.948053
v 0.573052 -0.169741 -0.948030
v 0.572963 -0.171105 -0.947987
v 0.572315 -0.170344 -0.947991
v 0.572725 -0.171326 -0.947972
v 0.572053 -0.170585 -0.947975
v 0.571907 -0.170727 -0.947967
v 0.572496 -0.171553 -0.947957
v 0.571693 -0.170945 -0.947954
v 0.572273 -0.171788 -0.947942
v 0.571384 -0.171282 -0.947934
v 0.571987 -0.172113 -0.947922
v 0.570929 -0.171829 -0.947904
v 0.571594 -0.172606 -0.947892
v 0.571239 -0.173111 -0.947864
v 0.570883 -0.173693 -0.947832
v 0.570553 -0.174313 -0.947800
v 0.569780 -0.173625 -0.947813
v 0.570655 -0.172195 -0.947884
v 0.569997 -0.173223 -0.947832
v 0.570480 -0.172445 -0.947871
v 0.570232 -0.172830 -0.947851
v 0.570359 -0.174740 -0.947778
v 0.569412 -0.174399 -0.947777
v 0.569848 -0.176220 -0.947709
v 0.569395 -0.176943 -0.947676
v 0.569695 -0.176899 -0.947680
v 0.569586 -0.177566 -0.947651
v 0.569533 -0.178130 -0.947627
v 0.568510 -0.179320 -0.947574
v 0.569504 -0.178984 -0.947589
v 0.569538 -0.179703 -0.947556
v 0.568571 -0.180118 -0.947541
v 0.569640 -0.180570 -0.947515
v 0.569718 -0.181000 -0.947495
v 0.568911 -0.181926 -0.947462
v 0.569020 -0.182291 -0.947446
v 0.568636 -0.180634 -0.947519
v 0.568835 -0.181631 -0.947475
v 0.568686 -0.180935 -0.947506
v 0.568766 -0.181334 -0.947489
v 0.568724 -0.181135 -0.947497
v 0.570056 -0.182247 -0.947434
v 0.569443 -0.183421 -0.947393
v 0.570661 -0.183676 -0.947361
v 0.569792 -0.184169 -0.947358
v 0.570875 -0.184070 -0.947340
v 0.570231 -0.184943 -0.947320
v 0.571247 -0.184672 -0.947307
v 0.570670 -0.185597 -0.947287
v 0.571007 -0.186043 -0.947264
v 0.571789 -0.185418 -0.947265
v 0.572505 -0.186226 -0.947218
v 0.571677 -0.186807 -0.947223
v 0.573018 -0.188013 -0.947154
v 0.572449 -0.187545 -0.947182
v 0.573386 -0.188284 -0.947136
v 0.573868 -0.187400 -0.947143
v 0.573325 -0.186978 -0.947172
v 0.572913 -0.186624 -0.947194
v 0.574269 -0.187673 -0.947123
v 0.575229 -0.188230 -0.947074
v 0.575891 -0.188534 -0.947042
v 0.574871 -0.189168 -0.947068
v 0.573639 -0.188456 -0.947125
v 0.573982 -0.188675 -0.947109
v 0.574510 -0.188980 -0.947084
v 0.574244 -0.188832 -0.947096
v 0.575509 -0.189466 -0.947039
v 0.578056 -0.189483 -0.946936
v 0.576769 -0.188863 -0.946999
v 0.577451 -0.189060 -0.946967
v 0.578826 -0.189309 -0.946904
v 0.578388 -0.189250 -0.946924
v 0.580436 -0.190367 -0.946831
v 0.579310 -0.189351 -0.946882
v 0.580415 -0.189367 -0.946833
v 0.579795 -0.189373 -0.946860
v 0.580118 -0.189375 -0.946846
v 0.580791 -0.190347 -0.946817
v 0.580954 -0.189329 -0.946809
v 0.581247 -0.190307 -0.946799
v 0.581836 -0.189213 -0.946772
v 0.582452 -0.190111 -0.946752
v 0.582403 -0.189096 -0.946748
v 0.581550 -0.190270 -0.946787
v 0.582102 -0.190180 -0.946766
v 0.583574 -0.188763 -0.946700
v 0.584671 -0.189383 -0.946668
v 0.583405 -0.189873 -0.946717
v 0.584968 -0.188124 -0.946639
v 0.585470 -0.188990 -0.946636
v 0.585935 -0.188727 -0.946616
v 0.586469 -0.188382 -0.946592
v 0.585866 -0.187579 -0.946596
v 0.586647 -0.187005 -0.946555
v 0.587380 -0.187691 -0.946548
v 0.588133 -0.187008 -0.946508
v 0.588553 -0.186566 -0.946484
v 0.588884 -0.186180 -0.946464
v 0.588378 -0.185201 -0.946447
v 0.589396 -0.185505 -0.946432
v 0.589879 -0.184768 -0.946398
v 0.588949 -0.184368 -0.946404
v 0.589408 -0.183540 -0.946365
v 0.590211 -0.184168 -0.946371
v 0.590592 -0.183367 -0.946338
v 0.589756 -0.182765 -0.946330
v 0.590230 -0.181251 -0.946268
v 0.590610 -0.180832 -0.946251
v 0.589996 -0.182089 -0.946302
v 0.587778 -0.185932 -0.946488
v 0.587338 -0.186387 -0.946515
v 0.587016 -0.186690 -0.946534
v 0.577924 -0.189168 -0.946945
v 0.574953 -0.188083 -0.947088
v 0.574681 -0.187929 -0.947102
v 0.570450 -0.183239 -0.947383
v 0.570206 -0.182658 -0.947413
v 0.569892 -0.181706 -0.947461
v 0.573206 -0.170892 -0.948002
v 0.573569 -0.170599 -0.948024
v 0.574772 -0.169792 -0.948088
v 0.575045 -0.169641 -0.948102
v 0.578335 -0.168531 -0.948246
v 0.579419 -0.168416 -0.948293
v 0.581949 -0.168291 -0.948404
v 0.582097 -0.168609 -0.948412
v 0.581137 -0.168460 -0.948369
v 0.581778 -0.168550 -0.948398
v 0.583126 -0.168875 -0.948459
v 0.584029 -0.169202 -0.948500
v 0.583587 -0.169029 -0.948480
v 0.584503 -0.168309 -0.948506
v 0.585702 -0.168918 -0.948558
v 0.586470 -0.169392 -0.948591
v 0.586608 -0.170735 -0.948622
v 0.587027 -0.169793 -0.948615
v 0.587633 -0.170298 -0.948642
v 0.586031 -0.170304 -0.948594
v 0.587336 -0.171383 -0.948660
v 0.588099 -0.170730 -0.948664
v 0.588686 -0.171364 -0.948695
v 0.588592 -0.172858 -0.948737
v 0.589553 -0.172472 -0.948747
v 0.590235 -0.173653 -0.948799
v 0.589502 -0.174405 -0.948812
v 0.590620 -0.174483 -0.948834
v 0.589899 -0.175390 -0.948857
v 0.590947 -0.175378 -0.948871
v 0.590282 -0.176753 -0.948917
v 0.591157 -0.176097 -0.948900
v 0.591302 -0.176768 -0.948926
v 0.591423 -0.177546 -0.948956
v 0.591475 -0.178103 -0.948976
v 0.591495 -0.178458 -0.948989
v 0.590052 -0.175850 -0.948878
v 0.590173 -0.176290 -0.948897
v 0.590498 -0.179146 -0.949015
v 0.590610 -0.180835 -0.949078
v 0.590457 -0.179844 -0.949042
v 0.590145 -0.181603 -0.949109
v 0.590031 -0.181998 -0.949125
v 0.589789 -0.182684 -0.949154
v 0.590592 -0.183389 -0.949167
v 0.589500 -0.183362 -0.949184
v 0.589307 -0.183754 -0.949202
v 0.588727 -0.184726 -0.949249
v 0.588460 -0.185109 -0.949269
v 0.589013 -0.186030 -0.949284
v 0.587642 -0.186088 -0.949324
v 0.588637 -0.186478 -0.949307
v 0.588061 -0.187088 -0.949339
v 0.589070 -0.184177 -0.949222
v 0.588275 -0.185353 -0.949282
v 0.587966 -0.185727 -0.949303
v 0.587345 -0.187736 -0.949377
v 0.586405 -0.187204 -0.949395
v 0.586924 -0.188065 -0.949398
v 0.586280 -0.188519 -0.949428
v 0.585223 -0.189130 -0.949474
v 0.585935 -0.188735 -0.949443
v 0.585583 -0.188939 -0.949459
v 0.584858 -0.189308 -0.949488
v 0.584612 -0.188326 -0.949483
v 0.583610 -0.188744 -0.949526
v 0.582328 -0.190155 -0.949585
v 0.582249 -0.189141 -0.949582
v 0.581556 -0.189265 -0.949611
v 0.581298 -0.190309 -0.949624
v 0.580446 -0.190379 -0.949658
v 0.579594 -0.189374 -0.949697
v 0.578056 -0.189492 -0.949763
v 0.578195 -0.189227 -0.949760
v 0.579109 -0.189345 -0.949718
v 0.578639 -0.189294 -0.949740
v 0.577256 -0.189018 -0.949804
v 0.576937 -0.188926 -0.949819
v 0.576523 -0.188790 -0.949839
v 0.576084 -0.188626 -0.949860
v 0.575489 -0.189473 -0.949867
v 0.574333 -0.188888 -0.949920
v 0.574298 -0.187700 -0.949949
v 0.573767 -0.188547 -0.949946
v 0.573691 -0.187274 -0.949980
v 0.573141 -0.188112 -0.949975
v 0.573206 -0.186890 -0.950005
v 0.572660 -0.187737 -0.949999
v 0.571878 -0.187040 -0.950038
v 0.572646 -0.186377 -0.950037
v 0.572177 -0.185888 -0.950066
v 0.571119 -0.186190 -0.950084
v 0.571730 -0.185350 -0.950097
v 0.570612 -0.185522 -0.950118
v 0.570977 -0.184254 -0.950158
v 0.570527 -0.183413 -0.950202
v 0.570671 -0.183703 -0.950187
v 0.570824 -0.183988 -0.950172
v 0.570185 -0.182605 -0.950244
v 0.569954 -0.181936 -0.950277
v 0.569148 -0.182686 -0.950255
v 0.569824 -0.181462 -0.950300
v 0.568954 -0.182081 -0.950283
v 0.568774 -0.181366 -0.950315
v 0.568610 -0.180428 -0.950356
v 0.568509 -0.179331 -0.950402
v 0.569590 -0.180318 -0.950355
v 0.569505 -0.178776 -0.950426
v 0.569395 -0.176951 -0.950503
v 0.569661 -0.177084 -0.950499
v 0.569854 -0.176207 -0.950537
v 0.570094 -0.175425 -0.950573
v 0.570484 -0.174466 -0.950619
v 0.570255 -0.175000 -0.950593
v 0.570708 -0.174021 -0.950642
v 0.569413 -0.174398 -0.950605
v 0.569977 -0.173277 -0.950657
v 0.570467 -0.172476 -0.950697
v 0.571382 -0.172908 -0.950703
v 0.572394 -0.171667 -0.950778
v 0.571123 -0.171602 -0.950744
v 0.571693 -0.170953 -0.950781
v 0.573333 -0.170795 -0.950837
v 0.573327 -0.169543 -0.950872
v 0.574439 -0.168829 -0.950926
v 0.575473 -0.168337 -0.950970
v 0.576017 -0.168122 -0.950991
v 0.576436 -0.169031 -0.950992
v 0.571571 -0.172645 -0.950718
v 0.571767 -0.172388 -0.950733
v 0.572729 -0.171333 -0.950800
v 0.573086 -0.171004 -0.950822
v 0.574960 -0.169698 -0.950925
v 0.575792 -0.169290 -0.950964
v 0.576667 -0.167901 -0.951017
v 0.577380 -0.167712 -0.951044
v 0.578003 -0.167583 -0.951069
v 0.578432 -0.168525 -0.951077
v 0.579973 -0.168407 -0.951145
v 0.578758 -0.167480 -0.951099
v 0.579569 -0.167415 -0.951131
v 0.578860 -0.168470 -0.951096
v 0.579318 -0.168429 -0.951116
v 0.579649 -0.168412 -0.951130
v 0.581949 -0.168299 -0.951231
v 0.581672 -0.168542 -0.951220
v 0.582584 -0.168730 -0.951261
v 0.583053 -0.168860 -0.951283
v 0.583361 -0.168958 -0.951297
v 0.584662 -0.169497 -0.951357
v 0.584495 -0.168317 -0.951333
v 0.585179 -0.168639 -0.951363
v 0.585266 -0.169822 -0.951386
v 0.585977 -0.169086 -0.951397
v 0.586742 -0.169589 -0.951430
v 0.586305 -0.170509 -0.951435
v 0.588187 -0.170830 -0.951496
v 0.588589 -0.171254 -0.951517
v 0.588112 -0.172237 -0.951532
v 0.589232 -0.172043 -0.951554
v 0.584114 -0.169246 -0.951332
v 0.586811 -0.170913 -0.951460
v 0.587478 -0.171539 -0.951495
v 0.588760 -0.173111 -0.951576
v 0.589481 -0.172396 -0.951570
v 0.589802 -0.172884 -0.951592
v 0.589525 -0.174479 -0.951642
v 0.589913 -0.175407 -0.951685
v 0.590873 -0.175111 -0.951687
v 0.591170 -0.176155 -0.951729
v 0.589394 -0.174207 -0.951629
v 0.588961 -0.173426 -0.951592
v 0.589165 -0.173779 -0.951609
v 0.591369 -0.177151 -0.951768
v 0.591449 -0.177833 -0.951793
v 0.591495 -0.178466 -0.951816
v 0.590501 -0.178949 -0.951835
v 0.590610 -0.180843 -0.951905
v 0.590380 -0.180488 -0.951894
v 0.590030 -0.182010 -0.951953
v 0.589826 -0.182603 -0.951977
v 0.589641 -0.183062 -0.951997
v 0.590593 -0.183380 -0.951994
v 0.590470 -0.183659 -0.952004
v 0.589340 -0.183690 -0.952026
v 0.590079 -0.184430 -0.952037
v 0.588998 -0.184308 -0.952055
v 0.587949 -0.185757 -0.952132
v 0.589494 -0.185406 -0.952080
v 0.588618 -0.186503 -0.952135
v 0.587574 -0.186163 -0.952156
v 0.586721 -0.186957 -0.952205
v 0.588259 -0.185380 -0.952111
v 0.588647 -0.184852 -0.952083
v 0.587345 -0.187744 -0.952204
v 0.585953 -0.187539 -0.952246
v 0.586385 -0.188456 -0.952250
v 0.585581 -0.188944 -0.952286
v 0.584475 -0.188391 -0.952316
v 0.584508 -0.189469 -0.952329
v 0.583925 -0.188631 -0.952340
v 0.583364 -0.188838 -0.952363
v 0.583797 -0.189745 -0.952356
v 0.583241 -0.189926 -0.952377
v 0.582749 -0.190056 -0.952396
v 0.581535 -0.189278 -0.952439
v 0.580924 -0.189350 -0.952465
v 0.580446 -0.190387 -0.952485
v 0.580261 -0.189387 -0.952494
v 0.579648 -0.189384 -0.952522
v 0.579021 -0.189344 -0.952550
v 0.578057 -0.189500 -0.952591
v 0.578531 -0.189288 -0.952572
v 0.578080 -0.189213 -0.952593
v 0.577143 -0.188994 -0.952636
v 0.576679 -0.188853 -0.952658
v 0.575502 -0.189482 -0.952694
v 0.577613 -0.189117 -0.952614
v 0.575704 -0.188471 -0.952706
v 0.574690 -0.189092 -0.952731
v 0.574338 -0.187731 -0.952774
v 0.573513 -0.188386 -0.952785
v 0.573100 -0.188090 -0.952805
v 0.573731 -0.187314 -0.952805
v 0.575087 -0.188170 -0.952736
v 0.571871 -0.187026 -0.952867
v 0.572201 -0.187343 -0.952849
v 0.572738 -0.187810 -0.952822
v 0.572427 -0.187547 -0.952838
v 0.572582 -0.187680 -0.952830
v 0.571484 -0.186621 -0.952889
v 0.571042 -0.186097 -0.952916
v 0.572302 -0.186030 -0.952886
v 0.571287 -0.184752 -0.952958
v 0.570595 -0.185511 -0.952947
v 0.570219 -0.184937 -0.952976
v 0.569875 -0.184343 -0.953005
v 0.570718 -0.183799 -0.953010
v 0.570437 -0.183225 -0.953040
v 0.569644 -0.183890 -0.953027
v 0.570178 -0.182600 -0.953072
v 0.569283 -0.183050 -0.953066
v 0.569996 -0.182080 -0.953098
v 0.568997 -0.182235 -0.953104
v 0.569912 -0.181804 -0.953111
v 0.569618 -0.180443 -0.953177
v 0.569804 -0.181390 -0.953132
v 0.569698 -0.180917 -0.953154
v 0.568538 -0.179767 -0.953212
v 0.568510 -0.179336 -0.953229
v 0.569510 -0.178607 -0.953261
v 0.569598 -0.177518 -0.953308
v 0.569395 -0.176959 -0.953330
v 0.569715 -0.176807 -0.953339
v 0.570005 -0.175710 -0.953387
v 0.570567 -0.174304 -0.953455
v 0.569413 -0.174395 -0.953432
v 0.570177 -0.172915 -0.953502
v 0.570915 -0.171867 -0.953557
v 0.572241 -0.171839 -0.953595
v 0.571556 -0.171110 -0.953600
v 0.572242 -0.170432 -0.953641
v 0.573034 -0.171060 -0.953646
v 0.574043 -0.170269 -0.953705
v 0.573164 -0.169672 -0.953691
v 0.574672 -0.169871 -0.953738
v 0.574006 -0.169103 -0.953733
v 0.574557 -0.168786 -0.953758
v 0.575551 -0.168300 -0.953800
v 0.575660 -0.169356 -0.953785
v 0.576510 -0.169015 -0.953822
v 0.572456 -0.171611 -0.953609
v 0.572677 -0.171389 -0.953624
v 0.573531 -0.170646 -0.953676
v 0.576619 -0.167925 -0.953842
v 0.577257 -0.168782 -0.953854
v 0.577207 -0.167761 -0.953865
v 0.578657 -0.167495 -0.953922
v 0.578169 -0.168579 -0.953893
v 0.579045 -0.168459 -0.953931
v 0.579553 -0.167417 -0.953958
v 0.580559 -0.168431 -0.953998
v 0.581949 -0.168308 -0.954058
v 0.583013 -0.168857 -0.954108
v 0.581896 -0.168590 -0.954058
v 0.583476 -0.169006 -0.954129
v 0.583780 -0.169118 -0.954143
v 0.584294 -0.169333 -0.954167
v 0.584495 -0.168325 -0.954161
v 0.584820 -0.169585 -0.954192
v 0.585134 -0.168623 -0.954188
v 0.585559 -0.170008 -0.954227
v 0.586153 -0.170404 -0.954255
v 0.587034 -0.169800 -0.954270
v 0.586818 -0.170930 -0.954287
v 0.587842 -0.170501 -0.954307
v 0.588382 -0.171039 -0.954333
v 0.588821 -0.171533 -0.954357
v 0.589552 -0.172487 -0.954401
v 0.590131 -0.173466 -0.954445
v 0.589284 -0.174002 -0.954447
v 0.590480 -0.174172 -0.954475
v 0.590904 -0.175216 -0.954518
v 0.591146 -0.176064 -0.954552
v 0.590251 -0.176624 -0.954565
v 0.591319 -0.176859 -0.954583
v 0.588650 -0.172939 -0.954395
v 0.589819 -0.175181 -0.954502
v 0.589500 -0.174437 -0.954467
v 0.589685 -0.174847 -0.954486
v 0.591406 -0.177436 -0.954605
v 0.591501 -0.178459 -0.954643
v 0.590437 -0.180073 -0.954705
v 0.590611 -0.180852 -0.954732
v 0.590149 -0.181608 -0.954764
v 0.589420 -0.183549 -0.954846
v 0.590592 -0.183417 -0.954822
v 0.589925 -0.182337 -0.954793
v 0.589571 -0.183224 -0.954831
v 0.590107 -0.184395 -0.954862
v 0.589438 -0.185476 -0.954911
v 0.589906 -0.184749 -0.954878
v 0.589693 -0.185096 -0.954893
v 0.588207 -0.185456 -0.954942
v 0.589013 -0.186046 -0.954938
v 0.587916 -0.185802 -0.954961
v 0.587273 -0.186476 -0.955001
v 0.587589 -0.186161 -0.954982
v 0.588398 -0.186758 -0.954975
v 0.586902 -0.186816 -0.955023
v 0.586533 -0.187121 -0.955043
v 0.587067 -0.187974 -0.955046
v 0.586020 -0.187504 -0.955070
v 0.586575 -0.188336 -0.955069
v 0.585485 -0.187855 -0.955097
v 0.584743 -0.188267 -0.955132
v 0.585582 -0.188954 -0.955113
v 0.584996 -0.189258 -0.955137
v 0.584439 -0.189509 -0.955159
v 0.582518 -0.189094 -0.955225
v 0.582799 -0.190053 -0.955221
v 0.582228 -0.190179 -0.955243
v 0.581399 -0.190313 -0.955275
v 0.580452 -0.190397 -0.955312
v 0.579182 -0.189366 -0.955370
v 0.578057 -0.189508 -0.955418
v 0.578720 -0.189321 -0.955391
v 0.578030 -0.189211 -0.955422
v 0.576735 -0.188877 -0.955483
v 0.576148 -0.188666 -0.955511
v 0.575502 -0.189490 -0.955521
v 0.574579 -0.189039 -0.955563
v 0.573811 -0.188590 -0.955599
v 0.574451 -0.187812 -0.955595
v 0.573264 -0.188219 -0.955624
v 0.573916 -0.187457 -0.955623
v 0.572642 -0.187735 -0.955654
v 0.572943 -0.186674 -0.955675
v 0.571758 -0.186913 -0.955701
v 0.572059 -0.185769 -0.955729
v 0.571316 -0.186439 -0.955726
v 0.571674 -0.185297 -0.955756
v 0.570884 -0.185906 -0.955754
v 0.570396 -0.185224 -0.955789
v 0.570074 -0.184706 -0.955815
v 0.570878 -0.184099 -0.955821
v 0.569494 -0.183576 -0.955869
v 0.569102 -0.182602 -0.955915
v 0.568775 -0.181382 -0.955970
v 0.568606 -0.180407 -0.956012
v 0.568508 -0.179352 -0.956056
v 0.569505 -0.178843 -0.956078
v 0.570733 -0.183837 -0.955835
v 0.570597 -0.183571 -0.955849
v 0.570126 -0.182462 -0.955906
v 0.569575 -0.180134 -0.956019
v 0.569520 -0.179486 -0.956049
v 0.569589 -0.177582 -0.956133
v 0.569395 -0.176967 -0.956158
v 0.570296 -0.174921 -0.956252
v 0.569413 -0.174431 -0.956260
v 0.569636 -0.173946 -0.956281
v 0.571119 -0.173321 -0.956335
v 0.570480 -0.172470 -0.956353
v 0.571681 -0.172503 -0.956382
v 0.570755 -0.173952 -0.956302
v 0.571472 -0.171214 -0.956422
v 0.570885 -0.171915 -0.956382
v 0.572425 -0.171656 -0.956434
v 0.573104 -0.171009 -0.956478
v 0.573803 -0.170447 -0.956519
v 0.573223 -0.169632 -0.956522
v 0.573556 -0.169398 -0.956538
v 0.574133 -0.170215 -0.956537
v 0.573941 -0.169150 -0.956557
v 0.574841 -0.169778 -0.956573
v 0.575304 -0.169531 -0.956596
v 0.575287 -0.168435 -0.956617
v 0.575870 -0.169273 -0.956622
v 0.576377 -0.168009 -0.956660
v 0.577024 -0.167822 -0.956685
v 0.577764 -0.168668 -0.956703
v 0.578733 -0.167495 -0.956752
v 0.579290 -0.168448 -0.956769
v 0.579566 -0.167430 -0.956786
v 0.579928 -0.168425 -0.956797
v 0.580575 -0.168440 -0.956826
v 0.581949 -0.168316 -0.956886
v 0.581047 -0.168475 -0.956847
v 0.581678 -0.168557 -0.956875
v 0.582309 -0.168679 -0.956903
v 0.583527 -0.169032 -0.956959
v 0.583830 -0.169145 -0.956973
v 0.582625 -0.168756 -0.956918
v 0.583072 -0.168883 -0.956938
v 0.584130 -0.169268 -0.956987
v 0.584495 -0.168333 -0.956988
v 0.584953 -0.169662 -0.957026
v 0.585443 -0.169945 -0.957049
v 0.585652 -0.168895 -0.957038
v 0.586660 -0.169546 -0.957081
v 0.587028 -0.169817 -0.957097
v 0.586625 -0.170774 -0.957105
v 0.584426 -0.169399 -0.957001
v 0.584691 -0.169527 -0.957013
v 0.588187 -0.170847 -0.957151
v 0.589092 -0.171878 -0.957200
v 0.589497 -0.172432 -0.957226
v 0.588919 -0.173377 -0.957243
v 0.589148 -0.173761 -0.957262
v 0.589303 -0.174045 -0.957276
v 0.589449 -0.174333 -0.957289
v 0.589646 -0.174767 -0.957309
v 0.590698 -0.174695 -0.957324
v 0.590162 -0.176269 -0.957377
v 0.590963 -0.175437 -0.957354
v 0.591169 -0.176171 -0.957384
v 0.590344 -0.177114 -0.957413
v 0.589819 -0.175190 -0.957329
v 0.590030 -0.175802 -0.957356
v 0.589929 -0.175494 -0.957343
v 0.591423 -0.177469 -0.957434
v 0.591495 -0.178483 -0.957470
v 0.590493 -0.179355 -0.957504
v 0.590462 -0.179842 -0.957523
v 0.590380 -0.180504 -0.957548
v 0.590611 -0.180860 -0.957560
v 0.590253 -0.181187 -0.957574
v 0.590593 -0.183404 -0.957649
v 0.589808 -0.182667 -0.957634
v 0.589557 -0.183265 -0.957660
v 0.589373 -0.183652 -0.957678
v 0.588867 -0.184540 -0.957721
v 0.590033 -0.184556 -0.957696
v 0.588575 -0.184971 -0.957743
v 0.589438 -0.185484 -0.957738
v 0.589028 -0.186034 -0.957765
v 0.587458 -0.186316 -0.957818
v 0.588198 -0.186992 -0.957815
v 0.589195 -0.183986 -0.957693
v 0.587305 -0.187792 -0.957861
v 0.586761 -0.188210 -0.957888
v 0.586109 -0.188653 -0.957918
v 0.585471 -0.189023 -0.957945
v 0.584904 -0.189310 -0.957968
v 0.584439 -0.189517 -0.957987
v 0.583901 -0.188657 -0.957996
v 0.583313 -0.189931 -0.958029
v 0.582880 -0.189014 -0.958038
v 0.582153 -0.190203 -0.958073
v 0.581093 -0.189348 -0.958113
v 0.581248 -0.190335 -0.958108
v 0.580380 -0.189401 -0.958144
v 0.580437 -0.190399 -0.958140
v 0.580053 -0.189408 -0.958158
v 0.578544 -0.189307 -0.958226
v 0.579076 -0.189367 -0.958202
v 0.579568 -0.189398 -0.958180
v 0.578057 -0.189516 -0.958245
v 0.578273 -0.189264 -0.958238
v 0.576840 -0.188920 -0.958305
v 0.576536 -0.188820 -0.958320
v 0.576083 -0.188648 -0.958342
v 0.575641 -0.188460 -0.958363
v 0.575491 -0.189498 -0.958349
v 0.573919 -0.188665 -0.958421
v 0.573347 -0.188287 -0.958448
v 0.573488 -0.187145 -0.958472
v 0.574644 -0.187938 -0.958413
v 0.574130 -0.187613 -0.958439
v 0.573238 -0.186941 -0.958486
v 0.572993 -0.186729 -0.958499
v 0.571764 -0.186934 -0.958527
v 0.570596 -0.185527 -0.958601
v 0.571172 -0.184593 -0.958623
v 0.570367 -0.185190 -0.958618
v 0.570151 -0.184846 -0.958636
v 0.570618 -0.183620 -0.958675
v 0.571001 -0.184318 -0.958637
v 0.570839 -0.184038 -0.958652
v 0.570166 -0.182613 -0.958727
v 0.568927 -0.182007 -0.958769
v 0.569150 -0.182710 -0.958737
v 0.569795 -0.181364 -0.958788
v 0.569571 -0.180188 -0.958844
v 0.568501 -0.179379 -0.958883
v 0.569505 -0.179069 -0.958896
v 0.569560 -0.177841 -0.958950
v 0.569396 -0.176975 -0.958985
v 0.569842 -0.176279 -0.959017
v 0.569413 -0.174437 -0.959086
v 0.570523 -0.174389 -0.959106
v 0.569807 -0.173614 -0.959124
v 0.571028 -0.173477 -0.959154
v 0.570233 -0.172862 -0.959161
v 0.571158 -0.173268 -0.959166
v 0.571904 -0.172244 -0.959225
v 0.570613 -0.172291 -0.959190
v 0.572223 -0.171877 -0.959248
v 0.571391 -0.171291 -0.959244
v 0.572862 -0.169921 -0.959330
v 0.574024 -0.170297 -0.959358
v 0.573684 -0.169322 -0.959372
v 0.574503 -0.169988 -0.959384
v 0.574357 -0.168913 -0.959403
v 0.574965 -0.168594 -0.959430
v 0.575661 -0.168283 -0.959459
v 0.571702 -0.172497 -0.959210
v 0.571426 -0.172872 -0.959188
v 0.573442 -0.170735 -0.959325
v 0.577302 -0.168785 -0.959511
v 0.576700 -0.167905 -0.959500
v 0.578195 -0.168594 -0.959549
v 0.577653 -0.167674 -0.959537
v 0.579554 -0.167434 -0.959612
v 0.579819 -0.168432 -0.959620
v 0.581340 -0.168518 -0.959687
v 0.580377 -0.168439 -0.959644
v 0.580862 -0.168466 -0.959666
v 0.582202 -0.168667 -0.959726
v 0.581950 -0.168324 -0.959713
v 0.582909 -0.168843 -0.959758
v 0.583381 -0.168989 -0.959780
v 0.583845 -0.169161 -0.959801
v 0.584293 -0.169347 -0.959822
v 0.584504 -0.168342 -0.959816
v 0.585517 -0.168842 -0.959859
v 0.586090 -0.170375 -0.959907
v 0.586366 -0.169353 -0.959896
v 0.587806 -0.170482 -0.959960
v 0.587164 -0.171250 -0.959960
v 0.587720 -0.171810 -0.959990
v 0.588207 -0.170871 -0.959979
v 0.588033 -0.172163 -0.960009
v 0.586651 -0.170806 -0.959934
v 0.588469 -0.172722 -0.960037
v 0.589322 -0.172191 -0.960042
v 0.589666 -0.172694 -0.960065
v 0.590274 -0.173732 -0.960110
v 0.590698 -0.174704 -0.960151
v 0.590005 -0.175731 -0.960180
v 0.590963 -0.175445 -0.960182
v 0.591094 -0.175884 -0.960199
v 0.591354 -0.177075 -0.960246
v 0.590428 -0.177691 -0.960264
v 0.591423 -0.177579 -0.960265
v 0.591498 -0.178483 -0.960299
v 0.590494 -0.179346 -0.960331
v 0.590611 -0.180868 -0.960387
v 0.590461 -0.179864 -0.960351
v 0.590099 -0.176041 -0.960194
v 0.590183 -0.176353 -0.960207
v 0.590290 -0.176826 -0.960228
v 0.590406 -0.180341 -0.960369
v 0.590338 -0.180781 -0.960386
v 0.589951 -0.182281 -0.960445
v 0.590247 -0.181229 -0.960403
v 0.589750 -0.182821 -0.960467
v 0.590593 -0.183422 -0.960475
v 0.589427 -0.183547 -0.960500
v 0.590203 -0.184232 -0.960509
v 0.590008 -0.184589 -0.960524
v 0.589292 -0.185699 -0.960575
v 0.588629 -0.184904 -0.960566
v 0.588233 -0.185438 -0.960595
v 0.588883 -0.186218 -0.960601
v 0.588176 -0.187001 -0.960642
v 0.587028 -0.186722 -0.960670
v 0.586019 -0.187523 -0.960725
v 0.587303 -0.187797 -0.960688
v 0.586576 -0.188352 -0.960724
v 0.586066 -0.188688 -0.960747
v 0.584991 -0.188153 -0.960775
v 0.586784 -0.186934 -0.960684
v 0.586406 -0.187237 -0.960705
v 0.584389 -0.188457 -0.960802
v 0.585292 -0.189126 -0.960780
v 0.583923 -0.188656 -0.960822
v 0.584719 -0.189403 -0.960803
v 0.582750 -0.190082 -0.960878
v 0.582153 -0.190211 -0.960900
v 0.581756 -0.189265 -0.960912
v 0.581400 -0.190329 -0.960930
v 0.581025 -0.189367 -0.960943
v 0.580894 -0.190380 -0.960950
v 0.580437 -0.190408 -0.960968
v 0.579689 -0.189408 -0.961002
v 0.583050 -0.188959 -0.960858
v 0.579004 -0.189367 -0.961033
v 0.577134 -0.189016 -0.961119
v 0.578057 -0.189524 -0.961073
v 0.577581 -0.189133 -0.961098
v 0.578535 -0.189313 -0.961054
v 0.577897 -0.189203 -0.961083
v 0.578215 -0.189263 -0.961068
v 0.576678 -0.188876 -0.961140
v 0.576373 -0.188769 -0.961155
v 0.575889 -0.188576 -0.961179
v 0.575249 -0.188276 -0.961210
v 0.574604 -0.187924 -0.961242
v 0.574424 -0.188968 -0.961225
v 0.574185 -0.187658 -0.961264
v 0.573411 -0.188336 -0.961272
v 0.573683 -0.187302 -0.961289
v 0.572898 -0.187961 -0.961296
v 0.572544 -0.187670 -0.961314
v 0.572829 -0.186587 -0.961336
v 0.571963 -0.187139 -0.961344
v 0.572336 -0.186089 -0.961366
v 0.571520 -0.186683 -0.961369
v 0.571073 -0.186162 -0.961396
v 0.571821 -0.185495 -0.961400
v 0.571014 -0.184362 -0.961463
v 0.570281 -0.185057 -0.961453
v 0.569997 -0.184591 -0.961476
v 0.569621 -0.183870 -0.961511
v 0.569365 -0.183275 -0.961539
v 0.568869 -0.181841 -0.961605
v 0.569743 -0.181137 -0.961627
v 0.568662 -0.180826 -0.961649
v 0.568561 -0.180045 -0.961683
v 0.569544 -0.179845 -0.961688
v 0.569506 -0.178720 -0.961739
v 0.570519 -0.183424 -0.961513
v 0.570080 -0.182385 -0.961566
v 0.568511 -0.179361 -0.961711
v 0.569396 -0.176984 -0.961812
v 0.569918 -0.176014 -0.961857
v 0.570286 -0.174923 -0.961908
v 0.569414 -0.174439 -0.961914
v 0.569735 -0.173756 -0.961945
v 0.570800 -0.173883 -0.961961
v 0.571084 -0.173393 -0.961987
v 0.569999 -0.173263 -0.961969
v 0.570539 -0.172402 -0.962012
v 0.570368 -0.172655 -0.961999
v 0.570205 -0.172913 -0.961986
v 0.571495 -0.172787 -0.962021
v 0.571027 -0.171752 -0.962047
v 0.571868 -0.170818 -0.962101
v 0.572652 -0.171425 -0.962105
v 0.574136 -0.170229 -0.962192
v 0.573225 -0.169650 -0.962176
v 0.574539 -0.169973 -0.962213
v 0.574936 -0.169741 -0.962233
v 0.575223 -0.169589 -0.962247
v 0.573726 -0.169302 -0.962201
v 0.574783 -0.168692 -0.962250
v 0.574071 -0.169086 -0.962218
v 0.574423 -0.168883 -0.962234
v 0.575148 -0.168514 -0.962265
v 0.576106 -0.169188 -0.962287
v 0.576863 -0.167876 -0.962334
v 0.577885 -0.167626 -0.962373
v 0.576372 -0.169086 -0.962299
v 0.576640 -0.168991 -0.962310
v 0.578268 -0.168586 -0.962379
v 0.578782 -0.168510 -0.962402
v 0.579508 -0.168454 -0.962433
v 0.579543 -0.167438 -0.962439
v 0.581950 -0.168332 -0.962540
v 0.581605 -0.168562 -0.962526
v 0.580881 -0.168480 -0.962494
v 0.582960 -0.168866 -0.962588
v 0.583423 -0.169012 -0.962609
v 0.583714 -0.169117 -0.962622
v 0.584131 -0.169286 -0.962642
v 0.584505 -0.168350 -0.962643
v 0.585517 -0.168850 -0.962686
v 0.586197 -0.169249 -0.962716
v 0.586660 -0.169562 -0.962736
v 0.586742 -0.170885 -0.962766
v 0.587533 -0.170233 -0.962773
v 0.587861 -0.171972 -0.962826
v 0.588330 -0.171009 -0.962813
v 0.588191 -0.172363 -0.962846
v 0.588790 -0.171518 -0.962837
v 0.589140 -0.171954 -0.962858
v 0.589525 -0.172491 -0.962882
v 0.588719 -0.173083 -0.962883
v 0.587075 -0.171177 -0.962782
v 0.587417 -0.171501 -0.962800
v 0.587643 -0.171733 -0.962813
v 0.590672 -0.174640 -0.962976
v 0.590938 -0.175381 -0.963006
v 0.590099 -0.176047 -0.963021
v 0.591158 -0.176138 -0.963036
v 0.590257 -0.176674 -0.963048
v 0.591385 -0.177214 -0.963078
v 0.590481 -0.178237 -0.963114
v 0.591499 -0.178491 -0.963125
v 0.590494 -0.179365 -0.963159
v 0.589807 -0.175148 -0.962981
v 0.590454 -0.177915 -0.963101
v 0.590322 -0.176991 -0.963062
v 0.590398 -0.177461 -0.963082
v 0.590450 -0.179976 -0.963182
v 0.590366 -0.180615 -0.963207
v 0.590119 -0.181748 -0.963250
v 0.590279 -0.181093 -0.963225
v 0.590215 -0.181376 -0.963236
v 0.590611 -0.180876 -0.963214
v 0.590042 -0.182009 -0.963260
v 0.590594 -0.183421 -0.963303
v 0.590034 -0.184573 -0.963350
v 0.589080 -0.184198 -0.963358
v 0.589469 -0.185459 -0.963391
v 0.589231 -0.185789 -0.963407
v 0.588886 -0.186229 -0.963428
v 0.587707 -0.186062 -0.963457
v 0.588486 -0.186690 -0.963452
v 0.587528 -0.186249 -0.963468
v 0.586333 -0.187303 -0.963536
v 0.586617 -0.188330 -0.963549
v 0.585967 -0.187566 -0.963555
v 0.586066 -0.188696 -0.963574
v 0.585438 -0.187908 -0.963581
v 0.586588 -0.187104 -0.963522
v 0.587316 -0.186461 -0.963481
v 0.586837 -0.186897 -0.963508
v 0.587080 -0.186682 -0.963495
v 0.585336 -0.189109 -0.963605
v 0.584486 -0.189512 -0.963639
v 0.583311 -0.189948 -0.963684
v 0.582228 -0.190204 -0.963725
v 0.580971 -0.189374 -0.963773
v 0.581501 -0.190325 -0.963753
v 0.580453 -0.190421 -0.963795
v 0.584112 -0.188599 -0.963641
v 0.582591 -0.189098 -0.963704
v 0.578058 -0.189532 -0.963900
v 0.578444 -0.189308 -0.963885
v 0.576936 -0.188965 -0.963955
v 0.576483 -0.188817 -0.963977
v 0.575491 -0.189514 -0.964003
v 0.574378 -0.188955 -0.964054
v 0.573876 -0.188655 -0.964077
v 0.573182 -0.188184 -0.964110
v 0.572898 -0.187969 -0.964124
v 0.572017 -0.187201 -0.964168
v 0.572737 -0.186521 -0.964168
v 0.571623 -0.186803 -0.964190
v 0.570715 -0.185709 -0.964247
v 0.571843 -0.185530 -0.964226
v 0.570453 -0.185333 -0.964267
v 0.571110 -0.184509 -0.964283
v 0.570204 -0.184949 -0.964286
v 0.569579 -0.183786 -0.964342
v 0.570048 -0.184687 -0.964299
v 0.569781 -0.184196 -0.964323
v 0.570289 -0.182916 -0.964367
v 0.569356 -0.183273 -0.964367
v 0.570049 -0.182262 -0.964399
v 0.569062 -0.182461 -0.964404
v 0.569871 -0.181683 -0.964428
v 0.568825 -0.181630 -0.964442
v 0.569800 -0.181409 -0.964441
v 0.569658 -0.180703 -0.964475
v 0.569558 -0.179987 -0.964509
v 0.568511 -0.179369 -0.964538
v 0.569511 -0.178555 -0.964574
v 0.569519 -0.179506 -0.964531
v 0.569504 -0.178859 -0.964561
v 0.569507 -0.179182 -0.964546
v 0.569396 -0.176992 -0.964639
v 0.569714 -0.176856 -0.964647
v 0.569406 -0.175595 -0.964695
v 0.570211 -0.175151 -0.964724
v 0.570867 -0.173768 -0.964794
v 0.569876 -0.173494 -0.964785
v 0.570180 -0.172965 -0.964811
v 0.570585 -0.172350 -0.964843
v 0.571522 -0.172759 -0.964850
v 0.571025 -0.171758 -0.964874
v 0.571472 -0.171238 -0.964904
v 0.572606 -0.171492 -0.964928
v 0.573283 -0.170866 -0.964971
v 0.570646 -0.174181 -0.964773
v 0.573123 -0.169734 -0.964998
v 0.574620 -0.169931 -0.965044
v 0.573878 -0.169216 -0.965036
v 0.574424 -0.168891 -0.965061
v 0.574920 -0.168632 -0.965083
v 0.575592 -0.168329 -0.965111
v 0.577070 -0.168856 -0.965156
v 0.576696 -0.167923 -0.965154
v 0.577654 -0.167690 -0.965192
v 0.574010 -0.170328 -0.965012
v 0.578381 -0.167565 -0.965220
v 0.579056 -0.168493 -0.965241
v 0.578936 -0.167499 -0.965242
v 0.579614 -0.168454 -0.965265
v 0.579570 -0.167456 -0.965268
v 0.581206 -0.168516 -0.965336
v 0.581950 -0.168340 -0.965368
v 0.581527 -0.168558 -0.965350
v 0.582613 -0.168778 -0.965399
v 0.582153 -0.168669 -0.965378
v 0.581846 -0.168610 -0.965365
v 0.580722 -0.168473 -0.965314
v 0.580093 -0.168449 -0.965286
v 0.583083 -0.168909 -0.965421
v 0.584547 -0.169481 -0.965488
v 0.584302 -0.169367 -0.965477
v 0.583379 -0.169005 -0.965434
v 0.584067 -0.169265 -0.965466
v 0.583695 -0.169118 -0.965449
v 0.584505 -0.168358 -0.965470
v 0.584997 -0.169711 -0.965509
v 0.585536 -0.170023 -0.965535
v 0.586536 -0.169482 -0.965557
v 0.586785 -0.169658 -0.965568
v 0.586714 -0.170873 -0.965592
v 0.588028 -0.170707 -0.965625
v 0.587029 -0.169842 -0.965579
v 0.587806 -0.170498 -0.965614
v 0.587268 -0.170031 -0.965590
v 0.587579 -0.170294 -0.965604
v 0.587425 -0.170161 -0.965597
v 0.587190 -0.171291 -0.965616
v 0.587517 -0.171610 -0.965633
v 0.588243 -0.170923 -0.965635
v 0.587872 -0.171994 -0.965654
v 0.588572 -0.171278 -0.965653
v 0.588273 -0.172475 -0.965679
v 0.589663 -0.172713 -0.965719
v 0.588993 -0.173525 -0.965731
v 0.590118 -0.173477 -0.965753
v 0.589417 -0.174293 -0.965768
v 0.590492 -0.174228 -0.965785
v 0.589669 -0.174844 -0.965794
v 0.590814 -0.175029 -0.965819
v 0.590091 -0.176031 -0.965847
v 0.590396 -0.177442 -0.965908
v 0.591370 -0.177192 -0.965904
v 0.591437 -0.177721 -0.965924
v 0.591497 -0.178505 -0.965952
v 0.590213 -0.176489 -0.965867
v 0.590314 -0.176964 -0.965888
v 0.590472 -0.178198 -0.965939
v 0.590375 -0.180581 -0.966032
v 0.590456 -0.179939 -0.966008
v 0.590611 -0.180885 -0.966042
v 0.590236 -0.181283 -0.966059
v 0.590594 -0.183438 -0.966131
v 0.589144 -0.184119 -0.966181
v 0.590030 -0.184559 -0.966177
v 0.589077 -0.185999 -0.966244
v 0.587726 -0.186044 -0.966283
v 0.588689 -0.186470 -0.966268
v 0.587840 -0.187368 -0.966316
v 0.586138 -0.187454 -0.966374
v 0.586824 -0.188191 -0.966367
v 0.585051 -0.188139 -0.966427
v 0.584858 -0.189355 -0.966452
v 0.584251 -0.189618 -0.966476
v 0.587118 -0.186654 -0.966320
v 0.582791 -0.189053 -0.966523
v 0.582800 -0.190086 -0.966530
v 0.582052 -0.189227 -0.966554
v 0.581334 -0.189348 -0.966584
v 0.581249 -0.190365 -0.966590
v 0.580453 -0.190429 -0.966622
v 0.578058 -0.189540 -0.966727
v 0.576657 -0.188885 -0.966796
v 0.576352 -0.188777 -0.966811
v 0.575511 -0.189523 -0.966830
v 0.574901 -0.188122 -0.966882
v 0.574872 -0.189225 -0.966859
v 0.573811 -0.188624 -0.966908
v 0.574512 -0.189037 -0.966875
v 0.574158 -0.188837 -0.966892
v 0.574098 -0.187617 -0.966923
v 0.573556 -0.188457 -0.966920
v 0.572788 -0.187902 -0.966956
v 0.573029 -0.186783 -0.966979
v 0.572053 -0.187244 -0.966994
v 0.571538 -0.186717 -0.967022
v 0.572143 -0.185896 -0.967032
v 0.571750 -0.185425 -0.967059
v 0.573396 -0.187095 -0.966959
v 0.573723 -0.187348 -0.966942
v 0.570806 -0.185839 -0.967068
v 0.571273 -0.184771 -0.967096
v 0.570538 -0.185468 -0.967088
v 0.570167 -0.184890 -0.967116
v 0.569701 -0.184045 -0.967158
v 0.570699 -0.183795 -0.967149
v 0.569434 -0.183469 -0.967185
v 0.570128 -0.182532 -0.967214
v 0.569219 -0.182925 -0.967211
v 0.568984 -0.182227 -0.967242
v 0.569650 -0.180683 -0.967304
v 0.568688 -0.180992 -0.967297
v 0.568638 -0.180691 -0.967311
v 0.568570 -0.180137 -0.967334
v 0.568512 -0.179377 -0.967366
v 0.569505 -0.178766 -0.967392
v 0.569802 -0.181409 -0.967269
v 0.569536 -0.178124 -0.967421
v 0.569396 -0.177000 -0.967467
v 0.569414 -0.174464 -0.967569
v 0.569814 -0.176414 -0.967494
v 0.569981 -0.175824 -0.967521
v 0.570122 -0.175397 -0.967540
v 0.569570 -0.174116 -0.967584
v 0.570768 -0.173956 -0.967612
v 0.569977 -0.173325 -0.967621
v 0.571421 -0.172903 -0.967670
v 0.570869 -0.171967 -0.967691
v 0.571809 -0.172386 -0.967700
v 0.572416 -0.171694 -0.967743
v 0.571527 -0.171166 -0.967735
v 0.572835 -0.171284 -0.967770
v 0.572374 -0.170352 -0.967785
v 0.573370 -0.170815 -0.967803
v 0.573021 -0.169817 -0.967820
v 0.573515 -0.169460 -0.967845
v 0.573812 -0.169263 -0.967860
v 0.570988 -0.173570 -0.967633
v 0.571238 -0.173170 -0.967655
v 0.571999 -0.172156 -0.967714
v 0.572196 -0.171931 -0.967728
v 0.573626 -0.170612 -0.967818
v 0.573979 -0.170353 -0.967838
v 0.574965 -0.168617 -0.967912
v 0.575334 -0.168446 -0.967928
v 0.576118 -0.169200 -0.967942
v 0.578218 -0.168598 -0.968032
v 0.577784 -0.167659 -0.968024
v 0.579153 -0.168490 -0.968072
v 0.579476 -0.168469 -0.968087
v 0.579800 -0.168457 -0.968101
v 0.580265 -0.168460 -0.968121
v 0.579571 -0.167464 -0.968095
v 0.580688 -0.168478 -0.968140
v 0.581011 -0.168504 -0.968154
v 0.582578 -0.168776 -0.968225
v 0.581950 -0.168348 -0.968195
v 0.581493 -0.168563 -0.968176
v 0.582104 -0.168669 -0.968203
v 0.582883 -0.168858 -0.968239
v 0.583346 -0.169003 -0.968260
v 0.583958 -0.169230 -0.968288
v 0.584506 -0.168366 -0.968298
v 0.584589 -0.169510 -0.968318
v 0.585317 -0.168756 -0.968332
v 0.585958 -0.169121 -0.968360
v 0.585814 -0.170209 -0.968375
v 0.586536 -0.169491 -0.968385
v 0.587377 -0.170117 -0.968422
v 0.588100 -0.170787 -0.968456
v 0.588604 -0.171325 -0.968482
v 0.587931 -0.172067 -0.968484
v 0.588696 -0.173063 -0.968535
v 0.589276 -0.172155 -0.968521
v 0.589667 -0.172719 -0.968547
v 0.588958 -0.173471 -0.968556
v 0.589959 -0.173195 -0.968568
v 0.590429 -0.174097 -0.968607
v 0.586069 -0.170383 -0.968387
v 0.588286 -0.172503 -0.968507
v 0.589203 -0.173890 -0.968576
v 0.590064 -0.175940 -0.968670
v 0.589679 -0.174876 -0.968622
v 0.589422 -0.174312 -0.968596
v 0.589859 -0.175327 -0.968643
v 0.589966 -0.175632 -0.968657
v 0.590858 -0.175157 -0.968651
v 0.591163 -0.176179 -0.968692
v 0.591424 -0.177501 -0.968743
v 0.591496 -0.178515 -0.968780
v 0.590499 -0.179225 -0.968807
v 0.590612 -0.180893 -0.968869
v 0.590279 -0.181101 -0.968879
v 0.590133 -0.181710 -0.968903
v 0.589678 -0.183027 -0.968957
v 0.590594 -0.183429 -0.968958
v 0.589388 -0.183649 -0.968985
v 0.590305 -0.184051 -0.968982
v 0.589135 -0.184128 -0.969008
v 0.589527 -0.185391 -0.969042
v 0.588536 -0.185061 -0.969055
v 0.589074 -0.186005 -0.969071
v 0.587641 -0.186149 -0.969115
v 0.588345 -0.186852 -0.969115
v 0.589934 -0.182346 -0.968928
v 0.588975 -0.184400 -0.969021
v 0.588802 -0.184674 -0.969035
v 0.588274 -0.185413 -0.969074
v 0.587965 -0.185787 -0.969095
v 0.586660 -0.188318 -0.969202
v 0.586367 -0.188521 -0.969215
v 0.585225 -0.189187 -0.969265
v 0.584736 -0.188313 -0.969269
v 0.584720 -0.189428 -0.969285
v 0.584394 -0.189570 -0.969298
v 0.583457 -0.188857 -0.969323
v 0.583631 -0.189853 -0.969327
v 0.583021 -0.190035 -0.969349
v 0.581922 -0.189273 -0.969387
v 0.582104 -0.190241 -0.969384
v 0.581198 -0.190377 -0.969419
v 0.580445 -0.190435 -0.969450
v 0.585837 -0.187671 -0.969216
v 0.585296 -0.188009 -0.969243
v 0.584298 -0.188523 -0.969288
v 0.583896 -0.188692 -0.969305
v 0.579554 -0.189427 -0.969490
v 0.578827 -0.189375 -0.969522
v 0.578058 -0.189548 -0.969555
v 0.578169 -0.189276 -0.969553
v 0.576998 -0.189001 -0.969607
v 0.576563 -0.188860 -0.969628
v 0.575914 -0.188612 -0.969659
v 0.575169 -0.188259 -0.969696
v 0.573977 -0.188749 -0.969727
v 0.573020 -0.188078 -0.969772
v 0.573129 -0.186880 -0.969801
v 0.572565 -0.187710 -0.969795
v 0.572615 -0.186400 -0.969830
v 0.571821 -0.187018 -0.969834
v 0.571418 -0.186595 -0.969857
v 0.570775 -0.185807 -0.969898
v 0.571530 -0.185144 -0.969903
v 0.570568 -0.185517 -0.969913
v 0.571170 -0.184619 -0.969932
v 0.570179 -0.184921 -0.969943
v 0.570936 -0.184238 -0.969953
v 0.569559 -0.183755 -0.969999
v 0.569998 -0.184615 -0.969958
v 0.569711 -0.184077 -0.969984
v 0.569851 -0.184348 -0.969971
v 0.570712 -0.183833 -0.969974
v 0.570238 -0.182805 -0.970028
v 0.569264 -0.183053 -0.970032
v 0.569901 -0.181803 -0.970078
v 0.568966 -0.182161 -0.970073
v 0.568725 -0.181174 -0.970117
v 0.570136 -0.182534 -0.970041
v 0.570040 -0.182261 -0.970055
v 0.568577 -0.180195 -0.970159
v 0.568512 -0.179385 -0.970193
v 0.569501 -0.178677 -0.970224
v 0.569397 -0.177008 -0.970294
v 0.569688 -0.177014 -0.970296
v 0.569837 -0.176334 -0.970325
v 0.570220 -0.175145 -0.970380
v 0.570576 -0.174319 -0.970421
v 0.569414 -0.174455 -0.970396
v 0.570076 -0.173135 -0.970458
v 0.571134 -0.173342 -0.970473
v 0.571486 -0.172821 -0.970502
v 0.570825 -0.172038 -0.970515
v 0.572173 -0.171965 -0.970554
v 0.572375 -0.171746 -0.970568
v 0.571472 -0.171253 -0.970558
v 0.573320 -0.170863 -0.970628
v 0.572741 -0.170045 -0.970633
v 0.573740 -0.170538 -0.970652
v 0.573102 -0.169764 -0.970652
v 0.574327 -0.170128 -0.970684
v 0.573835 -0.169259 -0.970688
v 0.574757 -0.169868 -0.970706
v 0.575157 -0.169647 -0.970725
v 0.576028 -0.169245 -0.970765
v 0.574814 -0.168690 -0.970733
v 0.575709 -0.168295 -0.970770
v 0.576486 -0.169071 -0.970785
v 0.576451 -0.168029 -0.970800
v 0.577512 -0.168763 -0.970829
v 0.577110 -0.167835 -0.970825
v 0.577986 -0.168660 -0.970849
v 0.578155 -0.167619 -0.970866
v 0.578987 -0.167512 -0.970899
v 0.579571 -0.167472 -0.970922
v 0.580159 -0.168466 -0.970944
v 0.570107 -0.175449 -0.970366
v 0.569970 -0.175867 -0.970346
v 0.571773 -0.172440 -0.970525
v 0.571978 -0.172189 -0.970540
v 0.573074 -0.171073 -0.970613
v 0.572717 -0.171402 -0.970590
v 0.575436 -0.169508 -0.970739
v 0.575730 -0.169371 -0.970752
v 0.577198 -0.168844 -0.970816
v 0.580902 -0.168503 -0.970977
v 0.581950 -0.168356 -0.971022
v 0.581215 -0.168534 -0.970991
v 0.582330 -0.168726 -0.971041
v 0.582929 -0.168881 -0.971068
v 0.583545 -0.169080 -0.971096
v 0.583998 -0.169253 -0.971117
v 0.584492 -0.168374 -0.971125
v 0.584846 -0.169646 -0.971157
v 0.584279 -0.169373 -0.971131
v 0.584556 -0.169501 -0.971143
v 0.586089 -0.169208 -0.971193
v 0.586578 -0.169528 -0.971214
v 0.587029 -0.169858 -0.971234
v 0.586570 -0.170769 -0.971239
v 0.587238 -0.171355 -0.971273
v 0.587955 -0.170653 -0.971276
v 0.587728 -0.171851 -0.971300
v 0.588244 -0.170940 -0.971290
v 0.588454 -0.171161 -0.971301
v 0.589233 -0.172099 -0.971345
v 0.588639 -0.172992 -0.971359
v 0.589567 -0.172580 -0.971367
v 0.588933 -0.173436 -0.971381
v 0.589405 -0.174284 -0.971422
v 0.590429 -0.174105 -0.971434
v 0.589594 -0.174687 -0.971440
v 0.590614 -0.174524 -0.971452
v 0.589775 -0.175113 -0.971460
v 0.590922 -0.175358 -0.971486
v 0.589099 -0.173714 -0.971394
v 0.589257 -0.173997 -0.971408
v 0.590351 -0.177195 -0.971551
v 0.591392 -0.177359 -0.971565
v 0.590452 -0.177915 -0.971582
v 0.590480 -0.178238 -0.971595
v 0.591457 -0.177940 -0.971586
v 0.591497 -0.178523 -0.971607
v 0.590501 -0.178966 -0.971624
v 0.590612 -0.180901 -0.971696
v 0.590594 -0.183454 -0.971785
v 0.589486 -0.183463 -0.971804
v 0.589034 -0.184311 -0.971844
v 0.590006 -0.184620 -0.971834
v 0.589201 -0.185854 -0.971891
v 0.588401 -0.185254 -0.971892
v 0.588805 -0.186351 -0.971915
v 0.587929 -0.185834 -0.971924
v 0.589345 -0.183749 -0.971817
v 0.589194 -0.184030 -0.971830
v 0.586988 -0.188085 -0.972013
v 0.586204 -0.187423 -0.972025
v 0.585606 -0.187826 -0.972055
v 0.586117 -0.188702 -0.972054
v 0.584988 -0.188190 -0.972085
v 0.585042 -0.189284 -0.972100
v 0.584487 -0.189538 -0.972121
v 0.583798 -0.189800 -0.972148
v 0.582477 -0.189154 -0.972191
v 0.582948 -0.190063 -0.972180
v 0.582454 -0.190184 -0.972198
v 0.581249 -0.190381 -0.972245
v 0.581451 -0.190357 -0.972237
v 0.581568 -0.189341 -0.972229
v 0.580633 -0.189430 -0.972269
v 0.580309 -0.189444 -0.972284
v 0.580438 -0.190440 -0.972277
v 0.580895 -0.190412 -0.972259
v 0.579984 -0.189448 -0.972298
v 0.579660 -0.189443 -0.972312
v 0.579175 -0.189415 -0.972334
v 0.578692 -0.189367 -0.972356
v 0.578058 -0.189556 -0.972382
v 0.577969 -0.189246 -0.972389
v 0.577256 -0.189082 -0.972422
v 0.576791 -0.188945 -0.972444
v 0.576334 -0.188786 -0.972466
v 0.575834 -0.188586 -0.972491
v 0.575518 -0.189539 -0.972485
v 0.575056 -0.189330 -0.972505
v 0.574782 -0.189196 -0.972518
v 0.573556 -0.188473 -0.972574
v 0.574340 -0.187791 -0.972565
v 0.573968 -0.187542 -0.972584
v 0.573306 -0.188298 -0.972586
v 0.572860 -0.187961 -0.972607
v 0.572776 -0.186568 -0.972648
v 0.571663 -0.186861 -0.972670
v 0.571999 -0.185746 -0.972697
v 0.573605 -0.187275 -0.972603
v 0.573090 -0.186853 -0.972631
v 0.570993 -0.186097 -0.972711
v 0.570555 -0.185504 -0.972741
v 0.570180 -0.184929 -0.972770
v 0.570859 -0.184106 -0.972788
v 0.569890 -0.184422 -0.972795
v 0.569487 -0.183601 -0.972834
v 0.569118 -0.182654 -0.972878
v 0.569840 -0.181629 -0.972914
v 0.568654 -0.180808 -0.972961
v 0.568888 -0.181901 -0.972913
v 0.568813 -0.181606 -0.972926
v 0.568718 -0.181158 -0.972946
v 0.569595 -0.180308 -0.972977
v 0.569536 -0.179774 -0.973002
v 0.568565 -0.180102 -0.972991
v 0.568512 -0.179393 -0.973020
v 0.569523 -0.178365 -0.973065
v 0.569555 -0.177928 -0.973084
v 0.569397 -0.177016 -0.973121
v 0.569726 -0.176824 -0.973132
v 0.569852 -0.176285 -0.973155
v 0.569415 -0.174452 -0.973224
v 0.569926 -0.173429 -0.973271
v 0.570808 -0.172064 -0.973341
v 0.571600 -0.172676 -0.973339
v 0.571253 -0.171509 -0.973371
v 0.572190 -0.171957 -0.973382
v 0.571591 -0.171129 -0.973393
v 0.572075 -0.170643 -0.973422
v 0.572679 -0.171451 -0.973415
v 0.572702 -0.170086 -0.973458
v 0.574033 -0.170336 -0.973495
v 0.573329 -0.169608 -0.973491
v 0.573727 -0.169334 -0.973511
v 0.573333 -0.170862 -0.973456
v 0.575104 -0.168568 -0.973573
v 0.575569 -0.168362 -0.973592
v 0.575683 -0.169404 -0.973577
v 0.576361 -0.169124 -0.973607
v 0.576816 -0.167924 -0.973641
v 0.576835 -0.168961 -0.973628
v 0.577258 -0.167805 -0.973658
v 0.578103 -0.168646 -0.973682
v 0.578608 -0.167558 -0.973711
v 0.578863 -0.168536 -0.973714
v 0.579555 -0.167475 -0.973749
v 0.579514 -0.168483 -0.973743
v 0.580915 -0.168512 -0.973805
v 0.580242 -0.168478 -0.973775
v 0.581951 -0.168364 -0.973850
v 0.581104 -0.168530 -0.973813
v 0.582355 -0.168738 -0.973869
v 0.581400 -0.168565 -0.973826
v 0.581879 -0.168642 -0.973848
v 0.582669 -0.168816 -0.973884
v 0.583896 -0.169219 -0.973940
v 0.584491 -0.168382 -0.973952
v 0.584489 -0.169477 -0.973968
v 0.585617 -0.170097 -0.974021
v 0.585471 -0.168843 -0.973994
v 0.586410 -0.169422 -0.974034
v 0.586056 -0.170391 -0.974041
v 0.586867 -0.169744 -0.974054
v 0.586502 -0.170723 -0.974063
v 0.587110 -0.169928 -0.974064
v 0.583134 -0.168951 -0.973905
v 0.583593 -0.169104 -0.973926
v 0.585340 -0.169928 -0.974008
v 0.584918 -0.169693 -0.973988
v 0.587954 -0.170663 -0.974103
v 0.588385 -0.171095 -0.974125
v 0.588085 -0.172266 -0.974149
v 0.588871 -0.171649 -0.974151
v 0.589263 -0.172149 -0.974175
v 0.588914 -0.173413 -0.974207
v 0.589556 -0.172565 -0.974194
v 0.589856 -0.173037 -0.974215
v 0.589192 -0.173893 -0.974230
v 0.588376 -0.172632 -0.974167
v 0.588659 -0.173026 -0.974187
v 0.590768 -0.174889 -0.974294
v 0.589971 -0.175664 -0.974312
v 0.591179 -0.176270 -0.974349
v 0.591346 -0.177066 -0.974380
v 0.591442 -0.177771 -0.974407
v 0.590471 -0.178147 -0.974418
v 0.591500 -0.178524 -0.974435
v 0.590612 -0.180909 -0.974524
v 0.590223 -0.181379 -0.974544
v 0.589953 -0.182321 -0.974581
v 0.589390 -0.183667 -0.974640
v 0.590305 -0.184068 -0.974637
v 0.588998 -0.184372 -0.974674
v 0.589565 -0.183302 -0.974624
v 0.589798 -0.182746 -0.974599
v 0.589440 -0.185532 -0.974702
v 0.587918 -0.185875 -0.974753
v 0.588484 -0.186720 -0.974762
v 0.587275 -0.186533 -0.974792
v 0.587038 -0.186754 -0.974806
v 0.587189 -0.187937 -0.974831
v 0.587954 -0.187268 -0.974791
v 0.587425 -0.187744 -0.974819
v 0.587731 -0.187476 -0.974803
v 0.586672 -0.187068 -0.974827
v 0.586296 -0.187364 -0.974847
v 0.586784 -0.188245 -0.974851
v 0.584951 -0.188219 -0.974914
v 0.586367 -0.188537 -0.974870
v 0.585216 -0.188073 -0.974901
v 0.585135 -0.189249 -0.974923
v 0.584052 -0.188655 -0.974954
v 0.583582 -0.189884 -0.974983
v 0.584439 -0.189562 -0.974951
v 0.583145 -0.190019 -0.975000
v 0.582475 -0.189161 -0.975018
v 0.582603 -0.190158 -0.975020
v 0.581779 -0.190315 -0.975051
v 0.580466 -0.190458 -0.975103
v 0.579566 -0.189448 -0.975144
v 0.578058 -0.189564 -0.975209
v 0.578231 -0.189307 -0.975204
v 0.579127 -0.189419 -0.975164
v 0.578644 -0.189368 -0.975185
v 0.578005 -0.189265 -0.975215
v 0.577288 -0.189099 -0.975248
v 0.576501 -0.188856 -0.975286
v 0.576198 -0.188743 -0.975300
v 0.575512 -0.189547 -0.975312
v 0.575150 -0.188267 -0.975352
v 0.574828 -0.189226 -0.975343
v 0.574269 -0.188924 -0.975369
v 0.574185 -0.187699 -0.975400
v 0.573599 -0.188509 -0.975400
v 0.573605 -0.187280 -0.975430
v 0.572630 -0.187796 -0.975446
v 0.571801 -0.187018 -0.975489
v 0.572062 -0.185828 -0.975520
v 0.571060 -0.186204 -0.975533
v 0.570454 -0.185366 -0.975576
v 0.570205 -0.184982 -0.975595
v 0.570873 -0.184143 -0.975613
v 0.571612 -0.185266 -0.975552
v 0.569414 -0.183447 -0.975669
v 0.570574 -0.183577 -0.975643
v 0.570261 -0.182878 -0.975679
v 0.570145 -0.182576 -0.975695
v 0.570039 -0.182271 -0.975710
v 0.569941 -0.181962 -0.975725
v 0.569715 -0.181053 -0.975769
v 0.568803 -0.181564 -0.975755
v 0.569655 -0.180736 -0.975785
v 0.569605 -0.180416 -0.975800
v 0.569542 -0.179851 -0.975826
v 0.568512 -0.179401 -0.975848
v 0.568910 -0.178334 -0.975893
v 0.569628 -0.177374 -0.975936
v 0.569397 -0.177024 -0.975949
v 0.569980 -0.175849 -0.976003
v 0.569415 -0.174489 -0.976051
v 0.570290 -0.174990 -0.976043
v 0.569560 -0.174163 -0.976064
v 0.570652 -0.174209 -0.976082
v 0.569867 -0.173550 -0.976093
v 0.571016 -0.173550 -0.976117
v 0.570288 -0.172825 -0.976129
v 0.571429 -0.172916 -0.976152
v 0.570585 -0.172381 -0.976152
v 0.572004 -0.172176 -0.976196
v 0.572336 -0.171805 -0.976220
v 0.571256 -0.171519 -0.976199
v 0.571766 -0.170953 -0.976231
v 0.570116 -0.175443 -0.976021
v 0.571610 -0.172668 -0.976167
v 0.571798 -0.172426 -0.976181
v 0.572900 -0.169935 -0.976296
v 0.571982 -0.170738 -0.976244
v 0.572663 -0.170126 -0.976283
v 0.572203 -0.170527 -0.976257
v 0.572507 -0.170257 -0.976274
v 0.572354 -0.170391 -0.976266
v 0.573486 -0.170736 -0.976292
v 0.573391 -0.169572 -0.976321
v 0.574249 -0.169027 -0.976362
v 0.575225 -0.169629 -0.976383
v 0.574874 -0.168686 -0.976390
v 0.576657 -0.169027 -0.976447
v 0.575735 -0.168291 -0.976427
v 0.576816 -0.167932 -0.976468
v 0.577214 -0.168860 -0.976471
v 0.577407 -0.167778 -0.976491
v 0.578522 -0.168576 -0.976527
v 0.578552 -0.167561 -0.976536
v 0.579445 -0.168495 -0.976567
v 0.579571 -0.167488 -0.976577
v 0.580032 -0.168480 -0.976593
v 0.576395 -0.169119 -0.976436
v 0.575663 -0.169420 -0.976404
v 0.576156 -0.169209 -0.976426
v 0.581951 -0.168372 -0.976677
v 0.581914 -0.168655 -0.976677
v 0.583326 -0.169020 -0.976741
v 0.582872 -0.168879 -0.976720
v 0.582401 -0.168758 -0.976699
v 0.583758 -0.169173 -0.976761
v 0.584498 -0.168391 -0.976779
v 0.584974 -0.169733 -0.976818
v 0.585272 -0.168758 -0.976812
v 0.585784 -0.169041 -0.976834
v 0.586597 -0.169562 -0.976869
v 0.587229 -0.170033 -0.976897
v 0.587769 -0.170496 -0.976922
v 0.588137 -0.170848 -0.976939
v 0.587622 -0.171751 -0.976948
v 0.588173 -0.172369 -0.976981
v 0.589556 -0.172573 -0.977021
v 0.589804 -0.172958 -0.977038
v 0.589000 -0.173561 -0.977041
v 0.589509 -0.174517 -0.977086
v 0.589294 -0.174083 -0.977066
v 0.589151 -0.173819 -0.977053
v 0.589791 -0.175179 -0.977117
v 0.590747 -0.174884 -0.977121
v 0.591009 -0.175640 -0.977151
v 0.591172 -0.176228 -0.977175
v 0.590207 -0.176456 -0.977174
v 0.591386 -0.177325 -0.977217
v 0.590457 -0.177977 -0.977238
v 0.590488 -0.179565 -0.977302
v 0.590491 -0.178461 -0.977258
v 0.590503 -0.179101 -0.977283
v 0.591500 -0.178532 -0.977262
v 0.590612 -0.180917 -0.977351
v 0.590214 -0.181425 -0.977373
v 0.590595 -0.183454 -0.977440
v 0.590372 -0.183939 -0.977459
v 0.589984 -0.184682 -0.977490
v 0.588961 -0.184446 -0.977504
v 0.589582 -0.185330 -0.977520
v 0.588140 -0.185606 -0.977565
v 0.589061 -0.186051 -0.977554
v 0.588469 -0.186748 -0.977590
v 0.586816 -0.186957 -0.977646
v 0.586804 -0.188237 -0.977677
v 0.586263 -0.187394 -0.977676
v 0.586239 -0.188628 -0.977703
v 0.585650 -0.188981 -0.977729
v 0.584712 -0.188351 -0.977752
v 0.583837 -0.188741 -0.977790
v 0.584697 -0.189461 -0.977768
v 0.583534 -0.188854 -0.977802
v 0.583967 -0.189759 -0.977796
v 0.582351 -0.189200 -0.977851
v 0.583144 -0.190024 -0.977827
v 0.582355 -0.190221 -0.977857
v 0.581854 -0.189299 -0.977872
v 0.581396 -0.189372 -0.977891
v 0.580507 -0.189453 -0.977930
v 0.580465 -0.190466 -0.977931
v 0.589499 -0.183475 -0.977458
v 0.587525 -0.186294 -0.977605
v 0.587296 -0.186522 -0.977619
v 0.587060 -0.186743 -0.977632
v 0.584432 -0.188486 -0.977764
v 0.584137 -0.188618 -0.977777
v 0.583227 -0.188958 -0.977815
v 0.582807 -0.189083 -0.977832
v 0.581113 -0.189406 -0.977903
v 0.580830 -0.189432 -0.977915
v 0.579108 -0.189426 -0.977992
v 0.578059 -0.189573 -0.978037
v 0.577990 -0.189270 -0.978043
v 0.576767 -0.188954 -0.978100
v 0.576461 -0.188849 -0.978115
v 0.576158 -0.188736 -0.978130
v 0.575425 -0.188414 -0.978165
v 0.575503 -0.189555 -0.978140
v 0.574782 -0.189212 -0.978172
v 0.573641 -0.188545 -0.978225
v 0.574194 -0.187713 -0.978227
v 0.573306 -0.188315 -0.978241
v 0.573105 -0.186880 -0.978285
v 0.572054 -0.187277 -0.978303
v 0.572980 -0.188072 -0.978256
v 0.572277 -0.187485 -0.978291
v 0.572740 -0.187883 -0.978268
v 0.572506 -0.187687 -0.978280
v 0.571575 -0.186786 -0.978330
v 0.572135 -0.185915 -0.978343
v 0.571669 -0.185355 -0.978374
v 0.571231 -0.184729 -0.978409
v 0.570234 -0.185054 -0.978419
v 0.569669 -0.184009 -0.978470
v 0.570408 -0.183233 -0.978489
v 0.569357 -0.183314 -0.978503
v 0.569966 -0.182050 -0.978549
v 0.569126 -0.182695 -0.978532
v 0.570293 -0.182962 -0.978503
v 0.570120 -0.182509 -0.978526
v 0.568942 -0.182113 -0.978558
v 0.568826 -0.181671 -0.978578
v 0.568647 -0.180774 -0.978618
v 0.568727 -0.181225 -0.978598
v 0.569529 -0.179665 -0.978662
v 0.568554 -0.179992 -0.978651
v 0.569507 -0.179209 -0.978683
v 0.568513 -0.179409 -0.978675
v 0.569397 -0.177032 -0.978776
v 0.569814 -0.176465 -0.978803
v 0.570063 -0.175606 -0.978842
v 0.570273 -0.175042 -0.978868
v 0.569807 -0.173670 -0.978915
v 0.570050 -0.173224 -0.978937
v 0.570464 -0.174596 -0.978890
v 0.570670 -0.174177 -0.978912
v 0.570687 -0.172244 -0.978987
v 0.571026 -0.171799 -0.979011
v 0.571957 -0.172240 -0.979020
v 0.571472 -0.171278 -0.979040
v 0.572247 -0.170483 -0.979087
v 0.573165 -0.169744 -0.979137
v 0.574269 -0.169008 -0.979191
v 0.574501 -0.170045 -0.979175
v 0.575289 -0.168499 -0.979235
v 0.575710 -0.168320 -0.979252
v 0.576706 -0.169022 -0.979277
v 0.572615 -0.171526 -0.979066
v 0.572169 -0.171995 -0.979035
v 0.572388 -0.171757 -0.979050
v 0.573445 -0.170788 -0.979117
v 0.573962 -0.170400 -0.979146
v 0.576670 -0.167982 -0.979290
v 0.577110 -0.167859 -0.979307
v 0.577899 -0.168704 -0.979327
v 0.578760 -0.167556 -0.979372
v 0.579556 -0.167491 -0.979404
v 0.580664 -0.168509 -0.979448
v 0.581951 -0.168380 -0.979504
v 0.581711 -0.168631 -0.979495
v 0.582430 -0.168774 -0.979527
v 0.582902 -0.168896 -0.979549
v 0.584498 -0.168399 -0.979607
v 0.584430 -0.169465 -0.979619
v 0.583365 -0.169042 -0.979570
v 0.583968 -0.169266 -0.979598
v 0.585136 -0.168697 -0.979634
v 0.586198 -0.169298 -0.979679
v 0.585497 -0.168885 -0.979649
v 0.585851 -0.169085 -0.979665
v 0.586453 -0.169465 -0.979690
v 0.586045 -0.170398 -0.979696
v 0.586744 -0.169670 -0.979703
v 0.587111 -0.169945 -0.979719
v 0.587732 -0.170470 -0.979747
v 0.587506 -0.171643 -0.979769
v 0.588045 -0.170768 -0.979762
v 0.588624 -0.171375 -0.979792
v 0.588460 -0.172760 -0.979828
v 0.589161 -0.172036 -0.979823
v 0.589735 -0.172860 -0.979861
v 0.589236 -0.173984 -0.979888
v 0.590191 -0.173652 -0.979896
v 0.589536 -0.174580 -0.979916
v 0.590583 -0.174479 -0.979931
v 0.589944 -0.175598 -0.979963
v 0.590884 -0.175261 -0.979963
v 0.591068 -0.175843 -0.979987
v 0.591232 -0.176509 -0.980013
v 0.588999 -0.173567 -0.979868
v 0.588738 -0.173157 -0.979848
v 0.590217 -0.176542 -0.980004
v 0.590046 -0.175912 -0.979977
v 0.590137 -0.176228 -0.979991
v 0.590318 -0.177016 -0.980025
v 0.591415 -0.177560 -0.980053
v 0.591503 -0.178532 -0.980089
v 0.590486 -0.179597 -0.980130
v 0.590613 -0.180925 -0.980178
v 0.590148 -0.181690 -0.980210
v 0.589964 -0.182300 -0.980234
v 0.589554 -0.183343 -0.980279
v 0.589340 -0.183781 -0.980299
v 0.590204 -0.184289 -0.980300
v 0.589033 -0.184334 -0.980326
v 0.587567 -0.186260 -0.980429
v 0.588917 -0.186236 -0.980390
v 0.588171 -0.187069 -0.980434
v 0.587343 -0.186485 -0.980443
v 0.586618 -0.187140 -0.980485
v 0.585863 -0.187688 -0.980524
v 0.584907 -0.188258 -0.980570
v 0.585135 -0.189265 -0.980578
v 0.589801 -0.182757 -0.980253
v 0.589680 -0.183057 -0.980266
v 0.588777 -0.184746 -0.980346
v 0.588595 -0.185013 -0.980360
v 0.588253 -0.185474 -0.980385
v 0.588001 -0.185780 -0.980402
v 0.585608 -0.187854 -0.980537
v 0.585331 -0.188022 -0.980551
v 0.584860 -0.189398 -0.980589
v 0.584582 -0.189523 -0.980600
v 0.583993 -0.188687 -0.980610
v 0.583699 -0.188802 -0.980623
v 0.582949 -0.190089 -0.980662
v 0.582554 -0.190186 -0.980676
v 0.582067 -0.189267 -0.980690
v 0.581351 -0.190393 -0.980723
v 0.580457 -0.190471 -0.980758
v 0.579711 -0.189469 -0.980792
v 0.580506 -0.189461 -0.980757
v 0.578059 -0.189581 -0.980864
v 0.577403 -0.189145 -0.980897
v 0.578640 -0.189383 -0.980840
v 0.577861 -0.189252 -0.980876
v 0.578178 -0.189313 -0.980861
v 0.576950 -0.189019 -0.980919
v 0.576642 -0.188921 -0.980933
v 0.576355 -0.188819 -0.980947
v 0.575904 -0.188639 -0.980969
v 0.574208 -0.187729 -0.981054
v 0.571928 -0.185685 -0.981184
v 0.571344 -0.184912 -0.981227
v 0.571009 -0.184391 -0.981256
v 0.570781 -0.183996 -0.981277
v 0.570357 -0.183123 -0.981322
v 0.570196 -0.182723 -0.981343
v 0.569817 -0.181515 -0.981403
v 0.569683 -0.180903 -0.981432
v 0.572661 -0.186495 -0.981137
v 0.570631 -0.183709 -0.981292
v 0.570490 -0.183419 -0.981307
v 0.570041 -0.182291 -0.981364
v 0.569943 -0.181983 -0.981380
v 0.569588 -0.180286 -0.981461
v 0.569638 -0.177336 -0.981593
v 0.569398 -0.177040 -0.981603
v 0.569766 -0.176659 -0.981622
v 0.569415 -0.174501 -0.981705
v 0.569852 -0.176310 -0.981637
v 0.569981 -0.175867 -0.981657
v 0.570415 -0.174716 -0.981712
v 0.570703 -0.174124 -0.981742
v 0.569751 -0.173792 -0.981737
v 0.570996 -0.173600 -0.981770
v 0.570129 -0.173101 -0.981771
v 0.571338 -0.173067 -0.981800
v 0.571774 -0.172478 -0.981834
v 0.570703 -0.172232 -0.981815
v 0.572239 -0.171925 -0.981868
v 0.571090 -0.171727 -0.981843
v 0.572651 -0.171503 -0.981895
v 0.571661 -0.171080 -0.981879
v 0.571352 -0.171417 -0.981860
v 0.571982 -0.170754 -0.981899
v 0.573155 -0.171036 -0.981927
v 0.572981 -0.169888 -0.981955
v 0.573350 -0.169617 -0.981974
v 0.574064 -0.170338 -0.981979
v 0.573642 -0.169414 -0.981988
v 0.574694 -0.168795 -0.982037
v 0.575596 -0.169455 -0.982055
v 0.575036 -0.168626 -0.982052
v 0.576865 -0.167935 -0.982125
v 0.577456 -0.167782 -0.982148
v 0.578055 -0.167665 -0.982171
v 0.578659 -0.167576 -0.982195
v 0.579554 -0.167498 -0.982231
v 0.580175 -0.168498 -0.982254
v 0.581951 -0.168389 -0.982332
v 0.580631 -0.168516 -0.982274
v 0.579447 -0.168514 -0.982222
v 0.581108 -0.168554 -0.982295
v 0.582299 -0.168753 -0.982349
v 0.582958 -0.168920 -0.982379
v 0.583420 -0.169069 -0.982400
v 0.584517 -0.168407 -0.982435
v 0.585608 -0.168956 -0.982481
v 0.586198 -0.169306 -0.982507
v 0.586846 -0.169755 -0.982535
v 0.587444 -0.170228 -0.982561
v 0.586710 -0.170916 -0.982555
v 0.587180 -0.171330 -0.982579
v 0.588107 -0.170840 -0.982593
v 0.588592 -0.171344 -0.982617
v 0.587918 -0.172092 -0.982620
v 0.589234 -0.172132 -0.982655
v 0.588729 -0.173149 -0.982674
v 0.589499 -0.172505 -0.982672
v 0.588938 -0.173476 -0.982690
v 0.589751 -0.172888 -0.982689
v 0.589250 -0.174016 -0.982717
v 0.590473 -0.174230 -0.982747
v 0.588228 -0.172466 -0.982640
v 0.590615 -0.174556 -0.982761
v 0.590859 -0.175198 -0.982787
v 0.590194 -0.176454 -0.982828
v 0.591068 -0.175851 -0.982814
v 0.591148 -0.176145 -0.982826
v 0.591347 -0.177034 -0.982860
v 0.590475 -0.178213 -0.982902
v 0.591504 -0.178537 -0.982917
v 0.590076 -0.176025 -0.982809
v 0.589934 -0.175575 -0.982789
v 0.590613 -0.180933 -0.983006
v 0.590595 -0.183470 -0.983094
v 0.589593 -0.183266 -0.983103
v 0.590472 -0.183749 -0.983105
v 0.589989 -0.184717 -0.983145
v 0.589174 -0.184112 -0.983142
v 0.588680 -0.184900 -0.983181
v 0.588132 -0.185632 -0.983220
v 0.589155 -0.185947 -0.983203
v 0.588757 -0.186442 -0.983228
v 0.587820 -0.185994 -0.983241
v 0.588349 -0.186895 -0.983251
v 0.588510 -0.185142 -0.983194
v 0.588333 -0.185379 -0.983206
v 0.586784 -0.188269 -0.983332
v 0.586001 -0.188790 -0.983368
v 0.584869 -0.188283 -0.983399
v 0.585225 -0.189226 -0.983401
v 0.584488 -0.189569 -0.983431
v 0.583726 -0.188809 -0.983449
v 0.583776 -0.189844 -0.983458
v 0.582770 -0.189110 -0.983488
v 0.582973 -0.190088 -0.983488
v 0.582305 -0.190247 -0.983513
v 0.581727 -0.189339 -0.983532
v 0.581628 -0.190363 -0.983539
v 0.580763 -0.189454 -0.983573
v 0.580946 -0.190442 -0.983566
v 0.580642 -0.190463 -0.983578
v 0.580090 -0.189478 -0.983602
v 0.580439 -0.190473 -0.983586
v 0.581407 -0.189387 -0.983545
v 0.581086 -0.189425 -0.983559
v 0.578059 -0.189589 -0.983691
v 0.578433 -0.189362 -0.983677
v 0.577177 -0.189091 -0.983736
v 0.576725 -0.188955 -0.983757
v 0.577963 -0.189281 -0.983699
v 0.577647 -0.189213 -0.983714
v 0.576280 -0.188797 -0.983778
v 0.574982 -0.188204 -0.983842
v 0.575500 -0.189571 -0.983795
v 0.574437 -0.189042 -0.983843
v 0.574585 -0.187975 -0.983862
v 0.575830 -0.188616 -0.983800
v 0.575389 -0.188412 -0.983822
v 0.573647 -0.187340 -0.983910
v 0.572714 -0.186541 -0.983961
v 0.573306 -0.187068 -0.983928
v 0.572951 -0.186762 -0.983948
v 0.569925 -0.186378 -0.984037
v 0.568878 -0.184681 -0.984114
v 0.570681 -0.183815 -0.984114
v 0.570536 -0.183525 -0.984129
v 0.571592 -0.185265 -0.984035
v 0.571172 -0.184663 -0.984068
v 0.570834 -0.184100 -0.984099
v 0.568733 -0.184389 -0.984128
v 0.569030 -0.184970 -0.984101
v 0.569191 -0.185254 -0.984088
v 0.569576 -0.185870 -0.984060
v 0.570460 -0.187050 -0.984004
v 0.571151 -0.187800 -0.983967
v 0.573686 -0.188589 -0.983878
v 0.587269 -0.187898 -0.983309
v 0.588028 -0.187222 -0.983269
v 0.587807 -0.187432 -0.983281
v 0.587580 -0.187635 -0.983293
v 0.589961 -0.173236 -0.982704
v 0.590343 -0.173954 -0.982736
v 0.590158 -0.173592 -0.982720
v 0.589049 -0.171890 -0.982643
v 0.588857 -0.171653 -0.982632
v 0.588726 -0.171497 -0.982625
v 0.575972 -0.168230 -0.982090
v 0.574425 -0.168940 -0.982025
v 0.574160 -0.169091 -0.982013
v 0.573899 -0.169250 -0.982001
v 0.572742 -0.170078 -0.981942
v 0.572204 -0.170543 -0.981912
v 0.572431 -0.170340 -0.981925
v 0.571220 -0.171571 -0.981851
v 0.570426 -0.172627 -0.981795
v 0.581654 -0.190354 -0.980711
v 0.582255 -0.190250 -0.980688
v 0.581955 -0.190306 -0.980699
v 0.583340 -0.189978 -0.980647
v 0.584158 -0.189696 -0.980616
v 0.583728 -0.189853 -0.980632
v 0.586239 -0.188636 -0.980530
v 0.585850 -0.188877 -0.980548
v 0.585451 -0.189101 -0.980565
v 0.587220 -0.187945 -0.980484
v 0.589353 -0.185674 -0.980363
v 0.590010 -0.184646 -0.980316
v 0.589528 -0.185424 -0.980351
v 0.589776 -0.185039 -0.980333
v 0.590595 -0.183478 -0.980267
v 0.587270 -0.170072 -0.979726
v 0.587503 -0.170268 -0.979737
v 0.578457 -0.167593 -0.979360
v 0.577655 -0.167731 -0.979328
v 0.578055 -0.167655 -0.979344
v 0.576378 -0.168074 -0.979279
v 0.575994 -0.168209 -0.979264
v 0.576186 -0.168140 -0.979271
v 0.570426 -0.172619 -0.978967
v 0.570207 -0.172962 -0.978950
v 0.569415 -0.174488 -0.978878
v 0.570963 -0.186072 -0.978367
v 0.573984 -0.188765 -0.978209
v 0.574513 -0.189070 -0.978185
v 0.574246 -0.188921 -0.978197
v 0.581754 -0.190328 -0.977880
v 0.587727 -0.187479 -0.977631
v 0.591442 -0.177779 -0.977234
v 0.591338 -0.177024 -0.977206
v 0.591241 -0.176525 -0.977186
v 0.591283 -0.176724 -0.977194
v 0.590430 -0.174121 -0.977089
v 0.590035 -0.173353 -0.977056
v 0.590252 -0.173756 -0.977073
v 0.588948 -0.171733 -0.976982
v 0.568561 -0.180060 -0.975821
v 0.568681 -0.180966 -0.975782
v 0.569024 -0.182373 -0.975719
v 0.569210 -0.182926 -0.975694
v 0.569580 -0.183818 -0.975652
v 0.570049 -0.184720 -0.975608
v 0.569712 -0.184093 -0.975639
v 0.569900 -0.184454 -0.975621
v 0.569804 -0.184274 -0.975630
v 0.586197 -0.188648 -0.974878
v 0.585316 -0.189157 -0.974916
v 0.585937 -0.188809 -0.974889
v 0.585674 -0.188963 -0.974901
v 0.585496 -0.189061 -0.974908
v 0.589078 -0.186024 -0.974726
v 0.589892 -0.184826 -0.974670
v 0.590595 -0.183445 -0.974613
v 0.590190 -0.173637 -0.974241
v 0.587464 -0.170219 -0.974080
v 0.577655 -0.167715 -0.973674
v 0.578054 -0.167639 -0.973689
v 0.576234 -0.168108 -0.973618
v 0.574603 -0.168818 -0.973551
v 0.574072 -0.169119 -0.973527
v 0.574335 -0.168965 -0.973539
v 0.570540 -0.172435 -0.973321
v 0.570234 -0.172903 -0.973297
v 0.572354 -0.187535 -0.972633
v 0.573726 -0.188586 -0.972566
v 0.574115 -0.188827 -0.972548
v 0.574512 -0.189054 -0.972530
v 0.582155 -0.190245 -0.972210
v 0.581754 -0.190314 -0.972225
v 0.587910 -0.187315 -0.971967
v 0.589554 -0.185356 -0.971867
v 0.591133 -0.176064 -0.971514
v 0.591321 -0.176907 -0.971547
v 0.591241 -0.176509 -0.971532
v 0.591283 -0.176708 -0.971539
v 0.590070 -0.173404 -0.971404
v 0.588591 -0.171312 -0.971308
v 0.589048 -0.171857 -0.971334
v 0.588856 -0.171620 -0.971323
v 0.588725 -0.171465 -0.971315
v 0.587656 -0.170377 -0.971262
v 0.587347 -0.170112 -0.971248
v 0.585247 -0.168733 -0.971157
v 0.572129 -0.170581 -0.970598
v 0.571837 -0.170864 -0.970581
v 0.572430 -0.170308 -0.970616
v 0.570961 -0.186049 -0.969885
v 0.571218 -0.186364 -0.969869
v 0.575491 -0.189531 -0.969658
v 0.583919 -0.189753 -0.969316
v 0.584205 -0.189646 -0.969305
v 0.585717 -0.188920 -0.969244
v 0.586110 -0.188686 -0.969227
v 0.587382 -0.187756 -0.969166
v 0.589639 -0.185222 -0.969034
v 0.589855 -0.184877 -0.969018
v 0.590009 -0.184614 -0.969006
v 0.589749 -0.185051 -0.969026
v 0.590613 -0.174516 -0.968624
v 0.590297 -0.173822 -0.968595
v 0.590109 -0.173461 -0.968579
v 0.590205 -0.173641 -0.968587
v 0.578936 -0.167507 -0.968070
v 0.576669 -0.167950 -0.967981
v 0.575709 -0.168287 -0.967943
v 0.576377 -0.168041 -0.967969
v 0.575993 -0.168176 -0.967954
v 0.576185 -0.168107 -0.967962
v 0.574692 -0.168754 -0.967900
v 0.574203 -0.169025 -0.967878
v 0.570454 -0.172545 -0.967660
v 0.568726 -0.181192 -0.967289
v 0.568767 -0.181391 -0.967280
v 0.568837 -0.181688 -0.967267
v 0.571121 -0.186238 -0.967048
v 0.582354 -0.190189 -0.966547
v 0.581552 -0.190327 -0.966578
v 0.581954 -0.190265 -0.966563
v 0.583412 -0.189914 -0.966507
v 0.585911 -0.188810 -0.966409
v 0.589467 -0.185466 -0.966218
v 0.591206 -0.176344 -0.965871
v 0.591067 -0.175802 -0.965850
v 0.591301 -0.176791 -0.965889
v 0.589140 -0.171962 -0.965685
v 0.585316 -0.168748 -0.965505
v 0.586197 -0.169257 -0.965543
v 0.585585 -0.168892 -0.965517
v 0.585850 -0.169044 -0.965528
v 0.572243 -0.170464 -0.964950
v 0.569414 -0.174438 -0.964740
v 0.568584 -0.180382 -0.964496
v 0.570960 -0.186033 -0.964231
v 0.571251 -0.186386 -0.964212
v 0.572352 -0.187512 -0.964151
v 0.572661 -0.187777 -0.964135
v 0.588171 -0.187022 -0.963470
v 0.587227 -0.187872 -0.963520
v 0.587879 -0.187305 -0.963486
v 0.587578 -0.187579 -0.963502
v 0.590491 -0.174220 -0.962958
v 0.589933 -0.173136 -0.962911
v 0.590226 -0.173670 -0.962935
v 0.576281 -0.168060 -0.962311
v 0.575662 -0.168291 -0.962286
v 0.572644 -0.170103 -0.962145
v 0.569711 -0.184052 -0.961502
v 0.569851 -0.184323 -0.961489
v 0.575503 -0.189507 -0.961176
v 0.583192 -0.189964 -0.960861
v 0.584298 -0.189583 -0.960819
v 0.583630 -0.189829 -0.960845
v 0.584014 -0.189694 -0.960830
v 0.583823 -0.189763 -0.960837
v 0.589553 -0.185324 -0.960558
v 0.589801 -0.184939 -0.960540
v 0.591301 -0.176775 -0.960234
v 0.591205 -0.176328 -0.960217
v 0.588522 -0.171204 -0.959995
v 0.588918 -0.171667 -0.960017
v 0.587188 -0.169951 -0.959931
v 0.586866 -0.169703 -0.959917
v 0.587502 -0.170211 -0.959945
v 0.578380 -0.167551 -0.959566
v 0.572165 -0.170514 -0.959291
v 0.568616 -0.180516 -0.958835
v 0.568789 -0.181466 -0.958794
v 0.568706 -0.181067 -0.958811
v 0.569355 -0.183257 -0.958712
v 0.569578 -0.183769 -0.958688
v 0.569997 -0.184582 -0.958649
v 0.569780 -0.184180 -0.958668
v 0.571485 -0.186638 -0.958543
v 0.570929 -0.185976 -0.958578
v 0.571217 -0.186332 -0.958560
v 0.572497 -0.187635 -0.958488
v 0.574511 -0.189013 -0.958394
v 0.590513 -0.174249 -0.957305
v 0.589828 -0.172945 -0.957249
v 0.590341 -0.173881 -0.957290
v 0.590083 -0.173385 -0.957268
v 0.588657 -0.171347 -0.957175
v 0.587442 -0.170155 -0.957116
v 0.577978 -0.167606 -0.956722
v 0.576184 -0.168075 -0.956653
v 0.575993 -0.168144 -0.956645
v 0.575708 -0.168255 -0.956634
v 0.574715 -0.168712 -0.956592
v 0.572399 -0.170279 -0.956478
v 0.570152 -0.172983 -0.956327
v 0.569998 -0.173247 -0.956314
v 0.570313 -0.172725 -0.956340
v 0.569665 -0.183945 -0.955852
v 0.569850 -0.184307 -0.955834
v 0.583338 -0.189905 -0.955201
v 0.583629 -0.189813 -0.955190
v 0.584013 -0.189678 -0.955176
v 0.583822 -0.189747 -0.955183
v 0.586109 -0.188645 -0.955090
v 0.587423 -0.187686 -0.955028
v 0.587841 -0.187315 -0.955006
v 0.588722 -0.186400 -0.954956
v 0.591260 -0.176559 -0.954572
v 0.591194 -0.176262 -0.954560
v 0.586196 -0.169225 -0.954234
v 0.585849 -0.169012 -0.954219
v 0.585495 -0.168811 -0.954203
v 0.577653 -0.167658 -0.953882
v 0.578103 -0.167574 -0.953900
v 0.568630 -0.180600 -0.953176
v 0.568849 -0.181696 -0.953128
v 0.568716 -0.181101 -0.953154
v 0.573895 -0.188638 -0.952767
v 0.574421 -0.188948 -0.952743
v 0.574156 -0.188796 -0.952755
v 0.581424 -0.190299 -0.952447
v 0.582153 -0.190188 -0.952418
v 0.587067 -0.187966 -0.952218
v 0.587804 -0.187342 -0.952181
v 0.588025 -0.187132 -0.952169
v 0.587577 -0.187546 -0.952193
v 0.591319 -0.176851 -0.951756
v 0.591239 -0.176451 -0.951741
v 0.591281 -0.176651 -0.951748
v 0.590428 -0.174048 -0.951643
v 0.589958 -0.173147 -0.951604
v 0.590296 -0.173773 -0.951631
v 0.590108 -0.173413 -0.951616
v 0.590203 -0.173592 -0.951623
v 0.589046 -0.171801 -0.951543
v 0.588855 -0.171563 -0.951532
v 0.588723 -0.171407 -0.951524
v 0.587459 -0.170157 -0.951462
v 0.572779 -0.169957 -0.950844
v 0.571980 -0.170664 -0.950799
v 0.572315 -0.170352 -0.950818
v 0.569473 -0.183513 -0.950217
v 0.570178 -0.184864 -0.950151
v 0.569665 -0.183928 -0.950197
v 0.569947 -0.184469 -0.950171
v 0.569802 -0.184201 -0.950184
v 0.584486 -0.189473 -0.949503
v 0.583338 -0.189888 -0.949546
v 0.584108 -0.189625 -0.949517
v 0.583725 -0.189764 -0.949532
v 0.587804 -0.187334 -0.949353
v 0.587577 -0.187538 -0.949365
v 0.590178 -0.184244 -0.949202
v 0.589350 -0.185584 -0.949262
v 0.589957 -0.184645 -0.949219
v 0.589581 -0.185250 -0.949246
v 0.589801 -0.184907 -0.949231
v 0.579567 -0.167409 -0.949244
v 0.579059 -0.167440 -0.949224
v 0.578505 -0.167500 -0.949202
v 0.578052 -0.167568 -0.949184
v 0.577603 -0.167655 -0.949167
v 0.576911 -0.167825 -0.949140
v 0.576030 -0.168116 -0.949106
v 0.575286 -0.168413 -0.949076
v 0.574602 -0.168749 -0.949046
v 0.573840 -0.169193 -0.949011
v 0.573305 -0.169551 -0.948984
v 0.573019 -0.169763 -0.948970
v 0.572583 -0.170113 -0.948946
v 0.572276 -0.170380 -0.948929
v 0.572053 -0.170588 -0.948916
v 0.571907 -0.170729 -0.948907
v 0.571764 -0.170874 -0.948899
v 0.571623 -0.171021 -0.948890
v 0.571384 -0.171285 -0.948875
v 0.571034 -0.171697 -0.948852
v 0.570775 -0.172034 -0.948833
v 0.570538 -0.172364 -0.948816
v 0.570286 -0.172746 -0.948797
v 0.569997 -0.173225 -0.948773
v 0.569747 -0.173696 -0.948750
v 0.569412 -0.174406 -0.948718
v 0.569538 -0.179756 -0.948494
v 0.569395 -0.176945 -0.948616
v 0.569604 -0.177426 -0.948597
v 0.569533 -0.178087 -0.948568
v 0.569566 -0.177730 -0.948583
v 0.569811 -0.176368 -0.948643
v 0.569681 -0.176966 -0.948617
v 0.570721 -0.173985 -0.948757
v 0.571102 -0.173332 -0.948792
v 0.571877 -0.172245 -0.948854
v 0.572197 -0.171875 -0.948877
v 0.572390 -0.170957 -0.948914
v 0.572506 -0.171544 -0.948898
v 0.574683 -0.169848 -0.949024
v 0.573978 -0.170302 -0.948987
v 0.575954 -0.168705 -0.949093
v 0.581949 -0.168294 -0.949344
v 0.584498 -0.168312 -0.949448
v 0.585767 -0.169569 -0.949512
v 0.585708 -0.168905 -0.949499
v 0.586803 -0.169629 -0.949546
v 0.588027 -0.170661 -0.949602
v 0.587188 -0.169921 -0.949563
v 0.587805 -0.170452 -0.949591
v 0.587501 -0.170181 -0.949577
v 0.588347 -0.170988 -0.949618
v 0.589139 -0.171916 -0.949662
v 0.588724 -0.171401 -0.949639
v 0.589457 -0.172349 -0.949682
v 0.589865 -0.172989 -0.949711
v 0.589747 -0.173795 -0.949735
v 0.590203 -0.173586 -0.949737
v 0.590781 -0.174886 -0.949791
v 0.590612 -0.174461 -0.949774
v 0.590470 -0.174134 -0.949760
v 0.590340 -0.173859 -0.949748
v 0.590908 -0.175243 -0.949806
v 0.591085 -0.175830 -0.949830
v 0.590851 -0.177074 -0.949875
v 0.590110 -0.176054 -0.949827
v 0.590477 -0.178183 -0.949917
v 0.591289 -0.176695 -0.949864
v 0.591353 -0.177045 -0.949877
v 0.591456 -0.177852 -0.949908
v 0.591435 -0.177650 -0.949900
v 0.591398 -0.177347 -0.949889
v 0.591480 -0.178156 -0.949919
v 0.591495 -0.178461 -0.949930
v 0.590610 -0.180838 -0.950019
v 0.590229 -0.181269 -0.950037
v 0.590593 -0.183375 -0.950108
v 0.590405 -0.183792 -0.950123
v 0.590130 -0.184337 -0.950146
v 0.589500 -0.184372 -0.950160
v 0.589082 -0.184161 -0.950161
v 0.588719 -0.184742 -0.950190
v 0.588423 -0.185162 -0.950212
v 0.587539 -0.186196 -0.950271
v 0.586702 -0.186976 -0.950321
v 0.585462 -0.189008 -0.950405
v 0.585066 -0.188081 -0.950403
v 0.584272 -0.188478 -0.950439
v 0.582150 -0.189675 -0.950529
v 0.582666 -0.189042 -0.950506
v 0.582050 -0.189183 -0.950531
v 0.579993 -0.189386 -0.950619
v 0.578056 -0.189494 -0.950704
v 0.579182 -0.189353 -0.950655
v 0.577981 -0.189188 -0.950710
v 0.574822 -0.188019 -0.950862
v 0.574663 -0.188468 -0.950858
v 0.573849 -0.187396 -0.950912
v 0.573341 -0.187005 -0.950939
v 0.589107 -0.185913 -0.950219
v 0.589906 -0.184736 -0.950164
v 0.589609 -0.185210 -0.950185
v 0.589350 -0.185587 -0.950203
v 0.588918 -0.186153 -0.950230
v 0.588502 -0.186641 -0.950255
v 0.588098 -0.187056 -0.950278
v 0.587266 -0.187803 -0.950322
v 0.587878 -0.187267 -0.950290
v 0.587577 -0.187541 -0.950306
v 0.586884 -0.188099 -0.950340
v 0.586086 -0.188643 -0.950377
v 0.584995 -0.189245 -0.950424
v 0.584319 -0.189548 -0.950450
v 0.583410 -0.189865 -0.950485
v 0.582601 -0.190087 -0.950515
v 0.581349 -0.190306 -0.950563
v 0.582078 -0.190195 -0.950535
v 0.581045 -0.190338 -0.950575
v 0.580444 -0.190380 -0.950599
v 0.575514 -0.189477 -0.950808
v 0.574476 -0.188984 -0.950854
v 0.573639 -0.188467 -0.950893
v 0.573304 -0.188236 -0.950909
v 0.572978 -0.187994 -0.950924
v 0.572040 -0.187187 -0.950971
v 0.572505 -0.187607 -0.950947
v 0.571728 -0.186875 -0.950988
v 0.571218 -0.186309 -0.951019
v 0.570835 -0.185834 -0.951043
v 0.570554 -0.185449 -0.951063
v 0.570126 -0.183658 -0.951140
v 0.570475 -0.183305 -0.951148
v 0.570296 -0.182897 -0.951169
v 0.569927 -0.181849 -0.951222
v 0.570047 -0.182230 -0.951203
v 0.570231 -0.184954 -0.951088
v 0.569355 -0.183235 -0.951171
v 0.569947 -0.184472 -0.951112
v 0.569578 -0.183748 -0.951146
v 0.569756 -0.184113 -0.951129
v 0.569083 -0.182496 -0.951205
v 0.568937 -0.182029 -0.951225
v 0.568566 -0.180095 -0.951311
v 0.569509 -0.179286 -0.951343
v 0.569395 -0.176954 -0.951444
v 0.569656 -0.177126 -0.951438
v 0.569749 -0.176634 -0.951459
v 0.569413 -0.174398 -0.951546
v 0.570340 -0.174793 -0.951544
v 0.570845 -0.173769 -0.951596
v 0.568835 -0.181642 -0.951243
v 0.568661 -0.180796 -0.951281
v 0.568745 -0.181246 -0.951261
v 0.568507 -0.179340 -0.951342
v 0.571115 -0.173311 -0.951621
v 0.571501 -0.172743 -0.951653
v 0.571929 -0.172192 -0.951685
v 0.575551 -0.169401 -0.951893
v 0.576196 -0.169123 -0.951922
v 0.577451 -0.168724 -0.951976
v 0.579905 -0.168410 -0.952082
v 0.581949 -0.168302 -0.952170
v 0.581178 -0.168477 -0.952138
v 0.581904 -0.168585 -0.952171
v 0.582769 -0.168782 -0.952210
v 0.583355 -0.168960 -0.952237
v 0.584191 -0.169281 -0.952276
v 0.585029 -0.169689 -0.952315
v 0.569988 -0.173257 -0.951599
v 0.570258 -0.172796 -0.951622
v 0.571117 -0.171605 -0.951684
v 0.570424 -0.172541 -0.951635
v 0.570655 -0.172206 -0.951652
v 0.570898 -0.171880 -0.951670
v 0.571539 -0.171124 -0.951712
v 0.571968 -0.170679 -0.951737
v 0.572222 -0.170442 -0.951753
v 0.572859 -0.169896 -0.951789
v 0.573223 -0.169619 -0.951808
v 0.573727 -0.169268 -0.951832
v 0.574745 -0.168669 -0.951880
v 0.575707 -0.168241 -0.951920
v 0.576960 -0.167819 -0.951969
v 0.576088 -0.168096 -0.951935
v 0.576521 -0.167950 -0.951952
v 0.577347 -0.167719 -0.951984
v 0.579112 -0.167445 -0.952054
v 0.578606 -0.167496 -0.952033
v 0.578002 -0.167586 -0.952010
v 0.579570 -0.167418 -0.952072
v 0.584498 -0.168320 -0.952274
v 0.585164 -0.168632 -0.952302
v 0.585847 -0.169009 -0.952332
v 0.586535 -0.169444 -0.952362
v 0.586906 -0.169712 -0.952378
v 0.587617 -0.171011 -0.952426
v 0.587811 -0.170451 -0.952418
v 0.588521 -0.171182 -0.952454
v 0.588723 -0.171410 -0.952465
v 0.589170 -0.171964 -0.952491
v 0.588983 -0.171723 -0.952480
v 0.588855 -0.171565 -0.952473
v 0.589352 -0.172210 -0.952502
v 0.588185 -0.172328 -0.952477
v 0.588891 -0.173322 -0.952527
v 0.590349 -0.175272 -0.952626
v 0.590158 -0.176236 -0.952662
v 0.591457 -0.177852 -0.952735
v 0.590397 -0.177427 -0.952713
v 0.590502 -0.178470 -0.952756
v 0.590490 -0.179412 -0.952793
v 0.590459 -0.179868 -0.952810
v 0.590342 -0.180732 -0.952843
v 0.590601 -0.182201 -0.952893
v 0.589750 -0.182803 -0.952926
v 0.589226 -0.183915 -0.952977
v 0.588708 -0.186415 -0.953072
v 0.588819 -0.184614 -0.953011
v 0.588329 -0.185296 -0.953046
v 0.588029 -0.185664 -0.953067
v 0.587542 -0.186203 -0.953098
v 0.586781 -0.187516 -0.953157
v 0.586223 -0.187354 -0.953173
v 0.585481 -0.187853 -0.953210
v 0.583334 -0.188854 -0.953305
v 0.582885 -0.188992 -0.953323
v 0.580837 -0.190365 -0.953411
v 0.582274 -0.189144 -0.953349
v 0.580876 -0.189357 -0.953408
v 0.580436 -0.190386 -0.953426
v 0.579733 -0.189390 -0.953458
v 0.578057 -0.189502 -0.953531
v 0.577609 -0.189119 -0.953555
v 0.576519 -0.188799 -0.953606
v 0.575912 -0.188565 -0.953636
v 0.574768 -0.188571 -0.953680
v 0.575269 -0.188267 -0.953668
v 0.574638 -0.187920 -0.953699
v 0.572743 -0.187121 -0.953781
v 0.573219 -0.186912 -0.953773
v 0.572335 -0.186068 -0.953825
v 0.571874 -0.185546 -0.953855
v 0.570595 -0.185515 -0.953887
v 0.571329 -0.184819 -0.953895
v 0.589625 -0.172605 -0.952520
v 0.589958 -0.173149 -0.952545
v 0.590428 -0.174051 -0.952583
v 0.590108 -0.173415 -0.952556
v 0.590296 -0.173775 -0.952572
v 0.590203 -0.173594 -0.952564
v 0.590851 -0.175051 -0.952625
v 0.591170 -0.176157 -0.952670
v 0.591390 -0.177305 -0.952714
v 0.591239 -0.176454 -0.952681
v 0.591319 -0.176853 -0.952697
v 0.591281 -0.176653 -0.952689
v 0.591496 -0.178467 -0.952758
v 0.590610 -0.180846 -0.952846
v 0.590593 -0.183387 -0.952934
v 0.590384 -0.183846 -0.952953
v 0.590130 -0.184345 -0.952974
v 0.589517 -0.185379 -0.953019
v 0.588169 -0.186990 -0.953102
v 0.587729 -0.187413 -0.953125
v 0.587423 -0.187681 -0.953141
v 0.587107 -0.187938 -0.953157
v 0.586741 -0.188213 -0.953175
v 0.586280 -0.188530 -0.953196
v 0.585104 -0.189200 -0.953247
v 0.585936 -0.188746 -0.953212
v 0.585583 -0.188950 -0.953227
v 0.584673 -0.189403 -0.953264
v 0.584156 -0.189617 -0.953284
v 0.583339 -0.189899 -0.953315
v 0.583726 -0.189774 -0.953300
v 0.582947 -0.190010 -0.953329
v 0.582502 -0.190118 -0.953346
v 0.581676 -0.190267 -0.953378
v 0.575518 -0.189485 -0.953635
v 0.575101 -0.189297 -0.953653
v 0.574690 -0.189095 -0.953671
v 0.574332 -0.188900 -0.953688
v 0.573982 -0.188694 -0.953704
v 0.573639 -0.188475 -0.953720
v 0.573181 -0.188154 -0.953742
v 0.571763 -0.186920 -0.953814
v 0.572052 -0.187207 -0.953798
v 0.572818 -0.187876 -0.953759
v 0.572275 -0.187415 -0.953786
v 0.572582 -0.187682 -0.953771
v 0.572427 -0.187550 -0.953779
v 0.571485 -0.186624 -0.953830
v 0.571073 -0.186140 -0.953855
v 0.570367 -0.185177 -0.953904
v 0.569710 -0.184031 -0.953961
v 0.569835 -0.183009 -0.954000
v 0.569107 -0.182577 -0.954029
v 0.570151 -0.184832 -0.953922
v 0.569997 -0.184569 -0.953935
v 0.569850 -0.184302 -0.953948
v 0.569578 -0.183756 -0.953974
v 0.569452 -0.183478 -0.953987
v 0.569280 -0.183055 -0.954007
v 0.568927 -0.181994 -0.954055
v 0.568774 -0.181378 -0.954083
v 0.568624 -0.180579 -0.954117
v 0.568570 -0.180150 -0.954136
v 0.569395 -0.176962 -0.954271
v 0.568541 -0.179846 -0.954149
v 0.568520 -0.179542 -0.954162
v 0.568511 -0.179339 -0.954170
v 0.569882 -0.176124 -0.954310
v 0.569749 -0.176647 -0.954287
v 0.569642 -0.177205 -0.954262
v 0.569405 -0.175501 -0.954328
v 0.569413 -0.174405 -0.954373
v 0.569876 -0.173464 -0.954417
v 0.570655 -0.172214 -0.954479
v 0.570179 -0.172935 -0.954443
v 0.570424 -0.172549 -0.954462
v 0.571300 -0.171381 -0.954525
v 0.571620 -0.171844 -0.954517
v 0.572017 -0.170640 -0.954569
v 0.572740 -0.169999 -0.954609
v 0.573055 -0.169750 -0.954626
v 0.572429 -0.170261 -0.954592
v 0.573388 -0.169508 -0.954643
v 0.573725 -0.169280 -0.954660
v 0.574114 -0.169039 -0.954679
v 0.575010 -0.168555 -0.954719
v 0.574785 -0.169803 -0.954684
v 0.573932 -0.170347 -0.954639
v 0.574478 -0.169986 -0.954668
v 0.574202 -0.170162 -0.954654
v 0.574601 -0.168764 -0.954701
v 0.576781 -0.168925 -0.954775
v 0.578780 -0.167481 -0.954866
v 0.581949 -0.168310 -0.954999
v 0.576051 -0.168107 -0.954762
v 0.577281 -0.167747 -0.954809
v 0.578132 -0.167569 -0.954842
v 0.579562 -0.167423 -0.954899
v 0.583989 -0.168701 -0.955087
v 0.584508 -0.168328 -0.955102
v 0.585226 -0.168671 -0.955133
v 0.586282 -0.169282 -0.955178
v 0.585495 -0.168814 -0.955144
v 0.585980 -0.169093 -0.955165
v 0.586611 -0.169503 -0.955193
v 0.587105 -0.171179 -0.955243
v 0.587068 -0.169844 -0.955213
v 0.587653 -0.170333 -0.955239
v 0.588099 -0.170749 -0.955260
v 0.588417 -0.171078 -0.955276
v 0.588789 -0.171496 -0.955296
v 0.587524 -0.171589 -0.955266
v 0.587938 -0.172040 -0.955290
v 0.589160 -0.171953 -0.955318
v 0.589554 -0.172511 -0.955343
v 0.589609 -0.173554 -0.955378
v 0.589944 -0.175532 -0.955458
v 0.590502 -0.178802 -0.955596
v 0.590611 -0.180854 -0.955673
v 0.589927 -0.182340 -0.955734
v 0.589765 -0.182773 -0.955752
v 0.589232 -0.184891 -0.955837
v 0.588278 -0.185368 -0.955877
v 0.587545 -0.186865 -0.955944
v 0.587971 -0.185742 -0.955898
v 0.586407 -0.187225 -0.955990
v 0.585836 -0.187631 -0.956020
v 0.589932 -0.173114 -0.955370
v 0.590108 -0.173423 -0.955384
v 0.590830 -0.175038 -0.955452
v 0.590203 -0.173602 -0.955391
v 0.590296 -0.173784 -0.955399
v 0.590428 -0.174059 -0.955411
v 0.590612 -0.174477 -0.955428
v 0.591009 -0.175577 -0.955473
v 0.591120 -0.175968 -0.955489
v 0.591194 -0.176264 -0.955501
v 0.591240 -0.176462 -0.955509
v 0.591300 -0.176761 -0.955520
v 0.591405 -0.177439 -0.955546
v 0.591499 -0.178467 -0.955584
v 0.590593 -0.183411 -0.955761
v 0.590141 -0.184330 -0.955800
v 0.589801 -0.184926 -0.955826
v 0.589638 -0.185184 -0.955838
v 0.588919 -0.186169 -0.955885
v 0.589108 -0.185930 -0.955873
v 0.589380 -0.185562 -0.955855
v 0.588722 -0.186403 -0.955897
v 0.588257 -0.186907 -0.955924
v 0.587766 -0.187387 -0.955951
v 0.587423 -0.187689 -0.955968
v 0.587187 -0.187884 -0.955980
v 0.586637 -0.188293 -0.956007
v 0.584751 -0.188791 -0.956080
v 0.586066 -0.188674 -0.956033
v 0.585539 -0.188982 -0.956056
v 0.584858 -0.189325 -0.956084
v 0.584298 -0.189570 -0.956106
v 0.584014 -0.189680 -0.956117
v 0.583046 -0.189993 -0.956153
v 0.583339 -0.189907 -0.956142
v 0.583630 -0.189815 -0.956131
v 0.583822 -0.189749 -0.956124
v 0.582378 -0.190151 -0.956178
v 0.581475 -0.190305 -0.956213
v 0.581589 -0.189755 -0.956207
v 0.580792 -0.190374 -0.956240
v 0.580436 -0.190394 -0.956252
v 0.578057 -0.189510 -0.956358
v 0.577889 -0.189189 -0.956369
v 0.578323 -0.189269 -0.956349
v 0.575518 -0.189493 -0.956461
v 0.576975 -0.188958 -0.956412
v 0.577451 -0.189088 -0.956390
v 0.575147 -0.189330 -0.956478
v 0.574665 -0.189091 -0.956499
v 0.573896 -0.188649 -0.956535
v 0.573598 -0.188454 -0.956549
v 0.574421 -0.188959 -0.956511
v 0.574156 -0.188807 -0.956523
v 0.573221 -0.186923 -0.956600
v 0.573532 -0.187175 -0.956584
v 0.572943 -0.186678 -0.956616
v 0.571660 -0.186076 -0.956670
v 0.572461 -0.186208 -0.956644
v 0.571907 -0.185590 -0.956680
v 0.571427 -0.184965 -0.956715
v 0.573140 -0.188133 -0.956571
v 0.572000 -0.187159 -0.956628
v 0.572661 -0.187754 -0.956594
v 0.571485 -0.186632 -0.956657
v 0.571282 -0.186404 -0.956669
v 0.570567 -0.185480 -0.956717
v 0.570836 -0.185850 -0.956698
v 0.571023 -0.186091 -0.956685
v 0.571151 -0.186249 -0.956677
v 0.570653 -0.184704 -0.956743
v 0.570312 -0.185100 -0.956736
v 0.570126 -0.184796 -0.956751
v 0.569558 -0.183718 -0.956803
v 0.570394 -0.183143 -0.956812
v 0.570060 -0.182308 -0.956855
v 0.569594 -0.180266 -0.956953
v 0.569396 -0.176970 -0.957098
v 0.569668 -0.177066 -0.957096
v 0.569413 -0.174414 -0.957200
v 0.571132 -0.173303 -0.957277
v 0.572705 -0.170692 -0.957415
v 0.572834 -0.171251 -0.957402
v 0.573870 -0.170400 -0.957463
v 0.574257 -0.170136 -0.957484
v 0.574820 -0.169258 -0.957525
v 0.575920 -0.169252 -0.957564
v 0.569898 -0.184400 -0.956771
v 0.569757 -0.184129 -0.956784
v 0.569306 -0.183137 -0.956831
v 0.569084 -0.182512 -0.956859
v 0.568886 -0.181855 -0.956889
v 0.568789 -0.181461 -0.956907
v 0.568637 -0.180662 -0.956942
v 0.568706 -0.181063 -0.956924
v 0.568577 -0.180208 -0.956962
v 0.568507 -0.179357 -0.956998
v 0.569804 -0.173607 -0.957237
v 0.570010 -0.173227 -0.957255
v 0.570868 -0.171937 -0.957322
v 0.570538 -0.172389 -0.957298
v 0.570233 -0.172856 -0.957274
v 0.571190 -0.171534 -0.957344
v 0.571659 -0.171009 -0.957374
v 0.572091 -0.170578 -0.957400
v 0.572429 -0.170269 -0.957420
v 0.572740 -0.170007 -0.957437
v 0.573060 -0.169756 -0.957454
v 0.573305 -0.169575 -0.957466
v 0.573684 -0.169317 -0.957485
v 0.575194 -0.168480 -0.957554
v 0.574782 -0.168678 -0.957536
v 0.574070 -0.169073 -0.957504
v 0.574423 -0.168869 -0.957520
v 0.577933 -0.168154 -0.957657
v 0.575708 -0.168257 -0.957575
v 0.576814 -0.167877 -0.957618
v 0.575992 -0.168147 -0.957586
v 0.576376 -0.168012 -0.957601
v 0.576184 -0.168078 -0.957594
v 0.577819 -0.167625 -0.957657
v 0.578910 -0.167479 -0.957700
v 0.579568 -0.167433 -0.957726
v 0.580235 -0.168428 -0.957750
v 0.581949 -0.168319 -0.957826
v 0.585654 -0.168908 -0.957978
v 0.586432 -0.170622 -0.958036
v 0.587414 -0.170836 -0.958071
v 0.587915 -0.172019 -0.958115
v 0.589236 -0.173905 -0.958209
v 0.589897 -0.175408 -0.958279
v 0.590079 -0.175968 -0.958304
v 0.590445 -0.177832 -0.958384
v 0.590495 -0.178521 -0.958412
v 0.584488 -0.168336 -0.957929
v 0.585178 -0.168661 -0.957958
v 0.586153 -0.169209 -0.958000
v 0.586535 -0.169461 -0.958017
v 0.586866 -0.169697 -0.958031
v 0.588063 -0.170722 -0.958086
v 0.587188 -0.169946 -0.958045
v 0.587731 -0.170407 -0.958070
v 0.587502 -0.170205 -0.958059
v 0.588418 -0.171086 -0.958103
v 0.589139 -0.171940 -0.958144
v 0.588789 -0.171504 -0.958123
v 0.589463 -0.172380 -0.958164
v 0.589775 -0.172861 -0.958186
v 0.590400 -0.174006 -0.958235
v 0.590059 -0.173342 -0.958207
v 0.590250 -0.173702 -0.958223
v 0.590592 -0.174439 -0.958254
v 0.590816 -0.175006 -0.958277
v 0.591003 -0.175558 -0.958300
v 0.591175 -0.176190 -0.958324
v 0.591330 -0.176945 -0.958354
v 0.591446 -0.177801 -0.958387
v 0.591496 -0.178485 -0.958412
v 0.590472 -0.179817 -0.958463
v 0.590293 -0.181011 -0.958508
v 0.590130 -0.181693 -0.958535
v 0.590219 -0.181346 -0.958521
v 0.590611 -0.180863 -0.958501
v 0.590201 -0.184226 -0.958622
v 0.589942 -0.184701 -0.958643
v 0.590593 -0.183410 -0.958589
v 0.589265 -0.185730 -0.958690
v 0.588933 -0.186155 -0.958711
v 0.589468 -0.185445 -0.958677
v 0.589720 -0.185063 -0.958659
v 0.588554 -0.186601 -0.958734
v 0.588155 -0.187025 -0.958757
v 0.587879 -0.187292 -0.958772
v 0.587345 -0.187763 -0.958800
v 0.586987 -0.188047 -0.958818
v 0.587577 -0.187565 -0.958788
v 0.586715 -0.186986 -0.958801
v 0.586386 -0.188474 -0.958846
v 0.585614 -0.188335 -0.958869
v 0.585440 -0.189055 -0.958888
v 0.584416 -0.189528 -0.958929
v 0.582550 -0.189580 -0.958996
v 0.583602 -0.188774 -0.958949
v 0.582234 -0.189172 -0.959005
v 0.583533 -0.189853 -0.958962
v 0.582898 -0.190039 -0.958986
v 0.582154 -0.190205 -0.959014
v 0.581501 -0.190311 -0.959039
v 0.580894 -0.190374 -0.959063
v 0.580436 -0.190402 -0.959081
v 0.578057 -0.189519 -0.959186
v 0.575821 -0.189049 -0.959285
v 0.575498 -0.189501 -0.959289
v 0.574781 -0.189158 -0.959322
v 0.573471 -0.188377 -0.959383
v 0.573810 -0.188602 -0.959367
v 0.574511 -0.189015 -0.959334
v 0.574157 -0.188815 -0.959351
v 0.573171 -0.188163 -0.959397
v 0.572818 -0.187892 -0.959414
v 0.572053 -0.187223 -0.959453
v 0.571772 -0.186164 -0.959492
v 0.572390 -0.187532 -0.959435
v 0.571659 -0.186826 -0.959474
v 0.570972 -0.186051 -0.959515
v 0.570341 -0.185150 -0.959561
v 0.570930 -0.184203 -0.959585
v 0.569086 -0.179965 -0.959797
v 0.569742 -0.181146 -0.959739
v 0.569655 -0.180696 -0.959761
v 0.569507 -0.179190 -0.959831
v 0.569525 -0.178275 -0.959872
v 0.569591 -0.177574 -0.959902
v 0.569698 -0.176916 -0.959931
v 0.569860 -0.173505 -0.960071
v 0.570599 -0.174259 -0.960054
v 0.571435 -0.172086 -0.960159
v 0.570914 -0.173673 -0.960084
v 0.571818 -0.172358 -0.960159
v 0.573852 -0.170425 -0.960289
v 0.573972 -0.169772 -0.960311
v 0.574479 -0.170003 -0.960323
v 0.575293 -0.169548 -0.960363
v 0.577669 -0.168696 -0.960467
v 0.576872 -0.168913 -0.960433
v 0.569973 -0.184541 -0.959591
v 0.569176 -0.182793 -0.959674
v 0.569757 -0.184138 -0.959611
v 0.569578 -0.183772 -0.959628
v 0.569394 -0.183354 -0.959648
v 0.568998 -0.182255 -0.959699
v 0.568653 -0.180771 -0.959765
v 0.568874 -0.181814 -0.959719
v 0.568736 -0.181220 -0.959745
v 0.568584 -0.180267 -0.959787
v 0.568507 -0.179365 -0.959825
v 0.569396 -0.176978 -0.959926
v 0.569414 -0.174422 -0.960027
v 0.570302 -0.172758 -0.960107
v 0.570933 -0.171867 -0.960154
v 0.571521 -0.171166 -0.960193
v 0.571836 -0.170834 -0.960212
v 0.572740 -0.170015 -0.960264
v 0.572128 -0.170551 -0.960230
v 0.572429 -0.170278 -0.960247
v 0.573287 -0.169600 -0.960293
v 0.574217 -0.168983 -0.960339
v 0.575148 -0.168508 -0.960379
v 0.575426 -0.168383 -0.960391
v 0.575790 -0.168231 -0.960405
v 0.576832 -0.167869 -0.960446
v 0.578708 -0.167508 -0.960519
v 0.578053 -0.167603 -0.960494
v 0.579561 -0.167439 -0.960553
v 0.579190 -0.168466 -0.960533
v 0.580384 -0.168442 -0.960585
v 0.581950 -0.168327 -0.960653
v 0.581607 -0.168556 -0.960639
v 0.582596 -0.168758 -0.960684
v 0.583583 -0.169063 -0.960729
v 0.584083 -0.169258 -0.960752
v 0.585208 -0.169813 -0.960805
v 0.584602 -0.169497 -0.960777
v 0.584488 -0.168344 -0.960757
v 0.584883 -0.168519 -0.960773
v 0.586195 -0.170453 -0.960851
v 0.586676 -0.170226 -0.960863
v 0.586669 -0.170820 -0.960874
v 0.587695 -0.171784 -0.960929
v 0.588479 -0.172738 -0.960979
v 0.590226 -0.176528 -0.961155
v 0.590321 -0.176983 -0.961175
v 0.590429 -0.177701 -0.961205
v 0.590486 -0.178340 -0.961232
v 0.590468 -0.179764 -0.961288
v 0.590415 -0.180287 -0.961308
v 0.590611 -0.180871 -0.961328
v 0.590165 -0.181572 -0.961358
v 0.589888 -0.182467 -0.961393
v 0.589281 -0.183833 -0.961454
v 0.585316 -0.168735 -0.960791
v 0.586001 -0.169125 -0.960821
v 0.586811 -0.169673 -0.960856
v 0.587616 -0.170314 -0.960892
v 0.588063 -0.170730 -0.960913
v 0.588487 -0.171169 -0.960934
v 0.588790 -0.171512 -0.960951
v 0.589157 -0.171966 -0.960973
v 0.589638 -0.172655 -0.961003
v 0.589959 -0.173173 -0.961027
v 0.590573 -0.174400 -0.961079
v 0.590341 -0.173892 -0.961058
v 0.590156 -0.173529 -0.961042
v 0.590772 -0.174889 -0.961100
v 0.590984 -0.175521 -0.961125
v 0.591171 -0.176182 -0.961151
v 0.591255 -0.176545 -0.961166
v 0.591460 -0.177935 -0.961219
v 0.591399 -0.177379 -0.961198
v 0.591337 -0.176977 -0.961182
v 0.591497 -0.178490 -0.961240
v 0.590593 -0.183427 -0.961416
v 0.590093 -0.184435 -0.961458
v 0.589748 -0.185029 -0.961485
v 0.589014 -0.186066 -0.961534
v 0.589292 -0.185703 -0.961516
v 0.589496 -0.185411 -0.961502
v 0.588641 -0.186515 -0.961557
v 0.588313 -0.186870 -0.961576
v 0.586987 -0.188055 -0.961645
v 0.587140 -0.187291 -0.961622
v 0.587916 -0.187264 -0.961597
v 0.587462 -0.187672 -0.961621
v 0.586092 -0.187473 -0.961661
v 0.584760 -0.188280 -0.961726
v 0.583608 -0.188780 -0.961776
v 0.581497 -0.190322 -0.961867
v 0.582737 -0.189054 -0.961812
v 0.582056 -0.189216 -0.961840
v 0.580852 -0.190389 -0.961892
v 0.580436 -0.190410 -0.961907
v 0.579448 -0.189404 -0.961953
v 0.578057 -0.189527 -0.962013
v 0.577929 -0.189214 -0.962022
v 0.577378 -0.189084 -0.962048
v 0.576061 -0.188652 -0.962111
v 0.574972 -0.188136 -0.962164
v 0.586555 -0.188369 -0.961665
v 0.585936 -0.188771 -0.961694
v 0.583046 -0.190009 -0.961808
v 0.584299 -0.189586 -0.961761
v 0.583339 -0.189924 -0.961797
v 0.584014 -0.189697 -0.961771
v 0.583630 -0.189831 -0.961786
v 0.583823 -0.189766 -0.961779
v 0.585225 -0.189165 -0.961724
v 0.584744 -0.189395 -0.961743
v 0.585584 -0.188974 -0.961709
v 0.582353 -0.190172 -0.961834
v 0.575508 -0.189509 -0.962116
v 0.574537 -0.187887 -0.962186
v 0.574280 -0.187725 -0.962199
v 0.573079 -0.188104 -0.962228
v 0.572798 -0.186559 -0.962278
v 0.570855 -0.185894 -0.962352
v 0.570118 -0.184799 -0.962407
v 0.571083 -0.184455 -0.962398
v 0.570659 -0.183707 -0.962438
v 0.570314 -0.182967 -0.962477
v 0.574625 -0.189080 -0.962156
v 0.573748 -0.188566 -0.962197
v 0.572661 -0.187772 -0.962249
v 0.572053 -0.187231 -0.962280
v 0.572276 -0.187439 -0.962268
v 0.572428 -0.187575 -0.962261
v 0.571678 -0.186852 -0.962301
v 0.571185 -0.186303 -0.962330
v 0.570525 -0.185432 -0.962375
v 0.569579 -0.183780 -0.962456
v 0.569851 -0.184326 -0.962430
v 0.569711 -0.184056 -0.962443
v 0.569155 -0.182781 -0.962503
v 0.569684 -0.182634 -0.962501
v 0.568836 -0.181675 -0.962553
v 0.568608 -0.180477 -0.962605
v 0.569068 -0.180118 -0.962618
v 0.568544 -0.179870 -0.962631
v 0.568653 -0.180779 -0.962592
v 0.568737 -0.181228 -0.962573
v 0.568511 -0.179363 -0.962652
v 0.569505 -0.179100 -0.962663
v 0.569517 -0.178397 -0.962694
v 0.569396 -0.176986 -0.962753
v 0.569577 -0.177712 -0.962724
v 0.569688 -0.176983 -0.962756
v 0.569832 -0.176326 -0.962784
v 0.570168 -0.175258 -0.962833
v 0.570299 -0.174925 -0.962848
v 0.570417 -0.174652 -0.962862
v 0.569735 -0.173759 -0.962886
v 0.570013 -0.173239 -0.962910
v 0.570746 -0.172116 -0.962968
v 0.570206 -0.172916 -0.962927
v 0.570425 -0.172573 -0.962944
v 0.569414 -0.174440 -0.962855
v 0.571496 -0.171182 -0.963019
v 0.571903 -0.171547 -0.963018
v 0.572202 -0.170489 -0.963061
v 0.572545 -0.170187 -0.963081
v 0.573020 -0.169804 -0.963106
v 0.573389 -0.169533 -0.963125
v 0.573692 -0.169326 -0.963140
v 0.574071 -0.169088 -0.963158
v 0.574468 -0.168861 -0.963177
v 0.575173 -0.168508 -0.963207
v 0.575803 -0.168236 -0.963233
v 0.576570 -0.167966 -0.963263
v 0.576137 -0.168112 -0.963246
v 0.576876 -0.167875 -0.963275
v 0.577480 -0.167725 -0.963298
v 0.578380 -0.167560 -0.963334
v 0.577798 -0.168676 -0.963300
v 0.579158 -0.168477 -0.963359
v 0.581950 -0.168335 -0.963481
v 0.582330 -0.168703 -0.963499
v 0.582763 -0.168812 -0.963519
v 0.584448 -0.169429 -0.963597
v 0.584147 -0.169294 -0.963583
v 0.579551 -0.167443 -0.963380
v 0.584498 -0.168353 -0.963583
v 0.584381 -0.168887 -0.963586
v 0.585135 -0.168651 -0.963611
v 0.585407 -0.168790 -0.963622
v 0.586536 -0.169477 -0.963671
v 0.586197 -0.169252 -0.963656
v 0.585806 -0.169014 -0.963640
v 0.586832 -0.169689 -0.963684
v 0.588063 -0.170739 -0.963740
v 0.587189 -0.169962 -0.963700
v 0.587540 -0.170256 -0.963716
v 0.588370 -0.171846 -0.963777
v 0.588487 -0.171177 -0.963762
v 0.588724 -0.171443 -0.963774
v 0.589171 -0.171997 -0.963800
v 0.588984 -0.171756 -0.963789
v 0.588856 -0.171598 -0.963782
v 0.589411 -0.172325 -0.963816
v 0.589815 -0.172942 -0.963843
v 0.590101 -0.173432 -0.963864
v 0.590673 -0.176404 -0.963982
v 0.590250 -0.176638 -0.963987
v 0.590354 -0.177175 -0.964010
v 0.591497 -0.178498 -0.964066
v 0.590501 -0.179170 -0.964092
v 0.590490 -0.179477 -0.964104
v 0.590406 -0.180369 -0.964138
v 0.590470 -0.179785 -0.964116
v 0.590440 -0.180090 -0.964127
v 0.590363 -0.173946 -0.963887
v 0.590594 -0.174455 -0.963908
v 0.590746 -0.174832 -0.963924
v 0.590986 -0.175529 -0.963952
v 0.591120 -0.175993 -0.963971
v 0.591425 -0.177589 -0.964033
v 0.591370 -0.177186 -0.964018
v 0.591218 -0.176388 -0.963987
v 0.591301 -0.176785 -0.964002
v 0.591465 -0.177994 -0.964048
v 0.590611 -0.180879 -0.964155
v 0.590082 -0.184467 -0.964287
v 0.589411 -0.185545 -0.964335
v 0.590594 -0.183419 -0.964244
v 0.590326 -0.184003 -0.964267
v 0.589802 -0.184951 -0.964308
v 0.589583 -0.185293 -0.964324
v 0.589292 -0.185711 -0.964343
v 0.589171 -0.185874 -0.964351
v 0.588983 -0.186114 -0.964363
v 0.588993 -0.185269 -0.964337
v 0.588689 -0.186465 -0.964381
v 0.588303 -0.186890 -0.964403
v 0.588026 -0.187167 -0.964419
v 0.587108 -0.187971 -0.964466
v 0.586579 -0.187747 -0.964478
v 0.586742 -0.188245 -0.964484
v 0.587424 -0.187714 -0.964450
v 0.587730 -0.187446 -0.964435
v 0.586152 -0.188644 -0.964511
v 0.585717 -0.188907 -0.964530
v 0.584705 -0.189432 -0.964572
v 0.584380 -0.188986 -0.964577
v 0.583061 -0.188969 -0.964626
v 0.579537 -0.189417 -0.964776
v 0.578058 -0.189535 -0.964840
v 0.579076 -0.189385 -0.964797
v 0.577229 -0.189054 -0.964882
v 0.578618 -0.189335 -0.964818
v 0.577527 -0.189131 -0.964868
v 0.577827 -0.189199 -0.964854
v 0.578221 -0.189274 -0.964836
v 0.583533 -0.189869 -0.964617
v 0.582899 -0.190055 -0.964640
v 0.582312 -0.190193 -0.964662
v 0.582054 -0.190242 -0.964672
v 0.581753 -0.190292 -0.964684
v 0.581350 -0.190347 -0.964700
v 0.580825 -0.190400 -0.964720
v 0.580447 -0.190422 -0.964735
v 0.576898 -0.189480 -0.964890
v 0.575519 -0.189517 -0.964943
v 0.575284 -0.188865 -0.964965
v 0.575101 -0.189330 -0.964962
v 0.574781 -0.189174 -0.964977
v 0.573171 -0.187511 -0.965068
v 0.573811 -0.188618 -0.965021
v 0.574511 -0.189032 -0.964989
v 0.574157 -0.188831 -0.965005
v 0.573472 -0.188394 -0.965037
v 0.573020 -0.188064 -0.965059
v 0.572861 -0.186627 -0.965102
v 0.570916 -0.185071 -0.965207
v 0.572045 -0.185779 -0.965152
v 0.571745 -0.185416 -0.965173
v 0.570970 -0.184284 -0.965235
v 0.569283 -0.183096 -0.965315
v 0.570146 -0.182572 -0.965325
v 0.569605 -0.180386 -0.965431
v 0.569538 -0.179761 -0.965460
v 0.569503 -0.179087 -0.965491
v 0.569511 -0.178549 -0.965515
v 0.569654 -0.177184 -0.965574
v 0.569396 -0.176994 -0.965580
v 0.569928 -0.175988 -0.965626
v 0.570411 -0.174673 -0.965688
v 0.570623 -0.174229 -0.965711
v 0.570327 -0.173784 -0.965724
v 0.572229 -0.171889 -0.965843
v 0.572828 -0.171271 -0.965883
v 0.573728 -0.170530 -0.965937
v 0.574562 -0.169968 -0.965982
v 0.574258 -0.170160 -0.965966
v 0.572507 -0.187648 -0.965084
v 0.572017 -0.187203 -0.965109
v 0.571539 -0.186711 -0.965136
v 0.570947 -0.186014 -0.965173
v 0.570330 -0.185143 -0.965217
v 0.569948 -0.184513 -0.965248
v 0.569579 -0.183789 -0.965283
v 0.569757 -0.184154 -0.965266
v 0.569414 -0.183417 -0.965301
v 0.569174 -0.182801 -0.965329
v 0.568998 -0.182271 -0.965354
v 0.568875 -0.181830 -0.965373
v 0.568751 -0.181310 -0.965396
v 0.568646 -0.180736 -0.965422
v 0.568567 -0.180132 -0.965448
v 0.568527 -0.179681 -0.965467
v 0.568511 -0.179372 -0.965479
v 0.569414 -0.174448 -0.965682
v 0.569806 -0.173632 -0.965719
v 0.570180 -0.172968 -0.965752
v 0.570425 -0.172581 -0.965771
v 0.571025 -0.171761 -0.965815
v 0.570776 -0.172083 -0.965797
v 0.570597 -0.172329 -0.965784
v 0.571365 -0.171353 -0.965838
v 0.573391 -0.169544 -0.965953
v 0.571791 -0.170895 -0.965863
v 0.572471 -0.170264 -0.965904
v 0.574034 -0.169119 -0.965984
v 0.575576 -0.169427 -0.966031
v 0.577346 -0.167760 -0.966120
v 0.577317 -0.168792 -0.966107
v 0.580143 -0.168453 -0.966229
v 0.579571 -0.167458 -0.966207
v 0.581950 -0.168343 -0.966308
v 0.583668 -0.169111 -0.966388
v 0.586451 -0.170075 -0.966507
v 0.585060 -0.169750 -0.966453
v 0.585692 -0.170124 -0.966482
v 0.586029 -0.170349 -0.966499
v 0.586778 -0.170925 -0.966535
v 0.587617 -0.171716 -0.966580
v 0.574334 -0.168943 -0.965998
v 0.575241 -0.168482 -0.966038
v 0.574965 -0.168612 -0.966026
v 0.574692 -0.168749 -0.966014
v 0.574512 -0.168844 -0.966006
v 0.576149 -0.168102 -0.966074
v 0.578658 -0.167530 -0.966172
v 0.577853 -0.167653 -0.966140
v 0.578254 -0.167584 -0.966156
v 0.579169 -0.167479 -0.966192
v 0.584489 -0.168360 -0.966410
v 0.585111 -0.168650 -0.966437
v 0.585806 -0.169022 -0.966467
v 0.586240 -0.169288 -0.966486
v 0.586743 -0.169632 -0.966508
v 0.587954 -0.170640 -0.966562
v 0.587189 -0.169970 -0.966527
v 0.587731 -0.170431 -0.966552
v 0.587425 -0.170164 -0.966538
v 0.587579 -0.170296 -0.966545
v 0.588278 -0.170963 -0.966578
v 0.587815 -0.171930 -0.966591
v 0.589262 -0.172127 -0.966633
v 0.588789 -0.171530 -0.966605
v 0.589627 -0.172646 -0.966657
v 0.589984 -0.173234 -0.966683
v 0.590429 -0.174091 -0.966720
v 0.590250 -0.173726 -0.966704
v 0.590590 -0.174451 -0.966735
v 0.590799 -0.174983 -0.966757
v 0.590964 -0.175464 -0.966777
v 0.591117 -0.175984 -0.966798
v 0.591218 -0.176396 -0.966814
v 0.591370 -0.177194 -0.966845
v 0.591407 -0.177452 -0.966854
v 0.591301 -0.176794 -0.966829
v 0.591507 -0.178478 -0.966893
v 0.590612 -0.180887 -0.966983
v 0.590437 -0.180120 -0.966954
v 0.590352 -0.180722 -0.966977
v 0.590601 -0.182346 -0.967033
v 0.589048 -0.185139 -0.967158
v 0.589202 -0.184004 -0.967115
v 0.588987 -0.184373 -0.967133
v 0.588462 -0.185158 -0.967173
v 0.588137 -0.185579 -0.967196
v 0.587268 -0.186517 -0.967251
v 0.587630 -0.186156 -0.967229
v 0.590131 -0.184386 -0.967110
v 0.590593 -0.183444 -0.967071
v 0.589907 -0.184784 -0.967128
v 0.589352 -0.185636 -0.967167
v 0.589666 -0.185173 -0.967145
v 0.589109 -0.185962 -0.967183
v 0.588821 -0.186318 -0.967200
v 0.588399 -0.186793 -0.967225
v 0.587764 -0.187423 -0.967260
v 0.587306 -0.187819 -0.967284
v 0.586947 -0.188103 -0.967301
v 0.586618 -0.188343 -0.967317
v 0.586176 -0.188638 -0.967337
v 0.585516 -0.189025 -0.967366
v 0.584892 -0.189347 -0.967392
v 0.583346 -0.188889 -0.967442
v 0.580456 -0.190433 -0.967562
v 0.580829 -0.189411 -0.967547
v 0.578058 -0.189543 -0.967668
v 0.578331 -0.189300 -0.967658
v 0.577831 -0.189209 -0.967681
v 0.577531 -0.189141 -0.967695
v 0.577172 -0.189047 -0.967712
v 0.576769 -0.188925 -0.967731
v 0.575737 -0.188532 -0.967781
v 0.583388 -0.189924 -0.967449
v 0.584109 -0.189675 -0.967422
v 0.582899 -0.190063 -0.967468
v 0.581401 -0.190348 -0.967525
v 0.582279 -0.190206 -0.967491
v 0.575516 -0.189526 -0.967771
v 0.574987 -0.189282 -0.967795
v 0.574334 -0.188941 -0.967825
v 0.573265 -0.188255 -0.967874
v 0.573640 -0.188516 -0.967857
v 0.573983 -0.188735 -0.967841
v 0.573956 -0.188088 -0.967856
v 0.572819 -0.187917 -0.967896
v 0.572053 -0.187247 -0.967935
v 0.571835 -0.187034 -0.967946
v 0.572468 -0.187623 -0.967913
v 0.571557 -0.186745 -0.967962
v 0.571074 -0.186181 -0.967992
v 0.570597 -0.185554 -0.968024
v 0.570368 -0.185218 -0.968041
v 0.570111 -0.184808 -0.968062
v 0.569130 -0.182694 -0.968163
v 0.569585 -0.183832 -0.968108
v 0.568933 -0.182059 -0.968190
v 0.569612 -0.180448 -0.968256
v 0.569509 -0.179243 -0.968311
v 0.568595 -0.180393 -0.968264
v 0.568837 -0.181691 -0.968207
v 0.568638 -0.180694 -0.968251
v 0.568767 -0.181394 -0.968221
v 0.568688 -0.180995 -0.968238
v 0.568726 -0.181195 -0.968229
v 0.568557 -0.180039 -0.968279
v 0.568510 -0.179383 -0.968307
v 0.569396 -0.177003 -0.968407
v 0.569775 -0.176580 -0.968428
v 0.569414 -0.174466 -0.968509
v 0.569852 -0.173549 -0.968551
v 0.569537 -0.174187 -0.968521
v 0.569712 -0.173820 -0.968538
v 0.571708 -0.171782 -0.968660
v 0.570116 -0.173075 -0.968575
v 0.570511 -0.172463 -0.968605
v 0.570869 -0.171969 -0.968631
v 0.571286 -0.171457 -0.968660
v 0.571802 -0.170896 -0.968692
v 0.572337 -0.170389 -0.968724
v 0.572900 -0.169913 -0.968755
v 0.573403 -0.169546 -0.968780
v 0.574327 -0.169573 -0.968810
v 0.577118 -0.168861 -0.968926
v 0.578043 -0.168642 -0.968965
v 0.574276 -0.168987 -0.968822
v 0.575103 -0.168555 -0.968859
v 0.575781 -0.168264 -0.968887
v 0.576281 -0.168077 -0.968907
v 0.576791 -0.167919 -0.968926
v 0.577422 -0.167751 -0.968952
v 0.577893 -0.167653 -0.968969
v 0.578532 -0.167556 -0.968994
v 0.579114 -0.167494 -0.969017
v 0.579571 -0.167466 -0.969036
v 0.581950 -0.168351 -0.969135
v 0.580745 -0.168483 -0.969083
v 0.581051 -0.168510 -0.969097
v 0.582431 -0.168743 -0.969159
v 0.584265 -0.169362 -0.969243
v 0.586032 -0.170359 -0.969326
v 0.586995 -0.170503 -0.969360
v 0.586961 -0.171093 -0.969372
v 0.588246 -0.172449 -0.969445
v 0.589674 -0.173712 -0.969520
v 0.588922 -0.173413 -0.969493
v 0.589973 -0.175660 -0.969598
v 0.590484 -0.178304 -0.969711
v 0.590502 -0.179004 -0.969739
v 0.590479 -0.179693 -0.969766
v 0.590612 -0.180896 -0.969810
v 0.590124 -0.181744 -0.969845
v 0.589976 -0.182238 -0.969864
v 0.589829 -0.182652 -0.969882
v 0.589613 -0.183182 -0.969905
v 0.589580 -0.184292 -0.969945
v 0.588907 -0.184514 -0.969967
v 0.588500 -0.186698 -0.970047
v 0.586100 -0.188061 -0.970155
v 0.586597 -0.187116 -0.970117
v 0.585967 -0.187584 -0.970150
v 0.584613 -0.188379 -0.970215
v 0.584193 -0.188571 -0.970233
v 0.584509 -0.168369 -0.969239
v 0.585451 -0.168831 -0.969279
v 0.586024 -0.169162 -0.969304
v 0.586661 -0.169581 -0.969331
v 0.587188 -0.169980 -0.969354
v 0.587693 -0.170407 -0.969377
v 0.588100 -0.170790 -0.969397
v 0.588419 -0.171119 -0.969413
v 0.588919 -0.171694 -0.969440
v 0.589343 -0.172243 -0.969466
v 0.589761 -0.172872 -0.969494
v 0.590109 -0.173464 -0.969520
v 0.590205 -0.173643 -0.969528
v 0.590297 -0.173825 -0.969536
v 0.590492 -0.174238 -0.969553
v 0.590672 -0.174659 -0.969571
v 0.590783 -0.174943 -0.969583
v 0.590911 -0.175303 -0.969597
v 0.591099 -0.175936 -0.969623
v 0.591262 -0.176602 -0.969649
v 0.591351 -0.177069 -0.969667
v 0.591456 -0.177933 -0.969700
v 0.591497 -0.178518 -0.969721
v 0.590594 -0.183442 -0.969898
v 0.590226 -0.184214 -0.969930
v 0.589932 -0.184748 -0.969953
v 0.589694 -0.185139 -0.969970
v 0.589394 -0.185581 -0.969991
v 0.588886 -0.186248 -0.970024
v 0.588171 -0.187041 -0.970065
v 0.587767 -0.187428 -0.970087
v 0.587306 -0.187827 -0.970111
v 0.586544 -0.188399 -0.970148
v 0.586067 -0.188715 -0.970170
v 0.585540 -0.189022 -0.970193
v 0.584997 -0.189301 -0.970215
v 0.583092 -0.189469 -0.970284
v 0.584440 -0.189552 -0.970237
v 0.583727 -0.189822 -0.970264
v 0.582923 -0.190063 -0.970294
v 0.582255 -0.190221 -0.970319
v 0.581249 -0.190375 -0.970358
v 0.581451 -0.190351 -0.970350
v 0.581904 -0.190284 -0.970333
v 0.580456 -0.190442 -0.970390
v 0.578058 -0.189551 -0.970494
v 0.575520 -0.189534 -0.970600
v 0.577091 -0.189032 -0.970543
v 0.576483 -0.188834 -0.970572
v 0.574958 -0.189277 -0.970623
v 0.574992 -0.188172 -0.970645
v 0.575265 -0.188315 -0.970632
v 0.574489 -0.189037 -0.970644
v 0.573352 -0.187071 -0.970730
v 0.573928 -0.187506 -0.970700
v 0.574114 -0.188821 -0.970662
v 0.573515 -0.188438 -0.970690
v 0.573142 -0.188173 -0.970708
v 0.572604 -0.187746 -0.970734
v 0.572202 -0.187395 -0.970754
v 0.571801 -0.187005 -0.970776
v 0.572155 -0.186609 -0.970778
v 0.571452 -0.186635 -0.970796
v 0.570686 -0.185686 -0.970845
v 0.571057 -0.186171 -0.970820
v 0.570323 -0.185158 -0.970871
v 0.569374 -0.183340 -0.970960
v 0.570049 -0.184706 -0.970894
v 0.569559 -0.183758 -0.970940
v 0.569829 -0.184305 -0.970914
v 0.569127 -0.182673 -0.970991
v 0.569548 -0.182255 -0.971003
v 0.568875 -0.181847 -0.971028
v 0.568684 -0.180952 -0.971068
v 0.568577 -0.180246 -0.971098
v 0.568505 -0.179407 -0.971134
v 0.569397 -0.177011 -0.971235
v 0.569579 -0.177695 -0.971207
v 0.569814 -0.176421 -0.971262
v 0.570578 -0.173291 -0.971403
v 0.571057 -0.173468 -0.971407
v 0.571920 -0.172261 -0.971476
v 0.572115 -0.172034 -0.971490
v 0.573076 -0.171073 -0.971553
v 0.573500 -0.170135 -0.971595
v 0.573783 -0.170506 -0.971595
v 0.574199 -0.170214 -0.971618
v 0.574725 -0.169890 -0.971645
v 0.575647 -0.169412 -0.971689
v 0.576457 -0.168585 -0.971733
v 0.569414 -0.174464 -0.971337
v 0.570994 -0.171817 -0.971467
v 0.570657 -0.172263 -0.971443
v 0.570398 -0.172640 -0.971424
v 0.569807 -0.173648 -0.971374
v 0.570101 -0.173114 -0.971400
v 0.571365 -0.171370 -0.971492
v 0.571802 -0.170904 -0.971520
v 0.572241 -0.170480 -0.971546
v 0.572584 -0.170177 -0.971565
v 0.572900 -0.169921 -0.971582
v 0.573224 -0.169675 -0.971599
v 0.573600 -0.169414 -0.971618
v 0.574072 -0.169113 -0.971640
v 0.574604 -0.168814 -0.971665
v 0.575195 -0.168520 -0.971690
v 0.576248 -0.168086 -0.971732
v 0.577406 -0.167765 -0.971778
v 0.578658 -0.167546 -0.971827
v 0.578054 -0.167635 -0.971803
v 0.579161 -0.167496 -0.971847
v 0.579571 -0.167475 -0.971862
v 0.581950 -0.168359 -0.971963
v 0.581493 -0.168572 -0.971944
v 0.581930 -0.168646 -0.971963
v 0.582540 -0.168777 -0.971991
v 0.583994 -0.168715 -0.972051
v 0.583016 -0.168908 -0.972012
v 0.584474 -0.169463 -0.972080
v 0.584489 -0.168377 -0.972065
v 0.584676 -0.168458 -0.972073
v 0.585069 -0.168640 -0.972089
v 0.585506 -0.170024 -0.972129
v 0.587509 -0.170964 -0.972212
v 0.587318 -0.171439 -0.972219
v 0.587849 -0.171984 -0.972248
v 0.588234 -0.172444 -0.972272
v 0.589000 -0.173548 -0.972327
v 0.589261 -0.174010 -0.972349
v 0.589579 -0.174656 -0.972379
v 0.591164 -0.176182 -0.972460
v 0.590084 -0.176019 -0.972441
v 0.590196 -0.176440 -0.972459
v 0.591504 -0.178507 -0.972548
v 0.590271 -0.181154 -0.972649
v 0.590069 -0.181941 -0.972680
v 0.590140 -0.184390 -0.972764
v 0.589596 -0.183226 -0.972734
v 0.589375 -0.183689 -0.972755
v 0.586536 -0.169501 -0.972153
v 0.585630 -0.168937 -0.972114
v 0.586154 -0.169250 -0.972137
v 0.586989 -0.169831 -0.972173
v 0.587715 -0.170423 -0.972205
v 0.588419 -0.171127 -0.972240
v 0.588725 -0.171467 -0.972256
v 0.588856 -0.171623 -0.972264
v 0.588985 -0.171780 -0.972271
v 0.589172 -0.172021 -0.972282
v 0.589464 -0.172422 -0.972300
v 0.590053 -0.173350 -0.972342
v 0.590533 -0.174340 -0.972385
v 0.590747 -0.174856 -0.972406
v 0.591000 -0.175602 -0.972436
v 0.591371 -0.177211 -0.972499
v 0.591241 -0.176511 -0.972472
v 0.591321 -0.176910 -0.972488
v 0.591283 -0.176710 -0.972480
v 0.591422 -0.177579 -0.972514
v 0.590612 -0.180904 -0.972637
v 0.589092 -0.186002 -0.972838
v 0.589352 -0.185652 -0.972821
v 0.589828 -0.184931 -0.972788
v 0.589583 -0.185318 -0.972806
v 0.590594 -0.183460 -0.972726
v 0.588671 -0.186507 -0.972864
v 0.588084 -0.187138 -0.972898
v 0.587806 -0.187402 -0.972913
v 0.587463 -0.187705 -0.972930
v 0.587109 -0.187995 -0.972948
v 0.586867 -0.188181 -0.972960
v 0.586235 -0.188018 -0.972977
v 0.586345 -0.188544 -0.972984
v 0.585368 -0.189124 -0.973027
v 0.584789 -0.189406 -0.973051
v 0.585761 -0.188905 -0.973010
v 0.584300 -0.189619 -0.973070
v 0.582426 -0.189649 -0.973137
v 0.583727 -0.189830 -0.973091
v 0.583145 -0.190013 -0.973113
v 0.582702 -0.190129 -0.973130
v 0.582029 -0.190268 -0.973155
v 0.582280 -0.189201 -0.973140
v 0.581632 -0.189323 -0.973167
v 0.580437 -0.190443 -0.973218
v 0.578058 -0.189559 -0.973322
v 0.576905 -0.188984 -0.973379
v 0.577299 -0.189098 -0.973361
v 0.581351 -0.190371 -0.973182
v 0.580895 -0.190415 -0.973200
v 0.575520 -0.189542 -0.973426
v 0.575127 -0.189368 -0.973442
v 0.574692 -0.189152 -0.973463
v 0.574423 -0.189008 -0.973475
v 0.573726 -0.188588 -0.973507
v 0.574083 -0.187626 -0.973519
v 0.574027 -0.188777 -0.973493
v 0.573307 -0.188300 -0.973527
v 0.572859 -0.187278 -0.973566
v 0.572148 -0.187349 -0.973584
v 0.571730 -0.186940 -0.973607
v 0.572780 -0.187901 -0.973552
v 0.570733 -0.185755 -0.973669
v 0.571318 -0.186490 -0.973631
v 0.570424 -0.185319 -0.973691
v 0.569667 -0.183997 -0.973756
v 0.570688 -0.184742 -0.973707
v 0.569125 -0.182689 -0.973818
v 0.570259 -0.185062 -0.973704
v 0.570049 -0.184714 -0.973722
v 0.569852 -0.184359 -0.973739
v 0.569407 -0.183417 -0.973784
v 0.568999 -0.182295 -0.973836
v 0.569147 -0.180728 -0.973902
v 0.569644 -0.180672 -0.973901
v 0.569508 -0.179259 -0.973966
v 0.568654 -0.180811 -0.973902
v 0.568876 -0.181855 -0.973855
v 0.568738 -0.181261 -0.973882
v 0.568585 -0.180308 -0.973923
v 0.568509 -0.179405 -0.973961
v 0.569397 -0.177019 -0.974062
v 0.569545 -0.178031 -0.974020
v 0.569894 -0.176135 -0.974103
v 0.569648 -0.177187 -0.974057
v 0.569843 -0.173585 -0.974205
v 0.569415 -0.174463 -0.974164
v 0.570969 -0.172695 -0.974262
v 0.571146 -0.173335 -0.974242
v 0.571641 -0.171075 -0.974337
v 0.572911 -0.171230 -0.974370
v 0.573366 -0.170201 -0.974417
v 0.574742 -0.169887 -0.974473
v 0.570962 -0.171864 -0.974292
v 0.570050 -0.173210 -0.974223
v 0.570482 -0.172521 -0.974258
v 0.570288 -0.172819 -0.974242
v 0.570598 -0.172354 -0.974266
v 0.570777 -0.172107 -0.974279
v 0.571253 -0.171511 -0.974312
v 0.571909 -0.170803 -0.974353
v 0.572129 -0.170592 -0.974366
v 0.572820 -0.169992 -0.974405
v 0.572546 -0.170219 -0.974390
v 0.573434 -0.169539 -0.974437
v 0.575094 -0.169691 -0.974490
v 0.573964 -0.169189 -0.974463
v 0.574513 -0.168869 -0.974488
v 0.575081 -0.168583 -0.974513
v 0.577113 -0.168393 -0.974587
v 0.576336 -0.169134 -0.974547
v 0.577341 -0.168819 -0.974590
v 0.579154 -0.168511 -0.974667
v 0.581951 -0.168367 -0.974790
v 0.581476 -0.168579 -0.974770
v 0.582274 -0.168725 -0.974806
v 0.575568 -0.168365 -0.974533
v 0.576633 -0.167969 -0.974575
v 0.577654 -0.167717 -0.974615
v 0.578771 -0.167540 -0.974657
v 0.579561 -0.167479 -0.974690
v 0.578105 -0.167634 -0.974632
v 0.582847 -0.168865 -0.974832
v 0.584509 -0.168385 -0.974894
v 0.585227 -0.168729 -0.974924
v 0.586198 -0.169284 -0.974966
v 0.585497 -0.168871 -0.974936
v 0.585851 -0.169072 -0.974951
v 0.586702 -0.169628 -0.974988
v 0.586778 -0.170345 -0.975004
v 0.586410 -0.170657 -0.975000
v 0.587047 -0.171185 -0.975032
v 0.587411 -0.171529 -0.975051
v 0.587749 -0.171883 -0.975070
v 0.588436 -0.172697 -0.975112
v 0.587229 -0.170027 -0.975011
v 0.587749 -0.170475 -0.975035
v 0.588279 -0.170988 -0.975060
v 0.588591 -0.171322 -0.975076
v 0.589234 -0.172110 -0.975113
v 0.588791 -0.171553 -0.975087
v 0.589048 -0.171868 -0.975102
v 0.589498 -0.172483 -0.975131
v 0.589048 -0.172768 -0.975129
v 0.589296 -0.174081 -0.975179
v 0.590678 -0.174689 -0.975226
v 0.589823 -0.175250 -0.975233
v 0.590769 -0.176704 -0.975303
v 0.590390 -0.177424 -0.975328
v 0.590442 -0.177822 -0.975345
v 0.590612 -0.180912 -0.975465
v 0.590458 -0.179936 -0.975429
v 0.590354 -0.180736 -0.975460
v 0.590263 -0.181209 -0.975478
v 0.589984 -0.182229 -0.975518
v 0.589780 -0.182798 -0.975542
v 0.589319 -0.184814 -0.975622
v 0.588849 -0.184620 -0.975626
v 0.588581 -0.185020 -0.975647
v 0.587871 -0.185912 -0.975696
v 0.587332 -0.186480 -0.975729
v 0.589829 -0.172996 -0.975154
v 0.590060 -0.173391 -0.975171
v 0.590834 -0.175103 -0.975243
v 0.590319 -0.173887 -0.975192
v 0.590514 -0.174301 -0.975210
v 0.591010 -0.175634 -0.975265
v 0.591121 -0.176025 -0.975280
v 0.591426 -0.177622 -0.975342
v 0.591457 -0.177917 -0.975353
v 0.591386 -0.177319 -0.975331
v 0.591338 -0.177018 -0.975319
v 0.591229 -0.176470 -0.975298
v 0.591501 -0.178524 -0.975375
v 0.590594 -0.183468 -0.975553
v 0.590142 -0.184387 -0.975591
v 0.589803 -0.184983 -0.975617
v 0.589584 -0.185326 -0.975633
v 0.589352 -0.185660 -0.975649
v 0.589172 -0.185906 -0.975661
v 0.588984 -0.186147 -0.975672
v 0.588715 -0.186471 -0.975689
v 0.588259 -0.186965 -0.975715
v 0.587954 -0.187271 -0.975732
v 0.587634 -0.187567 -0.975748
v 0.587006 -0.188078 -0.975780
v 0.586409 -0.188511 -0.975809
v 0.585937 -0.188811 -0.975830
v 0.584675 -0.189468 -0.975883
v 0.584890 -0.188780 -0.975865
v 0.584158 -0.189682 -0.975902
v 0.585674 -0.188966 -0.975842
v 0.585316 -0.189160 -0.975857
v 0.585044 -0.189296 -0.975868
v 0.585496 -0.189064 -0.975849
v 0.583145 -0.190022 -0.975941
v 0.581394 -0.190375 -0.976008
v 0.582603 -0.190161 -0.975961
v 0.583583 -0.189887 -0.975924
v 0.581955 -0.190290 -0.975986
v 0.580457 -0.190458 -0.976044
v 0.578059 -0.189567 -0.976150
v 0.578252 -0.189313 -0.976144
v 0.576748 -0.188943 -0.976214
v 0.575971 -0.188654 -0.976252
v 0.575445 -0.188419 -0.976277
v 0.574293 -0.188363 -0.976321
v 0.575078 -0.188234 -0.976296
v 0.574158 -0.187684 -0.976342
v 0.573416 -0.187138 -0.976381
v 0.573658 -0.187328 -0.976368
v 0.575520 -0.189550 -0.976252
v 0.575057 -0.189340 -0.976273
v 0.574602 -0.189113 -0.976294
v 0.574094 -0.188823 -0.976318
v 0.573411 -0.188381 -0.976350
v 0.572353 -0.186823 -0.976421
v 0.572340 -0.186140 -0.976443
v 0.570325 -0.185176 -0.976526
v 0.570621 -0.183678 -0.976578
v 0.569806 -0.181491 -0.976689
v 0.568546 -0.179954 -0.976766
v 0.569509 -0.179238 -0.976795
v 0.569513 -0.178586 -0.976824
v 0.569538 -0.178126 -0.976844
v 0.569665 -0.177145 -0.976887
v 0.569569 -0.177811 -0.976858
v 0.569608 -0.177499 -0.976871
v 0.572860 -0.187972 -0.976376
v 0.572299 -0.187494 -0.976404
v 0.571626 -0.186837 -0.976440
v 0.571186 -0.186344 -0.976466
v 0.570673 -0.185681 -0.976501
v 0.570050 -0.184722 -0.976549
v 0.569580 -0.183821 -0.976592
v 0.569423 -0.183472 -0.976609
v 0.569900 -0.184457 -0.976562
v 0.569712 -0.184096 -0.976579
v 0.569804 -0.184277 -0.976571
v 0.569245 -0.183025 -0.976630
v 0.569038 -0.182424 -0.976657
v 0.568873 -0.181858 -0.976683
v 0.568603 -0.180467 -0.976744
v 0.568791 -0.181517 -0.976698
v 0.568671 -0.180919 -0.976725
v 0.568727 -0.181219 -0.976711
v 0.568511 -0.179407 -0.976788
v 0.569397 -0.177027 -0.976890
v 0.569415 -0.174491 -0.976991
v 0.571275 -0.173144 -0.977080
v 0.571563 -0.172733 -0.977104
v 0.571908 -0.172295 -0.977130
v 0.571995 -0.171489 -0.977161
v 0.575268 -0.169613 -0.977325
v 0.575964 -0.169292 -0.977358
v 0.569963 -0.173368 -0.977043
v 0.569538 -0.174212 -0.977003
v 0.569713 -0.173845 -0.977020
v 0.570207 -0.172956 -0.977063
v 0.570540 -0.172445 -0.977089
v 0.570370 -0.172698 -0.977076
v 0.570870 -0.171994 -0.977113
v 0.571154 -0.171636 -0.977133
v 0.571644 -0.171085 -0.977164
v 0.572019 -0.170705 -0.977187
v 0.572354 -0.170393 -0.977207
v 0.572507 -0.170260 -0.977215
v 0.572663 -0.170129 -0.977224
v 0.572900 -0.169937 -0.977237
v 0.573225 -0.169692 -0.977253
v 0.573523 -0.169481 -0.977268
v 0.573942 -0.169210 -0.977289
v 0.575057 -0.168600 -0.977339
v 0.575958 -0.168205 -0.977376
v 0.574784 -0.168735 -0.977327
v 0.574424 -0.168926 -0.977311
v 0.576195 -0.168695 -0.977376
v 0.577332 -0.167800 -0.977429
v 0.577904 -0.167677 -0.977452
v 0.578603 -0.168072 -0.977475
v 0.578583 -0.167574 -0.977478
v 0.579267 -0.167507 -0.977506
v 0.579572 -0.167491 -0.977517
v 0.580492 -0.168494 -0.977554
v 0.581951 -0.168375 -0.977617
v 0.581153 -0.168546 -0.977583
v 0.583720 -0.168629 -0.977693
v 0.585287 -0.169333 -0.977763
v 0.584637 -0.169559 -0.977742
v 0.587031 -0.169878 -0.977829
v 0.585867 -0.170271 -0.977800
v 0.586196 -0.170500 -0.977816
v 0.588444 -0.171167 -0.977896
v 0.587338 -0.171468 -0.977873
v 0.587837 -0.171986 -0.977901
v 0.588148 -0.172354 -0.977920
v 0.588607 -0.172961 -0.977951
v 0.589431 -0.173375 -0.977985
v 0.590884 -0.175254 -0.978076
v 0.589948 -0.175604 -0.978076
v 0.590132 -0.176207 -0.978103
v 0.590502 -0.179199 -0.978228
v 0.590503 -0.178787 -0.978211
v 0.584500 -0.168393 -0.977720
v 0.585272 -0.168761 -0.977753
v 0.585587 -0.168928 -0.977767
v 0.585982 -0.169159 -0.977784
v 0.586495 -0.169490 -0.977806
v 0.586868 -0.169754 -0.977822
v 0.587991 -0.170708 -0.977873
v 0.587386 -0.170164 -0.977845
v 0.587732 -0.170464 -0.977861
v 0.589202 -0.172078 -0.977939
v 0.588823 -0.171600 -0.977917
v 0.589680 -0.172768 -0.977970
v 0.589960 -0.173223 -0.977991
v 0.590284 -0.173827 -0.978017
v 0.590593 -0.174496 -0.978045
v 0.591068 -0.175837 -0.978100
v 0.591371 -0.177227 -0.978154
v 0.591172 -0.176230 -0.978115
v 0.591241 -0.176527 -0.978127
v 0.591321 -0.176926 -0.978143
v 0.591283 -0.176726 -0.978135
v 0.591446 -0.177832 -0.978177
v 0.591498 -0.178538 -0.978203
v 0.590441 -0.180103 -0.978263
v 0.590612 -0.180920 -0.978292
v 0.590171 -0.181601 -0.978320
v 0.590325 -0.180901 -0.978293
v 0.590102 -0.184477 -0.978422
v 0.590594 -0.183489 -0.978380
v 0.589157 -0.185936 -0.978489
v 0.589801 -0.184990 -0.978445
v 0.589470 -0.185502 -0.978468
v 0.588772 -0.186408 -0.978513
v 0.587432 -0.186392 -0.978551
v 0.588207 -0.187028 -0.978545
v 0.587268 -0.187884 -0.978595
v 0.586948 -0.188136 -0.978611
v 0.587881 -0.187349 -0.978563
v 0.587579 -0.187622 -0.978579
v 0.586650 -0.188355 -0.978625
v 0.586239 -0.188630 -0.978644
v 0.584192 -0.188597 -0.978715
v 0.583434 -0.188893 -0.978747
v 0.582699 -0.189600 -0.978781
v 0.581201 -0.189397 -0.978840
v 0.580457 -0.190466 -0.978872
v 0.580460 -0.189457 -0.978872
v 0.577901 -0.189256 -0.978987
v 0.578059 -0.189575 -0.978978
v 0.575988 -0.188670 -0.979078
v 0.575484 -0.188445 -0.979103
v 0.574840 -0.188110 -0.979135
v 0.585651 -0.188984 -0.978670
v 0.584998 -0.189326 -0.978697
v 0.584417 -0.189585 -0.978720
v 0.583680 -0.189863 -0.978748
v 0.583072 -0.190049 -0.978771
v 0.582455 -0.190203 -0.978794
v 0.581250 -0.190399 -0.978840
v 0.582155 -0.190264 -0.978805
v 0.581704 -0.190340 -0.978823
v 0.575520 -0.189558 -0.979080
v 0.575132 -0.189387 -0.979097
v 0.574692 -0.189168 -0.979117
v 0.573782 -0.187427 -0.979188
v 0.572905 -0.186709 -0.979236
v 0.572482 -0.186294 -0.979261
v 0.570667 -0.185687 -0.979329
v 0.571626 -0.185299 -0.979318
v 0.570015 -0.183496 -0.979426
v 0.570228 -0.182801 -0.979451
v 0.569891 -0.181798 -0.979502
v 0.569620 -0.180530 -0.979563
v 0.569521 -0.179549 -0.979608
v 0.569512 -0.178694 -0.979647
v 0.569397 -0.177035 -0.979717
v 0.569890 -0.176162 -0.979758
v 0.569977 -0.174462 -0.979828
v 0.570806 -0.172954 -0.979904
v 0.573097 -0.171082 -0.980036
v 0.573505 -0.170741 -0.980061
v 0.574555 -0.170013 -0.980118
v 0.574294 -0.170177 -0.980104
v 0.573785 -0.188643 -0.979159
v 0.574423 -0.189024 -0.979130
v 0.573897 -0.188714 -0.979154
v 0.574158 -0.188872 -0.979142
v 0.573287 -0.188300 -0.979183
v 0.572740 -0.187886 -0.979209
v 0.572277 -0.187488 -0.979232
v 0.572018 -0.187244 -0.979246
v 0.572507 -0.187690 -0.979221
v 0.571437 -0.186639 -0.979279
v 0.571057 -0.186195 -0.979302
v 0.570261 -0.185078 -0.979359
v 0.569949 -0.184554 -0.979385
v 0.569226 -0.182986 -0.979459
v 0.569396 -0.183411 -0.979439
v 0.569580 -0.183829 -0.979420
v 0.569758 -0.184195 -0.979402
v 0.569109 -0.182650 -0.979475
v 0.568929 -0.182067 -0.979501
v 0.568773 -0.181451 -0.979529
v 0.568665 -0.180898 -0.979552
v 0.568574 -0.180197 -0.979583
v 0.568511 -0.179416 -0.979616
v 0.569415 -0.174488 -0.979818
v 0.569713 -0.173853 -0.979847
v 0.570482 -0.172537 -0.979912
v 0.569901 -0.173492 -0.979865
v 0.570102 -0.173139 -0.979882
v 0.570315 -0.172792 -0.979899
v 0.570748 -0.172165 -0.979932
v 0.570962 -0.171881 -0.979947
v 0.571089 -0.171722 -0.979956
v 0.571369 -0.171390 -0.979974
v 0.573226 -0.169701 -0.980081
v 0.571795 -0.170933 -0.980000
v 0.572472 -0.170305 -0.980040
v 0.575304 -0.169079 -0.980165
v 0.575226 -0.169643 -0.980151
v 0.575879 -0.169335 -0.980181
v 0.576352 -0.169145 -0.980202
v 0.578800 -0.167555 -0.980315
v 0.577354 -0.168830 -0.980245
v 0.578230 -0.168634 -0.980283
v 0.579561 -0.167496 -0.980344
v 0.581951 -0.168383 -0.980445
v 0.581847 -0.168656 -0.980441
v 0.585141 -0.169832 -0.980593
v 0.573836 -0.169287 -0.980111
v 0.574967 -0.168654 -0.980163
v 0.574425 -0.168934 -0.980139
v 0.575569 -0.168381 -0.980188
v 0.575994 -0.168212 -0.980205
v 0.576962 -0.167900 -0.980242
v 0.576669 -0.167985 -0.980231
v 0.576378 -0.168077 -0.980220
v 0.576186 -0.168143 -0.980212
v 0.577308 -0.167812 -0.980256
v 0.578055 -0.167659 -0.980285
v 0.584511 -0.168402 -0.980548
v 0.585597 -0.170102 -0.980615
v 0.585918 -0.170313 -0.980630
v 0.587219 -0.170685 -0.980679
v 0.587373 -0.171507 -0.980703
v 0.588454 -0.172759 -0.980768
v 0.588943 -0.173478 -0.980804
v 0.590743 -0.174866 -0.980888
v 0.589474 -0.174450 -0.980850
v 0.589664 -0.174872 -0.980870
v 0.589837 -0.175299 -0.980890
v 0.589914 -0.175512 -0.980899
v 0.585363 -0.168816 -0.980584
v 0.585982 -0.169167 -0.980611
v 0.586369 -0.169412 -0.980628
v 0.586744 -0.169673 -0.980644
v 0.587111 -0.169947 -0.980660
v 0.587348 -0.170140 -0.980671
v 0.587694 -0.170439 -0.980687
v 0.588137 -0.170859 -0.980708
v 0.588592 -0.171337 -0.980731
v 0.589062 -0.171906 -0.980758
v 0.589556 -0.172584 -0.980789
v 0.589855 -0.173051 -0.980810
v 0.590534 -0.174364 -0.980866
v 0.590011 -0.173319 -0.980822
v 0.590342 -0.173948 -0.980849
v 0.590158 -0.173586 -0.980833
v 0.590901 -0.175312 -0.980906
v 0.590705 -0.176434 -0.980945
v 0.590263 -0.176752 -0.980954
v 0.590389 -0.177427 -0.980983
v 0.591501 -0.178541 -0.981030
v 0.590495 -0.179416 -0.981063
v 0.590450 -0.180050 -0.981088
v 0.590613 -0.180928 -0.981119
v 0.590325 -0.180904 -0.981121
v 0.590227 -0.183044 -0.981198
v 0.590297 -0.184111 -0.981233
v 0.590595 -0.183475 -0.981208
v 0.591040 -0.175748 -0.980923
v 0.591122 -0.176041 -0.980935
v 0.591458 -0.177942 -0.981008
v 0.591426 -0.177638 -0.980997
v 0.591371 -0.177235 -0.980981
v 0.591219 -0.176436 -0.980951
v 0.591302 -0.176834 -0.980966
v 0.589472 -0.184581 -0.981265
v 0.590084 -0.184516 -0.981251
v 0.589856 -0.184913 -0.981268
v 0.588984 -0.186163 -0.981327
v 0.589233 -0.185841 -0.981311
v 0.589412 -0.185594 -0.981299
v 0.589528 -0.185427 -0.981292
v 0.589695 -0.185172 -0.981280
v 0.587868 -0.186621 -0.981371
v 0.588229 -0.187033 -0.981372
v 0.587326 -0.187842 -0.981419
v 0.586743 -0.188295 -0.981448
v 0.586293 -0.188606 -0.981468
v 0.586451 -0.187264 -0.981434
v 0.585934 -0.187642 -0.981461
v 0.586025 -0.188775 -0.981481
v 0.585407 -0.189128 -0.981508
v 0.585135 -0.189268 -0.981519
v 0.585762 -0.188931 -0.981492
v 0.583624 -0.189332 -0.981572
v 0.584721 -0.189463 -0.981535
v 0.582949 -0.190092 -0.981603
v 0.583341 -0.189981 -0.981588
v 0.584253 -0.189661 -0.981554
v 0.583728 -0.189856 -0.981573
v 0.582554 -0.190189 -0.981617
v 0.582155 -0.190272 -0.981632
v 0.581351 -0.190396 -0.981664
v 0.581654 -0.190356 -0.981652
v 0.581855 -0.190325 -0.981644
v 0.580454 -0.190473 -0.981699
v 0.578059 -0.189584 -0.981804
v 0.578249 -0.189328 -0.981798
v 0.577626 -0.189203 -0.981827
v 0.577061 -0.189054 -0.981854
v 0.575866 -0.188625 -0.981912
v 0.575181 -0.188301 -0.981945
v 0.573852 -0.188059 -0.981998
v 0.573973 -0.187573 -0.982006
v 0.571386 -0.186594 -0.982109
v 0.569869 -0.184416 -0.982220
v 0.571448 -0.185066 -0.982159
v 0.570495 -0.183439 -0.982246
v 0.571187 -0.184679 -0.982180
v 0.579902 -0.189473 -0.981724
v 0.583403 -0.188920 -0.981576
v 0.584889 -0.188270 -0.981511
v 0.585427 -0.187968 -0.981486
v 0.586877 -0.186915 -0.981411
v 0.587246 -0.186581 -0.981389
v 0.588165 -0.185586 -0.981331
v 0.589701 -0.183013 -0.981205
v 0.590197 -0.181505 -0.981144
v 0.590019 -0.182134 -0.981169
v 0.586458 -0.170710 -0.980656
v 0.584697 -0.169597 -0.980572
v 0.584258 -0.169390 -0.980552
v 0.577033 -0.168919 -0.980232
v 0.576690 -0.169026 -0.980217
v 0.573904 -0.170444 -0.980083
v 0.569546 -0.179905 -0.979592
v 0.574267 -0.187763 -0.979163
v 0.583817 -0.188752 -0.978731
v 0.586081 -0.187533 -0.978626
v 0.586794 -0.186991 -0.978588
v 0.588402 -0.185272 -0.978487
v 0.587722 -0.186090 -0.978533
v 0.588118 -0.185635 -0.978507
v 0.587919 -0.185870 -0.978520
v 0.589565 -0.183311 -0.978391
v 0.590444 -0.177852 -0.978173
v 0.590485 -0.178354 -0.978194
v 0.579095 -0.168523 -0.977492
v 0.578457 -0.168598 -0.977465
v 0.577866 -0.168703 -0.977439
v 0.577418 -0.168805 -0.977420
v 0.573906 -0.187510 -0.976355
v 0.581341 -0.189373 -0.976007
v 0.583521 -0.188853 -0.975916
v 0.584924 -0.188237 -0.975855
v 0.586342 -0.187331 -0.975785
v 0.585865 -0.170261 -0.974973
v 0.584915 -0.169693 -0.974928
v 0.585564 -0.170066 -0.974959
v 0.585221 -0.169861 -0.974943
v 0.575880 -0.169317 -0.974526
v 0.574327 -0.170139 -0.974452
v 0.574050 -0.170323 -0.974437
v 0.570357 -0.174827 -0.974164
v 0.570095 -0.175495 -0.974133
v 0.569544 -0.179873 -0.973938
v 0.569576 -0.180187 -0.973923
v 0.570172 -0.182642 -0.973804
v 0.570397 -0.183197 -0.973776
v 0.571148 -0.184595 -0.973702
v 0.571713 -0.185398 -0.973658
v 0.571899 -0.185631 -0.973645
v 0.572111 -0.185881 -0.973631
v 0.572580 -0.186381 -0.973602
v 0.572366 -0.186160 -0.973615
v 0.572927 -0.186710 -0.973581
v 0.578102 -0.189277 -0.973323
v 0.580406 -0.189443 -0.973220
v 0.581001 -0.189403 -0.973194
v 0.583444 -0.188872 -0.973091
v 0.584680 -0.188352 -0.973038
v 0.586156 -0.187463 -0.972968
v 0.585319 -0.188008 -0.973010
v 0.585643 -0.187811 -0.972994
v 0.585862 -0.187667 -0.972983
v 0.586965 -0.186815 -0.972924
v 0.587755 -0.186047 -0.972876
v 0.588329 -0.185352 -0.972838
v 0.589069 -0.184251 -0.972781
v 0.589787 -0.175146 -0.972402
v 0.589944 -0.175580 -0.972421
v 0.577727 -0.168718 -0.971779
v 0.570715 -0.174068 -0.971375
v 0.570398 -0.174723 -0.971342
v 0.569942 -0.175961 -0.971283
v 0.569522 -0.178382 -0.971177
v 0.569951 -0.181976 -0.971010
v 0.570359 -0.183098 -0.970953
v 0.570625 -0.183669 -0.970924
v 0.571745 -0.185432 -0.970828
v 0.572546 -0.186336 -0.970776
v 0.575588 -0.188471 -0.970616
v 0.580295 -0.189440 -0.970397
v 0.583248 -0.188929 -0.970273
v 0.583752 -0.188753 -0.970252
v 0.582509 -0.189141 -0.970303
v 0.582806 -0.189063 -0.970291
v 0.579843 -0.168460 -0.969043
v 0.577415 -0.168781 -0.968939
v 0.574138 -0.170247 -0.968787
v 0.572140 -0.171996 -0.968664
v 0.571796 -0.172406 -0.968639
v 0.571433 -0.172890 -0.968611
v 0.570326 -0.174879 -0.968506
v 0.569661 -0.177143 -0.968403
v 0.569521 -0.178353 -0.968351
v 0.569556 -0.177903 -0.968370
v 0.569591 -0.177598 -0.968383
v 0.569547 -0.179882 -0.968282
v 0.569955 -0.181989 -0.968181
v 0.570270 -0.182878 -0.968137
v 0.571898 -0.185614 -0.967990
v 0.572692 -0.186474 -0.967939
v 0.574541 -0.187904 -0.967840
v 0.586009 -0.187549 -0.967321
v 0.586659 -0.187054 -0.967286
v 0.587837 -0.185930 -0.967216
v 0.589612 -0.183174 -0.967077
v 0.589483 -0.183457 -0.967090
v 0.590499 -0.179276 -0.966922
v 0.590479 -0.178226 -0.966881
v 0.590503 -0.178803 -0.966904
v 0.590358 -0.177153 -0.966836
v 0.589438 -0.174344 -0.966711
v 0.589083 -0.173675 -0.966679
v 0.586539 -0.170730 -0.966523
v 0.586246 -0.170505 -0.966509
v 0.582110 -0.168663 -0.966317
v 0.573961 -0.170361 -0.965950
v 0.571522 -0.185122 -0.965190
v 0.571158 -0.184590 -0.965219
v 0.571344 -0.184870 -0.965203
v 0.572604 -0.186381 -0.965117
v 0.573693 -0.187324 -0.965057
v 0.573924 -0.187492 -0.965045
v 0.575216 -0.188273 -0.964979
v 0.576938 -0.188971 -0.964896
v 0.584104 -0.188594 -0.964582
v 0.584385 -0.188470 -0.964570
v 0.585991 -0.187549 -0.964494
v 0.586917 -0.186830 -0.964444
v 0.587696 -0.186075 -0.964398
v 0.588022 -0.185710 -0.964377
v 0.588620 -0.184929 -0.964334
v 0.589164 -0.184079 -0.964292
v 0.589932 -0.182340 -0.964215
v 0.589624 -0.183136 -0.964249
v 0.590166 -0.181576 -0.964184
v 0.588713 -0.173073 -0.963822
v 0.588400 -0.172636 -0.963800
v 0.584724 -0.169562 -0.963610
v 0.577058 -0.168866 -0.963269
v 0.576266 -0.169131 -0.963235
v 0.575231 -0.169588 -0.963188
v 0.573322 -0.170842 -0.963086
v 0.571790 -0.172394 -0.962984
v 0.571034 -0.173480 -0.962923
v 0.569620 -0.180487 -0.962599
v 0.569748 -0.181168 -0.962566
v 0.573686 -0.187305 -0.962229
v 0.575734 -0.188513 -0.962127
v 0.579806 -0.189417 -0.961937
v 0.580165 -0.189418 -0.961921
v 0.586465 -0.187197 -0.961642
v 0.586735 -0.186978 -0.961627
v 0.587254 -0.186515 -0.961597
v 0.588271 -0.185395 -0.961532
v 0.588617 -0.184927 -0.961507
v 0.588985 -0.184367 -0.961479
v 0.589969 -0.182232 -0.961384
v 0.590059 -0.181947 -0.961372
v 0.569590 -0.180262 -0.959781
v 0.569522 -0.179548 -0.959815
v 0.569550 -0.179906 -0.959798
v 0.572174 -0.185913 -0.959489
v 0.573107 -0.186831 -0.959433
v 0.578465 -0.189297 -0.959170
v 0.580223 -0.189409 -0.959091
v 0.581505 -0.189302 -0.959036
v 0.580417 -0.189402 -0.959083
v 0.580724 -0.189386 -0.959069
v 0.582904 -0.189001 -0.958977
v 0.585810 -0.187659 -0.958849
v 0.587013 -0.186729 -0.958784
v 0.587426 -0.186338 -0.958760
v 0.588243 -0.185419 -0.958707
v 0.587746 -0.186005 -0.958740
v 0.587950 -0.185776 -0.958727
v 0.589080 -0.184190 -0.958644
v 0.589682 -0.182984 -0.958588
v 0.585950 -0.170272 -0.958013
v 0.579894 -0.168426 -0.957736
v 0.579536 -0.168436 -0.957720
v 0.579226 -0.168455 -0.957707
v 0.578102 -0.168593 -0.957658
v 0.576619 -0.168985 -0.957595
v 0.570939 -0.184210 -0.956756
v 0.575251 -0.188268 -0.956496
v 0.574728 -0.187984 -0.956522
v 0.574979 -0.188124 -0.956509
v 0.580563 -0.189387 -0.956249
v 0.581736 -0.189258 -0.956199
v 0.582947 -0.188981 -0.956148
v 0.583582 -0.188774 -0.956122
v 0.584113 -0.188564 -0.956099
v 0.589357 -0.183675 -0.955792
v 0.584518 -0.169437 -0.955118
v 0.581533 -0.168529 -0.954982
v 0.582141 -0.168637 -0.955009
v 0.581839 -0.168579 -0.954995
v 0.572277 -0.171804 -0.954537
v 0.570671 -0.174086 -0.954407
v 0.569504 -0.179047 -0.954181
v 0.569547 -0.179946 -0.954141
v 0.569862 -0.181623 -0.954061
v 0.569999 -0.182092 -0.954037
v 0.570437 -0.183227 -0.953980
v 0.570813 -0.183980 -0.953941
v 0.589437 -0.183505 -0.952958
v 0.590368 -0.180578 -0.952838
v 0.590420 -0.180224 -0.952824
v 0.590030 -0.175794 -0.952642
v 0.589909 -0.175424 -0.952626
v 0.586330 -0.170528 -0.952377
v 0.584623 -0.169480 -0.952296
v 0.570621 -0.174188 -0.951574
v 0.572768 -0.186498 -0.950971
v 0.589784 -0.182707 -0.950095
v 0.590075 -0.181854 -0.950060
v 0.590446 -0.179952 -0.949986
v 0.590416 -0.177556 -0.949891
v 0.589828 -0.175171 -0.949787
v 0.588495 -0.172723 -0.949671
v 0.588942 -0.173377 -0.949703
v 0.588229 -0.172374 -0.949653
v 0.586692 -0.170806 -0.949567
v 0.585866 -0.170190 -0.949527
v 0.581949 -0.168583 -0.949346
v 0.580885 -0.168439 -0.949298
v 0.579157 -0.168435 -0.949222
v 0.577777 -0.168640 -0.949163
v 0.577218 -0.168776 -0.949140
v 0.576208 -0.169110 -0.949096
v 0.575197 -0.169563 -0.949050
v 0.570525 -0.174377 -0.948737
v 0.569507 -0.178620 -0.948545
v 0.569504 -0.179089 -0.948524
v 0.569514 -0.179398 -0.948511
v 0.569828 -0.181485 -0.948412
v 0.569729 -0.182720 -0.948359
v 0.570245 -0.182766 -0.948348
v 0.571107 -0.184462 -0.948259
v 0.571408 -0.185697 -0.948207
v 0.573005 -0.186711 -0.948130
v 0.573828 -0.187946 -0.948071
v 0.574265 -0.187673 -0.948063
v 0.574628 -0.187901 -0.948044
v 0.576030 -0.188605 -0.947975
v 0.578056 -0.189486 -0.947876
v 0.577602 -0.189100 -0.947901
v 0.578529 -0.189274 -0.947858
v 0.580435 -0.190369 -0.947771
v 0.580824 -0.190350 -0.947757
v 0.583599 -0.189241 -0.947645
v 0.582700 -0.190056 -0.947684
v 0.584995 -0.189237 -0.947596
v 0.585935 -0.188730 -0.947557
v 0.585672 -0.188884 -0.947568
v 0.580095 -0.189378 -0.947787
v 0.580454 -0.189368 -0.947772
v 0.580813 -0.189347 -0.947756
v 0.582332 -0.189117 -0.947692
v 0.582823 -0.188992 -0.947672
v 0.584331 -0.188442 -0.947609
v 0.585787 -0.187640 -0.947541
v 0.586347 -0.187243 -0.947512
v 0.587535 -0.187569 -0.947481
v 0.588609 -0.186511 -0.947422
v 0.588002 -0.185682 -0.947414
v 0.590039 -0.184498 -0.947326
v 0.589854 -0.184815 -0.947340
v 0.588981 -0.186065 -0.947399
v 0.589320 -0.185620 -0.947377
v 0.589747 -0.184988 -0.947348
v 0.589581 -0.185244 -0.947360
v 0.589815 -0.182640 -0.947265
v 0.590610 -0.180830 -0.947191
v 0.590442 -0.180001 -0.947161
v 0.590483 -0.179528 -0.947143
v 0.590498 -0.179184 -0.947130
v 0.590840 -0.177213 -0.947053
v 0.591497 -0.178445 -0.947103
v 0.591455 -0.177844 -0.947080
v 0.590488 -0.178326 -0.947096
v 0.590502 -0.178826 -0.947116
v 0.590496 -0.178519 -0.947104
v 0.590424 -0.177632 -0.947067
v 0.590326 -0.176976 -0.947040
v 0.590076 -0.175924 -0.946994
v 0.590824 -0.174989 -0.946969
v 0.590632 -0.174500 -0.946948
v 0.589665 -0.172656 -0.946869
v 0.588895 -0.172471 -0.946846
v 0.588854 -0.171549 -0.946818
v 0.588380 -0.171019 -0.946792
v 0.587575 -0.170232 -0.946753
v 0.586986 -0.169757 -0.946727
v 0.585651 -0.170039 -0.946690
v 0.588925 -0.173355 -0.946875
v 0.588367 -0.172525 -0.946834
v 0.587818 -0.171878 -0.946800
v 0.587692 -0.171741 -0.946793
v 0.587059 -0.171116 -0.946758
v 0.587538 -0.171579 -0.946784
v 0.587321 -0.171361 -0.946772
v 0.585105 -0.169716 -0.946664
v 0.585978 -0.169053 -0.946684
v 0.584601 -0.169454 -0.946640
v 0.583173 -0.168884 -0.946574
v 0.581948 -0.168286 -0.946517
v 0.582745 -0.168757 -0.946554
v 0.582375 -0.168664 -0.946538
v 0.582147 -0.168614 -0.946527
v 0.581184 -0.168459 -0.946484
v 0.580857 -0.168428 -0.946468
v 0.581846 -0.168556 -0.946514
v 0.581495 -0.168499 -0.946498
v 0.578293 -0.168026 -0.946362
v 0.579551 -0.167395 -0.946416
v 0.578992 -0.168442 -0.946387
v 0.577880 -0.167593 -0.946350
v 0.576883 -0.167828 -0.946311
v 0.578440 -0.167501 -0.946372
v 0.584507 -0.168304 -0.946620
v 0.588983 -0.171707 -0.946825
v 0.589108 -0.171867 -0.946833
v 0.589380 -0.172235 -0.946850
v 0.589957 -0.173133 -0.946890
v 0.590512 -0.174219 -0.946937
v 0.590340 -0.173851 -0.946921
v 0.590155 -0.173488 -0.946905
v 0.591051 -0.175699 -0.946997
v 0.591169 -0.176141 -0.947015
v 0.591269 -0.176587 -0.947032
v 0.591353 -0.177037 -0.947050
v 0.591404 -0.177389 -0.947063
v 0.590591 -0.183400 -0.947280
v 0.588105 -0.187037 -0.947450
v 0.587146 -0.187890 -0.947500
v 0.586782 -0.188167 -0.947518
v 0.586420 -0.188421 -0.947535
v 0.585404 -0.189030 -0.947580
v 0.584486 -0.189468 -0.947617
v 0.583143 -0.189940 -0.947667
v 0.584060 -0.189637 -0.947633
v 0.583532 -0.189822 -0.947653
v 0.581349 -0.190298 -0.947736
v 0.581952 -0.190209 -0.947712
v 0.575507 -0.189468 -0.947980
v 0.574803 -0.189135 -0.948012
v 0.574243 -0.188834 -0.948037
v 0.573852 -0.188596 -0.948056
v 0.573470 -0.188345 -0.948073
v 0.573099 -0.188077 -0.948091
v 0.572564 -0.187648 -0.948117
v 0.572052 -0.187190 -0.948143
v 0.571275 -0.186389 -0.948186
v 0.570439 -0.185265 -0.948244
v 0.570151 -0.184816 -0.948267
v 0.569577 -0.183740 -0.948319
v 0.569947 -0.184464 -0.948284
v 0.569756 -0.184105 -0.948302
v 0.569336 -0.183180 -0.948346
v 0.569083 -0.182488 -0.948377
v 0.568585 -0.180270 -0.948476
v 0.568873 -0.181781 -0.948409
v 0.568636 -0.180637 -0.948460
v 0.568766 -0.181337 -0.948429
v 0.568686 -0.180938 -0.948447
v 0.568724 -0.181138 -0.948438
v 0.568503 -0.179341 -0.948515
v 0.591495 -0.178450 -0.946257
v 0.584499 -0.168303 -0.946283
v 0.585435 -0.168761 -0.946282
v 0.586576 -0.169461 -0.946280
v 0.587117 -0.169856 -0.946279
v 0.587771 -0.170417 -0.946278
v 0.588449 -0.171092 -0.946276
v 0.589013 -0.171743 -0.946274
v 0.589357 -0.172202 -0.946273
v 0.589680 -0.172676 -0.946272
v 0.589977 -0.173168 -0.946270
v 0.590336 -0.173844 -0.946269
v 0.590576 -0.174365 -0.946267
v 0.590788 -0.174899 -0.946266
v 0.591029 -0.175625 -0.946264
v 0.591240 -0.176460 -0.946262
v 0.591417 -0.177497 -0.946259
v 0.591474 -0.178068 -0.946258
v 0.589472 -0.179642 -0.946254
v 0.589441 -0.179962 -0.946253
v 0.589399 -0.180279 -0.946252
v 0.589492 -0.179322 -0.946255
v 0.589502 -0.179002 -0.946256
v 0.589500 -0.178682 -0.946256
v 0.589488 -0.178361 -0.946257
v 0.589465 -0.178041 -0.946258
v 0.589431 -0.177723 -0.946259
v 0.589387 -0.177405 -0.946260
v 0.589331 -0.177089 -0.946260
v 0.589266 -0.176775 -0.946261
v 0.589189 -0.176464 -0.946262
v 0.589102 -0.176155 -0.946263
v 0.589005 -0.175850 -0.946264
v 0.588897 -0.175548 -0.946264
v 0.588779 -0.175250 -0.946265
v 0.588651 -0.174956 -0.946266
v 0.588514 -0.174666 -0.946267
v 0.588366 -0.174381 -0.946267
v 0.588209 -0.174102 -0.946268
v 0.588043 -0.173827 -0.946269
v 0.587867 -0.173559 -0.946270
v 0.587683 -0.173297 -0.946270
v 0.587490 -0.173041 -0.946271
v 0.587288 -0.172791 -0.946272
v 0.587078 -0.172549 -0.946272
v 0.586860 -0.172314 -0.946273
v 0.586634 -0.172086 -0.946273
v 0.586400 -0.171866 -0.946274
v 0.586159 -0.171654 -0.946275
v 0.585911 -0.171451 -0.946275
v 0.585657 -0.171255 -0.946276
v 0.585396 -0.171069 -0.946276
v 0.585128 -0.170892 -0.946277
v 0.584855 -0.170723 -0.946277
v 0.584577 -0.170564 -0.946277
v 0.584293 -0.170414 -0.946278
v 0.584004 -0.170274 -0.946278
v 0.583711 -0.170144 -0.946279
v 0.583413 -0.170024 -0.946279
v 0.583112 -0.169914 -0.946279
v 0.582807 -0.169814 -0.946280
v 0.581948 -0.168285 -0.946284
v 0.582499 -0.169725 -0.946280
v 0.582188 -0.169646 -0.946280
v 0.581874 -0.169577 -0.946280
v 0.581559 -0.169520 -0.946280
v 0.581241 -0.169472 -0.946281
v 0.580922 -0.169436 -0.946281
v 0.580602 -0.169410 -0.946281
v 0.579569 -0.167401 -0.946286
v 0.580282 -0.169395 -0.946281
v 0.579961 -0.169391 -0.946281
v 0.579640 -0.169398 -0.946281
v 0.578899 -0.167450 -0.946286
v 0.579320 -0.169416 -0.946281
v 0.579000 -0.169444 -0.946281
v 0.578682 -0.169483 -0.946281
v 0.578043 -0.167561 -0.946286
v 0.578365 -0.169533 -0.946281
v 0.577478 -0.167675 -0.946285
v 0.578049 -0.169594 -0.946280
v 0.577737 -0.169665 -0.946280
v 0.577426 -0.169747 -0.946280
v 0.577119 -0.169839 -0.946280
v 0.576815 -0.169941 -0.946280
v 0.576514 -0.170054 -0.946279
v 0.576218 -0.170177 -0.946279
v 0.575516 -0.169399 -0.946281
v 0.576461 -0.167956 -0.946285
v 0.575926 -0.170309 -0.946279
v 0.575638 -0.170452 -0.946278
v 0.575356 -0.170604 -0.946278
v 0.574603 -0.169887 -0.946280
v 0.575078 -0.170766 -0.946278
v 0.574807 -0.170936 -0.946277
v 0.574541 -0.171116 -0.946277
v 0.574282 -0.171305 -0.946276
v 0.574029 -0.171502 -0.946276
v 0.573783 -0.171708 -0.946275
v 0.573544 -0.171922 -0.946275
v 0.573312 -0.172144 -0.946274
v 0.572571 -0.171471 -0.946276
v 0.573088 -0.172374 -0.946274
v 0.572872 -0.172611 -0.946273
v 0.572072 -0.172008 -0.946275
v 0.572664 -0.172855 -0.946272
v 0.572464 -0.173106 -0.946272
v 0.572273 -0.173363 -0.946271
v 0.572091 -0.173627 -0.946271
v 0.571918 -0.173898 -0.946270
v 0.571754 -0.174173 -0.946269
v 0.571600 -0.174454 -0.946268
v 0.571455 -0.174740 -0.946268
v 0.571319 -0.175031 -0.946267
v 0.571194 -0.175326 -0.946266
v 0.571079 -0.175625 -0.946266
v 0.570974 -0.175928 -0.946265
v 0.569993 -0.175724 -0.946265
v 0.570879 -0.176234 -0.946264
v 0.570795 -0.176544 -0.946263
v 0.570721 -0.176856 -0.946262
v 0.570658 -0.177170 -0.946262
v 0.570605 -0.177487 -0.946261
v 0.570563 -0.177804 -0.946260
v 0.570532 -0.178124 -0.946259
v 0.570512 -0.178444 -0.946258
v 0.569503 -0.178749 -0.946258
v 0.570503 -0.178764 -0.946258
v 0.570504 -0.179085 -0.946257
v 0.570516 -0.179405 -0.946256
v 0.570539 -0.179725 -0.946255
v 0.570573 -0.180043 -0.946254
v 0.570618 -0.180361 -0.946253
v 0.570673 -0.180677 -0.946253
v 0.570739 -0.180991 -0.946252
v 0.569856 -0.181570 -0.946250
v 0.570816 -0.181302 -0.946251
v 0.570903 -0.181611 -0.946250
v 0.571000 -0.181916 -0.946249
v 0.571108 -0.182218 -0.946249
v 0.571225 -0.182516 -0.946248
v 0.571353 -0.182811 -0.946247
v 0.571491 -0.183100 -0.946246
v 0.571638 -0.183385 -0.946246
v 0.571795 -0.183665 -0.946245
v 0.571962 -0.183939 -0.946244
v 0.572137 -0.184207 -0.946243
v 0.571424 -0.184932 -0.946242
v 0.572322 -0.184470 -0.946243
v 0.572515 -0.184726 -0.946242
v 0.572021 -0.185691 -0.946240
v 0.572717 -0.184975 -0.946241
v 0.572927 -0.185217 -0.946241
v 0.573145 -0.185453 -0.946240
v 0.572668 -0.186388 -0.946238
v 0.573371 -0.185680 -0.946240
v 0.573604 -0.185900 -0.946239
v 0.573845 -0.186112 -0.946238
v 0.574093 -0.186316 -0.946238
v 0.574348 -0.186511 -0.946237
v 0.573697 -0.187268 -0.946236
v 0.574609 -0.186697 -0.946237
v 0.574281 -0.187680 -0.946234
v 0.574876 -0.186875 -0.946236
v 0.575149 -0.187043 -0.946236
v 0.575428 -0.187202 -0.946236
v 0.574755 -0.187966 -0.946234
v 0.575712 -0.187352 -0.946235
v 0.575381 -0.188304 -0.946233
v 0.576000 -0.187492 -0.946235
v 0.576240 -0.188687 -0.946232
v 0.576294 -0.187622 -0.946234
v 0.576591 -0.187742 -0.946234
v 0.576893 -0.187852 -0.946234
v 0.577197 -0.187952 -0.946234
v 0.577506 -0.188041 -0.946233
v 0.577508 -0.189070 -0.946231
v 0.577817 -0.188121 -0.946233
v 0.578130 -0.188189 -0.946233
v 0.578446 -0.188247 -0.946233
v 0.578347 -0.189240 -0.946230
v 0.578763 -0.188294 -0.946232
v 0.579082 -0.188330 -0.946232
v 0.578944 -0.189319 -0.946230
v 0.579402 -0.188356 -0.946232
v 0.579723 -0.188371 -0.946232
v 0.580043 -0.188375 -0.946232
v 0.579534 -0.189360 -0.946230
v 0.580256 -0.189370 -0.946230
v 0.580364 -0.188368 -0.946232
v 0.580685 -0.188350 -0.946232
v 0.580623 -0.189354 -0.946230
v 0.581004 -0.188322 -0.946232
v 0.581323 -0.188283 -0.946232
v 0.581371 -0.189279 -0.946230
v 0.581640 -0.188233 -0.946232
v 0.581955 -0.188172 -0.946233
v 0.582236 -0.189132 -0.946230
v 0.582268 -0.188101 -0.946233
v 0.583179 -0.188876 -0.946231
v 0.582578 -0.188020 -0.946233
v 0.582886 -0.187927 -0.946233
v 0.583190 -0.187825 -0.946233
v 0.583862 -0.188636 -0.946231
v 0.583490 -0.187712 -0.946234
v 0.583787 -0.187589 -0.946234
v 0.584604 -0.188309 -0.946232
v 0.584079 -0.187457 -0.946234
v 0.584366 -0.187314 -0.946235
v 0.584649 -0.187162 -0.946235
v 0.584926 -0.187001 -0.946235
v 0.585239 -0.187975 -0.946233
v 0.585198 -0.186830 -0.946236
v 0.586057 -0.187446 -0.946234
v 0.585463 -0.186650 -0.946236
v 0.585723 -0.186461 -0.946237
v 0.585976 -0.186264 -0.946237
v 0.586729 -0.186936 -0.946235
v 0.586222 -0.186058 -0.946238
v 0.587087 -0.186625 -0.946236
v 0.586461 -0.185844 -0.946238
v 0.586692 -0.185622 -0.946239
v 0.587554 -0.186168 -0.946237
v 0.586916 -0.185393 -0.946239
v 0.587133 -0.185156 -0.946240
v 0.588116 -0.185536 -0.946239
v 0.587341 -0.184911 -0.946241
v 0.587540 -0.184661 -0.946241
v 0.587731 -0.184403 -0.946242
v 0.588642 -0.184844 -0.946241
v 0.587913 -0.184139 -0.946242
v 0.588086 -0.183869 -0.946243
v 0.589092 -0.184127 -0.946242
v 0.588250 -0.183594 -0.946244
v 0.588405 -0.183312 -0.946245
v 0.589593 -0.183143 -0.946245
v 0.588550 -0.183026 -0.946245
v 0.588685 -0.182735 -0.946246
v 0.588810 -0.182440 -0.946247
v 0.588926 -0.182141 -0.946248
v 0.589031 -0.181838 -0.946248
v 0.589930 -0.182286 -0.946247
v 0.589125 -0.181532 -0.946249
v 0.589210 -0.181222 -0.946250
v 0.590188 -0.181426 -0.946249
v 0.589283 -0.180910 -0.946251
v 0.590296 -0.180946 -0.946250
v 0.589347 -0.180596 -0.946251
v 0.573105 -0.186790 -0.946239
v 0.571033 -0.184332 -0.946243
v 0.570699 -0.183746 -0.946245
v 0.570459 -0.183251 -0.946246
v 0.570121 -0.182424 -0.946248
v 0.569682 -0.180808 -0.946252
v 0.569554 -0.179889 -0.946255
v 0.569512 -0.179327 -0.946256
v 0.569542 -0.178010 -0.946259
v 0.569583 -0.177581 -0.946261
v 0.569668 -0.177052 -0.946262
v 0.569829 -0.176288 -0.946264
v 0.570054 -0.175542 -0.947740
v 0.570278 -0.174927 -0.946267
v 0.570524 -0.174373 -0.946269
v 0.570736 -0.173951 -0.946270
v 0.571043 -0.173416 -0.946271
v 0.571390 -0.172882 -0.946272
v 0.571752 -0.172396 -0.946274
v 0.572284 -0.171769 -0.946275
v 0.572422 -0.171623 -0.946276
v 0.572952 -0.171111 -0.946277
v 0.573465 -0.170673 -0.946278
v 0.573931 -0.170326 -0.946279
v 0.574933 -0.169695 -0.946280
v 0.575149 -0.169579 -0.946281
v 0.575982 -0.169201 -0.948145
v 0.576014 -0.169180 -0.946282
v 0.576530 -0.168982 -0.946282
v 0.576875 -0.168868 -0.946297
v 0.577151 -0.168785 -0.946308
v 0.577683 -0.168655 -0.946331
v 0.578356 -0.168524 -0.946360
v 0.578772 -0.168470 -0.948264
v 0.579609 -0.168401 -0.946414
v 0.580256 -0.168397 -0.946443
v 0.580687 -0.168422 -0.948349
v 0.581456 -0.168500 -0.948383
v 0.581664 -0.168528 -0.947441
v 0.581983 -0.168585 -0.947455
v 0.582444 -0.168686 -0.948428
v 0.582664 -0.168742 -0.948438
v 0.583841 -0.169122 -0.946605
v 0.584560 -0.169437 -0.948525
v 0.585225 -0.169793 -0.948556
v 0.586412 -0.170568 -0.946726
v 0.587010 -0.171079 -0.948643
v 0.587649 -0.171702 -0.948677
v 0.588219 -0.172364 -0.948711
v 0.588940 -0.173386 -0.948763
v 0.589198 -0.173824 -0.946898
v 0.589516 -0.174450 -0.946927
v 0.589769 -0.175035 -0.946954
v 0.589935 -0.175486 -0.946975
v 0.590200 -0.176385 -0.947014
v 0.590367 -0.177222 -0.948937
v 0.590455 -0.177903 -0.948965
v 0.590489 -0.178350 -0.948984
v 0.590499 -0.178638 -0.948995
v 0.590313 -0.180861 -0.949081
v 0.590325 -0.180851 -0.947194
v 0.590092 -0.181790 -0.947230
v 0.589394 -0.183575 -0.947307
v 0.589110 -0.184106 -0.947332
v 0.588780 -0.184642 -0.947358
v 0.588473 -0.185085 -0.947381
v 0.588300 -0.185315 -0.947394
v 0.587613 -0.186113 -0.947439
v 0.587246 -0.186482 -0.949348
v 0.587089 -0.186623 -0.947470
v 0.585785 -0.187646 -0.949428
v 0.585159 -0.188023 -0.947571
v 0.583516 -0.188770 -0.947643
v 0.583011 -0.188942 -0.949550
v 0.582539 -0.189073 -0.949570
v 0.582389 -0.189106 -0.948625
v 0.582187 -0.189151 -0.948633
v 0.582021 -0.189183 -0.947705
v 0.581600 -0.189256 -0.947723
v 0.580989 -0.189337 -0.949635
v 0.581124 -0.189318 -0.947743
v 0.580642 -0.189364 -0.949650
v 0.580210 -0.189380 -0.949669
v 0.579515 -0.189366 -0.947813
v 0.578958 -0.189327 -0.947838
v 0.578076 -0.189201 -0.947878
v 0.577698 -0.189127 -0.949783
v 0.577151 -0.188985 -0.947922
v 0.576804 -0.188880 -0.947938
v 0.575441 -0.188340 -0.949891
v 0.575058 -0.188143 -0.948023
v 0.574830 -0.188022 -0.949922
v 0.573786 -0.187343 -0.948088
v 0.573309 -0.186971 -0.948113
v 0.572626 -0.186354 -0.948152
v 0.572069 -0.185756 -0.948187
v 0.571498 -0.185039 -0.948228
v 0.571228 -0.184653 -0.950136
v 0.570879 -0.184083 -0.948280
v 0.570687 -0.183731 -0.948298
v 0.570438 -0.183215 -0.948325
v 0.570390 -0.183115 -0.950218
v 0.570072 -0.182299 -0.948372
v 0.569926 -0.181843 -0.948394
v 0.569683 -0.180828 -0.948444
v 0.569592 -0.180249 -0.948471
v 0.569516 -0.179436 -0.950396
v 0.569538 -0.178040 -0.950458
v 0.569586 -0.177573 -0.950478
v 0.569742 -0.176668 -0.950517
v 0.569977 -0.175773 -0.948670
v 0.569992 -0.175729 -0.950559
v 0.570112 -0.175365 -0.948689
v 0.570287 -0.174910 -0.948710
v 0.571106 -0.173327 -0.950680
v 0.571535 -0.172685 -0.948828
v 0.572013 -0.172088 -0.950751
v 0.572196 -0.171881 -0.950764
v 0.573398 -0.170737 -0.948954
v 0.572898 -0.171168 -0.948924
v 0.573784 -0.170447 -0.950863
v 0.574360 -0.170049 -0.950894
v 0.575665 -0.169338 -0.949072
v 0.576816 -0.168896 -0.949123
v 0.577050 -0.168831 -0.951018
v 0.577717 -0.168661 -0.951047
v 0.578288 -0.168541 -0.949185
v 0.578554 -0.168501 -0.949196
v 0.578920 -0.168456 -0.949212
v 0.579468 -0.168414 -0.949235
v 0.579770 -0.168403 -0.949249
v 0.580240 -0.168404 -0.949269
v 0.580458 -0.168418 -0.951166
v 0.581035 -0.168459 -0.951192
v 0.581500 -0.168509 -0.949325
v 0.582128 -0.168624 -0.951241
v 0.582263 -0.168647 -0.949360
v 0.582703 -0.168755 -0.949380
v 0.583183 -0.168894 -0.949402
v 0.583696 -0.169075 -0.949425
v 0.583665 -0.169067 -0.951311
v 0.584239 -0.169290 -0.949451
v 0.584939 -0.169632 -0.949483
v 0.585319 -0.169846 -0.949501
v 0.585793 -0.170148 -0.951410
v 0.586346 -0.170533 -0.949550
v 0.587140 -0.171200 -0.949590
v 0.587774 -0.171842 -0.949625
v 0.588497 -0.172733 -0.951557
v 0.589357 -0.174127 -0.949739
v 0.589522 -0.174467 -0.949755
v 0.590258 -0.176662 -0.951740
v 0.590323 -0.176975 -0.949867
v 0.590422 -0.177627 -0.951781
v 0.590485 -0.178312 -0.951809
v 0.590499 -0.179015 -0.949950
v 0.590459 -0.179827 -0.951869
v 0.590356 -0.180642 -0.950013
v 0.590298 -0.180961 -0.951912
v 0.590186 -0.181450 -0.951930
v 0.589935 -0.182297 -0.950078
v 0.589575 -0.183203 -0.950117
v 0.589324 -0.183723 -0.950140
v 0.588231 -0.185411 -0.950226
v 0.587912 -0.185795 -0.950247
v 0.587082 -0.186643 -0.950298
v 0.586003 -0.187510 -0.950358
v 0.585187 -0.188021 -0.952284
v 0.583422 -0.188819 -0.950475
v 0.582750 -0.189025 -0.952388
v 0.582139 -0.189171 -0.952414
v 0.581507 -0.189278 -0.950554
v 0.580741 -0.189359 -0.950586
v 0.578677 -0.189303 -0.950678
v 0.577484 -0.189081 -0.950733
v 0.576946 -0.188931 -0.950759
v 0.576439 -0.188764 -0.950783
v 0.576257 -0.188701 -0.952679
v 0.575949 -0.188572 -0.950807
v 0.575428 -0.188339 -0.950832
v 0.574344 -0.187732 -0.950887
v 0.573364 -0.187030 -0.952824
v 0.572860 -0.186587 -0.952852
v 0.572265 -0.185989 -0.951002
v 0.571920 -0.185596 -0.951024
v 0.571660 -0.185268 -0.951043
v 0.571695 -0.185313 -0.952927
v 0.571376 -0.184879 -0.951064
v 0.571149 -0.184535 -0.951083
v 0.570991 -0.184285 -0.952984
v 0.570792 -0.183931 -0.951115
v 0.570190 -0.182633 -0.951183
v 0.569774 -0.181258 -0.951251
v 0.569614 -0.180416 -0.951291
v 0.569543 -0.179805 -0.951319
v 0.569527 -0.179567 -0.953218
v 0.569507 -0.178678 -0.951370
v 0.569537 -0.178058 -0.953285
v 0.569545 -0.177962 -0.951402
v 0.569808 -0.176395 -0.953357
v 0.569937 -0.175917 -0.951491
v 0.570162 -0.175243 -0.951522
v 0.570311 -0.174870 -0.953427
v 0.570456 -0.174529 -0.951557
v 0.570827 -0.173805 -0.953481
v 0.571231 -0.173142 -0.953517
v 0.571872 -0.172271 -0.953568
v 0.572313 -0.171756 -0.951713
v 0.572634 -0.171425 -0.951734
v 0.572988 -0.171094 -0.951757
v 0.573482 -0.170677 -0.951786
v 0.573958 -0.170322 -0.951813
v 0.574569 -0.169926 -0.951846
v 0.576802 -0.168909 -0.951948
v 0.578016 -0.168599 -0.952000
v 0.578654 -0.168497 -0.952027
v 0.579289 -0.168434 -0.952055
v 0.579723 -0.168421 -0.953961
v 0.580563 -0.168425 -0.952111
v 0.581201 -0.168485 -0.954026
v 0.582610 -0.168744 -0.954090
v 0.583916 -0.169165 -0.952263
v 0.585271 -0.169826 -0.952326
v 0.585601 -0.170026 -0.952342
v 0.585980 -0.170276 -0.952360
v 0.586661 -0.170790 -0.952393
v 0.587392 -0.171457 -0.954317
v 0.587484 -0.171525 -0.952435
v 0.587953 -0.172055 -0.954349
v 0.588522 -0.172769 -0.952500
v 0.589128 -0.173718 -0.954433
v 0.589264 -0.173957 -0.952558
v 0.589512 -0.174455 -0.952581
v 0.589682 -0.174836 -0.952599
v 0.589784 -0.175086 -0.952610
v 0.589908 -0.175425 -0.954512
v 0.590078 -0.175963 -0.954536
v 0.590263 -0.176677 -0.952681
v 0.590395 -0.177369 -0.954597
v 0.590494 -0.178568 -0.954646
v 0.590495 -0.179284 -0.954675
v 0.590354 -0.180666 -0.954727
v 0.590267 -0.181115 -0.954744
v 0.590247 -0.181202 -0.952861
v 0.590139 -0.181642 -0.952878
v 0.590070 -0.181889 -0.954775
v 0.589939 -0.182289 -0.952905
v 0.589747 -0.182820 -0.954813
v 0.589612 -0.183131 -0.952941
v 0.589201 -0.183966 -0.954866
v 0.588694 -0.184807 -0.954907
v 0.587150 -0.186590 -0.953122
v 0.586734 -0.186953 -0.953145
v 0.585827 -0.187633 -0.953193
v 0.584919 -0.188172 -0.953237
v 0.584064 -0.188575 -0.953274
v 0.583996 -0.188608 -0.955164
v 0.583215 -0.188895 -0.955197
v 0.581928 -0.189219 -0.955250
v 0.581557 -0.189278 -0.953379
v 0.580993 -0.189350 -0.955290
v 0.580317 -0.189390 -0.953432
v 0.579919 -0.189397 -0.955337
v 0.579179 -0.189362 -0.953483
v 0.578727 -0.189317 -0.953503
v 0.578126 -0.189223 -0.953531
v 0.577350 -0.189058 -0.955454
v 0.577147 -0.188999 -0.953577
v 0.575686 -0.188473 -0.955534
v 0.575166 -0.188218 -0.955559
v 0.574062 -0.187554 -0.953729
v 0.573590 -0.187211 -0.953753
v 0.573407 -0.187071 -0.955649
v 0.572824 -0.186559 -0.953795
v 0.572489 -0.186237 -0.955701
v 0.571658 -0.185272 -0.953870
v 0.571172 -0.184578 -0.955795
v 0.571017 -0.184331 -0.953922
v 0.570658 -0.183689 -0.953956
v 0.570453 -0.183271 -0.955865
v 0.570323 -0.182975 -0.955880
v 0.570193 -0.182644 -0.954010
v 0.569859 -0.181609 -0.955949
v 0.569702 -0.180931 -0.954094
v 0.569663 -0.180725 -0.955991
v 0.569512 -0.178474 -0.954207
v 0.569530 -0.178173 -0.956108
v 0.569560 -0.177820 -0.954236
v 0.569692 -0.176936 -0.956161
v 0.569827 -0.176332 -0.956187
v 0.570000 -0.175727 -0.956214
v 0.570086 -0.175456 -0.954340
v 0.570236 -0.175058 -0.954359
v 0.570519 -0.174411 -0.956278
v 0.571058 -0.173412 -0.954443
v 0.571280 -0.173068 -0.954462
v 0.571678 -0.172519 -0.954494
v 0.572878 -0.171203 -0.954577
v 0.573511 -0.170663 -0.954615
v 0.574265 -0.170124 -0.955594
v 0.574422 -0.170027 -0.956552
v 0.575105 -0.169628 -0.954699
v 0.575522 -0.169421 -0.954718
v 0.576094 -0.169172 -0.954744
v 0.576777 -0.168933 -0.956661
v 0.577346 -0.168758 -0.954799
v 0.577909 -0.168629 -0.954823
v 0.578604 -0.168513 -0.954852
v 0.578647 -0.168511 -0.956741
v 0.579199 -0.168446 -0.954878
v 0.579935 -0.168419 -0.954910
v 0.580657 -0.168439 -0.954942
v 0.581085 -0.168474 -0.954961
v 0.581222 -0.168488 -0.954967
v 0.581385 -0.168514 -0.956862
v 0.581992 -0.168613 -0.956889
v 0.582466 -0.168710 -0.955024
v 0.582742 -0.168781 -0.955036
v 0.583170 -0.168907 -0.955056
v 0.583646 -0.169069 -0.955078
v 0.584113 -0.169256 -0.955099
v 0.584941 -0.169651 -0.955138
v 0.585412 -0.169918 -0.955160
v 0.586045 -0.170333 -0.955191
v 0.586138 -0.170402 -0.957082
v 0.586704 -0.170832 -0.955223
v 0.587345 -0.171405 -0.957142
v 0.587953 -0.172062 -0.957177
v 0.588290 -0.172471 -0.955312
v 0.588418 -0.172646 -0.957207
v 0.588825 -0.173224 -0.955349
v 0.589152 -0.173760 -0.955375
v 0.589279 -0.173991 -0.955386
v 0.589435 -0.174297 -0.955401
v 0.589698 -0.174885 -0.955428
v 0.590176 -0.176323 -0.955492
v 0.590368 -0.177215 -0.955530
v 0.590450 -0.177896 -0.957446
v 0.590474 -0.178149 -0.955569
v 0.590500 -0.178703 -0.957479
v 0.590490 -0.179426 -0.955620
v 0.590460 -0.179874 -0.955638
v 0.590366 -0.180579 -0.955665
v 0.590218 -0.181333 -0.955694
v 0.590067 -0.181901 -0.955716
v 0.590074 -0.181875 -0.957601
v 0.589572 -0.183230 -0.955772
v 0.589188 -0.183996 -0.955807
v 0.589064 -0.184216 -0.957705
v 0.588951 -0.184400 -0.955827
v 0.588670 -0.184830 -0.955849
v 0.588215 -0.185452 -0.957768
v 0.587349 -0.186418 -0.955938
v 0.586681 -0.187006 -0.955976
v 0.586634 -0.187048 -0.957865
v 0.585929 -0.187573 -0.957902
v 0.585268 -0.187990 -0.957935
v 0.585231 -0.188008 -0.956049
v 0.584727 -0.188281 -0.956072
v 0.584455 -0.188417 -0.957972
v 0.582334 -0.189140 -0.956174
v 0.581828 -0.189247 -0.958081
v 0.581173 -0.189337 -0.956222
v 0.580115 -0.189402 -0.956269
v 0.579565 -0.189392 -0.956293
v 0.579105 -0.189365 -0.956314
v 0.578810 -0.189335 -0.956327
v 0.577628 -0.189135 -0.958268
v 0.577150 -0.189013 -0.958291
v 0.576684 -0.188866 -0.956426
v 0.576237 -0.188705 -0.956447
v 0.575699 -0.188481 -0.956474
v 0.575348 -0.188321 -0.958378
v 0.575014 -0.188149 -0.958394
v 0.574450 -0.187817 -0.956536
v 0.574082 -0.187576 -0.956555
v 0.573775 -0.187364 -0.958457
v 0.572682 -0.186437 -0.958517
v 0.572247 -0.185989 -0.958544
v 0.571817 -0.185486 -0.958573
v 0.571453 -0.185006 -0.958600
v 0.571268 -0.184735 -0.956728
v 0.571108 -0.184489 -0.956741
v 0.570649 -0.183675 -0.956784
v 0.569731 -0.181100 -0.956913
v 0.569496 -0.179036 -0.957010
v 0.569516 -0.178433 -0.958924
v 0.569544 -0.177994 -0.957056
v 0.569594 -0.177536 -0.957076
v 0.569689 -0.176972 -0.958987
v 0.569775 -0.176540 -0.957119
v 0.569883 -0.176119 -0.957138
v 0.570087 -0.175480 -0.959054
v 0.570146 -0.175306 -0.957175
v 0.570504 -0.174449 -0.957217
v 0.570840 -0.173793 -0.957250
v 0.571507 -0.172755 -0.957308
v 0.571928 -0.172211 -0.957340
v 0.572363 -0.171722 -0.957371
v 0.572659 -0.171424 -0.959277
v 0.572949 -0.171150 -0.959296
v 0.573094 -0.171016 -0.957418
v 0.573512 -0.170671 -0.957443
v 0.574822 -0.169792 -0.957513
v 0.575111 -0.169639 -0.959414
v 0.575554 -0.169420 -0.959435
v 0.575372 -0.169501 -0.957539
v 0.576100 -0.169183 -0.959459
v 0.576674 -0.168973 -0.959484
v 0.577188 -0.168809 -0.957619
v 0.578810 -0.168493 -0.957689
v 0.579207 -0.168464 -0.959593
v 0.580865 -0.168464 -0.957779
v 0.581848 -0.168584 -0.957823
v 0.582585 -0.168747 -0.957856
v 0.583038 -0.168875 -0.957877
v 0.583627 -0.169070 -0.957904
v 0.584069 -0.169245 -0.957925
v 0.584468 -0.169421 -0.957943
v 0.585222 -0.169808 -0.959865
v 0.585149 -0.169765 -0.957975
v 0.586701 -0.170834 -0.958050
v 0.587195 -0.171273 -0.958075
v 0.587396 -0.171473 -0.959972
v 0.587601 -0.171677 -0.958097
v 0.588126 -0.172268 -0.958128
v 0.588499 -0.172755 -0.958153
v 0.588748 -0.173110 -0.958170
v 0.588876 -0.173315 -0.960067
v 0.589427 -0.174276 -0.960114
v 0.589660 -0.174801 -0.958251
v 0.589849 -0.175280 -0.960160
v 0.590220 -0.176503 -0.958327
v 0.590349 -0.177134 -0.958354
v 0.590487 -0.178366 -0.960292
v 0.590503 -0.178810 -0.960310
v 0.590503 -0.179010 -0.958431
v 0.590335 -0.180792 -0.958500
v 0.590150 -0.181623 -0.960418
v 0.590074 -0.181894 -0.960429
v 0.590030 -0.182035 -0.958548
v 0.589900 -0.182422 -0.958565
v 0.589385 -0.183628 -0.958617
v 0.589190 -0.184004 -0.960521
v 0.588920 -0.184463 -0.960544
v 0.588658 -0.184854 -0.958677
v 0.587828 -0.185919 -0.960622
v 0.587406 -0.186362 -0.960648
v 0.586308 -0.187307 -0.958823
v 0.585628 -0.187782 -0.960745
v 0.585211 -0.188027 -0.958878
v 0.584518 -0.188391 -0.958909
v 0.584138 -0.188563 -0.958926
v 0.582344 -0.189152 -0.960887
v 0.581994 -0.189222 -0.959015
v 0.581111 -0.189352 -0.959053
v 0.580692 -0.189394 -0.960957
v 0.580409 -0.189408 -0.960970
v 0.579794 -0.189411 -0.959110
v 0.578972 -0.189359 -0.959147
v 0.578014 -0.189222 -0.959191
v 0.577679 -0.189151 -0.959206
v 0.577071 -0.188992 -0.959235
v 0.576444 -0.188790 -0.959265
v 0.575913 -0.188581 -0.959291
v 0.575144 -0.188220 -0.959328
v 0.574715 -0.187984 -0.959350
v 0.574286 -0.187718 -0.959372
v 0.573719 -0.187322 -0.959401
v 0.573194 -0.186911 -0.961316
v 0.572772 -0.186528 -0.959452
v 0.572520 -0.186280 -0.959467
v 0.571804 -0.185473 -0.959514
v 0.571295 -0.184779 -0.959553
v 0.570535 -0.183452 -0.959624
v 0.570111 -0.182458 -0.959675
v 0.569855 -0.181612 -0.959717
v 0.569608 -0.180395 -0.961662
v 0.569508 -0.179215 -0.961717
v 0.569503 -0.178943 -0.959842
v 0.569553 -0.177845 -0.961777
v 0.569682 -0.177007 -0.961813
v 0.569768 -0.176587 -0.961831
v 0.569859 -0.176223 -0.959961
v 0.570114 -0.175398 -0.959999
v 0.570341 -0.174819 -0.960026
v 0.571344 -0.172994 -0.960122
v 0.571858 -0.172308 -0.962049
v 0.572098 -0.172024 -0.962066
v 0.572418 -0.171673 -0.960202
v 0.572824 -0.171268 -0.960228
v 0.573228 -0.170911 -0.960253
v 0.573573 -0.170639 -0.962160
v 0.574880 -0.169766 -0.960343
v 0.575663 -0.169378 -0.962267
v 0.575870 -0.169281 -0.960389
v 0.576363 -0.169083 -0.960411
v 0.576878 -0.168914 -0.962320
v 0.577378 -0.168773 -0.962341
v 0.578263 -0.168579 -0.960493
v 0.578735 -0.168510 -0.960513
v 0.579755 -0.168436 -0.960557
v 0.580197 -0.168442 -0.962464
v 0.581098 -0.168493 -0.960617
v 0.581843 -0.168601 -0.962537
v 0.582125 -0.168651 -0.960663
v 0.582330 -0.168702 -0.962559
v 0.583056 -0.168887 -0.960705
v 0.584799 -0.169600 -0.962673
v 0.585422 -0.169945 -0.962702
v 0.585629 -0.170068 -0.960825
v 0.585827 -0.170203 -0.962721
v 0.586348 -0.170573 -0.962746
v 0.587289 -0.171375 -0.960907
v 0.588003 -0.172130 -0.960947
v 0.588481 -0.172740 -0.962865
v 0.588879 -0.173320 -0.961008
v 0.589062 -0.173629 -0.962910
v 0.589349 -0.174151 -0.962935
v 0.589284 -0.174000 -0.961041
v 0.589717 -0.174945 -0.961085
v 0.589933 -0.175515 -0.961111
v 0.590103 -0.176058 -0.961135
v 0.590183 -0.176359 -0.963035
v 0.590500 -0.178720 -0.963133
v 0.590503 -0.178943 -0.961256
v 0.590337 -0.180782 -0.961327
v 0.590233 -0.181293 -0.961347
v 0.589954 -0.182281 -0.963272
v 0.589854 -0.182567 -0.963283
v 0.589686 -0.182981 -0.961415
v 0.589645 -0.183086 -0.963306
v 0.589435 -0.183541 -0.963327
v 0.588642 -0.184893 -0.963393
v 0.588356 -0.185290 -0.963413
v 0.588048 -0.185674 -0.963434
v 0.587878 -0.185866 -0.961559
v 0.587485 -0.186288 -0.961583
v 0.586985 -0.186763 -0.961613
v 0.585433 -0.187912 -0.961695
v 0.585015 -0.188151 -0.963601
v 0.584162 -0.188563 -0.961752
v 0.583019 -0.188985 -0.963686
v 0.581899 -0.189250 -0.963733
v 0.581170 -0.189360 -0.961877
v 0.580447 -0.189410 -0.961909
v 0.580216 -0.189422 -0.963806
v 0.579724 -0.189420 -0.963827
v 0.579104 -0.189384 -0.963855
v 0.578798 -0.189348 -0.961982
v 0.578226 -0.189269 -0.962008
v 0.578024 -0.189236 -0.963905
v 0.577563 -0.189135 -0.963926
v 0.576521 -0.188825 -0.962088
v 0.576174 -0.188701 -0.963992
v 0.575892 -0.188587 -0.964006
v 0.575404 -0.188360 -0.962143
v 0.575226 -0.188274 -0.964039
v 0.574665 -0.187967 -0.964067
v 0.574194 -0.187673 -0.964090
v 0.573627 -0.187266 -0.964120
v 0.573249 -0.186962 -0.962253
v 0.572409 -0.186172 -0.962301
v 0.571968 -0.185681 -0.962330
v 0.571619 -0.185244 -0.962355
v 0.571494 -0.185080 -0.964251
v 0.570632 -0.183681 -0.964327
v 0.570036 -0.182221 -0.962514
v 0.569557 -0.179995 -0.962622
v 0.569522 -0.179546 -0.962642
v 0.569505 -0.178743 -0.962679
v 0.569565 -0.177837 -0.964605
v 0.569627 -0.177335 -0.964627
v 0.569813 -0.176408 -0.964667
v 0.569942 -0.175939 -0.964688
v 0.570004 -0.175735 -0.962811
v 0.570091 -0.175477 -0.964709
v 0.570310 -0.174905 -0.964736
v 0.570462 -0.174558 -0.964753
v 0.570598 -0.174266 -0.962881
v 0.570771 -0.173935 -0.962898
v 0.571116 -0.173354 -0.964817
v 0.571421 -0.172889 -0.962956
v 0.571939 -0.172219 -0.964882
v 0.572234 -0.171878 -0.963016
v 0.572258 -0.171855 -0.964905
v 0.572710 -0.171387 -0.963048
v 0.573864 -0.170421 -0.963117
v 0.574362 -0.170087 -0.963144
v 0.574799 -0.169821 -0.963166
v 0.574972 -0.169730 -0.965062
v 0.575556 -0.169436 -0.965090
v 0.575616 -0.169400 -0.963206
v 0.576143 -0.169182 -0.965116
v 0.578193 -0.168605 -0.965204
v 0.578406 -0.168562 -0.963326
v 0.579634 -0.168447 -0.963379
v 0.580119 -0.168444 -0.963401
v 0.580924 -0.168484 -0.963436
v 0.582039 -0.168641 -0.963486
v 0.581571 -0.168561 -0.963465
v 0.583197 -0.168939 -0.963539
v 0.583501 -0.169041 -0.963553
v 0.583858 -0.169174 -0.963569
v 0.585222 -0.169830 -0.963633
v 0.586000 -0.170329 -0.965557
v 0.585840 -0.170213 -0.963662
v 0.586386 -0.170606 -0.963688
v 0.587056 -0.171162 -0.963722
v 0.587345 -0.171432 -0.963737
v 0.587658 -0.171753 -0.963754
v 0.588045 -0.172189 -0.963777
v 0.588583 -0.172892 -0.965700
v 0.588964 -0.173467 -0.963842
v 0.589246 -0.173954 -0.963865
v 0.589495 -0.174450 -0.963889
v 0.589694 -0.174896 -0.963910
v 0.589882 -0.175380 -0.963932
v 0.589906 -0.175454 -0.965822
v 0.590125 -0.176150 -0.963966
v 0.590451 -0.177887 -0.964040
v 0.590495 -0.178531 -0.964066
v 0.590501 -0.179158 -0.965978
v 0.590481 -0.179632 -0.965996
v 0.590456 -0.179931 -0.965060
v 0.590420 -0.180263 -0.966020
v 0.590371 -0.180602 -0.964147
v 0.590290 -0.181035 -0.964163
v 0.590059 -0.181959 -0.966085
v 0.589856 -0.182564 -0.966110
v 0.589616 -0.183159 -0.966136
v 0.588564 -0.185013 -0.966226
v 0.588290 -0.185379 -0.964358
v 0.588202 -0.185493 -0.966251
v 0.587347 -0.186434 -0.964419
v 0.586648 -0.187063 -0.966346
v 0.586505 -0.187173 -0.964467
v 0.585619 -0.187805 -0.966400
v 0.585178 -0.188061 -0.964534
v 0.584680 -0.188329 -0.964557
v 0.584450 -0.188445 -0.966454
v 0.583842 -0.188705 -0.966480
v 0.583746 -0.188738 -0.964598
v 0.583439 -0.188855 -0.966497
v 0.582171 -0.189199 -0.964663
v 0.581372 -0.189337 -0.964696
v 0.580648 -0.189410 -0.966614
v 0.580375 -0.189429 -0.964739
v 0.579679 -0.189424 -0.966657
v 0.578947 -0.189378 -0.966690
v 0.578353 -0.189302 -0.966717
v 0.577819 -0.189204 -0.966741
v 0.577530 -0.189138 -0.966755
v 0.577100 -0.189022 -0.966775
v 0.576643 -0.188875 -0.964910
v 0.576331 -0.188765 -0.964925
v 0.575922 -0.188607 -0.966832
v 0.575792 -0.188545 -0.964951
v 0.574753 -0.188023 -0.965003
v 0.574325 -0.187762 -0.965024
v 0.573204 -0.186931 -0.965083
v 0.572595 -0.186376 -0.967004
v 0.572356 -0.186126 -0.965132
v 0.571462 -0.185044 -0.967081
v 0.571025 -0.184380 -0.967117
v 0.570731 -0.183859 -0.965258
v 0.570495 -0.183388 -0.965283
v 0.569770 -0.181314 -0.965386
v 0.569583 -0.180217 -0.967326
v 0.569523 -0.179557 -0.967357
v 0.569505 -0.179081 -0.967378
v 0.569516 -0.178443 -0.967407
v 0.569526 -0.178255 -0.965528
v 0.569549 -0.177966 -0.965540
v 0.569587 -0.177629 -0.967442
v 0.569679 -0.177047 -0.967467
v 0.569808 -0.176436 -0.965607
v 0.570056 -0.175579 -0.965645
v 0.570213 -0.175150 -0.965665
v 0.570283 -0.174981 -0.967560
v 0.570542 -0.174399 -0.967589
v 0.570860 -0.173781 -0.965734
v 0.571139 -0.173318 -0.965759
v 0.571441 -0.172868 -0.965785
v 0.571609 -0.172645 -0.967685
v 0.571881 -0.172294 -0.965818
v 0.573433 -0.170757 -0.965920
v 0.573667 -0.170580 -0.966873
v 0.574161 -0.170229 -0.967848
v 0.574836 -0.169804 -0.967883
v 0.575063 -0.169686 -0.966007
v 0.575652 -0.169399 -0.967921
v 0.575934 -0.169269 -0.966047
v 0.576381 -0.169093 -0.966067
v 0.576551 -0.169039 -0.967961
v 0.577109 -0.168863 -0.967985
v 0.578410 -0.168575 -0.966154
v 0.579116 -0.168488 -0.966184
v 0.579608 -0.168457 -0.966205
v 0.580779 -0.168478 -0.966257
v 0.581105 -0.168508 -0.966272
v 0.581417 -0.168545 -0.966286
v 0.581720 -0.168591 -0.966299
v 0.582520 -0.168755 -0.966335
v 0.582885 -0.168853 -0.966352
v 0.583200 -0.168948 -0.966366
v 0.584279 -0.169360 -0.966416
v 0.585335 -0.169912 -0.968353
v 0.586375 -0.170608 -0.968402
v 0.586600 -0.170785 -0.968413
v 0.587046 -0.171169 -0.968436
v 0.587187 -0.171292 -0.966556
v 0.587603 -0.171709 -0.968465
v 0.588065 -0.172219 -0.966606
v 0.588487 -0.172764 -0.966634
v 0.588828 -0.173256 -0.966659
v 0.589759 -0.175064 -0.966744
v 0.589942 -0.175555 -0.966766
v 0.590106 -0.176083 -0.966790
v 0.590309 -0.176891 -0.968712
v 0.590461 -0.178031 -0.968759
v 0.590501 -0.178671 -0.968786
v 0.590478 -0.179679 -0.966938
v 0.590463 -0.179867 -0.968832
v 0.590391 -0.180475 -0.968855
v 0.590246 -0.181251 -0.966998
v 0.590002 -0.182172 -0.967034
v 0.589728 -0.182901 -0.967065
v 0.589348 -0.183729 -0.967102
v 0.588767 -0.184723 -0.967151
v 0.587863 -0.185901 -0.968154
v 0.587447 -0.186350 -0.969127
v 0.586918 -0.186840 -0.969158
v 0.586368 -0.187292 -0.969189
v 0.585400 -0.187941 -0.967351
v 0.584609 -0.188370 -0.967388
v 0.584003 -0.188644 -0.967414
v 0.582998 -0.189003 -0.969342
v 0.582789 -0.189061 -0.967465
v 0.581960 -0.189249 -0.967499
v 0.580782 -0.189409 -0.969436
v 0.580120 -0.189439 -0.969465
v 0.579874 -0.189435 -0.967589
v 0.579266 -0.189409 -0.967616
v 0.578833 -0.189371 -0.967635
v 0.577636 -0.189171 -0.969577
v 0.577311 -0.189090 -0.969592
v 0.576244 -0.188740 -0.967756
v 0.575101 -0.188220 -0.967812
v 0.574569 -0.187925 -0.969726
v 0.574001 -0.187556 -0.969755
v 0.574055 -0.187589 -0.967865
v 0.573515 -0.187192 -0.967894
v 0.573496 -0.187182 -0.969781
v 0.573044 -0.186801 -0.967919
v 0.572272 -0.186042 -0.967965
v 0.571989 -0.185723 -0.969870
v 0.571570 -0.185193 -0.968014
v 0.571213 -0.184680 -0.968042
v 0.570898 -0.184167 -0.968069
v 0.570590 -0.183589 -0.968100
v 0.570432 -0.183260 -0.970004
v 0.570109 -0.182458 -0.968158
v 0.569738 -0.181137 -0.968223
v 0.569745 -0.181177 -0.970108
v 0.569627 -0.180535 -0.970139
v 0.569534 -0.179721 -0.970177
v 0.569505 -0.178779 -0.968332
v 0.569581 -0.177696 -0.970267
v 0.569930 -0.175991 -0.968454
v 0.570069 -0.175550 -0.968474
v 0.570179 -0.175246 -0.968488
v 0.570519 -0.174446 -0.968527
v 0.570725 -0.174041 -0.968548
v 0.571076 -0.173428 -0.968581
v 0.572427 -0.171684 -0.968684
v 0.572745 -0.171369 -0.968705
v 0.573183 -0.170973 -0.968732
v 0.573613 -0.170625 -0.968758
v 0.574663 -0.169917 -0.968814
v 0.575279 -0.169580 -0.968845
v 0.575854 -0.169312 -0.968871
v 0.576245 -0.169152 -0.968889
v 0.576677 -0.168999 -0.968908
v 0.576920 -0.168926 -0.970804
v 0.577569 -0.168746 -0.969885
v 0.577271 -0.168823 -0.969872
v 0.577710 -0.168711 -0.968951
v 0.578751 -0.168524 -0.968996
v 0.579100 -0.168495 -0.970897
v 0.580393 -0.168465 -0.969067
v 0.580661 -0.168485 -0.970966
v 0.581697 -0.168602 -0.971012
v 0.581734 -0.168604 -0.969127
v 0.583084 -0.168921 -0.969188
v 0.583665 -0.169118 -0.969215
v 0.584761 -0.169598 -0.969266
v 0.585219 -0.169843 -0.969288
v 0.585653 -0.170107 -0.969308
v 0.585494 -0.170004 -0.971188
v 0.586170 -0.170463 -0.971220
v 0.586466 -0.170685 -0.969347
v 0.587483 -0.171588 -0.969400
v 0.587910 -0.172047 -0.969424
v 0.588124 -0.172305 -0.971324
v 0.588564 -0.172875 -0.969467
v 0.589180 -0.173849 -0.969514
v 0.589404 -0.174278 -0.969535
v 0.589616 -0.174728 -0.969556
v 0.589769 -0.175094 -0.969572
v 0.590205 -0.176480 -0.969634
v 0.590102 -0.176044 -0.971502
v 0.590371 -0.177304 -0.969669
v 0.590445 -0.177833 -0.969692
v 0.590488 -0.179542 -0.971647
v 0.590432 -0.180254 -0.971674
v 0.590421 -0.180253 -0.969787
v 0.590284 -0.181086 -0.969819
v 0.590253 -0.181231 -0.971711
v 0.590089 -0.181875 -0.971736
v 0.589961 -0.182289 -0.971753
v 0.589714 -0.182942 -0.971781
v 0.589438 -0.183555 -0.969921
v 0.589155 -0.184093 -0.969947
v 0.588761 -0.184743 -0.971865
v 0.588597 -0.184978 -0.969991
v 0.588331 -0.185342 -0.970010
v 0.587857 -0.185928 -0.970042
v 0.587115 -0.186669 -0.970088
v 0.586974 -0.186817 -0.971983
v 0.585562 -0.187854 -0.970171
v 0.585063 -0.188143 -0.970194
v 0.584390 -0.188488 -0.972111
v 0.583824 -0.188728 -0.972135
v 0.583122 -0.188974 -0.972164
v 0.582160 -0.189220 -0.970317
v 0.581747 -0.189297 -0.970335
v 0.581249 -0.189370 -0.970356
v 0.580754 -0.189416 -0.970377
v 0.579904 -0.189444 -0.970415
v 0.579565 -0.189435 -0.970430
v 0.579145 -0.189408 -0.970448
v 0.578273 -0.189297 -0.970488
v 0.577566 -0.189156 -0.970521
v 0.575943 -0.188627 -0.970598
v 0.575590 -0.188477 -0.972503
v 0.575292 -0.188334 -0.972517
v 0.574895 -0.188123 -0.972537
v 0.574547 -0.187915 -0.970668
v 0.573031 -0.186797 -0.970747
v 0.572438 -0.186232 -0.972668
v 0.572098 -0.185857 -0.970804
v 0.571532 -0.185152 -0.972730
v 0.571145 -0.184590 -0.972762
v 0.571132 -0.184577 -0.970875
v 0.570451 -0.183309 -0.972830
v 0.570200 -0.182712 -0.972860
v 0.570132 -0.182523 -0.970982
v 0.569707 -0.181038 -0.971056
v 0.569573 -0.180159 -0.971097
v 0.569526 -0.179635 -0.971121
v 0.569505 -0.179092 -0.971146
v 0.569508 -0.179046 -0.973035
v 0.569612 -0.177470 -0.973104
v 0.569682 -0.177046 -0.971236
v 0.570018 -0.175725 -0.973181
v 0.570161 -0.175305 -0.971313
v 0.570223 -0.175144 -0.973208
v 0.570406 -0.174712 -0.973229
v 0.570753 -0.174003 -0.973265
v 0.571187 -0.173269 -0.973305
v 0.571477 -0.172839 -0.971442
v 0.571873 -0.172324 -0.973360
v 0.572690 -0.171432 -0.971529
v 0.573439 -0.170768 -0.971575
v 0.574435 -0.170068 -0.973517
v 0.574913 -0.169788 -0.973541
v 0.575215 -0.169620 -0.971669
v 0.576110 -0.169213 -0.971710
v 0.576638 -0.169020 -0.971732
v 0.577084 -0.168879 -0.971752
v 0.577487 -0.168779 -0.973655
v 0.578950 -0.168508 -0.971831
v 0.579938 -0.168467 -0.971875
v 0.580596 -0.168483 -0.971904
v 0.581213 -0.168535 -0.971931
v 0.583521 -0.169072 -0.972036
v 0.583832 -0.169189 -0.972050
v 0.584143 -0.169321 -0.973951
v 0.584989 -0.169725 -0.972104
v 0.585930 -0.170296 -0.972149
v 0.586449 -0.170679 -0.972174
v 0.587090 -0.171226 -0.974092
v 0.587661 -0.171786 -0.974123
v 0.588628 -0.172977 -0.972299
v 0.589572 -0.174644 -0.974266
v 0.589766 -0.175095 -0.974286
v 0.590134 -0.176206 -0.974336
v 0.590369 -0.177234 -0.974380
v 0.590379 -0.177363 -0.972499
v 0.590469 -0.178107 -0.972530
v 0.590502 -0.178779 -0.972557
v 0.590510 -0.179241 -0.974462
v 0.590496 -0.179363 -0.972580
v 0.590449 -0.180022 -0.972605
v 0.590412 -0.180342 -0.974504
v 0.590372 -0.180623 -0.972628
v 0.590313 -0.180954 -0.974527
v 0.590100 -0.181844 -0.974562
v 0.589806 -0.182720 -0.972712
v 0.588709 -0.184824 -0.972810
v 0.588602 -0.184986 -0.974705
v 0.587177 -0.186622 -0.972911
v 0.586548 -0.187163 -0.972947
v 0.586031 -0.187556 -0.974861
v 0.585909 -0.187638 -0.973922
v 0.585763 -0.187737 -0.974875
v 0.585500 -0.187905 -0.974888
v 0.585088 -0.188140 -0.973020
v 0.584048 -0.188641 -0.973066
v 0.583127 -0.188981 -0.974992
v 0.582869 -0.189053 -0.973115
v 0.581805 -0.189298 -0.975046
v 0.581202 -0.189389 -0.975072
v 0.580464 -0.189456 -0.975104
v 0.579826 -0.189449 -0.973245
v 0.579345 -0.189431 -0.973267
v 0.578875 -0.189390 -0.973288
v 0.578541 -0.189350 -0.973303
v 0.577740 -0.189206 -0.973340
v 0.577713 -0.189204 -0.975228
v 0.576803 -0.188957 -0.975271
v 0.576531 -0.188862 -0.973397
v 0.576108 -0.188702 -0.973418
v 0.575711 -0.188539 -0.975324
v 0.575471 -0.188422 -0.973449
v 0.574951 -0.188156 -0.973475
v 0.574581 -0.187949 -0.975380
v 0.574426 -0.187849 -0.973501
v 0.573638 -0.187301 -0.973542
v 0.573041 -0.186817 -0.975461
v 0.572611 -0.186415 -0.975485
v 0.572268 -0.186060 -0.975506
v 0.571455 -0.185054 -0.973677
v 0.571209 -0.184695 -0.975583
v 0.570851 -0.184101 -0.973728
v 0.570572 -0.183570 -0.973756
v 0.570378 -0.183157 -0.975665
v 0.570019 -0.182210 -0.973826
v 0.569823 -0.181527 -0.975747
v 0.569794 -0.181433 -0.973864
v 0.569597 -0.180341 -0.974858
v 0.569522 -0.179576 -0.973951
v 0.569503 -0.178628 -0.975882
v 0.569515 -0.179432 -0.975845
v 0.569510 -0.178710 -0.973990
v 0.569564 -0.177853 -0.975915
v 0.569725 -0.176828 -0.975959
v 0.569828 -0.176389 -0.975978
v 0.570745 -0.174022 -0.974205
v 0.571244 -0.173188 -0.976137
v 0.571513 -0.172795 -0.974272
v 0.571942 -0.172242 -0.974305
v 0.571747 -0.172483 -0.974290
v 0.572311 -0.171828 -0.974331
v 0.572783 -0.171356 -0.976249
v 0.573392 -0.170816 -0.974399
v 0.573756 -0.170533 -0.974420
v 0.574144 -0.170265 -0.976329
v 0.574586 -0.169987 -0.976352
v 0.575509 -0.169482 -0.974509
v 0.576701 -0.169006 -0.974562
v 0.577922 -0.168682 -0.974614
v 0.578415 -0.168596 -0.974635
v 0.579740 -0.168484 -0.976580
v 0.579848 -0.168475 -0.974698
v 0.580168 -0.168476 -0.974712
v 0.580587 -0.168500 -0.976618
v 0.580800 -0.168508 -0.974740
v 0.581490 -0.168586 -0.976658
v 0.583567 -0.169091 -0.974865
v 0.584216 -0.169363 -0.976782
v 0.584553 -0.169510 -0.974911
v 0.585572 -0.170078 -0.976846
v 0.586392 -0.170633 -0.976885
v 0.587153 -0.171291 -0.976923
v 0.588736 -0.173146 -0.977020
v 0.589000 -0.173556 -0.975154
v 0.589584 -0.174672 -0.975207
v 0.590130 -0.176158 -0.975274
v 0.590334 -0.177087 -0.975314
v 0.590376 -0.177333 -0.977211
v 0.590418 -0.177622 -0.977224
v 0.590507 -0.178655 -0.975379
v 0.590493 -0.179474 -0.975412
v 0.590417 -0.180297 -0.977330
v 0.590312 -0.180969 -0.977355
v 0.590175 -0.181572 -0.975492
v 0.590062 -0.181977 -0.977394
v 0.589838 -0.182651 -0.977422
v 0.589387 -0.183693 -0.975582
v 0.588698 -0.184856 -0.977525
v 0.588420 -0.185245 -0.977545
v 0.588281 -0.185423 -0.975668
v 0.587831 -0.185966 -0.977585
v 0.586802 -0.186963 -0.975760
v 0.585843 -0.187687 -0.975811
v 0.585825 -0.187705 -0.977699
v 0.585331 -0.188008 -0.975836
v 0.585350 -0.188000 -0.977722
v 0.584547 -0.188426 -0.975872
v 0.584049 -0.188650 -0.975894
v 0.583078 -0.189000 -0.975934
v 0.582614 -0.189130 -0.975953
v 0.581984 -0.189270 -0.975979
v 0.580426 -0.189450 -0.976046
v 0.580881 -0.189423 -0.976026
v 0.579994 -0.189460 -0.976065
v 0.579951 -0.189462 -0.977954
v 0.579380 -0.189440 -0.976093
v 0.578742 -0.189383 -0.976121
v 0.578483 -0.189353 -0.978020
v 0.577985 -0.189264 -0.976156
v 0.577702 -0.189205 -0.976169
v 0.577421 -0.189140 -0.978069
v 0.577192 -0.189076 -0.976193
v 0.576431 -0.188835 -0.976229
v 0.575865 -0.188615 -0.978144
v 0.574799 -0.188083 -0.978197
v 0.574567 -0.187942 -0.976322
v 0.573950 -0.187547 -0.978240
v 0.573589 -0.187278 -0.978258
v 0.572972 -0.186756 -0.976406
v 0.572603 -0.186415 -0.978313
v 0.571962 -0.185713 -0.976467
v 0.571409 -0.184990 -0.976508
v 0.570980 -0.184329 -0.976544
v 0.570735 -0.183900 -0.978454
v 0.570535 -0.183506 -0.978475
v 0.570422 -0.183258 -0.976600
v 0.570246 -0.182844 -0.976622
v 0.570073 -0.182373 -0.976645
v 0.569784 -0.181361 -0.978582
v 0.569631 -0.180577 -0.978620
v 0.569567 -0.180173 -0.976751
v 0.569505 -0.178890 -0.978698
v 0.569522 -0.178404 -0.978719
v 0.569558 -0.177918 -0.978740
v 0.569589 -0.177645 -0.978752
v 0.569660 -0.177185 -0.978772
v 0.569771 -0.176631 -0.976909
v 0.569995 -0.175807 -0.976946
v 0.570318 -0.174926 -0.976987
v 0.570554 -0.174402 -0.977013
v 0.570900 -0.173752 -0.977047
v 0.570999 -0.173591 -0.978943
v 0.571530 -0.172788 -0.978988
v 0.572377 -0.171764 -0.977163
v 0.572827 -0.171316 -0.977192
v 0.572958 -0.171203 -0.979087
v 0.573349 -0.170861 -0.977224
v 0.574286 -0.170166 -0.977277
v 0.575307 -0.169601 -0.979214
v 0.576011 -0.169278 -0.979247
v 0.576540 -0.169069 -0.977383
v 0.576949 -0.168937 -0.977401
v 0.577239 -0.168858 -0.979299
v 0.578605 -0.168582 -0.979358
v 0.579221 -0.168518 -0.979385
v 0.579810 -0.168487 -0.977524
v 0.580003 -0.168490 -0.979419
v 0.580845 -0.168516 -0.977569
v 0.580996 -0.168535 -0.979463
v 0.581802 -0.168640 -0.977612
v 0.582577 -0.168804 -0.977647
v 0.583352 -0.169031 -0.977683
v 0.583890 -0.169228 -0.977707
v 0.584338 -0.169417 -0.977728
v 0.584922 -0.169714 -0.979643
v 0.585116 -0.169814 -0.977765
v 0.585662 -0.170142 -0.979677
v 0.586435 -0.170687 -0.979714
v 0.586717 -0.170908 -0.977842
v 0.586935 -0.171099 -0.979739
v 0.587905 -0.172069 -0.979792
v 0.588200 -0.172423 -0.979810
v 0.589022 -0.173601 -0.977983
v 0.589408 -0.174309 -0.978017
v 0.589717 -0.174990 -0.978049
v 0.589778 -0.175148 -0.979943
v 0.590286 -0.176857 -0.978131
v 0.590398 -0.177481 -0.978158
v 0.590448 -0.177911 -0.980062
v 0.590495 -0.178538 -0.980088
v 0.590505 -0.179039 -0.980108
v 0.590431 -0.180220 -0.980154
v 0.590344 -0.180801 -0.980176
v 0.590239 -0.181330 -0.980196
v 0.590001 -0.182184 -0.978344
v 0.589811 -0.182725 -0.978366
v 0.589308 -0.183840 -0.978415
v 0.589045 -0.184310 -0.978438
v 0.588724 -0.184823 -0.978464
v 0.588418 -0.185258 -0.980373
v 0.588069 -0.185698 -0.979453
v 0.587828 -0.185980 -0.980413
v 0.585859 -0.187686 -0.978637
v 0.585582 -0.187866 -0.978651
v 0.585109 -0.188143 -0.978674
v 0.584631 -0.188396 -0.978696
v 0.584323 -0.188544 -0.980596
v 0.583258 -0.188956 -0.980641
v 0.582600 -0.189147 -0.980668
v 0.582557 -0.189162 -0.978783
v 0.581706 -0.189329 -0.978819
v 0.581392 -0.189380 -0.980718
v 0.580871 -0.189438 -0.980741
v 0.580060 -0.189473 -0.980776
v 0.579789 -0.189465 -0.978902
v 0.579237 -0.189444 -0.980813
v 0.579073 -0.189425 -0.978934
v 0.578371 -0.189340 -0.978966
v 0.577202 -0.189085 -0.979020
v 0.576427 -0.188841 -0.979057
v 0.576686 -0.188931 -0.979044
v 0.575009 -0.188219 -0.981013
v 0.573522 -0.187232 -0.981089
v 0.573302 -0.187052 -0.979214
v 0.572011 -0.185780 -0.979291
v 0.571625 -0.185305 -0.981205
v 0.571280 -0.184813 -0.979345
v 0.571057 -0.184466 -0.979364
v 0.570747 -0.183926 -0.979393
v 0.570466 -0.183361 -0.979423
v 0.570025 -0.182239 -0.979480
v 0.569775 -0.181339 -0.979524
v 0.569672 -0.180842 -0.979548
v 0.569578 -0.180218 -0.979577
v 0.569535 -0.179780 -0.981485
v 0.569512 -0.179324 -0.981506
v 0.569510 -0.178694 -0.981534
v 0.569549 -0.178036 -0.981563
v 0.569575 -0.177788 -0.979687
v 0.569669 -0.177136 -0.979715
v 0.569770 -0.176637 -0.979737
v 0.570034 -0.175695 -0.979779
v 0.570172 -0.175308 -0.981683
v 0.570417 -0.174686 -0.979826
v 0.570787 -0.173955 -0.979864
v 0.571092 -0.173435 -0.979892
v 0.571403 -0.172964 -0.979918
v 0.571789 -0.172448 -0.979948
v 0.572113 -0.172059 -0.979972
v 0.572548 -0.171598 -0.980001
v 0.573571 -0.170698 -0.981951
v 0.574427 -0.170098 -0.981998
v 0.574746 -0.169906 -0.982015
v 0.576456 -0.169113 -0.982093
v 0.576930 -0.168954 -0.982114
v 0.577902 -0.168700 -0.982155
v 0.578895 -0.168555 -0.982198
v 0.579369 -0.168513 -0.980332
v 0.580098 -0.168492 -0.980364
v 0.580710 -0.168515 -0.980391
v 0.581314 -0.168572 -0.980418
v 0.581602 -0.168620 -0.982317
v 0.582693 -0.168841 -0.980480
v 0.583218 -0.168994 -0.980504
v 0.583804 -0.169202 -0.980531
v 0.584083 -0.169324 -0.982431
v 0.584861 -0.169688 -0.982467
v 0.585472 -0.170033 -0.982496
v 0.586084 -0.170436 -0.982525
v 0.587059 -0.171212 -0.980686
v 0.587589 -0.171734 -0.982601
v 0.587702 -0.171848 -0.980721
v 0.588092 -0.172292 -0.980744
v 0.588526 -0.172856 -0.982660
v 0.589178 -0.173882 -0.980823
v 0.589529 -0.174574 -0.982743
v 0.589693 -0.174943 -0.982760
v 0.589807 -0.175225 -0.982773
v 0.589879 -0.175419 -0.981838
v 0.589986 -0.175725 -0.980909
v 0.590122 -0.176176 -0.980929
v 0.590302 -0.176943 -0.982849
v 0.590404 -0.177545 -0.982874
v 0.590495 -0.178350 -0.981021
v 0.590503 -0.178860 -0.982928
v 0.590499 -0.179347 -0.982947
v 0.590483 -0.179675 -0.982960
v 0.590461 -0.179952 -0.982970
v 0.590426 -0.180273 -0.982983
v 0.590357 -0.180735 -0.983000
v 0.590244 -0.181314 -0.983022
v 0.590056 -0.182021 -0.983050
v 0.589862 -0.182598 -0.981188
v 0.589784 -0.182808 -0.983083
v 0.589593 -0.183260 -0.981216
v 0.589450 -0.183568 -0.981230
v 0.589029 -0.184362 -0.981267
v 0.588488 -0.185166 -0.981308
v 0.587729 -0.186089 -0.981360
v 0.587395 -0.186441 -0.983267
v 0.587067 -0.186753 -0.983287
v 0.586364 -0.187345 -0.983326
v 0.585631 -0.187847 -0.983363
v 0.584340 -0.188539 -0.981536
v 0.582257 -0.189230 -0.981623
v 0.582187 -0.189251 -0.983512
v 0.581633 -0.189348 -0.981649
v 0.581029 -0.189425 -0.981675
v 0.580585 -0.189460 -0.981694
v 0.579390 -0.189462 -0.983634
v 0.579148 -0.189441 -0.981757
v 0.578887 -0.189422 -0.983656
v 0.578719 -0.189398 -0.981777
v 0.576429 -0.188848 -0.981884
v 0.574460 -0.187895 -0.981981
v 0.574056 -0.187635 -0.983888
v 0.573573 -0.187278 -0.982027
v 0.573192 -0.186968 -0.982048
v 0.572530 -0.186354 -0.982085
v 0.572853 -0.186668 -0.982067
v 0.572385 -0.186210 -0.983982
v 0.572097 -0.185887 -0.982113
v 0.571968 -0.185741 -0.984008
v 0.571711 -0.185418 -0.982139
v 0.571316 -0.184881 -0.984057
v 0.570989 -0.184368 -0.984084
v 0.570872 -0.184163 -0.982208
v 0.570742 -0.183926 -0.982221
v 0.568893 -0.184712 -0.983940
v 0.569071 -0.185044 -0.983939
v 0.569306 -0.185448 -0.983938
v 0.570662 -0.177318 -0.997625
v 0.570610 -0.177634 -0.997624
v 0.570568 -0.177953 -0.997623
v 0.570537 -0.178272 -0.997622
v 0.570516 -0.178591 -0.997621
v 0.570507 -0.178912 -0.997621
v 0.570508 -0.179232 -0.997620
v 0.570520 -0.179553 -0.997619
v 0.570543 -0.179873 -0.997618
v 0.570577 -0.180192 -0.997617
v 0.570622 -0.180509 -0.997616
v 0.570677 -0.180825 -0.997616
v 0.570743 -0.181139 -0.997615
v 0.570820 -0.181450 -0.997614
v 0.570907 -0.181759 -0.997613
v 0.571004 -0.182064 -0.997612
v 0.571112 -0.182366 -0.997612
v 0.571230 -0.182665 -0.997611
v 0.571358 -0.182958 -0.997610
v 0.571495 -0.183248 -0.997609
v 0.571643 -0.183533 -0.997609
v 0.571800 -0.183812 -0.997608
v 0.571966 -0.184087 -0.997607
v 0.572141 -0.184355 -0.997606
v 0.572326 -0.184618 -0.997606
v 0.572519 -0.184873 -0.997605
v 0.572721 -0.185123 -0.997604
v 0.572931 -0.185365 -0.997604
v 0.573149 -0.185601 -0.997603
v 0.573375 -0.185828 -0.997603
v 0.573609 -0.186048 -0.997602
v 0.573849 -0.186260 -0.997601
v 0.574097 -0.186464 -0.997601
v 0.574352 -0.186659 -0.997600
v 0.574613 -0.186845 -0.997600
v 0.574880 -0.187022 -0.997599
v 0.575153 -0.187191 -0.997599
v 0.575432 -0.187350 -0.997599
v 0.575716 -0.187500 -0.997598
v 0.576005 -0.187639 -0.997598
v 0.576298 -0.187770 -0.997597
v 0.576595 -0.187890 -0.997597
v 0.576897 -0.188000 -0.997597
v 0.577202 -0.188100 -0.997597
v 0.577510 -0.188189 -0.997596
v 0.577821 -0.188268 -0.997596
v 0.578134 -0.188337 -0.997596
v 0.578450 -0.188395 -0.997596
v 0.578768 -0.188442 -0.997596
v 0.579086 -0.188478 -0.997595
v 0.579406 -0.188504 -0.997595
v 0.579727 -0.188519 -0.997595
v 0.580048 -0.188523 -0.997595
v 0.580369 -0.188516 -0.997595
v 0.580689 -0.188498 -0.997595
v 0.581009 -0.188470 -0.997595
v 0.581327 -0.188431 -0.997595
v 0.581644 -0.188381 -0.997595
v 0.581959 -0.188320 -0.997596
v 0.582272 -0.188249 -0.997596
v 0.582583 -0.188167 -0.997596
v 0.582890 -0.188075 -0.997596
v 0.583194 -0.187973 -0.997596
v 0.583494 -0.187860 -0.997597
v 0.583791 -0.187737 -0.997597
v 0.584083 -0.187605 -0.997597
v 0.584371 -0.187462 -0.997598
v 0.584653 -0.187310 -0.997598
v 0.584930 -0.187149 -0.997598
v 0.585202 -0.186978 -0.997599
v 0.585468 -0.186798 -0.997599
v 0.585727 -0.186609 -0.997600
v 0.585980 -0.186412 -0.997600
v 0.586226 -0.186206 -0.997601
v 0.586465 -0.185992 -0.997601
v 0.586697 -0.185770 -0.997602
v 0.586921 -0.185540 -0.997602
v 0.587137 -0.185303 -0.997603
v 0.587345 -0.185059 -0.997604
v 0.587544 -0.184808 -0.997604
v 0.587735 -0.184551 -0.997605
v 0.587918 -0.184287 -0.997606
v 0.588091 -0.184017 -0.997606
v 0.588255 -0.183741 -0.997607
v 0.588409 -0.183460 -0.997608
v 0.588554 -0.183174 -0.997608
v 0.588689 -0.182884 -0.997609
v 0.588815 -0.182588 -0.997610
v 0.588930 -0.182289 -0.997611
v 0.589035 -0.181986 -0.997611
v 0.589130 -0.181679 -0.997612
v 0.589214 -0.181370 -0.997613
v 0.589288 -0.181058 -0.997614
v 0.589351 -0.180744 -0.997614
v 0.589403 -0.180428 -0.997615
v 0.589445 -0.180110 -0.997616
v 0.589476 -0.179791 -0.997617
v 0.589497 -0.179471 -0.997618
v 0.589506 -0.179150 -0.997619
v 0.589505 -0.178829 -0.997619
v 0.589492 -0.178509 -0.997620
v 0.589469 -0.178189 -0.997621
v 0.589436 -0.177871 -0.997622
v 0.589391 -0.177553 -0.997623
v 0.589336 -0.177237 -0.997623
v 0.589270 -0.176924 -0.997624
v 0.589193 -0.176612 -0.997625
v 0.589106 -0.176303 -0.997626
v 0.589009 -0.175998 -0.997627
v 0.588901 -0.175696 -0.997627
v 0.588783 -0.175398 -0.997628
v 0.588655 -0.175103 -0.997629
v 0.588518 -0.174814 -0.997630
v 0.588370 -0.174529 -0.997630
v 0.588213 -0.174249 -0.997631
v 0.588047 -0.173975 -0.997632
v 0.587871 -0.173707 -0.997633
v 0.587687 -0.173445 -0.997633
v 0.587494 -0.173188 -0.997634
v 0.587292 -0.172939 -0.997635
v 0.587082 -0.172697 -0.997635
v 0.586864 -0.172462 -0.997636
v 0.586638 -0.172234 -0.997636
v 0.586404 -0.172014 -0.997637
v 0.586163 -0.171802 -0.997638
v 0.585916 -0.171599 -0.997638
v 0.585661 -0.171403 -0.997639
v 0.585400 -0.171217 -0.997639
v 0.585133 -0.171039 -0.997640
v 0.584860 -0.170871 -0.997640
v 0.584581 -0.170712 -0.997640
v 0.584297 -0.170562 -0.997641
v 0.584008 -0.170422 -0.997641
v 0.583715 -0.170292 -0.997642
v 0.583418 -0.170172 -0.997642
v 0.583116 -0.170062 -0.997642
v 0.582811 -0.169962 -0.997643
v 0.582503 -0.169873 -0.997643
v 0.582192 -0.169794 -0.997643
v 0.581878 -0.169725 -0.997643
v 0.581563 -0.169667 -0.997643
v 0.581245 -0.169620 -0.997644
v 0.580927 -0.169584 -0.997644
v 0.580607 -0.169558 -0.997644
v 0.580286 -0.169543 -0.997644
v 0.579965 -0.169539 -0.997644
v 0.579644 -0.169546 -0.997644
v 0.579324 -0.169564 -0.997644
v 0.579004 -0.169592 -0.997644
v 0.578686 -0.169631 -0.997644
v 0.578369 -0.169681 -0.997644
v 0.578054 -0.169742 -0.997643
v 0.577741 -0.169813 -0.997643
v 0.577430 -0.169894 -0.997643
v 0.577123 -0.169987 -0.997643
v 0.576819 -0.170089 -0.997643
v 0.576518 -0.170202 -0.997642
v 0.576222 -0.170325 -0.997642
v 0.575930 -0.170457 -0.997642
v 0.575642 -0.170600 -0.997641
v 0.575360 -0.170752 -0.997641
v 0.575083 -0.170913 -0.997641
v 0.574811 -0.171084 -0.997640
v 0.574545 -0.171264 -0.997640
v 0.574286 -0.171453 -0.997639
v 0.574033 -0.171650 -0.997639
v 0.573787 -0.171856 -0.997638
v 0.573548 -0.172070 -0.997638
v 0.573316 -0.172292 -0.997637
v 0.573092 -0.172521 -0.997637
v 0.572876 -0.172758 -0.997636
v 0.572668 -0.173002 -0.997636
v 0.572469 -0.173254 -0.997635
v 0.572278 -0.173511 -0.997634
v 0.572095 -0.173775 -0.997634
v 0.571922 -0.174045 -0.997633
v 0.571758 -0.174321 -0.997632
v 0.571604 -0.174602 -0.997631
v 0.571459 -0.174888 -0.997631
v 0.571324 -0.175179 -0.997630
v 0.571198 -0.175474 -0.997629
v 0.571083 -0.175773 -0.997629
v 0.570978 -0.176076 -0.997628
v 0.570883 -0.176382 -0.997627
v 0.570799 -0.176692 -0.997626
v 0.570725 -0.177004 -0.997625
v 0.570279 -0.176736 -0.999558
v 0.570407 -0.176244 -0.999528
v 0.571022 -0.174666 -0.999580
v 0.574299 -0.170846 -0.999599
v 0.576311 -0.169765 -0.999606
v 0.577766 -0.169307 -0.999571
v 0.579868 -0.169050 -0.999580
v 0.589229 -0.175185 -0.999569
v 0.589984 -0.178475 -0.999567
v 0.590000 -0.178814 -0.999556
v 0.589996 -0.179237 -0.999573
v 0.589898 -0.180506 -0.999504
v 0.578769 -0.169131 -0.999586
v 0.570197 -0.177196 -0.999623
v 0.570230 -0.177331 -0.999756
v 0.570410 -0.176682 -0.999809
v 0.573460 -0.172095 -0.999989
v 0.573702 -0.172292 -0.999993
v 0.576075 -0.170409 -0.999997
v 0.579020 -0.169490 -1.000000
v 0.583489 -0.170320 -0.999997
v 0.587332 -0.173027 -0.999990
v 0.588990 -0.175748 -0.999983
v 0.589479 -0.177938 -0.999976
v 0.589343 -0.181245 -0.999958
v 0.589612 -0.180967 -0.999875
v 0.589733 -0.180651 -0.999822
v 0.589807 -0.180663 -0.999726
v 0.589913 -0.180337 -0.999573
v 0.571760 -0.173430 -0.999643
v 0.571339 -0.174066 -0.999576
v 0.572004 -0.173084 -0.999640
v 0.572304 -0.172674 -0.999577
v 0.581054 -0.169114 -0.999621
v 0.571533 -0.173787 -0.999659
v 0.572640 -0.172291 -0.999592
v 0.580377 -0.169065 -0.999612
v 0.570569 -0.175762 -0.999596
v 0.582060 -0.169263 -0.999572
v 0.584598 -0.170195 -0.999671
v 0.587908 -0.172921 -0.999568
v 0.588301 -0.173474 -0.999586
v 0.589413 -0.175660 -0.999564
v 0.570417 -0.176247 -0.999606
v 0.570746 -0.175285 -0.999581
v 0.572833 -0.172124 -0.999672
v 0.583364 -0.169637 -0.999601
v 0.584307 -0.170019 -0.999556
v 0.585196 -0.170515 -0.999619
v 0.589933 -0.177884 -0.999572
v 0.574666 -0.170633 -0.999675
v 0.575164 -0.170312 -0.999614
v 0.577031 -0.169510 -0.999614
v 0.585759 -0.170891 -0.999647
v 0.588134 -0.173280 -0.999691
v 0.589589 -0.176226 -0.999594
v 0.577286 -0.169477 -0.999728
v 0.583840 -0.169816 -0.999587
v 0.586878 -0.171796 -0.999606
v 0.587180 -0.172094 -0.999606
v 0.589738 -0.176800 -0.999600
v 0.589968 -0.179745 -0.999588
v 0.581641 -0.169201 -0.999642
v 0.582759 -0.169442 -0.999600
v 0.587522 -0.172470 -0.999624
v 0.587815 -0.172886 -0.999731
v 0.589355 -0.175591 -0.999679
v 0.589928 -0.178309 -0.999709
v 0.579445 -0.169073 -0.999609
v 0.583186 -0.169633 -0.999752
v 0.589388 -0.175848 -0.999773
v 0.571239 -0.174301 -0.999677
v 0.572332 -0.172697 -0.999701
v 0.573361 -0.171617 -0.999747
v 0.575766 -0.169999 -0.999593
v 0.586104 -0.171137 -0.999611
v 0.588818 -0.174311 -0.999611
v 0.589110 -0.174960 -0.999639
v 0.570510 -0.176099 -0.999727
v 0.575853 -0.170085 -0.999828
v 0.576493 -0.169765 -0.999772
v 0.579110 -0.169135 -0.999721
v 0.581045 -0.169194 -0.999795
v 0.570353 -0.176624 -0.999706
v 0.578188 -0.169252 -0.999700
v 0.588184 -0.173452 -0.999787
v 0.588561 -0.173911 -0.999641
v 0.589137 -0.175224 -0.999795
v 0.583978 -0.169925 -0.999730
v 0.589851 -0.177468 -0.999650
v 0.580038 -0.169093 -0.999722
v 0.582383 -0.169371 -0.999702
v 0.589894 -0.179952 -0.999731
v 0.581708 -0.169305 -0.999820
v 0.587469 -0.172517 -0.999780
v 0.589878 -0.179278 -0.999803
v 0.572201 -0.173023 -0.999844
v 0.582439 -0.169496 -0.999851
v 0.586182 -0.171312 -0.999805
v 0.587045 -0.172108 -0.999818
v 0.589550 -0.176326 -0.999758
v 0.570950 -0.174913 -0.999705
v 0.576836 -0.169726 -0.999863
v 0.586675 -0.171767 -0.999830
v 0.589832 -0.177980 -0.999808
v 0.570672 -0.175619 -0.999724
v 0.571719 -0.173656 -0.999813
v 0.573719 -0.171300 -0.999710
v 0.575340 -0.170281 -0.999761
v 0.585189 -0.170609 -0.999798
v 0.587786 -0.173015 -0.999858
v 0.572648 -0.172526 -0.999871
v 0.574652 -0.170769 -0.999853
v 0.580038 -0.169148 -0.999804
v 0.583854 -0.170000 -0.999875
v 0.584543 -0.170302 -0.999857
v 0.589845 -0.178651 -0.999841
v 0.589949 -0.178815 -0.999711
v 0.570925 -0.175177 -0.999829
v 0.571283 -0.174420 -0.999826
v 0.578283 -0.169306 -0.999815
v 0.583222 -0.169788 -0.999898
v 0.585800 -0.171124 -0.999887
v 0.589715 -0.177065 -0.999774
v 0.588729 -0.174396 -0.999810
v 0.589472 -0.176348 -0.999853
v 0.574215 -0.171020 -0.999807
v 0.585250 -0.170748 -0.999885
v 0.576091 -0.170105 -0.999923
v 0.580785 -0.169279 -0.999902
v 0.588237 -0.173767 -0.999903
v 0.573058 -0.172110 -0.999882
v 0.570658 -0.175970 -0.999856
v 0.586414 -0.171684 -0.999922
v 0.587160 -0.172402 -0.999916
v 0.589672 -0.177201 -0.999851
v 0.570569 -0.176465 -0.999896
v 0.579036 -0.169244 -0.999859
v 0.589113 -0.175414 -0.999882
v 0.589550 -0.177056 -0.999914
v 0.589725 -0.177992 -0.999896
v 0.589755 -0.180064 -0.999871
v 0.571718 -0.173853 -0.999903
v 0.581889 -0.169472 -0.999929
v 0.571148 -0.174912 -0.999908
v 0.575330 -0.170440 -0.999902
v 0.576956 -0.169822 -0.999948
v 0.577642 -0.169513 -0.999880
v 0.588655 -0.174530 -0.999919
v 0.573557 -0.171795 -0.999950
v 0.574077 -0.171290 -0.999920
v 0.578472 -0.169423 -0.999937
v 0.582680 -0.169717 -0.999956
v 0.585865 -0.171313 -0.999952
v 0.588913 -0.175229 -0.999947
v 0.573042 -0.172327 -0.999960
v 0.579872 -0.169260 -0.999908
v 0.581323 -0.169486 -0.999974
v 0.584336 -0.170344 -0.999946
v 0.589316 -0.176221 -0.999928
v 0.589623 -0.180403 -0.999924
v 0.589723 -0.179274 -0.999920
v 0.571337 -0.174774 -0.999958
v 0.575347 -0.170600 -0.999973
v 0.580037 -0.169420 -0.999981
v 0.588404 -0.174362 -0.999970
v 0.574652 -0.170921 -0.999940
v 0.584963 -0.170740 -0.999966
v 0.586216 -0.171695 -0.999978
v 0.589281 -0.176627 -0.999972
v 0.570849 -0.175684 -0.999915
v 0.571959 -0.173690 -0.999959
v 0.583506 -0.170089 -0.999981
v 0.570709 -0.176418 -0.999955
v 0.587597 -0.173006 -0.999948
v 0.589610 -0.178374 -0.999958
v 0.577606 -0.169706 -0.999978
v 0.582606 -0.169831 -0.999993
v 0.586270 -0.171835 -0.999990
v 0.589464 -0.177282 -0.999964
v 0.571058 -0.175544 -0.999971
v 0.576562 -0.170063 -0.999982
v 0.587532 -0.173056 -0.999973
v 0.589570 -0.179681 -0.999962
v 0.574459 -0.171238 -0.999988
v 0.572537 -0.172920 -0.999963
v 0.586870 -0.172281 -0.999971
v 0.571594 -0.174511 -0.999983
v 0.572418 -0.173255 -0.999988
v 0.577397 -0.169884 -0.999996
v 0.578332 -0.169586 -0.999987
v 0.581301 -0.169585 -0.999995
v 0.584502 -0.170623 -0.999994
v 0.571345 -0.175187 -0.999986
v 0.585466 -0.171175 -0.999988
v 0.589715 -0.181158 -0.999713
v 0.589803 -0.181004 -0.999563
v 0.574441 -0.186833 -0.999956
v 0.572744 -0.184116 -0.999963
v 0.570469 -0.178429 -0.999978
v 0.570778 -0.176700 -0.999980
v 0.570375 -0.177241 -0.999882
v 0.570131 -0.177592 -0.999616
v 0.570028 -0.178582 -0.999582
v 0.570139 -0.180609 -0.999557
v 0.571276 -0.183826 -0.999653
v 0.571532 -0.184312 -0.999586
v 0.571856 -0.184810 -0.999544
v 0.572833 -0.185980 -0.999573
v 0.573980 -0.186983 -0.999601
v 0.574386 -0.187289 -0.999556
v 0.575869 -0.188105 -0.999611
v 0.576172 -0.188260 -0.999518
v 0.577131 -0.188602 -0.999515
v 0.578036 -0.188825 -0.999516
v 0.578790 -0.188949 -0.999529
v 0.579466 -0.189009 -0.999522
v 0.580145 -0.189024 -0.999511
v 0.581663 -0.188871 -0.999587
v 0.584096 -0.188151 -0.999509
v 0.586183 -0.186864 -0.999613
v 0.586576 -0.186542 -0.999601
v 0.587304 -0.185833 -0.999613
v 0.587598 -0.185528 -0.999558
v 0.587674 -0.185371 -0.999690
v 0.589057 -0.183252 -0.999591
v 0.589319 -0.182627 -0.999601
v 0.586034 -0.186879 -0.999766
v 0.589637 -0.181662 -0.999597
v 0.577448 -0.188142 -0.999952
v 0.580758 -0.188553 -0.999946
v 0.582082 -0.188464 -0.999922
v 0.583938 -0.188002 -0.999855
v 0.587245 -0.185779 -0.999767
v 0.583798 -0.187862 -0.999937
v 0.585274 -0.187247 -0.999882
v 0.586700 -0.186241 -0.999829
v 0.588411 -0.184343 -0.999701
v 0.584589 -0.187678 -0.999861
v 0.585931 -0.186813 -0.999871
v 0.589157 -0.182926 -0.999706
v 0.587961 -0.184953 -0.999740
v 0.581814 -0.188338 -0.999951
v 0.584638 -0.187445 -0.999940
v 0.588857 -0.183531 -0.999727
v 0.585594 -0.186913 -0.999928
v 0.582783 -0.188196 -0.999945
v 0.588839 -0.183334 -0.999846
v 0.589122 -0.182729 -0.999833
v 0.587430 -0.185440 -0.999853
v 0.588558 -0.183941 -0.999814
v 0.586369 -0.186431 -0.999885
v 0.586948 -0.185840 -0.999905
v 0.586236 -0.186371 -0.999938
v 0.588232 -0.184428 -0.999833
v 0.587883 -0.184729 -0.999906
v 0.589478 -0.181880 -0.999783
v 0.585054 -0.187137 -0.999955
v 0.588526 -0.183641 -0.999923
v 0.589351 -0.181928 -0.999879
v 0.586516 -0.185984 -0.999954
v 0.587328 -0.185299 -0.999937
v 0.588193 -0.184002 -0.999962
v 0.589050 -0.182404 -0.999941
v 0.589391 -0.181510 -0.999923
v 0.588870 -0.182531 -0.999964
v 0.589347 -0.180543 -0.999970
v 0.589402 -0.182460 -0.999599
v 0.583443 -0.188102 -0.999905
v 0.578995 -0.188541 -0.999943
v 0.586601 -0.186443 -0.999734
v 0.582981 -0.188281 -0.999900
v 0.581023 -0.188650 -0.999918
v 0.579523 -0.188708 -0.999912
v 0.580140 -0.188652 -0.999933
v 0.588406 -0.184440 -0.999569
v 0.582854 -0.188430 -0.999834
v 0.588016 -0.184994 -0.999586
v 0.585195 -0.187436 -0.999780
v 0.584132 -0.188028 -0.999758
v 0.588727 -0.183891 -0.999591
v 0.576285 -0.187832 -0.999948
v 0.578817 -0.188721 -0.999875
v 0.578432 -0.188518 -0.999934
v 0.577290 -0.188214 -0.999945
v 0.585446 -0.187359 -0.999682
v 0.584685 -0.187814 -0.999677
v 0.583423 -0.188289 -0.999794
v 0.580764 -0.188774 -0.999868
v 0.586947 -0.186195 -0.999621
v 0.584395 -0.187990 -0.999602
v 0.581471 -0.188736 -0.999839
v 0.579141 -0.188831 -0.999821
v 0.576194 -0.187941 -0.999912
v 0.575124 -0.187390 -0.999917
v 0.582129 -0.188626 -0.999829
v 0.585644 -0.187274 -0.999562
v 0.579934 -0.188920 -0.999762
v 0.582558 -0.188616 -0.999727
v 0.580102 -0.188841 -0.999839
v 0.573244 -0.185753 -0.999955
v 0.581818 -0.188782 -0.999731
v 0.584999 -0.187682 -0.999560
v 0.583211 -0.188446 -0.999677
v 0.582942 -0.188576 -0.999544
v 0.578081 -0.188603 -0.999872
v 0.583698 -0.188300 -0.999587
v 0.577435 -0.188453 -0.999872
v 0.576891 -0.188252 -0.999894
v 0.582162 -0.188775 -0.999579
v 0.576387 -0.188178 -0.999826
v 0.575498 -0.187718 -0.999861
v 0.581153 -0.188889 -0.999717
v 0.573748 -0.186471 -0.999904
v 0.578470 -0.188802 -0.999765
v 0.575826 -0.187998 -0.999762
v 0.577562 -0.188627 -0.999748
v 0.573230 -0.185941 -0.999922
v 0.571823 -0.183947 -0.999959
v 0.578458 -0.188874 -0.999638
v 0.571095 -0.182397 -0.999965
v 0.581160 -0.188948 -0.999568
v 0.576925 -0.188413 -0.999784
v 0.574720 -0.187319 -0.999830
v 0.572761 -0.185424 -0.999930
v 0.580652 -0.188971 -0.999641
v 0.580484 -0.189008 -0.999543
v 0.572327 -0.184828 -0.999944
v 0.579806 -0.188996 -0.999628
v 0.579301 -0.188941 -0.999698
v 0.578965 -0.188912 -0.999698
v 0.574236 -0.186920 -0.999876
v 0.577793 -0.188750 -0.999622
v 0.570565 -0.180461 -0.999969
v 0.577138 -0.188579 -0.999626
v 0.576667 -0.188388 -0.999701
v 0.575292 -0.187750 -0.999742
v 0.572289 -0.185011 -0.999887
v 0.576346 -0.188281 -0.999682
v 0.572746 -0.185603 -0.999869
v 0.573316 -0.186331 -0.999755
v 0.570626 -0.181194 -0.999953
v 0.573842 -0.186749 -0.999786
v 0.570873 -0.182165 -0.999941
v 0.572260 -0.185140 -0.999808
v 0.572631 -0.185593 -0.999798
v 0.571324 -0.183331 -0.999927
v 0.576647 -0.188442 -0.999533
v 0.571753 -0.184175 -0.999906
v 0.570450 -0.180170 -0.999954
v 0.575337 -0.187845 -0.999606
v 0.574426 -0.187230 -0.999733
v 0.573587 -0.186661 -0.999622
v 0.574898 -0.187590 -0.999623
v 0.571468 -0.184056 -0.999759
v 0.571162 -0.183318 -0.999845
v 0.570867 -0.182495 -0.999886
v 0.570564 -0.181463 -0.999904
v 0.572912 -0.185903 -0.999791
v 0.570358 -0.180346 -0.999910
v 0.570326 -0.179254 -0.999941
v 0.572198 -0.185188 -0.999698
v 0.570494 -0.177519 -0.999959
v 0.573195 -0.186337 -0.999571
v 0.572804 -0.185890 -0.999691
v 0.570368 -0.181209 -0.999795
v 0.570975 -0.183174 -0.999715
v 0.571846 -0.184612 -0.999780
v 0.570236 -0.178717 -0.999895
v 0.570318 -0.178224 -0.999923
v 0.570264 -0.180760 -0.999786
v 0.570219 -0.180048 -0.999842
v 0.572376 -0.185479 -0.999560
v 0.570184 -0.179423 -0.999855
v 0.570747 -0.182709 -0.999714
v 0.570137 -0.180268 -0.999705
v 0.570964 -0.183272 -0.999576
v 0.570137 -0.178923 -0.999817
v 0.570215 -0.178006 -0.999843
v 0.570356 -0.181602 -0.999583
v 0.570053 -0.179513 -0.999653
v 0.570036 -0.179006 -0.999638
v 0.570557 -0.182212 -0.999705
v 0.570231 -0.181109 -0.999552
v 0.570115 -0.178122 -0.999731
v 0.570053 -0.179937 -0.999561
v 0.570068 -0.177990 -0.999558
v 0.571548 -0.177168 -0.999981
v 0.577583 -0.170707 -0.999997
v 0.582919 -0.170903 -0.999993
v 0.586109 -0.172859 -0.999991
v 0.586880 -0.173770 -0.999987
v 0.587767 -0.175211 -0.999983
v 0.579262 -0.187650 -0.999953
v 0.572003 -0.182381 -0.999967
v 0.588041 -0.180677 -0.999530
v 0.588136 -0.180563 -0.999733
v 0.588529 -0.180101 -0.999962
v 0.588380 -0.181310 -0.999968
v 0.587205 -0.183778 -0.999957
v 0.583448 -0.186871 -0.999937
v 0.581344 -0.187584 -0.999952
v 0.571336 -0.178760 -0.999976
v 0.575117 -0.186187 -0.999956
v 0.576469 -0.186916 -0.999953
v 0.585940 -0.185301 -0.999957
v 0.588642 -0.179783 -0.999973
v 0.573570 -0.184782 -0.999957
v 0.584941 -0.186018 -0.999934
v 0.585813 -0.185300 -0.999934
v 0.572453 -0.183201 -0.999960
v 0.575725 -0.186455 -0.999943
v 0.586824 -0.184154 -0.999934
v 0.573107 -0.184157 -0.999952
v 0.577655 -0.187336 -0.999950
v 0.579597 -0.187618 -0.999944
v 0.580722 -0.187527 -0.999924
v 0.571501 -0.178179 -0.999956
v 0.571413 -0.179550 -0.999968
v 0.577747 -0.187244 -0.999922
v 0.587799 -0.182711 -0.999965
v 0.571958 -0.177464 -0.999534
v 0.571868 -0.178038 -0.999529
v 0.571923 -0.180406 -0.999543
v 0.572084 -0.181174 -0.999560
v 0.572217 -0.181599 -0.999512
v 0.572707 -0.182774 -0.999550
v 0.573590 -0.184139 -0.999519
v 0.573951 -0.184561 -0.999516
v 0.575921 -0.186142 -0.999528
v 0.576585 -0.186483 -0.999525
v 0.577155 -0.186722 -0.999525
v 0.580981 -0.187171 -0.999501
v 0.582628 -0.186798 -0.999522
v 0.583254 -0.186560 -0.999499
v 0.583624 -0.186393 -0.999533
v 0.584121 -0.186123 -0.999506
v 0.584591 -0.185835 -0.999536
v 0.585093 -0.185462 -0.999519
v 0.586129 -0.184497 -0.999564
v 0.587257 -0.182866 -0.999512
v 0.582083 -0.187359 -0.999940
v 0.571637 -0.181015 -0.999962
v 0.574379 -0.185544 -0.999950
v 0.573876 -0.184920 -0.999922
v 0.574600 -0.185570 -0.999913
v 0.571972 -0.181962 -0.999949
v 0.571797 -0.181080 -0.999913
v 0.586566 -0.184272 -0.999866
v 0.581454 -0.187311 -0.999861
v 0.576179 -0.186606 -0.999911
v 0.575476 -0.186203 -0.999912
v 0.588108 -0.181758 -0.999942
v 0.582619 -0.187037 -0.999878
v 0.580320 -0.187386 -0.999832
v 0.572361 -0.182699 -0.999916
v 0.571530 -0.178940 -0.999928
v 0.585856 -0.185030 -0.999846
v 0.572732 -0.183419 -0.999921
v 0.572084 -0.182035 -0.999916
v 0.571630 -0.179883 -0.999890
v 0.588220 -0.180706 -0.999867
v 0.587826 -0.182052 -0.999861
v 0.587228 -0.183281 -0.999851
v 0.583574 -0.186641 -0.999865
v 0.578658 -0.187378 -0.999893
v 0.577824 -0.187095 -0.999826
v 0.584425 -0.186157 -0.999854
v 0.576527 -0.186688 -0.999870
v 0.574734 -0.185519 -0.999834
v 0.571971 -0.181073 -0.999761
v 0.579541 -0.187415 -0.999859
v 0.574099 -0.184966 -0.999845
v 0.572506 -0.182707 -0.999835
v 0.571669 -0.179275 -0.999829
v 0.571669 -0.178195 -0.999869
v 0.585224 -0.185591 -0.999850
v 0.575510 -0.186116 -0.999858
v 0.573437 -0.184202 -0.999837
v 0.572169 -0.181852 -0.999813
v 0.584089 -0.186248 -0.999757
v 0.583280 -0.186680 -0.999792
v 0.576047 -0.186318 -0.999765
v 0.587916 -0.181484 -0.999756
v 0.582708 -0.186849 -0.999726
v 0.578322 -0.187098 -0.999680
v 0.573005 -0.183650 -0.999858
v 0.584680 -0.185834 -0.999701
v 0.586006 -0.184721 -0.999726
v 0.586384 -0.184306 -0.999736
v 0.577178 -0.186825 -0.999758
v 0.580404 -0.187325 -0.999769
v 0.574290 -0.184958 -0.999664
v 0.573955 -0.184602 -0.999636
v 0.572232 -0.181754 -0.999666
v 0.587532 -0.182502 -0.999758
v 0.581139 -0.187254 -0.999769
v 0.571861 -0.180317 -0.999696
v 0.581097 -0.187197 -0.999663
v 0.576373 -0.186413 -0.999655
v 0.572972 -0.183335 -0.999697
v 0.586812 -0.183729 -0.999729
v 0.572507 -0.182512 -0.999734
v 0.587856 -0.181465 -0.999633
v 0.583992 -0.186219 -0.999616
v 0.575081 -0.185676 -0.999732
v 0.585663 -0.184988 -0.999580
v 0.583309 -0.186568 -0.999642
v 0.582061 -0.187024 -0.999698
v 0.580343 -0.187233 -0.999569
v 0.579561 -0.187261 -0.999676
v 0.571764 -0.178592 -0.999720
v 0.585225 -0.185423 -0.999689
v 0.577713 -0.186909 -0.999550
v 0.586618 -0.183885 -0.999544
v 0.578591 -0.187106 -0.999520
v 0.573436 -0.183991 -0.999653
v 0.573139 -0.183515 -0.999538
v 0.571791 -0.179044 -0.999613
v 0.587239 -0.182943 -0.999625
v 0.581741 -0.187049 -0.999542
v 0.574636 -0.185305 -0.999702
v 0.571823 -0.179729 -0.999588
v 0.571811 -0.178729 -0.999532
v 0.587527 -0.182304 -0.999532
v 0.587520 -0.182381 -0.999641
v 0.586981 -0.183356 -0.999568
v 0.579440 -0.187212 -0.999536
v 0.574389 -0.185007 -0.999520
v 0.572418 -0.182139 -0.999526
v 0.587921 -0.181192 -0.999533
v 0.587754 -0.181723 -0.999524
v 0.575408 -0.185827 -0.999556
v 0.574754 -0.185328 -0.999513
v 0.571980 -0.175729 -0.999984
v 0.572794 -0.174217 -0.999988
v 0.579003 -0.170430 -0.999997
v 0.581209 -0.170467 -0.999997
v 0.584558 -0.171701 -0.999991
v 0.588648 -0.178542 -0.999973
v 0.585031 -0.172102 -0.999975
v 0.578209 -0.170633 -0.999989
v 0.574645 -0.172254 -0.999990
v 0.581623 -0.171001 -0.999563
v 0.582394 -0.171192 -0.999603
v 0.583052 -0.171429 -0.999545
v 0.583777 -0.171763 -0.999554
v 0.584303 -0.172059 -0.999529
v 0.584755 -0.172357 -0.999538
v 0.586898 -0.174596 -0.999554
v 0.587632 -0.176033 -0.999538
v 0.587924 -0.176903 -0.999542
v 0.588031 -0.177339 -0.999548
v 0.588127 -0.177889 -0.999534
v 0.588207 -0.178665 -0.999583
v 0.588205 -0.179273 -0.999534
v 0.576079 -0.171326 -0.999995
v 0.572272 -0.175295 -0.999973
v 0.588217 -0.179903 -0.999715
v 0.578443 -0.170987 -0.999598
v 0.577009 -0.171404 -0.999589
v 0.572290 -0.175642 -0.999912
v 0.575605 -0.172078 -0.999707
v 0.571700 -0.177389 -0.999927
v 0.577687 -0.171178 -0.999560
v 0.573648 -0.173784 -0.999726
v 0.572090 -0.176311 -0.999870
v 0.576332 -0.171706 -0.999587
v 0.575137 -0.172443 -0.999551
v 0.575624 -0.172111 -0.999554
v 0.572778 -0.175093 -0.999689
v 0.573251 -0.174318 -0.999702
v 0.572605 -0.175280 -0.999800
v 0.573012 -0.174749 -0.999587
v 0.574626 -0.172848 -0.999584
v 0.573776 -0.173707 -0.999568
v 0.574155 -0.173282 -0.999602
v 0.572092 -0.176863 -0.999576
v 0.571988 -0.176900 -0.999798
v 0.573343 -0.174266 -0.999534
v 0.572397 -0.175897 -0.999682
v 0.571822 -0.177860 -0.999741
v 0.572662 -0.175393 -0.999531
v 0.572335 -0.176158 -0.999530
v 0.576635 -0.171142 -0.999986
v 0.579596 -0.170466 -0.999987
v 0.571828 -0.176461 -0.999966
v 0.573652 -0.173231 -0.999984
v 0.586019 -0.172876 -0.999983
v 0.572904 -0.174281 -0.999966
v 0.588035 -0.176208 -0.999945
v 0.575158 -0.172006 -0.999974
v 0.571575 -0.177386 -0.999970
v 0.574795 -0.172660 -0.999711
v 0.575090 -0.172350 -0.999813
v 0.576112 -0.171731 -0.999790
v 0.578594 -0.170647 -0.999960
v 0.583786 -0.171386 -0.999972
v 0.587797 -0.175470 -0.999968
v 0.588326 -0.176850 -0.999972
v 0.574031 -0.173280 -0.999800
v 0.585483 -0.172630 -0.999918
v 0.587266 -0.174560 -0.999958
v 0.588503 -0.178124 -0.999953
v 0.588432 -0.180025 -0.999928
v 0.579234 -0.170866 -0.999617
v 0.579888 -0.170831 -0.999621
v 0.586318 -0.173449 -0.999916
v 0.580843 -0.170588 -0.999957
v 0.582642 -0.171078 -0.999896
v 0.572840 -0.174713 -0.999871
v 0.577600 -0.170915 -0.999951
v 0.581834 -0.170682 -0.999976
v 0.580339 -0.170850 -0.999549
v 0.586772 -0.173846 -0.999959
v 0.573460 -0.173800 -0.999880
v 0.579584 -0.170597 -0.999941
v 0.577054 -0.171297 -0.999794
v 0.584562 -0.171967 -0.999911
v 0.588423 -0.178600 -0.999900
v 0.574100 -0.172958 -0.999942
v 0.574623 -0.172616 -0.999886
v 0.575720 -0.171794 -0.999918
v 0.587555 -0.175304 -0.999903
v 0.576698 -0.171270 -0.999929
v 0.577648 -0.171013 -0.999877
v 0.588286 -0.177301 -0.999920
v 0.587193 -0.174793 -0.999847
v 0.580997 -0.170903 -0.999559
v 0.580530 -0.170703 -0.999868
v 0.588344 -0.179558 -0.999843
v 0.583848 -0.171564 -0.999902
v 0.581445 -0.170813 -0.999870
v 0.586742 -0.174223 -0.999774
v 0.588226 -0.177799 -0.999805
v 0.578117 -0.170981 -0.999784
v 0.585234 -0.172582 -0.999820
v 0.587878 -0.176286 -0.999837
v 0.581080 -0.170863 -0.999720
v 0.586845 -0.174193 -0.999879
v 0.579361 -0.170736 -0.999844
v 0.580453 -0.170800 -0.999740
v 0.586046 -0.173315 -0.999822
v 0.582046 -0.171039 -0.999749
v 0.582907 -0.171331 -0.999703
v 0.584961 -0.172446 -0.999726
v 0.587300 -0.175235 -0.999672
v 0.583490 -0.171568 -0.999729
v 0.588278 -0.179274 -0.999745
v 0.584441 -0.172124 -0.999642
v 0.585508 -0.172957 -0.999574
v 0.584156 -0.171886 -0.999765
v 0.587977 -0.176846 -0.999735
v 0.587643 -0.175870 -0.999755
v 0.588234 -0.178417 -0.999709
v 0.586123 -0.173562 -0.999607
v 0.586496 -0.174003 -0.999601
v 0.588159 -0.179931 -0.999543
v 0.587283 -0.175257 -0.999541
v 0.588086 -0.177431 -0.999677
v 0.571968 -0.177421 -0.999038
v 0.572096 -0.176883 -0.999039
v 0.572259 -0.176354 -0.999041
v 0.572458 -0.175837 -0.999042
v 0.572629 -0.175459 -0.999043
v 0.572820 -0.175091 -0.999044
v 0.573029 -0.174731 -0.999045
v 0.573257 -0.174385 -0.999046
v 0.573500 -0.174048 -0.999046
v 0.573762 -0.173726 -0.999047
v 0.574135 -0.173317 -0.999048
v 0.574432 -0.173026 -0.999049
v 0.574744 -0.172753 -0.999050
v 0.575181 -0.172412 -0.999050
v 0.575522 -0.172176 -0.999051
v 0.575876 -0.171959 -0.999052
v 0.576364 -0.171696 -0.999052
v 0.576868 -0.171467 -0.999053
v 0.577255 -0.171317 -0.999053
v 0.577650 -0.171189 -0.999053
v 0.578051 -0.171078 -0.999054
v 0.578457 -0.170991 -0.999054
v 0.578867 -0.170922 -0.999054
v 0.579279 -0.170876 -0.999054
v 0.579694 -0.170848 -0.999054
v 0.580109 -0.170844 -0.999054
v 0.580663 -0.170870 -0.999054
v 0.581076 -0.170912 -0.999054
v 0.581486 -0.170978 -0.999054
v 0.582027 -0.171096 -0.999053
v 0.582559 -0.171250 -0.999053
v 0.582951 -0.171388 -0.999053
v 0.583334 -0.171548 -0.999052
v 0.583833 -0.171790 -0.999051
v 0.584313 -0.172064 -0.999051
v 0.584775 -0.172371 -0.999050
v 0.585107 -0.172620 -0.999049
v 0.585425 -0.172887 -0.999049
v 0.585828 -0.173266 -0.999048
v 0.586205 -0.173672 -0.999046
v 0.586469 -0.173992 -0.999046
v 0.586716 -0.174326 -0.999045
v 0.586947 -0.174671 -0.999044
v 0.587158 -0.175029 -0.999043
v 0.587413 -0.175520 -0.999042
v 0.587582 -0.175899 -0.999041
v 0.587731 -0.176287 -0.999040
v 0.587899 -0.176814 -0.999038
v 0.588002 -0.177216 -0.999037
v 0.588083 -0.177623 -0.999036
v 0.588145 -0.178033 -0.999035
v 0.588185 -0.178447 -0.999034
v 0.588205 -0.178861 -0.999033
v 0.588191 -0.179483 -0.999031
v 0.588136 -0.180103 -0.999030
v 0.588072 -0.180514 -0.999029
v 0.587986 -0.180920 -0.999028
v 0.587840 -0.181453 -0.999026
v 0.587659 -0.181976 -0.999025
v 0.587443 -0.182486 -0.999024
v 0.587259 -0.182858 -0.999023
v 0.587055 -0.183219 -0.999022
v 0.586835 -0.183572 -0.999021
v 0.586595 -0.183911 -0.999020
v 0.586341 -0.184239 -0.999019
v 0.586161 -0.184449 -0.999019
v 0.585878 -0.184753 -0.999018
v 0.585581 -0.185044 -0.999017
v 0.585269 -0.185317 -0.999017
v 0.584944 -0.185576 -0.999016
v 0.584606 -0.185817 -0.999016
v 0.584257 -0.186042 -0.999015
v 0.583895 -0.186247 -0.999014
v 0.583525 -0.186435 -0.999014
v 0.583273 -0.186550 -0.999014
v 0.582888 -0.186704 -0.999013
v 0.582495 -0.186842 -0.999013
v 0.582096 -0.186956 -0.999013
v 0.581556 -0.187079 -0.999012
v 0.581009 -0.187165 -0.999012
v 0.580596 -0.187207 -0.999012
v 0.580181 -0.187225 -0.999012
v 0.579765 -0.187225 -0.999012
v 0.579350 -0.187201 -0.999012
v 0.578937 -0.187158 -0.999012
v 0.578527 -0.187092 -0.999013
v 0.578120 -0.187008 -0.999013
v 0.577719 -0.186901 -0.999013
v 0.577192 -0.186729 -0.999014
v 0.576679 -0.186522 -0.999014
v 0.575999 -0.186179 -0.999015
v 0.575467 -0.185856 -0.999016
v 0.575126 -0.185619 -0.999017
v 0.574799 -0.185363 -0.999017
v 0.574484 -0.185092 -0.999018
v 0.574283 -0.184902 -0.999019
v 0.573993 -0.184604 -0.999019
v 0.573718 -0.184294 -0.999020
v 0.573544 -0.184078 -0.999021
v 0.573297 -0.183744 -0.999022
v 0.573066 -0.183399 -0.999023
v 0.572855 -0.183042 -0.999023
v 0.572660 -0.182675 -0.999024
v 0.572486 -0.182298 -0.999025
v 0.572329 -0.181914 -0.999026
v 0.572236 -0.181653 -0.999027
v 0.572115 -0.181256 -0.999028
v 0.571982 -0.180719 -0.999029
v 0.571906 -0.180311 -0.999031
v 0.571853 -0.179899 -0.999032
v 0.571813 -0.179347 -0.999033
v 0.571811 -0.178794 -0.999034
v 0.571871 -0.178036 -0.999036
f 2 1 4
f 2 4 3
f 5 201 33
f 33 201 6
f 33 6 7
f 8 7 9
f 8 9 10
f 10 200 11
f 10 11 12
f 10 12 13
f 13 12 14
f 13 14 62
f 62 14 15
f 62 15 61
f 61 15 16
f 61 16 65
f 65 16 17
f 65 17 66
f 66 17 18
f 66 18 59
f 59 18 19
f 59 19 64
f 64 19 20
f 64 20 63
f 63 20 21
f 63 21 60
f 60 21 22
f 60 22 24
f 24 22 23
f 24 23 25
f 24 25 26
f 26 29 27
f 27 29 28
f 28 29 30
f 37 3 4
f 32 4 202
f 34 1 2
f 32 37 4
f 5 32 202
f 36 2 3
f 38 34 2
f 38 2 36
f 33 32 5
f 35 36 3
f 35 3 37
f 42 32 33
f 37 32 42
f 39 34 38
f 41 39 38
f 41 38 36
f 41 36 43
f 43 36 35
f 40 37 42
f 50 42 33
f 31 34 39
f 45 43 35
f 45 35 40
f 40 35 37
f 7 50 33
f 44 39 41
f 30 31 39
f 48 45 40
f 48 40 49
f 49 40 42
f 47 30 39
f 47 39 44
f 46 44 41
f 46 41 43
f 53 49 42
f 53 42 50
f 8 50 7
f 46 43 51
f 51 43 45
f 58 51 45
f 58 45 48
f 55 28 30
f 55 30 47
f 8 53 50
f 57 51 58
f 52 58 48
f 52 48 49
f 54 44 46
f 54 46 51
f 57 54 51
f 62 49 53
f 62 53 13
f 13 53 8
f 13 8 10
f 61 52 49
f 61 49 62
f 56 55 47
f 56 47 60
f 60 47 44
f 60 44 54
f 27 28 55
f 27 55 56
f 63 60 54
f 63 54 57
f 59 57 58
f 64 63 57
f 64 57 59
f 66 59 58
f 66 58 65
f 65 58 52
f 65 52 61
f 24 26 27
f 24 27 56
f 60 24 56
f 1 67 68
f 1 68 69
f 1 69 70
f 1 70 71
f 1 71 72
f 1 72 4
f 4 72 73
f 4 73 74
f 4 74 75
f 4 75 76
f 4 76 77
f 4 77 78
f 4 78 202
f 202 78 79
f 202 79 80
f 202 80 81
f 202 81 82
f 202 82 83
f 202 83 86
f 86 83 84
f 86 84 85
f 86 85 87
f 86 87 203
f 203 87 88
f 203 88 89
f 203 89 90
f 203 90 91
f 203 91 226
f 226 91 92
f 226 92 93
f 226 93 94
f 93 174 94
f 92 95 93
f 93 95 96
f 93 96 97
f 91 98 92
f 92 98 99
f 92 99 100
f 98 91 101
f 101 91 90
f 101 90 102
f 102 90 89
f 102 89 103
f 103 89 88
f 103 88 104
f 104 88 87
f 104 87 105
f 105 87 85
f 105 85 106
f 106 85 84
f 106 84 107
f 107 84 83
f 107 83 108
f 108 83 82
f 108 82 109
f 109 82 81
f 109 81 110
f 110 81 80
f 110 80 111
f 111 80 79
f 111 79 112
f 112 79 78
f 112 78 113
f 113 78 77
f 113 77 114
f 114 77 76
f 114 76 115
f 115 76 75
f 115 75 116
f 116 75 74
f 116 74 117
f 117 74 73
f 117 73 118
f 118 73 72
f 118 72 119
f 119 72 71
f 119 71 120
f 120 71 70
f 120 70 121
f 121 70 69
f 121 69 122
f 122 69 123
f 123 69 124
f 124 69 125
f 125 69 68
f 125 68 126
f 126 68 127
f 127 68 128
f 128 68 129
f 129 68 130
f 130 68 131
f 131 68 132
f 132 68 133
f 133 68 134
f 134 68 135
f 135 68 136
f 136 68 137
f 137 68 138
f 138 68 139
f 139 68 140
f 140 68 141
f 141 68 67
f 141 67 142
f 142 67 143
f 143 67 144
f 144 67 145
f 145 67 146
f 146 67 147
f 147 67 148
f 148 67 149
f 149 67 150
f 150 67 151
f 151 67 152
f 152 67 153
f 153 67 154
f 154 67 155
f 100 156 92
f 156 157 92
f 92 157 95
f 97 158 93
f 93 158 159
f 159 160 93
f 160 161 93
f 161 162 93
f 162 163 93
f 93 163 164
f 93 164 165
f 93 165 166
f 93 166 167
f 93 167 168
f 168 169 93
f 93 169 170
f 93 170 171
f 93 171 172
f 93 172 173
f 93 173 174
f 94 174 175
f 175 176 94
f 94 176 177
f 94 177 178
f 178 179 94
f 94 179 180
f 180 181 94
f 181 182 94
f 94 182 183
f 94 183 184
f 94 184 185
f 94 185 186
f 94 186 187
f 94 187 188
f 94 188 226
f 226 188 189
f 226 189 190
f 190 189 238
f 238 189 206
f 238 206 191
f 191 206 192
f 189 188 193
f 193 188 194
f 193 194 195
f 196 197 193
f 193 197 198
f 193 198 189
f 199 11 200
f 200 10 9
f 9 7 6
f 201 5 204
f 86 203 227
f 202 86 204
f 202 204 5
f 86 225 204
f 203 226 229
f 203 229 227
f 86 227 230
f 86 230 225
f 244 238 191
f 244 191 205
f 205 191 192
f 205 192 206
f 206 207 208
f 208 207 209
f 208 209 210
f 210 209 211
f 210 211 212
f 212 211 213
f 212 213 258
f 258 213 214
f 258 214 215
f 215 214 216
f 215 216 262
f 262 216 217
f 262 217 261
f 261 217 218
f 261 218 219
f 219 218 220
f 219 220 221
f 221 220 222
f 221 222 224
f 224 222 223
f 224 223 199
f 235 204 225
f 190 229 226
f 231 235 225
f 201 204 235
f 230 227 228
f 228 227 229
f 233 229 190
f 239 231 225
f 239 225 230
f 238 233 190
f 237 230 228
f 232 228 229
f 232 229 233
f 243 235 231
f 243 231 239
f 6 201 234
f 234 201 235
f 236 234 235
f 236 235 243
f 247 239 230
f 247 230 237
f 241 237 228
f 241 228 232
f 242 6 234
f 242 234 236
f 240 237 241
f 9 6 242
f 249 243 239
f 249 239 247
f 248 247 237
f 248 237 240
f 246 232 233
f 246 233 244
f 244 233 238
f 245 242 236
f 245 236 243
f 245 243 249
f 251 241 232
f 251 232 246
f 250 249 247
f 250 247 248
f 253 9 242
f 253 242 256
f 256 242 245
f 256 245 259
f 259 245 249
f 255 240 241
f 255 241 251
f 252 251 246
f 252 246 244
f 254 252 244
f 200 9 253
f 260 259 249
f 260 249 250
f 257 260 250
f 257 250 248
f 257 248 215
f 215 248 240
f 215 240 255
f 205 254 244
f 258 215 255
f 258 255 212
f 212 255 251
f 212 251 252
f 221 256 259
f 221 259 219
f 219 259 260
f 219 260 261
f 261 260 257
f 262 261 257
f 262 257 215
f 199 200 253
f 199 253 224
f 224 253 256
f 224 256 221
f 210 212 252
f 210 252 254
f 208 210 254
f 208 254 205
f 206 208 205
f 263 26 264
f 264 26 25
f 264 25 265
f 265 25 23
f 265 23 266
f 266 23 22
f 266 22 21
f 266 21 267
f 267 21 20
f 267 20 268
f 268 20 269
f 269 20 19
f 269 19 270
f 270 19 18
f 270 18 271
f 271 18 17
f 271 17 272
f 272 17 16
f 272 16 273
f 273 16 15
f 273 15 274
f 274 15 275
f 275 15 14
f 275 14 276
f 276 14 12
f 276 12 277
f 277 12 11
f 277 11 199
f 277 199 278
f 278 199 223
f 278 223 279
f 279 223 222
f 279 222 280
f 280 222 281
f 281 222 220
f 281 220 282
f 282 220 218
f 282 218 283
f 283 218 217
f 283 217 284
f 284 217 216
f 284 216 285
f 285 216 214
f 285 214 286
f 286 214 287
f 287 214 213
f 287 213 288
f 288 213 211
f 288 211 289
f 289 211 209
f 289 209 207
f 289 207 290
f 290 207 206
f 290 206 189
f 291 292 293
f 293 292 155
f 293 155 263
f 263 155 1
f 263 1 34
f 155 67 1
f 34 31 263
f 263 31 26
f 26 31 30
f 26 30 29
f 263 294 293
f 293 294 295
f 293 295 296
f 297 298 299
f 299 298 300
f 300 298 301
f 300 301 302
f 302 301 303
f 302 303 304
f 304 303 305
f 304 305 306
f 306 305 307
f 306 307 9143
f 9143 307 308
f 9143 308 309
f 309 308 310
f 309 310 311
f 311 312 309
f 312 313 309
f 309 313 314
f 314 315 309
f 309 315 316
f 315 317 316
f 316 317 318
f 318 319 316
f 316 319 320
f 316 320 321
f 316 321 322
f 316 322 323
f 323 324 316
f 316 324 325
f 325 327 316
f 316 327 326
f 326 327 328
f 328 329 326
f 326 329 330
f 330 331 326
f 326 331 332
f 326 332 333
f 326 333 334
f 334 333 335
f 334 335 336
f 334 336 337
f 334 337 338
f 334 338 339
f 334 339 340
f 340 341 334
f 341 342 334
f 334 342 343
f 334 343 344
f 334 344 345
f 334 345 346
f 346 345 347
f 347 348 346
f 348 292 346
f 346 292 291
f 346 291 349
f 346 349 350
f 350 349 351
f 350 351 352
f 352 351 353
f 352 353 354
f 354 353 355
f 354 355 356
f 356 355 357
f 356 357 358
f 358 357 359
f 358 359 360
f 360 359 361
f 360 361 362
f 362 361 363
f 362 363 364
f 364 363 365
f 364 365 366
f 366 365 367
f 366 367 368
f 368 367 369
f 368 369 370
f 370 369 371
f 370 371 372
f 372 373 370
f 370 373 374
f 370 374 375
f 370 375 376
f 375 377 376
f 376 377 378
f 376 378 379
f 376 379 380
f 376 380 381
f 376 381 382
f 376 382 383
f 376 383 384
f 384 385 376
f 376 385 386
f 385 387 386
f 386 387 388
f 386 388 389
f 386 389 390
f 390 391 386
f 386 391 392
f 392 393 386
f 393 394 386
f 386 394 395
f 395 394 396
f 396 397 395
f 395 397 398
f 398 399 395
f 395 399 400
f 395 400 401
f 395 401 402
f 395 402 403
f 403 404 395
f 395 404 405
f 395 405 406
f 406 407 395
f 395 407 408
f 395 408 409
f 395 409 410
f 395 410 411
f 410 412 411
f 411 412 413
f 411 413 414
f 414 415 411
f 411 415 416
f 416 415 417
f 416 417 418
f 418 417 419
f 418 419 420
f 420 419 421
f 420 421 422
f 422 421 423
f 422 423 424
f 424 423 425
f 424 425 426
f 426 425 427
f 426 427 428
f 428 427 429
f 428 429 430
f 430 429 431
f 430 431 432
f 432 431 433
f 432 433 434
f 434 433 435
f 434 435 436
f 436 435 437
f 436 437 438
f 438 437 439
f 438 439 440
f 440 441 438
f 438 441 442
f 442 443 438
f 438 443 444
f 444 443 445
f 444 445 446
f 444 446 447
f 444 447 448
f 444 448 449
f 449 450 444
f 444 450 451
f 444 451 452
f 452 453 444
f 453 454 444
f 444 454 455
f 455 454 456
f 456 457 455
f 455 457 458
f 455 458 459
f 455 459 460
f 455 460 461
f 461 460 462
f 461 462 463
f 461 463 464
f 461 464 465
f 461 465 466
f 461 466 467
f 461 467 468
f 461 468 469
f 461 469 470
f 461 470 471
f 461 471 472
f 461 472 473
f 473 474 461
f 461 474 475
f 461 475 476
f 475 477 476
f 477 478 476
f 476 478 479
f 476 479 480
f 476 480 481
f 481 480 482
f 481 482 483
f 483 482 484
f 483 484 485
f 485 484 486
f 485 486 487
f 487 486 488
f 487 488 489
f 489 488 490
f 489 490 491
f 491 490 492
f 491 492 493
f 493 492 494
f 493 494 495
f 495 494 496
f 495 496 497
f 497 496 498
f 497 498 499
f 499 498 500
f 499 500 501
f 501 500 502
f 501 502 503
f 503 504 501
f 501 504 505
f 501 505 506
f 501 506 507
f 507 508 501
f 501 508 510
f 501 510 509
f 509 510 511
f 511 512 509
f 509 512 513
f 509 513 514
f 509 514 515
f 515 516 509
f 516 517 509
f 517 518 509
f 509 518 519
f 519 518 520
f 519 520 521
f 521 522 519
f 519 522 523
f 519 523 524
f 519 524 525
f 525 524 526
f 525 526 527
f 525 527 528
f 525 528 529
f 525 529 530
f 525 530 531
f 531 532 525
f 525 532 533
f 525 533 534
f 534 535 525
f 525 535 536
f 525 536 537
f 537 538 525
f 525 538 539
f 525 539 540
f 540 539 541
f 540 541 542
f 540 542 543
f 543 544 540
f 540 544 545
f 545 544 546
f 545 546 547
f 547 546 548
f 547 548 549
f 549 548 550
f 549 550 551
f 551 550 552
f 551 552 553
f 553 552 554
f 553 554 555
f 555 554 556
f 555 556 557
f 557 556 558
f 557 558 559
f 559 558 560
f 559 560 561
f 561 560 562
f 561 562 563
f 563 562 564
f 563 564 565
f 565 564 566
f 565 566 567
f 567 566 568
f 567 568 569
f 569 570 567
f 570 571 567
f 571 572 567
f 567 572 573
f 567 573 574
f 574 573 575
f 574 575 576
f 574 576 577
f 574 577 578
f 578 579 574
f 574 579 580
f 580 581 574
f 574 581 582
f 582 583 574
f 574 583 584
f 584 583 585
f 584 585 586
f 586 587 584
f 584 587 588
f 584 588 589
f 584 589 590
f 584 590 591
f 584 591 592
f 584 592 593
f 593 592 594
f 594 595 593
f 593 595 596
f 593 596 597
f 593 597 598
f 598 599 593
f 593 599 600
f 600 601 593
f 593 601 602
f 593 602 604
f 593 604 603
f 603 604 605
f 605 606 603
f 603 606 607
f 603 607 608
f 603 608 609
f 609 608 610
f 609 610 611
f 611 610 612
f 611 612 613
f 613 612 614
f 613 614 615
f 615 614 616
f 615 616 617
f 617 616 618
f 617 618 619
f 619 618 620
f 619 620 621
f 621 620 622
f 621 622 623
f 623 622 624
f 623 624 625
f 625 624 626
f 625 626 627
f 627 626 628
f 627 628 629
f 629 628 630
f 629 630 631
f 631 632 629
f 629 632 633
f 629 633 634
f 629 634 635
f 629 635 636
f 636 635 637
f 636 637 638
f 636 638 639
f 636 639 640
f 640 641 636
f 636 641 642
f 642 643 636
f 636 643 644
f 644 645 636
f 636 645 646
f 646 645 647
f 647 648 646
f 646 648 649
f 646 649 650
f 650 651 646
f 651 652 646
f 646 652 653
f 653 652 654
f 653 654 655
f 653 655 656
f 653 656 657
f 653 657 658
f 653 658 659
f 659 660 653
f 653 660 661
f 653 661 662
f 662 663 653
f 653 663 664
f 653 664 665
f 665 664 666
f 666 667 665
f 665 667 668
f 665 668 669
f 669 670 665
f 665 670 671
f 671 670 672
f 671 672 673
f 673 672 674
f 673 674 675
f 675 674 676
f 675 676 677
f 677 676 678
f 677 678 679
f 679 678 680
f 679 680 681
f 681 680 682
f 683 684 685
f 685 684 686
f 685 686 687
f 687 686 688
f 687 688 689
f 689 688 690
f 689 690 691
f 691 690 692
f 691 692 693
f 693 692 694
f 693 694 8887
f 8887 694 695
f 8887 695 299
f 299 695 297
f 696 697 685
f 685 697 698
f 699 1058 696
f 696 1058 700
f 701 1051 699
f 702 1043 701
f 703 704 702
f 702 704 195
f 702 195 194
f 704 703 705
f 705 703 706
f 705 706 707
f 707 706 708
f 707 708 709
f 709 708 710
f 709 710 711
f 711 710 712
f 711 712 713
f 713 712 714
f 713 714 715
f 715 714 716
f 715 716 717
f 717 716 718
f 717 718 719
f 719 718 720
f 719 720 721
f 721 720 8952
f 721 8952 722
f 722 8952 723
f 722 723 724
f 724 723 725
f 725 723 726
f 726 723 727
f 727 723 729
f 729 723 728
f 729 728 730
f 730 728 731
f 731 728 732
f 732 728 733
f 733 728 734
f 734 728 735
f 735 728 736
f 736 728 737
f 737 728 738
f 738 728 740
f 740 728 739
f 740 739 741
f 741 739 742
f 742 739 743
f 743 739 744
f 744 739 745
f 745 739 746
f 746 739 747
f 747 739 749
f 749 739 748
f 749 748 750
f 750 748 751
f 751 748 752
f 752 748 753
f 753 748 754
f 754 748 755
f 755 748 756
f 756 748 757
f 757 748 758
f 758 748 759
f 759 748 760
f 760 748 761
f 760 761 762
f 762 761 763
f 763 761 764
f 764 761 765
f 765 761 766
f 766 761 767
f 766 767 768
f 768 767 769
f 768 769 770
f 770 769 771
f 770 771 772
f 772 771 773
f 772 773 774
f 774 773 775
f 774 775 776
f 776 775 777
f 776 777 778
f 778 777 779
f 778 779 780
f 780 779 781
f 780 781 782
f 782 781 783
f 782 783 784
f 784 783 785
f 784 785 786
f 786 785 787
f 786 787 788
f 788 787 789
f 788 789 790
f 790 789 791
f 791 789 792
f 792 789 794
f 794 789 793
f 794 793 795
f 795 793 796
f 796 793 797
f 797 793 798
f 798 793 799
f 799 793 800
f 800 793 801
f 801 793 802
f 802 793 803
f 803 793 804
f 804 793 805
f 805 793 806
f 806 793 807
f 807 793 809
f 809 793 808
f 809 808 810
f 810 808 811
f 811 808 812
f 812 808 813
f 813 808 814
f 814 808 815
f 814 815 816
f 816 815 817
f 817 815 818
f 818 815 819
f 819 815 820
f 820 815 821
f 821 815 822
f 822 815 823
f 823 815 824
f 824 815 825
f 824 825 826
f 826 825 827
f 827 825 828
f 828 825 829
f 829 825 830
f 830 825 831
f 831 825 832
f 832 825 833
f 832 833 834
f 834 833 835
f 834 835 836
f 836 835 837
f 836 837 838
f 838 837 839
f 838 839 840
f 840 839 841
f 840 841 842
f 842 841 843
f 842 843 844
f 844 843 845
f 844 845 846
f 846 845 847
f 846 847 848
f 848 847 849
f 848 849 850
f 850 849 851
f 850 851 852
f 852 851 853
f 852 853 854
f 854 853 855
f 855 853 856
f 856 853 858
f 858 853 857
f 858 857 859
f 859 857 860
f 860 857 861
f 861 857 862
f 862 857 863
f 863 857 864
f 864 857 865
f 865 857 866
f 866 857 867
f 867 857 868
f 868 857 869
f 869 857 870
f 870 857 872
f 872 857 871
f 872 871 873
f 873 871 874
f 874 871 875
f 875 871 876
f 876 871 877
f 877 871 878
f 878 871 880
f 880 871 879
f 880 879 881
f 881 879 882
f 882 879 883
f 883 879 884
f 884 879 885
f 885 879 886
f 886 879 887
f 887 879 888
f 888 879 890
f 890 879 889
f 890 889 891
f 891 889 892
f 892 889 893
f 893 889 894
f 894 889 895
f 895 889 896
f 896 889 897
f 896 897 898
f 898 897 899
f 898 899 900
f 900 899 901
f 900 901 902
f 902 901 903
f 902 903 904
f 904 903 905
f 904 905 906
f 906 905 907
f 906 907 908
f 908 907 909
f 908 909 910
f 910 909 911
f 910 911 912
f 912 911 913
f 912 913 914
f 914 913 915
f 914 915 916
f 916 915 917
f 916 917 918
f 918 917 919
f 918 919 920
f 920 919 921
f 921 919 922
f 922 919 924
f 924 919 923
f 924 923 925
f 925 923 926
f 926 923 927
f 927 923 928
f 928 923 929
f 929 923 930
f 930 923 931
f 931 923 932
f 932 923 933
f 933 923 934
f 934 923 935
f 935 923 936
f 936 923 937
f 937 923 938
f 938 923 939
f 938 939 940
f 940 939 941
f 941 939 942
f 942 939 943
f 943 939 944
f 944 939 945
f 945 939 946
f 946 939 948
f 948 939 947
f 948 947 949
f 949 947 950
f 950 947 951
f 951 947 952
f 952 947 953
f 953 947 954
f 954 947 955
f 955 947 956
f 956 947 957
f 956 957 958
f 958 957 959
f 959 957 960
f 960 957 961
f 961 957 962
f 962 957 963
f 963 957 964
f 963 964 965
f 965 964 966
f 965 966 967
f 967 966 968
f 967 968 969
f 969 968 970
f 969 970 971
f 971 970 972
f 971 972 973
f 973 972 974
f 973 974 975
f 975 974 976
f 975 976 977
f 977 976 978
f 977 978 979
f 979 978 980
f 979 980 981
f 981 980 982
f 981 982 983
f 983 982 984
f 983 984 985
f 985 984 986
f 986 984 987
f 987 984 988
f 988 984 989
f 989 984 990
f 989 990 991
f 991 990 992
f 992 990 993
f 993 990 994
f 994 990 995
f 995 990 996
f 996 990 997
f 997 990 998
f 998 990 999
f 999 990 1000
f 1000 990 1001
f 1001 990 1002
f 1002 990 1004
f 1004 990 1003
f 1004 1003 1005
f 1005 1003 1006
f 1006 1003 1007
f 1007 1003 1008
f 1008 1003 1009
f 1009 1003 1010
f 1010 1003 1011
f 1011 1003 1013
f 1013 1003 1012
f 1013 1012 1014
f 1014 1012 1015
f 1015 1012 1016
f 1016 1012 1017
f 1017 1012 1018
f 1018 1012 1019
f 1019 1012 1020
f 1020 1012 1021
f 1021 1012 1022
f 1021 1022 1023
f 1023 1022 1024
f 1024 1022 1025
f 1025 1022 1026
f 1026 1022 1027
f 1027 1022 1028
f 1028 1022 1029
f 1028 1029 1030
f 1030 1029 1031
f 1030 1031 1032
f 1032 1031 1033
f 1032 1033 1034
f 1034 1033 1035
f 1034 1035 1036
f 1036 1035 1037
f 1036 1037 1038
f 1038 1037 681
f 1038 681 682
f 194 1039 702
f 1039 1040 702
f 702 1040 1041
f 702 1041 1042
f 702 1042 1043
f 1043 1044 701
f 701 1044 1045
f 1045 1046 701
f 701 1046 1047
f 1047 1048 701
f 1048 1049 701
f 701 1049 1050
f 701 1050 1051
f 699 1051 1052
f 699 1052 1053
f 1053 1054 699
f 1054 1055 699
f 1055 1056 699
f 699 1056 1057
f 699 1057 1058
f 696 700 1059
f 1059 1060 696
f 696 1060 1061
f 696 1061 1062
f 1062 1063 696
f 696 1063 1064
f 696 1064 1065
f 696 1065 1066
f 696 1066 1067
f 1067 1068 696
f 696 1068 697
f 685 698 683
f 99 98 684
f 684 98 101
f 684 101 102
f 102 103 684
f 684 103 104
f 684 104 105
f 105 106 684
f 684 106 686
f 686 106 107
f 686 107 688
f 688 107 690
f 690 107 108
f 690 108 692
f 692 108 109
f 692 109 694
f 694 109 695
f 695 109 110
f 695 110 297
f 297 110 111
f 297 111 298
f 298 111 112
f 298 112 301
f 301 112 303
f 303 112 113
f 303 113 305
f 305 113 114
f 305 114 307
f 307 114 308
f 308 114 115
f 308 115 310
f 310 115 116
f 310 116 117
f 117 118 310
f 310 118 119
f 310 119 120
f 120 121 310
f 310 121 122
f 683 100 684
f 684 100 99
f 1054 171 1055
f 1055 171 170
f 1055 170 1056
f 1056 170 169
f 1056 169 1057
f 1057 169 168
f 1057 168 1058
f 1058 168 167
f 1058 167 700
f 700 167 166
f 700 166 1059
f 1059 166 165
f 1059 165 1060
f 1060 165 164
f 1060 164 1061
f 1061 164 163
f 1061 163 1062
f 1062 163 162
f 1062 162 1063
f 1063 162 161
f 1063 161 1064
f 1064 161 160
f 1064 160 1065
f 1065 160 159
f 1065 159 1066
f 1066 159 158
f 1066 158 1067
f 1067 158 97
f 1067 97 96
f 1067 96 1068
f 1068 96 95
f 1068 95 697
f 697 95 157
f 697 157 698
f 698 157 156
f 698 156 683
f 683 156 100
f 188 187 194
f 194 187 1039
f 1039 187 186
f 1039 186 185
f 1039 185 1040
f 1040 185 1041
f 1041 185 184
f 1041 184 1042
f 1042 184 183
f 1042 183 1043
f 1043 183 182
f 1043 182 1044
f 1044 182 181
f 1044 181 1045
f 1045 181 180
f 1045 180 1046
f 1046 180 179
f 1046 179 1047
f 1047 179 178
f 1047 178 1048
f 1048 178 177
f 1048 177 1049
f 1049 177 176
f 1049 176 1050
f 1050 176 175
f 1050 175 1051
f 1051 175 174
f 1051 174 1052
f 1052 174 173
f 1052 173 1053
f 1053 173 172
f 1053 172 1054
f 1054 172 171
f 123 311 122
f 122 311 310
f 123 124 311
f 311 124 312
f 312 124 313
f 313 124 125
f 313 125 314
f 314 125 126
f 314 126 315
f 315 126 127
f 315 127 317
f 317 127 128
f 317 128 318
f 318 128 129
f 318 129 319
f 319 129 130
f 319 130 320
f 320 130 131
f 320 131 321
f 321 131 322
f 322 131 132
f 322 132 323
f 323 132 133
f 323 133 324
f 324 133 134
f 324 134 325
f 325 134 135
f 325 135 327
f 327 135 136
f 327 136 328
f 328 136 137
f 328 137 329
f 329 137 138
f 329 138 330
f 330 138 139
f 330 139 331
f 331 139 140
f 331 140 332
f 332 140 141
f 332 141 333
f 333 141 142
f 333 142 335
f 335 142 143
f 335 143 336
f 336 143 337
f 337 143 144
f 337 144 338
f 338 144 145
f 338 145 339
f 339 145 146
f 339 146 340
f 340 146 147
f 340 147 341
f 341 147 148
f 341 148 342
f 342 148 149
f 342 149 343
f 343 149 150
f 343 150 344
f 344 150 151
f 344 151 345
f 345 151 152
f 345 152 347
f 347 152 153
f 347 153 348
f 348 153 154
f 348 154 292
f 292 154 155
f 1069 1070 724
f 724 1070 1071
f 724 1071 1072
f 1072 1073 724
f 724 1073 1074
f 724 1074 722
f 722 1074 193
f 722 193 721
f 721 193 719
f 719 193 717
f 717 193 715
f 715 193 713
f 713 193 711
f 711 193 709
f 709 193 707
f 707 193 705
f 705 193 704
f 704 193 195
f 724 725 1069
f 1069 725 1075
f 1069 1075 1076
f 1076 1075 1547
f 1075 1077 1547
f 1547 1651 1076
f 1651 1078 1076
f 1076 1078 1584
f 1584 1078 1079
f 1584 1079 1080
f 1076 1081 1069
f 1069 1081 1082
f 1069 1082 1083
f 1083 1084 1069
f 1069 1084 1070
f 1070 1084 1085
f 1070 1085 1071
f 1071 1085 1086
f 1071 1086 1072
f 1072 1086 1087
f 1072 1087 1073
f 1073 1087 1088
f 1073 1088 1074
f 1074 1088 196
f 1074 196 193
f 1089 1090 1091
f 1091 1090 1092
f 1091 1092 1093
f 1091 1093 1094
f 1094 1093 1095
f 1094 1095 1096
f 1091 1094 1097
f 1097 1094 1098
f 1097 1098 1099
f 1099 1100 1097
f 1097 1100 1101
f 1097 1101 1102
f 1102 1103 1097
f 1097 1103 1104
f 1097 1104 1105
f 1106 1107 1103
f 1103 1107 1108
f 1103 1108 1109
f 1103 1109 1104
f 1104 1109 1110
f 1104 1110 1111
f 1105 1112 1097
f 1097 1112 1113
f 1097 1113 1114
f 1115 1116 1114
f 1114 1116 1117
f 1115 1118 1116
f 1116 1118 1119
f 1116 1119 1120
f 1121 1122 1118
f 1118 1122 1123
f 1118 1123 1119
f 1119 1123 1124
f 1119 1124 1125
f 1125 1126 1119
f 1120 1127 1116
f 1116 1127 1128
f 1116 1128 1129
f 1129 1130 1116
f 1116 1130 1131
f 1116 1131 1132
f 1132 1131 1133
f 1133 1131 1134
f 1134 1131 1135
f 1135 1131 1136
f 1136 1131 1137
f 1137 1131 1138
f 1138 1131 1139
f 1139 1131 1140
f 1140 1131 1141
f 1141 1131 1142
f 1142 1131 1143
f 1143 1131 1144
f 1144 1131 1145
f 1145 1131 1146
f 1145 1146 1147
f 1148 1149 1131
f 1131 1149 1150
f 1131 1150 1151
f 1131 1151 1146
f 1146 1151 1152
f 1146 1152 1153
f 1145 1147 1154
f 1154 1147 1155
f 1154 1155 1156
f 1156 1157 1154
f 1154 1157 1158
f 1154 1158 1159
f 1160 1161 1159
f 1159 1161 1162
f 1159 1162 1163
f 1159 1163 1164
f 1164 1163 1165
f 1164 1165 1166
f 1166 1167 1164
f 1168 1169 1164
f 1164 1169 1170
f 1164 1170 1159
f 1159 1170 1154
f 1168 1171 1169
f 1169 1171 1172
f 1169 1172 1173
f 1173 1174 1169
f 1169 1174 1175
f 1175 1174 1176
f 1175 1176 1177
f 1177 1176 1178
f 1177 1178 1179
f 1180 1181 1176
f 1176 1181 1178
f 1179 1182 1177
f 1177 1182 1183
f 1186 1184 1177
f 1177 1184 1365
f 1177 1365 1185
f 1184 1186 1187
f 1184 1187 1188
f 1189 1190 1188
f 1188 1190 1191
f 1188 1191 1393
f 1189 1192 1190
f 1190 1192 1193
f 1190 1193 1194
f 1195 1196 1192
f 1192 1196 1197
f 1192 1197 1198
f 1192 1198 1199
f 1199 1198 1200
f 1199 1200 1201
f 1199 1202 1192
f 1192 1202 1193
f 1194 1203 1190
f 1190 1203 1204
f 1190 1204 1205
f 1206 1207 1205
f 1205 1207 1208
f 1205 1208 1209
f 1209 1208 1210
f 1209 1210 1211
f 1211 1212 1209
f 1205 1209 1190
f 1190 1209 1213
f 1190 1213 1214
f 1214 1215 1190
f 1190 1215 1216
f 1190 1216 1217
f 1217 1218 1190
f 1190 1218 1219
f 1190 1219 1220
f 1221 1222 1218
f 1218 1222 1223
f 1218 1223 1219
f 1219 1223 1224
f 1219 1224 1225
f 1225 1226 1219
f 1220 1227 1190
f 1190 1227 1228
f 1190 1228 1229
f 1229 1228 1230
f 1229 1230 1231
f 1231 1232 1229
f 1229 1232 1233
f 1233 1232 1234
f 1233 1234 1235
f 1236 1237 1232
f 1232 1237 1238
f 1232 1238 1239
f 1232 1239 1234
f 1234 1239 1240
f 1234 1240 1241
f 1233 1235 1242
f 1242 1235 1243
f 1242 1243 1244
f 1244 1243 1245
f 1244 1245 1247
f 1247 1245 1246
f 1247 1246 1248
f 1247 1248 1249
f 1249 1248 1250
f 1249 1250 1251
f 1251 1250 1252
f 1252 1250 1254
f 1254 1250 1253
f 1254 1253 1255
f 1255 1253 1257
f 1257 1253 1256
f 1257 1256 1258
f 1257 1258 1259
f 1259 1258 1260
f 1259 1260 1262
f 1262 1260 1261
f 1262 1261 1263
f 1262 1263 1264
f 1264 1263 1265
f 1264 1265 1266
f 1266 1265 1267
f 1266 1267 1268
f 1269 1270 1250
f 1250 1270 1271
f 1250 1271 1272
f 1250 1272 1253
f 1253 1272 1273
f 1253 1273 1274
f 1275 1276 1265
f 1265 1276 1267
f 1268 1277 1266
f 1266 1277 1278
f 1279 1282 1266
f 1266 1282 1280
f 1266 1280 1281
f 1282 1279 1283
f 1282 1283 1284
f 1284 1283 1285
f 1284 1285 1286
f 1286 1285 1287
f 1286 1287 1289
f 1289 1287 1288
f 1289 1288 296
f 1289 296 1290
f 1290 296 1291
f 1291 296 1292
f 1292 296 1293
f 1293 296 268
f 1293 268 269
f 295 1294 296
f 296 1294 1295
f 296 1295 1296
f 296 1296 268
f 268 1296 1297
f 268 1297 1298
f 1293 269 1299
f 1299 269 270
f 1299 270 271
f 271 272 1299
f 1299 272 273
f 1299 273 274
f 1300 1301 274
f 274 1301 1302
f 274 1302 1303
f 274 1303 280
f 280 1303 1304
f 280 1304 1305
f 281 1307 280
f 280 1307 1306
f 280 1306 274
f 274 1306 1299
f 281 282 1307
f 1307 282 283
f 1307 283 284
f 284 285 1307
f 1307 285 286
f 1307 286 196
f 196 286 1308
f 196 1308 1309
f 1310 1311 286
f 286 1311 1308
f 1309 1312 196
f 196 1312 197
f 1088 1313 196
f 196 1313 1314
f 196 1314 1315
f 1088 1087 1313
f 1313 1087 1086
f 1313 1086 1085
f 1085 1084 1313
f 1313 1084 1083
f 1313 1083 1316
f 1316 1083 1317
f 1316 1317 1318
f 1082 1319 1083
f 1083 1319 1320
f 1083 1320 1317
f 1318 1321 1316
f 1316 1322 1313
f 1313 1322 1323
f 1313 1323 1324
f 1324 1325 1313
f 1313 1325 1327
f 1327 1325 1326
f 1327 1326 1328
f 1327 1328 1329
f 1329 1328 1331
f 1331 1328 1330
f 1331 1330 1332
f 1332 1330 1333
f 1332 1333 1335
f 1335 1333 1334
f 1335 1334 1336
f 1335 1336 1337
f 1337 1336 1338
f 1337 1338 1339
f 1339 1338 1340
f 1339 1340 1355
f 1355 1340 1341
f 1355 1341 1342
f 1342 1341 1343
f 1342 1343 1344
f 1345 1346 1328
f 1328 1346 1347
f 1328 1347 1330
f 1330 1347 1348
f 1330 1348 1349
f 1349 1350 1330
f 1351 1352 1341
f 1341 1352 1343
f 1344 1353 1342
f 1342 1353 1354
f 1355 1342 1356
f 1355 1356 1357
f 1355 1357 1358
f 1358 1357 1359
f 1358 1359 1360
f 1358 1360 1097
f 1097 1360 1091
f 1361 1362 1184
f 1184 1362 1363
f 1363 1364 1184
f 1184 1364 1365
f 1185 1366 1177
f 1177 1366 1367
f 1367 1175 1177
f 1117 1368 1114
f 1114 1368 1369
f 1369 1370 1114
f 1114 1370 1371
f 1114 1371 1372
f 1372 1373 1114
f 1114 1373 1374
f 1374 1375 1114
f 1114 1375 1376
f 1114 1376 1097
f 1315 1377 196
f 196 1377 1378
f 1378 1379 196
f 196 1379 1380
f 1380 1381 196
f 196 1381 1382
f 196 1382 1383
f 196 1383 1384
f 196 1384 1385
f 1385 1386 196
f 196 1386 1387
f 196 1387 1307
f 1281 1388 1266
f 1266 1388 1264
f 1229 1389 1190
f 1191 1190 1390
f 1191 1390 1391
f 1191 1391 1392
f 1188 1393 1394
f 1188 1394 1395
f 1188 1395 1396
f 1188 1396 8689
f 8689 8688 1188
f 1188 8688 8687
f 1188 8687 1184
f 1397 1398 1089
f 1089 1398 1090
f 1090 1398 1399
f 1090 1399 1092
f 1092 1399 1400
f 1092 1400 1093
f 1093 1400 1401
f 1093 1401 1095
f 1095 1401 1402
f 1095 1402 1096
f 1403 1404 1397
f 1397 1404 1398
f 1398 1404 1405
f 1398 1405 1399
f 1399 1405 1406
f 1399 1406 1400
f 1400 1406 1401
f 1401 1406 1407
f 1401 1407 1402
f 854 855 1408
f 1408 855 1409
f 1408 1409 1403
f 1403 1409 1954
f 1409 1410 1954
f 1954 1876 1403
f 1403 1876 1411
f 1411 1876 1412
f 1411 1412 1413
f 1403 1397 1408
f 1408 1397 1089
f 1408 1089 1091
f 854 1408 852
f 852 1408 1414
f 852 1414 850
f 850 1414 848
f 848 1414 1415
f 848 1415 846
f 846 1415 844
f 844 1415 1416
f 844 1416 842
f 842 1416 840
f 840 1416 1417
f 840 1417 838
f 838 1417 836
f 836 1417 1418
f 836 1418 834
f 834 1418 832
f 832 1418 1419
f 832 1419 831
f 1420 1421 1613
f 1613 1421 1422
f 1613 1422 1423
f 1423 1422 1424
f 1423 1424 1425
f 1422 1421 1419
f 1419 1421 830
f 1419 830 831
f 1342 1354 1419
f 1419 1354 1426
f 1419 1426 1422
f 1427 1533 1420
f 1428 1513 1427
f 1429 1430 1428
f 1428 1430 1431
f 1428 1431 1432
f 1430 1429 1433
f 1433 1429 1434
f 1433 1434 1435
f 1435 1434 1436
f 1435 1436 1437
f 1437 1436 1438
f 1437 1438 1439
f 1439 1438 1440
f 1439 1440 1441
f 1441 1440 1442
f 1441 1442 1443
f 1443 1442 1444
f 1443 1444 1445
f 1445 1444 1446
f 1445 1446 1447
f 1447 1446 1448
f 1447 1448 1449
f 1449 1448 1450
f 1449 1450 1451
f 1451 1450 1452
f 1451 1452 1453
f 1453 1452 1454
f 1453 1454 1455
f 1455 1454 1456
f 1455 1456 1457
f 1457 1456 1458
f 1457 1458 1459
f 1459 1458 1460
f 1459 1460 1461
f 1461 1460 1462
f 1461 1462 1463
f 1463 1462 1464
f 1463 1464 1465
f 1465 1464 1466
f 1465 1466 1467
f 1467 1466 1468
f 1467 1468 1469
f 1469 1468 1470
f 1469 1470 1471
f 1471 1470 1472
f 1471 1472 1473
f 1473 1472 1474
f 1473 1474 1475
f 1475 1474 1476
f 1476 1474 1477
f 1477 1474 1479
f 1479 1474 1478
f 1479 1478 1480
f 1480 1478 1481
f 1481 1478 1482
f 1482 1478 1483
f 1483 1478 1484
f 1484 1478 1485
f 1485 1478 1486
f 1486 1478 1487
f 1487 1478 1488
f 1488 1478 1489
f 1489 1478 1490
f 1490 1478 1491
f 1491 1478 1492
f 1492 1478 1493
f 1493 1478 1494
f 1494 1478 1495
f 1495 1478 1496
f 1496 1478 1497
f 1497 1478 1498
f 1498 1478 1077
f 1498 1077 1499
f 1499 1077 1500
f 1500 1077 1501
f 1501 1077 1502
f 1502 1077 1503
f 1503 1077 1504
f 1504 1077 1505
f 1505 1077 1506
f 1506 1077 1507
f 1507 1077 1508
f 1508 1077 1509
f 1509 1077 1510
f 1510 1077 1511
f 1511 1077 1075
f 1432 1512 1428
f 1512 1513 1428
f 1513 1514 1427
f 1514 1515 1427
f 1427 1515 1516
f 1516 1517 1427
f 1427 1517 1518
f 1427 1518 1519
f 1427 1519 1520
f 1427 1520 1521
f 1521 1522 1427
f 1522 1523 1427
f 1427 1523 1524
f 1427 1524 1525
f 1525 1526 1427
f 1526 1527 1427
f 1527 1528 1427
f 1427 1528 1529
f 1427 1529 1530
f 1427 1530 1531
f 1531 1532 1427
f 1427 1532 1533
f 1533 1534 1420
f 1420 1534 1535
f 1535 1536 1420
f 1420 1536 1537
f 1420 1537 1538
f 1538 1539 1420
f 1420 1539 1540
f 1540 1541 1420
f 1541 1542 1420
f 1420 1542 1543
f 1543 1544 1420
f 1420 1544 1545
f 1420 1545 1546
f 1420 1546 1421
f 1547 1077 1478
f 1547 1478 1474
f 1547 1474 1472
f 1547 1472 1548
f 1548 1472 1470
f 1548 1470 1468
f 1548 1468 1466
f 1548 1466 1464
f 1548 1464 1462
f 1548 1462 1460
f 1548 1460 1458
f 1548 1458 1456
f 1548 1456 1454
f 1548 1454 1604
f 1604 1454 1452
f 1604 1452 1549
f 1549 1452 1450
f 1549 1450 1448
f 1549 1448 1446
f 1549 1446 1444
f 1549 1444 1442
f 1549 1442 1440
f 1549 1440 1438
f 1549 1438 1612
f 1612 1438 1436
f 1612 1436 1613
f 1613 1436 1434
f 1613 1434 1429
f 1613 1429 1428
f 1613 1428 1427
f 1613 1427 1420
f 1550 1423 1425
f 1550 1425 1640
f 1640 1425 1625
f 1625 1425 1551
f 1551 1425 1424
f 1551 1424 1552
f 1554 1555 1556
f 1556 1555 1557
f 1556 1557 1558
f 1558 1557 1559
f 1558 1559 1560
f 1560 1559 1614
f 1615 1561 1562
f 1562 1561 1563
f 1562 1563 1564
f 1564 1563 1565
f 1564 1565 1566
f 1566 1565 1567
f 1566 1567 1617
f 1617 1567 1568
f 1617 1568 1618
f 1618 1568 1569
f 1569 1570 1571
f 1571 1570 1572
f 1571 1572 1573
f 1573 1572 1574
f 1573 1574 1623
f 1623 1574 1575
f 1623 1575 1629
f 1629 1575 1576
f 1629 1576 1577
f 1577 1576 1578
f 1577 1578 1579
f 1579 1578 1580
f 1579 1580 1616
f 1616 1580 1581
f 1616 1581 1620
f 1620 1581 1582
f 1620 1582 1583
f 1584 1080 1585
f 1585 1080 1586
f 1586 1080 1079
f 1586 1079 1078
f 1651 1547 1649
f 1587 1591 1592
f 1592 1599 1594
f 1652 1593 1589
f 1589 1593 1600
f 1589 1600 1647
f 1647 1600 1646
f 1547 1548 1649
f 1592 1591 1599
f 1594 1602 1588
f 1588 1602 1595
f 1600 1596 1646
f 1646 1596 1645
f 1649 1548 1597
f 1597 1598 1590
f 1590 1598 1591
f 1596 1603 1645
f 1645 1603 1640
f 1599 1605 1594
f 1594 1605 1602
f 1603 1550 1640
f 1597 1548 1598
f 1602 1601 1595
f 1595 1601 1652
f 1652 1601 1593
f 1598 1604 1591
f 1591 1604 1599
f 1598 1548 1604
f 1599 1604 1605
f 1601 1607 1593
f 1600 1606 1596
f 1605 1609 1602
f 1602 1609 1601
f 1601 1609 1607
f 1600 1610 1606
f 1596 1606 1603
f 1603 1423 1550
f 1593 1607 1608
f 1593 1608 1600
f 1600 1608 1610
f 1604 1549 1605
f 1605 1549 1609
f 1606 1611 1603
f 1603 1611 1423
f 1606 1610 1611
f 1609 1549 1607
f 1607 1549 1608
f 1608 1549 1612
f 1608 1612 1610
f 1610 1612 1611
f 1611 1613 1423
f 1612 1613 1611
f 1619 1635 1554
f 1619 1554 1556
f 1622 1620 1583
f 1622 1583 1584
f 1625 1551 1552
f 1625 1552 1553
f 1585 1622 1584
f 1631 1618 1569
f 1631 1569 1628
f 1628 1569 1571
f 1628 1571 1573
f 1621 1616 1620
f 1621 1620 1622
f 1624 1615 1562
f 1624 1562 1626
f 1626 1562 1564
f 1626 1564 1566
f 1632 1628 1573
f 1632 1573 1623
f 1633 1629 1577
f 1633 1577 1579
f 1634 1579 1616
f 1634 1616 1621
f 1636 1635 1619
f 1636 1619 1630
f 1630 1619 1556
f 1630 1556 1643
f 1643 1556 1558
f 1643 1558 1637
f 1637 1558 1560
f 1637 1560 1614
f 1644 1566 1617
f 1644 1617 1618
f 1637 1614 1641
f 1641 1614 1615
f 1641 1615 1624
f 1627 1626 1566
f 1627 1566 1644
f 1644 1618 1631
f 1655 1633 1579
f 1655 1579 1634
f 1640 1625 1553
f 1654 1632 1623
f 1654 1623 1629
f 1648 1654 1629
f 1648 1629 1633
f 1639 1634 1621
f 1639 1621 1622
f 1639 1622 1586
f 1586 1622 1585
f 1638 1644 1631
f 1638 1631 1628
f 1642 1638 1628
f 1642 1628 1632
f 1648 1633 1655
f 1645 1640 1553
f 1645 1553 1635
f 1645 1635 1636
f 1656 1624 1626
f 1656 1626 1627
f 1642 1632 1654
f 1647 1636 1630
f 1647 1630 1643
f 1646 1645 1636
f 1646 1636 1647
f 1647 1643 1589
f 1589 1643 1637
f 1589 1637 1652
f 1652 1637 1641
f 1652 1650 1595
f 1595 1650 1588
f 1590 1653 1597
f 1597 1653 1649
f 1650 1652 1641
f 1650 1641 1624
f 1650 1624 1656
f 1657 1627 1644
f 1657 1644 1638
f 1664 1655 1634
f 1664 1634 1639
f 1660 1639 1586
f 1594 1657 1592
f 1587 1658 1591
f 1591 1658 1659
f 1591 1659 1590
f 1653 1661 1649
f 1649 1661 1651
f 1588 1657 1594
f 1587 1638 1642
f 1663 1654 1648
f 1660 1664 1639
f 1650 1656 1588
f 1588 1656 1657
f 1657 1638 1592
f 1592 1638 1587
f 1590 1663 1653
f 1653 1663 1665
f 1653 1665 1661
f 1656 1627 1657
f 1658 1587 1642
f 1658 1642 1659
f 1659 1642 1654
f 1659 1654 1663
f 1659 1663 1590
f 1651 1661 1662
f 1662 1078 1651
f 1663 1648 1665
f 1665 1648 1655
f 1665 1655 1664
f 1662 1660 1078
f 1078 1660 1586
f 1665 1664 1661
f 1664 1660 1661
f 1661 1660 1662
f 1076 1584 1666
f 1666 1584 1583
f 1666 1583 1667
f 1667 1583 1582
f 1667 1582 1668
f 1668 1582 1581
f 1668 1581 1580
f 1668 1580 1669
f 1669 1580 1578
f 1669 1578 1316
f 1316 1578 1322
f 1322 1578 1576
f 1322 1576 1323
f 1323 1576 1575
f 1323 1575 1324
f 1324 1575 1574
f 1324 1574 1325
f 1325 1574 1572
f 1325 1572 1326
f 1326 1572 1570
f 1326 1570 1328
f 1328 1570 1670
f 1670 1570 1569
f 1670 1569 1671
f 1671 1569 1568
f 1671 1568 1672
f 1672 1568 1567
f 1672 1567 1673
f 1673 1567 1565
f 1673 1565 1563
f 1673 1563 1674
f 1674 1563 1561
f 1674 1561 1330
f 1330 1561 1333
f 1333 1561 1615
f 1333 1615 1334
f 1334 1615 1614
f 1334 1614 1336
f 1336 1614 1559
f 1336 1559 1338
f 1338 1559 1557
f 1338 1557 1340
f 1340 1557 1555
f 1340 1555 1341
f 1341 1555 1675
f 1675 1555 1554
f 1675 1554 1676
f 1676 1554 1635
f 1676 1635 1677
f 1677 1635 1553
f 1677 1553 1552
f 1677 1552 1678
f 1678 1552 1424
f 1678 1424 1422
f 1076 1666 1081
f 1081 1666 1679
f 1679 1666 1667
f 1679 1667 1680
f 1680 1667 1668
f 1680 1668 1681
f 1681 1668 1682
f 1682 1668 1669
f 1682 1669 1683
f 1081 1679 1082
f 1082 1679 1319
f 1319 1679 1680
f 1319 1680 1320
f 1320 1680 1681
f 1320 1681 1317
f 1317 1681 1682
f 1317 1682 1318
f 1318 1682 1683
f 1318 1683 1321
f 1683 1669 1321
f 1321 1669 1316
f 1670 1684 1328
f 1328 1684 1345
f 1684 1685 1345
f 1345 1685 1346
f 1346 1685 1686
f 1346 1686 1347
f 1347 1686 1687
f 1347 1687 1348
f 1348 1687 1688
f 1348 1688 1349
f 1349 1688 1689
f 1349 1689 1350
f 1674 1689 1673
f 1673 1689 1688
f 1673 1688 1687
f 1673 1687 1672
f 1672 1687 1686
f 1672 1686 1671
f 1671 1686 1685
f 1671 1685 1670
f 1670 1685 1684
f 1689 1674 1350
f 1350 1674 1330
f 1675 1690 1341
f 1341 1690 1351
f 1690 1691 1351
f 1351 1691 1352
f 1352 1691 1692
f 1352 1692 1343
f 1343 1692 1693
f 1343 1693 1344
f 1344 1693 1694
f 1344 1694 1353
f 1353 1694 1426
f 1353 1426 1354
f 1422 1426 1678
f 1678 1426 1694
f 1678 1694 1677
f 1677 1694 1693
f 1677 1693 1692
f 1677 1692 1676
f 1676 1692 1691
f 1676 1691 1675
f 1675 1691 1690
f 1421 1546 830
f 830 1546 829
f 829 1546 1545
f 829 1545 828
f 828 1545 1544
f 828 1544 827
f 827 1544 1543
f 827 1543 826
f 826 1543 1542
f 826 1542 824
f 824 1542 1541
f 824 1541 823
f 823 1541 1540
f 823 1540 822
f 822 1540 1539
f 822 1539 821
f 821 1539 1538
f 821 1538 820
f 820 1538 1537
f 820 1537 819
f 819 1537 1536
f 819 1536 818
f 818 1536 1535
f 818 1535 817
f 817 1535 1534
f 817 1534 816
f 816 1534 1533
f 816 1533 814
f 814 1533 1532
f 814 1532 813
f 813 1532 1531
f 813 1531 812
f 812 1531 1530
f 812 1530 811
f 811 1530 1529
f 811 1529 810
f 810 1529 1528
f 810 1528 809
f 809 1528 1527
f 809 1527 807
f 807 1527 1526
f 807 1526 1525
f 807 1525 806
f 806 1525 1524
f 806 1524 805
f 805 1524 1523
f 805 1523 804
f 804 1523 1522
f 804 1522 803
f 803 1522 1521
f 803 1521 802
f 802 1521 1520
f 802 1520 801
f 801 1520 1519
f 801 1519 800
f 800 1519 1518
f 800 1518 799
f 799 1518 1517
f 799 1517 798
f 798 1517 1516
f 798 1516 797
f 797 1516 1515
f 797 1515 796
f 796 1515 1514
f 796 1514 795
f 795 1514 1513
f 795 1513 794
f 794 1513 1512
f 794 1512 792
f 792 1512 791
f 791 1512 1432
f 791 1432 790
f 790 1432 1431
f 1431 1430 790
f 790 1430 1433
f 790 1433 1435
f 790 1435 788
f 788 1435 1437
f 788 1437 786
f 786 1437 1439
f 786 1439 784
f 784 1439 1441
f 784 1441 782
f 782 1441 780
f 780 1441 1443
f 780 1443 778
f 778 1443 1445
f 778 1445 776
f 776 1445 1447
f 776 1447 1449
f 1449 1451 776
f 776 1451 1453
f 776 1453 1455
f 1455 1457 776
f 776 1457 1459
f 776 1459 1461
f 1461 1463 776
f 776 1463 1465
f 776 1465 1467
f 1467 1469 776
f 776 1469 1471
f 776 1471 1473
f 1473 1475 776
f 776 1475 774
f 774 1475 772
f 772 1475 770
f 770 1475 768
f 768 1475 766
f 766 1475 765
f 1476 764 1475
f 1475 764 765
f 764 1476 1477
f 764 1477 763
f 763 1477 1479
f 763 1479 762
f 762 1479 1480
f 762 1480 760
f 760 1480 1481
f 760 1481 759
f 759 1481 1482
f 759 1482 758
f 758 1482 1483
f 758 1483 757
f 757 1483 1484
f 757 1484 756
f 756 1484 1485
f 756 1485 755
f 755 1485 1486
f 755 1486 754
f 754 1486 1487
f 754 1487 753
f 753 1487 1488
f 753 1488 752
f 752 1488 1489
f 752 1489 751
f 751 1489 1490
f 751 1490 750
f 750 1490 1491
f 750 1491 749
f 749 1491 1492
f 749 1492 747
f 747 1492 1493
f 747 1493 746
f 746 1493 1494
f 746 1494 745
f 745 1494 1495
f 745 1495 744
f 744 1495 743
f 743 1495 1496
f 743 1496 742
f 742 1496 1497
f 742 1497 741
f 741 1497 1498
f 741 1498 740
f 740 1498 1499
f 740 1499 738
f 738 1499 1500
f 738 1500 737
f 737 1500 1501
f 737 1501 736
f 736 1501 1502
f 736 1502 735
f 735 1502 1503
f 735 1503 734
f 734 1503 1504
f 734 1504 733
f 733 1504 1505
f 733 1505 732
f 732 1505 1506
f 732 1506 731
f 731 1506 1507
f 731 1507 730
f 730 1507 1508
f 730 1508 729
f 729 1508 1509
f 729 1509 727
f 727 1509 1510
f 727 1510 726
f 726 1510 1511
f 726 1511 725
f 725 1511 1075
f 1408 1091 1414
f 1414 1091 1360
f 1414 1360 1415
f 1415 1360 1359
f 1415 1359 1416
f 1416 1359 1357
f 1416 1357 1417
f 1417 1357 1356
f 1417 1356 1418
f 1418 1356 1342
f 1418 1342 1419
f 1403 1411 1404
f 1404 1411 1878
f 1404 1878 1405
f 1405 1878 1879
f 1405 1879 1406
f 1406 1879 1695
f 1406 1695 1696
f 1406 1696 1407
f 1407 1696 1697
f 1407 1697 1094
f 1094 1697 1098
f 1098 1697 1698
f 1098 1698 1099
f 1099 1698 1699
f 1099 1699 1100
f 1100 1699 1700
f 1100 1700 1101
f 1101 1700 1701
f 1101 1701 1102
f 1102 1701 1702
f 1102 1702 1103
f 1103 1702 1703
f 1703 1702 1883
f 1703 1883 1704
f 1704 1883 1705
f 1704 1705 1884
f 1704 1884 1706
f 1706 1884 1892
f 1706 1892 1707
f 1707 1892 1885
f 1707 1885 1708
f 1708 1885 1709
f 1708 1709 1104
f 1104 1709 1105
f 1105 1709 1710
f 1105 1710 1112
f 1112 1710 1711
f 1112 1711 1113
f 1113 1711 1712
f 1113 1712 1114
f 1114 1712 1713
f 1114 1713 1115
f 1115 1713 1714
f 1115 1714 1118
f 1118 1714 1715
f 1715 1714 1716
f 1715 1716 1717
f 1717 1716 1871
f 1717 1871 1718
f 1718 1871 1719
f 1719 1720 1721
f 1721 1720 1722
f 1402 1407 1096
f 1096 1407 1094
f 1703 1723 1103
f 1103 1723 1106
f 1723 1724 1106
f 1106 1724 1107
f 1107 1724 1725
f 1107 1725 1108
f 1108 1725 1726
f 1108 1726 1109
f 1109 1726 1727
f 1109 1727 1110
f 1110 1727 1728
f 1110 1728 1111
f 1728 1727 1708
f 1708 1727 1707
f 1707 1727 1726
f 1707 1726 1706
f 1706 1726 1725
f 1706 1725 1704
f 1704 1725 1724
f 1704 1724 1723
f 1704 1723 1703
f 1728 1708 1111
f 1111 1708 1104
f 1715 1729 1118
f 1118 1729 1121
f 1729 1730 1121
f 1121 1730 1122
f 1122 1730 1731
f 1122 1731 1123
f 1123 1731 1732
f 1123 1732 1124
f 1124 1732 1733
f 1124 1733 1125
f 1125 1733 1734
f 1125 1734 1126
f 1722 1734 1721
f 1721 1734 1733
f 1721 1733 1719
f 1719 1733 1732
f 1719 1732 1718
f 1718 1732 1731
f 1718 1731 1717
f 1717 1731 1730
f 1717 1730 1715
f 1715 1730 1729
f 1735 1736 1737
f 1737 1736 1722
f 1737 1722 1738
f 1738 1722 1739
f 1739 1722 1740
f 1722 1736 1741
f 1741 1736 961
f 1741 961 962
f 1119 1126 1741
f 1741 1126 1734
f 1741 1734 1722
f 1742 1850 1735
f 1743 1834 1742
f 1742 1834 1744
f 1745 1746 1743
f 1743 1746 1747
f 1743 1747 1748
f 1746 1745 1749
f 1749 1745 1750
f 1749 1750 1751
f 1751 1750 1752
f 1751 1752 1753
f 1753 1752 1754
f 1753 1754 1755
f 1755 1754 1756
f 1755 1756 1757
f 1757 1756 1758
f 1757 1758 1759
f 1759 1758 1760
f 1759 1760 1761
f 1761 1760 1762
f 1761 1762 1763
f 1763 1762 1764
f 1763 1764 1765
f 1765 1764 1766
f 1765 1766 1767
f 1767 1766 1768
f 1767 1768 1769
f 1769 1768 1770
f 1769 1770 1771
f 1771 1770 1772
f 1771 1772 1773
f 1773 1772 1774
f 1773 1774 1775
f 1775 1774 1776
f 1775 1776 1777
f 1777 1776 1778
f 1777 1778 1779
f 1779 1778 1780
f 1779 1780 1781
f 1781 1780 1782
f 1781 1782 1783
f 1783 1782 1784
f 1783 1784 1785
f 1785 1784 1786
f 1785 1786 1787
f 1787 1786 1788
f 1787 1788 1789
f 1789 1788 1790
f 1789 1790 1791
f 1791 1790 1792
f 1792 1790 1793
f 1793 1790 1794
f 1794 1790 1795
f 1795 1790 1796
f 1796 1790 1797
f 1797 1790 1798
f 1797 1798 1799
f 1799 1798 1800
f 1800 1798 1801
f 1801 1798 1802
f 1802 1798 1803
f 1803 1798 1804
f 1804 1798 1805
f 1805 1798 1806
f 1806 1798 1807
f 1807 1798 1808
f 1808 1798 1809
f 1809 1798 1810
f 1810 1798 1811
f 1811 1798 1812
f 1812 1798 1813
f 1813 1798 1410
f 1813 1410 1814
f 1814 1410 1815
f 1815 1410 1816
f 1816 1410 1817
f 1817 1410 1818
f 1818 1410 1819
f 1819 1410 1820
f 1820 1410 1821
f 1821 1410 1822
f 1822 1410 1823
f 1823 1410 1824
f 1824 1410 1825
f 1825 1410 1826
f 1826 1410 1827
f 1827 1410 1409
f 1748 1828 1743
f 1743 1828 1829
f 1743 1829 1830
f 1743 1830 1831
f 1743 1831 1832
f 1743 1832 1833
f 1833 1834 1743
f 1744 1835 1742
f 1835 1836 1742
f 1742 1836 1837
f 1742 1837 1838
f 1838 1839 1742
f 1839 1840 1742
f 1742 1840 1841
f 1841 1842 1742
f 1742 1842 1843
f 1843 1844 1742
f 1742 1844 1845
f 1742 1845 1846
f 1742 1846 1847
f 1742 1847 1848
f 1848 1849 1742
f 1742 1849 1850
f 1850 1851 1735
f 1735 1851 1852
f 1852 1853 1735
f 1853 1854 1735
f 1735 1854 1855
f 1855 1856 1735
f 1856 1857 1735
f 1735 1857 1858
f 1735 1858 1859
f 1735 1859 1860
f 1860 1861 1735
f 1735 1861 1862
f 1862 1863 1735
f 1735 1863 1736
f 1954 1410 1864
f 1864 1410 1798
f 1864 1798 1790
f 1864 1790 1788
f 1864 1788 1786
f 1864 1786 1784
f 1864 1784 1782
f 1864 1782 1957
f 1957 1782 1780
f 1957 1780 1778
f 1957 1778 1776
f 1957 1776 1774
f 1957 1774 1772
f 1957 1772 1961
f 1961 1772 1770
f 1961 1770 1768
f 1961 1768 1766
f 1961 1766 1764
f 1961 1764 1762
f 1961 1762 1760
f 1961 1760 1960
f 1960 1760 1758
f 1960 1758 1756
f 1960 1756 1865
f 1865 1756 1754
f 1865 1754 1752
f 1865 1752 1750
f 1865 1750 1745
f 1865 1745 1743
f 1865 1743 1742
f 1865 1742 1737
f 1737 1742 1735
f 1865 1737 1875
f 1875 1737 1738
f 1875 1738 1866
f 1866 1738 1739
f 1866 1739 1867
f 1867 1739 1868
f 1867 1868 1869
f 1869 1868 1740
f 1869 1740 1870
f 1870 1740 1720
f 1870 1720 1719
f 1868 1739 1740
f 1720 1740 1722
f 1719 1871 1870
f 1870 1871 1872
f 1870 1872 1869
f 1869 1872 1873
f 1869 1873 1867
f 1867 1873 1874
f 1867 1874 1866
f 1866 1874 1875
f 1961 1960 1948
f 1864 1958 1954
f 1412 1925 1413
f 1413 1925 1877
f 1413 1877 1878
f 1413 1878 1411
f 1695 1901 1696
f 1696 1901 1880
f 1696 1880 1697
f 1697 1880 1893
f 1697 1893 1698
f 1698 1893 1881
f 1698 1881 1699
f 1699 1881 1700
f 1700 1881 1882
f 1700 1882 1701
f 1701 1882 1900
f 1701 1900 1702
f 1702 1900 1883
f 1885 1898 1709
f 1709 1898 1896
f 1709 1896 1710
f 1710 1896 1894
f 1710 1894 1711
f 1712 1711 1886
f 1712 1886 1713
f 1713 1886 1909
f 1713 1909 1714
f 1714 1909 1887
f 1714 1887 1716
f 1716 1887 1871
f 1871 1887 1872
f 1872 1887 1888
f 1872 1888 1873
f 1873 1888 1889
f 1873 1889 1874
f 1874 1889 1890
f 1874 1890 1875
f 1875 1890 1891
f 1875 1891 1865
f 1895 1705 1883
f 1895 1883 1900
f 1904 1900 1882
f 1904 1882 1906
f 1906 1882 1881
f 1906 1881 1902
f 1902 1881 1893
f 1888 1887 1909
f 1897 1898 1885
f 1897 1885 1892
f 1907 1893 1880
f 1907 1880 1901
f 1899 1897 1892
f 1899 1892 1884
f 1905 1695 1879
f 1905 1879 1878
f 1910 1901 1695
f 1910 1695 1905
f 1877 1905 1878
f 1899 1884 1922
f 1922 1884 1705
f 1922 1705 1895
f 1914 1909 1886
f 1914 1886 1711
f 1917 1902 1893
f 1917 1893 1907
f 1916 1914 1711
f 1916 1711 1894
f 1903 1896 1898
f 1903 1898 1897
f 1908 1895 1900
f 1908 1900 1904
f 1911 1903 1897
f 1911 1897 1918
f 1918 1897 1899
f 1915 1908 1904
f 1915 1904 1906
f 1912 1918 1899
f 1912 1899 1922
f 1913 1907 1901
f 1913 1901 1910
f 1915 1906 1902
f 1919 1888 1909
f 1919 1909 1914
f 1923 1922 1895
f 1923 1895 1926
f 1926 1895 1908
f 1926 1908 1915
f 1924 1915 1902
f 1924 1902 1917
f 1920 1916 1894
f 1920 1894 1921
f 1921 1894 1896
f 1921 1896 1903
f 1927 1926 1915
f 1925 1910 1905
f 1925 1905 1877
f 1930 1919 1914
f 1930 1914 1916
f 1932 1917 1907
f 1932 1907 1913
f 1927 1915 1924
f 1889 1888 1919
f 1920 1930 1916
f 1929 1913 1910
f 1929 1910 1925
f 1933 1921 1903
f 1933 1903 1911
f 1935 1918 1912
f 1935 1912 1937
f 1937 1912 1922
f 1937 1922 1923
f 1931 1927 1924
f 1931 1924 1917
f 1931 1917 1932
f 1936 1933 1911
f 1936 1911 1918
f 1928 1932 1913
f 1928 1913 1929
f 1940 1929 1925
f 1940 1925 1412
f 1936 1918 1935
f 1938 1923 1926
f 1938 1926 1946
f 1946 1926 1927
f 1946 1927 1939
f 1939 1927 1931
f 1944 1928 1929
f 1944 1929 1940
f 1934 1920 1921
f 1934 1921 1933
f 1939 1931 1947
f 1947 1931 1932
f 1938 1937 1923
f 1943 1947 1932
f 1943 1932 1928
f 1876 1940 1412
f 1945 1889 1919
f 1945 1919 1930
f 1945 1930 1941
f 1941 1930 1920
f 1941 1920 1934
f 1950 1934 1933
f 1950 1933 1936
f 1890 1889 1945
f 1951 1943 1928
f 1951 1928 1944
f 1942 1936 1935
f 1942 1935 1937
f 1949 1944 1940
f 1949 1940 1876
f 1942 1937 1957
f 1957 1937 1938
f 1957 1938 1946
f 1953 1957 1946
f 1953 1946 1939
f 1951 1944 1949
f 1948 1950 1936
f 1947 1953 1939
f 1959 1945 1941
f 1959 1941 1952
f 1952 1941 1934
f 1948 1936 1942
f 1952 1934 1950
f 1891 1890 1945
f 1955 1948 1942
f 1958 1943 1951
f 1952 1950 1948
f 1955 1942 1957
f 1956 1953 1947
f 1956 1947 1958
f 1958 1947 1943
f 1891 1945 1959
f 1957 1953 1956
f 1954 1958 1951
f 1954 1951 1949
f 1954 1949 1876
f 1865 1891 1959
f 1960 1952 1948
f 1961 1948 1955
f 1865 1959 1960
f 1960 1959 1952
f 1961 1955 1957
f 1864 1957 1956
f 1958 1864 1956
f 1736 1863 961
f 961 1863 960
f 960 1863 1862
f 960 1862 1861
f 960 1861 959
f 959 1861 1860
f 959 1860 958
f 958 1860 1859
f 958 1859 956
f 956 1859 1858
f 956 1858 955
f 955 1858 1857
f 955 1857 954
f 954 1857 1856
f 954 1856 1855
f 954 1855 953
f 953 1855 1854
f 953 1854 952
f 952 1854 1853
f 952 1853 951
f 951 1853 1852
f 951 1852 950
f 950 1852 1851
f 950 1851 949
f 949 1851 1850
f 949 1850 948
f 948 1850 1849
f 948 1849 946
f 946 1849 1848
f 946 1848 945
f 945 1848 1847
f 945 1847 944
f 944 1847 1846
f 944 1846 943
f 943 1846 1845
f 943 1845 942
f 942 1845 941
f 941 1845 1844
f 941 1844 940
f 940 1844 1843
f 940 1843 938
f 938 1843 1842
f 938 1842 937
f 937 1842 1841
f 937 1841 1840
f 937 1840 936
f 936 1840 935
f 935 1840 1839
f 935 1839 934
f 934 1839 1838
f 934 1838 933
f 933 1838 1837
f 933 1837 932
f 932 1837 1836
f 932 1836 931
f 931 1836 1835
f 931 1835 930
f 930 1835 1744
f 930 1744 929
f 929 1744 1834
f 929 1834 928
f 928 1834 1833
f 928 1833 927
f 927 1833 1832
f 927 1832 926
f 926 1832 1831
f 926 1831 925
f 925 1831 1830
f 925 1830 924
f 924 1830 1829
f 924 1829 922
f 922 1829 1828
f 922 1828 921
f 921 1828 1748
f 921 1748 920
f 920 1748 1747
f 1746 910 1747
f 1747 910 912
f 1747 912 914
f 1746 1749 910
f 910 1749 1751
f 910 1751 908
f 908 1751 1753
f 908 1753 1755
f 1755 1757 908
f 908 1757 1759
f 908 1759 1761
f 1761 1763 908
f 908 1763 1765
f 908 1765 1767
f 1767 1769 908
f 908 1769 1771
f 908 1771 1773
f 908 1773 906
f 906 1773 1775
f 906 1775 904
f 904 1775 1777
f 904 1777 902
f 902 1777 1779
f 902 1779 900
f 900 1779 1781
f 900 1781 898
f 898 1781 1783
f 898 1783 896
f 896 1783 895
f 895 1783 1785
f 895 1785 1787
f 1787 1789 895
f 895 1789 1791
f 914 916 1747
f 1747 916 918
f 1747 918 920
f 1792 894 1791
f 1791 894 895
f 1792 1793 894
f 894 1793 893
f 893 1793 1794
f 893 1794 892
f 892 1794 1795
f 892 1795 891
f 891 1795 1796
f 891 1796 890
f 890 1796 1797
f 890 1797 888
f 888 1797 1799
f 888 1799 887
f 887 1799 1800
f 887 1800 886
f 886 1800 1801
f 886 1801 885
f 885 1801 1802
f 885 1802 884
f 884 1802 1803
f 884 1803 883
f 883 1803 1804
f 883 1804 882
f 882 1804 1805
f 882 1805 881
f 881 1805 1806
f 881 1806 880
f 880 1806 1807
f 880 1807 878
f 878 1807 1808
f 878 1808 877
f 877 1808 1809
f 877 1809 876
f 876 1809 1810
f 876 1810 875
f 875 1810 1811
f 875 1811 874
f 874 1811 1812
f 874 1812 873
f 873 1812 1813
f 873 1813 872
f 872 1813 1814
f 872 1814 870
f 870 1814 1815
f 870 1815 869
f 869 1815 1816
f 869 1816 868
f 868 1816 1817
f 868 1817 867
f 867 1817 1818
f 867 1818 866
f 866 1818 1819
f 866 1819 865
f 865 1819 1820
f 865 1820 864
f 864 1820 1821
f 864 1821 863
f 863 1821 862
f 862 1821 1822
f 862 1822 861
f 861 1822 1823
f 861 1823 860
f 860 1823 1824
f 860 1824 859
f 859 1824 1825
f 859 1825 858
f 858 1825 1826
f 858 1826 1827
f 858 1827 856
f 856 1827 855
f 855 1827 1409
f 1131 1130 1962
f 1962 1130 1963
f 1963 1130 1964
f 1964 1130 1129
f 1964 1129 1965
f 1965 1129 1128
f 1965 1128 1127
f 1965 1127 1966
f 1966 1127 1120
f 1966 1120 1967
f 1967 1120 1119
f 1967 1119 1741
f 985 986 1962
f 1962 986 1968
f 1962 1968 1969
f 1969 1968 2166
f 1968 1970 2166
f 1969 2166 2165
f 1969 2165 2164
f 1969 2164 1973
f 1973 2164 1971
f 1971 1972 1973
f 1969 1974 1962
f 1962 1974 1148
f 1962 1148 1131
f 985 1962 983
f 983 1962 981
f 981 1962 979
f 979 1962 977
f 977 1962 975
f 975 1962 973
f 973 1962 971
f 971 1962 969
f 969 1962 967
f 967 1962 965
f 965 1962 963
f 963 1962 1963
f 963 1963 962
f 962 1963 1964
f 962 1964 1965
f 1965 1966 962
f 962 1966 1967
f 962 1967 1741
f 1974 1975 1148
f 1148 1975 1149
f 1149 1975 1976
f 1149 1976 1150
f 1150 1976 1977
f 1150 1977 1151
f 1151 1977 1978
f 1151 1978 1152
f 1152 1978 1979
f 1152 1979 1153
f 1974 1969 1975
f 1975 1969 1980
f 1975 1980 1976
f 1976 1980 1981
f 1976 1981 1977
f 1977 1981 1978
f 1978 1981 1982
f 1978 1982 1979
f 1979 1982 1983
f 1979 1983 1153
f 1153 1983 1146
f 1986 1987 1988
f 1988 1987 1159
f 1988 1159 1158
f 1988 1158 1989
f 1989 1158 1157
f 1989 1157 1990
f 1990 1157 1156
f 1990 1156 1991
f 1991 1156 1155
f 1991 1155 1992
f 1992 1155 1147
f 1992 1147 1993
f 1993 1147 1146
f 1993 1146 1983
f 1993 1983 1994
f 1994 1983 1982
f 1994 1982 1995
f 1995 1982 1981
f 1995 1981 1996
f 1996 1981 1997
f 1997 1981 1980
f 1997 1980 1973
f 1973 1980 1969
f 1999 1998 2000
f 1999 2000 1164
f 1164 2000 1168
f 1168 2000 2001
f 1168 2001 1171
f 1171 2001 2002
f 1171 2002 1172
f 1172 2002 2205
f 1172 2205 1173
f 1173 2205 2003
f 1173 2003 1174
f 1174 2003 2004
f 1174 2004 1176
f 1176 2004 2005
f 2005 2004 2006
f 2005 2006 2007
f 2007 2006 2214
f 2007 2214 2008
f 2007 2008 2009
f 2009 2008 2156
f 2009 2156 2029
f 2009 2029 2010
f 2011 1998 1984
f 2012 2013 1999
f 1999 2013 1998
f 1998 2013 2014
f 1998 2014 1984
f 1984 2014 2015
f 1984 2015 1985
f 1985 2015 2016
f 1985 2016 1986
f 1986 2016 2017
f 1986 2017 1987
f 1987 2017 2018
f 2012 1167 2013
f 2013 1167 1166
f 2013 1166 1165
f 2013 1165 2014
f 2014 1165 1163
f 2014 1163 2015
f 2012 1999 1167
f 1167 1999 1164
f 1163 1162 2015
f 2015 1162 2016
f 2016 1162 1161
f 2016 1161 2017
f 2017 1161 2018
f 2018 1161 1160
f 1987 2018 1159
f 1159 2018 1160
f 2005 2019 1176
f 1176 2019 1180
f 2019 2020 1180
f 1180 2020 1181
f 1181 2020 2021
f 1181 2021 1178
f 1178 2021 2022
f 1178 2022 1179
f 1179 2022 2023
f 1179 2023 1182
f 1182 2023 2024
f 1182 2024 1183
f 2024 2023 2010
f 2010 2023 2009
f 2009 2023 2022
f 2009 2022 2021
f 2009 2021 2007
f 2007 2021 2020
f 2007 2020 2019
f 2007 2019 2005
f 2025 2026 2027
f 2027 2026 2010
f 2027 2010 2238
f 2238 2010 2153
f 2153 2010 2029
f 2153 2029 2154
f 2154 2029 2028
f 2010 2026 2030
f 2030 2026 631
f 2030 631 630
f 1177 1183 2030
f 2030 1183 2024
f 2030 2024 2010
f 2031 2032 2033
f 2033 2032 2034
f 2034 2032 2035
f 2034 2035 2036
f 2036 2035 2037
f 2036 2037 2038
f 2038 2037 2039
f 2038 2039 2040
f 2040 2039 2041
f 2040 2041 2042
f 2042 2041 2043
f 2042 2043 2044
f 2044 2043 2045
f 2044 2045 2046
f 2046 2045 2047
f 2046 2047 2048
f 2048 2047 2049
f 2048 2049 2050
f 2050 2049 2051
f 2050 2051 2052
f 2052 2051 2053
f 2052 2053 2054
f 2054 2053 2055
f 2054 2055 2056
f 2054 2056 2057
f 2054 2057 2058
f 2054 2058 2059
f 2054 2059 2060
f 2054 2060 2061
f 2054 2061 2062
f 2062 2061 2063
f 2062 2063 2064
f 2062 2064 2065
f 2062 2065 2066
f 2062 2066 2067
f 2062 2067 2068
f 2068 2069 2062
f 2069 2070 2062
f 2062 2070 2071
f 2062 2071 2072
f 2062 2072 2073
f 2062 2073 2074
f 2062 2074 2075
f 2075 2076 2062
f 2062 2076 2077
f 2062 2077 2025
f 2025 2077 2078
f 2025 2078 2079
f 2025 2079 2080
f 2025 2080 2081
f 2025 2081 2082
f 2082 2083 2025
f 2083 2084 2025
f 2025 2084 2085
f 2025 2085 2086
f 2025 2086 2087
f 2025 2087 2088
f 2088 2089 2025
f 2025 2089 2026
f 2090 2091 2092
f 2092 2091 2093
f 2092 2093 2094
f 2094 2093 2095
f 2094 2095 2096
f 2096 2095 2097
f 2096 2097 2098
f 2098 2097 2099
f 2098 2099 2100
f 2100 2099 2101
f 2100 2101 2102
f 2102 2101 2103
f 2102 2103 2104
f 2104 2103 2105
f 2104 2105 2106
f 2106 2105 2107
f 2106 2107 2108
f 2108 2107 2109
f 2108 2109 2110
f 2110 2109 2111
f 2110 2111 2112
f 2112 2111 2113
f 2112 2113 2033
f 2033 2113 2031
f 2114 2147 2092
f 1970 2132 2114
f 2114 2132 2115
f 2114 2115 2133
f 1968 2116 1970
f 1970 2116 2117
f 1970 2117 2118
f 1970 2118 2119
f 1970 2119 2120
f 1970 2120 2121
f 1970 2121 2122
f 1970 2122 2123
f 2123 2124 1970
f 1970 2124 2125
f 1970 2125 2126
f 1970 2126 2127
f 1970 2127 2128
f 1970 2128 2129
f 1970 2129 2130
f 1970 2130 2131
f 1970 2131 2132
f 2114 2133 2134
f 2114 2134 2135
f 2114 2135 2136
f 2114 2136 2137
f 2137 2138 2114
f 2114 2138 2139
f 2114 2139 2140
f 2114 2140 2141
f 2114 2141 2142
f 2142 2143 2114
f 2114 2143 2144
f 2114 2144 2145
f 2114 2145 2146
f 2114 2146 2147
f 2147 2148 2092
f 2148 2149 2092
f 2092 2149 2150
f 2092 2150 2151
f 2092 2151 2090
f 2055 2053 669
f 669 2053 2051
f 669 2051 2049
f 2049 2047 669
f 669 2047 2045
f 669 2045 2043
f 2043 2041 669
f 669 2041 2039
f 669 2039 670
f 670 2039 672
f 672 2039 2037
f 672 2037 674
f 674 2037 2035
f 674 2035 676
f 676 2035 678
f 678 2035 2032
f 678 2032 680
f 680 2032 2031
f 680 2031 682
f 682 2031 1038
f 1038 2031 2113
f 1038 2113 1036
f 1036 2113 2111
f 1036 2111 1034
f 1034 2111 1032
f 1032 2111 2109
f 1032 2109 1030
f 1030 2109 2107
f 1030 2107 1028
f 1028 2107 1027
f 1027 2107 2105
f 1027 2105 2103
f 2103 2101 1027
f 1027 2101 2099
f 1027 2099 2097
f 2097 2095 1027
f 1027 2095 2093
f 1027 2093 2091
f 668 2056 669
f 669 2056 2055
f 648 2075 2074
f 648 2074 649
f 649 2074 2073
f 649 2073 650
f 650 2073 2072
f 650 2072 651
f 651 2072 2071
f 651 2071 652
f 652 2071 2070
f 652 2070 654
f 654 2070 2069
f 654 2069 655
f 655 2069 2068
f 655 2068 656
f 656 2068 2067
f 656 2067 657
f 657 2067 2066
f 657 2066 658
f 658 2066 2065
f 658 2065 659
f 659 2065 2064
f 659 2064 660
f 660 2064 2063
f 660 2063 661
f 661 2063 2061
f 661 2061 662
f 662 2061 2060
f 662 2060 663
f 663 2060 2059
f 663 2059 664
f 664 2059 2058
f 664 2058 666
f 666 2058 2057
f 666 2057 667
f 667 2057 2056
f 667 2056 668
f 2026 2089 631
f 631 2089 632
f 632 2089 2088
f 632 2088 633
f 633 2088 2087
f 633 2087 634
f 634 2087 2086
f 634 2086 635
f 635 2086 2085
f 635 2085 637
f 637 2085 2084
f 637 2084 638
f 638 2084 2083
f 638 2083 639
f 639 2083 2082
f 639 2082 640
f 640 2082 2081
f 640 2081 641
f 641 2081 2080
f 641 2080 642
f 642 2080 2079
f 642 2079 643
f 643 2079 2078
f 643 2078 644
f 644 2078 2077
f 644 2077 645
f 645 2077 2076
f 645 2076 647
f 647 2076 2075
f 647 2075 648
f 2090 1026 2091
f 2091 1026 1027
f 2090 2151 1026
f 1026 2151 1025
f 1025 2151 2150
f 1025 2150 1024
f 1024 2150 2149
f 1024 2149 1023
f 1023 2149 2148
f 1023 2148 1021
f 1021 2148 2147
f 1021 2147 1020
f 1020 2147 2146
f 1020 2146 1019
f 1019 2146 2145
f 1019 2145 1018
f 1018 2145 2144
f 1018 2144 1017
f 1017 2144 2143
f 1017 2143 1016
f 1016 2143 2142
f 1016 2142 1015
f 1015 2142 2141
f 1015 2141 1014
f 1014 2141 2140
f 1014 2140 1013
f 1013 2140 2139
f 1013 2139 1011
f 1011 2139 2138
f 1011 2138 1010
f 1010 2138 2137
f 1010 2137 1009
f 1009 2137 2136
f 1009 2136 1008
f 1008 2136 2135
f 1008 2135 1007
f 1007 2135 1006
f 1006 2135 2134
f 1006 2134 2133
f 1006 2133 1005
f 1005 2133 2115
f 1005 2115 1004
f 1004 2115 2132
f 1004 2132 1002
f 1002 2132 2131
f 1002 2131 1001
f 1001 2131 2130
f 1001 2130 1000
f 1000 2130 2129
f 1000 2129 999
f 999 2129 2128
f 999 2128 998
f 998 2128 2127
f 998 2127 2126
f 998 2126 997
f 997 2126 2125
f 997 2125 996
f 996 2125 2124
f 996 2124 995
f 995 2124 2123
f 995 2123 994
f 994 2123 2122
f 994 2122 993
f 993 2122 2121
f 993 2121 992
f 992 2121 2120
f 992 2120 991
f 991 2120 2119
f 991 2119 989
f 989 2119 2118
f 989 2118 988
f 988 2118 2117
f 988 2117 987
f 987 2117 2116
f 987 2116 986
f 986 2116 1968
f 2166 1970 2114
f 2166 2114 2092
f 2166 2092 2094
f 2166 2094 2173
f 2173 2094 2096
f 2173 2096 2098
f 2173 2098 2100
f 2173 2100 2179
f 2179 2100 2102
f 2179 2102 2104
f 2179 2104 2152
f 2152 2104 2106
f 2152 2106 2108
f 2152 2108 2110
f 2152 2110 2112
f 2152 2112 2033
f 2152 2033 2034
f 2152 2034 2036
f 2152 2036 2190
f 2190 2036 2038
f 2190 2038 2040
f 2190 2040 2042
f 2190 2042 2044
f 2190 2044 2046
f 2190 2046 2191
f 2191 2046 2048
f 2191 2048 2050
f 2191 2050 2027
f 2027 2050 2052
f 2027 2052 2054
f 2027 2054 2062
f 2027 2062 2025
f 2155 2154 2028
f 2155 2028 2156
f 2156 2028 2029
f 2193 2006 2004
f 2193 2004 2003
f 2208 2001 2000
f 2208 2000 2157
f 2157 2000 1998
f 2157 1998 2011
f 2198 2011 1984
f 2198 1984 1985
f 2198 1985 2194
f 2194 1985 1986
f 2194 1986 1988
f 2194 1988 2158
f 2158 1988 1989
f 2158 1989 2195
f 2195 1989 1990
f 2195 1990 2159
f 2159 1990 1991
f 2159 1991 2160
f 2160 1991 1992
f 2160 1992 2161
f 2161 1992 1993
f 2161 1993 2162
f 2162 1993 1994
f 2162 1994 2196
f 2196 1994 1995
f 2196 1995 1996
f 1997 1973 1972
f 1997 1972 2197
f 2197 1972 2163
f 2163 1972 1971
f 2163 1971 2164
f 2242 2166 2173
f 2169 2175 2180
f 2227 2181 2219
f 2219 2181 2177
f 2177 2178 2215
f 2215 2178 2154
f 2174 2188 2170
f 2170 2188 2171
f 2172 2185 2227
f 2227 2185 2181
f 2176 2184 2174
f 2174 2184 2188
f 2171 2185 2172
f 2167 2173 2179
f 2167 2179 2168
f 2168 2179 2175
f 2175 2183 2180
f 2175 2179 2183
f 2180 2186 2236
f 2186 2182 2236
f 2236 2182 2176
f 2179 2152 2183
f 2183 2186 2180
f 2188 2189 2171
f 2171 2189 2185
f 2185 2189 2187
f 2185 2187 2181
f 2181 2187 2177
f 2183 2152 2186
f 2177 2187 2178
f 2186 2152 2182
f 2176 2182 2190
f 2176 2190 2184
f 2184 2190 2188
f 2187 2237 2178
f 2178 2237 2153
f 2178 2153 2154
f 2152 2190 2182
f 2192 2161 2162
f 2192 2162 2196
f 2211 2195 2159
f 2211 2159 2160
f 2006 2193 2200
f 2006 2200 2214
f 2197 2196 1996
f 2197 1996 1997
f 2156 2008 2155
f 2206 2198 2194
f 2210 2158 2195
f 2210 2195 2211
f 2217 2161 2192
f 2217 2192 2221
f 2221 2192 2196
f 2008 2214 2215
f 2008 2215 2155
f 2204 2206 2194
f 2204 2194 2199
f 2199 2194 2158
f 2199 2158 2210
f 2202 2221 2196
f 2202 2196 2197
f 2157 2011 2209
f 2157 2209 2208
f 2201 2160 2161
f 2201 2161 2217
f 2203 2202 2197
f 2163 2203 2197
f 2001 2208 2216
f 2001 2216 2002
f 2198 2207 2011
f 2212 2211 2160
f 2212 2160 2201
f 2207 2198 2206
f 2193 2003 2227
f 2193 2227 2200
f 2200 2227 2219
f 2200 2219 2214
f 2155 2215 2154
f 2002 2216 2170
f 2002 2170 2205
f 2205 2170 2230
f 2205 2230 2003
f 2003 2230 2172
f 2003 2172 2227
f 2225 2206 2204
f 2225 2204 2213
f 2213 2204 2199
f 2213 2199 2220
f 2220 2199 2210
f 2220 2210 2226
f 2226 2210 2211
f 2226 2211 2212
f 2208 2209 2218
f 2208 2218 2216
f 2234 2221 2202
f 2234 2202 2203
f 2214 2219 2177
f 2214 2177 2215
f 2164 2203 2163
f 2209 2011 2229
f 2209 2229 2218
f 2216 2218 2223
f 2216 2223 2170
f 2235 2226 2212
f 2235 2212 2228
f 2228 2212 2201
f 2228 2201 2232
f 2232 2201 2217
f 2232 2217 2221
f 2222 2234 2203
f 2222 2203 2164
f 2207 2224 2011
f 2011 2224 2229
f 2225 2207 2206
f 2232 2221 2234
f 2224 2207 2225
f 2233 2224 2225
f 2231 2225 2213
f 2231 2213 2220
f 2231 2220 2226
f 2240 2231 2226
f 2240 2226 2235
f 2233 2225 2231
f 2230 2170 2171
f 2230 2171 2172
f 2218 2229 2174
f 2218 2174 2223
f 2223 2174 2170
f 2169 2233 2231
f 2224 2236 2229
f 2229 2236 2176
f 2229 2176 2174
f 2236 2224 2233
f 2169 2231 2240
f 2241 2235 2228
f 2241 2228 2232
f 2243 2232 2234
f 2243 2234 2244
f 2244 2234 2222
f 2244 2222 2164
f 2241 2240 2235
f 2236 2233 2180
f 2175 2169 2240
f 2175 2240 2168
f 2153 2237 2238
f 2237 2187 2239
f 2237 2239 2238
f 2238 2239 2027
f 2027 2239 2191
f 2187 2189 2239
f 2239 2189 2191
f 2189 2188 2191
f 2191 2188 2190
f 2180 2233 2169
f 2240 2241 2168
f 2168 2241 2167
f 2167 2243 2173
f 2173 2243 2242
f 2167 2241 2232
f 2167 2232 2243
f 2165 2244 2164
f 2242 2165 2166
f 2243 2244 2242
f 2242 2244 2165
f 1192 1189 2245
f 2245 1189 2246
f 2246 1189 1188
f 2246 1188 2247
f 2247 1188 1187
f 2247 1187 2248
f 2248 1187 2249
f 2249 1187 1186
f 2249 1186 2250
f 2250 1186 1177
f 1177 2030 2250
f 607 606 2245
f 2245 606 2251
f 2245 2251 2252
f 2252 2251 2444
f 2251 2253 2444
f 2252 2444 2254
f 2254 2255 2252
f 2255 2256 2252
f 2252 2256 2258
f 2258 2256 2257
f 2252 2259 2245
f 2245 2259 1195
f 2245 1195 1192
f 2245 2246 607
f 607 2246 2247
f 607 2247 2248
f 2248 2249 607
f 607 2249 608
f 608 2249 2250
f 608 2250 610
f 610 2250 2030
f 610 2030 612
f 612 2030 614
f 614 2030 616
f 616 2030 618
f 618 2030 620
f 620 2030 622
f 622 2030 624
f 624 2030 626
f 626 2030 628
f 628 2030 630
f 2259 2260 1195
f 1195 2260 1196
f 1196 2260 2261
f 1196 2261 1197
f 1197 2261 2262
f 1197 2262 1198
f 1198 2262 2263
f 1198 2263 1200
f 1200 2263 2264
f 1200 2264 1201
f 2252 2265 2259
f 2259 2265 2260
f 2260 2265 2266
f 2260 2266 2261
f 2261 2266 2267
f 2261 2267 2262
f 2262 2267 2268
f 2262 2268 2263
f 2263 2268 2269
f 2263 2269 2264
f 2264 2269 1201
f 1201 2269 1199
f 2252 2258 2265
f 2265 2258 2440
f 2265 2440 2266
f 2267 2266 2467
f 2267 2467 2268
f 2269 2268 2270
f 2269 2270 1199
f 1199 2270 1202
f 1202 2270 2271
f 1202 2271 1193
f 1193 2271 2272
f 1193 2272 1194
f 1194 2272 2273
f 1194 2273 1203
f 1203 2273 2274
f 1203 2274 1204
f 1204 2274 2275
f 1204 2275 1205
f 1205 2275 2276
f 2276 2275 2277
f 2276 2277 2278
f 2278 2277 2474
f 2278 2474 2279
f 2279 2474 2280
f 2279 2280 2281
f 2281 2280 2282
f 2281 2282 2283
f 2281 2283 2284
f 2284 2283 2285
f 2284 2285 1209
f 1209 2285 1213
f 1213 2285 2286
f 1213 2286 1214
f 1214 2286 2287
f 1214 2287 1215
f 1215 2287 2288
f 1215 2288 1216
f 1216 2288 2289
f 1216 2289 1217
f 1217 2289 2290
f 1217 2290 1218
f 1218 2290 2291
f 2291 2290 2292
f 2291 2292 2294
f 2294 2292 2293
f 2294 2293 2295
f 2294 2295 2296
f 2296 2295 2297
f 2296 2297 2298
f 2298 2297 2315
f 2298 2315 2299
f 2276 2300 1205
f 1205 2300 1206
f 2300 2301 1206
f 1206 2301 1207
f 1207 2301 2302
f 1207 2302 1208
f 1208 2302 2303
f 1208 2303 1210
f 1210 2303 2304
f 1210 2304 1211
f 1211 2304 2305
f 1211 2305 1212
f 2284 2305 2281
f 2281 2305 2304
f 2281 2304 2303
f 2281 2303 2279
f 2279 2303 2302
f 2279 2302 2278
f 2278 2302 2301
f 2278 2301 2276
f 2276 2301 2300
f 2305 2284 1212
f 1212 2284 1209
f 2291 2306 1218
f 1218 2306 1221
f 2306 2307 1221
f 1221 2307 1222
f 1222 2307 2308
f 1222 2308 1223
f 1223 2308 2309
f 1223 2309 1224
f 1224 2309 2310
f 1224 2310 1225
f 1225 2310 2311
f 1225 2311 1226
f 2299 2311 2298
f 2298 2311 2310
f 2298 2310 2296
f 2296 2310 2309
f 2296 2309 2294
f 2294 2309 2308
f 2294 2308 2307
f 2294 2307 2291
f 2291 2307 2306
f 2312 2313 2314
f 2314 2313 2299
f 2314 2299 2513
f 2513 2299 2315
f 2513 2315 2437
f 2437 2315 2438
f 2299 2313 2316
f 2316 2313 503
f 2316 503 502
f 1219 1226 2316
f 2316 1226 2311
f 2316 2311 2299
f 2317 2421 2312
f 2312 2421 2422
f 2318 2319 2317
f 2317 2319 2320
f 2321 2322 2318
f 2318 2322 2323
f 2318 2323 2324
f 2322 2321 2325
f 2325 2321 2326
f 2325 2326 2327
f 2327 2326 2328
f 2327 2328 2329
f 2329 2328 2330
f 2329 2330 2331
f 2331 2330 2332
f 2331 2332 2333
f 2333 2332 2334
f 2333 2334 2335
f 2335 2334 2336
f 2335 2336 2337
f 2337 2336 2338
f 2337 2338 2339
f 2339 2338 2340
f 2339 2340 2341
f 2341 2340 2342
f 2341 2342 2343
f 2343 2342 2344
f 2343 2344 2345
f 2345 2344 2346
f 2345 2346 2347
f 2347 2346 2348
f 2347 2348 2349
f 2349 2348 2350
f 2349 2350 2351
f 2351 2350 2352
f 2351 2352 2353
f 2353 2352 2354
f 2353 2354 2355
f 2355 2354 2356
f 2355 2356 2357
f 2357 2356 2358
f 2357 2358 2359
f 2359 2358 2360
f 2359 2360 2361
f 2361 2360 2362
f 2361 2362 2363
f 2363 2362 2364
f 2363 2364 2365
f 2365 2364 2366
f 2365 2366 2367
f 2367 2366 2368
f 2368 2366 2369
f 2369 2366 2370
f 2370 2366 2371
f 2371 2366 2373
f 2373 2366 2372
f 2373 2372 2374
f 2374 2372 2375
f 2375 2372 2376
f 2376 2372 2377
f 2377 2372 2378
f 2378 2372 2379
f 2379 2372 2380
f 2380 2372 2381
f 2381 2372 2382
f 2382 2372 2383
f 2383 2372 2384
f 2384 2372 2385
f 2385 2372 2386
f 2386 2372 2387
f 2387 2372 2388
f 2388 2372 2389
f 2389 2372 2253
f 2389 2253 2390
f 2390 2253 2391
f 2391 2253 2392
f 2392 2253 2393
f 2393 2253 2394
f 2394 2253 2395
f 2395 2253 2396
f 2396 2253 2397
f 2397 2253 2398
f 2398 2253 2399
f 2399 2253 2400
f 2400 2253 2401
f 2401 2253 2402
f 2402 2253 2251
f 2324 2403 2318
f 2403 2404 2318
f 2318 2404 2405
f 2318 2405 2406
f 2318 2406 2319
f 2320 2407 2317
f 2407 2408 2317
f 2317 2408 2409
f 2317 2409 2410
f 2317 2410 2411
f 2317 2411 2412
f 2317 2412 2413
f 2317 2413 2414
f 2414 2415 2317
f 2415 2416 2317
f 2416 2417 2317
f 2317 2417 2418
f 2418 2419 2317
f 2317 2419 2420
f 2317 2420 2421
f 2422 2423 2312
f 2312 2423 2424
f 2312 2424 2425
f 2312 2425 2426
f 2312 2426 2427
f 2427 2428 2312
f 2312 2428 2429
f 2429 2430 2312
f 2312 2430 2431
f 2312 2431 2432
f 2312 2432 2433
f 2312 2433 2434
f 2312 2434 2313
f 2444 2253 2372
f 2444 2372 2366
f 2444 2366 2364
f 2444 2364 2435
f 2435 2364 2362
f 2435 2362 2360
f 2435 2360 2358
f 2435 2358 2356
f 2435 2356 2354
f 2435 2354 2352
f 2435 2352 2350
f 2435 2350 2348
f 2435 2348 2446
f 2446 2348 2346
f 2446 2346 2344
f 2446 2344 2342
f 2446 2342 2447
f 2447 2342 2340
f 2447 2340 2338
f 2447 2338 2336
f 2447 2336 2334
f 2447 2334 2436
f 2436 2334 2332
f 2436 2332 2330
f 2436 2330 2328
f 2436 2328 2326
f 2436 2326 2321
f 2436 2321 2318
f 2436 2318 2314
f 2314 2318 2317
f 2314 2317 2312
f 2315 2297 2448
f 2448 2297 2295
f 2448 2295 2454
f 2454 2295 2293
f 2454 2293 2457
f 2457 2293 2292
f 2457 2292 2455
f 2455 2292 2290
f 2455 2290 2462
f 2462 2290 2289
f 2462 2289 2449
f 2449 2289 2288
f 2449 2288 2450
f 2450 2288 2287
f 2450 2287 2452
f 2452 2287 2286
f 2452 2286 2456
f 2456 2286 2285
f 2456 2285 2459
f 2459 2285 2283
f 2459 2283 2282
f 2439 2277 2275
f 2439 2275 2451
f 2451 2275 2274
f 2451 2274 2453
f 2453 2274 2273
f 2453 2273 2272
f 2460 2270 2268
f 2460 2268 2467
f 2468 2467 2266
f 2468 2266 2440
f 2440 2258 2257
f 2440 2257 2441
f 2441 2257 2442
f 2442 2257 2256
f 2442 2256 2443
f 2443 2256 2255
f 2443 2255 2254
f 2443 2254 2444
f 2445 2435 2446
f 2528 2436 2314
f 2438 2315 2448
f 2465 2271 2270
f 2465 2270 2460
f 2473 2462 2449
f 2473 2449 2450
f 2464 2474 2277
f 2464 2277 2439
f 2469 2473 2450
f 2469 2450 2452
f 2458 2438 2448
f 2458 2448 2454
f 2478 2469 2452
f 2478 2452 2456
f 2463 2459 2282
f 2463 2282 2470
f 2470 2282 2280
f 2470 2280 2474
f 2477 2464 2439
f 2477 2439 2451
f 2461 2458 2454
f 2461 2454 2457
f 2491 2477 2451
f 2491 2451 2453
f 2471 2461 2457
f 2471 2457 2455
f 2483 2478 2456
f 2483 2456 2459
f 2480 2491 2453
f 2480 2453 2272
f 2472 2471 2455
f 2472 2455 2462
f 2475 2483 2459
f 2475 2459 2463
f 2485 2272 2271
f 2485 2271 2465
f 2441 2468 2440
f 2466 2472 2462
f 2466 2462 2473
f 2485 2480 2272
f 2479 2460 2467
f 2479 2467 2468
f 2479 2468 2441
f 2489 2475 2463
f 2489 2463 2470
f 2484 2489 2470
f 2484 2470 2476
f 2476 2470 2474
f 2476 2474 2487
f 2487 2474 2464
f 2487 2464 2477
f 2481 2438 2458
f 2481 2458 2461
f 2482 2466 2473
f 2482 2473 2494
f 2494 2473 2469
f 2494 2469 2478
f 2496 2487 2477
f 2496 2477 2491
f 2486 2465 2460
f 2486 2460 2479
f 2488 2481 2461
f 2488 2461 2471
f 2495 2494 2478
f 2495 2478 2483
f 2493 2488 2471
f 2493 2471 2472
f 2493 2472 2466
f 2498 2483 2475
f 2498 2475 2489
f 2492 2485 2465
f 2492 2465 2486
f 2437 2438 2481
f 2490 2493 2466
f 2490 2466 2482
f 2495 2483 2498
f 2499 2486 2479
f 2499 2479 2441
f 2502 2484 2476
f 2502 2476 2487
f 2506 2480 2485
f 2510 2437 2481
f 2510 2481 2488
f 2502 2487 2496
f 2509 2506 2485
f 2509 2485 2492
f 2514 2510 2488
f 2514 2488 2497
f 2497 2488 2493
f 2497 2493 2490
f 2504 2490 2482
f 2504 2482 2494
f 2522 2498 2489
f 2522 2489 2501
f 2501 2489 2484
f 2501 2484 2502
f 2518 2496 2491
f 2518 2491 2480
f 2516 2497 2490
f 2516 2490 2504
f 2500 2504 2494
f 2500 2494 2495
f 2506 2518 2480
f 2503 2492 2486
f 2503 2486 2499
f 2442 2499 2441
f 2508 2502 2496
f 2508 2496 2518
f 2505 2501 2502
f 2507 2503 2499
f 2508 2505 2502
f 2507 2499 2442
f 2517 2500 2495
f 2517 2495 2498
f 2511 2509 2492
f 2511 2492 2503
f 2515 2514 2497
f 2515 2497 2516
f 2517 2498 2522
f 2513 2437 2510
f 2519 2522 2501
f 2519 2501 2505
f 2520 2508 2518
f 2527 2506 2509
f 2513 2510 2514
f 2512 2516 2504
f 2512 2504 2500
f 2527 2518 2506
f 2528 2515 2516
f 2528 2516 2512
f 2523 2505 2508
f 2523 2508 2520
f 2527 2520 2518
f 2524 2527 2509
f 2524 2509 2511
f 2525 2513 2514
f 2525 2514 2515
f 2529 2512 2500
f 2529 2500 2517
f 2511 2503 2521
f 2521 2503 2507
f 2443 2507 2442
f 2523 2519 2505
f 2521 2507 2443
f 2526 2529 2517
f 2526 2517 2522
f 2445 2527 2524
f 2436 2528 2512
f 2436 2512 2529
f 2526 2522 2519
f 2528 2525 2515
f 2530 2524 2511
f 2530 2511 2521
f 2314 2513 2525
f 2446 2526 2519
f 2446 2519 2523
f 2446 2523 2520
f 2446 2520 2445
f 2445 2520 2527
f 2435 2445 2524
f 2435 2524 2530
f 2447 2436 2529
f 2447 2529 2526
f 2447 2526 2446
f 2530 2521 2444
f 2444 2521 2443
f 2528 2314 2525
f 2530 2444 2435
f 2313 2434 503
f 503 2434 504
f 504 2434 2433
f 504 2433 505
f 505 2433 2432
f 505 2432 506
f 506 2432 2431
f 506 2431 507
f 507 2431 2430
f 507 2430 508
f 508 2430 2429
f 508 2429 510
f 510 2429 2428
f 510 2428 511
f 511 2428 2427
f 511 2427 512
f 512 2427 2426
f 512 2426 513
f 513 2426 2425
f 513 2425 514
f 514 2425 2424
f 514 2424 515
f 515 2424 2423
f 515 2423 516
f 516 2423 2422
f 516 2422 517
f 517 2422 518
f 518 2422 2421
f 518 2421 520
f 520 2421 2420
f 520 2420 521
f 521 2420 2419
f 521 2419 522
f 522 2419 2418
f 522 2418 2417
f 522 2417 523
f 523 2417 2416
f 523 2416 524
f 524 2416 2415
f 524 2415 526
f 526 2415 2414
f 526 2414 527
f 527 2414 2413
f 527 2413 528
f 528 2413 2412
f 528 2412 529
f 529 2412 2411
f 529 2411 530
f 530 2411 2410
f 530 2410 531
f 531 2410 2409
f 531 2409 532
f 532 2409 2408
f 532 2408 533
f 533 2408 2407
f 533 2407 534
f 534 2407 2320
f 534 2320 535
f 535 2320 2319
f 535 2319 536
f 536 2319 2406
f 536 2406 537
f 537 2406 2405
f 537 2405 538
f 538 2405 2404
f 538 2404 539
f 539 2404 2403
f 539 2403 541
f 541 2403 542
f 542 2403 2324
f 542 2324 543
f 543 2324 2323
f 2322 2325 2323
f 2323 2325 2327
f 2323 2327 2329
f 2329 2331 2323
f 2323 2331 2333
f 2323 2333 2335
f 2335 2337 2323
f 2323 2337 544
f 2323 544 543
f 2339 556 2337
f 2337 556 554
f 2337 554 552
f 556 2339 558
f 558 2339 2341
f 558 2341 560
f 560 2341 2343
f 560 2343 562
f 562 2343 2345
f 562 2345 564
f 564 2345 566
f 566 2345 2347
f 566 2347 568
f 568 2347 2349
f 568 2349 2351
f 2351 2353 568
f 568 2353 2355
f 568 2355 2357
f 2357 2359 568
f 568 2359 2361
f 568 2361 2363
f 2363 2365 568
f 568 2365 2367
f 552 550 2337
f 2337 550 548
f 2337 548 546
f 546 544 2337
f 2368 569 2367
f 2367 569 568
f 2368 2369 569
f 569 2369 570
f 570 2369 2370
f 570 2370 571
f 571 2370 2371
f 571 2371 572
f 572 2371 2373
f 572 2373 573
f 573 2373 2374
f 573 2374 575
f 575 2374 2375
f 575 2375 576
f 576 2375 2376
f 576 2376 577
f 577 2376 2377
f 577 2377 578
f 578 2377 2378
f 578 2378 579
f 579 2378 2379
f 579 2379 580
f 580 2379 2380
f 580 2380 581
f 581 2380 2381
f 581 2381 582
f 582 2381 2382
f 582 2382 583
f 583 2382 2383
f 583 2383 585
f 585 2383 2384
f 585 2384 586
f 586 2384 2385
f 586 2385 587
f 587 2385 2386
f 587 2386 588
f 588 2386 589
f 589 2386 2387
f 589 2387 590
f 590 2387 2388
f 590 2388 591
f 591 2388 2389
f 591 2389 592
f 592 2389 2390
f 592 2390 594
f 594 2390 2391
f 594 2391 595
f 595 2391 2392
f 595 2392 2393
f 595 2393 596
f 596 2393 2394
f 596 2394 597
f 597 2394 2395
f 597 2395 598
f 598 2395 2396
f 598 2396 2397
f 598 2397 599
f 599 2397 2398
f 599 2398 600
f 600 2398 2399
f 600 2399 601
f 601 2399 2400
f 601 2400 602
f 602 2400 2401
f 602 2401 604
f 604 2401 2402
f 604 2402 605
f 605 2402 606
f 606 2402 2251
f 1232 1231 2531
f 2531 1231 2532
f 2532 1231 1230
f 2532 1230 2533
f 2533 1230 1228
f 2533 1228 2534
f 2534 1228 1227
f 2534 1227 2535
f 2535 1227 1220
f 2535 1220 2536
f 2536 1220 2316
f 2316 1220 1219
f 479 478 2531
f 2531 478 2537
f 2531 2537 2538
f 2538 2537 2738
f 2538 2738 2541
f 2537 2539 2738
f 2538 2541 2540
f 2541 2791 2540
f 2791 2542 2540
f 2538 2543 2531
f 2531 2543 1236
f 2531 1236 1232
f 479 2531 480
f 480 2531 2532
f 480 2532 482
f 482 2532 484
f 484 2532 2533
f 484 2533 486
f 486 2533 488
f 488 2533 2534
f 488 2534 490
f 490 2534 492
f 492 2534 2535
f 492 2535 494
f 494 2535 496
f 496 2535 2536
f 496 2536 498
f 498 2536 500
f 500 2536 2316
f 500 2316 502
f 2543 2544 1236
f 1236 2544 1237
f 1237 2544 2545
f 1237 2545 1238
f 1238 2545 2546
f 1238 2546 1239
f 1239 2546 2547
f 1239 2547 1240
f 1240 2547 2548
f 1240 2548 1241
f 2538 2549 2543
f 2543 2549 2544
f 2544 2549 2545
f 2545 2549 2550
f 2545 2550 2546
f 2546 2550 2551
f 2546 2551 2547
f 2547 2551 2552
f 2547 2552 2548
f 2548 2552 1241
f 1241 2552 1234
f 2538 2540 2549
f 2549 2540 2767
f 2549 2767 2766
f 2549 2766 2550
f 2550 2766 2553
f 2550 2553 2551
f 2551 2553 2554
f 2551 2554 2552
f 2552 2554 2555
f 2552 2555 1234
f 1234 2555 1235
f 1235 2555 2556
f 1235 2556 1243
f 1243 2556 2557
f 1243 2557 1245
f 1245 2557 2558
f 1245 2558 1246
f 1246 2558 2559
f 1246 2559 1248
f 1248 2559 2560
f 1248 2560 1250
f 1250 2560 2561
f 2561 2560 2765
f 2561 2765 2562
f 2562 2765 2563
f 2562 2563 2564
f 2564 2563 2565
f 2564 2565 2567
f 2567 2565 2566
f 2567 2566 2568
f 2567 2568 2569
f 2569 2568 2570
f 2569 2570 1253
f 1253 2570 1256
f 1256 2570 2571
f 1256 2571 1258
f 1258 2571 2572
f 1258 2572 1260
f 1260 2572 2573
f 1260 2573 1261
f 1261 2573 2574
f 1261 2574 1263
f 1263 2574 2575
f 1263 2575 1265
f 1265 2575 2576
f 2576 2575 2728
f 2576 2728 2577
f 2577 2728 2578
f 2577 2578 2580
f 2580 2578 2579
f 2580 2579 2581
f 2580 2581 2582
f 2582 2581 2598
f 2582 2598 2583
f 2561 2584 1250
f 1250 2584 1269
f 2584 2585 1269
f 1269 2585 1270
f 1270 2585 2586
f 1270 2586 1271
f 1271 2586 2587
f 1271 2587 1272
f 1272 2587 2588
f 1272 2588 1273
f 1273 2588 2589
f 1273 2589 1274
f 2589 2588 2569
f 2569 2588 2567
f 2567 2588 2587
f 2567 2587 2586
f 2567 2586 2564
f 2564 2586 2585
f 2564 2585 2562
f 2562 2585 2584
f 2562 2584 2561
f 2589 2569 1274
f 1274 2569 1253
f 2576 2590 1265
f 1265 2590 1275
f 2590 2591 1275
f 1275 2591 1276
f 1276 2591 2592
f 1276 2592 1267
f 1267 2592 2593
f 1267 2593 1268
f 1268 2593 2594
f 1268 2594 1277
f 1277 2594 2595
f 1277 2595 1278
f 2583 2595 2582
f 2582 2595 2594
f 2582 2594 2580
f 2580 2594 2593
f 2580 2593 2592
f 2580 2592 2577
f 2577 2592 2591
f 2577 2591 2576
f 2576 2591 2590
f 2596 2597 2762
f 2762 2597 2583
f 2762 2583 2724
f 2724 2583 2725
f 2725 2583 2598
f 2583 2597 2599
f 2599 2597 372
f 2599 372 371
f 1266 1278 2599
f 2599 1278 2595
f 2599 2595 2583
f 2600 2601 2596
f 2602 2603 2600
f 2604 2605 2602
f 2602 2605 2606
f 2602 2606 2607
f 2605 2604 2608
f 2608 2604 2609
f 2608 2609 2610
f 2610 2609 2611
f 2610 2611 2612
f 2612 2611 2613
f 2612 2613 2614
f 2614 2613 2615
f 2614 2615 2616
f 2616 2615 2617
f 2616 2617 2618
f 2618 2617 2619
f 2618 2619 2620
f 2620 2619 2621
f 2620 2621 2622
f 2622 2621 2623
f 2622 2623 2624
f 2624 2623 2625
f 2624 2625 2626
f 2626 2625 2627
f 2626 2627 2628
f 2628 2627 2629
f 2628 2629 2630
f 2630 2629 2631
f 2630 2631 2632
f 2632 2631 2633
f 2632 2633 2634
f 2634 2633 2635
f 2634 2635 2636
f 2636 2635 2637
f 2636 2637 2638
f 2638 2637 2639
f 2638 2639 2640
f 2640 2639 2641
f 2640 2641 2642
f 2642 2641 2643
f 2642 2643 2644
f 2644 2643 2645
f 2644 2645 2646
f 2646 2645 2647
f 2646 2647 2648
f 2648 2647 2649
f 2648 2649 2650
f 2650 2649 2651
f 2651 2649 2652
f 2652 2649 2653
f 2653 2649 2654
f 2653 2654 2655
f 2655 2654 2656
f 2656 2654 2657
f 2657 2654 2658
f 2658 2654 2659
f 2659 2654 2660
f 2660 2654 2661
f 2661 2654 2662
f 2662 2654 2663
f 2663 2654 2664
f 2664 2654 2665
f 2665 2654 2666
f 2666 2654 2667
f 2667 2654 2668
f 2668 2654 2669
f 2669 2654 2670
f 2670 2654 2671
f 2671 2654 2539
f 2671 2539 2672
f 2672 2539 2673
f 2673 2539 2674
f 2674 2539 2675
f 2675 2539 2676
f 2676 2539 2677
f 2677 2539 2678
f 2678 2539 2679
f 2679 2539 2680
f 2680 2539 2681
f 2681 2539 2682
f 2682 2539 2683
f 2683 2539 2684
f 2684 2539 2685
f 2685 2539 2537
f 2607 2686 2602
f 2686 2687 2602
f 2602 2687 2603
f 2603 2688 2600
f 2600 2688 2689
f 2600 2689 2690
f 2600 2690 2691
f 2600 2691 2692
f 2600 2692 2693
f 2600 2693 2694
f 2694 2695 2600
f 2600 2695 2696
f 2696 2697 2600
f 2600 2697 2698
f 2600 2698 2699
f 2600 2699 2700
f 2600 2700 2701
f 2600 2701 2702
f 2600 2702 2703
f 2600 2703 2704
f 2600 2704 2705
f 2600 2705 2706
f 2600 2706 2707
f 2707 2601 2600
f 2596 2601 2708
f 2596 2708 2709
f 2596 2709 2710
f 2596 2710 2711
f 2596 2711 2712
f 2596 2712 2713
f 2713 2714 2596
f 2596 2714 2715
f 2596 2715 2716
f 2716 2717 2596
f 2717 2718 2596
f 2596 2718 2719
f 2719 2720 2596
f 2596 2720 2721
f 2596 2721 2597
f 2738 2539 2654
f 2738 2654 2649
f 2738 2649 2647
f 2738 2647 2645
f 2738 2645 2643
f 2738 2643 2743
f 2743 2643 2641
f 2743 2641 2639
f 2743 2639 2637
f 2743 2637 2635
f 2743 2635 2633
f 2743 2633 2631
f 2743 2631 2629
f 2743 2629 2754
f 2754 2629 2627
f 2754 2627 2625
f 2754 2625 2623
f 2754 2623 2621
f 2754 2621 2722
f 2722 2621 2619
f 2722 2619 2617
f 2722 2617 2615
f 2722 2615 2613
f 2722 2613 2723
f 2723 2613 2611
f 2723 2611 2609
f 2723 2609 2604
f 2723 2604 2602
f 2723 2602 2762
f 2762 2602 2600
f 2762 2600 2596
f 2726 2725 2598
f 2598 2581 2727
f 2727 2581 2579
f 2727 2579 2763
f 2763 2579 2578
f 2763 2578 2728
f 2728 2575 2729
f 2729 2575 2574
f 2729 2574 2730
f 2730 2574 2573
f 2730 2573 2731
f 2731 2573 2572
f 2731 2572 2768
f 2768 2572 2571
f 2768 2571 2732
f 2732 2571 2570
f 2732 2570 2733
f 2733 2570 2568
f 2733 2568 2734
f 2734 2568 2566
f 2734 2566 2735
f 2735 2566 2565
f 2735 2565 2563
f 2775 2765 2560
f 2775 2560 2764
f 2764 2560 2559
f 2764 2559 2736
f 2736 2559 2558
f 2736 2558 2557
f 2736 2557 2737
f 2737 2557 2556
f 2737 2556 2769
f 2769 2556 2555
f 2769 2555 2554
f 2542 2767 2540
f 2808 2805 2799
f 2807 2744 2751
f 2747 2748 2814
f 2740 2746 2797
f 2799 2805 2739
f 2741 2743 2744
f 2748 2759 2745
f 2740 2752 2746
f 2746 2752 2756
f 2753 2757 2793
f 2793 2757 2742
f 2738 2743 2805
f 2805 2743 2739
f 2759 2755 2745
f 2745 2755 2740
f 2740 2755 2752
f 2757 2750 2742
f 2742 2750 2725
f 2742 2725 2726
f 2739 2743 2741
f 2747 2751 2749
f 2747 2749 2748
f 2743 2754 2744
f 2744 2754 2751
f 2749 2759 2748
f 2756 2758 2753
f 2753 2758 2757
f 2755 2760 2752
f 2752 2758 2756
f 2751 2754 2749
f 2759 2722 2755
f 2755 2722 2760
f 2749 2754 2759
f 2752 2760 2758
f 2758 2761 2757
f 2757 2761 2750
f 2761 2724 2750
f 2750 2724 2725
f 2754 2722 2759
f 2760 2723 2758
f 2758 2723 2761
f 2723 2762 2761
f 2761 2762 2724
f 2760 2722 2723
f 2770 2763 2728
f 2770 2728 2773
f 2773 2728 2729
f 2781 2764 2736
f 2781 2736 2792
f 2792 2736 2737
f 2774 2768 2732
f 2774 2732 2733
f 2771 2735 2563
f 2771 2563 2765
f 2776 2792 2737
f 2776 2737 2769
f 2779 2773 2729
f 2779 2729 2796
f 2796 2729 2730
f 2796 2730 2783
f 2783 2730 2731
f 2783 2731 2768
f 2785 2554 2553
f 2785 2553 2766
f 2777 2771 2765
f 2777 2765 2775
f 2786 2785 2766
f 2786 2766 2767
f 2772 2727 2763
f 2772 2763 2770
f 2784 2775 2764
f 2784 2764 2781
f 2791 2786 2767
f 2791 2767 2542
f 2798 2783 2768
f 2798 2768 2774
f 2788 2774 2733
f 2788 2733 2794
f 2794 2733 2734
f 2794 2734 2795
f 2795 2734 2735
f 2795 2735 2771
f 2790 2769 2554
f 2790 2554 2785
f 2778 2598 2727
f 2778 2727 2772
f 2789 2776 2769
f 2789 2769 2790
f 2780 2772 2770
f 2780 2770 2773
f 2784 2777 2775
f 2782 2780 2773
f 2782 2773 2779
f 2726 2598 2778
f 2787 2778 2772
f 2787 2772 2780
f 2819 2784 2802
f 2802 2784 2781
f 2802 2781 2792
f 2800 2798 2774
f 2800 2774 2788
f 2803 2792 2776
f 2803 2776 2789
f 2806 2796 2783
f 2806 2783 2798
f 2793 2787 2780
f 2793 2780 2782
f 2813 2790 2785
f 2813 2785 2817
f 2817 2785 2786
f 2817 2786 2804
f 2804 2786 2791
f 2742 2726 2778
f 2742 2778 2787
f 2797 2782 2779
f 2797 2779 2796
f 2810 2800 2788
f 2810 2788 2794
f 2803 2802 2792
f 2801 2810 2794
f 2801 2794 2795
f 2801 2795 2809
f 2809 2795 2771
f 2809 2771 2777
f 2812 2777 2784
f 2812 2784 2819
f 2822 2803 2789
f 2822 2789 2823
f 2823 2789 2790
f 2823 2790 2813
f 2797 2796 2806
f 2753 2793 2782
f 2753 2782 2756
f 2756 2782 2746
f 2744 2807 2741
f 2793 2742 2787
f 2782 2797 2746
f 2745 2810 2748
f 2748 2810 2814
f 2814 2816 2747
f 2747 2816 2811
f 2747 2811 2751
f 2751 2811 2807
f 2741 2815 2739
f 2809 2777 2812
f 2821 2819 2802
f 2821 2802 2803
f 2815 2803 2822
f 2541 2804 2791
f 2808 2824 2805
f 2805 2824 2738
f 2814 2810 2801
f 2797 2806 2740
f 2740 2806 2798
f 2740 2798 2745
f 2745 2798 2800
f 2745 2800 2810
f 2739 2826 2799
f 2824 2541 2738
f 2814 2801 2816
f 2816 2801 2809
f 2811 2812 2807
f 2807 2821 2741
f 2741 2821 2815
f 2811 2816 2809
f 2811 2809 2812
f 2815 2821 2803
f 2812 2819 2807
f 2807 2819 2821
f 2739 2815 2826
f 2826 2820 2799
f 2799 2820 2808
f 2808 2820 2824
f 2818 2817 2804
f 2818 2804 2541
f 2820 2825 2824
f 2826 2815 2822
f 2826 2822 2823
f 2825 2823 2813
f 2825 2813 2817
f 2826 2823 2820
f 2820 2823 2825
f 2825 2818 2824
f 2824 2818 2541
f 2818 2825 2817
f 2597 2721 372
f 372 2721 373
f 373 2721 2720
f 373 2720 2719
f 373 2719 374
f 374 2719 2718
f 374 2718 375
f 375 2718 2717
f 375 2717 2716
f 375 2716 377
f 377 2716 2715
f 377 2715 378
f 378 2715 2714
f 378 2714 379
f 379 2714 2713
f 379 2713 380
f 380 2713 2712
f 380 2712 381
f 381 2712 2711
f 381 2711 382
f 382 2711 2710
f 382 2710 383
f 383 2710 2709
f 383 2709 384
f 384 2709 2708
f 384 2708 385
f 385 2708 2601
f 385 2601 387
f 387 2601 2707
f 387 2707 388
f 388 2707 2706
f 388 2706 389
f 389 2706 2705
f 389 2705 390
f 390 2705 2704
f 390 2704 391
f 391 2704 2703
f 391 2703 392
f 392 2703 2702
f 392 2702 393
f 393 2702 2701
f 393 2701 394
f 394 2701 2700
f 394 2700 396
f 396 2700 2699
f 396 2699 397
f 397 2699 2698
f 397 2698 398
f 398 2698 2697
f 398 2697 399
f 399 2697 2696
f 399 2696 400
f 400 2696 401
f 401 2696 2695
f 401 2695 402
f 402 2695 2694
f 402 2694 403
f 403 2694 2693
f 403 2693 404
f 404 2693 2692
f 404 2692 405
f 405 2692 2691
f 405 2691 406
f 406 2691 2690
f 406 2690 407
f 407 2690 2689
f 407 2689 408
f 408 2689 2688
f 408 2688 409
f 409 2688 2603
f 409 2603 410
f 410 2603 2687
f 410 2687 412
f 412 2687 2686
f 412 2686 413
f 413 2686 2607
f 413 2607 414
f 414 2607 2606
f 2606 2605 414
f 414 2605 2608
f 414 2608 2610
f 2610 2612 414
f 414 2612 2614
f 414 2614 2616
f 2616 2618 414
f 414 2618 2620
f 414 2620 2622
f 2622 2624 414
f 414 2624 2626
f 414 2626 415
f 415 2626 417
f 417 2626 2628
f 417 2628 419
f 419 2628 2630
f 419 2630 421
f 421 2630 2632
f 421 2632 423
f 423 2632 2634
f 423 2634 425
f 425 2634 427
f 427 2634 2636
f 427 2636 429
f 429 2636 431
f 431 2636 433
f 433 2636 435
f 435 2636 2650
f 435 2650 437
f 437 2650 439
f 2636 2638 2650
f 2650 2638 2640
f 2650 2640 2642
f 2642 2644 2650
f 2650 2644 2646
f 2650 2646 2648
f 2651 440 2650
f 2650 440 439
f 2651 2652 440
f 440 2652 441
f 441 2652 2653
f 441 2653 442
f 442 2653 2655
f 442 2655 443
f 443 2655 2656
f 443 2656 445
f 445 2656 2657
f 445 2657 446
f 446 2657 2658
f 446 2658 447
f 447 2658 2659
f 447 2659 448
f 448 2659 2660
f 448 2660 449
f 449 2660 2661
f 449 2661 450
f 450 2661 2662
f 450 2662 451
f 451 2662 2663
f 451 2663 452
f 452 2663 2664
f 452 2664 453
f 453 2664 2665
f 453 2665 454
f 454 2665 2666
f 454 2666 456
f 456 2666 2667
f 456 2667 457
f 457 2667 2668
f 457 2668 458
f 458 2668 2669
f 458 2669 459
f 459 2669 2670
f 459 2670 460
f 460 2670 2671
f 460 2671 462
f 462 2671 2672
f 462 2672 463
f 463 2672 2673
f 463 2673 464
f 464 2673 2674
f 464 2674 465
f 465 2674 2675
f 465 2675 466
f 466 2675 2676
f 466 2676 467
f 467 2676 2677
f 467 2677 468
f 468 2677 2678
f 468 2678 469
f 469 2678 2679
f 469 2679 470
f 470 2679 2680
f 470 2680 471
f 471 2680 2681
f 471 2681 472
f 472 2681 2682
f 472 2682 473
f 473 2682 2683
f 473 2683 474
f 474 2683 2684
f 474 2684 475
f 475 2684 2685
f 475 2685 477
f 477 2685 478
f 478 2685 2537
f 296 1288 293
f 293 1288 2827
f 2827 1288 1287
f 2827 1287 2828
f 2828 1287 1285
f 2828 1285 2829
f 2829 1285 1283
f 2829 1283 2830
f 2830 1283 1279
f 2830 1279 2831
f 2831 1279 1266
f 2831 1266 2599
f 291 293 349
f 349 293 351
f 351 293 353
f 353 293 355
f 355 293 357
f 357 293 359
f 359 293 361
f 361 293 363
f 363 293 365
f 365 293 2827
f 365 2827 367
f 367 2827 369
f 369 2827 2828
f 369 2828 371
f 371 2828 2829
f 371 2829 2830
f 2830 2831 371
f 371 2831 2599
f 2832 2833 1310
f 1310 2833 1311
f 1311 2833 2834
f 1311 2834 1308
f 1308 2834 2835
f 1308 2835 1309
f 1309 2835 2836
f 1309 2836 1312
f 1312 2836 198
f 1312 198 197
f 198 2836 189
f 189 2836 290
f 290 2836 2835
f 290 2835 289
f 289 2835 2834
f 289 2834 2833
f 289 2833 288
f 288 2833 2832
f 288 2832 287
f 287 2832 286
f 286 2832 1310
f 2837 279 1305
f 1305 279 280
f 2838 2839 1300
f 1300 2839 1301
f 1301 2839 2840
f 1301 2840 1302
f 1302 2840 2841
f 1302 2841 1303
f 1303 2841 2842
f 1303 2842 1304
f 1304 2842 2837
f 1304 2837 1305
f 2837 2842 279
f 279 2842 278
f 278 2842 2841
f 278 2841 277
f 277 2841 2840
f 277 2840 276
f 276 2840 2839
f 276 2839 275
f 275 2839 2838
f 275 2838 274
f 274 2838 1300
f 2843 267 1298
f 1298 267 268
f 294 2844 295
f 295 2844 1294
f 1294 2844 2845
f 1294 2845 1295
f 1295 2845 2846
f 1295 2846 1296
f 1296 2846 2847
f 1296 2847 1297
f 1297 2847 2843
f 1297 2843 1298
f 294 263 2844
f 2844 263 264
f 2844 264 2845
f 2845 264 265
f 2845 265 2846
f 2846 265 266
f 2846 266 2847
f 2847 266 2843
f 2843 266 267
f 2849 2848 2850
f 2850 2848 2851
f 2850 2851 2852
f 2852 2851 2854
f 2852 2854 2853
f 2853 2854 2856
f 2853 2856 2855
f 2855 2856 2857
f 2855 2857 2858
f 2858 2857 2859
f 2859 2857 2860
f 2859 2860 2861
f 2861 2860 6830
f 6830 2860 2862
f 2862 2860 2863
f 2862 2863 2864
f 2864 2863 2865
f 2864 2865 2866
f 2864 2866 2867
f 2864 2867 6831
f 6831 2867 2868
f 6831 2868 2870
f 2870 2868 2869
f 2870 2869 2871
f 2870 2871 1361
f 1361 2871 1362
f 1362 2871 2872
f 1362 2872 1363
f 1363 2872 2873
f 1363 2873 1364
f 1364 2873 2874
f 1364 2874 1365
f 1365 2874 1185
f 1185 2874 2875
f 1185 2875 1366
f 1366 2875 1367
f 1367 2875 2876
f 1367 2876 1175
f 1175 2876 2877
f 2877 1169 1175
f 2879 3028 2878
f 2879 2878 7491
f 3028 2879 2880
f 2880 2879 2881
f 2880 2881 2883
f 2883 2881 2882
f 2883 2882 2884
f 2884 2882 2885
f 2881 2886 2882
f 2882 2886 2887
f 2887 2886 2888
f 2888 2889 2887
f 2893 2896 2885
f 2885 2896 2890
f 2885 2890 2884
f 2884 2890 2891
f 2884 2891 2892
f 2896 2893 2894
f 2894 2893 2895
f 7481 2896 2897
f 2897 2896 2898
f 2897 2898 2899
f 2899 2898 2900
f 2899 2900 2903
f 2900 2898 2901
f 2901 2898 2902
f 2903 2900 2904
f 2903 2904 2905
f 2905 2904 2906
f 2905 2906 2907
f 2907 2906 2908
f 2907 2908 2909
f 2907 2909 2910
f 2910 2909 2911
f 2910 2911 2912
f 2912 2911 2913
f 2912 2913 2914
f 2914 2913 2915
f 2914 2915 2916
f 2916 2915 2921
f 2916 2921 2917
f 2917 2921 2922
f 2917 2922 2918
f 2918 2922 2920
f 2918 2920 2919
f 2919 2920 2926
f 2922 2921 2923
f 2922 2923 2924
f 2919 2926 2925
f 2925 2926 7467
f 7467 2926 2927
f 2927 2926 2928
f 2927 2928 2929
f 2929 2928 2930
f 2930 2928 2932
f 2930 2932 2931
f 2931 2932 2933
f 2933 2932 2934
f 2934 2932 2935
f 2934 2935 2936
f 2936 2935 2940
f 2936 2940 2937
f 2937 2940 2938
f 2937 2938 3022
f 3022 2938 2939
f 2938 2940 2941
f 2941 2940 2942
f 2941 2942 2943
f 2943 2942 2944
f 3022 2939 2945
f 2939 2946 2945
f 2945 2946 2947
f 2947 2946 2948
f 2947 2948 2949
f 2949 2948 2950
f 2949 2950 2951
f 2951 2950 2952
f 2951 2952 2954
f 2954 2952 2953
f 2954 2953 2956
f 2954 2956 2955
f 2955 2956 2958
f 2959 2960 2957
f 2957 2960 2961
f 2957 2961 2958
f 2958 2961 2962
f 2958 2962 2955
f 2960 2959 2963
f 2963 2959 2967
f 2963 2967 2966
f 2963 2966 2964
f 2964 2966 2965
f 2965 2966 2971
f 2966 2967 2969
f 2969 2967 2968
f 2969 2968 2970
f 2965 2971 2973
f 2973 2971 2972
f 2973 2972 2974
f 2974 2972 2975
f 2974 2975 2976
f 2975 2972 2978
f 2978 2972 2977
f 2978 2977 2979
f 2978 2979 2980
f 2980 2979 2981
f 2977 2982 2979
f 2979 2982 2983
f 2983 2982 2984
f 2983 2984 2985
f 2985 2984 2986
f 2985 2986 2987
f 2987 2986 2992
f 2984 2988 2986
f 2986 2988 2989
f 2987 2992 2990
f 2990 2992 2991
f 2990 2991 2993
f 2993 2991 2994
f 2993 2994 2995
f 2993 2995 2997
f 2997 2995 2996
f 2997 2996 2998
f 2996 2999 2998
f 2998 2999 3000
f 2998 3000 3014
f 3014 3000 3001
f 3014 3001 3002
f 3014 3002 3003
f 3003 3002 3004
f 3004 3005 3006
f 3006 3005 3008
f 3006 3008 3007
f 3007 3008 3009
f 3007 3009 3010
f 3010 3009 3013
f 3013 3009 3012
f 3013 3012 3011
f 3011 3012 7453
f 3004 3006 3003
f 3014 3015 3016
f 3016 2998 3014
f 2974 2976 3017
f 3018 3019 2964
f 2964 3019 2963
f 2947 3020 2945
f 2945 3020 3021
f 3023 3024 2905
f 2905 3024 2903
f 3025 3026 2899
f 2899 3026 2897
f 7481 2890 2896
f 3027 7488 2883
f 2883 7488 2880
f 2879 7491 3029
f 3029 7491 3030
f 3029 3030 7495
f 7491 3031 3030
f 3030 3031 7492
f 3030 7492 3032
f 7495 7496 3029
f 3029 7496 3033
f 3029 3033 3034
f 3034 3033 3035
f 7498 3036 3034
f 3034 3036 3029
f 3036 7498 3037
f 3037 7498 7499
f 3037 7499 3038
f 3038 7499 3042
f 3038 3042 3039
f 3038 3039 3040
f 3040 3039 3041
f 3039 7501 3041
f 3041 7501 3043
f 3041 3043 3044
f 3044 3043 7502
f 3044 7502 3045
f 3045 7502 7503
f 3045 7503 3047
f 3047 7503 3046
f 3047 3046 7504
f 3047 7504 3048
f 3048 7504 3049
f 3048 3049 3050
f 3050 3049 3051
f 3050 3051 3052
f 3052 3051 3054
f 3054 3051 3053
f 3054 3053 3055
f 3055 3053 7510
f 3055 7510 3056
f 3056 7510 7511
f 3056 7511 3057
f 3057 7511 7512
f 3057 7512 3058
f 3058 7512 7513
f 3058 7513 3061
f 3051 3059 3053
f 3053 3059 3060
f 3058 3061 3062
f 3062 3061 3063
f 3062 3063 7514
f 3062 7514 3064
f 3062 3064 3067
f 3067 3064 3065
f 3065 3066 3067
f 3068 3067 3066
f 3067 3068 5058
f 5058 3068 3069
f 5058 3069 3070
f 5058 3070 5059
f 5059 3070 3071
f 5059 3071 3072
f 3072 3071 3074
f 3074 3071 3073
f 3074 3073 3075
f 3075 3073 7523
f 3069 3076 3070
f 3071 3077 3073
f 3073 3077 3078
f 3075 7523 3079
f 3079 7523 3080
f 3079 3080 3081
f 3081 3080 7525
f 3081 7525 3082
f 7525 3087 3082
f 3082 3087 3083
f 3082 3083 3084
f 3084 3083 3085
f 3083 3087 3086
f 3086 3087 5052
f 5052 3087 3088
f 5052 3088 5053
f 5053 3088 7528
f 5053 7528 3089
f 3089 7528 7529
f 3089 7529 3090
f 3089 3090 3091
f 3089 3091 3092
f 3092 3091 7534
f 3092 7534 3093
f 3093 7534 7536
f 3093 7536 7537
f 3093 7537 3094
f 3093 3094 3095
f 3095 3094 3096
f 3095 3096 7541
f 3094 3097 3096
f 3096 3097 3098
f 3095 7541 3099
f 3095 3099 3100
f 3100 3101 3095
f 3095 3101 3103
f 3103 3101 3102
f 3103 3102 7544
f 3103 7544 3104
f 3104 7544 7546
f 3104 7546 3105
f 3104 3105 3106
f 3106 3105 3108
f 3108 3105 3107
f 3108 3107 3110
f 3110 3107 3109
f 3110 3109 3111
f 3111 3109 3112
f 3111 3112 3113
f 3111 3113 3114
f 3114 3113 3115
f 3114 3115 3116
f 3116 3115 7552
f 3116 7552 5048
f 5048 7552 3117
f 5048 3117 3118
f 3118 3117 3119
f 3119 3117 3120
f 5048 3118 5047
f 5047 3118 7556
f 5047 7556 3121
f 3121 3122 3123
f 3123 3122 3125
f 3125 3122 3124
f 3125 3124 3126
f 3126 3124 3129
f 3126 3129 3127
f 3127 3129 7561
f 3127 7561 3128
f 7561 3130 3128
f 3128 3130 7562
f 7562 7563 3128
f 3128 7563 3131
f 3131 7563 3132
f 3132 7564 3131
f 3131 7564 3133
f 3131 3133 3138
f 3138 3133 7566
f 3138 7566 3134
f 3138 3134 3135
f 3135 3134 3136
f 3137 3138 3135
f 3137 3139 3138
f 3139 3137 7569
f 3139 7569 3140
f 3140 7569 3141
f 3140 3141 3143
f 3143 3141 3142
f 3143 3142 3144
f 3144 3142 3145
f 3144 3145 5044
f 5044 3145 7575
f 5044 7575 3146
f 3146 7575 7576
f 3146 7576 3147
f 3147 7576 3155
f 3147 3155 3148
f 3148 3155 3156
f 3148 3156 3149
f 3149 3156 3150
f 3149 3150 7579
f 3151 7571 3141
f 3141 7571 7572
f 3141 7572 3142
f 3151 3152 7571
f 3142 3153 3154
f 3142 3154 3145
f 7579 3157 3149
f 7580 3158 7579
f 7579 3158 3157
f 3158 7580 3159
f 3159 7580 3160
f 3159 3160 3162
f 3162 3160 3161
f 3162 3161 3163
f 3163 3161 7587
f 3160 3164 3161
f 3161 3164 3165
f 3161 3165 3166
f 7587 7588 3163
f 3163 7588 3167
f 3167 7588 3168
f 3167 3168 7590
f 3167 7590 3169
f 3167 3169 3170
f 3167 3170 3171
f 3171 7595 3167
f 3167 7595 3173
f 3173 7595 3172
f 3173 3172 3174
f 3174 3172 3175
f 3174 3175 3176
f 3176 3175 7599
f 3176 7599 3177
f 3177 7599 3178
f 3177 3178 5043
f 5043 3178 3184
f 5043 3184 3185
f 5043 3185 3179
f 3179 3185 3180
f 3180 3185 3181
f 3180 3181 3182
f 3182 3181 7603
f 7595 3183 3172
f 3182 7603 3187
f 3187 7603 3186
f 3187 3186 3188
f 3188 3186 3189
f 3188 3189 5035
f 5035 3189 3190
f 5035 3190 3191
f 3191 3190 7606
f 3191 7606 3192
f 3189 3186 3193
f 3193 3186 3194
f 3193 3194 3195
f 3192 7606 3196
f 3196 7606 7608
f 7608 3197 3196
f 3197 7608 7609
f 3197 7609 3198
f 7609 3199 3198
f 3198 3199 7611
f 3198 7611 3200
f 7611 3201 3200
f 3200 3201 7613
f 7613 7614 3200
f 3200 7614 3205
f 3205 7614 3202
f 3205 3202 3203
f 3203 3204 3205
f 3205 3204 3206
f 3206 3204 3208
f 3208 3204 3207
f 3208 3207 3209
f 3208 3209 3211
f 3211 3209 3210
f 3211 3210 3212
f 3212 3210 3213
f 3212 3213 5030
f 5030 3213 3214
f 3209 3216 3210
f 3210 3216 3215
f 5030 3214 3217
f 3214 3218 3219
f 3214 3219 5028
f 7622 3219 3218
f 7622 3220 3219
f 3220 7622 3221
f 3220 3221 3222
f 3222 3221 3223
f 3222 3223 3225
f 3225 3223 3224
f 3225 3224 7624
f 3225 7624 3226
f 3226 7624 3227
f 3227 7624 7625
f 3227 7625 5027
f 5027 7625 3228
f 5027 3228 5026
f 5026 3228 3229
f 5026 3229 3230
f 3230 3229 3231
f 3230 3231 3232
f 3230 3232 3233
f 3230 3233 3234
f 3234 3233 3235
f 3236 3237 3235
f 3235 3237 3238
f 3235 3238 3234
f 3234 3238 7632
f 3234 7632 3239
f 3239 7632 3241
f 3237 3236 3240
f 3239 3241 3247
f 3239 3247 3242
f 3242 3247 3243
f 3242 3243 3244
f 3244 3243 3246
f 3244 3246 3245
f 3245 3246 7636
f 7636 7637 3245
f 3245 7637 3248
f 3245 3248 3249
f 3245 3249 3250
f 3250 3249 3251
f 3250 3251 3252
f 3248 7637 3255
f 3248 3255 3253
f 3253 3255 7641
f 3253 7641 3254
f 3256 3257 7641
f 7641 3257 3254
f 7644 3258 3256
f 3256 3258 3257
f 3258 7644 3259
f 3259 7644 3260
f 3259 3260 3262
f 3262 3260 3261
f 3262 3261 3264
f 3264 3261 3263
f 3264 3263 3265
f 3264 3265 3266
f 3266 3265 3267
f 3266 3267 3268
f 3266 3268 5020
f 5020 3268 7650
f 3267 3269 3270
f 3267 3270 3268
f 7650 3271 5020
f 3273 3272 7650
f 7650 3272 3271
f 3272 3273 7652
f 3272 7652 3274
f 3272 3274 3275
f 3275 3274 3276
f 3276 7654 3275
f 3275 7654 3279
f 3279 7654 3277
f 3279 3277 7657
f 3279 7657 3278
f 7659 3280 3278
f 3278 3280 3279
f 3280 7659 7660
f 3280 7660 3281
f 3281 7660 7661
f 3281 7661 3283
f 3283 7661 3282
f 3283 3282 3284
f 3284 3282 3285
f 3284 3285 3287
f 3287 3285 3286
f 3287 3286 3289
f 3289 3286 3288
f 3289 3288 3290
f 3290 3288 3292
f 3290 3292 3291
f 3291 3292 3293
f 3294 3295 3282
f 3282 3295 3285
f 3286 3285 3296
f 3291 3293 3297
f 3297 3293 3298
f 3297 3298 3299
f 3299 3298 3301
f 3299 3301 3300
f 3300 3301 3302
f 3300 3302 3303
f 3303 3302 7672
f 7672 3304 3303
f 3303 3304 3305
f 3305 3304 7674
f 7674 3307 3305
f 3305 3307 7675
f 3305 7675 3306
f 3305 3306 3308
f 3305 3308 3309
f 3305 3309 3311
f 3311 3309 3310
f 3311 3310 3312
f 3311 3312 3313
f 3313 3312 3314
f 3313 3314 5015
f 5015 3314 3316
f 3316 3314 3315
f 3316 3315 3317
f 3316 3317 3318
f 3318 3317 7681
f 7681 3319 3318
f 3319 7681 7683
f 3319 7683 3320
f 3320 7683 3329
f 3320 3329 3321
f 3321 3329 7685
f 3321 7685 3322
f 3322 7685 3323
f 3322 3323 3324
f 3324 3323 7690
f 3324 7690 3325
f 3325 7690 7691
f 3325 7691 3326
f 3326 7691 3327
f 3326 3327 3328
f 3328 3327 7693
f 7690 3323 3330
f 3330 3323 3331
f 3330 3331 3332
f 7693 3333 3328
f 3333 7693 3334
f 3334 7693 7694
f 3334 7694 7695
f 3334 7695 3335
f 3334 3335 3336
f 3336 3335 7696
f 3336 7696 7697
f 3336 7697 3337
f 3336 3337 7700
f 7700 3340 3336
f 3336 3340 3339
f 3339 3340 3338
f 3339 3338 3342
f 3342 3338 7704
f 3340 7702 3341
f 3340 3341 3338
f 7704 7705 3342
f 3342 7705 3343
f 3342 3343 3344
f 3344 3343 3345
f 3346 3347 7705
f 7705 3347 3343
f 3348 3349 3346
f 3346 3349 3351
f 3346 3351 5012
f 3348 3350 3349
f 3349 5011 3351
f 5011 3349 3352
f 5011 3352 5010
f 5010 3352 3353
f 5010 3353 3354
f 3354 3353 3355
f 3354 3355 3356
f 3356 3355 3357
f 3356 3357 5009
f 5009 3357 3358
f 5009 3358 3359
f 3359 3358 3360
f 3360 3358 7711
f 3360 7711 3361
f 3361 7711 5005
f 5005 7711 7712
f 7712 3362 5005
f 5005 3362 3363
f 3363 3362 3364
f 3364 3362 7713
f 3364 7713 3365
f 3365 7713 7715
f 3365 7715 3366
f 3366 7715 7717
f 3366 7717 3367
f 3366 3367 3368
f 3368 3367 3369
f 3369 3370 3368
f 3370 7721 3368
f 3368 7721 3372
f 3372 7721 3371
f 3368 3372 3373
f 3373 3372 7723
f 3373 7723 7724
f 3373 7724 3374
f 3374 7724 3376
f 3374 3376 3375
f 3375 3376 3378
f 3375 3378 3377
f 3377 3378 7727
f 3377 7727 3379
f 3379 7727 3380
f 3379 3380 3381
f 3381 3380 7729
f 3381 7729 3382
f 3381 3382 3383
f 3383 3382 3385
f 3385 3382 3384
f 3385 3384 7731
f 3385 7731 3386
f 3386 7731 3387
f 3387 7731 3388
f 3387 3388 3389
f 3389 3388 7734
f 3389 7734 7735
f 3389 7735 3390
f 3390 7735 3397
f 3390 3397 7737
f 3390 7737 3391
f 3391 7737 7739
f 3391 7739 3392
f 3392 7739 3398
f 3392 3398 3399
f 3392 3399 3393
f 3393 3399 3394
f 3393 3394 7741
f 3395 3396 3388
f 3388 3396 7734
f 3393 7741 3400
f 3393 3400 3401
f 3401 3400 7743
f 7743 7744 3401
f 3401 7744 3403
f 3403 7744 7745
f 3403 7745 3402
f 3403 3402 3404
f 3404 3402 7748
f 3404 7748 3408
f 3404 3408 5001
f 5001 3408 3405
f 5001 3405 3406
f 3406 3405 3407
f 3407 3410 3406
f 3407 3409 3410
f 3409 3407 3411
f 3409 3411 4999
f 4999 3411 3412
f 4999 3412 3413
f 4999 3413 3414
f 3414 3413 3415
f 3415 3413 3416
f 3415 3416 7755
f 3415 7755 3417
f 3417 7755 3418
f 3417 3418 4998
f 4998 3418 3419
f 3419 3421 4998
f 4998 3421 3420
f 3420 3421 4997
f 4997 3421 7759
f 4997 7759 3422
f 3422 7759 3423
f 3423 7759 3424
f 3423 3424 4994
f 4994 3424 7763
f 4994 7763 3425
f 3425 7763 3426
f 3425 3426 3427
f 3427 3426 3428
f 3427 3428 3429
f 3427 3429 3430
f 3430 3429 3431
f 3431 7769 3430
f 3430 7769 3432
f 3430 3432 7770
f 7770 3433 3430
f 3430 3433 3434
f 3430 3434 3435
f 3434 3433 3437
f 3437 3433 3436
f 3430 3435 3439
f 3439 3435 3438
f 3439 3438 3442
f 3442 3438 3440
f 3442 3440 3441
f 3442 3441 3443
f 3443 3441 7779
f 3443 7779 3444
f 3444 7779 3445
f 3444 3445 4993
f 4993 3445 7781
f 3438 3446 3440
f 3440 3446 3447
f 7781 3448 4993
f 3448 7781 7782
f 3448 7782 4992
f 4992 7782 3449
f 3449 7782 7784
f 3449 7784 3450
f 3450 7784 3451
f 3450 3451 4989
f 4989 3451 3452
f 3453 3454 3452
f 3452 3454 3455
f 3452 3455 4988
f 4988 3455 3456
f 3456 3455 3458
f 3458 3455 3457
f 3458 3457 3459
f 3459 3457 3460
f 3459 3460 3464
f 3461 3462 3455
f 3455 3462 3457
f 3461 3463 3462
f 3464 3460 7792
f 3464 7792 7794
f 3464 7794 3465
f 3465 7794 3466
f 3465 3466 3467
f 3467 3468 3469
f 3469 3468 3470
f 3469 3470 3471
f 3471 3470 7800
f 3471 7800 3472
f 3472 3473 3471
f 3471 3473 3476
f 3476 3473 3474
f 3476 3474 3475
f 3476 3475 3477
f 3476 3477 3478
f 3478 3477 3479
f 3479 3477 7806
f 3479 7806 3480
f 3479 3480 3481
f 3482 7803 3474
f 3474 7803 3475
f 3481 3480 3483
f 3480 7809 3483
f 3483 7809 3484
f 3484 7809 7810
f 3484 7810 3485
f 3485 7810 7811
f 3485 7811 3486
f 3486 7811 7814
f 3486 7814 3487
f 3487 7814 3488
f 3488 7814 3489
f 3488 3489 3490
f 3490 3489 3491
f 3490 3491 3492
f 3492 3491 7816
f 3492 7816 3494
f 3494 7816 3493
f 3494 3493 3495
f 3494 3495 3496
f 3496 3495 3497
f 3496 3497 3498
f 3498 3497 3499
f 3499 3497 3500
f 3496 3498 3501
f 3501 3498 3502
f 3501 3502 7822
f 7822 7823 3501
f 3501 7823 3503
f 3501 3503 3504
f 3504 3505 3506
f 3504 3506 7827
f 7828 3507 7827
f 3507 7828 4987
f 4987 7828 3511
f 4987 3511 3508
f 3508 3511 3512
f 3508 3512 3509
f 3509 3512 7831
f 3509 7831 4986
f 4986 7831 3510
f 4986 3510 7832
f 3513 3514 3510
f 3510 3514 7832
f 7833 3515 7832
f 7832 3515 4986
f 3515 7833 4983
f 4983 7833 7834
f 4983 7834 3516
f 3516 7834 7835
f 3516 7835 3518
f 3518 7835 3517
f 3518 3517 3519
f 3519 3517 3520
f 3519 3520 4980
f 4980 3520 3523
f 3521 3522 3517
f 3517 3522 3520
f 3523 3525 4979
f 3526 3524 3523
f 3523 3524 3525
f 3526 3527 3524
f 3524 3527 4976
f 4976 3527 3528
f 3528 3527 3529
f 3528 3529 7841
f 3528 7841 3530
f 3528 3530 3531
f 3531 3530 7844
f 3531 7844 3532
f 3531 3532 3533
f 3533 3532 7847
f 3533 7847 3534
f 3533 3534 3535
f 3535 3534 3536
f 3535 3536 3537
f 3537 3536 3538
f 3537 3538 3540
f 3540 3538 3539
f 3540 3539 3542
f 3542 3539 3541
f 3542 3541 7854
f 3542 7854 4975
f 4975 7854 7855
f 4975 7855 3543
f 3543 7855 3552
f 3543 3552 3544
f 3543 3544 3545
f 3545 3544 3546
f 3545 3546 3547
f 3547 3546 7859
f 3547 7859 3548
f 3548 7859 7860
f 3548 7860 3549
f 3549 7860 7862
f 3549 7862 7863
f 3539 3538 3550
f 3550 3538 3551
f 3549 7863 3554
f 3554 7863 3553
f 3554 3553 3555
f 3554 3555 3556
f 3556 3555 4974
f 4974 3555 7866
f 4974 7866 3557
f 3557 7866 3558
f 3557 3558 3559
f 3559 3558 3560
f 3559 3560 3561
f 3559 3562 3563
f 3559 3563 3557
f 3562 3564 3563
f 3563 3564 3565
f 3565 3566 3567
f 3565 3567 3563
f 3563 3567 3568
f 3568 3567 7874
f 3568 7874 3569
f 3569 7874 3571
f 3571 7874 3570
f 3571 3570 4972
f 4972 3570 3577
f 4972 3577 3572
f 3572 3577 3573
f 3572 3573 3575
f 3575 3573 7878
f 3575 7878 3574
f 3575 3574 4969
f 4969 3574 3576
f 4969 3576 4970
f 4970 3576 3578
f 3578 3579 4970
f 7883 3580 3578
f 3578 3580 3579
f 3580 7883 3581
f 3581 7883 7884
f 3581 7884 3582
f 3582 7884 7886
f 3582 7886 3584
f 3584 7886 3583
f 3584 3583 3585
f 3585 3583 3595
f 3585 3595 3586
f 3586 3595 3587
f 3586 3587 3588
f 3588 3587 3589
f 3589 3587 7889
f 3589 7889 7890
f 3589 7890 3591
f 3591 7890 3590
f 3591 3590 3592
f 3593 3594 3583
f 3583 3594 3595
f 3592 3596 3591
f 3591 3596 3597
f 3599 7893 3597
f 3597 7893 7894
f 3597 7894 3598
f 3600 3601 3598
f 3598 3601 3591
f 3601 3600 3602
f 3601 3602 3603
f 3603 3602 7898
f 3603 7898 3604
f 3604 7898 7899
f 3604 7899 3605
f 3605 7899 3606
f 3606 3607 3605
f 3605 3607 3608
f 3608 3607 7901
f 3608 7901 3609
f 3609 7901 7902
f 3609 7902 3610
f 3609 3610 3612
f 3612 3610 3611
f 3612 3611 3613
f 3613 3611 7904
f 3613 7904 3614
f 3614 7904 3615
f 3610 3616 3611
f 3611 3616 3617
f 3615 3618 3619
f 3615 3619 3614
f 3620 3621 3618
f 3621 3620 3630
f 3621 3630 4960
f 4960 3630 3622
f 3622 3630 7908
f 3622 7908 3623
f 3623 7908 3624
f 3623 3624 3625
f 3625 3624 3626
f 3625 3626 3627
f 3627 3626 7911
f 3627 7911 7912
f 3627 7912 3628
f 3628 7912 3629
f 3628 3629 3631
f 3631 3632 3633
f 3631 3633 3628
f 3632 3631 3634
f 3634 3631 3635
f 3634 3635 3636
f 3636 3635 3637
f 3633 3632 3638
f 3633 3638 3639
f 3633 3639 4959
f 4959 3639 3640
f 3641 4959 3640
f 3641 3642 3643
f 3642 3644 3643
f 3643 3644 3645
f 3645 3644 3646
f 3645 3646 3647
f 3647 3646 7924
f 3647 7924 3648
f 3648 7924 3650
f 3650 7924 3649
f 3650 3649 3651
f 3650 3651 3652
f 3652 3651 3653
f 3653 3651 3654
f 3653 3654 3656
f 3656 3654 3655
f 3656 3655 3657
f 3657 3655 3658
f 3658 3655 3666
f 3658 3666 3659
f 3659 3666 3667
f 3659 3667 3660
f 3660 3667 3661
f 3660 3661 3662
f 3662 3661 7932
f 3662 7932 3663
f 3663 7932 3664
f 3663 3664 7933
f 3663 7933 3668
f 3668 7933 3665
f 3668 3665 7935
f 3668 7935 3669
f 3669 7935 7936
f 7936 7937 3669
f 3669 7937 3672
f 3672 7937 3670
f 3670 3671 3672
f 3672 3671 3673
f 3673 3671 3674
f 3674 3675 3673
f 3673 3675 3677
f 3673 3677 3676
f 3676 3677 3679
f 3679 3677 3678
f 3675 3680 3677
f 3677 3680 3681
f 3681 3680 7942
f 3681 7942 7943
f 3681 7943 3682
f 3682 7943 3683
f 3682 3683 4956
f 4956 3683 7947
f 7947 3685 4956
f 3684 3685 7947
f 3686 3687 3684
f 3684 3687 3688
f 3684 3688 3689
f 3689 3688 3690
f 3689 3690 3691
f 3691 3690 3692
f 3688 7949 3690
f 3690 7949 3693
f 3693 7949 4955
f 4955 7949 3694
f 4955 3694 4954
f 4954 3694 7952
f 4954 7952 3695
f 3695 7952 7953
f 3695 7953 3696
f 3696 7953 3699
f 3697 3698 3694
f 3694 3698 7952
f 3696 3699 3700
f 3696 3700 3702
f 3702 3700 3701
f 3702 3701 7957
f 7957 3705 3702
f 3702 3705 3703
f 3703 3705 3704
f 3703 3704 7959
f 7959 7961 3703
f 3703 7961 3706
f 3703 3706 3707
f 3703 3707 3708
f 3703 3708 3710
f 3710 3708 3709
f 7963 3710 3709
f 7963 3711 3710
f 3711 7963 7964
f 3711 7964 3712
f 3712 7964 7966
f 3712 7966 3713
f 3713 7966 7967
f 3713 7967 3715
f 3715 7967 3714
f 3715 3714 3716
f 3715 3716 3717
f 3717 3716 3719
f 3719 3716 3718
f 3719 3718 3720
f 3720 3718 7970
f 3720 7970 3721
f 3721 7970 3722
f 3721 3722 7972
f 3721 7972 4952
f 4952 7972 7973
f 3723 3724 3714
f 3714 3724 3725
f 3714 3725 3716
f 4952 7973 3726
f 3726 7973 3735
f 3726 3735 3727
f 3727 3735 3728
f 3727 3728 3729
f 3729 3728 7978
f 3729 7978 3730
f 3729 3730 3731
f 3731 3730 3732
f 3731 3732 3733
f 3733 3732 7979
f 3733 7979 3734
f 3732 3730 3736
f 3736 3730 3737
f 3736 3737 3738
f 3733 3734 3739
f 3733 3739 3744
f 3744 3739 3740
f 3744 3740 3741
f 3741 3740 3742
f 3741 3742 3743
f 3744 3741 3745
f 3744 3745 7983
f 3744 7983 3746
f 3746 7983 7984
f 3746 7984 7986
f 7986 7987 3746
f 3746 7987 3747
f 3747 7987 3748
f 3747 3748 7988
f 3747 7988 3749
f 3749 7988 3750
f 3750 7988 7989
f 3750 7989 3751
f 3751 7989 7990
f 3751 7990 3753
f 3753 7990 3752
f 3753 3752 3754
f 3753 3754 4947
f 4947 3754 3755
f 4947 3755 4948
f 4948 3755 3756
f 3756 3755 3757
f 3756 3757 3758
f 3758 3757 3759
f 3755 3754 3760
f 3760 3754 3761
f 3760 3761 3762
f 3762 3761 3763
f 3758 3759 3764
f 3764 3759 7995
f 3764 7995 3771
f 3764 3771 3765
f 3765 3771 3766
f 3766 3771 7997
f 3766 7997 3772
f 3766 3772 3767
f 3767 3772 7998
f 3767 7998 3769
f 3769 7998 3768
f 3769 3768 3770
f 3770 3768 8001
f 3770 8001 8002
f 3770 8002 8003
f 3770 8003 3773
f 3773 8003 3774
f 3773 3774 8006
f 3773 8006 8007
f 3773 8007 3775
f 3775 3776 3773
f 3773 3776 8009
f 3773 8009 3777
f 3777 8009 8010
f 3777 8010 8012
f 3777 8012 3778
f 3778 8012 8013
f 3778 8013 3779
f 3779 8013 8014
f 3779 8014 8015
f 3779 8015 3780
f 3780 8015 3781
f 3781 8015 3783
f 3781 3783 3782
f 3782 3783 3784
f 3784 3783 3785
f 3785 3783 3786
f 3786 8020 3785
f 3785 8020 3787
f 3787 8020 3788
f 3787 3788 3789
f 3789 3788 8021
f 3789 8021 3790
f 3789 3790 3791
f 3791 3790 3792
f 3790 8021 3794
f 3794 8021 3793
f 3794 3793 3796
f 3796 3793 3795
f 3796 3795 3797
f 3796 3797 3798
f 3798 3797 3799
f 3798 3799 4942
f 4942 3799 3800
f 4942 3800 3801
f 4942 3801 3802
f 3802 3801 3803
f 3803 3801 3804
f 3803 3804 3805
f 3805 3804 3806
f 3803 8026 3802
f 3802 8026 3807
f 3807 8026 8027
f 3807 8027 3808
f 3807 3808 8028
f 3807 8028 3809
f 3809 8028 8029
f 8029 8031 3809
f 3809 8031 3810
f 3809 3810 8032
f 8033 3820 8032
f 8032 3820 3811
f 8032 3811 4941
f 4941 3811 3812
f 3812 3811 3813
f 3813 3811 8036
f 3813 8036 3814
f 3814 8036 3815
f 3814 3815 3816
f 3816 3815 8038
f 3816 8038 3817
f 3817 8038 8040
f 3817 8040 3818
f 3817 3818 4940
f 4940 3818 3819
f 4940 3819 3821
f 3821 3819 3830
f 3821 3830 3823
f 3823 3830 3822
f 3823 3822 8045
f 3823 8045 3824
f 3824 8045 3825
f 3825 8045 8046
f 3825 8046 3826
f 3826 8046 8048
f 3826 8048 3828
f 3828 8048 3827
f 3828 3827 3829
f 3829 3827 8049
f 3829 8049 3831
f 3831 8049 3832
f 3831 3832 3833
f 3833 3832 3834
f 3833 3834 3835
f 3835 3834 3836
f 3835 3836 3837
f 3837 3836 3838
f 3837 3838 3839
f 3839 3838 3840
f 3840 3838 3841
f 3836 3834 3842
f 3842 3834 3843
f 3837 3839 3844
f 3837 3844 3845
f 3845 3844 3846
f 3846 3844 3847
f 3846 3847 3848
f 3848 3847 3849
f 3851 3850 3845
f 3850 3851 4936
f 4936 3851 3852
f 4936 3852 4937
f 4937 3852 8060
f 8060 3853 4937
f 3853 8060 3854
f 3854 8060 3855
f 3854 3855 3856
f 3854 3856 3857
f 3857 3856 3858
f 3857 3858 3859
f 3859 3858 3860
f 3859 3860 3861
f 3855 3862 3856
f 3856 3862 3864
f 3864 3862 3863
f 3864 3863 3865
f 3864 3865 3866
f 3866 3865 3867
f 3866 3867 4935
f 4935 3867 8067
f 8067 3868 4935
f 3868 8067 3869
f 3868 3869 3870
f 3870 3869 3871
f 3870 3871 3872
f 3872 3871 3873
f 3872 3873 3874
f 3874 3873 8073
f 3874 8073 3875
f 3874 3875 4933
f 4933 3875 3876
f 4933 3876 3877
f 3877 3876 3878
f 3878 3876 3882
f 3878 3882 3879
f 3876 3875 3881
f 3881 3875 3880
f 3882 8077 3879
f 3879 8077 8078
f 3879 8078 3883
f 3883 8078 8080
f 8080 8078 3884
f 3879 3883 3885
f 3885 3883 3886
f 3885 3886 3887
f 3887 3886 8083
f 8083 8084 3887
f 3887 8084 8085
f 3887 8085 3888
f 3887 3888 3889
f 3889 3888 4931
f 4931 3888 8086
f 8088 3890 8086
f 8086 3890 4931
f 3890 8088 3892
f 3892 8088 3891
f 3892 3891 3893
f 3893 3891 3899
f 3893 3899 8090
f 3893 8090 3895
f 3895 8090 3894
f 3895 3894 4930
f 4930 3894 8092
f 4930 8092 3896
f 4930 3896 3897
f 3897 3896 8095
f 3897 8095 8096
f 3897 8096 3898
f 3898 8096 8098
f 3898 8098 4929
f 4929 8098 3900
f 4929 3900 3901
f 3901 3900 3902
f 3901 3902 3903
f 3901 3903 3904
f 3904 3903 8101
f 3904 8101 3905
f 3905 8101 8103
f 3905 8103 8104
f 3905 8104 3906
f 3906 8104 8105
f 3906 8105 8106
f 3906 8106 8107
f 8107 8108 3906
f 3906 8108 3907
f 3907 3908 3906
f 3906 3908 3909
f 3909 3908 8111
f 3910 3909 8111
f 3911 3910 3912
f 3911 3912 3913
f 3913 3912 3914
f 3910 3915 3912
f 3912 3915 3916
f 3916 3915 3917
f 3917 3915 3918
f 3917 3918 3919
f 3919 3918 8116
f 3919 8116 3920
f 3920 8116 3921
f 3920 3921 4925
f 4925 3921 3922
f 3918 3915 3923
f 3923 3915 3924
f 8118 3925 3922
f 3922 3925 4925
f 3926 3927 8118
f 8118 3927 3925
f 8119 3928 3926
f 3926 3928 3927
f 3928 8119 3930
f 3928 3930 3929
f 3929 3930 3931
f 3931 3930 3932
f 3931 3932 3933
f 3933 3932 3934
f 3934 3932 3941
f 3934 3941 4924
f 4924 3941 3935
f 4924 3935 3936
f 3936 3935 3937
f 3937 3935 8123
f 3937 8123 3938
f 3938 8123 8124
f 3938 8124 3939
f 3939 8124 8125
f 3939 8125 3940
f 3939 3940 8126
f 3939 8126 3942
f 3939 3942 8129
f 3939 8129 3943
f 3943 8129 8130
f 8130 3945 3943
f 3943 3945 3944
f 3944 3945 3946
f 3944 3946 3947
f 3944 3947 8134
f 3944 8134 3948
f 3948 8134 8135
f 3948 8135 3949
f 3948 3949 3950
f 3950 3949 3951
f 3950 3951 4921
f 4921 3951 3952
f 3952 3951 8139
f 3952 8139 3953
f 3952 3953 3955
f 3955 3953 3954
f 3955 3954 3956
f 3955 3956 3957
f 3957 3956 3958
f 3957 3958 3959
f 3959 3958 8143
f 3959 8143 3960
f 3960 8143 3961
f 3961 8143 8144
f 3949 3962 3963
f 3949 3963 3951
f 3964 3965 3953
f 3953 3965 3954
f 3966 3967 3958
f 3958 3967 8143
f 3961 8144 3968
f 8144 8146 3968
f 3968 8146 3969
f 3969 8146 3970
f 3969 3970 8149
f 3969 8149 4914
f 4914 8149 8150
f 4914 8150 3972
f 3972 8150 3971
f 3973 4913 3971
f 3971 4913 3972
f 3974 3975 3973
f 3973 3975 3976
f 3973 3976 3977
f 3977 3976 3978
f 3979 3980 3978
f 3978 3980 3981
f 3978 3981 3977
f 3979 3982 3980
f 3980 3982 3983
f 3980 3984 3981
f 3981 3984 3985
f 3985 3986 3981
f 3981 3986 3987
f 3987 3986 3988
f 3987 3988 3989
f 3989 3988 8162
f 3989 8162 3990
f 3990 8162 3991
f 3990 3991 3992
f 3992 3991 3993
f 3993 3991 8164
f 3993 8164 8165
f 3993 8165 3994
f 3994 8165 8167
f 3994 8167 3995
f 3995 8167 3996
f 3995 3996 4004
f 3995 4004 3998
f 3998 4004 3997
f 3998 3997 3999
f 3999 3997 4000
f 3999 4000 4001
f 4001 4000 4002
f 4003 8163 3991
f 3991 8163 8164
f 4005 4006 4000
f 4000 4006 4909
f 4000 4909 4002
f 4006 4005 4007
f 4007 4005 4008
f 4007 4009 4006
f 4006 4009 4010
f 8174 4012 4006
f 4006 4012 4011
f 4012 8174 4013
f 4013 8174 8175
f 4013 8175 4014
f 4014 8175 8176
f 4014 8176 4015
f 4014 4015 8178
f 8178 8179 4014
f 4014 8179 4016
f 4016 8179 4017
f 4016 4017 4018
f 4016 4018 4020
f 4020 4018 4029
f 4020 4029 4019
f 4020 4019 4022
f 4022 4019 4021
f 4022 4021 4907
f 4907 4021 4023
f 4907 4023 4024
f 4024 4023 4025
f 4024 4025 4026
f 4026 4025 4027
f 4026 4027 4028
f 4028 4027 8186
f 4028 8186 8187
f 4030 4031 4023
f 4023 4031 4025
f 4025 4032 4027
f 4027 4032 4033
f 4028 8187 4904
f 4904 8187 8188
f 4904 8188 4034
f 4034 8188 4047
f 4034 4047 4035
f 4035 4047 4037
f 4035 4037 4036
f 4036 4037 4038
f 4038 4037 4039
f 4039 4037 4040
f 4039 4040 4041
f 4041 4040 8192
f 4041 8192 4042
f 4042 8192 4043
f 4042 4043 4044
f 4044 4043 4045
f 4045 4043 8195
f 4045 8195 4046
f 4046 8195 8196
f 4046 8196 4051
f 4037 4047 4048
f 4040 4037 4050
f 4050 4037 4049
f 4051 4052 4053
f 4053 4052 4054
f 4053 4054 8200
f 4053 8200 8201
f 8201 4055 4053
f 4053 4055 4056
f 4053 4056 4899
f 4899 4056 4057
f 4057 4058 4899
f 4899 4058 4059
f 4059 4058 8204
f 4059 8204 8205
f 4059 8205 4060
f 4060 8205 8208
f 4060 8208 4062
f 4062 8208 4061
f 4062 4061 4064
f 4064 4061 4063
f 4064 4063 8211
f 4064 8211 4065
f 4065 8211 4066
f 4066 8211 4067
f 4069 4068 4067
f 4067 4068 4066
f 4069 4070 4068
f 4071 4076 4069
f 4069 4076 8216
f 4069 8216 4070
f 4070 8216 4072
f 4070 4072 4073
f 4073 4072 4074
f 4073 4074 4075
f 4072 8216 4078
f 4078 8216 4077
f 4078 4077 4079
f 4078 4079 4080
f 4080 4079 8219
f 4080 8219 4081
f 4081 8219 8220
f 4082 4083 4077
f 4077 4083 4079
f 8221 4084 8220
f 8220 4084 4081
f 4084 8221 4085
f 8221 4086 4085
f 4085 4086 8223
f 4085 8223 4087
f 4087 8223 4088
f 4087 4088 4089
f 4087 4089 4092
f 4092 4089 4090
f 4092 4090 4091
f 4092 4091 4093
f 4093 4091 4094
f 4093 4094 4095
f 4093 4095 4096
f 4096 4095 4097
f 4096 4097 4099
f 4099 4097 4098
f 4099 4098 4895
f 4895 4098 4100
f 4895 4100 4101
f 4101 4100 4102
f 4101 4102 4103
f 4103 4102 4105
f 4105 4102 4104
f 4105 4104 4106
f 4105 4106 4109
f 4109 4106 4107
f 4109 4107 4108
f 4109 4108 4110
f 4110 4108 4111
f 4110 4111 4112
f 4112 4111 4113
f 4112 4113 4114
f 4114 4113 4115
f 4114 4115 4116
f 4116 4115 8244
f 4116 8244 4117
f 4117 8244 4118
f 4118 8244 4119
f 4090 4089 4120
f 4120 4089 4121
f 4095 4122 4097
f 4097 4122 4123
f 4100 4098 4124
f 4124 4098 4125
f 4107 4126 4108
f 4108 4126 4127
f 4111 8239 4113
f 4113 8239 4128
f 4119 8246 4118
f 4118 8246 4129
f 4118 4129 4130
f 4130 4129 4131
f 4130 4131 8247
f 4130 8247 4132
f 4130 4132 4133
f 4133 4134 4130
f 4130 4134 4136
f 4136 4134 4135
f 4136 4135 4893
f 4893 4135 4137
f 4893 4137 8254
f 4135 4138 4137
f 4137 4138 4139
f 4893 8254 4140
f 4140 8254 4141
f 4141 8254 8255
f 4141 8255 4142
f 4142 8255 4143
f 4143 4144 4142
f 4142 4144 4145
f 4145 4144 4147
f 4147 4144 4146
f 4147 4146 4148
f 4148 4146 8259
f 4148 8259 4149
f 4149 8259 4150
f 4149 4150 4151
f 4151 4150 4152
f 4151 4152 4886
f 4886 4152 4153
f 4886 4153 4154
f 4154 4153 4155
f 4154 4155 4156
f 4156 4155 4157
f 4156 4157 4158
f 4158 4157 8266
f 4158 8266 4882
f 4159 4160 4152
f 4152 4160 4153
f 8266 4161 4882
f 4882 4161 4162
f 4162 4161 4165
f 4165 4161 4163
f 4165 4163 4164
f 4165 4164 4166
f 4164 4167 4166
f 4166 4167 8269
f 4166 8269 8270
f 4166 8270 4168
f 8270 8273 4168
f 4168 8273 8274
f 8274 8275 4168
f 4168 8275 4169
f 4169 8275 8276
f 4169 8276 4170
f 4169 4170 4172
f 4172 4170 4171
f 4172 4171 8279
f 4172 8279 4881
f 4881 8279 4174
f 4881 4174 4173
f 4173 4174 4175
f 4175 4174 4176
f 4175 4176 4880
f 4880 4176 8284
f 4170 4177 4171
f 4171 4177 4178
f 4880 8284 4179
f 4179 8284 4180
f 4179 4180 4182
f 4182 4180 4181
f 4182 4181 4183
f 4182 4183 4184
f 4184 4183 8287
f 4184 8287 4185
f 4185 8287 8288
f 4185 8288 4186
f 4186 8288 8289
f 4186 8289 4188
f 4188 8289 4187
f 4188 4187 4192
f 4188 4192 4189
f 4189 4192 4190
f 4189 4190 4191
f 4193 4196 4192
f 4192 4196 4190
f 4194 4195 4193
f 4193 4195 4196
f 4197 4198 4194
f 4194 4198 4199
f 4200 4201 4199
f 4199 4201 4195
f 4199 4195 4194
f 4201 4200 4202
f 4202 4203 4201
f 4201 4203 4204
f 4205 4206 4204
f 4204 4206 8300
f 4204 8300 4201
f 4201 8300 4207
f 4207 8300 4208
f 4208 8300 8301
f 4208 8301 4209
f 4209 8301 8302
f 4209 8302 4210
f 4210 8302 4211
f 4211 4212 4210
f 4210 4212 4213
f 4213 4212 4214
f 4214 4212 4215
f 4214 4215 4874
f 4874 4215 4216
f 4216 4215 8305
f 4216 8305 4217
f 4212 4218 4219
f 4212 4219 4215
f 4216 4217 4220
f 4220 4217 8307
f 4220 8307 4221
f 4221 8307 8308
f 4221 8308 4222
f 4222 8308 4223
f 4222 4223 4224
f 4224 4223 8310
f 4224 8310 4225
f 4225 8310 8311
f 4225 8311 4226
f 4226 8311 4227
f 4226 4227 4229
f 4229 4227 4228
f 4229 4228 4230
f 4230 4228 4231
f 4227 4232 4228
f 4228 4232 4234
f 4234 4232 4233
f 4234 4233 4235
f 4235 4233 8317
f 4235 8317 4236
f 4235 4236 4237
f 4237 8318 4235
f 4235 8318 4238
f 4238 8318 4239
f 4238 4239 4240
f 4238 4240 4241
f 4241 4240 8320
f 4241 8320 8322
f 4241 8322 8323
f 4241 8323 8324
f 4241 8324 4242
f 4242 8324 8325
f 4242 8325 4243
f 4243 8325 4244
f 4243 4244 8327
f 4243 8327 4245
f 4245 8327 4246
f 4245 4246 4247
f 4247 4246 4249
f 4247 4249 4248
f 4248 4249 4254
f 4248 4254 4250
f 4250 4254 4252
f 4252 4254 4251
f 4252 4251 4253
f 4253 4251 8330
f 4253 8330 8331
f 4253 8331 4255
f 4255 8331 4257
f 4255 4257 4256
f 4256 4257 4258
f 4256 4258 4259
f 4258 4260 4259
f 4259 4260 8336
f 8336 4261 4259
f 8336 4262 4261
f 4261 4262 4263
f 4263 4262 4264
f 4263 4264 4265
f 4265 4264 4266
f 4265 4266 4268
f 4265 4268 4267
f 4265 4267 4269
f 4269 4267 4270
f 4269 4270 4271
f 4271 4270 4272
f 4271 4272 4273
f 4271 4274 4269
f 4269 4274 4275
f 4269 4275 4276
f 4276 4275 8343
f 4276 8343 4277
f 4276 4277 4279
f 4279 4277 4278
f 4279 4278 4280
f 4280 4278 4281
f 4280 4281 4282
f 4282 4281 4283
f 4282 4283 4284
f 4284 4283 4865
f 4865 4283 8347
f 4274 4285 4286
f 4274 4286 4275
f 4278 4277 4287
f 4287 4277 4288
f 8347 4289 4865
f 8348 4289 8347
f 8348 4290 4289
f 4290 8348 4292
f 4292 8348 4291
f 4292 4291 4293
f 4293 4291 4294
f 4293 4294 4295
f 4295 4294 4296
f 4296 4294 4297
f 4296 4297 4864
f 4291 4298 4294
f 4294 4298 4299
f 4864 4297 8350
f 4864 8350 4300
f 4300 8350 8351
f 4300 8351 4301
f 4300 4301 8352
f 4300 8352 4302
f 4302 8352 8353
f 4302 8353 4303
f 4303 8353 4304
f 4304 8353 4305
f 4304 4305 4306
f 4306 4305 8357
f 8357 8360 4306
f 4306 8360 4307
f 4307 8360 8362
f 4307 8362 4308
f 4307 4308 4863
f 4863 4308 8363
f 8363 4309 4863
f 4863 4309 4310
f 4863 4310 4311
f 4311 4310 4312
f 4311 4312 4862
f 4310 4309 4313
f 4313 4309 4314
f 4862 4312 4315
f 4315 4312 8366
f 4316 4861 8366
f 8366 4861 4315
f 4316 4317 4861
f 4318 4317 4316
f 4319 8369 4318
f 4318 8369 4320
f 4318 4320 4321
f 4321 4320 4322
f 4321 4322 4323
f 4319 4324 4325
f 4319 4325 8369
f 8371 4326 8369
f 8372 4327 8371
f 8371 4327 4328
f 8371 4328 4326
f 8372 4329 4327
f 4328 4327 4330
f 4330 4327 4331
f 4330 4331 4333
f 4333 4331 4332
f 4331 8375 4332
f 4332 8375 4334
f 4334 8375 4335
f 4334 4335 4336
f 4336 4335 8377
f 4336 8377 4337
f 4337 8377 8378
f 4337 8378 4338
f 4338 8378 8379
f 4338 8379 4339
f 4342 8385 4339
f 4339 8385 4340
f 4339 4340 4338
f 8385 4342 4341
f 4341 4342 4343
f 4341 4344 8385
f 8385 4345 4340
f 4340 4345 8386
f 8386 4346 4340
f 4340 4346 4347
f 4340 4347 4348
f 4348 4347 8389
f 4348 8389 4350
f 4350 8389 4349
f 4350 4349 4351
f 4351 4349 8392
f 4351 8392 4353
f 4353 8392 4352
f 4353 4352 4355
f 4355 4352 4354
f 4355 4354 8395
f 4355 8395 8396
f 4355 8396 4356
f 4356 8396 8397
f 4356 8397 4358
f 4358 8397 4357
f 4358 4357 4362
f 4358 4362 4359
f 4359 4362 8399
f 4359 8399 4360
f 4360 8399 4361
f 4361 4364 4360
f 4360 4364 4363
f 4363 4364 8402
f 4363 8402 4365
f 4366 4367 4365
f 4365 4367 4368
f 4365 4368 8404
f 8404 4370 4849
f 4369 4370 8404
f 4371 4372 4369
f 4369 4372 4373
f 8409 4847 4373
f 8408 4375 8409
f 8409 4375 4374
f 8409 4374 4847
f 4375 8408 8411
f 8411 4376 4375
f 4375 4376 4377
f 4377 4376 8412
f 8412 8413 4377
f 4377 8413 4379
f 4379 8413 4378
f 4379 4378 4380
f 4379 4380 4381
f 4381 4380 4382
f 4381 4382 4383
f 4383 4382 4384
f 4383 4384 4385
f 4385 4384 8415
f 4385 8415 4387
f 4387 8415 4386
f 4387 4386 4390
f 4390 4386 4388
f 4390 4388 4389
f 4390 4389 4391
f 4391 4389 8420
f 4392 4380 4378
f 4393 4394 4386
f 4386 4394 4388
f 8420 4401 4391
f 4391 4401 4395
f 4391 4395 4396
f 4396 4395 4397
f 4396 4397 4398
f 4398 4397 4399
f 4398 4399 4400
f 4395 4401 4402
f 4402 4401 8423
f 4402 8423 8424
f 4402 8424 4403
f 4403 8424 4404
f 4403 4404 4405
f 4405 4404 4407
f 4407 4404 4406
f 4407 4406 4408
f 4408 4406 4409
f 4408 4409 4410
f 4410 4409 4411
f 4410 4411 4412
f 4412 4411 4413
f 4412 4413 4414
f 4414 4413 8429
f 4414 8429 4415
f 4406 4404 4416
f 4416 4404 4417
f 4416 4417 4418
f 4415 8432 4414
f 4414 8432 4419
f 4419 8432 8434
f 4419 8434 4420
f 4419 4420 4421
f 4421 4420 4422
f 4422 4420 4423
f 4419 4421 4424
f 4419 4424 4425
f 4425 4424 8436
f 4425 8436 4426
f 4425 4426 4427
f 4427 4426 4428
f 4428 4426 8438
f 4428 8438 4429
f 4429 8438 8439
f 4429 8439 4430
f 4430 8439 4431
f 4431 8439 8440
f 4431 8440 4432
f 4432 8440 4433
f 4432 4433 4846
f 4846 4433 4434
f 4434 8441 4846
f 4846 8441 4435
f 4435 8441 4436
f 4436 8441 4437
f 4436 4437 4438
f 4438 4437 4439
f 4439 4437 4440
f 4436 4438 4843
f 4843 4438 4442
f 4442 4438 4441
f 4442 4441 4445
f 4442 4445 4443
f 4443 4445 4444
f 4444 4445 4446
f 4446 4445 8446
f 4446 8446 8447
f 4447 4839 8447
f 8447 4839 4446
f 4449 4448 4447
f 4447 4448 4451
f 4448 4449 4450
f 4451 4448 8450
f 4451 8450 4452
f 4452 8450 8451
f 4452 8451 4453
f 4452 4453 4454
f 4454 4453 8453
f 4454 8453 8454
f 4454 8454 4479
f 4454 4479 4455
f 4455 4479 4456
f 4456 4479 4457
f 4456 4457 4458
f 4458 4457 8456
f 4458 8456 8457
f 4458 8457 4460
f 4460 8457 4459
f 4460 4459 4461
f 4461 4459 8459
f 4461 8459 4838
f 4838 8459 4462
f 4838 4462 4464
f 4838 4464 4463
f 4463 4464 8462
f 4463 8462 4465
f 4465 8462 8464
f 4465 8464 4466
f 4466 8464 4467
f 4466 4467 4469
f 4469 4467 4468
f 4469 4468 4471
f 4471 4468 4470
f 4471 4470 4473
f 4473 4470 4472
f 4473 4472 4474
f 4474 4472 4475
f 4474 4475 4837
f 4837 4475 4476
f 4837 4476 4478
f 4478 4476 4477
f 4478 4477 8473
f 8459 4480 4462
f 4462 4480 4481
f 4462 4481 4482
f 4483 4484 4467
f 4467 4484 4468
f 4470 4485 4472
f 4472 4485 4486
f 4476 4487 4477
f 4477 4487 4488
f 4478 8473 4489
f 4478 4489 4490
f 4490 4489 8476
f 4490 8476 4491
f 4490 4491 8479
f 4490 8479 4492
f 4492 4493 4490
f 4490 4493 4494
f 4490 4494 4496
f 4496 4494 8482
f 4496 8482 4495
f 4496 4495 4497
f 4497 4495 8483
f 4497 8483 4498
f 4498 8483 4499
f 4499 8485 4498
f 4498 8485 4500
f 4500 8485 8486
f 8486 4501 4500
f 4500 4501 4502
f 4500 4502 4503
f 4503 4502 4504
f 4503 4504 4505
f 4505 4504 4506
f 4502 4501 8488
f 4502 8488 4507
f 4507 8488 4508
f 4507 4508 4509
f 4507 4509 4833
f 4833 4509 4510
f 4833 4510 4511
f 4511 4510 8492
f 4511 8492 4512
f 4512 8492 8493
f 4512 8493 4513
f 4512 4513 4514
f 4514 4513 4516
f 4516 4513 4515
f 4516 4515 4519
f 4519 4515 8497
f 4513 4517 4515
f 4515 4517 4518
f 4519 8497 4521
f 4519 4521 4520
f 4520 4521 4522
f 8497 8498 4521
f 4521 8498 4524
f 4524 8498 4523
f 4524 4523 4526
f 4523 4525 4526
f 4526 4525 8500
f 4526 8500 8501
f 4526 8501 8502
f 8502 8503 4526
f 4526 8503 4527
f 4527 8503 8504
f 8504 4528 4527
f 4527 4528 4832
f 4528 4529 4832
f 4832 4529 4530
f 4832 4530 4534
f 4832 4534 4531
f 4531 4534 8510
f 4531 8510 4532
f 4534 4530 4533
f 4532 8510 4535
f 4535 8510 8511
f 4535 8511 4536
f 4536 8511 4537
f 4536 4537 4538
f 4538 4537 8514
f 4538 8514 4539
f 4539 8514 4549
f 4539 4549 4540
f 4540 4549 4550
f 4540 4550 4541
f 4541 4550 4542
f 4541 4542 8517
f 4541 8517 4543
f 4543 8517 8518
f 4543 8518 4544
f 4544 8518 4545
f 8514 4537 4546
f 4546 4537 4547
f 4546 4547 4548
f 4544 4545 4551
f 4551 4545 8521
f 4551 8521 4552
f 4552 8521 4553
f 4552 4553 4825
f 4825 4553 4554
f 4554 4553 8522
f 8522 8523 4554
f 4554 8523 4555
f 4555 8523 8525
f 4555 8525 4556
f 4555 4556 4557
f 4557 4556 8527
f 4557 8527 4558
f 4558 4559 4557
f 4557 4559 4560
f 4560 4563 4557
f 4557 4563 4564
f 4557 4564 4561
f 4561 4564 4562
f 4561 4562 4565
f 4565 4562 8533
f 4565 8533 4566
f 4565 4566 4567
f 4567 4566 4568
f 8533 8535 4566
f 4566 8535 4569
f 4569 8535 4570
f 4569 4570 4571
f 4571 4570 8536
f 4571 8536 4572
f 4572 8536 8538
f 4572 8538 4573
f 4573 8538 4574
f 4574 4575 4573
f 8539 4576 4574
f 4574 4576 4575
f 4576 8539 8540
f 4576 8540 4578
f 4578 8540 4577
f 4578 4577 4579
f 4579 4577 4580
f 4579 4580 4581
f 4581 4580 4582
f 4581 4582 4583
f 4583 4582 8544
f 4583 8544 4585
f 4585 8544 4584
f 4585 4584 4586
f 4586 4584 4593
f 4586 4593 4587
f 4580 4577 4588
f 4588 4577 4589
f 4593 4584 4590
f 4590 4584 4591
f 4590 4591 4592
f 4587 4593 4594
f 4594 4593 8547
f 4594 8547 4595
f 4595 8547 8548
f 4595 8548 8549
f 4595 8549 4596
f 4595 4596 8550
f 4595 8550 4597
f 4597 8550 8551
f 8551 8552 4597
f 4597 8552 4598
f 4597 4598 4821
f 4821 4598 4599
f 4821 4599 4600
f 4821 4600 4601
f 4821 4601 4602
f 4602 4601 4818
f 4818 4601 4603
f 4818 4603 4817
f 4817 4603 8558
f 4817 8558 4605
f 4605 8558 4604
f 4605 4604 4606
f 4606 4604 4607
f 4606 4607 4608
f 4606 4608 4816
f 4816 4608 4609
f 4816 4609 4813
f 4813 4609 4610
f 4813 4610 4611
f 4611 4610 8565
f 4599 4612 4600
f 4600 4612 4613
f 8558 4603 4614
f 8558 4614 4615
f 8558 4616 4604
f 4604 4616 8560
f 8560 4616 4617
f 4618 4619 4609
f 4609 4619 4610
f 8565 4620 4611
f 4620 8565 4621
f 4621 8565 4622
f 4621 4622 4623
f 4621 4623 4810
f 4810 4623 8566
f 8566 8567 4810
f 4810 8567 4624
f 4624 8567 4625
f 4625 8567 4626
f 4625 4626 4627
f 4627 4626 8570
f 4627 8570 8571
f 4627 8571 4628
f 4628 8571 4629
f 4628 4629 8574
f 8571 4630 4629
f 4629 4630 8572
f 4628 8574 4631
f 4631 8574 4633
f 4631 4633 4632
f 4632 4633 4634
f 4634 4633 4635
f 4631 4632 4636
f 4631 4636 4637
f 4637 4638 4631
f 4631 4638 2848
f 2848 4638 4639
f 8580 2851 4639
f 4639 2851 2848
f 2851 8580 2854
f 2854 8580 4640
f 2854 4640 2856
f 2856 4640 8581
f 2856 8581 2857
f 2857 8581 4649
f 2857 4649 2860
f 2860 4649 4641
f 2860 4641 2863
f 2863 4641 8584
f 2863 8584 4642
f 2863 4642 2865
f 2865 4642 4643
f 2865 4643 2866
f 2866 4643 4644
f 2866 4644 2871
f 2871 4644 4645
f 2871 4645 2872
f 2872 4645 4646
f 2872 4646 2873
f 2873 4646 2874
f 2874 4646 4647
f 2874 4647 2875
f 2875 4648 8593
f 2875 8593 2876
f 2876 8593 2877
f 2877 8593 8594
f 4650 4651 4644
f 4644 4651 4645
f 4652 4653 4646
f 4646 4653 4647
f 4647 4648 2875
f 4648 4654 8593
f 2877 8594 8595
f 2877 8595 8596
f 8596 4655 2877
f 2877 4655 4656
f 4656 4655 4657
f 4656 4657 4658
f 4658 4657 4659
f 4658 4659 4660
f 4658 4660 8601
f 8601 4661 4658
f 4658 4661 4663
f 4663 4661 4662
f 4663 4662 4664
f 4663 4664 4665
f 4665 4664 4806
f 4806 4664 4666
f 4667 4668 4666
f 4666 4668 4806
f 4667 4669 4670
f 4667 4670 4668
f 4671 4672 4669
f 4669 4672 4673
f 4671 4674 4672
f 4674 4671 4675
f 4674 4675 4676
f 4676 4675 8609
f 4676 8609 4677
f 4677 8609 4678
f 4677 4678 4679
f 4679 4678 8610
f 4679 8610 8611
f 4679 8611 4680
f 4680 8611 4681
f 4681 4682 4680
f 4681 8612 4798
f 4681 4798 4682
f 4798 8612 8613
f 4798 8613 4683
f 4683 8613 8614
f 4683 8614 4684
f 4684 8614 4685
f 4685 8614 4686
f 4686 8614 8615
f 4686 8615 4687
f 4687 8615 4691
f 4687 4691 4688
f 4687 4688 4689
f 4689 4688 4690
f 4690 4692 4689
f 4689 4692 8620
f 8620 4693 4689
f 4693 4694 4689
f 4689 4694 4695
f 4689 4695 4696
f 4696 4695 8624
f 4696 8624 8625
f 4696 8625 4697
f 4697 8625 8626
f 4697 8626 4698
f 4698 8626 8627
f 4698 8627 4699
f 4699 8627 4701
f 4699 4701 4700
f 4701 4702 4700
f 4700 4702 4703
f 4703 4702 8629
f 4703 8629 4704
f 4704 8629 4705
f 4704 4705 4706
f 4706 4705 4707
f 4706 4707 4708
f 4708 4707 4709
f 4708 4709 4710
f 4710 4709 4711
f 4710 4711 4712
f 4712 4711 8634
f 4705 4713 4707
f 4707 4713 8632
f 4712 8634 4714
f 4714 8634 8635
f 4714 8635 4715
f 4715 8635 4716
f 4715 4716 4717
f 4717 4716 4718
f 4718 4716 4719
f 4719 4716 8640
f 4719 8640 8641
f 4719 8641 4720
f 4719 4720 4721
f 4721 4720 8643
f 4721 8643 8644
f 8636 4722 8635
f 8635 4722 4716
f 8636 4723 4722
f 4721 8644 4724
f 4724 8644 8645
f 4724 8645 8646
f 8646 8647 4724
f 4724 8647 8648
f 8648 8649 4724
f 4724 8649 4725
f 4725 8649 8650
f 4725 8650 8652
f 4725 8652 4726
f 4725 4726 4727
f 4727 4726 4729
f 4727 4729 4728
f 4728 4729 4730
f 4728 4730 4732
f 4732 4730 4731
f 4732 4731 4733
f 4733 4731 4734
f 4733 4734 4735
f 4735 4734 8658
f 4735 8658 8659
f 4736 4737 4730
f 4730 4737 4731
f 4735 8659 4788
f 4788 8659 8660
f 4788 8660 4738
f 4738 8660 8661
f 4738 8661 4739
f 4739 8661 4740
f 4739 4740 4741
f 4741 4740 4743
f 4741 4743 4742
f 4742 4743 4744
f 4744 4743 4746
f 4746 4743 4745
f 4746 4745 8664
f 4746 8664 4747
f 4747 8664 4748
f 4747 4748 4749
f 4749 4748 4750
f 4749 4750 4751
f 4751 4750 4752
f 4752 4750 4753
f 4752 4753 4754
f 4748 4755 4750
f 4750 4755 4756
f 4753 8668 4754
f 4754 8668 4757
f 4757 8668 8670
f 4757 8670 4758
f 4757 4758 4759
f 4757 4759 4760
f 4761 4762 4758
f 4758 4762 4759
f 4763 4769 4760
f 4760 4769 4764
f 4760 4764 4757
f 4757 4764 4765
f 4765 4764 4766
f 4766 4764 4767
f 4766 4767 4787
f 4787 4767 8674
f 4769 4763 4768
f 4787 8674 1392
f 1392 8674 4770
f 1392 4770 4771
f 1392 4771 8679
f 4770 4772 4773
f 4770 4773 4771
f 8679 8681 4774
f 8679 4774 4785
f 4784 4774 8683
f 4784 8683 4775
f 4775 8683 4776
f 4775 4776 4777
f 4774 8681 4778
f 4778 8683 4774
f 8683 4779 4776
f 4776 4779 8684
f 4776 8684 4780
f 4777 4781 4775
f 4782 4783 4775
f 4775 4783 4784
f 8679 4785 4786
f 8679 4786 1392
f 1392 4786 1191
f 4788 4789 4735
f 4789 4788 4790
f 4790 4788 4791
f 4710 4712 4792
f 4792 4712 4793
f 4792 4793 4794
f 4706 4795 4704
f 4704 4795 4796
f 4796 4797 4704
f 4680 4799 4800
f 4680 4800 4801
f 4680 4801 4679
f 4676 4802 4674
f 4674 4802 4803
f 4803 4802 4804
f 4673 4805 4669
f 4669 4805 4670
f 2871 2869 2866
f 2866 2869 2867
f 2867 2869 2868
f 4807 4808 4627
f 4627 4808 4625
f 4807 4809 4808
f 4621 4810 4811
f 4811 4810 4812
f 4813 4611 4815
f 4813 4815 4814
f 4818 4817 4819
f 4818 4819 4820
f 4572 4573 4822
f 4822 4573 4823
f 4554 4824 4825
f 4825 4824 4826
f 4544 4551 4827
f 4544 4827 4828
f 4828 4827 4829
f 4535 4830 4532
f 4532 4830 4831
f 4497 4498 4835
f 4835 4498 4834
f 4835 4834 4836
f 4447 4451 4839
f 4446 4840 4444
f 4444 4840 4841
f 4841 4840 4842
f 4436 4843 4844
f 4844 4843 4845
f 4373 4847 4369
f 4369 4847 4848
f 4369 4848 4370
f 8404 4849 4365
f 4365 4849 4850
f 4365 4850 4363
f 4363 4851 4360
f 4360 4851 4852
f 4852 4851 4853
f 4852 4853 4854
f 4854 4853 4855
f 4328 4330 4856
f 4856 4330 4857
f 4856 4857 4858
f 4858 4857 4859
f 4859 4857 4860
f 8369 4326 4320
f 4321 4317 4318
f 4261 4263 4866
f 4866 4263 4867
f 4256 4259 4868
f 4255 4869 4253
f 4253 4869 4870
f 4870 4869 4871
f 4243 4872 4242
f 4242 4872 4873
f 4210 4875 4209
f 4209 4875 4877
f 4877 4875 4876
f 4189 4191 4878
f 4878 4191 4879
f 4882 4162 4883
f 4882 4883 4884
f 4884 4883 4885
f 4148 4149 4887
f 4887 4149 4888
f 4888 4889 4887
f 4887 4889 4890
f 4142 4145 4891
f 4142 4891 4892
f 4101 4894 4895
f 4894 4101 4896
f 4066 4897 4065
f 4065 4897 4898
f 4053 4046 4051
f 4041 4900 4901
f 4041 4901 4039
f 4036 4902 4903
f 4036 4903 4035
f 4905 4906 4024
f 4024 4906 4907
f 4905 4908 4906
f 4006 4011 4909
f 4001 4002 4910
f 4001 4910 4911
f 4911 4910 4912
f 3977 4913 3973
f 3969 4914 4915
f 4915 4914 4916
f 4915 4916 4917
f 4917 4916 4918
f 3968 4919 3961
f 3961 4919 4920
f 4920 4919 6122
f 4922 4923 3936
f 3936 4923 4924
f 3910 3911 3909
f 3901 3904 4926
f 4926 3904 4927
f 4926 4927 4928
f 3877 4932 4933
f 4932 3877 4934
f 4936 4937 4938
f 4938 4937 4939
f 3845 3850 3837
f 8032 4941 3809
f 3784 3785 4944
f 4944 3785 4943
f 3782 4945 3781
f 3781 4945 4946
f 4947 4948 4949
f 4949 4948 4950
f 3726 4951 4952
f 4952 4951 4953
f 3689 3685 3684
f 3658 4957 3657
f 3657 4957 4958
f 3643 4959 3641
f 3621 4960 4961
f 4961 4960 4962
f 4961 4962 4963
f 4963 4962 4964
f 3621 3619 3618
f 3605 4965 3604
f 3604 4965 4966
f 4967 4968 3586
f 3586 4968 3585
f 3572 4971 4972
f 4971 3572 4973
f 3524 4976 4977
f 4977 4976 4978
f 3523 4979 4980
f 3519 4980 4981
f 4981 4980 4982
f 3516 4984 4983
f 4984 4985 4983
f 7827 3507 3504
f 3504 3507 3501
f 3469 3465 3467
f 4988 4989 3452
f 4989 4988 4990
f 4989 4990 4991
f 4995 4996 3422
f 3422 4996 4997
f 5002 5000 3406
f 3406 5000 5001
f 3389 5003 3387
f 3387 5003 5004
f 3361 5005 5006
f 3361 5006 5007
f 5007 5006 5008
f 3346 5012 3347
f 3328 5013 5014
f 3328 5014 3326
f 5015 5017 3313
f 5015 5016 5017
f 3299 3300 5018
f 5018 3300 5019
f 3266 5020 5021
f 5021 5020 5022
f 3242 3244 5023
f 3242 5023 5024
f 5024 5023 5025
f 3214 5028 3217
f 5031 5029 3217
f 3217 5029 5030
f 3192 3196 5032
f 3192 5032 5033
f 5033 5032 5034
f 3188 5035 5036
f 5036 5035 5037
f 5036 5037 5038
f 5038 5037 5039
f 3182 5040 3180
f 3180 5040 5041
f 5041 5042 3180
f 3144 5044 5045
f 5045 5044 5046
f 3121 3123 5047
f 5048 5047 5049
f 5048 5049 5050
f 5050 5049 5051
f 5052 5053 5054
f 5054 5053 5055
f 3075 3079 5056
f 5056 3079 5057
f 5058 5059 5060
f 5060 5059 5061
f 5060 5061 5062
f 3597 3598 3591
f 2879 5063 5064
f 2879 5064 2881
f 2881 5064 5065
f 2881 5065 2886
f 2886 5065 2888
f 2888 5065 5066
f 2888 5066 2889
f 2889 5066 2887
f 2887 5066 5067
f 2887 5067 2882
f 2882 5067 2885
f 2885 5067 5068
f 2885 5068 2893
f 2893 5068 5069
f 2893 5069 2895
f 2895 5069 2894
f 2894 5069 2896
f 2896 5069 5070
f 2896 5070 2898
f 2898 5070 5071
f 2898 5071 2902
f 2902 5071 2901
f 2901 5071 5072
f 2901 5072 2900
f 2900 5072 5073
f 2900 5073 2904
f 2904 5073 5074
f 2904 5074 5075
f 2904 5075 2906
f 2906 5075 5076
f 2906 5076 5077
f 2906 5077 2908
f 2908 5077 5078
f 2908 5078 2909
f 2909 5078 5079
f 2909 5079 2911
f 2911 5079 5080
f 2911 5080 5081
f 2911 5081 2913
f 2913 5081 5082
f 2913 5082 2915
f 2915 5082 5083
f 2915 5083 2921
f 2921 5083 5084
f 2921 5084 2923
f 2923 5084 5085
f 2923 5085 2924
f 2924 5085 5086
f 2924 5086 2922
f 2922 5086 5087
f 2922 5087 2920
f 2920 5087 2926
f 2926 5087 5088
f 7200 7206 5089
f 7200 5089 7560
f 7206 5090 5091
f 7206 5091 7071
f 7071 5091 5092
f 5092 5091 5093
f 5088 5094 5090
f 5090 5094 5095
f 5088 7565 5094
f 5088 5087 5096
f 5096 5087 5086
f 5086 5083 5096
f 5096 5083 5082
f 5096 5082 5097
f 5097 5082 7570
f 7570 5082 5098
f 5098 5082 5099
f 5083 5086 5084
f 5084 5086 5085
f 5082 5081 5100
f 5082 5100 5099
f 5099 5100 5101
f 5101 5100 7574
f 7574 5100 7573
f 7573 5100 5072
f 7573 5072 5103
f 5103 5072 5102
f 5100 5081 5080
f 5100 5080 5077
f 5077 5080 5079
f 5077 5079 5078
f 5076 5075 5077
f 5077 5075 5074
f 5077 5074 5073
f 5077 5073 5100
f 5100 5073 5072
f 5104 5072 5071
f 5104 5071 5070
f 5104 5070 5069
f 5104 5069 5068
f 5104 5068 5067
f 5104 5067 5064
f 5064 5067 5066
f 5066 5065 5064
f 5063 5105 7064
f 5063 7064 7586
f 5105 5106 7592
f 5106 5108 5107
f 5108 5109 5107
f 5107 5109 5111
f 5107 5111 5116
f 5116 5111 5110
f 5116 5110 5114
f 5110 5111 5112
f 5112 5111 5113
f 5116 5115 5117
f 5117 5118 5119
f 5119 5118 5120
f 5119 5120 5121
f 5121 5120 5122
f 5122 5120 5123
f 5123 5120 5124
f 5119 5121 5125
f 5125 5126 5127
f 5125 5127 5128
f 5128 5127 7607
f 7607 5127 7056
f 7056 5127 5129
f 5127 5126 5130
f 5127 5130 5131
f 5127 5131 5132
f 5132 5131 5133
f 5133 5131 5134
f 5127 5132 5135
f 5135 5136 5137
f 5137 5139 5138
f 5139 5140 5142
f 5142 5140 5141
f 5143 5142 5144
f 5144 5142 5145
f 5145 5142 7618
f 7618 5142 5167
f 7618 5167 7619
f 7619 5167 5146
f 5146 5167 7620
f 7620 5167 5147
f 7621 5147 5148
f 7621 5148 5149
f 5149 5148 5150
f 5150 5148 7623
f 7623 5148 5175
f 7623 5175 5151
f 7623 5151 5152
f 5152 5151 5153
f 5153 5151 7626
f 7626 5151 5181
f 7626 5181 7627
f 7627 5181 5154
f 5154 5181 5156
f 5156 5181 5155
f 5156 5155 7628
f 7628 5155 5157
f 5157 5155 7629
f 7629 5155 5182
f 7629 5182 7630
f 7630 5182 7631
f 7631 5182 5159
f 7631 5159 7633
f 7633 5159 7634
f 7634 5159 5158
f 5158 5159 7635
f 7635 5159 5160
f 5160 5159 5161
f 5142 5141 5162
f 5162 5141 5163
f 5162 5163 5164
f 5164 5165 5162
f 5162 5166 5142
f 5142 5166 5167
f 5170 5169 5168
f 5168 5169 5147
f 5168 5147 5167
f 5169 5170 5171
f 5169 5172 5147
f 5147 5172 5173
f 5173 5148 5147
f 5174 5175 5148
f 5175 5176 5151
f 5151 5176 5177
f 5151 5177 5179
f 5151 5179 5178
f 5178 5180 5151
f 5151 5180 5181
f 5159 5182 5183
f 5159 5183 5184
f 5184 5185 5159
f 5159 5185 5186
f 5186 5188 5187
f 5186 5187 5159
f 5159 5187 5161
f 5187 5189 5190
f 5187 5190 5191
f 5187 5191 5192
f 5192 5193 7640
f 7640 5193 7642
f 7642 5193 7643
f 7643 5193 7645
f 7645 5193 5194
f 5194 5193 5195
f 5195 5193 5196
f 5195 5196 7646
f 7646 5196 5197
f 5192 5198 5193
f 5198 5200 5193
f 5193 5200 5199
f 5193 5199 5203
f 5200 5201 5199
f 5200 5202 5201
f 5193 5203 5204
f 5204 5205 7648
f 7648 5205 7649
f 7649 5205 5206
f 5206 5205 7651
f 7651 5205 5216
f 7651 5216 7653
f 7653 5216 5207
f 7653 5207 5208
f 5208 5207 5209
f 5209 5207 5210
f 5209 5210 7655
f 7655 5210 7656
f 7656 5210 5211
f 5211 5210 5212
f 5205 5204 5213
f 5205 5213 5214
f 5214 5213 5215
f 5210 5231 5217
f 5210 5217 5212
f 5218 5217 5233
f 5218 5233 5219
f 5219 5233 7662
f 7662 5233 7663
f 7663 5233 5238
f 7663 5238 7664
f 7664 5238 7665
f 7665 5238 7666
f 7666 5238 5242
f 7666 5242 7667
f 7667 5242 5220
f 5220 5242 5221
f 5221 5242 7668
f 7668 5242 5248
f 7668 5248 5222
f 5222 5248 7669
f 7669 5248 5252
f 7669 5252 7670
f 7670 5252 7671
f 7671 5252 5223
f 5223 5252 5224
f 5223 5224 7673
f 7673 5224 5225
f 5225 5224 5226
f 5226 5224 5227
f 5227 5224 5253
f 5227 5253 5228
f 5228 5253 7676
f 7676 5253 5229
f 5229 5253 7677
f 5229 7677 5230
f 5231 5232 5217
f 5217 5232 5233
f 5232 5234 5235
f 5235 5236 5232
f 5232 5236 5233
f 5237 5238 5233
f 5238 5239 5240
f 5238 5240 5241
f 5238 5241 5242
f 5242 5243 5244
f 5244 5247 5245
f 5244 5245 5242
f 5242 5245 5248
f 5247 5244 5246
f 5248 5251 5250
f 5248 5250 5252
f 5252 5250 5249
f 5257 5258 5256
f 5256 5258 5254
f 5256 5254 5255
f 5258 5257 5259
f 5258 5259 5260
f 5258 5260 5261
f 5258 5261 5262
f 5262 5261 5263
f 5263 5261 5264
f 5262 5265 5258
f 5258 5265 5307
f 5258 5307 5266
f 5266 5307 7684
f 7684 5307 5267
f 5267 5307 7686
f 7686 5307 5268
f 7686 5268 7687
f 7687 5268 7688
f 7688 5268 5269
f 5269 5268 7692
f 7692 5268 5270
f 7692 5270 5271
f 5271 5270 5272
f 5272 5270 5273
f 5273 5270 5320
f 5273 5320 5274
f 5274 5320 5275
f 5275 5320 7698
f 7698 5320 5276
f 7698 5276 7699
f 7699 5276 7701
f 7701 5276 5277
f 5277 5276 5279
f 5277 5279 5278
f 5278 5279 5280
f 5280 5279 5281
f 5281 5279 5282
f 5282 5279 5283
f 5283 5279 5284
f 5283 5284 7706
f 7706 5284 7707
f 7707 5284 5285
f 5285 5284 7708
f 7708 5284 5286
f 5286 5284 7709
f 7709 5284 5331
f 7709 5331 7710
f 7710 5331 5287
f 5288 5287 5289
f 5288 5289 5290
f 5290 5289 7714
f 7714 5289 5291
f 5291 5289 7716
f 7716 5289 5292
f 7716 5292 5293
f 5293 5292 7718
f 7718 5292 5294
f 7718 5294 7719
f 7719 5294 7720
f 7720 5294 5295
f 5295 5294 7722
f 7722 5294 5341
f 7722 5341 5296
f 5296 5341 5297
f 5297 5341 5298
f 5297 5298 5299
f 5299 5298 5300
f 5300 5298 7725
f 7725 5298 5301
f 7725 5301 7726
f 7726 5301 5302
f 5302 5301 7728
f 7728 5301 5303
f 5303 5301 5304
f 5304 5301 5305
f 5304 5305 7730
f 7730 5305 5306
f 5306 5305 7732
f 5307 5308 5268
f 5268 5308 5309
f 5268 5309 5313
f 5309 5308 5310
f 5309 5310 5311
f 5311 5310 5312
f 5268 5313 5314
f 5268 5314 5270
f 5270 5314 5315
f 5315 5314 5316
f 5315 5316 5317
f 5317 5316 5318
f 5319 5320 5270
f 5276 5323 5279
f 5279 5323 5324
f 5276 5321 5322
f 5322 5323 5276
f 5325 5326 5284
f 5325 5284 5279
f 5326 5327 5328
f 5328 5329 5326
f 5330 5284 5329
f 5329 5284 5326
f 5330 5331 5284
f 5330 5332 5331
f 5331 5332 5333
f 5331 5334 5287
f 5287 5334 5336
f 5287 5336 5338
f 5334 5335 5336
f 5336 5335 5337
f 5287 5338 5339
f 5287 5339 5340
f 5287 5340 5289
f 5341 5342 5298
f 5342 5343 5298
f 5298 5343 5344
f 5344 5345 5346
f 5346 5347 5344
f 5344 5347 5298
f 5298 5347 5301
f 5301 5347 5348
f 5301 5348 5354
f 5348 5347 5349
f 5349 5347 5350
f 5349 5350 5351
f 5351 5350 5352
f 5351 5352 5353
f 5301 5354 5355
f 5301 5355 5305
f 5305 5356 5357
f 5305 5357 5358
f 5358 5357 5365
f 5358 5365 5359
f 5357 5356 5360
f 5360 5361 5357
f 5357 5361 5362
f 5357 5363 5364
f 5357 5364 5365
f 5358 5359 5366
f 5358 5366 5367
f 5358 5367 5368
f 5368 5369 5373
f 5368 5373 5370
f 5369 5371 5373
f 5373 5371 5372
f 5377 5374 5370
f 5370 5374 5375
f 5370 5375 5376
f 5378 5379 5377
f 5377 5379 5380
f 5380 5379 5381
f 5381 5382 5380
f 5377 5380 5384
f 5384 5380 5383
f 5384 5383 5385
f 5385 5386 5387
f 5386 5385 5388
f 5387 5389 5390
f 5391 5397 5390
f 5390 5397 5392
f 5390 5392 5387
f 5387 5392 5393
f 5387 5393 5394
f 5394 5393 5395
f 5394 5395 5396
f 5392 5401 5398
f 5392 5398 7758
f 5398 5403 7760
f 7760 5403 7761
f 7761 5403 7762
f 7762 5403 5399
f 7762 5399 7764
f 7764 5399 7765
f 7765 5399 7766
f 7766 5399 5400
f 7766 5400 7767
f 7767 5400 7768
f 7768 5400 7772
f 7768 7772 7771
f 5398 5401 5402
f 5398 5402 5403
f 5399 5404 5400
f 7772 5400 5405
f 5405 5400 5406
f 5405 5406 5407
f 5405 5407 5411
f 5411 5407 5408
f 5407 5409 5408
f 5408 5409 5410
f 5413 5414 5412
f 5413 5412 5411
f 5411 5412 7780
f 5414 5415 5412
f 5412 5415 5416
f 5412 5416 5417
f 5412 5417 5420
f 5412 5420 5418
f 5418 5420 5419
f 5420 5421 5422
f 5420 5422 7785
f 7785 5422 7786
f 7786 5422 7787
f 7787 5422 7788
f 7788 5422 7789
f 7789 5422 5436
f 7789 5436 5423
f 5423 5436 7790
f 7790 5436 7791
f 7793 7791 5447
f 7793 5447 5424
f 5424 5447 7795
f 7795 5447 7796
f 7796 5447 5425
f 7796 5425 7797
f 7797 5425 7798
f 7798 5425 7799
f 7799 5425 5426
f 5426 5425 5448
f 5426 5448 5427
f 5427 5448 7801
f 7801 5448 5428
f 7801 5428 7804
f 7804 5428 7805
f 7805 5428 5429
f 5429 5428 5430
f 5429 5430 5431
f 5431 5430 7807
f 7807 5430 7808
f 7808 5430 5432
f 5432 5430 5433
f 5421 5434 5422
f 5434 5435 5422
f 5422 5435 5436
f 5437 5438 5435
f 5435 5438 5439
f 5439 5440 5435
f 5440 5436 5435
f 5436 5441 7791
f 7791 5441 5445
f 5445 5441 5442
f 5445 5442 5443
f 5445 5443 5444
f 5445 5446 7791
f 7791 5446 5447
f 5448 5449 5428
f 5428 5449 5450
f 5428 5450 5451
f 5428 5451 5452
f 5452 5451 5453
f 5453 5451 5454
f 5428 5452 5430
f 5430 5452 5455
f 5455 5456 5430
f 5430 5456 5457
f 5430 5457 5458
f 5458 5459 5430
f 5430 5459 5460
f 5430 5460 5461
f 5461 5460 5462
f 5461 5462 5463
f 5463 5464 5461
f 5461 5464 5465
f 5461 5465 5466
f 5461 5466 5467
f 5467 5466 5468
f 5468 5466 5469
f 5469 5466 5470
f 5461 5467 5473
f 5473 5467 5471
f 5473 5471 5472
f 5473 5472 5474
f 5473 5474 5475
f 5475 5476 7821
f 7821 5476 5477
f 7821 5477 5478
f 5479 7824 5476
f 5476 7824 5480
f 5476 5480 5481
f 7824 5479 5482
f 5483 5484 5485
f 5484 5483 5486
f 5484 5486 5487
f 5485 5495 5483
f 5483 5495 5488
f 5483 5488 5489
f 5490 5488 5491
f 5490 5491 5492
f 5492 5491 5493
f 5493 5491 5494
f 5488 5495 5497
f 5488 5497 5496
f 5488 5496 5491
f 5491 5496 5498
f 5491 5498 5499
f 5491 5499 5500
f 5500 5499 5501
f 5501 5499 5502
f 5502 5499 5503
f 5491 5500 5504
f 5500 5505 5504
f 5504 5505 5506
f 5506 5507 5504
f 5504 5507 5523
f 5504 5523 7838
f 7838 5523 5508
f 5508 5523 5509
f 5509 5523 7839
f 5510 7839 5530
f 5510 5530 7840
f 7840 5530 7842
f 7842 5530 7843
f 7843 5530 5511
f 7843 5511 5512
f 5512 5511 7845
f 7845 5511 5513
f 7845 5513 7846
f 7846 5513 7848
f 7848 5513 7849
f 7849 5513 5532
f 7849 5532 7850
f 7850 5532 5514
f 5514 5532 7851
f 7851 5532 5536
f 7851 5536 7852
f 7852 5536 7853
f 7853 5536 5515
f 7853 5515 5516
f 5516 5515 7856
f 7856 5515 7857
f 7857 5515 5517
f 5517 5515 5519
f 5517 5519 5518
f 5518 5519 7858
f 7858 5519 7861
f 7861 5519 5520
f 5520 5519 7021
f 5507 5506 5521
f 5507 5521 5522
f 5523 5524 7839
f 5524 5525 7839
f 7839 5525 5526
f 5526 5527 5529
f 5526 5528 5527
f 5526 5529 7839
f 7839 5529 5530
f 5513 5531 5532
f 5532 5535 5536
f 5536 5535 5533
f 5533 5535 5534
f 5536 5537 5515
f 5515 5537 5539
f 5537 5538 5539
f 5539 5540 5541
f 5541 5542 5539
f 5539 5542 5543
f 5539 5543 5515
f 5515 5543 5519
f 5519 5543 5544
f 5544 5543 5545
f 5545 5543 5546
f 5545 5546 5547
f 5519 5544 5548
f 5548 5544 5550
f 5548 5550 5554
f 5544 5549 5550
f 5550 5549 5551
f 5550 5551 5552
f 5552 5551 5553
f 5548 5554 5555
f 5548 5555 5556
f 5548 5556 5557
f 5557 5556 5558
f 5557 5558 7867
f 7867 5558 7868
f 7868 5558 7869
f 7869 5558 7870
f 7870 5558 5568
f 7870 5568 7871
f 7871 5568 7872
f 7872 5568 7873
f 7873 5568 5559
f 7873 5559 7875
f 7875 5559 7016
f 7016 5559 5561
f 7016 5561 5560
f 5560 5561 7876
f 7876 5561 7877
f 7877 5561 7879
f 7879 5561 5562
f 5562 5561 7880
f 7880 5561 5580
f 7880 5580 7881
f 7881 5580 7882
f 7882 5580 5563
f 5563 5580 5582
f 5563 5582 7885
f 7885 5582 5564
f 5564 5582 5587
f 5564 5587 5565
f 5565 5587 7887
f 7887 5587 5588
f 7887 5588 7888
f 7888 5588 5566
f 5566 5588 5567
f 5568 5569 5559
f 5559 5570 5571
f 5559 5571 5572
f 5559 5572 5561
f 5561 5572 5574
f 5561 5574 5573
f 5573 5574 5575
f 5575 5574 5576
f 5561 5573 5577
f 5561 5577 5579
f 5561 5579 5578
f 5561 5578 5580
f 5580 5581 5582
f 5581 5583 5582
f 5582 5583 5584
f 5582 5585 5586
f 5582 5586 5587
f 5589 5590 5588
f 5590 5591 5588
f 5588 5591 5567
f 5591 5596 5592
f 5596 7896 7895
f 5596 7895 5593
f 5593 7895 5594
f 5593 5594 5595
f 7896 5596 5597
f 7896 5597 5598
f 5596 5599 5597
f 5600 5598 5602
f 5602 5598 5603
f 5600 5601 5604
f 5600 5604 5605
f 5606 5607 5608
f 5606 5609 5607
f 5606 5608 5612
f 5606 5612 5605
f 5605 5612 5610
f 5605 5610 7009
f 5608 5611 5612
f 5612 5611 5613
f 5612 5613 5614
f 5612 5614 5615
f 5612 5615 5616
f 5616 5615 7007
f 7007 5615 5617
f 5615 5614 5618
f 5618 5619 5615
f 5619 5620 5615
f 5620 5621 5615
f 5621 5622 5615
f 5615 5622 5623
f 5623 5624 7914
f 5623 7914 7913
f 5626 5625 5624
f 5624 5625 7917
f 5625 5626 5627
f 5625 5627 5628
f 5628 5627 5629
f 5629 5627 5630
f 5629 5630 5631
f 5625 5628 5632
f 5633 5634 5632
f 5632 5634 5635
f 5632 5635 7001
f 5632 7001 7923
f 5634 5633 5636
f 5634 5637 5635
f 5637 5638 5635
f 5635 5638 5639
f 5635 5639 5640
f 5635 5640 7928
f 7929 5640 5660
f 7929 5660 7930
f 7930 5660 7931
f 7931 5660 5641
f 7931 5641 5642
f 5642 5641 5643
f 5643 5641 5644
f 5644 5641 7934
f 7934 5641 5645
f 5645 5641 5670
f 5645 5670 5646
f 5646 5670 5647
f 5647 5670 7938
f 7938 5670 5648
f 7938 5648 7939
f 7939 5648 7940
f 7940 5648 5649
f 5649 5648 5650
f 5649 5650 5651
f 5651 5650 7941
f 7941 5650 5652
f 5652 5650 7944
f 7944 5650 7945
f 7945 5650 7946
f 7946 5650 5654
f 7946 5654 5653
f 5653 5654 5655
f 5655 5654 7948
f 7948 5654 5656
f 5656 5654 7950
f 7950 5654 5683
f 7950 5683 7951
f 7951 5683 5658
f 5658 5683 5657
f 5639 5659 5640
f 5659 5661 5640
f 5640 5661 5660
f 5661 5662 5663
f 5661 5663 5660
f 5660 5664 5641
f 5641 5664 5665
f 5665 5664 5666
f 5665 5666 5667
f 5669 5641 5668
f 5668 5641 5665
f 5641 5669 5670
f 5648 5670 5671
f 5672 5673 5650
f 5672 5650 5648
f 5650 5673 5674
f 5650 5674 5675
f 5650 5675 5654
f 5654 5675 5676
f 5676 5675 5677
f 5676 5677 5678
f 5676 5679 5654
f 5654 5679 5680
f 5682 5683 5681
f 5681 5683 5654
f 5681 5654 5680
f 5683 5684 5657
f 5657 5684 5686
f 5657 5686 5685
f 5657 5685 5687
f 5657 5687 7954
f 7954 5687 7955
f 7955 5687 5688
f 5688 5687 7956
f 7956 5687 5689
f 5689 5687 7958
f 7958 5687 5690
f 7958 5690 5691
f 5691 5690 7960
f 7960 5690 5692
f 5692 5690 5697
f 5692 5697 7962
f 7962 5697 5693
f 5693 5697 5698
f 5693 5698 5694
f 5694 5698 5696
f 5696 5698 5695
f 5698 5714 5700
f 5698 5700 5695
f 5695 5700 7965
f 7965 5700 5699
f 5699 5700 5701
f 5701 5700 7968
f 7968 5700 5721
f 7968 5721 5702
f 5702 5721 7969
f 7969 5721 5703
f 5703 5721 7971
f 7974 7971 5727
f 7974 5727 7975
f 7975 5727 7976
f 7976 5727 7977
f 7977 5727 5730
f 7977 5730 5704
f 5704 5730 5705
f 5705 5730 5706
f 5706 5730 5734
f 5706 5734 5707
f 5707 5734 7980
f 7980 5734 5708
f 5709 5708 5710
f 5709 5710 7981
f 7981 5710 7982
f 7982 5710 5735
f 7982 5735 5711
f 5711 5735 5712
f 5712 5735 7985
f 7985 5735 5713
f 5700 5714 5715
f 5700 5715 5716
f 5716 5717 5700
f 5717 5718 5700
f 5718 5719 5700
f 5700 5719 5720
f 5700 5720 5721
f 5721 5722 7971
f 7971 5722 5723
f 5724 5723 5725
f 5725 5723 5726
f 5724 5727 7971
f 5724 7971 5723
f 5727 5728 5730
f 5730 5728 5729
f 5731 5730 5732
f 5732 5730 5733
f 5730 5731 5734
f 5734 5710 5708
f 5735 5736 6994
f 6994 5736 5737
f 6994 5737 5738
f 5738 5737 5739
f 5739 5737 5740
f 6994 5738 5741
f 5745 5743 5742
f 5742 5743 5744
f 5742 5744 5741
f 5741 5744 7992
f 5741 7992 7991
f 5743 5745 5746
f 5743 5761 5744
f 5744 5761 7994
f 5744 7994 5747
f 5748 7994 5770
f 5748 5770 7996
f 7996 5770 5749
f 5749 5770 5750
f 5749 5750 5751
f 5751 5750 5752
f 5752 5750 7999
f 7999 5750 5753
f 7999 5753 8000
f 8000 5753 5754
f 8000 5754 5755
f 5755 5754 8004
f 8004 5754 5756
f 8004 5756 8005
f 8005 5756 5757
f 5757 5756 5758
f 5758 5756 5773
f 5758 5773 8008
f 8008 5773 5759
f 5759 5773 5760
f 5761 5762 7994
f 7994 5762 5770
f 5770 5764 5763
f 5763 5764 5765
f 5765 5764 5766
f 5765 5766 5767
f 5767 5766 5768
f 5762 5769 5770
f 5762 5771 5769
f 5770 5763 5750
f 5750 5763 5772
f 5773 5783 5774
f 5773 5774 5760
f 5775 5774 5776
f 5775 5776 6985
f 6985 5776 8016
f 8016 5776 5777
f 5777 5776 5778
f 5777 5778 8017
f 8017 5778 8018
f 8018 5778 5779
f 8018 5779 8019
f 8019 5779 5780
f 5780 5779 5781
f 5781 5779 5796
f 5781 5796 5782
f 5782 5796 8022
f 5774 5783 5784
f 5774 5784 5776
f 5776 5785 5786
f 5786 5785 5787
f 5787 5785 5788
f 5776 5786 5778
f 5778 5786 5789
f 5778 5789 5790
f 5778 5791 5779
f 5779 5792 5796
f 5792 5779 5793
f 5792 5793 5794
f 5792 5795 5796
f 5796 5795 5797
f 5797 5798 5799
f 5799 5798 5800
f 5798 5797 5801
f 5801 5797 5802
f 5799 5800 5803
f 5799 5803 5804
f 5804 5803 8025
f 8025 5803 5805
f 5805 5803 5807
f 5807 5803 5806
f 5807 5806 5808
f 5808 5806 5809
f 5809 5806 5818
f 5809 5818 8030
f 8030 5818 5810
f 5810 5818 8034
f 5810 8034 5811
f 5811 8034 5812
f 5818 5813 5814
f 5815 5814 5816
f 5815 5816 5817
f 5814 5815 5820
f 5820 5815 5819
f 5820 5819 5821
f 5821 5822 5823
f 5821 5823 5824
f 5824 5825 5820
f 5824 5820 5821
f 5826 5827 5828
f 5826 5828 5829
f 5826 5829 5832
f 5832 5829 5830
f 5829 5831 5830
f 5833 5834 5832
f 5832 5834 8050
f 5832 8050 5835
f 5836 8050 5842
f 5836 5842 8051
f 8051 5842 8052
f 8052 5842 8053
f 8053 5842 5837
f 8053 5837 8055
f 8055 5837 8054
f 8054 5837 5838
f 5838 5837 5839
f 5839 5837 5844
f 5839 5844 8056
f 8056 5844 8057
f 8057 5844 5840
f 8057 5840 8058
f 8058 5840 5841
f 5834 5842 8050
f 5837 5843 5844
f 5844 5843 5845
f 5844 5845 5846
f 5844 5846 5850
f 5850 5846 5847
f 5847 5846 5848
f 5848 5846 5849
f 5851 5850 5852
f 5851 5852 5853
f 5850 5851 5854
f 5854 5851 5855
f 5854 5855 5856
f 5854 5856 5857
f 5857 5856 5858
f 5858 5856 5859
f 5854 5857 5860
f 5860 5861 5854
f 5854 5861 5862
f 5854 5862 8068
f 8068 5862 8069
f 8069 5862 8070
f 8070 5862 8071
f 8071 5862 5863
f 8071 5863 8072
f 8072 5863 8074
f 8074 5863 5864
f 5864 5863 5865
f 5865 5863 8075
f 8075 5863 5866
f 8075 5866 8076
f 8076 5866 5867
f 5867 5866 5868
f 5868 5866 5869
f 5868 5869 5870
f 5870 5869 5871
f 5862 5872 5874
f 5862 5874 5863
f 5863 5874 5875
f 5873 5874 5872
f 5863 5875 5876
f 5876 5877 5863
f 5877 5876 5878
f 5878 5876 5879
f 5879 5880 5878
f 5881 5866 5877
f 5877 5866 5863
f 5866 5882 5869
f 5882 5885 6973
f 5882 6973 8082
f 5886 5883 5884
f 5883 5887 5884
f 5884 5887 5888
f 5889 5890 5884
f 5884 5890 5891
f 5884 5891 5892
f 5892 5891 5893
f 5892 5893 5894
f 5895 5896 5897
f 5897 5896 5898
f 5896 5895 5899
f 5899 5895 5900
f 5897 5898 5901
f 5897 5901 5904
f 5904 5901 5902
f 5904 5902 5903
f 8097 5904 5905
f 5905 5904 5916
f 5905 5916 8099
f 8099 5916 8100
f 8100 5916 5920
f 8100 5920 8102
f 8102 5920 5906
f 5906 5920 5907
f 5906 5907 5908
f 5908 5907 5909
f 5908 5909 5910
f 5910 5909 5911
f 5910 5911 5913
f 5913 5911 5912
f 5903 5914 5904
f 5904 5914 5915
f 5904 5915 5916
f 5917 5918 5919
f 5919 5920 5917
f 5917 5920 5916
f 5920 5921 5907
f 5909 5907 5922
f 5922 5907 5923
f 5922 5923 5924
f 5924 5923 5925
f 5924 5925 5926
f 5924 5926 5927
f 5927 5926 5928
f 5927 5928 5931
f 5926 5929 5928
f 5928 5929 5930
f 5927 5931 5932
f 8115 5927 5933
f 5933 5927 5934
f 5933 5934 5935
f 5935 5934 5936
f 5936 5934 5937
f 5937 5934 8120
f 8120 5934 8121
f 8121 5934 5938
f 8121 5938 5939
f 5939 5938 8122
f 8122 5938 5967
f 8122 5967 5940
f 5940 5967 5970
f 5940 5970 5941
f 5941 5970 5942
f 5942 5970 5943
f 5943 5970 5971
f 5943 5971 8127
f 8127 5971 8128
f 8128 5971 5945
f 8128 5945 5944
f 5944 5945 8131
f 8131 5945 5946
f 5946 5945 5949
f 5946 5949 8132
f 8132 5949 8133
f 8133 5949 5947
f 5947 5949 5948
f 5948 5949 8136
f 8136 5949 8137
f 8137 5949 8138
f 8138 5949 5979
f 8138 5979 8140
f 8140 5979 5950
f 5950 5979 5951
f 5951 5979 5981
f 5951 5981 8141
f 8141 5981 5952
f 5952 5981 5953
f 5952 5953 5954
f 5932 5955 5927
f 5927 5955 5956
f 5927 5956 5957
f 5927 5957 5934
f 5934 5957 5958
f 5958 5959 5934
f 5959 5960 5934
f 5960 5961 5963
f 5960 5962 5961
f 5960 5963 5938
f 5960 5938 5934
f 5964 5965 5938
f 5938 5965 5967
f 5967 5965 5966
f 5967 5968 5969
f 5967 5969 5970
f 5945 5972 5949
f 5949 5972 5973
f 5949 5973 5974
f 5949 5974 5975
f 5949 5975 5976
f 5976 5975 5977
f 5977 5975 5978
f 5949 5976 5979
f 5981 5982 5980
f 5981 5980 5983
f 5981 5983 5953
f 5953 5983 8145
f 8145 5983 5984
f 5984 5983 8147
f 8147 5983 8148
f 5986 8148 5985
f 5986 5985 8151
f 8151 5985 6006
f 8151 6006 8152
f 8152 6006 8153
f 8153 6006 5987
f 5987 6006 5988
f 5987 5988 8154
f 8154 5988 8155
f 8155 5988 5989
f 8155 5989 6953
f 6953 5989 8158
f 8158 5989 8159
f 8159 5989 8160
f 8160 5989 6007
f 8160 6007 5990
f 5990 6007 8161
f 8161 6007 5992
f 5992 6007 5991
f 5992 5991 5993
f 5993 5991 5994
f 5994 5991 5995
f 5995 5991 8166
f 8166 5991 5996
f 5983 5997 5998
f 5998 5997 5999
f 5999 5997 6000
f 6000 5997 6001
f 5983 5998 8148
f 8148 5998 6002
f 8148 6002 5985
f 5985 6004 6003
f 6003 6004 6005
f 5985 6003 6006
f 6007 6008 5991
f 5991 6008 6009
f 5991 6009 6010
f 6010 6011 5991
f 5991 6011 6013
f 5991 6013 6012
f 6012 6013 6014
f 6014 6013 6015
f 6014 6015 6016
f 5991 6012 6017
f 5991 6017 6018
f 6017 6020 6018
f 6018 6020 6019
f 6018 6019 6021
f 6022 6023 6025
f 6023 6022 6024
f 6025 6021 6022
f 6025 6026 6027
f 6025 6027 6028
f 6029 6030 6031
f 6029 6032 6030
f 6031 6033 6034
f 6035 6034 6036
f 6036 6034 8180
f 8180 6034 6037
f 8180 6037 8181
f 8181 6037 8182
f 8182 6037 6038
f 8182 6038 6039
f 6039 6038 6040
f 6040 6038 8184
f 8184 6038 6041
f 6041 6038 6042
f 6042 6038 6043
f 6042 6043 6044
f 6037 6045 6038
f 6038 6045 6047
f 6046 6045 6037
f 6047 6048 6050
f 6048 6047 6049
f 6047 6050 6038
f 6038 6050 6051
f 6038 6051 6052
f 6038 6052 6053
f 6053 6054 6055
f 6053 6055 6056
f 6056 6057 6053
f 6059 6057 6058
f 6059 6071 8193
f 6059 8193 6060
f 8193 6061 8194
f 8194 6061 6062
f 6062 6061 8197
f 8197 6061 8198
f 8198 6061 6063
f 8198 6063 8199
f 8199 6063 6064
f 6064 6063 6065
f 6065 6063 6066
f 6066 6063 6067
f 6067 6063 6075
f 6067 6075 6068
f 6068 6075 8202
f 8202 6075 6069
f 6069 6075 8203
f 8193 6071 6070
f 6070 6072 8193
f 6072 6074 8193
f 8193 6074 6073
f 8193 6073 6061
f 6075 6076 6081
f 6081 6076 6077
f 6081 6077 6078
f 6078 6077 6079
f 6079 6077 6080
f 6081 6078 6082
f 6082 6083 6084
f 6083 6082 6085
f 6084 6086 6081
f 6084 6081 6082
f 6088 6090 6087
f 6087 6090 6086
f 6090 6088 6089
f 6091 6090 6092
f 6091 6093 8218
f 8218 6093 6094
f 6094 6093 6095
f 6096 6093 6097
f 6096 6097 6098
f 6098 6097 6099
f 6098 6099 6100
f 6100 6099 6101
f 6096 6102 6093
f 6093 6102 6103
f 6104 6106 6107
f 6104 6107 6111
f 6106 6108 6109
f 6106 6109 6107
f 6111 6112 6110
f 6111 6110 8229
f 6112 6113 6110
f 6113 6114 6110
f 6110 6114 6115
f 6110 6115 6116
f 6116 6117 6119
f 6119 6117 6118
f 6118 6122 6119
f 8234 6119 8235
f 8235 6119 8236
f 8236 6119 8237
f 8237 6119 6127
f 8237 6127 8238
f 8238 6127 6120
f 6120 6127 6128
f 6120 6128 6121
f 6121 6128 8243
f 6122 6123 6119
f 6123 6124 6119
f 6119 6124 6127
f 6124 6125 6127
f 6127 6125 6126
f 6128 6129 6130
f 6128 6130 6131
f 6131 6132 6133
f 6133 6132 6134
f 6134 6132 8248
f 8248 6132 6135
f 6135 6132 8249
f 8249 6132 6160
f 8249 6160 8250
f 8250 6160 6136
f 6136 6160 8251
f 8251 6160 8252
f 8252 6160 8253
f 8253 6160 6138
f 8253 6138 6137
f 6137 6138 8256
f 8256 6138 6139
f 6139 6138 8257
f 8257 6138 8258
f 8258 6138 6169
f 8258 6169 6140
f 6140 6169 8260
f 8260 6169 6141
f 8260 6141 6142
f 6142 6141 8261
f 8261 6141 8262
f 8262 6141 8263
f 8263 6141 6177
f 8263 6177 8264
f 8264 6177 6143
f 6143 6177 8265
f 8265 6177 6180
f 8265 6180 8267
f 8267 6180 8268
f 8268 6180 6144
f 6144 6180 6181
f 6144 6181 6145
f 6145 6181 6182
f 6145 6182 6146
f 6146 6182 8271
f 8271 6182 6147
f 8271 6147 8272
f 8272 6147 6148
f 6148 6147 6149
f 6149 6147 6152
f 6149 6152 6150
f 6150 6152 6151
f 6151 6152 8277
f 8277 6152 8278
f 8278 6152 6153
f 6153 6152 8280
f 8280 6152 8281
f 8281 6152 6154
f 8281 6154 8282
f 8282 6154 8283
f 8283 6154 6155
f 8283 6155 6156
f 6156 6155 6157
f 6157 6155 8285
f 8285 6155 8286
f 8286 6155 6158
f 6158 6155 6920
f 6158 6920 6159
f 6160 6161 6138
f 6138 6161 6162
f 6162 6163 6138
f 6163 6164 6138
f 6138 6164 6165
f 6138 6165 6166
f 6138 6166 6167
f 6138 6167 6168
f 6138 6168 6169
f 6170 6171 6141
f 6170 6141 6169
f 6172 6173 6171
f 6171 6173 6174
f 6171 6174 6175
f 6175 6176 6171
f 6171 6176 6141
f 6141 6176 6177
f 6177 6178 6180
f 6178 6179 6180
f 6147 6183 6152
f 6152 6183 6184
f 6152 6184 6185
f 6152 6185 6186
f 6152 6186 6187
f 6152 6187 6188
f 6152 6188 6154
f 6154 6189 6155
f 6155 6189 6191
f 6191 6189 6190
f 6191 6192 6155
f 6155 6192 6193
f 6155 6193 6194
f 6197 6196 6195
f 6195 6196 6155
f 6195 6155 6194
f 6196 6197 6198
f 6198 6199 6196
f 6196 6199 6200
f 6196 6200 6201
f 6201 6200 6202
f 6202 6200 6203
f 6196 6201 6204
f 8296 6205 8297
f 8297 6205 8298
f 8298 6205 6206
f 8298 6206 6207
f 6207 6206 6208
f 6208 6206 6209
f 6208 6209 8299
f 8299 6209 6210
f 8299 6210 6211
f 6209 6212 8303
f 8303 6212 6214
f 6214 6212 6213
f 6215 6216 6212
f 6216 6217 6212
f 6212 6217 6221
f 6221 6217 6218
f 6221 6218 6219
f 6221 6219 6220
f 6221 6220 6222
f 6222 6224 6221
f 6221 6224 6223
f 6221 6223 6225
f 6225 6227 6226
f 6226 6227 6228
f 6228 6227 6229
f 6225 6226 6231
f 6231 6226 6230
f 6231 6230 6232
f 6231 6232 6233
f 6234 6235 6236
f 6234 6236 6911
f 6911 6236 6237
f 6237 6236 8319
f 8319 6236 6238
f 6238 6236 6250
f 6238 6250 6910
f 6910 6250 8321
f 8321 6250 6909
f 6909 6250 6239
f 6909 6239 6908
f 6908 6239 6240
f 6240 6239 8326
f 8326 6239 6256
f 8326 6256 6241
f 6241 6256 6242
f 6242 6256 8328
f 8328 6256 6244
f 8328 6244 6243
f 6243 6244 8329
f 8329 6244 6245
f 6245 6244 6246
f 6246 6244 6247
f 6247 6244 8332
f 8332 6244 6248
f 6248 6244 6249
f 6248 6249 8333
f 8333 6249 8334
f 8334 6249 8335
f 8335 6249 6907
f 6250 6254 6239
f 6239 6254 6255
f 6239 6255 6251
f 6251 6255 6252
f 6252 6255 6253
f 6239 6251 6256
f 6256 6257 6244
f 6244 6257 6258
f 6244 6258 6259
f 6259 6260 6261
f 6259 6261 6262
f 6259 6262 6244
f 6244 6262 6263
f 6263 6264 6249
f 6249 6264 6265
f 6249 6265 6266
f 6249 6266 6267
f 6249 6267 6269
f 6249 6269 6268
f 6249 6268 6270
f 6271 6272 8339
f 8339 6272 8340
f 8340 6272 6273
f 6273 6272 6274
f 6274 6272 6275
f 6275 6272 6277
f 6277 6272 6276
f 6277 6276 8341
f 8341 6276 8342
f 8342 6276 6278
f 6278 6276 8344
f 6272 6279 6276
f 6276 6279 6280
f 6276 6280 6281
f 6276 6281 8344
f 8344 6281 6282
f 6282 6281 8345
f 8345 6281 8346
f 8346 6281 6283
f 8346 6283 6284
f 6284 6283 6285
f 6285 6283 6286
f 6286 6283 6309
f 6286 6309 8349
f 8349 6309 6287
f 6287 6309 6288
f 6288 6309 6289
f 6289 6290 6291
f 6291 6290 6292
f 6292 6290 8354
f 8354 6290 6318
f 8354 6318 8355
f 8355 6318 8356
f 8356 6318 6293
f 8356 6293 8358
f 8358 6293 8359
f 8359 6293 6319
f 8359 6319 8361
f 8361 6319 6294
f 6294 6319 6324
f 6294 6324 6295
f 6295 6324 8364
f 8364 6324 6296
f 8364 6296 6297
f 6297 6296 6298
f 6281 6300 6299
f 6299 6300 6301
f 6281 6299 6283
f 6283 6299 6302
f 6283 6302 6303
f 6283 6303 6304
f 6283 6304 6305
f 6306 6307 6305
f 6305 6307 6308
f 6308 6309 6283
f 6308 6283 6305
f 6309 6310 6289
f 6289 6310 6311
f 6289 6311 6312
f 6289 6312 6290
f 6312 6313 6290
f 6290 6314 6318
f 6314 6290 6315
f 6314 6315 6316
f 6316 6315 6317
f 6320 6296 6321
f 6321 6296 6322
f 6321 6322 6323
f 6320 6325 6326
f 6327 6328 6329
f 6329 6330 6327
f 6327 6330 6331
f 6327 6331 6326
f 6326 6331 8368
f 6330 6332 6331
f 6331 6332 6335
f 6331 6335 6333
f 6334 6336 6333
f 6333 6336 6337
f 6337 6336 6338
f 6338 6339 6337
f 6337 6339 6340
f 6337 6340 6341
f 8376 6337 6342
f 6342 6337 6343
f 6343 6337 6894
f 6894 6337 6344
f 6894 6344 6893
f 6893 6344 8380
f 8380 6344 8381
f 8381 6344 6345
f 8381 6345 8382
f 8382 6345 8383
f 8383 6345 6892
f 6892 6345 6346
f 6892 6346 6347
f 6337 6341 6348
f 6337 6348 6349
f 6337 6349 6344
f 6346 6345 6350
f 6353 6354 6352
f 6352 6354 6358
f 6352 6358 6351
f 6351 6358 6355
f 6351 6355 8393
f 6354 6353 6356
f 6354 6357 6358
f 6358 6357 6361
f 6358 6361 6359
f 6358 6359 6360
f 6358 6360 6363
f 6358 6363 6362
f 6358 6362 6366
f 6362 6364 6366
f 6366 6364 6365
f 6366 6365 6371
f 6366 6371 6367
f 6364 6368 6365
f 6365 6368 6369
f 6365 6369 6370
f 6367 6372 6373
f 6367 6373 8405
f 8405 6373 6374
f 6374 6373 6375
f 6374 6375 8407
f 6373 6372 6376
f 6376 6372 6377
f 6376 6377 6378
f 6379 6380 6373
f 6379 6373 6376
f 6381 6382 6380
f 6380 6382 8410
f 6381 6386 6383
f 6381 6383 6384
f 6385 6387 8414
f 8414 6387 6388
f 6388 6387 8416
f 8416 6387 8418
f 8418 6387 8417
f 8417 6387 6389
f 8417 6389 8419
f 8419 6389 6390
f 6390 6389 6391
f 6390 6391 8421
f 8421 6391 8422
f 8422 6391 6392
f 6387 6385 6393
f 6393 6385 6394
f 6393 6394 6395
f 6395 6394 6396
f 6395 6397 6393
f 6393 6397 6398
f 6393 6399 6387
f 6387 6399 6389
f 6401 6402 6400
f 6400 6402 6391
f 6400 6391 6389
f 6402 6401 6403
f 6402 6404 6391
f 6391 6404 6406
f 6391 6406 6405
f 6405 6406 6407
f 6405 6407 6408
f 6408 6416 6405
f 6405 6416 6409
f 6405 6409 6410
f 6410 6409 8426
f 8426 6409 6411
f 6411 6409 8427
f 8427 6409 8428
f 8428 6409 6419
f 8428 6419 6412
f 6412 6419 8430
f 8430 6419 8431
f 8431 6419 8433
f 8433 6419 6413
f 8433 6413 6414
f 6414 6413 6415
f 6409 6416 6417
f 6409 6417 6418
f 6418 6421 6409
f 6409 6421 6419
f 6419 6420 6413
f 6413 6423 6422
f 6413 6422 6415
f 6423 6424 6429
f 6429 6424 6425
f 6429 6425 6428
f 6424 6426 6425
f 6425 6426 6427
f 6428 6435 6429
f 6430 6429 6431
f 6431 6429 6432
f 6432 6429 6443
f 6432 6443 6433
f 6433 6443 6434
f 6429 6435 6436
f 6436 6437 6429
f 6437 6438 6429
f 6429 6438 6439
f 6429 6439 6443
f 6443 6439 6442
f 6438 6440 6439
f 6439 6440 6441
f 6434 6443 8442
f 8442 6443 6444
f 6444 6443 8443
f 8443 6443 6445
f 8443 6445 6446
f 6446 6445 8444
f 8444 6445 6447
f 8444 6447 8445
f 8445 6447 6448
f 6448 6447 6449
f 6449 6447 6469
f 6449 6469 8448
f 8448 6469 8449
f 8449 6469 6473
f 8449 6473 6451
f 6451 6473 6450
f 6451 6450 6452
f 6452 6450 6453
f 6453 6450 8452
f 8452 6450 6474
f 8452 6474 6454
f 6454 6474 6455
f 6455 6474 8455
f 8455 6474 6456
f 8455 6456 6457
f 6457 6456 6458
f 6458 6456 8458
f 8458 6456 6481
f 8458 6481 6459
f 6459 6481 6460
f 6460 6481 6484
f 6460 6484 8460
f 8460 6484 6871
f 6871 6484 8461
f 6442 6461 6443
f 6461 6462 6443
f 6443 6462 6445
f 6462 6464 6465
f 6465 6445 6462
f 6445 6463 6466
f 6467 6468 6466
f 6466 6468 6469
f 6466 6469 6447
f 6468 6467 6470
f 6470 6467 6472
f 6470 6472 6471
f 6475 6476 6456
f 6475 6456 6474
f 6476 6477 6478
f 6478 6479 6476
f 6476 6479 6480
f 6480 6481 6456
f 6480 6456 6476
f 6481 6482 6484
f 6484 6482 6483
f 6486 6489 6485
f 6485 6489 6484
f 6489 6486 6487
f 6489 6487 6488
f 6489 6488 6490
f 6491 6492 6487
f 6487 6492 6493
f 6491 6494 6492
f 6493 6488 6487
f 6489 6490 6495
f 6489 6495 6496
f 6496 6495 6497
f 6490 6498 6495
f 6496 6497 6499
f 6500 6501 8475
f 8475 6501 6502
f 6502 6501 8477
f 8477 6501 8478
f 8478 6501 8480
f 8480 6501 6511
f 8480 6511 6503
f 6503 6511 8481
f 8481 6511 6504
f 6504 6511 6505
f 6505 6511 6506
f 6505 6506 6507
f 6507 6506 8484
f 8484 6506 6508
f 6508 6506 6509
f 6508 6509 6510
f 6511 6512 6506
f 6506 6512 6513
f 6506 6513 6514
f 6514 6515 6506
f 6506 6515 6516
f 6506 6516 6509
f 6509 6516 8487
f 8487 6516 6517
f 6517 6516 8489
f 8489 6516 6518
f 8489 6518 8490
f 8490 6518 8491
f 8491 6518 6535
f 8491 6535 6519
f 6519 6535 8494
f 8494 6535 8495
f 8495 6535 8496
f 8496 6535 6541
f 8496 6541 6520
f 6520 6541 8499
f 8499 6541 6521
f 8499 6521 6522
f 6522 6521 6523
f 6523 6521 6546
f 6523 6546 6524
f 6524 6546 6525
f 6524 6525 6526
f 6526 6525 6527
f 6516 6515 6528
f 6516 6528 6529
f 6529 6530 6516
f 6530 6531 6516
f 6516 6531 6532
f 6516 6532 6518
f 6518 6533 6534
f 6518 6534 6535
f 6534 6533 6536
f 6534 6536 6537
f 6537 6536 6538
f 6535 6539 6541
f 6541 6539 6540
f 6543 6542 6541
f 6542 6543 6544
f 6544 6543 6545
f 6542 6521 6541
f 6546 6547 6525
f 6525 6547 8505
f 8505 6547 6548
f 8505 6548 8506
f 8506 6548 8507
f 8507 6548 6555
f 8507 6555 8508
f 8508 6555 8509
f 8509 6555 6549
f 6549 6555 6552
f 6549 6552 6550
f 6550 6552 6551
f 6551 6552 8512
f 8512 6552 8513
f 8513 6552 8515
f 8515 6552 6570
f 8515 6570 8516
f 8516 6570 6553
f 6553 6570 6576
f 6553 6576 6554
f 6554 6576 8519
f 6548 6556 6557
f 6548 6557 6555
f 6558 6559 6555
f 6555 6559 6561
f 6559 6558 6560
f 6555 6561 6552
f 6552 6561 6562
f 6562 6563 6552
f 6552 6563 6564
f 6552 6564 6565
f 6566 6567 6565
f 6565 6567 6568
f 6568 6569 6565
f 6565 6569 6570
f 6570 6552 6565
f 6570 6571 6572
f 6570 6572 6576
f 6576 6572 6573
f 6572 6571 6574
f 6574 6571 6575
f 6576 6573 6577
f 6577 6578 6576
f 6576 6578 6579
f 6579 6578 6580
f 6579 6580 6581
f 6579 6581 6582
f 6579 6582 8524
f 8524 6582 6583
f 6583 6582 8526
f 8526 6582 6584
f 8526 6584 6585
f 6585 6584 8528
f 8528 6584 8529
f 8529 6584 6586
f 8529 6586 8530
f 8530 6586 8531
f 8531 6586 8532
f 8532 6586 6587
f 8532 6587 6588
f 6588 6587 8534
f 8534 6587 6590
f 6590 6587 6589
f 6590 6589 6591
f 6591 6589 8537
f 8537 6589 6592
f 8537 6592 6593
f 6593 6592 6594
f 6594 6592 6595
f 6595 6592 6597
f 6595 6597 6596
f 6596 6597 8541
f 8541 6597 8542
f 8542 6597 8543
f 8543 6597 6598
f 8543 6598 6599
f 6599 6598 6600
f 6600 6598 8545
f 8545 6598 8546
f 8546 6601 6602
f 6584 6603 6586
f 6586 6603 6587
f 6587 6603 6604
f 6587 6604 6605
f 6605 6606 6607
f 6605 6607 6608
f 6605 6608 6587
f 6587 6608 6589
f 6609 6589 6610
f 6609 6610 6611
f 6589 6609 6592
f 6592 6613 6612
f 6592 6612 6597
f 6597 6612 6614
f 6614 6615 6597
f 6597 6615 6616
f 6617 6598 6597
f 6617 6597 6616
f 6598 6618 8546
f 8546 6618 6619
f 6619 6618 6620
f 6619 6620 6621
f 6619 6621 6622
f 6622 6621 6623
f 6619 6624 8546
f 6624 6625 8546
f 8546 6625 6601
f 6625 6627 6626
f 6627 6630 6628
f 6627 6628 6629
f 6627 6631 6630
f 6630 6633 6634
f 6630 6634 6632
f 6632 6635 6636
f 6635 6637 6636
f 6640 6638 6637
f 6637 6638 6639
f 6638 6640 6641
f 6639 6642 6636
f 6639 6636 6637
f 6642 6643 8564
f 6642 8564 8563
f 6644 8564 6646
f 6644 6646 6645
f 6645 6646 8568
f 8568 6646 8569
f 8569 6646 6647
f 6647 6646 6648
f 6647 6648 6649
f 6649 6648 8573
f 8573 6648 8575
f 8575 6648 6651
f 8575 6651 8576
f 8576 6651 6650
f 6650 6651 8577
f 8577 6651 8579
f 8579 6651 8578
f 8578 6651 6652
f 6652 6651 6665
f 6652 6665 6653
f 6653 6665 6654
f 6643 6655 8564
f 8564 6655 6656
f 8564 6656 6657
f 8564 6657 6646
f 6646 6657 6658
f 6646 6658 6659
f 6659 6660 6646
f 6646 6660 6661
f 6646 6661 6648
f 6660 6662 6661
f 6661 6662 6663
f 6651 6664 6665
f 6665 6666 6686
f 6665 6686 6852
f 6852 6686 6667
f 6667 6686 8582
f 8582 6686 6668
f 6669 6668 6670
f 6669 6670 8583
f 8583 6670 6671
f 6671 6670 8585
f 8585 6670 6672
f 8585 6672 8586
f 8586 6672 8587
f 8587 6672 8588
f 8588 6672 6673
f 6673 6672 8589
f 8589 6672 6674
f 6674 6672 6705
f 6674 6705 8590
f 8590 6705 8591
f 8591 6705 6675
f 6675 6705 6706
f 6675 6706 6676
f 6676 6706 6677
f 6677 6706 6708
f 6677 6708 8597
f 8597 6708 6678
f 8597 6678 8598
f 8598 6678 8599
f 8599 6678 6679
f 6679 6678 8600
f 8600 6678 6680
f 8600 6680 8602
f 8602 6680 8603
f 8603 6680 6681
f 8603 6681 8604
f 8604 6681 8605
f 8605 6681 8606
f 8606 6681 6718
f 8606 6718 8607
f 8607 6718 8608
f 8608 6718 6720
f 8608 6720 6682
f 6682 6720 6683
f 6683 6720 6684
f 6683 6684 6685
f 6686 6666 6687
f 6686 6687 6688
f 6688 6687 6689
f 6686 6690 6691
f 6694 6692 6691
f 6691 6692 6693
f 6691 6693 6668
f 6693 6695 6668
f 6668 6695 6696
f 6668 6696 6670
f 6670 6697 6672
f 6697 6698 6672
f 6672 6698 6699
f 6699 6698 6700
f 6700 6698 6701
f 6701 6698 6702
f 6672 6699 6703
f 6672 6703 6704
f 6672 6704 6705
f 6706 6707 6708
f 6680 6678 6709
f 6709 6710 6680
f 6680 6710 6711
f 6711 6710 6712
f 6712 6713 6711
f 6711 6713 6714
f 6711 6715 6716
f 6716 6717 6711
f 6711 6717 6681
f 6711 6681 6680
f 6681 6717 6718
f 6720 6721 6719
f 6720 6719 6722
f 6720 6722 6684
f 6684 6722 6723
f 6723 6722 6724
f 6724 6722 6725
f 6725 6722 6726
f 6725 6726 6727
f 6727 6726 6728
f 6728 6726 6729
f 6728 6729 8616
f 8616 6729 8617
f 8617 6729 8618
f 8618 6729 8619
f 8619 6729 6730
f 8619 6730 6731
f 6731 6730 8621
f 8621 6730 6744
f 8621 6744 8622
f 8622 6744 8623
f 8623 6744 6732
f 6719 6733 6722
f 6722 6733 6735
f 6722 6735 6734
f 6722 6734 6736
f 6722 6736 6737
f 6722 6737 6738
f 6738 6737 6739
f 6739 6737 6740
f 6740 6737 6741
f 6722 6738 6726
f 6726 6738 6742
f 6726 6742 6743
f 6744 6756 6745
f 6744 6745 6732
f 6746 6745 6747
f 6746 6747 6845
f 6845 6747 8628
f 8628 6747 6764
f 8628 6764 6748
f 6748 6764 8630
f 8630 6764 8631
f 8631 6764 6749
f 6749 6764 6767
f 6749 6767 6750
f 6750 6767 8633
f 8633 6767 6752
f 6752 6767 6751
f 6752 6751 6753
f 6753 6751 8638
f 6753 8638 6754
f 6754 8638 6755
f 6745 6756 6757
f 6745 6757 6758
f 6745 6758 6759
f 6745 6759 6747
f 6759 6760 6747
f 6747 6760 6761
f 6761 6762 6747
f 6762 6763 6747
f 6747 6763 6764
f 6766 6767 6765
f 6765 6767 6764
f 6767 6768 6751
f 6768 6767 6769
f 6768 6769 6770
f 6770 6769 6771
f 6751 6772 6773
f 6751 6773 8638
f 8638 6773 8639
f 8639 6773 6774
f 6774 6773 6775
f 6775 6773 6776
f 6775 6776 8642
f 8642 6776 6777
f 6777 6776 6778
f 6778 6776 6779
f 6778 6779 6780
f 6780 6779 6843
f 6843 6779 6783
f 6843 6783 6781
f 6781 6783 6782
f 6773 6772 6784
f 6773 6784 6785
f 6773 6785 6789
f 6773 6789 6786
f 6786 6789 6787
f 6787 6789 6788
f 6788 6789 6790
f 6773 6786 6776
f 6781 6782 6791
f 6791 6782 6792
f 6791 6792 6793
f 6791 6793 6794
f 6794 6793 6795
f 6795 6793 6796
f 6796 6793 6797
f 6797 6793 6798
f 6791 6794 6799
f 6799 6794 6800
f 6799 6800 6801
f 6801 6802 6799
f 6799 6802 6803
f 6799 6803 6804
f 6804 6803 6805
f 6809 6807 6806
f 6806 6807 6808
f 6806 6808 6811
f 6806 6811 6803
f 6803 6811 6810
f 6810 6811 6812
f 6812 6811 6814
f 6812 6814 6813
f 6813 6814 6815
f 6810 6812 6816
f 6810 6816 6817
f 6810 6817 6818
f 6818 6817 6819
f 6819 6817 6820
f 6810 6818 6821
f 6821 6822 8669
f 8669 6822 8671
f 8671 6822 6823
f 6823 6822 6824
f 6824 6822 6825
f 6825 6822 2849
f 6825 2849 8672
f 8672 2849 6826
f 6826 2849 6827
f 6827 2849 6828
f 6827 6828 8673
f 8673 6828 6829
f 6829 6828 8675
f 8675 6828 8676
f 8676 6828 8678
f 8678 6828 6830
f 8678 6830 8677
f 8677 6830 8680
f 8680 6830 6831
f 8680 6831 8682
f 8682 6831 6832
f 6832 6831 8686
f 6832 8686 8685
f 2849 2850 6828
f 6828 2850 2852
f 6828 2852 2853
f 2853 2855 6828
f 6828 2855 2858
f 6828 2858 2859
f 6828 2859 6830
f 6830 2859 2861
f 6830 2862 6831
f 6831 2862 2864
f 6833 6831 2870
f 6831 6833 8686
f 8685 6834 6832
f 6821 8669 6835
f 6835 8667 6821
f 6821 8667 8666
f 8666 8665 6821
f 6821 8665 8663
f 6821 8663 6810
f 8663 6836 6810
f 6836 8662 6810
f 6810 8662 6837
f 6810 6837 6803
f 6803 6837 6838
f 6803 6838 6805
f 6804 6839 6799
f 6799 6839 6840
f 6840 8657 6799
f 6799 8657 6841
f 6799 6841 8656
f 6799 8656 6791
f 6791 8656 8655
f 8655 8654 6791
f 6791 8654 6781
f 8654 8653 6781
f 6781 8653 6842
f 6781 6842 8651
f 6781 8651 6844
f 6781 6844 6843
f 6732 6846 8623
f 8623 6846 6847
f 6727 6848 6849
f 6727 6849 6725
f 6685 6850 6683
f 6676 6851 8592
f 6676 8592 6675
f 6665 6852 6654
f 6645 6853 6644
f 6642 8563 8562
f 6642 8562 8561
f 8561 6854 6642
f 6642 6854 6855
f 6642 6855 6636
f 6857 6856 6636
f 6636 6856 6632
f 6856 6857 6858
f 6858 6857 6859
f 6856 8557 6632
f 6632 8557 8556
f 6632 8556 6630
f 6630 8556 8555
f 8555 6860 6630
f 6860 8554 6630
f 6630 8554 8553
f 6630 8553 6628
f 6629 6626 6627
f 6625 6626 6601
f 8546 6602 6861
f 6861 6602 6862
f 6579 8524 6863
f 6863 6864 6579
f 6579 6864 6865
f 6579 6865 6866
f 6579 6866 6576
f 6576 6866 8520
f 8520 8519 6576
f 6510 6867 6508
f 8475 8474 6500
f 6500 8474 8472
f 6500 8472 8470
f 8470 8471 6500
f 6500 8471 6868
f 6868 8469 6500
f 6500 8469 6496
f 6496 8469 8468
f 6496 8468 8467
f 6496 8467 6869
f 6496 6869 6489
f 6489 6869 8466
f 6489 8466 8465
f 6489 8465 6870
f 6489 6870 8463
f 6489 8463 8461
f 6489 8461 6484
f 6430 6872 6429
f 6429 6872 6873
f 6429 6873 6423
f 6423 6873 8437
f 6874 6875 6872
f 6872 6875 6873
f 8437 8435 6423
f 8435 6422 6423
f 6876 8425 6410
f 6410 8425 6405
f 6405 6392 6391
f 6392 6877 8422
f 8422 6877 6878
f 6385 8414 6879
f 6385 6879 6880
f 6385 6880 6386
f 6386 6880 6383
f 6384 6382 6381
f 8410 6375 6380
f 6380 6375 6373
f 6881 6882 8407
f 8407 6882 6374
f 6367 8405 8403
f 6367 8403 6883
f 6367 6883 6884
f 6367 6884 6366
f 6366 6884 8401
f 8401 8400 6366
f 6366 8400 6885
f 6366 6885 8398
f 8398 6886 6366
f 6366 6886 6887
f 6888 6889 6887
f 6887 6889 6358
f 6887 6358 6366
f 6888 6890 6889
f 6889 6891 6358
f 6358 6891 8394
f 6358 8394 6355
f 6351 8393 8391
f 8391 8390 6351
f 6351 8390 8388
f 6351 8388 6350
f 6350 8388 8387
f 8387 6346 6350
f 6892 6347 8384
f 6337 8376 6895
f 6337 6895 6333
f 6333 6895 8374
f 8374 6896 6333
f 6333 6896 6331
f 6331 6896 8373
f 6331 8373 6897
f 6897 8373 6898
f 6897 6898 6899
f 6899 6900 6897
f 6897 8368 6331
f 8368 6901 6326
f 6326 6901 8367
f 6326 8367 6902
f 6326 6902 6320
f 6320 6902 6903
f 6320 6903 8365
f 6320 8365 6296
f 6296 8365 6904
f 6904 6298 6296
f 6289 6291 6905
f 6905 6291 6906
f 6271 8339 8338
f 6271 8338 6270
f 8338 8337 6270
f 6270 8337 6907
f 6234 6911 8316
f 6234 8316 8315
f 8315 8314 6234
f 6234 8314 8313
f 6234 8313 6231
f 6231 8313 6912
f 6231 6912 8312
f 8312 6913 6231
f 6231 6913 6914
f 6231 6914 6225
f 6914 8309 6225
f 6225 8309 6915
f 6225 6915 6221
f 6221 6915 8306
f 6221 8306 6916
f 6221 6916 8304
f 6221 8304 6213
f 6221 6213 6212
f 8303 6210 6209
f 6211 6917 8299
f 6205 8296 8295
f 6205 8295 8294
f 6205 8294 6204
f 6204 8294 6918
f 6918 8293 6204
f 6204 8293 8292
f 6204 8292 6196
f 6196 8292 8291
f 8291 8290 6196
f 6196 8290 6919
f 6196 6919 6920
f 6921 6922 8290
f 8290 6922 6919
f 6196 6920 6155
f 6133 8245 6131
f 6131 8245 6923
f 6131 6923 8243
f 6131 8243 6128
f 6121 8242 6120
f 6120 8242 6924
f 8234 6925 6119
f 6119 6925 8233
f 6119 8233 8232
f 6119 8232 6110
f 6110 8232 8231
f 6110 8231 8230
f 6110 8230 6926
f 6926 6927 6110
f 6110 6927 6928
f 6110 6928 8229
f 8229 8228 6111
f 6111 8228 8227
f 8227 6929 6111
f 6111 6929 8226
f 6111 8226 6104
f 6104 8226 8225
f 6104 8225 8224
f 6104 8224 6105
f 6105 6930 6104
f 6104 6930 6931
f 6931 6930 6932
f 6932 6930 6933
f 6104 6931 6103
f 6103 6931 8222
f 6103 8222 6095
f 6095 6934 6094
f 6091 8218 6935
f 6091 6935 8217
f 6091 8217 6936
f 6091 6936 8215
f 6091 8215 8214
f 6091 8214 6090
f 6090 8214 8213
f 8213 8212 6090
f 6090 8212 6937
f 6090 6937 6086
f 6937 8210 6086
f 6086 8210 6938
f 6086 6938 8209
f 6086 8209 6081
f 6081 8209 8207
f 6081 8207 8206
f 6081 8206 6939
f 6939 8203 6081
f 6081 8203 6075
f 6060 8191 6059
f 6059 8191 8190
f 6059 8190 6057
f 6057 8190 8189
f 6057 8189 6940
f 6057 6940 6941
f 6057 6941 6053
f 6941 6043 6053
f 6053 6043 6038
f 6044 6942 6042
f 8182 6039 6943
f 6943 6039 8183
f 6943 8183 6944
f 6034 6035 8177
f 8177 6945 6034
f 6034 6945 6031
f 6031 6945 6946
f 6946 6945 6947
f 6946 6948 6031
f 6031 6948 6028
f 6948 8173 6028
f 8173 8172 6028
f 6028 8172 6025
f 8172 8171 6025
f 8171 6949 6025
f 6025 6949 6021
f 6021 6949 6950
f 6950 8170 6021
f 6021 8170 8169
f 6021 8169 8168
f 6021 8168 6018
f 6018 5996 5991
f 6951 6952 5995
f 5995 6952 5994
f 6953 8157 8156
f 6953 8156 8155
f 5954 6954 5952
f 5936 5937 6955
f 6955 5937 6956
f 6955 6956 6957
f 5935 8117 5933
f 5933 8117 6958
f 8115 6959 5927
f 5927 6959 6960
f 5927 6960 8114
f 5927 8114 5924
f 8114 8113 5924
f 5924 8113 6961
f 5924 6961 8112
f 8112 8110 5924
f 5924 8110 5922
f 8110 8109 5922
f 5922 8109 6962
f 5922 6962 5909
f 6963 6964 8097
f 8097 6964 8094
f 8097 8094 5904
f 5904 8094 8093
f 5904 8093 5897
f 5897 8093 6965
f 6965 8091 5897
f 5897 8091 6966
f 5897 6966 5894
f 5894 6966 8089
f 5894 8089 6967
f 6967 6968 5894
f 5894 6968 5892
f 6968 8087 5892
f 5892 8087 6969
f 5892 6969 6970
f 5892 6970 5886
f 5886 6970 6972
f 5886 6972 6971
f 5886 6971 5885
f 6971 6973 5885
f 5882 8082 8081
f 5882 8081 5869
f 8068 6974 5854
f 5854 6974 6975
f 6975 8066 5854
f 5854 8066 8065
f 5854 8065 8064
f 8064 8063 5854
f 5854 8063 5850
f 5850 8063 8062
f 5850 8062 8061
f 5850 8061 5844
f 8061 8059 5844
f 5844 8059 6976
f 6976 5840 5844
f 5835 6977 5832
f 6977 6978 5832
f 5832 6978 5826
f 6978 8047 5826
f 5826 8047 6979
f 5826 6979 5825
f 5825 6979 8044
f 8044 8043 5825
f 8043 8042 5825
f 5825 8042 6980
f 5825 6980 5820
f 6980 8041 5820
f 5820 8041 8039
f 5820 8039 6981
f 5820 6981 8037
f 5820 8037 5814
f 5814 8037 6982
f 6982 8035 5814
f 5814 8035 8034
f 5804 8024 5799
f 5799 8024 8023
f 8023 6983 5799
f 5799 6983 6984
f 5799 6984 5796
f 6984 8022 5796
f 5760 8011 5759
f 5759 8011 6986
f 6987 6988 5755
f 5755 6988 8000
f 5744 5747 6989
f 5744 6989 6990
f 6990 7993 5744
f 5744 7993 6991
f 5744 6991 7992
f 5741 7991 6992
f 6992 6993 5741
f 5741 6993 6994
f 6994 5713 5735
f 5712 6995 5711
f 5711 6995 6996
f 5643 5644 6997
f 6997 5644 6998
f 6997 6998 6999
f 5635 7928 7927
f 5635 7927 7000
f 5635 7000 7926
f 7926 7925 5635
f 5635 7925 7001
f 5632 7923 7922
f 5632 7922 5625
f 7922 7921 5625
f 5625 7921 7920
f 7920 7919 5625
f 5625 7919 7918
f 7918 7917 5625
f 7917 7916 5624
f 5624 7916 7915
f 5624 7915 7002
f 5624 7002 7914
f 5623 7913 7003
f 5623 7003 7004
f 7004 7003 7910
f 7910 7003 7005
f 7910 7005 7006
f 5623 7004 5615
f 5615 7004 7909
f 7909 5617 5615
f 5616 7907 5612
f 5612 7907 7906
f 7906 7905 5612
f 5612 7905 7008
f 5612 7008 7903
f 7903 5610 5612
f 5605 7009 7010
f 5605 7010 7011
f 7011 7010 7012
f 7011 7012 7013
f 5605 7011 5600
f 5600 7011 7900
f 5600 7900 7014
f 5600 7014 5598
f 5598 7014 7897
f 5598 7897 7015
f 5598 7015 7896
f 5593 7892 5596
f 5596 7892 5592
f 5591 5592 7891
f 7891 5567 5591
f 7018 7865 7017
f 7017 7865 5548
f 7017 5548 5557
f 7018 7019 7865
f 7865 7020 5548
f 7020 7864 5548
f 5548 7864 7021
f 5548 7021 5519
f 5504 7838 7022
f 5504 7022 7837
f 7837 7836 5504
f 5504 7836 5494
f 5504 5494 5491
f 5483 5489 7830
f 7830 7829 5483
f 5483 7829 7023
f 5483 7023 5482
f 5482 7023 7826
f 7829 7024 7023
f 7023 7024 7025
f 7826 7825 5482
f 5482 7825 7824
f 5476 5481 5477
f 7821 7820 5475
f 5475 7820 7819
f 7819 7818 5475
f 5475 7818 5473
f 7818 7026 5473
f 5473 7026 7817
f 5473 7817 7027
f 5473 7027 7815
f 7815 7028 5473
f 5473 7028 5461
f 5461 7028 7029
f 7029 7030 5461
f 5461 7030 7813
f 5461 7813 7812
f 5461 7812 5433
f 5461 5433 5430
f 7801 7804 7031
f 7031 7804 7802
f 7785 7783 5420
f 7783 5419 5420
f 7780 7778 5411
f 7778 7777 5411
f 5411 7777 5405
f 5405 7777 7776
f 7776 7032 5405
f 5405 7032 7775
f 5405 7775 7774
f 5405 7774 7773
f 5405 7773 7772
f 7768 7771 7033
f 7033 7771 7034
f 7033 7034 7035
f 5392 7758 7757
f 7757 7756 5392
f 5392 7756 5393
f 5394 7753 5387
f 5387 7753 7752
f 5387 7752 5384
f 7752 7036 5384
f 7036 7751 5384
f 5384 7751 7750
f 5384 7750 7749
f 5384 7749 5377
f 5377 7749 7037
f 5377 7037 7747
f 5377 7747 7746
f 5377 7746 5374
f 5370 5376 7742
f 5370 7742 5368
f 5368 7742 7740
f 7740 7038 5368
f 5368 7038 7039
f 5368 7039 7738
f 5368 7738 5358
f 5358 7738 7040
f 7040 7041 5358
f 5358 7041 7736
f 7736 7042 5358
f 5358 7042 7733
f 7733 7043 5358
f 5358 7043 7732
f 5358 7732 5305
f 5278 7044 7703
f 5278 7703 5277
f 7045 7046 5275
f 5275 7046 5274
f 5269 7047 7688
f 7688 7047 7689
f 7689 7047 7048
f 5266 7682 5258
f 5258 7682 7680
f 5258 7680 5254
f 5254 7680 7049
f 5254 7049 7679
f 5254 7679 7678
f 7678 7677 5254
f 5254 7677 5253
f 7050 5229 5230
f 7051 7658 5212
f 5212 7658 5211
f 5204 7648 7647
f 5204 7647 5196
f 5204 5196 5193
f 5192 7640 7639
f 5192 7639 7638
f 5192 7638 5187
f 7638 7052 5187
f 7052 5161 5187
f 5143 7617 5142
f 5142 7617 7616
f 7616 7053 5142
f 5142 7053 7615
f 5142 7615 5139
f 5139 7615 7054
f 7054 5138 5139
f 5138 7612 5137
f 5137 7612 7055
f 5137 7055 5135
f 5135 7055 7610
f 5135 7610 5129
f 5135 5129 5127
f 5125 5128 7057
f 5125 7057 5119
f 5119 7057 7605
f 5119 7605 7604
f 7604 7059 5119
f 5119 7059 5117
f 5117 7059 7058
f 5117 7058 7060
f 5117 7060 7602
f 5117 7602 5116
f 7602 7601 5116
f 5116 7601 7061
f 5116 7061 5107
f 5107 7061 7600
f 5107 7600 7062
f 7062 7598 5107
f 7598 7597 5107
f 5107 7597 7596
f 5107 7596 5106
f 5106 7596 7594
f 5106 7594 7593
f 7593 7592 5106
f 7592 7591 5105
f 5105 7591 7063
f 5105 7063 7589
f 5105 7589 7064
f 5063 7586 7585
f 5063 7585 7584
f 7065 7583 7584
f 7584 7583 7582
f 7584 7582 5064
f 5064 7582 7581
f 5064 7581 7066
f 5064 7066 7067
f 5064 7067 5104
f 5104 7067 7578
f 7578 7068 5104
f 5104 7068 7577
f 7577 7069 5104
f 5104 7069 5102
f 5104 5102 5072
f 5096 7070 7568
f 7567 5088 7568
f 7568 5088 5096
f 7567 7565 5088
f 5095 5091 5090
f 7206 7071 5089
f 7071 7072 5089
f 5089 7072 7073
f 7200 7560 7559
f 7200 7559 7075
f 7075 7559 7074
f 7074 7558 7075
f 7075 7558 7557
f 7075 7557 7076
f 7075 7076 7555
f 7075 7555 7554
f 7075 7554 7553
f 7075 7553 7078
f 7078 7553 7077
f 7077 7551 7078
f 7551 7550 7078
f 7078 7550 7549
f 7078 7549 7079
f 7078 7079 7080
f 7080 7079 7548
f 7548 7547 7080
f 7080 7547 7081
f 7080 7081 7082
f 7082 7545 7080
f 7080 7545 7184
f 7184 7545 7083
f 7083 7543 7184
f 7184 7543 7542
f 7184 7542 7084
f 7084 7542 7085
f 7085 7540 7084
f 7084 7540 7086
f 7086 7539 7084
f 7084 7539 7087
f 7182 7088 7089
f 7182 7089 7183
f 7183 7089 7090
f 7090 7089 7179
f 7179 7089 7178
f 7178 7089 7091
f 7091 7089 7092
f 7091 7092 7177
f 7177 7092 7093
f 7539 7538 7087
f 7538 7094 7087
f 7087 7094 7088
f 7095 7096 7094
f 7094 7096 7535
f 7094 7535 7088
f 7088 7535 7533
f 7533 7532 7088
f 7088 7532 7089
f 7532 7097 7089
f 7089 7097 7098
f 7098 7527 7089
f 7089 7527 7099
f 7089 7099 7176
f 7176 7099 7526
f 7176 7526 7100
f 7176 7100 7101
f 7176 7101 7102
f 7102 7101 7524
f 7102 7524 7522
f 7102 7522 7103
f 7103 7522 7104
f 7103 7104 7521
f 7103 7521 7520
f 7103 7520 7105
f 7103 7105 7107
f 7107 7105 7106
f 7107 7106 7108
f 7108 7106 7110
f 7110 7106 7109
f 7520 7519 7105
f 7105 7519 7518
f 7105 7518 7517
f 7105 7517 7172
f 7172 7517 7111
f 7172 7111 7516
f 7172 7516 7112
f 7112 7516 7515
f 7112 7515 7113
f 7112 7113 7114
f 7114 7115 7116
f 7114 7116 7112
f 7112 7116 7117
f 7117 7116 7118
f 7118 7116 7168
f 7168 7116 7167
f 7116 7115 7119
f 7119 7115 7120
f 7119 7120 7121
f 7119 7122 7116
f 7116 7122 7123
f 7123 7509 7116
f 7116 7509 7124
f 7124 7508 7116
f 7116 7508 7125
f 7116 7125 7167
f 7126 7125 7128
f 7126 7128 7163
f 7163 7128 7127
f 7127 7128 7162
f 7162 7128 7129
f 7129 7128 7130
f 7130 7128 7131
f 7132 7131 7133
f 7132 7133 7142
f 7125 7508 7507
f 7507 7506 7125
f 7125 7506 7128
f 7128 7506 7505
f 7505 7134 7128
f 7128 7134 7135
f 7128 7135 7136
f 7136 7137 7128
f 7128 7137 7138
f 7128 7138 7131
f 7131 7138 7500
f 7137 7139 7138
f 7138 7139 7140
f 7131 7500 7133
f 7141 7143 7159
f 7141 7159 7133
f 7133 7159 7142
f 7143 7497 7159
f 7497 7144 7159
f 7159 7144 7145
f 7145 7144 7146
f 7145 7146 7147
f 7147 7148 7145
f 7145 7148 7149
f 7145 7149 7150
f 7151 7152 7148
f 7148 7152 7149
f 7489 7487 7490
f 7490 7487 7153
f 7490 7153 7150
f 7150 7153 7154
f 7489 7155 7487
f 7487 7486 7153
f 7486 7485 7153
f 7153 7485 7484
f 7153 7484 7157
f 7157 7484 7483
f 7157 7483 7295
f 7153 7157 7156
f 7153 7156 7158
f 7153 7158 7154
f 7154 7145 7150
f 7160 7161 7129
f 7129 7161 7162
f 7163 7164 7126
f 7164 7163 7165
f 7165 7163 7166
f 7169 7170 7168
f 7168 7170 7171
f 7168 7171 7118
f 7103 7173 7102
f 7102 7174 7175
f 7102 7175 7176
f 7179 7178 7180
f 7179 7180 7181
f 7080 7184 7185
f 7080 7185 7186
f 7186 7187 7188
f 7186 7188 7189
f 7186 7189 7080
f 7080 7189 7190
f 7192 7078 7191
f 7191 7078 7080
f 7191 7080 7190
f 7192 7193 7078
f 7078 7193 7194
f 7078 7194 7195
f 7195 7194 7196
f 7195 7196 7197
f 7195 7198 7075
f 7075 7198 7199
f 7075 7199 7201
f 7201 7200 7075
f 7200 7201 7202
f 7202 7201 7203
f 7202 7203 7204
f 7204 7203 7205
f 7075 7078 7195
f 7092 7089 7176
f 5064 5063 7584
f 5385 5387 5384
f 5797 5799 5796
f 5818 5814 8034
f 5884 5892 5886
f 5895 5897 5894
f 6029 6031 6028
f 6093 6103 6095
f 6116 6119 6110
f 6233 6234 6231
f 6263 6249 6244
f 6249 6270 6907
f 6466 6447 6445
f 6691 6668 6686
f 7206 2932 5090
f 5090 2932 2928
f 7184 2971 2966
f 7184 2966 7185
f 7185 2966 2969
f 7185 2969 2970
f 7185 2970 7186
f 7186 2970 2968
f 7186 2968 7187
f 7187 2968 2967
f 7187 2967 7188
f 7188 2967 2959
f 7188 2959 7189
f 7189 2959 2957
f 7189 2957 7190
f 7190 2957 2958
f 7190 2958 7191
f 7191 2958 2956
f 7191 2956 7192
f 7192 2956 2953
f 7192 2953 2952
f 7192 2952 7193
f 7193 2952 2950
f 7193 2950 7194
f 7194 2950 7196
f 7196 2950 2948
f 7196 2948 7197
f 7197 2948 7195
f 7195 2948 2946
f 7195 2946 7198
f 7198 2946 7199
f 7199 2946 2939
f 7199 2939 7201
f 7201 2939 2938
f 7201 2938 2941
f 7201 2941 7203
f 7203 2941 2943
f 7203 2943 7205
f 7205 2943 2944
f 7205 2944 7204
f 7204 2944 2942
f 7204 2942 7202
f 7202 2942 2940
f 7202 2940 7200
f 7200 2940 2935
f 7200 2935 7206
f 7206 2935 2932
f 2972 2971 7084
f 7084 2971 7184
f 2977 2972 7087
f 7087 2972 7084
f 7172 3009 3008
f 7172 3008 7105
f 7105 3008 3005
f 7105 3005 7106
f 7106 3005 7109
f 7109 3005 3004
f 7109 3004 7110
f 7110 3004 7108
f 7108 3004 7107
f 7107 3004 3002
f 7107 3002 7103
f 7103 3002 3001
f 7103 3001 7173
f 7173 3001 3000
f 7173 3000 2999
f 7173 2999 7102
f 7102 2999 7174
f 7174 2999 7175
f 7175 2999 2996
f 7175 2996 7176
f 7176 2996 7092
f 7092 2996 2995
f 7092 2995 7093
f 7093 2995 2994
f 7093 2994 7177
f 7177 2994 7091
f 7091 2994 2991
f 7091 2991 7178
f 7178 2991 7180
f 7180 2991 2992
f 7180 2992 7181
f 7181 2992 7179
f 7179 2992 7090
f 7090 2992 2986
f 7090 2986 7183
f 7183 2986 2989
f 7183 2989 2988
f 7183 2988 7182
f 7182 2988 2984
f 7182 2984 7088
f 7088 2984 2982
f 7088 2982 2977
f 7088 2977 7087
f 7112 3012 3009
f 7112 3009 7172
f 7117 7207 7112
f 7112 7207 3012
f 7159 7208 7209
f 7159 7209 7142
f 7142 7209 7210
f 7142 7210 7132
f 7132 7210 7211
f 7132 7211 7131
f 7131 7211 7212
f 7131 7212 7130
f 7130 7212 7213
f 7130 7213 7129
f 7129 7213 7214
f 7129 7214 7160
f 7160 7214 7161
f 7161 7214 7215
f 7161 7215 7162
f 7162 7215 7127
f 7127 7215 7216
f 7127 7216 7217
f 7127 7217 7163
f 7163 7217 7166
f 7166 7217 7218
f 7166 7218 7165
f 7165 7218 7164
f 7164 7218 7219
f 7164 7219 7126
f 7126 7219 7220
f 7126 7220 7125
f 7125 7220 7221
f 7125 7221 7167
f 7167 7221 7168
f 7168 7221 7222
f 7168 7222 7169
f 7169 7222 7170
f 7170 7222 7223
f 7170 7223 7171
f 7171 7223 7118
f 7118 7223 7224
f 7118 7224 7117
f 7117 7224 7207
f 3012 7225 7453
f 7453 7225 7226
f 7453 7226 7227
f 7225 3012 7228
f 7228 3012 7207
f 7228 7207 7229
f 7229 7207 7230
f 7230 7207 7231
f 7231 7207 7224
f 7231 7224 7232
f 7232 7224 7223
f 7232 7223 7233
f 7233 7223 7234
f 7234 7223 7222
f 7234 7222 7235
f 7235 7222 7236
f 7236 7222 7237
f 7237 7222 7221
f 7237 7221 7238
f 7238 7221 7239
f 7239 7221 7220
f 7239 7220 7240
f 7240 7220 7241
f 7241 7220 7219
f 7241 7219 7242
f 7242 7219 7218
f 7242 7218 7243
f 7243 7218 7244
f 7244 7218 7217
f 7244 7217 7245
f 7245 7217 7246
f 7246 7217 7216
f 7246 7216 7247
f 7247 7216 7215
f 7247 7215 7248
f 7248 7215 7249
f 7249 7215 7214
f 7249 7214 7250
f 7250 7214 7213
f 7250 7213 7251
f 7251 7213 7252
f 7252 7213 7253
f 7253 7213 7212
f 7253 7212 7254
f 7254 7212 7255
f 7255 7212 7256
f 7256 7212 7211
f 7256 7211 7257
f 7257 7211 7210
f 7257 7210 7258
f 7258 7210 7259
f 7259 7210 7260
f 7260 7210 7209
f 7260 7209 7261
f 7261 7209 7262
f 7262 7209 7263
f 7263 7209 7208
f 7263 7208 7264
f 7264 7208 7265
f 7265 7208 7266
f 7266 7208 7267
f 7267 7208 7268
f 7267 7268 7269
f 7269 7268 7270
f 7270 7268 7271
f 7271 7268 7272
f 7272 7268 7273
f 7273 7268 7274
f 7274 7268 7275
f 7275 7268 7276
f 7275 7276 7277
f 7277 7276 7278
f 7278 7276 7279
f 7279 7276 7280
f 7279 7280 7281
f 7281 7280 7282
f 7282 7280 7283
f 7283 7280 7284
f 7283 7284 7285
f 7285 7284 7286
f 7285 7286 7287
f 7287 7286 7288
f 7288 7286 7483
f 7288 7483 7289
f 7289 7483 7290
f 7290 7483 7291
f 7291 7483 7482
f 7291 7482 7292
f 7292 7482 7293
f 7293 7482 7294
f 7286 7295 7483
f 7293 7294 7296
f 7296 7294 7297
f 7297 7294 7480
f 7297 7480 7479
f 7297 7479 7298
f 7298 7479 7299
f 7298 7299 7300
f 7300 7299 7301
f 7301 7299 7478
f 7301 7478 7302
f 7302 7478 7303
f 7303 7478 7477
f 7303 7477 7304
f 7304 7477 7476
f 7304 7476 7305
f 7305 7476 7306
f 7306 7476 7307
f 7307 7476 7308
f 7307 7308 7475
f 7307 7475 7309
f 7309 7475 7474
f 7309 7474 7310
f 7310 7474 7311
f 7310 7311 7312
f 7312 7311 7473
f 7312 7473 7313
f 7313 7473 7314
f 7314 7473 7472
f 7314 7472 7315
f 7315 7472 7471
f 7315 7471 7316
f 7316 7471 7317
f 7317 7471 7470
f 7317 7470 7318
f 7318 7470 7469
f 7318 7469 7319
f 7319 7469 7320
f 7320 7469 7468
f 7320 7468 7321
f 7321 7468 7322
f 7322 7468 7324
f 7322 7324 7323
f 7323 7324 7325
f 7325 7324 7466
f 7325 7466 7326
f 7326 7466 7327
f 7327 7466 7465
f 7327 7465 7328
f 7328 7465 7329
f 7329 7465 7464
f 7329 7464 7330
f 7330 7464 7463
f 7330 7463 7331
f 7331 7463 7332
f 7332 7463 7333
f 7332 7333 7334
f 7334 7333 7335
f 7335 7333 7462
f 7335 7462 7336
f 7336 7462 7461
f 7336 7461 7337
f 7337 7461 7338
f 7338 7461 7339
f 7339 7461 7460
f 7339 7460 7340
f 7340 7460 7341
f 7341 7460 7342
f 7341 7342 7343
f 7343 7342 7344
f 7344 7342 7459
f 7344 7459 7345
f 7345 7459 7346
f 7346 7459 7347
f 7347 7459 7458
f 7347 7458 7348
f 7348 7458 7349
f 7349 7458 7457
f 7349 7457 7350
f 7350 7457 7456
f 7350 7456 7351
f 7351 7456 7352
f 7352 7456 7353
f 7353 7456 7354
f 7353 7354 7355
f 7355 7354 7356
f 7356 7354 7357
f 7356 7357 7358
f 7358 7357 7359
f 7359 7357 7360
f 7360 7357 7361
f 7360 7361 7362
f 7362 7361 7363
f 7363 7361 7455
f 7363 7455 7364
f 7364 7455 7365
f 7365 7455 7367
f 7365 7367 7366
f 7366 7367 7368
f 7368 7367 7369
f 7368 7369 7370
f 7370 7369 7373
f 7370 7373 7371
f 7371 7373 7372
f 7372 7373 7374
f 7374 7373 7375
f 7374 7375 7376
f 7376 7375 7377
f 7376 7377 7378
f 7378 7377 7379
f 7379 7377 7380
f 7380 7377 7381
f 7381 7377 7383
f 7381 7383 7382
f 7382 7383 7384
f 7384 7383 7385
f 7385 7383 7387
f 7385 7387 7386
f 7386 7387 7388
f 7388 7387 7390
f 7388 7390 7389
f 7389 7390 7391
f 7391 7390 7394
f 7391 7394 7392
f 7392 7394 7393
f 7393 7394 7395
f 7393 7395 7396
f 7396 7395 7398
f 7396 7398 7397
f 7397 7398 7399
f 7399 7398 7401
f 7399 7401 7400
f 7400 7401 7402
f 7402 7401 7403
f 7403 7401 7404
f 7403 7404 7405
f 7405 7404 7406
f 7405 7406 7407
f 7407 7406 7408
f 7408 7406 7409
f 7409 7406 7410
f 7409 7410 7411
f 7411 7410 7412
f 7412 7410 7413
f 7412 7413 7414
f 7414 7413 7415
f 7415 7413 7416
f 7416 7413 7418
f 7416 7418 7417
f 7417 7418 7420
f 7417 7420 7419
f 7419 7420 7421
f 7421 7420 7422
f 7422 7420 7423
f 7423 7420 7424
f 7423 7424 7425
f 7425 7424 7426
f 7425 7426 7427
f 7427 7426 7429
f 7427 7429 7428
f 7428 7429 7430
f 7430 7429 7431
f 7431 7429 7432
f 7431 7432 7433
f 7433 7432 7434
f 7434 7432 7436
f 7434 7436 7435
f 7435 7436 7437
f 7437 7436 7439
f 7437 7439 7438
f 7438 7439 7440
f 7440 7439 7441
f 7441 7439 7442
f 7441 7442 7443
f 7443 7442 7444
f 7444 7442 7445
f 7445 7442 7448
f 7445 7448 7446
f 7446 7448 7447
f 7447 7448 7449
f 7449 7448 7451
f 7449 7451 7450
f 7450 7451 7452
f 7452 7451 7453
f 7452 7453 7454
f 7454 7453 7227
f 3011 7453 7451
f 3011 7451 3013
f 3013 7451 7448
f 3013 7448 3010
f 3010 7448 7442
f 3010 7442 3007
f 3007 7442 7439
f 3007 7439 3006
f 3006 7439 7436
f 3006 7436 3003
f 3003 7436 7432
f 3003 7432 3014
f 3014 7432 7429
f 3014 7429 3015
f 3015 7429 7426
f 3015 7426 3016
f 3016 7426 7424
f 3016 7424 2998
f 2998 7424 7420
f 2998 7420 2997
f 2997 7420 7418
f 2997 7418 2993
f 2993 7418 7413
f 2993 7413 2990
f 2990 7413 7410
f 2990 7410 7406
f 2990 7406 2987
f 2987 7406 7404
f 2987 7404 2985
f 2985 7404 7401
f 2985 7401 2983
f 2983 7401 7398
f 2983 7398 2979
f 2979 7398 7395
f 2979 7395 2981
f 2981 7395 7394
f 2981 7394 2980
f 2980 7394 2978
f 2978 7394 7390
f 2978 7390 2975
f 2975 7390 7387
f 2975 7387 2976
f 2976 7387 3017
f 3017 7387 7383
f 3017 7383 2974
f 2974 7383 2973
f 2973 7383 7377
f 2973 7377 2965
f 2965 7377 7375
f 2965 7375 2964
f 2964 7375 7373
f 2964 7373 3018
f 3018 7373 3019
f 3019 7373 2963
f 2963 7373 7369
f 2963 7369 7367
f 2963 7367 2960
f 2960 7367 2961
f 2961 7367 7455
f 2961 7455 2962
f 2962 7455 7361
f 2962 7361 2955
f 7357 2955 7361
f 7357 2954 2955
f 7354 2954 7357
f 7354 2951 2954
f 2951 7456 2949
f 7457 2947 2949
f 2947 7457 7458
f 3021 7459 2945
f 3022 7342 2937
f 2937 7342 7460
f 2934 7461 7462
f 2933 7462 7333
f 2931 7463 7464
f 2931 7464 2930
f 2930 7464 7465
f 2930 7465 2929
f 2927 7466 7324
f 2927 7324 7467
f 2919 7469 7470
f 2919 7470 2918
f 2918 7470 7471
f 2917 7471 7472
f 7308 7476 2907
f 3024 7477 7478
f 2903 7299 2899
f 2899 7299 3025
f 3025 7299 7479
f 7294 7481 2897
f 7481 7294 7482
f 2890 7483 2891
f 2891 7483 7484
f 2891 7484 7485
f 2884 7486 2883
f 2883 7486 7487
f 7155 7488 7487
f 7487 3027 2883
f 7488 7155 2880
f 2880 7155 3028
f 3028 7489 2878
f 7155 7489 3028
f 2878 7489 7490
f 7150 7491 7490
f 7490 7491 2878
f 7149 7152 7492
f 7492 7152 7493
f 7493 7152 7151
f 7493 7151 7494
f 7494 7151 7148
f 7494 7148 7147
f 7494 7147 3030
f 3030 7147 7495
f 7144 7496 7146
f 7147 7146 7495
f 7495 7146 7496
f 3035 7497 3034
f 7498 7497 7143
f 7498 7143 7141
f 7498 7141 7499
f 3042 7500 3039
f 7501 7500 7138
f 7501 7138 7140
f 7501 7140 3043
f 7502 7137 7136
f 7502 7136 7503
f 7503 7136 7135
f 7141 7133 7499
f 7140 7139 3043
f 3043 7139 7502
f 7502 7139 7137
f 7503 7135 3046
f 7504 3046 7135
f 7504 7135 7134
f 7504 7134 7505
f 7504 7505 3049
f 3049 7505 7506
f 7507 3049 7506
f 3051 7508 3059
f 3059 7508 7124
f 3059 7124 3060
f 3060 7124 7509
f 7123 7510 3053
f 7510 7123 7122
f 7511 7122 7119
f 7511 7119 7512
f 3061 7513 7120
f 3061 7120 7115
f 7119 7121 7512
f 7512 7121 7513
f 7121 7120 7513
f 7114 3061 7115
f 7113 3063 7114
f 3063 7113 7515
f 3063 7515 7514
f 7515 7516 3064
f 7516 7111 3065
f 7516 3065 3064
f 7111 3066 3065
f 3070 7519 7520
f 3070 7520 3071
f 3071 7520 7521
f 3073 7522 7523
f 7111 7517 3068
f 7522 7524 7523
f 7101 3080 7524
f 3080 7101 7100
f 3080 7100 7525
f 7100 7526 7525
f 7526 7099 3087
f 3088 7527 7528
f 7528 7527 7098
f 7529 7098 7097
f 7529 7097 7530
f 7530 7097 7531
f 7530 7531 3090
f 3090 7531 7532
f 3090 7532 3091
f 3091 7532 7533
f 7097 7532 7531
f 7096 7534 7535
f 7533 7535 3091
f 7534 7096 7536
f 7536 7096 7095
f 7536 7095 7537
f 7537 7538 3094
f 7095 7094 7537
f 7537 7094 7538
f 7539 7086 3097
f 3097 7086 3098
f 3098 7086 3096
f 3096 7086 7540
f 3096 7540 7541
f 7541 7540 7085
f 7541 7085 3099
f 3099 7542 3100
f 3100 7542 7543
f 7085 7542 3099
f 3102 7083 7544
f 7544 7083 7545
f 7546 7082 3105
f 3105 7082 7081
f 3112 7079 7549
f 3112 7549 7550
f 7552 7551 7077
f 7552 7077 3117
f 3117 7077 7553
f 3118 7555 7556
f 7076 7556 7555
f 7545 7082 7546
f 7547 7548 3107
f 7550 7551 3115
f 3121 7557 3122
f 3122 7557 7558
f 3122 7558 7074
f 3124 7074 7559
f 3129 7559 7560
f 7560 5089 3129
f 3129 5089 7561
f 3130 7561 7072
f 3130 7072 7071
f 3130 7071 7562
f 7563 7562 5093
f 7563 5093 5091
f 5089 7073 7561
f 7073 7072 7561
f 7071 5092 7562
f 7562 5092 5093
f 5095 3132 5091
f 5091 3132 7563
f 3132 5095 7564
f 3133 5094 7565
f 5095 5094 7564
f 7564 5094 3133
f 7566 7565 7567
f 7566 7567 3134
f 3134 7567 3136
f 3136 7567 7568
f 7568 7070 3135
f 3135 7070 3137
f 3137 5097 7569
f 7569 5097 3141
f 3141 5097 7570
f 3152 5098 7571
f 7070 5096 3137
f 5096 5097 3137
f 5098 5099 7571
f 7571 5099 7572
f 7572 5099 3142
f 5099 5101 3142
f 5101 7574 3153
f 5101 3153 3142
f 7575 5103 7576
f 7576 5103 5102
f 5102 7069 3155
f 3155 7069 3156
f 3156 7069 7577
f 7573 5103 7575
f 7068 3150 3156
f 3150 7068 7578
f 7578 7067 7579
f 7579 7067 7580
f 7580 7066 7581
f 7067 7066 7580
f 3164 7583 3165
f 3165 7584 3166
f 3166 7584 7585
f 7583 7065 3165
f 7065 7584 3165
f 7588 7064 7589
f 7586 7064 7587
f 7587 7064 7588
f 7590 7591 3169
f 3169 7591 7592
f 7589 7063 3168
f 3168 7063 7590
f 7063 7591 7590
f 7592 7593 3170
f 3170 7593 3171
f 3171 7593 7594
f 3171 7594 7595
f 7596 7595 7594
f 3183 7596 3172
f 7596 7597 3172
f 7598 7599 3175
f 7600 7061 3178
f 3178 7061 3184
f 3184 7061 7601
f 7598 7062 7599
f 3185 7602 3181
f 3181 7602 7060
f 7603 7058 7059
f 3193 7604 3189
f 3189 7604 7605
f 3189 7605 7057
f 3190 7057 5128
f 7606 5128 7607
f 3186 7059 3194
f 7056 7608 7607
f 7607 7608 7606
f 7608 7056 5129
f 7609 5129 7610
f 7609 7610 3199
f 7610 7055 7611
f 3201 7611 7055
f 3201 7055 7612
f 7613 7612 5138
f 3202 7054 7615
f 5138 7054 7614
f 7614 7054 3202
f 7053 3203 7615
f 3204 7616 3207
f 3207 7616 7617
f 7617 5143 3207
f 3216 5144 5145
f 3216 5145 3215
f 3215 5145 7618
f 7619 3213 3210
f 3214 5147 7621
f 7619 5146 3213
f 7621 3218 3214
f 3221 5150 3223
f 3223 7623 3224
f 7621 5149 7622
f 5150 7623 3223
f 7623 5152 7624
f 7624 5152 7625
f 7625 5152 5153
f 7626 3229 3228
f 3231 5154 3232
f 7626 7627 3229
f 5154 5156 3232
f 5156 3233 3232
f 3233 5156 7628
f 3236 5157 3240
f 3240 5157 7629
f 7629 7630 3237
f 7629 3237 3240
f 3241 7633 7634
f 3247 5158 3243
f 3243 5158 7635
f 7631 7633 7632
f 7632 7633 3241
f 7635 5160 3246
f 3255 7638 7639
f 3255 7639 7641
f 7641 7639 7640
f 5160 5161 3246
f 3246 5161 7636
f 7636 5161 7637
f 7637 5161 7052
f 7642 7641 7640
f 7643 7645 7644
f 7644 7645 3260
f 7645 5194 3260
f 5195 7646 3263
f 3265 5196 3267
f 3267 5196 7647
f 3269 7647 3270
f 3270 7647 7648
f 7650 7649 5206
f 7652 3273 7653
f 7654 5209 7655
f 7654 7655 3277
f 3277 7655 7656
f 7646 5197 3263
f 3263 5197 3265
f 5197 5196 3265
f 7651 7653 3273
f 5211 7657 7656
f 7657 5211 7658
f 7659 3278 7051
f 7659 7051 5212
f 7658 7051 3278
f 7659 5212 5217
f 7660 5218 7661
f 7661 5218 5219
f 5217 5218 7660
f 3282 7662 3294
f 3294 7662 7663
f 7663 7664 3295
f 7663 3295 3294
f 3296 7665 7666
f 3296 7666 3286
f 7666 7667 3286
f 3288 5220 3292
f 7667 5220 3288
f 5221 3293 3292
f 5221 3292 5220
f 5221 7668 3293
f 3302 7670 7671
f 7672 5223 3304
f 3304 5223 7673
f 7673 5225 3304
f 3304 5225 7674
f 5226 5227 7675
f 7675 5227 3306
f 3306 5227 5228
f 3309 7676 3310
f 3310 7050 3312
f 3312 7050 5230
f 5230 7677 3314
f 3314 7677 7678
f 7668 5222 3298
f 7669 7670 3301
f 7671 5223 7672
f 7676 5229 3310
f 5229 7050 3310
f 3315 7679 7049
f 3315 7049 3317
f 3317 7049 7680
f 7680 7682 3317
f 3317 7682 7681
f 7683 5266 3329
f 3329 5266 7684
f 3329 5267 7685
f 7685 7686 3323
f 3323 7686 7687
f 7688 7689 3332
f 3332 7689 3330
f 7691 7690 7047
f 7691 7047 5269
f 7691 5269 7692
f 3327 7692 7693
f 7693 5271 5272
f 7694 5272 7695
f 7682 5266 7683
f 7685 5267 7686
f 7689 7048 3330
f 3330 7048 7690
f 7048 7047 7690
f 7693 7692 5271
f 5272 5273 7695
f 7046 3335 5274
f 5274 3335 5273
f 5273 3335 7695
f 7045 3335 7046
f 3335 7045 7696
f 7696 7045 5275
f 7696 5275 7697
f 7697 5275 7698
f 7697 7698 3337
f 3337 7698 7699
f 3337 7699 7700
f 7700 7699 7701
f 7701 7702 3340
f 7703 7044 3338
f 3338 7044 7704
f 7704 5280 7705
f 7701 5277 7702
f 5277 7703 7702
f 7044 5278 7704
f 5278 5280 7704
f 5280 5281 7705
f 3350 5283 3349
f 3349 7706 3352
f 3352 7706 7707
f 5283 7706 3349
f 3353 5285 3355
f 3355 5285 7708
f 3358 7709 7710
f 7711 7710 5287
f 7712 5287 5288
f 7713 5290 7714
f 5288 5290 3362
f 3362 5290 7713
f 7713 7714 7715
f 7715 7714 5291
f 7715 5291 7716
f 7717 5293 3367
f 3367 5293 7718
f 7716 5293 7717
f 3367 7718 7719
f 7722 7721 5295
f 7720 5295 3370
f 7722 5296 3371
f 3371 5296 3372
f 3372 5296 5297
f 7723 5297 5299
f 7723 5299 7724
f 7724 5300 3376
f 3378 7726 7727
f 7727 7726 5302
f 5299 5300 7724
f 7725 7726 3378
f 7729 5303 3382
f 3382 5303 5304
f 7728 5303 7729
f 3384 7730 7731
f 7731 7730 5306
f 5306 7732 7731
f 3395 7733 3396
f 3396 7733 7042
f 3396 7042 7734
f 7735 7734 7042
f 7735 7042 7736
f 7040 7738 7737
f 7738 7039 7739
f 7739 7039 3398
f 7038 3394 3399
f 3394 7038 7740
f 7741 7740 7742
f 7741 7742 3400
f 3400 7742 5376
f 5375 7743 5376
f 5376 7743 3400
f 7743 5375 7744
f 7744 5375 5374
f 7744 5374 7745
f 7745 5374 7746
f 7747 7037 3402
f 3402 7037 7748
f 7748 7037 3408
f 7037 7749 3408
f 7750 7751 3407
f 3407 7751 7036
f 3411 7752 3412
f 7036 7752 3411
f 3412 7752 7753
f 3416 3413 5394
f 3416 5394 5396
f 7753 5394 3413
f 3416 5396 7754
f 7754 5396 5395
f 7754 5395 7755
f 7755 5395 3418
f 5395 5393 3418
f 3418 5393 7756
f 7757 3421 3419
f 7757 3419 7756
f 7756 3419 3418
f 3421 7758 7759
f 7758 5398 7759
f 5398 7760 7759
f 3424 7760 7761
f 3424 7761 7762
f 3424 7762 7763
f 7763 7762 7764
f 3426 7764 7765
f 7765 7766 3429
f 3429 7766 3431
f 3431 7766 7767
f 3431 7767 7768
f 7035 3432 7033
f 7033 3432 7769
f 7033 7769 7768
f 7768 7769 3431
f 3432 7035 7770
f 7770 7035 7034
f 7770 7034 3433
f 3433 7771 3436
f 3436 7771 7772
f 3436 7772 3437
f 3437 7772 7773
f 7034 7771 3433
f 3434 7774 3435
f 3435 7774 7775
f 3435 7775 3438
f 3447 7776 3440
f 3440 7776 3441
f 3441 7776 7777
f 7778 7779 3441
f 7779 7778 3445
f 3445 7778 7780
f 7780 5412 7781
f 7781 5412 5418
f 7781 5418 5419
f 7781 5419 7782
f 7782 5419 7783
f 7784 7785 3451
f 7783 7785 7784
f 3451 7785 7786
f 3454 7788 7789
f 3454 7789 3455
f 7789 5423 3461
f 7789 3461 3455
f 3457 7790 3460
f 7792 7791 7793
f 7793 7794 7792
f 7794 5424 3466
f 3466 5424 7795
f 7790 7791 3460
f 7793 5424 7794
f 3467 7796 3468
f 3468 7796 7797
f 7797 3470 3468
f 7797 7798 3470
f 7800 5426 3472
f 3472 5426 5427
f 7799 5426 7800
f 3473 7801 7031
f 3473 7031 3474
f 3474 7031 7802
f 3474 7802 3482
f 3482 7802 7803
f 7802 7804 7803
f 7804 7805 3475
f 7804 3475 7803
f 3477 7805 5429
f 3477 5429 7806
f 7806 5431 3480
f 3480 5431 7807
f 5429 5431 7806
f 7807 7809 3480
f 7810 7809 5432
f 7810 5432 5433
f 7807 7808 7809
f 7808 5432 7809
f 7810 5433 7811
f 5433 7812 7811
f 7811 7813 7814
f 3489 7814 7030
f 7813 7030 7814
f 3489 7029 3491
f 7029 7028 3491
f 3491 7815 7816
f 7815 7027 7816
f 7817 7026 3493
f 7818 7819 3497
f 3497 7819 3500
f 7821 5478 3498
f 3502 3498 5478
f 3502 5478 5477
f 3502 5477 7822
f 7822 5477 5481
f 5480 7823 5481
f 7823 5480 3503
f 3503 5480 7824
f 3504 7825 3505
f 3505 7825 7826
f 7826 7023 7827
f 7827 7023 7828
f 3511 7024 7829
f 7023 7025 7828
f 7025 7024 7828
f 7828 7024 3511
f 3512 7830 7831
f 7830 5489 7831
f 5488 5490 3513
f 3513 5490 3514
f 3514 5490 7832
f 7833 5492 5493
f 5490 5492 7832
f 5493 5494 7834
f 7834 5494 7835
f 7835 5494 7836
f 3522 7838 3520
f 3520 7838 5508
f 3523 5509 3526
f 7839 5510 3527
f 3527 5510 7840
f 3529 7840 7841
f 5509 7839 3526
f 7841 7840 7842
f 7843 3530 7842
f 7842 3530 7841
f 7843 5512 7844
f 5512 7845 7844
f 7845 7846 3532
f 7845 3532 7844
f 7847 7846 7848
f 7847 7848 3534
f 7848 7849 3534
f 7849 7850 3534
f 5514 3536 7850
f 7850 3536 3534
f 3551 7851 3550
f 3550 7851 7852
f 3541 7852 7853
f 7853 5516 7854
f 7854 5516 7855
f 5516 7856 7855
f 7856 7857 3552
f 7856 3552 7855
f 3546 7858 7859
f 5518 7858 3546
f 7859 7858 7861
f 5520 7860 7861
f 7861 7860 7859
f 7860 5520 7862
f 7862 5520 7021
f 7862 7021 7863
f 7863 7864 3553
f 3553 7864 7020
f 7021 7864 7863
f 3555 7020 7865
f 3555 7865 7866
f 7865 7019 7866
f 7866 7019 7018
f 7866 7018 3558
f 3558 7018 7017
f 3558 7017 5557
f 3558 5557 3560
f 3560 5557 7867
f 3562 7868 7869
f 7870 7871 3565
f 3565 7871 3566
f 3566 7871 7872
f 7016 3570 7874
f 7016 7874 7875
f 3570 7016 5560
f 3570 5560 7876
f 3577 7876 7877
f 3577 7877 3573
f 3573 7877 7878
f 7878 7877 7879
f 3574 5562 3576
f 3576 5562 7880
f 7879 5562 3574
f 3578 7881 7882
f 3578 7882 7883
f 7884 5563 7885
f 7884 7885 7886
f 7886 7885 5564
f 7882 5563 7883
f 3583 5565 3593
f 3593 5565 3594
f 3594 5565 7887
f 3595 7888 3587
f 7888 5566 3587
f 3587 5566 7889
f 7889 5566 5567
f 7889 5567 7890
f 5567 7891 7890
f 3596 5592 7892
f 7892 5593 3599
f 3592 5592 3596
f 5593 5595 3599
f 3599 5595 7893
f 7893 5595 5594
f 7893 5594 7894
f 7894 5594 7895
f 7896 7015 3600
f 3600 7015 3602
f 3602 7015 7897
f 3602 7897 7898
f 7897 7014 7898
f 7899 7014 7900
f 7899 7900 3606
f 3606 7900 3607
f 3607 7011 7013
f 3607 7013 7901
f 7901 7013 7012
f 7901 7012 7902
f 7902 7010 7009
f 3617 7903 3611
f 3611 7903 7008
f 3611 7008 7904
f 7900 7011 3607
f 7012 7010 7902
f 7008 7905 7904
f 7904 7905 3615
f 3615 7905 7906
f 7907 5616 3620
f 5616 7007 3630
f 7908 7007 5617
f 7908 5617 7909
f 3624 7909 7004
f 3626 7910 7006
f 3626 7006 7911
f 7913 7912 7003
f 7006 7005 7911
f 7911 7005 7912
f 7005 7003 7912
f 7913 3629 7912
f 3635 7002 3637
f 3637 7002 7915
f 7915 7916 3636
f 7915 3636 3637
f 3632 7917 3638
f 3638 7917 7918
f 3638 7918 3639
f 3639 7918 7919
f 3641 7920 7921
f 3641 7921 3642
f 3642 7921 7922
f 3644 7922 7923
f 3646 7923 7924
f 7924 7923 7001
f 7925 7926 3649
f 3649 7926 3651
f 3651 7926 7000
f 7000 7927 3654
f 3654 7927 7928
f 3655 5640 7929
f 7928 5640 3655
f 3666 7929 3667
f 3667 7929 7930
f 3667 7930 7931
f 3661 7931 5642
f 3661 5643 7932
f 3664 7932 6997
f 3664 6997 6999
f 5643 6997 7932
f 3664 6999 6998
f 3664 6998 7933
f 7933 7934 3665
f 3665 7934 5645
f 6998 5644 7933
f 5644 7934 7933
f 5645 5646 7935
f 7935 5646 5647
f 7935 5647 7936
f 3671 3670 7939
f 7936 5647 7937
f 5647 7938 7937
f 7938 7939 3670
f 3674 3671 5649
f 3674 5649 5651
f 3675 7941 3680
f 7940 5649 3671
f 3674 5651 3675
f 5651 7941 3675
f 7941 5652 3680
f 3680 5652 7942
f 3683 7943 7944
f 7942 5652 7943
f 5652 7944 7943
f 7947 7946 5653
f 7947 5653 3684
f 3684 5653 5655
f 7948 5656 3687
f 3687 5656 3688
f 3688 5656 7949
f 7949 5656 7950
f 7950 7951 3694
f 3694 7951 3697
f 3697 7951 3698
f 3698 7951 7952
f 7953 5658 5657
f 3700 3699 7955
f 3700 7955 5688
f 3705 7957 5689
f 3705 5689 7958
f 7959 5691 7960
f 7961 5692 3706
f 3706 5692 7962
f 7945 7946 3683
f 7951 5658 7952
f 7952 5658 7953
f 5657 7954 3699
f 3699 7954 7955
f 7956 5689 7957
f 7960 5692 7961
f 3707 5693 3708
f 3708 5693 3709
f 3709 5694 5696
f 5693 5694 3709
f 7964 7963 5695
f 7964 5695 7965
f 5696 5695 7963
f 7966 5699 7967
f 7967 5699 5701
f 7965 5699 7966
f 3714 5701 3723
f 3723 5701 7968
f 3725 5702 3716
f 3716 5702 7969
f 3718 7969 5703
f 3718 5703 7970
f 3722 5703 7971
f 7970 5703 3722
f 7972 7974 7973
f 7975 3735 7974
f 7975 7976 3735
f 7976 7977 3735
f 7978 7977 5704
f 5704 5705 3730
f 3730 5705 3737
f 3737 5705 3738
f 3738 5705 5706
f 7979 7980 3734
f 7980 5708 3734
f 3739 5708 5709
f 5709 7981 3740
f 3740 7981 3742
f 3742 7981 7982
f 3741 5711 6996
f 3741 6996 3745
f 7984 7983 5712
f 7984 5712 7985
f 6996 6995 3745
f 3745 6995 7983
f 6995 5712 7983
f 7986 7985 5713
f 7986 5713 7987
f 7987 5713 3748
f 3748 5713 6994
f 3748 6994 6993
f 3748 6993 7988
f 7988 6993 7989
f 7989 6993 6992
f 7990 6992 7991
f 3754 3752 7992
f 7991 7992 3752
f 3763 7993 3762
f 3762 7993 6990
f 3762 6990 3760
f 3760 6990 6989
f 6989 5747 3755
f 6989 3755 3760
f 3757 5747 7994
f 3759 7994 7995
f 7994 5748 7995
f 3771 7996 5749
f 5751 7997 5749
f 3772 7997 5751
f 3772 5751 5752
f 3772 5752 7998
f 8000 6988 8001
f 8001 6988 8002
f 8003 8002 5755
f 8003 5755 8004
f 6988 6987 8002
f 6987 5755 8002
f 8003 8004 3774
f 3774 8005 8006
f 8006 8005 5757
f 8004 8005 3774
f 8006 5757 8007
f 8007 5757 5758
f 8007 5758 3775
f 8008 3775 5758
f 8008 8009 3776
f 8012 8010 6986
f 8012 6986 8011
f 8008 5759 8009
f 8009 5759 8010
f 5759 6986 8010
f 5760 8012 8011
f 8012 5760 8013
f 8013 5774 5775
f 5760 5774 8013
f 8014 5775 6985
f 8014 6985 8015
f 8015 6985 8016
f 8015 8016 3783
f 5777 8017 3783
f 3783 8017 8018
f 8016 5777 3783
f 8018 8019 3786
f 3786 8019 8020
f 5780 8020 8019
f 8021 5781 5782
f 8021 5782 3793
f 3795 3793 8022
f 8022 6984 3797
f 3797 6984 3799
f 3799 6984 3800
f 3800 6984 6983
f 3788 5780 8021
f 5780 5781 8021
f 3793 5782 8022
f 6983 8023 3801
f 3801 8023 8024
f 3801 8024 3804
f 3805 8025 3803
f 3803 8025 5805
f 3803 5805 8026
f 8026 5805 5807
f 8026 5807 8027
f 8027 5807 5808
f 8029 8028 5809
f 8029 5809 8030
f 5808 5809 3808
f 3808 5809 8028
f 8033 8032 5812
f 8030 5810 8031
f 8031 5810 3810
f 5810 5811 3810
f 3810 5811 8032
f 8032 5811 5812
f 8033 5812 8034
f 3820 8035 3811
f 3811 8035 6982
f 3811 6982 8036
f 6982 8037 8036
f 8036 8037 3815
f 8038 3815 6981
f 8038 6981 8039
f 8037 6981 3815
f 8040 8039 3818
f 3818 8039 8041
f 3819 8041 6980
f 3822 8043 8044
f 3822 8044 8045
f 6980 8042 3819
f 8044 6979 8045
f 6978 8046 8047
f 6979 8047 8046
f 6979 8046 8045
f 8046 6978 8048
f 8049 8050 3832
f 8048 6978 3827
f 3827 6978 6977
f 5835 8050 8049
f 3832 8050 5836
f 3834 8051 3843
f 3843 8051 8052
f 3842 8053 3836
f 3836 8053 8055
f 8055 3838 3836
f 3839 5839 3844
f 3844 5839 8056
f 3844 8056 3847
f 3847 8056 8057
f 8057 8058 3849
f 8057 3849 3847
f 8058 5841 3848
f 3848 5841 5840
f 3848 5840 3846
f 3846 5840 6976
f 3852 8059 8061
f 3852 8061 8060
f 8060 8062 3855
f 3855 8062 8063
f 6976 8059 3851
f 8063 8064 3862
f 3862 8064 3863
f 3863 8064 8065
f 3865 8065 8066
f 8066 6975 3867
f 8067 6974 3869
f 3869 6974 8068
f 3867 6975 8067
f 8067 6975 6974
f 8068 8069 3869
f 8069 8070 3871
f 3871 8070 3873
f 3873 8070 8071
f 3873 8071 8072
f 8073 8072 8074
f 3875 8074 3880
f 3880 8074 5864
f 3880 5864 3881
f 3881 5864 5865
f 3882 8075 8076
f 8077 8076 5867
f 8077 5867 5868
f 8077 5868 8078
f 8078 8079 3884
f 3884 8079 8080
f 8080 8079 5871
f 8080 5871 5869
f 5868 5870 8078
f 8078 5870 8079
f 5870 5871 8079
f 3886 8082 6973
f 8083 6973 6971
f 6971 6972 8084
f 8084 6972 8085
f 8085 6972 6970
f 8088 8086 8087
f 8088 8087 6968
f 6969 8087 8086
f 3891 6967 8089
f 8089 6966 3899
f 8089 3899 3891
f 8091 8090 6966
f 6966 8090 3899
f 8091 6965 3894
f 8092 3894 6965
f 8092 6965 8093
f 8092 8093 3896
f 3896 8093 8094
f 6963 8095 6964
f 6964 8095 8094
f 8094 8095 3896
f 8095 6963 8096
f 8096 6963 8097
f 8097 5905 8096
f 8096 5905 8098
f 8098 5905 3900
f 8099 3900 5905
f 3902 8099 8100
f 3902 8100 3903
f 8101 8102 8103
f 5908 8103 5906
f 5906 8103 8102
f 8103 5908 8104
f 8106 8105 5912
f 8106 5912 5911
f 8106 5911 8107
f 8107 5911 5909
f 8107 5909 8108
f 8108 5909 6962
f 8108 6962 3907
f 3907 6962 8109
f 3907 8109 8110
f 5908 5910 8104
f 8104 5910 8105
f 5910 5913 8105
f 5913 5912 8105
f 8110 8112 8111
f 8111 8112 3910
f 3910 8112 6961
f 8114 6960 3915
f 3915 6960 6959
f 3915 6959 3924
f 3924 6959 3923
f 3923 6959 8115
f 8115 5933 3918
f 3918 5933 8116
f 8116 6958 8117
f 5933 6958 8116
f 8117 5935 3921
f 3921 5935 3922
f 3922 5935 5936
f 8118 3922 6955
f 8118 6955 6957
f 5936 6955 3922
f 6956 3926 6957
f 6957 3926 8118
f 5937 8119 6956
f 6956 8119 3926
f 8119 5937 8120
f 8119 8120 3930
f 3930 8120 8121
f 5940 8123 3935
f 8123 5941 8124
f 5940 5941 8123
f 8126 8127 3942
f 3942 8127 8128
f 8129 8128 5944
f 8129 5944 8130
f 3945 8131 5946
f 5942 5943 3940
f 3940 5943 8126
f 5943 8127 8126
f 5946 8132 3946
f 3946 8132 3947
f 3947 8132 8133
f 3947 8133 8134
f 8134 8133 5947
f 5948 8135 5947
f 8137 8138 3963
f 3963 8138 3951
f 3951 8138 8139
f 8139 8138 8140
f 8140 5950 3964
f 3964 5950 3965
f 3965 5950 3954
f 3954 5950 5951
f 3956 5951 3958
f 3958 5951 8141
f 3958 8141 8142
f 8142 8141 5952
f 6954 8142 5952
f 8142 3966 3958
f 8142 6954 3967
f 3967 6954 5954
f 3967 5954 8143
f 8143 5954 8144
f 5954 5953 8144
f 5953 8145 8144
f 8144 8145 8146
f 8145 5984 8146
f 5984 8147 8146
f 8147 8148 3970
f 8147 3970 8146
f 8149 8148 5986
f 8149 5986 8150
f 8150 5986 3971
f 3971 8152 3973
f 3973 8152 3974
f 3974 8152 8153
f 8153 5987 3975
f 8153 3975 3974
f 8154 8155 3979
f 3979 8155 3982
f 3982 8155 8156
f 3982 8156 8157
f 3980 8158 3984
f 3984 8158 8159
f 3984 8159 8160
f 3985 5990 3986
f 3986 5990 8161
f 3988 8161 5992
f 3988 5992 8162
f 8162 5992 5993
f 5993 5994 3991
f 3991 5994 4003
f 4003 5994 6952
f 8163 6952 6951
f 8163 6951 8164
f 8164 6951 5995
f 8164 5995 8165
f 5995 8166 8165
f 5996 8167 8166
f 8166 8167 8165
f 8167 5996 6018
f 6018 8168 3996
f 3996 8168 4004
f 4004 8168 8169
f 8170 6950 4000
f 4008 6949 4007
f 4007 6949 8171
f 4006 8173 8174
f 8173 6948 8174
f 8174 6948 8175
f 8175 6946 8176
f 8176 6946 6947
f 8176 6947 4015
f 4015 8177 8178
f 8179 6035 6036
f 6036 8180 4017
f 4017 8180 4018
f 4018 8180 8181
f 6948 6946 8175
f 6947 6945 4015
f 6945 8177 4015
f 8177 6035 8178
f 4029 8181 8182
f 4029 8182 4019
f 4019 8182 6943
f 4019 6943 4021
f 4021 6944 8183
f 4021 6943 6944
f 6039 4021 8183
f 4021 6039 4023
f 4023 6039 6040
f 6040 8184 4030
f 4030 8184 4031
f 4031 8184 4025
f 4025 8184 6041
f 8185 6042 6942
f 8185 6942 6044
f 8185 6044 8186
f 8186 6044 6043
f 8186 6043 8187
f 6043 6941 8187
f 6941 6940 8188
f 4048 8189 8190
f 8190 4037 4048
f 4050 8191 6060
f 4050 6060 4040
f 4040 6060 8192
f 8192 6060 8193
f 8193 8194 4043
f 6062 4043 8194
f 8195 6062 8196
f 8196 6062 8197
f 4051 8198 4052
f 4052 8198 8199
f 4052 8199 6064
f 8201 8200 6066
f 8201 6066 6067
f 6064 6065 4054
f 4054 6065 8200
f 6065 6066 8200
f 4055 6068 4056
f 4056 6068 8202
f 4056 8202 4057
f 4057 8202 6069
f 4058 8203 8204
f 8204 6939 8206
f 8208 8207 4061
f 4061 8207 8209
f 8203 6939 8204
f 4063 6938 8210
f 4063 8210 8211
f 8211 8210 6937
f 4067 8212 8213
f 4071 8214 4076
f 4076 8214 8215
f 8216 6936 4077
f 4077 6936 8217
f 4079 6935 8218
f 8219 8218 8220
f 8215 6936 8216
f 8218 6094 8220
f 8220 6094 6934
f 8220 6934 8221
f 4086 8221 6095
f 6934 6095 8221
f 4086 6095 8222
f 8222 6931 4086
f 8223 4086 6932
f 8223 6932 6933
f 8223 6933 6930
f 8223 6930 4088
f 4121 8224 8225
f 4121 8225 4120
f 4120 8225 8226
f 6931 6932 4086
f 6930 6105 4088
f 6929 8227 4091
f 8227 8228 4091
f 8228 8229 4091
f 4095 6928 6927
f 4095 6927 4122
f 4098 8230 4125
f 4125 8230 8231
f 4125 8231 8232
f 4106 8234 8235
f 4106 8235 4107
f 4107 8235 4126
f 4126 8235 8236
f 4111 8238 8239
f 8241 8239 6120
f 8241 6120 6924
f 8233 6925 4102
f 8237 8238 4111
f 8239 8238 6120
f 8242 8240 6924
f 6924 8240 8241
f 8241 4128 8239
f 6121 8243 4115
f 4115 8243 8244
f 8244 8243 6923
f 6923 8245 4119
f 4119 8245 8246
f 4131 4129 6134
f 4131 6134 8248
f 8245 6133 8246
f 8246 6133 4129
f 4129 6133 6134
f 8247 8248 4132
f 4132 8248 6135
f 4133 8249 4134
f 4134 8249 8250
f 4135 6136 4138
f 4138 6136 4139
f 4139 6136 8251
f 8254 8251 8252
f 8254 8252 8253
f 4143 8255 8256
f 8253 6137 8254
f 8254 6137 8255
f 6137 8256 8255
f 4146 4144 8257
f 4146 8257 8258
f 8258 6140 8259
f 8259 6140 4150
f 4150 6140 8260
f 6139 8257 4144
f 8260 6142 4150
f 4150 6142 4152
f 4152 6142 4159
f 4159 6142 8261
f 8261 8262 4160
f 8261 4160 4159
f 4155 8262 8263
f 8263 8264 4155
f 4155 8264 4157
f 8266 6143 8265
f 4161 8267 8268
f 6144 6145 4167
f 6146 8269 6145
f 8269 6146 8270
f 8270 6146 8271
f 8270 8271 8272
f 8273 8272 6148
f 8276 8275 6150
f 8276 6150 6151
f 8276 6151 4170
f 4170 6151 8277
f 6148 6149 8274
f 8274 6149 8275
f 6149 6150 8275
f 8277 8278 4177
f 8277 4177 4170
f 8278 4178 4177
f 8279 6153 8280
f 4174 8279 8280
f 4174 8280 8281
f 8284 8282 8283
f 8284 6156 4180
f 4180 6156 6157
f 8285 8286 4181
f 4181 8286 4183
f 4183 8286 6158
f 4183 6158 8287
f 8287 6158 6159
f 8289 8288 6919
f 8289 6919 6922
f 8289 6922 4187
f 4192 8291 8292
f 4192 8292 8293
f 8287 6159 8288
f 6159 6920 8288
f 6920 6919 8288
f 6922 6921 4187
f 6921 8290 4187
f 8293 6918 4193
f 4193 6918 4194
f 4194 6918 4197
f 4197 6918 8294
f 4199 8296 4200
f 4200 8296 8297
f 8297 8298 4202
f 4202 8298 4203
f 4203 8298 6207
f 4204 6208 4205
f 4205 6208 8299
f 4206 8299 6917
f 4206 6917 8300
f 8300 6917 8301
f 8302 6210 8303
f 6917 6211 8301
f 6211 6210 8301
f 8301 6210 8302
f 8303 6214 4211
f 4211 6214 4212
f 4212 6214 4218
f 4218 6214 6213
f 4219 8304 4215
f 4215 8304 6916
f 4215 6916 8305
f 8305 6916 8306
f 8306 6915 4217
f 4217 6915 8307
f 6915 8309 8307
f 4223 6914 8310
f 8309 6914 4223
f 8310 6914 6913
f 8312 8311 6913
f 8312 6912 4227
f 4227 6912 8313
f 4227 8313 4232
f 4232 8313 8314
f 8314 8315 4232
f 8316 6911 8317
f 8317 6911 4236
f 6237 4237 6911
f 6911 4237 4236
f 4237 6237 8318
f 8318 6237 8319
f 8318 8319 4239
f 4239 8319 6238
f 6910 8320 6238
f 6238 4240 4239
f 8320 6910 8321
f 8323 6909 6908
f 8321 6909 8322
f 8322 6909 8323
f 6908 8324 8323
f 8324 6908 6240
f 8325 8326 4244
f 8325 6240 8326
f 4244 8326 6241
f 4244 6241 8327
f 8327 6241 6242
f 4249 8328 6243
f 6242 8328 4246
f 4246 8328 4249
f 8329 6245 4254
f 4254 6245 4251
f 8330 6246 6247
f 8330 6247 8331
f 8331 6247 8332
f 6248 4257 8332
f 6248 8333 4257
f 4257 8333 4258
f 4260 8334 8335
f 8335 6907 8336
f 4262 8336 6907
f 8333 8334 4258
f 4262 6907 8337
f 4262 8337 4264
f 4268 8338 8339
f 4267 8339 8340
f 4267 8340 4270
f 4270 8340 4272
f 4272 8340 6273
f 4272 6273 4273
f 4273 6273 6274
f 4285 6277 8341
f 4285 8341 4286
f 4286 8341 8342
f 8343 8342 6278
f 4277 6278 4288
f 4288 6278 8344
f 4287 6282 4278
f 4278 6282 8345
f 4281 8345 8346
f 4281 8346 4283
f 4283 8346 8347
f 8347 8346 6284
f 4291 6285 6286
f 4291 6286 4298
f 4298 6286 8349
f 8347 6284 8348
f 6284 6285 8348
f 8349 4299 4298
f 8350 4297 6289
f 8350 6289 8351
f 8351 6289 6905
f 4301 6906 6291
f 4301 6291 8352
f 8352 6291 6292
f 8352 6292 8353
f 4305 8353 8355
f 4305 8355 8356
f 8357 8356 8358
f 8357 8358 8359
f 8360 8361 8362
f 4308 8362 6294
f 4308 6294 6295
f 4308 6295 8363
f 6295 8364 4309
f 4309 8364 4314
f 4313 6297 6298
f 4313 6298 4310
f 4310 6298 4312
f 4312 6904 8365
f 6287 6288 4297
f 4297 6288 6289
f 6905 6906 8351
f 8351 6906 4301
f 6292 8354 8353
f 8354 8355 8353
f 8359 8361 8360
f 8361 6294 8362
f 6298 6904 4312
f 8366 6903 4316
f 4316 6903 6902
f 8365 6903 8366
f 4316 6902 4318
f 4318 6902 8367
f 8369 8370 8371
f 8372 8371 6899
f 8372 6899 6898
f 8368 6897 4325
f 4325 6897 8369
f 6897 6900 8369
f 8369 6900 8370
f 8370 6900 8371
f 8371 6900 6899
f 6898 8373 4329
f 4329 8373 4327
f 4327 8373 6896
f 4327 6896 4331
f 8375 4331 6895
f 8375 6895 8376
f 8377 4335 6342
f 8377 6342 6343
f 8377 6343 8378
f 8379 6894 6893
f 8379 8380 4339
f 4339 8380 8381
f 4339 8381 4342
f 4342 8381 8382
f 8374 6895 4331
f 8376 6342 4335
f 6343 6894 8378
f 8378 6894 8379
f 8383 6892 4341
f 4344 4341 8384
f 4344 8384 8385
f 4345 8385 8384
f 4345 8384 6347
f 4341 6892 8384
f 4345 6347 6346
f 4345 6346 8386
f 8386 6346 8387
f 4346 8387 8388
f 4346 8388 4347
f 4347 8388 8389
f 8392 8393 4352
f 4352 8393 6355
f 8389 8388 8390
f 8391 8393 8392
f 6355 8394 4354
f 6355 4354 4352
f 8394 8395 4354
f 8396 8395 6891
f 8396 6891 6889
f 8394 6891 8395
f 6890 8396 6889
f 8396 6890 8397
f 8397 6890 6888
f 4357 6888 6887
f 4357 6887 4362
f 4362 6887 6886
f 4362 6886 8398
f 8399 6885 4361
f 4361 6885 8400
f 8401 6884 4364
f 4364 6884 8402
f 6884 6883 8402
f 4367 8403 4368
f 4368 8403 8405
f 4368 8405 8404
f 4372 8406 4373
f 6374 6882 8406
f 6882 6881 8406
f 8406 6881 4373
f 4373 6881 8407
f 8410 8408 6375
f 6375 8408 8409
f 6375 8409 8407
f 8407 8409 4373
f 8411 8408 6382
f 8411 6382 6384
f 8410 6382 8408
f 8412 6384 8413
f 8413 6384 6383
f 8413 6383 4378
f 4380 6879 4382
f 4376 6384 8412
f 6383 6880 4378
f 6879 8414 4382
f 8414 6388 4384
f 8415 8416 4386
f 4384 6388 8415
f 8415 6388 8416
f 8416 8418 4393
f 8416 4393 4386
f 6390 8420 8419
f 8419 8420 4389
f 8420 6390 4401
f 4401 6390 8421
f 4401 8421 8422
f 8423 4401 6878
f 8423 6878 6877
f 4401 8422 6878
f 6392 8424 6877
f 6877 8424 8423
f 8424 6392 6405
f 8425 6876 4417
f 4417 6876 4418
f 4418 6410 4416
f 4416 6410 8426
f 8426 6411 4409
f 4409 6411 8427
f 6876 6410 4418
f 4411 8428 6412
f 6412 8430 8429
f 8429 8430 4415
f 4415 8430 8431
f 4415 8431 8432
f 8431 8433 8432
f 8433 8434 8432
f 4420 8434 6415
f 4422 6422 8435
f 4422 8435 4421
f 8433 6414 8434
f 6414 6415 8434
f 8436 8435 8437
f 8436 8437 4426
f 4426 8437 6873
f 4426 6873 6875
f 6874 8438 6875
f 6875 8438 4426
f 8438 6874 6872
f 8438 6872 8439
f 6872 6430 8439
f 6431 8439 6430
f 6431 8440 8439
f 8440 6431 6432
f 8440 6432 4433
f 4433 6433 4434
f 4434 6433 6434
f 8441 4434 6434
f 6432 6433 4433
f 8442 8441 6434
f 8442 6444 4440
f 4440 6444 4439
f 4439 6444 4438
f 4438 6444 8443
f 4445 8444 8445
f 8445 8446 4445
f 8445 6448 8446
f 8446 6448 8447
f 6448 6449 8447
f 4449 8448 4450
f 8448 8449 4450
f 8451 6452 6453
f 6451 6452 8450
f 8450 6452 8451
f 4453 8452 8453
f 6454 6455 8454
f 8454 6455 4479
f 4457 6457 8456
f 8457 8456 6458
f 8457 6458 8458
f 8452 6454 8453
f 6455 8455 4479
f 8455 6457 4457
f 8456 6457 6458
f 8459 6459 4480
f 4480 6459 6460
f 4480 6460 4481
f 6460 8460 4482
f 6460 4482 4481
f 8460 6871 4464
f 4464 8461 8462
f 8464 8462 8461
f 8464 8461 8463
f 6871 8461 4464
f 8464 6870 4467
f 4467 6870 8465
f 8463 6870 8464
f 4468 6869 4470
f 4470 6869 4485
f 4485 6869 8467
f 4476 4475 6868
f 8469 6868 4475
f 6868 8471 4487
f 6868 4487 4476
f 8470 4477 4488
f 8473 8472 8474
f 8473 8474 4489
f 4489 8474 8475
f 8475 6502 8476
f 8476 6502 4491
f 4491 6502 8477
f 4491 8477 8478
f 8479 8478 8480
f 8479 8480 4492
f 4492 8480 6503
f 4492 6503 8481
f 8482 6504 4495
f 4495 6505 6507
f 8483 6507 8484
f 8483 8484 4499
f 4499 8484 6508
f 4499 6508 8485
f 8485 6508 6867
f 8485 6867 6510
f 8485 6510 8486
f 4501 8487 8488
f 6504 6505 4495
f 6510 6509 8486
f 8486 6509 4501
f 6509 8487 4501
f 8487 6517 8488
f 4508 8489 4509
f 4509 8489 8490
f 8490 8491 4510
f 8492 8491 6519
f 8492 6519 8493
f 8493 8494 4513
f 4513 8494 4517
f 4517 8494 8495
f 6519 8494 8493
f 8495 8496 4518
f 8495 4518 4517
f 8497 6520 8498
f 8498 6520 8499
f 8500 4525 6522
f 8500 6522 6523
f 8499 6522 4523
f 4523 6522 4525
f 6523 8501 8500
f 8501 6523 6524
f 8501 6524 8502
f 8504 8503 6527
f 8504 6527 6525
f 6524 6526 8502
f 8502 6526 8503
f 6526 6527 8503
f 8504 6525 8505
f 8504 8505 4528
f 4528 8505 8506
f 4530 4529 8507
f 8506 8507 4529
f 4533 8508 4534
f 4534 8508 8509
f 4534 8509 8510
f 8510 6549 8511
f 8511 6550 6551
f 6551 8512 4547
f 4547 8512 4548
f 6549 6550 8511
f 8512 8513 4546
f 8512 4546 4548
f 8514 8513 8515
f 4549 8515 4550
f 4550 8515 8516
f 4542 8516 8517
f 8516 6553 8517
f 6553 6554 8517
f 8517 6554 8518
f 8519 8518 6554
f 4545 8520 8521
f 8521 6866 4553
f 8520 6866 8521
f 4553 6866 6865
f 6864 6863 8522
f 8522 6863 8523
f 8523 6863 8524
f 8525 6583 4556
f 4556 6583 8526
f 4556 8526 8527
f 8527 8526 6585
f 8524 6583 8525
f 4558 8528 4559
f 4559 8528 8529
f 8529 8530 4560
f 4560 8530 4563
f 8531 8532 4564
f 4564 8532 4562
f 8533 4562 6588
f 8533 6588 8534
f 8532 6588 4562
f 8535 8534 6590
f 6590 6591 4570
f 4570 6591 8536
f 6591 8537 8536
f 6593 8538 8537
f 8537 8538 8536
f 4574 6594 8539
f 8540 8539 6595
f 8540 6595 6596
f 4577 6596 4589
f 6593 6594 4574
f 8539 6594 6595
f 6596 8541 4589
f 4580 8542 4582
f 4582 8543 8544
f 4582 8542 8543
f 8543 6599 8544
f 8544 6599 4584
f 4584 6599 4591
f 4591 6599 6600
f 4590 8545 4593
f 4593 8545 8546
f 8547 8546 6861
f 8548 6602 8549
f 8549 6602 6601
f 8550 6626 6629
f 8550 6629 8551
f 6861 6862 8547
f 8547 6862 8548
f 6862 6602 8548
f 6601 6626 4596
f 8552 6629 6628
f 8552 6628 4598
f 4598 8553 4599
f 6628 8553 4598
f 8553 8554 4599
f 4600 6860 4601
f 4601 8555 8556
f 4614 8557 4615
f 4615 8557 8558
f 8558 8557 6856
f 6860 8555 4601
f 6858 4616 6856
f 6856 4616 8558
f 4616 6858 8559
f 8559 6858 6859
f 8559 6859 8560
f 8560 6859 6857
f 4607 6855 4608
f 6636 6855 4607
f 6855 6854 4608
f 4608 6854 4609
f 4609 6854 8561
f 4609 8561 8562
f 4610 8564 8565
f 4622 8565 6644
f 4622 6644 6853
f 8564 6644 8565
f 4622 6853 4623
f 4623 6853 6645
f 4623 6645 8566
f 4626 8569 8570
f 6645 8568 8566
f 8568 8569 4626
f 8569 6647 8570
f 8571 6647 6649
f 8571 6649 4630
f 4630 6649 8572
f 6649 8573 8572
f 8574 8573 8575
f 8574 8575 4633
f 4633 8575 8576
f 8577 8579 4636
f 8577 4636 4632
f 8580 4639 6653
f 6652 6653 4639
f 6654 8580 6653
f 8580 6654 6852
f 8580 6852 4640
f 4640 6667 8581
f 8581 6667 8582
f 6852 6667 4640
f 4641 8583 6671
f 8584 6671 4642
f 4642 6671 8585
f 8585 8586 4642
f 8587 4643 8586
f 8586 4643 4642
f 8587 8588 4650
f 4650 8588 4651
f 4652 8589 4653
f 4653 8589 6674
f 4653 6674 4647
f 4647 6674 8590
f 8590 8591 4648
f 4648 8591 6675
f 4648 6675 4654
f 4654 6675 8592
f 4654 8592 8593
f 8593 8592 6851
f 8593 6851 6676
f 8593 6676 8594
f 8595 8594 6677
f 6677 8597 8596
f 8598 8599 4655
f 4655 8599 4657
f 6676 6677 8594
f 8600 4660 6679
f 6679 4660 4659
f 6679 4659 8599
f 8599 4659 4657
f 4660 8600 8601
f 8601 8602 4661
f 8600 8602 8601
f 4662 8603 4664
f 4664 8604 4666
f 8603 8604 4664
f 8604 8605 4666
f 4667 8606 8607
f 4675 4671 6682
f 8608 6682 4671
f 6682 6683 8609
f 4678 6850 6685
f 6683 6850 8609
f 8609 6850 4678
f 4678 6685 8610
f 8610 6685 6684
f 8610 6684 8611
f 8611 6723 4681
f 6684 6723 8611
f 6724 6725 8612
f 8614 6727 6728
f 6725 6849 8612
f 8612 6849 8613
f 6849 6848 8613
f 8613 6848 6727
f 8613 6727 8614
f 6728 8616 8615
f 8615 8616 4691
f 4691 8616 8617
f 8617 8618 4688
f 4688 8618 4690
f 4690 8618 4692
f 4692 8618 8619
f 6731 8620 8619
f 8619 8620 4692
f 4693 8621 4694
f 4694 8621 8622
f 6731 8621 4693
f 8623 8624 4695
f 8624 6847 6846
f 8623 6847 8624
f 8624 6846 8625
f 8625 6846 6732
f 8625 6732 8626
f 8626 6745 6746
f 8626 6746 8627
f 8627 6746 6845
f 4701 6845 8628
f 6732 6745 8626
f 8627 6845 4701
f 8628 4702 4701
f 8629 6748 8630
f 8629 8630 4705
f 4705 8630 8631
f 4705 8631 4713
f 4713 8631 6749
f 8632 6749 4707
f 4709 4707 6750
f 6749 6750 4707
f 4711 8633 8634
f 8635 8634 6753
f 8633 6752 8634
f 6752 6753 8634
f 8635 6753 8636
f 8636 6753 6754
f 8636 6754 8637
f 8637 6754 6755
f 8637 6755 8638
f 8638 8639 4722
f 4722 8639 4716
f 4716 8639 6774
f 4716 6774 8640
f 8640 6774 6775
f 8640 6775 8641
f 8641 8642 4720
f 4720 8642 8643
f 8644 6777 8645
f 8646 8645 6778
f 8647 6778 6780
f 8647 6780 8648
f 8649 8648 6780
f 8649 6780 6843
f 8650 6843 6844
f 8650 8651 8652
f 8652 8651 6842
f 6775 8642 8641
f 8642 6777 8643
f 8643 6777 8644
f 8645 6777 6778
f 6844 8651 8650
f 8654 8655 4729
f 8655 8656 4730
f 4730 8656 4736
f 6841 4734 4731
f 8658 8657 6840
f 6840 6839 8659
f 8659 6839 8660
f 8660 6804 6805
f 6841 8657 4734
f 6839 6804 8660
f 8660 6805 8661
f 6805 6838 8661
f 6837 4740 6838
f 4740 8662 4743
f 6837 8662 4740
f 4743 8662 6836
f 4743 6836 4745
f 4745 8663 8664
f 6836 8663 4745
f 8665 4748 8663
f 8663 4748 8664
f 4753 6835 8668
f 8668 6835 8669
f 8667 6835 4753
f 8670 8669 8671
f 8671 6823 4758
f 4758 6823 4761
f 4761 6823 6824
f 4761 6824 4762
f 6824 6825 4759
f 6824 4759 4762
f 4763 8672 6826
f 4763 6826 4768
f 6826 6827 4769
f 6826 4769 4768
f 4767 8673 8674
f 6827 8673 4767
f 8673 6829 8674
f 4770 8675 4772
f 4772 8675 8676
f 8676 8678 4773
f 8676 4773 4772
f 8679 8680 8681
f 8681 8680 8682
f 8677 8680 8679
f 8681 8682 4778
f 8682 6832 4778
f 4778 6832 8683
f 4779 6834 8684
f 8684 6834 8685
f 4780 8685 8686
f 4780 8686 4776
f 4776 8686 6833
f 4776 6833 4777
f 6832 6834 8683
f 8683 6834 4779
f 4780 8684 8685
f 8677 8679 4771
f 8677 4771 8678
f 4771 4773 8678
f 8675 4770 6829
f 6829 4770 8674
f 4767 4764 6827
f 4764 4769 6827
f 4763 4760 8672
f 8672 4760 6825
f 4760 4759 6825
f 4758 8670 8671
f 8670 8668 8669
f 4753 4750 8667
f 8667 4750 8666
f 4750 4756 8666
f 8666 4756 4755
f 8666 4755 8665
f 8665 4755 4748
f 6838 4740 8661
f 8659 8658 6840
f 8657 8658 4734
f 6841 4731 4737
f 6841 4737 8656
f 8656 4737 4736
f 4730 4729 8655
f 4729 4726 8654
f 8654 4726 8653
f 8653 4726 6842
f 6842 4726 8652
f 8650 8649 6843
f 6778 8647 8646
f 4722 4723 8638
f 8638 4723 8637
f 4723 8636 8637
f 8633 4711 4709
f 8633 4709 6750
f 8632 4713 6749
f 8629 4702 6748
f 6748 4702 8628
f 8623 4695 8622
f 8622 4695 4694
f 4693 8620 6731
f 8617 4688 4691
f 6728 8615 8614
f 8612 4681 6724
f 6724 4681 6723
f 6682 8609 4675
f 8608 4671 4669
f 8608 4669 8607
f 8607 4669 4667
f 8606 4667 8605
f 8605 4667 4666
f 8603 4662 8602
f 8602 4662 4661
f 8598 4655 8597
f 8597 4655 8596
f 8596 8595 6677
f 4648 4647 8590
f 4652 4646 8589
f 8589 4646 6673
f 6673 4646 4645
f 6673 4645 8588
f 8588 4645 4651
f 4650 4644 8587
f 8587 4644 4643
f 6671 8584 4641
f 4641 4649 8583
f 8583 4649 6669
f 6669 4649 6668
f 6668 4649 8582
f 8582 4649 8581
f 4639 4638 6652
f 6652 4638 8578
f 8578 4638 4637
f 8578 4637 8579
f 8579 4637 4636
f 4632 4634 8577
f 8577 4634 6650
f 6650 4634 4635
f 6650 4635 8576
f 8576 4635 4633
f 8574 4629 8573
f 8573 4629 8572
f 6647 8571 8570
f 4626 8567 8568
f 8568 8567 8566
f 8564 4610 8563
f 8563 4610 4619
f 8563 4619 8562
f 4619 4618 8562
f 4618 4609 8562
f 4607 4604 6636
f 6636 4604 6857
f 4604 8560 6857
f 8560 4617 8559
f 8559 4617 4616
f 4614 4603 8557
f 8557 4603 8556
f 8556 4603 4601
f 4600 4613 6860
f 6860 4613 8554
f 4613 4612 8554
f 8554 4612 4599
f 6629 8552 8551
f 6626 8550 4596
f 4596 8549 6601
f 8546 8547 4593
f 8545 4590 6600
f 6600 4590 4592
f 6600 4592 4591
f 8542 4580 8541
f 4580 4588 8541
f 8541 4588 4589
f 4577 8540 6596
f 4574 8538 6593
f 4570 8535 6590
f 8534 8535 8533
f 8531 4564 4563
f 8531 4563 8530
f 4560 4559 8529
f 8528 4558 6585
f 6585 4558 8527
f 8524 8525 8523
f 8522 4553 6864
f 6864 4553 6865
f 8520 4545 8519
f 8519 4545 8518
f 8516 4542 4550
f 4549 8514 8515
f 8513 8514 4546
f 4547 4537 6551
f 6551 4537 8511
f 6549 8510 8509
f 8508 4533 8507
f 8507 4533 4530
f 8506 4529 4528
f 8499 4523 8498
f 6520 8497 4515
f 6520 4515 8496
f 8496 4515 4518
f 8491 8492 4510
f 8490 4510 4509
f 8489 4508 6517
f 6517 4508 8488
f 6507 8483 4495
f 8482 4494 6504
f 6504 4494 8481
f 8481 4494 4493
f 8481 4493 4492
f 8478 8479 4491
f 8475 8476 4489
f 8472 8473 8470
f 8470 8473 4477
f 8470 4488 8471
f 8471 4488 4487
f 4475 4472 8469
f 8469 4472 8468
f 4472 4486 8468
f 8468 4486 8467
f 8467 4486 4485
f 6869 4468 8466
f 8466 4468 4484
f 8466 4484 8465
f 4484 4483 8465
f 4483 4467 8465
f 4464 4462 8460
f 8460 4462 4482
f 6459 8459 4459
f 6459 4459 8458
f 8458 4459 8457
f 4457 4479 8455
f 8454 8453 6454
f 8452 4453 6453
f 6453 4453 8451
f 6451 8450 4448
f 6451 4448 8449
f 4448 4450 8449
f 8448 4449 4447
f 8448 4447 6449
f 6449 4447 8447
f 8444 4445 4441
f 8444 4441 6446
f 6446 4441 8443
f 4441 4438 8443
f 4440 4437 8442
f 4437 8441 8442
f 8435 8436 4424
f 8435 4424 4421
f 4422 4423 6422
f 6422 4423 6415
f 6415 4423 4420
f 8429 4413 6412
f 6412 4413 4411
f 8428 4411 8427
f 8427 4411 4409
f 8426 4409 4406
f 8426 4406 4416
f 8425 4417 4404
f 8425 4404 6405
f 6405 4404 8424
f 4389 4388 8419
f 8419 4388 8417
f 8417 4388 4394
f 8417 4394 8418
f 8418 4394 4393
f 4384 4382 8414
f 6879 4380 6880
f 6880 4380 4392
f 6880 4392 4378
f 6384 4376 8411
f 4372 4371 8406
f 8406 4371 6374
f 4371 4369 6374
f 6374 4369 8405
f 8405 4369 8404
f 4367 4366 8403
f 8403 4366 6883
f 6883 4366 4365
f 6883 4365 8402
f 8401 4364 8400
f 8400 4364 4361
f 6885 8399 8398
f 8398 8399 4362
f 4357 8397 6888
f 8392 4349 8391
f 8391 4349 8390
f 8390 4349 8389
f 4346 8386 8387
f 8383 4341 4343
f 8383 4343 8382
f 8382 4343 4342
f 8380 8379 6893
f 4335 8375 8376
f 8374 4331 6896
f 6898 4329 8372
f 4325 4324 8368
f 8368 4324 6901
f 6901 4324 4319
f 6901 4319 8367
f 8367 4319 4318
f 8366 4312 8365
f 4313 4314 6297
f 6297 4314 8364
f 4309 8363 6295
f 8360 8357 8359
f 8356 8357 4305
f 4297 4294 6287
f 6287 4294 8349
f 4294 4299 8349
f 6285 4291 8348
f 8345 4281 4278
f 6282 4287 8344
f 8344 4287 4288
f 4277 8343 6278
f 8343 4275 8342
f 8342 4275 4286
f 4285 4274 6277
f 6277 4274 6275
f 4274 4271 6275
f 6275 4271 6274
f 6274 4271 4273
f 8339 4267 4268
f 4268 4266 8338
f 8338 4266 8337
f 8337 4266 4264
f 8335 8336 4260
f 8334 4260 4258
f 8332 4257 8331
f 8330 4251 6246
f 6246 4251 6245
f 8329 4254 6243
f 6243 4254 4249
f 4246 8327 6242
f 8325 8324 6240
f 8321 8322 8320
f 8320 4240 6238
f 8316 8317 8315
f 8317 4233 8315
f 8315 4233 4232
f 4227 8311 8312
f 6913 8311 8310
f 4223 8308 8309
f 8309 8308 8307
f 8306 4217 8305
f 8304 4219 6213
f 6213 4219 4218
f 8303 4211 8302
f 8299 4206 4205
f 6208 4204 6207
f 6207 4204 4203
f 8297 4202 4200
f 8296 4199 8295
f 8295 4199 4198
f 8295 4198 8294
f 8294 4198 4197
f 8293 4193 4192
f 8291 4192 8290
f 8290 4192 4187
f 8285 4181 6157
f 6157 4181 4180
f 6156 8284 8283
f 8284 4176 8282
f 8282 4176 4174
f 8282 4174 8281
f 6153 8279 4171
f 6153 4171 8278
f 8278 4171 4178
f 8274 8273 6148
f 8272 8273 8270
f 8269 4167 6145
f 4167 4164 6144
f 6144 4164 4163
f 6144 4163 8268
f 8268 4163 4161
f 8267 4161 8265
f 8265 4161 8266
f 6143 8266 8264
f 8264 8266 4157
f 4155 4153 8262
f 8262 4153 4160
f 8258 8259 4146
f 4144 4143 6139
f 6139 4143 8256
f 8254 4137 8251
f 4137 4139 8251
f 6136 4135 8250
f 8250 4135 4134
f 8249 4133 6135
f 6135 4133 4132
f 8248 8247 4131
f 6923 4119 8244
f 6121 4115 8242
f 4115 4113 8242
f 8242 4113 8240
f 8240 4113 8241
f 8241 4113 4128
f 4111 4108 8237
f 8237 4108 8236
f 8236 4108 4127
f 8236 4127 4126
f 4106 4104 8234
f 8234 4104 6925
f 6925 4104 4102
f 4102 4100 8233
f 8233 4100 8232
f 8232 4100 4124
f 8232 4124 4125
f 4098 4097 8230
f 8230 4097 6926
f 6926 4097 4123
f 6926 4123 6927
f 6927 4123 4122
f 4095 4094 6928
f 6928 4094 8229
f 8229 4094 4091
f 4091 4090 6929
f 6929 4090 8226
f 4090 4120 8226
f 4121 4089 8224
f 8224 4089 6105
f 6105 4089 4088
f 8219 4079 8218
f 6935 4079 4083
f 6935 4083 8217
f 8217 4083 4082
f 8217 4082 4077
f 8215 8216 4076
f 4071 4069 8214
f 8214 4069 8213
f 8213 4069 4067
f 4067 8211 8212
f 8212 8211 6937
f 6938 4063 8209
f 8209 4063 4061
f 8208 8205 8207
f 8207 8205 8206
f 8206 8205 8204
f 8203 4058 6069
f 4058 4057 6069
f 6068 4055 6067
f 6067 4055 8201
f 6064 4054 4052
f 8198 4051 8197
f 8197 4051 8196
f 6062 8195 4043
f 4043 8192 8193
f 4050 4049 8191
f 8191 4049 8190
f 4049 4037 8190
f 4048 4047 8189
f 8189 4047 6940
f 6940 4047 8188
f 8188 8187 6941
f 8186 4027 8185
f 8185 4027 4033
f 8185 4033 6042
f 4033 4032 6042
f 6042 4032 6041
f 4032 4025 6041
f 6040 4030 4023
f 8181 4029 4018
f 4017 8179 6036
f 6035 8179 8178
f 4006 4010 8173
f 8173 4010 8172
f 4010 4009 8172
f 8172 4009 8171
f 8171 4009 4007
f 6949 4008 4005
f 6949 4005 6950
f 6950 4005 4000
f 4000 3997 8170
f 8170 3997 8169
f 8169 3997 4004
f 3996 8167 6018
f 6952 8163 4003
f 3991 8162 5993
f 8161 3988 3986
f 5990 3985 8160
f 8160 3985 3984
f 3980 3983 8158
f 8158 3983 6953
f 6953 3983 8157
f 8157 3983 3982
f 8154 3979 3978
f 8154 3978 3976
f 8154 3976 5987
f 3976 3975 5987
f 8152 3971 8151
f 8151 3971 5986
f 8149 3970 8148
f 3967 3966 8142
f 5951 3956 3954
f 3964 3953 8140
f 8140 3953 8139
f 3963 3962 8137
f 8137 3962 8136
f 8136 3962 3949
f 8136 3949 5948
f 3949 8135 5948
f 5947 8135 8134
f 5946 3946 3945
f 3945 8130 8131
f 8131 8130 5944
f 8129 3942 8128
f 3940 8125 5942
f 8125 8124 5942
f 5942 8124 5941
f 5940 3935 8122
f 8122 3935 3941
f 3941 3932 8122
f 8122 3932 5939
f 5939 3932 8121
f 8121 3932 3930
f 3921 8116 8117
f 8115 3918 3923
f 3915 3910 8114
f 8114 3910 8113
f 8113 3910 6961
f 8110 8111 3908
f 8110 3908 3907
f 8102 8101 8100
f 8100 8101 3903
f 3902 3900 8099
f 3894 8090 8091
f 6967 3891 6968
f 6968 3891 8088
f 8086 3888 6969
f 6969 3888 6970
f 6970 3888 8085
f 8084 8083 6971
f 6973 8083 3886
f 3886 3883 8082
f 8082 3883 8081
f 8081 3883 5869
f 5869 3883 8080
f 8076 8077 3882
f 3882 3876 8075
f 8075 3876 5865
f 5865 3876 3881
f 3875 8073 8074
f 8072 8073 3873
f 3871 3869 8069
f 3867 3865 8066
f 8065 3865 3863
f 8063 3862 3855
f 8062 8060 8061
f 3852 3851 8059
f 3851 3845 6976
f 6976 3845 3846
f 3848 3849 8058
f 5839 3839 5838
f 3839 3840 5838
f 5838 3840 8054
f 3840 3841 8054
f 8054 3841 8055
f 8055 3841 3838
f 8053 3842 8052
f 8052 3842 3843
f 3834 3832 8051
f 8051 3832 5836
f 8049 3827 5835
f 5835 3827 6977
f 3822 3830 8043
f 8043 3830 8042
f 8042 3830 3819
f 8041 3819 3818
f 8039 8040 8038
f 8035 3820 8034
f 8034 3820 8033
f 8031 8029 8030
f 3808 8027 5808
f 8025 3805 5804
f 5804 3805 3806
f 5804 3806 8024
f 8024 3806 3804
f 6983 3801 3800
f 3797 3795 8022
f 5780 3788 8020
f 8018 3786 3783
f 5775 8014 8013
f 8008 3776 3775
f 8000 8001 3768
f 8000 3768 7999
f 3768 7998 7999
f 7999 7998 5752
f 7997 3771 5749
f 7996 3771 5748
f 5748 3771 7995
f 7994 3759 3757
f 3757 3755 5747
f 7993 3763 6991
f 6991 3763 3761
f 6991 3761 7992
f 7992 3761 3754
f 3752 7990 7991
f 6992 7990 7989
f 7985 7986 7984
f 5711 3741 3743
f 5711 3743 7982
f 7982 3743 3742
f 3740 3739 5709
f 5708 3739 3734
f 7980 7979 5707
f 5707 7979 3732
f 5707 3732 3736
f 5707 3736 5706
f 3736 3738 5706
f 3730 7978 5704
f 7978 3728 7977
f 7977 3728 3735
f 7974 3735 7973
f 7974 7972 7971
f 7971 7972 3722
f 7969 3718 3716
f 3725 3724 5702
f 5702 3724 7968
f 7968 3724 3723
f 3714 7967 5701
f 7965 7966 7964
f 5696 7963 3709
f 5693 3707 7962
f 7962 3707 3706
f 7960 7961 7959
f 7959 3704 5691
f 5691 3704 3705
f 5691 3705 7958
f 7957 3701 7956
f 7956 3701 5688
f 5688 3701 3700
f 3699 7953 5657
f 3694 7949 7950
f 3687 3686 7948
f 7948 3686 5655
f 5655 3686 3684
f 7946 7947 3683
f 7945 3683 7944
f 7940 3671 7939
f 7938 3670 7937
f 5645 7935 3665
f 5643 3661 5642
f 7931 3661 3667
f 7929 3666 3655
f 7928 3655 3654
f 7000 3654 3651
f 7925 3649 7001
f 7001 3649 7924
f 3646 3644 7923
f 7922 3644 3642
f 7920 3641 7919
f 3641 3640 7919
f 7919 3640 3639
f 7917 3632 3634
f 7917 3634 7916
f 3634 3636 7916
f 3635 3631 7002
f 7002 3631 7914
f 7914 3631 3629
f 7914 3629 7913
f 7910 3626 3624
f 7910 3624 7004
f 3624 7908 7909
f 7908 3630 7007
f 5616 3630 3620
f 3620 3618 7907
f 7907 3618 7906
f 7906 3618 3615
f 7903 3617 5610
f 5610 3617 3616
f 5610 3616 7009
f 7009 3616 3610
f 3610 7902 7009
f 7899 7898 7014
f 3600 3598 7896
f 7896 3598 7895
f 7895 3598 7894
f 3599 3597 7892
f 3597 3596 7892
f 3592 3590 5592
f 5592 3590 7891
f 7891 3590 7890
f 7888 3595 7887
f 7887 3595 3594
f 5565 3583 5564
f 5564 3583 7886
f 5563 7884 7883
f 7881 3578 7880
f 7880 3578 3576
f 7879 3574 7878
f 3577 3570 7876
f 7875 7874 7873
f 7873 7874 3567
f 7873 3567 7872
f 3567 3566 7872
f 3565 3564 7870
f 7870 3564 7869
f 7869 3564 3562
f 3562 3559 7868
f 7868 3559 7867
f 7867 3559 3561
f 7867 3561 3560
f 3555 3553 7020
f 3546 3544 5518
f 5518 3544 5517
f 5517 3544 3552
f 5517 3552 7857
f 7853 7854 3541
f 3541 3539 7852
f 3539 3550 7852
f 3551 3538 7851
f 7851 3538 5514
f 5514 3538 3536
f 7847 3532 7846
f 7844 3530 7843
f 3529 3527 7840
f 7839 3527 3526
f 5509 3523 5508
f 3523 3520 5508
f 7838 3522 7022
f 7022 3522 3521
f 7022 3521 7837
f 7837 3521 3517
f 7837 3517 7836
f 3517 7835 7836
f 7834 7833 5493
f 5492 7833 7832
f 5488 3513 5489
f 5489 3513 3510
f 5489 3510 7831
f 7830 3512 7829
f 7829 3512 3511
f 7826 7827 3506
f 7826 3506 3505
f 7825 3504 7824
f 7824 3504 3503
f 7823 7822 5481
f 3498 3499 7821
f 7821 3499 7820
f 7820 3499 3500
f 7820 3500 7819
f 3497 3495 7818
f 7818 3495 7026
f 7026 3495 3493
f 7817 3493 7027
f 7027 3493 7816
f 7815 3491 7028
f 7029 3489 7030
f 7813 7811 7812
f 3477 3475 7805
f 7801 3473 5427
f 3473 3472 5427
f 7799 7800 7798
f 7798 7800 3470
f 3467 3466 7796
f 7796 3466 7795
f 7792 3460 7791
f 3457 3462 7790
f 7790 3462 5423
f 5423 3462 3463
f 5423 3463 3461
f 3454 3453 7788
f 7788 3453 7787
f 3453 3452 7787
f 7787 3452 7786
f 7786 3452 3451
f 7783 7784 7782
f 7781 3445 7780
f 7778 3441 7777
f 7776 3447 7032
f 7032 3447 3446
f 7032 3446 7775
f 7775 3446 3438
f 7774 3434 7773
f 7773 3434 3437
f 3429 3428 7765
f 7765 3428 3426
f 3426 7763 7764
f 3424 7759 7760
f 7758 3421 7757
f 7754 7755 3416
f 3413 3412 7753
f 7036 3411 3407
f 7750 3407 3405
f 7750 3405 7749
f 3405 3408 7749
f 7747 3402 7746
f 3402 7745 7746
f 7740 7741 3394
f 7038 3399 7039
f 7039 3399 3398
f 7738 7739 7737
f 7040 7737 7041
f 7041 7737 3397
f 7041 3397 7736
f 3397 7735 7736
f 7733 3395 7043
f 7043 3395 3388
f 7043 3388 7732
f 7732 3388 7731
f 7730 3384 5304
f 5304 3384 3382
f 7729 3380 7728
f 7728 3380 5302
f 5302 3380 7727
f 7725 3378 3376
f 7725 3376 5300
f 5297 7723 3372
f 3371 7721 7722
f 5295 7721 3370
f 3370 3369 7720
f 7720 3369 7719
f 7719 3369 3367
f 7716 7717 7715
f 3362 7712 5288
f 5287 7712 7711
f 7711 3358 7710
f 3358 3357 7709
f 7709 3357 5286
f 5286 3357 7708
f 7708 3357 3355
f 5285 3353 7707
f 7707 3353 3352
f 3350 3348 5283
f 5283 3348 5282
f 5282 3348 3346
f 5282 3346 5281
f 5281 3346 7705
f 3338 3341 7703
f 7703 3341 7702
f 7701 3340 7700
f 7694 7693 5272
f 3327 7691 7692
f 3332 3331 7688
f 7688 3331 7687
f 7687 3331 3323
f 5267 3329 7684
f 7682 7683 7681
f 7679 3315 3314
f 7679 3314 7678
f 3314 3312 5230
f 7676 3309 5228
f 5228 3309 3308
f 5228 3308 3306
f 7675 3307 5226
f 5226 3307 5225
f 3307 7674 5225
f 7672 3302 7671
f 7670 3302 3301
f 7669 3301 5222
f 5222 3301 3298
f 3298 3293 7668
f 7667 3288 3286
f 3296 3285 7665
f 7665 3285 7664
f 7664 3285 3295
f 3282 7661 7662
f 7662 7661 5219
f 7660 7659 5217
f 3278 7657 7658
f 7656 7657 3277
f 7654 3276 5209
f 5209 3276 5208
f 5208 3276 3274
f 5208 3274 7653
f 7653 3274 7652
f 7651 3273 5206
f 5206 3273 7650
f 7650 3268 7649
f 7649 3268 7648
f 7648 3268 3270
f 7647 3269 3267
f 3263 3261 5195
f 5195 3261 5194
f 5194 3261 3260
f 7643 7644 3256
f 7643 3256 7642
f 7642 3256 7641
f 7638 3255 7052
f 7052 3255 7637
f 3246 3243 7635
f 5158 3247 7634
f 7634 3247 3241
f 7632 3238 7631
f 7631 3238 7630
f 3238 3237 7630
f 3236 3235 5157
f 5157 3235 7628
f 3235 3233 7628
f 5154 3231 7627
f 7627 3231 3229
f 7626 3228 5153
f 5153 3228 7625
f 7623 7624 3224
f 5150 3221 5149
f 5149 3221 7622
f 7622 3218 7621
f 5147 3214 7620
f 7620 3214 3213
f 7620 3213 5146
f 7619 3210 7618
f 7618 3210 3215
f 3216 3209 5144
f 5144 3209 5143
f 5143 3209 3207
f 7616 3204 7053
f 7053 3204 3203
f 3203 3202 7615
f 7614 7613 5138
f 7613 3201 7612
f 7610 7611 3199
f 7609 7608 5129
f 5128 7606 3190
f 7057 3190 3189
f 3193 3195 7604
f 7604 3195 7059
f 7059 3195 3194
f 3186 7603 7059
f 7058 7603 7060
f 7060 7603 3181
f 7602 3185 7601
f 7601 3185 3184
f 7600 3178 7062
f 7062 3178 7599
f 7598 3175 7597
f 7597 3175 3172
f 7596 3183 7595
f 3170 3169 7592
f 7589 3168 7588
f 7586 7587 3161
f 7586 3161 7585
f 7585 3161 3166
f 7583 3164 7582
f 3164 3160 7582
f 7582 3160 7581
f 3160 7580 7581
f 7578 7579 3150
f 7068 3156 7577
f 5102 3155 7576
f 7575 3145 7573
f 7573 3145 3154
f 7573 3154 7574
f 7574 3154 3153
f 5098 3152 7570
f 7570 3152 3151
f 7570 3151 3141
f 7568 3135 3136
f 7565 7566 3133
f 3129 3124 7559
f 7074 3124 3122
f 7557 3121 7076
f 7076 3121 7556
f 3118 3119 7555
f 7555 3119 7554
f 7554 3119 3120
f 7554 3120 7553
f 7553 3120 3117
f 7551 7552 3115
f 3115 3113 7550
f 7550 3113 3112
f 7079 3112 3109
f 7079 3109 7548
f 7548 3109 3107
f 7547 3107 7081
f 7081 3107 3105
f 7545 7546 7544
f 7083 3102 3101
f 7083 3101 7543
f 7543 3101 3100
f 7539 3097 7538
f 7538 3097 3094
f 7535 7534 3091
f 3090 7529 7530
f 7529 7528 7098
f 7527 3088 7099
f 7099 3088 3087
f 7526 3087 7525
f 7524 3080 7523
f 3073 3078 7522
f 7522 3078 7104
f 7104 3078 3077
f 7104 3077 7521
f 7521 3077 3071
f 3070 3076 7519
f 7519 3076 7518
f 7518 3076 3069
f 7518 3069 7517
f 7517 3069 3068
f 3068 3066 7111
f 3064 7514 7515
f 7114 3063 3061
f 7122 7511 7510
f 7123 3053 7509
f 7509 3053 3060
f 7508 3051 7507
f 7507 3051 3049
f 7500 7501 3039
f 7500 3042 7133
f 7133 3042 7499
f 7498 3034 7497
f 3035 3033 7497
f 7497 3033 7144
f 7144 3033 7496
f 7494 3030 3032
f 7494 3032 7493
f 7493 3032 7492
f 7492 3031 7149
f 7149 3031 7150
f 3031 7491 7150
f 7487 7488 3027
f 7486 2884 7485
f 7485 2884 2892
f 7485 2892 2891
f 2890 7481 7483
f 7483 7481 7482
f 7294 2897 7480
f 7480 2897 3026
f 7480 3026 7479
f 7479 3026 3025
f 7299 2903 7478
f 7478 2903 3024
f 3024 3023 7477
f 7477 3023 7476
f 7476 3023 2905
f 7476 2905 2907
f 2907 2910 7308
f 7308 2910 7475
f 2910 2912 7475
f 7475 2912 7474
f 7474 2912 7311
f 7311 2912 2914
f 7311 2914 7473
f 7473 2914 2916
f 7473 2916 7472
f 2916 2917 7472
f 7471 2917 2918
f 2919 2925 7469
f 7469 2925 7468
f 7468 2925 7467
f 7468 7467 7324
f 2927 2929 7466
f 7466 2929 7465
f 7463 2931 7333
f 7333 2931 2933
f 2933 2934 7462
f 2934 2936 7461
f 7461 2936 7460
f 2936 2937 7460
f 7342 3022 7459
f 7459 3022 2945
f 7459 3021 7458
f 3021 3020 7458
f 3020 2947 7458
f 7457 2949 7456
f 7456 2951 7354
f 1184 4781 1361
f 1361 4781 4777
f 1361 4777 6833
f 1361 6833 2870
f 1184 8687 4781
f 4781 8687 4775
f 4775 8687 4782
f 4782 8687 8688
f 4782 8688 4783
f 4783 8688 8689
f 4783 8689 4784
f 4784 8689 1396
f 4784 1396 4774
f 1396 1395 4774
f 4774 1395 4785
f 4785 1395 1394
f 4785 1394 4786
f 4786 1394 1393
f 4786 1393 1191
f 7157 7295 7286
f 7157 7286 7156
f 7156 7286 7284
f 7156 7284 7158
f 7158 7284 7280
f 7158 7280 7154
f 7154 7280 7276
f 7276 7268 7154
f 7154 7268 7145
f 7268 7208 7145
f 7145 7208 7159
f 7328 7329 8690
f 8690 7329 8691
f 8691 7329 7330
f 8691 7330 8692
f 8692 7330 7331
f 8692 7331 8693
f 8693 7331 7332
f 8693 7332 8694
f 8694 7332 7334
f 8694 7334 8695
f 8695 7334 7335
f 8695 7335 8696
f 8696 7335 7336
f 8696 7336 8697
f 8697 7336 7337
f 8697 7337 8698
f 8698 7337 7338
f 8698 7338 8699
f 8699 7338 7339
f 8699 7339 8700
f 8700 7339 7340
f 8700 7340 8701
f 8701 7340 7341
f 8701 7341 8702
f 8702 7341 7343
f 8702 7343 8703
f 8703 7343 7344
f 8703 7344 8704
f 8704 7344 7345
f 8704 7345 8705
f 8705 7345 7346
f 8705 7346 8706
f 8706 7346 7347
f 8706 7347 8707
f 8707 7347 7348
f 8707 7348 8708
f 8708 7348 7349
f 8708 7349 8709
f 8709 7349 7350
f 8709 7350 8710
f 8710 7350 7351
f 8710 7351 8711
f 8711 7351 7352
f 8711 7352 8712
f 8712 7352 7353
f 8712 7353 8713
f 8713 7353 7355
f 8713 7355 8714
f 8714 7355 7356
f 8714 7356 8715
f 8715 7356 7358
f 8715 7358 8716
f 8716 7358 7359
f 8716 7359 8717
f 8717 7359 7360
f 8717 7360 8718
f 8718 7360 7362
f 8718 7362 8719
f 8719 7362 7363
f 8719 7363 8720
f 8720 7363 7364
f 8720 7364 8721
f 8721 7364 7365
f 8721 7365 8722
f 8722 7365 7366
f 8722 7366 8723
f 8723 7366 7368
f 8723 7368 8724
f 8724 7368 7370
f 8724 7370 8725
f 8725 7370 7371
f 8725 7371 8726
f 8726 7371 7372
f 8726 7372 8727
f 8727 7372 7374
f 8727 7374 8728
f 8728 7374 7376
f 8728 7376 8729
f 8729 7376 7378
f 8729 7378 8730
f 8730 7378 7379
f 8730 7379 8731
f 8731 7379 7380
f 8731 7380 8732
f 8732 7380 7381
f 8732 7381 8733
f 8733 7381 7382
f 8733 7382 8734
f 8734 7382 7384
f 8734 7384 8735
f 8735 7384 7385
f 8735 7385 8736
f 8736 7385 7386
f 8736 7386 8737
f 8737 7386 7388
f 8737 7388 8738
f 8738 7388 7389
f 8738 7389 8739
f 8739 7389 7391
f 8739 7391 8740
f 8740 7391 7392
f 8740 7392 8741
f 8741 7392 7393
f 8741 7393 8742
f 8742 7393 7396
f 8742 7396 8743
f 8743 7396 7397
f 8743 7397 8744
f 8744 7397 7399
f 8744 7399 8745
f 8745 7399 7400
f 8745 7400 8746
f 8746 7400 7402
f 8746 7402 8747
f 8747 7402 7403
f 8747 7403 8748
f 8748 7403 7405
f 8748 7405 8749
f 8749 7405 7407
f 8749 7407 8750
f 8750 7407 7408
f 8750 7408 8751
f 8751 7408 7409
f 8751 7409 8752
f 8752 7409 7411
f 8752 7411 8753
f 8753 7411 7412
f 8753 7412 8754
f 8754 7412 7414
f 8754 7414 8755
f 8755 7414 7415
f 8755 7415 8756
f 8756 7415 7416
f 8756 7416 8757
f 8757 7416 7417
f 8757 7417 8758
f 8758 7417 7419
f 8758 7419 8759
f 8759 7419 7421
f 8759 7421 8760
f 8760 7421 7422
f 8760 7422 8761
f 8761 7422 7423
f 8761 7423 8762
f 8762 7423 7425
f 8762 7425 8763
f 8763 7425 7427
f 8763 7427 8764
f 8764 7427 7428
f 8764 7428 8765
f 8765 7428 7430
f 8765 7430 8766
f 8766 7430 7431
f 8766 7431 8767
f 8767 7431 7433
f 8767 7433 8768
f 8768 7433 7434
f 8768 7434 8769
f 8769 7434 7435
f 8769 7435 8770
f 8770 7435 7437
f 8770 7437 8771
f 8771 7437 7438
f 8771 7438 8772
f 8772 7438 7440
f 8772 7440 8773
f 8773 7440 7441
f 8773 7441 8774
f 8774 7441 7443
f 8774 7443 8775
f 8775 7443 7444
f 8775 7444 8776
f 8776 7444 7445
f 8776 7445 8777
f 8777 7445 7446
f 8777 7446 8778
f 8778 7446 7447
f 8778 7447 8779
f 8779 7447 7449
f 8779 7449 8780
f 8780 7449 7450
f 8780 7450 8781
f 8781 7450 8782
f 8782 7450 7452
f 8782 7452 8783
f 8783 7452 7454
f 8783 7454 8784
f 8784 7454 7227
f 8784 7227 8785
f 8785 7227 7226
f 8785 7226 7225
f 8785 7225 8786
f 8786 7225 7228
f 8786 7228 8787
f 8787 7228 7229
f 8787 7229 8788
f 8788 7229 7230
f 8788 7230 8789
f 8789 7230 7231
f 8789 7231 8790
f 8790 7231 7232
f 8790 7232 8791
f 8791 7232 7233
f 8791 7233 8792
f 8792 7233 7234
f 8792 7234 8793
f 8793 7234 7235
f 8793 7235 8794
f 8794 7235 7236
f 8794 7236 8795
f 8795 7236 7237
f 8795 7237 8796
f 8796 7237 7238
f 8796 7238 8797
f 8797 7238 7239
f 8797 7239 8798
f 8798 7239 7240
f 8798 7240 8799
f 8799 7240 7241
f 8799 7241 8800
f 8800 7241 7242
f 8800 7242 8801
f 8801 7242 7243
f 8801 7243 8802
f 8802 7243 7244
f 8802 7244 8803
f 8803 7244 7245
f 8803 7245 8804
f 8804 7245 7246
f 8804 7246 8805
f 8805 7246 7247
f 8805 7247 8806
f 8806 7247 7248
f 8806 7248 8807
f 8807 7248 7249
f 8807 7249 8808
f 8808 7249 7250
f 8808 7250 8809
f 8809 7250 7251
f 8809 7251 8810
f 8810 7251 7252
f 8810 7252 8811
f 8811 7252 7253
f 8811 7253 8812
f 8812 7253 7254
f 8812 7254 8813
f 8813 7254 7255
f 8813 7255 8814
f 8814 7255 7256
f 8814 7256 8815
f 8815 7256 7257
f 8815 7257 8816
f 8816 7257 7258
f 8816 7258 8817
f 8817 7258 7259
f 8817 7259 8818
f 8818 7259 7260
f 8818 7260 8819
f 8819 7260 7261
f 8819 7261 8820
f 8820 7261 7262
f 8820 7262 8821
f 8821 7262 7263
f 8821 7263 8822
f 8822 7263 7264
f 8822 7264 8823
f 8823 7264 7265
f 8823 7265 8824
f 8824 7265 7266
f 8824 7266 8825
f 8825 7266 7267
f 8825 7267 8826
f 8826 7267 7269
f 8826 7269 8827
f 8827 7269 7270
f 8827 7270 8828
f 8828 7270 7271
f 8828 7271 8829
f 8829 7271 7272
f 8829 7272 8830
f 8830 7272 7273
f 8830 7273 8831
f 8831 7273 7274
f 8831 7274 8832
f 8832 7274 7275
f 8832 7275 8833
f 8833 7275 7277
f 8833 7277 8834
f 8834 7277 7278
f 8834 7278 8835
f 8835 7278 7279
f 8835 7279 8836
f 8836 7279 7281
f 8836 7281 8837
f 8837 7281 7282
f 8837 7282 8838
f 8838 7282 7283
f 8838 7283 8839
f 8839 7283 7285
f 8839 7285 8840
f 8840 7285 7287
f 8840 7287 8841
f 8841 7287 7288
f 8841 7288 8842
f 8842 7288 7289
f 8842 7289 8843
f 8843 7289 7290
f 8843 7290 8844
f 8844 7290 7291
f 8844 7291 8845
f 8845 7291 7292
f 8845 7292 8846
f 8846 7292 7293
f 8846 7293 8847
f 8847 7293 7296
f 8847 7296 8848
f 8848 7296 7297
f 8848 7297 8849
f 8849 7297 7298
f 8849 7298 8850
f 8850 7298 7300
f 8850 7300 8851
f 8851 7300 7301
f 8851 7301 8852
f 8852 7301 7302
f 8852 7302 8853
f 8853 7302 7303
f 8853 7303 8854
f 8854 7303 7304
f 8854 7304 8855
f 8855 7304 7305
f 8855 7305 8856
f 8856 7305 7306
f 8856 7306 8857
f 8857 7306 7307
f 8857 7307 8858
f 8858 7307 7309
f 8858 7309 8859
f 8859 7309 7310
f 8859 7310 8860
f 8860 7310 7312
f 8860 7312 8861
f 8861 7312 7313
f 8861 7313 8862
f 8862 7313 7314
f 8862 7314 8863
f 8863 7314 7315
f 8863 7315 8864
f 8864 7315 7316
f 8864 7316 8865
f 8865 7316 7317
f 8865 7317 8866
f 8866 7317 7318
f 8866 7318 8867
f 8867 7318 7319
f 8867 7319 8868
f 8868 7319 7320
f 8868 7320 8869
f 8869 7320 7321
f 8869 7321 8870
f 8870 7321 7322
f 8870 7322 8871
f 8871 7322 7323
f 8871 7323 8872
f 8872 7323 7325
f 8872 7325 8873
f 8873 7325 7326
f 8873 7326 8874
f 8874 7326 7327
f 8874 7327 8875
f 8875 7327 7328
f 8875 7328 8690
f 8784 8875 8783
f 8783 8875 8690
f 8783 8690 8782
f 8782 8690 8691
f 8782 8691 8781
f 8781 8691 8692
f 8781 8692 8780
f 8780 8692 8693
f 8780 8693 8779
f 8779 8693 8694
f 8779 8694 8778
f 8778 8694 8695
f 8778 8695 8777
f 8777 8695 8696
f 8777 8696 8776
f 8776 8696 8697
f 8776 8697 8775
f 8775 8697 8698
f 8775 8698 8774
f 8774 8698 8699
f 8774 8699 8773
f 8773 8699 8700
f 8773 8700 8772
f 8772 8700 8701
f 8772 8701 8771
f 8771 8701 8702
f 8771 8702 8770
f 8770 8702 8703
f 8770 8703 8769
f 8769 8703 8704
f 8769 8704 8768
f 8768 8704 8705
f 8768 8705 8767
f 8767 8705 8706
f 8767 8706 8766
f 8766 8706 8707
f 8766 8707 8765
f 8765 8707 8708
f 8765 8708 8764
f 8764 8708 8709
f 8764 8709 8763
f 8763 8709 8710
f 8763 8710 8762
f 8762 8710 8711
f 8762 8711 8761
f 8761 8711 8712
f 8761 8712 8760
f 8760 8712 8713
f 8760 8713 8759
f 8759 8713 8714
f 8759 8714 8758
f 8758 8714 8715
f 8758 8715 8757
f 8757 8715 8716
f 8757 8716 8756
f 8756 8716 8717
f 8756 8717 8755
f 8755 8717 8718
f 8755 8718 8754
f 8754 8718 8719
f 8754 8719 8753
f 8753 8719 8720
f 8753 8720 8752
f 8752 8720 8721
f 8752 8721 8751
f 8751 8721 8722
f 8751 8722 8750
f 8750 8722 8723
f 8750 8723 8749
f 8749 8723 8724
f 8749 8724 8748
f 8748 8724 8725
f 8748 8725 8747
f 8747 8725 8726
f 8747 8726 8746
f 8746 8726 8727
f 8746 8727 8745
f 8745 8727 8728
f 8745 8728 8744
f 8744 8728 8729
f 8744 8729 8743
f 8743 8729 8730
f 8743 8730 8742
f 8742 8730 8731
f 8742 8731 8741
f 8741 8731 8732
f 8741 8732 8740
f 8740 8732 8733
f 8740 8733 8739
f 8739 8733 8734
f 8739 8734 8738
f 8738 8734 8735
f 8738 8735 8737
f 8737 8735 8736
f 8875 8784 8874
f 8874 8784 8785
f 8874 8785 8873
f 8873 8785 8786
f 8873 8786 8872
f 8872 8786 8787
f 8872 8787 8871
f 8871 8787 8788
f 8871 8788 8870
f 8870 8788 8789
f 8870 8789 8869
f 8869 8789 8790
f 8869 8790 8868
f 8868 8790 8791
f 8868 8791 8867
f 8867 8791 8792
f 8867 8792 8866
f 8866 8792 8793
f 8866 8793 8865
f 8865 8793 8794
f 8865 8794 8864
f 8864 8794 8795
f 8864 8795 8863
f 8863 8795 8796
f 8863 8796 8862
f 8862 8796 8797
f 8862 8797 8861
f 8861 8797 8798
f 8861 8798 8860
f 8860 8798 8799
f 8860 8799 8859
f 8859 8799 8800
f 8859 8800 8858
f 8858 8800 8801
f 8858 8801 8857
f 8857 8801 8802
f 8857 8802 8856
f 8856 8802 8803
f 8856 8803 8855
f 8855 8803 8804
f 8855 8804 8854
f 8854 8804 8805
f 8854 8805 8853
f 8853 8805 8806
f 8853 8806 8852
f 8852 8806 8807
f 8852 8807 8851
f 8851 8807 8808
f 8851 8808 8850
f 8850 8808 8809
f 8850 8809 8849
f 8849 8809 8810
f 8849 8810 8848
f 8848 8810 8811
f 8848 8811 8847
f 8847 8811 8812
f 8847 8812 8846
f 8846 8812 8813
f 8846 8813 8845
f 8845 8813 8814
f 8845 8814 8844
f 8844 8814 8815
f 8844 8815 8843
f 8843 8815 8816
f 8843 8816 8842
f 8842 8816 8817
f 8842 8817 8841
f 8841 8817 8818
f 8841 8818 8840
f 8840 8818 8819
f 8840 8819 8839
f 8839 8819 8820
f 8839 8820 8838
f 8838 8820 8821
f 8838 8821 8837
f 8837 8821 8822
f 8837 8822 8836
f 8836 8822 8823
f 8836 8823 8835
f 8835 8823 8824
f 8835 8824 8834
f 8834 8824 8825
f 8834 8825 8833
f 8833 8825 8826
f 8833 8826 8832
f 8832 8826 8827
f 8832 8827 8831
f 8831 8827 8828
f 8831 8828 8830
f 8830 8828 8829
f 5090 2928 5088
f 5088 2928 2926
f 4631 2848 6822
f 6822 2848 2849
f 4628 4631 6821
f 6821 4631 6822
f 6783 4821 6782
f 6782 4821 4602
f 6782 4602 6792
f 6792 4602 4818
f 6792 4818 4820
f 6792 4820 6793
f 6793 4820 6798
f 6798 4820 4819
f 6798 4819 6797
f 6797 4819 4817
f 6797 4817 6796
f 6796 4817 6795
f 6795 4817 4605
f 6795 4605 6794
f 6794 4605 6800
f 6800 4605 4606
f 6800 4606 4816
f 6800 4816 6801
f 6801 4816 6802
f 6802 4816 4813
f 6802 4813 6803
f 6803 4813 6806
f 6806 4813 4814
f 6806 4814 6809
f 6809 4814 4815
f 6809 4815 6807
f 6807 4815 6808
f 6808 4815 4611
f 6808 4611 4620
f 6808 4620 6811
f 6811 4620 4621
f 6811 4621 6814
f 6814 4621 4811
f 6814 4811 4812
f 6814 4812 6815
f 6815 4812 6813
f 6813 4812 4810
f 6813 4810 4624
f 6813 4624 6812
f 6812 4624 4625
f 6812 4625 6816
f 6816 4625 4808
f 6816 4808 6817
f 6817 4808 4809
f 6817 4809 6820
f 6820 4809 4807
f 6820 4807 6819
f 6819 4807 4627
f 6819 4627 6818
f 6818 4627 4628
f 6818 4628 6821
f 6779 4597 6783
f 6783 4597 4821
f 6776 4595 6779
f 6779 4595 4597
f 6744 4561 4565
f 6744 4565 6756
f 6756 4565 4567
f 6756 4567 4568
f 6756 4568 6757
f 6757 4568 4566
f 6757 4566 6758
f 6758 4566 4569
f 6758 4569 6759
f 6759 4569 4571
f 6759 4571 6760
f 6760 4571 4572
f 6760 4572 6761
f 6761 4572 4822
f 6761 4822 4823
f 6761 4823 6762
f 6762 4823 4573
f 6762 4573 4575
f 6762 4575 6763
f 6763 4575 6764
f 6764 4575 4576
f 6764 4576 6765
f 6765 4576 4578
f 6765 4578 6766
f 6766 4578 4579
f 6766 4579 6767
f 6767 4579 6769
f 6769 4579 4581
f 6769 4581 6771
f 6771 4581 6770
f 6770 4581 4583
f 6770 4583 6768
f 6768 4583 6751
f 6751 4583 4585
f 6751 4585 6772
f 6772 4585 6784
f 6784 4585 4586
f 6784 4586 6785
f 6785 4586 4587
f 6785 4587 6789
f 6789 4587 6790
f 6790 4587 6788
f 6788 4587 4594
f 6788 4594 6787
f 6787 4594 6786
f 6786 4594 4595
f 6786 4595 6776
f 4557 4561 6730
f 6730 4561 6744
f 4555 4557 6729
f 6729 4557 6730
f 4555 6729 6726
f 4555 6726 4554
f 4554 6726 4824
f 4824 6726 6743
f 4824 6743 4826
f 4826 6743 4825
f 4825 6743 6742
f 4825 6742 4552
f 4552 6742 6738
f 4552 6738 4551
f 4551 6738 6739
f 4551 6739 4827
f 4827 6739 6740
f 4827 6740 4829
f 4829 6740 6741
f 4829 6741 4828
f 4828 6741 6737
f 4828 6737 4544
f 4544 6737 6736
f 4544 6736 4543
f 4543 6736 6734
f 4543 6734 4541
f 4541 6734 6735
f 4541 6735 6733
f 4541 6733 4540
f 4540 6733 6719
f 4540 6719 6721
f 4540 6721 4539
f 4539 6721 6720
f 4539 6720 4538
f 4538 6720 6718
f 4538 6718 6717
f 4538 6717 4536
f 4536 6717 6716
f 4536 6716 6715
f 4536 6715 4535
f 4535 6715 6711
f 4535 6711 4830
f 4830 6711 6714
f 4830 6714 4831
f 4831 6714 6713
f 4831 6713 4532
f 4532 6713 6712
f 4532 6712 4531
f 4531 6712 6710
f 4531 6710 6709
f 4531 6709 4832
f 6678 4527 4832
f 6678 4832 6709
f 6708 4526 6678
f 6678 4526 4527
f 6664 4496 6665
f 6665 4496 4497
f 6665 4497 6666
f 6666 4497 4835
f 6666 4835 6687
f 6687 4835 4836
f 6687 4836 6689
f 6689 4836 4834
f 6689 4834 6688
f 6688 4834 4498
f 6688 4498 6686
f 6686 4498 6690
f 6690 4498 4500
f 6690 4500 4503
f 6690 4503 6691
f 6691 4503 4505
f 6691 4505 6694
f 6694 4505 4506
f 6694 4506 6692
f 6692 4506 4504
f 6692 4504 6693
f 6693 4504 4502
f 6693 4502 4507
f 6693 4507 6695
f 6695 4507 6696
f 6696 4507 4833
f 6696 4833 6670
f 6670 4833 4511
f 6670 4511 6697
f 6697 4511 6698
f 6698 4511 6702
f 6702 4511 4512
f 6702 4512 6701
f 6701 4512 6700
f 6700 4512 4514
f 6700 4514 6699
f 6699 4514 4516
f 6699 4516 6703
f 6703 4516 6704
f 6704 4516 4519
f 6704 4519 4520
f 6704 4520 6705
f 6705 4520 4522
f 6705 4522 6706
f 6706 4522 4521
f 6706 4521 6707
f 6707 4521 4524
f 6707 4524 6708
f 6708 4524 4526
f 4490 4496 6651
f 6651 4496 6664
f 4478 4490 6648
f 6648 4490 6651
f 6631 4454 4455
f 6631 4455 6630
f 6630 4455 4456
f 6630 4456 6633
f 6633 4456 4458
f 6633 4458 6634
f 6634 4458 4460
f 6634 4460 6632
f 6632 4460 6635
f 6635 4460 4461
f 6635 4461 6637
f 6637 4461 4838
f 6637 4838 6640
f 6640 4838 6641
f 6641 4838 6638
f 6638 4838 4463
f 6638 4463 6639
f 6639 4463 6642
f 6642 4463 6643
f 6643 4463 4465
f 6643 4465 6655
f 6655 4465 4466
f 6655 4466 6656
f 6656 4466 4469
f 6656 4469 6657
f 6657 4469 4471
f 6657 4471 6658
f 6658 4471 4473
f 6658 4473 6659
f 6659 4473 6660
f 6660 4473 4474
f 6660 4474 6662
f 6662 4474 4837
f 6662 4837 6663
f 6663 4837 6661
f 6661 4837 4478
f 6661 4478 6648
f 6627 4452 4454
f 6627 4454 6631
f 6625 4451 6627
f 6627 4451 4452
f 6603 4425 4427
f 6603 4427 6604
f 6604 4427 4428
f 6604 4428 6605
f 6605 4428 6606
f 6606 4428 4429
f 6606 4429 6607
f 6607 4429 6608
f 6608 4429 6589
f 6589 4429 4430
f 6589 4430 6610
f 6610 4430 4431
f 6610 4431 6611
f 6611 4431 6609
f 6609 4431 4432
f 6609 4432 6592
f 6592 4432 4846
f 6592 4846 6613
f 6613 4846 6612
f 6612 4846 6614
f 6614 4846 4435
f 6614 4435 4436
f 6614 4436 6615
f 6615 4436 4844
f 6615 4844 6616
f 6616 4844 4845
f 6616 4845 4843
f 6616 4843 6617
f 6617 4843 4442
f 6617 4442 6598
f 6598 4442 4443
f 6598 4443 6618
f 6618 4443 6620
f 6620 4443 4444
f 6620 4444 6621
f 6621 4444 4841
f 6621 4841 6623
f 6623 4841 4842
f 6623 4842 6622
f 6622 4842 4840
f 6622 4840 6619
f 6619 4840 4446
f 6619 4446 6624
f 6624 4446 4839
f 6624 4839 4451
f 6624 4451 6625
f 4419 4425 6584
f 6584 4425 6603
f 4414 4419 6582
f 6582 4419 6584
f 6582 6581 4414
f 4414 6581 4412
f 4412 6581 6580
f 4412 6580 6578
f 4412 6578 4410
f 4410 6578 6577
f 4410 6577 4408
f 4408 6577 6573
f 4408 6573 4407
f 4407 6573 6572
f 4407 6572 4405
f 4405 6572 6574
f 4405 6574 4403
f 4403 6574 6575
f 4403 6575 6571
f 4403 6571 4402
f 4402 6571 6570
f 4402 6570 6569
f 4402 6569 6568
f 4402 6568 4395
f 4395 6568 6567
f 4395 6567 4397
f 4397 6567 6566
f 4397 6566 4399
f 4399 6566 6565
f 4399 6565 4400
f 4400 6565 6564
f 4400 6564 4398
f 4398 6564 4396
f 4396 6564 6563
f 4396 6563 4391
f 4391 6563 4390
f 4390 6563 6562
f 4390 6562 6561
f 4390 6561 4387
f 4387 6561 6559
f 4387 6559 6560
f 4387 6560 4385
f 4385 6560 6558
f 4385 6558 6555
f 4385 6555 4383
f 4383 6555 6557
f 4383 6557 4381
f 4381 6557 6556
f 4381 6556 6548
f 4381 6548 4379
f 6547 4377 6548
f 6548 4377 4379
f 4374 4375 6546
f 6546 4375 6547
f 6547 4375 4377
f 6511 4348 6512
f 6512 4348 4350
f 6512 4350 6513
f 6513 4350 4351
f 6513 4351 6514
f 6514 4351 4353
f 6514 4353 6515
f 6515 4353 4355
f 6515 4355 6528
f 6528 4355 6529
f 6529 4355 4356
f 6529 4356 6530
f 6530 4356 4358
f 6530 4358 6531
f 6531 4358 6532
f 6532 4358 4359
f 6532 4359 6518
f 6518 4359 4360
f 6518 4360 6533
f 6533 4360 4852
f 6533 4852 6536
f 6536 4852 4854
f 6536 4854 6538
f 6538 4854 4855
f 6538 4855 6537
f 6537 4855 4853
f 6537 4853 6534
f 6534 4853 4851
f 6534 4851 6535
f 6535 4851 4363
f 6535 4363 6539
f 6539 4363 4850
f 6539 4850 6540
f 6540 4850 4849
f 6540 4849 6541
f 6541 4849 4370
f 6541 4370 6543
f 6543 4370 6545
f 6545 4370 4848
f 6545 4848 6544
f 6544 4848 6542
f 6542 4848 4847
f 6542 4847 6521
f 6521 4847 6546
f 6546 4847 4374
f 4340 4348 6501
f 6501 4348 6511
f 4338 4340 6500
f 6500 4340 6501
f 4863 4311 6474
f 6474 4311 6475
f 6475 4311 4862
f 6475 4862 6476
f 6476 4862 6477
f 6477 4862 4315
f 6477 4315 6478
f 6478 4315 4861
f 6478 4861 6479
f 6479 4861 6480
f 6480 4861 4317
f 6480 4317 6481
f 6481 4317 6482
f 6482 4317 4321
f 6482 4321 6483
f 6483 4321 4323
f 6483 4323 6484
f 6484 4323 4322
f 6484 4322 6485
f 6485 4322 4320
f 6485 4320 4326
f 6485 4326 6486
f 6486 4326 4328
f 6486 4328 4856
f 6486 4856 6487
f 6487 4856 4858
f 6487 4858 6491
f 6491 4858 4859
f 6491 4859 6494
f 6494 4859 4860
f 6494 4860 6492
f 6492 4860 4857
f 6492 4857 6493
f 6493 4857 4330
f 6493 4330 4333
f 6493 4333 6488
f 6488 4333 6490
f 6490 4333 6498
f 6498 4333 4332
f 6498 4332 6495
f 6495 4332 4334
f 6495 4334 6497
f 6497 4334 4336
f 6497 4336 6499
f 6499 4336 4337
f 6499 4337 6496
f 6496 4337 4338
f 6496 4338 6500
f 6450 4307 6474
f 6474 4307 4863
f 6473 4306 6450
f 6450 4306 4307
f 6423 4276 4279
f 6423 4279 6424
f 6424 4279 6426
f 6426 4279 6427
f 6427 4279 6425
f 6425 4279 4280
f 6425 4280 6428
f 6428 4280 4282
f 6428 4282 6435
f 6435 4282 4284
f 6435 4284 4865
f 6435 4865 6436
f 6436 4865 4289
f 6436 4289 6437
f 6437 4289 4290
f 6437 4290 6438
f 6438 4290 4292
f 6438 4292 6440
f 6440 4292 6441
f 6441 4292 4293
f 6441 4293 6439
f 6439 4293 6442
f 6442 4293 4295
f 6442 4295 6461
f 6461 4295 4296
f 6461 4296 6462
f 6462 4296 4864
f 6462 4864 6464
f 6464 4864 6465
f 6465 4864 4300
f 6465 4300 6445
f 6445 4300 6463
f 6463 4300 6466
f 6466 4300 4302
f 6466 4302 6467
f 6467 4302 6472
f 6472 4302 6471
f 6471 4302 4303
f 6471 4303 6470
f 6470 4303 6468
f 6468 4303 4304
f 6468 4304 6469
f 6469 4304 6473
f 6473 4304 4306
f 4269 4276 6413
f 6413 4276 6423
f 4265 4269 6420
f 6420 4269 6413
f 4265 6420 6419
f 4265 6419 4263
f 4263 6419 6421
f 4263 6421 4867
f 4867 6421 4866
f 4866 6421 6418
f 4866 6418 4261
f 4261 6418 6417
f 4261 6417 4259
f 4259 6417 4868
f 4868 6417 4256
f 4256 6417 6416
f 4256 6416 4255
f 4255 6416 6408
f 4255 6408 4869
f 4869 6408 6407
f 4869 6407 4871
f 4871 6407 6406
f 4871 6406 4870
f 4870 6406 4253
f 4253 6406 6404
f 4253 6404 4252
f 4252 6404 6402
f 4252 6402 4250
f 4250 6402 6403
f 4250 6403 4248
f 4248 6403 6401
f 4248 6401 6400
f 4248 6400 6389
f 4248 6389 4247
f 4247 6389 6399
f 4247 6399 4245
f 4245 6399 6393
f 4245 6393 4243
f 4243 6393 6398
f 4243 6398 6397
f 4243 6397 4872
f 4872 6397 6395
f 4872 6395 6396
f 4872 6396 4873
f 4873 6396 6394
f 4873 6394 4242
f 4242 6394 6385
f 4242 6385 4241
f 4241 6385 6386
f 6381 4238 6386
f 6386 4238 4241
f 6380 4235 6381
f 6381 4235 4238
f 6350 4207 6351
f 6351 4207 4208
f 6351 4208 4209
f 6351 4209 6352
f 6352 4209 4877
f 6352 4877 6353
f 6353 4877 4876
f 6353 4876 6356
f 6356 4876 4875
f 6356 4875 6354
f 6354 4875 4210
f 6354 4210 6357
f 6357 4210 4213
f 6357 4213 4214
f 6357 4214 6361
f 6361 4214 4874
f 6361 4874 6359
f 6359 4874 4216
f 6359 4216 6360
f 6360 4216 6363
f 6363 4216 4220
f 6363 4220 6362
f 6362 4220 4221
f 6362 4221 6364
f 6364 4221 6368
f 6368 4221 4222
f 6368 4222 6369
f 6369 4222 4224
f 6369 4224 6370
f 6370 4224 6365
f 6365 4224 4225
f 6365 4225 6371
f 6371 4225 4226
f 6371 4226 6367
f 6367 4226 6372
f 6372 4226 6377
f 6377 4226 4229
f 6377 4229 4230
f 6377 4230 6378
f 6378 4230 4231
f 6378 4231 6376
f 6376 4231 4228
f 6376 4228 6379
f 6379 4228 4234
f 6379 4234 6380
f 6380 4234 4235
f 4201 4207 6345
f 6345 4207 6350
f 4195 4201 6344
f 6344 4201 6345
f 6324 4169 4172
f 6324 4172 6296
f 6296 4172 6322
f 6322 4172 4881
f 6322 4881 6323
f 6323 4881 6321
f 6321 4881 4173
f 6321 4173 6320
f 6320 4173 4175
f 6320 4175 6325
f 6325 4175 4880
f 6325 4880 6326
f 6326 4880 6327
f 6327 4880 6328
f 6328 4880 4179
f 6328 4179 6329
f 6329 4179 6330
f 6330 4179 4182
f 6330 4182 6332
f 6332 4182 6335
f 6335 4182 6333
f 6333 4182 4184
f 6333 4184 6334
f 6334 4184 4185
f 6334 4185 6336
f 6336 4185 4186
f 6336 4186 6338
f 6338 4186 6339
f 6339 4186 4188
f 6339 4188 6340
f 6340 4188 4189
f 6340 4189 6341
f 6341 4189 4878
f 6341 4878 4879
f 6341 4879 6348
f 6348 4879 4191
f 6348 4191 4190
f 6348 4190 6349
f 6349 4190 4196
f 6349 4196 4195
f 6349 4195 6344
f 6319 4168 6324
f 6324 4168 4169
f 6293 4166 6319
f 6319 4166 4168
f 6279 4136 6280
f 6280 4136 4893
f 6280 4893 6281
f 6281 4893 6300
f 6300 4893 4140
f 6300 4140 6301
f 6301 4140 4141
f 6301 4141 6299
f 6299 4141 6302
f 6302 4141 4142
f 6302 4142 6303
f 6303 4142 4892
f 6303 4892 4891
f 6303 4891 4145
f 6303 4145 4147
f 6303 4147 6304
f 6304 4147 4148
f 6304 4148 4887
f 6304 4887 6305
f 6305 4887 4890
f 6305 4890 6306
f 6306 4890 4889
f 6306 4889 6307
f 6307 4889 4888
f 6307 4888 6308
f 6308 4888 4149
f 6308 4149 6309
f 6309 4149 4151
f 6309 4151 6310
f 6310 4151 4886
f 6310 4886 4154
f 6310 4154 6311
f 6311 4154 4156
f 6311 4156 6312
f 6312 4156 4158
f 6312 4158 6313
f 6313 4158 4882
f 6313 4882 6290
f 6290 4882 6315
f 6315 4882 4884
f 6315 4884 6317
f 6317 4884 4885
f 6317 4885 6316
f 6316 4885 4883
f 6316 4883 6314
f 6314 4883 4162
f 6314 4162 6318
f 6318 4162 4165
f 6318 4165 6293
f 6293 4165 4166
f 4130 4136 6272
f 6272 4136 6279
f 4118 4130 6271
f 6271 4130 6272
f 6271 6270 4118
f 4118 6270 4117
f 4117 6270 6268
f 4117 6268 4116
f 4116 6268 6269
f 4116 6269 6267
f 4116 6267 4114
f 4114 6267 6266
f 4114 6266 4112
f 4112 6266 4110
f 4110 6266 4109
f 4109 6266 6265
f 4109 6265 6264
f 4109 6264 6263
f 4109 6263 4105
f 4105 6263 6262
f 4105 6262 4103
f 4103 6262 6261
f 4103 6261 6260
f 4103 6260 4101
f 4101 6260 6259
f 4101 6259 4896
f 4896 6259 6258
f 4896 6258 4894
f 4894 6258 6257
f 4894 6257 4895
f 4895 6257 4099
f 4099 6257 6256
f 4099 6256 6251
f 4099 6251 4096
f 4096 6251 6252
f 4096 6252 6253
f 4096 6253 4093
f 4093 6253 6255
f 4093 6255 6254
f 4093 6254 4092
f 4092 6254 6250
f 6236 4087 6250
f 6250 4087 4092
f 6235 4085 6236
f 6236 4085 4087
f 6206 4899 6209
f 6209 4899 4059
f 6209 4059 6212
f 6212 4059 6215
f 6215 4059 6216
f 6216 4059 6217
f 6217 4059 4060
f 6217 4060 6218
f 6218 4060 4062
f 6218 4062 6219
f 6219 4062 4064
f 6219 4064 6220
f 6220 4064 6222
f 6222 4064 4065
f 6222 4065 4898
f 6222 4898 6224
f 6224 4898 4897
f 6224 4897 6223
f 6223 4897 4066
f 6223 4066 4068
f 6223 4068 6225
f 6225 4068 4070
f 6225 4070 6227
f 6227 4070 4073
f 6227 4073 6229
f 6229 4073 4075
f 6229 4075 4074
f 6229 4074 6228
f 6228 4074 4072
f 6228 4072 6226
f 6226 4072 4078
f 6226 4078 6230
f 6230 4078 4080
f 6230 4080 6232
f 6232 4080 4081
f 6232 4081 6233
f 6233 4081 4084
f 6233 4084 6234
f 6234 4084 6235
f 6235 4084 4085
f 4053 4899 6205
f 6205 4899 6206
f 4046 4053 6204
f 6204 4053 6205
f 4020 4022 6183
f 6183 4022 6184
f 6184 4022 4907
f 6184 4907 6185
f 6185 4907 4906
f 6185 4906 4908
f 6185 4908 6186
f 6186 4908 4905
f 6186 4905 4024
f 6186 4024 6187
f 6187 4024 4026
f 6187 4026 6188
f 6188 4026 4028
f 6188 4028 6154
f 6154 4028 6189
f 6189 4028 6190
f 6190 4028 4904
f 6190 4904 6191
f 6191 4904 6192
f 6192 4904 4034
f 6192 4034 4035
f 6192 4035 6193
f 6193 4035 4903
f 6193 4903 4902
f 6193 4902 6194
f 6194 4902 4036
f 6194 4036 6195
f 6195 4036 4038
f 6195 4038 6197
f 6197 4038 4039
f 6197 4039 4901
f 6197 4901 6198
f 6198 4901 4900
f 6198 4900 4041
f 6198 4041 4042
f 6198 4042 6199
f 6199 4042 4044
f 6199 4044 6200
f 6200 4044 6203
f 6203 4044 6202
f 6202 4044 4045
f 6202 4045 6201
f 6201 4045 6204
f 6204 4045 4046
f 6147 4016 4020
f 6147 4020 6183
f 6182 4014 6147
f 6147 4014 4016
f 6160 3987 3989
f 6160 3989 6161
f 6161 3989 3990
f 6161 3990 6162
f 6162 3990 3992
f 6162 3992 6163
f 6163 3992 3993
f 6163 3993 6164
f 6164 3993 6165
f 6165 3993 6166
f 6166 3993 3994
f 6166 3994 6167
f 6167 3994 3995
f 6167 3995 6168
f 6168 3995 3998
f 6168 3998 6169
f 6169 3998 6170
f 6170 3998 3999
f 6170 3999 4001
f 6170 4001 6171
f 6171 4001 4911
f 6171 4911 6172
f 6172 4911 4912
f 6172 4912 6173
f 6173 4912 4910
f 6173 4910 6174
f 6174 4910 4002
f 6174 4002 4909
f 6174 4909 6175
f 6175 4909 6176
f 6176 4909 4011
f 6176 4011 6177
f 6177 4011 6178
f 6178 4011 4012
f 6178 4012 6179
f 6179 4012 4013
f 6179 4013 6180
f 6180 4013 6181
f 6181 4013 4014
f 4014 6182 6181
f 3981 3987 6132
f 6132 3987 6160
f 3977 3981 6131
f 6131 3981 6132
f 6131 6130 3977
f 3977 6130 4913
f 4913 6130 6129
f 4913 6129 3972
f 3972 6129 6128
f 3972 6128 6127
f 3972 6127 6126
f 3972 6126 4914
f 4914 6126 4916
f 4916 6126 6125
f 4916 6125 4918
f 4918 6125 4917
f 4917 6125 6124
f 4917 6124 4915
f 4915 6124 3969
f 3969 6124 6123
f 3969 6123 3968
f 3968 6123 4919
f 4919 6123 6122
f 4920 6122 3961
f 3961 6122 6118
f 3961 6118 3960
f 3960 6118 3959
f 3959 6118 6117
f 3959 6117 6116
f 3959 6116 3957
f 3957 6116 3955
f 3955 6116 6115
f 3955 6115 6114
f 3955 6114 6113
f 3955 6113 3952
f 3952 6113 6112
f 3952 6112 4921
f 4921 6112 6111
f 4921 6111 3950
f 3950 6111 6107
f 3950 6107 6109
f 3950 6109 3948
f 3948 6109 6108
f 3948 6108 6106
f 3948 6106 3944
f 6104 3943 3944
f 6104 3944 6106
f 6103 3939 6104
f 6104 3939 3943
f 6075 3909 6076
f 6076 3909 3911
f 6076 3911 3913
f 6076 3913 6077
f 6077 3913 3914
f 6077 3914 6080
f 6080 3914 3912
f 6080 3912 6079
f 6079 3912 3916
f 6079 3916 6078
f 6078 3916 3917
f 6078 3917 6082
f 6082 3917 6085
f 6085 3917 6083
f 6083 3917 3919
f 6083 3919 6084
f 6084 3919 3920
f 6084 3920 6086
f 6086 3920 6087
f 6087 3920 4925
f 6087 4925 3925
f 6087 3925 6088
f 6088 3925 3927
f 6088 3927 6089
f 6089 3927 3928
f 6089 3928 6090
f 6090 3928 6092
f 6092 3928 3929
f 6092 3929 3931
f 6092 3931 3933
f 6092 3933 6091
f 6091 3933 3934
f 6091 3934 6093
f 6093 3934 6097
f 6097 3934 4924
f 6097 4924 6099
f 6099 4924 4923
f 6099 4923 6101
f 6101 4923 4922
f 6101 4922 6100
f 6100 4922 3936
f 6100 3936 6098
f 6098 3936 3937
f 6098 3937 6096
f 6096 3937 3938
f 6096 3938 6102
f 6102 3938 6103
f 6103 3938 3939
f 3906 3909 6063
f 6063 3909 6075
f 3905 3906 6061
f 6061 3906 6063
f 6046 3887 3889
f 6046 3889 6045
f 6045 3889 6047
f 6047 3889 6049
f 6049 3889 4931
f 6049 4931 6048
f 6048 4931 3890
f 6048 3890 6050
f 6050 3890 6051
f 6051 3890 3892
f 6051 3892 6052
f 6052 3892 3893
f 6052 3893 6053
f 6053 3893 6054
f 6054 3893 3895
f 6054 3895 6055
f 6055 3895 6056
f 6056 3895 4930
f 6056 4930 6057
f 6057 4930 6058
f 6058 4930 6059
f 6059 4930 3897
f 6059 3897 6071
f 6071 3897 3898
f 6071 3898 4929
f 6071 4929 6070
f 6070 4929 6072
f 6072 4929 3901
f 6072 3901 6074
f 6074 3901 4926
f 6074 4926 4928
f 6074 4928 6073
f 6073 4928 4927
f 6073 4927 3904
f 6073 3904 6061
f 6061 3904 3905
f 6034 3885 6037
f 6037 3885 3887
f 6037 3887 6046
f 6033 3879 6034
f 6034 3879 3885
f 6007 3850 6008
f 6008 3850 4936
f 6008 4936 4938
f 6008 4938 6009
f 6009 4938 4939
f 6009 4939 4937
f 6009 4937 6010
f 6010 4937 3853
f 6010 3853 6011
f 6011 3853 3854
f 6011 3854 3857
f 6011 3857 6013
f 6013 3857 3859
f 6013 3859 6015
f 6015 3859 3861
f 6015 3861 6016
f 6016 3861 3860
f 6016 3860 6014
f 6014 3860 3858
f 6014 3858 6012
f 6012 3858 3856
f 6012 3856 6017
f 6017 3856 3864
f 6017 3864 3866
f 6017 3866 6020
f 6020 3866 4935
f 6020 4935 6019
f 6019 4935 3868
f 6019 3868 6021
f 6021 3868 6022
f 6022 3868 3870
f 6022 3870 6024
f 6024 3870 6023
f 6023 3870 3872
f 6023 3872 6025
f 6025 3872 3874
f 6025 3874 6026
f 6026 3874 6027
f 6027 3874 4933
f 6027 4933 6028
f 6028 4933 4932
f 6028 4932 6029
f 6029 4932 6032
f 6032 4932 4934
f 6032 4934 6030
f 6030 4934 3877
f 6030 3877 6031
f 6031 3877 3878
f 6031 3878 6033
f 6033 3878 3879
f 3837 3850 5989
f 5989 3850 6007
f 3835 3837 5988
f 5988 3837 5989
f 5988 6006 3835
f 3835 6006 3833
f 3833 6006 6003
f 3833 6003 3831
f 3831 6003 6005
f 3831 6005 6004
f 3831 6004 3829
f 3829 6004 5985
f 3829 5985 3828
f 3828 5985 6002
f 3828 6002 3826
f 3826 6002 5998
f 3826 5998 3825
f 3825 5998 5999
f 3825 5999 6000
f 3825 6000 3824
f 3824 6000 6001
f 3824 6001 5997
f 3824 5997 3823
f 3823 5997 5983
f 3823 5983 5980
f 3823 5980 3821
f 3821 5980 5982
f 3821 5982 4940
f 4940 5982 5981
f 4940 5981 3817
f 3817 5981 5979
f 3817 5979 5976
f 3817 5976 3816
f 3816 5976 5977
f 3816 5977 3814
f 3814 5977 5978
f 3814 5978 5975
f 3814 5975 5974
f 3814 5974 3813
f 3813 5974 5973
f 3813 5973 3812
f 3812 5973 4941
f 4941 5973 5972
f 5945 3807 3809
f 5945 3809 5972
f 5972 3809 4941
f 5971 3802 5945
f 5945 3802 3807
f 5923 3777 5925
f 5925 3777 5926
f 5926 3777 3778
f 5926 3778 5929
f 5929 3778 5930
f 5930 3778 3779
f 5930 3779 5928
f 5928 3779 5931
f 5931 3779 3780
f 5931 3780 5932
f 5932 3780 3781
f 5932 3781 5955
f 5955 3781 4946
f 5955 4946 4945
f 5955 4945 5956
f 5956 4945 3782
f 5956 3782 5957
f 5957 3782 3784
f 5957 3784 4944
f 5957 4944 5958
f 5958 4944 4943
f 5958 4943 3785
f 5958 3785 5959
f 5959 3785 3787
f 5959 3787 3789
f 5959 3789 3791
f 5959 3791 5960
f 5960 3791 3792
f 5960 3792 5962
f 5962 3792 5961
f 5961 3792 3790
f 5961 3790 5963
f 5963 3790 3794
f 5963 3794 5938
f 5938 3794 5964
f 5964 3794 3796
f 5964 3796 5965
f 5965 3796 5966
f 5966 3796 3798
f 5966 3798 5967
f 5967 3798 4942
f 5967 4942 5968
f 5968 4942 5969
f 5969 4942 5970
f 5970 4942 3802
f 3802 5971 5970
f 3773 3777 5907
f 5907 3777 5923
f 3770 3773 5921
f 5921 3773 5907
f 5885 3746 5886
f 5886 3746 3747
f 5886 3747 5883
f 5883 3747 5887
f 5887 3747 5888
f 5888 3747 3749
f 5888 3749 5884
f 5884 3749 3750
f 5884 3750 5889
f 5889 3750 5890
f 5890 3750 3751
f 5890 3751 5891
f 5891 3751 5893
f 5893 3751 3753
f 5893 3753 5894
f 5894 3753 4947
f 5894 4947 5895
f 5895 4947 4949
f 5895 4949 5900
f 5900 4949 4950
f 5900 4950 5899
f 5899 4950 4948
f 5899 4948 5896
f 5896 4948 3756
f 5896 3756 5898
f 5898 3756 5901
f 5901 3756 3758
f 5901 3758 5902
f 5902 3758 3764
f 5902 3764 5903
f 5903 3764 3765
f 5903 3765 3766
f 5903 3766 5914
f 5914 3766 5915
f 5915 3766 5916
f 5916 3766 3767
f 5916 3767 5917
f 5917 3767 5918
f 5918 3767 3769
f 5918 3769 5919
f 5919 3769 5920
f 5920 3769 3770
f 5920 3770 5921
f 5882 3744 5885
f 5885 3744 3746
f 5866 3733 5882
f 5882 3733 3744
f 5843 3710 5845
f 5845 3710 3711
f 5845 3711 5846
f 5846 3711 5849
f 5849 3711 3712
f 5849 3712 5848
f 5848 3712 3713
f 5848 3713 5847
f 5847 3713 5850
f 5850 3713 3715
f 5850 3715 5852
f 5852 3715 5853
f 5853 3715 5851
f 3717 5851 3715
f 5851 3717 5855
f 5855 3717 5856
f 5856 3717 3719
f 5856 3719 5859
f 5859 3719 5858
f 5858 3719 3720
f 5858 3720 5857
f 5857 3720 5860
f 5860 3720 3721
f 5860 3721 5861
f 5861 3721 4952
f 5861 4952 5862
f 5862 4952 4953
f 5862 4953 5872
f 5872 4953 4951
f 5872 4951 5873
f 5873 4951 3726
f 5873 3726 5874
f 5874 3726 3727
f 5874 3727 5875
f 5875 3727 5876
f 5876 3727 3729
f 5876 3729 5879
f 5879 3729 3731
f 5879 3731 5880
f 5880 3731 5878
f 5878 3731 5877
f 5877 3731 5881
f 5881 3731 3733
f 5881 3733 5866
f 3703 3710 5837
f 5837 3710 5843
f 3702 3703 5842
f 5842 3703 5837
f 3702 5842 5834
f 3702 5834 3696
f 3696 5834 5833
f 3696 5833 3695
f 3695 5833 5832
f 3695 5832 4954
f 4954 5832 5830
f 4954 5830 5831
f 4954 5831 4955
f 4955 5831 5829
f 4955 5829 5828
f 4955 5828 3693
f 3693 5828 3690
f 3690 5828 5827
f 3690 5827 3692
f 3692 5827 3691
f 3691 5827 5826
f 3691 5826 3689
f 3689 5826 5825
f 3689 5825 3685
f 3685 5825 5824
f 3685 5824 5823
f 3685 5823 4956
f 4956 5823 5822
f 4956 5822 5821
f 4956 5821 3682
f 3682 5821 5819
f 3682 5819 3681
f 3681 5819 5815
f 3681 5815 3677
f 3677 5815 5817
f 3677 5817 3678
f 3678 5817 5816
f 3678 5816 3679
f 3679 5816 5814
f 3679 5814 3676
f 3676 5814 5813
f 3676 5813 3673
f 3673 5813 5818
f 3673 5818 3672
f 5806 3669 5818
f 5818 3669 3672
f 5803 3668 5806
f 5806 3668 3669
f 5773 4959 5783
f 5783 4959 3643
f 5783 3643 5784
f 5784 3643 3645
f 5784 3645 5776
f 5776 3645 3647
f 5776 3647 5785
f 5785 3647 3648
f 5785 3648 5788
f 5788 3648 5787
f 5787 3648 3650
f 5787 3650 5786
f 3650 5789 5786
f 5789 3650 3652
f 5789 3652 5790
f 5790 3652 3653
f 5790 3653 5778
f 5778 3653 5791
f 5791 3653 3656
f 5791 3656 5779
f 5779 3656 3657
f 5779 3657 5793
f 5793 3657 4958
f 5793 4958 5794
f 5794 4958 4957
f 5794 4957 5792
f 5792 4957 3658
f 5792 3658 3659
f 5792 3659 5795
f 5795 3659 3660
f 5795 3660 5797
f 5797 3660 5802
f 5802 3660 3662
f 5802 3662 5801
f 5801 3662 5798
f 5798 3662 3663
f 5798 3663 5800
f 5800 3663 3668
f 3668 5803 5800
f 3633 4959 5756
f 5756 4959 5773
f 3628 3633 5754
f 5754 3633 5756
f 5735 3601 3603
f 5735 3603 5736
f 5736 3603 3604
f 5736 3604 4966
f 5736 4966 5737
f 5737 4966 4965
f 5737 4965 5740
f 5740 4965 3605
f 5740 3605 5739
f 5739 3605 3608
f 5739 3608 5738
f 5738 3608 5741
f 5741 3608 3609
f 5741 3609 5742
f 5742 3609 5745
f 5745 3609 3612
f 5745 3612 5746
f 5746 3612 5743
f 5743 3612 3613
f 5743 3613 5761
f 5761 3613 3614
f 5761 3614 5762
f 5762 3614 5771
f 5771 3614 3619
f 5771 3619 5769
f 5769 3619 5770
f 5770 3619 3621
f 5770 3621 5764
f 5764 3621 4961
f 5764 4961 5766
f 5766 4961 4963
f 5766 4963 5768
f 5768 4963 4964
f 5768 4964 5767
f 5767 4964 4962
f 5767 4962 5765
f 5765 4962 4960
f 5765 4960 5763
f 5763 4960 5772
f 5772 4960 3622
f 5772 3622 3623
f 5772 3623 5750
f 5750 3623 3625
f 5750 3625 5753
f 5753 3625 3627
f 5753 3627 3628
f 5753 3628 5754
f 5710 3591 5735
f 5735 3591 3601
f 3589 3591 5734
f 5734 3591 5710
f 5697 3568 5698
f 5698 3568 3569
f 5698 3569 5714
f 5714 3569 5715
f 5715 3569 3571
f 5715 3571 5716
f 5716 3571 4972
f 5716 4972 4971
f 5716 4971 5717
f 5717 4971 4973
f 5717 4973 3572
f 5717 3572 5718
f 5718 3572 3575
f 5718 3575 5719
f 5719 3575 4969
f 5719 4969 5720
f 5720 4969 4970
f 5720 4970 5721
f 5721 4970 3579
f 5721 3579 5722
f 5722 3579 3580
f 5722 3580 5723
f 5723 3580 3581
f 5723 3581 5726
f 5726 3581 5725
f 5725 3581 5724
f 5724 3581 3582
f 5724 3582 5727
f 5727 3582 5728
f 5728 3582 3584
f 5728 3584 3585
f 5728 3585 5729
f 5729 3585 4968
f 5729 4968 5730
f 5730 4968 4967
f 5730 4967 5733
f 5733 4967 3586
f 5733 3586 5732
f 5732 3586 3588
f 5732 3588 5731
f 5731 3588 3589
f 5731 3589 5734
f 3563 3568 5690
f 5690 3568 5697
f 3557 3563 5687
f 5687 3563 5690
f 3557 5687 5685
f 3557 5685 4974
f 4974 5685 5686
f 4974 5686 3556
f 3556 5686 5684
f 3556 5684 3554
f 3554 5684 5683
f 3554 5683 3549
f 3549 5683 5682
f 3549 5682 3548
f 3548 5682 5681
f 3548 5681 5680
f 3548 5680 3547
f 3547 5680 3545
f 3545 5680 5679
f 3545 5679 3543
f 3543 5679 5676
f 3543 5676 5678
f 3543 5678 4975
f 4975 5678 5677
f 4975 5677 5675
f 4975 5675 3542
f 3542 5675 5674
f 3542 5674 5673
f 3542 5673 3540
f 3540 5673 5672
f 3540 5672 3537
f 3537 5672 3535
f 3535 5672 5648
f 3535 5648 5671
f 3535 5671 3533
f 5670 3531 3533
f 5670 3533 5671
f 5669 3528 5670
f 5670 3528 3531
f 5626 3507 5627
f 5627 3507 4987
f 5627 4987 5630
f 5630 4987 3508
f 5630 3508 5631
f 5631 3508 5629
f 5629 3508 3509
f 5629 3509 5628
f 5628 3509 5632
f 5632 3509 4986
f 5632 4986 5633
f 5633 4986 5636
f 5636 4986 5634
f 5634 4986 3515
f 5634 3515 5637
f 5637 3515 4983
f 5637 4983 5638
f 5638 4983 4985
f 5638 4985 4984
f 5638 4984 3516
f 5638 3516 5639
f 5639 3516 3518
f 5639 3518 3519
f 5639 3519 5659
f 5659 3519 4981
f 5659 4981 4982
f 5659 4982 5661
f 5661 4982 5662
f 5662 4982 4980
f 5662 4980 5663
f 5663 4980 4979
f 5663 4979 5660
f 5660 4979 3525
f 5660 3525 5664
f 5664 3525 3524
f 5664 3524 5666
f 5666 3524 4977
f 5666 4977 5667
f 5667 4977 4978
f 5667 4978 5665
f 5665 4978 4976
f 5665 4976 5668
f 5668 4976 3528
f 5668 3528 5669
f 3501 3507 5624
f 5624 3507 5626
f 3496 3501 5623
f 5623 3501 5624
f 5599 3471 3476
f 5599 3476 5597
f 5597 3476 5598
f 5598 3476 5603
f 5603 3476 3478
f 5603 3478 5602
f 5602 3478 5600
f 5600 3478 3479
f 5600 3479 5601
f 5601 3479 3481
f 5601 3481 5604
f 5604 3481 5605
f 5605 3481 5606
f 5606 3481 5609
f 5609 3481 3483
f 5609 3483 5607
f 5607 3483 5608
f 5608 3483 3484
f 5608 3484 5611
f 5611 3484 3485
f 5611 3485 5613
f 5613 3485 3486
f 5613 3486 3487
f 5613 3487 5614
f 5614 3487 3488
f 5614 3488 3490
f 5614 3490 5618
f 5618 3490 5619
f 5619 3490 5620
f 5620 3490 3492
f 5620 3492 5621
f 5621 3492 3494
f 5621 3494 5622
f 5622 3494 3496
f 5622 3496 5623
f 5596 3469 3471
f 5596 3471 5599
f 5591 3465 5596
f 5596 3465 3469
f 5568 3439 5569
f 5569 3439 3442
f 5569 3442 5559
f 5559 3442 5570
f 5570 3442 3443
f 5570 3443 5571
f 5571 3443 5572
f 5572 3443 3444
f 5572 3444 5574
f 5574 3444 4993
f 5574 4993 5576
f 5576 4993 5575
f 5575 4993 3448
f 5575 3448 5573
f 5573 3448 5577
f 5577 3448 4992
f 5577 4992 5579
f 5579 4992 3449
f 5579 3449 5578
f 5578 3449 5580
f 5580 3449 3450
f 5580 3450 5581
f 5581 3450 4989
f 5581 4989 5583
f 5583 4989 4991
f 5583 4991 5584
f 5584 4991 4990
f 5584 4990 5582
f 5582 4990 5585
f 5585 4990 4988
f 5585 4988 3456
f 5585 3456 5586
f 5586 3456 5587
f 5587 3456 3458
f 5587 3458 3459
f 5587 3459 5588
f 5588 3459 5589
f 5589 3459 3464
f 5589 3464 5590
f 5590 3464 3465
f 5590 3465 5591
f 3430 3439 5558
f 5558 3439 5568
f 3427 3430 5556
f 5556 3430 5558
f 3427 5556 5555
f 3427 5555 3425
f 3425 5555 5554
f 3425 5554 4994
f 4994 5554 3423
f 3423 5554 5550
f 3423 5550 3422
f 3422 5550 5552
f 3422 5552 4995
f 4995 5552 5553
f 4995 5553 4996
f 4996 5553 5551
f 4996 5551 4997
f 4997 5551 5549
f 4997 5549 3420
f 3420 5549 5544
f 3420 5544 4998
f 4998 5544 5545
f 4998 5545 5547
f 4998 5547 3417
f 3417 5547 5546
f 3417 5546 5543
f 3417 5543 3415
f 3415 5543 5542
f 3415 5542 3414
f 3414 5542 5541
f 3414 5541 4999
f 4999 5541 5540
f 4999 5540 5539
f 4999 5539 5538
f 4999 5538 5537
f 4999 5537 3409
f 3409 5537 5536
f 3409 5536 3410
f 3410 5536 5533
f 3410 5533 5534
f 3410 5534 3406
f 3406 5534 5535
f 3406 5535 5002
f 5002 5535 5000
f 5000 5535 5532
f 5000 5532 5001
f 5001 5532 5531
f 5001 5531 3404
f 3404 5531 5513
f 3404 5513 3403
f 5511 3401 5513
f 5513 3401 3403
f 5530 3393 5511
f 5511 3393 3401
f 5479 3373 5482
f 5482 3373 3374
f 5482 3374 5483
f 5483 3374 5486
f 5486 3374 5487
f 5487 3374 3375
f 5487 3375 5484
f 5484 3375 5485
f 5485 3375 3377
f 5485 3377 5495
f 5495 3377 5497
f 5497 3377 3379
f 5497 3379 5496
f 5496 3379 3381
f 5496 3381 5498
f 5498 3381 3383
f 5498 3383 5499
f 5499 3383 5503
f 5503 3383 5502
f 5502 3383 3385
f 5502 3385 5501
f 5501 3385 5500
f 5500 3385 3386
f 5500 3386 5505
f 5505 3386 5506
f 5506 3386 3387
f 5506 3387 5521
f 5521 3387 5004
f 5521 5004 5522
f 5522 5004 5003
f 5522 5003 5507
f 5507 5003 3389
f 5507 3389 5523
f 5523 3389 3390
f 5523 3390 5524
f 5524 3390 5525
f 5525 3390 3391
f 5525 3391 5526
f 5526 3391 5528
f 5528 3391 3392
f 5528 3392 5527
f 5527 3392 5529
f 5529 3392 5530
f 5530 3392 3393
f 3368 3373 5476
f 5476 3373 5479
f 3366 3368 5475
f 5475 3368 5476
f 5448 3339 5449
f 5449 3339 3342
f 5449 3342 3344
f 5449 3344 5450
f 5450 3344 3345
f 5450 3345 5451
f 5451 3345 3343
f 5451 3343 5454
f 5454 3343 3347
f 5454 3347 5453
f 5453 3347 5452
f 5452 3347 5012
f 5452 5012 5455
f 5455 5012 3351
f 5455 3351 5456
f 5456 3351 5011
f 5456 5011 5457
f 5457 5011 5010
f 5457 5010 5458
f 5458 5010 3354
f 5458 3354 5459
f 5459 3354 5460
f 5460 3354 3356
f 5460 3356 5462
f 5462 3356 5009
f 5462 5009 3359
f 5462 3359 5463
f 5463 3359 5464
f 5464 3359 3360
f 5464 3360 3361
f 5464 3361 5465
f 5465 3361 5466
f 5466 3361 5007
f 5466 5007 5470
f 5470 5007 5008
f 5470 5008 5469
f 5469 5008 5006
f 5469 5006 5468
f 5468 5006 5005
f 5468 5005 5467
f 5467 5005 3363
f 5467 3363 5471
f 5471 3363 3364
f 5471 3364 5472
f 5472 3364 3365
f 5472 3365 5474
f 5474 3365 3366
f 5474 3366 5475
f 5425 3336 5448
f 5448 3336 3339
f 5447 3334 5425
f 5425 3334 3336
f 5406 3311 3313
f 5406 3313 5407
f 5407 3313 5017
f 5407 5017 5409
f 5409 5017 5016
f 5409 5016 5410
f 5410 5016 5015
f 5410 5015 5408
f 5408 5015 3316
f 5408 3316 5411
f 5411 3316 5413
f 5413 3316 5414
f 5414 3316 3318
f 5414 3318 5415
f 5415 3318 3319
f 5415 3319 5416
f 5416 3319 5417
f 5417 3319 3320
f 5417 3320 5420
f 5420 3320 3321
f 5420 3321 5421
f 5421 3321 5434
f 5434 3321 3322
f 5434 3322 5435
f 5435 3322 5437
f 5437 3322 5438
f 5438 3322 3324
f 5438 3324 5439
f 5439 3324 5440
f 5440 3324 3325
f 5440 3325 5436
f 5436 3325 5441
f 5441 3325 5442
f 5442 3325 3326
f 5442 3326 5443
f 5443 3326 5014
f 5443 5014 5444
f 5444 5014 5013
f 5444 5013 5445
f 5445 5013 3328
f 5445 3328 5446
f 5446 3328 3333
f 5446 3333 3334
f 5446 3334 5447
f 3305 3311 5400
f 5400 3311 5406
f 3303 3305 5404
f 5404 3305 5400
f 3303 5404 5399
f 3303 5399 3300
f 3300 5399 5019
f 5019 5399 5403
f 5019 5403 5018
f 5018 5403 5402
f 5018 5402 3299
f 3299 5402 3297
f 3297 5402 5401
f 3297 5401 3291
f 3291 5401 5392
f 3291 5392 3290
f 3290 5392 5397
f 3290 5397 5391
f 3290 5391 3289
f 3289 5391 5390
f 3289 5390 3287
f 3287 5390 5389
f 3287 5389 5387
f 3287 5387 5386
f 3287 5386 3284
f 3284 5386 5388
f 3284 5388 5385
f 3284 5385 5383
f 3284 5383 3283
f 3283 5383 3281
f 3281 5383 5380
f 3281 5380 3280
f 3280 5380 5382
f 3280 5382 5381
f 3280 5381 5379
f 3280 5379 3279
f 3279 5379 5378
f 5370 3275 5377
f 5377 3275 3279
f 5377 3279 5378
f 5373 3272 5370
f 5370 3272 3275
f 5341 3239 5342
f 5342 3239 3242
f 5342 3242 5343
f 5343 3242 5024
f 5343 5024 5344
f 5344 5024 5025
f 5344 5025 5345
f 5345 5025 5023
f 5345 5023 3244
f 5345 3244 5346
f 5346 3244 5347
f 5347 3244 3245
f 5347 3245 5350
f 5350 3245 3250
f 5350 3250 5352
f 5352 3250 3252
f 5352 3252 5353
f 5353 3252 3251
f 5353 3251 5351
f 5351 3251 3249
f 5351 3249 5349
f 5349 3249 3248
f 5349 3248 5348
f 5348 3248 3253
f 5348 3253 5354
f 5354 3253 5355
f 5355 3253 3254
f 5355 3254 5305
f 5305 3254 3257
f 5305 3257 5356
f 5356 3257 3258
f 5356 3258 5360
f 5360 3258 5361
f 5361 3258 3259
f 5361 3259 5362
f 5362 3259 5357
f 5357 3259 3262
f 5357 3262 5363
f 5363 3262 5364
f 5364 3262 3264
f 5364 3264 5365
f 5365 3264 5359
f 5359 3264 3266
f 5359 3266 5366
f 5366 3266 5021
f 5366 5021 5367
f 5367 5021 5022
f 5367 5022 5368
f 5368 5022 5020
f 5368 5020 5369
f 5369 5020 3271
f 5369 3271 5371
f 5371 3271 5372
f 5372 3271 3272
f 5372 3272 5373
f 3234 3239 5294
f 5294 3239 5341
f 3230 3234 5292
f 5292 3234 5294
f 3205 3206 5321
f 5321 3206 5322
f 5322 3206 3208
f 5322 3208 5323
f 5323 3208 5324
f 5324 3208 3211
f 5324 3211 3212
f 5324 3212 5279
f 5279 3212 5325
f 5325 3212 5030
f 5325 5030 5029
f 5325 5029 5326
f 5326 5029 5031
f 5326 5031 5327
f 5327 5031 3217
f 5327 3217 5028
f 5327 5028 5328
f 5328 5028 5329
f 5329 5028 3219
f 5329 3219 5330
f 5330 3219 5332
f 5332 3219 3220
f 5332 3220 5333
f 5333 3220 5331
f 5331 3220 3222
f 5331 3222 5334
f 5334 3222 5335
f 5335 3222 3225
f 5335 3225 5337
f 5337 3225 5336
f 5336 3225 3226
f 5336 3226 5338
f 5338 3226 3227
f 5338 3227 5339
f 5339 3227 5027
f 5339 5027 5340
f 5340 5027 5026
f 5340 5026 5289
f 5289 5026 3230
f 5289 3230 5292
f 5320 3200 5276
f 5276 3200 3205
f 5276 3205 5321
f 5319 3198 5320
f 5320 3198 3200
f 5253 3173 3174
f 5253 3174 5254
f 5254 3174 5255
f 5255 3174 3176
f 5255 3176 5256
f 5256 3176 3177
f 5256 3177 5257
f 5257 3177 5043
f 5257 5043 5259
f 5259 5043 3179
f 5259 3179 5260
f 5260 3179 3180
f 5260 3180 5261
f 5261 3180 5042
f 5261 5042 5264
f 5264 5042 5041
f 5264 5041 5263
f 5263 5041 5040
f 5263 5040 5262
f 5262 5040 3182
f 5262 3182 5265
f 5265 3182 3187
f 5265 3187 5307
f 5307 3187 3188
f 5307 3188 5308
f 5308 3188 5036
f 5308 5036 5310
f 5310 5036 5038
f 5310 5038 5312
f 5312 5038 5039
f 5312 5039 5311
f 5311 5039 5037
f 5311 5037 5309
f 5309 5037 5035
f 5309 5035 5313
f 5313 5035 3191
f 5313 3191 5314
f 5314 3191 3192
f 5314 3192 5316
f 5316 3192 5033
f 5316 5033 5318
f 5318 5033 5034
f 5318 5034 5317
f 5317 5034 5032
f 5317 5032 5315
f 5315 5032 3196
f 5315 3196 3197
f 5315 3197 5270
f 5270 3197 5319
f 5319 3197 3198
f 3167 3173 5224
f 5224 3173 5253
f 3163 3167 5252
f 5252 3167 5224
f 5252 5249 3163
f 3163 5249 3162
f 3162 5249 5250
f 3162 5250 3159
f 3159 5250 5251
f 3159 5251 3158
f 3158 5251 5248
f 3158 5248 5245
f 3158 5245 3157
f 3157 5245 5247
f 3157 5247 3149
f 3149 5247 5246
f 3149 5246 5244
f 3149 5244 3148
f 3148 5244 5243
f 3148 5243 3147
f 3147 5243 5242
f 3147 5242 3146
f 3146 5242 5241
f 3146 5241 5240
f 3146 5240 5044
f 5044 5240 5239
f 5044 5239 5046
f 5046 5239 5045
f 5045 5239 5238
f 5045 5238 5237
f 5045 5237 3144
f 3144 5237 3143
f 3143 5237 5233
f 3143 5233 5236
f 3143 5236 5235
f 3143 5235 3140
f 3140 5235 5234
f 3140 5234 5232
f 3140 5232 3139
f 3139 5232 5231
f 3139 5231 5210
f 3139 5210 3138
f 5207 3131 5210
f 5210 3131 3138
f 5216 3128 5207
f 5207 3128 3131
f 5182 3103 5183
f 5183 3103 3104
f 5183 3104 3106
f 5183 3106 5184
f 5184 3106 3108
f 5184 3108 5185
f 5185 3108 5186
f 5186 3108 5188
f 5188 3108 3110
f 5188 3110 3111
f 5188 3111 5187
f 5187 3111 5189
f 5189 3111 5190
f 5190 3111 3114
f 5190 3114 5191
f 5191 3114 3116
f 5191 3116 5192
f 5192 3116 5198
f 5198 3116 5048
f 5198 5048 5200
f 5200 5048 5050
f 5200 5050 5202
f 5202 5050 5051
f 5202 5051 5049
f 5202 5049 5201
f 5201 5049 5047
f 5201 5047 5199
f 5199 5047 3123
f 5199 3123 5203
f 5203 3123 3125
f 5203 3125 5204
f 5204 3125 5213
f 5213 3125 3126
f 5213 3126 5215
f 5215 3126 5214
f 5214 3126 3127
f 5214 3127 5205
f 5205 3127 5216
f 5216 3127 3128
f 3095 3103 5155
f 5155 3103 5182
f 3093 3095 5181
f 5181 3095 5155
f 5139 3067 5140
f 5140 3067 5058
f 5140 5058 5141
f 5141 5058 5060
f 5141 5060 5163
f 5163 5060 5062
f 5163 5062 5164
f 5164 5062 5061
f 5164 5061 5059
f 5164 5059 5165
f 5165 5059 3072
f 5165 3072 5162
f 5162 3072 5166
f 5166 3072 3074
f 5166 3074 5167
f 5167 3074 3075
f 5167 3075 5168
f 5168 3075 5170
f 5170 3075 5056
f 5170 5056 5057
f 5170 5057 5171
f 5171 5057 3079
f 5171 3079 5169
f 5169 3079 3081
f 5169 3081 5172
f 5172 3081 5173
f 5173 3081 3082
f 5173 3082 3084
f 5173 3084 3085
f 5173 3085 5148
f 5148 3085 3083
f 5148 3083 5174
f 5174 3083 3086
f 5174 3086 5175
f 5175 3086 5052
f 5175 5052 5054
f 5175 5054 5176
f 5176 5054 5055
f 5176 5055 5053
f 5176 5053 3089
f 5176 3089 5177
f 5177 3089 5179
f 5179 3089 5178
f 5178 3089 3092
f 5178 3092 5180
f 5180 3092 3093
f 5180 3093 5181
f 5137 3062 5139
f 5139 3062 3067
f 3058 3062 5136
f 5136 3062 5137
f 5106 3036 5108
f 5108 3036 3037
f 5108 3037 3038
f 5108 3038 5109
f 5109 3038 3040
f 5109 3040 5111
f 5111 3040 3041
f 5111 3041 5113
f 5113 3041 5112
f 5112 3041 3044
f 5112 3044 5110
f 5110 3044 5114
f 5114 3044 3045
f 5114 3045 5116
f 5116 3045 5115
f 5115 3045 3047
f 5115 3047 5117
f 5117 3047 5118
f 5118 3047 3048
f 5118 3048 5120
f 5120 3048 5124
f 5124 3048 5123
f 5123 3048 3050
f 5123 3050 5122
f 5122 3050 5121
f 5121 3050 3052
f 5121 3052 5125
f 5125 3052 5126
f 5126 3052 3054
f 5126 3054 5130
f 5130 3054 3055
f 5130 3055 5131
f 5131 3055 5134
f 5134 3055 3056
f 5134 3056 5133
f 5133 3056 5132
f 5132 3056 3057
f 5132 3057 5135
f 5135 3057 3058
f 5135 3058 5136
f 3029 3036 5105
f 5105 3036 5106
f 2879 3029 5063
f 5063 3029 5105
f 4656 1170 2877
f 2877 1170 1169
f 4658 1154 1170
f 4658 1170 4656
f 4687 1097 1376
f 4687 1376 1375
f 4687 1375 4686
f 4686 1375 1374
f 4686 1374 4685
f 4685 1374 1373
f 4685 1373 4684
f 4684 1373 1372
f 4684 1372 4683
f 4683 1372 1371
f 4683 1371 1370
f 4683 1370 4798
f 4798 1370 1369
f 4798 1369 1368
f 4798 1368 4682
f 4682 1368 1117
f 4682 1117 4680
f 4680 1117 1116
f 4680 1116 4799
f 4799 1116 1132
f 4799 1132 4800
f 4800 1132 4801
f 4801 1132 1133
f 4801 1133 4679
f 4679 1133 1134
f 4679 1134 4677
f 4677 1134 1135
f 4677 1135 4676
f 4676 1135 1136
f 4676 1136 4802
f 4802 1136 4804
f 4804 1136 1137
f 4804 1137 4803
f 4803 1137 1138
f 4803 1138 4674
f 4674 1138 4672
f 4672 1138 1139
f 4672 1139 4673
f 4673 1139 1140
f 4673 1140 4805
f 4805 1140 4670
f 4670 1140 1141
f 4670 1141 4668
f 4668 1141 1142
f 4668 1142 4806
f 4806 1142 1143
f 4806 1143 4665
f 4665 1143 1144
f 4665 1144 4663
f 4663 1144 1145
f 4663 1145 4658
f 4658 1145 1154
f 1358 1097 4689
f 4689 1097 4687
f 1355 1358 4696
f 4696 1358 4689
f 1355 4696 1339
f 1339 4696 4697
f 1339 4697 1337
f 1337 4697 1335
f 1335 4697 4698
f 1335 4698 1332
f 1332 4698 4699
f 1332 4699 1331
f 1331 4699 4700
f 1331 4700 1329
f 1329 4700 4703
f 1329 4703 1327
f 1327 4703 4704
f 1327 4704 1313
f 1313 4704 4797
f 1313 4797 4796
f 1313 4796 1314
f 1314 4796 4795
f 1314 4795 1315
f 1315 4795 4706
f 1315 4706 4708
f 1315 4708 1377
f 1377 4708 4710
f 1377 4710 1378
f 1378 4710 4792
f 1378 4792 1379
f 1379 4792 4794
f 1379 4794 4793
f 1379 4793 1380
f 1380 4793 4712
f 1380 4712 1381
f 1381 4712 4714
f 1381 4714 1382
f 1382 4714 4715
f 1382 4715 1383
f 1383 4715 4717
f 1383 4717 1384
f 1384 4717 4718
f 1384 4718 1385
f 1385 4718 4719
f 1385 4719 1386
f 1386 4719 1387
f 1387 4719 4721
f 1387 4721 1307
f 4724 1306 1307
f 4724 1307 4721
f 4725 1299 1306
f 4725 1306 4724
f 4725 4727 1299
f 1299 4727 1293
f 1293 4727 4728
f 1293 4728 1292
f 1292 4728 1291
f 1291 4728 1290
f 1290 4728 4732
f 1290 4732 1289
f 1289 4732 4733
f 1289 4733 1286
f 1286 4733 1284
f 1284 4733 4735
f 1284 4735 1282
f 1282 4735 4789
f 1282 4789 4790
f 1282 4790 1280
f 1280 4790 4791
f 1280 4791 1281
f 1281 4791 4788
f 1281 4788 1388
f 1388 4788 4738
f 1388 4738 1264
f 1264 4738 4739
f 1264 4739 1262
f 1262 4739 1259
f 1259 4739 4741
f 1259 4741 1257
f 1257 4741 4742
f 1257 4742 1255
f 1255 4742 1254
f 1254 4742 4744
f 1254 4744 1252
f 1252 4744 4746
f 1252 4746 1251
f 1251 4746 1249
f 1249 4746 4747
f 1249 4747 1247
f 1247 4747 4749
f 1247 4749 1244
f 1244 4749 1242
f 1242 4749 4751
f 1242 4751 1233
f 1233 4751 4752
f 4754 1229 4752
f 4752 1229 1233
f 1389 1229 4757
f 4757 1229 4754
f 1190 1389 4765
f 4765 1389 4757
f 1392 1391 4787
f 4787 1391 1390
f 4787 1390 4766
f 4766 1390 1190
f 4766 1190 4765
f 9078 681 8889
f 8889 681 1037
f 8889 1037 8876
f 8876 1037 1035
f 8876 1035 8877
f 8877 1035 1033
f 8877 1033 1031
f 8877 1031 8913
f 8913 1031 1029
f 8913 1029 8920
f 8920 1029 1022
f 8920 1022 1012
f 8920 1012 8878
f 8878 1012 1003
f 8878 1003 990
f 8878 990 8906
f 8906 990 984
f 8906 984 982
f 8906 982 8910
f 8910 982 980
f 8910 980 8905
f 8905 980 978
f 8905 978 8907
f 8907 978 976
f 8907 976 8908
f 8908 976 974
f 8908 974 972
f 8908 972 8911
f 8911 972 970
f 8911 970 8921
f 8921 970 968
f 8921 968 8949
f 8949 968 966
f 8949 966 964
f 8949 964 8983
f 8983 964 957
f 8983 957 947
f 8983 947 8879
f 8879 947 939
f 8879 939 923
f 8879 923 8926
f 8926 923 919
f 8926 919 8927
f 8927 919 917
f 8927 917 915
f 8927 915 8950
f 8950 915 913
f 8950 913 911
f 8950 911 8880
f 8880 911 909
f 8880 909 907
f 8880 907 8928
f 8928 907 905
f 8928 905 903
f 8928 903 8881
f 8881 903 901
f 8881 901 899
f 8881 899 897
f 8881 897 8888
f 8888 897 889
f 8888 889 879
f 8888 879 871
f 8888 871 8944
f 8944 871 857
f 8944 857 8882
f 8882 857 853
f 8882 853 8912
f 8912 853 851
f 8912 851 849
f 8912 849 8909
f 8909 849 847
f 8909 847 845
f 8909 845 8938
f 8938 845 843
f 8938 843 8914
f 8914 843 841
f 8914 841 839
f 8914 839 8939
f 8939 839 837
f 8939 837 835
f 8939 835 8922
f 8922 835 833
f 8922 833 825
f 8922 825 8933
f 8933 825 815
f 8933 815 8923
f 8923 815 808
f 8923 808 793
f 8923 793 8915
f 8915 793 789
f 8915 789 8924
f 8924 789 787
f 8924 787 785
f 8924 785 8929
f 8929 785 783
f 8929 783 8951
f 8951 783 781
f 8951 781 779
f 8951 779 775
f 775 779 777
f 8934 775 773
f 8934 773 8935
f 8935 773 771
f 8935 771 8940
f 8940 771 769
f 8940 769 767
f 8916 767 761
f 8916 761 748
f 8916 748 8917
f 8917 748 739
f 8917 739 728
f 8917 728 8962
f 8962 728 723
f 8962 723 8952
f 8952 720 8953
f 8953 720 718
f 8953 718 8883
f 8883 718 716
f 8883 716 8918
f 8918 716 714
f 8918 714 712
f 8918 712 8931
f 8931 712 710
f 8931 710 708
f 8931 708 8936
f 8936 708 706
f 8936 706 703
f 8936 703 8965
f 8965 703 702
f 8965 702 8925
f 8925 702 701
f 8925 701 699
f 8884 699 696
f 8884 696 8885
f 8885 696 685
f 8885 685 8886
f 8886 685 687
f 8886 687 689
f 8886 689 8937
f 8937 689 691
f 8937 691 8904
f 8904 691 693
f 8904 693 8887
f 299 9072 8887
f 8887 9072 8904
f 8889 8959 8890
f 8890 8959 8891
f 8890 8891 9077
f 8893 9069 9064
f 8893 9064 8892
f 8893 8892 9060
f 8893 9060 8894
f 8894 9065 8895
f 8895 9067 8896
f 8896 9048 9068
f 8896 9068 9070
f 8896 9054 8897
f 8897 9041 8898
f 8898 9045 8899
f 8898 8899 9142
f 9142 8899 9059
f 8900 9142 9059
f 8900 9059 9036
f 9036 9017 8901
f 8901 9017 8902
f 8903 8904 9072
f 8919 8876 8877
f 8919 8877 8913
f 8940 767 8916
f 8960 8881 8888
f 8925 699 8884
f 8947 8878 8906
f 8977 8920 8878
f 8967 8938 8914
f 8967 8914 8939
f 8930 8916 8917
f 8942 8883 8918
f 8959 8889 8876
f 8959 8876 8919
f 8981 8913 8920
f 8910 8947 8906
f 8948 8907 8908
f 8948 8908 8911
f 8932 8928 8881
f 8966 8944 8882
f 8966 8882 8912
f 8964 8933 8923
f 8964 8923 8915
f 8942 8918 8931
f 8968 8937 8904
f 8954 8919 8913
f 8977 8981 8920
f 8921 8948 8911
f 8944 8957 8888
f 8941 8940 8916
f 8941 8916 8930
f 8953 8883 8942
f 8993 8884 8885
f 8993 8885 8886
f 8984 8927 8950
f 8956 8880 8928
f 8960 8888 8957
f 8945 8939 8922
f 8965 8925 8943
f 8943 8925 8884
f 8959 8919 8954
f 8981 8954 8913
f 8947 8977 8878
f 8932 8956 8928
f 8960 8932 8881
f 8957 8944 8966
f 8958 8912 8909
f 8958 8909 8938
f 8945 8967 8939
f 8964 8922 8933
f 8962 8930 8917
f 8946 8942 8931
f 8943 8884 8993
f 8971 8993 8886
f 8971 8886 8937
f 8976 8931 8936
f 8903 8968 8904
f 9002 8983 8879
f 8984 8950 8955
f 8955 8950 8880
f 8969 8938 8967
f 8945 8922 8964
f 8985 8915 8924
f 8979 775 8934
f 8999 8976 8936
f 8999 8936 8965
f 8995 8977 8947
f 8926 9002 8879
f 8985 8924 8929
f 8975 8979 8934
f 8975 8934 8935
f 8975 8935 8970
f 8970 8935 8940
f 8970 8940 8941
f 8961 8930 8962
f 8963 8953 8942
f 8976 8946 8931
f 8971 8937 8968
f 8982 8905 8907
f 8989 8966 8912
f 8989 8912 8958
f 8973 8967 8945
f 8974 8985 8929
f 8974 8929 8951
f 8974 8951 775
f 8961 8962 9000
f 9000 8962 8952
f 8995 8947 8910
f 8982 8910 8905
f 8956 8955 8880
f 8996 8932 8960
f 8996 8960 8957
f 8989 8957 8966
f 8991 8964 8915
f 8974 775 8979
f 9000 8952 8953
f 8891 8959 8954
f 8982 8995 8910
f 8972 8982 8907
f 8972 8907 8948
f 9007 8921 8949
f 8984 8926 8927
f 8978 8956 8932
f 9013 8996 8957
f 9013 8957 8989
f 8969 8958 8938
f 8973 8969 8967
f 8963 9000 8953
f 9023 8978 8932
f 9023 8932 8996
f 8991 8915 8985
f 8961 8941 8930
f 8963 8942 8946
f 8980 8999 8965
f 8980 8965 8943
f 8994 8981 8977
f 8988 9002 8926
f 8988 8926 8984
f 8986 8970 8941
f 8980 8943 8992
f 8992 8943 8993
f 8987 8972 8948
f 8987 8948 8921
f 8987 8921 9007
f 8997 8973 8945
f 8997 8945 8990
f 8990 8945 8964
f 8990 8964 8991
f 8986 8941 8961
f 8902 8968 8903
f 9008 8891 8954
f 9008 8954 8981
f 9008 8981 8994
f 9003 8985 8974
f 9011 8999 8980
f 8994 8977 8995
f 9021 8988 8984
f 9021 8984 8955
f 9032 8989 9005
f 9005 8989 8958
f 8998 9003 8974
f 9006 8961 9000
f 9001 8976 8999
f 8992 8993 8971
f 9004 8955 8956
f 9014 9000 8963
f 9001 8946 8976
f 9011 9001 8999
f 8971 8968 9017
f 9018 8995 8982
f 9026 8949 8983
f 9026 8983 9002
f 8978 9004 8956
f 9032 9013 8989
f 9006 8986 8961
f 9014 8963 8946
f 9017 8968 8902
f 9012 9077 8891
f 9012 8891 9008
f 9005 8958 8969
f 9014 8946 9001
f 9016 9011 8980
f 9016 8980 8992
f 9046 9008 8994
f 9018 8982 8972
f 9026 9002 8988
f 9027 9023 8996
f 9027 8996 9013
f 9019 9005 8969
f 9019 8969 8973
f 9009 8998 8974
f 9009 8974 8979
f 9010 8975 8970
f 9010 8970 8986
f 9020 9046 8994
f 9020 8994 8995
f 9042 9026 8988
f 9022 8978 9023
f 9003 8991 8985
f 9006 9000 9024
f 9046 9012 9008
f 9042 8988 9021
f 9024 9000 9014
f 9015 9001 9011
f 9018 9020 8995
f 9034 8990 8991
f 9029 8998 9009
f 9035 9014 9001
f 9035 9001 9015
f 9015 9011 9016
f 9037 9016 8992
f 9037 8992 8971
f 9037 8971 9017
f 9025 9007 8949
f 9025 8949 9026
f 9004 9021 8955
f 9028 8973 8997
f 9034 8991 9003
f 9009 8979 9010
f 9010 8979 8975
f 9050 9010 8986
f 9050 8986 9006
f 9038 9020 9018
f 9047 9018 8972
f 9047 8972 9061
f 9061 8972 8987
f 9039 9042 9021
f 9022 9004 8978
f 8895 9027 9013
f 8895 9013 9032
f 9031 9061 8987
f 9031 8987 9007
f 9028 9019 8973
f 9043 9003 8998
f 9030 9024 9014
f 9035 9030 9014
f 9037 9017 9036
f 9049 9012 9046
f 9040 9032 9005
f 9048 8997 8990
f 9048 8990 9034
f 9043 9034 9003
f 9029 9043 8998
f 9062 9009 9010
f 9056 9046 9020
f 9052 9022 9023
f 9052 9023 9027
f 9033 9040 9005
f 9033 9005 9019
f 9062 9010 9058
f 9058 9010 9050
f 9041 9006 9024
f 9041 9024 9030
f 9038 9056 9020
f 9047 9038 9018
f 9031 9007 9025
f 9040 8895 9032
f 9048 9028 8997
f 9049 9238 9077
f 9049 9077 9012
f 9039 9021 9004
f 9033 9019 9028
f 9045 9035 9015
f 9055 9015 9051
f 9051 9015 9016
f 9051 9016 9037
f 9059 9037 9036
f 9057 9039 9004
f 9057 9004 9022
f 9066 9052 9027
f 9058 9050 9006
f 9058 9006 9041
f 8898 9030 9035
f 9055 9045 9015
f 9051 9037 9059
f 9060 9025 9026
f 9052 9057 9022
f 9066 9027 8895
f 9070 9043 9029
f 9070 9029 9044
f 9044 9029 9009
f 9044 9009 9062
f 8898 9035 9045
f 9056 9049 9046
f 9060 9026 9042
f 9053 9028 9048
f 9076 9049 9056
f 9063 9038 9047
f 9064 9047 9061
f 8892 9061 9031
f 9060 9042 9039
f 9053 9033 9028
f 9054 9044 9062
f 8892 9031 9025
f 8892 9025 9060
f 9065 9057 9052
f 9068 9048 9034
f 9068 9034 9043
f 8898 9041 9030
f 9063 9056 9038
f 9063 9047 9064
f 9065 9052 9066
f 9067 9040 9033
f 9067 9033 9053
f 9068 9043 9070
f 9076 9238 9049
f 9060 9039 8894
f 8894 9039 9057
f 9054 9070 9044
f 8897 9062 9058
f 8899 9055 9051
f 9059 8899 9051
f 9064 9061 8892
f 9065 8894 9057
f 8897 9058 9041
f 9045 9055 8899
f 9069 9076 9056
f 8895 9065 9066
f 8895 9040 9067
f 8896 9053 9048
f 9069 9056 9063
f 9064 9069 9063
f 8896 9067 9053
f 9054 8896 9070
f 8897 9054 9062
f 9140 8900 9036
f 9140 9036 8901
f 8901 8902 9071
f 9071 8902 8903
f 9071 8903 9072
f 9072 299 300
f 300 302 9072
f 9072 302 9104
f 9101 9156 9120
f 9073 9105 9157
f 9073 9176 9074
f 9074 9176 9194
f 9074 9194 9196
f 9075 9196 9209
f 681 9078 679
f 679 9078 9262
f 679 9262 677
f 677 9262 675
f 675 9262 9079
f 675 9079 673
f 673 9079 671
f 671 9079 9257
f 671 9257 665
f 665 9257 9256
f 665 9256 653
f 653 9256 9261
f 653 9261 646
f 646 9261 636
f 636 9261 9080
f 636 9080 629
f 629 9080 627
f 627 9080 9259
f 627 9259 625
f 625 9259 9255
f 625 9255 623
f 623 9255 621
f 621 9255 9258
f 621 9258 619
f 619 9258 617
f 617 9258 9250
f 617 9250 615
f 615 9250 9252
f 615 9252 613
f 613 9252 611
f 611 9252 609
f 609 9252 9081
f 609 9081 603
f 603 9081 9082
f 603 9082 593
f 593 9082 9083
f 593 9083 584
f 584 9083 574
f 574 9083 567
f 567 9083 9248
f 567 9248 565
f 565 9248 563
f 563 9248 9084
f 563 9084 561
f 561 9084 559
f 559 9084 9239
f 559 9239 557
f 557 9239 9228
f 557 9228 555
f 555 9228 553
f 553 9228 9085
f 553 9085 551
f 551 9085 9086
f 551 9086 549
f 549 9086 547
f 547 9086 9229
f 547 9229 545
f 545 9229 540
f 540 9229 9226
f 540 9226 525
f 525 9226 9087
f 525 9087 519
f 519 9087 9088
f 519 9088 509
f 509 9088 501
f 501 9088 9223
f 501 9223 499
f 499 9223 9089
f 499 9089 497
f 497 9089 495
f 495 9089 9090
f 495 9090 493
f 493 9090 491
f 491 9090 489
f 489 9090 9091
f 489 9091 487
f 487 9091 485
f 485 9091 9092
f 485 9092 483
f 483 9092 481
f 481 9092 9093
f 481 9093 476
f 476 9093 461
f 461 9093 9202
f 461 9202 455
f 455 9202 9197
f 455 9197 444
f 444 9197 438
f 438 9197 9094
f 438 9094 436
f 436 9094 9185
f 436 9185 434
f 434 9185 432
f 432 9185 9180
f 432 9180 430
f 430 9180 428
f 428 9180 426
f 426 9180 9182
f 426 9182 424
f 424 9182 9095
f 424 9095 422
f 422 9095 420
f 420 9095 9166
f 420 9166 418
f 418 9166 9178
f 418 9178 416
f 416 9178 411
f 411 9178 9172
f 411 9172 395
f 395 9172 386
f 386 9172 376
f 376 9172 9096
f 376 9096 370
f 370 9096 9097
f 370 9097 368
f 368 9097 366
f 366 9097 9165
f 366 9165 364
f 364 9165 9098
f 364 9098 362
f 362 9098 9099
f 362 9099 360
f 360 9099 358
f 358 9099 9153
f 358 9153 356
f 356 9153 354
f 354 9153 9151
f 354 9151 352
f 352 9151 350
f 350 9151 9156
f 350 9156 346
f 346 9156 334
f 334 9156 9101
f 334 9101 326
f 326 9101 316
f 316 9101 9102
f 316 9102 309
f 309 9102 9143
f 306 9143 9104
f 306 9104 304
f 304 9104 302
f 9145 9106 9150
f 9148 9106 9107
f 9114 9111 9154
f 9103 9112 9146
f 9146 9112 9109
f 9145 9105 9106
f 9150 9106 9148
f 9154 9111 9115
f 9154 9115 9103
f 9156 9113 9120
f 9105 9118 9106
f 9103 9115 9112
f 9109 9125 9100
f 9100 9125 9117
f 9107 9122 9147
f 9144 9110 9108
f 9108 9110 9114
f 9115 9127 9112
f 9117 9130 9113
f 9120 9116 9101
f 9101 9116 9102
f 9106 9118 9107
f 9122 9144 9147
f 9112 9125 9109
f 9130 9126 9113
f 9113 9126 9120
f 9104 9071 9072
f 9110 9119 9114
f 9114 9119 9111
f 9107 9118 9122
f 9122 9110 9144
f 9111 9119 9121
f 9111 9121 9115
f 9127 9128 9112
f 9112 9128 9125
f 9116 9124 9102
f 9115 9121 9127
f 9117 9125 9131
f 9117 9131 9130
f 9120 9123 9116
f 9116 9123 9124
f 9102 9124 9132
f 9102 9132 9143
f 9143 9132 9104
f 9122 9118 9133
f 9122 9133 9110
f 9121 9129 9127
f 9104 9132 9071
f 9127 9129 9128
f 9128 9137 9125
f 9126 9123 9120
f 9119 9133 9121
f 9110 9133 9119
f 9137 9131 9125
f 9133 9129 9121
f 9130 9134 9126
f 9126 9134 9123
f 9129 9136 9128
f 9128 9136 9137
f 9131 9134 9130
f 9132 9135 9071
f 9124 9135 9132
f 9135 8901 9071
f 9133 9136 9129
f 9123 9134 9124
f 9131 9138 9134
f 9134 9139 9124
f 9124 9139 9135
f 9135 9140 8901
f 9137 9138 9131
f 9136 9138 9137
f 9135 9139 9140
f 9138 9141 9134
f 9134 9141 9139
f 9139 8900 9140
f 9139 9141 8900
f 9138 9142 9141
f 8900 9141 9142
f 9156 9151 9113
f 9113 9153 9117
f 9100 9098 9109
f 9150 9149 9145
f 9147 9152 9107
f 9113 9151 9153
f 9117 9153 9100
f 9098 9165 9109
f 9109 9165 9146
f 9152 9171 9107
f 9171 9167 9107
f 9107 9167 9148
f 9145 9160 9105
f 9146 9097 9103
f 9103 9161 9154
f 9154 9155 9114
f 9114 9155 9108
f 9108 9163 9144
f 9144 9163 9147
f 9147 9163 9152
f 9148 9164 9150
f 9145 9159 9160
f 9097 9096 9103
f 9108 9155 9163
f 9148 9167 9164
f 9145 9149 9159
f 9160 9157 9105
f 9153 9099 9100
f 9100 9099 9098
f 9146 9165 9097
f 9149 9158 9159
f 9103 9096 9161
f 9164 9175 9150
f 9150 9175 9149
f 9154 9161 9162
f 9154 9162 9155
f 9152 9174 9171
f 9158 9181 9159
f 9162 9166 9155
f 9157 9170 9073
f 9155 9179 9163
f 9163 9179 9152
f 9181 9183 9159
f 9159 9183 9160
f 9160 9183 9184
f 9160 9184 9157
f 9096 9172 9161
f 9152 9179 9174
f 9175 9168 9149
f 9149 9168 9158
f 9157 9184 9169
f 9157 9169 9170
f 9161 9172 9178
f 9161 9178 9162
f 9166 9182 9155
f 9155 9182 9179
f 9167 9188 9164
f 9171 9177 9167
f 9188 9175 9164
f 9171 9174 9177
f 9167 9177 9188
f 9175 9173 9168
f 9162 9178 9166
f 9169 9187 9170
f 9188 9201 9175
f 9175 9201 9173
f 9174 9185 9177
f 9168 9190 9158
f 9158 9190 9181
f 9166 9095 9182
f 9179 9180 9174
f 9174 9180 9185
f 9185 9094 9177
f 9177 9094 9188
f 9182 9180 9179
f 9173 9205 9168
f 9073 9189 9176
f 9205 9206 9168
f 9168 9206 9190
f 9190 9192 9181
f 9183 9198 9184
f 9184 9186 9169
f 9169 9186 9187
f 9176 9189 9193
f 9094 9197 9188
f 9184 9198 9186
f 9193 9200 9176
f 9176 9200 9203
f 9176 9203 9194
f 9181 9192 9183
f 9170 9199 9207
f 9170 9207 9073
f 9183 9192 9198
f 9073 9207 9189
f 9198 9211 9186
f 9186 9191 9187
f 9188 9197 9201
f 9203 9224 9194
f 9201 9202 9173
f 9173 9202 9204
f 9173 9204 9205
f 9190 9195 9192
f 9187 9199 9170
f 9195 9208 9192
f 9206 9195 9190
f 9211 9214 9186
f 9186 9214 9191
f 9187 9191 9212
f 9187 9212 9199
f 9200 9213 9203
f 9194 9224 9222
f 9207 9218 9189
f 9189 9216 9193
f 9194 9222 9196
f 9197 9202 9201
f 9199 9227 9207
f 9189 9218 9216
f 9200 9215 9213
f 9196 9222 9219
f 9202 9093 9204
f 9192 9210 9198
f 9198 9210 9211
f 9227 9218 9207
f 9216 9234 9193
f 9193 9234 9215
f 9193 9215 9200
f 9203 9213 9224
f 9093 9092 9204
f 9204 9092 9205
f 9205 9092 9091
f 9205 9091 9206
f 9206 9091 9195
f 9208 9210 9192
f 9214 9087 9191
f 9212 9229 9199
f 9199 9229 9227
f 9196 9219 9217
f 9196 9217 9209
f 9195 9090 9208
f 9195 9091 9090
f 9191 9087 9212
f 9234 9221 9215
f 9215 9221 9213
f 9221 9220 9213
f 9209 9225 9075
f 9087 9226 9212
f 9212 9226 9229
f 9220 9243 9213
f 9213 9243 9224
f 9210 9089 9223
f 9210 9223 9211
f 9211 9223 9214
f 9217 9225 9209
f 9224 9231 9222
f 9222 9231 9232
f 9222 9232 9219
f 9227 9085 9218
f 9218 9085 9228
f 9218 9228 9216
f 9216 9240 9234
f 9208 9089 9210
f 9223 9088 9214
f 9214 9088 9087
f 9243 9230 9224
f 9219 9232 9233
f 9219 9233 9217
f 9208 9090 9089
f 9224 9230 9231
f 9225 9236 9075
f 9075 9238 9076
f 9229 9086 9227
f 9231 9250 9232
f 9217 9233 9235
f 9217 9235 9225
f 9227 9086 9085
f 9221 9237 9220
f 9225 9235 9236
f 9234 9240 9221
f 9220 9237 9243
f 9233 9241 9235
f 9236 9245 9075
f 9075 9245 9238
f 9221 9240 9237
f 9230 9081 9231
f 9228 9239 9216
f 9216 9239 9084
f 9216 9084 9240
f 9081 9242 9231
f 9231 9242 9250
f 9250 9258 9232
f 9232 9258 9233
f 9233 9258 9241
f 9240 9248 9237
f 9084 9248 9240
f 9235 9247 9249
f 9235 9249 9236
f 9236 9249 9244
f 9236 9244 9245
f 9237 9083 9243
f 9241 9246 9235
f 9235 9246 9247
f 9083 9082 9243
f 9243 9082 9230
f 9245 9077 9238
f 9082 9081 9230
f 9248 9083 9237
f 9081 9252 9242
f 9249 9253 9244
f 9245 9254 9077
f 9246 9251 9247
f 9253 9254 9244
f 9244 9254 9245
f 9242 9252 9250
f 9258 9255 9241
f 9247 9256 9249
f 9249 9256 9253
f 9251 9256 9247
f 9255 9259 9241
f 9241 9259 9080
f 9241 9080 9246
f 9246 9080 9251
f 9253 9260 9254
f 9253 9257 9260
f 9254 8890 9077
f 9256 9257 9253
f 9254 9260 8890
f 9257 9079 9260
f 9251 9261 9256
f 9251 9080 9261
f 9260 9078 8890
f 9078 8889 8890
f 9260 9079 9262
f 9260 9262 9078
f 9263 9076 9410
f 9410 9076 9069
f 9410 9069 9411
f 9411 9069 8893
f 9418 8893 9432
f 9432 8893 8894
f 9432 8894 9264
f 9264 8894 9412
f 9412 8894 8895
f 9412 8895 9413
f 9413 8895 8896
f 9413 8896 9265
f 9265 8896 9414
f 9414 8896 8897
f 9414 8897 9266
f 9266 8897 9267
f 9267 8897 9268
f 9268 8897 8898
f 8898 9142 9415
f 9415 9142 9282
f 9282 9142 9274
f 9274 9142 9296
f 9296 9142 9138
f 9281 9138 9136
f 9281 9136 9133
f 9133 9118 9277
f 9277 9118 9269
f 9269 9118 9105
f 9269 9105 9290
f 9290 9105 9280
f 9280 9105 9073
f 9280 9073 9279
f 9270 9074 9196
f 9270 9196 9075
f 9278 9075 9263
f 9263 9075 9076
f 9328 9480 9273
f 9328 9274 9296
f 9279 9073 9319
f 9282 9274 9273
f 9263 9468 9278
f 9074 9289 9283
f 9278 9293 9294
f 9270 9318 9322
f 9270 9322 9286
f 9289 9286 9334
f 9280 9279 9287
f 9269 9290 9291
f 9281 9288 9275
f 9278 9468 9293
f 9277 9291 9292
f 9274 9328 9273
f 9279 9319 9287
f 9277 9292 9317
f 9284 9285 9281
f 9318 9323 9322
f 9283 9320 9319
f 9280 9287 9326
f 9286 9322 9331
f 9286 9331 9334
f 9283 9289 9320
f 9291 9290 9341
f 9281 9285 9288
f 9468 9439 9293
f 9294 9293 9332
f 9294 9336 9318
f 9287 9327 9326
f 9280 9295 9290
f 9275 9288 9296
f 9439 9454 9351
f 9351 9454 9457
f 9341 9290 9295
f 9344 9295 9280
f 9344 9280 9326
f 9362 9289 9334
f 9332 9336 9294
f 9347 9292 9291
f 9347 9291 9341
f 9321 9287 9319
f 9335 9331 9322
f 9339 9296 9288
f 9329 9276 9317
f 9325 9317 9292
f 9353 9326 9327
f 9320 9321 9319
f 9324 9288 9333
f 9333 9288 9285
f 9343 9284 9276
f 9327 9287 9321
f 9354 9320 9289
f 9354 9289 9362
f 9335 9322 9323
f 9337 9480 9328
f 9338 9328 9296
f 9338 9296 9339
f 9330 9325 9292
f 9342 9295 9344
f 9336 9323 9318
f 9343 9276 9340
f 9329 9317 9325
f 9330 9292 9347
f 9336 9332 9350
f 9351 9332 9293
f 9351 9293 9439
f 9352 9285 9284
f 9352 9284 9343
f 9340 9276 9329
f 9348 9321 9320
f 9337 9328 9338
f 9345 9327 9321
f 9348 9320 9354
f 9324 9339 9288
f 9333 9285 9352
f 9342 9341 9295
f 9353 9344 9326
f 9345 9321 9348
f 9346 9323 9336
f 9357 9340 9329
f 9353 9327 9345
f 9349 9334 9331
f 9349 9331 9355
f 9355 9331 9335
f 9350 9332 9351
f 9360 9357 9329
f 9362 9334 9349
f 9355 9335 9323
f 9372 9325 9330
f 9372 9330 9367
f 9358 9344 9353
f 9355 9323 9346
f 9359 9337 9338
f 9371 9338 9339
f 9356 9343 9340
f 9366 9342 9344
f 9377 9339 9324
f 9357 9356 9340
f 9330 9347 9386
f 9366 9344 9358
f 9359 9272 9337
f 9365 9377 9324
f 9365 9324 9333
f 9388 9333 9352
f 9360 9329 9384
f 9384 9329 9325
f 9361 9347 9341
f 9387 9350 9351
f 9359 9338 9371
f 9361 9341 9342
f 9381 9358 9353
f 9381 9353 9345
f 9373 9336 9350
f 9364 9365 9333
f 9388 9352 9363
f 9363 9352 9343
f 9372 9384 9325
f 9386 9347 9361
f 9381 9345 9397
f 9397 9345 9348
f 9378 9362 9349
f 9378 9349 9355
f 9376 9354 9362
f 9373 9346 9336
f 9457 9387 9351
f 9392 9354 9376
f 9376 9362 9378
f 9370 9378 9355
f 9388 9364 9333
f 9363 9343 9356
f 9374 9372 9367
f 9375 9366 9358
f 9368 9397 9348
f 9368 9348 9369
f 9369 9348 9354
f 9386 9367 9330
f 9361 9342 9366
f 9392 9369 9354
f 9401 9359 9371
f 9385 9374 9367
f 9370 9355 9346
f 9395 9371 9339
f 9395 9339 9377
f 9382 9364 9388
f 9383 9356 9357
f 9383 9357 9360
f 9385 9367 9386
f 9398 9373 9350
f 9379 9272 9359
f 9390 9377 9365
f 9380 9363 9356
f 9380 9356 9383
f 9396 9384 9374
f 9374 9384 9372
f 9302 9376 9378
f 9398 9350 9394
f 9394 9350 9387
f 9390 9365 9315
f 9315 9365 9364
f 9307 9366 9375
f 9379 9359 9401
f 9389 9361 9366
f 9408 9375 9358
f 9408 9358 9381
f 9397 9408 9381
f 9271 9272 9406
f 9406 9272 9379
f 9400 9379 9401
f 9315 9364 9382
f 9388 9363 9313
f 9311 9380 9383
f 9391 9386 9361
f 9300 9370 9346
f 9300 9346 9373
f 9299 9373 9398
f 9401 9371 9395
f 9402 9395 9377
f 9403 9386 9391
f 9307 9389 9366
f 9305 9306 9375
f 9305 9375 9408
f 9393 9392 9376
f 9405 9302 9378
f 9405 9378 9370
f 9402 9377 9390
f 9314 9382 9388
f 9313 9363 9380
f 9309 9383 9360
f 9309 9360 9384
f 9309 9384 9396
f 9404 9368 9369
f 9393 9376 9302
f 9399 9394 9387
f 9298 9387 9457
f 9298 9457 9297
f 9299 9300 9373
f 9304 9369 9303
f 9303 9369 9392
f 9298 9399 9387
f 9407 9406 9379
f 9312 9313 9380
f 9308 9396 9374
f 9308 9374 9385
f 9385 9386 9403
f 9306 9307 9375
f 9409 9397 9368
f 9407 9379 9400
f 9400 9401 9316
f 9316 9401 9395
f 9316 9395 9402
f 9314 9388 9313
f 9312 9380 9311
f 9310 9311 9383
f 9389 9391 9361
f 9408 9397 9409
f 9409 9368 9404
f 9404 9369 9304
f 9303 9392 9393
f 9405 9370 9301
f 9301 9370 9300
f 9309 9310 9383
f 9138 9275 9296
f 9138 9281 9275
f 9276 9284 9133
f 9133 9284 9281
f 9317 9276 9133
f 9277 9317 9133
f 9291 9277 9269
f 9283 9319 9073
f 9074 9283 9073
f 9286 9289 9074
f 9270 9286 9074
f 9075 9318 9270
f 9294 9318 9075
f 9278 9294 9075
f 9475 9268 8898
f 8898 9415 9475
f 9266 9267 9464
f 9266 9464 9416
f 9266 9416 9414
f 9413 9265 9488
f 9412 9417 9264
f 9264 9460 9432
f 9418 9463 8893
f 8893 9463 9411
f 9411 9463 9465
f 9411 9433 9410
f 9439 9462 9442
f 9438 9471 9443
f 9443 9471 9436
f 9264 9417 9460
f 9432 9460 9467
f 9411 9465 9433
f 9410 9462 9263
f 9337 9272 9434
f 9272 9271 9533
f 9437 9442 9462
f 9438 9469 9470
f 9476 9441 9491
f 9443 9445 9438
f 9469 9450 9476
f 9438 9445 9469
f 9441 9447 9491
f 9491 9447 9486
f 9486 9448 9437
f 9437 9448 9442
f 9445 9444 9469
f 9447 9446 9486
f 9486 9446 9448
f 9442 9454 9439
f 9469 9444 9450
f 9450 9452 9476
f 9476 9452 9441
f 9448 9456 9442
f 9447 9449 9446
f 9452 9451 9441
f 9448 9446 9456
f 9441 9451 9447
f 9442 9456 9454
f 9451 9455 9447
f 9447 9455 9449
f 9456 9453 9454
f 9454 9453 9457
f 9449 9458 9446
f 9446 9458 9456
f 9456 9458 9459
f 9456 9459 9453
f 9453 9297 9457
f 9433 9462 9410
f 9467 9418 9432
f 9417 9412 9461
f 9468 9263 9462
f 9461 9412 9413
f 9473 9265 9414
f 9478 9267 9268
f 9479 9475 9415
f 9415 9282 9273
f 9484 9461 9413
f 9484 9413 9488
f 9490 9464 9267
f 9474 9268 9475
f 9496 9463 9418
f 9461 9472 9417
f 9490 9267 9478
f 9466 9474 9475
f 9467 9496 9418
f 9416 9473 9414
f 9502 9475 9479
f 9487 9417 9472
f 9477 9416 9464
f 9478 9268 9474
f 9439 9468 9462
f 9491 9465 9463
f 9487 9460 9417
f 9492 9472 9461
f 9492 9461 9484
f 9483 9464 9490
f 9480 9415 9273
f 9498 9467 9460
f 9498 9460 9500
f 9495 9479 9415
f 9486 9465 9491
f 9471 9493 9436
f 9436 9493 9440
f 9437 9462 9433
f 9487 9500 9460
f 9485 9488 9265
f 9485 9265 9473
f 9499 9478 9474
f 9499 9474 9466
f 9495 9415 9480
f 9437 9433 9465
f 9437 9465 9486
f 9476 9497 9469
f 9469 9497 9470
f 9491 9463 9496
f 9477 9464 9483
f 9502 9466 9475
f 9476 9491 9496
f 9470 9471 9438
f 9493 9511 9440
f 9440 9511 9435
f 9495 9502 9479
f 9500 9487 9501
f 9485 9473 9507
f 9494 9507 9473
f 9494 9473 9416
f 9497 9496 9467
f 9497 9467 9498
f 9516 9472 9492
f 9494 9416 9477
f 9483 9490 9515
f 9503 9490 9478
f 9476 9496 9497
f 9508 9484 9488
f 9515 9490 9503
f 9503 9478 9499
f 9506 9495 9480
f 9485 9508 9488
f 9513 9499 9466
f 9470 9498 9471
f 9471 9498 9493
f 9435 9511 9481
f 9511 9487 9472
f 9505 9492 9484
f 9512 9494 9477
f 9518 9477 9483
f 9482 9517 9489
f 9489 9517 9504
f 9470 9497 9498
f 9511 9472 9516
f 9505 9484 9508
f 9516 9492 9505
f 9506 9480 9337
f 9493 9501 9511
f 9511 9516 9481
f 9504 9514 9419
f 9511 9501 9487
f 9529 9499 9513
f 9510 9502 9495
f 9481 9516 9482
f 9504 9517 9514
f 9493 9498 9500
f 9509 9483 9515
f 9513 9466 9502
f 9493 9500 9501
f 9514 9505 9508
f 9527 9507 9494
f 9527 9494 9521
f 9521 9494 9512
f 9509 9518 9483
f 9528 9513 9502
f 9528 9502 9510
f 9530 9510 9495
f 9419 9519 9420
f 9519 9508 9485
f 9512 9477 9518
f 9524 9495 9506
f 9516 9517 9482
f 9529 9503 9499
f 9514 9519 9419
f 9535 9528 9510
f 9530 9495 9524
f 9434 9506 9337
f 9420 9520 9421
f 9421 9520 9422
f 9517 9516 9505
f 9517 9505 9514
f 9514 9508 9519
f 9520 9519 9485
f 9520 9485 9523
f 9523 9485 9507
f 9523 9507 9527
f 9503 9509 9515
f 9527 9521 9525
f 9532 9518 9509
f 9529 9513 9528
f 9434 9524 9506
f 9420 9519 9520
f 9520 9523 9422
f 9422 9525 9423
f 9423 9525 9424
f 9509 9503 9522
f 9522 9503 9529
f 9422 9523 9525
f 9526 9512 9518
f 9526 9521 9512
f 9531 9518 9532
f 9525 9521 9424
f 9424 9521 9526
f 9523 9527 9525
f 9535 9510 9530
f 9425 9532 9509
f 9425 9509 9522
f 9430 9530 9524
f 9531 9526 9518
f 9431 9430 9524
f 9431 9524 9434
f 9426 9522 9529
f 9533 9434 9272
f 9427 9529 9528
f 9427 9528 9535
f 9429 9535 9530
f 9428 9427 9535
f 9534 9425 9522
f 9426 9529 9427
f 9430 9429 9530
f 9426 9534 9522
f 9431 9434 9533
f 9428 9535 9429
f 9536 9297 9537
f 9537 9297 9453
f 9537 9453 9459
f 9537 9459 9538
f 9538 9459 9539
f 9539 9459 9458
f 9539 9458 9540
f 9540 9458 9541
f 9541 9458 9449
f 9541 9449 9542
f 9542 9449 9455
f 9542 9455 9543
f 9543 9455 9544
f 9544 9455 9451
f 9544 9451 9545
f 9545 9451 9546
f 9546 9451 9452
f 9546 9452 9450
f 9546 9450 9547
f 9547 9450 9548
f 9548 9450 9444
f 9548 9444 9549
f 9549 9444 9445
f 9549 9445 9550
f 9550 9445 9551
f 9551 9445 9443
f 9551 9443 9552
f 9552 9443 9553
f 9553 9443 9436
f 9553 9436 9554
f 9554 9436 9440
f 9554 9440 9555
f 9555 9440 9556
f 9556 9440 9435
f 9556 9435 9557
f 9557 9435 9558
f 9558 9435 9481
f 9558 9481 9559
f 9559 9481 9482
f 9559 9482 9560
f 9560 9482 9561
f 9561 9482 9489
f 9561 9489 9562
f 9562 9489 9504
f 9562 9504 9563
f 9563 9504 9419
f 9563 9419 9564
f 9564 9419 9565
f 9565 9419 9420
f 9565 9420 9566
f 9566 9420 9421
f 9566 9421 9567
f 9567 9421 9568
f 9568 9421 9422
f 9568 9422 9569
f 9569 9422 9423
f 9569 9423 9570
f 9570 9423 9424
f 9570 9424 9571
f 9571 9424 9526
f 9571 9526 9572
f 9572 9526 9573
f 9573 9526 9574
f 9574 9526 9531
f 9574 9531 9575
f 9575 9531 9532
f 9575 9532 9576
f 9576 9532 9425
f 9576 9425 9577
f 9577 9425 9578
f 9578 9425 9579
f 9579 9425 9534
f 9579 9534 9580
f 9580 9534 9426
f 9580 9426 9581
f 9581 9426 9582
f 9582 9426 9427
f 9582 9427 9583
f 9583 9427 9584
f 9584 9427 9428
f 9584 9428 9585
f 9585 9428 9429
f 9585 9429 9586
f 9586 9429 9430
f 9586 9430 9587
f 9587 9430 9588
f 9588 9430 9431
f 9588 9431 9589
f 9589 9431 9533
f 9589 9533 9590
f 9590 9533 9271
f 9590 9271 9591
f 9591 9271 9592
f 9592 9271 9406
f 9592 9406 9593
f 9593 9406 9407
f 9593 9407 9594
f 9594 9407 9400
f 9594 9400 9595
f 9595 9400 9316
f 9595 9316 9596
f 9596 9316 9402
f 9596 9402 9597
f 9597 9402 9390
f 9597 9390 9598
f 9598 9390 9599
f 9599 9390 9600
f 9600 9390 9315
f 9600 9315 9601
f 9601 9315 9602
f 9602 9315 9382
f 9602 9382 9603
f 9603 9382 9314
f 9603 9314 9604
f 9604 9314 9605
f 9605 9314 9313
f 9605 9313 9606
f 9606 9313 9312
f 9606 9312 9607
f 9607 9312 9608
f 9608 9312 9311
f 9608 9311 9609
f 9609 9311 9310
f 9609 9310 9610
f 9610 9310 9309
f 9610 9309 9611
f 9611 9309 9612
f 9612 9309 9396
f 9612 9396 9613
f 9613 9396 9614
f 9614 9396 9308
f 9614 9308 9615
f 9615 9308 9385
f 9615 9385 9616
f 9616 9385 9617
f 9617 9385 9403
f 9617 9403 9618
f 9618 9403 9619
f 9619 9403 9391
f 9619 9391 9620
f 9620 9391 9621
f 9621 9391 9622
f 9622 9391 9389
f 9622 9389 9623
f 9623 9389 9307
f 9623 9307 9624
f 9624 9307 9306
f 9624 9306 9625
f 9625 9306 9626
f 9626 9306 9305
f 9626 9305 9408
f 9626 9408 9627
f 9627 9408 9628
f 9628 9408 9409
f 9628 9409 9629
f 9629 9409 9404
f 9629 9404 9630
f 9630 9404 9631
f 9631 9404 9304
f 9631 9304 9632
f 9632 9304 9303
f 9632 9303 9633
f 9633 9303 9634
f 9634 9303 9393
f 9634 9393 9635
f 9635 9393 9636
f 9636 9393 9302
f 9636 9302 9637
f 9637 9302 9638
f 9638 9302 9405
f 9638 9405 9639
f 9639 9405 9640
f 9640 9405 9301
f 9640 9301 9641
f 9641 9301 9300
f 9641 9300 9642
f 9642 9300 9299
f 9642 9299 9643
f 9643 9299 9644
f 9644 9299 9398
f 9644 9398 9645
f 9645 9398 9646
f 9646 9398 9394
f 9646 9394 9399
f 9646 9399 9647
f 9647 9399 9298
f 9647 9298 9648
f 9648 9298 9536
f 9536 9298 9297
f 9592 9648 9591
f 9591 9648 9536
f 9591 9536 9590
f 9590 9536 9537
f 9590 9537 9589
f 9589 9537 9538
f 9589 9538 9588
f 9588 9538 9539
f 9588 9539 9587
f 9587 9539 9540
f 9587 9540 9586
f 9586 9540 9541
f 9586 9541 9585
f 9585 9541 9542
f 9585 9542 9584
f 9584 9542 9543
f 9584 9543 9583
f 9583 9543 9544
f 9583 9544 9582
f 9582 9544 9545
f 9582 9545 9581
f 9581 9545 9546
f 9581 9546 9580
f 9580 9546 9547
f 9580 9547 9579
f 9579 9547 9548
f 9579 9548 9578
f 9578 9548 9549
f 9578 9549 9577
f 9577 9549 9550
f 9577 9550 9576
f 9576 9550 9551
f 9576 9551 9575
f 9575 9551 9552
f 9575 9552 9574
f 9574 9552 9553
f 9574 9553 9573
f 9573 9553 9554
f 9573 9554 9572
f 9572 9554 9555
f 9572 9555 9571
f 9571 9555 9556
f 9571 9556 9570
f 9570 9556 9557
f 9570 9557 9569
f 9569 9557 9558
f 9569 9558 9559
f 9569 9559 9568
f 9568 9559 9560
f 9568 9560 9567
f 9567 9560 9561
f 9567 9561 9566
f 9566 9561 9562
f 9566 9562 9565
f 9565 9562 9563
f 9565 9563 9564
f 9648 9592 9593
f 9648 9593 9647
f 9647 9593 9594
f 9647 9594 9646
f 9646 9594 9595
f 9646 9595 9645
f 9645 9595 9596
f 9645 9596 9644
f 9644 9596 9597
f 9644 9597 9643
f 9643 9597 9598
f 9643 9598 9642
f 9642 9598 9599
f 9642 9599 9641
f 9641 9599 9600
f 9641 9600 9640
f 9640 9600 9601
f 9640 9601 9639
f 9639 9601 9602
f 9639 9602 9638
f 9638 9602 9603
f 9638 9603 9637
f 9637 9603 9604
f 9637 9604 9636
f 9636 9604 9605
f 9636 9605 9635
f 9635 9605 9606
f 9635 9606 9634
f 9634 9606 9607
f 9634 9607 9633
f 9633 9607 9608
f 9633 9608 9632
f 9632 9608 9609
f 9632 9609 9631
f 9631 9609 9610
f 9631 9610 9630
f 9630 9610 9611
f 9630 9611 9629
f 9629 9611 9612
f 9629 9612 9628
f 9628 9612 9613
f 9628 9613 9627
f 9627 9613 9614
f 9627 9614 9626
f 9626 9614 9615
f 9626 9615 9625
f 9625 9615 9616
f 9625 9616 9617
f 9625 9617 9624
f 9624 9617 9618
f 9624 9618 9623
f 9623 9618 9619
f 9623 9619 9622
f 9622 9619 9620
f 9622 9620 9621
