# USD → MuJoCo (world-space, simplified)
v 0.212295 7.645909 0.081097
v 0.211950 7.645546 0.081098
v 0.212294 7.645957 0.098061
v 0.211948 7.645595 0.098062
v 0.213745 7.644531 0.081000
v 0.213743 7.644580 0.098064
v 0.213705 7.644563 0.080810
v 0.213736 7.644537 0.080975
v 0.213645 7.644612 0.080641
v 0.213437 7.644838 0.098064
v 0.213605 7.644646 0.080560
v 0.213523 7.644715 0.080441
v 0.213459 7.644770 0.080366
v 0.213418 7.644805 0.080328
v 0.213371 7.644846 0.080290
v 0.213290 7.644918 0.080238
v 0.213139 7.645105 0.098063
v 0.213167 7.645030 0.080185
v 0.213066 7.645123 0.080161
v 0.213003 7.645182 0.080156
v 0.212849 7.645381 0.098062
v 0.212914 7.645268 0.080163
v 0.212774 7.645405 0.080203
v 0.212567 7.645665 0.098062
v 0.212675 7.645504 0.080256
v 0.212595 7.645587 0.080319
v 0.212538 7.645647 0.080378
v 0.212465 7.645723 0.080476
v 0.212401 7.645792 0.080595
v 0.212346 7.645853 0.080743
v 0.212319 7.645882 0.080853
v 0.212300 7.645903 0.080987
v 0.212296 7.645908 0.081058
v 0.213398 7.644217 0.098065
v 0.234824 7.648710 0.079206
v 0.234492 7.648084 0.079208
v 0.234253 7.647676 0.079209
v 0.234000 7.647277 0.079210
v 0.234049 7.647408 0.098059
v 0.234261 7.647747 0.098058
v 0.234465 7.648042 0.081093
v 0.234464 7.648090 0.098057
v 0.233827 7.647077 0.098059
v 0.233734 7.646887 0.079211
v 0.233596 7.646751 0.098060
v 0.233454 7.646506 0.079212
v 0.233355 7.646433 0.098061
v 0.233162 7.646134 0.079213
v 0.233105 7.646121 0.098062
v 0.233107 7.646072 0.081098
v 0.233107 7.646072 0.081076
v 0.233105 7.646070 0.081036
v 0.233095 7.646058 0.080922
v 0.233063 7.646019 0.080768
v 0.232857 7.645772 0.079214
v 0.232985 7.645925 0.080550
v 0.232828 7.645743 0.080332
v 0.232645 7.645538 0.080206
v 0.232377 7.645251 0.079215
v 0.232427 7.645304 0.080161
v 0.232192 7.645064 0.080225
v 0.231873 7.644753 0.079216
v 0.232012 7.644887 0.080358
v 0.231926 7.644806 0.080460
v 0.231820 7.644708 0.080650
v 0.231770 7.644662 0.080796
v 0.231522 7.644435 0.079217
v 0.231736 7.644631 0.080981
v 0.231728 7.644625 0.081101
v 0.231727 7.644673 0.098065
v 0.231428 7.644409 0.098066
v 0.231161 7.644130 0.079218
v 0.231121 7.644153 0.098067
v 0.230790 7.643837 0.079219
v 0.230808 7.643906 0.098067
v 0.230487 7.643668 0.098068
v 0.230409 7.643557 0.079219
v 0.230160 7.643439 0.098068
v 0.230019 7.643290 0.079220
v 0.229826 7.643220 0.098069
v 0.229827 7.643171 0.081105
v 0.229825 7.643169 0.081041
v 0.229620 7.643036 0.079220
v 0.229788 7.643146 0.080832
v 0.229715 7.643099 0.080642
v 0.229617 7.643038 0.080486
v 0.229213 7.642796 0.079221
v 0.229424 7.642922 0.080312
v 0.229195 7.642789 0.080203
v 0.228798 7.642570 0.079222
v 0.228947 7.642652 0.080166
v 0.228727 7.642536 0.080202
v 0.228375 7.642357 0.079222
v 0.228496 7.642419 0.080309
v 0.227946 7.642160 0.079223
v 0.228269 7.642311 0.080528
v 0.228144 7.642253 0.080735
v 0.228068 7.642220 0.080999
v 0.228067 7.642269 0.098071
v 0.227701 7.642109 0.098072
v 0.227510 7.641976 0.079223
v 0.227330 7.641961 0.098072
v 0.227068 7.641808 0.079223
v 0.226955 7.641823 0.098072
v 0.226621 7.641655 0.079224
v 0.226577 7.641695 0.098073
v 0.226169 7.641517 0.079224
v 0.226195 7.641579 0.098073
v 0.225811 7.641424 0.081109
v 0.225810 7.641473 0.098073
v 0.225712 7.641394 0.079224
v 0.225019 7.641240 0.079225
v 0.225110 7.641260 0.080209
v 0.224321 7.641119 0.079225
v 0.223852 7.641058 0.079225
v 0.223381 7.641014 0.079225
v 0.223844 7.641063 0.081110
v 0.222909 7.640985 0.079225
v 0.223046 7.641046 0.098074
v 0.223445 7.641073 0.098074
v 0.223843 7.641111 0.098074
v 0.222647 7.641031 0.098074
v 0.222436 7.640973 0.079225
v 0.222248 7.641026 0.098074
v 0.221963 7.640976 0.079225
v 0.221849 7.641034 0.098074
v 0.221491 7.640996 0.079225
v 0.221450 7.641052 0.098074
v 0.221451 7.641003 0.081110
v 0.221448 7.641003 0.081045
v 0.221417 7.641005 0.080876
v 0.221373 7.641007 0.080747
v 0.221268 7.641014 0.080571
v 0.221019 7.641031 0.079225
v 0.221030 7.641033 0.080345
v 0.220858 7.641049 0.080252
v 0.220549 7.641082 0.079225
v 0.220450 7.641098 0.080173
v 0.220081 7.641149 0.079225
v 0.220167 7.641139 0.080214
v 0.219615 7.641232 0.079224
v 0.219909 7.641181 0.080329
v 0.219739 7.641212 0.080460
v 0.219655 7.641228 0.080558
v 0.219548 7.641250 0.080747
v 0.219153 7.641330 0.079224
v 0.219480 7.641264 0.080992
v 0.219468 7.641266 0.081109
v 0.219467 7.641315 0.098073
v 0.219077 7.641402 0.098073
v 0.218694 7.641444 0.079224
v 0.218690 7.641499 0.098073
v 0.218305 7.641607 0.098072
v 0.218239 7.641573 0.079223
v 0.217924 7.641726 0.098072
v 0.217789 7.641718 0.079223
v 0.217546 7.641857 0.098072
v 0.217343 7.641878 0.079223
v 0.217173 7.641997 0.098071
v 0.217174 7.641949 0.081107
v 0.217173 7.641949 0.081074
v 0.217159 7.641954 0.080951
v 0.217129 7.641965 0.080821
v 0.216904 7.642053 0.079222
v 0.217089 7.641982 0.080716
v 0.216998 7.642017 0.080559
v 0.216898 7.642058 0.080438
v 0.216471 7.642242 0.079222
v 0.216648 7.642166 0.080265
v 0.216416 7.642271 0.080183
v 0.216044 7.642446 0.079221
v 0.216078 7.642432 0.080187
v 0.215911 7.642517 0.080237
v 0.215625 7.642664 0.079220
v 0.215772 7.642589 0.080318
v 0.215574 7.642695 0.080505
v 0.215465 7.642756 0.080678
v 0.215213 7.642897 0.079220
v 0.215427 7.642778 0.080773
v 0.215380 7.642805 0.080973
v 0.215370 7.642811 0.081077
v 0.215369 7.642860 0.098069
v 0.215024 7.643063 0.098068
v 0.214809 7.643143 0.079219
v 0.214686 7.643275 0.098068
v 0.214414 7.643402 0.079218
v 0.214354 7.643497 0.098067
v 0.214028 7.643675 0.079218
v 0.214028 7.643728 0.098067
v 0.213709 7.643968 0.098066
v 0.213651 7.643960 0.079217
v 0.213399 7.644168 0.081090
v 0.213284 7.644258 0.079216
v 0.213391 7.644174 0.080983
v 0.213367 7.644195 0.080835
v 0.213308 7.644242 0.080666
v 0.213187 7.644344 0.080454
v 0.212927 7.644569 0.079215
v 0.213066 7.644449 0.080323
v 0.212918 7.644580 0.080226
v 0.212582 7.644891 0.079215
v 0.212735 7.644748 0.080166
v 0.212571 7.644904 0.080167
v 0.212247 7.645225 0.079214
v 0.212310 7.645163 0.080276
v 0.212154 7.645325 0.080428
v 0.211923 7.645570 0.079213
v 0.212063 7.645422 0.080587
v 0.211990 7.645501 0.080778
v 0.211959 7.645535 0.080960
v 0.211684 7.645894 0.098061
v 0.211612 7.645925 0.079212
v 0.211428 7.646200 0.098060
v 0.211313 7.646291 0.079211
v 0.211180 7.646513 0.098059
v 0.211026 7.646667 0.079210
v 0.210942 7.646833 0.098058
v 0.210752 7.647052 0.079209
v 0.210713 7.647161 0.098058
v 0.210494 7.647494 0.098057
v 0.210491 7.647446 0.079208
v 0.210495 7.647445 0.081082
v 0.210493 7.647448 0.081020
v 0.210472 7.647480 0.080830
v 0.210421 7.647561 0.080618
v 0.210350 7.647676 0.080446
v 0.210254 7.647835 0.080302
v 0.210122 7.648062 0.080190
v 0.210127 7.648054 0.079206
v 0.209941 7.648391 0.080157
v 0.209791 7.648678 0.079205
v 0.209808 7.648647 0.080226
v 0.209706 7.648852 0.080350
v 0.209586 7.649104 0.079204
v 0.209626 7.649022 0.080533
v 0.209586 7.649107 0.080673
v 0.209559 7.649167 0.080841
v 0.209395 7.649536 0.079202
v 0.209543 7.649201 0.081055
v 0.209543 7.649202 0.081088
v 0.209542 7.649251 0.098052
v 0.209382 7.649617 0.098051
v 0.209233 7.649987 0.098050
v 0.209219 7.649975 0.079201
v 0.209095 7.650362 0.098049
v 0.209058 7.650419 0.079200
v 0.208968 7.650740 0.098048
v 0.208912 7.650868 0.079199
v 0.208851 7.651122 0.098047
v 0.208781 7.651323 0.079198
v 0.208745 7.651506 0.098046
v 0.208747 7.651458 0.081071
v 0.208746 7.651462 0.080995
v 0.208738 7.651493 0.080846
v 0.208666 7.651781 0.079197
v 0.208718 7.651571 0.080639
v 0.208705 7.651622 0.080558
v 0.208659 7.651815 0.080358
v 0.208607 7.652047 0.080216
v 0.208540 7.652383 0.080148
v 0.208524 7.652475 0.079195
v 0.208486 7.652689 0.080172
v 0.208414 7.653175 0.079193
v 0.208444 7.652961 0.080289
v 0.208422 7.653118 0.080402
v 0.208404 7.653263 0.080570
v 0.208362 7.653645 0.079192
v 0.208392 7.653360 0.080754
v 0.208387 7.653405 0.080920
v 0.208385 7.653423 0.081066
v 0.208383 7.653472 0.098041
v 0.208345 7.653869 0.098040
v 0.208325 7.654116 0.079191
v 0.208318 7.654267 0.098039
v 0.208305 7.654588 0.079189
v 0.208302 7.654666 0.098038
v 0.208298 7.655065 0.098037
v 0.208300 7.655061 0.079188
v 0.208305 7.655464 0.098036
v 0.208311 7.655533 0.079187
v 0.208324 7.655863 0.098035
v 0.208325 7.655814 0.081071
v 0.208325 7.655815 0.081021
v 0.208339 7.656005 0.079186
v 0.208328 7.655859 0.080799
v 0.208335 7.655959 0.080583
v 0.208347 7.656112 0.080404
v 0.208361 7.656268 0.080279
v 0.208382 7.656475 0.079185
v 0.208383 7.656484 0.080185
v 0.208413 7.656738 0.080129
v 0.208479 7.657177 0.079183
v 0.208454 7.657030 0.080157
v 0.208509 7.657371 0.080302
v 0.208550 7.657599 0.080506
v 0.208607 7.657874 0.079181
v 0.208561 7.657656 0.080588
v 0.208580 7.657753 0.080808
v 0.208588 7.657791 0.080996
v 0.208589 7.657794 0.081066
v 0.208587 7.657844 0.098030
v 0.208674 7.658233 0.098029
v 0.208713 7.658335 0.079180
v 0.208771 7.658620 0.098028
v 0.208835 7.658791 0.079179
v 0.208880 7.659004 0.098027
v 0.208972 7.659244 0.079178
v 0.208999 7.659385 0.098026
v 0.209125 7.659691 0.079176
v 0.209129 7.659762 0.098025
v 0.209272 7.660087 0.081060
v 0.209292 7.660132 0.079175
v 0.209272 7.660088 0.081027
v 0.209274 7.660091 0.080965
v 0.209276 7.660098 0.080913
v 0.209281 7.660110 0.080853
v 0.209312 7.660187 0.080642
v 0.209364 7.660314 0.080442
v 0.209474 7.660569 0.079174
v 0.209445 7.660504 0.080281
v 0.209671 7.660998 0.079173
v 0.209617 7.660887 0.080127
v 0.209270 7.660136 0.098024
v 0.223858 7.641064 0.080968
v 0.223895 7.641068 0.080815
v 0.223982 7.641078 0.080633
v 0.224093 7.641091 0.080489
v 0.224212 7.641107 0.080380
v 0.224426 7.641137 0.080255
v 0.224760 7.641193 0.080179
v 0.225337 7.641308 0.080303
v 0.225562 7.641361 0.080485
v 0.225728 7.641402 0.080733
v 0.225760 7.641410 0.080809
v 0.225794 7.641420 0.080964
v 0.234475 7.648058 0.080925
v 0.234497 7.648097 0.080760
v 0.234565 7.648218 0.080531
v 0.234675 7.648422 0.080320
v 0.234826 7.648714 0.080180
v 0.234917 7.648899 0.080149
v 0.202761 7.653474 0.079192
v 0.206932 7.648059 0.079206
v 0.199332 7.655865 0.079186
v 0.201221 7.664106 0.079165
v 0.209883 7.661421 0.079172
v 0.210108 7.661836 0.079171
v 0.210347 7.662244 0.079170
v 0.204086 7.669138 0.079152
v 0.210600 7.662643 0.079169
v 0.210867 7.663033 0.079168
v 0.211146 7.663414 0.079167
v 0.211438 7.663786 0.079166
v 0.211743 7.664147 0.079165
v 0.212224 7.664669 0.079164
v 0.212727 7.665167 0.079163
v 0.213078 7.665485 0.079162
v 0.213439 7.665790 0.079161
v 0.213810 7.666083 0.079160
v 0.214191 7.666363 0.079160
v 0.214581 7.666630 0.079159
v 0.214980 7.666884 0.079158
v 0.215387 7.667124 0.079158
v 0.215802 7.667350 0.079157
v 0.216225 7.667562 0.079157
v 0.216654 7.667760 0.079156
v 0.207315 7.672400 0.079144
v 0.208646 7.673494 0.079144
v 0.211210 7.671058 0.079147
v 0.217090 7.667943 0.079156
v 0.214721 7.670233 0.079150
v 0.217532 7.668112 0.079155
v 0.217980 7.668265 0.079155
v 0.218432 7.668404 0.079155
v 0.218888 7.668526 0.079154
v 0.219349 7.668634 0.079154
v 0.220046 7.668764 0.079154
v 0.219310 7.672185 0.079145
v 0.228130 7.667678 0.079157
v 0.227696 7.667867 0.079157
v 0.227257 7.668042 0.079156
v 0.219990 7.672961 0.079143
v 0.220907 7.674744 0.079139
v 0.229573 7.676662 0.079134
v 0.228556 7.667474 0.079158
v 0.234742 7.674242 0.079141
v 0.228976 7.667256 0.079158
v 0.229388 7.667024 0.079159
v 0.229791 7.666778 0.079160
v 0.230186 7.666518 0.079160
v 0.230573 7.666245 0.079161
v 0.230949 7.665960 0.079162
v 0.231316 7.665661 0.079163
v 0.231846 7.665190 0.079164
v 0.239097 7.667026 0.079160
v 0.240459 7.669085 0.079155
v 0.232354 7.664695 0.079165
v 0.232677 7.664351 0.079166
v 0.232989 7.663995 0.079167
v 0.233288 7.663629 0.079168
v 0.233575 7.663253 0.079169
v 0.233849 7.662868 0.079170
v 0.237648 7.662178 0.079172
v 0.234109 7.662474 0.079171
v 0.234357 7.662071 0.079172
v 0.234700 7.661451 0.079174
v 0.235015 7.660816 0.079175
v 0.235206 7.660384 0.079176
v 0.235382 7.659945 0.079178
v 0.238206 7.659898 0.079178
v 0.235543 7.659501 0.079179
v 0.235689 7.659051 0.079180
v 0.239267 7.658325 0.079182
v 0.240886 7.656891 0.079186
v 0.235819 7.658597 0.079181
v 0.235934 7.658139 0.079182
v 0.236076 7.657445 0.079184
v 0.236186 7.656744 0.079186
v 0.236239 7.656275 0.079187
v 0.236275 7.655804 0.079188
v 0.236296 7.655332 0.079189
v 0.236300 7.654860 0.079191
v 0.236289 7.654387 0.079192
v 0.236262 7.653915 0.079193
v 0.236218 7.653445 0.079194
v 0.236159 7.652976 0.079196
v 0.244753 7.650313 0.079203
v 0.243183 7.656005 0.079188
v 0.244596 7.655900 0.079189
v 0.236084 7.652510 0.079197
v 0.235994 7.652046 0.079198
v 0.235887 7.651586 0.079199
v 0.235765 7.651129 0.079200
v 0.235628 7.650677 0.079201
v 0.235476 7.650229 0.079202
v 0.235308 7.649787 0.079204
v 0.235126 7.649352 0.079205
v 0.226713 7.638777 0.079231
v 0.225111 7.637512 0.079235
v 0.224243 7.636417 0.079237
v 0.215959 7.632935 0.079245
v 0.210863 7.635100 0.079239
v 0.205822 7.643371 0.079218
v 0.226812 7.668202 0.079156
v 0.226362 7.668346 0.079155
v 0.225907 7.668476 0.079155
v 0.225448 7.668590 0.079155
v 0.224985 7.668688 0.079154
v 0.224520 7.668771 0.079154
v 0.224052 7.668838 0.079154
v 0.223581 7.668890 0.079154
v 0.223110 7.668925 0.079154
v 0.222637 7.668944 0.079154
v 0.222164 7.668947 0.079154
v 0.221692 7.668935 0.079154
v 0.221220 7.668906 0.079154
v 0.220749 7.668862 0.079154
v 0.198320 7.653957 0.080133
v 0.198300 7.654737 0.080131
v 0.198306 7.655517 0.080033
v 0.198393 7.657079 0.080028
v 0.198474 7.657853 0.080123
v 0.198492 7.657919 0.080007
v 0.198713 7.659395 0.080119
v 0.198870 7.660160 0.080117
v 0.199051 7.660919 0.080115
v 0.199258 7.661672 0.080113
v 0.199327 7.661900 0.080073
v 0.199488 7.662417 0.080111
v 0.199585 7.662672 0.079997
v 0.199743 7.663156 0.080109
v 0.199856 7.663440 0.080023
v 0.200022 7.663885 0.080107
v 0.200152 7.664199 0.080075
v 0.200325 7.664604 0.080106
v 0.200650 7.665314 0.080104
v 0.200527 7.665034 0.080017
v 0.200622 7.665102 0.079779
v 0.200614 7.664881 0.079612
v 0.200841 7.665221 0.079527
v 0.200702 7.664840 0.079486
v 0.200829 7.664783 0.079363
v 0.200843 7.664339 0.079255
v 0.201326 7.665098 0.079206
v 0.201432 7.664965 0.079174
v 0.200904 7.663616 0.079170
v 0.199746 7.659309 0.079177
v 0.199401 7.657608 0.079183
v 0.199229 7.654508 0.079193
v 0.198803 7.654588 0.079321
v 0.198562 7.654673 0.079502
v 0.198388 7.654671 0.079760
v 0.198310 7.654671 0.080025
v 0.198346 7.653953 0.079953
v 0.198582 7.658631 0.080000
v 0.200174 7.664189 0.079911
v 0.199106 7.661116 0.080059
v 0.198741 7.659529 0.080063
v 0.198910 7.660325 0.080061
v 0.198336 7.656299 0.080030
v 0.198965 7.660312 0.079805
v 0.199153 7.661103 0.079824
v 0.198782 7.659520 0.079847
v 0.198548 7.657912 0.079791
v 0.199364 7.661888 0.079856
v 0.198464 7.657104 0.079785
v 0.199764 7.663040 0.079804
v 0.198678 7.658713 0.079747
v 0.200252 7.664155 0.079682
v 0.198439 7.656291 0.079718
v 0.199423 7.661870 0.079699
v 0.199829 7.663016 0.079658
v 0.198398 7.655482 0.079741
v 0.199142 7.660686 0.079636
v 0.199516 7.661841 0.079553
v 0.198563 7.656283 0.079533
v 0.198555 7.657095 0.079616
v 0.198523 7.655479 0.079544
v 0.198877 7.659501 0.079641
v 0.198660 7.657897 0.079588
v 0.199933 7.662978 0.079506
v 0.200321 7.664126 0.079563
v 0.198711 7.657081 0.079441
v 0.198786 7.658696 0.079570
v 0.199112 7.659865 0.079451
v 0.200432 7.664080 0.079432
v 0.198799 7.657880 0.079436
v 0.200044 7.662938 0.079393
v 0.199397 7.661037 0.079445
v 0.198721 7.655474 0.079368
v 0.198775 7.656271 0.079352
v 0.198961 7.658668 0.079393
v 0.199198 7.659438 0.079324
v 0.199695 7.661787 0.079373
v 0.200025 7.662520 0.079309
v 0.199686 7.661372 0.079303
v 0.200423 7.663651 0.079319
v 0.200399 7.663232 0.079253
v 0.198934 7.657461 0.079310
v 0.199361 7.660220 0.079322
v 0.199665 7.660965 0.079261
v 0.199108 7.657442 0.079236
v 0.199153 7.658637 0.079277
v 0.200171 7.662471 0.079237
v 0.199947 7.661710 0.079232
v 0.199480 7.659786 0.079230
v 0.200719 7.663532 0.079192
v 0.198999 7.655863 0.079238
v 0.199361 7.658206 0.079195
v 0.199624 7.659555 0.079186
v 0.199822 7.660923 0.079205
v 0.200174 7.662053 0.079198
v 0.199873 7.660504 0.079179
v 0.199209 7.656150 0.079194
v 0.200388 7.662189 0.079173
v 0.208337 7.674519 0.097987
v 0.208851 7.674869 0.095540
v 0.209200 7.675101 0.095766
v 0.208446 7.674589 0.095296
v 0.208040 7.674294 0.095047
v 0.207690 7.674040 0.097989
v 0.208041 7.674252 0.080081
v 0.207420 7.673778 0.080083
v 0.207059 7.673539 0.097990
v 0.206445 7.673018 0.097991
v 0.205849 7.672476 0.097992
v 0.205654 7.672237 0.079979
v 0.205272 7.671914 0.097994
v 0.205101 7.671688 0.080088
v 0.204713 7.671334 0.097995
v 0.204565 7.671120 0.080089
v 0.204175 7.670735 0.097997
v 0.204048 7.670535 0.080091
v 0.203657 7.670118 0.097998
v 0.203550 7.669933 0.080092
v 0.203160 7.669484 0.098000
v 0.203073 7.669315 0.080094
v 0.202684 7.668834 0.098001
v 0.202615 7.668682 0.080095
v 0.202231 7.668169 0.098003
v 0.202179 7.668035 0.080097
v 0.201801 7.667488 0.098005
v 0.201764 7.667374 0.080099
v 0.201393 7.666793 0.098007
v 0.201370 7.666699 0.080100
v 0.201009 7.666086 0.098008
v 0.200999 7.666012 0.080102
v 0.200649 7.665365 0.098010
v 0.200313 7.664633 0.098012
v 0.200003 7.663890 0.098014
v 0.199717 7.663138 0.098016
v 0.199457 7.662376 0.098018
v 0.199222 7.661605 0.098020
v 0.199014 7.660828 0.098022
v 0.198831 7.660044 0.098024
v 0.198676 7.659254 0.098026
v 0.198547 7.658459 0.098028
v 0.198444 7.657660 0.098030
v 0.198369 7.656859 0.098032
v 0.198320 7.656055 0.098034
v 0.198299 7.655251 0.098036
v 0.198304 7.654445 0.098038
v 0.198319 7.654000 0.095098
v 0.198337 7.653641 0.098040
v 0.198345 7.653501 0.095349
v 0.198381 7.653011 0.095595
v 0.198424 7.652549 0.095830
v 0.198406 7.652732 0.095827
v 0.198397 7.652838 0.098042
v 0.220123 7.678895 0.097977
v 0.219952 7.679365 0.097976
v 0.219800 7.679705 0.095933
v 0.219766 7.679775 0.097975
v 0.219553 7.680171 0.097974
v 0.219445 7.680340 0.095929
v 0.219448 7.680341 0.097973
v 0.219277 7.680585 0.095931
v 0.219279 7.680589 0.097973
v 0.219035 7.680905 0.097972
v 0.218771 7.681199 0.095931
v 0.218839 7.681132 0.097971
v 0.218631 7.681348 0.097971
v 0.218502 7.681465 0.095923
v 0.218413 7.681554 0.097970
v 0.218261 7.681684 0.097970
v 0.218106 7.681810 0.097969
v 0.217877 7.681971 0.095916
v 0.217946 7.681930 0.097969
v 0.217698 7.682099 0.097969
v 0.217443 7.682257 0.097968
v 0.217268 7.682354 0.097968
v 0.217090 7.682446 0.097968
v 0.216817 7.682570 0.097967
v 0.216445 7.682716 0.097967
v 0.216160 7.682809 0.097967
v 0.215870 7.682886 0.097966
v 0.215831 7.682889 0.095925
v 0.215576 7.682950 0.097966
v 0.215369 7.682977 0.095911
v 0.215379 7.682984 0.097966
v 0.215082 7.683021 0.097966
v 0.214977 7.683023 0.095923
v 0.214782 7.683045 0.097966
v 0.214482 7.683052 0.097966
v 0.214083 7.683038 0.097966
v 0.213723 7.682995 0.095914
v 0.213685 7.682998 0.097966
v 0.213388 7.682950 0.097966
v 0.213192 7.682910 0.097966
v 0.212998 7.682863 0.097966
v 0.212805 7.682809 0.097966
v 0.212614 7.682749 0.097967
v 0.212350 7.682647 0.095925
v 0.212426 7.682683 0.097967
v 0.212239 7.682610 0.097967
v 0.212090 7.682539 0.095915
v 0.212056 7.682531 0.097967
v 0.211875 7.682446 0.097967
v 0.211697 7.682354 0.097968
v 0.211522 7.682257 0.097968
v 0.211351 7.682154 0.097968
v 0.211101 7.681982 0.095928
v 0.211183 7.682045 0.097968
v 0.211019 7.681930 0.097969
v 0.210859 7.681804 0.095929
v 0.210859 7.681810 0.097969
v 0.210628 7.681613 0.095929
v 0.210703 7.681684 0.097969
v 0.210552 7.681554 0.097969
v 0.210362 7.681371 0.095842
v 0.210334 7.681348 0.097970
v 0.210059 7.681057 0.097971
v 0.209781 7.680710 0.095930
v 0.209805 7.680749 0.097971
v 0.209572 7.680424 0.097972
v 0.209411 7.680171 0.097973
v 0.209265 7.679903 0.095934
v 0.209198 7.679775 0.097974
v 0.209097 7.679559 0.095932
v 0.209012 7.679365 0.097975
v 0.208941 7.679173 0.095935
v 0.208875 7.678990 0.097976
v 0.208809 7.678756 0.095928
v 0.208764 7.678606 0.097977
v 0.208685 7.678242 0.095932
v 0.208679 7.678216 0.097978
v 0.208617 7.677773 0.095938
v 0.208620 7.677820 0.097979
v 0.208589 7.677422 0.097980
v 0.208582 7.677122 0.097981
v 0.208592 7.676823 0.097981
v 0.208629 7.676425 0.097982
v 0.208724 7.675884 0.097984
v 0.208836 7.675448 0.097985
v 0.208898 7.675252 0.095946
v 0.208999 7.674975 0.097986
v 0.222476 7.678993 0.097977
v 0.222476 7.678976 0.091976
v 0.221690 7.678986 0.097977
v 0.222101 7.678941 0.080070
v 0.222476 7.678976 0.091964
v 0.222478 7.678976 0.091938
v 0.222482 7.678976 0.091907
v 0.222492 7.678976 0.091860
v 0.222503 7.678975 0.091824
v 0.222910 7.678935 0.080071
v 0.222521 7.678975 0.091784
v 0.222548 7.678975 0.091738
v 0.222563 7.678974 0.091717
v 0.222581 7.678974 0.091696
v 0.222607 7.678974 0.091670
v 0.222636 7.678973 0.091645
v 0.222677 7.678972 0.091617
v 0.222718 7.678972 0.091595
v 0.222744 7.678971 0.091584
v 0.222784 7.678970 0.091570
v 0.222810 7.678970 0.091562
v 0.222829 7.678969 0.091558
v 0.222884 7.678968 0.091551
v 0.222912 7.678967 0.091548
v 0.222941 7.678967 0.091548
v 0.222993 7.678965 0.091551
v 0.223026 7.678964 0.091554
v 0.223717 7.678900 0.080071
v 0.223459 7.678947 0.091618
v 0.223892 7.678923 0.091679
v 0.223942 7.678919 0.091689
v 0.223978 7.678917 0.091698
v 0.224036 7.678913 0.091718
v 0.224078 7.678910 0.091736
v 0.224118 7.678907 0.091757
v 0.224523 7.678839 0.080071
v 0.224164 7.678904 0.091787
v 0.224197 7.678901 0.091811
v 0.224213 7.678900 0.091824
v 0.224241 7.678897 0.091849
v 0.224282 7.678895 0.091891
v 0.224308 7.678892 0.091923
v 0.224338 7.678890 0.091967
v 0.224355 7.678888 0.091995
v 0.224365 7.678887 0.092012
v 0.224384 7.678886 0.092053
v 0.224400 7.678885 0.092096
v 0.224412 7.678884 0.092139
v 0.224421 7.678883 0.092182
v 0.224424 7.678883 0.092204
v 0.224426 7.678883 0.092239
v 0.224427 7.678883 0.092258
v 0.224426 7.678899 0.097977
v 0.225190 7.678819 0.097978
v 0.225326 7.678751 0.080071
v 0.225951 7.678714 0.097978
v 0.226126 7.678636 0.080072
v 0.226709 7.678586 0.097978
v 0.226922 7.678493 0.080072
v 0.227461 7.678432 0.097979
v 0.227712 7.678325 0.080072
v 0.228209 7.678256 0.097979
v 0.228496 7.678129 0.080073
v 0.228950 7.678055 0.097980
v 0.229274 7.677908 0.080074
v 0.229685 7.677830 0.097980
v 0.230043 7.677660 0.080074
v 0.230412 7.677582 0.097981
v 0.230803 7.677387 0.080075
v 0.231130 7.677311 0.097982
v 0.231554 7.677088 0.080076
v 0.231840 7.677003 0.092821
v 0.231840 7.677018 0.097983
v 0.231841 7.677002 0.092801
v 0.231844 7.677001 0.092761
v 0.231849 7.676999 0.092722
v 0.231853 7.676997 0.092704
v 0.231856 7.676996 0.092692
v 0.231866 7.676991 0.092656
v 0.231875 7.676987 0.092628
v 0.231889 7.676981 0.092596
v 0.231916 7.676969 0.092545
v 0.231927 7.676964 0.092527
v 0.232295 7.676764 0.080077
v 0.231938 7.676959 0.092510
v 0.231971 7.676945 0.092470
v 0.232007 7.676929 0.092433
v 0.232042 7.676913 0.092405
v 0.232090 7.676892 0.092374
v 0.232124 7.676876 0.092356
v 0.232171 7.676855 0.092339
v 0.232225 7.676831 0.092326
v 0.232256 7.676817 0.092322
v 0.232273 7.676809 0.092321
v 0.232289 7.676802 0.092320
v 0.232538 7.676686 0.092321
v 0.232780 7.676570 0.092322
v 0.233024 7.676416 0.080078
v 0.233021 7.676452 0.092321
v 0.233045 7.676440 0.092322
v 0.233090 7.676417 0.092327
v 0.233136 7.676394 0.092338
v 0.233165 7.676380 0.092348
v 0.233189 7.676367 0.092358
v 0.233222 7.676351 0.092375
v 0.233261 7.676331 0.092401
v 0.233297 7.676312 0.092429
v 0.233328 7.676296 0.092460
v 0.233360 7.676280 0.092499
v 0.233740 7.676043 0.080079
v 0.233374 7.676272 0.092519
v 0.233384 7.676268 0.092534
v 0.233403 7.676258 0.092569
v 0.233417 7.676250 0.092597
v 0.233428 7.676245 0.092623
v 0.233444 7.676236 0.092676
v 0.233454 7.676231 0.092718
v 0.233459 7.676229 0.092752
v 0.233463 7.676227 0.092785
v 0.233464 7.676227 0.092812
v 0.233464 7.676227 0.092823
v 0.233464 7.676241 0.097985
v 0.234138 7.675873 0.097986
v 0.234800 7.675484 0.097987
v 0.235134 7.675226 0.080081
v 0.235449 7.675074 0.097988
v 0.235810 7.674783 0.080082
v 0.236085 7.674644 0.097989
v 0.236470 7.674317 0.080083
v 0.236707 7.674192 0.097990
v 0.237115 7.673829 0.080085
v 0.237313 7.673722 0.097991
v 0.237742 7.673320 0.080086
v 0.237905 7.673233 0.097993
v 0.238352 7.672791 0.080087
v 0.238480 7.672724 0.097994
v 0.238943 7.672240 0.080089
v 0.239039 7.672198 0.097995
v 0.239516 7.671670 0.080090
v 0.239581 7.671654 0.097997
v 0.239582 7.671637 0.092277
v 0.239582 7.671637 0.092265
v 0.239584 7.671635 0.092225
v 0.239586 7.671633 0.092202
v 0.239591 7.671627 0.092161
v 0.239597 7.671621 0.092131
v 0.239601 7.671617 0.092112
v 0.239612 7.671606 0.092073
v 0.239629 7.671587 0.092022
v 0.239641 7.671575 0.091992
v 0.239646 7.671569 0.091980
v 0.239651 7.671564 0.091969
v 0.239663 7.671551 0.091945
v 0.239684 7.671529 0.091909
v 0.239711 7.671501 0.091869
v 0.239746 7.671463 0.091825
v 0.239774 7.671433 0.091797
v 0.240070 7.671082 0.080092
v 0.239796 7.671411 0.091777
v 0.239824 7.671381 0.091756
v 0.239847 7.671356 0.091741
v 0.239885 7.671316 0.091722
v 0.239911 7.671287 0.091711
v 0.239943 7.671253 0.091702
v 0.240144 7.671032 0.091660
v 0.240336 7.670815 0.091619
v 0.240603 7.670475 0.080093
v 0.240530 7.670592 0.091576
v 0.240562 7.670555 0.091572
v 0.240601 7.670508 0.091571
v 0.240626 7.670479 0.091575
v 0.240648 7.670454 0.091580
v 0.240682 7.670413 0.091593
v 0.240711 7.670378 0.091609
v 0.240741 7.670343 0.091631
v 0.240748 7.670335 0.091637
v 0.240758 7.670322 0.091647
v 0.240779 7.670297 0.091671
v 0.240798 7.670275 0.091697
v 0.240816 7.670253 0.091726
v 0.240823 7.670244 0.091741
v 0.240828 7.670238 0.091750
v 0.240841 7.670222 0.091783
v 0.241115 7.669851 0.080095
v 0.240851 7.670210 0.091811
v 0.240861 7.670198 0.091848
v 0.240871 7.670186 0.091900
v 0.240875 7.670182 0.091926
v 0.240877 7.670179 0.091953
v 0.240878 7.670178 0.091974
v 0.240879 7.670177 0.092000
v 0.240878 7.670195 0.098001
v 0.241366 7.669579 0.098002
v 0.241833 7.668947 0.098004
v 0.241605 7.669252 0.095062
v 0.241606 7.669209 0.080097
v 0.242178 7.668444 0.095559
v 0.241899 7.668847 0.095313
v 0.242342 7.668200 0.095782
v 0.242437 7.668054 0.095795
v 0.221292 7.678964 0.095036
v 0.220904 7.678953 0.097977
v 0.220791 7.678939 0.095286
v 0.220301 7.678904 0.095531
v 0.219820 7.678859 0.095771
v 0.219854 7.678863 0.095759
v 0.220031 7.678880 0.095768
v 0.220122 7.678889 0.095870
v 0.229447 7.693548 0.097940
v 0.227334 7.693590 0.097940
v 0.205903 7.678915 0.097976
v 0.203330 7.676848 0.097981
v 0.198902 7.672057 0.097993
v 0.195723 7.666467 0.098007
v 0.194038 7.661253 0.098020
v 0.197059 7.652234 0.098044
v 0.197401 7.652427 0.098043
v 0.197664 7.652558 0.098043
v 0.198072 7.652725 0.098042
v 0.196731 7.652019 0.098044
v 0.196419 7.651782 0.098045
v 0.196088 7.651490 0.098045
v 0.193422 7.654263 0.098038
v 0.195712 7.651104 0.098046
v 0.195433 7.650762 0.098047
v 0.195127 7.650319 0.098048
v 0.194931 7.649979 0.098049
v 0.194758 7.649628 0.098050
v 0.194643 7.649357 0.098051
v 0.194543 7.649080 0.098052
v 0.194430 7.648705 0.098052
v 0.194362 7.648418 0.098053
v 0.194309 7.648129 0.098054
v 0.194260 7.647733 0.098054
v 0.229500 7.693654 0.097940
v 0.229556 7.693758 0.097940
v 0.229615 7.693858 0.097939
v 0.229696 7.693985 0.097939
v 0.229780 7.694104 0.097939
v 0.229844 7.694187 0.097939
v 0.229887 7.694238 0.097938
v 0.229946 7.694304 0.097938
v 0.230011 7.694368 0.097938
v 0.230074 7.694424 0.097938
v 0.230167 7.694429 0.097938
v 0.231360 7.693812 0.097940
v 0.231354 7.693695 0.097940
v 0.231346 7.693626 0.097940
v 0.232877 7.695771 0.097935
v 0.231326 7.693514 0.097940
v 0.231304 7.693414 0.097941
v 0.231277 7.693310 0.097941
v 0.231245 7.693204 0.097941
v 0.231207 7.693096 0.097941
v 0.237984 7.689814 0.097950
v 0.231166 7.692988 0.097942
v 0.237926 7.689712 0.097951
v 0.231120 7.692879 0.097942
v 0.237871 7.689608 0.097951
v 0.231071 7.692771 0.097942
v 0.237836 7.689537 0.097951
v 0.238044 7.689911 0.097950
v 0.238106 7.690005 0.097950
v 0.238169 7.690093 0.097950
v 0.238233 7.690176 0.097949
v 0.236763 7.695934 0.097935
v 0.238276 7.690227 0.097949
v 0.238344 7.690300 0.097949
v 0.238416 7.690372 0.097949
v 0.238463 7.690413 0.097949
v 0.238562 7.690416 0.097949
v 0.239899 7.695250 0.097937
v 0.242319 7.694087 0.097940
v 0.239750 7.689818 0.097950
v 0.246164 7.690665 0.097949
v 0.239746 7.689717 0.097951
v 0.239736 7.689623 0.097951
v 0.239722 7.689536 0.097951
v 0.239701 7.689437 0.097951
v 0.239676 7.689334 0.097952
v 0.239645 7.689229 0.097952
v 0.246413 7.685869 0.097961
v 0.239597 7.689085 0.097952
v 0.246354 7.685769 0.097961
v 0.239540 7.688941 0.097953
v 0.246279 7.685632 0.097962
v 0.239493 7.688832 0.097953
v 0.239460 7.688760 0.097953
v 0.246226 7.685525 0.097962
v 0.246475 7.685963 0.097961
v 0.246559 7.686082 0.097960
v 0.246720 7.686275 0.097960
v 0.246666 7.686216 0.097960
v 0.246623 7.686165 0.097960
v 0.246779 7.686336 0.097960
v 0.246855 7.686404 0.097960
v 0.246946 7.686407 0.097960
v 0.248075 7.685869 0.097961
v 0.248140 7.685821 0.097961
v 0.248140 7.685794 0.097961
v 0.248139 7.685767 0.097961
v 0.248135 7.685706 0.097962
v 0.248126 7.685620 0.097962
v 0.248117 7.685557 0.097962
v 0.248098 7.685459 0.097962
v 0.248074 7.685358 0.097962
v 0.248045 7.685253 0.097963
v 0.249125 7.683942 0.097966
v 0.248023 7.685182 0.097963
v 0.247986 7.685074 0.097963
v 0.247945 7.684966 0.097963
v 0.247914 7.684893 0.097964
v 0.247883 7.684821 0.097964
v 0.247849 7.684749 0.097964
v 0.249208 7.683132 0.097968
v 0.244814 7.668708 0.098005
v 0.244516 7.668717 0.098005
v 0.250314 7.663573 0.098018
v 0.250286 7.663770 0.098018
v 0.250250 7.663965 0.098017
v 0.247972 7.658089 0.098032
v 0.248315 7.658360 0.098032
v 0.246293 7.655583 0.098039
v 0.246299 7.654778 0.098041
v 0.251249 7.656422 0.098037
v 0.246277 7.653974 0.098043
v 0.246229 7.653170 0.098045
v 0.246153 7.652368 0.098047
v 0.251241 7.653267 0.098045
v 0.246051 7.651570 0.098049
v 0.245922 7.650775 0.098051
v 0.245766 7.649985 0.098053
v 0.245584 7.649201 0.098055
v 0.245375 7.648423 0.098057
v 0.245141 7.647653 0.098059
v 0.244881 7.646891 0.098061
v 0.244595 7.646138 0.098063
v 0.244284 7.645395 0.098064
v 0.243949 7.644663 0.098066
v 0.243589 7.643943 0.098068
v 0.243205 7.643235 0.098070
v 0.242797 7.642540 0.098072
v 0.245905 7.638197 0.098083
v 0.242366 7.641860 0.098073
v 0.241913 7.641194 0.098075
v 0.243812 7.635653 0.098089
v 0.241438 7.640544 0.098077
v 0.240941 7.639911 0.098078
v 0.240423 7.639294 0.098080
v 0.239884 7.638695 0.098081
v 0.239326 7.638114 0.098083
v 0.238748 7.637553 0.098084
v 0.241425 7.633215 0.098096
v 0.238152 7.637011 0.098086
v 0.237539 7.636489 0.098087
v 0.237912 7.630652 0.098102
v 0.236908 7.635989 0.098088
v 0.235989 7.633401 0.098095
v 0.235951 7.633739 0.098094
v 0.236013 7.632819 0.098096
v 0.235995 7.632381 0.098097
v 0.235963 7.632092 0.098098
v 0.235899 7.631707 0.098099
v 0.235835 7.631423 0.098100
v 0.235739 7.631096 0.098100
v 0.235556 7.630593 0.098102
v 0.235393 7.630238 0.098103
v 0.235203 7.629887 0.098104
v 0.234906 7.628916 0.098106
v 0.234989 7.629550 0.098104
v 0.234658 7.629113 0.098105
v 0.234360 7.628778 0.098106
v 0.235900 7.634027 0.098093
v 0.236260 7.635509 0.098089
v 0.235811 7.634406 0.098092
v 0.235602 7.635055 0.098090
v 0.246260 7.656388 0.098036
v 0.247529 7.657789 0.098033
v 0.246201 7.657191 0.098034
v 0.246614 7.657337 0.098034
v 0.247059 7.657533 0.098034
v 0.248703 7.658730 0.098031
v 0.248997 7.659054 0.098030
v 0.249236 7.659361 0.098029
v 0.249529 7.659809 0.098028
v 0.249804 7.660326 0.098027
v 0.249979 7.660737 0.098026
v 0.250078 7.661018 0.098025
v 0.250162 7.661304 0.098024
v 0.250251 7.661692 0.098023
v 0.250315 7.662085 0.098022
v 0.250351 7.662481 0.098021
v 0.250362 7.662779 0.098020
v 0.250360 7.662978 0.098020
v 0.250351 7.663177 0.098019
v 0.250336 7.663375 0.098019
v 0.250208 7.664160 0.098017
v 0.250160 7.664353 0.098016
v 0.250105 7.664544 0.098016
v 0.250044 7.664733 0.098015
v 0.249976 7.664920 0.098015
v 0.249902 7.665105 0.098014
v 0.249822 7.665287 0.098014
v 0.249736 7.665466 0.098013
v 0.249595 7.665730 0.098013
v 0.249442 7.665986 0.098012
v 0.249332 7.666152 0.098012
v 0.249217 7.666314 0.098011
v 0.249096 7.666472 0.098011
v 0.248905 7.666701 0.098010
v 0.248703 7.666922 0.098010
v 0.248490 7.667130 0.098009
v 0.248190 7.667392 0.098008
v 0.247954 7.667575 0.098008
v 0.247709 7.667745 0.098007
v 0.247456 7.667903 0.098007
v 0.247194 7.668047 0.098007
v 0.246836 7.668220 0.098006
v 0.246466 7.668367 0.098006
v 0.246087 7.668489 0.098005
v 0.245701 7.668586 0.098005
v 0.245408 7.668643 0.098005
v 0.245112 7.668682 0.098005
v 0.244217 7.668714 0.098005
v 0.243771 7.668676 0.098005
v 0.243328 7.668608 0.098005
v 0.242797 7.668477 0.098005
v 0.242278 7.668302 0.098006
v 0.239693 7.689876 0.097950
v 0.231314 7.693879 0.097939
v 0.230210 7.694412 0.097880
v 0.230194 7.694419 0.097887
v 0.230160 7.694432 0.097905
v 0.230124 7.694442 0.097924
v 0.230243 7.694396 0.097867
v 0.230278 7.694379 0.097856
v 0.230299 7.694369 0.097852
v 0.230341 7.694349 0.097846
v 0.230377 7.694332 0.097844
v 0.231256 7.693912 0.097877
v 0.231210 7.693933 0.097861
v 0.231163 7.693956 0.097850
v 0.231131 7.693972 0.097846
v 0.231099 7.693986 0.097845
v 0.231299 7.693889 0.097898
v 0.231338 7.693863 0.097922
v 0.231356 7.693847 0.097936
v 0.238584 7.690408 0.097898
v 0.238521 7.690429 0.097931
v 0.238619 7.690391 0.097882
v 0.238660 7.690372 0.097869
v 0.238702 7.690351 0.097860
v 0.238730 7.690338 0.097856
v 0.238752 7.690328 0.097855
v 0.238766 7.690321 0.097855
v 0.239652 7.689897 0.097891
v 0.239622 7.689912 0.097879
v 0.239591 7.689926 0.097869
v 0.239533 7.689954 0.097859
v 0.239488 7.689975 0.097856
v 0.239682 7.689882 0.097905
v 0.239717 7.689859 0.097926
v 0.246980 7.686393 0.097905
v 0.246952 7.686406 0.097920
v 0.246917 7.686417 0.097938
v 0.246898 7.686420 0.097948
v 0.247012 7.686378 0.097892
v 0.247049 7.686360 0.097880
v 0.247088 7.686342 0.097871
v 0.247120 7.686327 0.097867
v 0.247148 7.686313 0.097866
v 0.248011 7.685901 0.097890
v 0.247980 7.685916 0.097880
v 0.247938 7.685936 0.097871
v 0.247899 7.685954 0.097867
v 0.247877 7.685965 0.097867
v 0.248052 7.685881 0.097907
v 0.248089 7.685861 0.097926
v 0.248114 7.685843 0.097942
v 0.249740 7.660186 0.095981
v 0.249904 7.660547 0.095976
v 0.250039 7.660895 0.095983
v 0.250136 7.661206 0.095974
v 0.250336 7.662276 0.095982
v 0.250361 7.662671 0.095898
v 0.250356 7.663031 0.095970
v 0.250230 7.664057 0.095977
v 0.250133 7.664442 0.095976
v 0.249893 7.665112 0.095957
v 0.249786 7.665356 0.095971
v 0.249431 7.665995 0.095967
v 0.249332 7.666146 0.095972
v 0.247647 7.667781 0.095888
v 0.246945 7.668165 0.095960
v 0.245119 7.668675 0.095962
v 0.244721 7.668706 0.095963
v 0.244317 7.668710 0.095965
v 0.243880 7.668682 0.095960
v 0.242278 7.668297 0.095937
v 0.246601 7.657327 0.095989
v 0.248020 7.658116 0.095988
v 0.248639 7.658658 0.095989
v 0.248990 7.659043 0.095978
v 0.249479 7.659719 0.095988
v 0.246567 7.657599 0.095818
v 0.246173 7.657474 0.095823
v 0.246185 7.657352 0.095805
v 0.246199 7.657212 0.095879
v 0.246920 7.657459 0.095989
v 0.247694 7.657895 0.095964
v 0.248303 7.658344 0.095988
v 0.249221 7.659334 0.095900
v 0.249779 7.660684 0.095801
v 0.248633 7.659067 0.095821
v 0.248356 7.658791 0.095825
v 0.247620 7.658188 0.095825
v 0.247246 7.657957 0.095825
v 0.246798 7.657723 0.095826
v 0.248866 7.659353 0.095823
v 0.249372 7.660001 0.095802
v 0.249063 7.659598 0.095818
v 0.249296 7.659980 0.095821
v 0.249474 7.660302 0.095819
v 0.247980 7.658451 0.095822
v 0.248170 7.658542 0.095807
v 0.248747 7.659071 0.095803
v 0.249017 7.659234 0.095834
v 0.247379 7.657942 0.095808
v 0.249377 7.659840 0.095807
v 0.246795 7.657533 0.095826
v 0.249597 7.660153 0.095820
v 0.247578 7.657944 0.095829
v 0.248108 7.658363 0.095815
v 0.248001 7.658146 0.095899
v 0.247280 7.657637 0.095910
v 0.248398 7.658459 0.095920
v 0.246988 7.657527 0.095899
v 0.248583 7.658704 0.095852
v 0.249596 7.659963 0.095915
v 0.248983 7.659070 0.095913
v 0.246201 7.657184 0.095926
v 0.242462 7.663737 0.097546
v 0.239140 7.665361 0.095657
v 0.239056 7.665180 0.095657
v 0.242372 7.663504 0.097547
v 0.238979 7.664996 0.095658
v 0.238909 7.664809 0.095658
v 0.238844 7.664619 0.095659
v 0.238786 7.664428 0.095659
v 0.242327 7.663352 0.097547
v 0.238735 7.664235 0.095660
v 0.242310 7.663280 0.097547
v 0.238690 7.664040 0.095660
v 0.242275 7.663051 0.097548
v 0.238652 7.663844 0.095661
v 0.238620 7.663647 0.095661
v 0.238596 7.663448 0.095662
v 0.238578 7.663249 0.095662
v 0.238566 7.663050 0.095663
v 0.238562 7.662850 0.095663
v 0.242263 7.662820 0.097548
v 0.238564 7.662650 0.095664
v 0.242274 7.662597 0.097549
v 0.238573 7.662450 0.095664
v 0.238589 7.662251 0.095665
v 0.238612 7.662053 0.095665
v 0.242297 7.662432 0.097549
v 0.238641 7.661855 0.095666
v 0.238677 7.661658 0.095666
v 0.238719 7.661463 0.095667
v 0.242343 7.662233 0.097550
v 0.238769 7.661270 0.095667
v 0.238824 7.661077 0.095668
v 0.242421 7.662005 0.097551
v 0.238887 7.660888 0.095668
v 0.238955 7.660700 0.095669
v 0.239030 7.660515 0.095669
v 0.239112 7.660332 0.095670
v 0.242522 7.661786 0.097551
v 0.239199 7.660152 0.095670
v 0.239292 7.659976 0.095671
v 0.239392 7.659802 0.095671
v 0.242654 7.661573 0.097552
v 0.239497 7.659632 0.095672
v 0.239608 7.659466 0.095672
v 0.239724 7.659303 0.095672
v 0.239846 7.659145 0.095673
v 0.239974 7.658991 0.095673
v 0.242807 7.661375 0.097552
v 0.240106 7.658841 0.095674
v 0.240243 7.658696 0.095674
v 0.240386 7.658555 0.095674
v 0.240533 7.658420 0.095675
v 0.242963 7.661216 0.097553
v 0.240684 7.658289 0.095675
v 0.243147 7.661060 0.097553
v 0.240840 7.658164 0.095675
v 0.241000 7.658044 0.095676
v 0.241164 7.657929 0.095676
v 0.241331 7.657820 0.095676
v 0.241503 7.657717 0.095677
v 0.241677 7.657620 0.095677
v 0.243422 7.660887 0.097554
v 0.241855 7.657528 0.095677
v 0.242036 7.657443 0.095677
v 0.243580 7.660809 0.097554
v 0.242220 7.657364 0.095678
v 0.243736 7.660748 0.097554
v 0.242406 7.657291 0.095678
v 0.242595 7.657225 0.095678
v 0.242786 7.657165 0.095678
v 0.243931 7.660689 0.097554
v 0.242978 7.657112 0.095678
v 0.243173 7.657064 0.095678
v 0.243369 7.657024 0.095679
v 0.243566 7.656991 0.095679
v 0.244123 7.660653 0.097554
v 0.243764 7.656963 0.095679
v 0.243963 7.656943 0.095679
v 0.244372 7.660626 0.097554
v 0.244163 7.656929 0.095679
v 0.244363 7.656923 0.095679
v 0.244539 7.660626 0.097554
v 0.244563 7.656923 0.095679
v 0.244763 7.656929 0.095679
v 0.244962 7.656943 0.095679
v 0.245174 7.656965 0.095679
v 0.244742 7.660643 0.097554
v 0.245235 7.656969 0.095677
v 0.245338 7.656968 0.095669
v 0.244889 7.660666 0.097554
v 0.245428 7.656959 0.095657
v 0.245523 7.656940 0.095640
v 0.245589 7.656921 0.095624
v 0.245660 7.656895 0.095604
v 0.245732 7.656862 0.095580
v 0.245807 7.656819 0.095551
v 0.245872 7.656776 0.095522
v 0.244998 7.660691 0.097554
v 0.245907 7.656749 0.095505
v 0.245978 7.656685 0.095465
v 0.246036 7.656624 0.095428
v 0.246085 7.656562 0.095391
v 0.246141 7.656477 0.095343
v 0.245070 7.660710 0.097554
v 0.246178 7.656408 0.095304
v 0.246196 7.656369 0.095282
v 0.246217 7.656318 0.095254
v 0.246225 7.656295 0.095242
v 0.246253 7.656513 0.095345
v 0.246241 7.656244 0.095215
v 0.246259 7.656169 0.095176
v 0.246274 7.656073 0.095127
v 0.246279 7.656012 0.095097
v 0.246217 7.657003 0.095589
v 0.245141 7.660732 0.097554
v 0.245314 7.660798 0.097554
v 0.245564 7.660921 0.097554
v 0.245751 7.661042 0.097553
v 0.245883 7.661144 0.097553
v 0.245966 7.661218 0.097553
v 0.246083 7.661338 0.097553
v 0.246225 7.661510 0.097552
v 0.246349 7.661694 0.097552
v 0.242462 7.663744 0.099902
v 0.242396 7.663581 0.099903
v 0.242327 7.663360 0.099903
v 0.242310 7.663287 0.099903
v 0.242278 7.663076 0.099904
v 0.242262 7.662882 0.099904
v 0.242272 7.662632 0.099905
v 0.242297 7.662438 0.099906
v 0.242333 7.662276 0.099906
v 0.242404 7.662055 0.099907
v 0.242496 7.661842 0.099907
v 0.242558 7.661728 0.099907
v 0.242697 7.661520 0.099908
v 0.242856 7.661326 0.099908
v 0.242976 7.661209 0.099909
v 0.243102 7.661101 0.099909
v 0.243192 7.661035 0.099909
v 0.243284 7.660972 0.099909
v 0.243380 7.660915 0.099910
v 0.243479 7.660863 0.099910
v 0.243580 7.660816 0.099910
v 0.243815 7.660730 0.099910
v 0.244003 7.660680 0.099910
v 0.244205 7.660647 0.099910
v 0.244372 7.660633 0.099910
v 0.244483 7.660631 0.099910
v 0.244613 7.660637 0.099910
v 0.244816 7.660660 0.099910
v 0.244980 7.660694 0.099910
v 0.245202 7.660761 0.099910
v 0.245515 7.660901 0.099910
v 0.245720 7.661027 0.099909
v 0.245854 7.661128 0.099909
v 0.245911 7.661175 0.099909
v 0.245966 7.661225 0.099909
v 0.246045 7.661304 0.099909
v 0.246207 7.661494 0.099908
v 0.246320 7.661654 0.099908
v 0.246415 7.661823 0.099907
v 0.204537 7.679176 0.099860
v 0.208543 7.672188 0.099878
v 0.205337 7.679744 0.099859
v 0.212294 7.677382 0.099865
v 0.207978 7.671721 0.099879
v 0.203755 7.678583 0.099862
v 0.207430 7.671236 0.099881
v 0.202993 7.677964 0.099863
v 0.206898 7.670732 0.099882
v 0.202252 7.677320 0.099865
v 0.206383 7.670212 0.099883
v 0.201533 7.676653 0.099866
v 0.205886 7.669674 0.099884
v 0.200835 7.675963 0.099868
v 0.205407 7.669120 0.099886
v 0.200161 7.675250 0.099870
v 0.199510 7.674516 0.099872
v 0.204946 7.668550 0.099887
v 0.198884 7.673760 0.099874
v 0.204505 7.667966 0.099889
v 0.198283 7.672985 0.099875
v 0.204084 7.667367 0.099890
v 0.197707 7.672190 0.099877
v 0.203682 7.666755 0.099892
v 0.197158 7.671377 0.099879
v 0.203302 7.666129 0.099893
v 0.196636 7.670547 0.099882
v 0.196141 7.669699 0.099884
v 0.202942 7.665491 0.099895
v 0.195675 7.668836 0.099886
v 0.202604 7.664842 0.099897
v 0.195236 7.667959 0.099888
v 0.202288 7.664181 0.099898
v 0.201994 7.663511 0.099900
v 0.194424 7.666104 0.099893
v 0.201722 7.662831 0.099902
v 0.194065 7.665157 0.099895
v 0.193738 7.664198 0.099898
v 0.201473 7.662142 0.099903
v 0.193444 7.663229 0.099900
v 0.201248 7.661446 0.099905
v 0.193183 7.662251 0.099903
v 0.201045 7.660742 0.099907
v 0.192956 7.661264 0.099905
v 0.200866 7.660032 0.099909
v 0.192761 7.660271 0.099908
v 0.200711 7.659317 0.099911
v 0.192601 7.659271 0.099910
v 0.200580 7.658597 0.099912
v 0.192474 7.658267 0.099913
v 0.200473 7.657873 0.099914
v 0.192381 7.657258 0.099915
v 0.200390 7.657145 0.099916
v 0.192322 7.656248 0.099918
v 0.192298 7.655235 0.099920
v 0.200331 7.656415 0.099918
v 0.192308 7.654223 0.099923
v 0.200297 7.655684 0.099920
v 0.192352 7.653211 0.099926
v 0.200287 7.654952 0.099922
v 0.207831 7.646293 0.099944
v 0.206193 7.652041 0.099930
v 0.207857 7.646546 0.099944
v 0.206353 7.651834 0.099930
v 0.206505 7.651622 0.099931
v 0.206651 7.651404 0.099931
v 0.206788 7.651182 0.099932
v 0.206919 7.650956 0.099932
v 0.207042 7.650725 0.099933
v 0.207875 7.646799 0.099943
v 0.207884 7.647052 0.099943
v 0.192430 7.652202 0.099928
v 0.200411 7.649391 0.099936
v 0.192542 7.651196 0.099931
v 0.192689 7.650194 0.099933
v 0.198395 7.648553 0.099938
v 0.192869 7.649197 0.099936
v 0.197981 7.647650 0.099940
v 0.193082 7.648207 0.099939
v 0.193329 7.647225 0.099941
v 0.198776 7.645482 0.099946
v 0.198719 7.645529 0.099946
v 0.198596 7.645641 0.099946
v 0.193609 7.646252 0.099944
v 0.205307 7.641443 0.099957
v 0.205494 7.641615 0.099956
v 0.205674 7.641794 0.099956
v 0.193922 7.645289 0.099946
v 0.206068 7.640164 0.099960
v 0.205582 7.640712 0.099959
v 0.205115 7.641276 0.099957
v 0.194267 7.644337 0.099949
v 0.207631 7.638621 0.099964
v 0.207093 7.639118 0.099963
v 0.206572 7.639633 0.099961
v 0.194644 7.643397 0.099951
v 0.209940 7.636821 0.099969
v 0.209341 7.637242 0.099968
v 0.208756 7.637683 0.099967
v 0.195053 7.642471 0.099953
v 0.229609 7.625949 0.099998
v 0.230588 7.626212 0.099998
v 0.213129 7.635027 0.099974
v 0.213800 7.634733 0.099975
v 0.214480 7.634462 0.099975
v 0.215169 7.634213 0.099976
v 0.215867 7.633987 0.099977
v 0.216571 7.633785 0.099977
v 0.217281 7.633606 0.099978
v 0.217997 7.633451 0.099978
v 0.218718 7.633321 0.099978
v 0.219443 7.633214 0.099979
v 0.220171 7.633131 0.099979
v 0.220902 7.633072 0.099979
v 0.221634 7.633038 0.099979
v 0.222366 7.633028 0.099979
v 0.229099 7.630927 0.099985
v 0.222376 7.633289 0.099979
v 0.222394 7.633550 0.099978
v 0.222421 7.633810 0.099977
v 0.222457 7.634068 0.099977
v 0.229001 7.630981 0.099985
v 0.228623 7.625719 0.099999
v 0.195493 7.641559 0.099956
v 0.227628 7.625522 0.099999
v 0.195963 7.640662 0.099958
v 0.226628 7.625359 0.099999
v 0.196463 7.639781 0.099960
v 0.225623 7.625230 0.100000
v 0.196993 7.638918 0.099963
v 0.224614 7.625135 0.100000
v 0.197552 7.638073 0.099965
v 0.223603 7.625074 0.100000
v 0.198139 7.637248 0.099967
v 0.222590 7.625047 0.100000
v 0.198754 7.636443 0.099969
v 0.221576 7.625054 0.100000
v 0.199395 7.635659 0.099971
v 0.220564 7.625095 0.100000
v 0.200062 7.634897 0.099973
v 0.219553 7.625171 0.099999
v 0.200755 7.634159 0.099975
v 0.218546 7.625281 0.099999
v 0.201473 7.633443 0.099977
v 0.217542 7.625424 0.099999
v 0.202214 7.632753 0.099979
v 0.216545 7.625602 0.099998
v 0.202978 7.632088 0.099981
v 0.215554 7.625813 0.099997
v 0.203765 7.631449 0.099982
v 0.214570 7.626057 0.099997
v 0.204572 7.630837 0.099984
v 0.213595 7.626334 0.099996
v 0.205399 7.630253 0.099985
v 0.212631 7.626644 0.099995
v 0.206246 7.629697 0.099987
v 0.211677 7.626987 0.099994
v 0.207112 7.629169 0.099988
v 0.210735 7.627361 0.099993
v 0.207994 7.628672 0.099990
v 0.209807 7.627767 0.099992
v 0.208893 7.628204 0.099991
v 0.231557 7.626508 0.099997
v 0.230687 7.630754 0.099986
v 0.230524 7.630718 0.099986
v 0.232516 7.626837 0.099996
v 0.231019 7.630874 0.099986
v 0.233463 7.627198 0.099995
v 0.231536 7.631199 0.099985
v 0.234397 7.627591 0.099994
v 0.231761 7.631420 0.099984
v 0.235317 7.628015 0.099993
v 0.232031 7.631796 0.099983
v 0.236222 7.628469 0.099992
v 0.237112 7.628954 0.099991
v 0.232241 7.632310 0.099982
v 0.237985 7.629469 0.099990
v 0.232290 7.632556 0.099981
v 0.238840 7.630013 0.099988
v 0.236055 7.637851 0.099968
v 0.239675 7.630585 0.099987
v 0.236599 7.638301 0.099967
v 0.240492 7.631186 0.099985
v 0.237129 7.638768 0.099966
v 0.241287 7.631813 0.099984
v 0.237643 7.639252 0.099965
v 0.242061 7.632467 0.099982
v 0.238142 7.639752 0.099963
v 0.242812 7.633147 0.099981
v 0.238624 7.640268 0.099962
v 0.243539 7.633852 0.099979
v 0.244243 7.634580 0.099977
v 0.239089 7.640800 0.099961
v 0.244921 7.635332 0.099975
v 0.239538 7.641345 0.099959
v 0.245574 7.636107 0.099973
v 0.239968 7.641905 0.099958
v 0.246200 7.636903 0.099971
v 0.240380 7.642478 0.099957
v 0.246799 7.637720 0.099969
v 0.240774 7.643064 0.099955
v 0.247370 7.638556 0.099967
v 0.241148 7.643663 0.099954
v 0.247912 7.639412 0.099965
v 0.241503 7.644273 0.099952
v 0.248425 7.640285 0.099963
v 0.241839 7.644895 0.099950
v 0.248908 7.641175 0.099960
v 0.242154 7.645526 0.099949
v 0.249361 7.642081 0.099958
v 0.249770 7.642972 0.099956
v 0.242449 7.646168 0.099947
v 0.250150 7.643877 0.099954
v 0.242723 7.646819 0.099946
v 0.250500 7.644794 0.099951
v 0.242976 7.647478 0.099944
v 0.250820 7.645721 0.099949
v 0.243207 7.648145 0.099942
v 0.251109 7.646658 0.099947
v 0.243417 7.648819 0.099941
v 0.251367 7.647604 0.099944
v 0.243606 7.649499 0.099939
v 0.251595 7.648559 0.099942
v 0.243772 7.650186 0.099937
v 0.251790 7.649520 0.099939
v 0.251955 7.650487 0.099937
v 0.243916 7.650877 0.099935
v 0.252087 7.651459 0.099934
v 0.244038 7.651572 0.099934
v 0.252188 7.652434 0.099932
v 0.244138 7.652271 0.099932
v 0.252257 7.653413 0.099929
v 0.244215 7.652972 0.099930
v 0.252293 7.654393 0.099927
v 0.244269 7.653676 0.099928
v 0.252298 7.655374 0.099924
v 0.244301 7.654381 0.099926
v 0.252270 7.656354 0.099922
v 0.244310 7.655087 0.099925
v 0.252210 7.657333 0.099919
v 0.246519 7.662051 0.099907
v 0.246593 7.662291 0.099906
v 0.246634 7.662481 0.099906
v 0.246653 7.662646 0.099905
v 0.246660 7.662869 0.099905
v 0.246645 7.663091 0.099904
v 0.246607 7.663311 0.099904
v 0.246548 7.663525 0.099903
v 0.250205 7.683214 0.099853
v 0.246475 7.663715 0.099903
v 0.246410 7.663849 0.099902
v 0.246327 7.663994 0.099902
v 0.246233 7.664133 0.099902
v 0.246188 7.664192 0.099901
v 0.246117 7.664277 0.099901
v 0.246002 7.664398 0.099901
v 0.245850 7.664535 0.099900
v 0.245762 7.664603 0.099900
v 0.245623 7.664695 0.099900
v 0.245511 7.664762 0.099900
v 0.245445 7.664796 0.099900
v 0.239483 7.668763 0.099889
v 0.239285 7.668592 0.099890
v 0.250157 7.683718 0.099852
v 0.235842 7.672357 0.099880
v 0.236412 7.671896 0.099881
v 0.236966 7.671418 0.099882
v 0.250093 7.684220 0.099850
v 0.250011 7.684720 0.099849
v 0.249913 7.685217 0.099848
v 0.249797 7.685710 0.099847
v 0.235257 7.672797 0.099879
v 0.249666 7.686199 0.099845
v 0.249518 7.686683 0.099844
v 0.249353 7.687161 0.099843
v 0.249172 7.687634 0.099842
v 0.248976 7.688101 0.099840
v 0.234657 7.673218 0.099877
v 0.248764 7.688561 0.099839
v 0.248536 7.689013 0.099838
v 0.248294 7.689458 0.099837
v 0.248036 7.689894 0.099836
v 0.247764 7.690320 0.099835
v 0.234044 7.673619 0.099876
v 0.247477 7.690738 0.099833
v 0.247177 7.691146 0.099832
v 0.246863 7.691543 0.099831
v 0.246536 7.691930 0.099830
v 0.233418 7.673999 0.099875
v 0.246195 7.692305 0.099829
v 0.245843 7.692668 0.099828
v 0.245478 7.693020 0.099827
v 0.245102 7.693359 0.099827
v 0.232779 7.674359 0.099874
v 0.244714 7.693685 0.099826
v 0.244316 7.693997 0.099825
v 0.243907 7.694297 0.099824
v 0.243488 7.694582 0.099823
v 0.232129 7.674696 0.099873
v 0.243060 7.694853 0.099823
v 0.242623 7.695109 0.099822
v 0.242178 7.695350 0.099821
v 0.241724 7.695577 0.099821
v 0.231468 7.675013 0.099873
v 0.241264 7.695787 0.099820
v 0.240796 7.695982 0.099820
v 0.240322 7.696162 0.099819
v 0.239842 7.696325 0.099819
v 0.239358 7.696472 0.099818
v 0.238868 7.696602 0.099818
v 0.238374 7.696716 0.099818
v 0.237877 7.696813 0.099817
v 0.237377 7.696893 0.099817
v 0.236874 7.696957 0.099817
v 0.236369 7.697003 0.099817
v 0.235863 7.697032 0.099817
v 0.235357 7.697044 0.099816
v 0.234850 7.697040 0.099816
v 0.234344 7.697018 0.099816
v 0.233839 7.696979 0.099817
v 0.233335 7.696922 0.099817
v 0.232834 7.696849 0.099817
v 0.232335 7.696759 0.099817
v 0.231840 7.696652 0.099817
v 0.231348 7.696529 0.099818
v 0.230861 7.696389 0.099818
v 0.230379 7.696233 0.099818
v 0.229903 7.696061 0.099819
v 0.229433 7.695872 0.099819
v 0.228969 7.695668 0.099820
v 0.228513 7.695448 0.099820
v 0.228064 7.695213 0.099821
v 0.227623 7.694963 0.099821
v 0.227191 7.694699 0.099822
v 0.226768 7.694420 0.099823
v 0.230797 7.675306 0.099872
v 0.230117 7.675578 0.099871
v 0.229428 7.675827 0.099870
v 0.228731 7.676052 0.099870
v 0.228026 7.676254 0.099869
v 0.227316 7.676433 0.099869
v 0.226600 7.676588 0.099868
v 0.225879 7.676719 0.099868
v 0.225154 7.676826 0.099868
v 0.224426 7.676909 0.099867
v 0.223696 7.676967 0.099867
v 0.222964 7.677001 0.099867
v 0.222231 7.677011 0.099867
v 0.215498 7.679112 0.099861
v 0.222222 7.676757 0.099867
v 0.222204 7.676504 0.099868
v 0.222179 7.676251 0.099869
v 0.222144 7.675999 0.099869
v 0.215596 7.679059 0.099861
v 0.213892 7.679279 0.099860
v 0.214018 7.679312 0.099860
v 0.212468 7.635343 0.099973
v 0.211818 7.635681 0.099972
v 0.211179 7.636040 0.099971
v 0.210553 7.636420 0.099970
v 0.208186 7.638143 0.099965
v 0.205849 7.641979 0.099955
v 0.199087 7.645278 0.099946
v 0.206018 7.642169 0.099955
v 0.201909 7.645912 0.099945
v 0.206181 7.642365 0.099954
v 0.206337 7.642565 0.099954
v 0.206486 7.642771 0.099953
v 0.206628 7.642982 0.099953
v 0.206764 7.643197 0.099952
v 0.202060 7.646146 0.099944
v 0.206892 7.643416 0.099952
v 0.207013 7.643640 0.099951
v 0.202143 7.646312 0.099944
v 0.207127 7.643867 0.099951
v 0.207232 7.644098 0.099950
v 0.207331 7.644332 0.099949
v 0.207421 7.644569 0.099949
v 0.207504 7.644809 0.099948
v 0.207579 7.645051 0.099948
v 0.202206 7.646467 0.099944
v 0.207645 7.645297 0.099947
v 0.207704 7.645543 0.099946
v 0.207755 7.645792 0.099946
v 0.207797 7.646042 0.099945
v 0.201052 7.649209 0.099937
v 0.201119 7.649177 0.099937
v 0.201185 7.649142 0.099937
v 0.207885 7.647306 0.099942
v 0.207878 7.647560 0.099941
v 0.207862 7.647813 0.099941
v 0.207838 7.648066 0.099940
v 0.207806 7.648317 0.099939
v 0.207766 7.648568 0.099939
v 0.207717 7.648817 0.099938
v 0.207661 7.649064 0.099937
v 0.207596 7.649309 0.099937
v 0.208326 7.649567 0.099936
v 0.207263 7.650251 0.099934
v 0.207156 7.650490 0.099934
v 0.208516 7.649103 0.099937
v 0.226813 7.640728 0.099960
v 0.217428 7.645277 0.099948
v 0.217101 7.645447 0.099947
v 0.208722 7.648646 0.099939
v 0.208943 7.648197 0.099940
v 0.209178 7.647754 0.099941
v 0.209429 7.647320 0.099942
v 0.209693 7.646895 0.099943
v 0.209972 7.646479 0.099944
v 0.210265 7.646072 0.099945
v 0.210571 7.645675 0.099946
v 0.210890 7.645288 0.099947
v 0.211222 7.644913 0.099948
v 0.211566 7.644549 0.099949
v 0.211922 7.644197 0.099950
v 0.212290 7.643856 0.099951
v 0.212669 7.643528 0.099952
v 0.213059 7.643213 0.099953
v 0.213459 7.642911 0.099954
v 0.213869 7.642623 0.099954
v 0.214288 7.642348 0.099955
v 0.214717 7.642088 0.099956
v 0.215153 7.641842 0.099956
v 0.215598 7.641611 0.099957
v 0.216050 7.641395 0.099958
v 0.216510 7.641193 0.099958
v 0.216975 7.641008 0.099959
v 0.217447 7.640838 0.099959
v 0.217924 7.640684 0.099960
v 0.218406 7.640546 0.099960
v 0.218892 7.640424 0.099960
v 0.219382 7.640318 0.099961
v 0.219876 7.640229 0.099961
v 0.220372 7.640157 0.099961
v 0.220870 7.640100 0.099961
v 0.221370 7.640061 0.099961
v 0.221871 7.640038 0.099961
v 0.222372 7.640033 0.099962
v 0.222873 7.640044 0.099962
v 0.223374 7.640071 0.099962
v 0.223873 7.640115 0.099961
v 0.224371 7.640176 0.099961
v 0.224866 7.640254 0.099961
v 0.225359 7.640348 0.099961
v 0.225848 7.640458 0.099961
v 0.226333 7.640585 0.099960
v 0.227071 7.639998 0.099962
v 0.228014 7.640330 0.099961
v 0.218786 7.644710 0.099949
v 0.218439 7.644835 0.099949
v 0.231098 7.634843 0.099975
v 0.226832 7.639891 0.099962
v 0.226597 7.639776 0.099962
v 0.226366 7.639654 0.099963
v 0.226139 7.639524 0.099963
v 0.225917 7.639386 0.099963
v 0.225700 7.639240 0.099964
v 0.225487 7.639088 0.099964
v 0.225280 7.638928 0.099965
v 0.225078 7.638762 0.099965
v 0.224882 7.638589 0.099965
v 0.224692 7.638409 0.099966
v 0.224509 7.638223 0.099966
v 0.230997 7.634890 0.099975
v 0.230894 7.634933 0.099975
v 0.230789 7.634969 0.099975
v 0.230682 7.635001 0.099975
v 0.230610 7.635018 0.099975
v 0.230445 7.635049 0.099975
v 0.230316 7.635066 0.099975
v 0.230149 7.635074 0.099975
v 0.230019 7.635073 0.099975
v 0.229853 7.635058 0.099975
v 0.229724 7.635040 0.099975
v 0.229615 7.635017 0.099975
v 0.229454 7.634973 0.099975
v 0.229296 7.634917 0.099975
v 0.229178 7.634864 0.099975
v 0.228934 7.634729 0.099976
v 0.228738 7.634589 0.099976
v 0.228584 7.634455 0.099976
v 0.228416 7.634270 0.099977
v 0.224331 7.638031 0.099967
v 0.224160 7.637833 0.099967
v 0.223996 7.637630 0.099968
v 0.228267 7.634068 0.099977
v 0.223839 7.637421 0.099968
v 0.223689 7.637206 0.099969
v 0.223547 7.636987 0.099969
v 0.228181 7.633924 0.099978
v 0.223412 7.636764 0.099970
v 0.223284 7.636535 0.099971
v 0.223165 7.636302 0.099971
v 0.223053 7.636066 0.099972
v 0.222949 7.635827 0.099972
v 0.222854 7.635583 0.099973
v 0.228093 7.633740 0.099978
v 0.222766 7.635337 0.099974
v 0.222687 7.635087 0.099974
v 0.222617 7.634836 0.099975
v 0.222555 7.634582 0.099976
v 0.222502 7.634326 0.099976
v 0.208714 7.671991 0.099879
v 0.214517 7.669420 0.099886
v 0.213499 7.675196 0.099871
v 0.213433 7.675231 0.099871
v 0.208892 7.671799 0.099879
v 0.209076 7.671614 0.099880
v 0.209267 7.671435 0.099880
v 0.209463 7.671262 0.099881
v 0.209666 7.671096 0.099881
v 0.209873 7.670938 0.099882
v 0.210086 7.670785 0.099882
v 0.210304 7.670641 0.099882
v 0.210527 7.670504 0.099883
v 0.210754 7.670374 0.099883
v 0.210985 7.670252 0.099883
v 0.211221 7.670138 0.099884
v 0.211460 7.670033 0.099884
v 0.211702 7.669935 0.099884
v 0.211948 7.669845 0.099884
v 0.212197 7.669764 0.099885
v 0.212448 7.669691 0.099885
v 0.212702 7.669627 0.099885
v 0.212957 7.669571 0.099885
v 0.213214 7.669524 0.099885
v 0.213473 7.669486 0.099885
v 0.213733 7.669456 0.099886
v 0.213994 7.669435 0.099886
v 0.214255 7.669423 0.099886
v 0.214778 7.669425 0.099886
v 0.215039 7.669439 0.099886
v 0.215300 7.669463 0.099886
v 0.215560 7.669495 0.099886
v 0.215818 7.669535 0.099886
v 0.216075 7.669585 0.099885
v 0.216330 7.669643 0.099885
v 0.216583 7.669709 0.099885
v 0.217526 7.670042 0.099884
v 0.217784 7.669312 0.099886
v 0.225811 7.665329 0.099897
v 0.226158 7.665205 0.099897
v 0.216841 7.668980 0.099887
v 0.222009 7.665905 0.099895
v 0.222561 7.665907 0.099895
v 0.216377 7.668789 0.099887
v 0.217903 7.664986 0.099897
v 0.217404 7.664749 0.099898
v 0.215919 7.668584 0.099888
v 0.216916 7.664490 0.099899
v 0.215469 7.668364 0.099889
v 0.216599 7.664303 0.099899
v 0.215027 7.668128 0.099889
v 0.216289 7.664105 0.099899
v 0.214592 7.667878 0.099890
v 0.214167 7.667614 0.099890
v 0.215837 7.663789 0.099900
v 0.213750 7.667335 0.099891
v 0.215400 7.663452 0.099901
v 0.213343 7.667043 0.099892
v 0.212946 7.666737 0.099892
v 0.214982 7.663090 0.099902
v 0.212559 7.666418 0.099893
v 0.214581 7.662711 0.099903
v 0.212183 7.666087 0.099894
v 0.211818 7.665742 0.099895
v 0.214202 7.662310 0.099904
v 0.211466 7.665387 0.099896
v 0.211125 7.665019 0.099897
v 0.213842 7.661891 0.099905
v 0.210797 7.664640 0.099898
v 0.210481 7.664251 0.099899
v 0.213506 7.661454 0.099906
v 0.210179 7.663851 0.099900
v 0.213189 7.661001 0.099907
v 0.209891 7.663442 0.099901
v 0.212992 7.660691 0.099908
v 0.209616 7.663023 0.099902
v 0.212806 7.660373 0.099909
v 0.209355 7.662595 0.099903
v 0.209109 7.662158 0.099904
v 0.212630 7.660050 0.099910
v 0.208878 7.661714 0.099905
v 0.212466 7.659721 0.099910
v 0.208661 7.661263 0.099906
v 0.208460 7.660803 0.099907
v 0.212242 7.659217 0.099912
v 0.208274 7.660338 0.099909
v 0.208104 7.659867 0.099910
v 0.212040 7.658703 0.099913
v 0.207950 7.659390 0.099911
v 0.211922 7.658355 0.099914
v 0.207812 7.658909 0.099912
v 0.207690 7.658423 0.099913
v 0.211767 7.657825 0.099915
v 0.207584 7.657933 0.099915
v 0.211637 7.657289 0.099917
v 0.207495 7.657440 0.099916
v 0.211567 7.656928 0.099918
v 0.207422 7.656945 0.099917
v 0.207366 7.656447 0.099918
v 0.207327 7.655948 0.099920
v 0.211485 7.656382 0.099919
v 0.207304 7.655447 0.099921
v 0.211429 7.655833 0.099920
v 0.207298 7.654946 0.099922
v 0.207309 7.654446 0.099924
v 0.211403 7.655282 0.099922
v 0.207337 7.653945 0.099925
v 0.211402 7.654730 0.099923
v 0.207381 7.653446 0.099926
v 0.211418 7.654363 0.099924
v 0.207442 7.652949 0.099927
v 0.211446 7.653996 0.099925
v 0.207519 7.652454 0.099929
v 0.207613 7.651962 0.099930
v 0.211514 7.653448 0.099926
v 0.207724 7.651474 0.099931
v 0.211606 7.652904 0.099928
v 0.207851 7.650989 0.099932
v 0.207993 7.650509 0.099934
v 0.211728 7.652366 0.099929
v 0.211875 7.651834 0.099931
v 0.212051 7.651311 0.099932
v 0.212251 7.650797 0.099933
v 0.212399 7.650460 0.099934
v 0.212559 7.650129 0.099935
v 0.212821 7.649643 0.099936
v 0.213104 7.649169 0.099937
v 0.213414 7.648713 0.099939
v 0.213744 7.648270 0.099940
v 0.214098 7.647847 0.099941
v 0.214471 7.647440 0.099942
v 0.214867 7.647055 0.099943
v 0.215279 7.646688 0.099944
v 0.215565 7.646456 0.099945
v 0.215858 7.646234 0.099945
v 0.216159 7.646021 0.099946
v 0.216466 7.645819 0.099946
v 0.216781 7.645627 0.099947
v 0.206026 7.652242 0.099929
v 0.205853 7.652438 0.099929
v 0.205673 7.652628 0.099928
v 0.205487 7.652812 0.099928
v 0.205295 7.652989 0.099927
v 0.205096 7.653160 0.099927
v 0.204893 7.653323 0.099926
v 0.204683 7.653480 0.099926
v 0.204469 7.653630 0.099925
v 0.204250 7.653772 0.099925
v 0.204026 7.653907 0.099925
v 0.203797 7.654035 0.099924
v 0.203565 7.654154 0.099924
v 0.203328 7.654266 0.099924
v 0.203088 7.654370 0.099923
v 0.202845 7.654465 0.099923
v 0.202598 7.654552 0.099923
v 0.202349 7.654631 0.099923
v 0.202097 7.654702 0.099923
v 0.201842 7.654764 0.099922
v 0.201586 7.654817 0.099922
v 0.201329 7.654861 0.099922
v 0.201069 7.654897 0.099922
v 0.200809 7.654924 0.099922
v 0.200548 7.654943 0.099922
v 0.237504 7.670921 0.099884
v 0.238025 7.670407 0.099885
v 0.238529 7.669875 0.099886
v 0.239015 7.669327 0.099888
v 0.239093 7.668414 0.099890
v 0.238908 7.668230 0.099891
v 0.238728 7.668040 0.099891
v 0.238556 7.667843 0.099891
v 0.238390 7.667642 0.099892
v 0.242671 7.664104 0.099901
v 0.238231 7.667434 0.099892
v 0.238079 7.667221 0.099893
v 0.242546 7.663910 0.099902
v 0.237934 7.667004 0.099894
v 0.237797 7.666781 0.099894
v 0.242510 7.663845 0.099902
v 0.237667 7.666554 0.099895
v 0.237545 7.666323 0.099895
v 0.237431 7.666088 0.099896
v 0.237325 7.665849 0.099896
v 0.237227 7.665606 0.099897
v 0.237137 7.665361 0.099898
v 0.237056 7.665112 0.099898
v 0.236983 7.664862 0.099899
v 0.236919 7.664608 0.099900
v 0.236863 7.664353 0.099900
v 0.236816 7.664096 0.099901
v 0.236777 7.663837 0.099902
v 0.236748 7.663578 0.099902
v 0.236727 7.663317 0.099903
v 0.236715 7.663056 0.099904
v 0.236711 7.662795 0.099904
v 0.236717 7.662533 0.099905
v 0.236731 7.662272 0.099906
v 0.236755 7.662012 0.099906
v 0.236787 7.661753 0.099907
v 0.236827 7.661494 0.099908
v 0.236877 7.661238 0.099908
v 0.236935 7.660983 0.099909
v 0.237001 7.660730 0.099910
v 0.237334 7.659788 0.099912
v 0.237441 7.659549 0.099913
v 0.236271 7.660473 0.099910
v 0.228131 7.664220 0.099900
v 0.228439 7.664018 0.099901
v 0.236081 7.660936 0.099909
v 0.227169 7.664762 0.099899
v 0.227496 7.664593 0.099899
v 0.235875 7.661393 0.099908
v 0.235654 7.661843 0.099907
v 0.235419 7.662285 0.099905
v 0.235168 7.662719 0.099904
v 0.234904 7.663145 0.099903
v 0.234625 7.663561 0.099902
v 0.234332 7.663968 0.099901
v 0.234026 7.664364 0.099900
v 0.233707 7.664751 0.099899
v 0.233375 7.665126 0.099898
v 0.233031 7.665491 0.099897
v 0.232675 7.665843 0.099896
v 0.232307 7.666183 0.099895
v 0.231928 7.666511 0.099894
v 0.231538 7.666826 0.099894
v 0.231138 7.667128 0.099893
v 0.230728 7.667417 0.099892
v 0.230309 7.667691 0.099891
v 0.229881 7.667952 0.099891
v 0.229444 7.668198 0.099890
v 0.228999 7.668429 0.099889
v 0.228547 7.668645 0.099889
v 0.228088 7.668846 0.099888
v 0.227622 7.669032 0.099888
v 0.227150 7.669201 0.099887
v 0.226673 7.669355 0.099887
v 0.226191 7.669494 0.099886
v 0.225705 7.669615 0.099886
v 0.225215 7.669721 0.099886
v 0.224721 7.669810 0.099885
v 0.224225 7.669883 0.099885
v 0.223727 7.669939 0.099885
v 0.223227 7.669978 0.099885
v 0.222726 7.670001 0.099885
v 0.222225 7.670007 0.099885
v 0.221724 7.669996 0.099885
v 0.221223 7.669968 0.099885
v 0.220724 7.669924 0.099885
v 0.220226 7.669863 0.099885
v 0.219731 7.669785 0.099885
v 0.219238 7.669692 0.099885
v 0.218749 7.669581 0.099886
v 0.218264 7.669455 0.099886
v 0.217758 7.670145 0.099884
v 0.217986 7.670256 0.099884
v 0.218211 7.670374 0.099884
v 0.218431 7.670500 0.099883
v 0.218648 7.670633 0.099883
v 0.218860 7.670773 0.099883
v 0.219067 7.670919 0.099882
v 0.219269 7.671073 0.099882
v 0.219466 7.671233 0.099881
v 0.219658 7.671399 0.099881
v 0.219844 7.671572 0.099881
v 0.220025 7.671750 0.099880
v 0.220199 7.671935 0.099880
v 0.213566 7.675164 0.099871
v 0.213669 7.675121 0.099871
v 0.213808 7.675071 0.099871
v 0.213951 7.675030 0.099871
v 0.214097 7.674999 0.099871
v 0.214262 7.674976 0.099871
v 0.214429 7.674965 0.099872
v 0.214541 7.674966 0.099872
v 0.214652 7.674971 0.099872
v 0.214781 7.674986 0.099872
v 0.215009 7.675030 0.099871
v 0.215231 7.675096 0.099871
v 0.215377 7.675157 0.099871
v 0.215600 7.675270 0.099871
v 0.215695 7.675329 0.099871
v 0.215830 7.675427 0.099870
v 0.215959 7.675534 0.099870
v 0.216103 7.675678 0.099870
v 0.216212 7.675805 0.099870
v 0.216279 7.675894 0.099869
v 0.216321 7.675956 0.099869
v 0.220367 7.672124 0.099879
v 0.220529 7.672320 0.099879
v 0.220685 7.672520 0.099878
v 0.220834 7.672726 0.099878
v 0.220976 7.672936 0.099877
v 0.221111 7.673151 0.099877
v 0.221239 7.673370 0.099876
v 0.221360 7.673594 0.099876
v 0.216436 7.676157 0.099869
v 0.221473 7.673820 0.099875
v 0.221579 7.674051 0.099874
v 0.221678 7.674286 0.099874
v 0.221768 7.674523 0.099873
v 0.221851 7.674764 0.099873
v 0.221926 7.675007 0.099872
v 0.216532 7.676368 0.099868
v 0.221993 7.675252 0.099871
v 0.222051 7.675499 0.099871
v 0.222102 7.675748 0.099870
v 0.216587 7.676525 0.099868
v 0.216617 7.676632 0.099867
v 0.216644 7.676760 0.099867
v 0.216674 7.676990 0.099867
v 0.216680 7.677258 0.099866
v 0.216653 7.677507 0.099865
v 0.216616 7.677698 0.099865
v 0.216586 7.677806 0.099864
v 0.216550 7.677911 0.099864
v 0.216487 7.678066 0.099864
v 0.216395 7.678248 0.099863
v 0.216317 7.678375 0.099863
v 0.216219 7.678510 0.099863
v 0.216074 7.678679 0.099862
v 0.215955 7.678796 0.099862
v 0.215870 7.678868 0.099862
v 0.215782 7.678936 0.099861
v 0.215690 7.678999 0.099861
v 0.235883 7.638049 0.099968
v 0.235705 7.638240 0.099967
v 0.235521 7.638425 0.099967
v 0.235330 7.638605 0.099966
v 0.235134 7.638777 0.099966
v 0.234932 7.638943 0.099965
v 0.234724 7.639102 0.099965
v 0.234511 7.639254 0.099964
v 0.234293 7.639399 0.099964
v 0.234070 7.639535 0.099964
v 0.233843 7.639665 0.099963
v 0.233612 7.639787 0.099963
v 0.233376 7.639901 0.099963
v 0.233137 7.640007 0.099962
v 0.232895 7.640105 0.099962
v 0.232649 7.640194 0.099962
v 0.232400 7.640275 0.099962
v 0.232149 7.640348 0.099961
v 0.231896 7.640413 0.099961
v 0.231640 7.640469 0.099961
v 0.231383 7.640516 0.099961
v 0.231124 7.640554 0.099961
v 0.230864 7.640584 0.099961
v 0.230603 7.640604 0.099961
v 0.230342 7.640616 0.099961
v 0.230080 7.640620 0.099961
v 0.229819 7.640615 0.099961
v 0.229558 7.640600 0.099961
v 0.229297 7.640577 0.099961
v 0.229038 7.640545 0.099961
v 0.228779 7.640504 0.099961
v 0.228522 7.640455 0.099961
v 0.228267 7.640397 0.099961
v 0.227757 7.641060 0.099959
v 0.222404 7.644130 0.099951
v 0.228210 7.641245 0.099959
v 0.227029 7.645208 0.099949
v 0.226694 7.645054 0.099949
v 0.227358 7.645373 0.099948
v 0.228658 7.641446 0.099958
v 0.229099 7.641661 0.099958
v 0.227839 7.645643 0.099948
v 0.229532 7.641890 0.099957
v 0.228308 7.645934 0.099947
v 0.229958 7.642134 0.099957
v 0.230376 7.642391 0.099956
v 0.228760 7.646251 0.099946
v 0.230785 7.642661 0.099955
v 0.229198 7.646588 0.099945
v 0.231184 7.642945 0.099955
v 0.231575 7.643242 0.099954
v 0.229615 7.646949 0.099944
v 0.231955 7.643551 0.099953
v 0.230016 7.647328 0.099943
v 0.232325 7.643872 0.099952
v 0.232685 7.644206 0.099952
v 0.233033 7.644551 0.099951
v 0.230395 7.647730 0.099942
v 0.233370 7.644907 0.099950
v 0.230755 7.648148 0.099941
v 0.233695 7.645274 0.099949
v 0.230983 7.648438 0.099941
v 0.234008 7.645652 0.099948
v 0.234308 7.646039 0.099947
v 0.231304 7.648886 0.099940
v 0.234595 7.646436 0.099946
v 0.234870 7.646842 0.099945
v 0.231605 7.649349 0.099938
v 0.235130 7.647257 0.099944
v 0.235378 7.647681 0.099943
v 0.231879 7.649828 0.099937
v 0.235611 7.648112 0.099942
v 0.232131 7.650319 0.099936
v 0.235830 7.648551 0.099941
v 0.236034 7.648996 0.099940
v 0.232284 7.650653 0.099935
v 0.236224 7.649447 0.099938
v 0.236399 7.649905 0.099937
v 0.232492 7.651165 0.099934
v 0.236559 7.650369 0.099936
v 0.232675 7.651685 0.099932
v 0.236703 7.650837 0.099935
v 0.236832 7.651309 0.099934
v 0.232782 7.652037 0.099932
v 0.236946 7.651786 0.099932
v 0.237044 7.652267 0.099931
v 0.232918 7.652572 0.099930
v 0.237126 7.652750 0.099930
v 0.233030 7.653112 0.099929
v 0.237193 7.653235 0.099929
v 0.237243 7.653723 0.099928
v 0.233112 7.653658 0.099927
v 0.237277 7.654212 0.099926
v 0.237296 7.654701 0.099925
v 0.233169 7.654206 0.099926
v 0.237298 7.655191 0.099924
v 0.233190 7.654573 0.099925
v 0.237285 7.655681 0.099923
v 0.237255 7.656170 0.099921
v 0.233197 7.655126 0.099924
v 0.237209 7.656658 0.099920
v 0.233179 7.655677 0.099922
v 0.237148 7.657144 0.099919
v 0.233151 7.656044 0.099921
v 0.237070 7.657628 0.099918
v 0.236977 7.658109 0.099916
v 0.233083 7.656591 0.099920
v 0.236868 7.658587 0.099915
v 0.232991 7.657135 0.099918
v 0.236744 7.659061 0.099914
v 0.232914 7.657495 0.099918
v 0.236604 7.659531 0.099913
v 0.232824 7.657852 0.099917
v 0.232666 7.658380 0.099915
v 0.232483 7.658901 0.099914
v 0.232272 7.659411 0.099913
v 0.232038 7.659911 0.099911
v 0.231776 7.660397 0.099910
v 0.231493 7.660870 0.099909
v 0.231183 7.661326 0.099908
v 0.230853 7.661769 0.099906
v 0.230620 7.662054 0.099906
v 0.230252 7.662465 0.099905
v 0.229865 7.662859 0.099904
v 0.229596 7.663110 0.099903
v 0.229318 7.663352 0.099902
v 0.229033 7.663584 0.099902
v 0.228739 7.663806 0.099901
v 0.237556 7.659315 0.099913
v 0.237678 7.659084 0.099914
v 0.237809 7.658857 0.099914
v 0.237947 7.658635 0.099915
v 0.238092 7.658418 0.099916
v 0.238245 7.658206 0.099916
v 0.238404 7.657999 0.099917
v 0.238571 7.657797 0.099917
v 0.238744 7.657601 0.099918
v 0.238924 7.657412 0.099918
v 0.239110 7.657228 0.099919
v 0.239303 7.657051 0.099919
v 0.239501 7.656880 0.099920
v 0.239704 7.656716 0.099920
v 0.239914 7.656559 0.099920
v 0.240128 7.656409 0.099921
v 0.240347 7.656267 0.099921
v 0.240571 7.656132 0.099922
v 0.240800 7.656004 0.099922
v 0.241032 7.655885 0.099922
v 0.241269 7.655773 0.099923
v 0.241509 7.655670 0.099923
v 0.241753 7.655574 0.099923
v 0.241999 7.655487 0.099923
v 0.242249 7.655408 0.099924
v 0.242501 7.655338 0.099924
v 0.242755 7.655276 0.099924
v 0.243011 7.655223 0.099924
v 0.243269 7.655178 0.099924
v 0.243528 7.655142 0.099924
v 0.243788 7.655115 0.099924
v 0.244049 7.655097 0.099924
v 0.226183 7.644846 0.099949
v 0.225663 7.644660 0.099950
v 0.225133 7.644506 0.099950
v 0.224596 7.644374 0.099951
v 0.224053 7.644273 0.099951
v 0.223507 7.644196 0.099951
v 0.222956 7.644151 0.099951
v 0.221852 7.644140 0.099951
v 0.221301 7.644175 0.099951
v 0.220753 7.644240 0.099951
v 0.220208 7.644331 0.099950
v 0.219848 7.644408 0.099950
v 0.219491 7.644496 0.099950
v 0.219136 7.644598 0.099950
v 0.218097 7.644970 0.099949
v 0.217760 7.645118 0.099948
v 0.218414 7.665194 0.099897
v 0.218935 7.665379 0.099896
v 0.219464 7.665534 0.099896
v 0.220001 7.665666 0.099896
v 0.220544 7.665767 0.099896
v 0.221091 7.665843 0.099895
v 0.221457 7.665878 0.099895
v 0.223113 7.665878 0.099895
v 0.223662 7.665825 0.099896
v 0.224027 7.665773 0.099896
v 0.224389 7.665708 0.099896
v 0.224749 7.665632 0.099896
v 0.225107 7.665543 0.099896
v 0.225461 7.665442 0.099897
v 0.226500 7.665069 0.099898
v 0.226837 7.664921 0.099898
v 0.227817 7.664412 0.099899
v 0.231299 7.634727 0.099976
v 0.231538 7.634551 0.099976
v 0.231700 7.634398 0.099977
v 0.231864 7.634209 0.099977
v 0.231974 7.634048 0.099978
v 0.232097 7.633830 0.099978
v 0.232163 7.633677 0.099979
v 0.232234 7.633466 0.099979
v 0.232273 7.633304 0.099979
v 0.232299 7.633139 0.099980
v 0.232313 7.632972 0.099980
v 0.232313 7.632805 0.099981
v 0.232180 7.632125 0.099982
v 0.232083 7.631895 0.099983
v 0.231947 7.631663 0.099984
v 0.231646 7.631299 0.099985
v 0.231374 7.631075 0.099985
v 0.231185 7.630957 0.099985
v 0.230864 7.630810 0.099986
v 0.230794 7.630786 0.099986
v 0.230359 7.630692 0.099986
v 0.230229 7.630682 0.099986
v 0.229951 7.630686 0.099986
v 0.229712 7.630717 0.099986
v 0.229495 7.630769 0.099986
v 0.229302 7.630835 0.099986
v 0.229199 7.630878 0.099985
v 0.228938 7.631020 0.099985
v 0.228845 7.631082 0.099985
v 0.228713 7.631184 0.099985
v 0.228588 7.631294 0.099984
v 0.228473 7.631415 0.099984
v 0.228333 7.631589 0.099984
v 0.228240 7.631727 0.099983
v 0.228184 7.631824 0.099983
v 0.228110 7.631974 0.099983
v 0.228029 7.632181 0.099982
v 0.227969 7.632395 0.099981
v 0.227932 7.632615 0.099981
v 0.227917 7.632781 0.099981
v 0.227916 7.632930 0.099980
v 0.227921 7.633041 0.099980
v 0.227941 7.633206 0.099979
v 0.228009 7.633505 0.099979
v 0.198168 7.648192 0.099939
v 0.198248 7.648338 0.099939
v 0.198553 7.648735 0.099938
v 0.198758 7.648923 0.099937
v 0.198939 7.649054 0.099937
v 0.199131 7.649165 0.099937
v 0.199248 7.649222 0.099936
v 0.199369 7.649270 0.099936
v 0.199528 7.649323 0.099936
v 0.199636 7.649350 0.099936
v 0.199781 7.649380 0.099936
v 0.199929 7.649398 0.099936
v 0.200040 7.649406 0.099936
v 0.200114 7.649408 0.099936
v 0.200281 7.649403 0.099936
v 0.200521 7.649374 0.099936
v 0.200630 7.649352 0.099936
v 0.200738 7.649324 0.099936
v 0.200879 7.649279 0.099936
v 0.200983 7.649239 0.099936
v 0.201281 7.649087 0.099937
v 0.201375 7.649026 0.099937
v 0.201465 7.648961 0.099937
v 0.201552 7.648892 0.099937
v 0.201649 7.648805 0.099938
v 0.201766 7.648686 0.099938
v 0.201873 7.648557 0.099938
v 0.201971 7.648422 0.099939
v 0.202030 7.648328 0.099939
v 0.202136 7.648121 0.099939
v 0.202222 7.647906 0.099940
v 0.202281 7.647692 0.099941
v 0.202312 7.647527 0.099941
v 0.202326 7.647417 0.099941
v 0.202332 7.647343 0.099941
v 0.202335 7.647232 0.099942
v 0.202330 7.647065 0.099942
v 0.202298 7.646816 0.099943
v 0.202241 7.646573 0.099943
v 0.201757 7.645725 0.099946
v 0.201640 7.645606 0.099946
v 0.201585 7.645556 0.099946
v 0.201499 7.645485 0.099946
v 0.201293 7.645343 0.099946
v 0.201107 7.645239 0.099947
v 0.200902 7.645151 0.099947
v 0.200708 7.645088 0.099947
v 0.200508 7.645045 0.099947
v 0.200342 7.645022 0.099947
v 0.200231 7.645014 0.099947
v 0.200120 7.645013 0.099947
v 0.199971 7.645019 0.099947
v 0.199805 7.645038 0.099947
v 0.199641 7.645068 0.099947
v 0.199533 7.645097 0.099947
v 0.199427 7.645129 0.099947
v 0.199322 7.645168 0.099947
v 0.199186 7.645227 0.099947
v 0.199022 7.645315 0.099946
v 0.198881 7.645405 0.099946
v 0.198445 7.645805 0.099945
v 0.198311 7.645983 0.099945
v 0.198223 7.646125 0.099944
v 0.198170 7.646223 0.099944
v 0.198078 7.646436 0.099943
v 0.198007 7.646657 0.099943
v 0.197962 7.646875 0.099942
v 0.197939 7.647096 0.099942
v 0.197939 7.647319 0.099941
v 0.197953 7.647485 0.099941
v 0.198036 7.647865 0.099940
v 0.198106 7.648057 0.099939
v 0.212576 7.678259 0.099863
v 0.212697 7.678446 0.099862
v 0.212799 7.678578 0.099862
v 0.212912 7.678701 0.099862
v 0.213061 7.678841 0.099862
v 0.213223 7.678965 0.099861
v 0.213364 7.679055 0.099861
v 0.213461 7.679110 0.099861
v 0.213578 7.679166 0.099861
v 0.213733 7.679230 0.099861
v 0.214128 7.679332 0.099860
v 0.214275 7.679351 0.099860
v 0.214424 7.679360 0.099860
v 0.214572 7.679358 0.099860
v 0.214720 7.679348 0.099860
v 0.214831 7.679333 0.099860
v 0.214995 7.679300 0.099860
v 0.215156 7.679255 0.099861
v 0.215296 7.679205 0.099861
v 0.215398 7.679162 0.099861
v 0.213290 7.675316 0.099871
v 0.213153 7.675412 0.099870
v 0.212996 7.675543 0.099870
v 0.212902 7.675633 0.099870
v 0.212827 7.675715 0.099869
v 0.212722 7.675845 0.099869
v 0.212607 7.676014 0.099869
v 0.212551 7.676110 0.099868
v 0.212470 7.676277 0.099868
v 0.212374 7.676538 0.099867
v 0.212321 7.676754 0.099867
v 0.212296 7.676919 0.099866
v 0.212284 7.677086 0.099866
v 0.212284 7.677253 0.099866
v 0.212323 7.677585 0.099865
v 0.212378 7.677800 0.099864
v 0.212475 7.678061 0.099863
v 0.242816 7.664286 0.099901
v 0.242931 7.664407 0.099901
v 0.243012 7.664483 0.099900
v 0.243069 7.664531 0.099900
v 0.243242 7.664656 0.099900
v 0.243457 7.664784 0.099900
v 0.243609 7.664855 0.099899
v 0.243712 7.664896 0.099899
v 0.243935 7.664962 0.099899
v 0.244163 7.665006 0.099899
v 0.244385 7.665025 0.099899
v 0.244552 7.665025 0.099899
v 0.244718 7.665011 0.099899
v 0.244884 7.664987 0.099899
v 0.244992 7.664962 0.099899
v 0.245100 7.664933 0.099899
v 0.245206 7.664897 0.099899
v 0.245310 7.664857 0.099900
v 0.245378 7.664828 0.099900
v 0.195695 7.668854 0.098856
v 0.196161 7.669728 0.098913
v 0.196666 7.670590 0.098911
v 0.198283 7.672982 0.098933
v 0.198884 7.673758 0.098931
v 0.199510 7.674513 0.098929
v 0.200161 7.675247 0.098927
v 0.200835 7.675960 0.098926
v 0.201533 7.676651 0.098924
v 0.202252 7.677318 0.098922
v 0.202993 7.677961 0.098921
v 0.203755 7.678580 0.098919
v 0.204537 7.679173 0.098918
v 0.205337 7.679741 0.098916
v 0.249361 7.642078 0.099016
v 0.248912 7.641180 0.099018
v 0.248433 7.640297 0.099020
v 0.247925 7.639431 0.099022
v 0.247388 7.638582 0.099025
v 0.246948 7.637932 0.099006
v 0.246230 7.636940 0.099029
v 0.245611 7.636149 0.099031
v 0.244965 7.635380 0.099033
v 0.244294 7.634632 0.099034
v 0.243598 7.633907 0.099036
v 0.242878 7.633206 0.099038
v 0.242135 7.632530 0.099040
v 0.241370 7.631879 0.099041
v 0.240584 7.631253 0.099043
v 0.239897 7.630747 0.098991
v 0.238950 7.630084 0.099046
v 0.238105 7.629540 0.099047
v 0.237242 7.629025 0.099048
v 0.236362 7.628540 0.099050
v 0.235467 7.628084 0.099051
v 0.234656 7.627705 0.099030
v 0.234236 7.627521 0.099001
v 0.233490 7.627208 0.098983
v 0.230832 7.626283 0.099009
v 0.230047 7.626061 0.099018
v 0.227971 7.625586 0.099011
v 0.224970 7.625162 0.099041
v 0.221975 7.625044 0.099057
v 0.220970 7.625072 0.099057
v 0.207443 7.628977 0.099018
v 0.199140 7.635962 0.099028
v 0.198514 7.636748 0.099026
v 0.197914 7.637554 0.099024
v 0.197343 7.638380 0.099022
v 0.196799 7.639225 0.099019
v 0.196284 7.640087 0.099017
v 0.195798 7.640966 0.099015
v 0.195342 7.641861 0.099012
v 0.194820 7.642991 0.098999
v 0.194278 7.644321 0.098874
v 0.193417 7.646909 0.098977
v 0.193285 7.647391 0.098998
v 0.192867 7.649221 0.098950
v 0.192543 7.651217 0.098941
v 0.192429 7.652222 0.098966
v 0.192352 7.653230 0.098961
v 0.192309 7.654240 0.098955
v 0.192300 7.655251 0.098952
v 0.192328 7.656318 0.098825
v 0.192384 7.657271 0.098947
v 0.192763 7.660279 0.098957
v 0.193186 7.662256 0.098944
v 0.193447 7.663233 0.098942
v 0.193741 7.664200 0.098927
v 0.194427 7.666102 0.098912
v 0.194817 7.667044 0.099890
v 0.252210 7.657331 0.098977
v 0.252270 7.656352 0.098979
v 0.252298 7.655371 0.098982
v 0.250500 7.644791 0.099009
v 0.250150 7.643874 0.099011
v 0.250205 7.683212 0.098910
v 0.250088 7.684241 0.098882
v 0.249848 7.685487 0.098885
v 0.249656 7.686224 0.098871
v 0.249429 7.686934 0.098882
v 0.248264 7.689505 0.098858
v 0.247877 7.690139 0.098877
v 0.247177 7.691143 0.098890
v 0.242121 7.695374 0.098841
v 0.241173 7.695821 0.098822
v 0.240496 7.696093 0.098861
v 0.239044 7.696551 0.098854
v 0.238302 7.696727 0.098849
v 0.237590 7.696856 0.098862
v 0.236797 7.696960 0.098842
v 0.236291 7.697004 0.098842
v 0.235570 7.697037 0.098866
v 0.234218 7.697003 0.098820
v 0.232585 7.696802 0.098874
v 0.231752 7.696628 0.098855
v 0.231260 7.696499 0.098831
v 0.229716 7.695984 0.098708
v 0.229113 7.695725 0.098827
v 0.226768 7.694417 0.098880
v 0.226769 7.694417 0.098849
v 0.205338 7.679740 0.098869
v 0.226771 7.694414 0.098802
v 0.226774 7.694409 0.098755
v 0.205341 7.679735 0.098806
v 0.226778 7.694403 0.098708
v 0.205347 7.679727 0.098744
v 0.226784 7.694394 0.098662
v 0.205353 7.679718 0.098698
v 0.226789 7.694387 0.098631
v 0.205357 7.679711 0.098667
v 0.226794 7.694379 0.098601
v 0.205363 7.679704 0.098637
v 0.226803 7.694366 0.098556
v 0.205372 7.679690 0.098592
v 0.226813 7.694351 0.098512
v 0.205386 7.679669 0.098534
v 0.226825 7.694333 0.098469
v 0.205403 7.679645 0.098477
v 0.226843 7.694307 0.098414
v 0.205416 7.679625 0.098436
v 0.226857 7.694286 0.098373
v 0.205431 7.679603 0.098396
v 0.226873 7.694263 0.098334
v 0.205448 7.679579 0.098358
v 0.226896 7.694229 0.098284
v 0.205465 7.679554 0.098320
v 0.226915 7.694202 0.098249
v 0.205483 7.679527 0.098285
v 0.226934 7.694174 0.098214
v 0.205503 7.679498 0.098251
v 0.226955 7.694144 0.098182
v 0.205524 7.679468 0.098218
v 0.226976 7.694112 0.098151
v 0.205545 7.679437 0.098187
v 0.226999 7.694079 0.098122
v 0.205567 7.679404 0.098158
v 0.227022 7.694046 0.098095
v 0.205591 7.679370 0.098131
v 0.205615 7.679335 0.098106
v 0.227046 7.694011 0.098070
v 0.227071 7.693974 0.098047
v 0.205639 7.679298 0.098084
v 0.227096 7.693937 0.098027
v 0.205673 7.679249 0.098056
v 0.227122 7.693899 0.098008
v 0.205700 7.679211 0.098038
v 0.227148 7.693861 0.097991
v 0.205726 7.679172 0.098022
v 0.227175 7.693821 0.097977
v 0.205753 7.679132 0.098009
v 0.227203 7.693781 0.097965
v 0.205781 7.679092 0.097998
v 0.227231 7.693741 0.097955
v 0.205809 7.679051 0.097989
v 0.227259 7.693700 0.097948
v 0.205837 7.679010 0.097982
v 0.227287 7.693659 0.097943
v 0.227315 7.693618 0.097940
v 0.205884 7.678942 0.097976
v 0.250204 7.683212 0.098879
v 0.250201 7.683211 0.098832
v 0.250200 7.683254 0.098866
v 0.250196 7.683211 0.098785
v 0.250191 7.683210 0.098754
v 0.250181 7.683209 0.098707
v 0.250170 7.683208 0.098662
v 0.250160 7.683208 0.098631
v 0.250144 7.683206 0.098587
v 0.250162 7.683250 0.098661
v 0.250119 7.683204 0.098528
v 0.250090 7.683202 0.098472
v 0.250066 7.683199 0.098430
v 0.250048 7.683198 0.098403
v 0.250078 7.683243 0.098461
v 0.250030 7.683197 0.098377
v 0.250001 7.683194 0.098339
v 0.249969 7.683192 0.098302
v 0.249936 7.683189 0.098267
v 0.249933 7.683356 0.098282
v 0.249889 7.683185 0.098222
v 0.249852 7.683182 0.098191
v 0.249813 7.683179 0.098161
v 0.249772 7.683176 0.098134
v 0.249790 7.683468 0.098165
v 0.249730 7.683173 0.098108
v 0.249671 7.683178 0.098077
v 0.249613 7.683164 0.098049
v 0.249566 7.683160 0.098031
v 0.249519 7.683156 0.098015
v 0.249471 7.683152 0.098002
v 0.249421 7.683158 0.097990
v 0.249357 7.683144 0.097979
v 0.249308 7.683140 0.097973
v 0.249258 7.683136 0.097969
v 0.248722 7.685888 0.097961
v 0.245414 7.691775 0.097949
v 0.244438 7.692744 0.097950
v 0.233695 7.695990 0.097937
v 0.230028 7.695131 0.097942
v 0.228725 7.694418 0.097938
v 0.227326 7.694108 0.098034
v 0.227423 7.694414 0.098159
v 0.227121 7.694420 0.098330
v 0.227053 7.694524 0.098540
v 0.227024 7.694569 0.098735
v 0.228654 7.695508 0.098814
v 0.230450 7.696251 0.098712
v 0.230773 7.696354 0.098823
v 0.232411 7.696761 0.098774
v 0.234790 7.697030 0.098814
v 0.244672 7.693716 0.098863
v 0.245061 7.693390 0.098864
v 0.246502 7.691960 0.098843
v 0.248961 7.688129 0.098866
v 0.247731 7.688389 0.097956
v 0.241104 7.694829 0.097940
v 0.236329 7.696037 0.097936
v 0.246200 7.690974 0.097959
v 0.238507 7.695705 0.097938
v 0.235377 7.696207 0.097948
v 0.248999 7.685250 0.097971
v 0.243315 7.693586 0.097946
v 0.240148 7.695341 0.097955
v 0.233998 7.696127 0.097945
v 0.228720 7.694576 0.097948
v 0.242364 7.694238 0.097948
v 0.238071 7.695959 0.097956
v 0.236878 7.696117 0.097951
v 0.231777 7.695709 0.097941
v 0.249300 7.683615 0.097978
v 0.248180 7.687884 0.097976
v 0.247616 7.689084 0.097982
v 0.241542 7.694774 0.097959
v 0.230583 7.695450 0.097956
v 0.248658 7.686506 0.097970
v 0.243986 7.693331 0.097980
v 0.232557 7.696000 0.097957
v 0.231610 7.695808 0.097964
v 0.227735 7.694031 0.097952
v 0.249473 7.683436 0.098009
v 0.247035 7.690001 0.097977
v 0.245421 7.692033 0.097978
v 0.244832 7.692622 0.097983
v 0.236292 7.696368 0.098003
v 0.248333 7.688020 0.098031
v 0.240870 7.695191 0.097986
v 0.234712 7.696299 0.097970
v 0.230652 7.695622 0.097992
v 0.229529 7.695158 0.097985
v 0.249241 7.684657 0.097994
v 0.247836 7.689000 0.098029
v 0.242788 7.694156 0.097978
v 0.235560 7.696370 0.097991
v 0.228393 7.694580 0.097980
v 0.248615 7.687213 0.098012
v 0.239872 7.695646 0.098006
v 0.238993 7.695791 0.097970
v 0.227599 7.694134 0.097986
v 0.249430 7.685286 0.098124
v 0.246219 7.691283 0.098007
v 0.241782 7.694844 0.098008
v 0.237972 7.696233 0.098040
v 0.233502 7.696229 0.097978
v 0.249511 7.684488 0.098079
v 0.248771 7.687274 0.098084
v 0.246932 7.690447 0.098026
v 0.245523 7.692133 0.098026
v 0.242075 7.694877 0.098089
v 0.237147 7.696314 0.098015
v 0.234461 7.696448 0.098027
v 0.232933 7.696325 0.098051
v 0.232151 7.696168 0.098047
v 0.229861 7.695472 0.098049
v 0.243691 7.693751 0.098036
v 0.242879 7.694301 0.098037
v 0.238841 7.696044 0.098041
v 0.236673 7.696493 0.098075
v 0.228794 7.694999 0.098053
v 0.227919 7.694549 0.098065
v 0.249619 7.683450 0.098065
v 0.246344 7.691388 0.098081
v 0.245630 7.692239 0.098103
v 0.244831 7.693072 0.098118
v 0.241406 7.695193 0.098077
v 0.234948 7.696592 0.098095
v 0.231226 7.696052 0.098115
v 0.244591 7.693420 0.098213
v 0.240874 7.695519 0.098133
v 0.239914 7.695773 0.098068
v 0.237415 7.696457 0.098111
v 0.249725 7.684209 0.098182
v 0.248241 7.688519 0.098093
v 0.242754 7.694568 0.098132
v 0.233842 7.696490 0.098073
v 0.231994 7.696305 0.098151
v 0.247457 7.689914 0.098093
v 0.247460 7.690213 0.098214
v 0.247078 7.690552 0.098119
v 0.235937 7.696583 0.098097
v 0.249164 7.685975 0.098052
v 0.249092 7.686865 0.098193
v 0.246669 7.691175 0.098155
v 0.243530 7.694167 0.098200
v 0.247903 7.689318 0.098138
v 0.247775 7.689822 0.098267
v 0.241494 7.695381 0.098240
v 0.239892 7.695902 0.098141
v 0.234446 7.696731 0.098218
v 0.233489 7.696586 0.098164
v 0.230571 7.695863 0.098124
v 0.229181 7.695333 0.098138
v 0.246037 7.691941 0.098165
v 0.244015 7.693776 0.098168
v 0.235195 7.696780 0.098248
v 0.248723 7.687788 0.098182
v 0.248168 7.689182 0.098286
v 0.238880 7.696198 0.098137
v 0.238165 7.696417 0.098178
v 0.237438 7.696606 0.098234
v 0.249721 7.684714 0.098251
v 0.248315 7.688695 0.098191
v 0.247116 7.690890 0.098336
v 0.246520 7.691618 0.098315
v 0.245749 7.692356 0.098232
v 0.242369 7.694898 0.098205
v 0.240828 7.695733 0.098298
v 0.236693 7.696688 0.098223
v 0.232836 7.696537 0.098203
v 0.230530 7.695983 0.098225
v 0.229844 7.695682 0.098183
v 0.242406 7.694965 0.098282
v 0.241945 7.695163 0.098238
v 0.239644 7.696150 0.098290
v 0.228244 7.694982 0.098226
v 0.249884 7.683980 0.098302
v 0.249478 7.685940 0.098286
v 0.243047 7.694571 0.098268
v 0.236196 7.696750 0.098245
v 0.235695 7.696762 0.098234
v 0.229118 7.695473 0.098274
v 0.249702 7.685221 0.098342
v 0.248878 7.687855 0.098359
v 0.248644 7.688300 0.098314
v 0.237947 7.696608 0.098333
v 0.230488 7.696108 0.098391
v 0.245848 7.692452 0.098404
v 0.243917 7.694066 0.098352
v 0.242006 7.695283 0.098414
v 0.238913 7.696326 0.098254
v 0.229785 7.695832 0.098360
v 0.240131 7.696021 0.098326
v 0.237211 7.696796 0.098445
v 0.236454 7.696845 0.098388
v 0.231475 7.696318 0.098277
v 0.228067 7.695045 0.098395
v 0.249394 7.686438 0.098354
v 0.249155 7.687153 0.098356
v 0.247999 7.689665 0.098405
v 0.247593 7.690303 0.098399
v 0.246396 7.691928 0.098475
v 0.239071 7.696436 0.098468
v 0.234690 7.696897 0.098411
v 0.232448 7.696570 0.098311
v 0.231944 7.696519 0.098385
v 0.229074 7.695570 0.098422
v 0.249409 7.686708 0.098509
v 0.245309 7.692984 0.098411
v 0.243095 7.694648 0.098388
v 0.240632 7.695923 0.098446
v 0.233937 7.696812 0.098356
v 0.231195 7.696389 0.098488
v 0.250039 7.683746 0.098475
v 0.249922 7.684494 0.098457
v 0.249582 7.686232 0.098564
v 0.248953 7.687887 0.098490
v 0.244175 7.693991 0.098507
v 0.239926 7.696201 0.098498
v 0.238455 7.696578 0.098451
v 0.235701 7.696946 0.098497
v 0.233182 7.696760 0.098404
v 0.228373 7.695277 0.098500
v 0.249751 7.685491 0.098511
v 0.249160 7.687425 0.098523
v 0.243775 7.694304 0.098552
v 0.242470 7.695080 0.098485
v 0.227522 7.694728 0.098395
v 0.250118 7.683756 0.098676
v 0.248419 7.689033 0.098508
v 0.246901 7.691361 0.098525
v 0.232672 7.696747 0.098540
v 0.244770 7.693520 0.098506
v 0.241335 7.695637 0.098469
v 0.247808 7.690142 0.098583
v 0.247390 7.690778 0.098614
v 0.242050 7.695370 0.098626
v 0.237715 7.696743 0.098488
v 0.235194 7.696974 0.098543
v 0.250014 7.684681 0.098740
v 0.249818 7.685507 0.098704
v 0.243133 7.694799 0.098695
v 0.239458 7.696408 0.098662
v 0.237224 7.696894 0.098722
v 0.233727 7.696961 0.098691
v 0.231927 7.696594 0.098531
v 0.229046 7.695633 0.098564
v 0.248682 7.688598 0.098603
v 0.248201 7.689490 0.098572
v 0.240663 7.696004 0.098679
v 0.240188 7.696186 0.098704
v 0.236526 7.696938 0.098602
v 0.234433 7.696969 0.098588
v 0.227679 7.694990 0.098708
v 0.249553 7.686489 0.098709
v 0.248362 7.689291 0.098720
v 0.247114 7.691207 0.098776
v 0.246611 7.691780 0.098637
v 0.246831 7.691574 0.098842
v 0.246091 7.692410 0.098721
v 0.238724 7.696614 0.098697
v 0.250047 7.684259 0.098655
v 0.249030 7.687920 0.098716
v 0.242536 7.695137 0.098748
v 0.239742 7.696349 0.098808
v 0.237977 7.696770 0.098692
v 0.249313 7.687212 0.098733
v 0.249157 7.687662 0.098853
v 0.245006 7.693406 0.098690
v 0.244617 7.693733 0.098697
v 0.244245 7.694039 0.098805
v 0.243834 7.694338 0.098810
v 0.243412 7.694622 0.098809
v 0.235448 7.697024 0.098731
v 0.231423 7.696520 0.098685
v 0.228202 7.695275 0.098804
v 0.248738 7.688606 0.098841
v 0.247842 7.690165 0.098731
v 0.247436 7.690785 0.098819
v 0.245651 7.692854 0.098756
v 0.241544 7.695657 0.098725
v 0.233250 7.696904 0.098820
v 0.250154 7.683738 0.098883
v 0.248509 7.689060 0.098859
v 0.227319 7.694774 0.098851
v 0.252210 7.657331 0.098945
v 0.252207 7.657330 0.098898
v 0.252202 7.657330 0.098851
v 0.252197 7.657329 0.098820
v 0.252191 7.657329 0.098789
v 0.252179 7.657328 0.098743
v 0.252166 7.657326 0.098698
v 0.252150 7.657325 0.098653
v 0.252125 7.657323 0.098595
v 0.252096 7.657320 0.098538
v 0.252071 7.657319 0.098497
v 0.252054 7.657317 0.098470
v 0.252035 7.657316 0.098444
v 0.252016 7.657314 0.098418
v 0.251985 7.657311 0.098381
v 0.251953 7.657309 0.098345
v 0.251918 7.657306 0.098311
v 0.251870 7.657302 0.098268
v 0.251831 7.657299 0.098237
v 0.251791 7.657296 0.098209
v 0.251750 7.657293 0.098183
v 0.251722 7.657290 0.098166
v 0.251678 7.657287 0.098143
v 0.251633 7.657283 0.098122
v 0.251587 7.657280 0.098103
v 0.251541 7.657276 0.098087
v 0.251493 7.657272 0.098072
v 0.251428 7.657268 0.098057
v 0.251379 7.657264 0.098048
v 0.251330 7.657260 0.098041
v 0.251263 7.657255 0.098036
v 0.249673 7.642755 0.099006
v 0.249462 7.642312 0.098908
v 0.249544 7.642553 0.098770
v 0.249288 7.642112 0.098656
v 0.249466 7.642589 0.098571
v 0.249326 7.642652 0.098366
v 0.249003 7.641827 0.098442
v 0.249217 7.642702 0.098264
v 0.249069 7.642769 0.098170
v 0.248399 7.642021 0.098088
v 0.249351 7.644401 0.098071
v 0.250509 7.648040 0.098060
v 0.250953 7.650339 0.098053
v 0.251343 7.655860 0.098040
v 0.251448 7.655863 0.098052
v 0.251593 7.656365 0.098090
v 0.251752 7.656373 0.098155
v 0.251875 7.656379 0.098233
v 0.251978 7.656384 0.098316
v 0.252054 7.656388 0.098397
v 0.252119 7.656391 0.098485
v 0.252188 7.656394 0.098616
v 0.252233 7.656397 0.098734
v 0.252259 7.656398 0.098862
v 0.252254 7.653378 0.098967
v 0.252183 7.652381 0.098970
v 0.252079 7.651387 0.098976
v 0.251941 7.650398 0.098975
v 0.251770 7.649413 0.098977
v 0.251567 7.648434 0.098980
v 0.251308 7.647395 0.098929
v 0.251062 7.646501 0.098973
v 0.250761 7.645547 0.098975
v 0.249978 7.643475 0.098917
v 0.250900 7.649470 0.098065
v 0.251289 7.652409 0.098053
v 0.249771 7.645167 0.098083
v 0.250164 7.646701 0.098062
v 0.251416 7.653886 0.098054
v 0.249053 7.643253 0.098097
v 0.251183 7.650928 0.098066
v 0.249551 7.644189 0.098122
v 0.251317 7.650908 0.098099
v 0.251446 7.652394 0.098081
v 0.251534 7.653881 0.098076
v 0.250123 7.645833 0.098110
v 0.250490 7.647278 0.098089
v 0.250862 7.648466 0.098103
v 0.251638 7.653378 0.098118
v 0.251620 7.654873 0.098092
v 0.251099 7.649432 0.098112
v 0.250598 7.646991 0.098148
v 0.251028 7.648428 0.098173
v 0.251309 7.649774 0.098172
v 0.251741 7.654873 0.098141
v 0.251593 7.652381 0.098132
v 0.249555 7.643649 0.098217
v 0.249865 7.644603 0.098181
v 0.251839 7.653368 0.098225
v 0.250235 7.645534 0.098195
v 0.251778 7.652365 0.098236
v 0.250041 7.644537 0.098300
v 0.250613 7.646465 0.098237
v 0.251524 7.650373 0.098235
v 0.251212 7.648386 0.098296
v 0.251349 7.649384 0.098238
v 0.251583 7.651377 0.098184
v 0.251916 7.655375 0.098244
v 0.251491 7.649357 0.098363
v 0.250899 7.647428 0.098246
v 0.251915 7.654370 0.098249
v 0.250747 7.646425 0.098350
v 0.251640 7.650355 0.098334
v 0.251933 7.653362 0.098296
v 0.250403 7.645477 0.098318
v 0.252084 7.654366 0.098411
v 0.252073 7.655377 0.098389
v 0.249728 7.643578 0.098361
v 0.251780 7.651353 0.098330
v 0.250178 7.644485 0.098452
v 0.251350 7.648355 0.098446
v 0.252045 7.653357 0.098413
v 0.249836 7.643533 0.098502
v 0.251966 7.652349 0.098411
v 0.250524 7.645436 0.098454
v 0.252071 7.652340 0.098566
v 0.252176 7.655379 0.098536
v 0.252137 7.653352 0.098549
v 0.251110 7.647372 0.098456
v 0.251654 7.649326 0.098596
v 0.252177 7.654365 0.098547
v 0.250274 7.644450 0.098617
v 0.251461 7.648330 0.098630
v 0.250890 7.646382 0.098546
v 0.251953 7.651332 0.098556
v 0.250612 7.645407 0.098604
v 0.252150 7.652333 0.098774
v 0.252224 7.653347 0.098772
v 0.249932 7.643493 0.098701
v 0.251246 7.647337 0.098710
v 0.250675 7.645386 0.098772
v 0.250983 7.646355 0.098762
v 0.252049 7.651321 0.098806
v 0.251516 7.648318 0.098800
v 0.252290 7.654349 0.098844
v 0.250343 7.644424 0.098847
v 0.252276 7.655381 0.098806
v 0.251732 7.649312 0.098819
v 0.251872 7.650322 0.098647
v 0.243507 7.635195 0.098092
v 0.244519 7.636275 0.098091
v 0.247469 7.640524 0.098079
v 0.248506 7.642611 0.098072
v 0.248921 7.642008 0.098289
v 0.249093 7.641642 0.098738
v 0.249134 7.641622 0.098961
v 0.248665 7.640718 0.098979
v 0.248164 7.639832 0.098981
v 0.247632 7.638965 0.098968
v 0.246477 7.637287 0.098922
v 0.244552 7.634918 0.098970
v 0.243856 7.634174 0.098972
v 0.243130 7.633460 0.098920
v 0.241622 7.632092 0.098985
v 0.240829 7.631454 0.098937
v 0.234743 7.627779 0.098814
v 0.234722 7.627825 0.098674
v 0.234309 7.627837 0.098410
v 0.234183 7.628060 0.098222
v 0.233859 7.628314 0.098108
v 0.242496 7.634114 0.098097
v 0.245465 7.637415 0.098091
v 0.235808 7.629303 0.098108
v 0.243556 7.635149 0.098097
v 0.246586 7.639041 0.098085
v 0.237636 7.630332 0.098107
v 0.246539 7.638775 0.098101
v 0.247438 7.640256 0.098091
v 0.236632 7.629598 0.098125
v 0.239528 7.631607 0.098105
v 0.241255 7.632909 0.098106
v 0.244624 7.636186 0.098111
v 0.245612 7.637304 0.098128
v 0.235345 7.628849 0.098140
v 0.240354 7.632055 0.098123
v 0.243329 7.634682 0.098127
v 0.248348 7.641526 0.098133
v 0.237968 7.630268 0.098151
v 0.241161 7.632637 0.098136
v 0.242243 7.633662 0.098122
v 0.246520 7.638489 0.098136
v 0.240472 7.631905 0.098186
v 0.242334 7.633564 0.098162
v 0.247323 7.639746 0.098131
v 0.239193 7.631120 0.098141
v 0.244039 7.635378 0.098139
v 0.244754 7.636077 0.098162
v 0.245385 7.636850 0.098160
v 0.241321 7.632447 0.098245
v 0.236718 7.629448 0.098176
v 0.247695 7.640105 0.098184
v 0.235428 7.628684 0.098204
v 0.239704 7.631264 0.098208
v 0.248599 7.641747 0.098184
v 0.245505 7.636755 0.098236
v 0.238889 7.630683 0.098213
v 0.246379 7.637979 0.098217
v 0.247219 7.639224 0.098214
v 0.239806 7.631124 0.098318
v 0.240562 7.631791 0.098261
v 0.242432 7.633460 0.098229
v 0.235489 7.628561 0.098283
v 0.242871 7.633726 0.098297
v 0.247849 7.640016 0.098295
v 0.248312 7.640908 0.098265
v 0.238080 7.630092 0.098240
v 0.239009 7.630508 0.098360
v 0.243490 7.634526 0.098215
v 0.240653 7.631676 0.098381
v 0.243651 7.634371 0.098380
v 0.246221 7.637474 0.098332
v 0.246817 7.638286 0.098345
v 0.247337 7.639149 0.098308
v 0.236364 7.629054 0.098262
v 0.237258 7.629512 0.098285
v 0.236442 7.628910 0.098385
v 0.238188 7.629922 0.098394
v 0.242165 7.633009 0.098332
v 0.245630 7.636657 0.098356
v 0.235547 7.628445 0.098387
v 0.241445 7.632301 0.098391
v 0.244240 7.635198 0.098268
v 0.242969 7.633625 0.098428
v 0.244931 7.635929 0.098295
v 0.239898 7.631000 0.098468
v 0.246293 7.637421 0.098417
v 0.244391 7.635062 0.098449
v 0.246907 7.638225 0.098459
v 0.247478 7.639060 0.098482
v 0.248000 7.639927 0.098470
v 0.248484 7.640815 0.098451
v 0.235598 7.628343 0.098520
v 0.245753 7.636561 0.098550
v 0.237355 7.629347 0.098461
v 0.240742 7.631563 0.098548
v 0.241523 7.632209 0.098533
v 0.242260 7.632904 0.098482
v 0.245092 7.635793 0.098505
v 0.236504 7.628797 0.098545
v 0.238257 7.629812 0.098549
v 0.239107 7.630365 0.098555
v 0.246379 7.637358 0.098569
v 0.237423 7.629232 0.098666
v 0.238295 7.629753 0.098681
v 0.240767 7.631531 0.098618
v 0.241558 7.632167 0.098627
v 0.243046 7.633546 0.098571
v 0.243085 7.633506 0.098685
v 0.243771 7.634256 0.098587
v 0.239152 7.630300 0.098709
v 0.239956 7.630921 0.098613
v 0.244481 7.634981 0.098628
v 0.248105 7.639866 0.098678
v 0.235647 7.628246 0.098718
v 0.239991 7.630874 0.098745
v 0.240799 7.631491 0.098734
v 0.242321 7.632836 0.098618
v 0.244525 7.634942 0.098779
v 0.245172 7.635726 0.098692
v 0.236559 7.628695 0.098777
v 0.247009 7.638156 0.098668
v 0.238328 7.629703 0.098889
v 0.246143 7.636901 0.098761
v 0.247588 7.638991 0.098728
v 0.248616 7.640744 0.098711
v 0.237459 7.629171 0.098898
v 0.241601 7.632117 0.098796
v 0.242368 7.632785 0.098794
v 0.245214 7.635691 0.098905
v 0.248653 7.640725 0.098860
v 0.243826 7.634203 0.098768
v 0.235673 7.628194 0.098957
v 0.236577 7.628662 0.098961
v 0.239183 7.630255 0.098918
v 0.245863 7.636476 0.098940
v 0.247058 7.638123 0.098847
v 0.248150 7.639840 0.098851
v 0.242390 7.632761 0.098971
v 0.232269 7.626748 0.098807
v 0.229923 7.626059 0.098836
v 0.230641 7.626285 0.098725
v 0.233407 7.627416 0.098418
v 0.233082 7.627173 0.098553
v 0.230945 7.626485 0.098506
v 0.231753 7.626674 0.098586
v 0.230071 7.626306 0.098447
v 0.234087 7.628512 0.098107
v 0.234275 7.628287 0.098155
v 0.233483 7.628033 0.098107
v 0.229972 7.626454 0.098300
v 0.230830 7.626762 0.098226
v 0.232222 7.627357 0.098110
v 0.230621 7.626997 0.098111
v 0.230991 7.626997 0.098128
v 0.231645 7.627176 0.098101
v 0.230155 7.626976 0.098113
v 0.228399 7.626630 0.098114
v 0.231119 7.627065 0.098111
v 0.233205 7.627137 0.098744
v 0.233968 7.627489 0.098677
v 0.231444 7.626478 0.098907
v 0.233031 7.627035 0.098904
v 0.234155 7.627514 0.098828
v 0.230603 7.626242 0.098832
v 0.234385 7.627753 0.098545
v 0.232450 7.626965 0.098491
v 0.231507 7.626548 0.098688
v 0.230070 7.626195 0.098601
v 0.230681 7.626569 0.098338
v 0.231551 7.626903 0.098248
v 0.231726 7.626799 0.098389
v 0.232666 7.627142 0.098376
v 0.232571 7.627221 0.098271
v 0.233820 7.627745 0.098299
v 0.232342 7.627274 0.098178
v 0.232948 7.627702 0.098101
v 0.228799 7.626565 0.098133
v 0.228844 7.626368 0.098198
v 0.228899 7.626130 0.098346
v 0.228925 7.626014 0.098457
v 0.228953 7.625893 0.098649
v 0.228970 7.625818 0.098856
v 0.228965 7.625794 0.099014
v 0.222949 7.625050 0.099041
v 0.221900 7.625048 0.098994
v 0.220881 7.625078 0.099013
v 0.219916 7.625138 0.099041
v 0.218908 7.625235 0.099041
v 0.217905 7.625366 0.099040
v 0.216907 7.625531 0.099040
v 0.215914 7.625730 0.099039
v 0.214889 7.625976 0.098989
v 0.213953 7.626227 0.099026
v 0.212029 7.626854 0.099044
v 0.211084 7.627216 0.099043
v 0.210152 7.627609 0.099042
v 0.209234 7.628035 0.099041
v 0.208330 7.628490 0.099040
v 0.206573 7.629493 0.099019
v 0.205720 7.630037 0.099022
v 0.204886 7.630610 0.099020
v 0.204009 7.631266 0.098955
v 0.203279 7.631838 0.099005
v 0.202508 7.632493 0.099003
v 0.201032 7.633876 0.099013
v 0.198244 7.637105 0.099009
v 0.197649 7.637931 0.099007
v 0.197082 7.638777 0.099005
v 0.196545 7.639642 0.099002
v 0.196038 7.640525 0.098984
v 0.195561 7.641425 0.098974
v 0.195118 7.642342 0.098924
v 0.194908 7.642844 0.098824
v 0.195163 7.642362 0.098707
v 0.195224 7.642389 0.098563
v 0.195298 7.642424 0.098442
v 0.195472 7.642504 0.098266
v 0.195469 7.642956 0.098154
v 0.198692 7.638052 0.098084
v 0.198536 7.638517 0.098079
v 0.200397 7.635942 0.098088
v 0.203423 7.633168 0.098093
v 0.209986 7.628738 0.098106
v 0.210469 7.628715 0.098105
v 0.224516 7.626155 0.098112
v 0.227964 7.625624 0.098794
v 0.227947 7.625710 0.098598
v 0.227912 7.625892 0.098372
v 0.227881 7.626052 0.098251
v 0.226981 7.625412 0.099017
v 0.226979 7.625428 0.098878
v 0.226974 7.625458 0.098766
v 0.226964 7.625517 0.098633
v 0.226943 7.625649 0.098440
v 0.226928 7.625747 0.098347
v 0.226907 7.625881 0.098252
v 0.227366 7.626123 0.098177
v 0.227341 7.626267 0.098135
v 0.225971 7.625272 0.098995
v 0.225962 7.625301 0.098812
v 0.225958 7.625332 0.098721
v 0.225949 7.625402 0.098588
v 0.225934 7.625525 0.098422
v 0.225920 7.625642 0.098319
v 0.225902 7.625785 0.098228
v 0.225883 7.625938 0.098164
v 0.225371 7.626056 0.098125
v 0.226470 7.626253 0.098117
v 0.201758 7.633172 0.099007
v 0.198867 7.636300 0.098983
v 0.217841 7.625381 0.098953
v 0.212986 7.626524 0.099033
v 0.211932 7.626899 0.098928
v 0.200331 7.634605 0.099011
v 0.199654 7.635357 0.099009
v 0.224951 7.625178 0.098887
v 0.219867 7.625170 0.098855
v 0.218851 7.625249 0.098937
v 0.216837 7.625550 0.098952
v 0.215839 7.625757 0.098916
v 0.210986 7.627276 0.098878
v 0.210049 7.627673 0.098889
v 0.200919 7.634039 0.098792
v 0.212896 7.626571 0.098882
v 0.209126 7.628104 0.098894
v 0.208218 7.628565 0.098900
v 0.201636 7.633317 0.098837
v 0.197656 7.637936 0.098907
v 0.196550 7.639645 0.098922
v 0.218859 7.625311 0.098717
v 0.213867 7.626266 0.098895
v 0.206461 7.629592 0.098833
v 0.205606 7.630144 0.098831
v 0.196047 7.640530 0.098877
v 0.195571 7.641430 0.098862
v 0.214854 7.626015 0.098809
v 0.211941 7.626925 0.098799
v 0.198259 7.637116 0.098854
v 0.197090 7.638783 0.098901
v 0.223968 7.625091 0.098904
v 0.222918 7.625075 0.098858
v 0.215844 7.625779 0.098810
v 0.207339 7.629078 0.098796
v 0.200225 7.634782 0.098766
v 0.199548 7.635542 0.098771
v 0.216841 7.625575 0.098822
v 0.213876 7.626293 0.098778
v 0.210065 7.627710 0.098736
v 0.209139 7.628131 0.098765
v 0.208237 7.628599 0.098745
v 0.215850 7.625804 0.098734
v 0.212908 7.626606 0.098747
v 0.202395 7.632640 0.098788
v 0.196585 7.639666 0.098741
v 0.221900 7.625091 0.098785
v 0.220883 7.625111 0.098818
v 0.213884 7.626320 0.098702
v 0.211959 7.626972 0.098668
v 0.204782 7.630741 0.098766
v 0.203176 7.631988 0.098746
v 0.197734 7.637983 0.098586
v 0.224947 7.625219 0.098736
v 0.217849 7.625434 0.098743
v 0.214861 7.626040 0.098733
v 0.206491 7.629640 0.098668
v 0.198310 7.637153 0.098651
v 0.195618 7.641453 0.098683
v 0.215866 7.625876 0.098588
v 0.212926 7.626660 0.098622
v 0.211008 7.627329 0.098689
v 0.201675 7.633358 0.098665
v 0.198911 7.636334 0.098729
v 0.223931 7.625182 0.098655
v 0.222917 7.625134 0.098677
v 0.216852 7.625631 0.098670
v 0.214872 7.626083 0.098636
v 0.210083 7.627750 0.098636
v 0.209160 7.628173 0.098654
v 0.205645 7.630201 0.098641
v 0.204832 7.630810 0.098572
v 0.203994 7.631384 0.098654
v 0.203224 7.632045 0.098579
v 0.202477 7.632731 0.098532
v 0.200980 7.634099 0.098584
v 0.196101 7.640559 0.098669
v 0.223926 7.625272 0.098513
v 0.222915 7.625206 0.098552
v 0.221901 7.625183 0.098583
v 0.220887 7.625192 0.098622
v 0.213896 7.626363 0.098612
v 0.211025 7.627371 0.098598
v 0.206544 7.629725 0.098502
v 0.199624 7.635606 0.098545
v 0.198400 7.637220 0.098471
v 0.195684 7.641486 0.098533
v 0.199003 7.636407 0.098497
v 0.197167 7.638831 0.098621
v 0.196664 7.639712 0.098542
v 0.224940 7.625303 0.098579
v 0.217864 7.625530 0.098551
v 0.205713 7.630303 0.098455
v 0.204078 7.631492 0.098441
v 0.219876 7.625284 0.098574
v 0.204891 7.630891 0.098438
v 0.200344 7.634891 0.098465
v 0.199740 7.635705 0.098367
v 0.197297 7.638914 0.098395
v 0.196184 7.640604 0.098495
v 0.216882 7.625795 0.098431
v 0.211993 7.627063 0.098509
v 0.222408 7.625289 0.098440
v 0.214907 7.626219 0.098439
v 0.223922 7.625358 0.098411
v 0.220893 7.625323 0.098434
v 0.219884 7.625383 0.098440
v 0.218874 7.625442 0.098491
v 0.215898 7.626022 0.098403
v 0.211066 7.627472 0.098449
v 0.209206 7.628267 0.098488
v 0.208290 7.628699 0.098531
v 0.195801 7.641545 0.098377
v 0.217880 7.625635 0.098419
v 0.210137 7.627870 0.098449
v 0.208369 7.628848 0.098343
v 0.207408 7.629196 0.098523
v 0.201742 7.633429 0.098503
v 0.201058 7.634175 0.098432
v 0.209260 7.628376 0.098357
v 0.203306 7.632143 0.098411
v 0.199143 7.636518 0.098311
v 0.198481 7.637280 0.098355
v 0.196279 7.640656 0.098368
v 0.219893 7.625486 0.098343
v 0.218886 7.625551 0.098370
v 0.212976 7.626812 0.098412
v 0.212041 7.627192 0.098358
v 0.207529 7.629406 0.098282
v 0.206634 7.629869 0.098324
v 0.205788 7.630415 0.098322
v 0.204958 7.630984 0.098326
v 0.204136 7.631566 0.098346
v 0.202219 7.633198 0.098335
v 0.200507 7.635040 0.098261
v 0.197895 7.638100 0.098351
v 0.213939 7.626509 0.098416
v 0.210642 7.627765 0.098345
v 0.201198 7.634312 0.098263
v 0.224922 7.625508 0.098341
v 0.223916 7.625453 0.098327
v 0.222911 7.625403 0.098338
v 0.212095 7.627340 0.098247
v 0.197426 7.638997 0.098261
v 0.196776 7.639778 0.098380
v 0.214941 7.626350 0.098314
v 0.206716 7.630001 0.098224
v 0.205857 7.630516 0.098242
v 0.198267 7.637746 0.098273
v 0.196294 7.640951 0.098243
v 0.224410 7.625603 0.098250
v 0.221905 7.625425 0.098320
v 0.203430 7.632293 0.098252
v 0.199893 7.635836 0.098216
v 0.198949 7.637003 0.098211
v 0.196954 7.639884 0.098216
v 0.220900 7.625483 0.098300
v 0.217899 7.625766 0.098307
v 0.215955 7.626279 0.098216
v 0.222908 7.625533 0.098248
v 0.221408 7.625608 0.098216
v 0.218903 7.625695 0.098268
v 0.217924 7.625932 0.098207
v 0.216925 7.626024 0.098245
v 0.214500 7.626641 0.098214
v 0.213991 7.626686 0.098264
v 0.213035 7.626991 0.098259
v 0.211157 7.627692 0.098252
v 0.210237 7.628093 0.098247
v 0.209329 7.628518 0.098246
v 0.208442 7.628983 0.098237
v 0.196059 7.641676 0.098169
v 0.201942 7.633637 0.098239
v 0.224398 7.625777 0.098172
v 0.216956 7.626194 0.098169
v 0.214527 7.626738 0.098172
v 0.202706 7.632987 0.098219
v 0.202430 7.633428 0.098156
v 0.199034 7.637069 0.098160
v 0.196559 7.640810 0.098155
v 0.219909 7.625684 0.098218
v 0.206390 7.630417 0.098150
v 0.205048 7.631108 0.098228
v 0.204248 7.631710 0.098224
v 0.203548 7.632435 0.098161
v 0.218928 7.625909 0.098165
v 0.213081 7.627129 0.098185
v 0.212163 7.627523 0.098161
v 0.210751 7.628017 0.098181
v 0.200006 7.635932 0.098148
v 0.221908 7.625696 0.098174
v 0.209413 7.628688 0.098160
v 0.208060 7.629328 0.098180
v 0.200995 7.634811 0.098159
v 0.198089 7.638234 0.098190
v 0.197325 7.639524 0.098156
v 0.220420 7.625844 0.098146
v 0.204781 7.631587 0.098134
v 0.201800 7.634207 0.098115
v 0.213140 7.627307 0.098131
v 0.198577 7.637969 0.098105
v 0.197449 7.639602 0.098107
v 0.196730 7.640904 0.098095
v 0.222904 7.625743 0.098159
v 0.217951 7.626108 0.098145
v 0.215509 7.626565 0.098148
v 0.210802 7.628137 0.098139
v 0.207496 7.629843 0.098127
v 0.200453 7.635661 0.098106
v 0.196102 7.642114 0.098091
v 0.218945 7.626055 0.098128
v 0.203291 7.632899 0.098110
v 0.208586 7.629254 0.098124
v 0.205680 7.631139 0.098105
v 0.199485 7.636790 0.098106
v 0.222406 7.625892 0.098124
v 0.216071 7.626617 0.098111
v 0.214095 7.627038 0.098125
v 0.210857 7.628265 0.098113
v 0.209490 7.628845 0.098117
v 0.204001 7.632449 0.098098
v 0.201901 7.634310 0.098093
v 0.218468 7.626225 0.098115
v 0.212600 7.627637 0.098111
v 0.207578 7.629984 0.098104
v 0.197523 7.639647 0.098089
v 0.223642 7.625947 0.098122
v 0.221296 7.626029 0.098114
v 0.220428 7.625977 0.098121
v 0.214842 7.626957 0.098112
v 0.197309 7.640239 0.098075
v 0.223673 7.631074 0.098100
v 0.224572 7.630856 0.098100
v 0.224718 7.630492 0.098101
v 0.224888 7.630138 0.098102
v 0.222868 7.631042 0.098100
v 0.225082 7.629797 0.098103
v 0.222062 7.631036 0.098100
v 0.225327 7.629431 0.098104
v 0.225596 7.629081 0.098105
v 0.225791 7.628861 0.098105
v 0.226177 7.628485 0.098106
v 0.226515 7.628201 0.098107
v 0.226875 7.627947 0.098108
v 0.227338 7.627671 0.098109
v 0.227601 7.627538 0.098109
v 0.227871 7.627420 0.098109
v 0.228238 7.627283 0.098110
v 0.228662 7.627160 0.098110
v 0.229190 7.627050 0.098110
v 0.229617 7.626999 0.098111
v 0.221257 7.631057 0.098100
v 0.220453 7.631106 0.098099
v 0.219650 7.631181 0.098099
v 0.218851 7.631283 0.098099
v 0.218056 7.631413 0.098098
v 0.217265 7.631568 0.098098
v 0.216480 7.631750 0.098097
v 0.215702 7.631958 0.098097
v 0.214931 7.632193 0.098096
v 0.214168 7.632452 0.098095
v 0.213414 7.632738 0.098095
v 0.212671 7.633049 0.098094
v 0.211938 7.633384 0.098093
v 0.211217 7.633744 0.098092
v 0.210509 7.634127 0.098091
v 0.209814 7.634534 0.098090
v 0.209133 7.634965 0.098089
v 0.208466 7.635417 0.098087
v 0.207816 7.635893 0.098086
v 0.207181 7.636389 0.098085
v 0.206564 7.636907 0.098084
v 0.205965 7.637444 0.098082
v 0.205383 7.638002 0.098081
v 0.204821 7.638579 0.098079
v 0.204279 7.639175 0.098078
v 0.203757 7.639788 0.098076
v 0.200703 7.641338 0.098072
v 0.200311 7.641314 0.098072
v 0.199919 7.641315 0.098072
v 0.199625 7.641332 0.098072
v 0.199187 7.641389 0.098072
v 0.198754 7.641475 0.098071
v 0.198470 7.641550 0.098071
v 0.198052 7.641692 0.098071
v 0.197645 7.641862 0.098070
v 0.197295 7.642039 0.098070
v 0.197040 7.642186 0.098069
v 0.196794 7.642347 0.098069
v 0.196478 7.642580 0.098068
v 0.196179 7.642833 0.098068
v 0.195891 7.643112 0.098067
v 0.203256 7.640419 0.098074
v 0.200995 7.641373 0.098072
v 0.201189 7.641405 0.098072
v 0.201524 7.641478 0.098071
v 0.202776 7.641066 0.098073
v 0.202042 7.641627 0.098071
v 0.202318 7.641728 0.098071
v 0.224477 7.631134 0.098100
v 0.224573 7.630846 0.096060
v 0.224774 7.630369 0.096049
v 0.224946 7.630023 0.096058
v 0.226224 7.628438 0.096056
v 0.226571 7.628153 0.096063
v 0.226937 7.627902 0.096064
v 0.227389 7.627640 0.096062
v 0.227778 7.627454 0.096066
v 0.228139 7.627312 0.096067
v 0.228918 7.627095 0.096060
v 0.229299 7.627028 0.096066
v 0.229752 7.626984 0.096062
v 0.230245 7.626976 0.096052
v 0.230723 7.627005 0.096069
v 0.231274 7.627087 0.096067
v 0.231734 7.627200 0.096059
v 0.232297 7.627385 0.096002
v 0.232801 7.627618 0.096061
v 0.233117 7.627791 0.096069
v 0.233404 7.627971 0.096064
v 0.233615 7.628120 0.096068
v 0.234077 7.628498 0.096067
v 0.234464 7.628885 0.096066
v 0.234997 7.629555 0.095976
v 0.235202 7.629881 0.096057
v 0.235377 7.630204 0.096048
v 0.224822 7.631016 0.095892
v 0.224624 7.631141 0.095866
v 0.224517 7.631130 0.095953
v 0.224576 7.630887 0.095997
v 0.225098 7.629765 0.096060
v 0.228506 7.627196 0.096063
v 0.234764 7.629236 0.095980
v 0.235549 7.630720 0.095937
v 0.235442 7.630580 0.095900
v 0.234408 7.629260 0.095898
v 0.233742 7.628591 0.095899
v 0.233450 7.628365 0.095902
v 0.233207 7.628191 0.095900
v 0.232844 7.627974 0.095902
v 0.232724 7.627895 0.095897
v 0.232336 7.627713 0.095899
v 0.232134 7.627642 0.095903
v 0.231892 7.627550 0.095902
v 0.231598 7.627464 0.095903
v 0.231232 7.627378 0.095904
v 0.230879 7.627308 0.095900
v 0.229895 7.627263 0.095901
v 0.229491 7.627295 0.095902
v 0.229274 7.627326 0.095903
v 0.228854 7.627410 0.095903
v 0.228057 7.627650 0.095900
v 0.226936 7.628249 0.095899
v 0.228740 7.631154 0.097629
v 0.226400 7.628670 0.095899
v 0.226123 7.628932 0.095899
v 0.225934 7.629135 0.095899
v 0.225716 7.629392 0.095897
v 0.225406 7.629828 0.095896
v 0.225183 7.630206 0.095896
v 0.234929 7.629981 0.095894
v 0.235042 7.630197 0.095897
v 0.235185 7.630424 0.095887
v 0.235200 7.630506 0.095895
v 0.224481 7.631124 0.096033
v 0.227585 7.627846 0.095894
v 0.226024 7.628972 0.095882
v 0.228465 7.627511 0.095902
v 0.234106 7.628929 0.095898
v 0.231543 7.627409 0.095889
v 0.234701 7.629631 0.095895
v 0.230439 7.627270 0.095902
v 0.234138 7.628896 0.095882
v 0.230727 7.627214 0.095884
v 0.225399 7.629763 0.095883
v 0.228324 7.627474 0.095883
v 0.229120 7.627310 0.095888
v 0.232617 7.627775 0.095882
v 0.225039 7.630449 0.095888
v 0.233521 7.628328 0.095884
v 0.226764 7.628307 0.095883
v 0.224880 7.630573 0.095875
v 0.229925 7.627137 0.095888
v 0.234243 7.628840 0.095893
v 0.231760 7.627365 0.095888
v 0.235009 7.629816 0.095892
v 0.235160 7.630219 0.095876
v 0.227349 7.627838 0.095887
v 0.230794 7.627161 0.095891
v 0.224838 7.630458 0.095903
v 0.232312 7.627541 0.095894
v 0.234570 7.629267 0.095881
v 0.228187 7.627433 0.095899
v 0.226102 7.628757 0.095886
v 0.230211 7.627047 0.095929
v 0.231194 7.627142 0.095933
v 0.229095 7.627204 0.095893
v 0.233850 7.628453 0.095899
v 0.226693 7.628216 0.095897
v 0.233312 7.628032 0.095909
v 0.228955 7.627151 0.095938
v 0.226193 7.628567 0.095921
v 0.227360 7.627741 0.095923
v 0.231736 7.627270 0.095934
v 0.225434 7.629504 0.095890
v 0.226785 7.628081 0.095931
v 0.232812 7.627733 0.095910
v 0.225721 7.629071 0.095909
v 0.232415 7.627472 0.095979
v 0.224711 7.630565 0.095983
v 0.225090 7.629965 0.095909
v 0.226441 7.628284 0.095990
v 0.230657 7.627053 0.095945
v 0.225166 7.629708 0.095980
v 0.228113 7.627364 0.095968
v 0.225469 7.629281 0.095971
v 0.227073 7.627841 0.096000
v 0.234194 7.628679 0.095947
v 0.225878 7.628812 0.095970
v 0.232827 7.627651 0.096008
v 0.224944 7.630068 0.095990
v 0.227694 7.627522 0.095985
v 0.229242 7.627055 0.096002
v 0.231328 7.627109 0.096010
v 0.235265 7.630062 0.095966
v 0.225309 7.629453 0.096046
v 0.225897 7.628746 0.096050
v 0.228534 7.627206 0.095999
v 0.229666 7.627039 0.095955
v 0.234354 7.628785 0.096014
v 0.230786 7.627019 0.096021
v 0.233697 7.628209 0.096000
v 0.233321 7.627942 0.095997
v 0.225533 7.629156 0.096050
v 0.225729 7.628930 0.096041
v 0.233897 7.628346 0.096050
v 0.224793 7.635409 0.095733
v 0.224711 7.635231 0.095733
v 0.228069 7.633674 0.097622
v 0.224636 7.635050 0.095733
v 0.224566 7.634867 0.095734
v 0.224502 7.634682 0.095734
v 0.227984 7.633409 0.097623
v 0.224445 7.634494 0.095735
v 0.224394 7.634305 0.095735
v 0.224349 7.634114 0.095736
v 0.224311 7.633922 0.095736
v 0.227936 7.633163 0.097623
v 0.224279 7.633729 0.095737
v 0.224253 7.633534 0.095737
v 0.224234 7.633339 0.095738
v 0.227919 7.632997 0.097624
v 0.224222 7.633144 0.095738
v 0.224216 7.632948 0.095739
v 0.227915 7.632885 0.097624
v 0.224216 7.632752 0.095739
v 0.224223 7.632556 0.095740
v 0.227918 7.632774 0.097624
v 0.224237 7.632361 0.095740
v 0.227929 7.632627 0.097625
v 0.224258 7.632153 0.095741
v 0.224262 7.632099 0.095740
v 0.224263 7.632023 0.095735
v 0.227944 7.632516 0.097625
v 0.224260 7.631961 0.095729
v 0.224255 7.631920 0.095723
v 0.224245 7.631858 0.095713
v 0.224230 7.631791 0.095700
v 0.224212 7.631731 0.095685
v 0.224191 7.631674 0.095669
v 0.224164 7.631613 0.095650
v 0.227965 7.632407 0.097625
v 0.224128 7.631544 0.095624
v 0.224091 7.631486 0.095600
v 0.224058 7.631440 0.095578
v 0.224007 7.631379 0.095546
v 0.223951 7.631321 0.095512
v 0.227991 7.632298 0.097626
v 0.223896 7.631273 0.095478
v 0.223853 7.631239 0.095453
v 0.223822 7.631217 0.095435
v 0.223774 7.631187 0.095407
v 0.223707 7.631151 0.095370
v 0.223640 7.631121 0.095333
v 0.223589 7.631101 0.095305
v 0.223566 7.631094 0.095293
v 0.223543 7.631087 0.095281
v 0.223806 7.631074 0.095408
v 0.223503 7.631076 0.095260
v 0.223424 7.631060 0.095219
v 0.223343 7.631050 0.095177
v 0.223306 7.631047 0.095159
v 0.224297 7.631111 0.095653
v 0.228029 7.632174 0.097626
v 0.228126 7.631933 0.097627
v 0.228202 7.631784 0.097627
v 0.228291 7.631643 0.097627
v 0.228461 7.631423 0.097628
v 0.228615 7.631262 0.097628
v 0.228861 7.631065 0.097629
v 0.229063 7.630938 0.097629
v 0.229233 7.630857 0.097629
v 0.229389 7.630796 0.097630
v 0.229630 7.630728 0.097630
v 0.229997 7.630676 0.097630
v 0.230229 7.630675 0.097630
v 0.230359 7.630685 0.097630
v 0.230524 7.630711 0.097630
v 0.230687 7.630748 0.097630
v 0.230794 7.630779 0.097630
v 0.230916 7.630824 0.097630
v 0.231103 7.630906 0.097629
v 0.231281 7.631007 0.097629
v 0.231419 7.631100 0.097629
v 0.231536 7.631192 0.097629
v 0.231646 7.631291 0.097628
v 0.231761 7.631413 0.097628
v 0.231900 7.631587 0.097628
v 0.232012 7.631757 0.097627
v 0.232083 7.631887 0.097627
v 0.232165 7.632074 0.097626
v 0.232220 7.632233 0.097626
v 0.232267 7.632421 0.097626
v 0.232310 7.632743 0.097625
v 0.232309 7.633021 0.097624
v 0.232292 7.633187 0.097624
v 0.232261 7.633351 0.097623
v 0.232189 7.633601 0.097623
v 0.232143 7.633722 0.097622
v 0.232097 7.633823 0.097622
v 0.232028 7.633955 0.097622
v 0.231950 7.634081 0.097621
v 0.231830 7.634246 0.097621
v 0.231635 7.634458 0.097620
v 0.231459 7.634609 0.097620
v 0.231260 7.634745 0.097620
v 0.231014 7.634875 0.097619
v 0.230806 7.634956 0.097619
v 0.230682 7.634994 0.097619
v 0.230455 7.635040 0.097619
v 0.230159 7.635066 0.097619
v 0.229927 7.635059 0.097619
v 0.229798 7.635045 0.097619
v 0.229724 7.635033 0.097619
v 0.229615 7.635010 0.097619
v 0.229454 7.634965 0.097619
v 0.229262 7.634896 0.097619
v 0.229127 7.634833 0.097619
v 0.228911 7.634707 0.097620
v 0.228709 7.634559 0.097620
v 0.228611 7.634474 0.097620
v 0.228558 7.634422 0.097620
v 0.228404 7.634249 0.097621
v 0.228267 7.634061 0.097621
v 0.228199 7.633950 0.097621
v 0.228164 7.633885 0.097622
v 0.235351 7.630849 0.095892
v 0.235422 7.631063 0.095895
v 0.235587 7.631658 0.095893
v 0.235666 7.631994 0.095887
v 0.235706 7.633300 0.095888
v 0.235598 7.634040 0.095886
v 0.235747 7.635146 0.095644
v 0.236152 7.635425 0.095398
v 0.236346 7.635598 0.095272
v 0.236235 7.635560 0.095332
v 0.236276 7.635572 0.095310
v 0.235761 7.635544 0.095554
v 0.235476 7.635651 0.095660
v 0.235308 7.635769 0.095706
v 0.235139 7.635959 0.095731
v 0.235179 7.635904 0.095728
v 0.235007 7.636160 0.095731
v 0.234893 7.636324 0.095731
v 0.234773 7.636484 0.095730
v 0.234647 7.636639 0.095730
v 0.234517 7.636791 0.095730
v 0.234381 7.636937 0.095729
v 0.234240 7.637079 0.095729
v 0.234095 7.637217 0.095729
v 0.233945 7.637349 0.095728
v 0.233791 7.637476 0.095728
v 0.233632 7.637598 0.095728
v 0.233469 7.637714 0.095727
v 0.233303 7.637825 0.095727
v 0.233133 7.637930 0.095727
v 0.232959 7.638030 0.095726
v 0.232782 7.638123 0.095726
v 0.232602 7.638210 0.095726
v 0.232420 7.638291 0.095726
v 0.232234 7.638366 0.095725
v 0.232046 7.638435 0.095725
v 0.231856 7.638497 0.095725
v 0.231664 7.638553 0.095725
v 0.231470 7.638602 0.095725
v 0.231275 7.638644 0.095725
v 0.231078 7.638680 0.095725
v 0.230880 7.638710 0.095725
v 0.230681 7.638732 0.095724
v 0.230482 7.638748 0.095724
v 0.230282 7.638757 0.095724
v 0.230082 7.638759 0.095724
v 0.229882 7.638755 0.095724
v 0.229682 7.638743 0.095724
v 0.229483 7.638725 0.095724
v 0.229285 7.638700 0.095724
v 0.229087 7.638669 0.095724
v 0.228891 7.638631 0.095725
v 0.228696 7.638586 0.095725
v 0.228503 7.638535 0.095725
v 0.228311 7.638477 0.095725
v 0.228122 7.638412 0.095725
v 0.227935 7.638342 0.095725
v 0.227750 7.638265 0.095725
v 0.227568 7.638182 0.095726
v 0.227389 7.638093 0.095726
v 0.227213 7.637997 0.095726
v 0.227041 7.637896 0.095726
v 0.226872 7.637789 0.095727
v 0.226707 7.637676 0.095727
v 0.226546 7.637558 0.095727
v 0.226388 7.637434 0.095727
v 0.226235 7.637305 0.095728
v 0.226087 7.637172 0.095728
v 0.225943 7.637033 0.095728
v 0.225804 7.636889 0.095729
v 0.225670 7.636741 0.095729
v 0.225541 7.636588 0.095730
v 0.225417 7.636431 0.095730
v 0.225299 7.636270 0.095730
v 0.225186 7.636105 0.095731
v 0.225079 7.635936 0.095731
v 0.224978 7.635764 0.095732
v 0.224883 7.635588 0.095732
v 0.235219 7.635857 0.095723
v 0.235262 7.635812 0.095716
v 0.235367 7.635721 0.095692
v 0.235412 7.635689 0.095679
v 0.235536 7.635620 0.095640
v 0.235607 7.635589 0.095615
v 0.235679 7.635565 0.095588
v 0.235846 7.635530 0.095518
v 0.235922 7.635524 0.095484
v 0.236005 7.635524 0.095446
v 0.236085 7.635530 0.095408
v 0.236181 7.635547 0.095360
v 0.236437 7.635641 0.095220
v 0.236508 7.635683 0.095179
v 0.236538 7.635703 0.095160
v 0.236558 7.635717 0.095148
v 0.235519 7.630497 0.096062
v 0.235511 7.631335 0.095892
v 0.235659 7.633688 0.095888
v 0.235666 7.633861 0.095874
v 0.235505 7.634434 0.095882
v 0.235382 7.634795 0.095882
v 0.235660 7.634726 0.095935
v 0.235560 7.635021 0.095936
v 0.235599 7.635047 0.096005
v 0.235755 7.634592 0.096042
v 0.235832 7.634314 0.096035
v 0.235975 7.633538 0.096040
v 0.236002 7.633247 0.096049
v 0.236012 7.632812 0.096049
v 0.235983 7.632258 0.096054
v 0.235913 7.631778 0.096054
v 0.235838 7.631433 0.096056
v 0.235748 7.631125 0.096041
v 0.235621 7.630749 0.096059
v 0.235605 7.630738 0.096009
v 0.235710 7.632504 0.095890
v 0.235783 7.633017 0.095858
v 0.235541 7.631279 0.095877
v 0.235779 7.632094 0.095875
v 0.235479 7.634966 0.095859
v 0.235567 7.631066 0.095878
v 0.235761 7.633798 0.095868
v 0.235722 7.631275 0.095919
v 0.235917 7.632480 0.095908
v 0.235909 7.633305 0.095904
v 0.235506 7.634985 0.095875
v 0.235799 7.631739 0.095897
v 0.235774 7.634156 0.095895
v 0.235801 7.634289 0.095949
v 0.235838 7.631527 0.095982
v 0.235990 7.633061 0.095979
v 0.235945 7.633633 0.095975
v 0.235984 7.632513 0.095984
v 0.235939 7.632041 0.095991
v 0.235901 7.634019 0.095975
v 0.236560 7.635674 0.080182
v 0.237180 7.636148 0.080181
v 0.237785 7.636642 0.080180
v 0.238374 7.637155 0.080179
v 0.238946 7.637687 0.080177
v 0.239500 7.638237 0.080176
v 0.240035 7.638806 0.080175
v 0.240552 7.639391 0.080173
v 0.241050 7.639993 0.080172
v 0.241528 7.640611 0.080170
v 0.241985 7.641243 0.080168
v 0.242421 7.641891 0.080167
v 0.242837 7.642552 0.080165
v 0.243230 7.643226 0.080163
v 0.243601 7.643913 0.080162
v 0.243950 7.644612 0.080160
v 0.236795 7.635872 0.080023
v 0.236746 7.635936 0.079780
v 0.236281 7.635782 0.079545
v 0.236396 7.635736 0.079706
v 0.236432 7.636220 0.079359
v 0.236305 7.636454 0.079264
v 0.242620 7.643996 0.079225
v 0.245228 7.652703 0.079198
v 0.245322 7.655862 0.079190
v 0.245721 7.655244 0.079282
v 0.245835 7.655838 0.079348
v 0.246036 7.655692 0.079512
v 0.246185 7.655833 0.079733
v 0.246268 7.655830 0.079980
v 0.246291 7.655662 0.080116
v 0.246280 7.655969 0.080131
v 0.246300 7.655188 0.080133
v 0.246300 7.654847 0.080094
v 0.246295 7.654408 0.080135
v 0.246266 7.654034 0.079985
v 0.246264 7.653628 0.080137
v 0.246209 7.652863 0.080052
v 0.246128 7.652085 0.080056
v 0.245888 7.650530 0.080145
v 0.245731 7.649765 0.080147
v 0.245549 7.649006 0.080149
v 0.245343 7.648253 0.080151
v 0.245112 7.647508 0.080153
v 0.244857 7.646770 0.080154
v 0.244601 7.646104 0.080104
v 0.244578 7.646041 0.080156
v 0.244276 7.645321 0.080158
v 0.243940 7.644616 0.080039
v 0.243576 7.643888 0.080052
v 0.243190 7.643171 0.080064
v 0.242773 7.642471 0.080038
v 0.242337 7.641784 0.080040
v 0.240374 7.639187 0.080134
v 0.239827 7.638583 0.080131
v 0.239262 7.637997 0.080161
v 0.238675 7.637432 0.080162
v 0.238070 7.636887 0.080147
v 0.236833 7.637056 0.079241
v 0.244355 7.648149 0.079214
v 0.239700 7.639806 0.079234
v 0.244988 7.650738 0.079206
v 0.245336 7.654486 0.079194
v 0.241141 7.641628 0.079225
v 0.238268 7.638297 0.079239
v 0.244916 7.649775 0.079225
v 0.245446 7.654652 0.079204
v 0.243047 7.644605 0.079236
v 0.238195 7.637943 0.079279
v 0.237287 7.637180 0.079272
v 0.243773 7.646472 0.079213
v 0.242998 7.644187 0.079275
v 0.242577 7.643515 0.079262
v 0.241790 7.642377 0.079245
v 0.239519 7.639408 0.079254
v 0.243471 7.645276 0.079256
v 0.245233 7.651318 0.079225
v 0.242022 7.642463 0.079286
v 0.240588 7.640571 0.079266
v 0.244378 7.647882 0.079227
v 0.245393 7.652687 0.079219
v 0.244074 7.646736 0.079251
v 0.241380 7.641462 0.079297
v 0.240130 7.639924 0.079284
v 0.239062 7.638755 0.079285
v 0.244563 7.647823 0.079282
v 0.244697 7.648610 0.079246
v 0.245496 7.652079 0.079268
v 0.245613 7.654453 0.079243
v 0.243129 7.644119 0.079339
v 0.242717 7.643435 0.079323
v 0.239720 7.639226 0.079352
v 0.244933 7.648956 0.079294
v 0.245028 7.649749 0.079255
v 0.240940 7.640800 0.079313
v 0.243952 7.645931 0.079324
v 0.245617 7.653263 0.079267
v 0.243451 7.644848 0.079319
v 0.238913 7.638344 0.079367
v 0.245337 7.650899 0.079278
v 0.245490 7.651277 0.079319
v 0.245666 7.652460 0.079324
v 0.242166 7.642372 0.079367
v 0.241516 7.641366 0.079380
v 0.240521 7.640116 0.079364
v 0.238042 7.637523 0.079369
v 0.237120 7.636760 0.079357
v 0.244399 7.647039 0.079328
v 0.245763 7.653252 0.079336
v 0.245759 7.654051 0.079309
v 0.245268 7.650103 0.079319
v 0.243784 7.645133 0.079429
v 0.243270 7.644046 0.079442
v 0.245420 7.650071 0.079416
v 0.237230 7.636625 0.079471
v 0.244880 7.647737 0.079468
v 0.244945 7.648540 0.079360
v 0.238747 7.637942 0.079487
v 0.237869 7.637115 0.079502
v 0.245174 7.649306 0.079371
v 0.242862 7.643354 0.079422
v 0.241091 7.640685 0.079425
v 0.244247 7.646243 0.079417
v 0.244605 7.646966 0.079484
v 0.245619 7.651257 0.079402
v 0.245867 7.652439 0.079472
v 0.245936 7.653240 0.079466
v 0.243167 7.643645 0.079534
v 0.242532 7.642617 0.079498
v 0.242082 7.641951 0.079479
v 0.241683 7.641248 0.079550
v 0.245591 7.650035 0.079594
v 0.245766 7.651234 0.079537
v 0.242185 7.641882 0.079613
v 0.245960 7.654044 0.079444
v 0.245932 7.654847 0.079406
v 0.240110 7.639416 0.079461
v 0.239606 7.638789 0.079500
v 0.244401 7.646183 0.079571
v 0.241223 7.640585 0.079573
v 0.240689 7.639980 0.079529
v 0.244067 7.645448 0.079546
v 0.246059 7.654444 0.079531
v 0.243742 7.644710 0.079559
v 0.242822 7.642913 0.079606
v 0.239108 7.638149 0.079591
v 0.245186 7.648472 0.079578
v 0.245393 7.649252 0.079579
v 0.242672 7.642532 0.079699
v 0.237339 7.636492 0.079664
v 0.245806 7.650818 0.079678
v 0.246027 7.652422 0.079666
v 0.246089 7.653229 0.079647
v 0.243430 7.643962 0.079631
v 0.240331 7.639229 0.079811
v 0.239713 7.638689 0.079668
v 0.239199 7.638059 0.079797
v 0.243075 7.643235 0.079683
v 0.242284 7.641818 0.079815
v 0.238617 7.637500 0.079756
v 0.237975 7.636993 0.079699
v 0.246163 7.654037 0.079696
v 0.239793 7.638614 0.079899
v 0.245963 7.651614 0.079735
v 0.243847 7.644660 0.079733
v 0.243521 7.643916 0.079815
v 0.241817 7.641154 0.079793
v 0.244500 7.646143 0.079727
v 0.240842 7.639856 0.079824
v 0.244189 7.645395 0.079733
v 0.244790 7.646901 0.079737
v 0.243145 7.643196 0.079852
v 0.242726 7.642499 0.079829
v 0.241333 7.640502 0.079787
v 0.237419 7.636394 0.079915
v 0.245105 7.647652 0.079868
v 0.245340 7.648429 0.079860
v 0.241384 7.640464 0.079956
v 0.245707 7.650012 0.079800
v 0.245895 7.650803 0.079880
v 0.246021 7.651310 0.080046
v 0.246122 7.652412 0.079870
v 0.246176 7.653224 0.079819
v 0.238051 7.636908 0.079966
v 0.244264 7.645363 0.079944
v 0.245561 7.649212 0.079900
v 0.241880 7.641110 0.080053
v 0.237444 7.636365 0.080105
v 0.244574 7.646115 0.079927
v 0.245384 7.648417 0.080066
v 0.245931 7.650797 0.080060
v 0.246244 7.654850 0.079786
v 0.241402 7.640450 0.080103
v 0.240897 7.639812 0.080098
v 0.239250 7.638009 0.080016
v 0.244869 7.646873 0.079956
v 0.245149 7.647638 0.080068
v 0.245775 7.649998 0.080059
v 0.238672 7.637435 0.080094
v 0.244286 7.645353 0.080094
v 0.245596 7.649204 0.080084
v 0.244890 7.646866 0.080114
v 0.235488 7.635601 0.080180
v 0.236434 7.636065 0.079437
v 0.235555 7.635567 0.080180
v 0.235642 7.635533 0.080180
v 0.235714 7.635511 0.080180
v 0.236518 7.635645 0.080182
v 0.236462 7.635611 0.080178
v 0.236394 7.635575 0.080183
v 0.236310 7.635540 0.080179
v 0.236264 7.635524 0.080175
v 0.236214 7.635510 0.080179
v 0.236140 7.635494 0.080179
v 0.236063 7.635483 0.080183
v 0.235988 7.635479 0.080181
v 0.235889 7.635482 0.080178
v 0.235787 7.635495 0.080183
v 0.235302 7.635730 0.080180
v 0.235208 7.635826 0.080174
v 0.235164 7.635880 0.080181
v 0.235131 7.635927 0.080178
v 0.235172 7.636389 0.079518
v 0.235756 7.635841 0.079457
v 0.236056 7.636033 0.079347
v 0.235956 7.636358 0.079248
v 0.236075 7.636204 0.079282
v 0.235834 7.636163 0.079300
v 0.235530 7.636168 0.079388
v 0.235427 7.636010 0.079527
v 0.235447 7.635784 0.079723
v 0.235876 7.635627 0.079710
v 0.236019 7.635520 0.079840
v 0.235680 7.635539 0.080051
v 0.235588 7.635642 0.079820
v 0.235451 7.635630 0.080113
v 0.235408 7.635648 0.080178
v 0.235309 7.635798 0.079818
v 0.235354 7.635687 0.080179
v 0.235253 7.635777 0.080180
v 0.236136 7.635702 0.079615
v 0.236483 7.635659 0.079981
v 0.236287 7.635541 0.080097
v 0.236036 7.635489 0.080107
v 0.224884 7.635543 0.080182
v 0.224794 7.635364 0.080182
v 0.224737 7.635299 0.079987
v 0.224650 7.636057 0.079387
v 0.224223 7.635707 0.079293
v 0.223620 7.635056 0.079241
v 0.233546 7.638761 0.079232
v 0.235219 7.637421 0.079235
v 0.235587 7.636565 0.079274
v 0.235194 7.635856 0.080113
v 0.235009 7.636115 0.080181
v 0.232628 7.638255 0.079788
v 0.230038 7.639172 0.079380
v 0.234894 7.636279 0.080181
v 0.227058 7.638809 0.079245
v 0.234774 7.636439 0.080180
v 0.234649 7.636594 0.080180
v 0.234518 7.636746 0.080179
v 0.227888 7.638909 0.079311
v 0.234382 7.636893 0.080179
v 0.226028 7.638196 0.079242
v 0.234241 7.637035 0.080179
v 0.233591 7.637675 0.079823
v 0.230120 7.638929 0.079585
v 0.234096 7.637172 0.080178
v 0.230735 7.638827 0.079688
v 0.229088 7.639137 0.079353
v 0.233946 7.637304 0.080178
v 0.234106 7.637173 0.080050
v 0.233792 7.637431 0.080178
v 0.225607 7.637673 0.079267
v 0.233633 7.637553 0.080177
v 0.231442 7.638737 0.079654
v 0.228511 7.638877 0.079438
v 0.233471 7.637670 0.080177
v 0.233570 7.637605 0.080089
v 0.233304 7.637780 0.080177
v 0.231108 7.638685 0.079875
v 0.226731 7.638384 0.079302
v 0.233134 7.637886 0.080176
v 0.232210 7.638356 0.079972
v 0.232960 7.637985 0.080176
v 0.233092 7.637916 0.080079
v 0.231586 7.638546 0.080005
v 0.230500 7.638766 0.079848
v 0.232784 7.638078 0.080176
v 0.232580 7.638197 0.080005
v 0.224717 7.636850 0.079249
v 0.232604 7.638165 0.080176
v 0.229429 7.638941 0.079540
v 0.232421 7.638247 0.080175
v 0.229846 7.638792 0.079795
v 0.227166 7.638372 0.079426
v 0.232235 7.638321 0.080175
v 0.228324 7.638687 0.079560
v 0.232047 7.638390 0.080175
v 0.232134 7.638362 0.080093
v 0.229186 7.638707 0.079846
v 0.224112 7.635982 0.079245
v 0.231857 7.638452 0.080175
v 0.226312 7.637932 0.079373
v 0.231665 7.638508 0.080175
v 0.230944 7.638659 0.080091
v 0.231471 7.638557 0.080175
v 0.230496 7.638711 0.080057
v 0.224776 7.636593 0.079300
v 0.231276 7.638600 0.080174
v 0.225750 7.637414 0.079394
v 0.231079 7.638636 0.080174
v 0.230881 7.638665 0.080174
v 0.230683 7.638688 0.080174
v 0.227310 7.638212 0.079630
v 0.230483 7.638703 0.080174
v 0.230283 7.638712 0.080174
v 0.226017 7.637320 0.079629
v 0.230083 7.638714 0.080174
v 0.228032 7.638491 0.079695
v 0.226960 7.637947 0.079717
v 0.226441 7.637713 0.079583
v 0.225299 7.636801 0.079463
v 0.229883 7.638710 0.080174
v 0.229684 7.638699 0.080174
v 0.229831 7.638721 0.080015
v 0.228021 7.638341 0.080033
v 0.229484 7.638680 0.080174
v 0.229286 7.638656 0.080174
v 0.229295 7.638661 0.080088
v 0.227549 7.638165 0.079929
v 0.229088 7.638624 0.080174
v 0.228698 7.638576 0.079942
v 0.224999 7.636244 0.079540
v 0.228892 7.638586 0.080174
v 0.228697 7.638541 0.080174
v 0.228504 7.638490 0.080175
v 0.228312 7.638432 0.080175
v 0.226240 7.637321 0.079910
v 0.228123 7.638368 0.080175
v 0.227089 7.637930 0.079901
v 0.227936 7.638297 0.080175
v 0.227751 7.638220 0.080175
v 0.227569 7.638137 0.080175
v 0.227416 7.638061 0.080148
v 0.227215 7.637952 0.080176
v 0.227042 7.637851 0.080176
v 0.226873 7.637744 0.080176
v 0.226919 7.637776 0.080096
v 0.224964 7.635982 0.079680
v 0.226708 7.637631 0.080177
v 0.226547 7.637513 0.080177
v 0.225474 7.636603 0.079792
v 0.226390 7.637390 0.080177
v 0.226549 7.637539 0.080003
v 0.226237 7.637261 0.080177
v 0.226088 7.637127 0.080178
v 0.225944 7.636988 0.080178
v 0.225805 7.636844 0.080179
v 0.225671 7.636696 0.080179
v 0.225744 7.636828 0.079954
v 0.225267 7.636189 0.080069
v 0.224999 7.635810 0.079969
v 0.225542 7.636543 0.080179
v 0.225419 7.636386 0.080180
v 0.225300 7.636225 0.080180
v 0.225188 7.636060 0.080180
v 0.225081 7.635891 0.080181
v 0.224979 7.635719 0.080181
v 0.231001 7.638958 0.079494
v 0.232293 7.638528 0.079589
v 0.227894 7.639228 0.079236
v 0.229163 7.639349 0.079272
v 0.233066 7.638087 0.079697
v 0.234494 7.636816 0.079969
v 0.233604 7.637872 0.079563
v 0.230413 7.639310 0.079309
v 0.234886 7.636319 0.080017
v 0.234232 7.637176 0.079775
v 0.231448 7.639121 0.079331
v 0.232848 7.638446 0.079451
v 0.234025 7.637485 0.079624
v 0.234774 7.636595 0.079778
v 0.228587 7.639495 0.079231
v 0.230511 7.639617 0.079230
v 0.234254 7.637448 0.079495
v 0.233393 7.638243 0.079392
v 0.232125 7.639143 0.079263
v 0.232184 7.638797 0.079401
v 0.233108 7.638617 0.079299
v 0.234932 7.636972 0.079384
v 0.234720 7.636878 0.079565
v 0.233851 7.638042 0.079350
v 0.231924 7.639415 0.079232
v 0.233051 7.638782 0.079260
v 0.234071 7.638198 0.079256
v 0.233431 7.638760 0.079235
v 0.234456 7.637675 0.079310
v 0.234757 7.637784 0.079239
v 0.235360 7.637080 0.079246
v 0.223269 7.633473 0.079245
v 0.224713 7.635186 0.080183
v 0.224637 7.635005 0.080183
v 0.224567 7.634822 0.080184
v 0.224504 7.634637 0.080184
v 0.224446 7.634449 0.080185
v 0.224395 7.634260 0.080185
v 0.224351 7.634069 0.080186
v 0.224312 7.633877 0.080186
v 0.224280 7.633684 0.080187
v 0.224255 7.633490 0.080187
v 0.224236 7.633295 0.080188
v 0.224223 7.633099 0.080188
v 0.224217 7.632903 0.080189
v 0.224217 7.632707 0.080189
v 0.224224 7.632512 0.080190
v 0.224238 7.632316 0.080190
v 0.224260 7.632104 0.080191
v 0.224222 7.633148 0.080087
v 0.224215 7.632458 0.080048
v 0.224459 7.634527 0.080057
v 0.224334 7.634029 0.080063
v 0.224207 7.633578 0.079873
v 0.224234 7.634286 0.079677
v 0.224460 7.634738 0.079827
v 0.224140 7.632682 0.079831
v 0.223973 7.632466 0.079562
v 0.224069 7.633375 0.079658
v 0.223811 7.632759 0.079433
v 0.224023 7.634228 0.079463
v 0.224419 7.635143 0.079561
v 0.224343 7.635360 0.079422
v 0.223970 7.633712 0.079505
v 0.223867 7.634616 0.079321
v 0.223683 7.632089 0.079341
v 0.223691 7.633338 0.079344
v 0.223446 7.632510 0.079270
v 0.223446 7.633645 0.079261
v 0.223284 7.632270 0.079249
v 0.223650 7.634738 0.079253
v 0.224220 7.631757 0.080094
v 0.224220 7.631706 0.080192
v 0.224238 7.631771 0.080191
v 0.224251 7.631837 0.080191
v 0.224260 7.631903 0.080191
v 0.224264 7.631970 0.080191
v 0.224264 7.632037 0.080191
v 0.224111 7.631666 0.079824
v 0.223876 7.631954 0.079452
v 0.224256 7.632005 0.080100
v 0.224111 7.632098 0.079706
v 0.224185 7.631968 0.079846
v 0.224194 7.631635 0.080192
v 0.223945 7.631717 0.079562
v 0.224157 7.631551 0.080192
v 0.224124 7.631492 0.080192
v 0.224088 7.631435 0.080192
v 0.224046 7.631379 0.080190
v 0.224082 7.631444 0.080106
v 0.223988 7.631354 0.080014
v 0.223998 7.631324 0.080193
v 0.223926 7.631254 0.080193
v 0.223868 7.631206 0.080193
v 0.223890 7.631229 0.080123
v 0.223730 7.631136 0.080055
v 0.223824 7.631175 0.080191
v 0.223749 7.631129 0.080191
v 0.223681 7.631094 0.080193
v 0.223619 7.631068 0.080193
v 0.223571 7.631052 0.080193
v 0.223523 7.631037 0.080193
v 0.223474 7.631025 0.080193
v 0.223471 7.631033 0.080130
v 0.223399 7.631013 0.080193
v 0.223340 7.631006 0.080193
v 0.223307 7.631004 0.080193
v 0.223424 7.631070 0.079917
v 0.223672 7.631750 0.079371
v 0.223572 7.631193 0.079669
v 0.223672 7.631433 0.079485
v 0.224013 7.631887 0.079582
v 0.223800 7.631539 0.079537
v 0.223897 7.631382 0.079781
v 0.223258 7.631723 0.079290
v 0.223274 7.631499 0.079382
v 0.223216 7.631225 0.079607
v 0.223201 7.631065 0.079867
v 0.223203 7.631007 0.080098
v 0.222499 7.630984 0.080193
v 0.221691 7.630991 0.080193
v 0.221573 7.630995 0.080161
v 0.220883 7.631025 0.080193
v 0.220759 7.631033 0.080161
v 0.220077 7.631086 0.080193
v 0.219947 7.631100 0.080153
v 0.219274 7.631175 0.080193
v 0.219137 7.631194 0.080153
v 0.218474 7.631290 0.080192
v 0.218331 7.631314 0.080152
v 0.217679 7.631432 0.080192
v 0.217530 7.631464 0.080140
v 0.216888 7.631601 0.080191
v 0.216734 7.631639 0.080147
v 0.216104 7.631796 0.080191
v 0.215944 7.631840 0.080159
v 0.215327 7.632018 0.080190
v 0.215162 7.632070 0.080150
v 0.214557 7.632265 0.080189
v 0.214388 7.632325 0.080149
v 0.213797 7.632539 0.080189
v 0.213623 7.632607 0.080145
v 0.213046 7.632837 0.080188
v 0.212869 7.632915 0.080132
v 0.212306 7.633161 0.080187
v 0.212133 7.633264 0.080025
v 0.211577 7.633510 0.080186
v 0.211401 7.633621 0.080024
v 0.210860 7.633883 0.080185
v 0.210156 7.634279 0.080184
v 0.209970 7.634398 0.080090
v 0.209466 7.634700 0.080183
v 0.208790 7.635143 0.080182
v 0.208599 7.635280 0.080105
v 0.208130 7.635609 0.080180
v 0.207940 7.635758 0.080084
v 0.207486 7.636096 0.080179
v 0.207291 7.636288 0.079904
v 0.206249 7.637135 0.080176
v 0.206073 7.637331 0.079979
v 0.205657 7.637685 0.080175
v 0.205480 7.637888 0.079997
v 0.205084 7.638255 0.080173
v 0.204531 7.638844 0.080172
v 0.203998 7.639451 0.080170
v 0.203485 7.640075 0.080169
v 0.202994 7.640716 0.080167
v 0.203309 7.640313 0.080068
v 0.203273 7.640449 0.079849
v 0.203262 7.640609 0.079674
v 0.203498 7.640458 0.079549
v 0.203641 7.640568 0.079398
v 0.203376 7.641031 0.079357
v 0.203507 7.641204 0.079259
v 0.204395 7.640465 0.079227
v 0.205810 7.638781 0.079238
v 0.207046 7.637628 0.079233
v 0.208914 7.636241 0.079238
v 0.218484 7.632221 0.079251
v 0.220541 7.632061 0.079248
v 0.223412 7.631927 0.079250
v 0.206851 7.636611 0.080081
v 0.222388 7.630984 0.080153
v 0.219144 7.631242 0.079905
v 0.204349 7.639060 0.080056
v 0.203821 7.639680 0.080036
v 0.219950 7.631132 0.079958
v 0.204905 7.638465 0.080024
v 0.222388 7.631015 0.079966
v 0.220762 7.631072 0.079947
v 0.210678 7.633996 0.080062
v 0.221575 7.631034 0.079943
v 0.209283 7.634837 0.080032
v 0.215950 7.631861 0.080004
v 0.209990 7.634432 0.079900
v 0.208615 7.635302 0.079950
v 0.216742 7.631673 0.079943
v 0.212882 7.632944 0.079947
v 0.203859 7.639711 0.079851
v 0.218338 7.631353 0.079935
v 0.212908 7.633006 0.079777
v 0.209324 7.634900 0.079790
v 0.208000 7.635828 0.079743
v 0.204393 7.639099 0.079834
v 0.217540 7.631513 0.079896
v 0.216756 7.631730 0.079791
v 0.215175 7.632109 0.079931
v 0.214400 7.632360 0.079948
v 0.206718 7.636833 0.079806
v 0.204945 7.638502 0.079825
v 0.218749 7.631355 0.079775
v 0.208660 7.635365 0.079756
v 0.206138 7.637401 0.079728
v 0.211791 7.633490 0.079831
v 0.205525 7.637934 0.079790
v 0.219958 7.631214 0.079758
v 0.217553 7.631576 0.079750
v 0.213645 7.632662 0.079877
v 0.212192 7.633389 0.079678
v 0.218362 7.631497 0.079647
v 0.215968 7.631926 0.079801
v 0.214430 7.632444 0.079730
v 0.210720 7.634071 0.079785
v 0.204216 7.639481 0.079629
v 0.221983 7.631111 0.079743
v 0.219167 7.631417 0.079598
v 0.216782 7.631839 0.079620
v 0.215987 7.631994 0.079676
v 0.204990 7.638545 0.079703
v 0.215202 7.632195 0.079722
v 0.205590 7.638000 0.079640
v 0.220780 7.631242 0.079594
v 0.210033 7.634503 0.079726
v 0.208734 7.635470 0.079571
v 0.207446 7.636442 0.079562
v 0.206807 7.636936 0.079591
v 0.213313 7.632922 0.079654
v 0.211464 7.633742 0.079681
v 0.210796 7.634208 0.079557
v 0.219718 7.631525 0.079422
v 0.210115 7.634639 0.079520
v 0.209401 7.635016 0.079583
v 0.217578 7.631700 0.079579
v 0.204292 7.639545 0.079514
v 0.215225 7.632270 0.079609
v 0.214088 7.632687 0.079579
v 0.206220 7.637489 0.079562
v 0.205735 7.638146 0.079436
v 0.205085 7.638635 0.079537
v 0.218788 7.631611 0.079466
v 0.216014 7.632094 0.079555
v 0.207192 7.636767 0.079473
v 0.212254 7.633521 0.079510
v 0.208137 7.636020 0.079475
v 0.222387 7.631293 0.079519
v 0.217416 7.631912 0.079430
v 0.214134 7.632812 0.079456
v 0.212995 7.633208 0.079496
v 0.211542 7.633895 0.079489
v 0.204929 7.639038 0.079403
v 0.204175 7.639971 0.079372
v 0.221583 7.631308 0.079510
v 0.206606 7.637317 0.079443
v 0.208823 7.635599 0.079432
v 0.208203 7.636108 0.079394
v 0.216452 7.632179 0.079401
v 0.210873 7.634346 0.079422
v 0.209862 7.634994 0.079392
v 0.207275 7.636866 0.079382
v 0.218628 7.631887 0.079324
v 0.215285 7.632461 0.079431
v 0.211626 7.634059 0.079363
v 0.208596 7.635968 0.079333
v 0.207661 7.636709 0.079320
v 0.220793 7.631549 0.079367
v 0.217259 7.632126 0.079331
v 0.214555 7.632800 0.079370
v 0.221987 7.631483 0.079379
v 0.213437 7.633228 0.079368
v 0.210112 7.635017 0.079318
v 0.206423 7.637710 0.079338
v 0.221989 7.631597 0.079324
v 0.220310 7.631753 0.079299
v 0.214231 7.633072 0.079305
v 0.213121 7.633502 0.079307
v 0.206803 7.637537 0.079288
v 0.204298 7.640072 0.079294
v 0.215725 7.632537 0.079323
v 0.212346 7.633718 0.079363
v 0.205063 7.639160 0.079307
v 0.221990 7.631726 0.079283
v 0.212099 7.634117 0.079268
v 0.211354 7.634396 0.079291
v 0.208678 7.636081 0.079280
v 0.217687 7.632233 0.079271
v 0.215017 7.632926 0.079270
v 0.205797 7.638490 0.079285
v 0.216337 7.632525 0.079274
v 0.213195 7.633674 0.079259
v 0.210018 7.635242 0.079270
v 0.215056 7.633046 0.079251
v 0.209078 7.635966 0.079251
v 0.210683 7.635013 0.079246
v 0.213556 7.633646 0.079245
v 0.211854 7.634398 0.079245
v 0.207813 7.636899 0.079251
v 0.204831 7.639747 0.079243
v 0.220718 7.631917 0.079256
v 0.219053 7.632049 0.079262
v 0.216711 7.632594 0.079250
v 0.202966 7.640757 0.080160
v 0.202938 7.640800 0.080165
v 0.202871 7.640937 0.080162
v 0.202853 7.640985 0.080162
v 0.202831 7.641057 0.080163
v 0.202815 7.641131 0.080166
v 0.202803 7.641223 0.080166
v 0.202799 7.641325 0.080165
v 0.202803 7.641401 0.080165
v 0.202811 7.641468 0.080165
v 0.202824 7.641534 0.080165
v 0.202842 7.641600 0.080165
v 0.202873 7.641687 0.080165
v 0.202840 7.641552 0.080065
v 0.202943 7.641811 0.080080
v 0.202887 7.641037 0.079902
v 0.203308 7.641569 0.079392
v 0.203715 7.641296 0.079230
v 0.203009 7.641338 0.079544
v 0.202963 7.641598 0.079676
v 0.203196 7.641147 0.079438
v 0.203200 7.640912 0.079515
v 0.203011 7.641019 0.079665
v 0.203007 7.640900 0.079748
v 0.202820 7.641263 0.080040
v 0.202902 7.640867 0.080161
v 0.202991 7.640754 0.080011
v 0.202872 7.640954 0.080098
v 0.202993 7.640759 0.095133
v 0.202968 7.640795 0.095154
v 0.202939 7.640841 0.095182
v 0.202914 7.640886 0.095208
v 0.202879 7.640958 0.095248
v 0.202865 7.640991 0.095266
v 0.202857 7.641014 0.095278
v 0.202849 7.641037 0.095291
v 0.202833 7.641089 0.095318
v 0.202823 7.641131 0.095340
v 0.202812 7.641186 0.095368
v 0.202800 7.641284 0.095415
v 0.202798 7.641386 0.095463
v 0.202804 7.641466 0.095498
v 0.202813 7.641529 0.095525
v 0.202830 7.641606 0.095557
v 0.202863 7.641711 0.095597
v 0.202886 7.641765 0.095616
v 0.202904 7.641756 0.080164
v 0.202922 7.641836 0.095640
v 0.202936 7.641814 0.080164
v 0.202963 7.641906 0.095661
v 0.202971 7.641870 0.080164
v 0.203019 7.641981 0.095681
v 0.203010 7.641924 0.080164
v 0.203058 7.641981 0.080162
v 0.203081 7.642051 0.095697
v 0.203147 7.642112 0.095707
v 0.203233 7.642179 0.095713
v 0.203242 7.642140 0.080158
v 0.198136 7.648118 0.097583
v 0.198054 7.647912 0.097584
v 0.194891 7.649171 0.095844
v 0.197981 7.647643 0.097584
v 0.197947 7.647423 0.097585
v 0.194532 7.647158 0.095851
v 0.197937 7.647256 0.097585
v 0.194552 7.646735 0.095852
v 0.197942 7.647062 0.097586
v 0.197971 7.646813 0.097586
v 0.194653 7.646028 0.095853
v 0.194785 7.645538 0.095855
v 0.198031 7.646570 0.097587
v 0.198116 7.646335 0.097588
v 0.195063 7.644810 0.095855
v 0.198187 7.646183 0.097588
v 0.198317 7.645969 0.097589
v 0.195712 7.643760 0.095859
v 0.198445 7.645799 0.097589
v 0.198596 7.645635 0.097589
v 0.196114 7.643289 0.095858
v 0.196405 7.643010 0.095858
v 0.198748 7.645498 0.097590
v 0.196747 7.642731 0.095860
v 0.198882 7.645399 0.097590
v 0.197259 7.642392 0.095863
v 0.199054 7.645289 0.097590
v 0.199254 7.645191 0.097591
v 0.197995 7.642020 0.095863
v 0.199480 7.645106 0.097591
v 0.199696 7.645051 0.097591
v 0.199145 7.641688 0.095865
v 0.199897 7.645019 0.097591
v 0.200034 7.641600 0.095865
v 0.200046 7.645008 0.097591
v 0.200194 7.645006 0.097591
v 0.200398 7.645022 0.097591
v 0.201661 7.641810 0.095864
v 0.200635 7.645064 0.097591
v 0.200902 7.645144 0.097591
v 0.202419 7.641571 0.095625
v 0.202699 7.641166 0.095381
v 0.201023 7.645192 0.097591
v 0.201124 7.645240 0.097591
v 0.201270 7.645321 0.097590
v 0.203431 7.642308 0.095713
v 0.201440 7.645433 0.097590
v 0.203592 7.642420 0.095713
v 0.203749 7.642538 0.095713
v 0.201528 7.645502 0.097590
v 0.203902 7.642660 0.095712
v 0.201585 7.645550 0.097590
v 0.204051 7.642788 0.095712
v 0.201640 7.645599 0.097590
v 0.204196 7.642920 0.095712
v 0.201757 7.645719 0.097589
v 0.204336 7.643057 0.095711
v 0.204471 7.643199 0.095711
v 0.204602 7.643345 0.095711
v 0.201866 7.645845 0.097589
v 0.204727 7.643496 0.095710
v 0.204848 7.643650 0.095710
v 0.201968 7.645989 0.097589
v 0.204963 7.643809 0.095710
v 0.205073 7.643971 0.095709
v 0.205178 7.644136 0.095709
v 0.205277 7.644306 0.095708
v 0.202111 7.646238 0.097588
v 0.205371 7.644478 0.095708
v 0.205458 7.644653 0.095707
v 0.202180 7.646390 0.097588
v 0.202218 7.646495 0.097587
v 0.202284 7.646737 0.097587
v 0.202314 7.646892 0.097586
v 0.202330 7.647058 0.097586
v 0.202335 7.647225 0.097586
v 0.202332 7.647336 0.097585
v 0.202326 7.647410 0.097585
v 0.202312 7.647521 0.097585
v 0.202273 7.647721 0.097584
v 0.202203 7.647951 0.097584
v 0.202109 7.648173 0.097583
v 0.202030 7.648321 0.097583
v 0.201971 7.648415 0.097583
v 0.201873 7.648551 0.097582
v 0.201708 7.648738 0.097582
v 0.201509 7.648920 0.097581
v 0.201375 7.649020 0.097581
v 0.201233 7.649108 0.097581
v 0.201085 7.649186 0.097580
v 0.200984 7.649232 0.097580
v 0.200765 7.649308 0.097580
v 0.200539 7.649364 0.097580
v 0.200328 7.649391 0.097580
v 0.200114 7.649402 0.097580
v 0.200003 7.649397 0.097580
v 0.199855 7.649384 0.097580
v 0.199745 7.649366 0.097580
v 0.199672 7.649352 0.097580
v 0.199600 7.649335 0.097580
v 0.199528 7.649316 0.097580
v 0.199422 7.649282 0.097580
v 0.199283 7.649229 0.097580
v 0.199099 7.649141 0.097580
v 0.198893 7.649015 0.097581
v 0.198673 7.648844 0.097581
v 0.198516 7.648691 0.097582
v 0.198374 7.648521 0.097582
v 0.198276 7.648379 0.097582
v 0.198197 7.648243 0.097583
v 0.205541 7.644835 0.095707
v 0.205618 7.645020 0.095707
v 0.205689 7.645206 0.095706
v 0.205754 7.645396 0.095706
v 0.205812 7.645587 0.095705
v 0.205863 7.645780 0.095705
v 0.205908 7.645975 0.095704
v 0.205946 7.646171 0.095704
v 0.205977 7.646369 0.095703
v 0.206002 7.646567 0.095703
v 0.206020 7.646766 0.095702
v 0.206032 7.646966 0.095702
v 0.206036 7.647165 0.095701
v 0.206034 7.647365 0.095701
v 0.206025 7.647564 0.095700
v 0.206009 7.647764 0.095700
v 0.205986 7.647963 0.095699
v 0.205957 7.648160 0.095699
v 0.205921 7.648356 0.095698
v 0.205878 7.648552 0.095698
v 0.205829 7.648746 0.095697
v 0.205773 7.648938 0.095697
v 0.205711 7.649127 0.095696
v 0.205642 7.649315 0.095696
v 0.205567 7.649500 0.095695
v 0.205486 7.649683 0.095695
v 0.205399 7.649863 0.095694
v 0.205305 7.650040 0.095694
v 0.205206 7.650213 0.095693
v 0.205101 7.650383 0.095693
v 0.204990 7.650549 0.095692
v 0.204873 7.650712 0.095692
v 0.204752 7.650870 0.095692
v 0.204624 7.651024 0.095691
v 0.204492 7.651174 0.095691
v 0.204354 7.651320 0.095690
v 0.204212 7.651460 0.095690
v 0.204065 7.651596 0.095690
v 0.203914 7.651726 0.095689
v 0.203758 7.651851 0.095689
v 0.203598 7.651971 0.095689
v 0.203434 7.652086 0.095688
v 0.203266 7.652195 0.095688
v 0.203095 7.652298 0.095688
v 0.202920 7.652395 0.095687
v 0.202742 7.652486 0.095687
v 0.202562 7.652572 0.095687
v 0.202378 7.652651 0.095687
v 0.202192 7.652724 0.095687
v 0.202003 7.652790 0.095686
v 0.201812 7.652850 0.095686
v 0.201619 7.652904 0.095686
v 0.201425 7.652951 0.095686
v 0.201229 7.652991 0.095686
v 0.201032 7.653025 0.095686
v 0.200834 7.653052 0.095686
v 0.200635 7.653072 0.095686
v 0.200435 7.653085 0.095686
v 0.200235 7.653092 0.095686
v 0.200035 7.653092 0.095685
v 0.199835 7.653085 0.095686
v 0.199636 7.653072 0.095686
v 0.199417 7.653049 0.095685
v 0.199356 7.653045 0.095684
v 0.199308 7.653045 0.095680
v 0.199225 7.653049 0.095672
v 0.199132 7.653062 0.095658
v 0.199041 7.653083 0.095639
v 0.199002 7.653096 0.095629
v 0.198963 7.653110 0.095618
v 0.198881 7.653145 0.095592
v 0.198815 7.653180 0.095567
v 0.198756 7.653216 0.095542
v 0.198711 7.653250 0.095520
v 0.198645 7.653305 0.095485
v 0.198584 7.653365 0.095448
v 0.198540 7.653416 0.095417
v 0.198489 7.653485 0.095376
v 0.198461 7.653528 0.095351
v 0.198430 7.653585 0.095319
v 0.198394 7.653661 0.095276
v 0.198381 7.653695 0.095258
v 0.198373 7.653718 0.095245
v 0.198350 7.653794 0.095204
v 0.198336 7.653855 0.095173
v 0.198327 7.653918 0.095140
v 0.198025 7.652389 0.095835
v 0.197517 7.652154 0.095835
v 0.199636 7.653027 0.080135
v 0.199835 7.653040 0.080135
v 0.200034 7.653048 0.080135
v 0.200233 7.653048 0.080135
v 0.200432 7.653041 0.080135
v 0.200631 7.653028 0.080135
v 0.200829 7.653008 0.080135
v 0.201027 7.652981 0.080135
v 0.201223 7.652947 0.080136
v 0.201418 7.652908 0.080136
v 0.201612 7.652861 0.080136
v 0.201804 7.652808 0.080136
v 0.201994 7.652749 0.080136
v 0.202182 7.652683 0.080136
v 0.202368 7.652611 0.080136
v 0.202551 7.652533 0.080137
v 0.202731 7.652448 0.080137
v 0.202908 7.652358 0.080137
v 0.203254 7.652159 0.080138
v 0.203421 7.652051 0.080138
v 0.203585 7.651937 0.080138
v 0.203744 7.651818 0.080139
v 0.203900 7.651694 0.080139
v 0.204051 7.651565 0.080139
v 0.204198 7.651430 0.080140
v 0.204379 7.651252 0.080110
v 0.204477 7.651146 0.080140
v 0.204610 7.650998 0.080141
v 0.204737 7.650845 0.080141
v 0.204859 7.650688 0.080142
v 0.204976 7.650526 0.080142
v 0.205087 7.650361 0.080142
v 0.205193 7.650192 0.080143
v 0.205293 7.650020 0.080143
v 0.205387 7.649845 0.080144
v 0.205474 7.649666 0.080144
v 0.205556 7.649485 0.080145
v 0.205632 7.649301 0.080145
v 0.205701 7.649114 0.080146
v 0.205765 7.648925 0.080146
v 0.205821 7.648735 0.080147
v 0.205871 7.648542 0.080147
v 0.205915 7.648347 0.080148
v 0.205952 7.648152 0.080148
v 0.205982 7.647955 0.080149
v 0.206006 7.647758 0.080149
v 0.206023 7.647560 0.080150
v 0.206034 7.647361 0.080150
v 0.206037 7.647161 0.080151
v 0.206034 7.646963 0.080151
v 0.206024 7.646764 0.080152
v 0.206008 7.646565 0.080152
v 0.205985 7.646368 0.080153
v 0.205955 7.646171 0.080153
v 0.205918 7.645976 0.080154
v 0.205875 7.645781 0.080154
v 0.205826 7.645588 0.080155
v 0.205770 7.645398 0.080155
v 0.205707 7.645208 0.080156
v 0.205638 7.645022 0.080156
v 0.205563 7.644837 0.080157
v 0.205482 7.644656 0.080157
v 0.205394 7.644477 0.080158
v 0.205301 7.644301 0.080158
v 0.205202 7.644129 0.080158
v 0.205096 7.643960 0.080159
v 0.204986 7.643794 0.080159
v 0.204869 7.643632 0.080160
v 0.204748 7.643475 0.080160
v 0.204621 7.643322 0.080160
v 0.204489 7.643172 0.080161
v 0.204352 7.643028 0.080161
v 0.204210 7.642888 0.080162
v 0.204064 7.642753 0.080162
v 0.203913 7.642623 0.080162
v 0.203758 7.642498 0.080162
v 0.203598 7.642379 0.080163
v 0.203435 7.642265 0.080163
v 0.203532 7.641779 0.079379
v 0.205046 7.643879 0.080087
v 0.205198 7.644064 0.079931
v 0.206033 7.647375 0.080091
v 0.205856 7.648612 0.080083
v 0.205261 7.650095 0.080023
v 0.204225 7.651426 0.079975
v 0.203083 7.652261 0.080121
v 0.202295 7.652644 0.080044
v 0.201701 7.652843 0.080019
v 0.200815 7.653009 0.080085
v 0.200078 7.653064 0.079961
v 0.204079 7.652452 0.079236
v 0.204878 7.651886 0.079217
v 0.205906 7.650381 0.079240
v 0.206826 7.646449 0.079227
v 0.201629 7.653616 0.079221
v 0.206223 7.644444 0.079244
v 0.201499 7.653805 0.079195
v 0.203034 7.653206 0.079211
v 0.206858 7.647403 0.079224
v 0.204783 7.642143 0.079223
v 0.199903 7.653994 0.079192
v 0.206121 7.650366 0.079205
v 0.206744 7.648702 0.079209
v 0.206631 7.645263 0.079222
v 0.206569 7.644817 0.079216
v 0.204328 7.652550 0.079196
v 0.205550 7.651410 0.079197
v 0.206417 7.649944 0.079201
v 0.206985 7.646402 0.079210
v 0.204774 7.643505 0.080104
v 0.204518 7.643197 0.080071
v 0.204142 7.642801 0.079985
v 0.205012 7.650502 0.079977
v 0.201339 7.652945 0.079954
v 0.205505 7.644698 0.080083
v 0.205711 7.645208 0.080059
v 0.205997 7.647968 0.079988
v 0.203753 7.651841 0.079958
v 0.203316 7.652137 0.079986
v 0.205856 7.648813 0.079827
v 0.204747 7.650836 0.080051
v 0.201127 7.653081 0.079668
v 0.205933 7.646042 0.080063
v 0.205517 7.649593 0.080016
v 0.203805 7.642491 0.079918
v 0.206115 7.647084 0.079796
v 0.205726 7.649069 0.080033
v 0.202031 7.652801 0.079814
v 0.206042 7.646646 0.079956
v 0.202534 7.652565 0.079951
v 0.204752 7.643393 0.079852
v 0.205437 7.644436 0.079842
v 0.205768 7.645255 0.079877
v 0.204629 7.651065 0.079824
v 0.204153 7.651648 0.079678
v 0.205048 7.650572 0.079757
v 0.205468 7.644319 0.079682
v 0.206094 7.648067 0.079684
v 0.205964 7.645895 0.079836
v 0.205617 7.649540 0.079782
v 0.202891 7.652420 0.079879
v 0.201610 7.652995 0.079671
v 0.200094 7.653203 0.079623
v 0.204610 7.643053 0.079645
v 0.206196 7.647393 0.079633
v 0.205404 7.649986 0.079773
v 0.205053 7.650731 0.079594
v 0.206279 7.646540 0.079514
v 0.203475 7.652208 0.079622
v 0.205767 7.644738 0.079558
v 0.203893 7.642321 0.079566
v 0.205824 7.645103 0.079669
v 0.202589 7.652688 0.079627
v 0.206203 7.648161 0.079527
v 0.205219 7.643811 0.079620
v 0.206045 7.645792 0.079637
v 0.204589 7.651392 0.079516
v 0.202191 7.652945 0.079514
v 0.205722 7.644363 0.079448
v 0.205756 7.649557 0.079566
v 0.203787 7.652189 0.079443
v 0.200183 7.653421 0.079405
v 0.205178 7.643430 0.079432
v 0.205971 7.648986 0.079568
v 0.204432 7.642592 0.079432
v 0.205868 7.649706 0.079406
v 0.205459 7.650262 0.079508
v 0.205127 7.651128 0.079337
v 0.201141 7.653363 0.079378
v 0.199186 7.653404 0.079369
v 0.206218 7.648932 0.079366
v 0.206076 7.645052 0.079405
v 0.203044 7.652668 0.079429
v 0.202404 7.653109 0.079328
v 0.201785 7.653142 0.079448
v 0.206197 7.645571 0.079430
v 0.205588 7.650454 0.079341
v 0.205619 7.643654 0.079296
v 0.206448 7.647026 0.079391
v 0.206342 7.648036 0.079418
v 0.204496 7.651729 0.079370
v 0.206563 7.647694 0.079308
v 0.203808 7.652380 0.079321
v 0.205088 7.642931 0.079298
v 0.206387 7.645730 0.079334
v 0.200219 7.653636 0.079274
v 0.204360 7.642301 0.079327
v 0.206091 7.644758 0.079331
v 0.206383 7.649316 0.079244
v 0.204686 7.642313 0.079252
v 0.206529 7.648522 0.079271
v 0.204743 7.651704 0.079283
v 0.203167 7.652869 0.079280
v 0.206642 7.646776 0.079282
v 0.206025 7.649851 0.079288
v 0.205489 7.651142 0.079225
v 0.199355 7.653634 0.079261
v 0.204168 7.641715 0.079231
v 0.201148 7.653549 0.079277
v 0.206555 7.645684 0.079260
v 0.200352 7.653814 0.079216
v 0.203815 7.641740 0.079284
v 0.203565 7.641485 0.079270
v 0.203129 7.642051 0.080159
v 0.203121 7.641798 0.079610
v 0.203575 7.642246 0.079755
v 0.203091 7.641930 0.079880
v 0.203184 7.642076 0.080051
v 0.203199 7.642109 0.080157
v 0.199406 7.653070 0.079813
v 0.199397 7.653003 0.080129
v 0.199287 7.653000 0.080135
v 0.199195 7.653008 0.080131
v 0.199096 7.653026 0.080135
v 0.199022 7.653045 0.080125
v 0.198975 7.653061 0.080135
v 0.198920 7.653083 0.080135
v 0.198851 7.653116 0.080126
v 0.198786 7.653154 0.080132
v 0.198724 7.653196 0.080135
v 0.198684 7.653227 0.080135
v 0.198628 7.653277 0.080135
v 0.198575 7.653332 0.080134
v 0.198527 7.653390 0.080134
v 0.198483 7.653451 0.080134
v 0.198456 7.653494 0.080134
v 0.198421 7.653561 0.080134
v 0.198455 7.653509 0.080067
v 0.198390 7.653630 0.080134
v 0.198378 7.653661 0.080134
v 0.198356 7.653733 0.080133
v 0.198341 7.653790 0.080133
v 0.198335 7.653823 0.080133
v 0.198327 7.653882 0.080133
v 0.198534 7.653525 0.079767
v 0.198336 7.653871 0.080032
v 0.198391 7.653820 0.079843
v 0.198515 7.653759 0.079629
v 0.198701 7.653414 0.079656
v 0.198969 7.653303 0.079560
v 0.199259 7.653195 0.079587
v 0.198490 7.653942 0.079618
v 0.198732 7.653778 0.079373
v 0.198995 7.653665 0.079276
v 0.199046 7.654315 0.079226
v 0.199266 7.653902 0.079200
v 0.199338 7.653000 0.080126
v 0.198360 7.653732 0.080072
v 0.198745 7.653186 0.080071
v 0.198442 7.653626 0.079876
v 0.199201 7.653012 0.080071
v 0.198572 7.653367 0.079978
v 0.198937 7.653093 0.080016
v 0.198752 7.653250 0.079839
v 0.199005 7.653094 0.079886
v 0.198963 7.653201 0.079692
v 0.199207 7.653055 0.079857
v 0.199444 7.653012 0.080067
v 0.202219 7.641872 0.095850
v 0.202040 7.641654 0.095939
v 0.202313 7.641730 0.095981
v 0.202320 7.641720 0.096020
v 0.201460 7.641455 0.096032
v 0.201166 7.641395 0.096032
v 0.201202 7.641409 0.095998
v 0.200869 7.641351 0.096032
v 0.199843 7.641313 0.096026
v 0.199615 7.641331 0.096009
v 0.198533 7.641526 0.096027
v 0.198301 7.641597 0.096031
v 0.197862 7.641761 0.096025
v 0.197374 7.641992 0.096023
v 0.197052 7.642174 0.096026
v 0.196777 7.642356 0.096011
v 0.196412 7.642629 0.096024
v 0.196081 7.642919 0.096022
v 0.195865 7.643134 0.096017
v 0.195717 7.643318 0.095966
v 0.195670 7.643348 0.096026
v 0.195369 7.643729 0.096015
v 0.195190 7.643987 0.096025
v 0.194926 7.644436 0.096019
v 0.194716 7.644872 0.096020
v 0.194346 7.646070 0.096010
v 0.194297 7.646379 0.095992
v 0.194291 7.646402 0.096018
v 0.194261 7.646664 0.096011
v 0.194243 7.646899 0.096017
v 0.194238 7.647139 0.095924
v 0.194291 7.647996 0.096014
v 0.194333 7.648257 0.096001
v 0.194402 7.648585 0.096013
v 0.194392 7.648516 0.095976
v 0.194983 7.650069 0.096009
v 0.195118 7.650300 0.096003
v 0.195347 7.650645 0.095941
v 0.195670 7.651051 0.096007
v 0.195850 7.651248 0.095997
v 0.196770 7.652042 0.095930
v 0.197833 7.652627 0.096003
v 0.198113 7.652736 0.096002
v 0.198397 7.652831 0.095930
v 0.197515 7.652257 0.095817
v 0.194473 7.647115 0.095832
v 0.194424 7.646684 0.095836
v 0.194534 7.646039 0.095835
v 0.197996 7.641958 0.095845
v 0.195903 7.650968 0.095810
v 0.194665 7.648411 0.095847
v 0.194538 7.647590 0.095846
v 0.194930 7.645114 0.095854
v 0.195253 7.644445 0.095857
v 0.197641 7.642183 0.095862
v 0.198371 7.641882 0.095864
v 0.198703 7.641776 0.095861
v 0.199675 7.641613 0.095863
v 0.201116 7.641686 0.095865
v 0.196380 7.651742 0.095995
v 0.198877 7.641441 0.096027
v 0.201817 7.641551 0.096019
v 0.194796 7.649697 0.095986
v 0.194485 7.645519 0.095996
v 0.194283 7.647775 0.095954
v 0.194587 7.645204 0.096004
v 0.198386 7.641586 0.095968
v 0.195107 7.644139 0.095968
v 0.194961 7.650005 0.095951
v 0.196228 7.642805 0.095968
v 0.199288 7.641365 0.095962
v 0.200346 7.641306 0.095949
v 0.197624 7.652530 0.095993
v 0.194267 7.646728 0.095963
v 0.194848 7.644623 0.095958
v 0.195446 7.643644 0.095970
v 0.197122 7.642172 0.095932
v 0.197931 7.641758 0.095952
v 0.194487 7.648889 0.095994
v 0.196027 7.651431 0.095937
v 0.194530 7.648839 0.095886
v 0.195487 7.643675 0.095892
v 0.195076 7.644293 0.095892
v 0.200544 7.641342 0.095958
v 0.197876 7.652627 0.095939
v 0.194613 7.649280 0.095944
v 0.194349 7.646486 0.095881
v 0.197490 7.641963 0.095938
v 0.196739 7.642450 0.095904
v 0.197217 7.652321 0.095924
v 0.196415 7.651728 0.095905
v 0.194241 7.647500 0.095948
v 0.198897 7.641473 0.095932
v 0.201344 7.641465 0.095933
v 0.194473 7.648497 0.095858
v 0.194359 7.648167 0.095905
v 0.195579 7.650911 0.095939
v 0.200930 7.641461 0.095870
v 0.194741 7.649395 0.095868
v 0.194403 7.645806 0.095929
v 0.194521 7.645646 0.095885
v 0.194700 7.645033 0.095908
v 0.196361 7.642805 0.095868
v 0.197503 7.642042 0.095867
v 0.195339 7.650471 0.095852
v 0.196083 7.651392 0.095873
v 0.195874 7.643224 0.095891
v 0.198358 7.641661 0.095888
v 0.199063 7.641533 0.095861
v 0.195718 7.650956 0.095848
v 0.194701 7.645335 0.095841
v 0.200354 7.641407 0.095874
v 0.195033 7.650022 0.095874
v 0.195395 7.643913 0.095851
v 0.196388 7.651593 0.095839
v 0.194582 7.648594 0.095828
v 0.195019 7.644549 0.095849
v 0.199848 7.641458 0.095856
v 0.197818 7.652509 0.095845
v 0.197155 7.652158 0.095839
v 0.194731 7.649155 0.095832
v 0.195067 7.649933 0.095833
v 0.194371 7.647478 0.095846
v 0.197078 7.642342 0.095848
v 0.195906 7.643351 0.095843
v 0.196805 7.651866 0.095823
v 0.198101 7.641834 0.095850
v 0.201519 7.641590 0.095867
v 0.195794 7.643613 0.095849
v 0.200759 7.641539 0.095845
v 0.194960 7.649547 0.095824
v 0.195485 7.650531 0.095823
v 0.194449 7.647968 0.095833
v 0.201960 7.641886 0.095858
v 0.195115 7.644568 0.095838
v 0.197295 7.642322 0.095848
v 0.196648 7.642676 0.095844
v 0.199020 7.641656 0.095847
v 0.196424 7.651409 0.095835
v 0.194583 7.646345 0.095847
v 0.195447 7.644117 0.095855
v 0.200037 7.641568 0.095853
v 0.195263 7.649982 0.095840
v 0.194572 7.648081 0.095837
v 0.200657 7.641613 0.095861
v 0.197047 7.642522 0.095861
v 0.195511 7.650411 0.095830
v 0.201309 7.641689 0.095852
v 0.198417 7.652621 0.095814
v 0.195095 7.649661 0.095841
v 0.194742 7.648807 0.095836
v 0.194741 7.645572 0.095842
v 0.196954 7.651817 0.095834
v 0.200382 7.641603 0.095864
v 0.194239 7.647415 0.098056
v 0.194236 7.647057 0.098060
v 0.194255 7.646727 0.098057
v 0.194278 7.646502 0.098058
v 0.194322 7.646201 0.098059
v 0.194382 7.645903 0.098060
v 0.194457 7.645607 0.098060
v 0.194547 7.645316 0.098061
v 0.194652 7.645030 0.098062
v 0.194789 7.644716 0.098063
v 0.194978 7.644342 0.098064
v 0.195159 7.644034 0.098059
v 0.195385 7.643708 0.098065
v 0.195613 7.643417 0.098066
v 0.194877 7.643189 0.098533
v 0.194254 7.645301 0.098238
v 0.193936 7.646212 0.098284
v 0.194470 7.644958 0.098174
v 0.194962 7.643625 0.098249
v 0.194406 7.644706 0.098306
v 0.194232 7.644712 0.098529
v 0.194075 7.645321 0.098427
v 0.194373 7.644063 0.098792
v 0.194059 7.644904 0.098905
v 0.193832 7.645556 0.098907
v 0.194760 7.643330 0.098627
v 0.193346 7.647223 0.098849
v 0.193618 7.646926 0.098427
v 0.194714 7.644520 0.098138
v 0.194984 7.643950 0.098143
v 0.194583 7.645081 0.098083
v 0.194393 7.645706 0.098076
v 0.194228 7.646466 0.098076
v 0.193996 7.646749 0.098156
v 0.194348 7.645419 0.098145
v 0.194167 7.645876 0.098174
v 0.193888 7.645970 0.098405
v 0.194525 7.644099 0.098457
v 0.194849 7.643544 0.098372
v 0.194139 7.644755 0.098722
v 0.193985 7.645301 0.098603
v 0.193804 7.645915 0.098574
v 0.193794 7.645714 0.098793
v 0.193566 7.646454 0.098812
v 0.193635 7.646167 0.098943
v 0.193473 7.647032 0.098613
v 0.194697 7.643325 0.098820
v 0.193635 7.648221 0.098162
v 0.193602 7.647587 0.098276
v 0.193343 7.648152 0.098383
v 0.193218 7.648123 0.098566
v 0.193063 7.648291 0.098880
v 0.195244 7.667952 0.098859
v 0.197761 7.672263 0.098927
v 0.198417 7.673160 0.098917
v 0.199048 7.673959 0.098915
v 0.199705 7.674737 0.098913
v 0.200388 7.675492 0.098911
v 0.202586 7.677613 0.098905
v 0.203369 7.678265 0.098850
v 0.204172 7.678891 0.098828
v 0.204994 7.679492 0.098826
v 0.205014 7.679462 0.098641
v 0.205049 7.679412 0.098501
v 0.205130 7.679297 0.098307
v 0.205259 7.679115 0.098122
v 0.204921 7.678728 0.098064
v 0.205410 7.678900 0.098014
v 0.205701 7.678845 0.097978
v 0.202844 7.676565 0.097983
v 0.200366 7.674034 0.097990
v 0.197247 7.669722 0.098001
v 0.195671 7.666584 0.098009
v 0.193816 7.649213 0.098055
v 0.192956 7.661247 0.098911
v 0.192482 7.658322 0.098821
v 0.192339 7.655160 0.098728
v 0.201831 7.676930 0.098883
v 0.202594 7.677604 0.098786
v 0.192610 7.659318 0.098816
v 0.194086 7.665203 0.098786
v 0.192334 7.654143 0.098781
v 0.192461 7.652113 0.098796
v 0.192923 7.649098 0.098753
v 0.197223 7.671465 0.098875
v 0.199061 7.673948 0.098773
v 0.201100 7.676221 0.098849
v 0.194831 7.667022 0.098774
v 0.193760 7.664165 0.098742
v 0.196712 7.670628 0.098748
v 0.201848 7.676911 0.098715
v 0.192600 7.651106 0.098709
v 0.192678 7.650263 0.098871
v 0.192431 7.657191 0.098681
v 0.192398 7.653129 0.098725
v 0.196198 7.669749 0.098743
v 0.197830 7.672328 0.098762
v 0.198437 7.673144 0.098738
v 0.199726 7.674718 0.098726
v 0.200398 7.675483 0.098790
v 0.194444 7.666080 0.098744
v 0.193197 7.662211 0.098780
v 0.192774 7.660221 0.098791
v 0.192505 7.652117 0.098650
v 0.196250 7.669720 0.098572
v 0.203404 7.678221 0.098611
v 0.194538 7.666042 0.098495
v 0.193464 7.663192 0.098754
v 0.196749 7.670604 0.098611
v 0.201123 7.676197 0.098674
v 0.193284 7.662189 0.098531
v 0.193008 7.661211 0.098650
v 0.192395 7.654145 0.098604
v 0.192445 7.653131 0.098599
v 0.200448 7.675436 0.098560
v 0.192600 7.658194 0.098507
v 0.199102 7.673914 0.098590
v 0.201166 7.676154 0.098525
v 0.201899 7.676856 0.098517
v 0.202638 7.677553 0.098562
v 0.204212 7.678837 0.098572
v 0.192810 7.650110 0.098571
v 0.197280 7.671471 0.098656
v 0.195303 7.667923 0.098599
v 0.193555 7.663166 0.098510
v 0.193115 7.661187 0.098440
v 0.192479 7.654147 0.098459
v 0.192544 7.653137 0.098437
v 0.192671 7.651114 0.098549
v 0.199786 7.674665 0.098507
v 0.192868 7.660203 0.098534
v 0.192592 7.652125 0.098488
v 0.193012 7.649116 0.098545
v 0.195759 7.668830 0.098591
v 0.197893 7.672282 0.098537
v 0.198494 7.673100 0.098535
v 0.194911 7.666986 0.098531
v 0.194196 7.665088 0.098466
v 0.192448 7.656173 0.098519
v 0.192448 7.655159 0.098487
v 0.196799 7.670573 0.098487
v 0.197343 7.671430 0.098484
v 0.199163 7.673864 0.098437
v 0.203470 7.678139 0.098403
v 0.195379 7.667887 0.098438
v 0.194969 7.666960 0.098420
v 0.194622 7.666009 0.098368
v 0.193384 7.662163 0.098378
v 0.192563 7.657180 0.098426
v 0.192550 7.656168 0.098375
v 0.196328 7.669675 0.098415
v 0.192764 7.659195 0.098449
v 0.192907 7.650126 0.098422
v 0.196878 7.670525 0.098358
v 0.197418 7.671380 0.098359
v 0.197988 7.672215 0.098356
v 0.198570 7.673042 0.098380
v 0.195418 7.667868 0.098379
v 0.195034 7.666932 0.098338
v 0.193889 7.664123 0.098443
v 0.192719 7.658181 0.098345
v 0.192768 7.651127 0.098407
v 0.193160 7.649145 0.098346
v 0.195836 7.668790 0.098430
v 0.200510 7.675377 0.098406
v 0.195504 7.667826 0.098280
v 0.193670 7.663133 0.098345
v 0.192635 7.657175 0.098342
v 0.199222 7.673816 0.098336
v 0.199842 7.674616 0.098388
v 0.201235 7.676084 0.098365
v 0.192881 7.659178 0.098305
v 0.192588 7.655158 0.098315
v 0.195913 7.668750 0.098323
v 0.199900 7.674566 0.098298
v 0.200550 7.675340 0.098335
v 0.194011 7.664083 0.098290
v 0.192610 7.654150 0.098309
v 0.192714 7.653147 0.098265
v 0.192713 7.652137 0.098338
v 0.193019 7.650144 0.098303
v 0.202002 7.676744 0.098299
v 0.193463 7.662144 0.098291
v 0.193226 7.661163 0.098305
v 0.193025 7.660175 0.098317
v 0.192806 7.658171 0.098263
v 0.192675 7.656667 0.098278
v 0.202717 7.677461 0.098361
v 0.192730 7.654153 0.098215
v 0.196434 7.669615 0.098276
v 0.198089 7.672143 0.098234
v 0.198693 7.672949 0.098225
v 0.199341 7.673718 0.098198
v 0.194944 7.666421 0.098230
v 0.194320 7.665043 0.098305
v 0.193107 7.660161 0.098243
v 0.193010 7.659160 0.098202
v 0.192898 7.651144 0.098277
v 0.197548 7.671294 0.098210
v 0.194445 7.664999 0.098194
v 0.193764 7.663105 0.098251
v 0.193567 7.662118 0.098206
v 0.193332 7.661141 0.098216
v 0.193058 7.650659 0.098214
v 0.193294 7.649172 0.098231
v 0.200000 7.674478 0.098184
v 0.200637 7.675259 0.098222
v 0.201297 7.676022 0.098270
v 0.202088 7.676653 0.098189
v 0.203565 7.678022 0.098237
v 0.204323 7.678689 0.098295
v 0.193910 7.663064 0.098149
v 0.192853 7.652150 0.098222
v 0.195637 7.667762 0.098164
v 0.193194 7.660145 0.098181
v 0.192842 7.657159 0.098179
v 0.192746 7.656160 0.098207
v 0.193140 7.651175 0.098130
v 0.196267 7.669131 0.098205
v 0.196998 7.670451 0.098220
v 0.204451 7.678521 0.098121
v 0.195039 7.666382 0.098158
v 0.192959 7.658154 0.098161
v 0.192722 7.655157 0.098211
v 0.192865 7.653156 0.098163
v 0.193329 7.649688 0.098157
v 0.201417 7.675901 0.098139
v 0.194159 7.664036 0.098172
v 0.193705 7.662083 0.098123
v 0.193492 7.661107 0.098121
v 0.196138 7.668632 0.098129
v 0.196631 7.669503 0.098117
v 0.198236 7.672039 0.098111
v 0.203687 7.677872 0.098101
v 0.193154 7.659140 0.098120
v 0.192949 7.655654 0.098099
v 0.192950 7.653661 0.098113
v 0.197129 7.670371 0.098121
v 0.200790 7.675115 0.098088
v 0.202872 7.677283 0.098149
v 0.193079 7.657640 0.098088
v 0.193023 7.652166 0.098129
v 0.202594 7.676841 0.098072
v 0.193260 7.651690 0.098073
v 0.195165 7.666329 0.098090
v 0.194603 7.664941 0.098101
v 0.194303 7.663989 0.098093
v 0.197693 7.671198 0.098101
v 0.199062 7.672980 0.098065
v 0.193080 7.653666 0.098072
v 0.193473 7.649714 0.098098
v 0.193749 7.648757 0.098079
v 0.198362 7.671949 0.098048
v 0.199814 7.673977 0.098080
v 0.194076 7.663017 0.098073
v 0.195814 7.667677 0.098070
v 0.193910 7.662032 0.098048
v 0.193378 7.660112 0.098092
v 0.193233 7.657627 0.098046
v 0.193123 7.655650 0.098052
v 0.193537 7.650229 0.098061
v 0.197284 7.670276 0.098044
v 0.201915 7.676107 0.098043
v 0.195456 7.666476 0.098027
v 0.194484 7.663931 0.098036
v 0.193331 7.659115 0.098059
v 0.193219 7.654167 0.098044
v 0.204199 7.678030 0.098023
v 0.194940 7.665348 0.098041
v 0.198017 7.671281 0.098024
v 0.202006 7.676013 0.098007
v 0.203108 7.677012 0.098002
v 0.193395 7.652078 0.098046
v 0.196182 7.667912 0.098013
v 0.196552 7.668976 0.098046
v 0.194253 7.662966 0.098027
v 0.193950 7.661451 0.098023
v 0.193321 7.657279 0.098033
v 0.199946 7.673867 0.098022
v 0.200869 7.674702 0.097994
v 0.200933 7.674981 0.098019
v 0.204321 7.677875 0.097985
v 0.194422 7.663175 0.098017
v 0.193640 7.660570 0.098042
v 0.197271 7.669994 0.098014
v 0.198435 7.671595 0.097998
v 0.199069 7.672662 0.098008
v 0.194750 7.664364 0.098017
v 0.193524 7.659212 0.098029
v 0.245179 7.656920 0.080127
v 0.245447 7.656912 0.080129
v 0.245703 7.656832 0.080129
v 0.245828 7.656762 0.080124
v 0.245890 7.656719 0.080129
v 0.245929 7.656688 0.080129
v 0.245979 7.656642 0.080129
v 0.246025 7.656594 0.080129
v 0.246068 7.656542 0.080130
v 0.246108 7.656488 0.080130
v 0.246148 7.656424 0.080130
v 0.246183 7.656357 0.080130
v 0.246204 7.656311 0.080130
v 0.246222 7.656264 0.080130
v 0.246240 7.656208 0.080130
v 0.246266 7.656094 0.080131
v 0.246277 7.656019 0.080131
v 0.239141 7.665317 0.080107
v 0.239058 7.665135 0.080107
v 0.238981 7.664951 0.080107
v 0.238910 7.664764 0.080108
v 0.238845 7.664575 0.080108
v 0.238788 7.664383 0.080109
v 0.238736 7.664190 0.080109
v 0.238691 7.663995 0.080110
v 0.238653 7.663799 0.080110
v 0.238622 7.663602 0.080111
v 0.238597 7.663404 0.080111
v 0.238579 7.663205 0.080112
v 0.238568 7.663005 0.080112
v 0.238563 7.662805 0.080113
v 0.238565 7.662605 0.080113
v 0.238574 7.662405 0.080114
v 0.238590 7.662207 0.080114
v 0.238613 7.662008 0.080115
v 0.238642 7.661810 0.080116
v 0.238678 7.661613 0.080116
v 0.238721 7.661418 0.080117
v 0.238770 7.661225 0.080117
v 0.238826 7.661033 0.080118
v 0.238888 7.660843 0.080118
v 0.238957 7.660655 0.080118
v 0.239032 7.660470 0.080119
v 0.239113 7.660287 0.080119
v 0.239200 7.660108 0.080120
v 0.239294 7.659931 0.080120
v 0.239393 7.659757 0.080121
v 0.239498 7.659587 0.080121
v 0.239609 7.659421 0.080122
v 0.239726 7.659258 0.080122
v 0.239848 7.659100 0.080123
v 0.239975 7.658946 0.080123
v 0.240107 7.658796 0.080123
v 0.240245 7.658651 0.080124
v 0.240387 7.658510 0.080124
v 0.240534 7.658375 0.080124
v 0.240685 7.658244 0.080125
v 0.240841 7.658119 0.080125
v 0.241001 7.657999 0.080125
v 0.241165 7.657885 0.080126
v 0.241333 7.657775 0.080126
v 0.241504 7.657672 0.080126
v 0.241679 7.657575 0.080127
v 0.241857 7.657484 0.080127
v 0.242038 7.657399 0.080127
v 0.242221 7.657320 0.080127
v 0.242408 7.657247 0.080127
v 0.242596 7.657180 0.080128
v 0.242787 7.657120 0.080128
v 0.242980 7.657067 0.080128
v 0.243174 7.657020 0.080128
v 0.243370 7.656980 0.080128
v 0.243567 7.656946 0.080128
v 0.243765 7.656919 0.080128
v 0.243964 7.656898 0.080128
v 0.244164 7.656885 0.080129
v 0.244364 7.656878 0.080129
v 0.244564 7.656878 0.080129
v 0.244764 7.656885 0.080129
v 0.244963 7.656898 0.080129
v 0.241342 7.667821 0.095651
v 0.241167 7.667707 0.095651
v 0.241353 7.667783 0.080100
v 0.241168 7.667662 0.080101
v 0.241006 7.667595 0.095651
v 0.241007 7.667550 0.080101
v 0.240849 7.667477 0.095652
v 0.240850 7.667433 0.080101
v 0.240696 7.667355 0.095652
v 0.240697 7.667310 0.080102
v 0.240547 7.667227 0.095652
v 0.240548 7.667182 0.080102
v 0.240402 7.667095 0.095652
v 0.240404 7.667050 0.080102
v 0.240262 7.666957 0.095653
v 0.240263 7.666913 0.080103
v 0.240127 7.666816 0.095653
v 0.240128 7.666771 0.080103
v 0.239996 7.666670 0.095654
v 0.239997 7.666625 0.080103
v 0.239870 7.666519 0.095654
v 0.239872 7.666474 0.080104
v 0.239750 7.666365 0.095654
v 0.239751 7.666320 0.080104
v 0.239634 7.666206 0.095655
v 0.239636 7.666162 0.080104
v 0.239524 7.666044 0.095655
v 0.239526 7.665999 0.080105
v 0.239420 7.665878 0.095656
v 0.239421 7.665833 0.080105
v 0.239321 7.665709 0.095656
v 0.239322 7.665665 0.080106
v 0.239227 7.665537 0.095656
v 0.239229 7.665492 0.080106
v 0.246454 7.661891 0.097551
v 0.246519 7.662045 0.097551
v 0.246593 7.662284 0.097550
v 0.246641 7.662529 0.097550
v 0.246660 7.662835 0.097549
v 0.250071 7.662780 0.095812
v 0.250051 7.663234 0.095813
v 0.246641 7.663121 0.097548
v 0.249981 7.663794 0.095812
v 0.246608 7.663304 0.097548
v 0.249866 7.664303 0.095810
v 0.249743 7.664703 0.095808
v 0.246548 7.663518 0.097547
v 0.249601 7.665051 0.095809
v 0.246443 7.663775 0.097546
v 0.249080 7.665988 0.095806
v 0.246307 7.664019 0.097546
v 0.246234 7.664125 0.097545
v 0.246129 7.664256 0.097545
v 0.248587 7.666614 0.095803
v 0.246015 7.664379 0.097545
v 0.248177 7.667012 0.095803
v 0.245864 7.664515 0.097544
v 0.247964 7.667194 0.095802
v 0.247420 7.667575 0.095801
v 0.245669 7.664658 0.097544
v 0.245428 7.664796 0.097544
v 0.245258 7.664871 0.097543
v 0.245046 7.664941 0.097543
v 0.244746 7.665000 0.097543
v 0.245330 7.668354 0.095798
v 0.244496 7.665020 0.097543
v 0.244085 7.668408 0.095798
v 0.244274 7.665011 0.097543
v 0.244053 7.664981 0.097543
v 0.243255 7.668285 0.095800
v 0.242912 7.668207 0.095796
v 0.243872 7.664939 0.097543
v 0.242621 7.668107 0.095800
v 0.243678 7.664876 0.097543
v 0.243575 7.664834 0.097543
v 0.241725 7.669040 0.095187
v 0.241742 7.668994 0.095212
v 0.241758 7.668947 0.095237
v 0.241771 7.668900 0.095262
v 0.241782 7.668850 0.095288
v 0.241793 7.668774 0.095326
v 0.241800 7.668680 0.095371
v 0.241799 7.668611 0.095403
v 0.241794 7.668545 0.095433
v 0.241783 7.668473 0.095464
v 0.241768 7.668406 0.095491
v 0.241753 7.668355 0.095512
v 0.241726 7.668283 0.095539
v 0.243474 7.664786 0.097544
v 0.241685 7.668196 0.095570
v 0.241639 7.668116 0.095595
v 0.241601 7.668061 0.095610
v 0.241564 7.668016 0.095622
v 0.241498 7.667945 0.095637
v 0.243344 7.664715 0.097544
v 0.241446 7.667898 0.095644
v 0.241404 7.667864 0.095648
v 0.243173 7.664603 0.097544
v 0.243069 7.664524 0.097544
v 0.243013 7.664476 0.097544
v 0.242892 7.664361 0.097545
v 0.242779 7.664238 0.097545
v 0.242630 7.664036 0.097545
v 0.242546 7.663903 0.097546
v 0.242510 7.663838 0.097546
v 0.241688 7.669119 0.095142
v 0.241651 7.669184 0.095104
v 0.241624 7.669225 0.095079
v 0.249748 7.660755 0.095798
v 0.249831 7.661195 0.095817
v 0.249925 7.661554 0.095816
v 0.250042 7.662282 0.095815
v 0.249409 7.665447 0.095807
v 0.248329 7.666885 0.095799
v 0.247734 7.667364 0.095802
v 0.247092 7.667762 0.095801
v 0.246755 7.667931 0.095799
v 0.246354 7.668111 0.095793
v 0.245817 7.668257 0.095797
v 0.245332 7.668394 0.095784
v 0.244923 7.668406 0.095797
v 0.244592 7.668426 0.095796
v 0.242695 7.668177 0.095785
v 0.242290 7.668279 0.095864
v 0.245629 7.668592 0.095959
v 0.246095 7.668481 0.095961
v 0.247213 7.668032 0.095964
v 0.248086 7.667466 0.095961
v 0.249233 7.666283 0.095956
v 0.250022 7.664788 0.095969
v 0.250139 7.664394 0.095940
v 0.250339 7.663329 0.095972
v 0.250318 7.662191 0.095934
v 0.250295 7.661936 0.095974
v 0.249678 7.660749 0.095816
v 0.248908 7.666244 0.095800
v 0.247089 7.667817 0.095786
v 0.249982 7.661681 0.095806
v 0.249420 7.665500 0.095793
v 0.247827 7.667357 0.095786
v 0.243688 7.668379 0.095793
v 0.250098 7.662208 0.095795
v 0.248778 7.666499 0.095785
v 0.250016 7.663725 0.095802
v 0.249817 7.664660 0.095791
v 0.250151 7.663764 0.095807
v 0.244478 7.668507 0.095778
v 0.246713 7.668077 0.095783
v 0.250116 7.663180 0.095797
v 0.250043 7.661460 0.095802
v 0.250207 7.662370 0.095807
v 0.249566 7.665406 0.095789
v 0.248949 7.666401 0.095790
v 0.245387 7.668446 0.095779
v 0.243497 7.668400 0.095781
v 0.249346 7.665905 0.095804
v 0.242966 7.668348 0.095783
v 0.249674 7.665405 0.095832
v 0.249932 7.664603 0.095797
v 0.247619 7.667599 0.095784
v 0.245263 7.668561 0.095810
v 0.243937 7.668561 0.095795
v 0.248334 7.667080 0.095796
v 0.250236 7.663238 0.095818
v 0.249023 7.666429 0.095824
v 0.249939 7.660894 0.095831
v 0.248074 7.667409 0.095852
v 0.247183 7.668010 0.095876
v 0.243309 7.668560 0.095868
v 0.250192 7.661783 0.095839
v 0.250078 7.664378 0.095840
v 0.245851 7.668429 0.095800
v 0.248915 7.666629 0.095873
v 0.246680 7.668280 0.095887
v 0.244594 7.668616 0.095814
v 0.249770 7.660342 0.095878
v 0.250337 7.662951 0.095902
v 0.250303 7.663486 0.095905
v 0.249337 7.666076 0.095873
v 0.245336 7.668626 0.095888
v 0.244939 7.668670 0.095886
v 0.250211 7.664027 0.095900
v 0.249950 7.664883 0.095874
v 0.250002 7.660859 0.095909
v 0.248506 7.667065 0.095870
v 0.250194 7.661555 0.095898
v 0.250222 7.661556 0.095969
v 0.249632 7.665614 0.095903
v 0.244266 7.668687 0.095894
v 0.242830 7.668478 0.095950
v 0.250302 7.663646 0.095969
v 0.248771 7.666840 0.095954
v 0.248481 7.667131 0.095965
v 0.246516 7.668342 0.095862
v 0.245752 7.668546 0.095888
v 0.243373 7.668612 0.095869
v 0.249610 7.665695 0.095966
v 0.249026 7.666551 0.095964
v 0.241724 7.668231 0.080099
v 0.241776 7.668391 0.080098
v 0.241789 7.668458 0.080096
v 0.241800 7.668558 0.080098
v 0.241802 7.668626 0.080098
v 0.241798 7.668702 0.080098
v 0.241789 7.668777 0.080098
v 0.241779 7.668827 0.080095
v 0.241760 7.668900 0.080096
v 0.241729 7.668989 0.080097
v 0.241702 7.669050 0.080097
v 0.241671 7.669110 0.080094
v 0.241635 7.669168 0.080097
v 0.241414 7.667826 0.080100
v 0.241471 7.667873 0.080098
v 0.241525 7.667926 0.080100
v 0.241610 7.668027 0.080097
v 0.241692 7.668162 0.080099
v 0.241569 7.667975 0.080097
v 0.241647 7.668083 0.080096
v 0.241734 7.668581 0.079777
v 0.241568 7.668061 0.079721
v 0.241296 7.668206 0.079387
v 0.241683 7.668880 0.079752
v 0.241555 7.668715 0.079498
v 0.241569 7.668906 0.079573
v 0.241595 7.669197 0.079957
v 0.240998 7.668413 0.079202
v 0.241251 7.668751 0.079275
v 0.241279 7.668979 0.079352
v 0.240947 7.668766 0.079179
v 0.240871 7.668599 0.079159
v 0.241756 7.668318 0.080094
v 0.241734 7.668274 0.080029
v 0.241786 7.668494 0.079999
v 0.241597 7.668445 0.079512
v 0.241409 7.668190 0.079431
v 0.241791 7.668663 0.080004
v 0.241748 7.668890 0.079989
v 0.241461 7.667892 0.079949
v 0.241632 7.668082 0.079994
v 0.241170 7.668517 0.079237
v 0.241294 7.669613 0.080044
v 0.241520 7.669178 0.079718
v 0.241399 7.669140 0.079527
v 0.240179 7.669619 0.079162
v 0.239106 7.670696 0.079152
v 0.237717 7.671993 0.079147
v 0.223523 7.677903 0.079131
v 0.221313 7.677877 0.079132
v 0.221247 7.678111 0.079141
v 0.221697 7.678166 0.079158
v 0.222214 7.678329 0.079206
v 0.221168 7.678410 0.079247
v 0.221811 7.678640 0.079407
v 0.221807 7.678821 0.079635
v 0.221673 7.678905 0.079870
v 0.222212 7.678937 0.080031
v 0.223434 7.678908 0.079975
v 0.225866 7.678673 0.080016
v 0.226669 7.678529 0.079951
v 0.227465 7.678357 0.079893
v 0.229826 7.677732 0.080034
v 0.230595 7.677462 0.080023
v 0.231353 7.677162 0.079970
v 0.236975 7.673908 0.079908
v 0.237322 7.672437 0.079148
v 0.236017 7.673468 0.079145
v 0.232350 7.675716 0.079141
v 0.227269 7.677473 0.079136
v 0.235521 7.673954 0.079155
v 0.230187 7.676636 0.079139
v 0.225777 7.677744 0.079134
v 0.223392 7.678035 0.079139
v 0.224571 7.677986 0.079143
v 0.239267 7.670779 0.079173
v 0.237976 7.671991 0.079160
v 0.234197 7.674754 0.079147
v 0.232831 7.675581 0.079153
v 0.233566 7.675284 0.079170
v 0.226139 7.677832 0.079154
v 0.240226 7.669785 0.079190
v 0.238192 7.671936 0.079183
v 0.227687 7.677531 0.079158
v 0.224978 7.678082 0.079175
v 0.236807 7.673046 0.079165
v 0.231258 7.676403 0.079169
v 0.228620 7.677207 0.079145
v 0.223499 7.678192 0.079172
v 0.238957 7.671303 0.079208
v 0.234914 7.674463 0.079169
v 0.234686 7.674844 0.079237
v 0.229974 7.676916 0.079173
v 0.227341 7.677794 0.079215
v 0.236914 7.673179 0.079212
v 0.233638 7.675413 0.079219
v 0.232604 7.676011 0.079241
v 0.239581 7.670800 0.079255
v 0.231511 7.676492 0.079233
v 0.228873 7.677374 0.079204
v 0.226166 7.677993 0.079203
v 0.228135 7.677690 0.079256
v 0.223804 7.678317 0.079222
v 0.238153 7.672184 0.079236
v 0.235630 7.674111 0.079203
v 0.225805 7.678260 0.079308
v 0.224995 7.678227 0.079228
v 0.235414 7.674500 0.079294
v 0.233374 7.675764 0.079317
v 0.230035 7.677091 0.079243
v 0.226600 7.678159 0.079332
v 0.234762 7.674966 0.079318
v 0.240805 7.669524 0.079299
v 0.240139 7.670231 0.079275
v 0.236061 7.674030 0.079289
v 0.232290 7.676280 0.079300
v 0.225014 7.678396 0.079329
v 0.239723 7.670931 0.079372
v 0.237960 7.672566 0.079317
v 0.237018 7.673310 0.079293
v 0.231963 7.676529 0.079363
v 0.231220 7.676834 0.079356
v 0.224211 7.678416 0.079290
v 0.222614 7.678490 0.079289
v 0.234066 7.675362 0.079305
v 0.232706 7.676219 0.079393
v 0.227390 7.678015 0.079343
v 0.239123 7.671466 0.079325
v 0.237428 7.673178 0.079407
v 0.236792 7.673671 0.079395
v 0.230088 7.677243 0.079342
v 0.223416 7.678533 0.079334
v 0.238592 7.672070 0.079367
v 0.235517 7.674654 0.079444
v 0.234151 7.675509 0.079446
v 0.239842 7.671040 0.079539
v 0.226630 7.678320 0.079482
v 0.225827 7.678410 0.079432
v 0.240284 7.670355 0.079407
v 0.229760 7.677529 0.079498
v 0.228946 7.677623 0.079352
v 0.238064 7.672683 0.079445
v 0.236856 7.673754 0.079499
v 0.236187 7.674206 0.079458
v 0.228994 7.677789 0.079521
v 0.228200 7.677944 0.079451
v 0.227418 7.678142 0.079460
v 0.225031 7.678539 0.079456
v 0.224225 7.678577 0.079415
v 0.238135 7.672763 0.079574
v 0.223425 7.678719 0.079515
v 0.222616 7.678665 0.079426
v 0.239249 7.671591 0.079475
v 0.224235 7.678710 0.079575
v 0.238713 7.672196 0.079539
v 0.236924 7.673841 0.079667
v 0.234849 7.675106 0.079458
v 0.239327 7.671667 0.079618
v 0.237513 7.673281 0.079556
v 0.232018 7.676652 0.079497
v 0.225847 7.678539 0.079601
v 0.222618 7.678804 0.079602
v 0.240401 7.670456 0.079578
v 0.233493 7.675989 0.079571
v 0.232765 7.676341 0.079542
v 0.230906 7.677133 0.079518
v 0.225044 7.678658 0.079618
v 0.240898 7.669817 0.079551
v 0.235929 7.674542 0.079627
v 0.223431 7.678845 0.079737
v 0.238210 7.672848 0.079809
v 0.236294 7.674355 0.079738
v 0.229025 7.677895 0.079707
v 0.238777 7.672265 0.079686
v 0.232067 7.676763 0.079680
v 0.229800 7.677651 0.079697
v 0.228238 7.678095 0.079675
v 0.227447 7.678275 0.079657
v 0.222619 7.678899 0.079819
v 0.238822 7.672313 0.079867
v 0.237576 7.673357 0.079724
v 0.230583 7.677428 0.079827
v 0.226652 7.678441 0.079667
v 0.224243 7.678801 0.079750
v 0.239395 7.671734 0.079832
v 0.234934 7.675243 0.079698
v 0.234232 7.675651 0.079673
v 0.232810 7.676433 0.079716
v 0.230943 7.677229 0.079682
v 0.233543 7.676082 0.079765
v 0.229818 7.677706 0.079864
v 0.235638 7.674836 0.079787
v 0.232459 7.676643 0.079824
v 0.231345 7.677141 0.079846
v 0.225860 7.678633 0.079804
v 0.225056 7.678755 0.079877
v 0.241006 7.669904 0.079809
v 0.237614 7.673404 0.079931
v 0.236331 7.674407 0.079976
v 0.234978 7.675314 0.079987
v 0.233565 7.676124 0.079955
v 0.232839 7.676494 0.079948
v 0.229046 7.677967 0.079974
v 0.240483 7.670527 0.079792
v 0.239951 7.671141 0.079821
v 0.232100 7.676836 0.079930
v 0.228258 7.678174 0.079924
v 0.235664 7.674875 0.080006
v 0.234439 7.675649 0.079971
v 0.238843 7.672335 0.080049
v 0.240524 7.670562 0.080029
v 0.239983 7.671172 0.080028
v 0.239422 7.671762 0.080026
v 0.238243 7.672886 0.080047
v 0.224247 7.678852 0.079953
v 0.220587 7.678081 0.079427
v 0.220881 7.678806 0.080003
v 0.221159 7.678906 0.080069
v 0.221028 7.678874 0.080068
v 0.220456 7.678348 0.079781
v 0.220880 7.678812 0.080071
v 0.220933 7.678838 0.080071
v 0.220593 7.678327 0.079580
v 0.220457 7.678400 0.080065
v 0.220495 7.678465 0.080072
v 0.220436 7.678339 0.079980
v 0.220539 7.678527 0.080065
v 0.220571 7.678567 0.080068
v 0.220622 7.678623 0.080071
v 0.220677 7.678676 0.080066
v 0.220716 7.678707 0.080071
v 0.220771 7.678747 0.080069
v 0.220814 7.678775 0.080063
v 0.221085 7.678890 0.080067
v 0.221218 7.678915 0.080066
v 0.221288 7.678921 0.080055
v 0.221108 7.678504 0.079344
v 0.221208 7.678646 0.079444
v 0.221184 7.678904 0.079999
v 0.220916 7.678211 0.079272
v 0.220944 7.678622 0.079517
v 0.221207 7.678764 0.079590
v 0.220791 7.678431 0.079452
v 0.220732 7.678699 0.079931
v 0.221225 7.678856 0.079772
v 0.220980 7.678857 0.080068
v 0.220752 7.678576 0.079634
v 0.220914 7.678742 0.079721
v 0.220585 7.678565 0.079975
v 0.220997 7.678841 0.079913
v 0.220341 7.677821 0.080073
v 0.220336 7.677962 0.080073
v 0.220344 7.678053 0.080073
v 0.220355 7.678119 0.080072
v 0.220370 7.678183 0.080072
v 0.220392 7.678254 0.080072
v 0.220426 7.678339 0.080072
v 0.220735 7.677491 0.079353
v 0.221114 7.677680 0.079161
v 0.220517 7.678065 0.079562
v 0.220941 7.677964 0.079215
v 0.220357 7.678048 0.079972
v 0.220344 7.677860 0.079984
v 0.220336 7.677887 0.080072
v 0.220340 7.677862 0.095623
v 0.220336 7.677914 0.095622
v 0.220335 7.677991 0.095617
v 0.220338 7.678047 0.095611
v 0.220345 7.678111 0.095602
v 0.220355 7.678171 0.095592
v 0.220365 7.678214 0.095583
v 0.220380 7.678267 0.095570
v 0.220415 7.678360 0.095543
v 0.219805 7.674606 0.095632
v 0.219886 7.674784 0.095631
v 0.216532 7.676361 0.097512
v 0.219962 7.674965 0.095631
v 0.220032 7.675148 0.095630
v 0.220095 7.675333 0.095630
v 0.216587 7.676518 0.097512
v 0.220153 7.675521 0.095629
v 0.220204 7.675710 0.095629
v 0.216617 7.676626 0.097511
v 0.220249 7.675901 0.095629
v 0.220287 7.676093 0.095628
v 0.220319 7.676286 0.095628
v 0.220344 7.676481 0.095627
v 0.216660 7.676854 0.097511
v 0.220363 7.676676 0.095627
v 0.220376 7.676871 0.095626
v 0.220382 7.677067 0.095626
v 0.216680 7.677084 0.097510
v 0.220382 7.677263 0.095625
v 0.220375 7.677459 0.095625
v 0.216676 7.677307 0.097510
v 0.220361 7.677654 0.095624
v 0.216659 7.677473 0.097509
v 0.216633 7.677619 0.097509
v 0.220455 7.678442 0.095515
v 0.220505 7.678525 0.095480
v 0.220540 7.678575 0.095457
v 0.220590 7.678634 0.095425
v 0.220644 7.678689 0.095392
v 0.216607 7.677728 0.097508
v 0.220682 7.678724 0.095368
v 0.220723 7.678757 0.095344
v 0.220779 7.678797 0.095311
v 0.220845 7.678837 0.095273
v 0.220912 7.678872 0.095235
v 0.220958 7.678892 0.095210
v 0.221005 7.678910 0.095185
v 0.221035 7.678920 0.095168
v 0.221105 7.678938 0.095132
v 0.221160 7.678950 0.095103
v 0.221217 7.678958 0.095074
v 0.216586 7.677799 0.097508
v 0.219736 7.679110 0.095769
v 0.216530 7.677957 0.097508
v 0.219589 7.679464 0.095769
v 0.216439 7.678159 0.097507
v 0.219415 7.679810 0.095769
v 0.216347 7.678321 0.097507
v 0.216184 7.678546 0.097506
v 0.218665 7.680882 0.095765
v 0.216036 7.678712 0.097506
v 0.218331 7.681222 0.095765
v 0.215955 7.678789 0.097506
v 0.215870 7.678861 0.097506
v 0.215706 7.678982 0.097505
v 0.217593 7.681827 0.095758
v 0.217255 7.682035 0.095757
v 0.215547 7.679079 0.097505
v 0.216855 7.682229 0.095760
v 0.215364 7.679170 0.097505
v 0.216600 7.682341 0.095760
v 0.215226 7.679224 0.097505
v 0.215040 7.679280 0.097504
v 0.215465 7.682667 0.095759
v 0.214776 7.679334 0.097504
v 0.215094 7.682721 0.095759
v 0.214572 7.679352 0.097504
v 0.214424 7.679353 0.097504
v 0.214202 7.679335 0.097504
v 0.213682 7.682696 0.095759
v 0.213911 7.679277 0.097504
v 0.212889 7.682529 0.095757
v 0.213587 7.679163 0.097505
v 0.212208 7.682279 0.095758
v 0.211781 7.682057 0.095762
v 0.213429 7.679085 0.097505
v 0.213301 7.679010 0.097505
v 0.213134 7.678892 0.097505
v 0.210821 7.681391 0.095763
v 0.212965 7.678747 0.097506
v 0.210513 7.681107 0.095764
v 0.212873 7.678655 0.097506
v 0.210382 7.680970 0.095765
v 0.212799 7.678572 0.097506
v 0.210190 7.680751 0.095766
v 0.209959 7.680458 0.095766
v 0.212676 7.678409 0.097506
v 0.209763 7.680181 0.095764
v 0.212558 7.678220 0.097507
v 0.209490 7.679694 0.095768
v 0.209305 7.679297 0.095768
v 0.212454 7.678002 0.097507
v 0.212361 7.677733 0.097508
v 0.212302 7.677447 0.097509
v 0.212286 7.677283 0.097509
v 0.212282 7.677111 0.097510
v 0.212303 7.676857 0.097510
v 0.212350 7.676621 0.097511
v 0.212414 7.676408 0.097512
v 0.212454 7.676304 0.097512
v 0.208294 7.674431 0.095193
v 0.212500 7.676202 0.097512
v 0.208316 7.674438 0.095205
v 0.208834 7.674470 0.095452
v 0.212551 7.676103 0.097512
v 0.209121 7.674364 0.095559
v 0.209326 7.674213 0.095614
v 0.209260 7.674271 0.095599
v 0.212607 7.676007 0.097513
v 0.209463 7.674051 0.095632
v 0.209410 7.674121 0.095627
v 0.209590 7.673855 0.095633
v 0.209705 7.673691 0.095633
v 0.212722 7.675838 0.097513
v 0.209825 7.673532 0.095634
v 0.209951 7.673376 0.095634
v 0.212827 7.675709 0.097513
v 0.210081 7.673224 0.095635
v 0.210217 7.673078 0.095635
v 0.212929 7.675600 0.097514
v 0.210358 7.672935 0.095635
v 0.210503 7.672798 0.095636
v 0.210653 7.672666 0.095636
v 0.213037 7.675499 0.097514
v 0.210807 7.672539 0.095636
v 0.213168 7.675394 0.097514
v 0.210966 7.672417 0.095637
v 0.211128 7.672301 0.095637
v 0.211295 7.672190 0.095637
v 0.211465 7.672085 0.095638
v 0.213337 7.675280 0.097515
v 0.211639 7.671986 0.095638
v 0.213433 7.675224 0.097515
v 0.211816 7.671892 0.095638
v 0.211995 7.671805 0.095638
v 0.212178 7.671724 0.095639
v 0.213550 7.675166 0.097515
v 0.212364 7.671649 0.095639
v 0.213703 7.675100 0.097515
v 0.212552 7.671580 0.095639
v 0.212742 7.671518 0.095639
v 0.213925 7.675031 0.097515
v 0.212934 7.671463 0.095639
v 0.213128 7.671413 0.095640
v 0.213323 7.671371 0.095640
v 0.213520 7.671335 0.095640
v 0.214097 7.674993 0.097515
v 0.213718 7.671305 0.095640
v 0.213916 7.671283 0.095640
v 0.214116 7.671267 0.095640
v 0.214300 7.674966 0.097515
v 0.214316 7.671258 0.095640
v 0.214516 7.671256 0.095640
v 0.214466 7.674958 0.097515
v 0.214716 7.671260 0.095640
v 0.214578 7.674960 0.097515
v 0.214915 7.671272 0.095640
v 0.214652 7.674964 0.097515
v 0.215115 7.671289 0.095640
v 0.215313 7.671314 0.095640
v 0.214818 7.674985 0.097515
v 0.215511 7.671346 0.095640
v 0.215707 7.671384 0.095640
v 0.215027 7.675028 0.097515
v 0.215902 7.671429 0.095640
v 0.216095 7.671480 0.095640
v 0.216287 7.671538 0.095639
v 0.216476 7.671602 0.095639
v 0.215309 7.675121 0.097515
v 0.216663 7.671673 0.095639
v 0.216848 7.671750 0.095639
v 0.217030 7.671834 0.095639
v 0.217209 7.671923 0.095638
v 0.217384 7.672018 0.095638
v 0.215536 7.675227 0.097515
v 0.217557 7.672119 0.095638
v 0.215633 7.675282 0.097515
v 0.217726 7.672226 0.095638
v 0.215695 7.675322 0.097515
v 0.217891 7.672339 0.095637
v 0.218052 7.672457 0.095637
v 0.218209 7.672581 0.095637
v 0.218362 7.672709 0.095637
v 0.215881 7.675461 0.097514
v 0.218511 7.672843 0.095636
v 0.215987 7.675552 0.097514
v 0.218655 7.672982 0.095636
v 0.218794 7.673126 0.095636
v 0.216103 7.675672 0.097514
v 0.218928 7.673275 0.095635
v 0.219057 7.673427 0.095635
v 0.216212 7.675798 0.097513
v 0.219180 7.673584 0.095634
v 0.219299 7.673745 0.095634
v 0.216279 7.675888 0.097513
v 0.219411 7.673911 0.095634
v 0.216321 7.675949 0.097513
v 0.219519 7.674079 0.095633
v 0.219620 7.674252 0.095633
v 0.216437 7.676149 0.097513
v 0.219715 7.674427 0.095632
v 0.209355 7.674184 0.095619
v 0.209191 7.674322 0.095580
v 0.209029 7.674409 0.095528
v 0.208973 7.674432 0.095507
v 0.208907 7.674453 0.095482
v 0.208777 7.674480 0.095428
v 0.208707 7.674488 0.095397
v 0.208608 7.674490 0.095352
v 0.208542 7.674486 0.095320
v 0.208457 7.674474 0.095278
v 0.208369 7.674455 0.095233
v 0.208220 7.674400 0.095152
v 0.208163 7.674373 0.095121
v 0.208119 7.674347 0.095095
v 0.208060 7.674309 0.095059
v 0.208855 7.676228 0.095757
v 0.208793 7.676785 0.095756
v 0.209497 7.680062 0.095763
v 0.217263 7.682217 0.095759
v 0.218010 7.681745 0.095770
v 0.219963 7.679335 0.095852
v 0.219625 7.680039 0.095929
v 0.218216 7.681714 0.095922
v 0.212650 7.682755 0.095921
v 0.211405 7.682177 0.095912
v 0.209483 7.680279 0.095926
v 0.208591 7.676848 0.095934
v 0.208625 7.676450 0.095937
v 0.208686 7.676054 0.095938
v 0.208774 7.675664 0.095939
v 0.208905 7.675448 0.095812
v 0.219439 7.680167 0.095779
v 0.212240 7.682470 0.095757
v 0.210423 7.681221 0.095754
v 0.214132 7.682879 0.095746
v 0.218289 7.681454 0.095752
v 0.212275 7.682407 0.095741
v 0.214941 7.682940 0.095777
v 0.208824 7.677963 0.095755
v 0.217473 7.682022 0.095743
v 0.215593 7.682806 0.095755
v 0.213542 7.682870 0.095771
v 0.213172 7.682722 0.095742
v 0.209278 7.679585 0.095756
v 0.210965 7.681668 0.095745
v 0.216574 7.682466 0.095742
v 0.209848 7.680438 0.095745
v 0.219585 7.679820 0.095760
v 0.208941 7.678129 0.095763
v 0.208890 7.677655 0.095769
v 0.219213 7.680339 0.095747
v 0.218755 7.680919 0.095746
v 0.209099 7.679035 0.095750
v 0.219956 7.678873 0.095748
v 0.209142 7.675434 0.095776
v 0.209067 7.678644 0.095765
v 0.208870 7.677132 0.095771
v 0.208903 7.676483 0.095770
v 0.208980 7.676062 0.095774
v 0.215686 7.682685 0.095742
v 0.219651 7.679429 0.095752
v 0.214961 7.682847 0.095743
v 0.218984 7.680490 0.095766
v 0.218453 7.681113 0.095762
v 0.218201 7.681345 0.095763
v 0.217944 7.681571 0.095759
v 0.211481 7.681882 0.095762
v 0.211052 7.681601 0.095757
v 0.208968 7.679208 0.095876
v 0.216459 7.682703 0.095916
v 0.210055 7.681046 0.095925
v 0.211820 7.682408 0.095910
v 0.214572 7.683044 0.095915
v 0.216053 7.682828 0.095904
v 0.213377 7.682941 0.095917
v 0.217175 7.682395 0.095920
v 0.219030 7.680903 0.095920
v 0.212432 7.682661 0.095862
v 0.212884 7.682803 0.095850
v 0.218121 7.681747 0.095834
v 0.209929 7.680861 0.095853
v 0.217487 7.682226 0.095855
v 0.214934 7.683002 0.095844
v 0.213690 7.682970 0.095847
v 0.219316 7.680501 0.095869
v 0.219708 7.679864 0.095882
v 0.208848 7.678801 0.095851
v 0.209707 7.680561 0.095850
v 0.218656 7.681299 0.095875
v 0.209210 7.679770 0.095888
v 0.216861 7.682546 0.095842
v 0.208710 7.677462 0.095774
v 0.209083 7.675025 0.095778
v 0.213034 7.682868 0.095865
v 0.208842 7.675915 0.095772
v 0.211069 7.681935 0.095859
v 0.217662 7.682068 0.095825
v 0.208709 7.676639 0.095780
v 0.215836 7.682825 0.095796
v 0.216392 7.682691 0.095827
v 0.211486 7.682187 0.095828
v 0.215504 7.682937 0.095855
v 0.209128 7.679465 0.095800
v 0.211913 7.682416 0.095823
v 0.210608 7.681555 0.095846
v 0.208789 7.678393 0.095798
v 0.209456 7.680160 0.095832
v 0.218869 7.681036 0.095828
v 0.219496 7.680173 0.095823
v 0.212289 7.682548 0.095788
v 0.218993 7.680801 0.095777
v 0.208970 7.678932 0.095773
v 0.211051 7.681834 0.095775
v 0.211541 7.682119 0.095758
v 0.209044 7.675446 0.095758
v 0.214215 7.683042 0.095851
v 0.209981 7.680787 0.095766
v 0.212834 7.682710 0.095768
v 0.216609 7.682530 0.095764
v 0.218568 7.681299 0.095789
v 0.213427 7.682673 0.095753
v 0.216662 7.682369 0.095743
v 0.211621 7.682000 0.095751
v 0.210124 7.680701 0.095758
v 0.214151 7.682797 0.095742
v 0.214758 7.682763 0.095753
v 0.210521 7.681160 0.095750
v 0.209464 7.679702 0.095757
v 0.214171 7.682744 0.095760
v 0.219250 7.680119 0.095763
v 0.215892 7.682575 0.095759
v 0.216290 7.682458 0.095759
v 0.209001 7.674971 0.095881
v 0.208584 7.677248 0.095934
v 0.208812 7.675602 0.095869
v 0.208728 7.675992 0.095856
v 0.208659 7.676409 0.095856
v 0.208638 7.677651 0.095851
v 0.208597 7.677030 0.095882
v 0.208684 7.678148 0.095875
v 0.208640 7.677080 0.095817
v 0.208089 7.674284 0.080079
v 0.208154 7.674324 0.080081
v 0.208184 7.674339 0.080081
v 0.208237 7.674364 0.080081
v 0.208308 7.674392 0.080081
v 0.208454 7.674430 0.080081
v 0.208629 7.674447 0.080081
v 0.208722 7.674443 0.080081
v 0.208787 7.674435 0.080078
v 0.208919 7.674406 0.080081
v 0.208982 7.674385 0.080076
v 0.209135 7.674313 0.080079
v 0.209213 7.674263 0.080082
v 0.209279 7.674212 0.080080
v 0.209335 7.674161 0.080082
v 0.208182 7.673312 0.079157
v 0.208709 7.674424 0.079936
v 0.209052 7.674356 0.080078
v 0.209083 7.674311 0.079923
v 0.208389 7.674385 0.079769
v 0.208853 7.674423 0.080075
v 0.208361 7.674408 0.080073
v 0.208543 7.674442 0.080076
v 0.209466 7.674004 0.080080
v 0.208678 7.673697 0.079179
v 0.208445 7.673781 0.079218
v 0.208676 7.673902 0.079253
v 0.208920 7.674025 0.079374
v 0.209027 7.673954 0.079331
v 0.209585 7.673637 0.079670
v 0.208431 7.673954 0.079279
v 0.208733 7.674265 0.079512
v 0.208896 7.674403 0.079984
v 0.209355 7.674109 0.079936
v 0.209387 7.674106 0.080077
v 0.209435 7.674047 0.080073
v 0.208157 7.674139 0.079582
v 0.208182 7.674330 0.079865
v 0.208216 7.674345 0.079984
v 0.220363 7.677607 0.080074
v 0.220376 7.676777 0.080020
v 0.220010 7.675019 0.079966
v 0.218952 7.673244 0.079969
v 0.217250 7.671895 0.079994
v 0.216830 7.671696 0.080061
v 0.215748 7.671348 0.080034
v 0.215194 7.671239 0.079931
v 0.214631 7.671204 0.079972
v 0.212749 7.671460 0.079957
v 0.212189 7.671662 0.079947
v 0.211557 7.671981 0.079996
v 0.209950 7.673324 0.079987
v 0.209149 7.674131 0.079539
v 0.209766 7.672204 0.079147
v 0.212595 7.670500 0.079149
v 0.216450 7.670516 0.079149
v 0.218077 7.671284 0.079148
v 0.221336 7.676505 0.079134
v 0.220273 7.675476 0.079646
v 0.219767 7.674254 0.079659
v 0.220391 7.677303 0.079943
v 0.220410 7.676775 0.079822
v 0.220337 7.676353 0.079996
v 0.220258 7.675814 0.079895
v 0.219359 7.673734 0.079879
v 0.220365 7.677628 0.079995
v 0.219609 7.674140 0.079915
v 0.220410 7.677855 0.079736
v 0.219812 7.674530 0.079920
v 0.220063 7.674984 0.079737
v 0.220475 7.677300 0.079671
v 0.220551 7.676883 0.079552
v 0.220436 7.676146 0.079614
v 0.220566 7.676255 0.079466
v 0.209591 7.673811 0.080083
v 0.209705 7.673648 0.080083
v 0.209825 7.673489 0.080084
v 0.209950 7.673334 0.080084
v 0.210080 7.673183 0.080084
v 0.210215 7.673037 0.080085
v 0.210355 7.672895 0.080085
v 0.210499 7.672758 0.080085
v 0.210648 7.672626 0.080086
v 0.210802 7.672499 0.080086
v 0.210960 7.672378 0.080086
v 0.211121 7.672262 0.080087
v 0.211287 7.672151 0.080087
v 0.211456 7.672046 0.080087
v 0.211629 7.671947 0.080088
v 0.211805 7.671854 0.080088
v 0.211984 7.671766 0.080088
v 0.212166 7.671685 0.080088
v 0.212350 7.671610 0.080089
v 0.212537 7.671541 0.080089
v 0.212726 7.671478 0.080089
v 0.212917 7.671422 0.080089
v 0.213110 7.671373 0.080089
v 0.213305 7.671330 0.080089
v 0.213501 7.671293 0.080089
v 0.213698 7.671264 0.080090
v 0.213895 7.671240 0.080090
v 0.214094 7.671224 0.080090
v 0.214293 7.671214 0.080090
v 0.214492 7.671211 0.080090
v 0.214691 7.671215 0.080090
v 0.214890 7.671225 0.080090
v 0.215089 7.671242 0.080090
v 0.215286 7.671266 0.080090
v 0.215483 7.671296 0.080090
v 0.215679 7.671333 0.080089
v 0.215873 7.671377 0.080089
v 0.216066 7.671427 0.080089
v 0.216257 7.671484 0.080089
v 0.216446 7.671546 0.080089
v 0.216633 7.671616 0.080089
v 0.216999 7.671773 0.080088
v 0.217177 7.671861 0.080088
v 0.217353 7.671955 0.080088
v 0.217525 7.672055 0.080088
v 0.217694 7.672160 0.080088
v 0.217860 7.672271 0.080087
v 0.218021 7.672388 0.080087
v 0.218178 7.672510 0.080087
v 0.218332 7.672637 0.080086
v 0.218480 7.672770 0.080086
v 0.218625 7.672907 0.080086
v 0.218764 7.673049 0.080085
v 0.218899 7.673195 0.080085
v 0.219028 7.673347 0.080085
v 0.219153 7.673502 0.080084
v 0.219272 7.673662 0.080084
v 0.219386 7.673825 0.080083
v 0.219494 7.673992 0.080083
v 0.219596 7.674163 0.080083
v 0.219693 7.674337 0.080082
v 0.219783 7.674514 0.080082
v 0.219868 7.674695 0.080081
v 0.219946 7.674878 0.080081
v 0.220018 7.675063 0.080080
v 0.220084 7.675251 0.080080
v 0.220144 7.675441 0.080079
v 0.220197 7.675632 0.080079
v 0.220243 7.675826 0.080078
v 0.220283 7.676021 0.080078
v 0.220316 7.676217 0.080077
v 0.220343 7.676414 0.080077
v 0.220363 7.676612 0.080076
v 0.220377 7.676811 0.080076
v 0.220383 7.677010 0.080075
v 0.220383 7.677209 0.080075
v 0.220376 7.677408 0.080074
v 0.220987 7.675145 0.079142
v 0.221274 7.677013 0.079138
v 0.220533 7.674129 0.079153
v 0.219904 7.673045 0.079150
v 0.219275 7.672229 0.079147
v 0.218499 7.671679 0.079158
v 0.212517 7.670627 0.079156
v 0.219224 7.672360 0.079163
v 0.216256 7.670586 0.079158
v 0.213827 7.670376 0.079160
v 0.220912 7.675272 0.079160
v 0.217687 7.671266 0.079174
v 0.214957 7.670358 0.079159
v 0.211265 7.671175 0.079159
v 0.210566 7.671793 0.079192
v 0.221026 7.676781 0.079192
v 0.215540 7.670600 0.079195
v 0.209803 7.672519 0.079203
v 0.220538 7.674686 0.079209
v 0.220833 7.676003 0.079239
v 0.212006 7.671030 0.079203
v 0.213172 7.670708 0.079211
v 0.211367 7.671380 0.079218
v 0.209017 7.673294 0.079171
v 0.218602 7.672016 0.079207
v 0.215846 7.670772 0.079236
v 0.219177 7.672660 0.079236
v 0.210427 7.672157 0.079273
v 0.219924 7.673388 0.079189
v 0.217940 7.671729 0.079281
v 0.212594 7.671021 0.079288
v 0.211822 7.671362 0.079314
v 0.216598 7.670992 0.079238
v 0.214167 7.670626 0.079232
v 0.220400 7.674840 0.079303
v 0.220735 7.676730 0.079353
v 0.218456 7.672228 0.079337
v 0.211177 7.671771 0.079353
v 0.220579 7.675514 0.079327
v 0.219985 7.673980 0.079313
v 0.218863 7.672691 0.079392
v 0.216544 7.671171 0.079343
v 0.215001 7.670732 0.079276
v 0.213869 7.670880 0.079369
v 0.219445 7.673314 0.079371
v 0.209401 7.673360 0.079323
v 0.220124 7.674667 0.079461
v 0.213104 7.671032 0.079388
v 0.219578 7.673754 0.079526
v 0.220418 7.675476 0.079451
v 0.217706 7.671820 0.079424
v 0.213637 7.671041 0.079493
v 0.214373 7.670841 0.079359
v 0.209996 7.672764 0.079372
v 0.215458 7.670947 0.079378
v 0.212475 7.671320 0.079493
v 0.210748 7.672240 0.079479
v 0.217069 7.671366 0.079324
v 0.216261 7.671296 0.079556
v 0.215468 7.671124 0.079575
v 0.218592 7.672669 0.079596
v 0.218120 7.672240 0.079555
v 0.213159 7.671226 0.079624
v 0.211623 7.671683 0.079490
v 0.214662 7.671024 0.079539
v 0.212379 7.671492 0.079679
v 0.210109 7.672981 0.079653
v 0.214143 7.670996 0.079500
v 0.218636 7.672863 0.079853
v 0.217041 7.671662 0.079643
v 0.219037 7.673172 0.079640
v 0.211690 7.671827 0.079730
v 0.218301 7.672576 0.079888
v 0.217755 7.672191 0.079970
v 0.213946 7.671132 0.079680
v 0.210508 7.672633 0.079706
v 0.214772 7.671145 0.079737
v 0.217528 7.671966 0.079733
v 0.211068 7.672199 0.079715
v 0.209601 7.673783 0.079970
v 0.216325 7.671474 0.079877
v 0.216780 7.671658 0.079920
v 0.210358 7.672882 0.079980
v 0.213369 7.671298 0.079906
v 0.211140 7.672236 0.079959
v 0.215807 7.671313 0.079812
v 0.214129 7.671208 0.079929
v 0.210783 7.672472 0.079874
v 0.201163 7.665288 0.079309
v 0.201004 7.665366 0.079438
v 0.200992 7.665597 0.079563
v 0.200853 7.665441 0.079647
v 0.200871 7.665658 0.079830
v 0.200833 7.665678 0.080041
v 0.201609 7.667109 0.080047
v 0.202033 7.667805 0.080058
v 0.202481 7.668485 0.080056
v 0.202954 7.669148 0.080018
v 0.204500 7.671039 0.080002
v 0.205056 7.671634 0.080008
v 0.206816 7.673284 0.079975
v 0.207512 7.673812 0.079809
v 0.208307 7.674026 0.079365
v 0.206226 7.672770 0.079977
v 0.203448 7.669796 0.080017
v 0.203961 7.670429 0.080039
v 0.201209 7.666400 0.080045
v 0.202990 7.669121 0.079820
v 0.203462 7.669785 0.079898
v 0.201264 7.666369 0.079778
v 0.201654 7.667082 0.079806
v 0.202068 7.667782 0.079834
v 0.203982 7.670411 0.079869
v 0.205979 7.672436 0.079731
v 0.202534 7.668449 0.079777
v 0.205093 7.671598 0.079780
v 0.204538 7.671005 0.079782
v 0.204035 7.670365 0.079690
v 0.204599 7.670949 0.079613
v 0.202128 7.667744 0.079663
v 0.205435 7.671831 0.079620
v 0.206914 7.673216 0.079657
v 0.201362 7.666316 0.079568
v 0.202632 7.668381 0.079555
v 0.203520 7.669738 0.079699
v 0.202208 7.667693 0.079524
v 0.204681 7.670874 0.079472
v 0.203109 7.669034 0.079539
v 0.206356 7.672626 0.079536
v 0.201788 7.667003 0.079529
v 0.207312 7.673369 0.079467
v 0.204142 7.670275 0.079484
v 0.201470 7.666257 0.079430
v 0.203241 7.668936 0.079376
v 0.203644 7.669641 0.079469
v 0.205813 7.672022 0.079453
v 0.205224 7.671471 0.079485
v 0.202099 7.667286 0.079403
v 0.202730 7.668314 0.079425
v 0.202194 7.667228 0.079320
v 0.206506 7.672458 0.079324
v 0.204281 7.670157 0.079327
v 0.207131 7.672956 0.079300
v 0.201600 7.666186 0.079318
v 0.204836 7.670734 0.079300
v 0.202859 7.668226 0.079306
v 0.205660 7.671606 0.079303
v 0.202518 7.667495 0.079248
v 0.204406 7.670051 0.079236
v 0.202140 7.666796 0.079231
v 0.201754 7.666102 0.079230
v 0.203210 7.668467 0.079232
v 0.203836 7.669488 0.079284
v 0.205125 7.670740 0.079204
v 0.206014 7.671813 0.079245
v 0.207548 7.673077 0.079213
v 0.206633 7.672318 0.079222
v 0.206110 7.671714 0.079192
v 0.207044 7.672450 0.079168
v 0.201849 7.666050 0.079195
v 0.204157 7.669486 0.079184
v 0.205362 7.670789 0.079167
v 0.202518 7.667029 0.079174
v 0.206204 7.671617 0.079161
v 0.202066 7.666156 0.079168
v 0.203160 7.668020 0.079171
v 0.207286 7.672469 0.079147
v 0.202245 7.666281 0.079161
v 0.204988 7.670135 0.079151
v 0.239051 7.665411 0.079647
v 0.238395 7.665182 0.079233
v 0.238119 7.665420 0.079164
v 0.240036 7.667939 0.079161
v 0.240599 7.668289 0.079170
v 0.240712 7.667786 0.079367
v 0.239819 7.666480 0.079838
v 0.241198 7.667686 0.080014
v 0.240636 7.667273 0.079957
v 0.239350 7.665860 0.079750
v 0.240285 7.666943 0.079998
v 0.239646 7.666210 0.079927
v 0.239346 7.665718 0.080005
v 0.238362 7.665753 0.079168
v 0.238973 7.666582 0.079180
v 0.240062 7.667695 0.079200
v 0.239013 7.666211 0.079263
v 0.239754 7.667243 0.079239
v 0.240571 7.667902 0.079262
v 0.238962 7.665669 0.079412
v 0.239841 7.667032 0.079357
v 0.240814 7.667645 0.079538
v 0.239385 7.666157 0.079527
v 0.239607 7.666605 0.079438
v 0.239966 7.666729 0.079707
v 0.240397 7.667188 0.079686
v 0.240969 7.667585 0.079802
v 0.242124 7.656299 0.079187
v 0.237663 7.663526 0.079170
v 0.239058 7.665141 0.080017
v 0.238796 7.664444 0.079985
v 0.238551 7.662988 0.079961
v 0.241868 7.657471 0.080022
v 0.242423 7.657238 0.080060
v 0.242923 7.657075 0.080027
v 0.243834 7.656906 0.080030
v 0.239710 7.659256 0.079966
v 0.244410 7.656869 0.080015
v 0.241168 7.657862 0.079948
v 0.240850 7.658107 0.080049
v 0.243547 7.656928 0.079950
v 0.240445 7.658443 0.080006
v 0.239083 7.660332 0.079985
v 0.238632 7.661853 0.080032
v 0.238599 7.663589 0.079921
v 0.238932 7.664971 0.079808
v 0.242975 7.657027 0.079858
v 0.238757 7.661173 0.079901
v 0.238559 7.662475 0.079975
v 0.242094 7.657331 0.079866
v 0.239388 7.659742 0.079987
v 0.244861 7.656878 0.079997
v 0.240070 7.658813 0.079973
v 0.244435 7.656811 0.079791
v 0.240814 7.658058 0.079793
v 0.241539 7.657522 0.079696
v 0.238598 7.661744 0.079814
v 0.238484 7.662253 0.079696
v 0.240505 7.658281 0.079740
v 0.242503 7.657058 0.079637
v 0.238640 7.664197 0.079709
v 0.239972 7.658792 0.079711
v 0.239461 7.659519 0.079771
v 0.238980 7.660368 0.079725
v 0.238704 7.660917 0.079621
v 0.238416 7.662746 0.079622
v 0.238423 7.663364 0.079590
v 0.238903 7.660221 0.079537
v 0.238409 7.661797 0.079520
v 0.244992 7.656664 0.079525
v 0.240291 7.658407 0.079648
v 0.239248 7.659625 0.079569
v 0.238658 7.664707 0.079522
v 0.240554 7.658065 0.079534
v 0.239715 7.658959 0.079573
v 0.238498 7.661330 0.079509
v 0.244281 7.656708 0.079603
v 0.243394 7.656807 0.079618
v 0.241914 7.657175 0.079498
v 0.238261 7.662694 0.079440
v 0.240003 7.658469 0.079458
v 0.241128 7.657543 0.079447
v 0.238392 7.664055 0.079431
v 0.238207 7.662065 0.079366
v 0.238580 7.660537 0.079369
v 0.243496 7.656622 0.079425
v 0.242599 7.656834 0.079433
v 0.239136 7.659433 0.079375
v 0.238448 7.664819 0.079315
v 0.245428 7.656539 0.079386
v 0.244121 7.656478 0.079370
v 0.240263 7.658047 0.079356
v 0.239588 7.658772 0.079369
v 0.241967 7.656935 0.079339
v 0.240894 7.657532 0.079342
v 0.238174 7.663202 0.079358
v 0.243164 7.656400 0.079262
v 0.242579 7.656640 0.079306
v 0.238289 7.661293 0.079331
v 0.238072 7.662693 0.079302
v 0.238162 7.664062 0.079276
v 0.241733 7.656859 0.079259
v 0.239941 7.658141 0.079271
v 0.239374 7.658614 0.079233
v 0.237976 7.662174 0.079244
v 0.238913 7.659318 0.079246
v 0.238380 7.660343 0.079236
v 0.244377 7.656198 0.079238
v 0.240865 7.657356 0.079261
v 0.240259 7.657674 0.079223
v 0.237902 7.663428 0.079216
v 0.241174 7.656938 0.079205
v 0.242094 7.656548 0.079215
v 0.237987 7.661392 0.079213
v 0.243120 7.656142 0.079195
v 0.240915 7.656974 0.079191
v 0.240281 7.657439 0.079192
v 0.239436 7.658216 0.079189
v 0.238864 7.658974 0.079189
v 0.238124 7.660279 0.079181
v 0.241821 7.656481 0.079189
v 0.237868 7.664184 0.079180
v 0.244213 7.656060 0.079206
v 0.237778 7.662024 0.079186
v 0.245381 7.656920 0.080127
v 0.245273 7.656907 0.080005
v 0.245538 7.656892 0.080121
v 0.245634 7.656861 0.080123
v 0.245764 7.656801 0.080124
v 0.245814 7.656745 0.079964
v 0.246197 7.656138 0.079830
v 0.245534 7.656693 0.079583
v 0.245736 7.656487 0.079489
v 0.245104 7.656822 0.079755
v 0.245983 7.656049 0.079478
v 0.245321 7.656747 0.079608
v 0.245456 7.656341 0.079271
v 0.245173 7.656068 0.079204
v 0.246010 7.656598 0.080072
v 0.245246 7.656925 0.080122
v 0.246244 7.656163 0.080052
v 0.246142 7.656391 0.079963
v 0.245595 7.656855 0.079989
v 0.245313 7.656925 0.080121
v 0.245984 7.656555 0.079845
v 0.246010 7.656434 0.079655
v 0.245674 7.656721 0.079705
v 0.245459 7.656839 0.079801
v 0.245835 7.656231 0.079411
v 0.245654 7.656079 0.079275
v 0.245499 7.656104 0.079210
v 0.205116 7.641219 0.080166
v 0.205583 7.640656 0.080167
v 0.206069 7.640107 0.080169
v 0.206573 7.639576 0.080170
v 0.207095 7.639061 0.080172
v 0.207633 7.638565 0.080173
v 0.208187 7.638086 0.080174
v 0.208757 7.637626 0.080175
v 0.209342 7.637185 0.080176
v 0.209942 7.636764 0.080178
v 0.210555 7.636364 0.080179
v 0.211181 7.635983 0.080180
v 0.211819 7.635624 0.080181
v 0.212469 7.635286 0.080182
v 0.213130 7.634970 0.080182
v 0.213801 7.634676 0.080183
v 0.214482 7.634405 0.080184
v 0.215171 7.634156 0.080185
v 0.215868 7.633931 0.080185
v 0.216572 7.633729 0.080186
v 0.217283 7.633550 0.080186
v 0.217999 7.633395 0.080187
v 0.218720 7.633264 0.080187
v 0.219445 7.633157 0.080188
v 0.220173 7.633074 0.080188
v 0.220903 7.633015 0.080188
v 0.221635 7.632981 0.080188
v 0.222368 7.632971 0.080188
v 0.205308 7.641386 0.080165
v 0.205495 7.641558 0.080165
v 0.205676 7.641737 0.080165
v 0.205851 7.641922 0.080164
v 0.206020 7.642112 0.080164
v 0.206182 7.642307 0.080163
v 0.206338 7.642509 0.080163
v 0.206487 7.642714 0.080162
v 0.206630 7.642925 0.080162
v 0.206765 7.643140 0.080161
v 0.206894 7.643360 0.080161
v 0.207015 7.643583 0.080160
v 0.207128 7.643811 0.080159
v 0.216052 7.641337 0.080166
v 0.207234 7.644042 0.080159
v 0.207332 7.644275 0.080158
v 0.207423 7.644512 0.080158
v 0.207505 7.644752 0.080157
v 0.207580 7.644995 0.080156
v 0.207647 7.645239 0.080156
v 0.215600 7.641554 0.080166
v 0.215155 7.641785 0.080165
v 0.216511 7.641137 0.080167
v 0.216977 7.640951 0.080167
v 0.217449 7.640781 0.080168
v 0.217926 7.640627 0.080168
v 0.218408 7.640489 0.080169
v 0.218894 7.640367 0.080169
v 0.219384 7.640262 0.080169
v 0.219877 7.640172 0.080170
v 0.220373 7.640100 0.080170
v 0.222855 7.635526 0.080182
v 0.222768 7.635280 0.080182
v 0.222689 7.635031 0.080183
v 0.222619 7.634779 0.080184
v 0.222557 7.634525 0.080184
v 0.222503 7.634269 0.080185
v 0.222459 7.634012 0.080186
v 0.222423 7.633753 0.080186
v 0.222396 7.633493 0.080187
v 0.222377 7.633232 0.080188
v 0.222951 7.635769 0.080181
v 0.220872 7.640044 0.080170
v 0.223054 7.636009 0.080180
v 0.223166 7.636246 0.080180
v 0.221371 7.640004 0.080170
v 0.223286 7.636478 0.080179
v 0.221872 7.639982 0.080170
v 0.223413 7.636706 0.080179
v 0.223548 7.636930 0.080178
v 0.222374 7.639976 0.080170
v 0.223691 7.637149 0.080178
v 0.223841 7.637363 0.080177
v 0.222875 7.639987 0.080170
v 0.223998 7.637572 0.080177
v 0.224162 7.637776 0.080176
v 0.223375 7.640014 0.080170
v 0.224333 7.637974 0.080176
v 0.224510 7.638166 0.080175
v 0.223875 7.640059 0.080170
v 0.224694 7.638352 0.080175
v 0.224884 7.638532 0.080174
v 0.224373 7.640119 0.080170
v 0.225080 7.638705 0.080174
v 0.224868 7.640197 0.080170
v 0.225282 7.638872 0.080173
v 0.225489 7.639031 0.080173
v 0.225360 7.640291 0.080170
v 0.225701 7.639184 0.080173
v 0.225919 7.639329 0.080172
v 0.225849 7.640401 0.080169
v 0.226141 7.639467 0.080172
v 0.226368 7.639597 0.080172
v 0.226334 7.640528 0.080169
v 0.226599 7.639719 0.080171
v 0.226834 7.639834 0.080171
v 0.227073 7.639941 0.080171
v 0.226815 7.640671 0.080169
v 0.214718 7.642031 0.080164
v 0.214290 7.642292 0.080164
v 0.213870 7.642566 0.080163
v 0.213460 7.642854 0.080162
v 0.213060 7.643156 0.080161
v 0.212671 7.643471 0.080161
v 0.212292 7.643799 0.080160
v 0.211924 7.644140 0.080159
v 0.211568 7.644492 0.080158
v 0.211223 7.644856 0.080157
v 0.210892 7.645232 0.080156
v 0.210572 7.645618 0.080155
v 0.210266 7.646015 0.080154
v 0.207706 7.645486 0.080155
v 0.209974 7.646422 0.080153
v 0.207756 7.645735 0.080154
v 0.207799 7.645985 0.080154
v 0.209695 7.646838 0.080152
v 0.207833 7.646236 0.080153
v 0.207859 7.646489 0.080153
v 0.209430 7.647264 0.080151
v 0.207876 7.646742 0.080152
v 0.207886 7.646996 0.080151
v 0.209180 7.647697 0.080150
v 0.207887 7.647249 0.080151
v 0.207880 7.647503 0.080150
v 0.208944 7.648139 0.080148
v 0.207864 7.647756 0.080149
v 0.207840 7.648008 0.080149
v 0.208723 7.648589 0.080147
v 0.207808 7.648260 0.080148
v 0.207767 7.648510 0.080147
v 0.208518 7.649046 0.080146
v 0.207719 7.648760 0.080147
v 0.207662 7.649007 0.080146
v 0.208328 7.649509 0.080145
v 0.207597 7.649252 0.080145
v 0.216585 7.669652 0.080094
v 0.216332 7.669586 0.080094
v 0.216076 7.669528 0.080094
v 0.215820 7.669478 0.080094
v 0.215561 7.669438 0.080094
v 0.215302 7.669406 0.080094
v 0.215041 7.669383 0.080094
v 0.214780 7.669368 0.080094
v 0.214518 7.669363 0.080094
v 0.214257 7.669366 0.080094
v 0.213995 7.669378 0.080094
v 0.213735 7.669399 0.080094
v 0.213475 7.669428 0.080094
v 0.213216 7.669467 0.080094
v 0.212959 7.669514 0.080094
v 0.212703 7.669569 0.080094
v 0.212450 7.669634 0.080094
v 0.212198 7.669707 0.080093
v 0.211950 7.669788 0.080093
v 0.211704 7.669878 0.080093
v 0.211461 7.669975 0.080093
v 0.211222 7.670082 0.080092
v 0.210987 7.670196 0.080092
v 0.210755 7.670317 0.080092
v 0.210528 7.670447 0.080091
v 0.210306 7.670584 0.080091
v 0.210088 7.670729 0.080091
v 0.209875 7.670880 0.080090
v 0.209667 7.671040 0.080090
v 0.209465 7.671205 0.080089
v 0.209268 7.671378 0.080089
v 0.209078 7.671557 0.080088
v 0.208894 7.671742 0.080088
v 0.208716 7.671934 0.080087
v 0.208544 7.672132 0.080087
v 0.216842 7.668922 0.080096
v 0.207995 7.650452 0.080142
v 0.207852 7.650932 0.080141
v 0.207725 7.651417 0.080140
v 0.207615 7.651905 0.080139
v 0.207521 7.652397 0.080137
v 0.207443 7.652892 0.080136
v 0.207382 7.653389 0.080135
v 0.207338 7.653888 0.080134
v 0.207310 7.654388 0.080132
v 0.207300 7.654889 0.080131
v 0.207306 7.655390 0.080130
v 0.207328 7.655890 0.080128
v 0.207368 7.656390 0.080127
v 0.207424 7.656888 0.080126
v 0.207496 7.657383 0.080125
v 0.207586 7.657876 0.080123
v 0.207691 7.658366 0.080122
v 0.207813 7.658852 0.080121
v 0.207952 7.659333 0.080120
v 0.208106 7.659810 0.080118
v 0.208276 7.660281 0.080117
v 0.208462 7.660747 0.080116
v 0.208663 7.661205 0.080115
v 0.208879 7.661657 0.080114
v 0.209111 7.662102 0.080113
v 0.209357 7.662538 0.080112
v 0.209617 7.662966 0.080110
v 0.209892 7.663385 0.080109
v 0.210181 7.663795 0.080108
v 0.210483 7.664194 0.080107
v 0.210798 7.664584 0.080106
v 0.211127 7.664962 0.080105
v 0.211467 7.665330 0.080105
v 0.211820 7.665686 0.080104
v 0.212185 7.666029 0.080103
v 0.212560 7.666361 0.080102
v 0.212947 7.666680 0.080101
v 0.213344 7.666986 0.080100
v 0.213751 7.667278 0.080100
v 0.214168 7.667557 0.080099
v 0.214594 7.667821 0.080098
v 0.215028 7.668071 0.080098
v 0.215471 7.668307 0.080097
v 0.215921 7.668527 0.080097
v 0.216378 7.668733 0.080096
v 0.207265 7.650195 0.080143
v 0.200288 7.654895 0.080131
v 0.200550 7.654886 0.080131
v 0.200811 7.654867 0.080131
v 0.201071 7.654840 0.080131
v 0.201330 7.654804 0.080131
v 0.201588 7.654760 0.080131
v 0.201844 7.654706 0.080131
v 0.202098 7.654644 0.080131
v 0.202350 7.654574 0.080131
v 0.202600 7.654495 0.080132
v 0.202846 7.654408 0.080132
v 0.203090 7.654313 0.080132
v 0.203330 7.654209 0.080132
v 0.203566 7.654098 0.080133
v 0.203799 7.653978 0.080133
v 0.204027 7.653851 0.080133
v 0.204251 7.653716 0.080134
v 0.204471 7.653573 0.080134
v 0.204685 7.653423 0.080135
v 0.204894 7.653266 0.080135
v 0.205098 7.653102 0.080135
v 0.205296 7.652932 0.080136
v 0.205488 7.652755 0.080136
v 0.205675 7.652571 0.080137
v 0.205854 7.652381 0.080137
v 0.206028 7.652185 0.080138
v 0.206194 7.651984 0.080138
v 0.206354 7.651777 0.080139
v 0.206507 7.651565 0.080139
v 0.206652 7.651348 0.080140
v 0.206790 7.651125 0.080141
v 0.206920 7.650899 0.080141
v 0.207043 7.650668 0.080142
v 0.207158 7.650433 0.080142
v 0.207980 7.671664 0.080088
v 0.207431 7.671179 0.080089
v 0.206899 7.670676 0.080091
v 0.206385 7.670155 0.080092
v 0.205887 7.669617 0.080093
v 0.205408 7.669063 0.080095
v 0.204948 7.668494 0.080096
v 0.204507 7.667909 0.080097
v 0.204085 7.667310 0.080099
v 0.203684 7.666698 0.080101
v 0.203303 7.666072 0.080102
v 0.202944 7.665434 0.080104
v 0.202606 7.664785 0.080105
v 0.202289 7.664124 0.080107
v 0.201995 7.663454 0.080109
v 0.201724 7.662774 0.080110
v 0.201475 7.662086 0.080112
v 0.201249 7.661389 0.080114
v 0.201047 7.660686 0.080116
v 0.200868 7.659976 0.080118
v 0.200713 7.659260 0.080119
v 0.200581 7.658540 0.080121
v 0.200474 7.657815 0.080123
v 0.200391 7.657088 0.080125
v 0.200333 7.656358 0.080127
v 0.200298 7.655627 0.080129
v 0.239484 7.668706 0.080098
v 0.239017 7.669270 0.080096
v 0.238531 7.669818 0.080095
v 0.238027 7.670350 0.080094
v 0.237506 7.670864 0.080092
v 0.236968 7.671361 0.080091
v 0.236413 7.671840 0.080090
v 0.235843 7.672299 0.080088
v 0.235258 7.672740 0.080087
v 0.234659 7.673162 0.080086
v 0.234046 7.673562 0.080085
v 0.233419 7.673943 0.080084
v 0.232781 7.674302 0.080083
v 0.232131 7.674640 0.080082
v 0.231470 7.674955 0.080081
v 0.230799 7.675250 0.080081
v 0.230118 7.675521 0.080080
v 0.229429 7.675769 0.080079
v 0.228732 7.675995 0.080078
v 0.228028 7.676197 0.080078
v 0.227317 7.676376 0.080077
v 0.226601 7.676531 0.080077
v 0.225880 7.676662 0.080077
v 0.225155 7.676769 0.080076
v 0.224427 7.676852 0.080076
v 0.223697 7.676910 0.080076
v 0.222965 7.676945 0.080076
v 0.222233 7.676955 0.080076
v 0.237003 7.660673 0.080118
v 0.236936 7.660926 0.080118
v 0.236878 7.661181 0.080117
v 0.236829 7.661438 0.080116
v 0.236788 7.661695 0.080116
v 0.236756 7.661955 0.080115
v 0.236733 7.662215 0.080114
v 0.236719 7.662477 0.080114
v 0.236713 7.662738 0.080113
v 0.236716 7.662999 0.080112
v 0.236728 7.663260 0.080112
v 0.236749 7.663521 0.080111
v 0.236779 7.663780 0.080110
v 0.236817 7.664039 0.080110
v 0.236864 7.664296 0.080109
v 0.236920 7.664551 0.080108
v 0.236985 7.664804 0.080108
v 0.237057 7.665056 0.080107
v 0.237139 7.665304 0.080106
v 0.237228 7.665549 0.080106
v 0.237326 7.665792 0.080105
v 0.237432 7.666031 0.080105
v 0.237547 7.666266 0.080104
v 0.237668 7.666497 0.080103
v 0.237798 7.666724 0.080103
v 0.237935 7.666946 0.080102
v 0.238080 7.667164 0.080102
v 0.238232 7.667377 0.080101
v 0.238391 7.667584 0.080101
v 0.238557 7.667787 0.080100
v 0.238730 7.667983 0.080100
v 0.238909 7.668173 0.080099
v 0.239095 7.668357 0.080099
v 0.239287 7.668535 0.080098
v 0.236273 7.660416 0.080119
v 0.217785 7.669255 0.080095
v 0.218266 7.669398 0.080095
v 0.218751 7.669524 0.080094
v 0.219240 7.669635 0.080094
v 0.219732 7.669729 0.080094
v 0.220228 7.669806 0.080094
v 0.220725 7.669867 0.080094
v 0.221225 7.669911 0.080094
v 0.221725 7.669939 0.080093
v 0.222227 7.669950 0.080094
v 0.222728 7.669944 0.080094
v 0.223229 7.669921 0.080094
v 0.223729 7.669882 0.080094
v 0.224227 7.669826 0.080094
v 0.224723 7.669753 0.080094
v 0.225216 7.669664 0.080094
v 0.225706 7.669559 0.080095
v 0.226193 7.669436 0.080095
v 0.226675 7.669299 0.080095
v 0.227152 7.669145 0.080096
v 0.227623 7.668974 0.080096
v 0.228089 7.668789 0.080097
v 0.228548 7.668588 0.080097
v 0.229001 7.668372 0.080098
v 0.229445 7.668140 0.080099
v 0.229882 7.667894 0.080099
v 0.230310 7.667634 0.080100
v 0.230730 7.667360 0.080101
v 0.231140 7.667071 0.080102
v 0.231540 7.666770 0.080102
v 0.231930 7.666454 0.080103
v 0.232309 7.666126 0.080104
v 0.232676 7.665786 0.080105
v 0.233033 7.665433 0.080106
v 0.233377 7.665069 0.080107
v 0.233709 7.664694 0.080108
v 0.234028 7.664308 0.080109
v 0.234334 7.663911 0.080110
v 0.234626 7.663504 0.080111
v 0.234905 7.663087 0.080112
v 0.235170 7.662662 0.080113
v 0.235420 7.662228 0.080114
v 0.235656 7.661786 0.080115
v 0.235877 7.661336 0.080117
v 0.236082 7.660879 0.080118
v 0.217528 7.669985 0.080093
v 0.217759 7.670088 0.080093
v 0.217988 7.670199 0.080093
v 0.218212 7.670318 0.080092
v 0.218433 7.670443 0.080092
v 0.218649 7.670576 0.080092
v 0.218861 7.670716 0.080091
v 0.219068 7.670863 0.080091
v 0.219271 7.671016 0.080091
v 0.219468 7.671176 0.080090
v 0.219659 7.671342 0.080090
v 0.219846 7.671515 0.080089
v 0.220026 7.671693 0.080089
v 0.220201 7.671878 0.080088
v 0.220369 7.672068 0.080088
v 0.220531 7.672263 0.080087
v 0.220687 7.672463 0.080087
v 0.220835 7.672669 0.080086
v 0.220978 7.672879 0.080086
v 0.221113 7.673094 0.080085
v 0.221241 7.673313 0.080085
v 0.221361 7.673536 0.080084
v 0.221475 7.673763 0.080084
v 0.221679 7.674229 0.080083
v 0.221581 7.673995 0.080083
v 0.221770 7.674467 0.080082
v 0.221853 7.674707 0.080081
v 0.221927 7.674950 0.080081
v 0.221994 7.675195 0.080080
v 0.222053 7.675442 0.080079
v 0.222104 7.675692 0.080079
v 0.222146 7.675942 0.080078
v 0.222180 7.676194 0.080078
v 0.222206 7.676447 0.080077
v 0.222223 7.676701 0.080076
v 0.242156 7.645470 0.080158
v 0.241840 7.644838 0.080159
v 0.241505 7.644217 0.080161
v 0.241150 7.643606 0.080162
v 0.240775 7.643008 0.080164
v 0.240382 7.642421 0.080165
v 0.239970 7.641848 0.080167
v 0.239539 7.641288 0.080168
v 0.239091 7.640742 0.080169
v 0.238626 7.640211 0.080171
v 0.238143 7.639695 0.080172
v 0.237645 7.639195 0.080173
v 0.237130 7.638711 0.080175
v 0.236601 7.638244 0.080176
v 0.236056 7.637794 0.080177
v 0.244312 7.655030 0.080133
v 0.244303 7.654325 0.080135
v 0.244271 7.653619 0.080137
v 0.244216 7.652915 0.080139
v 0.244139 7.652214 0.080140
v 0.244040 7.651515 0.080142
v 0.243918 7.650819 0.080144
v 0.243773 7.650128 0.080146
v 0.243607 7.649442 0.080148
v 0.243419 7.648762 0.080149
v 0.243209 7.648088 0.080151
v 0.242977 7.647421 0.080153
v 0.242724 7.646762 0.080154
v 0.242450 7.646111 0.080156
v 0.235885 7.637991 0.080176
v 0.235707 7.638183 0.080176
v 0.235522 7.638369 0.080175
v 0.235332 7.638548 0.080175
v 0.235135 7.638720 0.080174
v 0.234933 7.638886 0.080174
v 0.234726 7.639045 0.080174
v 0.234513 7.639197 0.080173
v 0.234295 7.639341 0.080173
v 0.234072 7.639479 0.080172
v 0.233371 7.644850 0.080159
v 0.233035 7.644494 0.080159
v 0.233696 7.645217 0.080158
v 0.234009 7.645595 0.080157
v 0.234309 7.645982 0.080156
v 0.234597 7.646379 0.080155
v 0.234871 7.646785 0.080154
v 0.235132 7.647201 0.080153
v 0.235379 7.647624 0.080152
v 0.235612 7.648055 0.080151
v 0.235831 7.648493 0.080149
v 0.236036 7.648939 0.080148
v 0.236225 7.649391 0.080147
v 0.236400 7.649848 0.080146
v 0.236560 7.650312 0.080145
v 0.236705 7.650780 0.080144
v 0.236834 7.651253 0.080142
v 0.236948 7.651730 0.080141
v 0.237046 7.652210 0.080140
v 0.237128 7.652693 0.080139
v 0.241754 7.655517 0.080132
v 0.237194 7.653178 0.080138
v 0.241511 7.655613 0.080132
v 0.241270 7.655716 0.080131
v 0.242001 7.655430 0.080132
v 0.242250 7.655351 0.080132
v 0.242502 7.655281 0.080132
v 0.242756 7.655219 0.080133
v 0.243012 7.655166 0.080133
v 0.243270 7.655121 0.080133
v 0.243529 7.655085 0.080133
v 0.243789 7.655058 0.080133
v 0.244050 7.655040 0.080133
v 0.237245 7.653666 0.080136
v 0.241034 7.655828 0.080131
v 0.240801 7.655948 0.080131
v 0.237279 7.654154 0.080135
v 0.240573 7.656075 0.080130
v 0.237297 7.654644 0.080134
v 0.240349 7.656210 0.080130
v 0.240130 7.656353 0.080130
v 0.237300 7.655134 0.080133
v 0.239915 7.656502 0.080129
v 0.239706 7.656659 0.080129
v 0.237286 7.655624 0.080131
v 0.239502 7.656823 0.080128
v 0.237257 7.656113 0.080130
v 0.239304 7.656994 0.080128
v 0.239112 7.657171 0.080127
v 0.237211 7.656601 0.080129
v 0.238926 7.657354 0.080127
v 0.238746 7.657544 0.080126
v 0.237149 7.657087 0.080127
v 0.238573 7.657740 0.080126
v 0.238406 7.657941 0.080125
v 0.237072 7.657571 0.080126
v 0.238246 7.658149 0.080125
v 0.238094 7.658361 0.080124
v 0.236979 7.658052 0.080125
v 0.237948 7.658578 0.080124
v 0.236870 7.658530 0.080124
v 0.237810 7.658800 0.080123
v 0.237680 7.659027 0.080123
v 0.236745 7.659004 0.080123
v 0.237557 7.659257 0.080122
v 0.237442 7.659492 0.080121
v 0.237336 7.659731 0.080121
v 0.236605 7.659473 0.080121
v 0.232686 7.644149 0.080160
v 0.233613 7.639730 0.080172
v 0.233845 7.639608 0.080172
v 0.232327 7.643816 0.080161
v 0.233139 7.639950 0.080171
v 0.233378 7.639844 0.080171
v 0.232896 7.640048 0.080171
v 0.231957 7.643494 0.080162
v 0.232651 7.640138 0.080171
v 0.232402 7.640219 0.080170
v 0.231576 7.643185 0.080163
v 0.232151 7.640292 0.080170
v 0.231897 7.640356 0.080170
v 0.231186 7.642888 0.080163
v 0.231642 7.640412 0.080170
v 0.230786 7.642604 0.080164
v 0.231384 7.640459 0.080170
v 0.231126 7.640497 0.080170
v 0.230377 7.642334 0.080165
v 0.230866 7.640527 0.080169
v 0.230605 7.640548 0.080169
v 0.229960 7.642076 0.080165
v 0.230344 7.640560 0.080169
v 0.230082 7.640563 0.080169
v 0.229534 7.641833 0.080166
v 0.229820 7.640557 0.080169
v 0.229559 7.640543 0.080169
v 0.229100 7.641604 0.080167
v 0.229299 7.640520 0.080169
v 0.228660 7.641389 0.080167
v 0.229039 7.640488 0.080169
v 0.228781 7.640447 0.080170
v 0.228212 7.641189 0.080168
v 0.228524 7.640398 0.080170
v 0.228269 7.640340 0.080170
v 0.227758 7.641003 0.080168
v 0.228016 7.640273 0.080170
v 0.226268 7.653114 0.097101
v 0.226202 7.652981 0.097101
v 0.226131 7.652851 0.097102
v 0.226055 7.652722 0.097102
v 0.225976 7.652597 0.097102
v 0.225892 7.652474 0.097103
v 0.225804 7.652354 0.097103
v 0.225713 7.652238 0.097103
v 0.225617 7.652124 0.097103
v 0.225517 7.652014 0.097104
v 0.225414 7.651907 0.097104
v 0.225307 7.651803 0.097104
v 0.225197 7.651704 0.097105
v 0.225084 7.651608 0.097105
v 0.224967 7.651516 0.097105
v 0.224847 7.651428 0.097105
v 0.224725 7.651344 0.097105
v 0.224599 7.651264 0.097106
v 0.224471 7.651189 0.097106
v 0.224341 7.651117 0.097106
v 0.224208 7.651051 0.097106
v 0.224073 7.650989 0.097106
v 0.223936 7.650931 0.097106
v 0.223797 7.650878 0.097107
v 0.223657 7.650830 0.097107
v 0.223515 7.650786 0.097107
v 0.223371 7.650748 0.097107
v 0.223226 7.650714 0.097107
v 0.223081 7.650685 0.097107
v 0.222934 7.650661 0.097107
v 0.222786 7.650642 0.097107
v 0.222638 7.650629 0.097107
v 0.222490 7.650620 0.097107
v 0.222341 7.650616 0.097107
v 0.222193 7.650617 0.097107
v 0.222044 7.650623 0.097107
v 0.221896 7.650634 0.097107
v 0.221748 7.650650 0.097107
v 0.221601 7.650671 0.097107
v 0.221455 7.650697 0.097107
v 0.221310 7.650728 0.097107
v 0.221165 7.650764 0.097107
v 0.221022 7.650805 0.097107
v 0.220881 7.650850 0.097106
v 0.220741 7.650900 0.097106
v 0.220603 7.650955 0.097106
v 0.220467 7.651014 0.097106
v 0.220333 7.651079 0.097106
v 0.220201 7.651147 0.097106
v 0.220071 7.651220 0.097105
v 0.219944 7.651298 0.097105
v 0.219820 7.651379 0.097105
v 0.219699 7.651465 0.097105
v 0.219580 7.651555 0.097104
v 0.219465 7.651648 0.097104
v 0.219353 7.651746 0.097104
v 0.219244 7.651847 0.097104
v 0.219139 7.651952 0.097103
v 0.219038 7.652061 0.097103
v 0.218940 7.652172 0.097103
v 0.218846 7.652287 0.097103
v 0.218755 7.652405 0.097102
v 0.218669 7.652526 0.097102
v 0.218587 7.652650 0.097102
v 0.218510 7.652777 0.097101
v 0.218436 7.652906 0.097101
v 0.218367 7.653037 0.097101
v 0.218303 7.653171 0.097100
v 0.218243 7.653307 0.097100
v 0.218188 7.653445 0.097100
v 0.218137 7.653584 0.097099
v 0.218091 7.653726 0.097099
v 0.218050 7.653868 0.097098
v 0.218014 7.654012 0.097098
v 0.217982 7.654158 0.097098
v 0.217956 7.654304 0.097097
v 0.217935 7.654451 0.097097
v 0.217918 7.654598 0.097097
v 0.217907 7.654747 0.097096
v 0.217900 7.654895 0.097096
v 0.217899 7.655043 0.097095
v 0.217902 7.655191 0.097095
v 0.217911 7.655340 0.097095
v 0.217924 7.655488 0.097094
v 0.217943 7.655635 0.097094
v 0.217967 7.655782 0.097094
v 0.217995 7.655928 0.097093
v 0.218029 7.656072 0.097093
v 0.218067 7.656216 0.097092
v 0.218110 7.656358 0.097092
v 0.218158 7.656498 0.097092
v 0.218211 7.656637 0.097091
v 0.218268 7.656774 0.097091
v 0.218330 7.656909 0.097091
v 0.218331 7.656871 0.083897
v 0.218269 7.656736 0.083897
v 0.218212 7.656599 0.083897
v 0.218159 7.656460 0.083898
v 0.218111 7.656320 0.083898
v 0.218068 7.656178 0.083898
v 0.218030 7.656034 0.083899
v 0.217996 7.655890 0.083899
v 0.217968 7.655744 0.083899
v 0.217944 7.655597 0.083900
v 0.217926 7.655450 0.083900
v 0.217912 7.655302 0.083900
v 0.217903 7.655154 0.083901
v 0.217900 7.655005 0.083901
v 0.217901 7.654857 0.083902
v 0.217908 7.654708 0.083902
v 0.217919 7.654560 0.083902
v 0.217936 7.654413 0.083903
v 0.217957 7.654266 0.083903
v 0.217983 7.654119 0.083904
v 0.218015 7.653975 0.083904
v 0.218051 7.653831 0.083904
v 0.218092 7.653688 0.083905
v 0.218138 7.653546 0.083905
v 0.218189 7.653407 0.083905
v 0.218244 7.653269 0.083906
v 0.218304 7.653133 0.083906
v 0.218368 7.652999 0.083906
v 0.218437 7.652868 0.083907
v 0.218511 7.652739 0.083907
v 0.218588 7.652612 0.083907
v 0.218670 7.652488 0.083908
v 0.218756 7.652367 0.083908
v 0.218847 7.652249 0.083908
v 0.218941 7.652134 0.083909
v 0.219039 7.652022 0.083909
v 0.219140 7.651914 0.083909
v 0.219245 7.651809 0.083910
v 0.219354 7.651708 0.083910
v 0.219466 7.651610 0.083910
v 0.219582 7.651516 0.083910
v 0.219700 7.651427 0.083911
v 0.219821 7.651341 0.083911
v 0.219946 7.651259 0.083911
v 0.220072 7.651182 0.083911
v 0.220202 7.651109 0.083911
v 0.220334 7.651041 0.083912
v 0.220468 7.650977 0.083912
v 0.220604 7.650917 0.083912
v 0.220742 7.650862 0.083912
v 0.220882 7.650812 0.083912
v 0.221023 7.650766 0.083912
v 0.221166 7.650726 0.083912
v 0.221311 7.650690 0.083913
v 0.221456 7.650659 0.083913
v 0.221602 7.650633 0.083913
v 0.221749 7.650612 0.083913
v 0.221897 7.650596 0.083913
v 0.222045 7.650585 0.083913
v 0.222194 7.650578 0.083913
v 0.222343 7.650578 0.083913
v 0.222491 7.650581 0.083913
v 0.222639 7.650590 0.083913
v 0.222787 7.650604 0.083913
v 0.222935 7.650623 0.083913
v 0.223082 7.650647 0.083913
v 0.223227 7.650676 0.083913
v 0.223372 7.650710 0.083913
v 0.223516 7.650749 0.083913
v 0.223658 7.650792 0.083912
v 0.223798 7.650840 0.083912
v 0.223937 7.650893 0.083912
v 0.224074 7.650950 0.083912
v 0.224209 7.651013 0.083912
v 0.224342 7.651080 0.083912
v 0.224472 7.651151 0.083912
v 0.224600 7.651226 0.083911
v 0.224726 7.651306 0.083911
v 0.224848 7.651390 0.083911
v 0.224968 7.651478 0.083911
v 0.225085 7.651570 0.083911
v 0.225198 7.651666 0.083910
v 0.225308 7.651765 0.083910
v 0.225415 7.651869 0.083910
v 0.225518 7.651976 0.083910
v 0.225618 7.652086 0.083909
v 0.225714 7.652200 0.083909
v 0.225805 7.652317 0.083909
v 0.225893 7.652436 0.083908
v 0.225977 7.652559 0.083908
v 0.226056 7.652685 0.083908
v 0.226132 7.652812 0.083907
v 0.226203 7.652943 0.083907
v 0.226269 7.653076 0.083907
v 0.226331 7.653211 0.083906
v 0.226330 7.653249 0.097101
v 0.226388 7.653348 0.083906
v 0.226387 7.653386 0.097100
v 0.226440 7.653525 0.097100
v 0.226441 7.653487 0.083906
v 0.226488 7.653666 0.097100
v 0.226489 7.653627 0.083905
v 0.226531 7.653808 0.097099
v 0.226532 7.653769 0.083905
v 0.226569 7.653951 0.097099
v 0.226570 7.653913 0.083905
v 0.226602 7.654096 0.097098
v 0.226603 7.654058 0.083904
v 0.226631 7.654242 0.097098
v 0.226632 7.654203 0.083904
v 0.226654 7.654388 0.097098
v 0.226656 7.654350 0.083904
v 0.226673 7.654535 0.097097
v 0.226674 7.654498 0.083903
v 0.226687 7.654683 0.097097
v 0.226688 7.654645 0.083903
v 0.226695 7.654831 0.097097
v 0.226696 7.654794 0.083902
v 0.226699 7.654980 0.097096
v 0.226700 7.654942 0.083902
v 0.226697 7.655128 0.097096
v 0.226698 7.655090 0.083902
v 0.226691 7.655277 0.097095
v 0.226692 7.655239 0.083901
v 0.226680 7.655425 0.097095
v 0.226681 7.655387 0.083901
v 0.226663 7.655572 0.097095
v 0.226664 7.655534 0.083901
v 0.226642 7.655719 0.097094
v 0.226643 7.655682 0.083900
v 0.226615 7.655866 0.097094
v 0.226616 7.655828 0.083900
v 0.226584 7.656011 0.097094
v 0.226585 7.655973 0.083899
v 0.226548 7.656155 0.097093
v 0.226549 7.656117 0.083899
v 0.226507 7.656298 0.097093
v 0.226508 7.656260 0.083899
v 0.226461 7.656439 0.097092
v 0.226462 7.656401 0.083898
v 0.226410 7.656579 0.097092
v 0.226411 7.656540 0.083898
v 0.226355 7.656716 0.097092
v 0.226356 7.656678 0.083898
v 0.226295 7.656852 0.097091
v 0.226296 7.656814 0.083897
v 0.226230 7.656986 0.097091
v 0.226231 7.656948 0.083897
v 0.226161 7.657117 0.097091
v 0.226162 7.657079 0.083897
v 0.226088 7.657247 0.097090
v 0.226089 7.657208 0.083896
v 0.226010 7.657373 0.097090
v 0.226011 7.657335 0.083896
v 0.225928 7.657497 0.097090
v 0.225929 7.657459 0.083896
v 0.225842 7.657618 0.097089
v 0.225843 7.657580 0.083895
v 0.225752 7.657736 0.097089
v 0.225753 7.657698 0.083895
v 0.225658 7.657851 0.097089
v 0.225659 7.657813 0.083895
v 0.225560 7.657963 0.097089
v 0.225561 7.657925 0.083894
v 0.225458 7.658071 0.097088
v 0.225460 7.658033 0.083894
v 0.225353 7.658176 0.097088
v 0.225354 7.658138 0.083894
v 0.225245 7.658278 0.097088
v 0.225246 7.658239 0.083894
v 0.225132 7.658375 0.097087
v 0.225133 7.658337 0.083893
v 0.225017 7.658469 0.097087
v 0.225018 7.658431 0.083893
v 0.224899 7.658558 0.097087
v 0.224900 7.658520 0.083893
v 0.224777 7.658644 0.097087
v 0.224778 7.658606 0.083893
v 0.224653 7.658726 0.097086
v 0.224654 7.658688 0.083892
v 0.224526 7.658803 0.097086
v 0.224527 7.658765 0.083892
v 0.224397 7.658876 0.097086
v 0.224398 7.658838 0.083892
v 0.224265 7.658945 0.097086
v 0.224266 7.658906 0.083892
v 0.224131 7.659009 0.097086
v 0.224132 7.658971 0.083892
v 0.223995 7.659068 0.097086
v 0.223996 7.659030 0.083891
v 0.223857 7.659123 0.097085
v 0.223858 7.659085 0.083891
v 0.223717 7.659173 0.097085
v 0.223718 7.659135 0.083891
v 0.223575 7.659219 0.097085
v 0.223576 7.659181 0.083891
v 0.223432 7.659259 0.097085
v 0.223433 7.659222 0.083891
v 0.223288 7.659295 0.097085
v 0.223289 7.659257 0.083891
v 0.223143 7.659326 0.097085
v 0.223144 7.659288 0.083891
v 0.222996 7.659352 0.097085
v 0.222997 7.659314 0.083891
v 0.222849 7.659373 0.097085
v 0.222850 7.659335 0.083891
v 0.222701 7.659389 0.097085
v 0.222703 7.659351 0.083890
v 0.222553 7.659400 0.097085
v 0.222554 7.659362 0.083890
v 0.222405 7.659407 0.097085
v 0.222406 7.659369 0.083890
v 0.222256 7.659408 0.097085
v 0.222257 7.659369 0.083890
v 0.222108 7.659404 0.097085
v 0.222109 7.659366 0.083890
v 0.221959 7.659395 0.097085
v 0.221960 7.659357 0.083890
v 0.221811 7.659381 0.097085
v 0.221812 7.659343 0.083890
v 0.221664 7.659362 0.097085
v 0.221665 7.659324 0.083890
v 0.221517 7.659338 0.097085
v 0.221518 7.659300 0.083891
v 0.221371 7.659309 0.097085
v 0.221372 7.659271 0.083891
v 0.221227 7.659275 0.097085
v 0.221228 7.659237 0.083891
v 0.221083 7.659237 0.097085
v 0.221084 7.659199 0.083891
v 0.220941 7.659193 0.097085
v 0.220942 7.659155 0.083891
v 0.220800 7.659145 0.097085
v 0.220801 7.659107 0.083891
v 0.220661 7.659092 0.097085
v 0.220662 7.659054 0.083891
v 0.220524 7.659035 0.097085
v 0.220525 7.658997 0.083891
v 0.220389 7.658972 0.097086
v 0.220390 7.658935 0.083891
v 0.220257 7.658906 0.097086
v 0.220258 7.658868 0.083892
v 0.220126 7.658834 0.097086
v 0.220127 7.658797 0.083892
v 0.219998 7.658759 0.097086
v 0.219999 7.658721 0.083892
v 0.219873 7.658679 0.097086
v 0.219874 7.658641 0.083892
v 0.219750 7.658595 0.097086
v 0.219751 7.658557 0.083892
v 0.219630 7.658507 0.097087
v 0.219632 7.658469 0.083893
v 0.219514 7.658415 0.097087
v 0.219515 7.658377 0.083893
v 0.219400 7.658319 0.097087
v 0.219401 7.658281 0.083893
v 0.219290 7.658220 0.097087
v 0.219291 7.658182 0.083893
v 0.219183 7.658116 0.097088
v 0.219185 7.658078 0.083893
v 0.219080 7.658010 0.097088
v 0.219081 7.657971 0.083894
v 0.218981 7.657899 0.097088
v 0.218982 7.657861 0.083894
v 0.218885 7.657785 0.097088
v 0.218886 7.657747 0.083894
v 0.218793 7.657669 0.097089
v 0.218794 7.657631 0.083895
v 0.218705 7.657549 0.097089
v 0.218706 7.657511 0.083895
v 0.218622 7.657426 0.097089
v 0.218623 7.657388 0.083895
v 0.218542 7.657301 0.097090
v 0.218543 7.657263 0.083896
v 0.218467 7.657173 0.097090
v 0.218468 7.657135 0.083896
v 0.218396 7.657042 0.097090
v 0.218397 7.657004 0.083896
v 0.216585 7.651060 0.083911
v 0.221765 7.661875 0.083884
v 0.228015 7.658887 0.083892
v 0.222835 7.648072 0.083919
v 0.216031 7.657971 0.083894
v 0.216524 7.651018 0.083914
v 0.215954 7.658008 0.083898
v 0.216419 7.650947 0.083926
v 0.215885 7.658041 0.083905
v 0.216353 7.650902 0.083940
v 0.215816 7.658074 0.083918
v 0.215720 7.658120 0.083942
v 0.216314 7.650875 0.083951
v 0.216248 7.650829 0.083973
v 0.215657 7.658150 0.083963
v 0.216188 7.650789 0.083998
v 0.215588 7.658183 0.083991
v 0.216146 7.650760 0.084018
v 0.216100 7.650729 0.084043
v 0.215496 7.658227 0.084038
v 0.216039 7.650687 0.084083
v 0.215412 7.658267 0.084091
v 0.215965 7.650636 0.084139
v 0.215355 7.658295 0.084133
v 0.215911 7.650599 0.084188
v 0.215314 7.658315 0.084169
v 0.215866 7.650569 0.084237
v 0.215260 7.658340 0.084222
v 0.215229 7.658355 0.084255
v 0.215823 7.650540 0.084289
v 0.215786 7.650515 0.084341
v 0.215195 7.658372 0.084297
v 0.215143 7.658397 0.084373
v 0.215747 7.650487 0.084409
v 0.215712 7.650464 0.084479
v 0.215093 7.658421 0.084464
v 0.215692 7.650451 0.084527
v 0.215069 7.658432 0.084517
v 0.215680 7.650443 0.084560
v 0.215057 7.658438 0.084550
v 0.215665 7.650433 0.084610
v 0.215038 7.658447 0.084611
v 0.215653 7.650424 0.084660
v 0.215641 7.650416 0.084731
v 0.215019 7.658457 0.084705
v 0.215010 7.658462 0.084783
v 0.215633 7.650411 0.084821
v 0.215632 7.650411 0.084855
v 0.215008 7.658463 0.084835
v 0.222839 7.648012 0.083921
v 0.222847 7.647917 0.083928
v 0.222854 7.647823 0.083943
v 0.222860 7.647745 0.083959
v 0.222867 7.647655 0.083985
v 0.222873 7.647581 0.084011
v 0.222875 7.647555 0.084021
v 0.222879 7.647493 0.084049
v 0.222886 7.647413 0.084092
v 0.222893 7.647324 0.084148
v 0.222898 7.647259 0.084197
v 0.222902 7.647200 0.084251
v 0.222907 7.647137 0.084317
v 0.222913 7.647068 0.084408
v 0.222916 7.647019 0.084488
v 0.222918 7.647000 0.084525
v 0.222919 7.646980 0.084575
v 0.222921 7.646957 0.084641
v 0.222922 7.646943 0.084692
v 0.222923 7.646928 0.084790
v 0.222924 7.646924 0.084853
v 0.228562 7.651979 0.083910
v 0.228655 7.651935 0.083915
v 0.228762 7.651884 0.083930
v 0.228846 7.651844 0.083949
v 0.228936 7.651801 0.083978
v 0.229006 7.651768 0.084006
v 0.229052 7.651746 0.084027
v 0.229138 7.651704 0.084076
v 0.229251 7.651651 0.084157
v 0.229317 7.651619 0.084216
v 0.229367 7.651596 0.084269
v 0.229419 7.651571 0.084335
v 0.229462 7.651551 0.084399
v 0.229504 7.651531 0.084477
v 0.229521 7.651523 0.084514
v 0.229534 7.651516 0.084547
v 0.229552 7.651508 0.084597
v 0.229572 7.651499 0.084675
v 0.229584 7.651493 0.084744
v 0.229590 7.651491 0.084813
v 0.229591 7.651490 0.084854
v 0.228967 7.659542 0.084833
v 0.228965 7.659541 0.084784
v 0.228959 7.659535 0.084706
v 0.228948 7.659528 0.084643
v 0.228931 7.659517 0.084576
v 0.228915 7.659506 0.084526
v 0.228903 7.659497 0.084494
v 0.228888 7.659487 0.084456
v 0.228849 7.659460 0.084379
v 0.228810 7.659433 0.084314
v 0.228756 7.659396 0.084242
v 0.228692 7.659352 0.084171
v 0.228632 7.659311 0.084116
v 0.228556 7.659258 0.084058
v 0.228474 7.659202 0.084008
v 0.228406 7.659155 0.083975
v 0.228316 7.659094 0.083941
v 0.228218 7.659026 0.083914
v 0.228149 7.658979 0.083901
v 0.228059 7.658917 0.083893
v 0.229590 7.651524 0.096673
v 0.229546 7.652090 0.096545
v 0.229505 7.652629 0.096438
v 0.229464 7.653146 0.096349
v 0.229426 7.653646 0.096278
v 0.229388 7.654133 0.096223
v 0.229351 7.654610 0.096185
v 0.229315 7.655081 0.096161
v 0.229278 7.655549 0.096153
v 0.229242 7.656016 0.096159
v 0.229206 7.656487 0.096180
v 0.229169 7.656964 0.096216
v 0.229131 7.657452 0.096268
v 0.229092 7.657952 0.096337
v 0.229052 7.658470 0.096423
v 0.229010 7.659010 0.096527
v 0.228966 7.659576 0.096652
v 0.222923 7.646958 0.096684
v 0.223391 7.647279 0.096557
v 0.223838 7.647584 0.096450
v 0.224267 7.647878 0.096362
v 0.224681 7.648161 0.096292
v 0.225084 7.648438 0.096238
v 0.225479 7.648708 0.096199
v 0.225869 7.648975 0.096177
v 0.226257 7.649240 0.096168
v 0.226644 7.649505 0.096175
v 0.227034 7.649772 0.096197
v 0.227429 7.650043 0.096234
v 0.227832 7.650319 0.096286
v 0.228246 7.650603 0.096355
v 0.228675 7.650897 0.096442
v 0.229122 7.651203 0.096547
v 0.215631 7.650445 0.096675
v 0.216144 7.650199 0.096549
v 0.216632 7.649965 0.096444
v 0.217101 7.649741 0.096357
v 0.217554 7.649524 0.096288
v 0.217995 7.649313 0.096235
v 0.218427 7.649107 0.096198
v 0.218854 7.648902 0.096176
v 0.219277 7.648700 0.096169
v 0.219701 7.648498 0.096177
v 0.220127 7.648294 0.096200
v 0.220559 7.648088 0.096238
v 0.221000 7.647877 0.096292
v 0.221453 7.647660 0.096363
v 0.221922 7.647436 0.096450
v 0.222410 7.647203 0.096557
v 0.215007 7.658496 0.096654
v 0.215051 7.657930 0.096529
v 0.215093 7.657391 0.096424
v 0.215133 7.656873 0.096338
v 0.215172 7.656372 0.096270
v 0.215210 7.655885 0.096218
v 0.215247 7.655407 0.096182
v 0.215283 7.654937 0.096160
v 0.215319 7.654469 0.096154
v 0.215356 7.654001 0.096163
v 0.215392 7.653531 0.096186
v 0.215429 7.653054 0.096225
v 0.215467 7.652567 0.096280
v 0.215506 7.652067 0.096351
v 0.215546 7.651549 0.096439
v 0.215588 7.651010 0.096547
v 0.221675 7.663062 0.096643
v 0.221676 7.663028 0.084823
v 0.221206 7.662741 0.096517
v 0.220760 7.662435 0.096412
v 0.220331 7.662141 0.096325
v 0.219917 7.661857 0.096256
v 0.219513 7.661581 0.096204
v 0.219118 7.661310 0.096167
v 0.218728 7.661043 0.096145
v 0.218341 7.660778 0.096138
v 0.217954 7.660513 0.096146
v 0.217564 7.660246 0.096169
v 0.217169 7.659976 0.096208
v 0.216766 7.659699 0.096262
v 0.216351 7.659416 0.096332
v 0.215923 7.659122 0.096420
v 0.215476 7.658817 0.096527
v 0.228454 7.659821 0.096525
v 0.227965 7.660054 0.096419
v 0.227497 7.660278 0.096331
v 0.227044 7.660494 0.096260
v 0.226603 7.660705 0.096206
v 0.226170 7.660912 0.096168
v 0.225744 7.661115 0.096145
v 0.225321 7.661318 0.096137
v 0.224897 7.661520 0.096144
v 0.224471 7.661724 0.096166
v 0.224039 7.661931 0.096203
v 0.223598 7.662142 0.096256
v 0.223145 7.662359 0.096325
v 0.222676 7.662583 0.096412
v 0.222187 7.662817 0.096517
v 0.221080 7.665937 0.098010
v 0.221914 7.665994 0.098010
v 0.220254 7.665809 0.098010
v 0.219618 7.665674 0.098011
v 0.218817 7.665435 0.098011
v 0.218205 7.665215 0.098012
v 0.217694 7.664994 0.098012
v 0.216867 7.664572 0.098013
v 0.217193 7.664750 0.098013
v 0.216390 7.664283 0.098014
v 0.215927 7.663974 0.098015
v 0.215628 7.663754 0.098015
v 0.215195 7.663404 0.098016
v 0.214777 7.663034 0.098017
v 0.214319 7.662573 0.098018
v 0.213764 7.661949 0.098020
v 0.213373 7.661430 0.098021
v 0.212907 7.660737 0.098023
v 0.212589 7.660171 0.098024
v 0.222564 7.666002 0.098010
v 0.223397 7.665946 0.098010
v 0.224043 7.665866 0.098011
v 0.224861 7.665698 0.098011
v 0.225490 7.665532 0.098012
v 0.226018 7.665356 0.098012
v 0.226539 7.665156 0.098013
v 0.226879 7.665007 0.098013
v 0.227379 7.664761 0.098014
v 0.227867 7.664493 0.098014
v 0.228340 7.664197 0.098015
v 0.228799 7.663881 0.098016
v 0.229239 7.663540 0.098017
v 0.229663 7.663179 0.098018
v 0.230130 7.662727 0.098019
v 0.230697 7.662113 0.098021
v 0.231098 7.661602 0.098022
v 0.231577 7.660918 0.098024
v 0.231995 7.660195 0.098026
v 0.232289 7.659616 0.098027
v 0.232606 7.658843 0.098029
v 0.232818 7.658229 0.098031
v 0.232966 7.657692 0.098032
v 0.233090 7.657149 0.098034
v 0.233156 7.656784 0.098035
v 0.233230 7.656232 0.098036
v 0.233279 7.655677 0.098037
v 0.233297 7.655121 0.098039
v 0.233290 7.654564 0.098040
v 0.233251 7.654009 0.098042
v 0.233188 7.653455 0.098043
v 0.233073 7.652816 0.098045
v 0.232879 7.652004 0.098047
v 0.232678 7.651386 0.098048
v 0.232376 7.650608 0.098050
v 0.212221 7.659421 0.098026
v 0.211919 7.658642 0.098028
v 0.211719 7.658024 0.098030
v 0.211525 7.657212 0.098032
v 0.211409 7.656573 0.098034
v 0.211346 7.656020 0.098035
v 0.211307 7.655465 0.098036
v 0.211300 7.654908 0.098038
v 0.211318 7.654351 0.098039
v 0.211368 7.653797 0.098041
v 0.211442 7.653244 0.098042
v 0.211508 7.652879 0.098043
v 0.211631 7.652336 0.098044
v 0.211779 7.651800 0.098046
v 0.211992 7.651186 0.098047
v 0.212309 7.650413 0.098049
v 0.212602 7.649834 0.098051
v 0.213020 7.649110 0.098053
v 0.213499 7.648426 0.098055
v 0.213901 7.647915 0.098056
v 0.214468 7.647302 0.098057
v 0.214934 7.646850 0.098059
v 0.215579 7.646318 0.098060
v 0.216102 7.645933 0.098061
v 0.216572 7.645633 0.098062
v 0.217054 7.645353 0.098063
v 0.217383 7.645182 0.098063
v 0.217889 7.644947 0.098064
v 0.218404 7.644735 0.098064
v 0.218754 7.644610 0.098065
v 0.219286 7.644445 0.098065
v 0.219826 7.644305 0.098066
v 0.220464 7.644182 0.098066
v 0.221292 7.644070 0.098066
v 0.221941 7.644034 0.098066
v 0.222777 7.644034 0.098066
v 0.223333 7.644074 0.098066
v 0.224161 7.644186 0.098066
v 0.224979 7.644355 0.098066
v 0.225780 7.644593 0.098065
v 0.226392 7.644813 0.098065
v 0.226903 7.645035 0.098064
v 0.227404 7.645279 0.098064
v 0.227730 7.645457 0.098063
v 0.228207 7.645745 0.098062
v 0.228670 7.646055 0.098062
v 0.228969 7.646275 0.098061
v 0.229403 7.646625 0.098060
v 0.229820 7.646994 0.098059
v 0.230278 7.647455 0.098058
v 0.230833 7.648079 0.098057
v 0.231225 7.648598 0.098055
v 0.231690 7.649292 0.098054
v 0.232008 7.649858 0.098052
v 0.229229 7.667169 0.098008
v 0.229573 7.666966 0.098008
v 0.229013 7.666717 0.098009
v 0.229911 7.666754 0.098009
v 0.230243 7.666532 0.098009
v 0.230569 7.666301 0.098010
v 0.230854 7.665449 0.098012
v 0.230888 7.666060 0.098011
v 0.231200 7.665812 0.098011
v 0.231160 7.665190 0.098013
v 0.231458 7.664923 0.098014
v 0.231748 7.664648 0.098014
v 0.232030 7.664363 0.098015
v 0.232303 7.664071 0.098016
v 0.233417 7.663516 0.098017
v 0.233663 7.662296 0.098020
v 0.233655 7.663195 0.098018
v 0.233884 7.662868 0.098019
v 0.232649 7.664434 0.098015
v 0.232914 7.664135 0.098016
v 0.233170 7.663829 0.098016
v 0.234104 7.662535 0.098020
v 0.233874 7.661956 0.098021
v 0.234075 7.661611 0.098022
v 0.234265 7.661259 0.098023
v 0.234446 7.660902 0.098024
v 0.234615 7.660539 0.098025
v 0.235502 7.659667 0.098027
v 0.235359 7.658432 0.098030
v 0.235630 7.659288 0.098028
v 0.235746 7.658907 0.098029
v 0.235056 7.660778 0.098024
v 0.235215 7.660411 0.098025
v 0.235364 7.660041 0.098026
v 0.235852 7.658522 0.098030
v 0.235455 7.658043 0.098031
v 0.235539 7.657652 0.098032
v 0.235611 7.657259 0.098033
v 0.235672 7.656863 0.098034
v 0.235721 7.656466 0.098036
v 0.236295 7.655363 0.098038
v 0.235777 7.654232 0.098041
v 0.236299 7.654963 0.098039
v 0.236292 7.654564 0.098040
v 0.236214 7.656557 0.098035
v 0.236252 7.656159 0.098036
v 0.236279 7.655761 0.098037
v 0.236274 7.654166 0.098041
v 0.235747 7.653833 0.098042
v 0.235706 7.653435 0.098043
v 0.235654 7.653039 0.098044
v 0.235589 7.652644 0.098045
v 0.235513 7.652251 0.098046
v 0.236010 7.652185 0.098046
v 0.235924 7.651795 0.098047
v 0.235826 7.651408 0.098048
v 0.235718 7.651024 0.098049
v 0.235598 7.650643 0.098050
v 0.234875 7.650109 0.098052
v 0.235468 7.650266 0.098051
v 0.235327 7.649893 0.098052
v 0.234750 7.649800 0.098053
v 0.234617 7.649494 0.098053
v 0.234477 7.649192 0.098054
v 0.234329 7.648893 0.098055
v 0.234174 7.648598 0.098056
v 0.234012 7.648306 0.098056
v 0.232742 7.646466 0.098061
v 0.232484 7.646161 0.098062
v 0.232217 7.645863 0.098062
v 0.231941 7.645573 0.098063
v 0.231656 7.645292 0.098064
v 0.231364 7.645019 0.098065
v 0.229587 7.643661 0.098068
v 0.229247 7.643449 0.098068
v 0.228901 7.643249 0.098069
v 0.228549 7.643058 0.098069
v 0.228191 7.642879 0.098070
v 0.227828 7.642709 0.098070
v 0.225719 7.641966 0.098072
v 0.225330 7.641870 0.098072
v 0.224939 7.641786 0.098072
v 0.224545 7.641714 0.098072
v 0.224149 7.641653 0.098073
v 0.223752 7.641604 0.098073
v 0.221516 7.641549 0.098073
v 0.221116 7.641578 0.098073
v 0.220718 7.641619 0.098072
v 0.220321 7.641671 0.098072
v 0.219926 7.641736 0.098072
v 0.219533 7.641812 0.098072
v 0.217389 7.642449 0.098070
v 0.217018 7.642601 0.098070
v 0.216652 7.642762 0.098069
v 0.216291 7.642935 0.098069
v 0.215935 7.643118 0.098068
v 0.215585 7.643312 0.098068
v 0.210935 7.647732 0.098056
v 0.210724 7.648072 0.098055
v 0.210523 7.648418 0.098054
v 0.210332 7.648770 0.098053
v 0.210152 7.649127 0.098052
v 0.209983 7.649489 0.098052
v 0.209239 7.651597 0.098046
v 0.209143 7.651986 0.098045
v 0.209059 7.652377 0.098044
v 0.208986 7.652770 0.098043
v 0.208926 7.653165 0.098042
v 0.208877 7.653563 0.098041
v 0.208821 7.655797 0.098035
v 0.208850 7.656196 0.098034
v 0.208891 7.656593 0.098033
v 0.208944 7.656990 0.098032
v 0.209008 7.657385 0.098031
v 0.209084 7.657777 0.098030
v 0.209723 7.659920 0.098025
v 0.209874 7.660290 0.098024
v 0.210036 7.660655 0.098023
v 0.210208 7.661016 0.098022
v 0.210392 7.661372 0.098021
v 0.210586 7.661722 0.098020
v 0.210771 7.662952 0.098017
v 0.211855 7.663562 0.098016
v 0.211002 7.663277 0.098016
v 0.211242 7.663596 0.098016
v 0.210134 7.661938 0.098020
v 0.210336 7.662282 0.098019
v 0.210549 7.662620 0.098018
v 0.211492 7.663908 0.098015
v 0.212113 7.663868 0.098015
v 0.212381 7.664165 0.098014
v 0.212657 7.664455 0.098013
v 0.212941 7.664737 0.098013
v 0.213234 7.665010 0.098012
v 0.213790 7.666122 0.098009
v 0.215010 7.666368 0.098009
v 0.214111 7.666360 0.098009
v 0.214438 7.666589 0.098008
v 0.212871 7.665355 0.098011
v 0.213170 7.665620 0.098010
v 0.213476 7.665875 0.098010
v 0.214771 7.666809 0.098008
v 0.215350 7.666579 0.098008
v 0.215697 7.666780 0.098008
v 0.216049 7.666970 0.098007
v 0.216406 7.667150 0.098007
v 0.216769 7.667319 0.098006
v 0.217642 7.668206 0.098004
v 0.218879 7.668063 0.098005
v 0.218021 7.668333 0.098004
v 0.218403 7.668450 0.098004
v 0.216530 7.667760 0.098005
v 0.216897 7.667919 0.098005
v 0.217267 7.668068 0.098004
v 0.218788 7.668555 0.098003
v 0.219267 7.668159 0.098004
v 0.219659 7.668242 0.098004
v 0.220053 7.668315 0.098004
v 0.220448 7.668375 0.098004
v 0.220846 7.668425 0.098004
v 0.221950 7.668998 0.098002
v 0.223082 7.668480 0.098004
v 0.222350 7.669002 0.098002
v 0.222749 7.668995 0.098003
v 0.220755 7.668917 0.098003
v 0.221152 7.668955 0.098002
v 0.221551 7.668983 0.098002
v 0.223148 7.668977 0.098003
v 0.223481 7.668451 0.098004
v 0.223879 7.668410 0.098004
v 0.224276 7.668357 0.098004
v 0.224671 7.668293 0.098004
v 0.225064 7.668217 0.098005
v 0.226292 7.668421 0.098004
v 0.227208 7.667579 0.098006
v 0.226673 7.668302 0.098005
v 0.227051 7.668172 0.098005
v 0.225131 7.668713 0.098003
v 0.225520 7.668627 0.098004
v 0.225908 7.668530 0.098004
v 0.227425 7.668031 0.098005
v 0.227579 7.667428 0.098007
v 0.227945 7.667266 0.098007
v 0.228306 7.667094 0.098008
v 0.228662 7.666910 0.098008
v 0.209719 7.661100 0.080125
v 0.209811 7.661284 0.080165
v 0.209921 7.661497 0.080280
v 0.210012 7.661668 0.080435
v 0.210080 7.661790 0.080630
v 0.210120 7.661862 0.080828
v 0.210134 7.661887 0.081005
v 0.210135 7.661890 0.081056
v 0.211493 7.663858 0.081051
v 0.211503 7.663869 0.080912
v 0.211529 7.663901 0.080745
v 0.211607 7.663993 0.080526
v 0.211736 7.664143 0.080318
v 0.211854 7.664276 0.080209
v 0.212156 7.664605 0.080087
v 0.212518 7.664970 0.080246
v 0.212628 7.665076 0.080347
v 0.212741 7.665184 0.080522
v 0.212816 7.665254 0.080687
v 0.212827 7.665265 0.080725
v 0.212861 7.665296 0.080904
v 0.212872 7.665307 0.081047
v 0.214773 7.666760 0.081044
v 0.214775 7.666761 0.080988
v 0.214799 7.666776 0.080818
v 0.214863 7.666815 0.080627
v 0.214959 7.666874 0.080458
v 0.215130 7.666977 0.080280
v 0.215374 7.667119 0.080145
v 0.215531 7.667207 0.080110
v 0.215753 7.667327 0.080111
v 0.215942 7.667425 0.080159
v 0.216153 7.667531 0.080282
v 0.216289 7.667596 0.080402
v 0.216400 7.667649 0.080556
v 0.216468 7.667681 0.080697
v 0.216522 7.667706 0.080927
v 0.216532 7.667711 0.081041
v 0.218789 7.668507 0.081039
v 0.219056 7.668571 0.080393
v 0.220447 7.668828 0.080360
v 0.220756 7.668868 0.081039
v 0.223149 7.668928 0.081039
v 0.223157 7.668927 0.080938
v 0.223190 7.668924 0.080777
v 0.223258 7.668920 0.080617
v 0.223363 7.668911 0.080460
v 0.223577 7.668892 0.080276
v 0.223795 7.668871 0.080158
v 0.224052 7.668841 0.080103
v 0.224282 7.668810 0.080109
v 0.224528 7.668772 0.080177
v 0.224839 7.668719 0.080376
v 0.224998 7.668690 0.080567
v 0.225081 7.668674 0.080745
v 0.225128 7.668665 0.080973
v 0.225132 7.668664 0.081039
v 0.227427 7.667982 0.081013
v 0.227435 7.667979 0.080924
v 0.227455 7.667970 0.080809
v 0.227466 7.667966 0.080769
v 0.227473 7.667963 0.080747
v 0.227499 7.667953 0.080678
v 0.227581 7.667919 0.080526
v 0.227734 7.667855 0.080348
v 0.227971 7.667752 0.080187
v 0.228341 7.667581 0.080106
v 0.228657 7.667426 0.080166
v 0.228952 7.667272 0.080360
v 0.229102 7.667191 0.080559
v 0.229182 7.667146 0.080737
v 0.229214 7.667128 0.080876
v 0.229230 7.667120 0.081044
v 0.231201 7.665762 0.081047
v 0.231202 7.665761 0.081005
v 0.231209 7.665756 0.080917
v 0.231216 7.665750 0.080866
v 0.231226 7.665742 0.080815
v 0.231259 7.665714 0.080695
v 0.231332 7.665652 0.080526
v 0.231405 7.665590 0.080409
v 0.231596 7.665422 0.080231
v 0.231882 7.665162 0.080118
v 0.232134 7.664919 0.080142
v 0.232293 7.664760 0.080227
v 0.232457 7.664591 0.080400
v 0.232577 7.664464 0.080629
v 0.232615 7.664423 0.080754
v 0.232631 7.664405 0.080834
v 0.232647 7.664389 0.080968
v 0.232650 7.664385 0.081051
v 0.234105 7.662486 0.081056
v 0.234106 7.662484 0.081006
v 0.234121 7.662461 0.080841
v 0.234179 7.662368 0.080583
v 0.234247 7.662257 0.080420
v 0.234380 7.662034 0.080230
v 0.234512 7.661803 0.080141
v 0.234697 7.661462 0.080140
v 0.234871 7.661121 0.080284
v 0.234923 7.661014 0.080372
v 0.234956 7.660945 0.080449
v 0.235004 7.660842 0.080607
v 0.235041 7.660763 0.080807
v 0.235053 7.660738 0.080931
v 0.235056 7.660732 0.080982
v 0.235057 7.660729 0.081037
v 0.235853 7.658473 0.081055
v 0.235858 7.658454 0.080896
v 0.235882 7.658360 0.080641
v 0.235912 7.658236 0.080452
v 0.235927 7.658173 0.080389
v 0.235971 7.657981 0.080255
v 0.236008 7.657808 0.080179
v 0.236059 7.657548 0.080130
v 0.236112 7.657251 0.080166
v 0.236151 7.657002 0.080254
v 0.236173 7.656851 0.080361
v 0.236188 7.656733 0.080473
v 0.236204 7.656605 0.080674
v 0.236215 7.656509 0.081032
v 0.236215 7.656508 0.081071
v 0.236275 7.654117 0.081077
v 0.236274 7.654109 0.080975
v 0.236270 7.654040 0.080727
v 0.236261 7.653913 0.080512
v 0.236241 7.653671 0.080301
v 0.236214 7.653412 0.080186
v 0.236181 7.653138 0.080139
v 0.236144 7.652879 0.080169
v 0.236108 7.652650 0.080259
v 0.236061 7.652385 0.080463
v 0.236032 7.652238 0.080664
v 0.236018 7.652166 0.080869
v 0.236012 7.652137 0.081038
v 0.235329 7.649844 0.081088
v 0.235320 7.649822 0.080898
v 0.235310 7.649795 0.080791
v 0.235267 7.649689 0.080577
v 0.235200 7.649528 0.080388
v 0.235116 7.649332 0.080247
v 0.235094 7.649282 0.080224
v 0.235043 7.649168 0.080188
v 0.220749 7.668867 0.080942
v 0.220722 7.668864 0.080799
v 0.220663 7.668857 0.080643
v 0.220582 7.668846 0.080508
v 0.220176 7.668789 0.080184
v 0.219867 7.668737 0.080107
v 0.219532 7.668674 0.080130
v 0.219248 7.668615 0.080245
v 0.218939 7.668543 0.080541
v 0.218858 7.668523 0.080696
v 0.218805 7.668510 0.080885
v 0.210176 7.660895 0.080123
v 0.210219 7.660982 0.080139
v 0.210252 7.661049 0.080158
v 0.210303 7.661148 0.080197
v 0.210361 7.661260 0.080260
v 0.210418 7.661366 0.080344
v 0.210464 7.661451 0.080432
v 0.210505 7.661527 0.080537
v 0.210530 7.661571 0.080616
v 0.210557 7.661619 0.080736
v 0.210574 7.661649 0.080841
v 0.210583 7.661665 0.080932
v 0.210586 7.661672 0.081000
v 0.210587 7.661673 0.081045
v 0.209724 7.659871 0.081061
v 0.209724 7.659872 0.081019
v 0.209727 7.659880 0.080931
v 0.209732 7.659892 0.080863
v 0.209743 7.659919 0.080762
v 0.209763 7.659969 0.080639
v 0.209785 7.660022 0.080545
v 0.209808 7.660080 0.080463
v 0.209836 7.660147 0.080388
v 0.209886 7.660265 0.080289
v 0.209974 7.660465 0.080179
v 0.210051 7.660634 0.080131
v 0.210100 7.660739 0.080118
v 0.211857 7.663513 0.081052
v 0.211878 7.663538 0.080814
v 0.211860 7.663518 0.080969
v 0.211892 7.663556 0.080740
v 0.211921 7.663590 0.080640
v 0.211971 7.663650 0.080517
v 0.212035 7.663725 0.080400
v 0.212122 7.663825 0.080291
v 0.212167 7.663876 0.080247
v 0.212236 7.663954 0.080195
v 0.212365 7.664095 0.080135
v 0.212542 7.664284 0.080110
v 0.212658 7.664404 0.080127
v 0.212760 7.664506 0.080167
v 0.212910 7.664654 0.080266
v 0.212948 7.664691 0.080301
v 0.212978 7.664721 0.080333
v 0.213017 7.664757 0.080378
v 0.213089 7.664825 0.080487
v 0.213160 7.664891 0.080636
v 0.213179 7.664909 0.080688
v 0.213189 7.664918 0.080720
v 0.213208 7.664936 0.080799
v 0.213230 7.664956 0.080938
v 0.213235 7.664961 0.081048
v 0.213234 7.664960 0.081009
v 0.215038 7.666336 0.080815
v 0.215012 7.666319 0.081034
v 0.215019 7.666324 0.080933
v 0.215063 7.666351 0.080722
v 0.215096 7.666372 0.080637
v 0.215177 7.666422 0.080487
v 0.215244 7.666463 0.080399
v 0.215348 7.666526 0.080295
v 0.215464 7.666594 0.080215
v 0.215590 7.666667 0.080153
v 0.215660 7.666707 0.080130
v 0.215753 7.666759 0.080111
v 0.215873 7.666824 0.080103
v 0.216034 7.666910 0.080118
v 0.216137 7.666964 0.080144
v 0.216267 7.667029 0.080200
v 0.216421 7.667106 0.080301
v 0.216496 7.667142 0.080369
v 0.216544 7.667165 0.080421
v 0.216586 7.667184 0.080475
v 0.216642 7.667211 0.080562
v 0.216689 7.667233 0.080655
v 0.216715 7.667245 0.080720
v 0.216741 7.667256 0.080807
v 0.216770 7.667271 0.081042
v 0.216764 7.667267 0.080938
v 0.216770 7.667271 0.081009
v 0.218880 7.668014 0.081041
v 0.218907 7.668020 0.080820
v 0.218885 7.668015 0.080958
v 0.218938 7.668028 0.080721
v 0.219009 7.668046 0.080574
v 0.219100 7.668068 0.080445
v 0.219190 7.668089 0.080351
v 0.219294 7.668113 0.080271
v 0.219489 7.668156 0.080170
v 0.219687 7.668196 0.080113
v 0.219824 7.668222 0.080100
v 0.220045 7.668262 0.080116
v 0.220168 7.668282 0.080146
v 0.220283 7.668300 0.080192
v 0.220412 7.668319 0.080262
v 0.220511 7.668333 0.080335
v 0.220597 7.668344 0.080416
v 0.220681 7.668355 0.080519
v 0.220732 7.668361 0.080602
v 0.220770 7.668366 0.080677
v 0.220797 7.668369 0.080745
v 0.220809 7.668371 0.080785
v 0.220827 7.668373 0.080856
v 0.220847 7.668375 0.081040
v 0.220843 7.668375 0.080964
v 0.223083 7.668431 0.081040
v 0.223116 7.668428 0.080802
v 0.223091 7.668430 0.080934
v 0.223154 7.668426 0.080693
v 0.223201 7.668423 0.080597
v 0.223244 7.668420 0.080529
v 0.223328 7.668413 0.080424
v 0.223404 7.668407 0.080349
v 0.223540 7.668395 0.080251
v 0.223679 7.668381 0.080178
v 0.223746 7.668374 0.080153
v 0.223781 7.668370 0.080141
v 0.223844 7.668363 0.080125
v 0.223967 7.668348 0.080105
v 0.224082 7.668333 0.080098
v 0.224297 7.668303 0.080123
v 0.224473 7.668275 0.080177
v 0.224658 7.668244 0.080279
v 0.224766 7.668225 0.080365
v 0.224889 7.668202 0.080504
v 0.224977 7.668185 0.080650
v 0.225015 7.668177 0.080744
v 0.225049 7.668171 0.080878
v 0.225066 7.668168 0.081041
v 0.225064 7.668168 0.080990
v 0.227210 7.667531 0.081042
v 0.227235 7.667520 0.080827
v 0.227246 7.667515 0.080782
v 0.227213 7.667529 0.080980
v 0.227257 7.667511 0.080748
v 0.227270 7.667506 0.080709
v 0.227312 7.667489 0.080615
v 0.227364 7.667468 0.080525
v 0.227450 7.667432 0.080413
v 0.227601 7.667368 0.080277
v 0.227758 7.667300 0.080183
v 0.227918 7.667228 0.080127
v 0.228050 7.667167 0.080107
v 0.228231 7.667080 0.080109
v 0.228430 7.666981 0.080159
v 0.228573 7.666907 0.080229
v 0.228708 7.666836 0.080332
v 0.228821 7.666775 0.080454
v 0.228881 7.666741 0.080546
v 0.228926 7.666717 0.080633
v 0.228974 7.666689 0.080767
v 0.228997 7.666677 0.080862
v 0.229014 7.666668 0.081045
v 0.229012 7.666669 0.080989
v 0.230856 7.665400 0.081037
v 0.230861 7.665395 0.080952
v 0.230875 7.665383 0.080839
v 0.230886 7.665374 0.080788
v 0.230905 7.665358 0.080718
v 0.230948 7.665322 0.080603
v 0.231001 7.665277 0.080499
v 0.231026 7.665257 0.080458
v 0.231059 7.665228 0.080411
v 0.231087 7.665204 0.080375
v 0.231162 7.665139 0.080298
v 0.231272 7.665042 0.080210
v 0.231383 7.664943 0.080153
v 0.231492 7.664842 0.080119
v 0.231595 7.664745 0.080109
v 0.231727 7.664618 0.080122
v 0.231834 7.664513 0.080160
v 0.231935 7.664412 0.080215
v 0.231991 7.664354 0.080260
v 0.232054 7.664289 0.080324
v 0.232160 7.664177 0.080473
v 0.232225 7.664108 0.080609
v 0.232259 7.664072 0.080713
v 0.232279 7.664049 0.080797
v 0.232305 7.664022 0.081052
v 0.232296 7.664031 0.080911
v 0.232304 7.664023 0.081001
v 0.233664 7.662248 0.081056
v 0.233669 7.662240 0.080945
v 0.233683 7.662218 0.080816
v 0.233713 7.662170 0.080671
v 0.233759 7.662096 0.080524
v 0.233807 7.662018 0.080415
v 0.233876 7.661904 0.080305
v 0.233925 7.661821 0.080244
v 0.234014 7.661669 0.080170
v 0.234107 7.661504 0.080127
v 0.234167 7.661394 0.080117
v 0.234227 7.661283 0.080124
v 0.234311 7.661122 0.080160
v 0.234389 7.660968 0.080229
v 0.234441 7.660862 0.080298
v 0.234467 7.660810 0.080341
v 0.234482 7.660777 0.080371
v 0.234497 7.660747 0.080402
v 0.234511 7.660718 0.080435
v 0.234530 7.660676 0.080488
v 0.234556 7.660621 0.080575
v 0.234585 7.660557 0.080706
v 0.234601 7.660523 0.080809
v 0.234610 7.660503 0.080905
v 0.234615 7.660493 0.080982
v 0.234616 7.660490 0.081061
v 0.234616 7.660491 0.081016
v 0.235362 7.658374 0.080958
v 0.235360 7.658382 0.080944
v 0.235376 7.658319 0.080736
v 0.235396 7.658240 0.080582
v 0.235413 7.658174 0.080485
v 0.235418 7.658151 0.080459
v 0.235426 7.658120 0.080425
v 0.235435 7.658084 0.080389
v 0.235456 7.657991 0.080315
v 0.235488 7.657851 0.080230
v 0.235498 7.657802 0.080207
v 0.235509 7.657751 0.080187
v 0.235538 7.657609 0.080148
v 0.235585 7.657363 0.080130
v 0.235629 7.657109 0.080173
v 0.235653 7.656952 0.080234
v 0.235663 7.656885 0.080270
v 0.235675 7.656800 0.080326
v 0.235688 7.656704 0.080408
v 0.235702 7.656595 0.080534
v 0.235710 7.656521 0.080652
v 0.235717 7.656461 0.080797
v 0.235721 7.656432 0.080907
v 0.235722 7.656420 0.080999
v 0.236213 7.656528 0.080892
v 0.235722 7.656417 0.081060
v 0.235778 7.654182 0.080947
v 0.235777 7.654172 0.080954
v 0.235773 7.654096 0.080698
v 0.235768 7.654029 0.080579
v 0.235761 7.653934 0.080459
v 0.235755 7.653856 0.080383
v 0.235739 7.653678 0.080261
v 0.235725 7.653540 0.080201
v 0.235710 7.653403 0.080160
v 0.235692 7.653253 0.080141
v 0.235671 7.653099 0.080142
v 0.235637 7.652871 0.080189
v 0.235615 7.652735 0.080243
v 0.235584 7.652558 0.080356
v 0.235568 7.652470 0.080434
v 0.235551 7.652380 0.080541
v 0.235540 7.652324 0.080626
v 0.235529 7.652275 0.080727
v 0.235520 7.652231 0.080858
v 0.235516 7.652210 0.080967
v 0.235514 7.652202 0.081082
v 0.235515 7.652204 0.081026
v 0.236011 7.652136 0.081064
v 0.234873 7.650053 0.080988
v 0.234876 7.650060 0.080966
v 0.234850 7.649992 0.080740
v 0.234821 7.649920 0.080595
v 0.234777 7.649810 0.080450
v 0.234706 7.649644 0.080307
v 0.234661 7.649540 0.080243
v 0.234648 7.649509 0.080228
v 0.234617 7.649441 0.080201
v 0.234539 7.649271 0.080158
v 0.234501 7.649189 0.080149
v 0.234455 7.649093 0.080150
v 0.234395 7.648970 0.080166
v 0.234326 7.648833 0.080207
v 0.234243 7.648673 0.080291
v 0.234172 7.648540 0.080397
v 0.234140 7.648482 0.080459
v 0.234092 7.648396 0.080581
v 0.234061 7.648341 0.080689
v 0.234042 7.648308 0.080777
v 0.234019 7.648269 0.080945
v 0.234015 7.648260 0.081019
v 0.234013 7.648258 0.081081
v 0.209086 7.657729 0.081066
v 0.208825 7.655792 0.080795
v 0.208822 7.655748 0.081060
v 0.208823 7.655756 0.080956
v 0.208829 7.655856 0.080644
v 0.208836 7.655948 0.080505
v 0.208846 7.656082 0.080368
v 0.208854 7.656177 0.080295
v 0.208860 7.656242 0.080256
v 0.208873 7.656372 0.080197
v 0.208889 7.656514 0.080153
v 0.208906 7.656650 0.080131
v 0.208926 7.656801 0.080130
v 0.208956 7.657007 0.080161
v 0.208973 7.657116 0.080197
v 0.209001 7.657285 0.080284
v 0.209033 7.657460 0.080423
v 0.209050 7.657549 0.080527
v 0.209058 7.657592 0.080591
v 0.209067 7.657635 0.080668
v 0.209075 7.657674 0.080761
v 0.209083 7.657714 0.080917
v 0.209085 7.657727 0.081016
v 0.208878 7.653514 0.081077
v 0.209240 7.651548 0.081082
v 0.209239 7.651550 0.081026
v 0.209237 7.651558 0.080952
v 0.209232 7.651578 0.080853
v 0.209220 7.651623 0.080719
v 0.209209 7.651669 0.080626
v 0.209204 7.651687 0.080595
v 0.209199 7.651709 0.080561
v 0.209179 7.651790 0.080460
v 0.209146 7.651929 0.080333
v 0.209124 7.652024 0.080271
v 0.209092 7.652172 0.080200
v 0.209069 7.652281 0.080169
v 0.209027 7.652498 0.080138
v 0.209006 7.652613 0.080142
v 0.208976 7.652791 0.080173
v 0.208961 7.652882 0.080202
v 0.208946 7.652979 0.080246
v 0.208921 7.653157 0.080358
v 0.208905 7.653283 0.080477
v 0.208898 7.653336 0.080542
v 0.208891 7.653396 0.080637
v 0.208885 7.653450 0.080750
v 0.208882 7.653479 0.080838
v 0.208879 7.653505 0.080961
v 0.208878 7.653512 0.081038
v 0.209984 7.649441 0.081088
v 0.210936 7.647684 0.081092
v 0.210914 7.647717 0.080832
v 0.210930 7.647692 0.080971
v 0.210878 7.647773 0.080672
v 0.210830 7.647851 0.080531
v 0.210778 7.647934 0.080422
v 0.210739 7.647998 0.080357
v 0.210704 7.648056 0.080311
v 0.210654 7.648140 0.080256
v 0.210581 7.648266 0.080198
v 0.210504 7.648402 0.080161
v 0.210422 7.648552 0.080148
v 0.210338 7.648711 0.080167
v 0.210249 7.648883 0.080221
v 0.210195 7.648991 0.080276
v 0.210167 7.649047 0.080313
v 0.210135 7.649115 0.080367
v 0.210097 7.649195 0.080447
v 0.210066 7.649261 0.080530
v 0.210041 7.649314 0.080612
v 0.210031 7.649336 0.080653
v 0.210017 7.649366 0.080719
v 0.209999 7.649406 0.080838
v 0.209988 7.649432 0.080963
v 0.209985 7.649439 0.081037
v 0.215586 7.643263 0.081104
v 0.217390 7.642401 0.081106
v 0.217360 7.642412 0.080868
v 0.217384 7.642403 0.081019
v 0.217334 7.642422 0.080784
v 0.217287 7.642440 0.080676
v 0.217262 7.642450 0.080630
v 0.217225 7.642465 0.080571
v 0.217168 7.642488 0.080496
v 0.217070 7.642529 0.080396
v 0.216935 7.642586 0.080295
v 0.216785 7.642652 0.080222
v 0.216701 7.642689 0.080194
v 0.216622 7.642725 0.080177
v 0.216459 7.642802 0.080165
v 0.216289 7.642885 0.080184
v 0.216182 7.642940 0.080213
v 0.216116 7.642973 0.080241
v 0.215979 7.643044 0.080320
v 0.215876 7.643100 0.080407
v 0.215771 7.643157 0.080525
v 0.215729 7.643181 0.080588
v 0.215677 7.643210 0.080687
v 0.215647 7.643228 0.080760
v 0.215616 7.643246 0.080866
v 0.215595 7.643258 0.080974
v 0.215587 7.643262 0.081062
v 0.219534 7.641763 0.081108
v 0.221517 7.641500 0.081109
v 0.221510 7.641500 0.081014
v 0.221474 7.641501 0.080838
v 0.221454 7.641502 0.080781
v 0.221417 7.641505 0.080702
v 0.221330 7.641510 0.080562
v 0.221245 7.641517 0.080464
v 0.221132 7.641525 0.080366
v 0.220984 7.641539 0.080278
v 0.220819 7.641556 0.080210
v 0.220655 7.641575 0.080178
v 0.220466 7.641599 0.080169
v 0.220320 7.641620 0.080187
v 0.220177 7.641643 0.080225
v 0.220078 7.641659 0.080266
v 0.219961 7.641679 0.080334
v 0.219823 7.641704 0.080442
v 0.219758 7.641716 0.080511
v 0.219665 7.641735 0.080641
v 0.219597 7.641749 0.080778
v 0.219571 7.641755 0.080853
v 0.219535 7.641763 0.081069
v 0.219547 7.641760 0.080967
v 0.223753 7.641555 0.081109
v 0.225720 7.641917 0.081108
v 0.225692 7.641909 0.080884
v 0.225710 7.641914 0.080986
v 0.225658 7.641900 0.080778
v 0.225613 7.641888 0.080678
v 0.225558 7.641874 0.080587
v 0.225481 7.641855 0.080491
v 0.225371 7.641829 0.080387
v 0.225292 7.641810 0.080328
v 0.225162 7.641781 0.080258
v 0.224983 7.641743 0.080195
v 0.224853 7.641718 0.080174
v 0.224704 7.641690 0.080168
v 0.224523 7.641659 0.080192
v 0.224371 7.641634 0.080237
v 0.224258 7.641617 0.080289
v 0.224163 7.641604 0.080347
v 0.224077 7.641592 0.080414
v 0.224018 7.641585 0.080469
v 0.223939 7.641575 0.080562
v 0.223873 7.641568 0.080665
v 0.223807 7.641561 0.080803
v 0.223786 7.641558 0.080871
v 0.223766 7.641556 0.080967
v 0.223755 7.641555 0.081058
v 0.227830 7.642660 0.081106
v 0.229589 7.643611 0.081000
v 0.229546 7.643583 0.080810
v 0.229581 7.643607 0.080990
v 0.229516 7.643564 0.080723
v 0.229449 7.643522 0.080587
v 0.229414 7.643500 0.080532
v 0.229347 7.643458 0.080448
v 0.229277 7.643416 0.080376
v 0.229166 7.643349 0.080293
v 0.229086 7.643302 0.080246
v 0.229008 7.643257 0.080214
v 0.228811 7.643147 0.080169
v 0.228729 7.643102 0.080163
v 0.228629 7.643048 0.080169
v 0.228482 7.642972 0.080203
v 0.228337 7.642899 0.080260
v 0.228247 7.642854 0.080313
v 0.228148 7.642806 0.080392
v 0.228032 7.642751 0.080516
v 0.227953 7.642715 0.080635
v 0.227916 7.642698 0.080708
v 0.227876 7.642681 0.080812
v 0.227845 7.642667 0.080944
v 0.227831 7.642661 0.081056
v 0.231365 7.644970 0.081101
v 0.232744 7.646418 0.081097
v 0.232739 7.646412 0.080991
v 0.232726 7.646396 0.080882
v 0.232699 7.646362 0.080750
v 0.232666 7.646322 0.080648
v 0.232620 7.646267 0.080541
v 0.232541 7.646175 0.080414
v 0.232444 7.646062 0.080305
v 0.232373 7.645982 0.080248
v 0.232299 7.645900 0.080206
v 0.232159 7.645748 0.080165
v 0.232046 7.645629 0.080158
v 0.231957 7.645537 0.080173
v 0.231834 7.645413 0.080219
v 0.231731 7.645311 0.080284
v 0.231670 7.645253 0.080335
v 0.231639 7.645223 0.080366
v 0.231590 7.645176 0.080422
v 0.231516 7.645107 0.080531
v 0.231460 7.645055 0.080639
v 0.231435 7.645032 0.080702
v 0.231412 7.645011 0.080773
v 0.231388 7.644990 0.080871
v 0.231371 7.644975 0.080985
v 0.231366 7.644970 0.081061
v 0.221676 7.663023 0.084746
v 0.221677 7.663012 0.084668
v 0.221678 7.662994 0.084600
v 0.221680 7.662973 0.084539
v 0.221681 7.662960 0.084506
v 0.221682 7.662945 0.084474
v 0.221685 7.662910 0.084411
v 0.221689 7.662854 0.084327
v 0.221695 7.662774 0.084235
v 0.221701 7.662704 0.084170
v 0.221705 7.662653 0.084130
v 0.221710 7.662580 0.084080
v 0.221719 7.662469 0.084019
v 0.221726 7.662380 0.083978
v 0.221731 7.662309 0.083953
v 0.221737 7.662233 0.083930
v 0.221746 7.662120 0.083905
v 0.221753 7.662037 0.083893
v 0.221760 7.661945 0.083886
f 1 2 3
f 3 2 4
f 6 5 7
f 7 9 6
f 9 11 6
f 6 11 10
f 10 11 12
f 10 12 13
f 10 13 14
f 10 14 15
f 10 15 16
f 10 16 17
f 17 16 18
f 18 19 17
f 17 19 20
f 17 20 21
f 21 20 22
f 21 22 23
f 21 23 25
f 21 25 24
f 25 26 24
f 26 27 24
f 27 28 24
f 28 29 24
f 24 29 3
f 29 30 3
f 3 30 31
f 3 31 32
f 3 32 1
f 1 32 33
f 192 5 34
f 34 5 6
f 36 339 35
f 37 336 36
f 38 39 37
f 37 39 40
f 37 40 41
f 41 40 42
f 39 38 43
f 43 38 44
f 43 44 45
f 45 44 46
f 45 46 47
f 47 46 48
f 47 48 49
f 49 48 50
f 50 48 51
f 51 48 52
f 52 48 53
f 53 48 54
f 54 48 56
f 56 48 55
f 56 55 57
f 57 55 58
f 58 55 59
f 58 59 60
f 60 59 61
f 61 59 63
f 63 59 62
f 63 62 64
f 64 62 65
f 65 62 66
f 66 62 67
f 66 67 68
f 68 67 69
f 69 67 70
f 70 67 71
f 71 67 72
f 71 72 73
f 73 72 74
f 73 74 75
f 75 74 76
f 76 74 77
f 76 77 78
f 78 77 79
f 78 79 80
f 80 79 81
f 81 79 82
f 82 79 84
f 84 79 83
f 84 83 85
f 85 83 86
f 86 83 88
f 88 83 87
f 88 87 89
f 89 87 91
f 91 87 90
f 91 90 92
f 92 90 94
f 94 90 93
f 94 93 96
f 96 93 95
f 96 95 97
f 97 95 98
f 98 95 99
f 99 95 100
f 100 95 101
f 100 101 102
f 102 101 103
f 102 103 104
f 104 103 105
f 104 105 106
f 106 105 107
f 106 107 108
f 108 107 109
f 108 109 110
f 111 335 107
f 107 335 109
f 112 332 111
f 114 330 112
f 115 327 114
f 116 117 115
f 115 117 324
f 118 119 116
f 116 119 120
f 116 120 117
f 117 120 121
f 119 118 122
f 122 118 123
f 122 123 124
f 124 123 125
f 124 125 126
f 126 125 127
f 126 127 128
f 128 127 129
f 129 127 130
f 130 127 131
f 131 127 132
f 132 127 133
f 133 127 134
f 133 134 135
f 135 134 136
f 136 134 137
f 136 137 138
f 138 137 140
f 140 137 139
f 140 139 142
f 142 139 141
f 142 141 143
f 143 141 144
f 144 141 145
f 145 141 147
f 147 141 146
f 147 146 148
f 148 146 149
f 149 146 150
f 150 146 151
f 150 151 152
f 152 151 153
f 153 151 154
f 153 154 155
f 155 154 156
f 155 156 157
f 157 156 158
f 157 158 159
f 159 158 160
f 160 158 161
f 161 158 162
f 162 158 163
f 163 158 164
f 163 164 165
f 165 164 166
f 166 164 167
f 167 164 169
f 169 164 168
f 169 168 170
f 170 168 172
f 172 168 171
f 172 171 173
f 173 171 175
f 175 171 174
f 175 174 176
f 176 174 177
f 177 174 178
f 177 178 179
f 179 178 180
f 180 178 181
f 181 178 182
f 182 178 183
f 183 178 184
f 183 184 185
f 185 184 186
f 185 186 187
f 187 186 188
f 187 188 189
f 189 188 190
f 190 188 191
f 190 191 34
f 34 191 192
f 192 191 194
f 194 191 193
f 194 193 195
f 195 193 196
f 196 193 197
f 197 193 199
f 199 193 198
f 199 198 200
f 200 198 202
f 202 198 201
f 202 201 203
f 203 201 204
f 203 204 205
f 205 204 206
f 206 204 208
f 208 204 207
f 208 207 209
f 209 207 210
f 210 207 2
f 2 207 211
f 2 211 4
f 207 212 211
f 211 212 213
f 213 212 214
f 213 214 215
f 215 214 216
f 215 216 217
f 217 216 218
f 217 218 219
f 219 218 222
f 219 222 220
f 218 221 222
f 222 221 223
f 223 221 224
f 224 221 225
f 225 221 226
f 226 221 229
f 226 229 227
f 227 229 228
f 228 229 230
f 230 229 231
f 230 231 232
f 232 231 233
f 233 231 234
f 233 234 235
f 235 234 236
f 236 234 237
f 237 234 238
f 237 238 239
f 239 238 240
f 240 238 241
f 241 238 242
f 242 238 243
f 243 238 244
f 243 244 245
f 245 244 246
f 245 246 247
f 247 246 248
f 247 248 249
f 249 248 250
f 249 250 251
f 251 250 252
f 252 250 253
f 253 250 254
f 254 250 256
f 256 250 255
f 256 255 257
f 257 255 258
f 258 255 259
f 259 255 261
f 259 261 260
f 260 261 262
f 262 261 264
f 264 261 263
f 264 263 265
f 265 263 266
f 266 263 268
f 268 263 267
f 268 267 269
f 269 267 270
f 270 267 271
f 271 267 272
f 272 267 273
f 272 273 274
f 274 273 275
f 274 275 276
f 276 275 277
f 277 275 278
f 277 278 279
f 279 278 280
f 279 280 281
f 281 280 282
f 282 280 283
f 283 280 285
f 285 280 284
f 285 284 286
f 286 284 287
f 287 284 288
f 288 284 289
f 288 289 290
f 290 289 291
f 291 289 292
f 291 292 293
f 293 292 294
f 294 292 295
f 295 292 296
f 295 296 297
f 297 296 298
f 298 296 299
f 299 296 300
f 300 296 301
f 301 296 302
f 302 296 303
f 302 303 304
f 304 303 305
f 304 305 306
f 306 305 307
f 306 307 308
f 308 307 309
f 308 309 310
f 310 309 313
f 310 313 311
f 309 312 313
f 313 312 314
f 314 312 315
f 315 312 316
f 316 312 317
f 317 312 318
f 318 312 319
f 318 319 320
f 320 319 322
f 322 319 321
f 322 321 8563
f 311 323 310
f 115 324 325
f 325 326 115
f 115 326 327
f 327 328 114
f 328 329 114
f 114 329 330
f 112 330 113
f 112 113 331
f 112 331 332
f 111 332 333
f 333 334 111
f 334 335 111
f 41 336 37
f 36 336 337
f 36 337 338
f 338 339 36
f 339 340 35
f 35 340 341
f 489 344 5152
f 5152 344 5148
f 5148 344 342
f 342 344 248
f 342 248 5157
f 5157 248 5158
f 5158 248 5159
f 5159 248 246
f 5159 246 244
f 5159 244 343
f 343 244 238
f 343 238 234
f 343 234 231
f 343 231 229
f 343 229 5160
f 5160 229 221
f 5160 221 218
f 248 344 250
f 250 344 255
f 255 344 261
f 261 344 263
f 263 344 487
f 263 487 267
f 267 487 273
f 273 487 275
f 275 487 278
f 278 487 280
f 280 487 284
f 284 487 289
f 289 487 292
f 292 487 296
f 296 487 303
f 303 487 305
f 305 487 345
f 305 345 307
f 307 345 309
f 309 345 312
f 312 345 319
f 319 345 321
f 321 345 346
f 346 345 349
f 346 349 347
f 347 349 348
f 348 349 350
f 350 349 351
f 351 349 352
f 352 349 353
f 353 349 354
f 354 349 355
f 355 349 356
f 356 349 357
f 357 349 358
f 358 349 359
f 359 349 360
f 360 349 361
f 361 349 362
f 362 349 363
f 363 349 364
f 364 349 365
f 365 349 366
f 366 349 367
f 366 367 370
f 370 367 369
f 368 6700 367
f 6700 369 367
f 370 371 6702
f 370 6702 372
f 372 6702 373
f 374 373 6703
f 374 6703 375
f 375 6703 376
f 376 6703 377
f 377 6703 378
f 378 379 380
f 378 380 381
f 379 378 382
f 382 383 379
f 383 384 379
f 384 383 6079
f 6079 383 6704
f 6079 6704 6080
f 379 384 385
f 385 384 386
f 385 386 387
f 387 386 388
f 388 386 389
f 389 386 390
f 390 386 391
f 391 386 392
f 392 386 6078
f 392 6078 393
f 393 6078 394
f 394 6078 395
f 395 6078 396
f 395 396 6970
f 394 395 397
f 397 395 6969
f 397 6969 398
f 398 6969 399
f 399 6969 400
f 400 6969 401
f 401 6969 6995
f 401 6995 402
f 402 6995 403
f 402 403 404
f 404 403 405
f 405 403 406
f 406 403 407
f 407 403 408
f 408 403 409
f 409 403 410
f 409 410 411
f 411 410 412
f 412 410 413
f 413 414 412
f 414 6994 412
f 412 6994 415
f 415 6994 416
f 416 6994 417
f 417 6994 418
f 418 6994 419
f 419 6994 420
f 420 6994 421
f 421 6994 422
f 422 6994 423
f 423 6994 424
f 424 6994 425
f 425 6994 426
f 426 6994 427
f 427 6994 428
f 427 428 4178
f 4178 428 429
f 4178 429 4140
f 426 427 430
f 430 427 431
f 431 427 432
f 432 427 433
f 433 427 434
f 434 427 435
f 435 427 4186
f 435 4186 436
f 436 4186 437
f 437 4186 35
f 35 4186 36
f 36 4186 37
f 37 4186 38
f 38 4186 44
f 44 4186 46
f 46 4186 4179
f 46 4179 48
f 48 4179 55
f 55 4179 59
f 59 4179 4366
f 4366 4179 4367
f 4367 4179 4174
f 4366 101 95
f 4366 95 93
f 101 4366 4510
f 4510 4501 101
f 101 4501 4500
f 101 4500 103
f 103 4500 438
f 103 438 105
f 105 438 107
f 107 438 111
f 111 438 112
f 112 438 439
f 112 439 114
f 114 439 115
f 115 439 116
f 116 439 118
f 118 439 123
f 123 439 440
f 123 440 125
f 125 440 127
f 127 440 134
f 134 440 4365
f 134 4365 137
f 137 4365 139
f 139 4365 441
f 441 4365 4665
f 4665 4365 4517
f 4665 4517 4555
f 4665 4555 4666
f 139 441 141
f 141 441 146
f 146 441 151
f 151 441 154
f 154 441 156
f 156 441 158
f 158 441 164
f 164 441 442
f 164 442 168
f 442 4662 168
f 168 4662 443
f 443 4662 4660
f 443 4660 5151
f 5151 4660 4813
f 168 443 5156
f 5156 5160 168
f 168 5160 171
f 171 5160 174
f 174 5160 178
f 178 5160 184
f 184 5160 186
f 186 5160 188
f 188 5160 191
f 191 5160 193
f 193 5160 198
f 198 5160 201
f 201 5160 204
f 204 5160 207
f 207 5160 212
f 212 5160 214
f 214 5160 216
f 216 5160 218
f 93 90 4366
f 4366 90 87
f 4366 87 83
f 83 79 4366
f 4366 79 77
f 4366 77 74
f 74 72 4366
f 4366 72 67
f 4366 67 62
f 62 59 4366
f 381 444 378
f 378 444 445
f 378 445 446
f 446 447 378
f 378 447 448
f 378 448 449
f 449 450 378
f 378 450 451
f 378 451 452
f 452 453 378
f 378 453 454
f 378 454 455
f 455 456 378
f 378 456 457
f 378 457 377
f 494 458 493
f 493 458 459
f 493 459 460
f 461 462 463
f 463 462 495
f 495 464 498
f 498 464 465
f 498 465 499
f 499 465 466
f 499 466 497
f 497 466 467
f 497 467 468
f 468 467 469
f 468 469 470
f 470 469 471
f 470 471 472
f 472 471 473
f 472 473 474
f 474 473 475
f 474 475 477
f 477 475 476
f 479 478 6889
f 479 6889 480
f 479 480 481
f 481 480 6887
f 481 6887 482
f 482 6887 6886
f 482 6886 483
f 483 6886 484
f 485 6965 486
f 486 6965 345
f 486 345 555
f 555 345 487
f 488 487 344
f 488 344 554
f 554 344 489
f 489 5297 5296
f 490 5294 491
f 491 5294 5293
f 491 5293 492
f 492 5293 494
f 492 494 493
f 496 472 474
f 496 474 477
f 505 497 468
f 505 468 470
f 503 495 498
f 503 498 501
f 501 498 499
f 501 499 502
f 502 499 497
f 502 497 505
f 492 493 460
f 504 461 463
f 504 463 495
f 507 470 472
f 507 472 496
f 513 492 460
f 513 460 510
f 510 460 500
f 510 500 506
f 506 500 461
f 506 461 504
f 507 505 470
f 478 496 477
f 508 504 495
f 508 495 503
f 509 507 496
f 509 496 478
f 511 502 505
f 511 505 507
f 519 508 503
f 519 503 501
f 512 511 507
f 512 507 509
f 517 510 506
f 517 506 504
f 479 509 478
f 520 517 504
f 520 504 524
f 524 504 508
f 524 508 519
f 514 519 501
f 514 501 502
f 514 502 511
f 515 514 511
f 515 511 512
f 522 512 509
f 522 509 479
f 491 492 518
f 518 492 513
f 518 513 516
f 516 513 510
f 516 510 517
f 521 515 512
f 521 512 522
f 481 522 479
f 523 516 517
f 523 517 520
f 525 524 519
f 525 519 514
f 525 514 529
f 529 514 515
f 527 523 520
f 527 520 524
f 526 521 522
f 526 522 481
f 532 527 524
f 532 524 525
f 534 529 515
f 534 515 521
f 530 491 518
f 530 518 516
f 528 534 521
f 528 521 526
f 531 530 516
f 531 516 523
f 482 526 481
f 533 532 525
f 490 491 530
f 540 533 525
f 540 525 529
f 539 531 523
f 539 523 527
f 539 527 532
f 535 534 528
f 535 528 537
f 537 528 526
f 537 526 482
f 543 539 532
f 543 532 533
f 536 540 529
f 536 529 534
f 536 534 535
f 483 537 482
f 541 540 536
f 538 535 537
f 538 537 483
f 548 490 530
f 548 530 531
f 545 541 536
f 545 536 544
f 544 536 535
f 544 535 538
f 548 531 542
f 542 531 539
f 542 539 543
f 546 543 533
f 546 533 540
f 546 540 541
f 5296 490 548
f 551 546 541
f 551 541 545
f 552 545 544
f 552 544 547
f 547 544 538
f 547 538 483
f 549 542 543
f 549 543 546
f 552 551 545
f 547 483 484
f 485 547 484
f 554 548 542
f 554 542 549
f 550 549 546
f 550 546 551
f 489 5296 554
f 554 5296 548
f 553 550 551
f 553 551 555
f 555 551 552
f 555 552 486
f 486 552 547
f 486 547 485
f 488 554 549
f 488 549 550
f 487 488 550
f 487 550 553
f 555 487 553
f 556 696 557
f 557 696 6638
f 557 6638 6598
f 6598 558 557
f 557 558 6560
f 557 559 556
f 556 559 560
f 556 560 561
f 561 560 562
f 561 562 563
f 561 563 564
f 564 563 6898
f 564 6898 565
f 565 6898 6901
f 565 6901 566
f 566 6901 567
f 566 567 568
f 568 567 569
f 568 569 570
f 570 569 571
f 570 571 572
f 572 571 573
f 572 573 574
f 574 573 575
f 574 575 576
f 576 575 577
f 576 577 578
f 578 577 579
f 578 579 580
f 580 579 581
f 580 581 582
f 582 581 583
f 582 583 584
f 584 583 585
f 584 585 586
f 586 585 587
f 586 587 588
f 588 587 476
f 588 476 475
f 588 475 589
f 589 475 473
f 589 473 590
f 590 473 471
f 590 471 591
f 591 471 469
f 591 469 592
f 592 469 467
f 592 467 593
f 593 467 466
f 593 466 594
f 594 466 465
f 594 465 595
f 595 465 464
f 595 464 596
f 596 464 495
f 596 495 597
f 597 495 462
f 597 462 598
f 598 462 461
f 598 461 599
f 599 461 500
f 599 500 600
f 600 500 460
f 600 460 601
f 601 460 459
f 601 459 602
f 602 459 458
f 602 458 603
f 602 603 604
f 604 603 605
f 604 605 606
f 606 607 5458
f 5458 608 606
f 606 608 5353
f 606 5353 609
f 606 609 604
f 610 904 6526
f 610 6526 611
f 611 6526 612
f 611 612 613
f 613 612 6527
f 613 6527 614
f 614 6527 615
f 614 615 616
f 616 615 617
f 616 617 618
f 618 617 6582
f 618 6582 619
f 619 6582 620
f 619 620 621
f 621 620 622
f 622 620 623
f 622 623 624
f 624 623 6528
f 624 6528 625
f 625 6528 626
f 626 6528 627
f 626 627 628
f 628 627 629
f 629 627 6587
f 629 6587 630
f 630 6587 6581
f 630 6581 631
f 631 6581 632
f 632 6581 6596
f 632 6596 633
f 633 6596 6575
f 633 6575 634
f 634 6575 6579
f 634 6579 635
f 635 6579 637
f 635 637 636
f 636 637 638
f 638 637 639
f 638 639 640
f 640 639 642
f 640 642 641
f 641 642 643
f 643 642 6578
f 643 6578 644
f 644 6578 6621
f 644 6621 645
f 645 6621 646
f 645 646 647
f 647 646 6580
f 647 6580 648
f 648 6580 6599
f 648 6599 649
f 649 6599 650
f 650 6599 651
f 651 6599 6529
f 651 6529 652
f 652 6529 653
f 652 653 654
f 654 653 655
f 655 653 656
f 655 656 657
f 657 656 6577
f 657 6577 658
f 658 6577 659
f 659 6577 6530
f 659 6530 660
f 660 6530 661
f 661 6530 662
f 661 662 663
f 663 662 664
f 664 662 665
f 664 665 666
f 666 665 667
f 666 667 668
f 668 667 669
f 669 667 670
f 669 670 671
f 671 670 6576
f 671 6576 672
f 672 6576 673
f 672 673 674
f 674 673 675
f 675 673 6531
f 675 6531 676
f 676 6531 677
f 676 677 678
f 678 677 679
f 678 679 680
f 680 679 681
f 680 681 682
f 682 681 683
f 682 683 684
f 684 683 685
f 684 685 686
f 686 685 687
f 686 687 688
f 688 687 689
f 689 687 6639
f 689 6639 690
f 690 6639 6532
f 690 6532 691
f 691 6532 6533
f 691 6533 692
f 692 6533 6534
f 692 6534 693
f 693 6534 6535
f 693 6535 694
f 694 6535 695
f 694 695 696
f 696 695 6638
f 697 698 699
f 699 698 700
f 699 700 6266
f 698 701 700
f 700 701 702
f 700 702 703
f 700 703 704
f 704 705 700
f 700 705 706
f 706 705 707
f 707 708 706
f 706 708 709
f 706 709 710
f 706 710 711
f 706 711 712
f 712 713 706
f 706 713 714
f 706 714 715
f 715 716 706
f 706 716 717
f 706 717 718
f 706 718 719
f 719 720 706
f 706 720 721
f 706 721 722
f 722 723 706
f 706 723 725
f 706 725 724
f 724 725 726
f 726 727 724
f 724 727 728
f 724 728 729
f 729 730 724
f 730 731 724
f 724 731 732
f 731 733 732
f 732 733 734
f 734 735 732
f 732 735 736
f 732 736 737
f 732 737 738
f 738 739 732
f 732 739 740
f 740 741 732
f 732 741 742
f 742 743 732
f 743 744 732
f 732 744 745
f 745 746 732
f 746 747 732
f 732 747 748
f 748 749 732
f 732 749 750
f 732 750 751
f 751 750 752
f 751 752 753
f 753 752 754
f 753 754 755
f 755 754 756
f 755 756 757
f 757 756 758
f 757 758 759
f 759 758 760
f 759 760 761
f 761 760 762
f 761 762 763
f 763 762 764
f 763 764 765
f 765 764 766
f 765 766 767
f 767 766 768
f 767 768 770
f 766 769 768
f 767 770 771
f 771 772 767
f 767 772 773
f 773 774 767
f 767 774 775
f 767 775 776
f 767 776 777
f 777 778 767
f 778 779 767
f 767 779 780
f 780 779 781
f 780 781 782
f 780 782 783
f 780 783 784
f 784 785 780
f 780 785 786
f 780 786 787
f 780 787 788
f 780 788 789
f 789 790 780
f 780 790 791
f 791 792 780
f 780 792 793
f 780 793 794
f 794 793 795
f 794 795 796
f 796 797 794
f 797 798 794
f 794 798 799
f 799 800 794
f 800 801 794
f 794 801 802
f 802 803 794
f 794 803 804
f 794 804 805
f 794 805 806
f 806 805 807
f 806 807 808
f 806 808 809
f 806 809 810
f 806 810 811
f 806 811 812
f 806 812 813
f 806 813 814
f 814 815 806
f 815 816 806
f 806 816 817
f 806 817 818
f 818 819 806
f 806 819 6239
f 6239 819 820
f 6239 820 821
f 821 820 822
f 821 822 823
f 823 822 824
f 823 824 825
f 825 824 826
f 825 826 827
f 827 826 828
f 827 828 829
f 829 828 830
f 829 830 831
f 831 830 832
f 831 832 833
f 833 832 834
f 833 834 835
f 835 834 836
f 835 836 837
f 837 838 835
f 835 838 839
f 835 839 840
f 840 841 835
f 835 841 842
f 842 843 835
f 835 843 844
f 835 844 845
f 835 845 846
f 835 846 847
f 847 848 835
f 835 848 849
f 835 849 850
f 835 850 851
f 835 851 852
f 835 852 853
f 853 855 835
f 835 855 854
f 854 855 856
f 856 857 854
f 854 857 858
f 854 858 859
f 854 859 860
f 854 860 861
f 854 861 862
f 854 862 863
f 863 862 864
f 864 865 863
f 865 866 863
f 866 867 863
f 867 868 863
f 863 868 869
f 863 869 870
f 863 870 871
f 863 871 872
f 872 873 863
f 863 873 874
f 874 875 863
f 863 875 876
f 876 877 863
f 863 877 878
f 863 878 879
f 863 879 880
f 880 879 881
f 880 881 882
f 882 883 880
f 880 883 884
f 880 884 885
f 885 886 880
f 886 887 880
f 880 887 888
f 880 888 889
f 890 891 889
f 889 891 892
f 889 892 880
f 1124 893 890
f 890 893 894
f 890 894 891
f 1124 1195 893
f 893 1195 5956
f 5956 895 893
f 893 895 896
f 6266 897 699
f 699 897 898
f 898 897 899
f 898 899 900
f 901 902 900
f 902 6559 900
f 900 6559 903
f 900 903 904
f 900 904 610
f 900 610 898
f 697 905 698
f 697 906 905
f 905 906 2793
f 699 616 697
f 697 616 618
f 898 613 699
f 699 613 614
f 898 610 611
f 611 613 898
f 614 616 699
f 618 619 697
f 697 619 621
f 697 621 906
f 906 621 622
f 622 624 906
f 906 624 625
f 906 625 626
f 626 628 906
f 906 628 629
f 629 630 906
f 906 630 631
f 906 631 632
f 632 633 906
f 906 633 634
f 906 634 635
f 906 635 636
f 906 636 638
f 906 638 640
f 640 641 906
f 906 641 643
f 643 644 906
f 906 644 645
f 906 645 647
f 647 648 906
f 906 648 649
f 906 649 650
f 650 651 906
f 906 651 652
f 906 652 654
f 654 655 906
f 906 655 657
f 906 657 658
f 658 659 906
f 906 659 660
f 906 660 661
f 906 661 907
f 907 661 663
f 907 663 664
f 664 666 907
f 907 666 668
f 907 668 669
f 669 671 907
f 907 671 672
f 907 672 674
f 674 675 907
f 907 675 676
f 676 678 907
f 678 680 907
f 907 680 682
f 907 682 684
f 684 686 907
f 907 686 688
f 907 688 689
f 689 690 907
f 907 690 908
f 908 690 691
f 691 692 908
f 908 692 561
f 908 561 564
f 908 564 565
f 908 565 566
f 908 566 568
f 908 568 570
f 908 570 572
f 908 572 909
f 909 572 574
f 909 574 576
f 909 576 578
f 909 578 580
f 909 580 582
f 909 582 584
f 909 584 910
f 910 584 586
f 910 586 588
f 910 588 589
f 910 589 590
f 910 590 591
f 910 591 592
f 910 592 593
f 910 593 911
f 911 593 594
f 911 594 595
f 911 595 596
f 911 596 597
f 911 597 598
f 911 598 919
f 919 598 599
f 919 599 600
f 919 600 601
f 919 601 602
f 919 602 912
f 912 602 913
f 913 602 604
f 913 604 914
f 914 604 915
f 915 604 609
f 561 692 693
f 561 693 556
f 556 693 694
f 556 694 696
f 912 916 919
f 919 916 917
f 919 917 918
f 918 920 919
f 919 920 921
f 919 921 922
f 922 923 919
f 919 923 924
f 924 925 919
f 919 925 926
f 919 926 927
f 927 928 919
f 919 928 929
f 929 930 919
f 905 2793 931
f 931 2793 932
f 932 2793 933
f 933 2793 934
f 934 2793 935
f 935 2793 936
f 936 2793 937
f 937 2793 938
f 938 2793 939
f 939 2793 940
f 940 2793 945
f 940 945 941
f 941 945 1126
f 945 942 1126
f 942 945 943
f 943 945 944
f 944 945 946
f 946 945 947
f 947 945 948
f 948 945 949
f 949 945 950
f 950 945 958
f 950 958 951
f 950 951 952
f 952 951 953
f 952 953 954
f 954 953 955
f 954 955 956
f 956 955 957
f 956 957 760
f 760 957 762
f 762 957 764
f 764 957 766
f 766 957 769
f 958 945 959
f 959 945 960
f 960 945 962
f 960 962 961
f 961 962 963
f 963 962 964
f 964 962 965
f 965 962 966
f 962 968 966
f 966 968 967
f 967 968 969
f 967 969 1125
f 969 970 1125
f 970 969 971
f 970 971 972
f 972 971 973
f 973 971 974
f 974 971 975
f 975 971 976
f 976 971 977
f 977 971 979
f 979 971 978
f 979 978 980
f 979 980 981
f 981 980 982
f 981 982 983
f 983 982 984
f 984 982 985
f 984 985 824
f 824 985 826
f 826 985 828
f 828 985 830
f 830 985 832
f 832 985 834
f 834 985 836
f 971 986 978
f 971 987 986
f 971 988 989
f 971 989 990
f 971 992 991
f 992 971 993
f 993 971 2808
f 993 2808 994
f 994 2808 2788
f 994 2788 995
f 995 2788 996
f 996 2788 997
f 997 2788 998
f 998 2788 999
f 999 2788 1000
f 1000 2788 1001
f 1001 2788 1002
f 1002 2788 1003
f 1003 2788 1004
f 1003 1004 1005
f 1005 1004 1006
f 1006 1004 1007
f 1007 1004 1008
f 1008 1004 1009
f 1009 1004 1010
f 1004 1011 1010
f 1010 1011 888
f 888 1011 1012
f 888 1012 1013
f 1021 1014 1011
f 1011 1014 1015
f 1011 1015 1016
f 1021 1017 1018
f 1021 1019 1074
f 1021 1074 1017
f 1019 1021 1020
f 1020 1021 1022
f 1022 1021 1025
f 1022 1025 1023
f 1023 1025 1024
f 1024 1025 1026
f 1026 1025 1027
f 1027 1025 3105
f 1027 3105 1028
f 1028 3105 1029
f 1029 3105 1030
f 1030 3105 1031
f 1031 3105 1032
f 1032 3105 1033
f 1033 3105 3180
f 1033 3180 1034
f 1034 3180 1035
f 1035 3180 1036
f 1036 3180 1037
f 1037 3180 1039
f 1037 1039 1038
f 1038 1039 1040
f 1040 1039 1041
f 1041 1039 1042
f 1041 1042 1043
f 1043 1042 1044
f 1044 1042 1045
f 1045 1042 1046
f 1046 1042 1047
f 1047 1042 1049
f 1047 1049 1048
f 1048 1049 1050
f 1050 1049 1051
f 1051 1049 1052
f 1051 1052 1053
f 1053 1052 1054
f 1053 1054 1055
f 1054 1052 1056
f 1056 1052 1057
f 1057 1052 1058
f 1058 1052 1059
f 1059 1052 1060
f 1060 1052 1061
f 1061 1052 1062
f 1062 1052 1063
f 1063 1052 1065
f 1063 1065 1064
f 1064 1065 1066
f 1066 1065 1067
f 1067 1065 1068
f 1068 1065 3324
f 1055 1069 1053
f 1053 1069 1070
f 1070 1069 1071
f 1071 1072 1070
f 1073 1077 1019
f 1019 1077 1074
f 1075 1076 1073
f 1076 1077 1073
f 1018 1078 1021
f 1078 1079 1021
f 1021 1079 1080
f 1021 1080 1081
f 1021 1081 1082
f 1021 1082 1083
f 1083 1084 1021
f 1021 1084 1085
f 1085 1086 1021
f 1021 1086 1087
f 1021 1087 1088
f 1088 1089 1021
f 1021 1089 1090
f 1021 1090 1091
f 1091 1092 1021
f 1021 1092 1014
f 1016 1093 1011
f 1011 1093 1094
f 1011 1094 1095
f 1095 1096 1011
f 1011 1096 1097
f 1011 1097 1098
f 1098 1099 1011
f 1011 1099 1100
f 1011 1100 1101
f 1011 1101 1102
f 1011 1102 1103
f 1103 1104 1011
f 1011 1104 1105
f 1011 1105 1106
f 1011 1106 1107
f 1011 1107 1108
f 1011 1108 1109
f 1109 1110 1011
f 1011 1110 1111
f 1111 1112 1011
f 1011 1112 1113
f 1113 1114 1011
f 1011 1114 1115
f 1011 1115 1116
f 1116 1117 1011
f 1011 1117 1118
f 1118 1119 1011
f 1011 1119 1012
f 888 1013 1120
f 888 1120 1121
f 888 1121 889
f 889 1121 1122
f 889 1122 890
f 890 1122 1123
f 890 1123 1124
f 971 991 988
f 990 987 971
f 824 822 984
f 984 822 820
f 984 820 819
f 819 818 984
f 760 758 956
f 956 758 756
f 956 756 754
f 754 752 956
f 956 752 750
f 956 750 749
f 1127 717 1128
f 1128 717 716
f 1128 716 1129
f 1129 716 715
f 1129 715 1130
f 1130 715 714
f 1130 714 940
f 940 714 713
f 940 713 939
f 939 713 712
f 1131 718 1127
f 1127 718 717
f 718 1131 719
f 719 1131 1132
f 719 1132 720
f 720 1132 1133
f 720 1133 721
f 721 1133 1134
f 721 1134 722
f 722 1134 1135
f 722 1135 723
f 939 712 938
f 938 712 711
f 938 711 937
f 937 711 710
f 937 710 936
f 936 710 709
f 709 708 936
f 936 708 935
f 935 708 707
f 935 707 934
f 934 707 705
f 934 705 933
f 933 705 704
f 933 704 932
f 932 704 703
f 932 703 931
f 931 703 702
f 702 701 931
f 931 701 905
f 905 701 698
f 1141 1136 1126
f 1136 1137 1126
f 1126 1137 1138
f 1138 1139 1126
f 1139 1140 1126
f 1126 1140 1135
f 1126 1135 941
f 941 1135 1134
f 941 1134 1133
f 941 1133 1132
f 941 1132 1131
f 1131 1127 941
f 941 1127 1128
f 1141 1126 1142
f 1142 1126 1143
f 1143 1126 942
f 748 747 956
f 956 747 954
f 954 747 746
f 954 746 745
f 954 745 952
f 952 745 744
f 952 744 950
f 950 744 743
f 950 743 949
f 949 743 742
f 949 742 948
f 948 742 741
f 948 741 947
f 947 741 740
f 947 740 739
f 947 739 946
f 739 738 946
f 946 738 944
f 944 738 737
f 944 737 943
f 943 737 736
f 943 736 942
f 942 736 735
f 942 735 1143
f 1143 735 734
f 1143 734 1142
f 1142 734 733
f 1142 733 1141
f 1141 733 731
f 1141 731 1136
f 1136 731 730
f 1136 730 729
f 1136 729 1137
f 1137 729 728
f 1137 728 1138
f 1138 728 727
f 1138 727 1139
f 1139 727 1140
f 1140 727 726
f 749 748 956
f 1140 726 1135
f 1135 726 725
f 725 723 1135
f 941 1128 1129
f 941 1129 1130
f 941 1130 940
f 769 957 768
f 1144 786 785
f 1144 785 1145
f 1145 785 784
f 1145 784 966
f 966 784 783
f 966 783 965
f 965 783 782
f 786 1144 1146
f 786 1146 787
f 787 1146 1147
f 787 1147 788
f 788 1147 1148
f 788 1148 789
f 789 1148 1149
f 789 1149 790
f 790 1149 1150
f 790 1150 791
f 791 1150 1151
f 965 782 964
f 964 782 781
f 964 781 963
f 963 781 779
f 779 778 963
f 963 778 961
f 961 778 960
f 960 778 777
f 960 777 959
f 959 777 776
f 959 776 958
f 958 776 775
f 775 774 958
f 958 774 951
f 951 774 773
f 951 773 772
f 951 772 953
f 953 772 771
f 953 771 955
f 955 771 770
f 955 770 957
f 957 770 768
f 1125 1152 1153
f 1125 1153 1154
f 1125 1154 1155
f 1155 1156 1125
f 1125 1156 1151
f 1125 1151 967
f 967 1151 1150
f 967 1150 1149
f 967 1149 1148
f 1148 1147 967
f 967 1147 1146
f 1146 1144 967
f 1152 1125 1157
f 1157 1125 1158
f 1158 1125 970
f 817 816 984
f 984 816 983
f 983 816 815
f 983 815 981
f 981 815 814
f 814 813 981
f 981 813 979
f 979 813 812
f 979 812 977
f 977 812 811
f 977 811 976
f 976 811 810
f 810 809 976
f 976 809 975
f 975 809 808
f 975 808 974
f 974 808 807
f 807 805 974
f 974 805 973
f 973 805 804
f 973 804 972
f 972 804 803
f 972 803 970
f 970 803 802
f 970 802 1158
f 1158 802 801
f 1158 801 1157
f 1157 801 800
f 1157 800 1152
f 1152 800 799
f 1152 799 1153
f 1153 799 798
f 1153 798 1154
f 1154 798 797
f 1154 797 1155
f 1155 797 796
f 1155 796 1156
f 1156 796 795
f 818 817 984
f 1156 793 1151
f 1151 793 792
f 1151 792 791
f 1156 795 793
f 967 1144 1145
f 967 1145 966
f 836 985 837
f 1159 856 855
f 1159 855 1160
f 1160 855 853
f 1160 853 1161
f 1161 853 852
f 1161 852 1162
f 1162 852 851
f 1162 851 992
f 992 851 991
f 991 851 850
f 856 1159 1163
f 856 1163 857
f 857 1163 1164
f 857 1164 858
f 858 1164 1165
f 858 1165 859
f 859 1165 1166
f 859 1166 860
f 860 1166 1167
f 991 850 988
f 988 850 849
f 988 849 989
f 989 849 848
f 848 847 989
f 989 847 990
f 990 847 846
f 990 846 845
f 990 845 987
f 845 844 987
f 987 844 986
f 986 844 843
f 986 843 978
f 978 843 842
f 842 841 978
f 978 841 980
f 980 841 840
f 980 840 982
f 982 840 839
f 839 838 982
f 982 838 985
f 985 838 837
f 994 1173 1168
f 994 1168 1169
f 994 1169 1170
f 994 1170 1171
f 1171 1172 994
f 994 1172 1167
f 994 1167 993
f 993 1167 1166
f 993 1166 1165
f 993 1165 1164
f 1164 1163 993
f 1163 1159 993
f 1173 994 1174
f 1174 994 1175
f 1175 994 995
f 887 886 1010
f 1010 886 1009
f 886 885 1009
f 1009 885 1008
f 1008 885 884
f 1008 884 1007
f 1007 884 883
f 1007 883 1006
f 1006 883 882
f 1006 882 1005
f 1005 882 881
f 1005 881 1003
f 881 879 1003
f 1003 879 1002
f 1002 879 878
f 1002 878 1001
f 1001 878 877
f 1001 877 876
f 1001 876 1000
f 1000 876 875
f 1000 875 999
f 999 875 874
f 999 874 998
f 998 874 873
f 998 873 997
f 997 873 872
f 997 872 996
f 996 872 871
f 996 871 995
f 995 871 870
f 995 870 1175
f 1175 870 1174
f 1174 870 869
f 1174 869 1173
f 1173 869 868
f 1173 868 1168
f 1168 868 867
f 1168 867 1169
f 1169 867 866
f 1169 866 1170
f 1170 866 865
f 1170 865 1171
f 1171 865 864
f 1171 864 1172
f 888 887 1010
f 1167 1172 860
f 860 1172 861
f 861 1172 862
f 862 1172 864
f 993 1159 1160
f 993 1160 1161
f 993 1161 1162
f 993 1162 992
f 1176 1177 1082
f 1082 1177 1083
f 1083 1177 1178
f 1083 1178 1084
f 1084 1178 1179
f 1084 1179 1085
f 1085 1179 6019
f 1085 6019 1086
f 1086 6019 5966
f 1086 5966 1087
f 1087 5966 1180
f 1087 1180 1088
f 1088 1180 1181
f 1088 1181 1089
f 1089 1181 1182
f 1089 1182 1090
f 1090 1182 1091
f 1091 1182 5964
f 1091 5964 1092
f 1092 5964 6023
f 1092 6023 1014
f 1014 6023 1015
f 1015 6023 1183
f 1015 1183 1016
f 1016 1183 1093
f 1093 1183 1184
f 1093 1184 1094
f 1094 1184 1095
f 1095 1184 5962
f 1095 5962 1096
f 1096 5962 1097
f 1097 5962 1185
f 1097 1185 1098
f 1098 1185 1186
f 1098 1186 1099
f 1099 1186 1100
f 1100 1186 6029
f 1100 6029 1101
f 1101 6029 1187
f 1101 1187 1102
f 1102 1187 1188
f 1102 1188 1103
f 1103 1188 5961
f 1103 5961 1104
f 1104 5961 6030
f 1104 6030 1105
f 1105 6030 1106
f 1106 6030 6024
f 1106 6024 1107
f 1107 6024 6025
f 1107 6025 1108
f 1108 6025 5960
f 1108 5960 1109
f 1109 5960 1110
f 1110 5960 1189
f 1110 1189 1111
f 1111 1189 1112
f 1112 1189 5959
f 1112 5959 1113
f 1113 5959 1190
f 1113 1190 1114
f 1114 1190 6006
f 1114 6006 1115
f 1115 6006 6026
f 1115 6026 5958
f 1115 5958 1116
f 1116 5958 5957
f 1116 5957 1117
f 1117 5957 1118
f 1118 5957 1191
f 1118 1191 1119
f 1119 1191 1192
f 1119 1192 1012
f 1012 1192 1013
f 1013 1192 1193
f 1013 1193 1120
f 1120 1193 1194
f 1120 1194 1121
f 1121 1194 6028
f 1121 6028 1122
f 1122 6028 6022
f 1122 6022 1123
f 1123 6022 1195
f 1123 1195 1124
f 1237 1196 1075
f 1075 1196 1076
f 1076 1196 1205
f 1076 1205 1077
f 1077 1205 1231
f 1077 1231 1074
f 1074 1231 1206
f 1074 1206 1017
f 1017 1206 1197
f 1017 1197 1207
f 1017 1207 1018
f 1018 1207 1198
f 1018 1198 1078
f 1078 1198 1199
f 1078 1199 1079
f 1079 1199 1208
f 1079 1208 1080
f 1080 1208 1200
f 1080 1200 1081
f 1081 1200 1176
f 1081 1176 1082
f 1202 1201 1203
f 1203 1226 1204
f 1198 1207 1232
f 1200 1208 1235
f 1200 1235 1176
f 1176 1235 6008
f 1218 1216 1217
f 1211 1210 1221
f 1211 1221 1220
f 1210 1215 1217
f 1218 1219 1216
f 1214 1213 1224
f 1224 1213 1212
f 1220 1224 1212
f 1201 1214 1224
f 1222 1221 1210
f 1222 1210 1217
f 1221 1224 1220
f 1222 1217 1216
f 1224 1203 1201
f 1225 1222 1216
f 1225 1216 5941
f 1226 1203 1224
f 1229 1221 1222
f 1229 1224 1221
f 1223 1222 1225
f 1209 1225 5941
f 1228 1224 1229
f 1229 1222 1234
f 1223 1234 1222
f 1228 1226 1224
f 1227 1225 1209
f 1231 1226 1228
f 1230 1228 1229
f 1208 1223 1225
f 1208 1225 1227
f 1233 1226 1231
f 1235 1208 1227
f 1234 1230 1229
f 6008 1235 1227
f 1204 1226 1233
f 1232 1230 1234
f 1236 1234 1223
f 1206 1231 1228
f 1206 1228 1230
f 1232 1234 1236
f 1236 1223 1208
f 1237 1204 1233
f 1198 1232 1236
f 1198 1236 1199
f 1196 1237 1205
f 1205 1237 1233
f 1205 1233 1231
f 1197 1206 1230
f 1207 1230 1232
f 1208 1199 1236
f 1197 1230 1207
f 1239 1238 1240
f 1240 1238 1241
f 1240 1241 1242
f 1242 1241 1243
f 1243 1241 1244
f 1244 1241 1245
f 1245 1241 1246
f 1245 1246 1247
f 1247 1246 1248
f 1247 1248 1249
f 1249 1248 1250
f 1249 1250 1251
f 1251 1250 1252
f 1252 1250 1253
f 1253 1250 1254
f 1254 1250 1257
f 1254 1257 1255
f 1255 1257 1256
f 1256 1257 1258
f 1258 1257 1259
f 1258 1259 1260
f 1260 1259 1261
f 1261 1259 1262
f 1262 1259 1263
f 1262 1263 1264
f 1264 1263 1265
f 1265 1263 1267
f 1265 1267 1266
f 1266 1267 1268
f 1268 1267 1269
f 1269 1267 1270
f 1269 1270 1271
f 1271 1270 1272
f 1272 1270 1273
f 1273 1270 1274
f 1274 1270 1275
f 1274 1275 1276
f 1276 1275 1277
f 1277 1275 1278
f 1278 1275 1279
f 1278 1279 1280
f 1280 1279 1281
f 1281 1279 1282
f 1282 1279 1283
f 1283 1279 1285
f 1283 1285 1284
f 1284 1285 1286
f 1286 1285 1290
f 1286 1290 1287
f 1287 1290 1288
f 1288 1290 1289
f 1289 1290 1291
f 1291 1290 1292
f 1291 1292 1293
f 1293 1292 1294
f 1294 1292 1295
f 1295 1292 1299
f 1295 1299 1296
f 1296 1299 1297
f 1297 1299 1298
f 1298 1299 1300
f 1300 1299 1302
f 1300 1302 1301
f 1301 1302 1303
f 1303 1302 1304
f 1303 1304 1305
f 1305 1304 1306
f 1306 1304 1307
f 1307 1304 1308
f 1307 1308 1309
f 1309 1308 1310
f 1310 1308 1313
f 1310 1313 1311
f 1311 1313 1312
f 1312 1313 1314
f 1314 1313 1315
f 1315 1313 1316
f 1315 1316 1317
f 1317 1316 1318
f 1318 1316 1319
f 1318 1319 1320
f 1320 1319 1321
f 1321 1319 1322
f 1322 1319 1324
f 1322 1324 1323
f 1323 1324 1325
f 1325 1324 1326
f 1326 1324 1328
f 1328 1324 1327
f 1328 1327 1329
f 1329 1327 1330
f 1330 1327 1331
f 1331 1327 1332
f 1332 1327 1333
f 1333 1327 1334
f 1334 1327 1335
f 1334 1335 1336
f 1336 1335 1337
f 1337 1335 1338
f 1338 1335 1339
f 1339 1335 1340
f 1340 1335 1341
f 1340 1341 1342
f 1342 1341 1343
f 1343 1341 1344
f 1344 1341 1345
f 1345 1341 1346
f 1345 1346 1347
f 1347 1346 1348
f 1348 1346 1349
f 1349 1346 1350
f 1346 1341 1351
f 1351 1341 1352
f 1351 1352 1202
f 1202 1352 1201
f 1201 1352 1353
f 1201 1353 1214
f 1214 1353 1213
f 1213 1353 1354
f 1213 1354 1212
f 1212 1354 1355
f 1212 1355 1220
f 1220 1355 1356
f 1220 1356 1211
f 1211 1356 1357
f 1211 1357 1358
f 1211 1358 1210
f 1210 1358 1215
f 1215 1358 1359
f 1215 1359 1217
f 1217 1359 1360
f 1217 1360 1218
f 1218 1360 1219
f 1219 1360 5867
f 1238 1361 1362
f 1238 1362 1241
f 1241 1362 1363
f 1241 1363 1246
f 1246 1363 1364
f 1246 1364 1248
f 1248 1364 1365
f 1248 1365 1250
f 1250 1365 1366
f 1250 1366 1257
f 1257 1366 1367
f 1257 1367 1259
f 1259 1367 1368
f 1259 1368 1263
f 1263 1368 1369
f 1263 1369 1267
f 1267 1369 1370
f 1267 1370 1270
f 1270 1370 1371
f 1270 1371 1275
f 1275 1371 1372
f 1275 1372 1279
f 1279 1372 1373
f 1279 1373 1285
f 1285 1373 1374
f 1285 1374 1290
f 1290 1374 1375
f 1290 1375 1376
f 1290 1376 1292
f 1292 1376 1377
f 1292 1377 1378
f 1292 1378 1299
f 1299 1378 1379
f 1299 1379 1380
f 1299 1380 1381
f 1299 1381 1302
f 1302 1381 1382
f 1302 1382 1304
f 1304 1382 1308
f 1308 1382 1383
f 1308 1383 1313
f 1313 1383 1384
f 1313 1384 1385
f 1313 1385 1316
f 1316 1385 1386
f 1316 1386 1319
f 1319 1386 1387
f 1319 1387 1324
f 1324 1387 1388
f 1324 1388 1327
f 1327 1388 1389
f 1327 1389 1335
f 1335 1389 1341
f 1341 1389 1390
f 1341 1390 1352
f 1352 1390 1353
f 1353 1390 1391
f 1353 1391 1354
f 1354 1391 1392
f 1354 1392 1355
f 1355 1392 1393
f 1355 1393 1356
f 1356 1393 1394
f 1356 1394 1395
f 1356 1395 1357
f 1357 1395 1396
f 1357 1396 1358
f 1358 1396 1397
f 1358 1397 1359
f 1359 1397 1398
f 1359 1398 1360
f 1360 1398 1399
f 1360 1399 5867
f 1400 1401 1402
f 1402 1401 1403
f 1401 1400 1404
f 1404 1400 1405
f 1404 1405 1406
f 1406 1405 1407
f 1406 1407 1408
f 1408 1407 1409
f 1408 1409 1410
f 1410 1409 1411
f 1410 1411 1412
f 1412 1411 1413
f 1412 1413 1414
f 1414 1413 1415
f 1414 1415 1416
f 1414 1416 1417
f 1417 1416 1418
f 1417 1418 1419
f 1419 1418 1420
f 1419 1420 1421
f 1421 1420 1422
f 1421 1422 1423
f 1423 1422 1424
f 1423 1424 1425
f 1425 1424 1426
f 1425 1426 1427
f 1425 1427 1428
f 1428 1427 1429
f 1428 1429 1430
f 1430 1429 1431
f 1430 1431 1432
f 1432 1431 2663
f 1432 2663 1433
f 1433 2663 1434
f 1433 1434 1435
f 1435 1434 1436
f 1435 1436 1437
f 1435 1437 1438
f 1438 1437 1439
f 1438 1439 1440
f 1440 1439 1441
f 1440 1441 1442
f 1442 1441 1443
f 1442 1443 1444
f 1444 1443 1445
f 1444 1445 1446
f 1446 1445 1447
f 1446 1447 1448
f 1448 1447 1449
f 1448 1449 1450
f 1450 1449 1451
f 1450 1451 1452
f 1452 1451 1453
f 1452 1453 1454
f 1452 1454 1455
f 1455 1454 1456
f 1455 1456 1457
f 1457 1456 1458
f 1457 1458 1459
f 1459 1458 1460
f 1459 1460 1461
f 1461 1460 1462
f 1461 1462 1463
f 1463 1462 1464
f 1464 1462 1465
f 1465 1462 1466
f 1466 1462 1467
f 1467 1462 1468
f 1468 1462 1469
f 1468 1469 1470
f 1471 2479 1458
f 1458 2479 1472
f 1473 2469 1471
f 1471 2469 2470
f 1474 2466 1473
f 1473 2466 1475
f 1476 1477 1474
f 1478 2530 1476
f 1476 2530 2531
f 1479 1480 1478
f 1478 1480 1481
f 1478 1481 1482
f 1483 1484 1479
f 1479 1484 1485
f 1479 1485 1486
f 1487 1488 1483
f 1483 1488 1489
f 1483 1489 1490
f 1491 1492 1487
f 1487 1492 1493
f 1487 1493 1494
f 1495 1496 1491
f 1491 1496 1497
f 1491 1497 1498
f 1499 1500 1495
f 1495 1500 1501
f 1495 1501 1502
f 1502 1501 1503
f 1503 1501 1504
f 1504 1501 1505
f 1505 1501 1506
f 1506 1501 1507
f 1507 1501 1508
f 1508 1501 1509
f 1509 1501 1510
f 1510 1501 1511
f 1511 1501 1512
f 1512 1501 1513
f 1513 1501 1514
f 1514 1501 1515
f 1515 1501 1516
f 1515 1516 1517
f 1517 1516 1518
f 1518 1516 1519
f 1519 1516 1520
f 1520 1516 1521
f 1500 1499 1522
f 1522 1499 1523
f 1522 1523 1524
f 1524 1523 1525
f 1524 1525 1526
f 1526 1525 1527
f 1526 1527 1528
f 1528 1527 1529
f 1528 1529 1530
f 1530 1529 1531
f 1530 1531 1532
f 1532 1531 1533
f 1532 1533 1534
f 1534 1533 1535
f 1534 1535 1536
f 1536 1535 1537
f 1536 1537 1538
f 1538 1537 1539
f 1538 1539 1540
f 1540 1539 1541
f 1540 1541 1542
f 1542 1541 1543
f 1542 1543 1544
f 1544 1543 1545
f 1544 1545 1546
f 1546 1545 1547
f 1546 1547 1548
f 1548 1547 1549
f 1548 1549 1550
f 1550 1549 1551
f 1550 1551 1552
f 1552 1551 1553
f 1552 1553 1554
f 1554 1553 1555
f 1554 1555 1556
f 1556 1555 1557
f 1556 1557 1558
f 1558 1557 1559
f 1558 1559 1560
f 1560 1559 1561
f 1562 1563 1501
f 1501 1563 1564
f 1565 2438 1562
f 1562 2438 1566
f 1567 1568 1565
f 1565 1568 2437
f 1569 1570 1567
f 1571 2434 1569
f 1569 2434 1572
f 1569 1572 2435
f 1573 2433 1571
f 1574 1577 1573
f 1573 1577 1575
f 1576 2432 1574
f 1574 2432 1577
f 1578 1579 1576
f 1576 1579 2432
f 1578 1580 1579
f 1579 1580 1581
f 1581 1580 1582
f 1581 1582 1583
f 1583 1582 1584
f 1583 1584 1585
f 1585 1584 1586
f 1585 1586 1587
f 1587 1586 1588
f 1587 1588 1589
f 1589 1588 1590
f 1589 1590 1591
f 1589 1591 1592
f 1592 1591 1593
f 1592 1593 1594
f 1594 1593 1595
f 1594 1595 1596
f 1596 1595 1597
f 1596 1597 1598
f 1598 1597 1599
f 1598 1599 1600
f 1600 1599 1601
f 1600 1601 1602
f 1602 1601 1603
f 1602 1603 1604
f 1604 1603 1605
f 1604 1605 1606
f 1606 1605 1607
f 1606 1607 1608
f 1608 1607 1609
f 1608 1609 1610
f 1608 1610 1611
f 1611 1610 1612
f 1611 1612 1613
f 1613 1612 1614
f 1613 1614 1615
f 1615 1614 1616
f 1615 1616 1617
f 1617 1616 1618
f 1617 1618 1619
f 1619 1618 1620
f 1619 1620 1621
f 1621 1620 1622
f 1621 1622 1623
f 1623 1622 1624
f 1623 1624 1625
f 1623 1625 1626
f 1626 1625 1627
f 1626 1627 1628
f 1628 1627 1629
f 1628 1629 1630
f 1630 1629 1631
f 1630 1631 1632
f 1632 1631 1633
f 1632 1633 1634
f 1634 1633 1635
f 1634 1635 1636
f 1636 1635 1637
f 1636 1637 1638
f 1638 1637 1639
f 1638 1639 1395
f 1395 1639 1396
f 1396 1639 1397
f 1397 1639 1398
f 1398 1639 1399
f 1399 1639 1640
f 1640 1639 1641
f 1641 1639 1642
f 1642 1639 1643
f 1643 1639 1644
f 1644 1639 1645
f 1645 1639 1646
f 1646 1639 1647
f 1647 1639 1649
f 1649 1639 1648
f 1649 1648 1650
f 1650 1648 1651
f 1651 1648 1652
f 1652 1648 1653
f 1653 1648 1654
f 1654 1648 1655
f 1655 1648 1656
f 1656 1648 1657
f 1657 1648 1658
f 1658 1648 1659
f 1659 1648 1660
f 1660 1648 1661
f 1660 1661 1662
f 1663 1664 1648
f 1648 1664 1665
f 1648 1665 1666
f 1663 1667 1664
f 1664 1667 1668
f 1664 1668 1669
f 1669 1670 1664
f 1664 1670 1671
f 1671 1670 1672
f 1671 1672 1673
f 1673 1674 1671
f 1671 1674 1675
f 1671 1675 1676
f 1671 1676 1677
f 1677 1676 1678
f 1677 1678 1679
f 1679 1680 1677
f 1677 1680 1681
f 1677 1681 1682
f 1677 1682 1683
f 1683 1682 1684
f 1683 1684 1685
f 1685 1686 1683
f 1683 1686 1687
f 1683 1687 1688
f 1688 1687 1689
f 1688 1689 1690
f 1690 1691 1688
f 1688 1691 1692
f 1688 1692 1693
f 1693 1692 1694
f 1693 1694 1695
f 1695 1696 1693
f 1693 1696 1697
f 1693 1697 1698
f 1698 1697 1699
f 1698 1699 1700
f 1700 1701 1698
f 1698 1701 1702
f 1698 1702 1703
f 1703 1702 1704
f 1703 1704 1705
f 1705 1706 1703
f 1703 1706 1707
f 1703 1707 1708
f 1708 1709 1703
f 1703 1709 1710
f 1703 1710 1711
f 1711 1712 1703
f 1703 1712 1713
f 1703 1713 1714
f 1714 1715 1703
f 1703 1715 1716
f 1703 1716 1717
f 1717 1718 1703
f 1703 1718 1719
f 1703 1719 1720
f 1720 1721 1703
f 1703 1721 1722
f 1703 1722 1723
f 1723 1724 1703
f 1703 1724 1725
f 1703 1725 1726
f 1726 1727 1703
f 1703 1727 1728
f 1703 1728 1729
f 1729 1730 1703
f 1703 1730 1731
f 1703 1731 1732
f 1732 1733 1703
f 1703 1733 1734
f 1703 1734 1735
f 1735 1734 1736
f 1736 1734 1737
f 1737 1734 1738
f 1738 1734 1739
f 1739 1734 1740
f 1740 1734 1741
f 1741 1734 1742
f 1742 1734 1743
f 1743 1734 1744
f 1744 1734 1745
f 1745 1734 1746
f 1746 1734 1747
f 1747 1734 1748
f 1747 1748 1749
f 1749 1748 1750
f 1750 1748 1751
f 1751 1748 1752
f 1752 1748 1753
f 1402 1754 1734
f 1734 1754 1755
f 1502 1756 1495
f 1495 1756 1757
f 1495 1757 1758
f 1758 1759 1495
f 1495 1759 1496
f 1498 1760 1491
f 1491 1760 1492
f 1494 1488 1487
f 1490 1484 1483
f 1486 1761 1479
f 1479 1761 2522
f 1479 2522 1762
f 1763 1764 1761
f 1764 1763 1765
f 1764 1765 1770
f 1770 1765 1766
f 1770 1766 1767
f 1770 1767 1768
f 1770 1768 1769
f 1770 1769 1771
f 1770 1771 1772
f 1770 1772 1773
f 1773 1772 1774
f 1773 1774 1775
f 1773 1775 1776
f 1773 1776 1777
f 1773 1777 1778
f 1773 1778 1779
f 1773 1779 1780
f 1780 1779 1781
f 1780 1781 1782
f 1780 1782 2503
f 2503 1782 1783
f 2503 1783 1784
f 1460 1785 1784
f 1784 1785 1786
f 1784 1786 1787
f 1470 1788 1468
f 1468 1788 1789
f 1468 1789 1790
f 1790 1791 1468
f 1468 1791 1792
f 1468 1792 1793
f 1793 1794 1468
f 1468 1794 1795
f 1468 1795 1796
f 1797 1798 1796
f 1796 1798 1799
f 1796 1799 1468
f 1800 1801 1797
f 1797 1801 1802
f 1797 1802 1803
f 1800 1804 1801
f 1801 1804 1805
f 1801 1805 1806
f 1806 1807 1801
f 1801 1807 1808
f 1801 1808 1809
f 1809 1810 1801
f 1801 1810 1811
f 1801 1811 1812
f 1812 1813 1801
f 1801 1813 1814
f 1801 1814 1815
f 1815 1816 1801
f 1801 1816 1817
f 1801 1817 1818
f 1818 1819 1801
f 1801 1819 1820
f 1801 1820 1821
f 1821 1822 1801
f 1801 1822 1823
f 1801 1823 1824
f 1824 1825 1801
f 1801 1825 1826
f 1801 1826 1827
f 1827 1828 1801
f 1801 1828 1829
f 1801 1829 1830
f 1830 1831 1801
f 1801 1831 1832
f 1801 1832 1833
f 1833 1834 1801
f 1801 1834 1835
f 1801 1835 1836
f 1836 1837 1801
f 1801 1837 1838
f 1801 1838 1839
f 1839 1840 1801
f 1801 1840 1841
f 1801 1841 1842
f 1842 1843 1801
f 1801 1843 1844
f 1801 1844 1845
f 1845 1846 1801
f 1847 1848 1801
f 1801 1848 1849
f 1801 1849 1850
f 1848 1847 1851
f 1851 1847 1852
f 1851 1852 1853
f 1853 1854 1851
f 1851 1854 1855
f 1851 1855 1856
f 1856 1857 1851
f 1851 1857 1858
f 1851 1858 1859
f 1859 1860 1851
f 1851 1860 1861
f 1851 1861 1862
f 1862 1863 1851
f 1851 1863 1864
f 1864 1863 1865
f 1865 1863 1866
f 1866 1863 1867
f 1867 1863 1868
f 1868 1863 1869
f 1869 1863 1870
f 1870 1863 1871
f 1871 1863 1872
f 1872 1863 1873
f 1873 1863 1874
f 1874 1863 1875
f 1875 1863 1876
f 1876 1863 1877
f 1877 1863 1878
f 1878 1863 1879
f 1879 1863 1880
f 1880 1863 1881
f 1881 1863 1882
f 1882 1863 1886
f 1886 1863 1883
f 1886 1883 1884
f 1886 1884 1885
f 1886 1885 1887
f 1886 1887 1888
f 1886 1888 1890
f 1890 1888 1889
f 1890 1889 1891
f 1890 1891 1892
f 1890 1892 1897
f 1897 1892 1893
f 1897 1893 1894
f 1897 1894 1895
f 1897 1895 1896
f 1897 1896 1898
f 1897 1898 1899
f 1897 1899 2464
f 2464 1899 1900
f 2464 1900 1901
f 2464 1901 1902
f 2464 1902 1520
f 1903 1904 1401
f 1401 1904 1905
f 1401 1905 1906
f 1903 1907 1904
f 1904 1907 1908
f 1904 1908 1909
f 1909 1910 1904
f 1904 1910 1911
f 1904 1911 1912
f 1912 1913 1904
f 1904 1913 1914
f 1904 1914 1915
f 1915 1916 1904
f 1904 1916 1917
f 1904 1917 1918
f 1918 1919 1904
f 1904 1919 1920
f 1904 1920 1921
f 1921 1922 1904
f 1904 1922 1923
f 1904 1923 1924
f 1924 1925 1904
f 1904 1925 1926
f 1904 1926 1927
f 1927 1928 1904
f 1904 1928 1929
f 1904 1929 1930
f 1904 1931 1905
f 1905 1931 1932
f 1905 1932 1933
f 1933 1934 1905
f 1905 1934 1935
f 1905 1935 1936
f 1936 1937 1905
f 1905 1937 1938
f 1905 1938 1939
f 1939 1938 1940
f 1940 1938 1941
f 1940 1941 1942
f 1943 1944 1938
f 1938 1944 1945
f 1946 1948 1943
f 1943 1948 1947
f 1943 1947 2404
f 1948 1946 1949
f 1948 1949 1950
f 1950 1949 1951
f 1950 1951 1952
f 1952 1951 1953
f 1952 1953 1954
f 1954 1953 1955
f 1954 1955 1957
f 1957 1955 1956
f 1957 1956 1958
f 1957 1958 1959
f 1959 1958 1960
f 1959 1960 1962
f 1962 1960 1961
f 1962 1961 1963
f 1962 1963 1964
f 1964 1963 1965
f 1964 1965 1967
f 1967 1965 1966
f 1967 1966 1968
f 1967 1968 1969
f 1967 1969 1970
f 1970 1969 1971
f 1970 1971 1973
f 1973 1971 1972
f 1973 1972 1974
f 1973 1974 1975
f 1975 1974 1976
f 1975 1976 1977
f 1977 1976 1978
f 1977 1978 1979
f 1979 1978 1980
f 1979 1980 1981
f 1979 1981 1982
f 1982 1981 1983
f 1982 1983 1984
f 1984 1983 1985
f 1984 1985 1987
f 1987 1985 1986
f 1987 1986 1988
f 1987 1988 1989
f 1987 1989 1990
f 1990 1989 1991
f 1990 1991 1992
f 1992 1991 1993
f 1992 1993 1995
f 1995 1993 1994
f 1995 1994 1996
f 1995 1996 1997
f 1997 1996 1998
f 1997 1998 1999
f 1999 1998 2000
f 1999 2000 2001
f 1999 2001 2003
f 2003 2001 2002
f 2003 2002 2004
f 2003 2004 2005
f 2005 2004 2006
f 2005 2006 2008
f 2008 2006 2007
f 2008 2007 2009
f 2008 2009 2010
f 2010 2009 2011
f 2010 2011 2012
f 2012 2011 2013
f 2012 2013 2014
f 2014 2013 2015
f 2014 2015 2017
f 2017 2015 2016
f 2017 2016 2018
f 2017 2018 2019
f 2019 2018 2020
f 2019 2020 2022
f 2022 2020 2021
f 2022 2021 2023
f 2023 2021 2024
f 2024 2021 2025
f 2025 2021 2026
f 2026 2021 2027
f 2027 2021 2028
f 2028 2021 2029
f 2029 2021 2030
f 2030 2021 1798
f 2030 1798 2031
f 2031 1798 2032
f 2032 1798 2033
f 2033 1798 2034
f 2034 1798 2035
f 2035 1798 2036
f 2036 1798 2037
f 2037 1798 2038
f 2038 1798 2039
f 2039 1798 1797
f 2039 1797 2040
f 2040 1797 1803
f 1461 2041 1459
f 1459 2041 2042
f 1459 2042 2043
f 2043 2044 1459
f 1459 2044 2045
f 1459 2045 2046
f 2046 2047 1459
f 1459 2047 2048
f 1459 2048 2049
f 2049 2050 1459
f 1459 2050 2051
f 1459 2051 2052
f 2052 2053 1459
f 1459 2053 2054
f 1459 2054 2055
f 2055 2056 1459
f 1459 2056 2057
f 1459 2057 2058
f 2058 2059 1459
f 1459 2059 2060
f 1459 2060 2061
f 2061 2062 1459
f 1459 2062 2063
f 1459 2063 2064
f 2064 2065 1459
f 1666 2066 1648
f 1648 2066 2067
f 1648 2067 2068
f 2068 2069 1648
f 1648 2069 1661
f 1662 2070 1660
f 1660 2070 2071
f 1660 2071 2072
f 2073 2075 2072
f 2073 2074 2075
f 2075 2074 2076
f 2075 2076 2077
f 2075 2077 2078
f 2078 2077 2079
f 2078 2079 2080
f 2078 2080 2081
f 2081 2080 2082
f 2081 2082 2083
f 2081 2083 1361
f 1361 2083 2084
f 1361 2084 2085
f 1361 2085 2086
f 1361 2086 2087
f 1361 2087 1362
f 1362 2087 2088
f 1362 2088 2089
f 1362 2089 2090
f 1362 2090 2091
f 1362 2091 2092
f 1362 2092 2093
f 1362 2093 1363
f 1363 2093 1364
f 1364 2093 1365
f 1365 2093 1366
f 1366 2093 1367
f 1367 2093 1368
f 1368 2093 1369
f 1369 2093 1370
f 1370 2093 1371
f 1371 2093 1372
f 1372 2093 1373
f 1373 2093 1374
f 1374 2093 1375
f 1375 2093 1376
f 1376 2093 1377
f 1377 2093 1378
f 1378 2093 1379
f 1379 2093 1380
f 1380 2093 2094
f 1380 2094 2095
f 2095 2096 1380
f 1380 2096 2097
f 1380 2097 2098
f 2098 2099 1380
f 1380 2099 2100
f 1380 2100 2101
f 2101 2102 1380
f 1380 2102 2103
f 1380 2103 2104
f 2104 2105 1380
f 1380 2105 2106
f 1380 2106 2107
f 2105 2108 2106
f 2106 2108 2109
f 2106 2109 2110
f 2111 1940 2108
f 2108 1940 2112
f 2108 2112 2113
f 2111 2114 1940
f 1940 2114 2115
f 1940 2115 2116
f 2116 2117 1940
f 1940 2117 2118
f 1940 2118 2119
f 2119 2120 1940
f 1940 2120 2121
f 1940 2121 2122
f 2122 2123 1940
f 1940 2123 2124
f 1940 2124 2125
f 2125 2126 1940
f 1940 2126 2127
f 1940 2127 2128
f 2128 2129 1940
f 1940 2129 2130
f 1940 2130 2131
f 2131 2132 1940
f 1940 2132 2133
f 1940 2133 2134
f 2134 2135 1940
f 1940 2135 2136
f 1940 2136 2137
f 2137 2138 1940
f 1940 2138 2139
f 1940 2139 2140
f 2140 2141 1940
f 1940 2141 2142
f 1940 2142 2143
f 2143 2144 1940
f 1940 2144 2145
f 1940 2145 2146
f 2146 2147 1940
f 1940 2147 2148
f 1940 2148 2149
f 2149 2150 1940
f 1940 2150 2151
f 1940 2151 2152
f 2152 2153 1940
f 1940 2153 2154
f 1940 2154 2155
f 2155 2156 1940
f 1939 2157 1905
f 1905 2157 2158
f 1905 2158 2159
f 2159 2160 1905
f 1905 2160 2161
f 1905 2161 2162
f 2162 2163 1905
f 1905 2163 2164
f 1905 2164 2165
f 2165 2166 1905
f 1905 2166 2167
f 1905 2167 2168
f 2168 2169 1905
f 1905 2169 2170
f 2170 2169 2171
f 2171 2169 2172
f 2172 2169 2173
f 2173 2169 2174
f 2174 2169 2175
f 2175 2169 2176
f 2176 2169 2177
f 2177 2169 2178
f 2178 2169 2179
f 2179 2169 2180
f 2180 2169 2181
f 2181 2169 2182
f 2182 2169 2183
f 2183 2169 2184
f 2184 2169 2185
f 2185 2169 2186
f 2186 2169 2187
f 2187 2169 2188
f 2188 2169 2189
f 2189 2169 2190
f 2190 2169 2191
f 2190 2191 2192
f 2190 2192 2199
f 2199 2192 2193
f 2199 2193 2194
f 2199 2194 2195
f 2199 2195 2196
f 2199 2196 2197
f 2199 2197 2198
f 2199 2198 2200
f 2199 2200 2201
f 2199 2201 2206
f 2206 2201 2202
f 2206 2202 2203
f 2206 2203 2204
f 2206 2204 2205
f 2206 2205 2207
f 2206 2207 2208
f 2206 2208 2210
f 2210 2208 2209
f 2210 2209 1752
f 2210 1752 2211
f 2211 1752 2212
f 2212 1752 2213
f 2213 1752 2214
f 2214 1752 2215
f 2215 1752 2216
f 2216 1752 2217
f 2217 1752 2218
f 2218 1752 2219
f 2219 1752 2220
f 2220 1752 2221
f 2221 1752 2222
f 2222 1752 2223
f 2223 1752 2224
f 2224 1752 2225
f 2225 1752 2226
f 2226 1752 2227
f 2227 1752 1753
f 2228 2229 1579
f 1579 2229 2230
f 1579 2230 2231
f 2231 2232 1579
f 1579 2232 2233
f 1579 2233 2234
f 2234 2235 1579
f 1579 2235 2236
f 1579 2236 2237
f 2237 2238 1579
f 1579 2238 2239
f 1579 2239 2240
f 2240 2241 1579
f 1579 2241 2242
f 1579 2242 2243
f 2243 2244 1579
f 1579 2244 2245
f 1579 2245 2246
f 2246 2247 1579
f 1579 2247 2248
f 1579 2248 2249
f 2249 2250 1579
f 1579 2250 2251
f 1579 2251 2252
f 2252 2253 1579
f 1579 2253 1851
f 1579 1851 2421
f 2253 2254 1851
f 1851 2254 2255
f 1851 2255 2256
f 2256 2257 1851
f 1851 2257 2258
f 1851 2258 2259
f 2259 2260 1851
f 1851 2260 1848
f 2261 2394 1848
f 1848 2394 2262
f 1848 2262 2395
f 2263 2264 2261
f 2261 2264 2265
f 2261 2265 2388
f 2264 2263 2266
f 2266 2263 2267
f 2266 2267 2269
f 2269 2267 2268
f 2269 2268 2270
f 2269 2270 2271
f 2271 2270 2272
f 2271 2272 2274
f 2274 2272 2273
f 2274 2273 2275
f 2274 2275 2276
f 2276 2275 2277
f 2276 2277 2279
f 2279 2277 2278
f 2279 2278 2280
f 2279 2280 2281
f 2281 2280 2282
f 2281 2282 2283
f 2281 2283 2285
f 2285 2283 2284
f 2285 2284 2286
f 2285 2286 2287
f 2287 2286 2288
f 2287 2288 2289
f 2289 2288 2290
f 2289 2290 2292
f 2292 2290 2291
f 2292 2291 2293
f 2292 2293 2294
f 2292 2294 2295
f 2295 2294 2296
f 2295 2296 2298
f 2298 2296 2297
f 2298 2297 2299
f 2298 2299 2300
f 2300 2299 2301
f 2300 2301 2302
f 2300 2302 2303
f 2303 2302 2304
f 2303 2304 2306
f 2306 2304 2305
f 2306 2305 2307
f 2306 2307 2308
f 2308 2307 2309
f 2308 2309 2310
f 2308 2310 2311
f 2311 2310 2312
f 2311 2312 2314
f 2314 2312 2313
f 2314 2313 2315
f 2314 2315 2316
f 2316 2315 2317
f 2316 2317 2319
f 2319 2317 2318
f 2319 2318 2320
f 2319 2320 2321
f 2319 2321 2322
f 2322 2321 2323
f 2322 2323 2324
f 2324 2323 2325
f 2324 2325 2327
f 2327 2325 2326
f 2327 2326 2328
f 2327 2328 2329
f 2329 2328 2330
f 2329 2330 2331
f 2331 2330 2332
f 2331 2332 2334
f 2334 2332 2333
f 2334 2333 2335
f 2334 2335 2336
f 2336 2335 2337
f 2336 2337 2338
f 2338 2337 2339
f 2338 2339 2340
f 2340 2339 2341
f 2341 2339 2342
f 2342 2339 2343
f 2343 2339 2344
f 2344 2339 2345
f 2345 2339 2346
f 2346 2339 2347
f 2347 2339 2106
f 2347 2106 2348
f 2348 2106 2349
f 2349 2106 2350
f 2350 2106 2351
f 2351 2106 2352
f 2352 2106 2353
f 2353 2106 2354
f 2354 2106 2355
f 2355 2106 2110
f 2107 2356 1380
f 1380 2356 2357
f 1380 2357 2358
f 2358 2359 1380
f 1380 2359 2360
f 1380 2360 2361
f 2361 2362 1380
f 1380 2362 1638
f 1380 1638 1381
f 1381 1638 1382
f 1382 1638 1383
f 1383 1638 1384
f 1384 1638 1385
f 1385 1638 1386
f 1386 1638 1387
f 1387 1638 1388
f 1388 1638 1389
f 1389 1638 1390
f 1390 1638 1391
f 1391 1638 1392
f 1392 1638 1393
f 1393 1638 1394
f 1394 1638 1395
f 2363 2364 2362
f 2362 2364 2365
f 2362 2365 2366
f 2366 2367 2362
f 2362 2367 2368
f 2362 2368 2369
f 2369 2370 2362
f 2362 2370 2371
f 2362 2371 2372
f 2372 2373 2362
f 2362 2373 2374
f 2362 2374 2375
f 2375 2376 2362
f 2362 2376 2377
f 2362 2377 2378
f 2378 2379 2362
f 2362 2379 2380
f 2362 2380 2381
f 2381 2382 2362
f 2362 2382 2383
f 2362 2383 2384
f 2384 2385 2362
f 2362 2385 2386
f 2362 2386 2387
f 2387 1638 2362
f 2261 2388 2389
f 2261 2389 2390
f 2261 2390 2391
f 2261 2391 2392
f 2261 2392 2393
f 2261 2393 2394
f 1848 2395 2396
f 1848 2396 2397
f 1848 2397 2398
f 1848 2398 2399
f 2399 2400 1848
f 1848 2400 2401
f 1848 2401 1849
f 1850 2402 1801
f 1801 2402 2403
f 1801 2403 1802
f 1943 2404 2405
f 1943 2405 2406
f 1943 2406 2407
f 1943 2407 2408
f 1943 2408 2409
f 1943 2409 2410
f 2410 1944 1943
f 1945 2411 1938
f 1938 2411 2412
f 2412 2413 1938
f 1938 2413 2414
f 1938 2414 2415
f 2415 2416 1938
f 1938 2416 2417
f 1938 2417 1941
f 1942 2418 1940
f 1940 2418 2419
f 1940 2419 2112
f 2113 2420 2108
f 2108 2420 2109
f 2421 2422 1579
f 1579 2422 2423
f 1579 2423 2424
f 1579 2424 2425
f 1579 2425 2426
f 1579 2426 2427
f 1579 2427 2428
f 1579 2428 2429
f 1579 2429 2430
f 1579 2430 2431
f 1579 2431 2432
f 1575 2433 1573
f 2433 2434 1571
f 2435 1570 1569
f 1570 2436 1567
f 1567 2436 1568
f 1565 2437 2438
f 1562 1566 2439
f 2439 2440 1562
f 1562 2440 1563
f 1501 1564 2441
f 2441 2442 1501
f 2442 2443 1501
f 1501 2443 2444
f 1501 2444 2445
f 1501 2445 2446
f 2446 2447 1501
f 1501 2447 1516
f 1521 2448 1520
f 1520 2448 2449
f 2449 2450 1520
f 2450 2451 1520
f 1520 2451 2452
f 1520 2452 2453
f 1520 2453 2454
f 2454 2455 1520
f 1520 2455 2456
f 1520 2456 2457
f 1520 2457 2458
f 1520 2458 2459
f 1520 2459 2460
f 2460 2461 1520
f 1520 2461 2462
f 2462 2463 1520
f 2463 2464 1520
f 2536 2465 1474
f 1474 2465 2466
f 1473 1475 2467
f 1473 2467 2468
f 1473 2468 2469
f 1471 2470 2471
f 2471 2472 1471
f 2472 2473 1471
f 1471 2473 2474
f 2474 2475 1471
f 1471 2475 2476
f 1471 2476 2477
f 1471 2477 2478
f 2478 2479 1471
f 1472 2480 1458
f 1458 2480 2481
f 2481 2482 1458
f 1458 2482 2483
f 1458 2483 2484
f 1458 2484 1785
f 1787 2485 1784
f 1784 2485 2486
f 2486 2487 1784
f 1784 2487 2488
f 2488 2489 1784
f 2489 2490 1784
f 1784 2490 2491
f 1784 2491 2492
f 2492 2493 1784
f 1784 2493 2494
f 1784 2494 2495
f 1784 2495 2496
f 1784 2496 2497
f 1784 2497 2498
f 1784 2498 2499
f 2499 2500 1784
f 1784 2500 2501
f 1784 2501 2502
f 2502 2503 1784
f 1764 2504 1761
f 2504 2505 1761
f 1761 2505 2506
f 1761 2506 2507
f 1761 2507 2508
f 1761 2508 2509
f 1761 2509 2510
f 1761 2510 2511
f 1761 2511 2512
f 1761 2512 2513
f 2513 2514 1761
f 1761 2514 2515
f 2515 2516 1761
f 1761 2516 2517
f 1761 2517 2518
f 2518 2519 1761
f 1761 2519 2520
f 2520 2521 1761
f 1761 2521 2522
f 1762 2523 1479
f 1479 2523 2524
f 1479 2524 1480
f 1478 1482 2525
f 1478 2525 2526
f 1478 2526 2527
f 1478 2527 2528
f 1478 2528 2529
f 2529 2530 1478
f 1476 2531 2532
f 1476 2532 2533
f 1476 2533 2534
f 2534 1477 1476
f 1477 2535 1474
f 2535 2536 1474
f 1402 2573 2537
f 1402 2537 2538
f 1402 2538 2539
f 2539 2540 1402
f 2540 2541 1402
f 1402 2541 2542
f 1402 2542 2543
f 1402 2543 2544
f 1402 2544 2545
f 1402 2545 2546
f 2546 1754 1402
f 1755 2547 1734
f 1734 2547 2548
f 1734 2548 2549
f 2549 2550 1734
f 1734 2550 2551
f 1734 2551 2552
f 1734 2552 2553
f 1734 2553 2554
f 1734 2554 2555
f 2555 2556 1734
f 1734 2556 1748
f 1906 2557 1401
f 2557 2558 1401
f 1401 2558 2559
f 1401 2559 2560
f 2560 2561 1401
f 1401 2561 2562
f 1401 2562 2563
f 1401 2563 2564
f 1401 2564 2565
f 2565 2566 1401
f 2566 2567 1401
f 2567 2568 1401
f 1401 2568 2569
f 1401 2569 2570
f 2570 1403 1401
f 1402 1403 2571
f 2571 2572 1402
f 1402 2572 2573
f 2075 2574 2072
f 2574 2575 2072
f 2072 2575 2576
f 2576 2577 2072
f 2072 2577 2578
f 2072 2578 2579
f 2072 2579 2580
f 2072 2580 2581
f 2072 2581 2582
f 2582 2583 2072
f 2583 2584 2072
f 2584 2585 2072
f 2072 2585 2586
f 2072 2586 2587
f 2587 2588 2072
f 2072 2588 2589
f 2589 2590 2072
f 2072 2590 2591
f 2591 2592 2072
f 2072 2592 1660
f 1458 1785 1460
f 1431 1429 5516
f 5516 1429 2593
f 2593 1429 1427
f 2593 1427 2594
f 2594 1427 1426
f 2594 1426 2595
f 2595 1426 1424
f 2595 1424 5548
f 5548 1424 1422
f 5548 1422 5517
f 5517 1422 1420
f 5517 1420 2596
f 2596 1420 1418
f 2596 1418 2597
f 2597 1418 1416
f 2597 1416 2598
f 2598 1416 1415
f 2598 1415 2599
f 2599 1415 1413
f 2599 1413 2600
f 2600 1413 1411
f 2600 1411 2601
f 2601 1411 1409
f 2601 1409 2602
f 2602 1409 1407
f 2602 1407 2603
f 2603 1407 2604
f 2604 1407 1405
f 2604 1405 1400
f 2604 1400 2605
f 2605 1400 1402
f 2605 1402 2606
f 2607 1609 2608
f 2608 1609 1607
f 2608 1607 2609
f 2609 1607 1605
f 2609 1605 2610
f 2610 1605 1603
f 2610 1603 2611
f 2611 1603 1601
f 2611 1601 2612
f 2612 1601 1599
f 2612 1599 2613
f 2613 1599 1597
f 2613 1597 2614
f 2614 1597 1595
f 2614 1595 2615
f 2615 1595 1593
f 2615 1593 2616
f 2616 1593 1591
f 2616 1591 2617
f 2617 1591 1590
f 2617 1590 2618
f 2618 1590 1588
f 2618 1588 2619
f 2619 1588 1586
f 2619 1586 2620
f 2620 1586 1584
f 2620 1584 2621
f 2621 1584 1582
f 2621 1582 2622
f 2622 1582 1580
f 2622 1580 2623
f 2623 1580 1578
f 2623 1578 2624
f 2624 1578 1576
f 2624 1576 2625
f 2625 1576 1574
f 2625 1574 2626
f 2626 1574 1573
f 2626 1573 2627
f 2627 1573 1571
f 2627 1571 2628
f 2628 1571 1569
f 2628 1569 2629
f 2629 1569 1567
f 2629 1567 2630
f 2630 1567 3339
f 3339 1567 1565
f 3339 1565 3316
f 3316 1565 1562
f 3316 1562 3338
f 3338 1562 2631
f 2631 1562 1501
f 2631 1501 2632
f 2632 1501 1500
f 2632 1500 3360
f 3360 1500 1522
f 3360 1522 2633
f 2633 1522 1524
f 2633 1524 3407
f 3407 1524 1526
f 3407 1526 3416
f 3416 1526 1528
f 3416 1528 2634
f 2634 1528 1530
f 2634 1530 3457
f 3457 1530 1532
f 3457 1532 3361
f 3361 1532 1534
f 3361 1534 2635
f 2635 1534 1536
f 2635 1536 2636
f 2636 1536 1538
f 2636 1538 3364
f 3364 1538 1540
f 3364 1540 3365
f 3365 1540 1542
f 3365 1542 3366
f 3366 1542 1544
f 3366 1544 3367
f 3367 1544 1546
f 3367 1546 3368
f 3368 1546 1548
f 3368 1548 3369
f 3369 1548 1550
f 3369 1550 3370
f 3370 1550 1552
f 3370 1552 3429
f 3429 1552 1554
f 3429 1554 3371
f 3371 1554 1556
f 3371 1556 3372
f 3372 1556 1558
f 3372 1558 3373
f 3373 1558 1560
f 3373 1560 3374
f 3374 1560 1561
f 3374 1561 3375
f 3375 1561 1559
f 3375 1559 2637
f 2637 1559 1557
f 2637 1557 3376
f 3376 1557 1555
f 3376 1555 3377
f 3377 1555 1553
f 3377 1553 3378
f 3378 1553 1551
f 3378 1551 3379
f 3379 1551 1549
f 3379 1549 3380
f 3380 1549 1547
f 3380 1547 3381
f 3381 1547 1545
f 3381 1545 3426
f 3426 1545 1543
f 3426 1543 3382
f 3382 1543 1541
f 3382 1541 3431
f 3431 1541 1539
f 3431 1539 3432
f 3432 1539 1537
f 3432 1537 2638
f 2638 1537 1535
f 2638 1535 2639
f 2639 1535 1533
f 2639 1533 2640
f 2640 1533 1531
f 2640 1531 2641
f 2641 1531 1529
f 2641 1529 2642
f 2642 1529 1527
f 2642 1527 2643
f 2643 1527 1525
f 2643 1525 2644
f 2644 1525 1523
f 2644 1523 2645
f 2645 1523 1499
f 2645 1499 2646
f 2646 1499 1495
f 2646 1495 5486
f 5486 1495 1491
f 5486 1491 2647
f 2647 1491 5487
f 5487 1491 1487
f 5487 1487 5488
f 5488 1487 1483
f 5488 1483 5508
f 5508 1483 2648
f 2648 1483 1479
f 2648 1479 2649
f 2649 1479 1478
f 2649 1478 5515
f 5515 1478 1476
f 5515 1476 2650
f 2650 1476 1474
f 2650 1474 5556
f 5556 1474 1473
f 5556 1473 2651
f 2651 1473 1471
f 2651 1471 2652
f 2652 1471 1458
f 2652 1458 2653
f 2653 1458 1456
f 2653 1456 2654
f 2654 1456 1454
f 2654 1454 2655
f 2655 1454 1453
f 2655 1453 2656
f 2656 1453 1451
f 2656 1451 2657
f 2657 1451 1449
f 2657 1449 5539
f 5539 1449 1447
f 5539 1447 5543
f 5543 1447 1445
f 5543 1445 2658
f 2658 1445 1443
f 2658 1443 5538
f 5538 1443 1441
f 5538 1441 2659
f 2659 1441 1439
f 2659 1439 2660
f 2660 1439 1437
f 2660 1437 2661
f 2661 1437 1436
f 2661 1436 5544
f 5544 1436 1434
f 5544 1434 2662
f 2662 1434 2663
f 2663 1431 5516
f 1639 1637 2664
f 2664 1637 2665
f 2665 1637 1635
f 2665 1635 2666
f 2666 1635 1633
f 2666 1633 3172
f 3172 1633 1631
f 3172 1631 3092
f 3092 1631 1629
f 3092 1629 3093
f 3093 1629 1627
f 3093 1627 3094
f 3094 1627 1625
f 3094 1625 3095
f 3095 1625 1624
f 3095 1624 3096
f 3096 1624 1622
f 3096 1622 3097
f 3097 1622 1620
f 3097 1620 3098
f 3098 1620 1618
f 3098 1618 3099
f 3099 1618 1616
f 3099 1616 3100
f 3100 1616 1614
f 3100 1614 2667
f 2667 1614 1612
f 2667 1612 2668
f 2668 1612 1610
f 2668 1610 3068
f 3068 1610 2607
f 2607 1610 1609
f 2664 2669 1639
f 1639 2669 1648
f 2669 3034 1648
f 1648 3034 1663
f 1663 3034 2670
f 1663 2670 1667
f 1667 2670 2991
f 1667 2991 1668
f 1668 2991 2671
f 1668 2671 1669
f 1669 2671 1670
f 1670 2671 2672
f 1670 2672 1672
f 1672 2672 2673
f 1672 2673 1673
f 1673 2673 1674
f 1674 2673 3019
f 1674 3019 1675
f 1675 3019 2807
f 1675 2807 1676
f 1676 2807 3028
f 1676 3028 1678
f 1678 3028 3035
f 1678 3035 1679
f 1679 3035 2674
f 1679 2674 1680
f 1680 2674 2675
f 1680 2675 1681
f 1681 2675 1682
f 1682 2675 3030
f 1682 3030 1684
f 1684 3030 2676
f 1684 2676 1685
f 1685 2676 3010
f 1685 3010 1686
f 1686 3010 2806
f 1686 2806 1687
f 1687 2806 3011
f 1687 3011 1689
f 1689 3011 3031
f 1689 3031 1690
f 1690 3031 1691
f 1691 3031 2805
f 1691 2805 1692
f 1692 2805 2804
f 1692 2804 1694
f 1694 2804 3022
f 1694 3022 1695
f 1695 3022 3023
f 1695 3023 1696
f 1696 3023 3024
f 1696 3024 1697
f 1697 3024 2993
f 1697 2993 1699
f 1699 2993 3015
f 1699 3015 1700
f 1700 3015 2677
f 1700 2677 1701
f 1701 2677 3032
f 1701 3032 1702
f 1702 3032 2678
f 1702 2678 1704
f 1704 2678 2679
f 1704 2679 1705
f 1705 2679 1706
f 1706 2679 3016
f 1706 3016 1707
f 1707 3016 2680
f 1707 2680 1708
f 1708 2680 1709
f 1709 2680 2681
f 1709 2681 1710
f 1710 2681 2682
f 1710 2682 1711
f 1711 2682 1712
f 1712 2682 2683
f 1712 2683 1713
f 1713 2683 2684
f 1713 2684 1714
f 1714 2684 2685
f 1714 2685 1715
f 1715 2685 1716
f 1716 2685 2803
f 1716 2803 1717
f 1717 2803 2686
f 1717 2686 1718
f 1718 2686 2996
f 1718 2996 1719
f 1719 2996 3033
f 1719 3033 1720
f 1720 3033 2687
f 1720 2687 1721
f 1721 2687 1722
f 1722 2687 2688
f 1722 2688 1723
f 1723 2688 2689
f 1723 2689 1724
f 1724 2689 2801
f 1724 2801 1725
f 1725 2801 2800
f 1725 2800 1726
f 1726 2800 2690
f 1726 2690 1727
f 1727 2690 1728
f 1728 2690 2691
f 1728 2691 1729
f 1729 2691 2799
f 1729 2799 1730
f 1730 2799 3027
f 1730 3027 1731
f 1731 3027 3005
f 1731 3005 1732
f 1732 3005 3036
f 1732 3036 1733
f 1733 3036 2692
f 1733 2692 1734
f 2692 2606 1734
f 1734 2606 1402
f 2692 2693 2606
f 2606 2693 2694
f 2694 2693 2695
f 2694 2695 2697
f 2697 2695 2696
f 2697 2696 2698
f 2697 2698 2699
f 2699 2698 2700
f 2699 2700 2701
f 2701 2700 2702
f 2701 2702 2703
f 2703 2702 2704
f 2703 2704 2705
f 2705 2704 2706
f 2705 2706 2707
f 2707 2706 2708
f 2707 2708 2709
f 2709 2708 2710
f 2709 2710 2711
f 2711 2710 2712
f 2711 2712 2713
f 2713 2712 2714
f 2713 2714 2715
f 2715 2714 2716
f 2715 2716 2717
f 2717 2716 2718
f 2717 2718 2719
f 2719 2718 2720
f 2719 2720 2721
f 2721 2720 2722
f 2721 2722 2723
f 2723 2722 2724
f 2723 2724 2725
f 2725 2724 2726
f 2725 2726 2727
f 2727 2726 2728
f 2727 2728 2729
f 2729 2728 2730
f 2729 2730 2731
f 2731 2730 2732
f 2732 2730 2733
f 2732 2733 2735
f 2735 2733 2734
f 2735 2734 2736
f 2735 2736 2737
f 2737 2736 2738
f 2737 2738 2739
f 2739 2738 2740
f 2739 2740 2741
f 2741 2740 2742
f 2741 2742 2743
f 2743 2742 2744
f 2743 2744 2745
f 2745 2744 2746
f 2745 2746 2747
f 2747 2746 2748
f 2747 2748 2749
f 2749 2748 2750
f 2749 2750 5532
f 5532 2750 2751
f 5532 2751 2752
f 2752 2751 906
f 2752 906 907
f 3034 2669 2755
f 2755 2669 2753
f 2755 2753 2754
f 2755 2754 2756
f 2755 2756 2762
f 2762 2756 2757
f 2762 2757 2758
f 2762 2758 2759
f 2762 2759 2760
f 2762 2760 2761
f 2762 2761 2763
f 2762 2763 2767
f 2767 2763 2764
f 2767 2764 2765
f 2767 2765 2766
f 2767 2766 2768
f 2767 2768 2772
f 2772 2768 2769
f 2772 2769 2770
f 2772 2770 2771
f 2772 2771 2773
f 2772 2773 2777
f 2777 2773 2774
f 2777 2774 2775
f 2777 2775 2776
f 2777 2776 2778
f 2777 2778 2873
f 2873 2778 2779
f 2779 2780 2873
f 2873 2780 2781
f 2873 2781 2833
f 2833 2781 2782
f 2833 2782 2783
f 2833 2783 2784
f 2823 2784 2785
f 2823 2785 2786
f 2823 2786 2787
f 2823 2787 1004
f 1004 2787 1011
f 2828 2788 2808
f 2808 971 2811
f 2811 971 2789
f 2789 971 2790
f 2790 971 969
f 2790 969 2815
f 2815 969 2819
f 2819 969 2809
f 2809 969 968
f 2812 968 962
f 2812 962 2810
f 2810 962 945
f 2810 945 2791
f 2822 945 2792
f 2792 945 2793
f 2793 906 2751
f 2793 2751 2832
f 2832 2751 2750
f 2832 2750 2748
f 2832 2748 2746
f 2832 2746 2744
f 2832 2744 2851
f 2851 2744 2742
f 2851 2742 2740
f 2851 2740 2794
f 2794 2740 2738
f 2794 2738 2736
f 2794 2736 2734
f 2794 2734 2733
f 2794 2733 2730
f 2794 2730 2795
f 2795 2730 2728
f 2795 2728 2726
f 2795 2726 2724
f 2795 2724 2722
f 2795 2722 2720
f 2795 2720 2796
f 2796 2720 2718
f 2796 2718 2716
f 2796 2716 2714
f 2796 2714 2712
f 2796 2712 2710
f 2796 2710 2797
f 2797 2710 2708
f 2797 2708 2706
f 2797 2706 2704
f 2797 2704 2702
f 2797 2702 2798
f 2798 2702 2700
f 2798 2700 2698
f 2798 2698 2696
f 2798 2696 2695
f 2798 2695 2693
f 2798 2693 2692
f 2798 2692 3036
f 2802 2688 2687
f 2802 2687 3033
f 2995 2683 2682
f 3008 3010 2676
f 3008 2676 3030
f 3018 3019 2673
f 2823 1004 2814
f 2814 1004 2788
f 2814 2788 2828
f 2816 2809 968
f 2816 968 2812
f 2821 2812 2810
f 2791 945 2822
f 2818 2793 2832
f 2843 2823 2814
f 2824 2828 2808
f 2850 2816 2812
f 2821 2810 2813
f 2813 2810 2791
f 2813 2791 2817
f 2792 2793 2818
f 2824 2808 2825
f 2825 2808 2834
f 2834 2808 2811
f 2839 2809 2816
f 2820 2850 2812
f 2827 2822 2792
f 2835 2811 2789
f 2835 2789 2836
f 2836 2789 2790
f 2829 2790 2815
f 2826 2819 2809
f 2826 2809 2839
f 2820 2812 2821
f 2830 2817 2791
f 2830 2791 2822
f 2831 2822 2827
f 2845 2815 2819
f 2840 2813 2817
f 2830 2822 2831
f 2843 2814 2893
f 2893 2814 2828
f 2836 2790 2829
f 2845 2829 2815
f 2840 2817 2856
f 2856 2817 2830
f 2842 2827 2792
f 2842 2792 2818
f 2847 2818 2832
f 2833 2784 2823
f 2833 2823 2843
f 2893 2828 2848
f 2848 2828 2824
f 2853 2834 2811
f 2845 2819 2826
f 2837 2821 2846
f 2846 2821 2813
f 2864 2856 2830
f 2842 2818 2847
f 2851 2847 2832
f 2848 2824 2838
f 2853 2811 2835
f 2854 2845 2826
f 2849 2816 2850
f 2862 2820 2821
f 2862 2821 2837
f 2840 2846 2813
f 2865 2864 2830
f 2865 2830 2831
f 2841 2831 2827
f 2873 2833 2857
f 2857 2833 2843
f 2844 2838 2824
f 2844 2824 2825
f 2860 2853 2835
f 2854 2826 2839
f 2855 2850 2820
f 2855 2820 2862
f 2846 2840 2863
f 2841 2827 2842
f 2844 2825 2834
f 2844 2834 2859
f 2859 2834 2853
f 2860 2835 2836
f 2868 2845 2854
f 2849 2839 2816
f 2863 2840 2856
f 2852 2857 2843
f 2852 2843 2893
f 2876 2860 2836
f 2876 2836 2829
f 2876 2829 2867
f 2867 2829 2845
f 2867 2845 2868
f 2869 2849 2850
f 2869 2850 2855
f 2879 2865 2831
f 2879 2831 2841
f 2871 2842 2847
f 2871 2847 2872
f 2872 2847 2851
f 2858 2893 2848
f 2858 2848 2838
f 2838 2844 2885
f 2874 2859 2853
f 2861 2868 2854
f 2882 2849 2869
f 2870 2862 2837
f 2887 2863 2856
f 2887 2856 2864
f 2903 2879 2841
f 2872 2851 2794
f 2889 2844 2859
f 2874 2853 2875
f 2875 2853 2860
f 2861 2854 2877
f 2877 2854 2839
f 2878 2837 2846
f 2878 2846 2863
f 2866 2903 2841
f 2866 2841 2842
f 2866 2842 2871
f 2891 2889 2859
f 2891 2859 2874
f 2881 2877 2839
f 2881 2839 2882
f 2882 2839 2849
f 2883 2855 2862
f 2892 2870 2837
f 2888 2865 2879
f 2885 2858 2838
f 2875 2860 2876
f 2880 2876 2867
f 2886 2868 2861
f 2883 2862 2870
f 2892 2837 2878
f 2904 2866 2871
f 2897 2885 2844
f 2897 2844 2889
f 2906 2880 2867
f 2906 2867 2896
f 2896 2867 2868
f 2910 2882 2869
f 2887 2878 2863
f 2923 2903 2866
f 2923 2866 2904
f 2795 2872 2794
f 2777 2873 2884
f 2884 2873 2857
f 2896 2868 2886
f 2900 2881 2882
f 2910 2869 2855
f 2913 2884 2857
f 2913 2857 2852
f 2894 2893 2858
f 2894 2858 2908
f 2908 2858 2885
f 2908 2885 2914
f 2914 2885 2897
f 2890 2889 2891
f 2900 2882 2910
f 2911 2910 2855
f 2911 2855 2883
f 2902 2887 2864
f 2902 2864 2921
f 2921 2864 2865
f 2898 2897 2889
f 2898 2889 2890
f 2895 2891 2874
f 2905 2895 2874
f 2905 2874 2875
f 2918 2886 2861
f 2901 2878 2887
f 2901 2887 2902
f 2888 2921 2865
f 2927 2904 2871
f 2927 2871 2872
f 2927 2872 2795
f 2929 2852 2893
f 2925 2918 2861
f 2925 2861 2899
f 2899 2861 2877
f 2899 2877 2881
f 2920 2883 2870
f 2920 2870 2931
f 2931 2870 2892
f 2931 2892 2932
f 2932 2892 2907
f 2907 2892 2878
f 2772 2777 2884
f 2929 2893 2894
f 2915 2890 2891
f 2915 2891 2895
f 2917 2905 2875
f 2917 2875 2876
f 2912 2911 2883
f 2901 2907 2878
f 2922 2879 2903
f 2928 2772 2884
f 2928 2884 2913
f 2909 2914 2897
f 2909 2897 2898
f 2915 2895 2916
f 2916 2895 2905
f 2916 2905 2917
f 2919 2881 2944
f 2944 2881 2900
f 2944 2900 2926
f 2926 2900 2942
f 2942 2900 2910
f 2912 2883 2920
f 2947 2888 2879
f 2922 2903 2923
f 2934 2913 2852
f 2934 2852 2929
f 2949 2929 2894
f 2949 2894 2950
f 2950 2894 2935
f 2935 2894 2908
f 2935 2908 2936
f 2936 2908 2914
f 2930 2896 2886
f 2930 2886 2918
f 2919 2899 2881
f 2942 2910 2911
f 2933 2923 2904
f 2936 2914 2909
f 2924 2930 2918
f 2924 2918 2925
f 2956 2921 2888
f 2956 2888 2947
f 2947 2879 2922
f 2933 2904 2927
f 2979 2927 2795
f 2979 2795 2796
f 2940 2880 2906
f 2940 2906 2896
f 2937 2942 2911
f 2937 2911 2912
f 2963 2901 2902
f 2963 2902 2921
f 2938 2947 2922
f 2943 2922 2923
f 2943 2923 2933
f 2939 2916 2917
f 2939 2917 2876
f 2940 2896 2930
f 2961 2930 2924
f 2955 2907 2901
f 2955 2901 2963
f 2973 2963 2921
f 2973 2921 2956
f 2938 2922 2943
f 2951 2909 2898
f 2952 2898 2890
f 2952 2890 2915
f 2960 2939 2876
f 2960 2876 2880
f 2961 2940 2930
f 2978 2961 2924
f 2978 2924 2941
f 2941 2924 2925
f 2941 2925 2899
f 2954 2926 2942
f 2957 2956 2947
f 2958 2943 2933
f 2948 2927 2979
f 2767 2772 2928
f 2966 2928 2913
f 2966 2913 2934
f 2951 2898 2952
f 2985 2899 2919
f 2971 2954 2942
f 2971 2942 2937
f 2945 2937 2912
f 2945 2912 2946
f 2946 2912 2920
f 2946 2920 2931
f 2958 2933 2948
f 2948 2933 2927
f 2965 2767 2928
f 2965 2928 2966
f 2975 2934 2929
f 2975 2929 2949
f 2968 2950 2935
f 2953 2916 2939
f 2962 2985 2919
f 2962 2919 2944
f 2946 2931 2972
f 2972 2931 2932
f 2972 2932 2907
f 2967 2975 2949
f 2967 2949 2959
f 2959 2949 2950
f 2999 2935 2936
f 2999 2936 2981
f 2981 2936 2909
f 2981 2909 2951
f 2984 2960 2880
f 2969 2880 2940
f 2985 2941 2899
f 2970 2944 2926
f 2970 2926 2954
f 2971 2937 2989
f 2989 2937 2945
f 2990 2972 2907
f 2990 2907 2955
f 2983 2973 2956
f 2983 2956 2957
f 2964 2957 2947
f 2964 2947 2938
f 2976 2959 2950
f 2976 2950 2968
f 2982 2915 2916
f 2982 2916 2953
f 2984 2880 2969
f 2968 2935 2999
f 2977 2969 2940
f 2977 2940 2961
f 2993 2961 2978
f 2970 2962 2944
f 3003 2945 2946
f 2996 2963 2973
f 2997 2983 2957
f 2997 2957 2964
f 2690 2938 2943
f 2690 2943 2958
f 2974 2958 2948
f 2991 2966 2975
f 2975 2966 2934
f 3000 2981 2951
f 3000 2951 2986
f 2986 2951 2952
f 2986 2952 2987
f 2987 2952 2915
f 2987 2915 2982
f 2993 2977 2961
f 3003 2946 2972
f 3004 2955 2963
f 3004 2963 2996
f 2998 2958 2974
f 3005 2974 2948
f 3005 2948 2979
f 2797 2979 2796
f 2762 2767 2980
f 2980 2767 2965
f 2980 2965 3013
f 3013 2965 2966
f 3013 2966 2991
f 3011 2953 2939
f 3011 2939 2960
f 3032 2985 2962
f 2996 2973 2983
f 2800 2964 2938
f 2800 2938 2690
f 2998 2690 2958
f 3005 2979 2797
f 3031 3011 2960
f 3031 2960 2984
f 2988 2978 2941
f 2988 2941 2985
f 3001 3032 2962
f 3001 2962 2970
f 3004 2990 2955
f 2992 2991 2975
f 2992 2975 2967
f 3009 2982 2953
f 3009 2953 3011
f 3020 3031 2984
f 3002 3001 2970
f 3002 2970 2994
f 2994 2970 2954
f 3026 2997 2964
f 3026 2964 2800
f 3006 2967 2959
f 3006 2959 3018
f 3018 2959 2976
f 3015 2993 2978
f 3015 2978 2988
f 2995 2989 2945
f 2995 2945 3003
f 3014 3018 2976
f 3014 2976 2968
f 3008 2987 2982
f 3008 2982 3009
f 3021 3020 2984
f 3021 2984 2969
f 3032 2988 2985
f 2994 2954 3012
f 3012 2954 2971
f 3025 3003 2972
f 3025 2972 2990
f 2802 2983 2997
f 2799 2998 3027
f 3027 2998 2974
f 3027 2974 3005
f 2798 3005 2797
f 3006 2992 2967
f 3014 2968 2999
f 3007 2999 2981
f 3007 2981 3000
f 3007 3000 3029
f 3029 3000 2986
f 3029 2986 2987
f 3010 3008 3009
f 3022 3021 2969
f 3022 2969 2977
f 3017 3012 2971
f 3017 2971 2989
f 3017 2989 2995
f 3025 2990 2803
f 2803 2990 3004
f 3033 2996 2983
f 3026 2802 2997
f 2691 2690 2998
f 2691 2998 2799
f 3030 3029 2987
f 3030 2987 3008
f 2806 3010 3009
f 2806 3009 3011
f 3023 3022 2977
f 3023 2977 3024
f 3024 2977 2993
f 2686 2803 3004
f 2686 3004 2996
f 2802 3033 2983
f 2689 3026 2801
f 2801 3026 2800
f 2673 3006 3018
f 3019 3018 3014
f 2677 3015 2988
f 2677 2988 3032
f 3016 3002 2994
f 3036 3005 2798
f 2755 2762 3034
f 3034 2762 2980
f 3034 2980 2670
f 2670 2980 3013
f 2670 3013 2991
f 2672 2992 3006
f 2672 3006 2673
f 2807 3019 3014
f 2807 3014 3028
f 3028 3014 2999
f 3028 2999 3007
f 2678 3032 3001
f 2680 3016 2994
f 2680 2994 3012
f 2680 3012 2681
f 2681 3012 3017
f 2681 3017 2682
f 2682 3017 2995
f 2683 2995 3003
f 2683 3003 2684
f 2684 3003 3025
f 2671 2991 2992
f 2671 2992 2672
f 3035 3028 3007
f 3035 3007 2674
f 2674 3007 3029
f 2805 3031 3020
f 2805 3020 2804
f 2804 3020 3021
f 2804 3021 3022
f 2688 2802 3026
f 2688 3026 2689
f 2675 2674 3029
f 2675 3029 3030
f 2679 2678 3001
f 2679 3001 3002
f 2679 3002 3016
f 2685 2684 3025
f 2803 2685 3025
f 2664 3037 2669
f 2669 3037 2753
f 2753 3037 3038
f 2753 3038 2754
f 2754 3038 3039
f 2754 3039 2756
f 2756 3039 3040
f 2756 3040 2757
f 2757 3040 3041
f 2757 3041 2758
f 2758 3041 3042
f 2758 3042 2759
f 2759 3042 3043
f 2759 3043 2760
f 2760 3043 3044
f 2760 3044 2761
f 2761 3044 3045
f 2761 3045 2763
f 2763 3045 3046
f 2763 3046 2764
f 2764 3046 3047
f 2764 3047 2765
f 2765 3047 3048
f 2765 3048 2766
f 2766 3048 3049
f 2766 3049 2768
f 2768 3049 3050
f 2768 3050 2769
f 2769 3050 3051
f 2769 3051 2770
f 2770 3051 3052
f 2770 3052 2771
f 2771 3052 3053
f 2771 3053 2773
f 2773 3053 3054
f 2773 3054 2774
f 2774 3054 3055
f 2774 3055 2775
f 2775 3055 3056
f 2775 3056 2776
f 2776 3056 3057
f 2776 3057 2778
f 2778 3057 3058
f 2778 3058 2779
f 2779 3058 3059
f 2779 3059 3060
f 2779 3060 2780
f 2780 3060 3061
f 2780 3061 2781
f 2781 3061 3062
f 2781 3062 2782
f 2782 3062 3063
f 2782 3063 2783
f 2783 3063 3064
f 2783 3064 2784
f 2784 3064 3065
f 2784 3065 2785
f 2785 3065 3066
f 2785 3066 2786
f 2786 3066 3067
f 2786 3067 2787
f 2787 3067 1011
f 1011 3067 1021
f 3068 2607 3069
f 3070 3069 3071
f 3070 3071 3072
f 3072 3071 3074
f 3072 3074 3073
f 3073 3074 3181
f 3073 3181 3075
f 3075 3181 3231
f 3075 3231 3076
f 3076 3231 3214
f 3076 3214 3107
f 3078 3077 3180
f 3078 3180 3105
f 3079 3105 3080
f 3080 3105 1025
f 3080 1025 3103
f 1025 1021 3081
f 3081 1021 3067
f 3081 3067 3066
f 3081 3066 3082
f 3082 3066 3065
f 3082 3065 3064
f 3082 3064 3083
f 3083 3064 3063
f 3083 3063 3062
f 3083 3062 3061
f 3083 3061 3084
f 3084 3061 3060
f 3084 3060 3059
f 3084 3059 3058
f 3084 3058 3057
f 3084 3057 3085
f 3085 3057 3056
f 3085 3056 3055
f 3085 3055 3054
f 3085 3054 3053
f 3085 3053 3086
f 3086 3053 3052
f 3086 3052 3087
f 3087 3052 3051
f 3087 3051 3050
f 3087 3050 3049
f 3087 3049 3088
f 3088 3049 3048
f 3088 3048 3047
f 3088 3047 3046
f 3088 3046 3089
f 3089 3046 3045
f 3089 3045 3044
f 3089 3044 3043
f 3089 3043 3090
f 3090 3043 3042
f 3090 3042 3041
f 3090 3041 3091
f 3091 3041 3040
f 3091 3040 3039
f 3091 3039 3038
f 3091 3038 3037
f 3091 3037 2664
f 3091 2664 2665
f 3091 2665 3174
f 3174 2665 2666
f 3174 2666 3172
f 3100 2667 3173
f 3173 2667 2668
f 3173 2668 3101
f 3101 2668 3068
f 3106 3103 1025
f 3102 3079 3080
f 3102 3080 3108
f 3108 3080 3103
f 3106 1025 3081
f 3104 3078 3105
f 3114 3105 3079
f 3114 3079 3102
f 3082 3106 3081
f 3107 3077 3078
f 3107 3078 3104
f 3111 3108 3103
f 3111 3103 3106
f 3113 3104 3105
f 3113 3105 3114
f 3115 3114 3102
f 3115 3102 3118
f 3118 3102 3108
f 3112 3111 3106
f 3112 3106 3082
f 3109 3107 3104
f 3109 3104 3113
f 3110 3118 3108
f 3110 3108 3111
f 3117 3112 3082
f 3117 3082 3083
f 3123 3110 3111
f 3123 3111 3116
f 3116 3111 3112
f 3116 3112 3117
f 3076 3107 3109
f 3125 3109 3113
f 3119 3113 3114
f 3119 3114 3115
f 3120 3119 3115
f 3120 3115 3118
f 3134 3110 3123
f 3122 3116 3117
f 3122 3117 3083
f 3127 3125 3113
f 3127 3113 3119
f 3084 3122 3083
f 3124 3076 3109
f 3124 3109 3125
f 3121 3120 3118
f 3121 3118 3110
f 3121 3110 3134
f 3130 3127 3119
f 3130 3119 3137
f 3137 3119 3120
f 3126 3123 3116
f 3126 3116 3122
f 3128 3134 3123
f 3128 3123 3126
f 3138 3126 3122
f 3138 3122 3135
f 3135 3122 3084
f 3075 3076 3124
f 3133 3120 3121
f 3133 3121 3131
f 3131 3121 3134
f 3085 3135 3084
f 3129 3124 3125
f 3129 3125 3142
f 3142 3125 3127
f 3142 3127 3130
f 3132 3137 3120
f 3132 3120 3133
f 3145 3075 3124
f 3145 3124 3129
f 3136 3132 3133
f 3136 3133 3140
f 3140 3133 3131
f 3140 3131 3146
f 3146 3131 3134
f 3146 3134 3128
f 3141 3128 3126
f 3141 3126 3138
f 3073 3075 3145
f 3139 3142 3130
f 3139 3130 3137
f 3156 3139 3137
f 3156 3137 3132
f 3151 3146 3128
f 3151 3128 3141
f 3086 3135 3085
f 3147 3145 3129
f 3147 3129 3142
f 3149 3151 3141
f 3149 3141 3143
f 3143 3141 3138
f 3143 3138 3144
f 3144 3138 3135
f 3144 3135 3086
f 3152 3147 3142
f 3152 3142 3139
f 3148 3156 3132
f 3148 3132 3136
f 3087 3144 3086
f 3161 3152 3139
f 3161 3139 3156
f 3072 3073 3150
f 3150 3073 3145
f 3150 3145 3147
f 3176 3136 3140
f 3176 3140 3162
f 3162 3140 3146
f 3162 3146 3151
f 3157 3148 3136
f 3157 3136 3176
f 3154 3143 3144
f 3154 3144 3088
f 3088 3144 3087
f 3153 3162 3151
f 3153 3151 3155
f 3155 3151 3149
f 3155 3149 3158
f 3158 3149 3143
f 3158 3143 3154
f 3159 3150 3147
f 3159 3147 3163
f 3163 3147 3152
f 3163 3152 3161
f 3089 3154 3088
f 3160 3156 3148
f 3160 3148 3157
f 3166 3072 3150
f 3166 3150 3159
f 3167 3161 3156
f 3167 3156 3160
f 3070 3072 3166
f 3164 3162 3153
f 3164 3153 3165
f 3165 3153 3155
f 3165 3155 3172
f 3172 3155 3158
f 3172 3158 3154
f 3169 3163 3161
f 3169 3161 3167
f 3174 3172 3154
f 3174 3154 3089
f 3173 3166 3159
f 3173 3159 3168
f 3168 3159 3163
f 3168 3163 3169
f 3171 3167 3160
f 3171 3160 3157
f 3170 3176 3162
f 3170 3162 3164
f 3090 3174 3089
f 3175 3171 3157
f 3175 3157 3176
f 3098 3169 3167
f 3098 3167 3171
f 3101 3070 3166
f 3101 3166 3173
f 3091 3174 3090
f 3069 3070 3101
f 3100 3173 3168
f 3100 3168 3099
f 3099 3168 3169
f 3099 3169 3098
f 3097 3098 3171
f 3097 3171 3096
f 3096 3171 3175
f 3096 3175 3095
f 3095 3175 3176
f 3095 3176 3170
f 3093 3170 3164
f 3093 3164 3092
f 3092 3164 3165
f 3092 3165 3172
f 3101 3068 3069
f 3094 3095 3170
f 3094 3170 3093
f 3200 1065 1052
f 3200 1052 3203
f 3203 1052 3207
f 3207 1052 1049
f 3198 1049 1042
f 3198 1042 3177
f 3177 1042 3178
f 3178 1042 1039
f 3202 1039 3179
f 3179 1039 3180
f 3077 3107 3214
f 3074 3071 3182
f 3182 3071 3069
f 3182 3069 3183
f 3183 3069 2607
f 3183 2607 2608
f 3183 2608 3184
f 3184 2608 2609
f 3184 2609 3185
f 3185 2609 2610
f 3185 2610 3186
f 3186 2610 2611
f 3186 2611 2612
f 3187 2612 2613
f 3187 2613 3312
f 3312 2613 2614
f 3312 2614 3306
f 3306 2614 2615
f 3306 2615 3188
f 3188 2615 2616
f 3188 2616 3189
f 3189 2616 2617
f 3189 2617 3190
f 3190 2617 2618
f 3190 2618 3315
f 3315 2618 2619
f 3315 2619 3191
f 3191 2619 2620
f 3191 2620 3192
f 3192 2620 2621
f 3192 2621 2622
f 3311 2622 2623
f 3311 2623 3299
f 3299 2623 2624
f 3299 2624 3303
f 3303 2624 2625
f 3303 2625 3310
f 3310 2625 2626
f 3310 2626 3309
f 3309 2626 2627
f 3309 2627 2628
f 2628 2629 3340
f 2628 3340 3193
f 3193 3340 3337
f 3193 3337 3194
f 3194 3337 3342
f 3324 1065 3200
f 3208 3207 1049
f 3199 3178 1039
f 3199 1039 3202
f 3208 1049 3198
f 3201 3198 3177
f 3201 3177 3178
f 3202 3179 3205
f 3077 3179 3180
f 3197 3324 3200
f 3206 3200 3203
f 3204 3199 3202
f 3211 3197 3200
f 3211 3200 3206
f 3212 3207 3208
f 3217 3208 3198
f 3217 3198 3213
f 3213 3198 3201
f 3213 3201 3223
f 3223 3201 3209
f 3209 3201 3178
f 3209 3178 3199
f 3204 3202 3205
f 3077 3205 3179
f 3215 3206 3203
f 3215 3203 3222
f 3222 3203 3207
f 3210 3209 3199
f 3210 3199 3204
f 3325 3197 3211
f 3222 3207 3212
f 3216 3212 3208
f 3216 3208 3217
f 3227 3206 3215
f 3210 3204 3218
f 3221 3204 3205
f 3221 3205 3214
f 3214 3205 3077
f 3221 3218 3204
f 3227 3211 3206
f 3219 3222 3212
f 3219 3212 3216
f 3220 3216 3217
f 3220 3217 3213
f 3224 3223 3209
f 3224 3209 3225
f 3225 3209 3210
f 3233 3215 3222
f 3230 3233 3222
f 3230 3222 3219
f 3226 3219 3216
f 3226 3216 3220
f 3245 3220 3213
f 3245 3213 3223
f 3228 3221 3214
f 3196 3325 3229
f 3229 3325 3211
f 3229 3211 3227
f 3238 3226 3220
f 3234 3225 3210
f 3234 3210 3218
f 3234 3218 3235
f 3235 3218 3221
f 3235 3221 3228
f 3231 3228 3214
f 3251 3229 3227
f 3243 3227 3215
f 3243 3215 3233
f 3238 3220 3245
f 3259 3245 3223
f 3259 3223 3224
f 3261 3259 3224
f 3261 3224 3232
f 3232 3224 3225
f 3232 3225 3234
f 3239 3196 3229
f 3239 3229 3251
f 3252 3251 3227
f 3252 3227 3243
f 3242 3228 3231
f 3236 3233 3230
f 3236 3230 3237
f 3237 3230 3219
f 3237 3219 3226
f 3244 3243 3233
f 3244 3233 3236
f 3240 3238 3245
f 3241 3235 3228
f 3241 3228 3242
f 3181 3242 3231
f 3351 3196 3239
f 3248 3232 3234
f 3248 3234 3249
f 3249 3234 3250
f 3250 3234 3235
f 3250 3235 3241
f 3254 3252 3243
f 3254 3243 3244
f 3246 3236 3237
f 3246 3237 3226
f 3255 3226 3238
f 3255 3238 3240
f 3247 3240 3245
f 3247 3245 3259
f 3258 3246 3226
f 3258 3226 3255
f 3256 3261 3232
f 3256 3232 3248
f 3195 3351 3257
f 3257 3351 3239
f 3257 3239 3253
f 3253 3239 3251
f 3253 3251 3271
f 3271 3251 3252
f 3271 3252 3254
f 3260 3255 3240
f 3260 3240 3247
f 3268 3241 3242
f 3268 3242 3181
f 3262 3244 3236
f 3262 3236 3246
f 3274 3258 3255
f 3274 3255 3260
f 3264 3247 3259
f 3264 3259 3261
f 3074 3268 3181
f 3263 3256 3248
f 3263 3248 3249
f 3269 3195 3257
f 3269 3257 3276
f 3276 3257 3253
f 3276 3253 3271
f 3275 3264 3261
f 3275 3261 3256
f 3265 3263 3249
f 3265 3249 3266
f 3266 3249 3250
f 3266 3250 3267
f 3267 3250 3241
f 3267 3241 3268
f 3270 3275 3256
f 3270 3256 3263
f 3342 3195 3269
f 3277 3271 3254
f 3277 3254 3278
f 3278 3254 3244
f 3278 3244 3262
f 3279 3270 3263
f 3279 3263 3265
f 3272 3262 3246
f 3272 3246 3273
f 3273 3246 3258
f 3273 3258 3274
f 3284 3274 3260
f 3284 3260 3286
f 3286 3260 3247
f 3286 3247 3264
f 3298 3279 3265
f 3298 3265 3266
f 3280 3276 3271
f 3280 3271 3277
f 3288 3278 3262
f 3288 3262 3272
f 3289 3286 3264
f 3289 3264 3275
f 3194 3342 3269
f 3281 3280 3277
f 3281 3277 3278
f 3282 3288 3272
f 3282 3272 3283
f 3283 3272 3273
f 3283 3273 3294
f 3294 3273 3274
f 3294 3274 3284
f 3291 3194 3269
f 3291 3269 3276
f 3287 3281 3278
f 3287 3278 3288
f 3285 3294 3284
f 3285 3284 3286
f 3301 3298 3266
f 3301 3266 3290
f 3290 3266 3267
f 3290 3267 3302
f 3302 3267 3268
f 3302 3268 3182
f 3182 3268 3074
f 3308 3285 3286
f 3308 3286 3289
f 3296 3289 3275
f 3296 3275 3270
f 3292 3287 3288
f 3292 3288 3293
f 3293 3288 3282
f 3293 3282 3283
f 3297 3291 3276
f 3297 3276 3280
f 3304 3293 3283
f 3304 3283 3305
f 3305 3283 3294
f 3305 3294 3285
f 3295 3308 3289
f 3295 3289 3296
f 3193 3194 3291
f 3300 3296 3270
f 3300 3270 3279
f 3300 3279 3298
f 3303 3297 3280
f 3303 3280 3299
f 3299 3280 3281
f 3299 3281 3287
f 3311 3299 3287
f 3311 3287 3292
f 3190 3305 3285
f 3190 3285 3308
f 3306 3295 3296
f 3306 3296 3300
f 3313 3300 3298
f 3313 3298 3301
f 3314 3301 3290
f 3314 3290 3302
f 3309 3193 3291
f 3309 3291 3297
f 3312 3306 3300
f 3312 3300 3187
f 3187 3300 3313
f 3307 3314 3302
f 3307 3302 3182
f 3310 3309 3297
f 3310 3297 3303
f 2622 3311 3292
f 2622 3292 3192
f 3192 3292 3293
f 3192 3293 3304
f 3191 3192 3304
f 3191 3304 3315
f 3315 3304 3305
f 3315 3305 3190
f 3186 3313 3301
f 3186 3301 3314
f 3183 3307 3182
f 2628 3193 3309
f 3189 3190 3308
f 3189 3308 3188
f 3188 3308 3295
f 3188 3295 3306
f 2612 3187 3313
f 2612 3313 3186
f 3185 3186 3314
f 3185 3314 3184
f 3184 3314 3307
f 3184 3307 3183
f 3338 3344 3316
f 3316 3344 3322
f 3317 3341 2632
f 2632 3341 2631
f 3316 3343 3320
f 3341 3317 3318
f 3344 3321 3322
f 3318 3345 3321
f 3318 3317 3345
f 3322 3348 3343
f 3322 3321 3348
f 3346 3323 3327
f 3346 3328 3347
f 3350 3347 3352
f 3347 3332 3352
f 3328 3331 3332
f 3353 3352 3329
f 3328 3330 3331
f 3352 3332 3329
f 3331 3335 3332
f 3333 3334 3676
f 3331 3330 3335
f 3353 3326 3196
f 3336 3339 3316
f 3340 2629 2630
f 2630 3339 3336
f 2630 3336 3340
f 3340 3336 3337
f 3338 2631 3341
f 3336 3320 3337
f 3318 3321 3344
f 3316 3322 3343
f 3338 3341 3344
f 3320 3343 3349
f 3320 3349 3319
f 3341 3318 3344
f 3336 3316 3320
f 3337 3320 3342
f 3342 3319 3195
f 3342 3320 3319
f 3321 3345 3323
f 3346 3327 3328
f 3321 3323 3346
f 3348 3321 3346
f 3348 3346 3347
f 3343 3348 3349
f 3349 3348 3350
f 3350 3348 3347
f 3353 3350 3352
f 3351 3349 3350
f 3351 3350 3353
f 3319 3349 3351
f 3195 3319 3351
f 3196 3351 3353
f 3325 3326 3197
f 3325 3196 3326
f 3347 3328 3332
f 3327 3330 3328
f 3334 3333 3354
f 3354 3333 3355
f 3355 3333 3330
f 3355 3330 3327
f 3355 3327 3356
f 3356 3327 3323
f 3356 3323 3357
f 3357 3323 3345
f 3357 3345 3358
f 3358 3345 3317
f 3358 3317 3359
f 3359 3317 3360
f 3360 3317 2632
f 3361 2635 3362
f 3362 2635 2636
f 3362 2636 3363
f 3363 2636 3364
f 3432 2638 3427
f 3427 2638 2639
f 3427 2639 3383
f 3383 2639 2640
f 3383 2640 3384
f 3384 2640 2641
f 3384 2641 3385
f 3385 2641 2642
f 3385 2642 3386
f 3386 2642 2643
f 3386 2643 3387
f 3387 2643 2644
f 3387 2644 3388
f 3388 2644 2645
f 3388 2645 3389
f 3389 2645 2646
f 3389 2646 3390
f 3389 3390 3391
f 3391 3390 5489
f 3391 5489 3392
f 3392 5489 5478
f 3392 5478 3393
f 3393 5478 5502
f 3393 5502 3394
f 3394 5502 5482
f 3394 5482 3395
f 3395 5476 5477
f 3395 5477 3635
f 3717 3397 3656
f 3656 3397 3396
f 3396 3397 3398
f 3398 3397 3399
f 3398 3399 3647
f 3647 3399 3646
f 3650 3399 3401
f 3650 3401 3400
f 3400 3401 3649
f 3649 3401 3655
f 3655 3401 3642
f 3648 3642 3653
f 3653 3642 3402
f 3425 3402 3334
f 3360 2633 3359
f 3359 2633 3403
f 3359 3403 3358
f 3358 3403 3404
f 3358 3404 3357
f 3357 3404 3405
f 3357 3405 3356
f 3356 3405 3406
f 3356 3406 3355
f 3355 3406 3414
f 3355 3414 3354
f 3354 3414 3415
f 3354 3415 3334
f 2633 3407 3408
f 2633 3408 3403
f 3403 3408 3409
f 3403 3409 3404
f 3404 3409 3410
f 3404 3410 3411
f 3404 3411 3405
f 3405 3411 3412
f 3405 3412 3406
f 3406 3412 3413
f 3406 3413 3414
f 3415 3425 3334
f 3407 3416 3408
f 3408 3416 3417
f 3408 3417 3409
f 3409 3417 3418
f 3409 3418 3410
f 3410 3418 3419
f 3410 3419 3411
f 3411 3419 3420
f 3411 3420 3412
f 3412 3420 3421
f 3412 3421 3413
f 3413 3421 3422
f 3413 3422 3414
f 3414 3422 3423
f 3414 3423 3415
f 3415 3423 3424
f 3415 3424 3425
f 3430 3429 3371
f 3430 3371 3438
f 3438 3371 3372
f 3438 3372 3439
f 3439 3372 3373
f 3439 3373 3442
f 3442 3373 3374
f 3442 3374 3443
f 3443 3374 3375
f 3443 3375 2637
f 3455 3427 3383
f 3455 3383 3445
f 3445 3383 3384
f 3445 3384 3456
f 3456 3384 3385
f 3456 3385 3446
f 3446 3385 3386
f 3446 3386 3387
f 3433 3416 2634
f 3433 2634 3457
f 3458 3457 3361
f 3458 3361 3362
f 3434 3363 3364
f 3434 3364 3435
f 3435 3364 3365
f 3435 3365 3428
f 3428 3365 3366
f 3428 3366 3436
f 3436 3366 3367
f 3436 3367 3437
f 3437 3367 3368
f 3437 3368 3369
f 3451 3446 3387
f 3451 3387 3388
f 3448 3369 3370
f 3448 3370 3441
f 3441 3370 3429
f 3441 3429 3430
f 3444 3381 3426
f 3444 3426 3440
f 3440 3426 3382
f 3440 3382 3461
f 3461 3382 3431
f 3461 3431 3462
f 3462 3431 3432
f 3462 3432 3427
f 3452 3451 3388
f 3452 3388 3389
f 3472 3458 3362
f 3472 3362 3473
f 3473 3362 3363
f 3473 3363 3434
f 3449 2637 3376
f 3449 3376 3450
f 3450 3376 3377
f 3450 3377 3476
f 3476 3377 3378
f 3476 3378 3379
f 3489 3462 3427
f 3489 3427 3455
f 3447 3434 3435
f 3447 3435 3480
f 3480 3435 3428
f 3480 3428 3463
f 3463 3428 3436
f 3463 3436 3437
f 3460 3443 2637
f 3460 2637 3449
f 3477 3379 3380
f 3477 3380 3470
f 3470 3380 3381
f 3470 3381 3444
f 3471 3456 3446
f 3471 3446 3451
f 3417 3416 3433
f 3459 3463 3437
f 3459 3437 3453
f 3453 3437 3369
f 3453 3369 3448
f 3454 3441 3430
f 3454 3430 3438
f 3478 3455 3445
f 3478 3445 3456
f 3502 3471 3451
f 3502 3451 3484
f 3484 3451 3452
f 3484 3452 3391
f 3391 3452 3389
f 3464 3453 3448
f 3464 3448 3441
f 3498 3476 3379
f 3498 3379 3477
f 3514 3478 3456
f 3514 3456 3471
f 3469 3464 3441
f 3469 3441 3454
f 3465 3438 3439
f 3465 3439 3466
f 3466 3439 3442
f 3466 3442 3467
f 3467 3442 3443
f 3467 3443 3460
f 3418 3417 3479
f 3479 3417 3433
f 3479 3433 3457
f 3492 3480 3463
f 3492 3463 3468
f 3468 3463 3459
f 3468 3459 3481
f 3481 3459 3453
f 3481 3453 3464
f 3487 3454 3438
f 3487 3438 3465
f 3488 3470 3444
f 3488 3444 3440
f 3474 3481 3464
f 3474 3464 3469
f 3475 3469 3454
f 3475 3454 3487
f 3495 3465 3466
f 3495 3466 3467
f 3482 3460 3449
f 3482 3449 3496
f 3496 3449 3450
f 3496 3450 3476
f 3483 3489 3455
f 3483 3455 3478
f 3491 3457 3458
f 3491 3458 3472
f 3506 3472 3473
f 3506 3473 3434
f 3486 3474 3469
f 3486 3469 3475
f 3419 3418 3516
f 3516 3418 3479
f 3516 3479 3490
f 3490 3479 3457
f 3490 3457 3491
f 3505 3491 3472
f 3505 3472 3506
f 3520 3506 3434
f 3520 3434 3447
f 3485 3492 3468
f 3485 3468 3493
f 3493 3468 3481
f 3493 3481 3474
f 3494 3487 3465
f 3494 3465 3495
f 3537 3495 3467
f 3537 3467 3542
f 3542 3467 3460
f 3542 3460 3482
f 3501 3488 3440
f 3501 3440 3461
f 3392 3484 3391
f 3517 3447 3480
f 3517 3480 3492
f 3507 3493 3474
f 3507 3474 3486
f 3508 3475 3487
f 3508 3487 3494
f 3497 3496 3476
f 3497 3476 3498
f 3499 3498 3477
f 3499 3477 3500
f 3500 3477 3470
f 3500 3470 3488
f 3522 3501 3461
f 3522 3461 3510
f 3510 3461 3462
f 3510 3462 3489
f 3515 3514 3471
f 3515 3471 3502
f 3503 3516 3490
f 3503 3490 3504
f 3504 3490 3491
f 3504 3491 3505
f 3543 3500 3488
f 3543 3488 3501
f 3513 3510 3489
f 3513 3489 3511
f 3511 3489 3483
f 3511 3483 3478
f 3525 3515 3502
f 3525 3502 3512
f 3512 3502 3484
f 3512 3484 3392
f 3533 3520 3447
f 3533 3447 3517
f 3527 3486 3475
f 3527 3475 3508
f 3509 3542 3482
f 3509 3482 3496
f 3535 3527 3508
f 3535 3508 3540
f 3540 3508 3494
f 3540 3494 3536
f 3536 3494 3495
f 3536 3495 3537
f 3518 3509 3496
f 3518 3496 3497
f 3526 3517 3492
f 3526 3492 3485
f 3529 3485 3493
f 3529 3493 3562
f 3562 3493 3507
f 3562 3507 3552
f 3552 3507 3486
f 3552 3486 3527
f 3521 3518 3497
f 3521 3497 3519
f 3519 3497 3498
f 3519 3498 3546
f 3546 3498 3499
f 3546 3499 3500
f 3544 3543 3501
f 3544 3501 3522
f 3538 3525 3512
f 3538 3512 3393
f 3393 3512 3392
f 3534 3526 3485
f 3534 3485 3529
f 3523 3522 3510
f 3523 3510 3513
f 3524 3478 3514
f 3524 3514 3570
f 3570 3514 3515
f 3570 3515 3525
f 3532 3506 3520
f 3532 3520 3533
f 3539 3533 3517
f 3539 3517 3526
f 3549 3570 3525
f 3549 3525 3538
f 3420 3419 3516
f 3528 3503 3504
f 3528 3504 3505
f 3528 3505 3531
f 3531 3505 3506
f 3531 3506 3532
f 3565 3420 3516
f 3565 3516 3530
f 3530 3516 3503
f 3530 3503 3528
f 3547 3523 3513
f 3547 3513 3511
f 3567 3530 3528
f 3567 3528 3577
f 3577 3528 3531
f 3553 3552 3527
f 3553 3527 3535
f 3541 3536 3537
f 3541 3537 3542
f 3548 3547 3511
f 3548 3511 3561
f 3561 3511 3478
f 3561 3478 3524
f 3394 3538 3393
f 3421 3420 3565
f 3582 3577 3531
f 3582 3531 3550
f 3550 3531 3532
f 3550 3532 3551
f 3551 3532 3533
f 3551 3533 3539
f 3563 3553 3535
f 3563 3535 3540
f 3545 3540 3536
f 3545 3536 3541
f 3554 3541 3542
f 3554 3542 3555
f 3555 3542 3509
f 3555 3509 3556
f 3556 3509 3518
f 3556 3518 3557
f 3557 3518 3521
f 3557 3521 3558
f 3558 3521 3519
f 3558 3519 3546
f 3559 3546 3500
f 3559 3500 3543
f 3559 3543 3544
f 3566 3565 3530
f 3566 3530 3567
f 3583 3551 3539
f 3583 3539 3526
f 3563 3540 3545
f 3578 3558 3546
f 3578 3546 3559
f 3564 3559 3544
f 3564 3544 3560
f 3560 3544 3522
f 3560 3522 3523
f 3587 3550 3551
f 3587 3551 3583
f 3571 3534 3529
f 3571 3529 3562
f 3574 3547 3548
f 3574 3548 3561
f 3591 3571 3562
f 3591 3562 3592
f 3592 3562 3552
f 3592 3552 3568
f 3568 3552 3553
f 3568 3553 3593
f 3593 3553 3563
f 3593 3563 3594
f 3594 3563 3595
f 3595 3563 3545
f 3595 3545 3541
f 3602 3578 3559
f 3574 3561 3569
f 3569 3561 3524
f 3569 3524 3570
f 3575 3570 3549
f 3575 3549 3538
f 3589 3583 3526
f 3589 3526 3534
f 3596 3595 3541
f 3596 3541 3554
f 3572 3554 3555
f 3572 3555 3573
f 3573 3555 3556
f 3573 3556 3608
f 3608 3556 3557
f 3608 3557 3609
f 3609 3557 3558
f 3609 3558 3578
f 3598 3602 3559
f 3598 3559 3564
f 3581 3569 3570
f 3581 3570 3575
f 3575 3538 3394
f 3576 3421 3565
f 3576 3565 3566
f 3584 3589 3534
f 3584 3534 3571
f 3579 3560 3523
f 3579 3523 3547
f 3422 3421 3576
f 3576 3566 3585
f 3585 3566 3567
f 3585 3567 3577
f 3606 3582 3550
f 3606 3550 3587
f 3590 3584 3571
f 3590 3571 3591
f 3580 3547 3574
f 3580 3574 3620
f 3620 3574 3569
f 3586 3585 3577
f 3586 3577 3582
f 3580 3579 3547
f 3621 3620 3569
f 3621 3569 3581
f 3597 3575 3394
f 3586 3582 3606
f 3588 3587 3583
f 3588 3583 3589
f 3605 3581 3575
f 3605 3575 3597
f 3395 3597 3394
f 3590 3591 3612
f 3612 3591 3592
f 3612 3592 3568
f 3614 3568 3593
f 3614 3593 3594
f 3618 3596 3554
f 3618 3554 3572
f 3610 3609 3578
f 3610 3578 3602
f 3604 3580 3620
f 3599 3422 3576
f 3599 3576 3629
f 3629 3576 3585
f 3629 3585 3616
f 3616 3585 3586
f 3611 3606 3587
f 3611 3587 3588
f 3600 3588 3589
f 3600 3589 3584
f 3601 3584 3590
f 3613 3612 3568
f 3613 3568 3614
f 3614 3594 3617
f 3617 3594 3595
f 3617 3595 3618
f 3618 3595 3596
f 3603 3602 3598
f 3603 3598 3619
f 3619 3598 3564
f 3619 3564 3560
f 3619 3560 3579
f 3604 3579 3580
f 3621 3581 3605
f 3423 3422 3599
f 3607 3618 3572
f 3607 3572 3573
f 3607 3573 3608
f 3603 3610 3602
f 3615 3619 3579
f 3615 3579 3604
f 3630 3611 3588
f 3630 3588 3600
f 3601 3590 3612
f 3623 3607 3608
f 3623 3608 3609
f 3623 3609 3610
f 3622 3586 3606
f 3622 3606 3611
f 3631 3600 3584
f 3631 3584 3601
f 3625 3601 3612
f 3625 3612 3613
f 3632 3613 3614
f 3640 3615 3604
f 3622 3616 3586
f 3632 3614 3617
f 3638 3617 3618
f 3638 3618 3633
f 3633 3618 3607
f 3624 3603 3619
f 3626 3640 3604
f 3626 3604 3620
f 3626 3620 3627
f 3627 3620 3621
f 3627 3621 3628
f 3628 3621 3605
f 3628 3605 3635
f 3635 3605 3597
f 3635 3597 3395
f 3637 3623 3610
f 3637 3610 3603
f 3624 3619 3634
f 3634 3619 3615
f 3424 3423 3599
f 3652 3599 3629
f 3636 3622 3611
f 3636 3611 3630
f 3643 3631 3601
f 3643 3601 3625
f 3645 3632 3617
f 3645 3617 3638
f 3637 3603 3624
f 3634 3615 3640
f 3424 3599 3652
f 3641 3652 3629
f 3641 3629 3616
f 3641 3616 3622
f 3642 3630 3600
f 3642 3600 3631
f 3642 3631 3643
f 3651 3626 3627
f 3651 3627 3628
f 3654 3641 3622
f 3654 3622 3636
f 3649 3625 3613
f 3649 3613 3644
f 3644 3613 3632
f 3644 3632 3645
f 3639 3633 3607
f 3639 3607 3623
f 3396 3640 3626
f 3396 3626 3651
f 3648 3636 3630
f 3648 3630 3642
f 3650 3633 3639
f 3646 3639 3623
f 3646 3623 3637
f 3647 3637 3624
f 3647 3624 3398
f 3398 3624 3634
f 5477 3628 3635
f 3652 3641 3653
f 3653 3641 3654
f 3653 3654 3648
f 3648 3654 3636
f 3655 3642 3643
f 3655 3643 3649
f 3649 3643 3625
f 3650 3645 3638
f 3650 3638 3633
f 3398 3634 3640
f 3398 3640 3396
f 3649 3644 3400
f 3400 3644 3645
f 3400 3645 3650
f 3646 3637 3647
f 3656 3396 3651
f 3656 3651 3628
f 3656 3628 5477
f 3424 3402 3425
f 3402 3424 3652
f 3653 3402 3652
f 3399 3650 3639
f 3646 3399 3639
f 3717 3656 5477
f 3725 3658 3657
f 3657 3658 3659
f 3657 3659 3660
f 3657 3660 3661
f 3661 3660 3662
f 3661 3662 3663
f 3663 3662 3664
f 3663 3664 3402
f 3664 3665 3402
f 3402 3665 3666
f 3666 3667 3402
f 3402 3667 3668
f 3402 3668 3669
f 3402 3669 3670
f 3402 3670 3671
f 3402 3671 3672
f 3402 3672 3673
f 3402 3673 3334
f 3334 3673 3674
f 3334 3674 3675
f 3675 3676 3334
f 3663 3402 3677
f 3677 3402 3678
f 3678 3402 3642
f 3678 3642 3679
f 3679 3642 3680
f 3680 3642 3681
f 3681 3642 3682
f 3682 3642 3683
f 3683 3642 3401
f 3683 3401 3684
f 3684 3401 3685
f 3685 3401 3686
f 3686 3401 3687
f 3687 3401 3688
f 3688 3401 3689
f 3689 3401 3690
f 3690 3401 3691
f 3691 3401 3692
f 3692 3401 3399
f 3692 3399 3693
f 3693 3399 3694
f 3694 3399 3695
f 3695 3399 3696
f 3696 3399 3697
f 3697 3399 3698
f 3698 3399 3699
f 3699 3399 3700
f 3700 3399 3397
f 3700 3397 3701
f 3701 3397 3702
f 3702 3397 3703
f 3703 3397 3704
f 3704 3397 3705
f 3705 3397 3706
f 3706 3397 3707
f 3707 3397 3708
f 3708 3397 3709
f 3709 3397 3710
f 3710 3397 3711
f 3711 3397 3712
f 3712 3397 3713
f 3713 3397 3714
f 3714 3397 3717
f 3714 3717 3715
f 3715 3717 3716
f 3702 3703 3718
f 3718 3703 3719
f 3718 3719 3720
f 3720 3721 3718
f 3718 3721 3722
f 3721 3723 3722
f 3722 3723 3724
f 3658 3725 3726
f 3658 3726 3659
f 3659 3726 3727
f 3659 3727 3660
f 3660 3727 3728
f 3660 3728 3662
f 3662 3728 3756
f 3662 3756 3664
f 3664 3756 3851
f 3664 3851 3859
f 3664 3859 3665
f 3665 3859 3860
f 3665 3860 3666
f 3666 3860 3852
f 3666 3852 3667
f 3667 3852 3729
f 3667 3729 3668
f 3668 3729 3730
f 3668 3730 3669
f 3669 3730 3731
f 3669 3731 3670
f 3670 3731 3732
f 3670 3732 3671
f 3671 3732 3733
f 3671 3733 3672
f 3672 3733 3734
f 3672 3734 3673
f 3673 3734 3757
f 3673 3757 3674
f 3674 3757 3735
f 3674 3735 3675
f 3675 3735 3736
f 3675 3736 3676
f 3676 3736 3737
f 3676 3737 3333
f 3333 3737 3738
f 3333 3738 3330
f 3330 3738 3739
f 3330 3739 3335
f 3335 3739 3740
f 3335 3740 3332
f 3332 3740 3741
f 3332 3741 3329
f 3329 3741 3742
f 3329 3742 3743
f 3329 3743 3353
f 3353 3743 3744
f 3353 3744 3326
f 3326 3744 3745
f 3326 3745 3746
f 3326 3746 3197
f 3197 3746 3861
f 3197 3861 3747
f 3197 3747 3324
f 3324 3747 1068
f 1068 3747 3748
f 1068 3748 1067
f 1067 3748 3758
f 1067 3758 1066
f 1066 3758 3749
f 1066 3749 1064
f 1064 3749 3750
f 1064 3750 1063
f 1063 3750 3751
f 3753 3752 3804
f 3753 3804 3807
f 3754 3753 3755
f 3754 3755 3790
f 3790 3755 3726
f 3726 3755 3835
f 3726 3835 3727
f 3736 3848 3737
f 3742 3834 3845
f 3742 3845 3743
f 3744 3743 3845
f 3744 3845 3858
f 3744 3858 3745
f 3746 3745 3857
f 3746 3857 3861
f 3747 3861 3855
f 3747 3855 3748
f 3748 3855 3758
f 3759 3850 3760
f 3794 3798 3762
f 3763 3762 3805
f 3763 3805 3764
f 3768 3767 3769
f 3770 3795 3771
f 3771 3795 3772
f 3926 3791 3778
f 3779 3778 3806
f 3779 3806 3780
f 3784 3800 3785
f 3785 3800 3804
f 3786 3787 3788
f 3787 3789 3788
f 3726 3725 3790
f 3783 3782 3792
f 3792 3782 3781
f 3792 3781 3780
f 3802 3793 3776
f 3802 3776 3775
f 3774 3802 3775
f 3801 3777 3793
f 3795 3770 3769
f 3795 3769 3767
f 3806 3778 3791
f 3766 3765 3764
f 3766 3764 3805
f 3800 3784 3783
f 3792 3780 3806
f 3801 3793 3802
f 3798 3794 3761
f 3798 3761 3796
f 3799 3797 3772
f 3802 3774 3773
f 3803 3767 3766
f 3812 3796 3786
f 3799 3773 3797
f 3795 3799 3772
f 3803 3795 3767
f 3792 3800 3783
f 3805 3762 3798
f 3812 3786 3788
f 3819 3792 3806
f 3801 3791 3777
f 3803 3766 3805
f 3807 3804 3800
f 3808 3773 3799
f 3817 3798 3796
f 3813 3806 3791
f 3813 3791 3801
f 3808 3802 3773
f 3830 3807 3800
f 3830 3800 3792
f 3812 3817 3796
f 3819 3806 3824
f 3822 3801 3802
f 3822 3802 3808
f 3799 3795 3810
f 3810 3795 3803
f 3813 3824 3806
f 3809 3805 3798
f 3809 3798 3817
f 3811 3817 3812
f 3830 3792 3819
f 3810 3803 3816
f 3818 3801 3822
f 3814 3799 3810
f 3823 3805 3809
f 3825 3803 3805
f 3836 3807 3830
f 3818 3813 3801
f 3814 3808 3799
f 3823 3825 3805
f 3753 3807 3815
f 3816 3803 3832
f 3815 3807 3836
f 3833 3830 3819
f 3760 3811 3812
f 3832 3803 3825
f 3820 3808 3814
f 3821 3814 3810
f 3828 3813 3818
f 3749 3817 3811
f 3854 3822 3808
f 3821 3810 3829
f 3829 3810 3816
f 3758 3809 3817
f 3827 3819 3824
f 3831 3824 3813
f 3831 3813 3828
f 3826 3822 3854
f 3838 3820 3814
f 3821 3838 3814
f 3827 3833 3819
f 3826 3818 3822
f 3854 3808 3820
f 3839 3836 3830
f 3758 3817 3749
f 3847 3828 3818
f 3834 3816 3832
f 3844 3833 3827
f 3831 3827 3824
f 3840 3847 3818
f 3834 3829 3816
f 3843 3823 3809
f 3857 3825 3823
f 3843 3809 3758
f 3841 3839 3830
f 3841 3830 3833
f 3857 3823 3843
f 3850 3811 3760
f 3755 3753 3835
f 3835 3753 3815
f 3840 3818 3826
f 3846 3835 3815
f 3846 3815 3836
f 3837 3827 3831
f 3742 3829 3834
f 3850 3749 3811
f 3844 3841 3833
f 3842 3831 3828
f 3857 3858 3825
f 3842 3828 3847
f 3848 3826 3854
f 3858 3845 3832
f 3858 3832 3825
f 3844 3827 3837
f 3837 3831 3842
f 3845 3834 3832
f 3853 3840 3826
f 3855 3843 3758
f 3839 3846 3836
f 3727 3835 3846
f 3849 3821 3829
f 3738 3854 3820
f 3738 3820 3838
f 3853 3826 3848
f 3856 3738 3838
f 3856 3838 3821
f 3856 3821 3849
f 3742 3849 3829
f 3861 3857 3843
f 3861 3843 3855
f 3851 3839 3841
f 3859 3841 3844
f 3859 3844 3860
f 3852 3860 3844
f 3859 3851 3841
f 3729 3852 3844
f 3729 3844 3837
f 3750 3749 3850
f 3735 3757 3853
f 3735 3853 3848
f 3741 3849 3742
f 3750 3850 3751
f 3737 3848 3854
f 3737 3854 3738
f 3730 3837 3842
f 3733 3847 3840
f 3757 3840 3853
f 3735 3848 3736
f 3756 3846 3839
f 3756 3839 3851
f 3731 3730 3842
f 3728 3727 3846
f 3728 3846 3756
f 3731 3842 3732
f 3732 3842 3847
f 3734 3733 3840
f 3734 3840 3757
f 3739 3856 3740
f 3740 3856 3849
f 3745 3858 3857
f 3730 3729 3837
f 3733 3732 3847
f 3740 3849 3741
f 3739 3738 3856
f 3862 3864 3863
f 3863 3864 3865
f 3865 3864 3866
f 3866 3864 3867
f 3867 3864 3868
f 3867 3868 3869
f 3869 3868 3870
f 3870 3868 3871
f 3871 3868 3872
f 3872 3868 3873
f 3872 3873 3874
f 3874 3873 3875
f 3875 3873 3876
f 3876 3873 3877
f 3876 3877 3878
f 3878 3877 3879
f 3879 3877 3880
f 3879 3880 3881
f 3881 3880 3883
f 3881 3883 3882
f 3882 3883 3884
f 3884 3883 3885
f 3884 3885 3886
f 3886 3885 3887
f 3887 3885 3888
f 3888 3885 3889
f 3888 3889 3890
f 3890 3889 3891
f 3891 3889 3892
f 3892 3889 3893
f 3893 3889 3897
f 3893 3897 3894
f 3894 3897 3895
f 3895 3897 3896
f 3896 3897 3898
f 3898 3897 3899
f 3899 3897 3900
f 3900 3897 3901
f 3901 3897 3902
f 3902 3897 3903
f 3902 3903 3904
f 3904 3903 3905
f 3905 3903 3906
f 3906 3903 3907
f 3907 3903 3908
f 3908 3903 3909
f 3909 3903 3910
f 3910 3903 3911
f 3911 3903 3912
f 3912 3903 3913
f 3912 3913 3914
f 3914 3913 3915
f 3915 3913 3916
f 3916 3913 3917
f 3903 3919 3913
f 3913 3919 3918
f 3918 3919 3752
f 3752 3919 3920
f 3752 3920 3804
f 3804 3920 3785
f 3785 3920 3921
f 3785 3921 3784
f 3784 3921 3922
f 3784 3922 3783
f 3783 3922 3923
f 3783 3923 3782
f 3782 3923 3781
f 3781 3923 3924
f 3781 3924 3780
f 3780 3924 3779
f 3779 3925 3778
f 3778 3925 3926
f 3926 3927 3791
f 3791 3927 3777
f 3777 3927 3928
f 3777 3928 3793
f 3793 3928 3929
f 3793 3929 3776
f 3776 3929 3775
f 3775 3929 3930
f 3775 3930 3774
f 3774 3930 3773
f 3773 3930 3931
f 3773 3931 3797
f 3797 3931 3932
f 3797 3932 3772
f 3772 3932 3933
f 3772 3933 3771
f 3771 3933 3934
f 3771 3934 3770
f 3770 3934 3935
f 3770 3935 3769
f 3769 3935 3936
f 3769 3936 3768
f 3768 3936 3767
f 3767 3936 3937
f 3767 3937 3766
f 3766 3937 3765
f 3765 3937 3938
f 3765 3938 3764
f 3764 3938 3939
f 3764 3939 3763
f 3763 3939 3940
f 3763 3940 3762
f 3762 3940 3941
f 3762 3941 3794
f 3794 3941 3942
f 3794 3942 3761
f 3761 3942 3943
f 3761 3943 3796
f 3796 3943 3944
f 3796 3944 3786
f 3786 3944 3787
f 3787 3944 3945
f 3787 3945 3789
f 3864 1897 2464
f 3864 2464 3868
f 3868 2464 2463
f 3868 2463 3873
f 3873 2463 2462
f 3873 2462 3877
f 3877 2462 2461
f 3877 2461 3880
f 3880 2461 2460
f 3880 2460 3883
f 3883 2460 2459
f 3883 2459 3885
f 3885 2459 3889
f 3889 2459 2458
f 3889 2458 3897
f 3897 2458 3903
f 3903 2458 2457
f 3903 2457 3919
f 3919 2457 2456
f 3919 2456 3920
f 3920 2456 2455
f 3920 2455 3921
f 3921 2455 2454
f 3921 2454 3922
f 3922 2454 2453
f 3922 2453 3923
f 3923 2453 2452
f 3923 2452 2451
f 3923 2451 3924
f 3924 2451 2450
f 3924 2450 3779
f 3779 2450 2449
f 3779 2449 3925
f 3925 2449 2448
f 3925 2448 1521
f 3925 1521 3926
f 3926 1521 1516
f 3926 1516 2447
f 3926 2447 3927
f 3927 2447 2446
f 3927 2446 3928
f 3928 2446 2445
f 3928 2445 3929
f 3929 2445 2444
f 3929 2444 2443
f 3929 2443 3930
f 3930 2443 2442
f 3930 2442 3931
f 3931 2442 2441
f 3931 2441 3932
f 3932 2441 1564
f 3932 1564 3933
f 3933 1564 1563
f 3933 1563 3934
f 3934 1563 2440
f 3934 2440 3935
f 3935 2440 2439
f 3935 2439 3936
f 3936 2439 1566
f 3936 1566 3937
f 3937 1566 2438
f 3937 2438 3938
f 3938 2438 2437
f 3938 2437 3939
f 3939 2437 1568
f 3939 1568 3940
f 3940 1568 2436
f 3940 2436 3941
f 3941 2436 1570
f 3941 1570 3942
f 3942 1570 2435
f 3942 2435 3943
f 3943 2435 3944
f 3944 2435 1572
f 3944 1572 3945
f 3945 1572 2434
f 3945 2434 3946
f 3946 2434 2433
f 3946 2433 3947
f 3947 2433 1575
f 3947 1575 3948
f 3948 1575 1577
f 3948 1577 3949
f 3949 1577 2432
f 3949 2432 2431
f 3949 2431 3950
f 3950 2431 2430
f 3950 2430 3951
f 3951 2430 2429
f 3951 2429 3952
f 3952 2429 2428
f 3952 2428 3953
f 3953 2428 2427
f 3953 2427 3954
f 3954 2427 2426
f 3954 2426 3955
f 3955 2426 2425
f 3955 2425 3956
f 3956 2425 3957
f 3957 2425 2424
f 3957 2424 3958
f 3958 2424 2423
f 3958 2423 3959
f 3959 2423 2422
f 3959 2422 3960
f 3960 2422 2421
f 3960 2421 3961
f 3961 2421 1851
f 3961 1851 3962
f 3962 1851 1864
f 3962 1864 1865
f 3962 1865 3963
f 3963 1865 1866
f 3963 1866 1867
f 3963 1867 3964
f 3964 1867 1868
f 3964 1868 3965
f 3965 1868 1869
f 3965 1869 1870
f 3965 1870 3966
f 3966 1870 1871
f 3966 1871 1872
f 3966 1872 3967
f 3967 1872 1873
f 3967 1873 3968
f 3968 1873 1874
f 3968 1874 3969
f 3969 1874 1875
f 3969 1875 3970
f 3970 1875 1876
f 3970 1876 3971
f 3971 1876 1877
f 3971 1877 3972
f 3972 1877 1878
f 3972 1878 3973
f 3973 1878 1879
f 3973 1879 3974
f 3974 1879 1880
f 3974 1880 3975
f 3975 1880 1881
f 3975 1881 3976
f 3976 1881 3977
f 3977 1881 1882
f 3977 1882 3978
f 3978 1882 1886
f 3978 1886 3979
f 3979 1886 1890
f 3979 1890 3980
f 3980 1890 3981
f 3981 1890 1897
f 3981 1897 3864
f 3945 3946 3789
f 3789 3946 3982
f 3982 3946 3983
f 3983 3946 3947
f 3983 3947 4077
f 4077 3947 3948
f 4077 3948 3984
f 3984 3948 3985
f 3985 3948 3949
f 3985 3949 4096
f 4096 3949 4097
f 4097 3949 3950
f 4097 3950 3986
f 3986 3950 3951
f 3986 3951 4078
f 4078 3951 3952
f 4078 3952 3987
f 3987 3952 4080
f 4080 3952 3953
f 4080 3953 4081
f 4081 3953 3988
f 3988 3953 3954
f 3988 3954 3989
f 3989 3954 3992
f 3989 3992 3990
f 3955 3991 3954
f 3954 3991 3992
f 3955 4066 3993
f 3956 3994 3955
f 3956 4061 3995
f 3957 3996 3956
f 3956 3996 3997
f 3957 3998 3996
f 3998 3957 3999
f 3999 3957 3958
f 3999 3958 4000
f 4000 3958 4001
f 4001 3958 4002
f 4002 3958 3959
f 4002 3959 4003
f 4003 3959 4004
f 4004 3959 4005
f 4005 3959 4006
f 4006 3959 3960
f 4006 3960 4007
f 4007 3960 4008
f 4008 3960 4009
f 4009 3960 3961
f 4009 3961 4010
f 4010 3961 4011
f 4011 3961 4012
f 4012 3961 4013
f 4013 3961 3962
f 4013 3962 4014
f 4014 3962 4015
f 4015 3962 4016
f 4016 3962 3963
f 4016 3963 4017
f 4017 3963 4018
f 4018 3963 4019
f 4019 3963 3964
f 4019 3964 4020
f 4020 3964 3965
f 4020 3965 4021
f 4021 3965 4022
f 4022 3965 4023
f 4023 3965 4024
f 4024 3965 3966
f 4024 3966 4025
f 4025 3966 4026
f 4026 3966 4027
f 4027 3966 4028
f 4028 3966 3967
f 4028 3967 4029
f 4029 3967 4030
f 4030 3967 4031
f 4031 3967 3968
f 4031 3968 4032
f 4032 3968 3969
f 4032 3969 4033
f 4033 3969 3970
f 4033 3970 4034
f 4034 3970 4035
f 4035 3970 3971
f 4035 3971 4036
f 4036 3971 4037
f 4037 3971 4038
f 4038 3971 3972
f 4038 3972 4039
f 4039 3972 4040
f 4040 3972 3973
f 4040 3973 4041
f 4041 3973 4042
f 4042 3973 3974
f 4042 3974 4043
f 4043 3974 4044
f 4044 3974 4045
f 4045 3974 4046
f 4046 3974 3975
f 4046 3975 4047
f 4047 3975 4048
f 4048 3975 4049
f 4049 3975 3976
f 4049 3976 4050
f 4050 3976 3977
f 4050 3977 4051
f 4051 3977 3978
f 4051 3978 4052
f 4052 3978 4053
f 4053 3978 4054
f 4054 3978 4055
f 4055 3978 3979
f 4055 3979 4056
f 4056 3979 4057
f 4057 3979 4058
f 4058 3979 3980
f 4058 3980 4059
f 4059 3980 3981
f 4059 3981 3862
f 3862 3981 3864
f 3997 4060 3956
f 4060 4061 3956
f 3956 3995 4062
f 4062 4063 3956
f 3956 4063 3994
f 3994 4064 3955
f 4064 4065 3955
f 4065 4066 3955
f 3955 3993 4067
f 3955 4067 4068
f 3955 4068 4069
f 3955 4069 4070
f 4070 4071 3955
f 4071 3991 3955
f 3990 4072 3989
f 3989 4072 4073
f 4073 4074 3989
f 3989 4074 4075
f 3982 3983 4077
f 4077 3984 4098
f 4098 3984 3985
f 4079 4078 3987
f 4081 4100 4080
f 4082 4106 4083
f 4082 4083 4084
f 4115 1055 4087
f 4095 4094 4076
f 4095 4076 3751
f 3986 4078 4079
f 3788 3789 3982
f 4098 3982 4077
f 4099 3985 4096
f 4099 4096 4097
f 4079 3987 4080
f 3788 3982 4098
f 4097 3986 4079
f 4079 4080 4100
f 4099 4098 3985
f 4102 4097 4079
f 4102 4079 4100
f 4098 3812 3788
f 4101 3812 4098
f 4101 4098 4099
f 4101 4099 4107
f 4105 4097 4102
f 3760 3812 4101
f 4104 4099 4097
f 4104 4097 4105
f 3759 3760 4101
f 3759 4101 4103
f 4105 4102 4108
f 4108 4102 4100
f 4108 4100 4106
f 4103 4101 4107
f 4107 4099 4104
f 4115 4105 4108
f 4109 4108 4106
f 4082 4109 4106
f 4111 4104 4105
f 4109 4115 4108
f 4110 4103 4107
f 4114 4110 4107
f 4114 4107 4104
f 4113 4104 4111
f 4114 4104 4113
f 4112 4105 4115
f 4095 3850 3759
f 4093 3759 4103
f 4093 4103 4110
f 4111 4105 4112
f 4095 3759 4093
f 4086 4109 4082
f 4087 4111 4112
f 4085 4086 4082
f 4085 4082 4084
f 4089 4113 4111
f 4089 4111 4088
f 4088 4111 4087
f 4115 4087 4112
f 3751 3850 4095
f 4115 4109 4086
f 4094 4095 4093
f 4091 4110 4114
f 4090 4091 4114
f 4090 4114 4113
f 4092 4093 4110
f 4092 4110 4091
f 4089 4090 4113
f 3751 4076 1063
f 1063 4076 1062
f 1062 4076 4094
f 1062 4094 1061
f 1061 4094 4093
f 1061 4093 4092
f 1061 4092 1060
f 1060 4092 4091
f 1060 4091 1059
f 1059 4091 1058
f 1058 4091 4090
f 1058 4090 1057
f 1057 4090 4089
f 1057 4089 1056
f 1056 4089 4088
f 1056 4088 1054
f 1054 4088 4087
f 1054 4087 1055
f 1069 1055 4115
f 1069 4115 4086
f 1069 4086 1071
f 1071 4086 4085
f 1071 4085 1072
f 1072 4085 4084
f 4075 4116 1053
f 1053 4116 4117
f 1053 4117 1051
f 1051 4117 4118
f 1051 4118 1050
f 1050 4118 4119
f 1050 4119 1048
f 1048 4119 4120
f 1048 4120 1047
f 1047 4120 4121
f 1047 4121 1046
f 1046 4121 4122
f 1046 4122 1045
f 1045 4122 4123
f 1045 4123 1044
f 1044 4123 4124
f 1044 4124 1043
f 1043 4124 4125
f 1043 4125 1041
f 1041 4125 4126
f 1041 4126 1040
f 1040 4126 4127
f 1040 4127 1038
f 1038 4127 4128
f 1038 4128 1037
f 1037 4128 4129
f 1037 4129 1036
f 1036 4129 4130
f 1036 4130 1035
f 1035 4130 4131
f 1053 1070 4075
f 4075 1070 3989
f 3989 1070 3988
f 3988 1070 1072
f 3988 1072 4084
f 3988 4084 4083
f 3988 4083 4106
f 3988 4106 4100
f 3988 4100 4081
f 4117 4116 4132
f 4132 4116 4357
f 4132 4357 4133
f 4133 4357 4135
f 4133 4135 4134
f 4137 4136 4342
f 4137 4341 4174
f 4174 4179 4180
f 4180 4179 4176
f 4179 4186 4138
f 4175 4186 427
f 4175 427 4177
f 4177 427 4139
f 4139 427 4178
f 4182 4140 7117
f 4141 7117 7116
f 4141 7116 4142
f 4143 4142 7101
f 4146 4145 4147
f 4146 4147 4148
f 4146 4148 4149
f 4149 4148 4150
f 4149 4150 4151
f 4151 4150 4152
f 4151 4152 4153
f 4306 4296 4155
f 4306 4155 4313
f 4313 4155 4156
f 4313 4156 4316
f 4316 4156 4157
f 4316 4157 4305
f 4305 4157 4158
f 4305 4158 4312
f 4312 4158 4159
f 4312 4159 4317
f 4317 4159 4160
f 4317 4160 4161
f 4161 4160 4162
f 4161 4162 4315
f 4315 4162 4163
f 4315 4163 4164
f 4164 4163 4131
f 4164 4131 4130
f 4164 4130 4165
f 4165 4130 4129
f 4165 4129 4166
f 4166 4129 4128
f 4166 4128 4167
f 4167 4128 4127
f 4167 4127 4168
f 4168 4127 4126
f 4168 4126 4302
f 4302 4126 4125
f 4302 4125 4308
f 4308 4125 4124
f 4308 4124 4309
f 4309 4124 4123
f 4309 4123 4169
f 4169 4123 4122
f 4169 4122 4170
f 4170 4122 4121
f 4170 4121 4171
f 4171 4121 4120
f 4171 4120 4172
f 4172 4120 4119
f 4172 4119 4173
f 4173 4119 4118
f 4173 4118 4303
f 4303 4118 4117
f 4303 4117 4132
f 4177 4139 4196
f 4182 4178 4140
f 4179 4138 4189
f 4176 4190 4180
f 4186 4175 4195
f 4196 4139 4182
f 4182 4139 4178
f 4176 4179 4194
f 4176 4194 4190
f 4180 4184 4174
f 4174 4184 4185
f 4174 4185 4137
f 4183 4138 4186
f 4181 4175 4177
f 4181 4177 4192
f 4192 4177 4196
f 4138 4183 4188
f 4138 4188 4189
f 4179 4189 4194
f 4180 4190 4200
f 4180 4200 4184
f 4183 4191 4187
f 4183 4187 4188
f 4189 4198 4194
f 4191 4183 4186
f 4191 4186 4197
f 4197 4186 4195
f 4202 4195 4175
f 4202 4175 4181
f 4189 4188 4193
f 4189 4193 4198
f 4190 4194 4199
f 4209 4181 4192
f 4212 4196 4204
f 4204 4196 4182
f 4204 4182 7117
f 4190 4199 4200
f 4201 4197 4195
f 4201 4195 4202
f 4209 4202 4181
f 4191 4213 4187
f 4194 4198 4210
f 4194 4210 4199
f 4215 4209 4192
f 4215 4192 4203
f 4203 4192 4196
f 4141 4204 7117
f 4188 4187 4206
f 4188 4206 4193
f 4200 4214 4184
f 4185 4184 4221
f 4185 4221 4222
f 4185 4222 4137
f 4137 4222 4136
f 4223 4197 4201
f 4203 4196 4212
f 4187 4213 4205
f 4187 4205 4206
f 4193 4206 4218
f 4199 4210 4220
f 4199 4220 4207
f 4199 4207 4200
f 4200 4207 4214
f 4184 4214 4221
f 4211 4213 4191
f 4211 4191 4197
f 4211 4197 4223
f 4208 4201 4202
f 4208 4202 4209
f 4225 4212 4204
f 4225 4204 4141
f 4208 4209 4226
f 4226 4209 4215
f 4193 4218 4198
f 4198 4218 4219
f 4198 4219 4210
f 4210 4219 4237
f 4210 4237 4220
f 4232 4201 4208
f 4216 4215 4203
f 4216 4203 4217
f 4217 4203 4212
f 4231 4223 4201
f 4231 4201 4232
f 4235 4232 4208
f 4235 4208 4226
f 4216 4226 4215
f 4224 4217 4212
f 4224 4212 4225
f 4207 4220 4252
f 4240 4216 4217
f 4206 4205 4236
f 4206 4236 4218
f 4238 4211 4223
f 4213 4227 4205
f 4205 4227 4228
f 4205 4228 4236
f 4207 4252 4253
f 4207 4253 4214
f 4222 4221 4230
f 4222 4230 4136
f 4136 4230 4319
f 4229 4235 4226
f 4229 4226 4240
f 4240 4226 4216
f 4251 4225 4141
f 4251 4141 4142
f 4218 4236 4244
f 4218 4244 4245
f 4218 4245 4219
f 4220 4237 4256
f 4220 4256 4252
f 4221 4214 4233
f 4221 4233 4234
f 4221 4234 4230
f 4227 4213 4211
f 4227 4211 4238
f 4239 4238 4223
f 4239 4223 4231
f 4241 4240 4217
f 4241 4217 4242
f 4242 4217 4224
f 4242 4224 4250
f 4250 4224 4225
f 4250 4225 4251
f 4219 4245 4246
f 4219 4246 4237
f 4214 4253 4233
f 4143 4251 4142
f 4319 4230 4134
f 4262 4231 4232
f 4262 4232 4263
f 4263 4232 4235
f 4263 4235 4229
f 4227 4259 4228
f 4228 4259 4243
f 4228 4243 4236
f 4236 4243 4244
f 4237 4246 4255
f 4237 4255 4256
f 4233 4253 4261
f 4230 4234 4265
f 4230 4265 4134
f 4257 4227 4238
f 4247 4263 4229
f 4247 4229 4248
f 4248 4229 4240
f 4245 4244 4249
f 4245 4249 4246
f 4233 4261 4275
f 4233 4275 4234
f 4259 4227 4257
f 4254 4257 4238
f 4254 4238 4239
f 4248 4240 4241
f 4244 4243 4260
f 4244 4260 4249
f 4258 4242 4250
f 4258 4250 4251
f 4258 4251 4143
f 4243 4259 4269
f 4243 4269 4260
f 4252 4256 4270
f 4252 4270 4253
f 4253 4270 4271
f 4253 4271 4261
f 4234 4275 4276
f 4234 4276 4265
f 4267 4248 4241
f 4267 4241 4268
f 4268 4241 4242
f 4268 4242 4258
f 4259 4280 4269
f 4277 4268 4258
f 4277 4258 4307
f 4307 4258 4143
f 4260 4269 4273
f 4260 4273 4264
f 4260 4264 4249
f 4255 4246 4289
f 4255 4289 4256
f 4256 4289 4284
f 4256 4284 4270
f 4261 4271 4272
f 4261 4272 4275
f 4134 4265 4133
f 4280 4259 4257
f 4266 4247 4248
f 4246 4249 4282
f 4246 4282 4289
f 4285 4280 4257
f 4285 4257 4283
f 4283 4257 4254
f 4283 4254 4286
f 4286 4254 4239
f 4286 4239 4231
f 4279 4266 4248
f 4279 4248 4267
f 4269 4280 4281
f 4269 4281 4273
f 4249 4264 4274
f 4249 4274 4282
f 4144 4307 4143
f 4273 4281 4287
f 4273 4287 4264
f 4264 4287 4288
f 4264 4288 4274
f 4271 4270 4278
f 4271 4278 4272
f 4291 4286 4231
f 4291 4231 4262
f 4294 4263 4247
f 4294 4247 4266
f 4292 4291 4262
f 4292 4262 4263
f 4265 4276 4290
f 4265 4290 4133
f 4301 4292 4263
f 4301 4263 4294
f 4298 4267 4268
f 4298 4268 4277
f 4276 4275 4299
f 4276 4299 4290
f 4295 4294 4266
f 4295 4266 4279
f 4297 4279 4267
f 4297 4267 4298
f 4133 4290 4132
f 4300 4280 4285
f 4300 4285 4304
f 4304 4285 4283
f 4304 4283 4286
f 4151 4298 4277
f 4151 4277 4307
f 4280 4164 4281
f 4281 4164 4165
f 4281 4165 4287
f 4288 4287 4167
f 4288 4167 4274
f 4274 4167 4168
f 4274 4168 4282
f 4289 4282 4293
f 4289 4293 4284
f 4272 4278 4310
f 4272 4310 4275
f 4311 4304 4286
f 4311 4286 4291
f 4145 4307 4144
f 4287 4165 4166
f 4287 4166 4167
f 4282 4168 4302
f 4282 4302 4293
f 4164 4280 4300
f 4296 4295 4279
f 4296 4279 4297
f 4284 4293 4309
f 4284 4309 4270
f 4154 4296 4297
f 4154 4297 4153
f 4153 4297 4298
f 4153 4298 4151
f 4293 4302 4308
f 4293 4308 4309
f 4275 4310 4314
f 4275 4314 4299
f 4290 4299 4303
f 4290 4303 4132
f 4313 4301 4294
f 4313 4294 4295
f 4278 4270 4170
f 4278 4170 4310
f 4312 4311 4291
f 4312 4291 4305
f 4305 4291 4292
f 4305 4292 4301
f 4306 4313 4295
f 4306 4295 4296
f 4270 4309 4169
f 4270 4169 4170
f 4315 4164 4300
f 4315 4300 4161
f 4161 4300 4304
f 4161 4304 4311
f 4316 4305 4301
f 4316 4301 4313
f 4299 4314 4173
f 4299 4173 4303
f 4317 4161 4311
f 4317 4311 4312
f 4149 4151 4307
f 4149 4307 4145
f 4310 4170 4171
f 4310 4171 4314
f 4314 4171 4172
f 4314 4172 4173
f 4146 4149 4145
f 4341 4137 4342
f 4342 4136 4340
f 4351 4320 4318
f 4356 4348 4347
f 4351 4349 4321
f 4351 4321 4320
f 4349 4322 4321
f 4357 4116 4323
f 4357 4323 4324
f 4358 4324 4325
f 4358 4325 4326
f 4358 4327 4328
f 4359 4328 4329
f 4359 4329 4330
f 4359 4330 4331
f 4359 4331 4332
f 4349 4332 4333
f 4349 4333 4322
f 4351 4318 4352
f 4351 4352 4354
f 4369 4355 4335
f 4343 4341 4342
f 4343 4368 4341
f 4340 4343 4342
f 4343 4340 4339
f 4368 4343 4344
f 4344 4343 4339
f 4345 4344 4339
f 4345 4339 4346
f 4338 4345 4353
f 4353 4345 4346
f 4494 4353 4369
f 4340 4136 4319
f 4340 4319 4134
f 4339 4340 4134
f 4339 4134 4356
f 4339 4356 4347
f 4350 4347 4348
f 4350 4339 4347
f 4346 4339 4350
f 4350 4348 4349
f 4353 4350 4349
f 4353 4346 4350
f 4353 4349 4351
f 4369 4353 4351
f 4369 4351 4354
f 4369 4354 4334
f 4355 4369 4334
f 4369 4335 4336
f 4348 4359 4349
f 4134 4135 4356
f 4348 4135 4357
f 4358 4357 4324
f 4356 4135 4348
f 4359 4332 4349
f 4348 4357 4358
f 4348 4358 4359
f 4327 4358 4326
f 4337 4369 4336
f 4359 4358 4328
f 4360 4361 4362
f 4363 4548 4364
f 4513 4510 4366
f 4516 4367 4174
f 4516 4174 4341
f 4516 4341 4368
f 4344 4345 4338
f 4337 4370 4369
f 4369 4370 4494
f 4495 4388 4382
f 4505 4392 4486
f 4378 4374 4488
f 4370 4373 4494
f 4373 4375 4494
f 4494 4375 4491
f 4487 4392 4505
f 4375 4376 4491
f 4489 4386 4378
f 4376 4377 4491
f 4382 4402 4490
f 4490 4402 4371
f 4486 4383 4372
f 4372 4409 4386
f 4374 4380 438
f 438 4380 439
f 4377 4379 4491
f 4491 4379 4388
f 4388 4395 4382
f 4374 4378 4398
f 4374 4398 4380
f 4379 4381 4388
f 4395 4402 4382
f 4486 4385 4383
f 4372 4383 4409
f 4381 4384 4388
f 4486 4392 4385
f 4386 4393 4378
f 4384 4387 4388
f 4371 4400 4487
f 4487 4400 4392
f 4387 4389 4388
f 4388 4389 4395
f 4409 4393 4386
f 4389 4391 4395
f 4406 4400 4371
f 4380 4398 4390
f 4380 4407 439
f 4391 4394 4395
f 4380 4390 4407
f 4394 4396 4395
f 4395 4396 4402
f 4402 4406 4371
f 4392 4397 4385
f 4393 4414 4378
f 4396 4399 4402
f 4400 4403 4392
f 4392 4403 4397
f 4385 4404 4383
f 4383 4404 4411
f 4378 4412 4398
f 4398 4420 4390
f 439 4407 440
f 4399 4401 4402
f 4383 4411 4409
f 4401 4405 4402
f 4402 4405 4406
f 4400 4416 4403
f 4385 4397 4404
f 4412 4420 4398
f 4407 4418 440
f 4405 4408 4406
f 4406 4408 4400
f 4409 4414 4393
f 4414 4412 4378
f 440 4418 4365
f 4408 4410 4400
f 4400 4410 4416
f 4414 4436 4412
f 4420 4427 4390
f 4418 4556 4365
f 4410 4413 4416
f 4409 4417 4414
f 4413 4415 4416
f 4415 4419 4416
f 4416 4419 4403
f 4397 4422 4404
f 4411 4417 4409
f 4436 4431 4412
f 4390 4425 4407
f 4407 4425 4418
f 4419 4421 4403
f 4422 4424 4404
f 4404 4424 4411
f 4412 4431 4420
f 4390 4427 4425
f 4425 4364 4418
f 4421 4423 4403
f 4403 4423 4397
f 4411 4442 4417
f 4420 4431 4438
f 4423 4426 4397
f 4397 4426 4422
f 4424 4442 4411
f 4417 4449 4414
f 4420 4438 4427
f 4426 4428 4422
f 4449 4436 4414
f 4427 4439 4425
f 4428 4429 4422
f 4429 4430 4422
f 4422 4430 4424
f 4439 4363 4425
f 4425 4363 4364
f 4430 4432 4424
f 4432 4433 4424
f 4424 4433 4442
f 4431 4437 4438
f 4427 4438 4434
f 4433 4435 4442
f 4442 4446 4417
f 4427 4434 4439
f 4435 4440 4442
f 4417 4446 4449
f 4436 4447 4431
f 4431 4447 4437
f 4440 4441 4442
f 4449 4443 4436
f 4436 4443 4447
f 4447 4457 4437
f 4441 4444 4442
f 4442 4444 4446
f 4439 4450 4363
f 4444 4445 4446
f 4437 4455 4438
f 4445 4448 4446
f 4446 4448 4449
f 4448 4451 4449
f 4434 4469 4439
f 4469 4450 4439
f 4450 4548 4363
f 4451 4452 4449
f 4437 4471 4455
f 4438 4455 4434
f 4452 4453 4449
f 4449 4453 4443
f 4457 4471 4437
f 4453 4454 4443
f 4454 4456 4443
f 4443 4461 4447
f 4434 4477 4469
f 4450 4469 4466
f 4456 4458 4443
f 4455 4477 4434
f 4450 4466 4548
f 4548 4466 4547
f 4458 4459 4443
f 4443 4459 4461
f 4447 4461 4465
f 4447 4465 4457
f 4459 4460 4461
f 4457 4465 4471
f 4461 4462 4465
f 4469 4479 4466
f 4462 4463 4465
f 4463 4464 4465
f 4464 4467 4465
f 4465 4467 4471
f 4467 4468 4471
f 4468 4470 4471
f 4469 4478 4479
f 4466 4362 4547
f 4470 4472 4471
f 4471 4472 4455
f 4466 4479 4362
f 4472 4473 4455
f 4477 4478 4469
f 4473 4474 4455
f 4455 4474 4477
f 4474 4475 4477
f 4475 4476 4477
f 4476 4480 4477
f 4477 4480 4478
f 4480 4481 4478
f 4481 4482 4478
f 4482 4483 4478
f 4483 4484 4478
f 4478 4484 4479
f 4484 4485 4479
f 4485 4360 4479
f 4479 4360 4362
f 4388 4495 4491
f 4372 4493 4486
f 4371 4487 4490
f 4374 438 4488
f 4378 4488 4489
f 4490 4492 4382
f 4491 4499 4494
f 4386 4489 4372
f 4372 4489 4493
f 4493 4496 4486
f 4486 4496 4505
f 4490 4497 4492
f 438 4500 4488
f 4487 4505 4497
f 4487 4497 4490
f 4382 4498 4495
f 4488 4500 4489
f 4492 4498 4382
f 4491 4495 4499
f 4489 4501 4493
f 4500 4501 4489
f 4493 4501 4496
f 4499 4353 4494
f 4498 4502 4495
f 4495 4508 4499
f 4497 4503 4492
f 4492 4502 4498
f 4502 4508 4495
f 4501 4504 4496
f 4496 4504 4505
f 4503 4509 4492
f 4492 4509 4502
f 4499 4338 4353
f 4497 4505 4506
f 4497 4506 4503
f 4499 4508 4338
f 4502 4507 4508
f 4504 4506 4505
f 4506 4509 4503
f 4501 4510 4504
f 4504 4511 4506
f 4509 4514 4502
f 4510 4511 4504
f 4506 4511 4509
f 4502 4514 4507
f 4507 4338 4508
f 4510 4513 4511
f 4511 4512 4509
f 4509 4512 4514
f 4511 4513 4512
f 4338 4507 4344
f 4514 4516 4507
f 4516 4368 4507
f 4507 4368 4344
f 4513 4515 4512
f 4512 4515 4514
f 4514 4515 4516
f 4513 4366 4515
f 4366 4367 4515
f 4515 4367 4516
f 4362 4361 4518
f 4362 4518 4519
f 4362 4519 4537
f 4537 4519 4520
f 4537 4520 4521
f 4537 4521 4522
f 4537 4522 4538
f 4538 4522 4523
f 4538 4523 4524
f 4538 4524 4525
f 4538 4525 4526
f 4538 4526 4535
f 4535 4526 4527
f 4535 4527 4528
f 4535 4528 4529
f 4535 4529 4530
f 4535 4530 4531
f 4535 4531 4536
f 4536 4531 4532
f 4536 4532 4533
f 4536 4533 4566
f 4566 4533 4534
f 4535 4536 4542
f 4535 4539 4538
f 4537 4541 4362
f 4536 4568 4542
f 4535 4542 4539
f 4538 4539 4537
f 4542 4544 4539
f 4537 4539 4540
f 4537 4540 4541
f 4568 4567 4542
f 4539 4544 4540
f 4362 4541 4547
f 4541 4540 4547
f 4542 4543 4544
f 4542 4567 4543
f 4544 4549 4540
f 4544 4543 4545
f 4540 4546 4547
f 4540 4549 4546
f 4544 4545 4549
f 4543 4565 4545
f 4547 4546 4550
f 4547 4550 4548
f 4545 4552 4549
f 4549 4552 4546
f 4565 4551 4545
f 4546 4552 4550
f 4548 4550 4364
f 4545 4551 4552
f 4551 4553 4552
f 4552 4553 4554
f 4552 4554 4550
f 4551 4666 4553
f 4364 4550 4556
f 4550 4554 4556
f 4364 4556 4418
f 4555 4554 4553
f 4555 4517 4554
f 4554 4517 4556
f 4517 4365 4556
f 4594 4551 4565
f 4569 4557 4558
f 4558 4557 4559
f 4559 4557 4560
f 4560 4557 4561
f 4561 4557 4566
f 4561 4566 4562
f 4562 4566 4563
f 4563 4566 4534
f 4564 4597 4568
f 4597 4567 4568
f 4597 4543 4567
f 4557 4568 4566
f 4568 4536 4566
f 4564 4570 4597
f 4565 4570 4594
f 4551 4594 4666
f 4553 4666 4555
f 4581 4595 4599
f 4569 4571 4557
f 4564 4557 4575
f 4557 4571 4575
f 4564 4575 4576
f 4571 4572 4575
f 4572 4573 4575
f 4573 4574 4575
f 4574 4577 4575
f 4575 4577 4576
f 4577 4578 4576
f 4576 4578 4580
f 4576 4581 4599
f 4578 4579 4580
f 4576 4580 4581
f 4579 4582 4580
f 4580 4582 4581
f 4582 4583 4581
f 4583 4584 4581
f 4584 4585 4581
f 4581 4585 4589
f 4595 4581 4593
f 4581 4589 4593
f 4585 4586 4589
f 4586 4587 4589
f 4589 4587 4588
f 4589 4590 4591
f 4588 4590 4589
f 4591 4592 4589
f 4595 4602 4601
f 4598 4594 4570
f 4601 4600 4596
f 4600 4666 4594
f 4598 4570 4599
f 4599 4570 4564
f 4596 4600 4594
f 4599 4564 4576
f 4596 4594 4598
f 4596 4595 4601
f 4596 4598 4599
f 4597 4565 4543
f 4570 4565 4597
f 4593 4602 4595
f 4596 4599 4595
f 4564 4568 4557
f 4603 4602 4593
f 4603 4593 4604
f 4604 4593 4589
f 4604 4589 4592
f 4604 4592 4605
f 4604 4605 4668
f 4668 4605 4606
f 4668 4606 4607
f 4607 4606 4608
f 4607 4608 4609
f 4609 4608 4610
f 4609 4610 4611
f 4611 4610 4612
f 4611 4612 4613
f 4613 4612 4614
f 4613 4614 4615
f 4615 4614 4616
f 4615 4616 4617
f 4617 4616 4618
f 4617 4618 4619
f 4619 4618 4620
f 4619 4620 4621
f 4621 4620 4622
f 4621 4622 4623
f 4623 4622 4624
f 4623 4624 4625
f 4625 4624 4626
f 4625 4626 4627
f 4627 4626 4628
f 4627 4628 4629
f 4629 4628 4630
f 4629 4630 4631
f 4631 4630 4632
f 4631 4632 4633
f 4633 4632 4634
f 4633 4634 4676
f 4676 4634 4635
f 4676 4635 4636
f 4636 4635 4637
f 4636 4637 4678
f 4678 4637 4638
f 4678 4638 4639
f 4639 4638 4640
f 4639 4640 4641
f 4641 4640 4642
f 4641 4642 4643
f 4643 4642 4667
f 4667 4644 4645
f 4645 4644 4646
f 4645 4646 4647
f 4647 4646 4648
f 4647 4648 4673
f 4673 4648 4649
f 4673 4649 4670
f 4670 4649 4650
f 4670 4650 4671
f 4671 4650 4651
f 4671 4651 4653
f 4653 4651 4652
f 4653 4652 4822
f 4653 4822 4654
f 4656 4655 4817
f 4656 4817 4657
f 4657 4817 4658
f 4657 4658 4659
f 4659 4813 4660
f 4660 4662 4661
f 4663 4662 442
f 4663 442 4788
f 4788 442 4790
f 4790 442 4789
f 4789 442 441
f 4789 441 4786
f 4786 441 4795
f 4795 441 4664
f 4664 441 4665
f 4677 4668 4607
f 4677 4607 4675
f 4675 4607 4609
f 4675 4609 4611
f 4679 4619 4621
f 4679 4621 4623
f 4674 4604 4668
f 4674 4668 4677
f 4672 4675 4611
f 4672 4611 4669
f 4669 4611 4613
f 4669 4613 4685
f 4685 4613 4615
f 4685 4615 4617
f 4692 4679 4623
f 4692 4623 4693
f 4693 4623 4625
f 4693 4625 4627
f 4690 4685 4617
f 4690 4617 4682
f 4682 4617 4619
f 4682 4619 4679
f 4703 4693 4627
f 4703 4627 4629
f 4683 4703 4629
f 4683 4629 4631
f 4681 4678 4639
f 4681 4639 4641
f 4603 4604 4674
f 4688 4681 4641
f 4688 4641 4643
f 4680 4676 4636
f 4680 4636 4678
f 4689 4673 4670
f 4689 4670 4684
f 4684 4670 4671
f 4684 4671 4654
f 4654 4671 4653
f 4694 4643 4667
f 4694 4667 4645
f 4708 4633 4676
f 4708 4676 4680
f 4695 4647 4673
f 4695 4673 4689
f 4701 4675 4672
f 4701 4672 4669
f 4686 4703 4683
f 4686 4683 4699
f 4699 4683 4631
f 4699 4631 4633
f 4699 4633 4708
f 4687 4680 4678
f 4687 4678 4681
f 4698 4694 4645
f 4698 4645 4700
f 4700 4645 4647
f 4700 4647 4695
f 4710 4603 4674
f 4710 4674 4677
f 4696 4669 4685
f 4696 4685 4690
f 4691 4690 4682
f 4691 4682 4706
f 4706 4682 4679
f 4706 4679 4692
f 4718 4708 4680
f 4718 4680 4687
f 4697 4687 4681
f 4697 4681 4688
f 4710 4677 4717
f 4717 4677 4675
f 4717 4675 4701
f 4696 4701 4669
f 4702 4696 4690
f 4702 4690 4691
f 4715 4706 4692
f 4715 4692 4707
f 4707 4692 4693
f 4707 4693 4703
f 4602 4603 4710
f 4704 4686 4699
f 4704 4699 4723
f 4723 4699 4708
f 4716 4698 4700
f 4716 4700 4714
f 4714 4700 4695
f 4714 4695 4689
f 4655 4684 4654
f 4705 4696 4702
f 4722 4707 4703
f 4722 4703 4686
f 4709 4714 4689
f 4709 4689 4684
f 4709 4684 4655
f 4711 4701 4696
f 4711 4696 4705
f 4728 4705 4702
f 4728 4702 4712
f 4712 4702 4691
f 4712 4691 4713
f 4713 4691 4706
f 4713 4706 4715
f 4722 4686 4704
f 4727 4718 4687
f 4727 4687 4697
f 4740 4602 4710
f 4720 4688 4643
f 4720 4643 4721
f 4721 4643 4694
f 4721 4694 4698
f 4736 4712 4713
f 4736 4713 4730
f 4730 4713 4715
f 4730 4715 4731
f 4731 4715 4707
f 4731 4707 4722
f 4719 4727 4697
f 4719 4697 4688
f 4732 4721 4698
f 4732 4698 4716
f 4734 4716 4714
f 4734 4714 4709
f 4747 4740 4710
f 4747 4710 4717
f 4724 4723 4708
f 4724 4708 4718
f 4656 4709 4655
f 4725 4717 4701
f 4725 4701 4711
f 4738 4722 4704
f 4738 4704 4744
f 4744 4704 4723
f 4744 4723 4724
f 4726 4724 4718
f 4726 4718 4727
f 4729 4709 4656
f 4743 4731 4722
f 4743 4722 4738
f 4729 4734 4709
f 4735 4711 4705
f 4735 4705 4728
f 4739 4719 4688
f 4739 4688 4720
f 4733 4732 4716
f 4733 4716 4734
f 4756 4736 4730
f 4756 4730 4742
f 4742 4730 4731
f 4735 4725 4711
f 4741 4735 4728
f 4741 4728 4712
f 4741 4712 4736
f 4742 4731 4743
f 4749 4727 4719
f 4749 4719 4739
f 4737 4739 4720
f 4737 4720 4721
f 4737 4721 4732
f 4657 4729 4656
f 4601 4602 4740
f 4751 4741 4736
f 4751 4736 4756
f 4752 4744 4724
f 4752 4724 4726
f 4748 4737 4732
f 4748 4732 4733
f 4745 4733 4734
f 4745 4734 4729
f 4745 4729 4746
f 4746 4729 4657
f 4753 4752 4726
f 4753 4726 4727
f 4753 4727 4749
f 4774 4743 4738
f 4774 4738 4744
f 4750 4749 4739
f 4750 4739 4754
f 4754 4739 4737
f 4754 4737 4748
f 4763 4601 4740
f 4763 4740 4747
f 4763 4747 4760
f 4760 4747 4717
f 4760 4717 4725
f 4762 4756 4742
f 4764 4742 4743
f 4764 4743 4774
f 4757 4774 4744
f 4757 4744 4752
f 4754 4748 4766
f 4766 4748 4733
f 4764 4762 4742
f 4755 4725 4735
f 4755 4735 4741
f 4758 4753 4749
f 4758 4749 4750
f 4758 4750 4759
f 4759 4750 4754
f 4775 4733 4745
f 4775 4745 4746
f 4761 4755 4741
f 4761 4741 4751
f 4761 4751 4773
f 4773 4751 4756
f 4773 4756 4762
f 4770 4764 4774
f 4765 4757 4752
f 4765 4752 4753
f 4767 4763 4760
f 4769 4773 4762
f 4769 4762 4764
f 4765 4753 4758
f 4771 4759 4754
f 4771 4754 4766
f 4782 4766 4733
f 4782 4733 4775
f 4772 4775 4746
f 4772 4746 4659
f 4659 4746 4657
f 4600 4601 4767
f 4767 4601 4763
f 4768 4767 4760
f 4768 4760 4725
f 4769 4764 4770
f 4778 4774 4757
f 4778 4757 4765
f 4776 4767 4768
f 4755 4768 4725
f 4785 4778 4765
f 4771 4766 4782
f 4776 4600 4767
f 4780 4755 4761
f 4783 4761 4773
f 4779 4765 4758
f 4779 4758 4759
f 4777 4770 4774
f 4777 4774 4778
f 4785 4765 4779
f 4792 4782 4775
f 4792 4775 4772
f 4794 4768 4755
f 4794 4755 4780
f 4783 4780 4761
f 4781 4783 4773
f 4781 4773 4769
f 4784 4769 4770
f 4784 4770 4777
f 4787 4785 4779
f 4791 4779 4759
f 4791 4759 4771
f 4659 4792 4772
f 4784 4781 4769
f 4787 4779 4791
f 4662 4791 4771
f 4662 4771 4661
f 4661 4771 4782
f 4788 4777 4778
f 4788 4778 4785
f 4661 4782 4792
f 4666 4600 4776
f 4793 4776 4768
f 4793 4768 4794
f 4786 4783 4781
f 4786 4781 4784
f 4666 4776 4793
f 4664 4794 4780
f 4795 4780 4783
f 4795 4783 4786
f 4790 4784 4777
f 4790 4777 4788
f 4787 4788 4785
f 4660 4792 4659
f 4789 4786 4784
f 4789 4784 4790
f 4663 4787 4791
f 4795 4664 4780
f 4663 4788 4787
f 4660 4661 4792
f 4665 4666 4793
f 4665 4793 4794
f 4664 4665 4794
f 4662 4663 4791
f 4823 4799 4800
f 4820 4800 4801
f 4820 4801 4802
f 4820 4802 4803
f 4820 4803 4804
f 4820 4804 4809
f 4809 4804 4805
f 4809 4805 4806
f 4809 4806 4807
f 4809 4807 4808
f 4809 4808 4810
f 4810 4808 4842
f 4820 4809 4815
f 4820 4815 4814
f 4809 4810 4815
f 4820 4814 4811
f 4814 4818 4811
f 4811 4819 4822
f 4814 4815 4812
f 4812 5254 4659
f 4659 5254 4813
f 4659 4816 4814
f 4658 4816 4659
f 4816 4658 4817
f 4816 4817 4814
f 4814 4817 4818
f 4817 4655 4818
f 4818 4819 4811
f 4655 4819 4818
f 4655 4654 4819
f 4819 4654 4822
f 4822 4652 4796
f 4800 4820 4823
f 4799 4823 4798
f 4798 4823 4821
f 4821 4823 4797
f 4797 4823 4796
f 4823 4822 4796
f 4820 4811 4823
f 4811 4822 4823
f 4659 4814 4812
f 4824 4825 4652
f 4652 4825 4796
f 4796 4825 4797
f 4797 4825 4826
f 4797 4826 4827
f 4797 4827 4821
f 4821 4827 4828
f 4821 4828 4798
f 4798 4828 4829
f 4798 4829 4830
f 4798 4830 4799
f 4799 4830 4831
f 4799 4831 4800
f 4800 4831 4832
f 4800 4832 4833
f 4800 4833 4801
f 4801 4833 4834
f 4801 4834 4802
f 4802 4834 4835
f 4802 4835 4803
f 4803 4835 4836
f 4803 4836 4804
f 4804 4836 4837
f 4804 4837 4805
f 4805 4837 4838
f 4805 4838 4806
f 4806 4838 4839
f 4806 4839 4807
f 4807 4839 4840
f 4807 4840 4808
f 4808 4840 4841
f 4808 4841 4842
f 4842 4841 4843
f 4842 4843 4844
f 4844 4843 4845
f 4844 4845 4846
f 4846 4845 4847
f 4846 4847 4848
f 4848 4847 4849
f 4849 4847 4850
f 4849 4850 5255
f 5255 4850 4851
f 5255 4851 5260
f 5260 4851 4852
f 5260 4852 4853
f 5459 4854 4856
f 4856 4854 4855
f 4856 4855 5460
f 5460 4855 5360
f 5360 4855 4857
f 5360 4857 5453
f 5453 4857 4858
f 5453 4858 5361
f 5361 4858 4860
f 5361 4860 4859
f 4859 4860 4862
f 4859 4862 4861
f 4861 4862 5449
f 5449 4862 4863
f 5449 4863 4864
f 4864 4863 4866
f 4864 4866 4865
f 4865 4866 5362
f 5362 4866 4867
f 5362 4867 4868
f 4868 4867 4869
f 4868 4869 5363
f 5363 4869 4870
f 5363 4870 5450
f 5450 4870 4871
f 4871 4870 4872
f 4871 4872 5438
f 5438 4872 4874
f 4874 4872 4873
f 4874 4873 4875
f 4875 4873 4876
f 4875 4876 4877
f 4877 4876 4878
f 4877 4878 5455
f 5455 4878 4879
f 4879 4878 4880
f 4879 4880 5364
f 5364 4880 4881
f 5364 4881 4882
f 4882 4881 5365
f 5365 4881 4883
f 5365 4883 5366
f 5366 4883 4884
f 5366 4884 4885
f 4885 4884 4886
f 4885 4886 5367
f 5367 4886 4888
f 5367 4888 4887
f 4887 4888 4889
f 4887 4889 5463
f 5463 4889 4890
f 5463 4890 5454
f 5454 4890 5368
f 5368 4890 4892
f 5368 4892 4891
f 4891 4892 4893
f 4891 4893 5443
f 5443 4893 4894
f 4894 4893 4895
f 4895 4893 4896
f 4895 4896 4828
f 4828 4896 4829
f 4829 4896 4830
f 4830 4896 4831
f 4831 4896 4832
f 4832 4896 4833
f 4833 4896 4834
f 4834 4896 4835
f 4835 4896 4836
f 4836 4896 4837
f 4837 4896 4897
f 4837 4897 4838
f 4838 4897 4839
f 4839 4897 4840
f 4840 4897 4841
f 4841 4897 4843
f 4843 4897 4845
f 4845 4897 4847
f 4847 4897 4898
f 4847 4898 4850
f 4850 4898 4851
f 4851 4898 4852
f 4852 4898 4899
f 4899 4898 4900
f 4899 4900 4901
f 4901 4900 4902
f 4902 4900 4903
f 4902 4903 4904
f 4904 4903 4905
f 4904 4905 4906
f 4906 4905 4907
f 4906 4907 4908
f 4908 4907 4909
f 4908 4909 4910
f 4910 4909 4911
f 4911 4909 4912
f 4912 4909 4913
f 4912 4913 4914
f 4914 4913 4915
f 4915 4913 4916
f 4915 4916 4917
f 4917 4916 4918
f 4918 4916 4919
f 4919 4916 4920
f 4920 4916 4921
f 4920 4921 4922
f 4922 4921 4923
f 4828 4827 4895
f 4895 4827 4826
f 4895 4826 4825
f 4895 4825 4824
f 2465 2536 4854
f 4854 2536 4855
f 4855 2536 2535
f 4855 2535 1477
f 4855 1477 4857
f 4857 1477 2534
f 4857 2534 4858
f 4858 2534 2533
f 4858 2533 4860
f 4860 2533 2532
f 4860 2532 4862
f 4862 2532 2531
f 4862 2531 4863
f 4863 2531 2530
f 4863 2530 4866
f 4866 2530 2529
f 4866 2529 4867
f 4867 2529 2528
f 4867 2528 4869
f 4869 2528 2527
f 4869 2527 4870
f 4870 2527 2526
f 4870 2526 2525
f 4870 2525 4872
f 4872 2525 1482
f 4872 1482 4873
f 4873 1482 1481
f 4873 1481 4876
f 4876 1481 1480
f 4876 1480 2524
f 4876 2524 4878
f 4878 2524 2523
f 4878 2523 4880
f 4880 2523 1762
f 4880 1762 2522
f 4880 2522 4881
f 4881 2522 2521
f 4881 2521 2520
f 4881 2520 4883
f 4883 2520 2519
f 4883 2519 2518
f 4883 2518 4884
f 4884 2518 2517
f 4884 2517 4886
f 4886 2517 2516
f 4886 2516 4888
f 4888 2516 2515
f 4888 2515 4889
f 4889 2515 2514
f 4889 2514 2513
f 4889 2513 4890
f 4890 2513 2512
f 4890 2512 4892
f 4892 2512 2511
f 4892 2511 2510
f 4892 2510 4893
f 4893 2510 2509
f 4893 2509 4896
f 4896 2509 4897
f 4897 2509 2508
f 4897 2508 4898
f 4898 2508 4900
f 4900 2508 2507
f 4900 2507 4903
f 4903 2507 2506
f 4903 2506 4905
f 4905 2506 2505
f 4905 2505 4907
f 4907 2505 2504
f 4907 2504 4909
f 4909 2504 1764
f 4909 1764 4913
f 4913 1764 4916
f 4916 1764 1770
f 4916 1770 4921
f 4921 1770 1773
f 4921 1773 4924
f 4924 1773 1780
f 4924 1780 4925
f 4925 1780 2503
f 4925 2503 4926
f 4926 2503 2502
f 4926 2502 4927
f 4927 2502 2501
f 4927 2501 4928
f 4928 2501 2500
f 4928 2500 4929
f 4929 2500 2499
f 4929 2499 4930
f 4930 2499 2498
f 4930 2498 4931
f 4931 2498 2497
f 4931 2497 4932
f 4932 2497 2496
f 4932 2496 4933
f 4933 2496 2495
f 4933 2495 4934
f 4934 2495 2494
f 4934 2494 4935
f 4935 2494 2493
f 4935 2493 4936
f 4936 2493 2492
f 4936 2492 4937
f 4937 2492 2491
f 4937 2491 4938
f 4938 2491 2490
f 4938 2490 4939
f 4939 2490 2489
f 4939 2489 2488
f 4939 2488 4940
f 4940 2488 2487
f 4940 2487 2486
f 4940 2486 4941
f 4941 2486 2485
f 4941 2485 4942
f 4942 2485 1787
f 4942 1787 1786
f 4942 1786 4943
f 4943 1786 1785
f 4943 1785 2484
f 4943 2484 4944
f 4944 2484 2483
f 4944 2483 4945
f 4945 2483 2482
f 4945 2482 2481
f 4945 2481 4946
f 4946 2481 2480
f 4946 2480 1472
f 4946 1472 4947
f 4947 1472 2479
f 4947 2479 2478
f 4947 2478 4948
f 4948 2478 2477
f 4948 2477 4949
f 4949 2477 2476
f 4949 2476 4950
f 4950 2476 2475
f 4950 2475 4951
f 4951 2475 2474
f 4951 2474 4952
f 4952 2474 4953
f 4953 2474 2473
f 4953 2473 4954
f 4954 2473 2472
f 4954 2472 4955
f 4955 2472 4956
f 4956 2472 2471
f 4956 2471 2470
f 4956 2470 4957
f 4957 2470 2469
f 4957 2469 4958
f 4958 2469 2468
f 4958 2468 4959
f 4959 2468 2467
f 4959 2467 4960
f 4960 2467 1475
f 4960 1475 4961
f 4961 1475 2466
f 4961 2466 4962
f 4962 2466 4963
f 4963 2466 2465
f 4963 2465 4854
f 4923 4921 4964
f 4964 4921 4924
f 4964 4924 4965
f 4965 4924 4925
f 4965 4925 4966
f 4966 4925 4967
f 4967 4925 4926
f 4967 4926 4968
f 4968 4926 4969
f 4969 4926 4970
f 4970 4926 4971
f 4971 4926 4927
f 4971 4927 4972
f 4972 4927 4928
f 4972 4928 4973
f 4973 4928 4974
f 4974 4928 4975
f 4975 4928 4929
f 4975 4929 4976
f 4976 4929 4977
f 4977 4929 4930
f 4977 4930 4978
f 4978 4930 4931
f 4978 4931 4979
f 4979 4931 4932
f 4979 4932 4980
f 4980 4932 4981
f 4981 4932 4933
f 4981 4933 4982
f 4982 4933 4983
f 4983 4933 4984
f 4984 4933 4934
f 4984 4934 4985
f 4985 4934 4986
f 4986 4934 4987
f 4987 4934 4988
f 4988 4934 4935
f 4988 4935 4989
f 4989 4935 4990
f 4990 4935 4991
f 4991 4935 4936
f 4991 4936 4992
f 4992 4936 4937
f 4992 4937 4993
f 4993 4937 4994
f 4994 4937 4938
f 4994 4938 4995
f 4995 4938 4996
f 4996 4938 4997
f 4997 4938 4939
f 4997 4939 4998
f 4998 4939 4999
f 4999 4939 5000
f 5000 4939 5001
f 5001 4939 4940
f 5001 4940 5002
f 5002 4940 5003
f 5003 4940 5004
f 5004 4940 4941
f 5004 4941 5005
f 5005 4941 4942
f 5005 4942 5006
f 5006 4942 5007
f 5007 4942 5008
f 5008 4942 4943
f 5008 4943 5009
f 5009 4943 5010
f 5010 4943 4944
f 5010 4944 5011
f 5011 4944 4945
f 5011 4945 5012
f 5012 4945 5013
f 5013 4945 5014
f 5014 4945 5015
f 5015 4945 4946
f 5015 4946 5016
f 5016 4946 5017
f 5017 4946 5018
f 5018 4946 4947
f 5018 4947 5019
f 5019 4947 5020
f 5020 4947 5021
f 5021 4947 5022
f 5022 4947 4948
f 5022 4948 5023
f 5023 4948 4949
f 5023 4949 5024
f 5024 4949 5025
f 5025 4949 4950
f 5025 4950 5026
f 5026 4950 5027
f 5027 4950 5028
f 5028 4950 5029
f 5029 4950 4951
f 5029 4951 5030
f 5030 4951 5031
f 5031 4951 5032
f 5032 4951 5033
f 5033 4951 4952
f 5033 4952 5034
f 5034 4952 5035
f 5035 4952 5036
f 5036 4952 5037
f 5037 4952 4953
f 5037 4953 5038
f 5038 4953 5039
f 5039 4953 5040
f 5040 4953 5041
f 5041 4953 5042
f 5042 4953 5043
f 5043 4953 4954
f 5043 4954 5044
f 5044 4954 5045
f 5045 4954 5046
f 5046 4954 605
f 5046 605 5047
f 5047 605 5048
f 5048 605 5049
f 5049 605 603
f 605 4954 606
f 606 4954 4955
f 606 4955 607
f 607 4955 5050
f 5050 4955 4956
f 5050 4956 5051
f 5051 4956 4957
f 5051 4957 5462
f 5462 4957 4958
f 5462 4958 5448
f 5448 4958 4959
f 5448 4959 4960
f 5359 4960 4961
f 5452 4962 4963
f 5459 4963 4854
f 5262 5052 5026
f 5026 5052 5025
f 5025 5052 5053
f 5025 5053 5024
f 5024 5053 5054
f 5024 5054 5023
f 5023 5054 5055
f 5023 5055 5022
f 5022 5055 5056
f 5022 5056 5021
f 5021 5056 5057
f 5021 5057 5020
f 5020 5057 5058
f 5020 5058 5019
f 5019 5058 5059
f 5019 5059 5018
f 5018 5059 5060
f 5018 5060 5017
f 5017 5060 5061
f 5017 5061 5016
f 5016 5061 5062
f 5016 5062 5015
f 5015 5062 5063
f 5015 5063 5014
f 5014 5063 5064
f 5014 5064 5013
f 5013 5064 5065
f 5013 5065 5012
f 5012 5065 5066
f 5012 5066 5011
f 5011 5066 5067
f 5011 5067 5010
f 5010 5067 5068
f 5010 5068 5009
f 5009 5068 5069
f 5009 5069 5008
f 5008 5069 5137
f 5008 5137 5007
f 5007 5137 5070
f 5007 5070 5006
f 5006 5070 5071
f 5006 5071 5005
f 5005 5071 5072
f 5005 5072 5004
f 5004 5072 5073
f 5004 5073 5003
f 5003 5073 5074
f 5003 5074 5002
f 5002 5074 5075
f 5002 5075 5001
f 5001 5075 5076
f 5001 5076 5000
f 5000 5076 5077
f 5000 5077 4999
f 4999 5077 5078
f 4999 5078 4998
f 4998 5078 5079
f 4998 5079 4997
f 4997 5079 5080
f 4997 5080 4996
f 4996 5080 5081
f 4996 5081 4995
f 4995 5081 5082
f 4995 5082 4994
f 4994 5082 5083
f 4994 5083 4993
f 4993 5083 5084
f 4993 5084 4992
f 4992 5084 5085
f 4992 5085 4991
f 4991 5085 5086
f 4991 5086 4990
f 4990 5086 5087
f 4990 5087 4989
f 4989 5087 5088
f 4989 5088 4988
f 4988 5088 5089
f 4988 5089 4987
f 4987 5089 5090
f 4987 5090 4986
f 4986 5090 5091
f 4986 5091 4985
f 4985 5091 5092
f 4985 5092 4984
f 4984 5092 5093
f 4984 5093 4983
f 4983 5093 5094
f 4983 5094 4982
f 4982 5094 5095
f 4982 5095 4981
f 4981 5095 5096
f 4981 5096 4980
f 4980 5096 5097
f 4980 5097 4979
f 4979 5097 5098
f 4979 5098 4978
f 4978 5098 5099
f 4978 5099 4977
f 4977 5099 5100
f 4977 5100 4976
f 4976 5100 5101
f 4976 5101 4975
f 4975 5101 5102
f 4975 5102 4974
f 4974 5102 5103
f 4974 5103 4973
f 4973 5103 5104
f 4973 5104 4972
f 4972 5104 5105
f 4972 5105 4971
f 4971 5105 5106
f 4971 5106 4970
f 4970 5106 5107
f 4970 5107 4969
f 4969 5107 5108
f 4969 5108 4968
f 4968 5108 5109
f 4968 5109 4967
f 4967 5109 5110
f 4967 5110 4966
f 4966 5110 5111
f 4966 5111 4965
f 4965 5111 5112
f 4965 5112 4964
f 4964 5112 5113
f 4964 5113 4923
f 4923 5113 5114
f 4923 5114 4922
f 4922 5114 5115
f 4922 5115 4920
f 4920 5115 5116
f 4920 5116 4919
f 4919 5116 5117
f 4919 5117 4918
f 4918 5117 5118
f 4918 5118 4917
f 4917 5118 5119
f 4917 5119 4915
f 4915 5119 5120
f 4915 5120 4914
f 4914 5120 5121
f 4914 5121 4912
f 4912 5121 5122
f 4912 5122 4911
f 4911 5122 5123
f 4911 5123 4910
f 4910 5123 5124
f 4910 5124 4908
f 4908 5124 5125
f 4908 5125 4906
f 4906 5125 5126
f 4906 5126 4904
f 4904 5126 5127
f 4904 5127 4902
f 4902 5127 5128
f 4902 5128 4901
f 4901 5128 5129
f 4901 5129 4899
f 4899 5129 4853
f 4899 4853 4852
f 5151 4813 5249
f 5130 5256 5202
f 5202 5256 5257
f 5257 5259 5176
f 5259 4853 5129
f 5259 5129 5176
f 5176 5129 5128
f 5176 5128 5127
f 5176 5127 5126
f 5176 5126 5163
f 5163 5126 5125
f 5163 5125 5124
f 5163 5124 5123
f 5163 5123 5162
f 5162 5123 5122
f 5162 5122 5121
f 5162 5121 5161
f 5161 5121 5120
f 5161 5120 5119
f 5161 5119 5131
f 5131 5119 5118
f 5131 5118 5117
f 5131 5117 5116
f 5131 5116 5132
f 5132 5116 5115
f 5132 5115 5114
f 5132 5114 5166
f 5166 5114 5113
f 5166 5113 5112
f 5166 5112 5167
f 5167 5112 5111
f 5167 5111 5110
f 5167 5110 5109
f 5167 5109 5108
f 5167 5108 5174
f 5174 5108 5107
f 5174 5107 5106
f 5174 5106 5105
f 5174 5105 5104
f 5174 5104 5103
f 5174 5103 5180
f 5180 5103 5102
f 5180 5102 5101
f 5180 5101 5133
f 5133 5101 5100
f 5133 5100 5099
f 5133 5099 5098
f 5133 5098 5168
f 5168 5098 5097
f 5168 5097 5096
f 5168 5096 5095
f 5168 5095 5094
f 5168 5094 5134
f 5134 5094 5093
f 5134 5093 5092
f 5134 5092 5178
f 5178 5092 5091
f 5178 5091 5090
f 5178 5090 5175
f 5175 5090 5089
f 5175 5089 5088
f 5175 5088 5087
f 5175 5087 5086
f 5175 5086 5135
f 5135 5086 5085
f 5135 5085 5084
f 5135 5084 5164
f 5164 5084 5083
f 5164 5083 5082
f 5164 5082 5172
f 5172 5082 5081
f 5172 5081 5080
f 5172 5080 5079
f 5172 5079 5077
f 5077 5079 5078
f 5136 5077 5076
f 5136 5076 5075
f 5136 5075 5074
f 5136 5074 5169
f 5169 5074 5073
f 5169 5073 5072
f 5169 5072 5170
f 5170 5072 5071
f 5170 5071 5070
f 5170 5070 5137
f 5192 5137 5069
f 5192 5069 5068
f 5192 5068 5181
f 5181 5068 5067
f 5181 5067 5138
f 5138 5067 5066
f 5138 5066 5065
f 5138 5065 5064
f 5138 5064 5139
f 5139 5064 5063
f 5139 5063 5062
f 5139 5062 5061
f 5139 5061 5060
f 5139 5060 5165
f 5165 5060 5059
f 5165 5059 5140
f 5140 5059 5058
f 5140 5058 5057
f 5140 5057 5056
f 5140 5056 5141
f 5141 5056 5055
f 5141 5055 5054
f 5141 5054 5053
f 5141 5053 5052
f 5141 5052 5309
f 5309 5052 5262
f 5141 5309 5261
f 5194 5292 5221
f 5237 5248 5297
f 5237 5297 5252
f 5144 5247 5153
f 5144 5153 5240
f 5242 5240 5154
f 5251 5155 5147
f 5146 5148 5149
f 5240 5153 5154
f 443 5151 5241
f 5252 5297 5152
f 5252 5148 5146
f 5142 5149 5157
f 5142 5157 5143
f 5145 5155 5251
f 5155 5156 5147
f 5241 5151 5249
f 5252 5152 5148
f 5147 5156 443
f 5148 342 5149
f 5149 342 5157
f 5143 5157 5158
f 5143 5158 5247
f 5247 5158 5153
f 5153 5158 5159
f 5153 5159 5154
f 5154 5159 343
f 5154 343 5150
f 5150 343 5145
f 5145 5160 5155
f 5155 5160 5156
f 5145 343 5160
f 5170 5137 5192
f 5166 5183 5132
f 5161 5131 5182
f 5161 5182 5162
f 5190 5167 5174
f 5162 5182 5163
f 5183 5166 5184
f 5184 5166 5167
f 5177 5180 5133
f 5177 5133 5168
f 5171 5168 5134
f 5171 5134 5178
f 5164 5172 5185
f 5172 5077 5136
f 5173 5165 5140
f 5173 5140 5141
f 5184 5167 5190
f 5185 5172 5136
f 5179 5181 5138
f 5179 5138 5139
f 5131 5132 5182
f 5191 5178 5175
f 5197 5175 5135
f 5197 5135 5187
f 5187 5135 5164
f 5179 5139 5165
f 5163 5182 5195
f 5189 5177 5168
f 5163 5195 5176
f 5190 5174 5180
f 5171 5178 5191
f 5191 5175 5197
f 5187 5164 5185
f 5200 5170 5192
f 5203 5183 5184
f 5185 5136 5186
f 5186 5136 5169
f 5200 5169 5170
f 5194 5173 5141
f 5194 5141 5261
f 5132 5183 5206
f 5132 5206 5182
f 5207 5184 5190
f 5204 5192 5181
f 5204 5181 5179
f 5193 5179 5165
f 5193 5165 5173
f 5203 5188 5183
f 5196 5177 5189
f 5189 5168 5171
f 5186 5169 5200
f 5183 5188 5206
f 5182 5206 5195
f 5176 5202 5257
f 5207 5203 5184
f 5199 5190 5180
f 5215 5171 5191
f 5198 5187 5185
f 5176 5195 5202
f 5201 5188 5203
f 5199 5180 5177
f 5211 5215 5191
f 5211 5191 5197
f 5198 5185 5208
f 5207 5190 5199
f 5215 5189 5171
f 5218 5197 5198
f 5198 5197 5187
f 5208 5185 5186
f 5200 5192 5204
f 5204 5179 5209
f 5209 5179 5193
f 5213 5173 5194
f 5195 5216 5202
f 5218 5211 5197
f 5212 5186 5200
f 5199 5177 5196
f 5205 5196 5189
f 5206 5214 5195
f 5230 5199 5196
f 5231 5196 5205
f 5226 5209 5193
f 5226 5193 5173
f 5188 5201 5210
f 5188 5210 5206
f 5230 5196 5231
f 5205 5189 5215
f 5208 5186 5212
f 5224 5200 5204
f 5224 5204 5209
f 5227 5203 5207
f 5218 5198 5219
f 5219 5198 5208
f 5213 5194 5221
f 5206 5210 5214
f 5195 5214 5216
f 5210 5201 5223
f 5227 5201 5203
f 5217 5215 5211
f 5212 5200 5224
f 5220 5226 5173
f 5223 5201 5227
f 5231 5205 5222
f 5222 5205 5215
f 5217 5211 5218
f 5232 5208 5212
f 5220 5173 5213
f 5202 5216 5130
f 5236 5227 5207
f 5236 5207 5199
f 5228 5217 5218
f 5239 5210 5223
f 5222 5215 5217
f 5234 5232 5212
f 5225 5224 5209
f 5225 5209 5226
f 5210 5229 5214
f 5219 5208 5232
f 5216 5238 5130
f 5245 5236 5199
f 5233 5230 5231
f 5244 5224 5225
f 5210 5239 5229
f 5214 5235 5216
f 5245 5199 5230
f 5222 5217 5246
f 5246 5217 5228
f 5228 5218 5219
f 5243 5232 5234
f 5234 5212 5224
f 5234 5224 5244
f 5225 5226 5220
f 5250 5220 5237
f 5237 5220 5213
f 5214 5229 5235
f 5216 5235 5238
f 5233 5231 5222
f 5243 5219 5232
f 5239 5223 5236
f 5236 5223 5227
f 5251 5236 5245
f 5242 5233 5222
f 5130 5238 5253
f 5245 5230 5233
f 5250 5225 5220
f 5240 5242 5222
f 5144 5246 5228
f 5142 5243 5234
f 5142 5234 5244
f 5147 5229 5239
f 5147 5239 5251
f 5251 5239 5236
f 5240 5222 5246
f 5144 5228 5247
f 5247 5228 5219
f 5146 5244 5225
f 5146 5225 5250
f 5248 5237 5213
f 5238 5235 5241
f 5238 5241 5253
f 5245 5233 5150
f 5247 5219 5243
f 5143 5243 5142
f 5252 5250 5237
f 5145 5251 5245
f 5150 5233 5242
f 5235 5229 443
f 5253 5241 5249
f 5253 5249 5254
f 5145 5245 5150
f 5240 5246 5144
f 5149 5244 5146
f 5147 443 5229
f 5235 443 5241
f 5143 5247 5243
f 5146 5250 5252
f 5154 5150 5242
f 5142 5244 5149
f 5249 4813 5254
f 5257 5258 5259
f 5256 4815 5258
f 5259 5255 5260
f 5258 4810 5259
f 5259 4848 4849
f 5259 4810 4848
f 4810 4846 4848
f 4810 4842 4844
f 4810 4844 4846
f 5259 4849 5255
f 5253 5254 5130
f 5130 5254 4812
f 5256 5130 4812
f 5257 5256 5258
f 5256 4812 4815
f 4853 5259 5260
f 4815 4810 5258
f 5297 489 5152
f 5248 5213 5221
f 5298 5263 5302
f 5302 5263 5264
f 5302 5264 5265
f 5302 5265 5304
f 5304 5265 5266
f 5266 5267 5304
f 5304 5267 5268
f 5304 5268 5269
f 5269 5270 5300
f 5300 5270 5271
f 5300 5271 5272
f 5300 5272 5273
f 5300 5273 5303
f 5303 5273 5274
f 5303 5274 5275
f 5303 5275 5279
f 5279 5275 5276
f 5279 5276 5277
f 5279 5277 5278
f 5279 5278 5280
f 5279 5280 5299
f 5299 5280 5281
f 5299 5281 5282
f 5299 5282 5283
f 5299 5283 5284
f 5299 5284 5287
f 5287 5284 5285
f 5287 5285 458
f 5287 458 494
f 5287 494 5288
f 5286 5301 5289
f 5286 5289 5290
f 5289 5294 5290
f 5292 5194 5261
f 5301 5288 5289
f 5290 5295 5291
f 5291 5221 5292
f 5288 5293 5289
f 5291 5295 5221
f 494 5293 5288
f 5294 5295 5290
f 5289 5293 5294
f 5296 5294 490
f 5295 5296 5297
f 5298 5309 5262
f 5300 5304 5269
f 5299 5288 5301
f 5299 5301 5279
f 5303 5305 5300
f 5287 5288 5299
f 5301 5303 5279
f 5305 5304 5300
f 5302 5309 5298
f 5301 5286 5303
f 5286 5290 5303
f 5303 5290 5305
f 5304 5305 5306
f 5304 5306 5302
f 5306 5308 5302
f 5290 5307 5305
f 5305 5307 5306
f 5290 5291 5307
f 5307 5308 5306
f 5302 5308 5309
f 5221 5295 5248
f 5308 5261 5309
f 5307 5291 5292
f 5307 5292 5308
f 5295 5294 5296
f 5308 5292 5261
f 5295 5297 5248
f 5262 5026 5027
f 5262 5027 5298
f 5298 5027 5028
f 5298 5028 5263
f 5263 5028 5029
f 5263 5029 5264
f 5264 5029 5030
f 5264 5030 5265
f 5265 5030 5031
f 5265 5031 5266
f 5266 5031 5032
f 5266 5032 5267
f 5267 5032 5033
f 5267 5033 5268
f 5268 5033 5034
f 5268 5034 5269
f 5269 5034 5035
f 5269 5035 5270
f 5270 5035 5036
f 5270 5036 5271
f 5271 5036 5037
f 5271 5037 5272
f 5272 5037 5038
f 5272 5038 5273
f 5273 5038 5039
f 5273 5039 5274
f 5274 5039 5040
f 5274 5040 5275
f 5275 5040 5041
f 5275 5041 5276
f 5276 5041 5042
f 5276 5042 5277
f 5277 5042 5043
f 5277 5043 5278
f 5278 5043 5044
f 5278 5044 5280
f 5280 5044 5045
f 5280 5045 5281
f 5281 5045 5046
f 5281 5046 5282
f 5282 5046 5047
f 5282 5047 5283
f 5283 5047 5048
f 5283 5048 5284
f 5284 5048 5049
f 5284 5049 5285
f 5285 5049 603
f 603 458 5285
f 5311 5310 5312
f 5311 5312 5313
f 5371 5314 5316
f 5316 5314 5315
f 5316 5315 5317
f 5316 5317 5393
f 5393 5317 5381
f 5320 5321 5376
f 5376 5321 5387
f 5387 5321 5322
f 5379 5326 5327
f 5329 5328 5330
f 5329 5330 5385
f 5385 5330 5331
f 5331 5332 5377
f 5377 5332 5333
f 5336 5335 5337
f 5336 5337 5338
f 5383 5338 5339
f 5383 5339 5340
f 5374 5401 5341
f 5374 5341 5342
f 5344 5342 5343
f 5344 5343 5388
f 5378 5372 5345
f 5378 5345 5346
f 5406 5347 5348
f 5406 5348 5349
f 5382 5351 5394
f 5394 5351 5352
f 5394 5352 5353
f 5420 5357 5461
f 5420 5461 5444
f 5433 5446 5445
f 5433 5445 5358
f 5310 5437 5443
f 607 5050 5458
f 5359 5448 4960
f 5456 5359 4961
f 5456 4961 4962
f 5456 4962 5452
f 5459 5452 4963
f 5361 4859 5355
f 5355 4859 4861
f 5355 4861 5449
f 5461 4864 4865
f 5461 4865 5362
f 5445 5455 4879
f 5445 4879 5364
f 5366 4885 5447
f 5447 4885 5367
f 5451 5367 4887
f 5451 4887 5463
f 5457 5368 4891
f 5323 5324 5386
f 5323 5397 5322
f 5322 5397 5387
f 5320 5376 5370
f 5334 5375 5384
f 5334 5384 5333
f 5324 5325 5386
f 5338 5383 5336
f 5336 5409 5335
f 5333 5384 5377
f 5371 5311 5313
f 5347 5378 5346
f 5327 5328 5416
f 5327 5416 5379
f 5370 5402 5380
f 5331 5377 5385
f 5323 5386 5397
f 5370 5376 5402
f 5318 5319 5381
f 5316 5403 5371
f 5400 5389 5369
f 5388 5390 5344
f 5373 5409 5410
f 5328 5329 5416
f 5326 5379 5398
f 5326 5398 5325
f 5389 5406 5349
f 5342 5344 5405
f 5342 5405 5374
f 5371 5403 5311
f 5400 5369 5350
f 5375 5411 5384
f 5394 5399 5382
f 5375 5373 5411
f 5344 5390 5405
f 5373 5410 5411
f 5325 5398 5386
f 5336 5383 5396
f 5336 5396 5409
f 5319 5380 5381
f 5316 5393 5403
f 5395 5372 5378
f 5388 5395 5390
f 5385 5391 5329
f 5400 5415 5389
f 5384 5411 5392
f 5377 5392 5385
f 5385 5392 5391
f 5422 5395 5378
f 5422 5378 5347
f 5383 5340 5396
f 5384 5392 5377
f 5376 5417 5402
f 5329 5391 5416
f 5403 5437 5311
f 5393 5381 5421
f 5428 5399 5394
f 5428 5394 5353
f 5390 5404 5405
f 5379 5412 5398
f 5387 5417 5376
f 5393 5407 5403
f 5424 5400 5350
f 5379 5416 5412
f 5405 5432 5374
f 5374 5432 5401
f 5395 5408 5390
f 5387 5397 5413
f 5387 5413 5417
f 5403 5407 5437
f 5422 5347 5414
f 5419 5406 5389
f 5419 5389 5415
f 5429 5350 5399
f 5402 5418 5380
f 5408 5395 5422
f 5419 5347 5406
f 5386 5413 5397
f 5417 5418 5402
f 5380 5418 5427
f 5380 5427 5381
f 5393 5421 5407
f 5340 5356 5396
f 5392 5423 5391
f 608 5428 5353
f 5408 5430 5390
f 5401 5432 5340
f 5392 5411 5426
f 5311 5437 5310
f 5414 5347 5419
f 5424 5415 5400
f 5435 5424 5350
f 5405 5404 5442
f 5405 5442 5432
f 5410 5420 5411
f 5417 5436 5418
f 5381 5427 5421
f 5411 5420 5426
f 5392 5426 5423
f 5386 5398 5433
f 5386 5433 5413
f 5431 5408 5422
f 5431 5422 5414
f 5416 5434 5412
f 5412 5446 5398
f 5398 5446 5433
f 5428 5429 5399
f 5404 5390 5425
f 5409 5357 5410
f 5435 5350 5429
f 5409 5396 5357
f 5416 5391 5434
f 5417 5413 5436
f 5408 5431 5430
f 5390 5430 5425
f 5340 5432 5356
f 5396 5356 5357
f 5391 5423 5434
f 5359 5419 5415
f 5359 5415 5424
f 5404 5425 5442
f 5407 5421 5439
f 5441 5431 5414
f 5441 5414 5419
f 5354 5429 5428
f 5413 5433 5436
f 5421 5427 5439
f 5407 5439 5437
f 5426 5444 5423
f 5359 5441 5419
f 5435 5429 5354
f 5431 5440 5430
f 5410 5357 5420
f 5420 5444 5426
f 5412 5434 5446
f 5436 5447 5418
f 5441 5440 5431
f 608 5354 5428
f 5430 5440 5425
f 5432 5355 5356
f 5444 5438 5423
f 5432 5442 5355
f 5423 5438 5434
f 5433 5358 5436
f 5448 5424 5435
f 5436 5358 5447
f 5418 5447 5427
f 5359 5424 5448
f 5425 5453 5442
f 5437 5457 5443
f 5440 5460 5425
f 5425 5460 5453
f 5442 5453 5355
f 5439 5457 5437
f 5354 608 5458
f 5355 5453 5361
f 5357 5356 5449
f 5359 5456 5441
f 5448 5435 5462
f 5462 5435 5354
f 5356 5355 5449
f 5434 4875 5446
f 5427 5451 5439
f 5439 5451 5454
f 5452 5440 5456
f 5456 5440 5441
f 5357 5449 5461
f 5434 5438 4874
f 5434 4874 4875
f 5446 4877 5445
f 5447 5358 5366
f 5461 5362 5444
f 5438 5444 5450
f 5447 5367 5427
f 5427 5367 5451
f 5051 5462 5354
f 5051 5354 5458
f 5446 4875 4877
f 5445 4877 5455
f 5451 5463 5454
f 5439 5454 5457
f 5452 5459 5440
f 5440 5459 4856
f 5440 4856 5460
f 5444 5362 4868
f 5358 5445 5364
f 5358 5364 4882
f 5457 4891 5443
f 5444 4868 5363
f 5444 5363 5450
f 5438 5450 4871
f 5366 5358 5365
f 5449 4864 5461
f 5358 4882 5365
f 5457 5454 5368
f 5460 5360 5453
f 5050 5051 5458
f 4605 4592 3661
f 3661 4592 3917
f 3661 3917 3657
f 3657 3917 3913
f 3657 3913 3918
f 3752 3753 3918
f 3918 3753 3754
f 3918 3754 3790
f 3790 3725 3918
f 3918 3725 3657
f 3661 3663 4605
f 4605 3663 4606
f 4606 3663 3677
f 4606 3677 4608
f 4608 3677 3678
f 4608 3678 4610
f 4610 3678 3679
f 4610 3679 4612
f 4612 3679 3680
f 4612 3680 4614
f 4614 3680 3681
f 4614 3681 4616
f 4616 3681 3682
f 4616 3682 4618
f 4618 3682 3683
f 4618 3683 4620
f 4620 3683 3684
f 4620 3684 4622
f 4622 3684 3685
f 4622 3685 4624
f 4624 3685 3686
f 4624 3686 4626
f 4626 3686 3687
f 4626 3687 4628
f 4628 3687 3688
f 4628 3688 4630
f 4630 3688 3689
f 4630 3689 4632
f 4632 3689 3690
f 4632 3690 4634
f 4634 3690 3691
f 4634 3691 4635
f 4635 3691 3692
f 4635 3692 4637
f 4637 3692 3693
f 4637 3693 4638
f 4638 3693 3694
f 4638 3694 4640
f 4640 3694 3695
f 4640 3695 4642
f 4642 3695 3696
f 4642 3696 4667
f 4667 3696 3697
f 4667 3697 4644
f 4644 3697 3698
f 4644 3698 4646
f 4646 3698 3699
f 4646 3699 4648
f 4648 3699 3700
f 4648 3700 4649
f 4649 3700 3701
f 4649 3701 4650
f 4650 3701 3702
f 4650 3702 4651
f 4651 3702 3718
f 4651 3718 4652
f 4652 3718 4824
f 4824 3718 3722
f 4824 3722 4895
f 4895 3722 4894
f 4894 3722 3724
f 4894 3724 5313
f 5313 5312 4894
f 5312 5310 4894
f 5310 5443 4894
f 4534 3886 3887
f 4534 3887 4563
f 4563 3887 3888
f 4563 3888 4562
f 4562 3888 3890
f 4562 3890 4561
f 4561 3890 3891
f 4561 3891 4560
f 4560 3891 3892
f 4560 3892 4559
f 4559 3892 3893
f 4559 3893 4558
f 4558 3893 3894
f 4558 3894 4569
f 4569 3894 3895
f 4569 3895 3896
f 4569 3896 4571
f 4571 3896 3898
f 4571 3898 4572
f 4572 3898 4573
f 4573 3898 3899
f 4573 3899 3900
f 4573 3900 4574
f 4574 3900 3901
f 4574 3901 4577
f 4577 3901 3902
f 4577 3902 4578
f 4578 3902 3904
f 4578 3904 4579
f 4579 3904 3905
f 4579 3905 4582
f 4582 3905 3906
f 4582 3906 3907
f 4582 3907 4583
f 4583 3907 3908
f 4583 3908 4584
f 4584 3908 3909
f 4584 3909 4585
f 4585 3909 3910
f 4585 3910 4586
f 4586 3910 3911
f 4586 3911 3912
f 4586 3912 4587
f 4587 3912 3914
f 4587 3914 4588
f 4588 3914 3915
f 4588 3915 4590
f 4590 3915 3916
f 4590 3916 4591
f 4591 3916 3917
f 3917 4592 4591
f 3862 3863 4361
f 4361 3863 4518
f 4518 3863 3865
f 4518 3865 4519
f 4519 3865 3866
f 4519 3866 4520
f 4520 3866 3867
f 4520 3867 4521
f 4521 3867 3869
f 4521 3869 4522
f 4522 3869 3870
f 4522 3870 4523
f 4523 3870 3871
f 4523 3871 4524
f 4524 3871 3872
f 4524 3872 4525
f 4525 3872 3874
f 4525 3874 4526
f 4526 3874 3875
f 4526 3875 4527
f 4527 3875 3876
f 4527 3876 4528
f 4528 3876 3878
f 4528 3878 4529
f 4529 3878 3879
f 4529 3879 4530
f 4530 3879 3881
f 4530 3881 4531
f 4531 3881 3882
f 4531 3882 4532
f 4532 3882 3884
f 4532 3884 4533
f 4533 3884 3886
f 4533 3886 4534
f 3996 3998 4337
f 4337 3998 4370
f 4370 3998 3999
f 4370 3999 4373
f 4373 3999 4000
f 4373 4000 4375
f 4375 4000 4001
f 4375 4001 4376
f 4376 4001 4002
f 4376 4002 4377
f 4377 4002 4003
f 4377 4003 4379
f 4379 4003 4004
f 4379 4004 4381
f 4381 4004 4005
f 4381 4005 4384
f 4384 4005 4006
f 4384 4006 4387
f 4387 4006 4007
f 4387 4007 4389
f 4389 4007 4008
f 4389 4008 4391
f 4391 4008 4009
f 4391 4009 4394
f 4394 4009 4010
f 4394 4010 4396
f 4396 4010 4011
f 4396 4011 4399
f 4399 4011 4012
f 4399 4012 4401
f 4401 4012 4013
f 4401 4013 4405
f 4405 4013 4014
f 4405 4014 4408
f 4408 4014 4015
f 4408 4015 4410
f 4410 4015 4016
f 4410 4016 4413
f 4413 4016 4017
f 4413 4017 4415
f 4415 4017 4018
f 4415 4018 4419
f 4419 4018 4019
f 4419 4019 4421
f 4421 4019 4020
f 4421 4020 4423
f 4423 4020 4021
f 4423 4021 4426
f 4426 4021 4022
f 4426 4022 4428
f 4428 4022 4023
f 4428 4023 4429
f 4429 4023 4024
f 4429 4024 4430
f 4430 4024 4025
f 4430 4025 4432
f 4432 4025 4026
f 4432 4026 4433
f 4433 4026 4027
f 4433 4027 4435
f 4435 4027 4028
f 4435 4028 4440
f 4440 4028 4029
f 4440 4029 4441
f 4441 4029 4030
f 4441 4030 4444
f 4444 4030 4031
f 4444 4031 4445
f 4445 4031 4032
f 4445 4032 4448
f 4448 4032 4033
f 4448 4033 4451
f 4451 4033 4034
f 4451 4034 4452
f 4452 4034 4035
f 4452 4035 4453
f 4453 4035 4036
f 4453 4036 4454
f 4454 4036 4037
f 4454 4037 4456
f 4456 4037 4038
f 4456 4038 4458
f 4458 4038 4039
f 4458 4039 4459
f 4459 4039 4040
f 4459 4040 4460
f 4460 4040 4041
f 4460 4041 4461
f 4461 4041 4042
f 4461 4042 4462
f 4462 4042 4043
f 4462 4043 4463
f 4463 4043 4044
f 4463 4044 4464
f 4464 4044 4045
f 4464 4045 4467
f 4467 4045 4046
f 4467 4046 4468
f 4468 4046 4047
f 4468 4047 4470
f 4470 4047 4048
f 4470 4048 4472
f 4472 4048 4049
f 4472 4049 4473
f 4473 4049 4050
f 4473 4050 4474
f 4474 4050 4051
f 4474 4051 4475
f 4475 4051 4052
f 4475 4052 4476
f 4476 4052 4053
f 4476 4053 4480
f 4480 4053 4054
f 4480 4054 4481
f 4481 4054 4055
f 4481 4055 4482
f 4482 4055 4056
f 4482 4056 4483
f 4483 4056 4057
f 4483 4057 4484
f 4484 4057 4058
f 4484 4058 4485
f 4485 4058 4059
f 4485 4059 4360
f 4360 4059 3862
f 4360 3862 4361
f 3996 4337 4336
f 3996 4336 3997
f 3997 4336 4335
f 3997 4335 4060
f 4060 4335 4355
f 4060 4355 4061
f 4061 4355 4334
f 4061 4334 3995
f 3995 4334 4354
f 3995 4354 4062
f 4062 4354 4352
f 4062 4352 4063
f 4063 4352 4318
f 4063 4318 3994
f 3994 4318 4064
f 4064 4318 4320
f 4064 4320 4065
f 4065 4320 4321
f 4065 4321 4066
f 4066 4321 4322
f 4066 4322 3993
f 3993 4322 4333
f 3993 4333 4067
f 4067 4333 4332
f 4067 4332 4068
f 4068 4332 4331
f 4068 4331 4069
f 4069 4331 4330
f 4069 4330 4070
f 4070 4330 4329
f 4070 4329 4071
f 4071 4329 4328
f 4071 4328 3991
f 3991 4328 4327
f 3991 4327 3992
f 3992 4327 4326
f 3992 4326 3990
f 3990 4326 4325
f 3990 4325 4072
f 4072 4325 4324
f 4072 4324 4073
f 4073 4324 4323
f 4073 4323 4074
f 4074 4323 4116
f 4074 4116 4075
f 609 5353 915
f 915 5353 5352
f 915 5352 5351
f 915 5351 914
f 914 5351 5382
f 914 5382 913
f 913 5382 5399
f 913 5399 912
f 912 5399 5350
f 912 5350 916
f 916 5350 917
f 917 5350 5369
f 917 5369 918
f 918 5369 5389
f 918 5389 5349
f 918 5349 920
f 920 5349 5348
f 920 5348 921
f 921 5348 5347
f 921 5347 922
f 922 5347 5346
f 922 5346 5345
f 922 5345 923
f 923 5345 5372
f 923 5372 924
f 924 5372 5395
f 924 5395 925
f 925 5395 926
f 926 5395 5388
f 926 5388 927
f 927 5388 5343
f 927 5343 928
f 928 5343 5342
f 928 5342 929
f 929 5342 5341
f 929 5341 930
f 930 5341 5401
f 930 5401 5464
f 5464 5401 5465
f 5465 5401 5340
f 5465 5340 5339
f 5465 5339 5466
f 5466 5339 5338
f 5466 5338 5467
f 5467 5338 5337
f 5467 5337 5468
f 5468 5337 5335
f 5468 5335 5469
f 5469 5335 5409
f 5469 5409 5470
f 5470 5409 5373
f 5470 5373 5471
f 5471 5373 5375
f 5471 5375 5472
f 5472 5375 5334
f 5472 5334 5473
f 5473 5334 5333
f 5473 5333 5474
f 5474 5333 5475
f 5475 5333 5332
f 5475 5332 5331
f 5475 5331 5476
f 5476 5331 5477
f 5477 5331 5330
f 5477 5330 3717
f 3717 5330 5328
f 3717 5328 5327
f 3717 5327 3716
f 3716 5327 5326
f 3716 5326 3715
f 3715 5326 3714
f 3714 5326 5325
f 3714 5325 5324
f 3714 5324 3713
f 3713 5324 3712
f 3712 5324 5323
f 3712 5323 3711
f 3711 5323 5322
f 3711 5322 3710
f 3710 5322 5321
f 3710 5321 3709
f 3709 5321 5320
f 3709 5320 3708
f 3708 5320 5370
f 3708 5370 3707
f 3707 5370 5380
f 3707 5380 5319
f 3707 5319 3706
f 3706 5319 5318
f 3706 5318 3705
f 3705 5318 5381
f 3705 5381 3704
f 3704 5381 3703
f 3703 5381 5317
f 3703 5317 3719
f 3719 5317 5315
f 3719 5315 3720
f 3720 5315 5314
f 3720 5314 3721
f 3721 5314 5371
f 3721 5371 3723
f 3723 5371 5313
f 3723 5313 3724
f 5499 5479 5480
f 5507 5508 2648
f 5479 5485 5480
f 5480 5485 5500
f 5502 5501 5483
f 5500 5485 5505
f 5483 5501 5484
f 5501 5502 5478
f 5506 5487 5488
f 5506 5488 5508
f 5510 5489 3390
f 5510 2646 5486
f 5510 3390 2646
f 2648 2649 5490
f 5482 5492 5493
f 5493 5475 5476
f 5499 5497 5495
f 5481 5494 5492
f 5481 5498 5494
f 5498 5495 5494
f 5492 5494 5473
f 5497 5496 5495
f 5494 5495 5471
f 5497 5465 5466
f 5497 5466 5496
f 5495 5496 5469
f 5495 5469 5470
f 5496 5468 5469
f 5466 5467 5496
f 5496 5467 5468
f 5495 5470 5471
f 5471 5472 5494
f 5472 5473 5494
f 5473 5474 5492
f 5492 5474 5475
f 5497 5499 5480
f 5497 5480 5512
f 5475 5493 5492
f 5498 5481 5479
f 5498 5479 5499
f 5495 5498 5499
f 5512 5480 5491
f 5492 5483 5481
f 5481 5483 5479
f 5479 5483 5485
f 3395 5482 5493
f 5492 5482 5483
f 5493 5476 3395
f 5483 5482 5502
f 5483 5484 5485
f 5480 5500 5491
f 5501 5478 5489
f 5486 5501 5489
f 5486 5489 5510
f 5484 5501 5486
f 5503 5486 2647
f 5485 5484 5504
f 5504 5484 5503
f 5503 5484 5486
f 5504 5503 5506
f 5506 5503 5487
f 5505 5485 5504
f 5505 5504 5506
f 5507 5505 5506
f 5491 5500 5505
f 5508 5507 5506
f 5509 5491 5505
f 5509 5505 5507
f 2647 5487 5503
f 5509 5507 5490
f 5490 5507 2648
f 919 930 5537
f 930 5464 5537
f 5537 5464 5715
f 5715 5464 5465
f 5715 5465 5511
f 5511 5465 5497
f 5511 5497 5512
f 5513 5512 5491
f 5513 5491 5514
f 5514 5491 5509
f 5514 5509 5515
f 5515 5509 5490
f 5515 5490 2649
f 5551 2662 2663
f 5551 2663 5516
f 5517 2596 5518
f 5518 2596 2597
f 5518 2597 5519
f 5519 2597 2598
f 5519 2598 5520
f 5520 2598 2599
f 5520 2599 5521
f 5521 2599 2600
f 5521 2600 5550
f 5550 2600 2601
f 5550 2601 5541
f 5541 2601 2602
f 5541 2602 5522
f 5522 2602 2603
f 5522 2603 5523
f 5523 2603 2604
f 5523 2604 5524
f 5524 2604 2605
f 5524 2605 5525
f 5525 2605 2606
f 5525 2606 2694
f 5525 2694 2697
f 5525 2697 2699
f 5525 2699 2701
f 5525 2701 5526
f 5526 2701 2703
f 5526 2703 2705
f 5526 2705 2707
f 5526 2707 5527
f 5527 2707 2709
f 5527 2709 2711
f 5527 2711 2713
f 5527 2713 5528
f 5528 2713 2715
f 5528 2715 2717
f 5528 2717 2719
f 5528 2719 2721
f 5528 2721 2723
f 5528 2723 2725
f 5528 2725 2727
f 5528 2727 5529
f 5529 2727 2729
f 5529 2729 2731
f 5529 2731 2732
f 5529 2732 2735
f 5529 2735 5530
f 5530 2735 2737
f 5530 2737 2739
f 5530 2739 5531
f 5531 2739 2741
f 5531 2741 2743
f 5531 2743 2745
f 5531 2745 2747
f 5531 2747 2749
f 5531 2749 5532
f 5532 2752 907
f 5532 907 908
f 5532 908 5745
f 5745 908 5533
f 5533 908 5534
f 5534 908 909
f 5534 909 5749
f 5749 909 5535
f 5535 909 910
f 5535 910 5536
f 5746 910 911
f 5746 911 5740
f 5740 911 5752
f 5752 911 5741
f 5741 911 919
f 5741 919 5730
f 5730 919 5736
f 5736 919 5537
f 2658 5538 5566
f 2658 5566 5543
f 2652 2653 5546
f 2652 5546 2651
f 2660 2661 5571
f 2660 5571 2659
f 2659 5571 5565
f 2659 5565 5538
f 2657 5539 5557
f 2657 5557 2656
f 2655 2656 5540
f 2655 5540 2654
f 2654 5540 5545
f 2654 5545 2653
f 2653 5545 5558
f 2653 5558 5546
f 5560 5548 5517
f 5560 5517 5561
f 5561 5517 5518
f 5561 5518 5549
f 5549 5518 5519
f 5549 5519 5562
f 5562 5519 5520
f 5562 5520 5563
f 5563 5520 5521
f 5563 5521 5550
f 5542 5541 5522
f 5542 5522 5523
f 2661 5544 5552
f 2661 5552 5571
f 2662 5551 5564
f 2662 5564 5544
f 2651 5546 5555
f 2651 5555 5556
f 2650 5556 5547
f 2650 5547 5515
f 5554 5550 5541
f 5554 5541 5542
f 5538 5565 5575
f 5538 5575 5566
f 5559 2593 2594
f 5559 2594 5553
f 5553 2594 2595
f 5553 2595 5548
f 5573 5563 5550
f 5573 5550 5554
f 5546 5558 5567
f 5546 5567 5555
f 5586 5553 5548
f 5586 5548 5560
f 5569 5542 5523
f 5569 5523 5524
f 5516 5587 5551
f 5545 5540 5576
f 5545 5576 5558
f 5556 5555 5585
f 5556 5585 5547
f 5547 5585 5596
f 5547 5596 5515
f 5515 5596 5514
f 5572 5559 5553
f 5572 5553 5586
f 5583 5554 5542
f 5583 5542 5569
f 5584 5569 5524
f 5584 5524 5526
f 5526 5524 5525
f 5551 5587 5600
f 5551 5600 5564
f 5558 5576 5577
f 5558 5577 5567
f 5555 5567 5592
f 5555 5592 5585
f 5587 5516 5597
f 5597 5516 2593
f 5597 2593 5568
f 5568 2593 5559
f 5568 5559 5572
f 5580 5561 5549
f 5580 5549 5562
f 5564 5600 5570
f 5564 5570 5544
f 5565 5571 5574
f 5565 5574 5575
f 5566 5575 5594
f 5566 5594 5543
f 5539 5543 5579
f 5539 5579 5557
f 2656 5557 5602
f 2656 5602 5540
f 5567 5577 5595
f 5567 5595 5592
f 5598 5586 5560
f 5598 5560 5599
f 5599 5560 5561
f 5599 5561 5580
f 5578 5562 5563
f 5578 5563 5573
f 5571 5552 5588
f 5571 5588 5574
f 5543 5594 5615
f 5543 5615 5579
f 5540 5602 5603
f 5540 5603 5576
f 5593 5580 5562
f 5593 5562 5578
f 5581 5578 5573
f 5581 5573 5582
f 5582 5573 5554
f 5582 5554 5583
f 5527 5584 5526
f 5552 5544 5623
f 5552 5623 5588
f 5544 5570 5601
f 5544 5601 5623
f 5557 5579 5612
f 5557 5612 5602
f 5576 5603 5590
f 5576 5590 5577
f 5577 5590 5591
f 5577 5591 5595
f 5575 5574 5589
f 5575 5589 5594
f 5604 5568 5572
f 5604 5572 5605
f 5605 5572 5586
f 5605 5586 5598
f 5587 5608 5600
f 5592 5595 5625
f 5592 5625 5585
f 5585 5625 5616
f 5585 5616 5596
f 5514 5596 5513
f 5608 5587 5627
f 5627 5587 5597
f 5627 5597 5614
f 5614 5597 5568
f 5614 5568 5604
f 5606 5599 5580
f 5606 5580 5593
f 5651 5582 5583
f 5651 5583 5607
f 5607 5583 5569
f 5607 5569 5584
f 5600 5608 5609
f 5600 5609 5570
f 5570 5609 5610
f 5570 5610 5601
f 5574 5588 5611
f 5574 5611 5589
f 5602 5612 5613
f 5602 5613 5603
f 5596 5616 5626
f 5596 5626 5513
f 5617 5614 5604
f 5617 5604 5618
f 5618 5604 5605
f 5618 5605 5619
f 5619 5605 5598
f 5619 5598 5620
f 5620 5598 5599
f 5620 5599 5606
f 5633 5606 5593
f 5633 5593 5628
f 5628 5593 5578
f 5628 5578 5581
f 5674 5607 5584
f 5674 5584 5528
f 5528 5584 5527
f 5608 5621 5609
f 5609 5621 5622
f 5609 5622 5610
f 5588 5623 5630
f 5588 5630 5611
f 5579 5615 5624
f 5579 5624 5612
f 5612 5624 5631
f 5612 5631 5613
f 5595 5591 5643
f 5595 5643 5625
f 5634 5628 5581
f 5634 5581 5582
f 5601 5610 5658
f 5601 5658 5623
f 5603 5613 5636
f 5603 5636 5590
f 5590 5636 5641
f 5590 5641 5591
f 5591 5641 5642
f 5591 5642 5643
f 5621 5608 5627
f 5632 5620 5606
f 5632 5606 5633
f 5621 5629 5622
f 5594 5589 5648
f 5594 5648 5615
f 5615 5648 5635
f 5615 5635 5624
f 5625 5643 5661
f 5625 5661 5616
f 5616 5661 5644
f 5616 5644 5626
f 5637 5621 5627
f 5637 5627 5614
f 5639 5633 5628
f 5639 5628 5634
f 5645 5634 5582
f 5645 5582 5651
f 5623 5658 5640
f 5623 5640 5630
f 5589 5611 5647
f 5589 5647 5648
f 5613 5631 5650
f 5613 5650 5636
f 5513 5626 5512
f 5629 5621 5637
f 5638 5632 5633
f 5638 5633 5639
f 5671 5639 5634
f 5671 5634 5645
f 5673 5651 5607
f 5673 5607 5674
f 5611 5630 5646
f 5611 5646 5647
f 5624 5635 5649
f 5624 5649 5631
f 5631 5649 5650
f 5653 5637 5614
f 5653 5614 5617
f 5670 5638 5639
f 5670 5639 5671
f 5610 5622 5657
f 5610 5657 5658
f 5630 5640 5664
f 5630 5664 5646
f 5650 5680 5636
f 5636 5680 5687
f 5636 5687 5641
f 5641 5687 5652
f 5641 5652 5642
f 5643 5642 5676
f 5643 5676 5661
f 5662 5617 5618
f 5662 5618 5654
f 5654 5618 5619
f 5654 5619 5655
f 5655 5619 5620
f 5655 5620 5632
f 5647 5646 5666
f 5647 5666 5648
f 5648 5666 5659
f 5648 5659 5635
f 5635 5659 5660
f 5635 5660 5649
f 5649 5660 5686
f 5649 5686 5650
f 5650 5686 5679
f 5650 5679 5680
f 5626 5644 5668
f 5626 5668 5512
f 5683 5653 5617
f 5683 5617 5662
f 5656 5655 5632
f 5656 5632 5638
f 5672 5671 5645
f 5672 5645 5703
f 5703 5645 5651
f 5703 5651 5673
f 5622 5629 5657
f 5646 5664 5665
f 5646 5665 5666
f 5644 5661 5667
f 5644 5667 5668
f 5669 5656 5638
f 5669 5638 5670
f 5629 5677 5657
f 5658 5657 5663
f 5658 5663 5640
f 5640 5663 5691
f 5640 5691 5664
f 5661 5676 5667
f 5512 5668 5511
f 5682 5629 5637
f 5682 5637 5653
f 5657 5685 5663
f 5664 5691 5675
f 5664 5675 5665
f 5659 5666 5678
f 5659 5678 5660
f 5642 5652 5688
f 5642 5688 5676
f 5667 5689 5668
f 5668 5689 5511
f 5677 5629 5682
f 5682 5653 5683
f 5690 5670 5671
f 5690 5671 5672
f 5684 5673 5674
f 5684 5674 5529
f 5529 5674 5528
f 5657 5677 5685
f 5676 5688 5705
f 5676 5705 5667
f 5667 5705 5681
f 5667 5681 5689
f 5694 5677 5682
f 5652 5687 5700
f 5652 5700 5688
f 5695 5694 5682
f 5695 5682 5701
f 5701 5682 5683
f 5701 5683 5662
f 5685 5708 5663
f 5663 5708 5709
f 5663 5709 5691
f 5665 5675 5692
f 5665 5692 5666
f 5666 5692 5693
f 5666 5693 5678
f 5660 5678 5698
f 5660 5698 5686
f 5687 5680 5699
f 5687 5699 5700
f 5711 5701 5662
f 5711 5662 5696
f 5696 5662 5654
f 5696 5654 5655
f 5697 5703 5673
f 5697 5673 5684
f 5677 5719 5685
f 5678 5693 5721
f 5678 5721 5698
f 5679 5686 5704
f 5679 5704 5680
f 5680 5704 5699
f 5712 5696 5655
f 5712 5655 5656
f 5702 5669 5670
f 5702 5670 5690
f 5685 5719 5708
f 5691 5709 5710
f 5691 5710 5675
f 5686 5698 5704
f 5688 5700 5705
f 5689 5714 5511
f 5719 5677 5694
f 5717 5712 5656
f 5717 5656 5669
f 5717 5669 5702
f 5706 5690 5672
f 5706 5672 5703
f 5675 5710 5718
f 5675 5718 5692
f 5689 5681 5714
f 5726 5702 5690
f 5726 5690 5706
f 5706 5703 5697
f 5530 5697 5684
f 5530 5684 5529
f 5698 5721 5729
f 5698 5729 5704
f 5700 5713 5705
f 5705 5713 5707
f 5705 5707 5681
f 5681 5707 5714
f 5716 5711 5696
f 5716 5696 5712
f 5700 5699 5713
f 5511 5714 5715
f 5738 5719 5694
f 5738 5694 5695
f 5738 5695 5701
f 5731 5706 5697
f 5731 5697 5530
f 5708 5732 5709
f 5692 5718 5720
f 5692 5720 5693
f 5693 5720 5747
f 5693 5747 5721
f 5699 5704 5723
f 5699 5723 5713
f 5725 5738 5701
f 5725 5701 5733
f 5733 5701 5711
f 5733 5711 5716
f 5742 5717 5702
f 5731 5530 5531
f 5708 5719 5727
f 5708 5727 5732
f 5709 5732 5710
f 5710 5732 5728
f 5710 5728 5718
f 5704 5722 5723
f 5714 5707 5724
f 5714 5724 5715
f 5712 5717 5742
f 5744 5742 5702
f 5744 5702 5726
f 5704 5729 5722
f 5734 5744 5726
f 5721 5747 5729
f 5713 5723 5730
f 5713 5730 5707
f 5750 5716 5712
f 5750 5712 5742
f 5734 5726 5735
f 5735 5726 5706
f 5735 5706 5731
f 5719 5737 5727
f 5718 5728 5739
f 5718 5739 5720
f 5722 5741 5723
f 5707 5736 5724
f 5715 5724 5537
f 5748 5738 5725
f 5748 5725 5733
f 5732 5727 5751
f 5732 5751 5728
f 5729 5747 5752
f 5729 5752 5722
f 5722 5752 5741
f 5723 5741 5730
f 5707 5730 5736
f 5737 5719 5738
f 5733 5716 5750
f 5745 5735 5731
f 5745 5731 5531
f 5720 5739 5740
f 5720 5740 5747
f 5724 5736 5537
f 5748 5737 5738
f 5743 5742 5744
f 5727 5737 5536
f 5727 5536 5751
f 5728 5751 5739
f 5739 5751 5746
f 5739 5746 5740
f 5749 5748 5733
f 5749 5733 5750
f 5534 5750 5742
f 5534 5742 5743
f 5743 5744 5734
f 5751 5536 910
f 5747 5740 5752
f 5535 5737 5748
f 5535 5748 5749
f 5749 5750 5534
f 5533 5743 5734
f 5533 5734 5735
f 5533 5735 5745
f 5532 5745 5531
f 5751 910 5746
f 5534 5743 5533
f 5536 5737 5535
f 4131 4163 1035
f 1035 4163 1034
f 1034 4163 4162
f 1034 4162 1033
f 1033 4162 4160
f 1033 4160 1032
f 1032 4160 4159
f 1032 4159 1031
f 1031 4159 4158
f 1031 4158 1030
f 1030 4158 4157
f 1030 4157 1029
f 1029 4157 4156
f 1029 4156 1028
f 1028 4156 4155
f 1028 4155 1027
f 1027 4155 4296
f 1027 4296 1026
f 1026 4296 4154
f 1026 4154 1024
f 1024 4154 4153
f 1024 4153 1023
f 1023 4153 4152
f 1023 4152 1022
f 1022 4152 4150
f 1022 4150 1020
f 1020 4150 4148
f 1020 4148 1019
f 1019 4148 4147
f 1019 4147 1350
f 1019 1350 1073
f 1073 1350 1346
f 1073 1346 1351
f 1351 1202 1203
f 1351 1203 1204
f 1351 1204 1237
f 1351 1237 1075
f 1351 1075 1073
f 5753 1323 1325
f 5753 1325 7106
f 7106 1325 7110
f 7110 1325 1326
f 7110 1326 7091
f 7091 1326 1328
f 7091 1328 5754
f 5754 1328 1329
f 5754 1329 7093
f 7093 1329 1330
f 7093 1330 7094
f 7094 1330 1331
f 7094 1331 5755
f 5755 1331 1332
f 5755 1332 7095
f 7095 1332 1333
f 7095 1333 5756
f 5756 1333 1334
f 5756 1334 5757
f 5757 1334 1336
f 5757 1336 5758
f 5758 1336 1337
f 5758 1337 5759
f 5759 1337 5760
f 5760 1337 1338
f 5760 1338 5761
f 5761 1338 1339
f 5761 1339 5762
f 5762 1339 1340
f 5762 1340 5763
f 5763 1340 1342
f 5763 1342 5764
f 5764 1342 1343
f 5764 1343 5765
f 5765 1343 1344
f 5765 1344 5766
f 5766 1344 1345
f 5766 1345 5767
f 5767 1345 1347
f 5767 1347 1348
f 5767 1348 5768
f 5768 1348 1349
f 5768 1349 5769
f 5769 1349 1350
f 1350 4147 5769
f 1239 1240 5770
f 5770 1240 5771
f 5771 1240 1242
f 5771 1242 5772
f 5772 1242 1243
f 5772 1243 5773
f 5773 1243 1244
f 5773 1244 5774
f 5774 1244 1245
f 5774 1245 5775
f 5775 1245 1247
f 5775 1247 5776
f 5776 1247 1249
f 5776 1249 5777
f 5777 1249 1251
f 5777 1251 5778
f 5778 1251 1252
f 5778 1252 5779
f 5779 1252 1253
f 5779 1253 5780
f 5780 1253 1254
f 5780 1254 5781
f 5781 1254 1255
f 5781 1255 5782
f 5782 1255 1256
f 5782 1256 5783
f 5783 1256 1258
f 5783 1258 5784
f 5784 1258 1260
f 5784 1260 5785
f 5785 1260 1261
f 5785 1261 5786
f 5786 1261 1262
f 5786 1262 5787
f 5787 1262 1264
f 5787 1264 5788
f 5788 1264 1265
f 5788 1265 5789
f 5789 1265 1266
f 5789 1266 5790
f 5790 1266 1268
f 5790 1268 5791
f 5791 1268 1269
f 5791 1269 5792
f 5792 1269 1271
f 5792 1271 5793
f 5793 1271 1272
f 5793 1272 5794
f 5794 1272 1273
f 5794 1273 5795
f 5795 1273 1274
f 5795 1274 5796
f 5796 1274 1276
f 5796 1276 5797
f 5797 1276 1277
f 5797 1277 5798
f 5798 1277 1278
f 5798 1278 5799
f 5799 1278 1280
f 5799 1280 5800
f 5800 1280 1281
f 5800 1281 5801
f 5801 1281 1282
f 5801 1282 5802
f 5802 1282 1283
f 5802 1283 5803
f 5803 1283 1284
f 5803 1284 5804
f 5804 1284 1286
f 5804 1286 5805
f 5805 1286 1287
f 5805 1287 5806
f 5806 1287 1288
f 5806 1288 5807
f 5807 1288 1289
f 5807 1289 5808
f 5808 1289 1291
f 5808 1291 5809
f 5809 1291 1293
f 5809 1293 5810
f 5810 1293 1294
f 5810 1294 5811
f 5811 1294 1295
f 5811 1295 5812
f 5812 1295 1296
f 5812 1296 5813
f 5813 1296 1297
f 5813 1297 5814
f 5814 1297 1298
f 5814 1298 5815
f 5815 1298 1300
f 5815 1300 5816
f 5816 1300 1301
f 5816 1301 5817
f 5817 1301 1303
f 5817 1303 5818
f 5818 1303 1305
f 5818 1305 5819
f 5819 1305 1306
f 5819 1306 5820
f 5820 1306 1307
f 5820 1307 5821
f 5821 1307 1309
f 5821 1309 5822
f 5822 1309 1310
f 5822 1310 5823
f 5823 1310 1311
f 5823 1311 5824
f 5824 1311 1312
f 5824 1312 5825
f 5825 1312 1314
f 5825 1314 5826
f 5826 1314 1315
f 5826 1315 5827
f 5827 1315 1317
f 5827 1317 5828
f 5828 1317 1318
f 5828 1318 5829
f 5829 1318 1320
f 5829 1320 5830
f 5830 1320 1321
f 5830 1321 5831
f 5831 1321 1322
f 5831 1322 5832
f 5832 1322 1323
f 5832 1323 5753
f 5833 5834 5835
f 5835 5834 5836
f 5836 5834 5837
f 5836 5837 5838
f 5838 5837 5839
f 5838 5839 5840
f 5840 5839 5841
f 5840 5841 5842
f 5842 5841 5843
f 5842 5843 5844
f 5844 5843 5845
f 5844 5845 5846
f 5846 5845 5847
f 5846 5847 5848
f 5848 5847 5849
f 5848 5849 5850
f 5850 5849 5851
f 5850 5851 5852
f 5852 5851 5853
f 5852 5853 5854
f 5854 5853 5855
f 5854 5855 5856
f 5856 5855 5857
f 5856 5857 5858
f 5858 5857 5859
f 5858 5859 5860
f 5860 5859 5861
f 5860 5861 5862
f 5862 5861 5863
f 5862 5863 5864
f 5864 5863 5865
f 5864 5865 5866
f 5866 5865 1239
f 5866 1239 5770
f 1219 5867 5967
f 5967 5867 5868
f 5967 5868 5942
f 5942 5868 5869
f 5942 5869 5943
f 5943 5869 5970
f 5970 5869 5870
f 5970 5870 5944
f 5944 5870 5871
f 5944 5871 5872
f 5872 5871 5873
f 5873 5871 5874
f 5873 5874 5976
f 5976 5874 5875
f 5875 5874 5876
f 5875 5876 5877
f 5877 5876 5879
f 5877 5879 5878
f 5878 5879 5880
f 5880 5879 5881
f 5880 5881 5945
f 5945 5881 5883
f 5945 5883 5882
f 5882 5883 5884
f 5882 5884 5968
f 5968 5884 5885
f 5968 5885 5886
f 5886 5885 5887
f 5886 5887 5946
f 5946 5887 5888
f 5888 5887 5889
f 5888 5889 5890
f 5890 5889 5947
f 5947 5889 5892
f 5947 5892 5891
f 5891 5892 5948
f 5948 5892 5893
f 5948 5893 5949
f 5949 5893 5894
f 5949 5894 5950
f 5950 5894 5895
f 5950 5895 5951
f 5951 5895 5896
f 5951 5896 5897
f 5897 5896 5953
f 5953 5896 5898
f 5953 5898 5954
f 5954 5898 5899
f 5899 5898 5900
f 5899 5900 5973
f 5973 5900 5901
f 5973 5901 5902
f 5902 5901 5904
f 5902 5904 5903
f 5903 5904 5905
f 5905 5904 5906
f 5905 5906 896
f 896 5906 893
f 893 5906 894
f 894 5906 5907
f 894 5907 5908
f 5908 5907 5909
f 5909 5907 5910
f 5910 5907 5911
f 5911 5907 5912
f 5912 5907 5913
f 5913 5907 5914
f 5914 5907 5915
f 5915 5907 5921
f 5915 5921 5916
f 5916 5921 5917
f 5917 5921 5918
f 5918 5921 5919
f 5919 5921 5920
f 5920 5921 5922
f 5922 5921 5923
f 5923 5921 5924
f 5924 5921 5927
f 5924 5927 5925
f 5925 5927 5926
f 5926 5927 5928
f 5928 5927 5929
f 5929 5927 5833
f 5833 5927 5930
f 5833 5930 5834
f 5834 5930 5837
f 5837 5930 5839
f 5839 5930 5931
f 5839 5931 5841
f 5841 5931 5932
f 5841 5932 5843
f 5843 5932 5933
f 5843 5933 5845
f 5845 5933 5847
f 5847 5933 5849
f 5849 5933 5934
f 5849 5934 5851
f 5851 5934 5853
f 5853 5934 5935
f 5853 5935 5855
f 5855 5935 5857
f 5857 5935 5859
f 5859 5935 5861
f 5861 5935 5936
f 5861 5936 5863
f 5863 5936 5937
f 5863 5937 5865
f 5865 5937 1238
f 5865 1238 1239
f 5908 5938 894
f 5938 5939 894
f 894 5939 5940
f 5940 891 894
f 1177 1176 6008
f 6008 1227 5998
f 1216 1219 5967
f 5981 5872 5873
f 5981 5873 5976
f 5976 5875 5877
f 5977 5877 5878
f 5971 5878 5880
f 5971 5880 5945
f 5972 5890 5947
f 5972 5947 5891
f 5969 5891 5948
f 5952 5951 5897
f 5987 5973 5902
f 5987 5902 5903
f 5903 5905 5955
f 5955 5905 896
f 5955 896 895
f 5955 895 5989
f 1194 1193 6021
f 6021 1193 1192
f 6013 1192 1191
f 5961 1188 1187
f 5962 1184 5963
f 5963 1184 1183
f 5963 1183 6014
f 6014 1183 6023
f 6010 6023 5964
f 1181 1180 5965
f 5965 1180 5966
f 6016 1178 1177
f 5969 5948 5949
f 5946 5888 5890
f 5975 5968 5886
f 5975 5886 5946
f 5972 5946 5890
f 5969 5972 5891
f 5970 5942 5943
f 5971 5945 5882
f 5971 5882 5968
f 5974 5970 5944
f 5977 5976 5877
f 5941 5967 5942
f 5941 5942 5970
f 5974 5944 5872
f 5977 5878 5971
f 5950 5969 5949
f 5952 5897 5953
f 1216 5967 5941
f 5981 5974 5872
f 5975 5946 5972
f 5952 5953 5954
f 5955 5987 5903
f 5975 5971 5968
f 5979 5954 5899
f 5979 5899 5973
f 5984 5977 5971
f 5981 5976 5978
f 5978 5976 5977
f 5984 5971 5975
f 5986 5950 5951
f 5986 5951 5952
f 5979 5952 5954
f 5983 5974 5981
f 5980 5969 5950
f 5987 5979 5973
f 5941 5970 5982
f 5982 5970 5974
f 5995 5975 5972
f 5995 5972 5992
f 5992 5972 5969
f 5982 5974 5983
f 5980 5992 5969
f 5986 5952 5979
f 5987 5955 5989
f 5996 5983 5981
f 5985 5984 5975
f 5980 5950 5986
f 5996 5981 5978
f 5984 5991 5977
f 5988 5984 5985
f 5985 5975 5995
f 5994 5979 5987
f 5982 1209 5941
f 5991 5978 5977
f 6004 5980 5986
f 6007 5986 5979
f 6007 5979 5994
f 5989 5994 5987
f 1227 1209 5998
f 5998 1209 5982
f 5999 5995 5992
f 6003 5978 5991
f 5991 5984 5990
f 5990 5984 5988
f 5993 6004 5986
f 5997 5985 5995
f 5993 5986 6007
f 6002 5982 5983
f 5988 5985 5997
f 6026 5980 6004
f 5998 5982 6002
f 1189 5992 5980
f 6000 1189 5980
f 1189 5999 5992
f 6006 6000 5980
f 6006 5980 6026
f 1181 5983 5996
f 6001 5994 5989
f 6001 5989 895
f 6005 5997 5995
f 6002 5983 1181
f 6015 6003 5991
f 6015 5991 5990
f 6014 5978 6003
f 6011 5990 5988
f 6011 5988 5997
f 6017 5995 5999
f 6016 5998 6018
f 6018 5998 6002
f 6017 6005 5995
f 6021 6007 5994
f 6021 5994 6028
f 6010 5996 5978
f 6010 5978 6014
f 6027 6026 6004
f 6027 6004 5993
f 6016 6008 5998
f 5965 6002 1181
f 6009 1181 5996
f 6001 6028 5994
f 6009 5996 6010
f 6012 5993 6013
f 6013 5993 6007
f 6018 6002 5965
f 6005 6011 5997
f 5956 6001 895
f 6020 5990 6011
f 6027 5993 6012
f 1185 6015 5990
f 1185 5990 6020
f 5963 6014 6003
f 6021 6013 6007
f 1177 6008 6016
f 5963 6003 6015
f 6022 6001 5956
f 6023 6010 6014
f 5961 6011 6005
f 1179 6018 6019
f 6030 5961 6005
f 6030 6005 6024
f 6024 6005 6017
f 5960 5999 1189
f 6022 5956 1195
f 6025 6024 6017
f 6025 6017 5999
f 6025 5999 5960
f 5966 6019 6018
f 5966 6018 5965
f 5964 6009 6010
f 5962 5963 6015
f 5962 6015 1185
f 1190 6000 6006
f 1179 6016 6018
f 1181 6009 1182
f 1182 6009 5964
f 1187 6020 6011
f 1187 6011 5961
f 5958 6026 6027
f 5958 6027 5957
f 1178 6016 1179
f 1186 1185 6020
f 1186 6020 6029
f 5959 1189 6000
f 1187 6029 6020
f 1194 6021 6028
f 6028 6001 6022
f 5957 6012 1191
f 1191 6012 6013
f 5959 6000 1190
f 5957 6027 6012
f 1192 6013 6021
f 5922 6048 5920
f 5920 6048 6031
f 5920 6031 6063
f 5920 6063 5919
f 5919 6063 5918
f 5918 6063 6032
f 5918 6032 5917
f 5917 6032 6033
f 5917 6033 5916
f 5916 6034 5915
f 5915 6034 6035
f 5915 6035 5914
f 5914 6035 6036
f 5914 6036 5913
f 5913 6036 6037
f 5913 6037 5912
f 5912 6037 6038
f 5912 6038 5911
f 5911 6038 6039
f 5911 6039 5910
f 5910 6039 5909
f 5909 6039 6040
f 5909 6040 5908
f 5908 6040 6041
f 5908 6041 5938
f 5938 6041 6042
f 5938 6042 5939
f 5939 6042 6043
f 5939 6043 5940
f 5940 6043 892
f 5940 892 891
f 5833 5835 5929
f 5929 5835 6044
f 5929 6044 5928
f 5928 6044 6045
f 5928 6045 5926
f 5926 6045 6046
f 5926 6046 5925
f 5925 6046 6049
f 5925 6049 5924
f 5924 6049 6047
f 5924 6047 5923
f 5923 6047 6050
f 5923 6050 5922
f 5922 6050 6048
f 6057 892 6043
f 6057 6043 6042
f 6057 6042 6041
f 6057 6041 6069
f 6069 6041 6040
f 6069 6040 6039
f 6069 6039 6038
f 6069 6038 6037
f 6069 6037 6068
f 6068 6037 6036
f 6068 6036 6035
f 6068 6035 6034
f 6068 6034 6065
f 6065 6034 5916
f 6065 5916 6033
f 6064 6032 6063
f 6064 6063 6031
f 6064 6031 6048
f 6071 6048 6050
f 6071 6050 6047
f 6070 6049 6046
f 6070 6046 6045
f 6045 6044 6974
f 6974 6044 5835
f 6974 6070 6045
f 6974 6993 6070
f 6051 6054 6069
f 6051 6055 6054
f 6988 6067 6052
f 6074 6057 6054
f 6056 6060 6075
f 6058 6972 6985
f 6061 6072 6062
f 6062 6072 6058
f 396 6062 6971
f 6064 6048 6071
f 6052 6064 6071
f 6033 6032 6065
f 6065 6032 6064
f 6065 6064 6052
f 6051 6065 6052
f 6051 6052 6066
f 6068 6065 6051
f 6066 6052 6067
f 6051 6069 6068
f 6993 6052 6070
f 6070 6071 6049
f 6049 6071 6047
f 6071 6070 6052
f 6053 6972 6058
f 6053 6058 6072
f 6055 6059 6060
f 6055 6060 6056
f 6056 6075 6074
f 6067 6053 6072
f 6066 6072 6059
f 6066 6059 6055
f 6067 6072 6066
f 6056 6074 6054
f 6059 6072 6061
f 6062 6058 6971
f 6051 6066 6055
f 6054 6055 6056
f 6069 6054 6057
f 880 892 6073
f 6073 892 6057
f 6075 6060 6143
f 6060 6059 6143
f 6143 6059 6061
f 6076 6061 6062
f 6076 6062 396
f 6077 396 6078
f 6077 6078 6097
f 6078 386 6098
f 6098 386 6108
f 6108 386 6099
f 6099 386 384
f 6099 384 6102
f 6100 384 6103
f 6103 384 6079
f 6079 6080 6081
f 6082 6081 6083
f 6083 6081 6084
f 6085 6084 6268
f 6085 6268 6272
f 6085 6272 6086
f 6086 6272 6275
f 6086 6275 6087
f 6088 6087 6266
f 6088 6266 700
f 6088 700 706
f 6088 706 6089
f 6089 706 724
f 6089 724 6245
f 6245 724 732
f 6245 732 6226
f 6226 732 751
f 6226 751 6090
f 6090 751 753
f 6090 753 6091
f 6091 753 755
f 6091 755 6092
f 6092 755 757
f 6092 757 6237
f 6237 757 759
f 6237 759 6233
f 6233 759 761
f 6233 761 6093
f 6093 761 763
f 6093 763 6094
f 6094 763 765
f 6094 765 6095
f 6095 765 767
f 6095 767 6236
f 6236 767 780
f 6236 780 6232
f 6232 780 794
f 6232 794 6231
f 6231 794 806
f 6231 806 6239
f 6230 6239 821
f 6230 821 6238
f 6238 821 823
f 6238 823 6229
f 6229 823 825
f 6229 825 6096
f 6096 825 827
f 6096 827 6228
f 6228 827 829
f 6228 829 6244
f 6244 829 831
f 6244 831 6240
f 6240 831 833
f 6240 833 6243
f 6243 833 835
f 6243 835 6242
f 6242 835 854
f 6242 854 6241
f 6241 854 863
f 6241 863 6073
f 6073 863 880
f 6097 6078 6098
f 6102 384 6118
f 6118 384 6100
f 6104 6103 6079
f 6104 6079 6081
f 6076 396 6077
f 6107 6077 6097
f 6101 6098 6108
f 6106 6076 6077
f 6106 6077 6107
f 6116 6107 6097
f 6116 6097 6098
f 6116 6098 6101
f 6109 6108 6099
f 6117 6099 6102
f 6105 6103 6104
f 6123 6117 6102
f 6114 6118 6100
f 6114 6100 6111
f 6111 6100 6103
f 6111 6103 6105
f 6104 6081 6082
f 6112 6061 6076
f 6113 6106 6107
f 6121 6101 6108
f 6110 6108 6109
f 6117 6109 6099
f 6123 6102 6118
f 6115 6111 6105
f 6112 6076 6106
f 6121 6108 6110
f 6119 6115 6105
f 6119 6105 6104
f 6119 6104 6082
f 6113 6107 6116
f 6124 6114 6111
f 6131 6111 6115
f 6120 6106 6113
f 6125 6116 6135
f 6135 6116 6101
f 6135 6101 6121
f 6130 6123 6118
f 6130 6118 6114
f 6143 6061 6112
f 6125 6113 6116
f 6122 6135 6121
f 6122 6121 6126
f 6126 6121 6110
f 6126 6110 6127
f 6127 6110 6109
f 6127 6109 6129
f 6129 6109 6117
f 6128 6112 6106
f 6128 6106 6120
f 6134 6120 6113
f 6134 6113 6125
f 6129 6117 6123
f 6132 6130 6114
f 6132 6114 6124
f 6131 6124 6111
f 6133 6115 6119
f 6083 6119 6082
f 6144 6143 6112
f 6144 6112 6128
f 6145 6125 6135
f 6140 6129 6123
f 6140 6123 6130
f 6133 6119 6083
f 6137 6131 6115
f 6137 6115 6133
f 6158 6128 6120
f 6158 6120 6134
f 6153 6137 6133
f 6154 6133 6083
f 6150 6134 6125
f 6150 6125 6145
f 6138 6145 6135
f 6138 6135 6122
f 6141 6124 6131
f 6141 6131 6136
f 6136 6131 6137
f 6084 6154 6083
f 6163 6158 6134
f 6163 6134 6149
f 6149 6134 6150
f 6155 6122 6126
f 6155 6126 6139
f 6139 6126 6127
f 6171 6140 6130
f 6171 6130 6132
f 6147 6136 6137
f 6147 6137 6153
f 6142 6138 6122
f 6142 6122 6155
f 6146 6139 6127
f 6146 6127 6129
f 6146 6129 6152
f 6152 6129 6140
f 6157 6132 6124
f 6157 6124 6141
f 6162 6153 6133
f 6162 6133 6154
f 6161 6152 6140
f 6161 6140 6171
f 6169 6143 6144
f 6169 6144 6148
f 6148 6144 6128
f 6148 6128 6158
f 6151 6146 6152
f 6159 6149 6150
f 6159 6150 6160
f 6160 6150 6145
f 6156 6139 6146
f 6156 6146 6151
f 6085 6154 6084
f 6174 6160 6145
f 6174 6145 6164
f 6164 6145 6138
f 6164 6138 6142
f 6176 6171 6132
f 6176 6132 6157
f 6179 6147 6153
f 6179 6153 6162
f 6172 6163 6149
f 6172 6149 6159
f 6187 6164 6142
f 6187 6142 6165
f 6165 6142 6155
f 6165 6155 6139
f 6168 6141 6136
f 6168 6136 6147
f 6182 6162 6154
f 6182 6154 6085
f 6166 6169 6148
f 6166 6148 6183
f 6183 6148 6158
f 6183 6158 6163
f 6194 6165 6139
f 6194 6139 6156
f 6178 6168 6147
f 6178 6147 6179
f 6190 6156 6151
f 6190 6151 6152
f 6196 6152 6161
f 6196 6161 6170
f 6170 6161 6171
f 6177 6176 6157
f 6177 6157 6167
f 6167 6157 6141
f 6167 6141 6168
f 6075 6143 6198
f 6198 6143 6169
f 6185 6183 6163
f 6185 6163 6172
f 6181 6179 6162
f 6181 6162 6182
f 6189 6172 6159
f 6189 6159 6173
f 6173 6159 6160
f 6173 6160 6174
f 6195 6194 6156
f 6195 6156 6190
f 6196 6190 6152
f 6175 6170 6171
f 6175 6171 6176
f 6180 6185 6172
f 6180 6172 6189
f 6184 6178 6179
f 6184 6179 6181
f 6193 6198 6169
f 6193 6169 6166
f 6191 6167 6168
f 6191 6168 6178
f 6192 6181 6182
f 6192 6182 6085
f 6188 6166 6183
f 6188 6183 6185
f 6186 6189 6173
f 6186 6173 6199
f 6199 6173 6174
f 6199 6174 6164
f 6207 6175 6176
f 6207 6176 6208
f 6208 6176 6177
f 6208 6177 6167
f 6197 6191 6178
f 6197 6178 6184
f 6086 6192 6085
f 6199 6164 6216
f 6216 6164 6187
f 6216 6187 6217
f 6217 6187 6165
f 6217 6165 6194
f 6213 6208 6167
f 6213 6167 6191
f 6219 6196 6170
f 6074 6075 6198
f 6204 6188 6185
f 6204 6185 6180
f 6205 6195 6190
f 6205 6190 6219
f 6219 6190 6196
f 6206 6219 6170
f 6206 6170 6203
f 6203 6170 6175
f 6203 6175 6207
f 6200 6184 6181
f 6200 6181 6192
f 6234 6198 6193
f 6234 6193 6235
f 6235 6193 6166
f 6235 6166 6188
f 6201 6204 6180
f 6201 6180 6211
f 6211 6180 6189
f 6211 6189 6186
f 6202 6186 6199
f 6218 6194 6195
f 6218 6195 6205
f 6227 6074 6198
f 6227 6198 6234
f 6220 6217 6194
f 6220 6194 6218
f 6214 6197 6184
f 6214 6184 6200
f 6215 6235 6188
f 6215 6188 6204
f 6222 6202 6199
f 6222 6199 6216
f 6209 6200 6192
f 6209 6192 6086
f 6210 6215 6204
f 6210 6204 6201
f 6212 6219 6206
f 6225 6213 6191
f 6225 6191 6226
f 6226 6191 6197
f 6226 6197 6214
f 6087 6209 6086
f 6228 6201 6211
f 6228 6211 6096
f 6096 6211 6186
f 6096 6186 6202
f 6221 6212 6206
f 6221 6206 6203
f 6092 6207 6208
f 6092 6208 6213
f 6057 6074 6227
f 6239 6216 6217
f 6239 6217 6220
f 6223 6220 6218
f 6223 6218 6205
f 6223 6205 6224
f 6224 6205 6219
f 6224 6219 6212
f 6237 6203 6207
f 6237 6207 6092
f 6091 6092 6213
f 6091 6213 6225
f 6229 6096 6202
f 6229 6202 6238
f 6238 6202 6222
f 6238 6222 6230
f 6230 6222 6216
f 6230 6216 6239
f 6231 6239 6220
f 6231 6220 6232
f 6232 6220 6223
f 6232 6223 6236
f 6236 6223 6224
f 6233 6221 6203
f 6233 6203 6237
f 6245 6226 6214
f 6245 6214 6200
f 6095 6236 6224
f 6095 6224 6212
f 6089 6245 6200
f 6089 6200 6209
f 6090 6091 6225
f 6090 6225 6226
f 6073 6057 6227
f 6073 6227 6241
f 6241 6227 6234
f 6241 6234 6242
f 6242 6234 6235
f 6242 6235 6243
f 6243 6235 6215
f 6243 6215 6210
f 6094 6095 6212
f 6094 6212 6221
f 6240 6243 6210
f 6240 6210 6244
f 6244 6210 6201
f 6244 6201 6228
f 6093 6094 6221
f 6093 6221 6233
f 6088 6089 6209
f 6088 6209 6087
f 6084 6291 6270
f 6084 6270 6267
f 6277 6250 6274
f 6273 6253 6277
f 6280 6247 6276
f 6247 6251 6252
f 6274 6250 6279
f 6256 6287 6254
f 6254 6255 6256
f 6256 6255 6279
f 6279 6255 6257
f 6257 6258 6279
f 6258 6259 6279
f 6279 6259 6260
f 6260 6261 6274
f 6274 6261 6262
f 6263 6251 6247
f 6247 6252 6276
f 6269 6265 6266
f 6266 6087 6269
f 6084 6081 6291
f 6268 6084 6267
f 6268 6271 6272
f 6267 6271 6268
f 6270 6273 6267
f 6267 6273 6271
f 6270 6246 6273
f 6271 6278 6272
f 6280 6276 6249
f 6280 6249 6264
f 6087 6275 6269
f 6273 6277 6271
f 6272 6278 6275
f 6275 6278 6280
f 6271 6277 6278
f 6246 6253 6273
f 6277 6253 6250
f 6280 6269 6275
f 6247 6274 6262
f 6247 6262 6263
f 6277 6274 6278
f 6278 6274 6280
f 6279 6260 6274
f 6274 6247 6280
f 6250 6256 6279
f 6280 6264 6269
f 6269 6264 6248
f 6269 6248 6265
f 6293 6281 6294
f 6293 6294 6282
f 6293 6282 6292
f 6292 6282 6283
f 6292 6283 6284
f 6292 6284 6285
f 6292 6285 6286
f 6292 6286 6256
f 6256 6286 6287
f 6714 6290 6246
f 6250 6253 6290
f 6290 6253 6246
f 6288 6246 6291
f 6289 6081 6080
f 6246 6717 6714
f 6250 6292 6256
f 6290 6714 6250
f 6250 6714 6292
f 6714 6293 6292
f 6270 6291 6246
f 6291 6081 6289
f 6281 6295 6296
f 6281 6296 6294
f 6294 6296 6297
f 6294 6297 6282
f 6282 6297 6298
f 6282 6298 6283
f 6283 6298 6299
f 6283 6299 6284
f 6284 6299 6300
f 6284 6300 6301
f 6284 6301 6285
f 6285 6301 6302
f 6285 6302 6286
f 6286 6302 6303
f 6286 6303 6287
f 6329 6287 6303
f 6304 6504 6305
f 6305 6504 6306
f 6305 6306 6307
f 6307 6306 6308
f 6308 6306 6309
f 6309 6306 6310
f 6309 6310 6311
f 6311 6310 6312
f 6312 6310 6313
f 6312 6313 6314
f 6314 6313 6318
f 6314 6318 6315
f 6315 6318 6316
f 6316 6318 6317
f 6317 6318 6319
f 6319 6318 6322
f 6319 6322 6320
f 6320 6322 6321
f 6321 6322 6323
f 6323 6322 6325
f 6323 6325 6324
f 6324 6325 6326
f 6326 6325 6295
f 6295 6325 6327
f 6295 6327 6296
f 6296 6327 6297
f 6297 6327 6298
f 6298 6327 6299
f 6299 6327 6300
f 6300 6327 6301
f 6301 6327 6328
f 6301 6328 6302
f 6302 6328 6303
f 6303 6328 6329
f 6329 6328 6330
f 6330 6328 6331
f 6331 6328 6332
f 6332 6328 6333
f 6333 6328 6334
f 6333 6334 6335
f 6335 6334 6336
f 6336 6334 6337
f 6337 6334 6338
f 6338 6334 6339
f 6339 6334 6340
f 6340 6334 6341
f 6341 6334 6342
f 6342 6334 899
f 6342 899 6343
f 6343 899 6344
f 6344 899 6345
f 6345 899 897
f 6334 6346 899
f 899 6346 900
f 900 6346 901
f 901 6346 6348
f 901 6348 6347
f 6347 6348 6349
f 6349 6348 6350
f 6349 6350 6351
f 6351 6350 6352
f 6351 6352 6635
f 6635 6352 6568
f 6568 6352 6353
f 6568 6353 6354
f 6354 6353 6355
f 6354 6355 6569
f 6569 6355 6356
f 6356 6355 6357
f 6356 6357 6570
f 6570 6357 6358
f 6570 6358 6571
f 6571 6358 6359
f 6571 6359 6360
f 6360 6359 6362
f 6360 6362 6361
f 6361 6362 6363
f 6363 6362 6364
f 6363 6364 6365
f 6365 6364 6366
f 6365 6366 6637
f 6637 6366 6367
f 6637 6367 6636
f 6636 6367 6368
f 6368 6367 6369
f 6368 6369 6370
f 6370 6369 6371
f 6370 6371 6631
f 6631 6371 6372
f 6631 6372 6634
f 6634 6372 6373
f 6634 6373 6374
f 6374 6373 6375
f 6374 6375 6626
f 6626 6375 6376
f 6376 6375 6377
f 6376 6377 6378
f 6378 6377 6380
f 6378 6380 6379
f 6379 6380 6381
f 6379 6381 6572
f 6572 6381 6382
f 6572 6382 6573
f 6573 6382 6383
f 6383 6382 6384
f 6383 6384 6385
f 6385 6384 6386
f 6385 6386 6387
f 6387 6386 6388
f 6387 6388 6389
f 6389 6388 6391
f 6389 6391 6390
f 6390 6391 6392
f 6392 6391 6393
f 6392 6393 6394
f 6394 6393 6396
f 6394 6396 6395
f 6395 6396 6397
f 6397 6398 6554
f 6398 6399 6555
f 6555 6399 6400
f 6400 6401 6563
f 6563 6401 6564
f 6564 6401 6402
f 6564 6402 6560
f 6560 6402 6403
f 6560 6403 557
f 557 6403 6404
f 557 6404 559
f 559 6404 6405
f 559 6405 6517
f 6406 6516 6404
f 6404 6516 6407
f 6406 6510 6408
f 6409 6410 6406
f 6413 6411 6409
f 6409 6411 6412
f 6413 6414 6415
f 6418 6416 6413
f 6413 6416 6414
f 6416 6418 6417
f 6417 6418 6419
f 6419 6418 6420
f 6420 6418 6421
f 6420 6421 6422
f 6422 6421 6423
f 6423 6421 6424
f 6423 6424 6425
f 6425 6424 6426
f 6426 6424 6428
f 6426 6428 6427
f 6427 6428 6429
f 6429 6428 6430
f 6429 6430 6431
f 6431 6430 6432
f 6432 6430 6433
f 6433 6430 6435
f 6433 6435 6434
f 6434 6435 6436
f 6436 6435 6437
f 6436 6437 6438
f 6438 6437 6441
f 6438 6441 6439
f 6439 6441 6440
f 6440 6441 6442
f 6442 6441 6443
f 6442 6443 6444
f 6444 6443 6446
f 6444 6446 6445
f 6445 6446 6447
f 6447 6446 6448
f 6448 6446 6449
f 6449 6446 6451
f 6449 6451 6450
f 6450 6451 6452
f 6452 6451 6455
f 6452 6455 6453
f 6453 6455 6454
f 6454 6455 6456
f 6456 6455 6458
f 6456 6458 6457
f 6457 6458 6459
f 6459 6458 6460
f 6459 6460 6461
f 6461 6460 6462
f 6461 6462 6463
f 6463 6462 6465
f 6463 6465 6464
f 6464 6465 6466
f 6466 6465 6467
f 6467 6465 6468
f 6467 6468 6469
f 6469 6468 6470
f 6470 6468 6471
f 6471 6468 6472
f 6472 6468 6473
f 6472 6473 6474
f 6474 6473 6475
f 6475 6473 6476
f 6476 6473 6477
f 6477 6473 6479
f 6477 6479 6478
f 6478 6479 6480
f 6480 6479 6481
f 6480 6481 6482
f 6482 6481 6483
f 6482 6483 6484
f 6484 6483 6488
f 6484 6488 6485
f 6485 6488 6486
f 6486 6488 6487
f 6487 6488 6489
f 6489 6488 6490
f 6489 6490 6491
f 6491 6490 6493
f 6491 6493 6492
f 6492 6493 6494
f 6494 6493 6495
f 6495 6493 6496
f 6495 6496 6497
f 6497 6496 6498
f 6498 6496 6499
f 6498 6499 6500
f 6500 6499 6501
f 6500 6501 6502
f 6502 6501 6504
f 6502 6504 6503
f 6503 6504 6505
f 6505 6504 6304
f 6413 6415 6506
f 6413 6506 6411
f 6409 6412 6507
f 6409 6507 6410
f 6410 6508 6406
f 6406 6508 6509
f 6509 6510 6406
f 6406 6408 6511
f 6511 6512 6406
f 6512 6513 6406
f 6406 6513 6514
f 6406 6514 6515
f 6406 6515 6516
f 6407 6405 6404
f 559 6517 6518
f 559 6518 6519
f 6519 6520 559
f 559 6520 560
f 6396 2573 2572
f 6396 2572 6397
f 6397 2572 2571
f 6397 2571 6398
f 6398 2571 1403
f 6398 1403 6399
f 6399 1403 2570
f 6399 2570 2569
f 6399 2569 6400
f 6400 2569 2568
f 6400 2568 6401
f 6401 2568 2567
f 6401 2567 6402
f 6402 2567 2566
f 6402 2566 6403
f 6403 2566 2565
f 6403 2565 6404
f 6404 2565 6406
f 6406 2565 2564
f 6406 2564 6409
f 6409 2564 2563
f 6409 2563 6413
f 6413 2563 2562
f 6413 2562 6418
f 6418 2562 2561
f 6418 2561 6421
f 6421 2561 2560
f 6421 2560 6424
f 6424 2560 2559
f 6424 2559 6428
f 6428 2559 2558
f 6428 2558 6430
f 6430 2558 2557
f 6430 2557 6435
f 6435 2557 1906
f 6435 1906 6437
f 6437 1906 1905
f 6437 1905 6441
f 6441 1905 2170
f 6441 2170 2171
f 6441 2171 6443
f 6443 2171 2172
f 6443 2172 6446
f 6446 2172 2173
f 6446 2173 2174
f 6446 2174 6451
f 6451 2174 2175
f 6451 2175 6455
f 6455 2175 2176
f 6455 2176 6458
f 6458 2176 2177
f 6458 2177 6460
f 6460 2177 2178
f 6460 2178 6462
f 6462 2178 2179
f 6462 2179 6465
f 6465 2179 2180
f 6465 2180 6468
f 6468 2180 2181
f 6468 2181 6473
f 6473 2181 2182
f 6473 2182 6479
f 6479 2182 2183
f 6479 2183 6481
f 6481 2183 2184
f 6481 2184 6483
f 6483 2184 2185
f 6483 2185 6488
f 6488 2185 2186
f 6488 2186 6490
f 6490 2186 2187
f 6490 2187 6493
f 6493 2187 2188
f 6493 2188 6496
f 6496 2188 2189
f 6496 2189 6499
f 6499 2189 2190
f 6499 2190 6501
f 6501 2190 2199
f 6501 2199 6504
f 6504 2199 6306
f 6306 2199 2206
f 6306 2206 2210
f 6306 2210 6310
f 6310 2210 2211
f 6310 2211 6313
f 6313 2211 2212
f 6313 2212 6318
f 6318 2212 2213
f 6318 2213 6322
f 6322 2213 2214
f 6322 2214 6325
f 6325 2214 2215
f 6325 2215 6327
f 6327 2215 6328
f 6328 2215 2216
f 6328 2216 6334
f 6334 2216 2217
f 6334 2217 6346
f 6346 2217 2218
f 6346 2218 6348
f 6348 2218 2219
f 6348 2219 6350
f 6350 2219 2220
f 6350 2220 6352
f 6352 2220 2221
f 6352 2221 2222
f 6352 2222 6353
f 6353 2222 2223
f 6353 2223 6355
f 6355 2223 2224
f 6355 2224 6357
f 6357 2224 2225
f 6357 2225 6358
f 6358 2225 2226
f 6358 2226 6359
f 6359 2226 2227
f 6359 2227 1753
f 6359 1753 6362
f 6362 1753 1748
f 6362 1748 2556
f 6362 2556 6364
f 6364 2556 2555
f 6364 2555 6366
f 6366 2555 2554
f 6366 2554 6367
f 6367 2554 2553
f 6367 2553 2552
f 6367 2552 6369
f 6369 2552 2551
f 6369 2551 2550
f 6369 2550 6371
f 6371 2550 2549
f 6371 2549 6372
f 6372 2549 2548
f 6372 2548 6373
f 6373 2548 2547
f 6373 2547 1755
f 6373 1755 6375
f 6375 1755 1754
f 6375 1754 2546
f 6375 2546 6377
f 6377 2546 2545
f 6377 2545 2544
f 6377 2544 6380
f 6380 2544 2543
f 6380 2543 6381
f 6381 2543 2542
f 6381 2542 6382
f 6382 2542 2541
f 6382 2541 6384
f 6384 2541 2540
f 6384 2540 6386
f 6386 2540 2539
f 6386 2539 6388
f 6388 2539 2538
f 6388 2538 6391
f 6391 2538 2537
f 6391 2537 6393
f 6393 2537 2573
f 6393 2573 6396
f 6560 558 6620
f 6538 6615 6623
f 903 6526 904
f 620 6582 6594
f 620 6594 623
f 6529 6583 653
f 662 6530 6601
f 662 6601 665
f 665 6601 6610
f 665 6610 667
f 667 6610 670
f 6576 6586 673
f 673 6586 6593
f 6531 6595 677
f 677 6595 679
f 679 6574 681
f 681 6574 683
f 685 6645 687
f 687 6645 6643
f 6535 6640 695
f 695 6640 6638
f 6598 6638 6536
f 558 6598 6620
f 6618 6550 6539
f 6617 6558 6544
f 6616 6557 6625
f 6625 6557 6541
f 6543 6567 6540
f 6623 6547 6548
f 6538 6542 6619
f 6618 6619 6550
f 6617 6549 6558
f 6525 6545 6524
f 6624 6551 6604
f 6604 6551 6546
f 6521 6522 6563
f 6537 6553 6556
f 6537 6556 6616
f 6623 6548 6538
f 6620 6564 6560
f 6543 6546 6567
f 6525 6541 6545
f 6547 6540 6548
f 6521 6563 6564
f 6521 6564 6620
f 6616 6556 6557
f 6624 6524 6551
f 6538 6548 6542
f 6522 6544 6562
f 6522 6562 6563
f 6524 6545 6551
f 6544 6554 6555
f 6619 6542 6550
f 6622 6539 6552
f 6622 6552 6523
f 6544 6558 6561
f 6544 6561 6554
f 6553 903 6559
f 6546 6551 6565
f 6546 6565 6567
f 6523 6552 6549
f 6544 6555 6562
f 6553 6559 6556
f 6540 6630 6548
f 6540 6567 6630
f 6550 6632 6539
f 6559 6566 6556
f 6551 6545 6627
f 6630 6626 6548
f 6548 6626 6376
f 6548 6376 6542
f 6550 6542 6628
f 6545 6541 6360
f 6545 6360 6361
f 6545 6361 6627
f 6551 6627 6565
f 6549 6633 6558
f 6542 6376 6378
f 6542 6378 6628
f 6632 6550 6573
f 6549 6552 6633
f 6562 6555 6400
f 6566 6559 902
f 6566 902 6347
f 6347 902 901
f 6349 6351 6566
f 6566 6351 6635
f 6569 6356 6570
f 6378 6379 6628
f 6628 6379 6572
f 6629 6387 6389
f 6629 6389 6390
f 6633 6392 6394
f 6395 6397 6561
f 6561 6397 6554
f 6554 6398 6555
f 6562 6400 6563
f 685 6592 6645
f 6644 6643 6646
f 679 6595 6574
f 6589 6580 646
f 6583 656 653
f 6607 639 637
f 6607 637 6579
f 6602 6587 627
f 6590 617 615
f 6591 6527 612
f 6591 612 6526
f 683 6574 6592
f 6640 6641 6536
f 6584 6583 6529
f 6584 6529 6599
f 6590 615 6591
f 6591 615 6527
f 6640 6536 6638
f 6612 6595 6531
f 6593 6531 673
f 6588 6578 642
f 6588 642 639
f 6585 6528 623
f 6590 6582 617
f 6646 6603 6642
f 6612 6531 6593
f 6613 6594 6582
f 6592 6611 6645
f 6606 6530 6577
f 6607 6588 639
f 6645 6611 6643
f 6585 627 6528
f 6594 6585 623
f 6586 6576 670
f 6621 6578 6588
f 6609 6577 656
f 6609 656 6583
f 6589 6599 6580
f 6605 6575 6596
f 6595 6608 6574
f 6609 6606 6577
f 6605 6579 6575
f 6587 6596 6581
f 6613 6582 6590
f 6642 6603 6641
f 6641 6603 6600
f 6641 6600 6536
f 6536 6600 6598
f 6601 6530 6606
f 6589 646 6621
f 6585 6602 627
f 6646 6597 6603
f 6614 6590 6591
f 6574 6608 6592
f 6643 6611 6597
f 6643 6597 6646
f 6608 6595 6612
f 6615 6609 6583
f 6604 6607 6579
f 6604 6579 6605
f 6592 6617 6611
f 6625 6585 6594
f 6614 6591 6526
f 6543 6621 6588
f 6613 6625 6594
f 6616 6613 6590
f 6616 6590 6614
f 6547 6599 6589
f 6603 6597 6522
f 6618 6610 6601
f 6592 6608 6617
f 6603 6521 6600
f 6597 6611 6544
f 6623 6615 6583
f 6623 6583 6584
f 6623 6584 6547
f 6547 6584 6599
f 6546 6588 6607
f 6546 6607 6604
f 6624 6604 6605
f 6624 6605 6596
f 6525 6585 6625
f 6603 6522 6521
f 6618 6601 6606
f 6616 6614 6537
f 6523 6608 6612
f 6547 6589 6621
f 6524 6596 6587
f 6524 6587 6602
f 6600 6620 6598
f 6622 6586 670
f 6539 670 6610
f 6619 6606 6609
f 6619 6609 6538
f 6538 6609 6615
f 6543 6588 6546
f 6525 6602 6585
f 6541 6525 6625
f 6537 6614 6526
f 6597 6544 6522
f 6622 6593 6586
f 6600 6521 6620
f 6625 6613 6616
f 6611 6617 6544
f 6619 6618 6606
f 6549 6608 6523
f 6539 6610 6618
f 6553 6537 6526
f 6523 6612 6593
f 6525 6524 6602
f 903 6553 6526
f 6608 6549 6617
f 6523 6593 6622
f 6540 6547 6621
f 6540 6621 6543
f 6624 6596 6524
f 6539 6622 670
f 6558 6633 6561
f 6552 6539 6632
f 6635 6557 6556
f 6629 6392 6552
f 6628 6573 6550
f 6631 6630 6567
f 6633 6552 6392
f 6631 6567 6565
f 6636 6565 6627
f 6571 6360 6541
f 6635 6556 6566
f 6561 6633 6395
f 6569 6571 6541
f 6569 6541 6557
f 6568 6557 6635
f 6632 6629 6552
f 6374 6626 6630
f 6370 6631 6565
f 6363 6627 6361
f 6634 6630 6631
f 6637 6636 6627
f 6637 6627 6365
f 6365 6627 6363
f 6569 6557 6354
f 6354 6557 6568
f 6368 6370 6565
f 6368 6565 6636
f 6570 6571 6569
f 6349 6566 6347
f 6383 6632 6573
f 6572 6573 6628
f 6374 6630 6634
f 6633 6394 6395
f 6644 6533 6532
f 6640 6535 6641
f 6641 6535 6534
f 6641 6534 6642
f 6642 6534 6533
f 6642 6533 6644
f 6644 6532 6639
f 6643 6644 6639
f 6643 6639 687
f 6592 685 683
f 6646 6642 6644
f 6629 6390 6392
f 6387 6629 6632
f 6385 6387 6632
f 6383 6385 6632
f 560 6520 562
f 562 6520 6647
f 6647 6520 6519
f 6647 6519 6648
f 6648 6519 6518
f 6648 6518 6649
f 6649 6518 6517
f 6649 6517 6650
f 6650 6517 6405
f 6650 6405 6651
f 6651 6405 6407
f 6651 6407 6668
f 6668 6407 6516
f 6668 6516 6515
f 6668 6515 6652
f 6652 6515 6669
f 6669 6515 6514
f 6669 6514 6513
f 6669 6513 6653
f 6653 6513 6512
f 6653 6512 6654
f 6654 6512 6511
f 6654 6511 6655
f 6655 6511 6408
f 6655 6408 6667
f 6667 6408 6510
f 6667 6510 6656
f 6656 6510 6509
f 6656 6509 6657
f 6657 6509 6508
f 6657 6508 6664
f 6664 6508 6410
f 6664 6410 6658
f 6658 6410 6507
f 6658 6507 6659
f 6659 6507 6412
f 6659 6412 6660
f 6660 6412 6411
f 6660 6411 6661
f 6661 6411 6506
f 6661 6506 6681
f 6681 6506 6415
f 6681 6415 6682
f 6682 6415 6414
f 6682 6414 6670
f 368 6662 6671
f 6671 6662 6672
f 6665 6679 6664
f 6678 6900 6666
f 6679 6657 6664
f 6657 6679 6656
f 6678 6666 6663
f 6679 6667 6656
f 6684 562 6647
f 6685 6647 6648
f 6685 6648 6649
f 6685 6649 6650
f 6685 6650 6651
f 6685 6651 6668
f 6666 6668 6652
f 6666 6652 6669
f 6663 6669 6653
f 6663 6653 6654
f 6663 6654 6655
f 6679 6655 6667
f 6665 6664 6658
f 6665 6658 6659
f 6665 6659 6660
f 6680 6660 6661
f 6680 6661 6681
f 6677 6673 6672
f 6821 368 6671
f 6673 6671 6672
f 6675 6821 6671
f 6673 6675 6671
f 6675 6673 6674
f 6674 6673 6678
f 6680 6676 6699
f 6877 6676 6680
f 6677 6900 6678
f 6678 6673 6677
f 6674 6678 6699
f 6675 6674 6699
f 6665 6699 6678
f 6665 6678 6663
f 6679 6665 6663
f 6680 6699 6665
f 6680 6665 6660
f 6877 6680 6682
f 6682 6680 6681
f 6685 6684 6647
f 6663 6655 6679
f 6900 6683 6666
f 6666 6683 6684
f 6684 6685 6666
f 6666 6685 6668
f 6666 6669 6663
f 6670 6877 6682
f 6686 6281 6712
f 6712 6281 6293
f 6675 6699 6843
f 6675 6843 6821
f 6821 6700 368
f 370 369 6701
f 6701 6807 370
f 370 6807 371
f 6702 371 6810
f 373 6702 6703
f 382 6801 383
f 6080 6799 6289
f 6707 6708 6687
f 6687 6708 6709
f 6688 6716 6715
f 6293 6714 6712
f 6709 6708 6710
f 6712 6714 6707
f 6707 6717 6708
f 6707 6714 6717
f 6710 6708 6719
f 6710 6705 6688
f 6688 6705 6716
f 6715 6716 6706
f 6715 6706 6713
f 6708 6717 6718
f 6708 6718 6719
f 6710 6719 6705
f 6719 6718 6720
f 6716 6705 6844
f 6705 6719 6847
f 6246 6288 6717
f 6717 6288 6718
f 6720 6718 6833
f 6719 6720 6847
f 6718 6288 6833
f 6877 6670 6721
f 6877 6721 6722
f 6877 6722 6698
f 6698 6722 6723
f 6698 6723 6724
f 6698 6724 6725
f 6698 6725 6880
f 6880 6725 6726
f 6880 6726 6727
f 6880 6727 6728
f 6880 6728 6885
f 6885 6728 6729
f 6885 6729 6730
f 6885 6730 6882
f 6882 6730 6731
f 6882 6731 6732
f 6882 6732 6733
f 6882 6733 6697
f 6697 6733 6734
f 6697 6734 6735
f 6697 6735 6736
f 6697 6736 6696
f 6696 6736 6737
f 6696 6737 6738
f 6696 6738 6739
f 6696 6739 6740
f 6696 6740 6741
f 6696 6741 6695
f 6695 6741 6742
f 6695 6742 6743
f 6695 6743 6881
f 6881 6743 6744
f 6881 6744 6745
f 6881 6745 6746
f 6881 6746 6884
f 6884 6746 6747
f 6884 6747 6748
f 6884 6748 6749
f 6884 6749 6750
f 6884 6750 6694
f 6694 6750 6751
f 6694 6751 6752
f 6694 6752 6693
f 6693 6752 6753
f 6693 6753 6754
f 6693 6754 6755
f 6693 6755 6692
f 6692 6755 6756
f 6692 6756 6757
f 6692 6757 6758
f 6692 6758 6878
f 6878 6758 6759
f 6878 6759 6760
f 6878 6760 6879
f 6879 6760 6761
f 6879 6761 6691
f 6691 6762 6690
f 6690 6762 6763
f 6690 6763 6764
f 6690 6764 6765
f 6690 6765 6871
f 6871 6765 6766
f 6871 6766 6767
f 6871 6767 6768
f 6871 6768 6769
f 6871 6769 6870
f 6870 6769 6770
f 6870 6770 6771
f 6870 6771 6866
f 6866 6771 6772
f 6866 6772 6689
f 6689 6772 6773
f 6689 6773 6774
f 6689 6774 6775
f 6689 6775 6776
f 6689 6776 6711
f 6711 6776 6777
f 6711 6777 6778
f 6711 6778 6779
f 6711 6779 6713
f 6713 6779 6780
f 6713 6780 6781
f 6713 6781 6715
f 6715 6781 6782
f 6715 6782 6783
f 6715 6783 6688
f 6688 6783 6784
f 6688 6784 6785
f 6688 6785 6786
f 6688 6786 6787
f 6688 6787 6710
f 6710 6787 6788
f 6710 6788 6789
f 6710 6789 6790
f 6710 6790 6709
f 6709 6790 6791
f 6709 6791 6792
f 6709 6792 6793
f 6709 6793 6687
f 6687 6793 6794
f 6687 6794 6795
f 6687 6795 6707
f 6707 6795 6796
f 6707 6796 6797
f 6707 6797 6712
f 6712 6797 6686
f 383 6800 6798
f 383 6798 6704
f 6704 6798 6799
f 6704 6799 6080
f 6800 383 6801
f 6801 382 378
f 6801 378 6802
f 6802 378 6703
f 6802 6703 6803
f 6806 6703 6702
f 6806 6702 6810
f 6810 371 6807
f 6807 6701 6804
f 6804 6701 369
f 6804 369 6811
f 6811 369 6700
f 6798 6800 6808
f 6805 6801 6802
f 6805 6802 6803
f 6803 6703 6809
f 6809 6703 6806
f 6799 6798 6813
f 6811 6700 6812
f 6798 6808 6813
f 6826 6800 6801
f 6822 6805 6803
f 6814 6806 6810
f 6818 6804 6811
f 6799 6813 6289
f 6826 6801 6805
f 6819 6807 6804
f 6812 6700 6815
f 6826 6816 6800
f 6808 6800 6816
f 6822 6803 6827
f 6831 6810 6807
f 6815 6700 6821
f 6808 6817 6813
f 6827 6803 6809
f 6814 6810 6831
f 6831 6807 6819
f 6819 6804 6818
f 6820 6818 6811
f 6816 6817 6808
f 6824 6826 6805
f 6830 6809 6806
f 6820 6811 6812
f 6824 6805 6822
f 6827 6809 6855
f 6823 6806 6814
f 6840 6814 6831
f 6825 6812 6815
f 6289 6813 6291
f 6830 6855 6809
f 6830 6806 6823
f 6837 6816 6826
f 6843 6815 6821
f 6816 6837 6832
f 6817 6816 6836
f 6813 6817 6833
f 6291 6813 6288
f 6828 6819 6818
f 6829 6818 6820
f 6834 6824 6822
f 6840 6823 6814
f 6829 6828 6818
f 6835 6820 6812
f 6816 6832 6836
f 6813 6833 6288
f 6834 6822 6827
f 6839 6855 6830
f 6845 6831 6819
f 6835 6812 6825
f 6851 6825 6815
f 6842 6837 6826
f 6842 6826 6824
f 6852 6830 6823
f 6850 6840 6831
f 6845 6819 6828
f 6829 6820 6835
f 6843 6851 6815
f 6838 6842 6824
f 6838 6824 6834
f 6840 6852 6823
f 6850 6831 6841
f 6839 6830 6852
f 6848 6834 6827
f 6845 6841 6831
f 6836 6720 6817
f 6817 6720 6833
f 6844 6832 6837
f 6852 6840 6850
f 6854 6835 6825
f 6854 6825 6851
f 6832 6844 6836
f 6836 6844 6847
f 6836 6847 6720
f 6846 6837 6842
f 6835 6861 6829
f 6855 6839 6856
f 6849 6841 6845
f 6853 6845 6828
f 6853 6828 6829
f 6846 6844 6837
f 6859 6834 6848
f 6848 6827 6855
f 6862 6852 6850
f 6865 6850 6841
f 6853 6829 6861
f 6859 6838 6834
f 6856 6839 6857
f 6857 6839 6852
f 6862 6850 6865
f 6865 6841 6849
f 6860 6845 6853
f 6864 6851 6676
f 6676 6851 6843
f 6847 6844 6705
f 6868 6842 6858
f 6858 6842 6838
f 6862 6857 6852
f 6849 6845 6860
f 6863 6853 6861
f 6854 6861 6835
f 6676 6843 6699
f 6856 6867 6855
f 6864 6854 6851
f 6868 6846 6842
f 6858 6838 6859
f 6875 6859 6848
f 6875 6848 6867
f 6867 6848 6855
f 6844 6706 6716
f 6706 6844 6846
f 6874 6857 6862
f 6869 6863 6861
f 6873 6854 6864
f 6713 6706 6711
f 6862 6865 6872
f 6872 6865 6849
f 6706 6846 6711
f 6711 6846 6689
f 6860 6872 6849
f 6863 6860 6853
f 6876 6854 6873
f 6846 6868 6689
f 6689 6868 6866
f 6866 6868 6858
f 6878 6867 6856
f 6883 6856 6857
f 6869 6861 6876
f 6876 6861 6854
f 6870 6858 6859
f 6872 6874 6862
f 6881 6872 6860
f 6885 6876 6873
f 6870 6866 6858
f 6870 6859 6875
f 6878 6856 6883
f 6871 6870 6875
f 6879 6875 6867
f 6879 6867 6878
f 6884 6874 6872
f 6871 6875 6690
f 6693 6883 6857
f 6693 6857 6874
f 6884 6872 6881
f 6881 6860 6863
f 6696 6863 6869
f 6877 6864 6676
f 6693 6874 6694
f 6882 6869 6876
f 6882 6876 6885
f 6698 6873 6864
f 6690 6875 6879
f 6690 6879 6691
f 6694 6874 6884
f 6695 6863 6696
f 6697 6696 6869
f 6698 6864 6877
f 6881 6863 6695
f 6885 6873 6880
f 6697 6869 6882
f 6880 6873 6698
f 6692 6878 6883
f 6692 6883 6693
f 6295 6281 6326
f 6326 6281 6686
f 6326 6686 6324
f 6324 6686 6797
f 6324 6797 6323
f 6323 6797 6796
f 6323 6796 6321
f 6321 6796 6795
f 6321 6795 6320
f 6320 6795 6794
f 6320 6794 6319
f 6319 6794 6793
f 6319 6793 6317
f 6317 6793 6792
f 6317 6792 6316
f 6316 6792 6791
f 6316 6791 6315
f 6315 6791 6790
f 6315 6790 6314
f 6314 6790 6789
f 6314 6789 6312
f 6312 6789 6788
f 6312 6788 6311
f 6311 6788 6787
f 6311 6787 6309
f 6309 6787 6786
f 6309 6786 6308
f 6308 6786 6785
f 6308 6785 6307
f 6307 6785 6784
f 6307 6784 6305
f 6305 6784 6783
f 6305 6783 6304
f 6304 6783 6782
f 6304 6782 6505
f 6505 6782 6781
f 6505 6781 6503
f 6503 6781 6780
f 6503 6780 6502
f 6502 6780 6779
f 6502 6779 6500
f 6500 6779 6778
f 6500 6778 6498
f 6498 6778 6777
f 6498 6777 6497
f 6497 6777 6776
f 6497 6776 6495
f 6495 6776 6775
f 6495 6775 6494
f 6494 6775 6774
f 6494 6774 6492
f 6492 6774 6773
f 6492 6773 6491
f 6491 6773 6772
f 6491 6772 6489
f 6489 6772 6771
f 6489 6771 6487
f 6487 6771 6770
f 6487 6770 6486
f 6486 6770 6769
f 6486 6769 6485
f 6485 6769 6768
f 6485 6768 6484
f 6484 6768 6767
f 6484 6767 6482
f 6482 6767 6766
f 6482 6766 6480
f 6480 6766 6765
f 6480 6765 6478
f 6478 6765 6764
f 6478 6764 6477
f 6477 6764 6763
f 6477 6763 6476
f 6476 6763 6762
f 6476 6762 6475
f 6475 6762 6691
f 6475 6691 6474
f 6474 6691 6761
f 6474 6761 6472
f 6472 6761 6760
f 6472 6760 6471
f 6471 6760 6759
f 6471 6759 6470
f 6470 6759 6758
f 6470 6758 6469
f 6469 6758 6757
f 6469 6757 6467
f 6467 6757 6756
f 6467 6756 6466
f 6466 6756 6755
f 6466 6755 6464
f 6464 6755 6754
f 6464 6754 6463
f 6463 6754 6753
f 6463 6753 6461
f 6461 6753 6752
f 6461 6752 6459
f 6459 6752 6751
f 6459 6751 6457
f 6457 6751 6750
f 6457 6750 6456
f 6456 6750 6749
f 6456 6749 6454
f 6454 6749 6748
f 6454 6748 6453
f 6453 6748 6747
f 6453 6747 6452
f 6452 6747 6746
f 6452 6746 6450
f 6450 6746 6745
f 6450 6745 6449
f 6449 6745 6744
f 6449 6744 6448
f 6448 6744 6743
f 6448 6743 6447
f 6447 6743 6742
f 6447 6742 6445
f 6445 6742 6741
f 6445 6741 6444
f 6444 6741 6740
f 6444 6740 6442
f 6442 6740 6739
f 6442 6739 6440
f 6440 6739 6738
f 6440 6738 6439
f 6439 6738 6737
f 6439 6737 6438
f 6438 6737 6736
f 6438 6736 6436
f 6436 6736 6735
f 6436 6735 6434
f 6434 6735 6734
f 6434 6734 6433
f 6433 6734 6733
f 6433 6733 6432
f 6432 6733 6732
f 6432 6732 6431
f 6431 6732 6731
f 6431 6731 6429
f 6429 6731 6730
f 6429 6730 6427
f 6427 6730 6729
f 6427 6729 6426
f 6426 6729 6728
f 6426 6728 6425
f 6425 6728 6727
f 6425 6727 6423
f 6423 6727 6726
f 6423 6726 6422
f 6422 6726 6725
f 6422 6725 6420
f 6420 6725 6724
f 6420 6724 6419
f 6419 6724 6723
f 6419 6723 6417
f 6417 6723 6722
f 6417 6722 6416
f 6416 6722 6721
f 6416 6721 6414
f 6414 6721 6670
f 349 345 6965
f 6887 480 6888
f 6888 480 6889
f 6889 478 6890
f 6890 478 477
f 6890 477 6891
f 6891 477 476
f 6891 476 587
f 6891 587 6904
f 6904 587 585
f 6904 585 6892
f 6892 585 583
f 6892 583 6893
f 6893 583 581
f 6893 581 6894
f 6894 581 579
f 6894 579 6895
f 6895 579 577
f 6895 577 6902
f 6902 577 575
f 6902 575 6903
f 6903 575 573
f 6903 573 6896
f 6896 573 571
f 6896 571 6897
f 6897 571 569
f 6897 569 567
f 6898 563 6899
f 6899 563 562
f 6899 562 6684
f 6899 6684 6683
f 6899 6683 6928
f 6928 6683 6900
f 6677 6672 6953
f 6953 6672 6662
f 6964 6662 368
f 6964 368 367
f 367 349 6966
f 6909 6892 6893
f 6909 6893 6912
f 6912 6893 6894
f 6912 6894 6895
f 6908 6904 6892
f 6908 6892 6909
f 6905 6912 6895
f 6905 6895 6906
f 6906 6895 6902
f 6906 6902 6910
f 6910 6902 6903
f 6910 6903 6896
f 6890 6891 6907
f 6907 6891 6904
f 6907 6904 6908
f 6914 6910 6896
f 6914 6896 6913
f 6913 6896 6897
f 6913 6897 567
f 6922 6905 6906
f 6922 6906 6910
f 6911 6913 567
f 6911 567 6901
f 6911 6901 6919
f 6919 6901 6898
f 6919 6898 6899
f 6915 6922 6910
f 6915 6910 6914
f 6917 6908 6909
f 6917 6909 6912
f 6889 6890 6907
f 6916 6915 6914
f 6916 6914 6918
f 6918 6914 6913
f 6918 6913 6911
f 6927 6907 6908
f 6927 6908 6917
f 6921 6917 6912
f 6921 6912 6925
f 6925 6912 6905
f 6925 6905 6922
f 6918 6911 6926
f 6926 6911 6919
f 6920 6889 6907
f 6920 6907 6927
f 6888 6889 6920
f 6923 6927 6917
f 6923 6917 6921
f 6934 6916 6918
f 6928 6919 6899
f 6932 6925 6922
f 6932 6922 6929
f 6929 6922 6915
f 6929 6915 6924
f 6924 6915 6916
f 6924 6916 6934
f 6933 6934 6918
f 6933 6918 6926
f 6887 6888 6920
f 6936 6923 6921
f 6936 6921 6925
f 6928 6926 6919
f 6930 6887 6920
f 6930 6920 6927
f 6931 6936 6925
f 6931 6925 6932
f 6935 6930 6927
f 6935 6927 6923
f 6935 6923 6936
f 6938 6933 6926
f 6938 6926 6928
f 6939 6932 6929
f 6939 6929 6924
f 6940 6938 6928
f 6940 6928 6900
f 6886 6887 6930
f 6950 6931 6932
f 6950 6932 6939
f 6941 6886 6930
f 6941 6930 6935
f 6942 6939 6924
f 6942 6924 6944
f 6944 6924 6934
f 6944 6934 6933
f 6944 6933 6938
f 6937 6941 6935
f 6937 6935 6943
f 6943 6935 6936
f 6943 6936 6931
f 6677 6940 6900
f 6945 6937 6943
f 6952 6944 6938
f 6949 6943 6931
f 6949 6931 6950
f 6954 6952 6938
f 6954 6938 6940
f 6948 6886 6941
f 6948 6941 6947
f 6947 6941 6937
f 6947 6937 6945
f 6949 6945 6943
f 6946 6950 6939
f 6946 6939 6942
f 6953 6954 6940
f 6953 6940 6677
f 6951 6946 6942
f 6951 6942 6944
f 6951 6944 6952
f 484 6886 6948
f 6958 6949 6950
f 6958 6950 6946
f 6955 6951 6952
f 6955 6952 6954
f 6958 6946 6951
f 6957 484 6948
f 6957 6948 6947
f 6956 6955 6954
f 6956 6954 6953
f 6960 6957 6947
f 6960 6947 6945
f 6960 6945 6963
f 6963 6945 6949
f 6963 6949 6958
f 6959 6951 6955
f 6662 6956 6953
f 485 484 6957
f 6959 6958 6951
f 6961 6959 6955
f 6961 6955 6956
f 6962 485 6957
f 6962 6957 6960
f 349 6963 6958
f 349 6958 6959
f 6964 6961 6956
f 6964 6956 6662
f 6962 6960 6965
f 6965 6960 6963
f 6966 349 6959
f 6965 485 6962
f 349 6965 6963
f 6966 6959 6961
f 6966 6961 6964
f 367 6966 6964
f 6287 6329 6254
f 6254 6329 6255
f 6255 6329 6330
f 6255 6330 6257
f 6257 6330 6331
f 6257 6331 6258
f 6258 6331 6332
f 6258 6332 6259
f 6259 6332 6333
f 6259 6333 6260
f 6260 6333 6335
f 6260 6335 6261
f 6261 6335 6336
f 6261 6336 6262
f 6262 6336 6337
f 6262 6337 6263
f 6263 6337 6338
f 6263 6338 6251
f 6251 6338 6339
f 6251 6339 6252
f 6252 6339 6340
f 6252 6340 6276
f 6276 6340 6341
f 6276 6341 6249
f 6249 6341 6342
f 6249 6342 6264
f 6264 6342 6343
f 6264 6343 6248
f 6248 6343 6344
f 6248 6344 6265
f 6265 6344 6345
f 6265 6345 897
f 897 6266 6265
f 5866 5770 6996
f 6976 7012 6967
f 6969 395 6980
f 6970 396 6971
f 6971 6058 6985
f 6972 6053 6067
f 5835 5836 6974
f 6977 6973 6991
f 5836 5838 6974
f 5838 5840 6974
f 6974 5840 6975
f 6973 6978 6976
f 5840 5842 6975
f 5842 5844 6975
f 6975 5844 6977
f 5844 5846 6977
f 5846 5848 6977
f 5848 5850 6977
f 6977 5850 6973
f 5850 5852 6973
f 6978 6979 6976
f 5852 5854 6973
f 6973 5854 6978
f 5854 5856 6978
f 6979 6996 6976
f 5856 5858 6978
f 5858 5860 6978
f 6978 5860 6979
f 5860 5862 6979
f 5862 5864 6979
f 5864 5866 6979
f 6979 5866 6996
f 6981 6980 395
f 6981 395 6970
f 6982 6981 6970
f 6982 6970 6971
f 6983 6968 6981
f 6984 6981 6982
f 6985 6982 6971
f 6983 6981 6984
f 6987 6983 6984
f 6985 6984 6982
f 6972 6984 6985
f 6986 6968 6983
f 6990 6983 6987
f 6987 6984 6972
f 6986 6983 6990
f 6988 6987 6972
f 6989 6986 6990
f 6992 6987 6988
f 6988 6972 6067
f 6992 6990 6987
f 6967 6986 6989
f 6991 6989 6990
f 6991 6990 6992
f 6977 6991 6975
f 6967 6989 6976
f 6991 6992 6975
f 6975 6992 6993
f 6975 6993 6974
f 6973 6976 6989
f 6973 6989 6991
f 6993 6992 6988
f 6993 6988 6052
f 7087 6994 7082
f 7082 6994 414
f 7086 410 403
f 6980 6981 6968
f 7012 6976 6996
f 6996 5770 5771
f 6996 5771 5772
f 6996 5772 5773
f 6996 5773 6997
f 6997 5773 5774
f 6997 5774 5775
f 6997 5775 5776
f 6997 5776 5777
f 6997 5777 7011
f 7011 5777 5778
f 7011 5778 5779
f 7011 5779 5780
f 7011 5780 5781
f 7011 5781 6998
f 6998 5781 5782
f 6998 5782 5783
f 6998 5783 7015
f 7015 5783 5784
f 7015 5784 5785
f 7015 5785 5786
f 7015 5786 7010
f 7010 5786 5787
f 7010 5787 5788
f 7010 5788 5789
f 7010 5789 7014
f 7014 5789 5790
f 7014 5790 5791
f 7014 5791 5792
f 7014 5792 5793
f 7014 5793 7009
f 7009 5793 5794
f 7009 5794 5795
f 7009 5795 5796
f 7009 5796 5797
f 7009 5797 5798
f 7009 5798 7017
f 7017 5798 5799
f 7017 5799 5800
f 7017 5800 7003
f 7003 5800 5801
f 7003 5801 5802
f 7003 5802 5803
f 7003 5803 7019
f 7019 5803 5804
f 7019 5804 5805
f 7019 5805 5806
f 7019 5806 7008
f 7008 5806 5807
f 7008 5807 5808
f 7008 5808 5809
f 7008 5809 7006
f 7006 5809 5810
f 7006 5810 5811
f 7006 5811 7005
f 7005 5811 5812
f 7005 5812 5813
f 7005 5813 5814
f 7005 5814 6999
f 6999 5814 5815
f 6999 5815 5816
f 6999 5816 5817
f 6999 5817 5818
f 6999 5818 7000
f 7000 5818 5819
f 7000 5819 5820
f 7000 5820 7001
f 7001 5820 5821
f 7001 5821 5822
f 7001 5822 5823
f 7001 5823 7007
f 7007 5823 5824
f 7007 5824 5825
f 7007 5825 7002
f 7002 5825 5826
f 7002 5826 5827
f 7002 5827 5828
f 7002 5828 7004
f 7004 5828 5829
f 7004 5829 5830
f 7004 5830 7018
f 7018 5830 5831
f 7018 5831 5832
f 7018 5832 7092
f 7092 5832 5753
f 7000 7001 7013
f 7007 7013 7001
f 7000 7013 7016
f 7000 7016 6999
f 7010 7023 7015
f 6996 6997 7012
f 7008 7006 7021
f 7010 7014 7023
f 7018 7092 7100
f 7004 7018 7020
f 7002 7004 7020
f 7006 7005 7021
f 7011 7027 6997
f 7002 7020 7007
f 7005 6999 7022
f 7008 7025 7019
f 7017 7003 7029
f 7017 7029 7009
f 7018 7100 7020
f 7008 7021 7025
f 6999 7016 7022
f 7019 7028 7003
f 7003 7028 7029
f 7029 7030 7009
f 7014 7009 7030
f 7015 7023 7024
f 7015 7024 6998
f 6998 7024 7032
f 6998 7032 7011
f 7007 7044 7013
f 7016 7013 7026
f 7005 7022 7021
f 7019 7025 7037
f 7019 7037 7028
f 7014 7031 7023
f 7011 7033 7027
f 6997 7027 7012
f 7007 7020 7043
f 7011 7032 7033
f 7007 7043 7044
f 7029 7028 7041
f 7029 7038 7030
f 7012 7027 7039
f 7016 7026 7022
f 7012 7039 6967
f 7030 7031 7014
f 7023 7035 7024
f 7013 7044 7026
f 7023 7031 7035
f 7027 7033 7049
f 7100 7036 7020
f 7020 7036 7043
f 7022 7026 7045
f 7021 7040 7025
f 7029 7041 7038
f 7030 7038 7034
f 7030 7034 7031
f 7031 7042 7035
f 7021 7022 7048
f 7021 7048 7040
f 7025 7040 7037
f 7028 7037 7047
f 7028 7047 7041
f 7024 7035 7032
f 7100 7102 7036
f 7027 7049 7039
f 6967 7039 6986
f 7041 7059 7038
f 7033 7032 7046
f 7043 7052 7044
f 7026 7053 7045
f 7022 7045 7048
f 7043 7036 7057
f 7043 7057 7052
f 7026 7044 7053
f 7037 7040 7047
f 7038 7054 7034
f 7031 7034 7051
f 7031 7051 7042
f 7032 7050 7046
f 7044 7052 7053
f 7048 7061 7040
f 7032 7035 7050
f 7046 7062 7033
f 7033 7062 7049
f 7040 7061 7058
f 7040 7058 7047
f 7059 7054 7038
f 7042 7065 7035
f 7036 7056 7057
f 7045 7060 7048
f 7041 7047 7059
f 7034 7054 7051
f 7049 7055 7039
f 7053 7052 7064
f 7053 7060 7045
f 7042 7051 7065
f 7046 7066 7062
f 7062 7067 7049
f 7039 7055 6986
f 7035 7065 7050
f 7050 7066 7046
f 7053 7064 7060
f 7047 7058 7059
f 6986 7055 6968
f 7052 7057 7063
f 7052 7063 7064
f 7048 7060 7061
f 7058 7069 7059
f 7049 7067 7055
f 7060 7068 7061
f 7054 7072 7051
f 7066 7050 7071
f 7061 7075 7058
f 7058 7075 7069
f 7059 7069 7070
f 7054 7059 7072
f 7051 7073 7065
f 7057 7056 7074
f 7059 7070 7072
f 7051 7072 7073
f 7050 7065 7071
f 7062 7066 7077
f 7062 7077 7067
f 7056 7103 7074
f 7057 7074 7063
f 7060 7064 7068
f 7061 7068 7075
f 7065 7073 7080
f 7065 7080 7071
f 7055 7067 6968
f 7075 7076 7069
f 7063 7074 7089
f 7068 7064 7079
f 7066 7071 7090
f 7066 7090 7077
f 7103 7104 7074
f 7064 7063 7079
f 7068 7078 7075
f 7067 7077 7088
f 7067 7088 6968
f 7075 7078 7076
f 7069 7076 7070
f 7074 7104 7089
f 7063 7081 7079
f 7068 7079 7078
f 7070 7076 7084
f 7070 7084 7085
f 7070 7085 7072
f 7071 7080 7090
f 7089 7081 7063
f 7078 7082 7076
f 7076 7082 7083
f 7076 7083 7084
f 7072 7085 7073
f 7073 7086 7080
f 7090 6995 7077
f 7079 7081 7087
f 7079 7087 7078
f 7077 6995 7088
f 6968 7088 6980
f 7078 7087 7082
f 7073 7085 7086
f 7080 7086 7090
f 7090 403 6995
f 7104 4140 429
f 7104 429 7089
f 7089 429 7081
f 7081 429 428
f 7081 428 6994
f 7081 6994 7087
f 7082 414 7083
f 7083 414 413
f 7083 413 7084
f 7084 413 7085
f 7085 413 410
f 7085 410 7086
f 7086 403 7090
f 7088 6995 6969
f 7088 6969 6980
f 7092 7110 7091
f 7092 7091 5754
f 7092 5754 7093
f 7094 5755 7109
f 7109 5755 7095
f 7096 7095 5756
f 7096 5756 5757
f 7096 5757 7105
f 7105 5757 5758
f 7105 5758 5759
f 7105 5759 5760
f 7105 5760 5761
f 7105 5761 5762
f 7105 5762 5763
f 7105 5763 7108
f 7108 5763 5764
f 7108 5764 5765
f 7108 5765 7107
f 7107 5765 5766
f 7107 5766 5767
f 7107 5767 5768
f 7107 5768 5769
f 7107 5769 4145
f 4145 5769 4147
f 7113 7099 7098
f 7098 7102 7114
f 7092 7102 7100
f 4145 7097 7107
f 7112 7099 7113
f 4145 4144 7097
f 7097 4144 7112
f 7112 7115 7099
f 7099 7056 7098
f 7098 7056 7102
f 7112 7101 7115
f 7112 4144 7101
f 7099 7115 7103
f 7099 7103 7056
f 4144 4143 7101
f 7102 7056 7036
f 7115 7116 7103
f 7117 4140 7104
f 7095 7096 7109
f 7094 7109 7093
f 7093 7109 7092
f 7106 7092 5753
f 7105 7108 7111
f 7111 7096 7105
f 7110 7092 7106
f 7107 7097 7108
f 7097 7112 7108
f 7108 7112 7111
f 7111 7112 7096
f 7112 7113 7096
f 7096 7113 7109
f 7113 7114 7109
f 7113 7098 7114
f 7109 7114 7092
f 7115 7101 4142
f 7103 7116 7117
f 4142 7116 7115
f 7102 7092 7114
f 7117 7104 7103
f 5867 1399 5868
f 5868 1399 1640
f 5868 1640 1641
f 5868 1641 5869
f 5869 1641 1642
f 5869 1642 5870
f 5870 1642 1643
f 5870 1643 5871
f 5871 1643 1644
f 5871 1644 1645
f 5871 1645 5874
f 5874 1645 1646
f 5874 1646 5876
f 5876 1646 1647
f 5876 1647 5879
f 5879 1647 1649
f 5879 1649 5881
f 5881 1649 1650
f 5881 1650 1651
f 5881 1651 5883
f 5883 1651 1652
f 5883 1652 5884
f 5884 1652 1653
f 5884 1653 5885
f 5885 1653 1654
f 5885 1654 1655
f 5885 1655 5887
f 5887 1655 5889
f 5889 1655 1656
f 5889 1656 1657
f 5889 1657 5892
f 5892 1657 1658
f 5892 1658 1659
f 5892 1659 5893
f 5893 1659 1660
f 5893 1660 2592
f 5893 2592 2591
f 5893 2591 5894
f 5894 2591 2590
f 5894 2590 2589
f 5894 2589 5895
f 5895 2589 2588
f 5895 2588 2587
f 5895 2587 5896
f 5896 2587 2586
f 5896 2586 2585
f 5896 2585 5898
f 5898 2585 2584
f 5898 2584 5900
f 5900 2584 2583
f 5900 2583 5901
f 5901 2583 2582
f 5901 2582 5904
f 5904 2582 2581
f 5904 2581 5906
f 5906 2581 2580
f 5906 2580 5907
f 5907 2580 2579
f 5907 2579 5921
f 5921 2579 5927
f 5927 2579 2578
f 5927 2578 5930
f 5930 2578 2577
f 5930 2577 5931
f 5931 2577 2576
f 5931 2576 5932
f 5932 2576 2575
f 5932 2575 5933
f 5933 2575 2574
f 5933 2574 5934
f 5934 2574 2075
f 5934 2075 5935
f 5935 2075 2078
f 5935 2078 5936
f 5936 2078 2081
f 5936 2081 5937
f 5937 2081 1361
f 5937 1361 1238
f 7118 1490 7119
f 7119 1490 1489
f 7119 1489 7120
f 7120 1489 1488
f 7120 1488 1494
f 7120 1494 7121
f 7121 1494 1493
f 7121 1493 7122
f 7122 1493 1492
f 7122 1492 7123
f 7123 1492 1760
f 7123 1760 7124
f 7124 1760 1498
f 7124 1498 7125
f 7125 1498 1497
f 7125 1497 7126
f 7126 1497 1496
f 7126 1496 7127
f 7127 1496 1759
f 7127 1759 7128
f 7128 1759 1758
f 7128 1758 7129
f 7129 1758 1757
f 7129 1757 7130
f 7130 1757 1756
f 7130 1756 7131
f 7131 1756 1502
f 7131 1502 7132
f 7132 1502 1503
f 7132 1503 7133
f 7133 1503 1504
f 7133 1504 7134
f 7134 1504 1505
f 7134 1505 7135
f 7135 1505 1506
f 7135 1506 7136
f 7136 1506 1507
f 7136 1507 7137
f 7137 1507 1508
f 7137 1508 7138
f 7138 1508 1509
f 7138 1509 7139
f 7139 1509 1510
f 7139 1510 7140
f 7140 1510 1511
f 7140 1511 7141
f 7141 1511 1512
f 7141 1512 7142
f 7142 1512 1513
f 7142 1513 7143
f 7143 1513 1514
f 7143 1514 7144
f 7144 1514 1515
f 7144 1515 7145
f 7118 7146 1490
f 1490 7146 1484
f 1484 7146 7147
f 1484 7147 1485
f 1485 7147 7148
f 1485 7148 1486
f 1486 7148 7149
f 1486 7149 1761
f 1761 7149 7150
f 1761 7150 1763
f 1763 7150 7151
f 1763 7151 1765
f 1765 7151 7152
f 1765 7152 1766
f 1766 7152 7153
f 1766 7153 1767
f 1767 7153 7154
f 1767 7154 1768
f 1768 7154 7155
f 1768 7155 1769
f 1769 7155 7156
f 1769 7156 1771
f 1771 7156 7157
f 1771 7157 1772
f 1772 7157 7158
f 1772 7158 1774
f 7118 7119 7146
f 7146 7119 7147
f 7147 7119 7148
f 7148 7119 7149
f 7149 7119 7120
f 7149 7120 7150
f 7150 7120 7151
f 7151 7120 7121
f 7151 7121 7152
f 7152 7121 7153
f 7153 7121 7122
f 7153 7122 7154
f 7154 7122 7155
f 7155 7122 7123
f 7155 7123 7156
f 7156 7123 7157
f 7157 7123 7124
f 7157 7124 7158
f 7158 7124 7159
f 7158 7159 7160
f 7160 7159 7161
f 7161 7159 7162
f 7162 7159 7163
f 7163 7159 7164
f 7164 7159 7165
f 7165 7159 7166
f 7165 7166 7167
f 7124 7125 7159
f 7159 7125 7138
f 7159 7138 7168
f 7168 7138 7169
f 7169 7138 7170
f 7170 7138 7171
f 7171 7138 7172
f 7172 7138 7173
f 7173 7138 7174
f 7174 7138 7139
f 7174 7139 7175
f 7175 7139 7140
f 7175 7140 7176
f 7176 7140 7141
f 7176 7141 7177
f 7177 7141 7178
f 7178 7141 7179
f 7179 7141 7142
f 7179 7142 7180
f 7180 7142 7181
f 7181 7142 7143
f 7181 7143 7182
f 7182 7143 7183
f 7183 7143 7144
f 7183 7144 7184
f 7184 7144 7185
f 7185 7144 7186
f 7186 7144 7145
f 7125 7126 7138
f 7138 7126 7137
f 7137 7126 7127
f 7137 7127 7136
f 7136 7127 7128
f 7136 7128 7135
f 7135 7128 7129
f 7135 7129 7134
f 7134 7129 7130
f 7134 7130 7133
f 7133 7130 7131
f 7133 7131 7132
f 7177 7187 7176
f 7176 7187 7188
f 7188 7187 7189
f 7188 7189 7190
f 7188 7190 7191
f 7191 7190 7192
f 7191 7192 7193
f 7193 7192 7194
f 7193 7194 7195
f 7193 7195 7196
f 7196 7195 7197
f 7196 7197 7198
f 7196 7198 7199
f 7199 7198 7200
f 7199 7200 7201
f 7199 7201 7202
f 7202 7201 7203
f 7202 7203 7204
f 7202 7204 7205
f 7205 7204 7206
f 7205 7206 7207
f 7205 7207 7208
f 7208 7207 7209
f 7208 7209 7210
f 7210 7209 7211
f 7210 7211 7212
f 7210 7212 7213
f 7213 7212 7214
f 7213 7214 7215
f 7213 7215 7216
f 7216 7215 7217
f 7216 7217 7218
f 7216 7218 7219
f 7219 7218 7220
f 7219 7220 7221
f 7222 7223 7221
f 7221 7223 7219
f 7167 7224 7165
f 7165 7224 7225
f 7165 7225 7226
f 7226 7227 7165
f 7165 7227 7228
f 7165 7228 7229
f 7229 7230 7165
f 7165 7230 7231
f 7165 7231 7232
f 7232 7233 7165
f 7165 7233 7234
f 7165 7234 7235
f 7235 7236 7165
f 7165 7236 7237
f 7237 7236 7238
f 7237 7238 7239
f 7239 7238 7240
f 7240 7238 7241
f 7240 7241 7242
f 7242 7241 7243
f 7243 7241 7244
f 7243 7244 7245
f 7245 7244 7246
f 7246 7244 7247
f 7246 7247 7248
f 7248 7247 7249
f 7249 7247 7250
f 7249 7250 7251
f 7251 7250 7252
f 7252 7250 7253
f 7252 7253 7254
f 7254 7253 7255
f 7255 7253 7256
f 7255 7256 7257
f 7257 7256 7258
f 7258 7256 7259
f 7258 7259 7260
f 7158 7160 1774
f 1774 7160 1775
f 1775 7160 7161
f 1775 7161 1776
f 1776 7161 7162
f 1776 7162 1777
f 1777 7162 7163
f 1777 7163 1778
f 1778 7163 7164
f 1778 7164 1779
f 1779 7164 7165
f 1779 7165 1781
f 1781 7165 7237
f 1781 7237 1782
f 1782 7237 7239
f 1782 7239 1783
f 1783 7239 7240
f 1783 7240 1784
f 1784 7240 7242
f 1784 7242 1460
f 1460 7242 7243
f 1460 7243 1462
f 1462 7243 7245
f 1462 7245 1469
f 1469 7245 7246
f 1469 7246 1470
f 1470 7246 1788
f 1788 7246 7248
f 1788 7248 1789
f 1789 7248 7249
f 1789 7249 7251
f 1789 7251 1790
f 1790 7251 7252
f 1790 7252 1791
f 1791 7252 7254
f 1791 7254 1792
f 1792 7254 7255
f 1792 7255 1793
f 1793 7255 7257
f 1793 7257 1794
f 1794 7257 7258
f 1794 7258 1795
f 1795 7258 7260
f 1795 7260 1796
f 1797 1796 7259
f 7259 1796 7260
f 1801 1846 7223
f 7223 1846 7219
f 7219 1846 1845
f 7219 1845 7216
f 7216 1845 1844
f 7216 1844 7213
f 7213 1844 1843
f 7213 1843 7210
f 7210 1843 1842
f 7210 1842 7208
f 7208 1842 1841
f 7208 1841 7205
f 7205 1841 1840
f 7205 1840 7202
f 7202 1840 1839
f 7202 1839 7199
f 7199 1839 1838
f 7199 1838 7196
f 7196 1838 1837
f 7196 1837 7193
f 7193 1837 1836
f 7193 1836 7191
f 7191 1836 1835
f 7191 1835 7188
f 7188 1835 1834
f 7188 1834 7176
f 7176 1834 1833
f 7176 1833 7175
f 7175 1833 1832
f 7175 1832 7174
f 7174 1832 1831
f 7174 1831 7173
f 7173 1831 1830
f 7173 1830 7172
f 7172 1830 1829
f 7172 1829 7171
f 7171 1829 1828
f 7171 1828 7170
f 7170 1828 1827
f 7170 1827 7169
f 7169 1827 1826
f 7169 1826 7168
f 7168 1826 1825
f 7168 1825 7159
f 7159 1825 1824
f 7159 1824 7166
f 7166 1824 1823
f 7166 1823 7167
f 7167 1823 1822
f 7167 1822 7224
f 7224 1822 1821
f 7224 1821 7225
f 7225 1821 1820
f 7225 1820 7226
f 7226 1820 1819
f 7226 1819 7227
f 7227 1819 1818
f 7227 1818 7228
f 7228 1818 1817
f 7228 1817 7229
f 7229 1817 1816
f 7229 1816 7230
f 7230 1816 1815
f 7230 1815 7231
f 7231 1815 1814
f 7231 1814 7232
f 7232 1814 1813
f 7232 1813 7233
f 7233 1813 1812
f 7233 1812 7234
f 7234 1812 1811
f 7234 1811 7235
f 7235 1811 1810
f 7235 1810 7236
f 7236 1810 7238
f 7238 1810 1809
f 7238 1809 7241
f 7241 1809 1808
f 7241 1808 1807
f 7241 1807 7244
f 7244 1807 1806
f 7244 1806 7247
f 7247 1806 1805
f 7247 1805 7250
f 7250 1805 1804
f 7250 1804 7253
f 7253 1804 1800
f 7253 1800 7256
f 7256 1800 1797
f 7256 1797 7259
f 1847 1801 7222
f 7222 1801 7223
f 1515 1517 7145
f 7145 1517 7186
f 7186 1517 1518
f 7186 1518 7185
f 7185 1518 1519
f 7185 1519 7184
f 7184 1519 1520
f 7184 1520 7183
f 7183 1520 1902
f 7183 1902 7182
f 7182 1902 1901
f 7182 1901 7181
f 7181 1901 1900
f 7181 1900 7180
f 7180 1900 1899
f 7180 1899 7179
f 7179 1899 1898
f 7179 1898 7178
f 7178 1898 1896
f 7178 1896 7177
f 7177 1896 1895
f 7177 1895 7187
f 7187 1895 1894
f 7187 1894 7189
f 7189 1894 1893
f 7189 1893 7190
f 7190 1893 1892
f 7190 1892 7192
f 7192 1892 1891
f 7192 1891 7194
f 7194 1891 1889
f 7194 1889 7195
f 7195 1889 1888
f 7195 1888 7197
f 7197 1888 1887
f 7197 1887 7198
f 7198 1887 1885
f 7198 1885 7200
f 7200 1885 1884
f 7200 1884 7201
f 7201 1884 1883
f 7201 1883 7203
f 7203 1883 1863
f 7203 1863 7204
f 7204 1863 1862
f 7204 1862 7206
f 7206 1862 1861
f 7206 1861 7207
f 7207 1861 1860
f 7207 1860 7209
f 7209 1860 1859
f 7209 1859 7211
f 7211 1859 1858
f 7211 1858 7212
f 7212 1858 1857
f 7212 1857 7214
f 7214 1857 1856
f 7214 1856 7215
f 7215 1856 1855
f 7215 1855 7217
f 7217 1855 1854
f 7217 1854 7218
f 7218 1854 1853
f 7218 1853 7220
f 7220 1853 1852
f 7220 1852 7221
f 7221 1852 1847
f 7221 1847 7222
f 1938 1937 7261
f 7261 1937 7262
f 7262 1937 1936
f 7262 1936 7263
f 7263 1936 1935
f 7263 1935 7264
f 7264 1935 1934
f 7264 1934 7265
f 7265 1934 1933
f 7265 1933 7266
f 7266 1933 1932
f 7266 1932 7267
f 7267 1932 1931
f 7267 1931 7268
f 7268 1931 1904
f 7268 1904 7269
f 7269 1904 1930
f 7269 1930 7270
f 7270 1930 1929
f 7270 1929 7271
f 7271 1929 1928
f 7271 1928 7272
f 7272 1928 1927
f 7272 1927 7273
f 7273 1927 1926
f 7273 1926 7274
f 7274 1926 1925
f 7274 1925 7275
f 7275 1925 1924
f 7275 1924 7276
f 7276 1924 1923
f 7276 1923 7277
f 7277 1923 1922
f 7277 1922 7278
f 7278 1922 1921
f 7278 1921 7279
f 7279 1921 1920
f 7279 1920 7280
f 7280 1920 1919
f 7280 1919 7281
f 7281 1919 1918
f 7281 1918 7282
f 7282 1918 1917
f 7282 1917 7283
f 7283 1917 1916
f 7283 1916 7284
f 7284 1916 1915
f 7284 1915 7285
f 7285 1915 1914
f 7285 1914 7286
f 7286 1914 1913
f 7286 1913 7287
f 7287 1913 1912
f 7287 1912 7288
f 7288 1912 1911
f 7288 1911 7289
f 7289 1911 1910
f 7289 1910 7290
f 7290 1910 1909
f 7290 1909 7291
f 7291 1909 1908
f 7291 1908 7292
f 7292 1908 1907
f 7292 1907 7293
f 7293 1907 1903
f 7293 1903 7294
f 7294 1903 1401
f 7294 1401 7295
f 1943 1938 7296
f 7296 1938 7261
f 2021 2020 7297
f 7297 2020 7298
f 7298 2020 2018
f 7298 2018 7299
f 7299 2018 2016
f 7299 2016 7300
f 7300 2016 2015
f 7300 2015 7301
f 7301 2015 2013
f 7301 2013 7302
f 7302 2013 2011
f 7302 2011 7303
f 7303 2011 2009
f 7303 2009 7304
f 7304 2009 2007
f 7304 2007 7305
f 7305 2007 2006
f 7305 2006 7306
f 7306 2006 2004
f 7306 2004 7307
f 7307 2004 2002
f 7307 2002 7308
f 7308 2002 2001
f 7308 2001 7309
f 7309 2001 2000
f 7309 2000 7310
f 7310 2000 1998
f 7310 1998 7311
f 7311 1998 1996
f 7311 1996 7312
f 7312 1996 1994
f 7312 1994 7313
f 7313 1994 1993
f 7313 1993 7314
f 7314 1993 1991
f 7314 1991 7315
f 7315 1991 1989
f 7315 1989 7316
f 7316 1989 1988
f 7316 1988 7317
f 7317 1988 1986
f 7317 1986 7318
f 7318 1986 1985
f 7318 1985 7319
f 7319 1985 1983
f 7319 1983 7320
f 7320 1983 1981
f 7320 1981 7321
f 7321 1981 1980
f 7321 1980 7322
f 7322 1980 1978
f 7322 1978 7323
f 7323 1978 1976
f 7323 1976 7324
f 7324 1976 1974
f 7324 1974 7325
f 7325 1974 1972
f 7325 1972 7326
f 7326 1972 1971
f 7326 1971 7327
f 7327 1971 1969
f 7327 1969 7328
f 7328 1969 1968
f 7328 1968 7329
f 7329 1968 1966
f 7329 1966 7330
f 7330 1966 1965
f 7330 1965 7331
f 7331 1965 1963
f 7331 1963 7332
f 7332 1963 1961
f 7332 1961 7333
f 7333 1961 1960
f 7333 1960 7334
f 7334 1960 1958
f 7334 1958 7335
f 7335 1958 1956
f 7335 1956 7336
f 7336 1956 1955
f 7336 1955 7337
f 7337 1955 1953
f 7337 1953 7338
f 7338 1953 1951
f 7338 1951 7339
f 7339 1951 1949
f 7339 1949 7340
f 7340 1949 1946
f 7340 1946 7341
f 7341 1946 1943
f 7341 1943 7296
f 1798 2021 7342
f 7342 2021 7297
f 1459 2065 7343
f 7343 2065 7344
f 7344 2065 2064
f 7344 2064 7345
f 7345 2064 2063
f 7345 2063 7346
f 7346 2063 2062
f 7346 2062 7347
f 7347 2062 2061
f 7347 2061 7348
f 7348 2061 2060
f 7348 2060 7349
f 7349 2060 2059
f 7349 2059 7350
f 7350 2059 2058
f 7350 2058 7351
f 7351 2058 2057
f 7351 2057 7352
f 7352 2057 2056
f 7352 2056 7353
f 7353 2056 2055
f 7353 2055 7354
f 7354 2055 2054
f 7354 2054 7355
f 7355 2054 2053
f 7355 2053 7356
f 7356 2053 2052
f 7356 2052 7357
f 7357 2052 2051
f 7357 2051 7358
f 7358 2051 2050
f 7358 2050 7359
f 7359 2050 2049
f 7359 2049 7360
f 7360 2049 2048
f 7360 2048 7361
f 7361 2048 2047
f 7361 2047 7362
f 7362 2047 2046
f 7362 2046 7363
f 7363 2046 2045
f 7363 2045 7364
f 7364 2045 2044
f 7364 2044 7365
f 7365 2044 2043
f 7365 2043 7366
f 7366 2043 2042
f 7366 2042 7367
f 7367 2042 2041
f 7367 2041 7368
f 7368 2041 1461
f 7368 1461 7369
f 7369 1461 1463
f 7369 1463 7370
f 7370 1463 1464
f 7370 1464 7371
f 7371 1464 1465
f 7371 1465 7372
f 7372 1465 1466
f 7372 1466 7373
f 7373 1466 1467
f 7373 1467 7374
f 7374 1467 1468
f 7374 1468 7375
f 7375 1468 1799
f 7375 1799 7376
f 7376 1799 1798
f 7376 1798 7342
f 1401 1404 7295
f 7295 1404 7377
f 7377 1404 1406
f 7377 1406 7378
f 7378 1406 1408
f 7378 1408 7379
f 7379 1408 1410
f 7379 1410 7380
f 7380 1410 1412
f 7380 1412 7381
f 7381 1412 1414
f 7381 1414 7382
f 7382 1414 1417
f 7382 1417 7383
f 7383 1417 1419
f 7383 1419 7384
f 7384 1419 1421
f 7384 1421 7385
f 7385 1421 1423
f 7385 1423 7386
f 7386 1423 1425
f 7386 1425 7387
f 7387 1425 1428
f 7387 1428 7388
f 7388 1428 1430
f 7388 1430 7389
f 7389 1430 1432
f 7389 1432 7390
f 7390 1432 1433
f 7390 1433 7391
f 7391 1433 1435
f 7391 1435 7392
f 7392 1435 1438
f 7392 1438 7393
f 7393 1438 1440
f 7393 1440 7394
f 7394 1440 1442
f 7394 1442 7395
f 7395 1442 1444
f 7395 1444 7396
f 7396 1444 1446
f 7396 1446 7397
f 7397 1446 1448
f 7397 1448 7398
f 7398 1448 1450
f 7398 1450 7399
f 7399 1450 1452
f 7399 1452 7400
f 7400 1452 1455
f 7400 1455 7401
f 7401 1455 1457
f 7401 1457 7402
f 7402 1457 1459
f 7402 1459 7343
f 7262 7340 7261
f 7261 7340 7341
f 7261 7341 7296
f 7262 7263 7340
f 7340 7263 7339
f 7339 7263 7264
f 7339 7264 7265
f 7339 7265 7338
f 7338 7265 7266
f 7338 7266 7267
f 7267 7268 7338
f 7338 7268 7269
f 7338 7269 7270
f 7270 7271 7338
f 7338 7271 7272
f 7338 7272 7273
f 7273 7274 7338
f 7338 7274 7275
f 7338 7275 7276
f 7276 7277 7338
f 7338 7277 7278
f 7338 7278 7279
f 7279 7280 7338
f 7338 7280 7281
f 7338 7281 7282
f 7283 7324 7282
f 7282 7324 7325
f 7282 7325 7326
f 7324 7283 7323
f 7323 7283 7284
f 7323 7284 7322
f 7322 7284 7285
f 7322 7285 7286
f 7322 7286 7321
f 7321 7286 7287
f 7321 7287 7320
f 7320 7287 7288
f 7320 7288 7385
f 7385 7288 7289
f 7385 7289 7384
f 7384 7289 7383
f 7383 7289 7382
f 7382 7289 7290
f 7382 7290 7381
f 7381 7290 7380
f 7380 7290 7291
f 7380 7291 7379
f 7379 7291 7292
f 7379 7292 7378
f 7378 7292 7293
f 7378 7293 7377
f 7377 7293 7294
f 7377 7294 7295
f 7320 7385 7319
f 7319 7385 7386
f 7319 7386 7387
f 7387 7388 7319
f 7319 7388 7389
f 7319 7389 7390
f 7390 7391 7319
f 7319 7391 7392
f 7319 7392 7393
f 7393 7394 7319
f 7319 7394 7395
f 7319 7395 7350
f 7350 7395 7349
f 7349 7395 7396
f 7349 7396 7397
f 7349 7397 7348
f 7348 7397 7398
f 7348 7398 7399
f 7348 7399 7347
f 7347 7399 7400
f 7347 7400 7346
f 7346 7400 7401
f 7346 7401 7345
f 7345 7401 7402
f 7345 7402 7344
f 7344 7402 7343
f 7350 7351 7319
f 7319 7351 7318
f 7318 7351 7352
f 7318 7352 7317
f 7317 7352 7353
f 7317 7353 7354
f 7317 7354 7316
f 7316 7354 7355
f 7316 7355 7315
f 7315 7355 7356
f 7315 7356 7314
f 7314 7356 7357
f 7314 7357 7313
f 7313 7357 7358
f 7313 7358 7312
f 7312 7358 7311
f 7311 7358 7310
f 7310 7358 7309
f 7309 7358 7308
f 7308 7358 7307
f 7307 7358 7306
f 7306 7358 7305
f 7305 7358 7304
f 7304 7358 7303
f 7303 7358 7359
f 7303 7359 7360
f 7360 7361 7303
f 7303 7361 7362
f 7303 7362 7363
f 7363 7364 7303
f 7303 7364 7365
f 7303 7365 7366
f 7366 7367 7303
f 7303 7367 7368
f 7303 7368 7369
f 7369 7370 7303
f 7303 7370 7302
f 7302 7370 7371
f 7302 7371 7372
f 7302 7372 7301
f 7301 7372 7373
f 7301 7373 7300
f 7300 7373 7374
f 7300 7374 7375
f 7300 7375 7299
f 7299 7375 7376
f 7299 7376 7342
f 7297 7298 7342
f 7342 7298 7299
f 7326 7327 7282
f 7282 7327 7328
f 7282 7328 7329
f 7329 7330 7282
f 7282 7330 7331
f 7282 7331 7332
f 7332 7333 7282
f 7282 7333 7334
f 7282 7334 7335
f 7335 7336 7282
f 7282 7336 7337
f 7282 7337 7338
f 1661 2069 7403
f 7403 2069 7404
f 7404 2069 2068
f 7404 2068 7405
f 7405 2068 2067
f 7405 2067 7406
f 7406 2067 2066
f 7406 2066 7407
f 7407 2066 1666
f 7407 1666 7408
f 7408 1666 1665
f 7408 1665 7409
f 7409 1665 1664
f 7409 1664 7410
f 7410 1664 1671
f 7410 1671 7411
f 7411 1671 1677
f 7411 1677 7412
f 7412 1677 1683
f 7412 1683 7413
f 7413 1683 1688
f 7413 1688 7414
f 7414 1688 1693
f 7414 1693 7415
f 7415 1693 1698
f 7415 1698 7416
f 7416 1698 1703
f 7416 1703 7417
f 7417 1703 1735
f 7417 1735 7418
f 7418 1735 1736
f 7418 1736 7419
f 7419 1736 1737
f 7419 1737 7420
f 7420 1737 1738
f 7420 1738 7421
f 7421 1738 1739
f 7421 1739 7422
f 7422 1739 1740
f 7422 1740 7423
f 7423 1740 1741
f 7423 1741 7424
f 7424 1741 1742
f 7424 1742 7425
f 7425 1742 1743
f 7425 1743 7426
f 7426 1743 1744
f 7426 1744 7427
f 7427 1744 1745
f 7427 1745 7428
f 7428 1745 7429
f 7429 1745 1746
f 7429 1746 7430
f 7430 1746 1747
f 2105 2104 7431
f 7431 2104 7432
f 7432 2104 2103
f 7432 2103 7433
f 7433 2103 2102
f 7433 2102 7434
f 7434 2102 2101
f 7434 2101 7435
f 7435 2101 2100
f 7435 2100 7436
f 7436 2100 2099
f 7436 2099 7437
f 7437 2099 2098
f 7437 2098 7438
f 7438 2098 2097
f 7438 2097 7439
f 7439 2097 2096
f 7439 2096 7440
f 7440 2096 2095
f 7440 2095 7441
f 7441 2095 2094
f 7441 2094 7442
f 7442 2094 2093
f 7442 2093 7443
f 7443 2093 2092
f 7443 2092 7444
f 7444 2092 2091
f 7444 2091 7445
f 7445 2091 2090
f 7445 2090 7446
f 7446 2090 2089
f 7446 2089 7447
f 7447 2089 2088
f 7447 2088 7448
f 7448 2088 2087
f 7448 2087 7449
f 7449 2087 2086
f 7449 2086 7450
f 7450 2086 2085
f 7450 2085 7451
f 7451 2085 2084
f 7451 2084 7452
f 7452 2084 2083
f 7452 2083 7453
f 7453 2083 2082
f 7453 2082 7454
f 7454 2082 2080
f 7454 2080 7455
f 7455 2080 2079
f 7455 2079 7456
f 7456 2079 2077
f 7456 2077 7457
f 7457 2077 2076
f 7457 2076 7458
f 7458 2076 2074
f 7458 2074 7459
f 7459 2074 2073
f 7459 2073 7460
f 7460 2073 2072
f 7460 2072 7461
f 7461 2072 2071
f 7461 2071 7462
f 7462 2071 2070
f 7462 2070 7463
f 7463 2070 1662
f 7463 1662 7464
f 7464 1662 1661
f 7464 1661 7403
f 2108 2105 7465
f 7465 2105 7431
f 1940 2156 7466
f 7466 2156 7467
f 7467 2156 2155
f 7467 2155 7468
f 7468 2155 2154
f 7468 2154 7469
f 7469 2154 2153
f 7469 2153 7470
f 7470 2153 2152
f 7470 2152 7471
f 7471 2152 2151
f 7471 2151 7472
f 7472 2151 7473
f 7473 2151 2150
f 7473 2150 7474
f 7474 2150 2149
f 7474 2149 2148
f 7474 2148 7475
f 7475 2148 2147
f 7475 2147 7476
f 7476 2147 2146
f 7476 2146 7477
f 7477 2146 2145
f 7477 2145 7478
f 7478 2145 2144
f 7478 2144 7479
f 7479 2144 2143
f 7479 2143 7480
f 7480 2143 2142
f 7480 2142 7481
f 7481 2142 2141
f 7481 2141 7482
f 7482 2141 2140
f 7482 2140 7483
f 7483 2140 2139
f 7483 2139 7484
f 7484 2139 2138
f 7484 2138 7485
f 7485 2138 2137
f 7485 2137 7486
f 7486 2137 2136
f 7486 2136 7487
f 7487 2136 2135
f 7487 2135 7488
f 7488 2135 2134
f 7488 2134 7489
f 7489 2134 2133
f 7489 2133 7490
f 7490 2133 2132
f 7490 2132 7491
f 7491 2132 2131
f 7491 2131 7492
f 7492 2131 2130
f 7492 2130 7493
f 7493 2130 2129
f 7493 2129 7494
f 7494 2129 2128
f 7494 2128 7495
f 7495 2128 2127
f 7495 2127 7496
f 7496 2127 2126
f 7496 2126 7497
f 7497 2126 2125
f 7497 2125 7498
f 7498 2125 2124
f 7498 2124 7499
f 7499 2124 2123
f 7499 2123 7500
f 7500 2123 2122
f 7500 2122 7501
f 7501 2122 2121
f 7501 2121 7502
f 7502 2121 2120
f 7502 2120 7503
f 7503 2120 2119
f 7503 2119 7504
f 7504 2119 2118
f 7504 2118 7505
f 7505 2118 2117
f 7505 2117 7506
f 7506 2117 2116
f 7506 2116 7507
f 7507 2116 2115
f 7507 2115 7508
f 7508 2115 2114
f 7508 2114 7509
f 7509 2114 2111
f 7509 2111 7510
f 7510 2111 2108
f 7510 2108 7465
f 1939 1940 7511
f 7511 1940 7466
f 7511 7512 1939
f 1939 7512 2157
f 2157 7512 7513
f 2157 7513 2158
f 2158 7513 7514
f 2158 7514 2159
f 2159 7514 7515
f 2159 7515 2160
f 2160 7515 7516
f 2160 7516 2161
f 2161 7516 7517
f 2161 7517 2162
f 2162 7517 7518
f 2162 7518 2163
f 2163 7518 2164
f 2164 7518 7519
f 2164 7519 2165
f 2165 7519 7520
f 2165 7520 7521
f 2165 7521 2166
f 2166 7521 7522
f 2166 7522 2167
f 2167 7522 7523
f 2167 7523 2168
f 2168 7523 7524
f 2168 7524 2169
f 2169 7524 7525
f 2169 7525 2191
f 2191 7525 7526
f 2191 7526 2192
f 2192 7526 7527
f 2192 7527 2193
f 2193 7527 7528
f 2193 7528 2194
f 2194 7528 7529
f 2194 7529 2195
f 2195 7529 7530
f 2195 7530 2196
f 2196 7530 7531
f 2196 7531 2197
f 2197 7531 7532
f 2197 7532 2198
f 2198 7532 7533
f 2198 7533 2200
f 7403 7404 7464
f 7464 7404 7463
f 7463 7404 7462
f 7462 7404 7461
f 7461 7404 7405
f 7461 7405 7460
f 7460 7405 7459
f 7459 7405 7406
f 7459 7406 7458
f 7458 7406 7457
f 7457 7406 7407
f 7457 7407 7456
f 7456 7407 7455
f 7455 7407 7408
f 7455 7408 7454
f 7454 7408 7409
f 7454 7409 7410
f 7410 7411 7454
f 7454 7411 7412
f 7454 7412 7413
f 7413 7414 7454
f 7454 7414 7415
f 7454 7415 7416
f 7416 7417 7454
f 7454 7417 7534
f 7454 7534 7535
f 7417 7418 7534
f 7534 7418 7419
f 7534 7419 7420
f 7420 7421 7534
f 7534 7421 7422
f 7534 7422 7423
f 7423 7424 7534
f 7534 7424 7425
f 7534 7425 7536
f 7536 7425 7426
f 7536 7426 7537
f 7537 7426 7538
f 7538 7426 7427
f 7538 7427 7539
f 7539 7427 7540
f 7540 7427 7428
f 7540 7428 7541
f 7541 7428 7542
f 7542 7428 7429
f 7542 7429 7543
f 7543 7429 7544
f 7544 7429 7545
f 7545 7429 7430
f 7454 7535 7453
f 7453 7535 7533
f 7453 7533 7452
f 7452 7533 7532
f 7452 7532 7451
f 7451 7532 7531
f 7451 7531 7450
f 7450 7531 7530
f 7450 7530 7449
f 7449 7530 7529
f 7449 7529 7448
f 7448 7529 7528
f 7448 7528 7447
f 7447 7528 7527
f 7447 7527 7446
f 7446 7527 7489
f 7446 7489 7490
f 7526 7474 7527
f 7527 7474 7475
f 7527 7475 7476
f 7526 7525 7474
f 7474 7525 7473
f 7473 7525 7524
f 7473 7524 7523
f 7473 7523 7472
f 7472 7523 7522
f 7472 7522 7521
f 7472 7521 7471
f 7471 7521 7520
f 7471 7520 7470
f 7470 7520 7519
f 7470 7519 7518
f 7470 7518 7469
f 7469 7518 7517
f 7469 7517 7516
f 7469 7516 7468
f 7468 7516 7515
f 7468 7515 7514
f 7468 7514 7467
f 7467 7514 7513
f 7467 7513 7512
f 7511 7466 7512
f 7512 7466 7467
f 7476 7477 7527
f 7527 7477 7478
f 7527 7478 7479
f 7479 7480 7527
f 7527 7480 7481
f 7527 7481 7482
f 7482 7483 7527
f 7527 7483 7484
f 7527 7484 7485
f 7485 7486 7527
f 7527 7486 7487
f 7527 7487 7488
f 7488 7489 7527
f 7490 7491 7446
f 7446 7491 7445
f 7445 7491 7492
f 7445 7492 7493
f 7493 7494 7445
f 7445 7494 7495
f 7445 7495 7444
f 7444 7495 7496
f 7444 7496 7497
f 7444 7497 7443
f 7443 7497 7498
f 7443 7498 7499
f 7443 7499 7442
f 7442 7499 7500
f 7442 7500 7441
f 7441 7500 7501
f 7441 7501 7440
f 7440 7501 7502
f 7440 7502 7503
f 7440 7503 7439
f 7439 7503 7504
f 7439 7504 7438
f 7438 7504 7505
f 7438 7505 7437
f 7437 7505 7436
f 7436 7505 7506
f 7436 7506 7435
f 7435 7506 7507
f 7435 7507 7434
f 7434 7507 7508
f 7434 7508 7433
f 7433 7508 7509
f 7433 7509 7432
f 7432 7509 7431
f 7431 7509 7510
f 7431 7510 7465
f 7533 7535 2200
f 2200 7535 2201
f 2201 7535 7534
f 2201 7534 2202
f 2202 7534 7536
f 2202 7536 2203
f 2203 7536 7537
f 2203 7537 2204
f 2204 7537 7538
f 2204 7538 2205
f 2205 7538 7539
f 2205 7539 2207
f 2207 7539 7540
f 2207 7540 2208
f 2208 7540 7541
f 2208 7541 2209
f 2209 7541 7542
f 2209 7542 1752
f 1752 7542 7543
f 1752 7543 1751
f 1751 7543 7544
f 1751 7544 1750
f 1750 7544 7545
f 1750 7545 1749
f 1749 7545 7430
f 1749 7430 1747
f 7546 7547 1608
f 1608 7547 1606
f 1606 7547 7548
f 1606 7548 1604
f 1604 7548 7549
f 1604 7549 1602
f 1602 7549 7550
f 1602 7550 1600
f 1600 7550 7551
f 1600 7551 1598
f 1598 7551 7552
f 1598 7552 1596
f 1596 7552 7553
f 1596 7553 1594
f 1594 7553 7554
f 1594 7554 1592
f 1592 7554 1589
f 1589 7554 7555
f 1589 7555 1587
f 1587 7555 7556
f 1587 7556 7557
f 1587 7557 1585
f 1585 7557 7558
f 1585 7558 1583
f 1583 7558 7559
f 1583 7559 1581
f 1581 7559 7560
f 1581 7560 1579
f 7561 7562 1638
f 1638 7562 1636
f 1636 7562 7563
f 1636 7563 1634
f 1634 7563 7564
f 1634 7564 1632
f 1632 7564 7565
f 1632 7565 1630
f 1630 7565 1628
f 1628 7565 7566
f 1628 7566 1626
f 1626 7566 7567
f 1626 7567 7568
f 1626 7568 1623
f 1623 7568 7569
f 1623 7569 1621
f 1621 7569 7570
f 1621 7570 1619
f 1619 7570 7571
f 1619 7571 1617
f 1617 7571 7572
f 1617 7572 1615
f 1615 7572 7573
f 1615 7573 1613
f 1613 7573 7574
f 1613 7574 1611
f 1611 7574 7546
f 1611 7546 1608
f 7560 7559 7575
f 7575 7559 7576
f 7576 7559 7577
f 7577 7559 7558
f 7577 7558 7578
f 7578 7558 7579
f 7579 7558 7580
f 7580 7558 7557
f 7580 7557 7581
f 7581 7557 7582
f 7582 7557 7556
f 7582 7556 7583
f 7583 7556 7555
f 7583 7555 7584
f 7584 7555 7585
f 7584 7585 7586
f 7585 7555 7587
f 7587 7555 7554
f 7587 7554 7588
f 7588 7554 7553
f 7588 7553 7589
f 7589 7553 7552
f 7589 7552 7590
f 7590 7552 7551
f 7590 7551 7591
f 7591 7551 7550
f 7591 7550 7592
f 7592 7550 7549
f 7592 7549 7593
f 7593 7549 7548
f 7593 7548 7594
f 7594 7548 7547
f 7594 7547 7595
f 7595 7547 7546
f 7595 7546 7574
f 7595 7574 7596
f 7596 7574 7573
f 7596 7573 7597
f 7597 7573 7572
f 7597 7572 7598
f 7598 7572 7571
f 7598 7571 7599
f 7599 7571 7570
f 7599 7570 7600
f 7600 7570 7569
f 7600 7569 7601
f 7601 7569 7568
f 7601 7568 7602
f 7602 7568 7567
f 7602 7567 7603
f 7603 7567 7566
f 7603 7566 7604
f 7604 7566 7605
f 7604 7605 7606
f 7606 7605 7607
f 7606 7607 7608
f 7605 7566 7609
f 7609 7566 7565
f 7609 7565 7610
f 7610 7565 7564
f 7610 7564 7611
f 7611 7564 7612
f 7612 7564 7563
f 7612 7563 7613
f 7613 7563 7614
f 7614 7563 7615
f 7615 7563 7562
f 7615 7562 7616
f 7616 7562 7617
f 7617 7562 7561
f 7606 7608 7618
f 7618 7608 7619
f 7618 7619 7620
f 7618 7620 7621
f 7621 7620 7622
f 7621 7622 7623
f 7623 7622 7624
f 7623 7624 7625
f 7623 7625 7626
f 7626 7625 7627
f 7626 7627 7628
f 7626 7628 7629
f 7629 7628 7630
f 7629 7630 7631
f 7631 7630 7632
f 7631 7632 7633
f 7631 7633 7634
f 7634 7633 7635
f 7634 7635 7636
f 7634 7636 7637
f 7637 7636 7638
f 7637 7638 7639
f 7637 7639 7640
f 7640 7639 7641
f 7640 7641 7642
f 7640 7642 7643
f 7643 7642 7644
f 7643 7644 7645
f 7645 7644 7646
f 7645 7646 7647
f 7645 7647 7648
f 7648 7647 7649
f 7648 7649 7650
f 7651 7652 7650
f 7650 7652 7648
f 7653 7654 7586
f 7586 7654 7655
f 7586 7655 7584
f 7656 7657 7653
f 7653 7657 7658
f 7653 7658 7654
f 7657 7656 7659
f 7659 7656 7660
f 7659 7660 7661
f 7661 7660 7662
f 7662 7660 7663
f 7662 7663 7664
f 7664 7663 7665
f 7665 7663 7666
f 7665 7666 7667
f 7667 7666 7668
f 7667 7668 7669
f 7669 7668 7670
f 7670 7668 7671
f 7670 7671 7672
f 7672 7671 7673
f 7673 7671 7674
f 7673 7674 7675
f 7675 7674 7676
f 7676 7674 7677
f 7676 7677 7678
f 7678 7677 7679
f 7679 7677 7680
f 7679 7680 7681
f 7681 7680 7682
f 7681 7682 7683
f 7683 7682 7684
f 7684 7682 7685
f 7684 7685 7686
f 7686 7685 7687
f 7687 7685 7688
f 7687 7688 7689
f 1848 2260 7689
f 7689 2260 7687
f 7687 2260 2259
f 7687 2259 7686
f 7686 2259 7684
f 7684 2259 2258
f 7684 2258 7683
f 7683 2258 2257
f 7683 2257 7681
f 7681 2257 2256
f 7681 2256 7679
f 7679 2256 2255
f 7679 2255 2254
f 7679 2254 7678
f 7678 2254 2253
f 7678 2253 7676
f 7676 2253 2252
f 7676 2252 7675
f 7675 2252 2251
f 7675 2251 7673
f 7673 2251 2250
f 7673 2250 7672
f 7672 2250 2249
f 7672 2249 7670
f 7670 2249 2248
f 7670 2248 7669
f 7669 2248 2247
f 7669 2247 7667
f 7667 2247 2246
f 7667 2246 7665
f 7665 2246 2245
f 7665 2245 7664
f 7664 2245 2244
f 7664 2244 7662
f 7662 2244 2243
f 7662 2243 7661
f 7661 2243 2242
f 7661 2242 7659
f 7659 2242 2241
f 7659 2241 7657
f 7657 2241 2240
f 7657 2240 7658
f 7658 2240 2239
f 7658 2239 7654
f 7654 2239 2238
f 7654 2238 7655
f 7655 2238 2237
f 7655 2237 7584
f 7584 2237 2236
f 7584 2236 7583
f 7583 2236 2235
f 7583 2235 7582
f 7582 2235 2234
f 7582 2234 7581
f 7581 2234 2233
f 7581 2233 7580
f 7580 2233 2232
f 7580 2232 7579
f 7579 2232 2231
f 7579 2231 7578
f 7578 2231 2230
f 7578 2230 7577
f 7577 2230 2229
f 7577 2229 7576
f 7576 2229 2228
f 7576 2228 7575
f 7575 2228 1579
f 7575 1579 7560
f 2261 1848 7688
f 7688 1848 7689
f 7688 7685 2261
f 2261 7685 2263
f 2263 7685 7682
f 2263 7682 2267
f 2267 7682 7680
f 2267 7680 2268
f 2268 7680 7677
f 2268 7677 2270
f 2270 7677 7674
f 2270 7674 2272
f 2272 7674 7671
f 2272 7671 2273
f 2273 7671 7668
f 2273 7668 2275
f 2275 7668 7666
f 2275 7666 2277
f 2277 7666 7663
f 2277 7663 2278
f 2278 7663 2280
f 2280 7663 7660
f 2280 7660 7656
f 2280 7656 2282
f 2282 7656 7653
f 2282 7653 2283
f 2283 7653 7586
f 2283 7586 2284
f 2284 7586 7585
f 2284 7585 2286
f 2286 7585 7587
f 2286 7587 2288
f 2288 7587 7588
f 2288 7588 2290
f 2290 7588 7589
f 2290 7589 2291
f 2291 7589 7590
f 2291 7590 2293
f 2293 7590 7591
f 2293 7591 2294
f 2294 7591 7592
f 2294 7592 2296
f 2296 7592 7593
f 2296 7593 2297
f 2297 7593 7594
f 2297 7594 2299
f 2299 7594 7595
f 2299 7595 2301
f 7595 7596 2301
f 2301 7596 2302
f 2302 7596 7597
f 2302 7597 2304
f 2304 7597 7598
f 2304 7598 2305
f 2305 7598 7599
f 2305 7599 2307
f 2307 7599 7600
f 2307 7600 2309
f 2309 7600 7601
f 2309 7601 2310
f 2310 7601 7602
f 2310 7602 2312
f 2312 7602 7603
f 2312 7603 2313
f 2313 7603 7604
f 2313 7604 2315
f 2315 7604 7606
f 2315 7606 2317
f 2317 7606 7618
f 2317 7618 2318
f 2318 7618 7621
f 2318 7621 2320
f 2320 7621 7623
f 2320 7623 2321
f 2321 7623 2323
f 2323 7623 7626
f 2323 7626 7629
f 2323 7629 2325
f 2325 7629 7631
f 2325 7631 2326
f 2326 7631 7634
f 2326 7634 2328
f 2328 7634 7637
f 2328 7637 2330
f 2330 7637 7640
f 2330 7640 2332
f 2332 7640 7643
f 2332 7643 2333
f 2333 7643 7645
f 2333 7645 2335
f 2335 7645 7648
f 2335 7648 2337
f 2337 7648 7652
f 2337 7652 2339
f 2106 2339 7651
f 7651 2339 7652
f 1638 2387 7561
f 7561 2387 7617
f 7617 2387 2386
f 7617 2386 7616
f 7616 2386 2385
f 7616 2385 7615
f 7615 2385 2384
f 7615 2384 7614
f 7614 2384 2383
f 7614 2383 7613
f 7613 2383 2382
f 7613 2382 7612
f 7612 2382 2381
f 7612 2381 7611
f 7611 2381 2380
f 7611 2380 7610
f 7610 2380 2379
f 7610 2379 7609
f 7609 2379 2378
f 7609 2378 7605
f 7605 2378 2377
f 7605 2377 7607
f 7607 2377 2376
f 7607 2376 7608
f 7608 2376 2375
f 7608 2375 7619
f 7619 2375 2374
f 7619 2374 7620
f 7620 2374 2373
f 7620 2373 7622
f 7622 2373 2372
f 7622 2372 7624
f 7624 2372 2371
f 7624 2371 7625
f 7625 2371 2370
f 7625 2370 7627
f 7627 2370 2369
f 7627 2369 7628
f 7628 2369 2368
f 7628 2368 7630
f 7630 2368 2367
f 7630 2367 7632
f 7632 2367 2366
f 7632 2366 7633
f 7633 2366 2365
f 7633 2365 7635
f 7635 2365 2364
f 7635 2364 7636
f 7636 2364 2363
f 7636 2363 7638
f 7638 2363 2362
f 7638 2362 7639
f 7639 2362 2361
f 7639 2361 7641
f 7641 2361 2360
f 7641 2360 7642
f 7642 2360 7644
f 7644 2360 2359
f 7644 2359 7646
f 7646 2359 2358
f 7646 2358 7647
f 7647 2358 2357
f 7647 2357 7649
f 7649 2357 2356
f 7649 2356 2107
f 7649 2107 7650
f 7650 2107 2106
f 7650 2106 7651
f 7690 7691 2300
f 2300 7691 2298
f 2298 7691 7692
f 2298 7692 7693
f 2298 7693 2295
f 2295 7693 7694
f 2295 7694 2292
f 2292 7694 7695
f 2292 7695 7696
f 2292 7696 2289
f 2289 7696 7697
f 2289 7697 2287
f 2287 7697 7698
f 2287 7698 2285
f 2285 7698 7699
f 2285 7699 7700
f 2285 7700 2281
f 2281 7700 7701
f 2281 7701 2279
f 2279 7701 7702
f 2279 7702 7703
f 2279 7703 2276
f 2276 7703 7704
f 2276 7704 2274
f 2274 7704 7705
f 2274 7705 7706
f 2274 7706 2271
f 2271 7706 7707
f 2271 7707 2269
f 2269 7707 7708
f 2269 7708 7709
f 2269 7709 2266
f 2266 7709 7710
f 2266 7710 2264
f 2264 7710 7711
f 2264 7711 2265
f 2265 7711 7712
f 2265 7712 2388
f 2388 7712 7713
f 2388 7713 7714
f 2388 7714 2389
f 2389 7714 7715
f 2389 7715 2390
f 2390 7715 7716
f 2390 7716 7717
f 2390 7717 2391
f 2391 7717 7718
f 2391 7718 2392
f 2392 7718 7719
f 2392 7719 7720
f 2392 7720 2393
f 2393 7720 7721
f 2393 7721 2394
f 2394 7721 7722
f 2394 7722 7723
f 2394 7723 2262
f 2262 7723 7724
f 2262 7724 2395
f 2395 7724 7725
f 2395 7725 7726
f 2395 7726 2396
f 2396 7726 7727
f 2396 7727 2397
f 2397 7727 7728
f 2397 7728 7729
f 2397 7729 2398
f 2398 7729 7730
f 2398 7730 2399
f 2399 7730 7731
f 2399 7731 2400
f 2400 7731 7732
f 2400 7732 2401
f 2401 7732 7733
f 2401 7733 1849
f 1849 7733 7734
f 1849 7734 1850
f 1850 7734 7735
f 1850 7735 2402
f 2402 7735 7736
f 2402 7736 2403
f 2403 7736 7737
f 2403 7737 1802
f 1802 7737 7738
f 1802 7738 1803
f 1803 7738 7739
f 1803 7739 2040
f 2040 7739 7740
f 2040 7740 2039
f 2039 7740 7741
f 2039 7741 2038
f 2038 7741 7742
f 2038 7742 2037
f 2037 7742 7743
f 2037 7743 2036
f 2036 7743 7744
f 2036 7744 2035
f 2035 7744 7745
f 2035 7745 2034
f 2034 7745 7746
f 2034 7746 7747
f 2034 7747 2033
f 2033 7747 7748
f 2033 7748 2032
f 2032 7748 7749
f 2032 7749 7750
f 2032 7750 2031
f 2031 7750 7751
f 2031 7751 2030
f 2030 7751 7752
f 2030 7752 7753
f 2030 7753 2029
f 2029 7753 7754
f 2029 7754 2028
f 2028 7754 7755
f 2028 7755 7756
f 2028 7756 2027
f 2027 7756 7757
f 2027 7757 2026
f 2026 7757 7758
f 2026 7758 2025
f 2025 7758 7759
f 2025 7759 2024
f 2024 7759 7760
f 2024 7760 7761
f 2024 7761 2023
f 2023 7761 7762
f 2023 7762 2022
f 2022 7762 7763
f 2022 7763 7764
f 2022 7764 2019
f 2019 7764 7765
f 2019 7765 2017
f 2017 7765 7766
f 2017 7766 7767
f 2017 7767 2014
f 2014 7767 7768
f 2014 7768 2012
f 2012 7768 7769
f 2012 7769 2010
f 2010 7769 7770
f 2010 7770 2008
f 2008 7770 7771
f 2008 7771 7772
f 2008 7772 2005
f 2005 7772 7773
f 2005 7773 2003
f 2003 7773 7774
f 2003 7774 7775
f 2003 7775 1999
f 1999 7775 7776
f 1999 7776 1997
f 1997 7776 7777
f 1997 7777 1995
f 1995 7777 7778
f 1995 7778 7779
f 1995 7779 1992
f 1992 7779 7780
f 1992 7780 1990
f 1990 7780 7781
f 1990 7781 1987
f 1987 7781 7782
f 1987 7782 1984
f 1984 7782 7783
f 7783 7782 7784
f 7784 7782 7785
f 7785 7782 7781
f 7785 7781 7786
f 7786 7781 7780
f 7786 7780 7787
f 7787 7780 7779
f 7787 7779 7788
f 7788 7779 7778
f 7788 7778 7789
f 7789 7778 7777
f 7789 7777 7790
f 7790 7777 7776
f 7790 7776 7791
f 7791 7776 7775
f 7791 7775 7792
f 7792 7775 7774
f 7792 7774 7793
f 7793 7774 7773
f 7793 7773 7794
f 7794 7773 7772
f 7794 7772 7795
f 7795 7772 7771
f 7795 7771 7796
f 7796 7771 7770
f 7796 7770 7797
f 7797 7770 7769
f 7797 7769 7798
f 7798 7769 7768
f 7798 7768 7799
f 7799 7768 7767
f 7799 7767 7800
f 7800 7767 7766
f 7800 7766 7801
f 7801 7766 7765
f 7801 7765 7802
f 7802 7765 7764
f 7802 7764 7803
f 7803 7764 7763
f 7803 7763 7804
f 7804 7763 7762
f 7804 7762 7805
f 7805 7762 7761
f 7805 7761 7806
f 7806 7761 7760
f 7806 7760 7807
f 7807 7760 7759
f 7807 7759 7808
f 7808 7759 7758
f 7808 7758 7809
f 7809 7758 7757
f 7809 7757 7810
f 7810 7757 7756
f 7810 7756 7811
f 7811 7756 7755
f 7811 7755 7812
f 7812 7755 7754
f 7812 7754 7813
f 7813 7754 7753
f 7813 7753 7814
f 7814 7753 7752
f 7814 7752 7815
f 7815 7752 7751
f 7815 7751 7816
f 7816 7751 7750
f 7816 7750 7817
f 7817 7750 7749
f 7817 7749 7818
f 7818 7749 7748
f 7818 7748 7819
f 7819 7748 7747
f 7819 7747 7820
f 7820 7747 7746
f 7820 7746 7821
f 7821 7746 7745
f 7821 7745 7822
f 7822 7745 7744
f 7822 7744 7823
f 7823 7744 7743
f 7823 7743 7824
f 7824 7743 7742
f 7824 7742 7825
f 7825 7742 7741
f 7825 7741 7826
f 7826 7741 7740
f 7826 7740 7827
f 7827 7740 7739
f 7827 7739 7828
f 7828 7739 7738
f 7828 7738 7829
f 7829 7738 7737
f 7829 7737 7830
f 7830 7737 7736
f 7830 7736 7831
f 7831 7736 7735
f 7831 7735 7832
f 7832 7735 7734
f 7832 7734 7833
f 7833 7734 7733
f 7833 7733 7834
f 7834 7733 7732
f 7834 7732 7835
f 7835 7732 7731
f 7835 7731 7836
f 7836 7731 7730
f 7836 7730 7837
f 7837 7730 7729
f 7837 7729 7838
f 7838 7729 7728
f 7838 7728 7839
f 7839 7728 7727
f 7839 7727 7840
f 7840 7727 7726
f 7840 7726 7841
f 7841 7726 7725
f 7841 7725 7842
f 7842 7725 7724
f 7842 7724 7843
f 7843 7724 7723
f 7843 7723 7844
f 7844 7723 7722
f 7844 7722 7845
f 7845 7722 7721
f 7845 7721 7846
f 7846 7721 7720
f 7846 7720 7847
f 7847 7720 7719
f 7847 7719 7848
f 7848 7719 7718
f 7848 7718 7849
f 7849 7718 7717
f 7849 7717 7850
f 7850 7717 7716
f 7850 7716 7851
f 7851 7716 7715
f 7851 7715 7852
f 7852 7715 7714
f 7852 7714 7853
f 7853 7714 7713
f 7853 7713 7854
f 7854 7713 7712
f 7854 7712 7855
f 7855 7712 7711
f 7855 7711 7856
f 7856 7711 7710
f 7856 7710 7857
f 7857 7710 7709
f 7857 7709 7858
f 7858 7709 7708
f 7858 7708 7859
f 7859 7708 7707
f 7859 7707 7860
f 7860 7707 7706
f 7860 7706 7861
f 7861 7706 7705
f 7861 7705 7862
f 7862 7705 7704
f 7862 7704 7863
f 7863 7704 7703
f 7863 7703 7864
f 7864 7703 7702
f 7864 7702 7865
f 7865 7702 7701
f 7865 7701 7866
f 7866 7701 7700
f 7866 7700 7867
f 7867 7700 7699
f 7867 7699 7868
f 7868 7699 7698
f 7868 7698 7869
f 7869 7698 7697
f 7869 7697 7870
f 7870 7697 7696
f 7870 7696 7871
f 7871 7696 7695
f 7871 7695 7872
f 7872 7695 7694
f 7872 7694 7873
f 7873 7694 7693
f 7873 7693 7874
f 7874 7693 7692
f 7874 7692 7875
f 7875 7692 7876
f 7876 7692 7691
f 7876 7691 7877
f 7877 7691 7690
f 7877 7690 7878
f 7878 7690 7879
f 7878 7879 7880
f 7880 7879 7881
f 7880 7881 7882
f 7880 7882 7883
f 7883 7882 7884
f 7883 7884 7885
f 7885 7884 7886
f 7885 7886 7887
f 7887 7886 7888
f 7887 7888 7889
f 7889 7888 7890
f 7889 7890 7891
f 7891 7890 7892
f 7891 7892 7893
f 7893 7892 7894
f 7893 7894 7895
f 7895 7894 7896
f 7895 7896 7897
f 7897 7896 7898
f 7897 7898 7899
f 7899 7898 7900
f 7899 7900 7901
f 7901 7900 7902
f 7901 7902 7903
f 7903 7902 7904
f 7903 7904 7905
f 7905 7904 7906
f 7905 7906 7907
f 7907 7906 7908
f 7907 7908 7909
f 7909 7908 7910
f 7909 7910 7911
f 7911 7910 7912
f 7911 7912 7913
f 7913 7912 7914
f 7913 7914 7915
f 7915 7914 7916
f 7915 7916 7917
f 7917 7916 7918
f 7917 7918 7919
f 7919 7918 7920
f 7919 7920 7921
f 7921 7920 7922
f 7921 7922 7923
f 7923 7922 7924
f 7923 7924 7925
f 7925 7924 7926
f 7925 7926 7927
f 7927 7926 7928
f 7927 7928 7929
f 7929 7928 7930
f 7929 7930 7931
f 7931 7930 7932
f 7931 7932 7933
f 7933 7932 7934
f 7933 7934 7935
f 7935 7934 7936
f 7935 7936 7937
f 7937 7936 7938
f 7937 7938 7939
f 7939 7938 7940
f 7939 7940 7941
f 7941 7940 7942
f 7941 7942 7943
f 7943 7942 7944
f 7943 7944 7945
f 7945 7944 7946
f 7945 7946 7947
f 7947 7946 7948
f 7947 7948 7949
f 7949 7948 7950
f 7949 7950 7951
f 7951 7950 7952
f 7951 7952 7953
f 7953 7952 7954
f 7953 7954 7955
f 7955 7954 7956
f 7955 7956 7957
f 7957 7956 7958
f 7957 7958 7959
f 7959 7958 7960
f 7959 7960 7961
f 7961 7960 7962
f 7961 7962 7963
f 7963 7962 7964
f 7963 7964 7965
f 7965 7964 7966
f 7965 7966 7967
f 7967 7966 7968
f 7967 7968 7969
f 7969 7968 7970
f 7969 7970 7971
f 7971 7970 7972
f 7971 7972 7973
f 7973 7972 7974
f 7973 7974 7975
f 7975 7974 7976
f 7975 7976 7977
f 7977 7976 7978
f 7977 7978 7979
f 7979 7978 7980
f 7979 7980 7981
f 7981 7980 7982
f 7981 7982 7983
f 7983 7982 7984
f 7983 7984 7985
f 7985 7984 7986
f 7985 7986 7987
f 7987 7986 7988
f 7987 7988 7989
f 7989 7988 7990
f 7989 7990 7991
f 7991 7990 7992
f 7991 7992 7993
f 7993 7992 7994
f 7993 7994 7995
f 7995 7994 7996
f 7995 7996 7997
f 7997 7996 7998
f 7997 7998 7999
f 7999 7998 8000
f 7999 8000 8001
f 8001 8000 8002
f 8001 8002 8003
f 8003 8002 8004
f 8003 8004 8005
f 8005 8004 8006
f 8005 8006 8007
f 8007 8006 8008
f 8007 8008 8009
f 8009 8008 8010
f 8009 8010 8011
f 8011 8010 8012
f 8011 8012 8013
f 8013 8012 8014
f 8013 8014 8015
f 8015 8014 8016
f 8015 8016 8017
f 8017 8016 8018
f 8017 8018 8019
f 8019 8018 8020
f 8019 8020 8021
f 8021 8020 8022
f 8021 8022 8023
f 8023 8022 8024
f 8023 8024 8025
f 8025 8024 8026
f 8025 8026 8027
f 8027 8026 8028
f 8027 8028 8029
f 8029 8028 8030
f 8029 8030 8031
f 8031 8030 8032
f 8031 8032 8033
f 8033 8032 8034
f 8033 8034 8035
f 8035 8034 8036
f 8035 8036 8037
f 8037 8036 8038
f 8037 8038 8039
f 8039 8038 8040
f 8039 8040 8041
f 8041 8040 8042
f 8041 8042 8043
f 8043 8042 8044
f 8043 8044 8045
f 8045 8044 8046
f 8045 8046 8047
f 8047 8046 8048
f 8047 8048 8049
f 8049 8048 8050
f 8049 8050 8051
f 8051 8050 8052
f 8051 8052 8053
f 8053 8052 8054
f 8053 8054 8055
f 8055 8054 8056
f 8055 8056 8057
f 8057 8056 8058
f 8057 8058 8059
f 8059 8058 8060
f 8059 8060 8061
f 8061 8060 7783
f 8061 7783 7784
f 8066 7800 8062
f 8062 7800 7801
f 8062 7801 7802
f 8063 8031 8066
f 8066 8031 8033
f 8066 8033 8035
f 8064 7969 8063
f 8063 7969 7971
f 8063 7971 7973
f 8132 7909 8064
f 8064 7909 7911
f 8064 7911 7913
f 8065 7861 8132
f 8132 7861 7862
f 8132 7862 7863
f 8062 7831 8065
f 8065 7831 7832
f 8065 7832 7833
f 8061 7784 8066
f 8066 7784 7785
f 8066 7785 7786
f 7786 7787 8066
f 8066 7787 7788
f 8066 7788 7789
f 7789 7790 8066
f 8066 7790 7791
f 8066 7791 7792
f 7792 7793 8066
f 8066 7793 7794
f 8066 7794 7795
f 7795 7796 8066
f 8066 7796 7797
f 8066 7797 7798
f 7798 7799 8066
f 8066 7799 7800
f 7802 7803 8062
f 8062 7803 7804
f 8062 7804 7805
f 7805 7806 8062
f 8062 7806 7807
f 8062 7807 7808
f 7808 7809 8062
f 8062 7809 7810
f 8062 7810 7811
f 7811 7812 8062
f 8062 7812 7813
f 8062 7813 7814
f 7814 7815 8062
f 8062 7815 7816
f 8062 7816 7817
f 7817 7818 8062
f 8062 7818 7819
f 8062 7819 7820
f 7820 7821 8062
f 8062 7821 7822
f 8062 7822 7823
f 7823 7824 8062
f 8062 7824 7825
f 8062 7825 7826
f 7826 7827 8062
f 8062 7827 7828
f 8062 7828 7829
f 7829 7830 8062
f 8062 7830 7831
f 7833 7834 8065
f 8065 7834 7835
f 8065 7835 7836
f 7836 7837 8065
f 8065 7837 7838
f 8065 7838 7839
f 7839 7840 8065
f 8065 7840 7841
f 8065 7841 7842
f 7842 7843 8065
f 8065 7843 7844
f 8065 7844 7845
f 7845 7846 8065
f 8065 7846 7847
f 8065 7847 7848
f 7848 7849 8065
f 8065 7849 7850
f 8065 7850 7851
f 7851 7852 8065
f 8065 7852 7853
f 8065 7853 7854
f 7854 7855 8065
f 8065 7855 7856
f 8065 7856 7857
f 7857 7858 8065
f 8065 7858 7859
f 8065 7859 7860
f 7860 7861 8065
f 7863 7864 8132
f 8132 7864 7865
f 8132 7865 7866
f 7866 7867 8132
f 8132 7867 7868
f 8132 7868 7869
f 7869 7870 8132
f 8132 7870 7871
f 8132 7871 7872
f 7872 7873 8132
f 8132 7873 7874
f 8132 7874 7875
f 7875 7876 8132
f 8132 7876 7877
f 8132 7877 7878
f 7878 7880 8132
f 8132 7880 7883
f 8132 7883 7885
f 7885 7887 8132
f 8132 7887 7889
f 8132 7889 7891
f 7891 7893 8132
f 8132 7893 7895
f 8132 7895 7897
f 7897 7899 8132
f 8132 7899 7901
f 8132 7901 7903
f 7903 7905 8132
f 8132 7905 7907
f 8132 7907 7909
f 7913 7915 8064
f 8064 7915 7917
f 8064 7917 7919
f 7919 7921 8064
f 8064 7921 7923
f 8064 7923 7925
f 7925 7927 8064
f 8064 7927 7929
f 8064 7929 7931
f 7931 7933 8064
f 8064 7933 7935
f 8064 7935 7937
f 7937 7939 8064
f 8064 7939 7941
f 8064 7941 7943
f 7943 7945 8064
f 8064 7945 7947
f 8064 7947 7949
f 7949 7951 8064
f 8064 7951 7953
f 8064 7953 7955
f 7955 7957 8064
f 8064 7957 7959
f 8064 7959 7961
f 7961 7963 8064
f 8064 7963 7965
f 8064 7965 7967
f 7967 7969 8064
f 7973 7975 8063
f 8063 7975 7977
f 8063 7977 7979
f 7979 7981 8063
f 8063 7981 7983
f 8063 7983 7985
f 7985 7987 8063
f 8063 7987 7989
f 8063 7989 7991
f 7991 7993 8063
f 8063 7993 7995
f 8063 7995 7997
f 7997 7999 8063
f 8063 7999 8001
f 8063 8001 8003
f 8003 8005 8063
f 8063 8005 8007
f 8063 8007 8009
f 8009 8011 8063
f 8063 8011 8013
f 8063 8013 8015
f 8015 8017 8063
f 8063 8017 8019
f 8063 8019 8021
f 8021 8023 8063
f 8063 8023 8025
f 8063 8025 8027
f 8027 8029 8063
f 8063 8029 8031
f 8035 8037 8066
f 8066 8037 8039
f 8066 8039 8041
f 8041 8043 8066
f 8066 8043 8045
f 8066 8045 8047
f 8047 8049 8066
f 8066 8049 8051
f 8066 8051 8053
f 8053 8055 8066
f 8066 8055 8057
f 8066 8057 8059
f 8059 8061 8066
f 8066 8062 8067
f 8066 8067 8068
f 8068 8067 8069
f 8068 8069 8070
f 8070 8069 8072
f 8072 8069 8071
f 8072 8071 8074
f 8072 8074 8073
f 8073 8074 8075
f 8073 8075 8076
f 8076 8075 8077
f 8076 8077 8078
f 8078 8077 8079
f 8078 8079 8080
f 8078 8080 8081
f 8081 8080 8082
f 8081 8082 8083
f 8083 8082 8084
f 8083 8084 8085
f 8085 8084 8086
f 8085 8086 8087
f 8087 8086 8088
f 8087 8088 8089
f 8089 8088 8090
f 8090 8088 8091
f 8090 8091 8093
f 8093 8091 8092
f 8093 8092 8094
f 8094 8092 8095
f 8094 8095 8096
f 8094 8096 8097
f 8097 8096 8098
f 8097 8098 8099
f 8099 8098 8100
f 8099 8100 8101
f 8101 8100 8102
f 8101 8102 8103
f 8103 8102 8104
f 8103 8104 8106
f 8106 8104 8105
f 8106 8105 8107
f 8107 8105 8108
f 8107 8108 8109
f 8109 8110 8107
f 8062 8065 8067
f 8067 8065 8111
f 8067 8111 8112
f 8067 8112 8069
f 8069 8112 8113
f 8069 8113 8071
f 8071 8113 8114
f 8071 8114 8074
f 8074 8114 8115
f 8074 8115 8075
f 8075 8115 8077
f 8077 8115 8116
f 8077 8116 8079
f 8079 8116 8117
f 8079 8117 8118
f 8079 8118 8080
f 8080 8118 8119
f 8080 8119 8082
f 8082 8119 8120
f 8082 8120 8084
f 8084 8120 8121
f 8084 8121 8086
f 8086 8121 8122
f 8086 8122 8088
f 8088 8122 8091
f 8091 8122 8123
f 8091 8123 8092
f 8092 8123 8124
f 8092 8124 8095
f 8095 8124 8125
f 8095 8125 8096
f 8096 8125 8126
f 8096 8126 8098
f 8098 8126 8127
f 8098 8127 8100
f 8100 8127 8102
f 8102 8127 8128
f 8102 8128 8104
f 8104 8128 8129
f 8104 8129 8105
f 8105 8129 8130
f 8105 8130 8108
f 8108 8130 8131
f 8131 8109 8108
f 8065 8132 8111
f 8111 8132 8133
f 8111 8133 8112
f 8112 8133 8134
f 8112 8134 8113
f 8113 8134 8135
f 8113 8135 8114
f 8114 8135 8136
f 8114 8136 8115
f 8115 8136 8137
f 8115 8137 8116
f 8116 8137 8117
f 8117 8137 8138
f 8117 8138 8118
f 8118 8138 8139
f 8118 8139 8119
f 8119 8139 8140
f 8119 8140 8120
f 8120 8140 8121
f 8121 8140 8141
f 8121 8141 8122
f 8122 8141 8142
f 8122 8142 8123
f 8123 8142 8143
f 8123 8143 8124
f 8124 8143 8144
f 8124 8144 8145
f 8124 8145 8125
f 8125 8145 8146
f 8125 8146 8126
f 8126 8146 8147
f 8126 8147 8127
f 8127 8147 8148
f 8127 8148 8128
f 8128 8148 8149
f 8128 8149 8129
f 8129 8149 8150
f 8129 8150 8130
f 8130 8150 8151
f 8130 8151 8131
f 8131 8151 8152
f 8152 8151 8153
f 8153 8151 8154
f 8154 8151 8150
f 8154 8150 8155
f 8155 8150 8149
f 8155 8149 8156
f 8156 8149 8157
f 8157 8149 8148
f 8157 8148 8158
f 8158 8148 8147
f 8158 8147 8146
f 8158 8146 8159
f 8159 8146 8145
f 8159 8145 8160
f 8160 8145 8144
f 8160 8144 8161
f 8161 8144 8143
f 8161 8143 8162
f 8162 8143 8142
f 8162 8142 8163
f 8163 8142 8141
f 8163 8141 8164
f 8164 8141 8140
f 8164 8140 8165
f 8165 8140 8139
f 8165 8139 8166
f 8166 8139 8167
f 8167 8139 8138
f 8167 8138 8137
f 8167 8137 8168
f 8168 8137 8136
f 8168 8136 8169
f 8169 8136 8135
f 8169 8135 8134
f 8169 8134 8170
f 8170 8134 8171
f 8171 8134 8133
f 8171 8133 8172
f 8172 8133 8132
f 8172 8132 8064
f 8173 8152 8174
f 8174 8152 8175
f 8175 8152 8176
f 8176 8152 8177
f 8177 8152 8178
f 8178 8152 8179
f 8179 8152 8180
f 8180 8152 8181
f 8181 8152 8153
f 8181 8153 8182
f 8182 8153 8183
f 8183 8153 8184
f 8184 8153 8185
f 8185 8153 8186
f 8186 8153 8187
f 8187 8153 8188
f 8188 8153 8189
f 8190 8131 8191
f 8191 8131 8192
f 8192 8131 8193
f 8193 8131 8194
f 8194 8131 8195
f 8195 8131 8196
f 8196 8131 8197
f 8197 8131 8198
f 8198 8131 8152
f 8198 8152 8199
f 8199 8152 8200
f 8200 8152 8201
f 8201 8152 8202
f 8202 8152 8203
f 8203 8152 8204
f 8204 8152 8205
f 8205 8152 8173
f 8206 8109 8207
f 8207 8109 8208
f 8208 8109 8209
f 8209 8109 8210
f 8210 8109 8211
f 8211 8109 8212
f 8212 8109 8213
f 8213 8109 8214
f 8214 8109 8131
f 8214 8131 8215
f 8215 8131 8216
f 8216 8131 8217
f 8217 8131 8218
f 8218 8131 8219
f 8219 8131 8220
f 8220 8131 8221
f 8221 8131 8190
f 8222 8110 8223
f 8223 8110 8224
f 8224 8110 8225
f 8225 8110 8226
f 8226 8110 8227
f 8227 8110 8228
f 8228 8110 8229
f 8229 8110 8230
f 8230 8110 8109
f 8230 8109 8231
f 8231 8109 8232
f 8232 8109 8233
f 8233 8109 8234
f 8234 8109 8235
f 8235 8109 8236
f 8236 8109 8237
f 8237 8109 8206
f 8238 8239 8240
f 8240 8239 8241
f 8241 8239 8242
f 8242 8239 8243
f 8243 8239 8244
f 8244 8239 8245
f 8245 8239 8246
f 8246 8239 8247
f 8247 8239 8110
f 8247 8110 8248
f 8248 8110 8249
f 8249 8110 8250
f 8250 8110 8251
f 8251 8110 8252
f 8252 8110 8253
f 8253 8110 8254
f 8254 8110 8222
f 8189 8153 8255
f 8255 8153 8256
f 8256 8153 8257
f 8257 8153 8258
f 8258 8153 8259
f 8259 8153 8260
f 8260 8153 8261
f 8261 8153 8262
f 8262 8153 8239
f 8262 8239 8263
f 8263 8239 8264
f 8264 8239 8265
f 8265 8239 8266
f 8266 8239 8267
f 8267 8239 8268
f 8268 8239 8269
f 8269 8239 8238
f 8240 8270 8238
f 8238 8270 8271
f 8241 8272 8240
f 8240 8272 8270
f 8242 8273 8241
f 8241 8273 8272
f 8243 8274 8242
f 8242 8274 8273
f 8244 8275 8243
f 8243 8275 8274
f 8245 8276 8244
f 8244 8276 8275
f 8246 8277 8245
f 8245 8277 8278
f 8245 8278 8276
f 8247 8279 8246
f 8246 8279 8277
f 8279 8247 8280
f 8280 8247 8248
f 8280 8248 8281
f 8281 8248 8282
f 8282 8248 8249
f 8282 8249 8283
f 8283 8249 8250
f 8283 8250 8284
f 8284 8250 8251
f 8284 8251 8285
f 8285 8251 8252
f 8285 8252 8286
f 8286 8252 8253
f 8286 8253 8287
f 8287 8253 8254
f 8287 8254 8288
f 8288 8254 8222
f 8238 8271 8269
f 8269 8271 8289
f 8269 8289 8268
f 8268 8289 8290
f 8268 8290 8267
f 8267 8290 8291
f 8267 8291 8266
f 8266 8291 8292
f 8266 8292 8265
f 8265 8292 8293
f 8265 8293 8264
f 8264 8293 8294
f 8264 8294 8263
f 8263 8294 8295
f 8263 8295 8296
f 8263 8296 8262
f 8262 8296 8297
f 8262 8297 8261
f 8261 8297 8298
f 8261 8298 8260
f 8260 8298 8299
f 8260 8299 8259
f 8259 8299 8300
f 8259 8300 8301
f 8259 8301 8258
f 8258 8301 8302
f 8258 8302 8257
f 8257 8302 8303
f 8257 8303 8256
f 8256 8303 8304
f 8256 8304 8255
f 8255 8304 8305
f 8255 8305 8189
f 8189 8305 8306
f 8189 8306 8188
f 8188 8306 8307
f 8188 8307 8187
f 8187 8307 8308
f 8187 8308 8186
f 8186 8308 8309
f 8186 8309 8185
f 8185 8309 8310
f 8185 8310 8184
f 8184 8310 8311
f 8184 8311 8183
f 8183 8311 8312
f 8183 8312 8313
f 8183 8313 8182
f 8182 8313 8314
f 8182 8314 8181
f 8181 8314 8315
f 8181 8315 8180
f 8180 8315 8316
f 8180 8316 8179
f 8179 8316 8317
f 8179 8317 8318
f 8179 8318 8178
f 8178 8318 8319
f 8178 8319 8177
f 8177 8319 8320
f 8177 8320 8176
f 8176 8320 8321
f 8176 8321 8175
f 8175 8321 8322
f 8175 8322 8174
f 8174 8322 8323
f 8377 8173 8323
f 8323 8173 8174
f 8288 8222 8324
f 8324 8222 8223
f 8324 8223 8325
f 8325 8223 8224
f 8325 8224 8326
f 8326 8224 8225
f 8326 8225 8327
f 8327 8225 8226
f 8327 8226 8328
f 8328 8226 8227
f 8328 8227 8329
f 8329 8227 8228
f 8329 8228 8330
f 8330 8228 8331
f 8331 8228 8229
f 8331 8229 8332
f 8332 8229 8230
f 8332 8230 8333
f 8333 8230 8231
f 8333 8231 8334
f 8334 8231 8232
f 8334 8232 8335
f 8335 8232 8336
f 8336 8232 8233
f 8336 8233 8337
f 8337 8233 8234
f 8337 8234 8338
f 8338 8234 8235
f 8338 8235 8339
f 8339 8235 8236
f 8339 8236 8340
f 8340 8236 8237
f 8340 8237 8341
f 8341 8237 8206
f 8341 8206 8342
f 8342 8206 8207
f 8342 8207 8343
f 8343 8207 8208
f 8343 8208 8344
f 8344 8208 8209
f 8344 8209 8345
f 8345 8209 8210
f 8345 8210 8346
f 8346 8210 8211
f 8346 8211 8347
f 8347 8211 8212
f 8347 8212 8348
f 8348 8212 8213
f 8348 8213 8349
f 8349 8213 8350
f 8350 8213 8214
f 8350 8214 8351
f 8351 8214 8215
f 8351 8215 8352
f 8352 8215 8216
f 8352 8216 8353
f 8353 8216 8354
f 8354 8216 8217
f 8354 8217 8355
f 8355 8217 8218
f 8355 8218 8356
f 8356 8218 8219
f 8356 8219 8357
f 8357 8219 8220
f 8357 8220 8358
f 8358 8220 8221
f 8358 8221 8359
f 8359 8221 8190
f 8359 8190 8360
f 8360 8190 8191
f 8360 8191 8361
f 8361 8191 8192
f 8361 8192 8362
f 8362 8192 8193
f 8362 8193 8363
f 8363 8193 8194
f 8363 8194 8364
f 8364 8194 8195
f 8364 8195 8365
f 8365 8195 8196
f 8365 8196 8366
f 8366 8196 8367
f 8367 8196 8197
f 8367 8197 8368
f 8368 8197 8198
f 8368 8198 8369
f 8369 8198 8199
f 8369 8199 8370
f 8370 8199 8371
f 8371 8199 8200
f 8371 8200 8372
f 8372 8200 8201
f 8372 8201 8373
f 8373 8201 8202
f 8373 8202 8374
f 8374 8202 8203
f 8374 8203 8375
f 8375 8203 8204
f 8375 8204 8376
f 8376 8204 8205
f 8376 8205 8377
f 8377 8205 8173
f 8378 8379 8380
f 8380 8379 8381
f 8380 8381 8382
f 8383 8384 8382
f 8382 8384 8299
f 8382 8299 8380
f 8380 8299 8298
f 8383 8385 8384
f 8384 8385 8386
f 8387 8301 8384
f 8384 8301 8300
f 8301 8387 8302
f 8302 8387 8388
f 8302 8388 8303
f 8303 8388 8389
f 8303 8389 8390
f 8303 8390 8391
f 8303 8391 8304
f 8304 8391 8305
f 8305 8391 8392
f 8305 8392 8393
f 8393 8392 8394
f 8393 8394 8395
f 8396 8397 8391
f 8391 8397 8398
f 8391 8398 8392
f 8395 8399 8393
f 8400 8306 8393
f 8393 8306 8305
f 8306 8400 8307
f 8307 8400 8401
f 8307 8401 8402
f 8307 8402 8403
f 8307 8403 8308
f 8308 8403 8404
f 8308 8404 8309
f 8309 8404 8405
f 8309 8405 8406
f 8406 8405 8407
f 8406 8407 8408
f 8409 8410 8404
f 8404 8410 8411
f 8404 8411 8405
f 8408 8412 8406
f 8413 8311 8406
f 8406 8311 8310
f 8311 8413 8312
f 8312 8413 8414
f 8312 8414 8415
f 8312 8415 8313
f 8313 8415 8416
f 8313 8416 8314
f 8314 8416 8417
f 8314 8417 8315
f 8315 8417 8316
f 8316 8417 8418
f 8316 8418 8419
f 8419 8418 8420
f 8419 8420 8421
f 8422 8423 8417
f 8417 8423 8424
f 8417 8424 8418
f 8421 8425 8419
f 8426 8318 8419
f 8419 8318 8317
f 8419 8317 8316
f 8318 8426 8427
f 8318 8427 8319
f 8319 8427 8428
f 8319 8428 8320
f 8320 8428 8429
f 8320 8429 8430
f 8431 8432 8430
f 8430 8432 8433
f 8430 8433 8434
f 8435 8436 8434
f 8434 8436 8321
f 8434 8321 8430
f 8430 8321 8320
f 8435 8437 8436
f 8436 8437 8438
f 8439 8322 8436
f 8322 8439 8323
f 8323 8439 8440
f 8323 8440 8377
f 8377 8440 8441
f 8377 8441 8442
f 8377 8442 8443
f 8377 8443 8444
f 8377 8444 8376
f 8376 8444 8375
f 8375 8444 43
f 8375 43 8445
f 8445 43 45
f 8445 45 47
f 42 40 8444
f 8444 40 39
f 8444 39 43
f 47 49 8445
f 8446 8373 8445
f 8445 8373 8374
f 8445 8374 8375
f 8446 8447 8373
f 8373 8447 8448
f 8373 8448 8449
f 8373 8449 8372
f 8372 8449 8450
f 8372 8450 8371
f 8371 8450 8370
f 8370 8450 75
f 8370 75 8451
f 8451 75 76
f 8451 76 78
f 70 71 8450
f 8450 71 73
f 8450 73 75
f 78 80 8451
f 8452 8368 8451
f 8451 8368 8369
f 8368 8452 8367
f 8367 8452 8453
f 8367 8453 8366
f 8366 8453 8454
f 8366 8454 8455
f 8366 8455 8365
f 8365 8455 8456
f 8365 8456 8364
f 8364 8456 8363
f 8363 8456 104
f 8363 104 8457
f 8457 104 106
f 8457 106 108
f 99 100 8456
f 8456 100 102
f 8456 102 104
f 108 110 8457
f 8458 8362 8457
f 8457 8362 8363
f 8362 8458 8361
f 8361 8458 8459
f 8361 8459 8460
f 8361 8460 8461
f 8361 8461 8360
f 8360 8461 8462
f 8360 8462 8359
f 8359 8462 8358
f 8358 8462 122
f 8358 122 8463
f 8463 122 124
f 8463 124 126
f 121 120 8462
f 8462 120 119
f 8462 119 122
f 126 128 8463
f 8464 8358 8463
f 8358 8464 8357
f 8357 8464 8465
f 8357 8465 8356
f 8356 8465 8466
f 8356 8466 8467
f 8356 8467 8468
f 8356 8468 8355
f 8355 8468 8354
f 8354 8468 153
f 8354 153 8469
f 8469 153 155
f 8469 155 157
f 149 150 8468
f 8468 150 152
f 8468 152 153
f 157 159 8469
f 8470 8351 8469
f 8469 8351 8352
f 8469 8352 8353
f 8351 8470 8471
f 8351 8471 8472
f 8351 8472 8350
f 8350 8472 8473
f 8350 8473 8349
f 8349 8473 8474
f 8349 8474 8348
f 8348 8474 8347
f 8347 8474 187
f 8347 187 6
f 6 187 189
f 6 189 190
f 182 183 8474
f 8474 183 185
f 8474 185 187
f 190 34 6
f 10 8346 6
f 8346 10 8345
f 8345 10 17
f 8345 17 8344
f 8344 17 21
f 8344 21 24
f 8344 24 3
f 8344 3 8343
f 8343 3 8342
f 8342 3 215
f 8342 215 8475
f 8475 215 217
f 8475 217 219
f 4 211 3
f 3 211 213
f 3 213 215
f 219 220 8475
f 8476 8341 8475
f 8475 8341 8342
f 8341 8476 8340
f 8340 8476 8477
f 8340 8477 8478
f 8340 8478 8479
f 8340 8479 8339
f 8339 8479 8480
f 8339 8480 8338
f 8338 8480 245
f 8338 245 8481
f 8481 245 247
f 8481 247 249
f 241 242 8480
f 8480 242 243
f 8480 243 245
f 249 251 8481
f 8482 8336 8481
f 8481 8336 8337
f 8336 8482 8335
f 8335 8482 8483
f 8335 8483 8484
f 8335 8484 8334
f 8334 8484 8485
f 8334 8485 8333
f 8333 8485 8486
f 8333 8486 8332
f 8332 8486 8331
f 8331 8486 276
f 8331 276 8487
f 8487 276 277
f 8487 277 279
f 271 272 8486
f 8486 272 274
f 8486 274 276
f 279 281 8487
f 8488 8329 8487
f 8487 8329 8330
f 8487 8330 8331
f 8329 8488 8489
f 8329 8489 8328
f 8328 8489 8490
f 8328 8490 8327
f 8327 8490 8491
f 8327 8491 8492
f 301 302 8492
f 8492 302 304
f 8492 304 306
f 308 8493 306
f 306 8493 8326
f 306 8326 8492
f 8492 8326 8327
f 308 310 8493
f 8493 310 323
f 8494 8325 8493
f 8325 8494 8324
f 8324 8494 8495
f 8324 8495 8288
f 8288 8495 8496
f 8288 8496 8497
f 8288 8497 8498
f 8288 8498 8287
f 8287 8498 8286
f 8286 8498 8499
f 8286 8499 8500
f 8500 8499 8501
f 8500 8501 8502
f 8503 8504 8498
f 8498 8504 8505
f 8498 8505 8499
f 8502 8506 8500
f 8507 8284 8500
f 8500 8284 8285
f 8500 8285 8286
f 8507 8508 8284
f 8284 8508 8509
f 8284 8509 8510
f 8284 8510 8283
f 8283 8510 8511
f 8283 8511 8282
f 8282 8511 8281
f 8281 8511 8512
f 8281 8512 8513
f 8513 8512 8514
f 8513 8514 8515
f 8516 8517 8511
f 8511 8517 8518
f 8511 8518 8512
f 8515 8519 8513
f 8520 8279 8513
f 8513 8279 8280
f 8279 8520 8277
f 8277 8520 8521
f 8277 8521 8278
f 8278 8521 8522
f 8278 8522 8523
f 8278 8523 8276
f 8276 8523 8524
f 8276 8524 8275
f 8275 8524 8274
f 8274 8524 8525
f 8274 8525 8526
f 8526 8525 8527
f 8526 8527 8528
f 8529 8530 8524
f 8524 8530 8531
f 8524 8531 8525
f 8528 8532 8526
f 8533 8273 8526
f 8526 8273 8274
f 8273 8533 8272
f 8272 8533 8534
f 8272 8534 8535
f 8272 8535 8536
f 8272 8536 8270
f 8270 8536 8537
f 8270 8537 8271
f 8271 8537 8538
f 8271 8538 8539
f 8539 8538 8540
f 8539 8540 8541
f 8542 8543 8537
f 8537 8543 8544
f 8537 8544 8538
f 8541 8545 8539
f 8546 8290 8539
f 8539 8290 8289
f 8539 8289 8271
f 8290 8546 8547
f 8290 8547 8548
f 8290 8548 8291
f 8291 8548 8549
f 8291 8549 8292
f 8292 8549 8550
f 8292 8550 8293
f 8293 8550 8551
f 8293 8551 8552
f 8552 8551 8553
f 8552 8553 8554
f 8555 8556 8550
f 8550 8556 8557
f 8550 8557 8551
f 8554 8558 8552
f 8559 8295 8552
f 8552 8295 8294
f 8295 8559 8296
f 8296 8559 8560
f 8296 8560 8561
f 8296 8561 8297
f 8297 8561 8562
f 8297 8562 8380
f 8297 8380 8298
f 8325 8326 8493
f 8337 8338 8481
f 8346 8347 6
f 8353 8354 8469
f 8369 8370 8451
f 8322 8321 8436
f 8310 8309 8406
f 8300 8299 8384
f 8294 8293 8552
f 8280 8281 8513
f 8563 321 346
f 8563 346 8564
f 8564 346 8565
f 8565 346 8566
f 8566 346 347
f 8566 347 8567
f 8567 347 8568
f 8568 347 8569
f 8569 347 348
f 8569 348 8570
f 8570 348 8504
f 8570 8504 8503
f 8504 348 8505
f 8505 348 350
f 8505 350 8499
f 8499 350 351
f 8499 351 8501
f 8501 351 352
f 8501 352 8502
f 8502 352 353
f 8502 353 8506
f 8506 353 8571
f 8571 353 8572
f 8572 353 8573
f 8573 353 8574
f 8574 353 354
f 8574 354 8575
f 8575 354 8576
f 8576 354 355
f 8576 355 8577
f 8577 355 8578
f 8578 355 356
f 8578 356 8579
f 8579 356 8580
f 8580 356 8581
f 8581 356 8582
f 8582 356 8583
f 8583 356 357
f 8583 357 8584
f 8584 357 8516
f 8516 357 8517
f 8517 357 358
f 8517 358 8518
f 8518 358 359
f 8518 359 8512
f 8512 359 8514
f 8514 359 360
f 8514 360 8515
f 8515 360 361
f 8515 361 8519
f 8519 361 8585
f 8585 361 8586
f 8586 361 8587
f 8587 361 362
f 8587 362 8588
f 8588 362 8589
f 8589 362 8590
f 8590 362 363
f 8590 363 8591
f 8591 363 8592
f 8592 363 364
f 8592 364 8593
f 8593 364 8594
f 8594 364 365
f 8594 365 8595
f 8595 365 8596
f 8596 365 8597
f 8597 365 366
f 8597 366 8598
f 8598 366 8599
f 8599 366 8600
f 8600 366 8529
f 8529 366 8530
f 8530 366 370
f 8530 370 8531
f 8531 370 372
f 8531 372 8525
f 8525 372 373
f 8525 373 8527
f 8527 373 374
f 8527 374 8528
f 8528 374 8601
f 8528 8601 8532
f 375 8716 374
f 374 8716 8601
f 376 8713 375
f 375 8713 8602
f 377 8712 376
f 457 8603 377
f 456 8604 457
f 457 8604 8706
f 455 8544 456
f 456 8544 8543
f 456 8543 8604
f 8604 8543 8542
f 8544 455 8538
f 8538 455 454
f 8538 454 8540
f 8540 454 453
f 8540 453 8541
f 8541 453 452
f 8541 452 8545
f 8545 452 8605
f 8605 452 8606
f 8606 452 8607
f 8607 452 8608
f 8608 452 8609
f 8609 452 451
f 8609 451 8610
f 8610 451 8611
f 8611 451 450
f 8611 450 8612
f 8612 450 8613
f 8613 450 449
f 8613 449 8614
f 8614 449 448
f 8614 448 8615
f 8615 448 8616
f 8616 448 8617
f 8617 448 8618
f 8618 448 447
f 8618 447 8619
f 8619 447 8556
f 8619 8556 8555
f 447 446 8556
f 8556 446 8557
f 8557 446 8551
f 8551 446 445
f 8551 445 8553
f 8553 445 444
f 8553 444 8554
f 8554 444 381
f 8554 381 8558
f 8558 381 8620
f 8620 381 8621
f 8621 381 8622
f 8622 381 8623
f 8623 381 8624
f 8624 381 8625
f 8625 381 380
f 8625 380 8626
f 8626 380 8627
f 8627 380 8628
f 8628 380 379
f 8628 379 8629
f 8629 379 385
f 8629 385 8630
f 8630 385 387
f 8630 387 8631
f 8631 387 8632
f 8632 387 388
f 8632 388 8633
f 8633 388 8634
f 8634 388 8635
f 8635 388 8378
f 8378 388 8379
f 8379 388 389
f 8379 389 8381
f 8381 389 390
f 8381 390 8382
f 8382 390 391
f 8382 391 8383
f 8383 391 8385
f 8385 391 392
f 8385 392 8636
f 8636 392 8637
f 8637 392 393
f 8637 393 8638
f 8638 393 8639
f 8639 393 8640
f 8640 393 8641
f 8641 393 8642
f 8642 393 8643
f 8643 393 8644
f 8644 393 394
f 8644 394 8645
f 8645 394 8646
f 8646 394 397
f 8646 397 8647
f 8647 397 8648
f 8648 397 398
f 8648 398 8649
f 8649 398 8650
f 8650 398 8651
f 8651 398 8652
f 8652 398 8653
f 8653 398 8396
f 8396 398 8397
f 8397 398 399
f 8397 399 8398
f 8398 399 400
f 8398 400 8392
f 8392 400 401
f 8392 401 8394
f 8394 401 402
f 8394 402 8395
f 8395 402 8654
f 8395 8654 8399
f 402 404 8654
f 8654 404 8655
f 8655 404 8656
f 8656 404 8657
f 8657 404 8658
f 8658 404 405
f 8658 405 8659
f 8659 405 8660
f 8660 405 406
f 8660 406 8661
f 8661 406 8662
f 8662 406 407
f 8662 407 8663
f 8663 407 8664
f 8664 407 8665
f 8665 407 8666
f 8666 407 8667
f 8667 407 8668
f 8668 407 408
f 8668 408 8669
f 8669 408 8409
f 8409 408 8410
f 8410 408 8411
f 8411 408 409
f 8411 409 8405
f 8405 409 411
f 8405 411 8407
f 8407 411 412
f 8407 412 8408
f 8408 412 415
f 8408 415 8412
f 8412 415 8670
f 8670 415 8671
f 8671 415 8672
f 8672 415 416
f 8672 416 8673
f 8673 416 8674
f 8674 416 8675
f 8675 416 417
f 8675 417 8676
f 8676 417 8677
f 8677 417 8678
f 8678 417 8679
f 8679 417 418
f 8679 418 8680
f 8680 418 8681
f 8681 418 8682
f 8682 418 419
f 8682 419 8949
f 8949 419 8683
f 8683 419 8684
f 8684 419 8422
f 8422 419 8423
f 8423 419 420
f 8423 420 8424
f 8424 420 421
f 8424 421 8418
f 8418 421 8420
f 8420 421 422
f 8420 422 8421
f 8421 422 423
f 8421 423 8425
f 8425 423 8685
f 8685 423 8686
f 8686 423 424
f 8686 424 8687
f 8687 424 8688
f 8688 424 8689
f 8689 424 425
f 8689 425 8690
f 8690 425 8691
f 8691 425 426
f 8691 426 8692
f 8692 426 8693
f 8693 426 430
f 8693 430 8694
f 8694 430 431
f 8694 431 8695
f 8695 431 8696
f 8696 431 8697
f 8697 431 8973
f 8973 431 8431
f 8431 431 8432
f 8432 431 432
f 8432 432 8433
f 8433 432 433
f 8433 433 8434
f 8434 433 434
f 8434 434 8435
f 8435 434 435
f 8435 435 8437
f 8437 435 8698
f 8437 8698 8438
f 8698 435 8699
f 8699 435 436
f 8699 436 8700
f 8700 436 8701
f 8701 436 8702
f 8702 436 437
f 8702 437 8703
f 8703 437 8704
f 8704 437 8705
f 8705 437 35
f 8705 35 341
f 8636 8386 8385
f 457 8706 8707
f 457 8707 8708
f 457 8708 8709
f 8709 8603 457
f 377 8603 8710
f 377 8710 8711
f 8711 8712 377
f 8712 8713 376
f 375 8602 8714
f 375 8714 8715
f 375 8715 8716
f 8743 8563 8717
f 8717 8563 8718
f 8718 8563 8564
f 8718 8564 8719
f 8719 8564 8720
f 8720 8564 8565
f 8720 8565 8721
f 8721 8565 8722
f 8722 8565 8566
f 8722 8566 8723
f 8723 8566 8724
f 8724 8566 8567
f 8724 8567 8725
f 8725 8567 8726
f 8726 8567 8568
f 8726 8568 8727
f 8727 8568 8728
f 8728 8568 8569
f 8728 8569 8729
f 8729 8569 8730
f 8730 8569 8570
f 311 313 8731
f 8731 313 8732
f 8732 313 314
f 8732 314 8733
f 8733 314 315
f 8733 315 316
f 8733 316 8734
f 8734 316 8735
f 8735 316 317
f 8735 317 8736
f 8736 317 8737
f 8737 317 318
f 8737 318 8738
f 8738 318 8739
f 8739 318 320
f 8739 320 8740
f 8740 320 8741
f 8741 320 322
f 8741 322 8742
f 8742 322 8743
f 8743 322 8563
f 311 8731 323
f 323 8731 8493
f 8731 8734 8493
f 8493 8734 8735
f 8732 8733 8731
f 8733 8734 8731
f 8493 8735 8736
f 8493 8736 8737
f 8493 8737 8494
f 8494 8737 8738
f 8494 8738 8739
f 8494 8739 8740
f 8494 8740 8741
f 8494 8741 8495
f 8495 8741 8742
f 8495 8742 8743
f 8495 8743 8496
f 8743 8717 8496
f 8496 8717 8718
f 8496 8718 8719
f 8496 8719 8720
f 8496 8720 8497
f 8720 8721 8497
f 8721 8722 8497
f 8497 8722 8723
f 8497 8723 8724
f 8497 8724 8498
f 8498 8724 8725
f 8498 8725 8726
f 8498 8726 8727
f 8498 8727 8728
f 8498 8728 8730
f 8730 8728 8729
f 8730 8570 8498
f 8498 8570 8503
f 8571 8744 8506
f 8506 8744 8500
f 8744 8745 8500
f 8744 8746 8745
f 8500 8745 8747
f 8500 8747 8748
f 8748 8749 8500
f 8500 8749 8507
f 8507 8749 8750
f 8507 8750 8751
f 8507 8751 8752
f 8507 8752 8753
f 8507 8753 8508
f 8753 8754 8508
f 8508 8754 8755
f 8508 8755 8509
f 8509 8755 8756
f 8509 8756 8757
f 8509 8757 8510
f 8757 8758 8510
f 8758 8759 8510
f 8510 8759 8760
f 8510 8760 8761
f 8510 8761 8762
f 8510 8762 8511
f 8762 8763 8511
f 8763 8764 8511
f 8511 8764 8765
f 8765 8766 8511
f 8511 8766 8767
f 8511 8767 8768
f 8768 8767 8769
f 8768 8584 8511
f 8511 8584 8516
f 8755 8577 8756
f 8756 8577 8757
f 8757 8577 8578
f 8757 8578 8758
f 8758 8578 8759
f 8759 8578 8579
f 8759 8579 8760
f 8760 8579 8761
f 8761 8579 8580
f 8761 8580 8762
f 8762 8580 8763
f 8763 8580 8581
f 8763 8581 8764
f 8764 8581 8582
f 8764 8582 8765
f 8765 8582 8766
f 8766 8582 8583
f 8766 8583 8767
f 8767 8583 8769
f 8769 8583 8768
f 8768 8583 8584
f 8571 8572 8744
f 8744 8572 8746
f 8746 8572 8745
f 8745 8572 8573
f 8745 8573 8747
f 8747 8573 8748
f 8748 8573 8574
f 8748 8574 8749
f 8749 8574 8750
f 8750 8574 8575
f 8750 8575 8751
f 8751 8575 8752
f 8752 8575 8576
f 8752 8576 8753
f 8753 8576 8754
f 8754 8576 8577
f 8754 8577 8755
f 8585 8771 8519
f 8519 8771 8513
f 8771 8770 8513
f 8771 8772 8770
f 8513 8770 8773
f 8513 8773 8774
f 8513 8774 8775
f 8513 8775 8520
f 8520 8775 8776
f 8520 8776 8777
f 8777 8778 8520
f 8520 8778 8521
f 8521 8778 8779
f 8779 8780 8521
f 8521 8780 8781
f 8521 8781 8782
f 8521 8782 8522
f 8522 8782 8783
f 8522 8783 8784
f 8784 8785 8522
f 8522 8785 8523
f 8785 8786 8523
f 8523 8786 8787
f 8523 8787 8788
f 8523 8788 8789
f 8523 8789 8524
f 8524 8789 8790
f 8524 8790 8791
f 8524 8791 8792
f 8524 8792 8793
f 8524 8793 8795
f 8524 8795 8794
f 8794 8795 8796
f 8794 8600 8524
f 8524 8600 8529
f 8782 8593 8783
f 8783 8593 8784
f 8784 8593 8594
f 8784 8594 8785
f 8785 8594 8595
f 8785 8595 8786
f 8786 8595 8787
f 8787 8595 8596
f 8787 8596 8788
f 8788 8596 8789
f 8789 8596 8597
f 8789 8597 8790
f 8790 8597 8791
f 8791 8597 8598
f 8791 8598 8792
f 8792 8598 8793
f 8793 8598 8599
f 8793 8599 8795
f 8795 8599 8796
f 8796 8599 8794
f 8794 8599 8600
f 8585 8586 8771
f 8771 8586 8772
f 8772 8586 8587
f 8772 8587 8770
f 8770 8587 8773
f 8773 8587 8588
f 8773 8588 8774
f 8774 8588 8775
f 8775 8588 8589
f 8775 8589 8776
f 8776 8589 8590
f 8776 8590 8777
f 8777 8590 8778
f 8778 8590 8591
f 8778 8591 8779
f 8779 8591 8780
f 8780 8591 8592
f 8780 8592 8781
f 8781 8592 8782
f 8782 8592 8593
f 8601 8797 8532
f 8532 8797 8526
f 8797 8798 8526
f 8797 8799 8798
f 8798 8800 8526
f 8526 8800 8801
f 8526 8801 8802
f 8526 8802 8533
f 8802 8803 8533
f 8533 8803 8804
f 8533 8804 8805
f 8533 8805 8534
f 8534 8805 8806
f 8534 8806 8807
f 8534 8807 8535
f 8535 8807 8808
f 8535 8808 8809
f 8809 8810 8535
f 8535 8810 8536
f 8810 8811 8536
f 8811 8812 8536
f 8812 8813 8536
f 8536 8813 8537
f 8537 8813 8814
f 8537 8814 8815
f 8815 8816 8537
f 8537 8816 8817
f 8537 8817 8818
f 8537 8818 8819
f 8537 8819 8821
f 8537 8821 8820
f 8820 8604 8537
f 8537 8604 8542
f 8807 8711 8808
f 8808 8711 8809
f 8809 8711 8710
f 8809 8710 8810
f 8810 8710 8811
f 8811 8710 8603
f 8811 8603 8812
f 8812 8603 8813
f 8813 8603 8709
f 8813 8709 8814
f 8814 8709 8815
f 8815 8709 8708
f 8815 8708 8816
f 8816 8708 8817
f 8817 8708 8707
f 8817 8707 8818
f 8818 8707 8819
f 8819 8707 8706
f 8819 8706 8821
f 8821 8706 8820
f 8820 8706 8604
f 8601 8716 8797
f 8797 8716 8799
f 8799 8716 8798
f 8798 8716 8715
f 8798 8715 8800
f 8800 8715 8801
f 8801 8715 8714
f 8801 8714 8802
f 8802 8714 8602
f 8802 8602 8803
f 8803 8602 8713
f 8803 8713 8804
f 8804 8713 8805
f 8805 8713 8712
f 8805 8712 8806
f 8806 8712 8807
f 8807 8712 8711
f 8605 8822 8545
f 8545 8822 8539
f 8822 8823 8539
f 8822 8824 8823
f 8539 8823 8825
f 8825 8826 8539
f 8539 8826 8827
f 8539 8827 8828
f 8539 8828 8546
f 8546 8828 8829
f 8829 8830 8546
f 8830 8831 8546
f 8546 8831 8547
f 8831 8832 8547
f 8547 8832 8833
f 8833 8834 8547
f 8547 8834 8835
f 8547 8835 8836
f 8547 8836 8548
f 8548 8836 8837
f 8548 8837 8838
f 8548 8838 8549
f 8838 8839 8549
f 8839 8840 8549
f 8549 8840 8841
f 8549 8841 8550
f 8841 8842 8550
f 8550 8842 8843
f 8843 8844 8550
f 8550 8844 8845
f 8845 8844 8846
f 8845 8619 8550
f 8550 8619 8555
f 8836 8613 8837
f 8837 8613 8614
f 8837 8614 8838
f 8838 8614 8839
f 8839 8614 8615
f 8839 8615 8840
f 8840 8615 8841
f 8841 8615 8616
f 8841 8616 8842
f 8842 8616 8617
f 8842 8617 8843
f 8843 8617 8844
f 8844 8617 8618
f 8844 8618 8846
f 8846 8618 8845
f 8845 8618 8619
f 8605 8606 8822
f 8822 8606 8824
f 8824 8606 8607
f 8824 8607 8823
f 8823 8607 8825
f 8825 8607 8608
f 8825 8608 8826
f 8826 8608 8827
f 8827 8608 8609
f 8827 8609 8828
f 8828 8609 8610
f 8828 8610 8829
f 8829 8610 8830
f 8830 8610 8831
f 8831 8610 8611
f 8831 8611 8832
f 8832 8611 8833
f 8833 8611 8834
f 8834 8611 8612
f 8834 8612 8835
f 8835 8612 8836
f 8836 8612 8613
f 8620 8847 8558
f 8558 8847 8552
f 8847 8848 8552
f 8552 8848 8849
f 8847 8850 8848
f 8552 8849 8851
f 8552 8851 8852
f 8552 8852 8853
f 8552 8853 8854
f 8552 8854 8559
f 8559 8854 8855
f 8855 8856 8559
f 8559 8856 8857
f 8559 8857 8560
f 8560 8857 8858
f 8560 8858 8859
f 8560 8859 8561
f 8561 8859 8860
f 8561 8860 8861
f 8561 8861 8562
f 8562 8861 8862
f 8562 8862 8863
f 8863 8864 8562
f 8562 8864 8865
f 8562 8865 8380
f 8380 8865 8866
f 8380 8866 8867
f 8380 8867 8868
f 8380 8868 8870
f 8380 8870 8869
f 8380 8869 8378
f 8378 8869 8635
f 8859 8629 8860
f 8860 8629 8630
f 8860 8630 8861
f 8861 8630 8862
f 8862 8630 8631
f 8862 8631 8863
f 8863 8631 8864
f 8864 8631 8632
f 8864 8632 8865
f 8865 8632 8866
f 8866 8632 8633
f 8866 8633 8867
f 8867 8633 8634
f 8867 8634 8868
f 8868 8634 8870
f 8870 8634 8869
f 8869 8634 8635
f 8847 8620 8850
f 8850 8620 8621
f 8850 8621 8622
f 8850 8622 8848
f 8848 8622 8849
f 8849 8622 8623
f 8849 8623 8851
f 8851 8623 8624
f 8851 8624 8852
f 8852 8624 8625
f 8852 8625 8853
f 8853 8625 8626
f 8853 8626 8854
f 8854 8626 8855
f 8855 8626 8627
f 8855 8627 8856
f 8856 8627 8628
f 8856 8628 8857
f 8857 8628 8858
f 8858 8628 8629
f 8858 8629 8859
f 8636 8871 8386
f 8386 8871 8384
f 8871 8873 8384
f 8384 8873 8874
f 8872 8873 8871
f 8384 8874 8875
f 8875 8876 8384
f 8876 8877 8384
f 8384 8877 8387
f 8387 8877 8878
f 8878 8879 8387
f 8879 8880 8387
f 8387 8880 8881
f 8387 8881 8882
f 8387 8882 8388
f 8388 8882 8883
f 8883 8884 8388
f 8388 8884 8885
f 8388 8885 8389
f 8885 8886 8389
f 8886 8887 8389
f 8389 8887 8390
f 8390 8887 8888
f 8390 8888 8889
f 8390 8889 8890
f 8390 8890 8891
f 8390 8891 8391
f 8391 8891 8892
f 8391 8892 8893
f 8391 8893 8894
f 8391 8894 8896
f 8391 8896 8895
f 8895 8896 8897
f 8895 8653 8391
f 8391 8653 8396
f 8885 8645 8886
f 8886 8645 8646
f 8886 8646 8887
f 8887 8646 8647
f 8887 8647 8888
f 8888 8647 8889
f 8889 8647 8890
f 8890 8647 8648
f 8890 8648 8891
f 8891 8648 8649
f 8891 8649 8892
f 8892 8649 8893
f 8893 8649 8650
f 8893 8650 8894
f 8894 8650 8651
f 8894 8651 8896
f 8896 8651 8652
f 8896 8652 8897
f 8897 8652 8895
f 8895 8652 8653
f 8636 8637 8871
f 8871 8637 8872
f 8872 8637 8638
f 8872 8638 8639
f 8872 8639 8873
f 8873 8639 8640
f 8873 8640 8874
f 8874 8640 8641
f 8874 8641 8875
f 8875 8641 8876
f 8876 8641 8642
f 8876 8642 8877
f 8877 8642 8878
f 8878 8642 8643
f 8878 8643 8879
f 8879 8643 8880
f 8880 8643 8644
f 8880 8644 8881
f 8881 8644 8882
f 8882 8644 8883
f 8883 8644 8645
f 8883 8645 8884
f 8884 8645 8885
f 8654 8898 8399
f 8399 8898 8393
f 8898 8899 8900
f 8898 8900 8393
f 8393 8900 8901
f 8393 8901 8902
f 8393 8902 8400
f 8902 8903 8400
f 8400 8903 8904
f 8904 8905 8400
f 8400 8905 8906
f 8400 8906 8401
f 8401 8906 8907
f 8907 8908 8401
f 8401 8908 8402
f 8402 8908 8909
f 8402 8909 8910
f 8402 8910 8911
f 8402 8911 8403
f 8403 8911 8912
f 8403 8912 8913
f 8403 8913 8914
f 8914 8915 8403
f 8403 8915 8916
f 8403 8916 8917
f 8403 8917 8404
f 8404 8917 8918
f 8404 8918 8919
f 8404 8919 8920
f 8920 8921 8404
f 8404 8921 8922
f 8404 8922 8923
f 8923 8922 8924
f 8924 8669 8923
f 8661 8908 8660
f 8660 8908 8907
f 8660 8907 8906
f 8660 8906 8659
f 8659 8906 8905
f 8659 8905 8904
f 8659 8904 8658
f 8658 8904 8903
f 8658 8903 8902
f 8658 8902 8657
f 8657 8902 8901
f 8657 8901 8656
f 8656 8901 8900
f 8656 8900 8899
f 8656 8899 8655
f 8655 8899 8898
f 8655 8898 8654
f 8669 8924 8668
f 8668 8924 8922
f 8668 8922 8667
f 8667 8922 8921
f 8667 8921 8666
f 8666 8921 8920
f 8666 8920 8919
f 8666 8919 8665
f 8665 8919 8918
f 8665 8918 8917
f 8665 8917 8664
f 8664 8917 8916
f 8664 8916 8915
f 8664 8915 8663
f 8663 8915 8914
f 8663 8914 8913
f 8663 8913 8662
f 8662 8913 8912
f 8662 8912 8911
f 8662 8911 8661
f 8661 8911 8910
f 8661 8910 8909
f 8661 8909 8908
f 8923 8669 8404
f 8404 8669 8409
f 8670 8926 8412
f 8412 8926 8406
f 8406 8926 8927
f 8927 8928 8406
f 8406 8928 8413
f 8413 8928 8929
f 8929 8930 8413
f 8413 8930 8931
f 8413 8931 8932
f 8413 8932 8933
f 8413 8933 8934
f 8413 8934 8935
f 8413 8935 8414
f 8414 8935 8936
f 8936 8937 8414
f 8414 8937 8938
f 8414 8938 8415
f 8415 8938 8939
f 8415 8939 8940
f 8415 8940 8416
f 8416 8940 8941
f 8416 8941 8942
f 8942 8943 8416
f 8416 8943 8944
f 8416 8944 8417
f 8417 8944 8945
f 8417 8945 8946
f 8417 8946 8947
f 8417 8947 8948
f 8947 8949 8948
f 8417 8948 8950
f 8677 8938 8937
f 8677 8937 8676
f 8676 8937 8936
f 8676 8936 8935
f 8676 8935 8675
f 8675 8935 8934
f 8675 8934 8933
f 8675 8933 8674
f 8674 8933 8932
f 8674 8932 8931
f 8674 8931 8673
f 8673 8931 8930
f 8673 8930 8929
f 8673 8929 8672
f 8672 8929 8928
f 8672 8928 8927
f 8672 8927 8926
f 8672 8926 8671
f 8671 8926 8925
f 8671 8925 8926
f 8671 8926 8670
f 8684 8950 8683
f 8683 8950 8948
f 8683 8948 8949
f 8949 8947 8946
f 8949 8946 8682
f 8682 8946 8945
f 8682 8945 8944
f 8682 8944 8681
f 8681 8944 8943
f 8681 8943 8680
f 8680 8943 8942
f 8680 8942 8941
f 8680 8941 8679
f 8679 8941 8940
f 8679 8940 8678
f 8678 8940 8939
f 8678 8939 8938
f 8678 8938 8677
f 8950 8684 8417
f 8417 8684 8422
f 8685 8951 8425
f 8425 8951 8419
f 8419 8951 8953
f 8953 8954 8419
f 8419 8954 8426
f 8426 8954 8955
f 8426 8955 8956
f 8956 8957 8426
f 8426 8957 8958
f 8426 8958 8427
f 8427 8958 8959
f 8427 8959 8960
f 8427 8960 8428
f 8428 8960 8961
f 8961 8962 8428
f 8428 8962 8429
f 8429 8962 8963
f 8963 8964 8429
f 8964 8965 8429
f 8429 8965 8966
f 8429 8966 8430
f 8966 8967 8430
f 8430 8967 8968
f 8430 8968 8969
f 8430 8969 8970
f 8430 8970 8971
f 8971 8970 8972
f 8972 8973 8971
f 8971 8973 8430
f 8430 8973 8431
f 8960 8691 8961
f 8961 8691 8692
f 8961 8692 8962
f 8962 8692 8693
f 8962 8693 8963
f 8963 8693 8964
f 8964 8693 8694
f 8964 8694 8965
f 8965 8694 8966
f 8966 8694 8967
f 8967 8694 8695
f 8967 8695 8968
f 8968 8695 8696
f 8968 8696 8969
f 8969 8696 8970
f 8970 8696 8972
f 8972 8696 8697
f 8972 8697 8973
f 8685 8686 8951
f 8951 8686 8952
f 8952 8686 8951
f 8951 8686 8687
f 8951 8687 8953
f 8953 8687 8954
f 8954 8687 8688
f 8954 8688 8955
f 8955 8688 8689
f 8955 8689 8956
f 8956 8689 8957
f 8957 8689 8690
f 8957 8690 8958
f 8958 8690 8959
f 8959 8690 8960
f 8960 8690 8691
f 8698 8975 8438
f 8438 8975 8436
f 8436 8975 8976
f 8436 8976 8977
f 8436 8977 8439
f 8439 8977 8978
f 8439 8978 8979
f 8439 8979 8440
f 8440 8979 8980
f 8440 8980 8981
f 8440 8981 8982
f 8982 8983 8440
f 8440 8983 8441
f 8441 8983 8984
f 8441 8984 8985
f 8698 8699 8975
f 8975 8699 8974
f 8974 8699 8975
f 8975 8699 8700
f 8975 8700 8976
f 8976 8700 8701
f 8976 8701 8977
f 8977 8701 8978
f 8978 8701 8702
f 8978 8702 8979
f 8979 8702 8703
f 8979 8703 8980
f 8980 8703 8981
f 8981 8703 8704
f 8981 8704 8982
f 8982 8704 8705
f 8982 8705 8983
f 8983 8705 8984
f 8984 8705 341
f 8984 341 8985
f 8985 341 340
f 8985 340 8986
f 8986 340 8987
f 8987 340 339
f 8987 339 8988
f 8988 339 8989
f 8989 339 8990
f 8990 339 338
f 8990 338 8991
f 8991 338 8992
f 8992 338 337
f 8992 337 8993
f 8993 337 336
f 8993 336 8994
f 8994 336 8995
f 8995 336 8996
f 8996 336 41
f 8985 8986 8441
f 8441 8986 8442
f 8442 8986 8987
f 8987 8988 8442
f 8442 8988 8443
f 8443 8988 8989
f 8989 8990 8443
f 8443 8990 8991
f 8443 8991 8444
f 8991 8992 8444
f 8992 8993 8444
f 8444 8993 8994
f 8444 8994 8995
f 8444 8995 8996
f 8996 41 8444
f 8444 41 42
f 8997 300 8492
f 8492 300 301
f 8999 8998 8487
f 8999 9000 8998
f 8487 8998 9001
f 8487 9001 9002
f 8487 9002 8488
f 8488 9002 9003
f 8488 9003 9004
f 9004 9005 8488
f 8488 9005 9006
f 8488 9006 8489
f 9006 9007 8489
f 8489 9007 9008
f 8489 9008 9009
f 8489 9009 8490
f 8490 9009 9010
f 8490 9010 9011
f 8490 9011 8491
f 8491 9011 9012
f 8491 9012 9013
f 9013 9014 8491
f 8491 9014 8492
f 9014 9015 8492
f 8492 9015 9016
f 8492 9016 9017
f 8492 9017 9018
f 8492 9018 8997
f 8997 9018 9019
f 282 8999 281
f 281 8999 8487
f 282 283 8999
f 8999 283 9000
f 9000 283 285
f 9000 285 8998
f 8998 285 9001
f 9001 285 286
f 9001 286 9002
f 9002 286 287
f 9002 287 9003
f 9003 287 9004
f 9004 287 288
f 9004 288 9005
f 9005 288 290
f 9005 290 9006
f 9006 290 9007
f 9007 290 9008
f 9008 290 291
f 9008 291 9009
f 9009 291 293
f 9009 293 9010
f 9010 293 9011
f 9011 293 294
f 9011 294 9012
f 9012 294 9013
f 9013 294 295
f 9013 295 9014
f 9014 295 297
f 9014 297 9015
f 9015 297 9016
f 9016 297 298
f 9016 298 9017
f 9017 298 9018
f 9018 298 299
f 9018 299 9019
f 9019 299 8997
f 8997 299 300
f 9020 270 8486
f 8486 270 271
f 9021 9024 8481
f 9022 9023 9021
f 9023 9024 9021
f 8481 9024 9025
f 8481 9025 9026
f 8481 9026 9027
f 8481 9027 9028
f 8481 9028 9029
f 8481 9029 8482
f 8482 9029 9030
f 8482 9030 9031
f 9031 9032 8482
f 8482 9032 8483
f 8483 9032 9033
f 8483 9033 9034
f 8483 9034 8484
f 8484 9034 9035
f 9035 9036 8484
f 8484 9036 9037
f 8484 9037 9038
f 8484 9038 8485
f 8485 9038 9039
f 8485 9039 9040
f 9040 9041 8485
f 8485 9041 8486
f 8486 9041 9042
f 8486 9042 9043
f 8486 9043 9044
f 8486 9044 9045
f 8486 9045 9020
f 9020 9045 9046
f 252 9021 251
f 251 9021 8481
f 9021 252 9022
f 9022 252 253
f 9022 253 9023
f 9023 253 254
f 9023 254 9024
f 9024 254 9025
f 9025 254 256
f 9025 256 9026
f 9026 256 9027
f 9027 256 257
f 9027 257 9028
f 9028 257 9029
f 9029 257 258
f 9029 258 9030
f 9030 258 9031
f 9031 258 259
f 9031 259 9032
f 9032 259 9033
f 9033 259 260
f 9033 260 9034
f 9034 260 9035
f 9035 260 262
f 9035 262 9036
f 9036 262 9037
f 9037 262 264
f 9037 264 9038
f 9038 264 9039
f 9039 264 265
f 9039 265 9040
f 9040 265 266
f 9040 266 9041
f 9041 266 9042
f 9042 266 268
f 9042 268 9043
f 9043 268 9044
f 9044 268 269
f 9044 269 9045
f 9045 269 9046
f 9046 269 270
f 9046 270 9020
f 9047 240 8480
f 8480 240 241
f 9048 9049 8475
f 9048 9050 9049
f 9049 9051 8475
f 8475 9051 9052
f 8475 9052 8476
f 9052 9053 8476
f 8476 9053 9054
f 8476 9054 9055
f 8476 9055 9056
f 8476 9056 8477
f 8477 9056 9057
f 8477 9057 9058
f 8477 9058 9059
f 8477 9059 8478
f 9059 9060 8478
f 8478 9060 9061
f 8478 9061 8479
f 9061 9062 8479
f 8479 9062 9063
f 9063 9064 8479
f 8479 9064 9065
f 8479 9065 9066
f 8479 9066 8480
f 9066 9067 8480
f 8480 9067 9068
f 8480 9068 9069
f 9069 9070 8480
f 8480 9070 9071
f 8480 9071 9047
f 9047 9071 9072
f 222 9048 220
f 220 9048 8475
f 9048 222 9050
f 9050 222 223
f 9050 223 224
f 9050 224 9049
f 9049 224 9051
f 9051 224 225
f 9051 225 9052
f 9052 225 226
f 9052 226 9053
f 9053 226 9054
f 9054 226 227
f 9054 227 9055
f 9055 227 9056
f 9056 227 228
f 9056 228 9057
f 9057 228 9058
f 9058 228 230
f 9058 230 9059
f 9059 230 9060
f 9060 230 232
f 9060 232 9061
f 9061 232 9062
f 9062 232 233
f 9062 233 9063
f 9063 233 9064
f 9064 233 9065
f 9065 233 235
f 9065 235 9066
f 9066 235 9067
f 9067 235 236
f 9067 236 9068
f 9068 236 9069
f 9069 236 237
f 9069 237 9070
f 9070 237 9071
f 9071 237 9072
f 9072 237 239
f 9072 239 9047
f 9047 239 240
f 9073 181 8474
f 8474 181 182
f 9074 9075 8469
f 9074 9076 9075
f 8469 9075 9077
f 9077 9078 8469
f 9078 9079 8469
f 8469 9079 9080
f 8469 9080 8470
f 8470 9080 9081
f 9081 9082 8470
f 8470 9082 9083
f 8470 9083 9084
f 8470 9084 8471
f 9084 9085 8471
f 8471 9085 9086
f 8471 9086 9087
f 8471 9087 8472
f 8472 9087 9088
f 8472 9088 9089
f 9089 9090 8472
f 8472 9090 8473
f 8473 9090 9091
f 8473 9091 9092
f 9092 9093 8473
f 8473 9093 8474
f 8474 9093 9094
f 8474 9094 9095
f 8474 9095 9096
f 8474 9096 9097
f 8474 9097 9099
f 8474 9099 9073
f 9097 9098 9099
f 160 9074 159
f 159 9074 8469
f 160 161 9074
f 9074 161 9076
f 9076 161 162
f 9076 162 9075
f 9075 162 163
f 9075 163 9077
f 9077 163 165
f 9077 165 9078
f 9078 165 9079
f 9079 165 166
f 9079 166 9080
f 9080 166 9081
f 9081 166 167
f 9081 167 9082
f 9082 167 169
f 9082 169 9083
f 9083 169 9084
f 9084 169 9085
f 9085 169 170
f 9085 170 9086
f 9086 170 9087
f 9087 170 172
f 9087 172 9088
f 9088 172 9089
f 9089 172 173
f 9089 173 9090
f 9090 173 175
f 9090 175 9091
f 9091 175 9092
f 9092 175 176
f 9092 176 9093
f 9093 176 9094
f 9094 176 177
f 9094 177 9095
f 9095 177 179
f 9095 179 9096
f 9096 179 9097
f 9097 179 180
f 9097 180 9098
f 9098 180 9099
f 9099 180 181
f 9099 181 9073
f 9100 148 8468
f 8468 148 149
f 9101 9103 8463
f 9101 9102 9103
f 8463 9103 9104
f 8463 9104 9105
f 8463 9105 9106
f 8463 9106 8464
f 8464 9106 9107
f 8464 9107 9108
f 9108 9109 8464
f 8464 9109 8465
f 8465 9109 9110
f 8465 9110 9111
f 8465 9111 9112
f 8465 9112 8466
f 9112 9113 8466
f 8466 9113 9114
f 8466 9114 9115
f 8466 9115 8467
f 8467 9115 9116
f 9116 9117 8467
f 9117 9118 8467
f 8467 9118 8468
f 8468 9118 9119
f 9119 9120 8468
f 8468 9120 9121
f 8468 9121 9123
f 8468 9123 9100
f 9100 9123 9122
f 129 9101 128
f 128 9101 8463
f 129 130 9101
f 9101 130 9102
f 9102 130 131
f 9102 131 9103
f 9103 131 9104
f 9104 131 132
f 9104 132 9105
f 9105 132 133
f 9105 133 9106
f 9106 133 9107
f 9107 133 135
f 9107 135 9108
f 9108 135 9109
f 9109 135 136
f 9109 136 9110
f 9110 136 9111
f 9111 136 138
f 9111 138 9112
f 9112 138 140
f 9112 140 9113
f 9113 140 9114
f 9114 140 9115
f 9115 140 142
f 9115 142 9116
f 9116 142 9117
f 9117 142 143
f 9117 143 9118
f 9118 143 144
f 9118 144 9119
f 9119 144 145
f 9119 145 9120
f 9120 145 9121
f 9121 145 147
f 9121 147 9123
f 9123 147 9122
f 9122 147 9100
f 9100 147 148
f 9124 117 8462
f 8462 117 121
f 9125 9126 8457
f 9125 9127 9126
f 8457 9126 9128
f 9128 9129 8457
f 8457 9129 9130
f 8457 9130 8458
f 8458 9130 9131
f 8458 9131 9132
f 8458 9132 9133
f 9133 9134 8458
f 8458 9134 8459
f 8459 9134 9135
f 9135 9136 8459
f 8459 9136 9137
f 8459 9137 8460
f 9137 9138 8460
f 8460 9138 9139
f 8460 9139 8461
f 9139 9140 8461
f 8461 9140 9141
f 8461 9141 9142
f 9142 9143 8461
f 8461 9143 9144
f 8461 9144 8462
f 8462 9144 9145
f 8462 9145 9146
f 8462 9146 9147
f 8462 9147 9148
f 8462 9148 9124
f 9124 9148 9149
f 109 9125 110
f 110 9125 8457
f 109 335 9125
f 9125 335 9127
f 9127 335 9126
f 9126 335 334
f 9126 334 9128
f 9128 334 333
f 9128 333 9129
f 9129 333 9130
f 9130 333 332
f 9130 332 9131
f 9131 332 9132
f 9132 332 331
f 9132 331 9133
f 9133 331 9134
f 9134 331 113
f 9134 113 9135
f 9135 113 9136
f 9136 113 330
f 9136 330 9137
f 9137 330 9138
f 9138 330 329
f 9138 329 9139
f 9139 329 9140
f 9140 329 9141
f 9141 329 328
f 9141 328 9142
f 9142 328 327
f 9142 327 9143
f 9143 327 9144
f 9144 327 326
f 9144 326 9145
f 9145 326 325
f 9145 325 9146
f 9146 325 9147
f 9147 325 324
f 9147 324 9148
f 9148 324 9149
f 9149 324 9124
f 9124 324 117
f 9150 98 8456
f 8456 98 99
f 8451 9151 9152
f 8451 9152 9154
f 9154 9155 8451
f 8451 9155 8452
f 8452 9155 9156
f 9156 9157 8452
f 9157 9158 8452
f 8452 9158 9159
f 9159 9160 8452
f 8452 9160 8453
f 8453 9160 9161
f 9161 9162 8453
f 8453 9162 9163
f 8453 9163 8454
f 9163 9164 8454
f 8454 9164 9165
f 8454 9165 9166
f 8454 9166 8455
f 8455 9166 9167
f 9167 9168 8455
f 8455 9168 9169
f 8455 9169 8456
f 8456 9169 9170
f 9170 9171 8456
f 9171 9172 8456
f 9172 9173 8456
f 8456 9173 9150
f 9150 9173 9174
f 81 9151 80
f 80 9151 8451
f 81 82 9151
f 9151 82 9153
f 9153 82 84
f 9153 84 9151
f 9151 84 9152
f 9152 84 9154
f 9154 84 85
f 9154 85 9155
f 9155 85 9156
f 9156 85 86
f 9156 86 9157
f 9157 86 88
f 9157 88 9158
f 9158 88 9159
f 9159 88 9160
f 9160 88 89
f 9160 89 9161
f 9161 89 9162
f 9162 89 91
f 9162 91 9163
f 9163 91 9164
f 9164 91 92
f 9164 92 9165
f 9165 92 94
f 9165 94 9166
f 9166 94 9167
f 9167 94 9168
f 9168 94 96
f 9168 96 9169
f 9169 96 9170
f 9170 96 97
f 9170 97 9171
f 9171 97 9172
f 9172 97 98
f 9172 98 9173
f 9173 98 9174
f 9174 98 9150
f 9175 69 8450
f 8450 69 70
f 9176 9178 8445
f 9176 9177 9178
f 8445 9178 9179
f 9179 9180 8445
f 9180 9181 8445
f 8445 9181 8446
f 9181 9182 8446
f 8446 9182 9183
f 9183 9184 8446
f 8446 9184 8447
f 8447 9184 9185
f 8447 9185 9186
f 8447 9186 9187
f 8447 9187 8448
f 8448 9187 9188
f 9188 9189 8448
f 8448 9189 8449
f 8449 9189 9190
f 8449 9190 9191
f 8449 9191 9192
f 9192 9193 8449
f 9193 9194 8449
f 8449 9194 8450
f 8450 9194 9195
f 8450 9195 9196
f 8450 9196 9197
f 8450 9197 9198
f 8450 9198 9199
f 8450 9199 9175
f 9175 9199 9200
f 50 9176 49
f 49 9176 8445
f 50 51 9176
f 9176 51 9177
f 9177 51 52
f 9177 52 53
f 9177 53 9178
f 9178 53 54
f 9178 54 9179
f 9179 54 9180
f 9180 54 56
f 9180 56 9181
f 9181 56 9182
f 9182 56 57
f 9182 57 9183
f 9183 57 9184
f 9184 57 58
f 9184 58 9185
f 9185 58 9186
f 9186 58 60
f 9186 60 9187
f 9187 60 9188
f 9188 60 61
f 9188 61 9189
f 9189 61 9190
f 9190 61 63
f 9190 63 9191
f 9191 63 9192
f 9192 63 9193
f 9193 63 64
f 9193 64 9194
f 9194 64 65
f 9194 65 9195
f 9195 65 9196
f 9196 65 66
f 9196 66 9197
f 9197 66 9198
f 9198 66 68
f 9198 68 9199
f 9199 68 9200
f 9200 68 9175
f 9175 68 69
f 8153 8154 8239
f 8239 8154 9201
f 9201 8154 8155
f 9201 8155 9202
f 9202 8155 8156
f 9202 8156 9203
f 9203 8156 8157
f 9203 8157 9204
f 9204 8157 8158
f 9204 8158 9205
f 9205 8158 8159
f 9205 8159 9206
f 9206 8159 8160
f 9206 8160 9207
f 9207 8160 8161
f 9207 8161 9208
f 9208 8161 8162
f 9208 8162 8163
f 9208 8163 9209
f 9209 8163 9210
f 9210 8163 8164
f 9210 8164 9211
f 9211 8164 8165
f 9211 8165 9212
f 9212 8165 8166
f 9212 8166 9213
f 9213 8166 8167
f 9213 8167 9214
f 9214 8167 8168
f 9214 8168 9215
f 9215 8168 8169
f 9215 8169 9216
f 9216 8169 8170
f 9216 8170 9217
f 9217 8170 8171
f 9217 8171 9218
f 9218 8171 9219
f 9219 8171 8172
f 9219 8172 8063
f 8063 8172 8064
f 8063 8066 9219
f 9219 8066 8068
f 9219 8068 9218
f 9218 8068 8070
f 9218 8070 8072
f 9218 8072 9217
f 9217 8072 8073
f 9217 8073 9216
f 9216 8073 8076
f 9216 8076 9215
f 9215 8076 8078
f 9215 8078 9214
f 9214 8078 9213
f 9213 8078 8081
f 9213 8081 8083
f 9213 8083 9212
f 9212 8083 8085
f 9212 8085 9211
f 9211 8085 8087
f 9211 8087 9210
f 9210 8087 8089
f 9210 8089 9209
f 9209 8089 8090
f 9209 8090 8093
f 9209 8093 9208
f 9208 8093 8094
f 9208 8094 9207
f 9207 8094 8097
f 9207 8097 9206
f 9206 8097 8099
f 9206 8099 9205
f 9205 8099 8101
f 9205 8101 9204
f 9204 8101 8103
f 9204 8103 9203
f 9203 8103 9202
f 9202 8103 8106
f 9202 8106 9201
f 9201 8106 8107
f 9201 8107 8110
f 8110 8239 9201
f 1984 7783 1982
f 1982 7783 8060
f 1982 8060 1979
f 1979 8060 8058
f 1979 8058 8056
f 1979 8056 1977
f 1977 8056 8054
f 1977 8054 1975
f 1975 8054 8052
f 1975 8052 1973
f 1973 8052 8050
f 1973 8050 8048
f 1973 8048 1970
f 1970 8048 8046
f 1970 8046 1967
f 1967 8046 8044
f 1967 8044 8042
f 1967 8042 1964
f 1964 8042 8040
f 1964 8040 1962
f 1962 8040 8038
f 1962 8038 8036
f 1962 8036 1959
f 1959 8036 8034
f 1959 8034 1957
f 1957 8034 8032
f 1957 8032 8030
f 1957 8030 1954
f 1954 8030 8028
f 1954 8028 1952
f 1952 8028 8026
f 1952 8026 1950
f 1950 8026 8024
f 1950 8024 1948
f 1948 8024 8022
f 1948 8022 8020
f 1948 8020 1947
f 1947 8020 8018
f 1947 8018 2404
f 2404 8018 8016
f 2404 8016 8014
f 2404 8014 2405
f 2405 8014 8012
f 2405 8012 2406
f 2406 8012 8010
f 2406 8010 8008
f 2406 8008 2407
f 2407 8008 8006
f 2407 8006 2408
f 2408 8006 8004
f 2408 8004 8002
f 2408 8002 2409
f 2409 8002 8000
f 2409 8000 2410
f 2410 8000 7998
f 2410 7998 1944
f 1944 7998 7996
f 1944 7996 7994
f 1944 7994 1945
f 1945 7994 7992
f 1945 7992 2411
f 2411 7992 7990
f 2411 7990 7988
f 2411 7988 2412
f 2412 7988 7986
f 2412 7986 2413
f 2413 7986 7984
f 2413 7984 2414
f 2414 7984 7982
f 2414 7982 2415
f 2415 7982 7980
f 2415 7980 2416
f 2416 7980 7978
f 2416 7978 2417
f 2417 7978 7976
f 2417 7976 1941
f 1941 7976 7974
f 1941 7974 1942
f 1942 7974 7972
f 1942 7972 2418
f 2418 7972 7970
f 2418 7970 2419
f 2419 7970 7968
f 2419 7968 2112
f 2112 7968 7966
f 2112 7966 2113
f 2113 7966 7964
f 2113 7964 2420
f 2420 7964 7962
f 2420 7962 2109
f 2109 7962 7960
f 2109 7960 2110
f 2110 7960 7958
f 2110 7958 2355
f 2355 7958 7956
f 2355 7956 2354
f 2354 7956 7954
f 2354 7954 2353
f 2353 7954 7952
f 2353 7952 2352
f 2352 7952 7950
f 2352 7950 2351
f 2351 7950 7948
f 2351 7948 2350
f 2350 7948 7946
f 2350 7946 7944
f 2350 7944 2349
f 2349 7944 7942
f 2349 7942 2348
f 2348 7942 7940
f 2348 7940 2347
f 2347 7940 7938
f 2347 7938 7936
f 2347 7936 2346
f 2346 7936 7934
f 2346 7934 2345
f 2345 7934 7932
f 2345 7932 7930
f 2345 7930 2344
f 2344 7930 7928
f 2344 7928 2343
f 2343 7928 7926
f 2343 7926 7924
f 2343 7924 2342
f 2342 7924 7922
f 2342 7922 2341
f 2341 7922 7920
f 2341 7920 7918
f 2341 7918 2340
f 2340 7918 7916
f 2340 7916 2338
f 2338 7916 7914
f 2338 7914 2336
f 2336 7914 7912
f 2336 7912 2334
f 2334 7912 7910
f 2334 7910 7908
f 2334 7908 2331
f 2331 7908 7906
f 2331 7906 2329
f 2329 7906 7904
f 2329 7904 2327
f 2327 7904 7902
f 2327 7902 7900
f 2327 7900 2324
f 2324 7900 7898
f 2324 7898 2322
f 2322 7898 7896
f 2322 7896 2319
f 2319 7896 7894
f 2319 7894 7892
f 2319 7892 2316
f 2316 7892 7890
f 2316 7890 2314
f 2314 7890 7888
f 2314 7888 7886
f 2314 7886 2311
f 2311 7886 7884
f 2311 7884 2308
f 2308 7884 7882
f 2308 7882 2306
f 2306 7882 7881
f 2306 7881 7879
f 2306 7879 2303
f 2303 7879 7690
f 2303 7690 2300
f 5 192 194
f 5 194 8
f 8 194 195
f 8 195 5
f 5 195 7
f 7 195 196
f 7 196 9
f 9 196 11
f 11 196 197
f 11 197 12
f 12 197 13
f 13 197 199
f 13 199 14
f 14 199 15
f 15 199 200
f 15 200 16
f 16 200 18
f 18 200 202
f 18 202 19
f 19 202 20
f 20 202 203
f 20 203 22
f 22 203 23
f 23 203 205
f 23 205 25
f 25 205 26
f 26 205 27
f 27 205 206
f 27 206 28
f 28 206 208
f 28 208 29
f 29 208 30
f 30 208 209
f 30 209 31
f 31 209 210
f 31 210 32
f 32 210 33
f 33 210 1
f 1 210 2
