# USD → MuJoCo (world-space)
v 0.008471 0.047853 0.271461
v 0.008443 0.048291 0.270166
v 0.011249 0.048569 0.270166
v 0.011307 0.048134 0.271461
v 0.011297 0.048208 0.272848
v 0.008466 0.047928 0.272848
v 0.011364 0.047698 0.273506
v 0.008499 0.047414 0.273506
v 0.008469 0.047871 0.273044
v 0.011304 0.048152 0.273044
v 0.012476 0.039252 0.283106
v 0.013494 0.031517 0.295648
v 0.009562 0.031134 0.295648
v 0.009053 0.038918 0.283106
v 0.009918 0.025674 0.312743
v 0.014209 0.026093 0.312743
v 0.014665 0.022628 0.332978
v 0.010146 0.022187 0.332978
v 0.010297 0.019889 0.357998
v 0.014966 0.020345 0.357998
v 0.015477 0.017335 0.372870
v 0.010383 0.016832 0.372870
v 0.010261 0.018710 0.366524
v 0.015229 0.019201 0.366524
v 0.010304 0.019786 0.359968
v 0.014979 0.020242 0.359968
v 0.010392 0.055080 0.269962
v 0.011169 0.049183 0.269962
v 0.008402 0.048909 0.269962
v 0.008014 0.054844 0.269962
v 0.005623 0.048196 0.270166
v 0.005623 0.047757 0.271461
v 0.005622 0.047832 0.272848
v 0.005871 0.040114 0.284204
v 0.005885 0.047392 0.273564
v 0.005870 0.032370 0.296458
v 0.005870 0.026903 0.313217
v 0.005869 0.023431 0.333228
v 0.005870 0.021136 0.357998
v 0.005625 0.016677 0.372870
v 0.010492 0.015145 0.374013
v 0.005625 0.014987 0.374013
v 0.005870 0.021034 0.359968
v 0.005623 0.054763 0.269962
v 0.005622 0.048816 0.269962
v 0.014060 0.049035 0.270166
v 0.014145 0.048605 0.271461
v 0.014130 0.048678 0.272848
v 0.013959 0.048194 0.273564
v 0.015387 0.041051 0.284204
v 0.016896 0.033455 0.296458
v 0.017962 0.028092 0.313217
v 0.018640 0.024687 0.333228
v 0.019087 0.022436 0.357998
v 0.019756 0.020402 0.360711
v 0.015172 0.019639 0.360711
v 0.015168 0.019670 0.360126
v 0.019750 0.020433 0.360126
v 0.019107 0.022336 0.359968
v 0.012779 0.055476 0.269962
v 0.013939 0.049643 0.269962
v 0.005622 0.047787 0.273052
v 0.005359 0.047391 0.273564
v 0.005367 0.040107 0.284204
v 0.005365 0.032363 0.296458
v 0.005364 0.026894 0.313217
v 0.005364 0.023422 0.333228
v 0.005364 0.021128 0.357998
v 0.005363 0.021025 0.359968
v -0.000090 0.048127 0.271461
v -0.000032 0.048562 0.270166
v 0.002775 0.048287 0.270166
v 0.002746 0.047849 0.271461
v 0.002751 0.047924 0.272848
v -0.000080 0.048201 0.272848
v 0.002718 0.047410 0.273506
v -0.000148 0.047691 0.273506
v -0.000087 0.048145 0.273044
v 0.002747 0.047868 0.273044
v 0.002160 0.038910 0.283106
v 0.001651 0.031125 0.295648
v -0.002281 0.031516 0.295648
v -0.001261 0.039250 0.283106
v -0.002997 0.026092 0.312743
v 0.001293 0.025665 0.312743
v 0.001065 0.022178 0.332978
v -0.003453 0.022628 0.332978
v -0.003754 0.020345 0.357998
v 0.000914 0.019880 0.357998
v 0.000828 0.016829 0.372870
v -0.004266 0.017329 0.372870
v -0.004019 0.019195 0.366524
v 0.000949 0.018707 0.366524
v -0.003768 0.020242 0.359968
v 0.000907 0.019777 0.359968
v 0.003205 0.054840 0.269962
v 0.002816 0.048906 0.269962
v 0.000049 0.049177 0.269962
v 0.000827 0.055073 0.269962
v -0.002816 0.049020 0.270166
v -0.002902 0.048589 0.271461
v -0.002887 0.048662 0.272848
v -0.004150 0.041044 0.284204
v -0.002716 0.048179 0.273564
v -0.005661 0.033449 0.296458
v -0.006728 0.028087 0.313217
v -0.007406 0.024682 0.333228
v -0.007853 0.022431 0.357998
v -0.008963 0.018106 0.372870
v -0.004488 0.015653 0.374013
v -0.009292 0.016448 0.374013
v -0.007873 0.022331 0.359968
v -0.001535 0.055460 0.269962
v -0.002695 0.049627 0.269962
v 0.005624 0.019002 0.360711
v 0.000978 0.019148 0.360711
v 0.000981 0.019179 0.360126
v 0.005624 0.019033 0.360126
v -0.002896 0.048619 0.273053
v -0.003231 0.048281 0.273564
v -0.004645 0.041136 0.284204
v -0.006158 0.033540 0.296458
v -0.007225 0.028177 0.313217
v -0.007902 0.024772 0.333228
v -0.008351 0.022521 0.357998
v -0.008371 0.022421 0.359968
v 0.016920 0.049254 0.271461
v 0.016807 0.049678 0.270166
v 0.019506 0.050499 0.270166
v 0.019646 0.050083 0.271461
v 0.019623 0.050154 0.272848
v 0.016901 0.049326 0.272848
v 0.019788 0.049666 0.273506
v 0.017034 0.048829 0.273506
v 0.016915 0.049272 0.273044
v 0.019641 0.050100 0.273044
v 0.022527 0.041599 0.283106
v 0.025034 0.034212 0.295648
v 0.021252 0.033069 0.295648
v 0.019235 0.040604 0.283106
v 0.022667 0.027784 0.312743
v 0.026793 0.029031 0.312743
v 0.027917 0.025722 0.332978
v 0.023571 0.024409 0.332978
v 0.024167 0.022184 0.357998
v 0.028657 0.023542 0.357998
v 0.029745 0.020689 0.372870
v 0.024848 0.019202 0.372870
v 0.024362 0.021020 0.366524
v 0.029138 0.022471 0.366524
v 0.024194 0.022084 0.359968
v 0.028690 0.023444 0.359968
v 0.017395 0.056717 0.269962
v 0.019306 0.051085 0.269962
v 0.016647 0.050277 0.269962
v 0.015109 0.056022 0.269962
v 0.015880 0.041157 0.284204
v 0.014474 0.048297 0.273564
v 0.017390 0.033562 0.296458
v 0.018456 0.028199 0.313217
v 0.019132 0.024794 0.333228
v 0.019581 0.022544 0.357998
v 0.020211 0.018122 0.372870
v 0.025284 0.017569 0.374013
v 0.020541 0.016465 0.374013
v 0.019601 0.022443 0.359968
v 0.022171 0.051504 0.270166
v 0.022339 0.051099 0.271461
v 0.022311 0.051168 0.272848
v 0.022236 0.050659 0.273564
v 0.025030 0.043933 0.284204
v 0.027992 0.036777 0.296458
v 0.030084 0.031725 0.313217
v 0.031413 0.028517 0.333228
v 0.032291 0.026397 0.357998
v 0.033344 0.024532 0.360711
v 0.028997 0.022890 0.360711
v 0.028987 0.022920 0.360126
v 0.033332 0.024561 0.360126
v 0.032330 0.026302 0.359968
v 0.019658 0.057571 0.269962
v 0.021934 0.052077 0.269962
v 0.014139 0.048634 0.273052
v 0.024934 0.052277 0.271461
v 0.024740 0.052671 0.270166
v 0.027227 0.054002 0.270166
v 0.027446 0.053622 0.271461
v 0.027409 0.053686 0.272848
v 0.024901 0.052344 0.272848
v 0.027666 0.053240 0.273506
v 0.025128 0.051882 0.273506
v 0.024925 0.052293 0.273044
v 0.027437 0.053637 0.273044
v 0.031925 0.045863 0.283106
v 0.035826 0.039107 0.295648
v 0.032340 0.037248 0.295648
v 0.028891 0.044245 0.283106
v 0.034759 0.032341 0.312743
v 0.038562 0.034369 0.312743
v 0.040310 0.031342 0.332978
v 0.036304 0.029206 0.332978
v 0.037322 0.027141 0.357998
v 0.041461 0.029348 0.357998
v 0.043085 0.026763 0.372870
v 0.038572 0.024349 0.372870
v 0.037809 0.025935 0.366524
v 0.042142 0.028392 0.366524
v 0.037368 0.027048 0.359968
v 0.041513 0.029259 0.359968
v 0.023943 0.059689 0.269962
v 0.026917 0.054538 0.269962
v 0.024466 0.053226 0.269962
v 0.021837 0.058561 0.269962
v 0.025493 0.044132 0.284204
v 0.022721 0.050861 0.273564
v 0.028456 0.036978 0.296458
v 0.030548 0.031926 0.313217
v 0.031876 0.028718 0.333228
v 0.032755 0.026599 0.357998
v 0.034234 0.022385 0.372870
v 0.039318 0.022832 0.374013
v 0.034882 0.020824 0.374013
v 0.032794 0.026504 0.359968
v 0.029645 0.055508 0.270166
v 0.029889 0.055143 0.271461
v 0.029847 0.055205 0.272848
v 0.029874 0.054692 0.273564
v 0.033926 0.048640 0.284204
v 0.038227 0.042200 0.296458
v 0.041265 0.037653 0.313217
v 0.043194 0.034766 0.333228
v 0.044468 0.032857 0.357998
v 0.045865 0.031234 0.360711
v 0.041922 0.028775 0.360711
v 0.041906 0.028802 0.360126
v 0.045848 0.031260 0.360126
v 0.044525 0.032772 0.359968
v 0.025997 0.060968 0.269962
v 0.029300 0.056023 0.269962
v 0.022327 0.051126 0.273052
v 0.032204 0.056805 0.271461
v 0.031937 0.057153 0.270166
v 0.034117 0.058944 0.270166
v 0.034405 0.058614 0.271461
v 0.034356 0.058670 0.272848
v 0.032158 0.056864 0.272848
v 0.034696 0.058283 0.273506
v 0.032471 0.056456 0.273506
v 0.032192 0.056819 0.273044
v 0.034394 0.058628 0.273044
v 0.040313 0.051878 0.283106
v 0.045457 0.046013 0.295648
v 0.042400 0.043509 0.295648
v 0.037652 0.049699 0.283106
v 0.045729 0.039168 0.312743
v 0.049064 0.041900 0.312743
v 0.051368 0.039273 0.332978
v 0.047856 0.036396 0.332978
v 0.049258 0.034569 0.357998
v 0.052887 0.037541 0.357998
v 0.054984 0.035322 0.372870
v 0.051029 0.032074 0.372870
v 0.049884 0.033568 0.366524
v 0.053741 0.036736 0.366524
v 0.049321 0.034487 0.359968
v 0.052955 0.037463 0.359968
v 0.029786 0.063881 0.269962
v 0.033708 0.059410 0.269962
v 0.031560 0.057645 0.269962
v 0.027941 0.062364 0.269962
v 0.034342 0.048926 0.284204
v 0.030310 0.054985 0.273564
v 0.038643 0.042487 0.296458
v 0.041680 0.037940 0.313217
v 0.043608 0.035053 0.333228
v 0.044884 0.033146 0.357998
v 0.047158 0.029302 0.372870
v 0.052056 0.030732 0.374013
v 0.048097 0.027897 0.374013
v 0.044941 0.033060 0.359968
v 0.036194 0.060893 0.270166
v 0.036505 0.060583 0.271461
v 0.036452 0.060635 0.272848
v 0.036577 0.060137 0.273564
v 0.041733 0.054992 0.284204
v 0.047208 0.049515 0.296458
v 0.051074 0.045648 0.313217
v 0.053530 0.043193 0.333228
v 0.055151 0.041569 0.357998
v 0.056838 0.040250 0.360711
v 0.053450 0.037069 0.360711
v 0.053430 0.037093 0.360126
v 0.056816 0.040272 0.360126
v 0.055224 0.041497 0.359968
v 0.031551 0.065536 0.269962
v 0.035756 0.061331 0.269962
v 0.029872 0.055168 0.273053
v 0.038450 0.062664 0.271461
v 0.038121 0.062954 0.270166
v 0.039909 0.065135 0.270166
v 0.040257 0.064868 0.271461
v 0.040198 0.064914 0.272848
v 0.038394 0.062713 0.272848
v 0.040606 0.064600 0.273506
v 0.038781 0.062374 0.273506
v 0.038437 0.062676 0.273044
v 0.040243 0.064879 0.273044
v 0.047365 0.059414 0.283106
v 0.053554 0.054665 0.295648
v 0.051045 0.051613 0.295648
v 0.045181 0.056758 0.283106
v 0.055157 0.048005 0.312743
v 0.057895 0.051335 0.312743
v 0.060667 0.049208 0.332978
v 0.057784 0.045701 0.332978
v 0.059515 0.044182 0.357998
v 0.062495 0.047806 0.357998
v 0.064985 0.046039 0.372870
v 0.061738 0.042081 0.372870
v 0.060324 0.043323 0.366524
v 0.063490 0.047183 0.366524
v 0.059593 0.044114 0.359968
v 0.062577 0.047743 0.359968
v 0.034699 0.069133 0.269962
v 0.039418 0.065513 0.269962
v 0.037655 0.063362 0.269962
v 0.033185 0.067285 0.269962
v 0.042084 0.055353 0.284204
v 0.036948 0.060510 0.273564
v 0.047560 0.049877 0.296458
v 0.051426 0.046011 0.313217
v 0.053880 0.043555 0.333228
v 0.055503 0.041934 0.357998
v 0.058482 0.038607 0.372870
v 0.063008 0.040965 0.374013
v 0.059678 0.037413 0.374013
v 0.055576 0.041861 0.359968
v 0.041567 0.067452 0.270166
v 0.041932 0.067208 0.271461
v 0.041869 0.067250 0.272848
v 0.042090 0.066786 0.273564
v 0.048151 0.062745 0.284204
v 0.054589 0.058441 0.296458
v 0.059135 0.055403 0.313217
v 0.062022 0.053474 0.333228
v 0.063930 0.052198 0.357998
v 0.065841 0.051233 0.360711
v 0.063139 0.047453 0.360711
v 0.063114 0.047472 0.360126
v 0.065816 0.051251 0.360126
v 0.064015 0.052141 0.359968
v 0.036107 0.071100 0.269962
v 0.041052 0.067796 0.269962
v 0.036483 0.060604 0.273053
v 0.043434 0.069630 0.271461
v 0.043055 0.069849 0.270166
v 0.044383 0.072338 0.270166
v 0.044776 0.072144 0.271461
v 0.044709 0.072177 0.272848
v 0.043370 0.069667 0.272848
v 0.045171 0.071949 0.273506
v 0.043815 0.069409 0.273506
v 0.043419 0.069638 0.273044
v 0.044760 0.072152 0.273044
v 0.052811 0.068181 0.283106
v 0.059809 0.064731 0.295648
v 0.057943 0.061248 0.295648
v 0.051188 0.065150 0.283106
v 0.062680 0.058512 0.312743
v 0.064716 0.062311 0.312743
v 0.067850 0.060766 0.332978
v 0.065706 0.056764 0.332978
v 0.067700 0.055612 0.357998
v 0.069915 0.059747 0.357998
v 0.072702 0.058500 0.372870
v 0.070290 0.053985 0.372870
v 0.068661 0.054927 0.366524
v 0.071013 0.059330 0.366524
v 0.067789 0.055561 0.359968
v 0.070008 0.059702 0.359968
v 0.038493 0.075242 0.269962
v 0.043827 0.072612 0.269962
v 0.042518 0.070159 0.269962
v 0.037369 0.073134 0.269962
v 0.048424 0.063168 0.284204
v 0.042382 0.067223 0.273564
v 0.054863 0.058866 0.296458
v 0.059409 0.055827 0.313217
v 0.062295 0.053898 0.333228
v 0.064204 0.052624 0.357998
v 0.067775 0.049943 0.372870
v 0.071753 0.053139 0.374013
v 0.069181 0.049005 0.374013
v 0.064289 0.052567 0.359968
v 0.045557 0.074934 0.270166
v 0.045962 0.074766 0.271461
v 0.045893 0.074794 0.272848
v 0.046200 0.074382 0.273564
v 0.052932 0.071601 0.284204
v 0.060086 0.068636 0.296458
v 0.065138 0.066543 0.313217
v 0.068346 0.065214 0.333228
v 0.070466 0.064336 0.357998
v 0.072529 0.063762 0.360711
v 0.070616 0.059527 0.360711
v 0.070588 0.059541 0.360126
v 0.072500 0.063774 0.360126
v 0.070561 0.064296 0.359968
v 0.039490 0.077446 0.269962
v 0.044984 0.075170 0.269962
v 0.041907 0.067225 0.273053
v 0.046964 0.077433 0.271461
v 0.046548 0.077575 0.270166
v 0.047365 0.080275 0.270166
v 0.047789 0.080161 0.271461
v 0.047717 0.080180 0.272848
v 0.046893 0.077457 0.272848
v 0.048215 0.080047 0.273506
v 0.047380 0.077292 0.273506
v 0.046946 0.077439 0.273044
v 0.047772 0.080166 0.273044
v 0.056443 0.077842 0.283106
v 0.063979 0.075823 0.295648
v 0.062828 0.072043 0.295648
v 0.055442 0.074553 0.283106
v 0.068008 0.070284 0.312743
v 0.069264 0.074407 0.312743
v 0.072639 0.073503 0.332978
v 0.071317 0.069160 0.332978
v 0.073498 0.068420 0.357998
v 0.074864 0.072907 0.357998
v 0.077840 0.072228 0.372870
v 0.076356 0.067329 0.372870
v 0.074574 0.067935 0.366524
v 0.076021 0.072712 0.366524
v 0.073595 0.068386 0.359968
v 0.074963 0.072880 0.359968
v 0.041023 0.081974 0.269962
v 0.046767 0.080435 0.269962
v 0.045962 0.077774 0.269962
v 0.040331 0.079687 0.269962
v 0.053118 0.072070 0.284204
v 0.046400 0.074868 0.273564
v 0.060272 0.069106 0.296458
v 0.065324 0.067013 0.313217
v 0.068531 0.065684 0.333228
v 0.070651 0.064806 0.357998
v 0.074677 0.062873 0.372870
v 0.077955 0.066784 0.374013
v 0.076239 0.062228 0.374013
v 0.070746 0.064767 0.359968
v 0.048010 0.083050 0.270166
v 0.048441 0.082964 0.271461
v 0.048367 0.082978 0.272848
v 0.048749 0.082634 0.273564
v 0.055894 0.081220 0.284204
v 0.063490 0.079708 0.296458
v 0.068853 0.078640 0.313217
v 0.072258 0.077963 0.333228
v 0.074508 0.077515 0.357998
v 0.076644 0.077355 0.360711
v 0.075594 0.072828 0.360711
v 0.075564 0.072836 0.360126
v 0.076613 0.077361 0.360126
v 0.074609 0.077494 0.359968
v 0.041570 0.084331 0.269962
v 0.047403 0.083170 0.269962
v 0.045934 0.074777 0.273053
v 0.048903 0.085776 0.271461
v 0.048467 0.085834 0.270166
v 0.048742 0.088641 0.270166
v 0.049180 0.088612 0.271461
v 0.049105 0.088617 0.272848
v 0.048828 0.085785 0.272848
v 0.049619 0.088583 0.273506
v 0.049339 0.085718 0.273506
v 0.048885 0.085778 0.273044
v 0.049162 0.088613 0.273044
v 0.058120 0.088026 0.283106
v 0.065905 0.087516 0.295648
v 0.065514 0.083584 0.295648
v 0.057780 0.084604 0.283106
v 0.070938 0.082869 0.312743
v 0.071364 0.087158 0.312743
v 0.074851 0.086930 0.332978
v 0.074402 0.082412 0.332978
v 0.076685 0.082112 0.357998
v 0.077149 0.086780 0.357998
v 0.080201 0.086694 0.372870
v 0.079701 0.081599 0.372870
v 0.077835 0.081847 0.366524
v 0.078323 0.086814 0.366524
v 0.076788 0.082098 0.359968
v 0.077253 0.086773 0.359968
v 0.042190 0.089070 0.269962
v 0.048124 0.088681 0.269962
v 0.047853 0.085915 0.269962
v 0.041957 0.086692 0.269962
v 0.055986 0.081716 0.284204
v 0.048850 0.083150 0.273564
v 0.063580 0.080205 0.296458
v 0.068943 0.079138 0.313217
v 0.072348 0.078459 0.333228
v 0.074598 0.078013 0.357998
v 0.078924 0.076902 0.372870
v 0.081376 0.081377 0.374013
v 0.080581 0.076573 0.374013
v 0.074699 0.077993 0.359968
v 0.048826 0.091483 0.270166
v 0.049265 0.091480 0.271461
v 0.049190 0.091491 0.272848
v 0.049659 0.091206 0.273564
v 0.056950 0.091210 0.284204
v 0.064689 0.091209 0.296458
v 0.070153 0.091208 0.313217
v 0.073623 0.091209 0.333228
v 0.075916 0.091208 0.357998
v 0.077966 0.091451 0.360711
v 0.077882 0.086844 0.360711
v 0.077851 0.086846 0.360126
v 0.077935 0.091447 0.360126
v 0.076019 0.091208 0.359968
v 0.042272 0.091578 0.269962
v 0.048208 0.091498 0.269962
v 0.048411 0.082970 0.273053
v -0.038013 0.088559 0.271461
v -0.037575 0.088587 0.270166
v -0.037297 0.085780 0.270166
v -0.037732 0.085723 0.271461
v -0.037657 0.085733 0.272848
v -0.037938 0.088564 0.272848
v -0.038168 0.085666 0.273506
v -0.038452 0.088531 0.273506
v -0.037995 0.088560 0.273044
v -0.037714 0.085726 0.273044
v -0.046614 0.084554 0.283106
v -0.054349 0.083535 0.295648
v -0.054732 0.087468 0.295648
v -0.046948 0.087976 0.283106
v -0.060191 0.087111 0.312743
v -0.059773 0.082821 0.312743
v -0.063237 0.082365 0.332978
v -0.063678 0.086883 0.332978
v -0.065976 0.086733 0.357998
v -0.065521 0.082064 0.357998
v -0.068531 0.081553 0.372870
v -0.069034 0.086647 0.372870
v -0.067156 0.086768 0.366524
v -0.066665 0.081801 0.366524
v -0.066079 0.086726 0.359968
v -0.065624 0.082050 0.359968
v -0.030786 0.086638 0.269962
v -0.036682 0.085861 0.269962
v -0.036957 0.088628 0.269962
v -0.031022 0.089015 0.269962
v -0.037488 0.091479 0.270166
v -0.037925 0.091472 0.271461
v -0.037851 0.091494 0.272849
v -0.045646 0.091187 0.284204
v -0.038347 0.091187 0.273564
v -0.053495 0.091160 0.296458
v -0.058963 0.091160 0.313217
v -0.062435 0.091161 0.333228
v -0.064729 0.091160 0.357998
v -0.069188 0.091405 0.372870
v -0.070721 0.086538 0.374013
v -0.070878 0.091404 0.374013
v -0.064832 0.091160 0.359968
v -0.030946 0.091668 0.269962
v -0.036871 0.091509 0.269962
v -0.036830 0.082970 0.270166
v -0.037261 0.082884 0.271461
v -0.037188 0.082899 0.272848
v -0.037672 0.083071 0.273564
v -0.044814 0.081643 0.284204
v -0.052410 0.080134 0.296458
v -0.057773 0.079067 0.313217
v -0.061178 0.078390 0.333228
v -0.063430 0.077943 0.357998
v -0.065464 0.077274 0.360711
v -0.066226 0.081858 0.360711
v -0.066196 0.081862 0.360126
v -0.065433 0.077280 0.360126
v -0.063530 0.077923 0.359968
v -0.030390 0.084251 0.269962
v -0.036223 0.083091 0.269962
v -0.036612 0.080110 0.271461
v -0.036187 0.080223 0.270166
v -0.035367 0.077524 0.270166
v -0.035783 0.077383 0.271461
v -0.035712 0.077407 0.272848
v -0.036539 0.080129 0.272848
v -0.036199 0.077242 0.273506
v -0.037037 0.079996 0.273506
v -0.036594 0.080115 0.273044
v -0.035765 0.077389 0.273044
v -0.044266 0.074503 0.283106
v -0.051654 0.071995 0.295648
v -0.052797 0.075778 0.295648
v -0.045261 0.077795 0.283106
v -0.058081 0.074363 0.312743
v -0.056834 0.070237 0.312743
v -0.060143 0.069113 0.332978
v -0.061457 0.073459 0.332978
v -0.063681 0.072863 0.357998
v -0.062324 0.068373 0.357998
v -0.065176 0.067284 0.372870
v -0.066664 0.072182 0.372870
v -0.064845 0.072668 0.366524
v -0.063395 0.067891 0.366524
v -0.063781 0.072836 0.359968
v -0.062422 0.068339 0.359968
v -0.029149 0.079635 0.269962
v -0.034780 0.077723 0.269962
v -0.035589 0.080383 0.269962
v -0.029844 0.081921 0.269962
v -0.044709 0.081150 0.284204
v -0.037568 0.082556 0.273564
v -0.052304 0.079640 0.296458
v -0.057667 0.078574 0.313217
v -0.061072 0.077897 0.333228
v -0.063322 0.077449 0.357998
v -0.067744 0.076819 0.372870
v -0.068297 0.071746 0.374013
v -0.069401 0.076489 0.374013
v -0.063423 0.077429 0.359968
v -0.034362 0.074859 0.270166
v -0.034767 0.074691 0.271461
v -0.034698 0.074720 0.272848
v -0.035206 0.074793 0.273564
v -0.041933 0.072000 0.284204
v -0.049089 0.069037 0.296458
v -0.054141 0.066945 0.313217
v -0.057348 0.065617 0.333228
v -0.059469 0.064739 0.357998
v -0.061333 0.063686 0.360711
v -0.062976 0.068033 0.360711
v -0.062946 0.068043 0.360126
v -0.061304 0.063698 0.360126
v -0.059564 0.064700 0.359968
v -0.028295 0.077372 0.269962
v -0.033789 0.075096 0.269962
v -0.037232 0.082890 0.273053
v -0.033589 0.072096 0.271461
v -0.033195 0.072290 0.270166
v -0.031864 0.069803 0.270166
v -0.032244 0.069584 0.271461
v -0.032179 0.069621 0.272848
v -0.033522 0.072129 0.272848
v -0.032625 0.069363 0.273506
v -0.033983 0.071902 0.273506
v -0.033572 0.072104 0.273044
v -0.032228 0.069593 0.273044
v -0.040003 0.065104 0.283106
v -0.046759 0.061203 0.295648
v -0.048618 0.064689 0.295648
v -0.041621 0.068138 0.283106
v -0.053525 0.062271 0.312743
v -0.051497 0.058467 0.312743
v -0.054523 0.056720 0.332978
v -0.056659 0.060726 0.332978
v -0.058725 0.059708 0.357998
v -0.056517 0.055568 0.357998
v -0.059103 0.053944 0.372870
v -0.061517 0.058458 0.372870
v -0.059829 0.059289 0.366524
v -0.057474 0.054887 0.366524
v -0.058818 0.059662 0.359968
v -0.056607 0.055517 0.359968
v -0.026177 0.073086 0.269962
v -0.031327 0.070113 0.269962
v -0.032639 0.072564 0.269962
v -0.027305 0.075193 0.269962
v -0.041733 0.071537 0.284204
v -0.035004 0.074308 0.273564
v -0.048888 0.068574 0.296458
v -0.053940 0.066482 0.313217
v -0.057148 0.065154 0.333228
v -0.059267 0.064275 0.357998
v -0.063481 0.062795 0.372870
v -0.063033 0.057712 0.374013
v -0.065041 0.062148 0.374013
v -0.059362 0.064236 0.359968
v -0.030358 0.067385 0.270166
v -0.030723 0.067141 0.271461
v -0.030660 0.067183 0.272848
v -0.031173 0.067156 0.273564
v -0.037226 0.063103 0.284204
v -0.043666 0.058802 0.296458
v -0.048213 0.055765 0.313217
v -0.051100 0.053836 0.333228
v -0.053008 0.052562 0.357998
v -0.054631 0.051165 0.360711
v -0.057091 0.055108 0.360711
v -0.057063 0.055123 0.360126
v -0.054606 0.051182 0.360126
v -0.053094 0.052505 0.359968
v -0.024898 0.071033 0.269962
v -0.029843 0.067729 0.269962
v -0.034739 0.074702 0.273053
v -0.029061 0.064826 0.271461
v -0.028713 0.065093 0.270166
v -0.026922 0.062913 0.270166
v -0.027251 0.062624 0.271461
v -0.027195 0.062674 0.272848
v -0.029001 0.064872 0.272848
v -0.027583 0.062334 0.273506
v -0.029410 0.064558 0.273506
v -0.029046 0.064837 0.273044
v -0.027238 0.062636 0.273044
v -0.033987 0.056717 0.283106
v -0.039853 0.051573 0.295648
v -0.042356 0.054630 0.295648
v -0.036166 0.059377 0.283106
v -0.046697 0.051300 0.312743
v -0.043966 0.047966 0.312743
v -0.046593 0.045661 0.332978
v -0.049470 0.049173 0.332978
v -0.051297 0.047772 0.357998
v -0.048324 0.044143 0.357998
v -0.050543 0.042045 0.372870
v -0.053792 0.046001 0.372870
v -0.052298 0.047146 0.366524
v -0.049130 0.043288 0.366524
v -0.051379 0.047709 0.359968
v -0.048402 0.044075 0.359968
v -0.021985 0.067243 0.269962
v -0.026456 0.063322 0.269962
v -0.028221 0.065470 0.269962
v -0.023502 0.069089 0.269962
v -0.036940 0.062688 0.284204
v -0.030881 0.066720 0.273564
v -0.043379 0.058387 0.296458
v -0.047925 0.055349 0.313217
v -0.050812 0.053421 0.333228
v -0.052720 0.052146 0.357998
v -0.056564 0.049872 0.372870
v -0.055134 0.044974 0.374013
v -0.057968 0.048933 0.374013
v -0.052805 0.052089 0.359968
v -0.024973 0.060836 0.270166
v -0.025283 0.060525 0.271461
v -0.025230 0.060578 0.272848
v -0.025728 0.060452 0.273564
v -0.030874 0.055297 0.284204
v -0.036351 0.049822 0.296458
v -0.040218 0.045956 0.313217
v -0.042673 0.043500 0.333228
v -0.044296 0.041878 0.357998
v -0.045615 0.040192 0.360711
v -0.048796 0.043579 0.360711
v -0.048773 0.043600 0.360126
v -0.045593 0.040214 0.360126
v -0.044369 0.041806 0.359968
v -0.020329 0.065479 0.269962
v -0.024535 0.061274 0.269962
v -0.030698 0.067158 0.273053
v -0.023202 0.058579 0.271461
v -0.022912 0.058909 0.270166
v -0.020730 0.057121 0.270166
v -0.020998 0.056772 0.271461
v -0.020952 0.056832 0.272848
v -0.023152 0.058635 0.272848
v -0.021266 0.056423 0.273506
v -0.023492 0.058248 0.273506
v -0.023190 0.058593 0.273044
v -0.020986 0.056787 0.273044
v -0.026451 0.049665 0.283106
v -0.031201 0.043475 0.295648
v -0.034252 0.045985 0.295648
v -0.029107 0.051849 0.283106
v -0.037860 0.041872 0.312743
v -0.034531 0.039135 0.312743
v -0.036658 0.036362 0.332978
v -0.040165 0.039246 0.332978
v -0.041683 0.037515 0.357998
v -0.038060 0.034535 0.357998
v -0.039827 0.032045 0.372870
v -0.043785 0.035291 0.372870
v -0.042543 0.036705 0.366524
v -0.038683 0.033540 0.366524
v -0.041752 0.037437 0.359968
v -0.038123 0.034453 0.359968
v -0.016733 0.062330 0.269962
v -0.020353 0.057612 0.269962
v -0.022503 0.059374 0.269962
v -0.018581 0.063845 0.269962
v -0.030512 0.054945 0.284204
v -0.025356 0.060081 0.273564
v -0.035988 0.049470 0.296458
v -0.039855 0.045604 0.313217
v -0.042310 0.043150 0.333228
v -0.043932 0.041527 0.357998
v -0.047259 0.038547 0.372870
v -0.044900 0.034022 0.374013
v -0.048453 0.037351 0.374013
v -0.044005 0.041454 0.359968
v -0.018413 0.055463 0.270166
v -0.018657 0.055098 0.271461
v -0.018616 0.055160 0.272848
v -0.019079 0.054939 0.273564
v -0.023121 0.048879 0.284204
v -0.027425 0.042441 0.296458
v -0.030463 0.037895 0.313217
v -0.032392 0.035008 0.333228
v -0.033667 0.033100 0.357998
v -0.034632 0.031188 0.360711
v -0.038413 0.033890 0.360711
v -0.038394 0.033915 0.360126
v -0.034615 0.031214 0.360126
v -0.033725 0.033015 0.359968
v -0.014765 0.060923 0.269962
v -0.018069 0.055978 0.269962
v -0.025262 0.060547 0.273053
v -0.016236 0.053595 0.271461
v -0.016016 0.053975 0.270166
v -0.013528 0.052647 0.270166
v -0.013722 0.052253 0.271461
v -0.013689 0.052320 0.272848
v -0.016199 0.053660 0.272848
v -0.013917 0.051859 0.273506
v -0.016456 0.053214 0.273506
v -0.016227 0.053611 0.273044
v -0.013714 0.052270 0.273044
v -0.017685 0.044218 0.283106
v -0.021135 0.037221 0.295648
v -0.024617 0.039087 0.295648
v -0.020715 0.045842 0.283106
v -0.027354 0.034350 0.312743
v -0.023555 0.032314 0.312743
v -0.025100 0.029180 0.332978
v -0.029102 0.031324 0.332978
v -0.030253 0.029330 0.357998
v -0.026118 0.027114 0.357998
v -0.027365 0.024328 0.372870
v -0.031881 0.026739 0.372870
v -0.030938 0.028369 0.366524
v -0.026535 0.026017 0.366524
v -0.030305 0.029240 0.359968
v -0.026164 0.027022 0.359968
v -0.010624 0.058537 0.269962
v -0.013254 0.053203 0.269962
v -0.015706 0.054512 0.269962
v -0.012732 0.059661 0.269962
v -0.022697 0.048605 0.284204
v -0.018642 0.054648 0.273564
v -0.027000 0.042167 0.296458
v -0.030038 0.037621 0.313217
v -0.031968 0.034735 0.333228
v -0.033241 0.032826 0.357998
v -0.035923 0.029255 0.372870
v -0.032727 0.025277 0.374013
v -0.036861 0.027849 0.374013
v -0.033299 0.032741 0.359968
v -0.010932 0.051473 0.270166
v -0.011100 0.051067 0.271461
v -0.011071 0.051137 0.272848
v -0.011483 0.050830 0.273564
v -0.014264 0.044098 0.284204
v -0.017229 0.036943 0.296458
v -0.019323 0.031891 0.313217
v -0.020651 0.028684 0.333228
v -0.021530 0.026564 0.357998
v -0.022104 0.024501 0.360711
v -0.026339 0.026413 0.360711
v -0.026325 0.026441 0.360126
v -0.022092 0.024530 0.360126
v -0.021569 0.026469 0.359968
v -0.008419 0.057540 0.269962
v -0.010695 0.052046 0.269962
v -0.018641 0.055123 0.273053
v -0.008432 0.050066 0.271461
v -0.008291 0.050482 0.270166
v -0.005591 0.049664 0.270166
v -0.005705 0.049240 0.271461
v -0.005686 0.049313 0.272848
v -0.008408 0.050137 0.272848
v -0.005819 0.048815 0.273506
v -0.008574 0.049649 0.273506
v -0.008426 0.050083 0.273044
v -0.005700 0.049258 0.273044
v -0.008023 0.040587 0.283106
v -0.010042 0.033051 0.295648
v -0.013822 0.034202 0.295648
v -0.011313 0.041588 0.283106
v -0.015582 0.029021 0.312743
v -0.011458 0.027766 0.312743
v -0.012363 0.024391 0.332978
v -0.016706 0.025713 0.332978
v -0.017446 0.023532 0.357998
v -0.012958 0.022166 0.357998
v -0.013638 0.019190 0.372870
v -0.018537 0.020674 0.372870
v -0.017930 0.022456 0.366524
v -0.013153 0.021008 0.366524
v -0.017479 0.023434 0.359968
v -0.012985 0.022066 0.359968
v -0.003892 0.056007 0.269962
v -0.005430 0.050263 0.269962
v -0.008091 0.051068 0.269962
v -0.006179 0.056699 0.269962
v -0.013796 0.043911 0.284204
v -0.010998 0.050629 0.273564
v -0.016760 0.036757 0.296458
v -0.018852 0.031706 0.313217
v -0.020182 0.028499 0.333228
v -0.021059 0.026379 0.357998
v -0.022992 0.022353 0.372870
v -0.019082 0.019074 0.374013
v -0.023638 0.020791 0.374013
v -0.021098 0.026284 0.359968
v -0.008511 0.020386 0.360711
v -0.013038 0.021435 0.360711
v -0.013030 0.021466 0.360126
v -0.008505 0.020416 0.360126
v -0.011089 0.051095 0.273053
v 0.049238 0.091491 0.273053
v -0.037902 0.091495 0.273053
v 0.015131 0.019784 0.360019
v 0.010243 0.019301 0.360019
v 0.010294 0.019700 0.360045
v 0.015006 0.020160 0.360045
v 0.019727 0.020550 0.360014
v 0.019134 0.022253 0.360048
v 0.019608 0.022356 0.360048
v 0.024229 0.021597 0.360019
v 0.024200 0.021998 0.360045
v 0.028929 0.023024 0.360019
v 0.028732 0.023368 0.360045
v 0.033286 0.024671 0.360014
v 0.032373 0.026227 0.360048
v 0.032818 0.026420 0.360048
v 0.037498 0.026577 0.360019
v 0.037391 0.026965 0.360045
v 0.041828 0.028894 0.360019
v 0.041569 0.029193 0.360045
v 0.045781 0.031359 0.360014
v 0.044582 0.032706 0.360048
v 0.044980 0.032983 0.360048
v 0.049540 0.034050 0.360019
v 0.049361 0.034410 0.360045
v 0.053336 0.037167 0.360019
v 0.053023 0.037410 0.360045
v 0.056731 0.040356 0.360014
v 0.055292 0.041444 0.360048
v 0.055629 0.041793 0.360048
v 0.059893 0.043729 0.360019
v 0.059647 0.044046 0.360045
v 0.063008 0.047526 0.360019
v 0.062654 0.047703 0.360045
v 0.065716 0.051317 0.360014
v 0.064092 0.052102 0.360048
v 0.064355 0.052511 0.360048
v 0.068159 0.055241 0.360019
v 0.067856 0.055505 0.360045
v 0.070473 0.059573 0.360019
v 0.070091 0.059678 0.360045
v 0.072390 0.063819 0.360014
v 0.070644 0.064273 0.360048
v 0.070822 0.064725 0.360048
v 0.074021 0.068145 0.360019
v 0.073671 0.068344 0.360045
v 0.075444 0.072846 0.360019
v 0.075050 0.072874 0.360045
v 0.076496 0.077384 0.360014
v 0.074695 0.077488 0.360048
v 0.074782 0.077966 0.360048
v 0.077252 0.081944 0.360019
v 0.076870 0.082072 0.360045
v 0.077731 0.086832 0.360019
v 0.077338 0.086783 0.360045
v 0.077816 0.091449 0.360014
v 0.076105 0.091213 0.360048
v -0.066564 0.086786 0.360019
v -0.066713 0.091407 0.360014
v -0.064918 0.091170 0.360048
v -0.066165 0.086736 0.360045
v -0.066081 0.081899 0.360019
v -0.065706 0.082024 0.360045
v -0.065316 0.077303 0.360014
v -0.063612 0.077896 0.360048
v -0.063509 0.077422 0.360048
v -0.064269 0.072801 0.360019
v -0.063867 0.072829 0.360045
v -0.062841 0.068101 0.360019
v -0.062497 0.068297 0.360045
v -0.061194 0.063744 0.360014
v -0.059639 0.064657 0.360048
v -0.059445 0.064212 0.360048
v -0.059289 0.059532 0.360019
v -0.058901 0.059638 0.360045
v -0.056972 0.055201 0.360019
v -0.056673 0.055461 0.360045
v -0.054507 0.051249 0.360014
v -0.053159 0.052448 0.360048
v -0.052882 0.052049 0.360048
v -0.051816 0.047490 0.360019
v -0.051456 0.047669 0.360045
v -0.048699 0.043694 0.360019
v -0.048456 0.044007 0.360045
v -0.045510 0.040298 0.360014
v -0.044422 0.041737 0.360048
v -0.044073 0.041401 0.360048
v -0.042137 0.037136 0.360019
v -0.041819 0.037383 0.360045
v -0.038339 0.034022 0.360019
v -0.038162 0.034376 0.360045
v -0.034549 0.031314 0.360014
v -0.033763 0.032937 0.360048
v -0.033355 0.032675 0.360048
v -0.030625 0.028871 0.360019
v -0.030361 0.029174 0.360045
v -0.026292 0.026557 0.360019
v -0.026188 0.026939 0.360045
v -0.022046 0.024640 0.360014
v -0.021592 0.026386 0.360048
v -0.021141 0.026208 0.360048
v -0.017720 0.023009 0.360019
v -0.017522 0.023359 0.360045
v -0.013020 0.021585 0.360019
v -0.012992 0.021980 0.360045
v -0.008482 0.020534 0.360014
v -0.008377 0.022334 0.360048
v -0.007900 0.022248 0.360048
v -0.003921 0.019778 0.360019
v -0.003794 0.020160 0.360045
v 0.000967 0.019298 0.360019
v 0.000917 0.019691 0.360045
v 0.005623 0.019152 0.360014
v 0.005374 0.020939 0.360048
v 0.005860 0.020948 0.360048
v 0.010232 0.019151 0.360711
v 0.010229 0.019182 0.360126
v 0.015700 0.015660 0.374013
v -0.003962 0.019633 0.360711
v -0.003958 0.019664 0.360126
v 0.000720 0.015142 0.374013
v 0.024246 0.021447 0.360711
v 0.024238 0.021477 0.360126
v 0.030291 0.019090 0.374013
v 0.037545 0.026434 0.360711
v 0.037531 0.026462 0.360126
v 0.043933 0.025301 0.374013
v 0.049614 0.033918 0.360711
v 0.049595 0.033943 0.360126
v 0.056101 0.034054 0.374013
v 0.059991 0.043614 0.360711
v 0.059968 0.043635 0.360126
v 0.066327 0.045012 0.374013
v 0.068278 0.055148 0.360711
v 0.068250 0.055163 0.360126
v 0.074219 0.057755 0.374013
v 0.074155 0.068077 0.360711
v 0.074125 0.068087 0.360126
v 0.079473 0.071793 0.374013
v 0.077397 0.081904 0.360711
v 0.077366 0.081908 0.360126
v 0.081888 0.086586 0.374013
v 0.080356 0.091502 0.372870
v 0.082043 0.091477 0.374013
v -0.066715 0.086798 0.360711
v -0.066684 0.086800 0.360126
v -0.066864 0.091406 0.360711
v -0.066833 0.091406 0.360126
v -0.070206 0.081329 0.374013
v -0.064418 0.072783 0.360711
v -0.064388 0.072791 0.360126
v -0.066776 0.066738 0.374013
v -0.059432 0.059485 0.360711
v -0.059404 0.059499 0.360126
v -0.060565 0.053097 0.374013
v -0.051947 0.047416 0.360711
v -0.051923 0.047435 0.360126
v -0.051812 0.040929 0.374013
v -0.042251 0.037039 0.360711
v -0.042231 0.037062 0.360126
v -0.040854 0.030703 0.374013
v -0.030718 0.028752 0.360711
v -0.030702 0.028779 0.360126
v -0.028111 0.022811 0.374013
v -0.017789 0.022875 0.360711
v -0.017779 0.022904 0.360126
v -0.014073 0.017557 0.374013
v 0.010086 0.021390 0.369560
v 0.010263 0.018662 0.376650
v 0.015236 0.019153 0.376650
v 0.014876 0.021864 0.369560
v 0.005624 0.018512 0.376650
v 0.005622 0.021246 0.369560
v 0.019387 0.022278 0.361989
v 0.014927 0.021492 0.362029
v 0.019317 0.022603 0.369560
v -0.003669 0.021858 0.369560
v -0.004027 0.019147 0.376650
v 0.000947 0.018659 0.376650
v 0.001122 0.021388 0.369560
v -0.008606 0.019905 0.376650
v -0.008074 0.022587 0.369560
v 0.005627 0.020914 0.361989
v 0.001100 0.021013 0.362029
v 0.023667 0.023615 0.369560
v 0.024372 0.020974 0.376650
v 0.029155 0.022426 0.376650
v 0.028273 0.025014 0.369560
v 0.019852 0.019921 0.376650
v 0.032616 0.026300 0.361989
v 0.028395 0.024659 0.362029
v 0.032484 0.026605 0.369560
v 0.036553 0.028447 0.369560
v 0.037761 0.025994 0.376650
v 0.042167 0.028351 0.376650
v 0.040797 0.030717 0.369560
v 0.033532 0.024080 0.376650
v 0.044806 0.032826 0.361989
v 0.040986 0.030393 0.362029
v 0.044617 0.033099 0.369560
v 0.048249 0.035699 0.369560
v 0.049911 0.033529 0.376650
v 0.053774 0.036701 0.376650
v 0.051969 0.038754 0.369560
v 0.046138 0.030827 0.376650
v 0.055489 0.041604 0.361990
v 0.052217 0.038473 0.362029
v 0.055251 0.041836 0.369560
v 0.058305 0.045094 0.369560
v 0.060359 0.043290 0.376650
v 0.063528 0.047155 0.376650
v 0.061357 0.048816 0.369560
v 0.057185 0.039904 0.376650
v 0.064254 0.052299 0.361990
v 0.061656 0.048589 0.362029
v 0.063975 0.052479 0.369560
v 0.066335 0.056271 0.369560
v 0.068702 0.054902 0.376650
v 0.071056 0.059310 0.376650
v 0.068603 0.060517 0.369560
v 0.066249 0.050961 0.376650
v 0.070764 0.064497 0.361990
v 0.068940 0.060353 0.362029
v 0.070455 0.064620 0.369560
v 0.072030 0.068799 0.369560
v 0.074619 0.067918 0.376650
v 0.076068 0.072701 0.376650
v 0.073426 0.073406 0.369560
v 0.072982 0.063575 0.376650
v 0.074769 0.077731 0.361990
v 0.073789 0.073310 0.362029
v 0.074443 0.077791 0.369560
v 0.075172 0.082197 0.369560
v 0.077883 0.081839 0.376650
v 0.078371 0.086813 0.376650
v 0.075642 0.086988 0.369560
v 0.077125 0.077259 0.376650
v 0.076067 0.091501 0.361990
v 0.076017 0.086965 0.362029
v 0.075726 0.091568 0.369560
v -0.064475 0.086944 0.369560
v -0.067204 0.086767 0.376650
v -0.066712 0.081793 0.376650
v -0.064002 0.082154 0.369560
v -0.067354 0.091406 0.376650
v -0.064620 0.091408 0.369560
v -0.063588 0.077643 0.361990
v -0.064374 0.082103 0.362029
v -0.063263 0.077713 0.369560
v -0.062250 0.073363 0.369560
v -0.064892 0.072657 0.376650
v -0.063440 0.067875 0.376650
v -0.060852 0.068757 0.369560
v -0.065944 0.077178 0.376650
v -0.059565 0.064414 0.361990
v -0.061206 0.068635 0.362029
v -0.059261 0.064545 0.369560
v -0.057419 0.060477 0.369560
v -0.059872 0.059269 0.376650
v -0.057515 0.054862 0.376650
v -0.055149 0.056232 0.369560
v -0.061786 0.063498 0.376650
v -0.053040 0.052224 0.361990
v -0.055472 0.056043 0.362029
v -0.052766 0.052412 0.369560
v -0.050166 0.048781 0.369560
v -0.052337 0.047118 0.376650
v -0.049165 0.043256 0.376650
v -0.047111 0.045061 0.369560
v -0.055039 0.050892 0.376650
v -0.044261 0.041541 0.361990
v -0.047392 0.044812 0.362029
v -0.044029 0.041779 0.369560
v -0.040771 0.038725 0.369560
v -0.042576 0.036671 0.376650
v -0.038711 0.033501 0.376650
v -0.037050 0.035672 0.369560
v -0.045962 0.039845 0.376650
v -0.033567 0.032776 0.361990
v -0.037276 0.035374 0.362029
v -0.033386 0.033055 0.369560
v -0.029595 0.030695 0.369560
v -0.030964 0.028328 0.376650
v -0.026555 0.025974 0.376650
v -0.025349 0.028427 0.369560
v -0.034904 0.030781 0.376650
v -0.021369 0.026266 0.361990
v -0.025513 0.028090 0.362029
v -0.021246 0.026574 0.369560
v -0.017067 0.025000 0.369560
v -0.017947 0.022411 0.376650
v -0.013164 0.020962 0.376650
v -0.012460 0.023604 0.369560
v -0.022291 0.024048 0.376650
v -0.008134 0.022260 0.361989
v -0.012555 0.023241 0.362029
v 0.010093 0.021023 0.362022
v -0.003732 0.021497 0.362022
v 0.023746 0.023257 0.362022
v 0.036700 0.028110 0.362022
v 0.048459 0.035398 0.362022
v 0.058569 0.044840 0.362022
v 0.066644 0.056073 0.362022
v 0.072372 0.068665 0.362022
v 0.075533 0.082133 0.362022
v 0.078455 0.091569 0.376650
v -0.064842 0.086936 0.362022
v -0.064952 0.091403 0.361990
v -0.062609 0.073284 0.362022
v -0.057755 0.060330 0.362022
v -0.050467 0.048571 0.362022
v -0.041025 0.038460 0.362022
v -0.029793 0.030386 0.362022
v -0.017200 0.024658 0.362022
v 0.015786 0.015015 0.375355
v 0.015792 0.014981 0.376910
v 0.010535 0.014461 0.376910
v 0.010533 0.014497 0.375355
v 0.005626 0.014302 0.376910
v 0.005625 0.014338 0.375355
v 0.000679 0.014493 0.375355
v 0.000677 0.014458 0.376910
v -0.004580 0.014974 0.376910
v -0.004575 0.015009 0.375355
v -0.009425 0.015776 0.376910
v -0.009419 0.015811 0.375355
v 0.030502 0.018475 0.375355
v 0.030514 0.018442 0.376910
v 0.025459 0.016907 0.376910
v 0.025450 0.016941 0.375355
v 0.020675 0.015793 0.376910
v 0.020668 0.015828 0.375355
v 0.044259 0.024739 0.375355
v 0.044277 0.024708 0.376910
v 0.039619 0.022217 0.376910
v 0.039604 0.022249 0.375355
v 0.035145 0.020191 0.376910
v 0.035131 0.020224 0.375355
v 0.056530 0.033566 0.375355
v 0.056554 0.033540 0.376910
v 0.052471 0.030187 0.376910
v 0.052451 0.030216 0.375355
v 0.048478 0.027328 0.376910
v 0.048458 0.027357 0.375355
v 0.066843 0.044618 0.375355
v 0.066872 0.044597 0.376910
v 0.063522 0.040512 0.376910
v 0.063496 0.040536 0.375355
v 0.060163 0.036929 0.376910
v 0.060138 0.036953 0.375355
v 0.074802 0.057469 0.375355
v 0.074834 0.057454 0.376910
v 0.072346 0.052795 0.376910
v 0.072315 0.052813 0.375355
v 0.069751 0.048624 0.376910
v 0.069721 0.048644 0.375355
v 0.080101 0.071626 0.375355
v 0.080136 0.071617 0.376910
v 0.078604 0.066562 0.376910
v 0.078571 0.066574 0.375355
v 0.076872 0.061966 0.376910
v 0.076839 0.061979 0.375355
v 0.082536 0.086545 0.375355
v 0.082572 0.086543 0.376910
v 0.082055 0.081286 0.376910
v 0.082021 0.081291 0.375355
v 0.081254 0.076440 0.376910
v 0.081219 0.076447 0.375355
v -0.070850 0.081243 0.375355
v -0.070885 0.081238 0.376910
v -0.071404 0.086495 0.376910
v -0.071369 0.086496 0.375355
v -0.071563 0.091404 0.376910
v -0.071528 0.091404 0.375355
v -0.067391 0.066528 0.375355
v -0.067424 0.066516 0.376910
v -0.068959 0.071571 0.376910
v -0.068925 0.071579 0.375355
v -0.070072 0.076354 0.376910
v -0.070038 0.076361 0.375355
v -0.061127 0.052771 0.375355
v -0.061157 0.052752 0.376910
v -0.063649 0.057410 0.376910
v -0.063617 0.057425 0.375355
v -0.065675 0.061885 0.376910
v -0.065642 0.061899 0.375355
v -0.052300 0.040500 0.375355
v -0.052325 0.040476 0.376910
v -0.055678 0.044558 0.376910
v -0.055650 0.044579 0.375355
v -0.058538 0.048552 0.376910
v -0.058509 0.048571 0.375355
v -0.041248 0.030186 0.375355
v -0.041269 0.030158 0.376910
v -0.045353 0.033508 0.376910
v -0.045330 0.033534 0.375355
v -0.048937 0.036867 0.376910
v -0.048912 0.036892 0.375355
v -0.028397 0.022227 0.375355
v -0.028412 0.022196 0.376910
v -0.033071 0.024684 0.376910
v -0.033053 0.024714 0.375355
v -0.037241 0.027279 0.376910
v -0.037222 0.027309 0.375355
v -0.014240 0.016929 0.375355
v -0.014248 0.016894 0.376910
v -0.019304 0.018426 0.376910
v -0.019292 0.018459 0.375355
v -0.023900 0.020158 0.376910
v -0.023886 0.020190 0.375355
v 0.082692 0.091476 0.375355
v 0.082727 0.091488 0.376910
v 0.005624 0.018560 0.366524
v -0.008597 0.019952 0.366524
v 0.019842 0.019968 0.366524
v 0.033513 0.024124 0.366524
v 0.046111 0.030866 0.366524
v 0.057151 0.039937 0.366524
v 0.066209 0.050988 0.366524
v 0.072938 0.063593 0.366524
v 0.077078 0.077268 0.366524
v -0.067306 0.091406 0.366524
v -0.065897 0.077187 0.366524
v -0.061742 0.063516 0.366524
v -0.054999 0.050919 0.366524
v -0.045928 0.039879 0.366524
v -0.034878 0.030820 0.366524
v -0.022273 0.024092 0.366524
v 0.078407 0.091489 0.366524
v 0.015408 0.017867 0.377729
v 0.010347 0.017367 0.377729
v 0.010463 0.015568 0.377865
v 0.015646 0.016080 0.377865
v 0.005624 0.017214 0.377729
v 0.005625 0.015412 0.377865
v 0.000864 0.017364 0.377729
v -0.004197 0.017861 0.377729
v -0.004434 0.016074 0.377865
v 0.000749 0.015565 0.377865
v -0.008859 0.018632 0.377729
v -0.009209 0.016864 0.377865
v 0.029574 0.021198 0.377729
v 0.024708 0.019720 0.377729
v 0.025172 0.017978 0.377865
v 0.030156 0.019492 0.377865
v 0.020106 0.018649 0.377729
v 0.020458 0.016881 0.377865
v 0.042818 0.027228 0.377729
v 0.038333 0.024829 0.377729
v 0.039129 0.023212 0.377865
v 0.043721 0.025668 0.377865
v 0.034029 0.022881 0.377729
v 0.034720 0.021216 0.377865
v 0.054631 0.035726 0.377729
v 0.050701 0.032499 0.377729
v 0.051797 0.031068 0.377865
v 0.055822 0.034373 0.377865
v 0.046859 0.029748 0.377729
v 0.047861 0.028250 0.377865
v 0.064559 0.046366 0.377729
v 0.061334 0.042434 0.377729
v 0.062688 0.041244 0.377865
v 0.065991 0.045271 0.377865
v 0.058103 0.038986 0.377729
v 0.059378 0.037713 0.377865
v 0.072221 0.058738 0.377729
v 0.069825 0.054252 0.377729
v 0.071385 0.053350 0.377865
v 0.073839 0.057943 0.377865
v 0.067329 0.050241 0.377729
v 0.068828 0.049240 0.377865
v 0.077322 0.072367 0.377729
v 0.075847 0.067500 0.377729
v 0.077554 0.066919 0.377865
v 0.079064 0.071903 0.377865
v 0.074181 0.063079 0.377729
v 0.075847 0.062390 0.377865
v 0.079666 0.086730 0.377729
v 0.079169 0.081668 0.377729
v 0.080956 0.081431 0.377865
v 0.081465 0.086614 0.377865
v 0.078398 0.077007 0.377729
v 0.080166 0.076656 0.377865
v -0.067999 0.081622 0.377729
v -0.068499 0.086683 0.377729
v -0.070297 0.086567 0.377865
v -0.069785 0.081384 0.377865
v -0.068652 0.091405 0.377729
v -0.070454 0.091405 0.377865
v -0.064668 0.067456 0.377729
v -0.066146 0.072322 0.377729
v -0.067888 0.071857 0.377865
v -0.066374 0.066874 0.377865
v -0.067217 0.076924 0.377729
v -0.068985 0.076571 0.377865
v -0.058637 0.054212 0.377729
v -0.061036 0.058696 0.377729
v -0.062654 0.057901 0.377865
v -0.060197 0.053308 0.377865
v -0.062985 0.063001 0.377729
v -0.064650 0.062310 0.377865
v -0.050139 0.042399 0.377729
v -0.053367 0.046329 0.377729
v -0.054798 0.045233 0.377865
v -0.051492 0.041208 0.377865
v -0.056117 0.050171 0.377729
v -0.057616 0.049168 0.377865
v -0.039500 0.032470 0.377729
v -0.043432 0.035696 0.377729
v -0.044622 0.034342 0.377865
v -0.040595 0.031039 0.377865
v -0.046879 0.038927 0.377729
v -0.048153 0.037652 0.377865
v -0.027127 0.024809 0.377729
v -0.031614 0.027205 0.377729
v -0.032516 0.025645 0.377865
v -0.027922 0.023191 0.377865
v -0.035625 0.029701 0.377729
v -0.036626 0.028202 0.377865
v -0.013499 0.019708 0.377729
v -0.018366 0.021183 0.377729
v -0.018946 0.019476 0.377865
v -0.013962 0.017966 0.377865
v -0.022787 0.022848 0.377729
v -0.023476 0.021183 0.377865
v 0.079821 0.091552 0.377729
v 0.081620 0.091518 0.377865
v 0.005533 0.086373 0.269962
v 0.049258 0.098495 0.271461
v 0.049258 0.094913 0.271461
v 0.048820 0.094913 0.270166
v 0.048820 0.098495 0.270166
v 0.049183 0.098495 0.272849
v 0.049183 0.094913 0.272849
v 0.049680 0.094913 0.273506
v 0.049233 0.094913 0.273044
v 0.049233 0.098495 0.273044
v 0.049680 0.098495 0.273506
v 0.058255 0.094913 0.283106
v 0.058212 0.098495 0.283106
v 0.065988 0.098495 0.295648
v 0.066056 0.094913 0.295648
v 0.071442 0.098495 0.312743
v 0.071526 0.094913 0.312743
v 0.074926 0.098495 0.332978
v 0.075021 0.094913 0.332978
v 0.077221 0.098495 0.357998
v 0.077287 0.094913 0.357998
v 0.080360 0.094913 0.372870
v 0.078344 0.094913 0.366524
v 0.078344 0.098495 0.366524
v 0.080360 0.098495 0.372870
v 0.077324 0.098495 0.359968
v 0.077390 0.094913 0.359968
v 0.042278 0.094913 0.269962
v 0.042278 0.098495 0.269962
v 0.048203 0.098495 0.269962
v 0.048203 0.094913 0.269962
v 0.048820 0.102107 0.270166
v 0.049258 0.102104 0.271461
v 0.049183 0.102115 0.272849
v 0.049680 0.101808 0.273564
v 0.056994 0.101808 0.284204
v 0.064711 0.101808 0.296458
v 0.070171 0.101808 0.313217
v 0.073638 0.101808 0.333228
v 0.075929 0.101808 0.357998
v 0.080360 0.102125 0.372870
v 0.082044 0.102100 0.374013
v 0.082044 0.098495 0.374013
v 0.076032 0.101824 0.359968
v 0.042278 0.102277 0.269962
v 0.048203 0.102122 0.269962
v 0.057011 0.091782 0.284204
v 0.049680 0.091741 0.273564
v 0.064745 0.091782 0.296458
v 0.070206 0.091759 0.313217
v 0.073673 0.091678 0.333228
v 0.075965 0.091668 0.357998
v 0.077873 0.094913 0.360126
v 0.077904 0.094913 0.360711
v 0.076067 0.091694 0.359968
v 0.049233 0.102115 0.273053
v 0.077754 0.098495 0.360019
v 0.077408 0.098495 0.360045
v 0.076119 0.101824 0.360048
v 0.077754 0.102022 0.360014
v 0.077754 0.094913 0.360019
v 0.077475 0.094913 0.360045
v 0.076153 0.091683 0.360048
v 0.077873 0.098495 0.360126
v 0.077904 0.098495 0.360711
v 0.077873 0.102020 0.360126
v 0.077904 0.102024 0.360711
v 0.082044 0.094913 0.374013
v 0.075668 0.098495 0.369560
v 0.075668 0.094913 0.369560
v 0.078392 0.094913 0.376650
v 0.078392 0.098495 0.376650
v 0.078392 0.102192 0.376650
v 0.075668 0.102191 0.369560
v 0.076018 0.094913 0.362029
v 0.076018 0.098495 0.362022
v 0.076018 0.102073 0.361990
v 0.082691 0.094913 0.375355
v 0.082691 0.098495 0.375355
v 0.082727 0.098495 0.376910
v 0.082727 0.094913 0.376910
v 0.082691 0.102098 0.375355
v 0.082727 0.102110 0.376910
v 0.078344 0.102112 0.366524
v 0.079826 0.094913 0.377729
v 0.081621 0.094913 0.377865
v 0.081621 0.098495 0.377865
v 0.079826 0.098495 0.377729
v 0.081621 0.102140 0.377865
v 0.079826 0.102175 0.377729
v 0.049258 0.109113 0.271461
v 0.049258 0.105531 0.271461
v 0.048820 0.105531 0.270166
v 0.048820 0.109113 0.270166
v 0.049183 0.109113 0.272849
v 0.049183 0.105531 0.272849
v 0.049680 0.105531 0.273506
v 0.049233 0.105531 0.273044
v 0.049233 0.109113 0.273044
v 0.049680 0.109113 0.273506
v 0.058255 0.105531 0.283106
v 0.058212 0.109113 0.283106
v 0.065988 0.109113 0.295648
v 0.066056 0.105531 0.295648
v 0.071442 0.109113 0.312743
v 0.071526 0.105531 0.312743
v 0.074926 0.109113 0.332978
v 0.075021 0.105531 0.332978
v 0.077221 0.109113 0.357998
v 0.077287 0.105531 0.357998
v 0.080360 0.105531 0.372870
v 0.078344 0.105531 0.366524
v 0.078344 0.109113 0.366524
v 0.080360 0.109113 0.372870
v 0.077324 0.109113 0.359968
v 0.077390 0.105531 0.359968
v 0.042278 0.105531 0.269962
v 0.042278 0.109113 0.269962
v 0.048203 0.109113 0.269962
v 0.048203 0.105531 0.269962
v 0.048820 0.112725 0.270166
v 0.049258 0.112722 0.271461
v 0.049183 0.112732 0.272849
v 0.049680 0.112425 0.273564
v 0.056994 0.112425 0.284204
v 0.064711 0.112425 0.296458
v 0.070171 0.112425 0.313217
v 0.073638 0.112425 0.333228
v 0.075929 0.112425 0.357998
v 0.080360 0.112742 0.372870
v 0.082044 0.112717 0.374013
v 0.082044 0.109113 0.374013
v 0.076032 0.112441 0.359968
v 0.042278 0.112894 0.269962
v 0.048203 0.112740 0.269962
v 0.057011 0.102399 0.284204
v 0.049680 0.102358 0.273564
v 0.064745 0.102399 0.296458
v 0.070206 0.102376 0.313217
v 0.073673 0.102295 0.333228
v 0.075965 0.102286 0.357998
v 0.077873 0.105531 0.360126
v 0.077904 0.105531 0.360711
v 0.076067 0.102311 0.359968
v 0.049233 0.112733 0.273053
v 0.077754 0.109113 0.360019
v 0.077408 0.109113 0.360045
v 0.076119 0.112441 0.360048
v 0.077754 0.112639 0.360014
v 0.077754 0.105531 0.360019
v 0.077475 0.105531 0.360045
v 0.076153 0.102300 0.360048
v 0.077873 0.109113 0.360126
v 0.077904 0.109113 0.360711
v 0.077873 0.112638 0.360126
v 0.077904 0.112642 0.360711
v 0.082044 0.105531 0.374013
v 0.075668 0.109113 0.369560
v 0.075668 0.105531 0.369560
v 0.078392 0.105531 0.376650
v 0.078392 0.109113 0.376650
v 0.078392 0.112810 0.376650
v 0.075668 0.112809 0.369560
v 0.076018 0.105531 0.362029
v 0.076018 0.109113 0.362022
v 0.076018 0.112690 0.361990
v 0.082691 0.105531 0.375355
v 0.082691 0.109113 0.375355
v 0.082727 0.109113 0.376910
v 0.082727 0.105531 0.376910
v 0.082691 0.112715 0.375355
v 0.082727 0.112727 0.376910
v 0.078344 0.112729 0.366524
v 0.079826 0.105531 0.377729
v 0.081621 0.105531 0.377865
v 0.081621 0.109113 0.377865
v 0.079826 0.109113 0.377729
v 0.081621 0.112758 0.377865
v 0.079826 0.112793 0.377729
v 0.049258 0.119730 0.271461
v 0.049258 0.116148 0.271461
v 0.048820 0.116148 0.270166
v 0.048820 0.119730 0.270166
v 0.049183 0.119730 0.272849
v 0.049183 0.116148 0.272849
v 0.049680 0.116148 0.273506
v 0.049233 0.116148 0.273044
v 0.049233 0.119730 0.273044
v 0.049680 0.119730 0.273506
v 0.058255 0.116148 0.283106
v 0.058212 0.119730 0.283106
v 0.065988 0.119730 0.295648
v 0.066056 0.116148 0.295648
v 0.071442 0.119730 0.312743
v 0.071526 0.116148 0.312743
v 0.074926 0.119730 0.332978
v 0.075021 0.116148 0.332978
v 0.077221 0.119730 0.357998
v 0.077287 0.116148 0.357998
v 0.080360 0.116148 0.372870
v 0.078344 0.116148 0.366524
v 0.078344 0.119730 0.366524
v 0.080360 0.119730 0.372870
v 0.077324 0.119730 0.359968
v 0.077390 0.116148 0.359968
v 0.042278 0.116148 0.269962
v 0.042278 0.119730 0.269962
v 0.048203 0.119730 0.269962
v 0.048203 0.116148 0.269962
v 0.048820 0.123228 0.270166
v 0.049258 0.123228 0.271461
v 0.049183 0.123228 0.272849
v 0.049680 0.123228 0.273564
v 0.057021 0.123231 0.284195
v 0.064721 0.123231 0.296451
v 0.070182 0.123230 0.313213
v 0.073649 0.123230 0.333226
v 0.075940 0.123230 0.357998
v 0.080360 0.123140 0.372870
v 0.082044 0.123140 0.374013
v 0.082044 0.119730 0.374013
v 0.076043 0.123230 0.359968
v 0.042278 0.123212 0.269962
v 0.048203 0.123228 0.269962
v 0.057011 0.113017 0.284204
v 0.049680 0.112976 0.273564
v 0.064745 0.113017 0.296458
v 0.070206 0.112994 0.313217
v 0.073673 0.112913 0.333228
v 0.075965 0.112903 0.357998
v 0.077873 0.116148 0.360126
v 0.077904 0.116148 0.360711
v 0.076067 0.112929 0.359968
v 0.049233 0.123228 0.273052
v 0.076129 0.123230 0.360048
v 0.077754 0.123140 0.360014
v 0.077754 0.119730 0.360019
v 0.077408 0.119730 0.360045
v 0.077754 0.116148 0.360019
v 0.077475 0.116148 0.360045
v 0.076153 0.112918 0.360048
v 0.077873 0.119730 0.360126
v 0.077904 0.119730 0.360711
v 0.077873 0.123140 0.360126
v 0.077904 0.123140 0.360711
v 0.082044 0.116148 0.374013
v 0.075668 0.119730 0.369560
v 0.075668 0.116148 0.369560
v 0.078392 0.116148 0.376650
v 0.078392 0.119730 0.376650
v 0.078392 0.121239 0.376650
v 0.075668 0.121632 0.369560
v 0.076018 0.116148 0.362029
v 0.076018 0.119730 0.362022
v 0.076018 0.121632 0.361991
v 0.082691 0.116148 0.375355
v 0.082691 0.119730 0.375355
v 0.082727 0.119730 0.376910
v 0.082727 0.116148 0.376910
v 0.082691 0.123140 0.375355
v 0.082727 0.123140 0.377431
v 0.078344 0.123140 0.366524
v 0.079826 0.116148 0.377729
v 0.081621 0.116148 0.377865
v 0.081621 0.119730 0.377865
v 0.079826 0.119730 0.377729
v 0.081621 0.122338 0.377865
v 0.079826 0.121855 0.377729
v -0.037925 0.109113 0.271461
v -0.037488 0.109113 0.270166
v -0.037488 0.105531 0.270166
v -0.037925 0.105531 0.271461
v -0.037851 0.105531 0.272849
v -0.037851 0.109113 0.272849
v -0.038347 0.105531 0.273506
v -0.038347 0.109113 0.273506
v -0.037902 0.109113 0.273044
v -0.037902 0.105531 0.273044
v -0.046923 0.105531 0.283106
v -0.054724 0.105531 0.295648
v -0.054657 0.109113 0.295648
v -0.046880 0.109113 0.283106
v -0.060110 0.109113 0.312743
v -0.060195 0.105531 0.312743
v -0.063689 0.105531 0.332978
v -0.063594 0.109113 0.332978
v -0.065889 0.109113 0.357998
v -0.065955 0.105531 0.357998
v -0.069029 0.105531 0.372870
v -0.069029 0.109113 0.372870
v -0.067013 0.109113 0.366524
v -0.067013 0.105531 0.366524
v -0.065993 0.109113 0.359968
v -0.066058 0.105531 0.359968
v -0.030946 0.105531 0.269962
v -0.036871 0.105531 0.269962
v -0.036871 0.109113 0.269962
v -0.030946 0.109113 0.269962
v -0.037488 0.112725 0.270166
v -0.037925 0.112722 0.271461
v -0.037851 0.112732 0.272849
v -0.045663 0.112425 0.284204
v -0.038347 0.112425 0.273564
v -0.053379 0.112425 0.296458
v -0.058840 0.112425 0.313217
v -0.062307 0.112425 0.333228
v -0.064598 0.112425 0.357998
v -0.069029 0.112742 0.372870
v -0.070712 0.109113 0.374013
v -0.070712 0.112717 0.374013
v -0.064700 0.112441 0.359968
v -0.030946 0.112894 0.269962
v -0.036871 0.112740 0.269962
v -0.037488 0.102107 0.270166
v -0.037925 0.102104 0.271461
v -0.037851 0.102115 0.272849
v -0.038347 0.102358 0.273564
v -0.045679 0.102399 0.284204
v -0.053413 0.102399 0.296458
v -0.058874 0.102376 0.313217
v -0.062341 0.102295 0.333228
v -0.064633 0.102286 0.357998
v -0.066571 0.102024 0.360711
v -0.066571 0.105531 0.360711
v -0.066540 0.105531 0.360126
v -0.066540 0.102020 0.360126
v -0.064736 0.102311 0.359968
v -0.030946 0.102277 0.269962
v -0.036871 0.102122 0.269962
v -0.037902 0.102115 0.273053
v -0.038347 0.101808 0.273564
v -0.045663 0.101808 0.284204
v -0.053379 0.101808 0.296458
v -0.058840 0.101808 0.313217
v -0.062307 0.101808 0.333228
v -0.064598 0.101808 0.357998
v -0.064700 0.101824 0.359968
v -0.037902 0.112733 0.273053
v -0.066423 0.109113 0.360019
v -0.066423 0.112639 0.360014
v -0.064787 0.112441 0.360048
v -0.066076 0.109113 0.360045
v -0.066423 0.105531 0.360019
v -0.066144 0.105531 0.360045
v -0.066423 0.102022 0.360014
v -0.064821 0.102300 0.360048
v -0.064787 0.101824 0.360048
v -0.066571 0.109113 0.360711
v -0.066540 0.109113 0.360126
v -0.066571 0.112642 0.360711
v -0.066540 0.112638 0.360126
v -0.070712 0.105531 0.374013
v -0.069029 0.102125 0.372870
v -0.070712 0.102100 0.374013
v -0.064336 0.109113 0.369560
v -0.067060 0.109113 0.376650
v -0.067060 0.105531 0.376650
v -0.064336 0.105531 0.369560
v -0.067060 0.112810 0.376650
v -0.064336 0.112809 0.369560
v -0.064686 0.102073 0.361990
v -0.064686 0.105531 0.362029
v -0.064336 0.102191 0.369560
v -0.064686 0.109113 0.362022
v -0.064686 0.112690 0.361990
v -0.067060 0.102192 0.376650
v -0.071360 0.105531 0.375355
v -0.071395 0.105531 0.376910
v -0.071395 0.109113 0.376910
v -0.071360 0.109113 0.375355
v -0.071395 0.112727 0.376910
v -0.071360 0.112715 0.375355
v -0.071360 0.102098 0.375355
v -0.071395 0.102110 0.376910
v -0.067013 0.112729 0.366524
v -0.067013 0.102112 0.366524
v -0.068494 0.105531 0.377729
v -0.068494 0.109113 0.377729
v -0.070290 0.109113 0.377865
v -0.070290 0.105531 0.377865
v -0.068494 0.112793 0.377729
v -0.070290 0.112758 0.377865
v -0.068494 0.102175 0.377729
v -0.070290 0.102140 0.377865
v -0.037925 0.119730 0.271461
v -0.037488 0.119730 0.270166
v -0.037488 0.116148 0.270166
v -0.037925 0.116148 0.271461
v -0.037851 0.116148 0.272849
v -0.037851 0.119730 0.272849
v -0.038347 0.116148 0.273506
v -0.038347 0.119730 0.273506
v -0.037902 0.119730 0.273044
v -0.037902 0.116148 0.273044
v -0.046923 0.116148 0.283106
v -0.054724 0.116148 0.295648
v -0.054657 0.119730 0.295648
v -0.046880 0.119730 0.283106
v -0.060110 0.119730 0.312743
v -0.060195 0.116148 0.312743
v -0.063689 0.116148 0.332978
v -0.063594 0.119730 0.332978
v -0.065889 0.119730 0.357998
v -0.065955 0.116148 0.357998
v -0.069029 0.116148 0.372870
v -0.069029 0.119730 0.372870
v -0.067013 0.119730 0.366524
v -0.067013 0.116148 0.366524
v -0.065993 0.119730 0.359968
v -0.066058 0.116148 0.359968
v -0.030946 0.116148 0.269962
v -0.036871 0.116148 0.269962
v -0.036871 0.119730 0.269962
v -0.030946 0.119730 0.269962
v -0.037488 0.123228 0.270166
v -0.037925 0.123228 0.271461
v -0.037851 0.123228 0.272849
v -0.045689 0.123231 0.284195
v -0.038347 0.123228 0.273564
v -0.053390 0.123231 0.296451
v -0.058850 0.123230 0.313213
v -0.062317 0.123230 0.333226
v -0.064609 0.123230 0.357998
v -0.069029 0.123140 0.372870
v -0.070712 0.119730 0.374013
v -0.070712 0.123140 0.374013
v -0.064711 0.123230 0.359968
v -0.036871 0.123228 0.269962
v -0.030946 0.123212 0.269962
v -0.038347 0.112976 0.273564
v -0.045679 0.113017 0.284204
v -0.053413 0.113017 0.296458
v -0.058874 0.112994 0.313217
v -0.062341 0.112913 0.333228
v -0.064633 0.112903 0.357998
v -0.066571 0.116148 0.360711
v -0.066540 0.116148 0.360126
v -0.064736 0.112929 0.359968
v -0.037902 0.123228 0.273052
v -0.064798 0.123230 0.360048
v -0.066076 0.119730 0.360045
v -0.066423 0.119730 0.360019
v -0.066423 0.123140 0.360014
v -0.066423 0.116148 0.360019
v -0.066144 0.116148 0.360045
v -0.064821 0.112918 0.360048
v -0.066571 0.119730 0.360711
v -0.066540 0.119730 0.360126
v -0.066571 0.123140 0.360711
v -0.066540 0.123140 0.360126
v -0.070712 0.116148 0.374013
v -0.064336 0.119730 0.369560
v -0.067060 0.119730 0.376650
v -0.067060 0.116148 0.376650
v -0.064336 0.116148 0.369560
v -0.067060 0.121239 0.376650
v -0.064336 0.121632 0.369560
v -0.064686 0.116148 0.362029
v -0.064686 0.119730 0.362022
v -0.064686 0.121632 0.361991
v -0.071360 0.116148 0.375355
v -0.071395 0.116148 0.376910
v -0.071395 0.119730 0.376910
v -0.071360 0.119730 0.375355
v -0.071395 0.123140 0.377431
v -0.071360 0.123140 0.375355
v -0.067013 0.123140 0.366524
v -0.068494 0.116148 0.377729
v -0.068494 0.119730 0.377729
v -0.070290 0.119730 0.377865
v -0.070290 0.116148 0.377865
v -0.068494 0.121855 0.377729
v -0.070290 0.122338 0.377865
v -0.037925 0.098495 0.271461
v -0.037488 0.098495 0.270166
v -0.037488 0.094913 0.270166
v -0.037925 0.094913 0.271461
v -0.037851 0.094913 0.272849
v -0.037851 0.098495 0.272849
v -0.038347 0.094913 0.273506
v -0.038347 0.098495 0.273506
v -0.037902 0.098495 0.273044
v -0.037902 0.094913 0.273044
v -0.046923 0.094913 0.283106
v -0.054724 0.094913 0.295648
v -0.054657 0.098495 0.295648
v -0.046880 0.098495 0.283106
v -0.060110 0.098495 0.312743
v -0.060195 0.094913 0.312743
v -0.063689 0.094913 0.332978
v -0.063594 0.098495 0.332978
v -0.065889 0.098495 0.357998
v -0.065955 0.094913 0.357998
v -0.069029 0.094913 0.372870
v -0.069029 0.098495 0.372870
v -0.067013 0.098495 0.366524
v -0.067013 0.094913 0.366524
v -0.065993 0.098495 0.359968
v -0.066058 0.094913 0.359968
v -0.030946 0.094913 0.269962
v -0.036871 0.094913 0.269962
v -0.036871 0.098495 0.269962
v -0.030946 0.098495 0.269962
v -0.070712 0.098495 0.374013
v -0.038347 0.091741 0.273564
v -0.045679 0.091782 0.284204
v -0.053413 0.091782 0.296458
v -0.058874 0.091759 0.313217
v -0.062341 0.091678 0.333228
v -0.064633 0.091668 0.357998
v -0.066571 0.094913 0.360711
v -0.066540 0.094913 0.360126
v -0.064736 0.091694 0.359968
v -0.066423 0.098495 0.360019
v -0.066076 0.098495 0.360045
v -0.066423 0.094913 0.360019
v -0.066144 0.094913 0.360045
v -0.064821 0.091683 0.360048
v -0.066571 0.098495 0.360711
v -0.066540 0.098495 0.360126
v -0.070712 0.094913 0.374013
v -0.064336 0.098495 0.369560
v -0.067060 0.098495 0.376650
v -0.067060 0.094913 0.376650
v -0.064336 0.094913 0.369560
v -0.064686 0.094913 0.362029
v -0.064686 0.098495 0.362022
v -0.071360 0.094913 0.375355
v -0.071395 0.094913 0.376910
v -0.071395 0.098495 0.376910
v -0.071360 0.098495 0.375355
v -0.068494 0.094913 0.377729
v -0.068494 0.098495 0.377729
v -0.070290 0.098495 0.377865
v -0.070290 0.094913 0.377865
v -0.012640 0.123212 0.269962
v -0.012640 0.119730 0.269962
v 0.005666 0.123212 0.269962
v 0.023972 0.123212 0.269962
v 0.023972 0.119730 0.269962
v 0.005666 0.119730 0.269962
v -0.012640 0.116148 0.269962
v 0.023972 0.116148 0.269962
v 0.005666 0.116148 0.269962
v -0.012640 0.112894 0.269962
v 0.023972 0.112894 0.269962
v 0.005666 0.112894 0.269962
v -0.012640 0.109113 0.269962
v 0.023972 0.109113 0.269962
v 0.005666 0.109113 0.269962
v -0.012640 0.105531 0.269962
v 0.023972 0.105531 0.269962
v 0.005666 0.105531 0.269962
v -0.012640 0.102277 0.269962
v 0.023972 0.102277 0.269962
v 0.005666 0.102277 0.269962
v -0.012640 0.098495 0.269962
v 0.023972 0.098495 0.269962
v 0.005666 0.098495 0.269962
v -0.008844 0.094913 0.269962
v 0.020611 0.094913 0.269962
v 0.005666 0.094913 0.269962
v -0.003472 0.091633 0.269962
v 0.016871 0.091600 0.269962
v 0.005663 0.091623 0.269962
v -0.071240 0.123260 0.375355
v -0.071275 0.123260 0.377431
v -0.069574 0.123260 0.377431
v -0.069569 0.123260 0.375355
v 0.005671 0.123260 0.405745
v 0.014898 0.123260 0.404828
v 0.016262 0.123260 0.399612
v 0.005671 0.123260 0.402327
v -0.070593 0.123260 0.374013
v -0.068937 0.123260 0.374013
v -0.068909 0.123260 0.372870
v -0.067292 0.123260 0.372870
v -0.066893 0.123260 0.366524
v -0.065323 0.123260 0.366524
v 0.017016 0.123260 0.389017
v 0.005671 0.123260 0.389711
v -0.066452 0.123260 0.360711
v -0.064892 0.123260 0.360711
v 0.033860 0.123260 0.361148
v 0.005671 0.123260 0.361350
v -0.066421 0.123260 0.360126
v -0.064862 0.123260 0.360126
v -0.064566 0.123260 0.357998
v -0.064669 0.123260 0.359968
v -0.056455 0.123260 0.360711
v -0.056455 0.123260 0.357998
v 0.036904 0.123260 0.357998
v 0.005671 0.123260 0.357998
v -0.062275 0.123260 0.333228
v -0.051766 0.123260 0.333228
v 0.035717 0.123260 0.333228
v 0.005671 0.123260 0.333228
v -0.058808 0.123260 0.313217
v -0.048836 0.123260 0.313217
v -0.053348 0.123260 0.296458
v -0.044222 0.123260 0.296458
v 0.005671 0.123260 0.313217
v 0.032919 0.123260 0.313217
v 0.030612 0.123260 0.296458
v 0.005671 0.123260 0.296458
v -0.045648 0.123260 0.284204
v -0.037721 0.123260 0.284204
v 0.027359 0.123260 0.284204
v 0.005666 0.123260 0.284204
v -0.038316 0.123260 0.273564
v -0.031260 0.123260 0.273155
v 0.024129 0.123260 0.273104
v 0.005666 0.123260 0.273053
v -0.037820 0.123260 0.272849
v -0.037870 0.123260 0.273053
v 0.024083 0.123260 0.271461
v 0.005666 0.123260 0.271461
v -0.031169 0.123260 0.271461
v -0.037894 0.123260 0.271461
v -0.037457 0.123260 0.270168
v -0.030800 0.123260 0.270695
v 0.023898 0.123260 0.270695
v 0.005666 0.123260 0.270695
v 0.080906 0.123260 0.377431
v 0.080900 0.123260 0.375355
v 0.068439 0.123260 0.374013
v 0.068439 0.123260 0.377431
v 0.080268 0.123260 0.374013
v 0.078624 0.123260 0.372870
v 0.076654 0.123260 0.366524
v 0.067308 0.123260 0.366938
v 0.076224 0.123260 0.360711
v 0.067797 0.123260 0.360711
v 0.076077 0.123260 0.360114
v 0.076001 0.123260 0.359968
v 0.075898 0.123260 0.357998
v 0.067797 0.123260 0.357998
v 0.073607 0.123260 0.333228
v 0.063102 0.123260 0.333228
v 0.070140 0.123260 0.313217
v 0.060173 0.123260 0.313217
v 0.064679 0.123260 0.296458
v 0.055559 0.123260 0.296458
v 0.056980 0.123260 0.284204
v 0.049052 0.123260 0.284204
v 0.049648 0.123260 0.273564
v 0.042592 0.123260 0.273155
v 0.049202 0.123260 0.273053
v 0.049152 0.123260 0.272849
v 0.049226 0.123260 0.271461
v 0.042501 0.123260 0.271461
v 0.048789 0.123260 0.270168
v 0.042131 0.123260 0.270695
v -0.019275 0.123260 0.296458
v -0.016028 0.123260 0.284204
v -0.012797 0.123260 0.273104
v -0.012752 0.123260 0.271461
v -0.012567 0.123260 0.270695
v -0.030937 0.123260 0.270008
v -0.036885 0.123260 0.269977
v 0.048217 0.123260 0.269977
v 0.042269 0.123260 0.270008
v 0.023968 0.123260 0.270009
v 0.005666 0.123260 0.270009
v -0.012635 0.123260 0.270009
v 0.067797 0.121598 0.361990
v 0.074330 0.121598 0.361990
v 0.073988 0.121598 0.369560
v 0.068438 0.121598 0.369560
v -0.062656 0.121598 0.369560
v -0.062998 0.121598 0.361990
v -0.056455 0.121598 0.361990
v -0.057096 0.121598 0.369560
v 0.076646 0.121598 0.376650
v 0.068438 0.121598 0.376650
v -0.057096 0.121598 0.376650
v -0.065315 0.121598 0.376650
v 0.078046 0.121974 0.377729
v 0.068438 0.121974 0.377729
v -0.057097 0.121974 0.377729
v -0.066714 0.121974 0.377729
v 0.079798 0.122458 0.377865
v 0.068439 0.122458 0.377865
v -0.057097 0.122458 0.377865
v -0.068467 0.122458 0.377865
v -0.057097 0.123260 0.377431
v 0.022135 0.121598 0.361990
v 0.016005 0.121598 0.390979
v 0.005671 0.121598 0.391286
v 0.005671 0.121598 0.361350
v 0.014891 0.121598 0.404061
v 0.005671 0.121598 0.404964
v 0.014894 0.121974 0.405136
v 0.005671 0.121974 0.406043
v 0.014896 0.122458 0.405266
v 0.005671 0.122458 0.406179
v -0.057097 0.123260 0.374013
v -0.055967 0.123260 0.366938
v -0.064217 0.121598 0.369560
v -0.064566 0.121598 0.361990
v -0.066941 0.121598 0.376650
v -0.068374 0.121974 0.377729
v -0.070170 0.122458 0.377865
v -0.066326 0.123260 0.360038
v 0.082607 0.123260 0.377431
v 0.082572 0.123260 0.375355
v 0.081925 0.123260 0.374013
v 0.080241 0.123260 0.372870
v 0.078224 0.123260 0.366524
v 0.077784 0.123260 0.360711
v 0.077753 0.123260 0.360125
v 0.075898 0.121598 0.361990
v 0.075548 0.121598 0.369560
v 0.078272 0.121598 0.376650
v 0.079706 0.121974 0.377729
v 0.081502 0.122458 0.377865
v 0.077658 0.123260 0.360038
v 0.067351 0.123260 0.377889
v 0.067322 0.123260 0.374441
v 0.064251 0.123260 0.377202
v 0.065349 0.123260 0.379941
v 0.059228 0.123260 0.368514
v 0.039890 0.123260 0.360919
v 0.047945 0.121598 0.361990
v 0.067324 0.121598 0.369993
v 0.062042 0.121598 0.373988
v 0.067341 0.121598 0.377099
v 0.065105 0.121598 0.379300
v 0.067352 0.121974 0.378189
v 0.065439 0.121974 0.380163
v 0.067354 0.122458 0.378327
v 0.065480 0.122458 0.380279
v 0.030547 0.123260 0.399624
v 0.044164 0.123260 0.391403
v 0.043646 0.123260 0.388030
v 0.032035 0.123260 0.393779
v 0.041684 0.123260 0.381929
v 0.032058 0.123260 0.385043
v 0.037281 0.123260 0.363068
v 0.039160 0.121598 0.361990
v 0.042787 0.121598 0.384486
v 0.031596 0.121598 0.389555
v 0.044163 0.121598 0.390576
v 0.030531 0.121598 0.398851
v 0.044163 0.121974 0.391670
v 0.030536 0.121974 0.399927
v 0.044164 0.122458 0.391824
v 0.030543 0.122458 0.400061
v 0.045409 0.123260 0.390805
v 0.052808 0.123260 0.388077
v 0.051380 0.123260 0.385026
v 0.045357 0.123260 0.387295
v 0.047976 0.123260 0.377443
v 0.044712 0.123260 0.381128
v 0.048892 0.121598 0.379841
v 0.044714 0.121598 0.384140
v 0.052462 0.121598 0.387349
v 0.045406 0.121598 0.389974
v 0.052915 0.121974 0.388312
v 0.045407 0.121974 0.391071
v 0.052980 0.122458 0.388448
v 0.045408 0.122458 0.391227
v 0.055884 0.121598 0.378488
v 0.054734 0.123260 0.375928
v 0.059538 0.123260 0.384718
v 0.058183 0.123260 0.381719
v 0.059214 0.121598 0.384000
v 0.059642 0.121974 0.384953
v 0.059702 0.122458 0.385086
v 0.024225 0.123260 0.390127
v 0.023326 0.121598 0.394275
v 0.023017 0.123260 0.403110
v 0.024300 0.123260 0.397104
v 0.023008 0.121598 0.402347
v 0.023011 0.121974 0.403420
v 0.023014 0.122458 0.403549
v -0.004920 0.123260 0.399612
v -0.003556 0.123260 0.404828
v -0.005674 0.123260 0.389017
v -0.022518 0.123260 0.361148
v -0.025563 0.123260 0.357998
v -0.024375 0.123260 0.333228
v -0.021578 0.123260 0.313217
v -0.010793 0.121598 0.361990
v -0.004663 0.121598 0.390979
v -0.003550 0.121598 0.404061
v -0.003552 0.121974 0.405136
v -0.003555 0.122458 0.405266
v -0.056009 0.123260 0.377889
v -0.054007 0.123260 0.379941
v -0.052909 0.123260 0.377202
v -0.055979 0.123260 0.374441
v -0.047886 0.123260 0.368514
v -0.028548 0.123260 0.360919
v -0.036603 0.121598 0.361990
v -0.050700 0.121598 0.373988
v -0.055982 0.121598 0.369993
v -0.053763 0.121598 0.379300
v -0.055999 0.121598 0.377099
v -0.054097 0.121974 0.380163
v -0.056010 0.121974 0.378189
v -0.054139 0.122458 0.380279
v -0.056012 0.122458 0.378327
v -0.019205 0.123260 0.399624
v -0.020693 0.123260 0.393779
v -0.032304 0.123260 0.388030
v -0.032823 0.123260 0.391403
v -0.020716 0.123260 0.385043
v -0.030342 0.123260 0.381929
v -0.025940 0.123260 0.363068
v -0.020254 0.121598 0.389555
v -0.031445 0.121598 0.384486
v -0.027817 0.121598 0.361990
v -0.019190 0.121598 0.398851
v -0.032821 0.121598 0.390576
v -0.019194 0.121974 0.399927
v -0.032821 0.121974 0.391670
v -0.019201 0.122458 0.400061
v -0.032822 0.122458 0.391824
v -0.034067 0.123260 0.390805
v -0.034015 0.123260 0.387295
v -0.040039 0.123260 0.385026
v -0.041466 0.123260 0.388077
v -0.033371 0.123260 0.381128
v -0.036634 0.123260 0.377443
v -0.033373 0.121598 0.384140
v -0.037550 0.121598 0.379841
v -0.034064 0.121598 0.389974
v -0.041120 0.121598 0.387349
v -0.034065 0.121974 0.391071
v -0.041573 0.121974 0.388312
v -0.034067 0.122458 0.391227
v -0.041639 0.122458 0.388448
v -0.044542 0.121598 0.378488
v -0.043392 0.123260 0.375928
v -0.046842 0.123260 0.381719
v -0.048196 0.123260 0.384718
v -0.047872 0.121598 0.384000
v -0.048300 0.121974 0.384953
v -0.048361 0.122458 0.385086
v -0.012884 0.123260 0.390127
v -0.011984 0.121598 0.394275
v -0.012958 0.123260 0.397104
v -0.011675 0.123260 0.403110
v -0.011667 0.121598 0.402347
v -0.011669 0.121974 0.403420
v -0.011672 0.122458 0.403549
vt 0.477089 0.401765
vt 0.477190 0.406101
vt 0.468256 0.406396
vt 0.468256 0.406396
vt 0.468074 0.402064
vt 0.477089 0.401765
vt 0.468074 0.402064
vt 0.467894 0.397638
vt 0.476975 0.397334
vt 0.476975 0.397334
vt 0.477089 0.401765
vt 0.468074 0.402064
vt 0.467811 0.394919
vt 0.476877 0.394610
vt 0.476947 0.396684
vt 0.476947 0.396684
vt 0.467880 0.396988
vt 0.467811 0.394919
vt 0.466469 0.357828
vt 0.464697 0.318666
vt 0.475000 0.318334
vt 0.475000 0.318334
vt 0.475801 0.357521
vt 0.466469 0.357828
vt 0.474048 0.271023
vt 0.475000 0.318334
vt 0.464697 0.318666
vt 0.464697 0.318666
vt 0.462556 0.271398
vt 0.474048 0.271023
vt 0.462556 0.271398
vt 0.460097 0.215273
vt 0.472835 0.214859
vt 0.472835 0.214859
vt 0.474048 0.271023
vt 0.462556 0.271398
vt 0.471308 0.141362
vt 0.472835 0.214859
vt 0.460097 0.215273
vt 0.460097 0.215273
vt 0.456843 0.141823
vt 0.471308 0.141362
vt 0.454232 0.090896
vt 0.470701 0.090365
vt 0.471170 0.111641
vt 0.471170 0.111641
vt 0.455136 0.112159
vt 0.454232 0.090896
vt 0.471477 0.135041
vt 0.471308 0.141362
vt 0.456843 0.141823
vt 0.456843 0.141823
vt 0.456268 0.135511
vt 0.471477 0.135041
vt 0.640182 0.542961
vt 0.637868 0.525300
vt 0.646154 0.524484
vt 0.646154 0.524484
vt 0.647304 0.542259
vt 0.640182 0.542961
vt 0.486152 0.405986
vt 0.477190 0.406101
vt 0.477089 0.401765
vt 0.477089 0.401765
vt 0.486146 0.401640
vt 0.486152 0.405986
vt 0.486146 0.401640
vt 0.477089 0.401765
vt 0.476975 0.397334
vt 0.476975 0.397334
vt 0.486140 0.397189
vt 0.486146 0.401640
vt 0.475801 0.357521
vt 0.485536 0.356928
vt 0.485174 0.394369
vt 0.485174 0.394369
vt 0.476877 0.394610
vt 0.475801 0.357521
vt 0.485536 0.356928
vt 0.475801 0.357521
vt 0.475000 0.318334
vt 0.475000 0.318334
vt 0.485474 0.317786
vt 0.485536 0.356928
vt 0.485474 0.317786
vt 0.475000 0.318334
vt 0.474048 0.271023
vt 0.474048 0.271023
vt 0.485459 0.270531
vt 0.485474 0.317786
vt 0.485459 0.270531
vt 0.474048 0.271023
vt 0.472835 0.214859
vt 0.472835 0.214859
vt 0.485386 0.214526
vt 0.485459 0.270531
vt 0.485386 0.214526
vt 0.472835 0.214859
vt 0.471308 0.141362
vt 0.471308 0.141362
vt 0.485178 0.141984
vt 0.485386 0.214526
vt 0.486018 0.090189
vt 0.470701 0.090365
vt 0.470567 0.083845
vt 0.470567 0.083845
vt 0.486016 0.083673
vt 0.486018 0.090189
vt 0.485178 0.141984
vt 0.471308 0.141362
vt 0.471477 0.135041
vt 0.471477 0.135041
vt 0.485413 0.136468
vt 0.485178 0.141984
vt 0.654468 0.542022
vt 0.647304 0.542259
vt 0.646154 0.524484
vt 0.646154 0.524484
vt 0.654480 0.524210
vt 0.654468 0.542022
vt 0.468256 0.406396
vt 0.459222 0.406877
vt 0.458943 0.402543
vt 0.458943 0.402543
vt 0.468074 0.402064
vt 0.468256 0.406396
vt 0.468074 0.402064
vt 0.458943 0.402543
vt 0.458656 0.398104
vt 0.458656 0.398104
vt 0.467894 0.397638
vt 0.468074 0.402064
vt 0.466469 0.357828
vt 0.467811 0.394919
vt 0.459437 0.395228
vt 0.459437 0.395228
vt 0.456661 0.357885
vt 0.466469 0.357828
vt 0.466469 0.357828
vt 0.456661 0.357885
vt 0.454156 0.318825
vt 0.454156 0.318825
vt 0.464697 0.318666
vt 0.466469 0.357828
vt 0.464697 0.318666
vt 0.454156 0.318825
vt 0.451086 0.271662
vt 0.451086 0.271662
vt 0.462556 0.271398
vt 0.464697 0.318666
vt 0.462556 0.271398
vt 0.451086 0.271662
vt 0.447493 0.215761
vt 0.447493 0.215761
vt 0.460097 0.215273
vt 0.462556 0.271398
vt 0.460097 0.215273
vt 0.447493 0.215761
vt 0.442979 0.143347
vt 0.442979 0.143347
vt 0.456843 0.141823
vt 0.460097 0.215273
vt 0.441348 0.131092
vt 0.455827 0.130782
vt 0.455838 0.132802
vt 0.455838 0.132802
vt 0.441444 0.132579
vt 0.441348 0.131092
vt 0.456843 0.141823
vt 0.442979 0.143347
vt 0.442380 0.137858
vt 0.442380 0.137858
vt 0.456268 0.135511
vt 0.456843 0.141823
vt 0.640182 0.542961
vt 0.633034 0.544143
vt 0.629570 0.526671
vt 0.629570 0.526671
vt 0.637868 0.525300
vt 0.640182 0.542961
vt 0.486139 0.396509
vt 0.485174 0.394369
vt 0.487102 0.394367
vt 0.486730 0.356916
vt 0.485536 0.356928
vt 0.485474 0.317786
vt 0.485474 0.317786
vt 0.486757 0.317777
vt 0.486730 0.356916
vt 0.485459 0.270531
vt 0.486742 0.270525
vt 0.486757 0.317777
vt 0.486757 0.317777
vt 0.485474 0.317786
vt 0.485459 0.270531
vt 0.486742 0.270525
vt 0.485459 0.270531
vt 0.485386 0.214526
vt 0.485386 0.214526
vt 0.486747 0.214522
vt 0.486742 0.270525
vt 0.485178 0.141984
vt 0.486873 0.141980
vt 0.486747 0.214522
vt 0.486747 0.214522
vt 0.485386 0.214526
vt 0.485178 0.141984
vt 0.486873 0.141980
vt 0.485178 0.141984
vt 0.485413 0.136468
vt 0.485413 0.136468
vt 0.486626 0.136465
vt 0.486873 0.141980
vt 0.504306 0.402007
vt 0.504134 0.406339
vt 0.495201 0.406073
vt 0.495201 0.406073
vt 0.495292 0.401737
vt 0.504306 0.402007
vt 0.495292 0.401737
vt 0.495392 0.397308
vt 0.504472 0.397580
vt 0.504472 0.397580
vt 0.504306 0.402007
vt 0.495292 0.401737
vt 0.495480 0.394590
vt 0.504546 0.394856
vt 0.504485 0.396929
vt 0.504485 0.396929
vt 0.495418 0.396659
vt 0.495480 0.394590
vt 0.496522 0.357490
vt 0.497285 0.318298
vt 0.507587 0.318632
vt 0.507587 0.318632
vt 0.505854 0.357783
vt 0.496522 0.357490
vt 0.509693 0.271364
vt 0.507587 0.318632
vt 0.497285 0.318298
vt 0.497285 0.318298
vt 0.498203 0.270998
vt 0.509693 0.271364
vt 0.498203 0.270998
vt 0.499354 0.214842
vt 0.512091 0.215243
vt 0.512091 0.215243
vt 0.509693 0.271364
vt 0.498203 0.270998
vt 0.515268 0.141807
vt 0.512091 0.215243
vt 0.499354 0.214842
vt 0.499354 0.214842
vt 0.500805 0.141344
vt 0.515268 0.141807
vt 0.501456 0.090358
vt 0.517923 0.090880
vt 0.517031 0.112141
vt 0.517031 0.112141
vt 0.500998 0.111634
vt 0.501456 0.090358
vt 0.515841 0.135510
vt 0.515268 0.141807
vt 0.500805 0.141344
vt 0.500805 0.141344
vt 0.500635 0.135008
vt 0.515841 0.135510
vt 0.661710 0.542257
vt 0.662886 0.524484
vt 0.671172 0.525300
vt 0.671172 0.525300
vt 0.668832 0.542958
vt 0.661710 0.542257
vt 0.513080 0.406787
vt 0.504134 0.406339
vt 0.504306 0.402007
vt 0.504306 0.402007
vt 0.513348 0.402453
vt 0.513080 0.406787
vt 0.513348 0.402453
vt 0.504306 0.402007
vt 0.504472 0.397580
vt 0.504472 0.397580
vt 0.513623 0.398015
vt 0.513348 0.402453
vt 0.505854 0.357783
vt 0.515604 0.357817
vt 0.512838 0.395142
vt 0.512838 0.395142
vt 0.504546 0.394856
vt 0.505854 0.357783
vt 0.515604 0.357817
vt 0.505854 0.357783
vt 0.507587 0.318632
vt 0.507587 0.318632
vt 0.518074 0.318761
vt 0.515604 0.357817
vt 0.518074 0.318761
vt 0.507587 0.318632
vt 0.509693 0.271364
vt 0.509693 0.271364
vt 0.521112 0.271607
vt 0.518074 0.318761
vt 0.521112 0.271607
vt 0.509693 0.271364
vt 0.512091 0.215243
vt 0.512091 0.215243
vt 0.524637 0.215714
vt 0.521112 0.271607
vt 0.524637 0.215714
vt 0.512091 0.215243
vt 0.515268 0.141807
vt 0.515268 0.141807
vt 0.529069 0.143313
vt 0.524637 0.215714
vt 0.533219 0.091684
vt 0.517923 0.090880
vt 0.518206 0.084366
vt 0.518206 0.084366
vt 0.533634 0.085182
vt 0.533219 0.091684
vt 0.529069 0.143313
vt 0.515268 0.141807
vt 0.515841 0.135510
vt 0.515841 0.135510
vt 0.529656 0.137824
vt 0.529069 0.143313
vt 0.675905 0.544123
vt 0.668832 0.542958
vt 0.671172 0.525300
vt 0.671172 0.525300
vt 0.679391 0.526655
vt 0.675905 0.544123
vt 0.495201 0.406073
vt 0.486152 0.405986
vt 0.486146 0.401640
vt 0.486146 0.401640
vt 0.495292 0.401737
vt 0.495201 0.406073
vt 0.495292 0.401737
vt 0.486146 0.401640
vt 0.486140 0.397189
vt 0.486140 0.397189
vt 0.495392 0.397308
vt 0.495292 0.401737
vt 0.496522 0.357490
vt 0.495480 0.394590
vt 0.487102 0.394367
vt 0.487102 0.394367
vt 0.486730 0.356916
vt 0.496522 0.357490
vt 0.496522 0.357490
vt 0.486730 0.356916
vt 0.486757 0.317777
vt 0.486757 0.317777
vt 0.497285 0.318298
vt 0.496522 0.357490
vt 0.497285 0.318298
vt 0.486757 0.317777
vt 0.486742 0.270525
vt 0.486742 0.270525
vt 0.498203 0.270998
vt 0.497285 0.318298
vt 0.498203 0.270998
vt 0.486742 0.270525
vt 0.486747 0.214522
vt 0.486747 0.214522
vt 0.499354 0.214842
vt 0.498203 0.270998
vt 0.499354 0.214842
vt 0.486747 0.214522
vt 0.486873 0.141980
vt 0.486873 0.141980
vt 0.500805 0.141344
vt 0.499354 0.214842
vt 0.486030 0.129647
vt 0.500497 0.130261
vt 0.500379 0.132278
vt 0.500379 0.132278
vt 0.486030 0.131137
vt 0.486030 0.129647
vt 0.500805 0.141344
vt 0.486873 0.141980
vt 0.486626 0.136465
vt 0.486626 0.136465
vt 0.500635 0.135008
vt 0.500805 0.141344
vt 0.661710 0.542257
vt 0.654468 0.542022
vt 0.654480 0.524210
vt 0.654480 0.524210
vt 0.662886 0.524484
vt 0.661710 0.542257
vt 0.513665 0.397336
vt 0.512838 0.395142
vt 0.514761 0.395260
vt 0.516796 0.357882
vt 0.515604 0.357817
vt 0.518074 0.318761
vt 0.518074 0.318761
vt 0.519355 0.318835
vt 0.516796 0.357882
vt 0.521112 0.271607
vt 0.522392 0.271682
vt 0.519355 0.318835
vt 0.519355 0.318835
vt 0.518074 0.318761
vt 0.521112 0.271607
vt 0.522392 0.271682
vt 0.521112 0.271607
vt 0.524637 0.215714
vt 0.524637 0.215714
vt 0.525995 0.215796
vt 0.522392 0.271682
vt 0.529069 0.143313
vt 0.530760 0.143416
vt 0.525995 0.215796
vt 0.525995 0.215796
vt 0.524637 0.215714
vt 0.529069 0.143313
vt 0.530760 0.143416
vt 0.529069 0.143313
vt 0.529656 0.137824
vt 0.529656 0.137824
vt 0.530865 0.137898
vt 0.530760 0.143416
vt 0.449919 0.403238
vt 0.450292 0.407555
vt 0.441406 0.408412
vt 0.441406 0.408412
vt 0.440951 0.404106
vt 0.449919 0.403238
vt 0.440951 0.404106
vt 0.440491 0.399706
vt 0.449525 0.398828
vt 0.449525 0.398828
vt 0.449919 0.403238
vt 0.440951 0.404106
vt 0.440235 0.397002
vt 0.449254 0.396117
vt 0.449455 0.398181
vt 0.449455 0.398181
vt 0.440436 0.399059
vt 0.440235 0.397002
vt 0.436505 0.360100
vt 0.432195 0.321137
vt 0.442457 0.320139
vt 0.442457 0.320139
vt 0.445795 0.359192
vt 0.436505 0.360100
vt 0.438447 0.272977
vt 0.442457 0.320139
vt 0.432195 0.321137
vt 0.432195 0.321137
vt 0.426998 0.274090
vt 0.438447 0.272977
vt 0.426998 0.274090
vt 0.420937 0.218215
vt 0.433627 0.216986
vt 0.433627 0.216986
vt 0.438447 0.272977
vt 0.426998 0.274090
vt 0.427404 0.143722
vt 0.433627 0.216986
vt 0.420937 0.218215
vt 0.420937 0.218215
vt 0.412997 0.145104
vt 0.427404 0.143722
vt 0.407138 0.094454
vt 0.423539 0.092869
vt 0.425369 0.114071
vt 0.425369 0.114071
vt 0.409404 0.115612
vt 0.407138 0.094454
vt 0.427170 0.137403
vt 0.427404 0.143722
vt 0.412997 0.145104
vt 0.412997 0.145104
vt 0.412021 0.138841
vt 0.427170 0.137403
vt 0.619206 0.547851
vt 0.613490 0.530981
vt 0.621458 0.528564
vt 0.621458 0.528564
vt 0.626054 0.545773
vt 0.619206 0.547851
vt 0.459222 0.406877
vt 0.450292 0.407555
vt 0.449919 0.403238
vt 0.449919 0.403238
vt 0.458943 0.402543
vt 0.459222 0.406877
vt 0.458943 0.402543
vt 0.449919 0.403238
vt 0.449525 0.398828
vt 0.449525 0.398828
vt 0.458656 0.398104
vt 0.458943 0.402543
vt 0.445795 0.359192
vt 0.455470 0.357973
vt 0.457514 0.395350
vt 0.457514 0.395350
vt 0.449254 0.396117
vt 0.445795 0.359192
vt 0.455470 0.357973
vt 0.445795 0.359192
vt 0.442457 0.320139
vt 0.442457 0.320139
vt 0.452876 0.318916
vt 0.455470 0.357973
vt 0.452876 0.318916
vt 0.442457 0.320139
vt 0.438447 0.272977
vt 0.438447 0.272977
vt 0.449806 0.271750
vt 0.452876 0.318916
vt 0.449806 0.271750
vt 0.438447 0.272977
vt 0.433627 0.216986
vt 0.433627 0.216986
vt 0.446135 0.215851
vt 0.449806 0.271750
vt 0.446135 0.215851
vt 0.433627 0.216986
vt 0.427404 0.143722
vt 0.427404 0.143722
vt 0.441288 0.143458
vt 0.446135 0.215851
vt 0.438814 0.091714
vt 0.423539 0.092869
vt 0.422987 0.086371
vt 0.422987 0.086371
vt 0.438395 0.085212
vt 0.438814 0.091714
vt 0.441288 0.143458
vt 0.427404 0.143722
vt 0.427170 0.137403
vt 0.427170 0.137403
vt 0.441170 0.137938
vt 0.441288 0.143458
vt 0.633034 0.544143
vt 0.626054 0.545773
vt 0.621458 0.528564
vt 0.621458 0.528564
vt 0.629570 0.526671
vt 0.633034 0.544143
vt 0.441406 0.408412
vt 0.432437 0.409461
vt 0.431884 0.405161
vt 0.431884 0.405161
vt 0.440951 0.404106
vt 0.441406 0.408412
vt 0.440951 0.404106
vt 0.431884 0.405161
vt 0.431315 0.400757
vt 0.431315 0.400757
vt 0.440491 0.399706
vt 0.440951 0.404106
vt 0.436505 0.360100
vt 0.440235 0.397002
vt 0.431910 0.397844
vt 0.431910 0.397844
vt 0.426725 0.360791
vt 0.436505 0.360100
vt 0.436505 0.360100
vt 0.426725 0.360791
vt 0.421685 0.321978
vt 0.421685 0.321978
vt 0.432195 0.321137
vt 0.436505 0.360100
vt 0.432195 0.321137
vt 0.421685 0.321978
vt 0.415564 0.275093
vt 0.415564 0.275093
vt 0.426998 0.274090
vt 0.432195 0.321137
vt 0.426998 0.274090
vt 0.415564 0.275093
vt 0.408385 0.219508
vt 0.408385 0.219508
vt 0.420937 0.218215
vt 0.426998 0.274090
vt 0.420937 0.218215
vt 0.408385 0.219508
vt 0.399256 0.147508
vt 0.399256 0.147508
vt 0.412997 0.145104
vt 0.420937 0.218215
vt 0.396847 0.135380
vt 0.411278 0.134151
vt 0.411418 0.136166
vt 0.411418 0.136166
vt 0.397038 0.136858
vt 0.396847 0.135380
vt 0.412997 0.145104
vt 0.399256 0.147508
vt 0.398308 0.142068
vt 0.398308 0.142068
vt 0.412021 0.138841
vt 0.412997 0.145104
vt 0.619206 0.547851
vt 0.612425 0.550405
vt 0.605619 0.533944
vt 0.605619 0.533944
vt 0.613490 0.530981
vt 0.619206 0.547851
vt 0.458612 0.397425
vt 0.457514 0.395350
vt 0.459437 0.395228
vt 0.456661 0.357885
vt 0.455470 0.357973
vt 0.452876 0.318916
vt 0.452876 0.318916
vt 0.454156 0.318825
vt 0.456661 0.357885
vt 0.449806 0.271750
vt 0.451086 0.271662
vt 0.454156 0.318825
vt 0.454156 0.318825
vt 0.452876 0.318916
vt 0.449806 0.271750
vt 0.451086 0.271662
vt 0.449806 0.271750
vt 0.446135 0.215851
vt 0.446135 0.215851
vt 0.447493 0.215761
vt 0.451086 0.271662
vt 0.441288 0.143458
vt 0.442979 0.143347
vt 0.447493 0.215761
vt 0.447493 0.215761
vt 0.446135 0.215851
vt 0.441288 0.143458
vt 0.442979 0.143347
vt 0.441288 0.143458
vt 0.441170 0.137938
vt 0.441170 0.137938
vt 0.442380 0.137858
vt 0.442979 0.143347
vt 0.422941 0.406428
vt 0.423588 0.410702
vt 0.414800 0.412123
vt 0.414800 0.412123
vt 0.414070 0.407867
vt 0.422941 0.406428
vt 0.414070 0.407867
vt 0.413329 0.403517
vt 0.422267 0.402062
vt 0.422267 0.402062
vt 0.422941 0.406428
vt 0.414070 0.407867
vt 0.412899 0.400843
vt 0.421824 0.399380
vt 0.422157 0.401422
vt 0.422157 0.401422
vt 0.413232 0.402878
vt 0.412899 0.400843
vt 0.406768 0.364310
vt 0.399913 0.325715
vt 0.410092 0.324050
vt 0.410092 0.324050
vt 0.415973 0.362799
vt 0.406768 0.364310
vt 0.403027 0.277220
vt 0.410092 0.324050
vt 0.399913 0.325715
vt 0.399913 0.325715
vt 0.391664 0.279070
vt 0.403027 0.277220
vt 0.391664 0.279070
vt 0.382026 0.223652
vt 0.394618 0.221616
vt 0.394618 0.221616
vt 0.403027 0.277220
vt 0.391664 0.279070
vt 0.383737 0.148874
vt 0.394618 0.221616
vt 0.382026 0.223652
vt 0.382026 0.223652
vt 0.369447 0.151173
vt 0.383737 0.148874
vt 0.360361 0.101023
vt 0.376632 0.098402
vt 0.379750 0.119359
vt 0.379750 0.119359
vt 0.363957 0.121985
vt 0.360361 0.101023
vt 0.383098 0.142580
vt 0.383737 0.148874
vt 0.369447 0.151173
vt 0.369447 0.151173
vt 0.368072 0.144986
vt 0.383098 0.142580
vt 0.599586 0.556740
vt 0.590689 0.541309
vt 0.598033 0.537384
vt 0.598033 0.537384
vt 0.605897 0.553366
vt 0.599586 0.556740
vt 0.432437 0.409461
vt 0.423588 0.410702
vt 0.422941 0.406428
vt 0.422941 0.406428
vt 0.431884 0.405161
vt 0.432437 0.409461
vt 0.431884 0.405161
vt 0.422941 0.406428
vt 0.422267 0.402062
vt 0.422267 0.402062
vt 0.431315 0.400757
vt 0.431884 0.405161
vt 0.415973 0.362799
vt 0.425543 0.360954
vt 0.430004 0.398086
vt 0.430004 0.398086
vt 0.421824 0.399380
vt 0.415973 0.362799
vt 0.425543 0.360954
vt 0.415973 0.362799
vt 0.410092 0.324050
vt 0.410092 0.324050
vt 0.420412 0.322152
vt 0.425543 0.360954
vt 0.420412 0.322152
vt 0.410092 0.324050
vt 0.403027 0.277220
vt 0.403027 0.277220
vt 0.414290 0.275263
vt 0.420412 0.322152
vt 0.414290 0.275263
vt 0.403027 0.277220
vt 0.394618 0.221616
vt 0.394618 0.221616
vt 0.407034 0.219683
vt 0.414290 0.275263
vt 0.407034 0.219683
vt 0.394618 0.221616
vt 0.383737 0.148874
vt 0.383737 0.148874
vt 0.397576 0.147726
vt 0.407034 0.219683
vt 0.391805 0.096260
vt 0.376632 0.098402
vt 0.375664 0.091949
vt 0.375664 0.091949
vt 0.390968 0.089798
vt 0.391805 0.096260
vt 0.397576 0.147726
vt 0.383737 0.148874
vt 0.383098 0.142580
vt 0.383098 0.142580
vt 0.397106 0.142224
vt 0.397576 0.147726
vt 0.612425 0.550405
vt 0.605897 0.553366
vt 0.598033 0.537384
vt 0.598033 0.537384
vt 0.605619 0.533944
vt 0.612425 0.550405
vt 0.414800 0.412123
vt 0.405945 0.413743
vt 0.405117 0.409503
vt 0.405117 0.409503
vt 0.414070 0.407867
vt 0.414800 0.412123
vt 0.414070 0.407867
vt 0.405117 0.409503
vt 0.404265 0.405158
vt 0.404265 0.405158
vt 0.413329 0.403517
vt 0.414070 0.407867
vt 0.406768 0.364310
vt 0.412899 0.400843
vt 0.404666 0.402222
vt 0.404666 0.402222
vt 0.397061 0.365641
vt 0.406768 0.364310
vt 0.406768 0.364310
vt 0.397061 0.365641
vt 0.389474 0.327242
vt 0.389474 0.327242
vt 0.399913 0.325715
vt 0.406768 0.364310
vt 0.399913 0.325715
vt 0.389474 0.327242
vt 0.380306 0.280811
vt 0.380306 0.280811
vt 0.391664 0.279070
vt 0.399913 0.325715
vt 0.391664 0.279070
vt 0.380306 0.280811
vt 0.369573 0.225743
vt 0.369573 0.225743
vt 0.382026 0.223652
vt 0.391664 0.279070
vt 0.382026 0.223652
vt 0.369573 0.225743
vt 0.355891 0.154447
vt 0.355891 0.154447
vt 0.369447 0.151173
vt 0.382026 0.223652
vt 0.352711 0.142504
vt 0.367027 0.140353
vt 0.367297 0.142355
vt 0.367297 0.142355
vt 0.352996 0.143966
vt 0.352711 0.142504
vt 0.369447 0.151173
vt 0.355891 0.154447
vt 0.354599 0.149081
vt 0.354599 0.149081
vt 0.368072 0.144986
vt 0.369447 0.151173
vt 0.599586 0.556740
vt 0.593434 0.560567
vt 0.583548 0.545751
vt 0.583548 0.545751
vt 0.590689 0.541309
vt 0.599586 0.556740
vt 0.431228 0.400084
vt 0.430004 0.398086
vt 0.431910 0.397844
vt 0.426725 0.360791
vt 0.425543 0.360954
vt 0.420412 0.322152
vt 0.420412 0.322152
vt 0.421685 0.321978
vt 0.426725 0.360791
vt 0.414290 0.275263
vt 0.415564 0.275093
vt 0.421685 0.321978
vt 0.421685 0.321978
vt 0.420412 0.322152
vt 0.414290 0.275263
vt 0.415564 0.275093
vt 0.414290 0.275263
vt 0.407034 0.219683
vt 0.407034 0.219683
vt 0.408385 0.219508
vt 0.415564 0.275093
vt 0.397576 0.147726
vt 0.399256 0.147508
vt 0.408385 0.219508
vt 0.408385 0.219508
vt 0.407034 0.219683
vt 0.397576 0.147726
vt 0.399256 0.147508
vt 0.397576 0.147726
vt 0.397106 0.142224
vt 0.397106 0.142224
vt 0.398308 0.142068
vt 0.399256 0.147508
vt 0.396305 0.411346
vt 0.397227 0.415553
vt 0.388584 0.417540
vt 0.388584 0.417540
vt 0.387579 0.413359
vt 0.396305 0.411346
vt 0.387579 0.413359
vt 0.386554 0.409084
vt 0.395348 0.407047
vt 0.395348 0.407047
vt 0.396305 0.411346
vt 0.387579 0.413359
vt 0.385949 0.406453
vt 0.394732 0.404407
vt 0.395197 0.406418
vt 0.395197 0.406418
vt 0.386415 0.408454
vt 0.385949 0.406453
vt 0.377393 0.370471
vt 0.367976 0.332405
vt 0.378033 0.330072
vt 0.378033 0.330072
vt 0.386472 0.368352
vt 0.377393 0.370471
vt 0.367915 0.283744
vt 0.378033 0.330072
vt 0.367976 0.332405
vt 0.367976 0.332405
vt 0.356677 0.286328
vt 0.367915 0.283744
vt 0.356677 0.286328
vt 0.343505 0.231553
vt 0.355955 0.228721
vt 0.355955 0.228721
vt 0.367915 0.283744
vt 0.356677 0.286328
vt 0.340500 0.156794
vt 0.355955 0.228721
vt 0.343505 0.231553
vt 0.343505 0.231553
vt 0.326393 0.159986
vt 0.340500 0.156794
vt 0.314148 0.110555
vt 0.330190 0.106894
vt 0.334705 0.127666
vt 0.334705 0.127666
vt 0.319083 0.131221
vt 0.314148 0.110555
vt 0.339464 0.150560
vt 0.340500 0.156794
vt 0.326393 0.159986
vt 0.326393 0.159986
vt 0.324632 0.153902
vt 0.339464 0.150560
vt 0.582078 0.569285
vt 0.570341 0.555887
vt 0.576778 0.550604
vt 0.576778 0.550604
vt 0.587609 0.564745
vt 0.582078 0.569285
vt 0.405945 0.413743
vt 0.397227 0.415553
vt 0.396305 0.411346
vt 0.396305 0.411346
vt 0.405117 0.409503
vt 0.405945 0.413743
vt 0.405117 0.409503
vt 0.396305 0.411346
vt 0.395348 0.407047
vt 0.395348 0.407047
vt 0.404265 0.405158
vt 0.405117 0.409503
vt 0.386472 0.368352
vt 0.395893 0.365881
vt 0.402787 0.402585
vt 0.402787 0.402585
vt 0.394732 0.404407
vt 0.386472 0.368352
vt 0.395893 0.365881
vt 0.386472 0.368352
vt 0.378033 0.330072
vt 0.378033 0.330072
vt 0.388214 0.327498
vt 0.395893 0.365881
vt 0.388214 0.327498
vt 0.378033 0.330072
vt 0.367915 0.283744
vt 0.367915 0.283744
vt 0.379043 0.281062
vt 0.388214 0.327498
vt 0.379043 0.281062
vt 0.367915 0.283744
vt 0.355955 0.228721
vt 0.355955 0.228721
vt 0.368234 0.226003
vt 0.379043 0.281062
vt 0.368234 0.226003
vt 0.355955 0.228721
vt 0.340500 0.156794
vt 0.340500 0.156794
vt 0.354231 0.154772
vt 0.368234 0.226003
vt 0.345180 0.103800
vt 0.330190 0.106894
vt 0.328812 0.100527
vt 0.328812 0.100527
vt 0.343933 0.097409
vt 0.345180 0.103800
vt 0.354231 0.154772
vt 0.340500 0.156794
vt 0.339464 0.150560
vt 0.339464 0.150560
vt 0.353411 0.149314
vt 0.354231 0.154772
vt 0.593434 0.560567
vt 0.587609 0.564745
vt 0.576778 0.550604
vt 0.576778 0.550604
vt 0.583548 0.545751
vt 0.593434 0.560567
vt 0.388584 0.417540
vt 0.379894 0.419735
vt 0.378789 0.415578
vt 0.378789 0.415578
vt 0.387579 0.413359
vt 0.388584 0.417540
vt 0.387579 0.413359
vt 0.378789 0.415578
vt 0.377652 0.411317
vt 0.377652 0.411317
vt 0.386554 0.409084
vt 0.387579 0.413359
vt 0.377393 0.370471
vt 0.385949 0.406453
vt 0.377854 0.408373
vt 0.377854 0.408373
vt 0.367804 0.372448
vt 0.377393 0.370471
vt 0.377393 0.370471
vt 0.367804 0.372448
vt 0.357648 0.334622
vt 0.357648 0.334622
vt 0.367976 0.332405
vt 0.377393 0.370471
vt 0.367976 0.332405
vt 0.357648 0.334622
vt 0.345433 0.288802
vt 0.345433 0.288802
vt 0.356677 0.286328
vt 0.367976 0.332405
vt 0.356677 0.286328
vt 0.345433 0.288802
vt 0.331194 0.234428
vt 0.331194 0.234428
vt 0.343505 0.231553
vt 0.356677 0.286328
vt 0.343505 0.231553
vt 0.331194 0.234428
vt 0.313078 0.164099
vt 0.313078 0.164099
vt 0.326393 0.159986
vt 0.343505 0.231553
vt 0.309158 0.152388
vt 0.323296 0.149347
vt 0.323691 0.151327
vt 0.323691 0.151327
vt 0.309535 0.153828
vt 0.309158 0.152388
vt 0.326393 0.159986
vt 0.313078 0.164099
vt 0.311455 0.158828
vt 0.311455 0.158828
vt 0.324632 0.153902
vt 0.326393 0.159986
vt 0.582078 0.569285
vt 0.576791 0.574240
vt 0.564204 0.561636
vt 0.564204 0.561636
vt 0.570341 0.555887
vt 0.582078 0.569285
vt 0.404134 0.404494
vt 0.402787 0.402585
vt 0.404666 0.402222
vt 0.397061 0.365641
vt 0.395893 0.365881
vt 0.388214 0.327498
vt 0.388214 0.327498
vt 0.389474 0.327242
vt 0.397061 0.365641
vt 0.379043 0.281062
vt 0.380306 0.280811
vt 0.389474 0.327242
vt 0.389474 0.327242
vt 0.388214 0.327498
vt 0.379043 0.281062
vt 0.380306 0.280811
vt 0.379043 0.281062
vt 0.368234 0.226003
vt 0.368234 0.226003
vt 0.369573 0.225743
vt 0.380306 0.280811
vt 0.354231 0.154772
vt 0.355891 0.154447
vt 0.369573 0.225743
vt 0.369573 0.225743
vt 0.368234 0.226003
vt 0.354231 0.154772
vt 0.355891 0.154447
vt 0.354231 0.154772
vt 0.353411 0.149314
vt 0.353411 0.149314
vt 0.354599 0.149081
vt 0.355891 0.154447
vt 0.370160 0.417997
vt 0.371358 0.422112
vt 0.362916 0.424667
vt 0.362916 0.424667
vt 0.361634 0.420588
vt 0.370160 0.417997
vt 0.361634 0.420588
vt 0.360324 0.416415
vt 0.368920 0.413793
vt 0.368920 0.413793
vt 0.370160 0.417997
vt 0.361634 0.420588
vt 0.359542 0.413844
vt 0.368130 0.411211
vt 0.368727 0.413177
vt 0.368727 0.413177
vt 0.360142 0.415800
vt 0.359542 0.413844
vt 0.348518 0.378606
vt 0.336498 0.341224
vt 0.346399 0.338214
vt 0.346399 0.338214
vt 0.357428 0.375869
vt 0.348518 0.378606
vt 0.333224 0.292539
vt 0.346399 0.338214
vt 0.336498 0.341224
vt 0.336498 0.341224
vt 0.322142 0.295852
vt 0.333224 0.292539
vt 0.322142 0.295852
vt 0.305497 0.241867
vt 0.317769 0.238259
vt 0.317769 0.238259
vt 0.333224 0.292539
vt 0.322142 0.295852
vt 0.297883 0.167395
vt 0.317769 0.238259
vt 0.305497 0.241867
vt 0.305497 0.241867
vt 0.284016 0.171447
vt 0.297883 0.167395
vt 0.268741 0.122994
vt 0.284473 0.118333
vt 0.290285 0.138730
vt 0.290285 0.138730
vt 0.274951 0.143247
vt 0.268741 0.122994
vt 0.296463 0.161245
vt 0.297883 0.167395
vt 0.284016 0.171447
vt 0.284016 0.171447
vt 0.281887 0.165492
vt 0.296463 0.161245
vt 0.567353 0.585006
vt 0.553229 0.574154
vt 0.558511 0.567717
vt 0.558511 0.567717
vt 0.571892 0.579473
vt 0.567353 0.585006
vt 0.379894 0.419735
vt 0.371358 0.422112
vt 0.370160 0.417997
vt 0.370160 0.417997
vt 0.378789 0.415578
vt 0.379894 0.419735
vt 0.378789 0.415578
vt 0.370160 0.417997
vt 0.368920 0.413793
vt 0.368920 0.413793
vt 0.377652 0.411317
vt 0.378789 0.415578
vt 0.357428 0.375869
vt 0.366654 0.372766
vt 0.376014 0.408857
vt 0.376014 0.408857
vt 0.368130 0.411211
vt 0.357428 0.375869
vt 0.366654 0.372766
vt 0.357428 0.375869
vt 0.346399 0.338214
vt 0.346399 0.338214
vt 0.356404 0.334963
vt 0.366654 0.372766
vt 0.356404 0.334963
vt 0.346399 0.338214
vt 0.333224 0.292539
vt 0.333224 0.292539
vt 0.344184 0.289136
vt 0.356404 0.334963
vt 0.344184 0.289136
vt 0.333224 0.292539
vt 0.317769 0.238259
vt 0.317769 0.238259
vt 0.329870 0.234771
vt 0.344184 0.289136
vt 0.329870 0.234771
vt 0.317769 0.238259
vt 0.297883 0.167395
vt 0.297883 0.167395
vt 0.311449 0.164525
vt 0.329870 0.234771
vt 0.299202 0.114295
vt 0.284473 0.118333
vt 0.282693 0.112083
vt 0.282693 0.112083
vt 0.297549 0.108009
vt 0.299202 0.114295
vt 0.311449 0.164525
vt 0.297883 0.167395
vt 0.296463 0.161245
vt 0.296463 0.161245
vt 0.310287 0.159134
vt 0.311449 0.164525
vt 0.576791 0.574240
vt 0.571892 0.579473
vt 0.558511 0.567717
vt 0.558511 0.567717
vt 0.564204 0.561636
vt 0.576791 0.574240
vt 0.362916 0.424667
vt 0.354452 0.427438
vt 0.353068 0.423394
vt 0.353068 0.423394
vt 0.361634 0.420588
vt 0.362916 0.424667
vt 0.361634 0.420588
vt 0.353068 0.423394
vt 0.351643 0.419247
vt 0.351643 0.419247
vt 0.360324 0.416415
vt 0.361634 0.420588
vt 0.348518 0.378606
vt 0.359542 0.413844
vt 0.351635 0.416314
vt 0.351635 0.416314
vt 0.339088 0.381244
vt 0.348518 0.378606
vt 0.348518 0.378606
vt 0.339088 0.381244
vt 0.326315 0.344140
vt 0.326315 0.344140
vt 0.336498 0.341224
vt 0.348518 0.378606
vt 0.336498 0.341224
vt 0.326315 0.344140
vt 0.311041 0.299057
vt 0.311041 0.299057
vt 0.322142 0.295852
vt 0.336498 0.341224
vt 0.322142 0.295852
vt 0.311041 0.299057
vt 0.293363 0.245505
vt 0.293363 0.245505
vt 0.305497 0.241867
vt 0.322142 0.295852
vt 0.305497 0.241867
vt 0.293363 0.245505
vt 0.270996 0.176359
vt 0.270996 0.176359
vt 0.284016 0.171447
vt 0.305497 0.241867
vt 0.266377 0.164931
vt 0.280270 0.161036
vt 0.280787 0.162984
vt 0.280787 0.162984
vt 0.266842 0.166342
vt 0.266377 0.164931
vt 0.284016 0.171447
vt 0.270996 0.176359
vt 0.269061 0.171205
vt 0.269061 0.171205
vt 0.281887 0.165492
vt 0.284016 0.171447
vt 0.567353 0.585006
vt 0.563134 0.590896
vt 0.548331 0.580990
vt 0.548331 0.580990
vt 0.553229 0.574154
vt 0.567353 0.585006
vt 0.377478 0.410665
vt 0.376014 0.408857
vt 0.377854 0.408373
vt 0.367804 0.372448
vt 0.366654 0.372766
vt 0.356404 0.334963
vt 0.356404 0.334963
vt 0.357648 0.334622
vt 0.367804 0.372448
vt 0.344184 0.289136
vt 0.345433 0.288802
vt 0.357648 0.334622
vt 0.357648 0.334622
vt 0.356404 0.334963
vt 0.344184 0.289136
vt 0.345433 0.288802
vt 0.344184 0.289136
vt 0.329870 0.234771
vt 0.329870 0.234771
vt 0.331194 0.234428
vt 0.345433 0.288802
vt 0.311449 0.164525
vt 0.313078 0.164099
vt 0.331194 0.234428
vt 0.331194 0.234428
vt 0.329870 0.234771
vt 0.311449 0.164525
vt 0.313078 0.164099
vt 0.311449 0.164525
vt 0.310287 0.159134
vt 0.310287 0.159134
vt 0.311455 0.158828
vt 0.313078 0.164099
vt 0.344684 0.426399
vt 0.346163 0.430390
vt 0.337989 0.433522
vt 0.337989 0.433522
vt 0.336423 0.429577
vt 0.344684 0.426399
vt 0.336423 0.429577
vt 0.334821 0.425538
vt 0.343156 0.422318
vt 0.343156 0.422318
vt 0.344684 0.426399
vt 0.336423 0.429577
vt 0.333857 0.423048
vt 0.342189 0.419814
vt 0.342922 0.421722
vt 0.342922 0.421722
vt 0.334595 0.424943
vt 0.333857 0.423048
vt 0.320275 0.388762
vt 0.305574 0.352206
vt 0.315291 0.348507
vt 0.315291 0.348507
vt 0.328974 0.385390
vt 0.320275 0.388762
vt 0.299037 0.303593
vt 0.315291 0.348507
vt 0.305574 0.352206
vt 0.305574 0.352206
vt 0.288132 0.307632
vt 0.299037 0.303593
vt 0.288132 0.307632
vt 0.268093 0.254518
vt 0.280161 0.250161
vt 0.280161 0.250161
vt 0.299037 0.303593
vt 0.288132 0.307632
vt 0.256063 0.180557
vt 0.280161 0.250161
vt 0.268093 0.254518
vt 0.268093 0.254518
vt 0.242489 0.185416
vt 0.256063 0.180557
vt 0.224415 0.138169
vt 0.239738 0.132581
vt 0.246765 0.152488
vt 0.246765 0.152488
vt 0.231799 0.157898
vt 0.224415 0.138169
vt 0.254279 0.174517
vt 0.256063 0.180557
vt 0.242489 0.185416
vt 0.242489 0.185416
vt 0.240018 0.179611
vt 0.254279 0.174517
vt 0.555978 0.603296
vt 0.540008 0.595408
vt 0.543933 0.588065
vt 0.543933 0.588065
vt 0.559351 0.596984
vt 0.555978 0.603296
vt 0.354452 0.427438
vt 0.346163 0.430390
vt 0.344684 0.426399
vt 0.344684 0.426399
vt 0.353068 0.423394
vt 0.354452 0.427438
vt 0.353068 0.423394
vt 0.344684 0.426399
vt 0.343156 0.422318
vt 0.343156 0.422318
vt 0.351643 0.419247
vt 0.353068 0.423394
vt 0.328974 0.385390
vt 0.337963 0.381641
vt 0.349850 0.416920
vt 0.349850 0.416920
vt 0.342189 0.419814
vt 0.328974 0.385390
vt 0.337963 0.381641
vt 0.328974 0.385390
vt 0.315291 0.348507
vt 0.315291 0.348507
vt 0.325089 0.344567
vt 0.337963 0.381641
vt 0.325089 0.344567
vt 0.315291 0.348507
vt 0.299037 0.303593
vt 0.299037 0.303593
vt 0.309806 0.299473
vt 0.325089 0.344567
vt 0.309806 0.299473
vt 0.299037 0.303593
vt 0.280161 0.250161
vt 0.280161 0.250161
vt 0.292056 0.245930
vt 0.309806 0.299473
vt 0.292056 0.245930
vt 0.280161 0.250161
vt 0.256063 0.180557
vt 0.256063 0.180557
vt 0.269409 0.176879
vt 0.292056 0.245930
vt 0.254117 0.127653
vt 0.239738 0.132581
vt 0.237581 0.126488
vt 0.237581 0.126488
vt 0.252077 0.121512
vt 0.254117 0.127653
vt 0.269409 0.176879
vt 0.256063 0.180557
vt 0.254279 0.174517
vt 0.254279 0.174517
vt 0.267919 0.171581
vt 0.269409 0.176879
vt 0.563134 0.590896
vt 0.559351 0.596984
vt 0.543933 0.588065
vt 0.543933 0.588065
vt 0.548331 0.580990
vt 0.563134 0.590896
vt 0.337989 0.433522
vt 0.329820 0.436883
vt 0.328149 0.432985
vt 0.328149 0.432985
vt 0.336423 0.429577
vt 0.337989 0.433522
vt 0.336423 0.429577
vt 0.328149 0.432985
vt 0.326429 0.428986
vt 0.326429 0.428986
vt 0.334821 0.425538
vt 0.336423 0.429577
vt 0.320275 0.388762
vt 0.333857 0.423048
vt 0.326196 0.426084
vt 0.326196 0.426084
vt 0.311050 0.392088
vt 0.320275 0.388762
vt 0.320275 0.388762
vt 0.311050 0.392088
vt 0.295561 0.355840
vt 0.295561 0.355840
vt 0.305574 0.352206
vt 0.320275 0.388762
vt 0.305574 0.352206
vt 0.295561 0.355840
vt 0.277187 0.311567
vt 0.277187 0.311567
vt 0.288132 0.307632
vt 0.305574 0.352206
vt 0.288132 0.307632
vt 0.277187 0.311567
vt 0.256156 0.258892
vt 0.256156 0.258892
vt 0.268093 0.254518
vt 0.288132 0.307632
vt 0.268093 0.254518
vt 0.256156 0.258892
vt 0.229805 0.191067
vt 0.229805 0.191067
vt 0.242489 0.185416
vt 0.268093 0.254518
vt 0.224550 0.179955
vt 0.238142 0.175271
vt 0.238773 0.177179
vt 0.238773 0.177179
vt 0.225096 0.181332
vt 0.224550 0.179955
vt 0.242489 0.185416
vt 0.229805 0.191067
vt 0.227585 0.186045
vt 0.227585 0.186045
vt 0.240018 0.179611
vt 0.242489 0.185416
vt 0.555978 0.603296
vt 0.552989 0.609896
vt 0.536538 0.603069
vt 0.536538 0.603069
vt 0.540008 0.595408
vt 0.555978 0.603296
vt 0.351425 0.418612
vt 0.349850 0.416920
vt 0.351635 0.416314
vt 0.339088 0.381244
vt 0.337963 0.381641
vt 0.325089 0.344567
vt 0.325089 0.344567
vt 0.326315 0.344140
vt 0.339088 0.381244
vt 0.309806 0.299473
vt 0.311041 0.299057
vt 0.326315 0.344140
vt 0.326315 0.344140
vt 0.325089 0.344567
vt 0.309806 0.299473
vt 0.311041 0.299057
vt 0.309806 0.299473
vt 0.292056 0.245930
vt 0.292056 0.245930
vt 0.293363 0.245505
vt 0.311041 0.299057
vt 0.269409 0.176879
vt 0.270996 0.176359
vt 0.293363 0.245505
vt 0.293363 0.245505
vt 0.292056 0.245930
vt 0.269409 0.176879
vt 0.270996 0.176359
vt 0.269409 0.176879
vt 0.267919 0.171581
vt 0.267919 0.171581
vt 0.269061 0.171205
vt 0.270996 0.176359
vt 0.320083 0.436593
vt 0.321851 0.440425
vt 0.314023 0.444155
vt 0.314023 0.444155
vt 0.312162 0.440383
vt 0.320083 0.436593
vt 0.312162 0.440383
vt 0.310255 0.436516
vt 0.318257 0.432673
vt 0.318257 0.432673
vt 0.320083 0.436593
vt 0.312162 0.440383
vt 0.309100 0.434128
vt 0.317107 0.430267
vt 0.317979 0.432101
vt 0.317979 0.432101
vt 0.309983 0.435945
vt 0.309100 0.434128
vt 0.292804 0.401035
vt 0.275267 0.365429
vt 0.284783 0.361010
vt 0.284783 0.361010
vt 0.301248 0.396992
vt 0.292804 0.401035
vt 0.265394 0.316904
vt 0.284783 0.361010
vt 0.275267 0.365429
vt 0.275267 0.365429
vt 0.254663 0.321673
vt 0.265394 0.316904
vt 0.254663 0.321673
vt 0.231327 0.269409
vt 0.243186 0.264339
vt 0.243186 0.264339
vt 0.265394 0.316904
vt 0.254663 0.321673
vt 0.215189 0.196095
vt 0.243186 0.264339
vt 0.231327 0.269409
vt 0.231327 0.269409
vt 0.201942 0.201688
vt 0.215189 0.196095
vt 0.181404 0.155754
vt 0.196253 0.149373
vt 0.204351 0.168710
vt 0.204351 0.168710
vt 0.189801 0.174910
vt 0.181404 0.155754
vt 0.213070 0.190183
vt 0.215189 0.196095
vt 0.201942 0.201688
vt 0.201942 0.201688
vt 0.199165 0.196045
vt 0.213070 0.190183
vt 0.548390 0.623454
vt 0.531188 0.618833
vt 0.533605 0.610865
vt 0.533605 0.610865
vt 0.550467 0.616606
vt 0.548390 0.623454
vt 0.329820 0.436883
vt 0.321851 0.440425
vt 0.320083 0.436593
vt 0.320083 0.436593
vt 0.328149 0.432985
vt 0.329820 0.436883
vt 0.328149 0.432985
vt 0.320083 0.436593
vt 0.318257 0.432673
vt 0.318257 0.432673
vt 0.326429 0.428986
vt 0.328149 0.432985
vt 0.301248 0.396992
vt 0.309953 0.392568
vt 0.324482 0.426814
vt 0.324482 0.426814
vt 0.317107 0.430267
vt 0.301248 0.396992
vt 0.309953 0.392568
vt 0.301248 0.396992
vt 0.284783 0.361010
vt 0.284783 0.361010
vt 0.294353 0.356358
vt 0.309953 0.392568
vt 0.294353 0.356358
vt 0.284783 0.361010
vt 0.265394 0.316904
vt 0.265394 0.316904
vt 0.275964 0.312069
vt 0.294353 0.356358
vt 0.275964 0.312069
vt 0.265394 0.316904
vt 0.243186 0.264339
vt 0.243186 0.264339
vt 0.254865 0.259397
vt 0.275964 0.312069
vt 0.254865 0.259397
vt 0.243186 0.264339
vt 0.215189 0.196095
vt 0.215189 0.196095
vt 0.228271 0.191672
vt 0.254865 0.259397
vt 0.210201 0.143661
vt 0.196253 0.149373
vt 0.193767 0.143471
vt 0.193767 0.143471
vt 0.207814 0.137701
vt 0.210201 0.143661
vt 0.228271 0.191672
vt 0.215189 0.196095
vt 0.213070 0.190183
vt 0.213070 0.190183
vt 0.226475 0.186484
vt 0.228271 0.191672
vt 0.552989 0.609896
vt 0.550467 0.616606
vt 0.533605 0.610865
vt 0.533605 0.610865
vt 0.536538 0.603069
vt 0.552989 0.609896
vt 0.314023 0.444155
vt 0.306234 0.448130
vt 0.304264 0.444419
vt 0.304264 0.444419
vt 0.312162 0.440383
vt 0.314023 0.444155
vt 0.312162 0.440383
vt 0.304264 0.444419
vt 0.302232 0.440607
vt 0.302232 0.440607
vt 0.310255 0.436516
vt 0.312162 0.440383
vt 0.292804 0.401035
vt 0.309100 0.434128
vt 0.301755 0.437760
vt 0.301755 0.437760
vt 0.283826 0.405095
vt 0.292804 0.401035
vt 0.292804 0.401035
vt 0.283826 0.405095
vt 0.265434 0.369818
vt 0.265434 0.369818
vt 0.275267 0.365429
vt 0.292804 0.401035
vt 0.275267 0.365429
vt 0.265434 0.369818
vt 0.243868 0.326342
vt 0.243868 0.326342
vt 0.254663 0.321673
vt 0.275267 0.365429
vt 0.254663 0.321673
vt 0.243868 0.326342
vt 0.219583 0.274479
vt 0.219583 0.274479
vt 0.231327 0.269409
vt 0.254663 0.321673
vt 0.231327 0.269409
vt 0.219583 0.274479
vt 0.189616 0.208002
vt 0.189616 0.208002
vt 0.201942 0.201688
vt 0.231327 0.269409
vt 0.183803 0.197219
vt 0.197061 0.191824
vt 0.197793 0.193689
vt 0.197793 0.193689
vt 0.184420 0.198561
vt 0.183803 0.197219
vt 0.201942 0.201688
vt 0.189616 0.208002
vt 0.187146 0.203119
vt 0.187146 0.203119
vt 0.199165 0.196045
vt 0.201942 0.201688
vt 0.548390 0.623454
vt 0.546746 0.630511
vt 0.529279 0.627024
vt 0.529279 0.627024
vt 0.531188 0.618833
vt 0.548390 0.623454
vt 0.326164 0.428373
vt 0.324482 0.426814
vt 0.326196 0.426084
vt 0.311050 0.392088
vt 0.309953 0.392568
vt 0.294353 0.356358
vt 0.294353 0.356358
vt 0.295561 0.355840
vt 0.311050 0.392088
vt 0.275964 0.312069
vt 0.277187 0.311567
vt 0.295561 0.355840
vt 0.295561 0.355840
vt 0.294353 0.356358
vt 0.275964 0.312069
vt 0.277187 0.311567
vt 0.275964 0.312069
vt 0.254865 0.259397
vt 0.254865 0.259397
vt 0.256156 0.258892
vt 0.277187 0.311567
vt 0.228271 0.191672
vt 0.229805 0.191067
vt 0.256156 0.258892
vt 0.256156 0.258892
vt 0.254865 0.259397
vt 0.228271 0.191672
vt 0.229805 0.191067
vt 0.228271 0.191672
vt 0.226475 0.186484
vt 0.226475 0.186484
vt 0.227585 0.186045
vt 0.229805 0.191067
vt 0.296601 0.448660
vt 0.298672 0.452292
vt 0.291270 0.456650
vt 0.291270 0.456650
vt 0.289107 0.453087
vt 0.296601 0.448660
vt 0.289107 0.453087
vt 0.286887 0.449435
vt 0.294462 0.444940
vt 0.294462 0.444940
vt 0.296601 0.448660
vt 0.289107 0.453087
vt 0.285533 0.447172
vt 0.293121 0.442654
vt 0.294140 0.444396
vt 0.294140 0.444396
vt 0.286567 0.448892
vt 0.285533 0.447172
vt 0.266248 0.415600
vt 0.245586 0.381040
vt 0.254905 0.375847
vt 0.254905 0.375847
vt 0.274391 0.410819
vt 0.266248 0.415600
vt 0.232258 0.332492
vt 0.254905 0.375847
vt 0.245586 0.381040
vt 0.245586 0.381040
vt 0.221672 0.337999
vt 0.232258 0.332492
vt 0.221672 0.337999
vt 0.195151 0.286408
vt 0.206826 0.280673
vt 0.206826 0.280673
vt 0.232258 0.332492
vt 0.221672 0.337999
vt 0.175350 0.213769
vt 0.206826 0.280673
vt 0.195151 0.286408
vt 0.195151 0.286408
vt 0.162451 0.219997
vt 0.175350 0.213769
vt 0.139621 0.175339
vt 0.154089 0.168291
vt 0.163117 0.187107
vt 0.163117 0.187107
vt 0.148948 0.194032
vt 0.139621 0.175339
vt 0.172935 0.208001
vt 0.175350 0.213769
vt 0.162451 0.219997
vt 0.162451 0.219997
vt 0.159412 0.214540
vt 0.172935 0.208001
vt 0.544880 0.644705
vt 0.527107 0.643529
vt 0.527923 0.635243
vt 0.527923 0.635243
vt 0.545581 0.637584
vt 0.544880 0.644705
vt 0.306234 0.448130
vt 0.298672 0.452292
vt 0.296601 0.448660
vt 0.296601 0.448660
vt 0.304264 0.444419
vt 0.306234 0.448130
vt 0.304264 0.444419
vt 0.296601 0.448660
vt 0.294462 0.444940
vt 0.294462 0.444940
vt 0.302232 0.440607
vt 0.304264 0.444419
vt 0.274391 0.410819
vt 0.282761 0.405666
vt 0.300134 0.438615
vt 0.300134 0.438615
vt 0.293121 0.442654
vt 0.274391 0.410819
vt 0.282761 0.405666
vt 0.274391 0.410819
vt 0.254905 0.375847
vt 0.254905 0.375847
vt 0.264242 0.370436
vt 0.282761 0.405666
vt 0.264242 0.370436
vt 0.254905 0.375847
vt 0.232258 0.332492
vt 0.232258 0.332492
vt 0.242650 0.326934
vt 0.264242 0.370436
vt 0.242650 0.326934
vt 0.232258 0.332492
vt 0.206826 0.280673
vt 0.206826 0.280673
vt 0.218304 0.275064
vt 0.242650 0.326934
vt 0.218304 0.275064
vt 0.206826 0.280673
vt 0.175350 0.213769
vt 0.175350 0.213769
vt 0.188144 0.208679
vt 0.218304 0.275064
vt 0.167629 0.161937
vt 0.154089 0.168291
vt 0.151344 0.162554
vt 0.151344 0.162554
vt 0.164963 0.156162
vt 0.167629 0.161937
vt 0.188144 0.208679
vt 0.175350 0.213769
vt 0.172935 0.208001
vt 0.172935 0.208001
vt 0.186072 0.203613
vt 0.188144 0.208679
vt 0.546746 0.630511
vt 0.545581 0.637584
vt 0.527923 0.635243
vt 0.527923 0.635243
vt 0.529279 0.627024
vt 0.546746 0.630511
vt 0.291270 0.456650
vt 0.283936 0.461258
vt 0.281677 0.457752
vt 0.281677 0.457752
vt 0.289107 0.453087
vt 0.291270 0.456650
vt 0.289107 0.453087
vt 0.281677 0.457752
vt 0.279342 0.454178
vt 0.279342 0.454178
vt 0.286887 0.449435
vt 0.289107 0.453087
vt 0.266248 0.415600
vt 0.285533 0.447172
vt 0.278635 0.451363
vt 0.278635 0.451363
vt 0.257618 0.420396
vt 0.266248 0.415600
vt 0.266248 0.415600
vt 0.257618 0.420396
vt 0.235974 0.386190
vt 0.235974 0.386190
vt 0.245586 0.381040
vt 0.266248 0.415600
vt 0.245586 0.381040
vt 0.235974 0.386190
vt 0.211040 0.343368
vt 0.211040 0.343368
vt 0.221672 0.337999
vt 0.245586 0.381040
vt 0.221672 0.337999
vt 0.211040 0.343368
vt 0.183625 0.292083
vt 0.183625 0.292083
vt 0.195151 0.286408
vt 0.221672 0.337999
vt 0.195151 0.286408
vt 0.183625 0.292083
vt 0.150558 0.226804
vt 0.150558 0.226804
vt 0.162451 0.219997
vt 0.195151 0.286408
vt 0.144239 0.216667
vt 0.157095 0.210523
vt 0.157927 0.212319
vt 0.157927 0.212319
vt 0.144977 0.217986
vt 0.144239 0.216667
vt 0.162451 0.219997
vt 0.150558 0.226804
vt 0.147917 0.222089
vt 0.147917 0.222089
vt 0.159412 0.214540
vt 0.162451 0.219997
vt 0.544880 0.644705
vt 0.544628 0.652216
vt 0.526849 0.651966
vt 0.526849 0.651966
vt 0.527107 0.643529
vt 0.544880 0.644705
vt 0.301918 0.440021
vt 0.300134 0.438615
vt 0.301755 0.437760
vt 0.283826 0.405095
vt 0.282761 0.405666
vt 0.264242 0.370436
vt 0.264242 0.370436
vt 0.265434 0.369818
vt 0.283826 0.405095
vt 0.242650 0.326934
vt 0.243868 0.326342
vt 0.265434 0.369818
vt 0.265434 0.369818
vt 0.264242 0.370436
vt 0.242650 0.326934
vt 0.243868 0.326342
vt 0.242650 0.326934
vt 0.218304 0.275064
vt 0.218304 0.275064
vt 0.219583 0.274479
vt 0.243868 0.326342
vt 0.188144 0.208679
vt 0.189616 0.208002
vt 0.219583 0.274479
vt 0.219583 0.274479
vt 0.218304 0.275064
vt 0.188144 0.208679
vt 0.189616 0.208002
vt 0.188144 0.208679
vt 0.186072 0.203613
vt 0.186072 0.203613
vt 0.187146 0.203119
vt 0.189616 0.208002
vt 0.683286 0.452422
vt 0.681132 0.455964
vt 0.673754 0.451642
vt 0.673754 0.451642
vt 0.675816 0.448014
vt 0.683286 0.452422
vt 0.675816 0.448014
vt 0.677948 0.444295
vt 0.685542 0.448793
vt 0.685542 0.448793
vt 0.683286 0.452422
vt 0.675816 0.448014
vt 0.679280 0.442011
vt 0.686899 0.446487
vt 0.685873 0.448234
vt 0.685873 0.448234
vt 0.678269 0.443751
vt 0.679280 0.442011
vt 0.697886 0.410160
vt 0.717290 0.375246
vt 0.726586 0.380426
vt 0.726586 0.380426
vt 0.706013 0.414903
vt 0.697886 0.410160
vt 0.750406 0.337460
vt 0.726586 0.380426
vt 0.717290 0.375246
vt 0.717290 0.375246
vt 0.739842 0.331975
vt 0.750406 0.337460
vt 0.739842 0.331975
vt 0.765165 0.280248
vt 0.776818 0.285962
vt 0.776818 0.285962
vt 0.750406 0.337460
vt 0.739842 0.331975
vt 0.809422 0.219683
vt 0.776818 0.285962
vt 0.765165 0.280248
vt 0.765165 0.280248
vt 0.796547 0.213449
vt 0.809422 0.219683
vt 0.817758 0.168064
vt 0.832185 0.175062
vt 0.822925 0.193709
vt 0.822925 0.193709
vt 0.808782 0.186836
vt 0.817758 0.168064
vt 0.812466 0.214238
vt 0.809422 0.219683
vt 0.796547 0.213449
vt 0.796547 0.213449
vt 0.798967 0.207670
vt 0.812466 0.214238
vt 0.763458 0.637558
vt 0.781119 0.635243
vt 0.781936 0.643529
vt 0.781936 0.643529
vt 0.764160 0.644680
vt 0.763458 0.637558
vt 0.688473 0.460809
vt 0.681132 0.455964
vt 0.683286 0.452422
vt 0.683286 0.452422
vt 0.690731 0.457293
vt 0.688473 0.460809
vt 0.690731 0.457293
vt 0.683286 0.452422
vt 0.685542 0.448793
vt 0.685542 0.448793
vt 0.693127 0.453771
vt 0.690731 0.457293
vt 0.706013 0.414903
vt 0.714695 0.419957
vt 0.693767 0.450907
vt 0.693767 0.450907
vt 0.686899 0.446487
vt 0.706013 0.414903
vt 0.714695 0.419957
vt 0.706013 0.414903
vt 0.726586 0.380426
vt 0.726586 0.380426
vt 0.736203 0.385572
vt 0.714695 0.419957
vt 0.736203 0.385572
vt 0.726586 0.380426
vt 0.750406 0.337460
vt 0.750406 0.337460
vt 0.761036 0.342816
vt 0.736203 0.385572
vt 0.761036 0.342816
vt 0.750406 0.337460
vt 0.776818 0.285962
vt 0.776818 0.285962
vt 0.788333 0.291623
vt 0.761036 0.342816
vt 0.788333 0.291623
vt 0.776818 0.285962
vt 0.809422 0.219683
vt 0.809422 0.219683
vt 0.821284 0.226508
vt 0.788333 0.291623
vt 0.845537 0.181773
vt 0.832185 0.175062
vt 0.835001 0.169380
vt 0.835001 0.169380
vt 0.848449 0.176096
vt 0.845537 0.181773
vt 0.821284 0.226508
vt 0.809422 0.219683
vt 0.812466 0.214238
vt 0.812466 0.214238
vt 0.823948 0.221818
vt 0.821284 0.226508
vt 0.763929 0.652624
vt 0.764160 0.644680
vt 0.781936 0.643529
vt 0.781936 0.643529
vt 0.781675 0.652158
vt 0.763929 0.652624
vt 0.673754 0.451642
vt 0.666120 0.447474
vt 0.668076 0.443763
vt 0.668076 0.443763
vt 0.675816 0.448014
vt 0.673754 0.451642
vt 0.675816 0.448014
vt 0.668076 0.443763
vt 0.670093 0.439948
vt 0.670093 0.439948
vt 0.677948 0.444295
vt 0.675816 0.448014
vt 0.697886 0.410160
vt 0.679280 0.442011
vt 0.672187 0.437958
vt 0.672187 0.437958
vt 0.689472 0.405017
vt 0.697886 0.410160
vt 0.697886 0.410160
vt 0.689472 0.405017
vt 0.707911 0.369846
vt 0.707911 0.369846
vt 0.717290 0.375246
vt 0.697886 0.410160
vt 0.717290 0.375246
vt 0.707911 0.369846
vt 0.729417 0.326422
vt 0.729417 0.326422
vt 0.739842 0.331975
vt 0.717290 0.375246
vt 0.739842 0.331975
vt 0.729417 0.326422
vt 0.753653 0.274636
vt 0.753653 0.274636
vt 0.765165 0.280248
vt 0.739842 0.331975
vt 0.765165 0.280248
vt 0.753653 0.274636
vt 0.783710 0.208350
vt 0.783710 0.208350
vt 0.796547 0.213449
vt 0.765165 0.280248
vt 0.788049 0.196911
vt 0.800797 0.203340
vt 0.799866 0.205108
vt 0.799866 0.205108
vt 0.787434 0.198251
vt 0.788049 0.196911
vt 0.796547 0.213449
vt 0.783710 0.208350
vt 0.785768 0.203286
vt 0.785768 0.203286
vt 0.798967 0.207670
vt 0.796547 0.213449
vt 0.763458 0.637558
vt 0.762276 0.630409
vt 0.779748 0.626945
vt 0.779748 0.626945
vt 0.781119 0.635243
vt 0.763458 0.637558
vt 0.660248 0.439801
vt 0.658402 0.443575
vt 0.650565 0.439882
vt 0.650565 0.439882
vt 0.652320 0.436049
vt 0.660248 0.439801
vt 0.652320 0.436049
vt 0.654129 0.432126
vt 0.662138 0.435931
vt 0.662138 0.435931
vt 0.660248 0.439801
vt 0.652320 0.436049
vt 0.655265 0.429723
vt 0.663285 0.433538
vt 0.662409 0.435359
vt 0.662409 0.435359
vt 0.654404 0.431554
vt 0.655265 0.429723
vt 0.671044 0.396453
vt 0.687434 0.360509
vt 0.696931 0.364916
vt 0.696931 0.364916
vt 0.679479 0.400470
vt 0.671044 0.396453
vt 0.717460 0.321226
vt 0.696931 0.364916
vt 0.687434 0.360509
vt 0.687434 0.360509
vt 0.706747 0.316475
vt 0.717460 0.321226
vt 0.706747 0.316475
vt 0.728858 0.263986
vt 0.740700 0.269036
vt 0.740700 0.269036
vt 0.717460 0.321226
vt 0.706747 0.316475
vt 0.769980 0.201415
vt 0.740700 0.269036
vt 0.728858 0.263986
vt 0.728858 0.263986
vt 0.756755 0.195828
vt 0.769980 0.201415
vt 0.775694 0.149215
vt 0.790513 0.155577
vt 0.782145 0.174695
vt 0.782145 0.174695
vt 0.767618 0.168519
vt 0.775694 0.149215
vt 0.772745 0.195793
vt 0.769980 0.201415
vt 0.756755 0.195828
vt 0.756755 0.195828
vt 0.758874 0.189911
vt 0.772745 0.195793
vt 0.758567 0.616581
vt 0.775437 0.610865
vt 0.777854 0.618833
vt 0.777854 0.618833
vt 0.760645 0.623429
vt 0.758567 0.616581
vt 0.666120 0.447474
vt 0.658402 0.443575
vt 0.660248 0.439801
vt 0.660248 0.439801
vt 0.668076 0.443763
vt 0.666120 0.447474
vt 0.668076 0.443763
vt 0.660248 0.439801
vt 0.662138 0.435931
vt 0.662138 0.435931
vt 0.670093 0.439948
vt 0.668076 0.443763
vt 0.679479 0.400470
vt 0.688401 0.404471
vt 0.670563 0.437106
vt 0.670563 0.437106
vt 0.663285 0.433538
vt 0.679479 0.400470
vt 0.688401 0.404471
vt 0.679479 0.400470
vt 0.696931 0.364916
vt 0.696931 0.364916
vt 0.706712 0.369246
vt 0.688401 0.404471
vt 0.706712 0.369246
vt 0.696931 0.364916
vt 0.717460 0.321226
vt 0.717460 0.321226
vt 0.728197 0.325843
vt 0.706712 0.369246
vt 0.728197 0.325843
vt 0.717460 0.321226
vt 0.740700 0.269036
vt 0.740700 0.269036
vt 0.752375 0.274060
vt 0.728197 0.325843
vt 0.752375 0.274060
vt 0.740700 0.269036
vt 0.769980 0.201415
vt 0.769980 0.201415
vt 0.782236 0.207680
vt 0.752375 0.274060
vt 0.804149 0.161690
vt 0.790513 0.155577
vt 0.793094 0.149755
vt 0.793094 0.149755
vt 0.806804 0.155930
vt 0.804149 0.161690
vt 0.782236 0.207680
vt 0.769980 0.201415
vt 0.772745 0.195793
vt 0.772745 0.195793
vt 0.784692 0.202798
vt 0.782236 0.207680
vt 0.762276 0.630409
vt 0.760645 0.623429
vt 0.777854 0.618833
vt 0.777854 0.618833
vt 0.779748 0.626945
vt 0.762276 0.630409
vt 0.650565 0.439882
vt 0.642511 0.436340
vt 0.644167 0.432439
vt 0.644167 0.432439
vt 0.652320 0.436049
vt 0.650565 0.439882
vt 0.652320 0.436049
vt 0.644167 0.432439
vt 0.645873 0.428437
vt 0.645873 0.428437
vt 0.654129 0.432126
vt 0.652320 0.436049
vt 0.671044 0.396453
vt 0.655265 0.429723
vt 0.647814 0.426263
vt 0.647814 0.426263
vt 0.662291 0.392036
vt 0.671044 0.396453
vt 0.671044 0.396453
vt 0.662291 0.392036
vt 0.677820 0.355870
vt 0.677820 0.355870
vt 0.687434 0.360509
vt 0.671044 0.396453
vt 0.687434 0.360509
vt 0.677820 0.355870
vt 0.696141 0.311647
vt 0.696141 0.311647
vt 0.706747 0.316475
vt 0.687434 0.360509
vt 0.706747 0.316475
vt 0.696141 0.311647
vt 0.717142 0.259044
vt 0.717142 0.259044
vt 0.728858 0.263986
vt 0.706747 0.316475
vt 0.728858 0.263986
vt 0.717142 0.259044
vt 0.743629 0.191401
vt 0.743629 0.191401
vt 0.756755 0.195828
vt 0.728858 0.263986
vt 0.747350 0.179711
vt 0.760474 0.185480
vt 0.759636 0.187299
vt 0.759636 0.187299
vt 0.746805 0.181086
vt 0.747350 0.179711
vt 0.756755 0.195828
vt 0.743629 0.191401
vt 0.745410 0.186217
vt 0.745410 0.186217
vt 0.758874 0.189911
vt 0.756755 0.195828
vt 0.758567 0.616581
vt 0.756013 0.609800
vt 0.772473 0.602994
vt 0.772473 0.602994
vt 0.775437 0.610865
vt 0.758567 0.616581
vt 0.670404 0.439364
vt 0.670563 0.437106
vt 0.672187 0.437958
vt 0.689472 0.405017
vt 0.688401 0.404471
vt 0.706712 0.369246
vt 0.706712 0.369246
vt 0.707911 0.369846
vt 0.689472 0.405017
vt 0.728197 0.325843
vt 0.729417 0.326422
vt 0.707911 0.369846
vt 0.707911 0.369846
vt 0.706712 0.369246
vt 0.728197 0.325843
vt 0.729417 0.326422
vt 0.728197 0.325843
vt 0.752375 0.274060
vt 0.752375 0.274060
vt 0.753653 0.274636
vt 0.729417 0.326422
vt 0.782236 0.207680
vt 0.783710 0.208350
vt 0.753653 0.274636
vt 0.753653 0.274636
vt 0.752375 0.274060
vt 0.782236 0.207680
vt 0.783710 0.208350
vt 0.782236 0.207680
vt 0.784692 0.202798
vt 0.784692 0.202798
vt 0.785768 0.203286
vt 0.783710 0.208350
vt 0.635968 0.429096
vt 0.634413 0.433042
vt 0.626234 0.429941
vt 0.626234 0.429941
vt 0.627702 0.425949
vt 0.635968 0.429096
vt 0.627702 0.425949
vt 0.629215 0.421868
vt 0.637555 0.425054
vt 0.637555 0.425054
vt 0.635968 0.429096
vt 0.627702 0.425949
vt 0.630170 0.419368
vt 0.638511 0.422557
vt 0.637779 0.424457
vt 0.637779 0.424457
vt 0.629447 0.421272
vt 0.630170 0.419368
vt 0.643326 0.384952
vt 0.656947 0.348097
vt 0.666648 0.351789
vt 0.666648 0.351789
vt 0.652018 0.388303
vt 0.643326 0.384952
vt 0.684028 0.307268
vt 0.666648 0.351789
vt 0.656947 0.348097
vt 0.656947 0.348097
vt 0.673137 0.303243
vt 0.684028 0.307268
vt 0.673137 0.303243
vt 0.691927 0.249875
vt 0.703980 0.254213
vt 0.703980 0.254213
vt 0.684028 0.307268
vt 0.673137 0.303243
vt 0.729481 0.185197
vt 0.703980 0.254213
vt 0.691927 0.249875
vt 0.691927 0.249875
vt 0.715927 0.180342
vt 0.729481 0.185197
vt 0.732276 0.132456
vt 0.747579 0.138033
vt 0.740212 0.157733
vt 0.740212 0.157733
vt 0.725264 0.152340
vt 0.732276 0.132456
vt 0.731942 0.179414
vt 0.729481 0.185197
vt 0.715927 0.180342
vt 0.715927 0.180342
vt 0.717713 0.174296
vt 0.731942 0.179414
vt 0.749677 0.596962
vt 0.765108 0.588064
vt 0.769034 0.595408
vt 0.769034 0.595408
vt 0.753052 0.603272
vt 0.749677 0.596962
vt 0.642511 0.436340
vt 0.634413 0.433042
vt 0.635968 0.429096
vt 0.635968 0.429096
vt 0.644167 0.432439
vt 0.642511 0.436340
vt 0.644167 0.432439
vt 0.635968 0.429096
vt 0.637555 0.425054
vt 0.637555 0.425054
vt 0.645873 0.428437
vt 0.644167 0.432439
vt 0.652018 0.388303
vt 0.661187 0.391579
vt 0.646099 0.425538
vt 0.646099 0.425538
vt 0.638511 0.422557
vt 0.652018 0.388303
vt 0.661187 0.391579
vt 0.652018 0.388303
vt 0.666648 0.351789
vt 0.666648 0.351789
vt 0.676608 0.355370
vt 0.661187 0.391579
vt 0.676608 0.355370
vt 0.666648 0.351789
vt 0.684028 0.307268
vt 0.684028 0.307268
vt 0.694915 0.311158
vt 0.676608 0.355370
vt 0.694915 0.311158
vt 0.684028 0.307268
vt 0.703980 0.254213
vt 0.703980 0.254213
vt 0.715851 0.258546
vt 0.694915 0.311158
vt 0.715851 0.258546
vt 0.703980 0.254213
vt 0.729481 0.185197
vt 0.729481 0.185197
vt 0.742094 0.190805
vt 0.715851 0.258546
vt 0.761660 0.143471
vt 0.747579 0.138033
vt 0.749859 0.132015
vt 0.749859 0.132015
vt 0.764042 0.137520
vt 0.761660 0.143471
vt 0.742094 0.190805
vt 0.729481 0.185197
vt 0.731942 0.179414
vt 0.731942 0.179414
vt 0.744299 0.185785
vt 0.742094 0.190805
vt 0.756013 0.609800
vt 0.753052 0.603272
vt 0.769034 0.595408
vt 0.769034 0.595408
vt 0.772473 0.602994
vt 0.756013 0.609800
vt 0.626234 0.429941
vt 0.617862 0.426990
vt 0.619233 0.422945
vt 0.619233 0.422945
vt 0.627702 0.425949
vt 0.626234 0.429941
vt 0.627702 0.425949
vt 0.619233 0.422945
vt 0.620644 0.418797
vt 0.620644 0.418797
vt 0.629215 0.421868
vt 0.627702 0.425949
vt 0.643326 0.384952
vt 0.630170 0.419368
vt 0.622433 0.416469
vt 0.622433 0.416469
vt 0.634287 0.381209
vt 0.643326 0.384952
vt 0.643326 0.384952
vt 0.634287 0.381209
vt 0.647102 0.344171
vt 0.647102 0.344171
vt 0.656947 0.348097
vt 0.643326 0.384952
vt 0.656947 0.348097
vt 0.647102 0.344171
vt 0.662330 0.299132
vt 0.662330 0.299132
vt 0.673137 0.303243
vt 0.656947 0.348097
vt 0.673137 0.303243
vt 0.662330 0.299132
vt 0.679990 0.245644
vt 0.679990 0.245644
vt 0.691927 0.249875
vt 0.673137 0.303243
vt 0.691927 0.249875
vt 0.679990 0.245644
vt 0.702535 0.176662
vt 0.702535 0.176662
vt 0.715927 0.180342
vt 0.691927 0.249875
vt 0.705571 0.164736
vt 0.719061 0.169767
vt 0.718325 0.171637
vt 0.718325 0.171637
vt 0.705106 0.166145
vt 0.705571 0.164736
vt 0.715927 0.180342
vt 0.702535 0.176662
vt 0.704012 0.171367
vt 0.704012 0.171367
vt 0.717713 0.174296
vt 0.715927 0.180342
vt 0.749677 0.596962
vt 0.745849 0.590809
vt 0.760666 0.580923
vt 0.760666 0.580923
vt 0.765108 0.588064
vt 0.749677 0.596962
vt 0.646135 0.427824
vt 0.646099 0.425538
vt 0.647814 0.426263
vt 0.662291 0.392036
vt 0.661187 0.391579
vt 0.676608 0.355370
vt 0.676608 0.355370
vt 0.677820 0.355870
vt 0.662291 0.392036
vt 0.694915 0.311158
vt 0.696141 0.311647
vt 0.677820 0.355870
vt 0.677820 0.355870
vt 0.676608 0.355370
vt 0.694915 0.311158
vt 0.696141 0.311647
vt 0.694915 0.311158
vt 0.715851 0.258546
vt 0.715851 0.258546
vt 0.717142 0.259044
vt 0.696141 0.311647
vt 0.742094 0.190805
vt 0.743629 0.191401
vt 0.717142 0.259044
vt 0.717142 0.259044
vt 0.715851 0.258546
vt 0.742094 0.190805
vt 0.743629 0.191401
vt 0.742094 0.190805
vt 0.744299 0.185785
vt 0.744299 0.185785
vt 0.745410 0.186217
vt 0.743629 0.191401
vt 0.610748 0.420196
vt 0.609476 0.424275
vt 0.601033 0.421750
vt 0.601033 0.421750
vt 0.602221 0.417636
vt 0.610748 0.420196
vt 0.602221 0.417636
vt 0.603446 0.413432
vt 0.612043 0.416021
vt 0.612043 0.416021
vt 0.610748 0.420196
vt 0.602221 0.417636
vt 0.604224 0.410856
vt 0.612817 0.413445
vt 0.612224 0.415405
vt 0.612224 0.415405
vt 0.603636 0.412818
vt 0.604224 0.410856
vt 0.614880 0.375521
vt 0.625855 0.337888
vt 0.635743 0.340894
vt 0.635743 0.340894
vt 0.623784 0.378239
vt 0.614880 0.375521
vt 0.650047 0.295562
vt 0.635743 0.340894
vt 0.625855 0.337888
vt 0.625855 0.337888
vt 0.638977 0.292262
vt 0.650047 0.295562
vt 0.638977 0.292262
vt 0.654353 0.238033
vt 0.666613 0.241624
vt 0.666613 0.241624
vt 0.650047 0.295562
vt 0.638977 0.292262
vt 0.687998 0.171275
vt 0.666613 0.241624
vt 0.654353 0.238033
vt 0.654353 0.238033
vt 0.674148 0.167225
vt 0.687998 0.171275
vt 0.687591 0.118234
vt 0.703308 0.122886
vt 0.697110 0.143116
vt 0.697110 0.143116
vt 0.681791 0.138614
vt 0.687591 0.118234
vt 0.690119 0.165341
vt 0.687998 0.171275
vt 0.674148 0.167225
vt 0.674148 0.167225
vt 0.675569 0.161067
vt 0.690119 0.165341
vt 0.737131 0.579453
vt 0.750530 0.567717
vt 0.755812 0.574153
vt 0.755812 0.574153
vt 0.741672 0.584985
vt 0.737131 0.579453
vt 0.617862 0.426990
vt 0.609476 0.424275
vt 0.610748 0.420196
vt 0.610748 0.420196
vt 0.619233 0.422945
vt 0.617862 0.426990
vt 0.619233 0.422945
vt 0.610748 0.420196
vt 0.612043 0.416021
vt 0.612043 0.416021
vt 0.620644 0.418797
vt 0.619233 0.422945
vt 0.623784 0.378239
vt 0.633156 0.380836
vt 0.620647 0.415867
vt 0.620647 0.415867
vt 0.612817 0.413445
vt 0.623784 0.378239
vt 0.633156 0.380836
vt 0.623784 0.378239
vt 0.635743 0.340894
vt 0.635743 0.340894
vt 0.645872 0.343763
vt 0.633156 0.380836
vt 0.645872 0.343763
vt 0.635743 0.340894
vt 0.650047 0.295562
vt 0.650047 0.295562
vt 0.661092 0.298728
vt 0.645872 0.343763
vt 0.661092 0.298728
vt 0.650047 0.295562
vt 0.666613 0.241624
vt 0.666613 0.241624
vt 0.678682 0.245228
vt 0.661092 0.298728
vt 0.678682 0.245228
vt 0.666613 0.241624
vt 0.687998 0.171275
vt 0.687998 0.171275
vt 0.700948 0.176150
vt 0.678682 0.245228
vt 0.717802 0.127500
vt 0.703308 0.122886
vt 0.705225 0.116695
vt 0.705225 0.116695
vt 0.719838 0.121365
vt 0.717802 0.127500
vt 0.700948 0.176150
vt 0.687998 0.171275
vt 0.690119 0.165341
vt 0.690119 0.165341
vt 0.702869 0.170997
vt 0.700948 0.176150
vt 0.745849 0.590809
vt 0.741672 0.584985
vt 0.755812 0.574153
vt 0.755812 0.574153
vt 0.760666 0.580923
vt 0.745849 0.590809
vt 0.601033 0.421750
vt 0.592414 0.419380
vt 0.593507 0.415222
vt 0.593507 0.415222
vt 0.602221 0.417636
vt 0.601033 0.421750
vt 0.602221 0.417636
vt 0.593507 0.415222
vt 0.594629 0.410962
vt 0.594629 0.410962
vt 0.603446 0.413432
vt 0.602221 0.417636
vt 0.614880 0.375521
vt 0.604224 0.410856
vt 0.596264 0.408501
vt 0.596264 0.408501
vt 0.605601 0.372426
vt 0.614880 0.375521
vt 0.614880 0.375521
vt 0.605601 0.372426
vt 0.615802 0.334653
vt 0.615802 0.334653
vt 0.625855 0.337888
vt 0.614880 0.375521
vt 0.625855 0.337888
vt 0.615802 0.334653
vt 0.627975 0.288869
vt 0.627975 0.288869
vt 0.638977 0.292262
vt 0.625855 0.337888
vt 0.638977 0.292262
vt 0.627975 0.288869
vt 0.642208 0.234549
vt 0.642208 0.234549
vt 0.654353 0.238033
vt 0.638977 0.292262
vt 0.654353 0.238033
vt 0.642208 0.234549
vt 0.660532 0.164355
vt 0.660532 0.164355
vt 0.674148 0.167225
vt 0.654353 0.238033
vt 0.662827 0.152236
vt 0.676638 0.156452
vt 0.676016 0.158369
vt 0.676016 0.158369
vt 0.662450 0.153675
vt 0.662827 0.152236
vt 0.674148 0.167225
vt 0.660532 0.164355
vt 0.661681 0.158968
vt 0.661681 0.158968
vt 0.675569 0.161067
vt 0.674148 0.167225
vt 0.737131 0.579453
vt 0.732177 0.574166
vt 0.744780 0.561579
vt 0.744780 0.561579
vt 0.750530 0.567717
vt 0.737131 0.579453
vt 0.620860 0.418162
vt 0.620647 0.415867
vt 0.622433 0.416469
vt 0.634287 0.381209
vt 0.633156 0.380836
vt 0.645872 0.343763
vt 0.645872 0.343763
vt 0.647102 0.344171
vt 0.634287 0.381209
vt 0.661092 0.298728
vt 0.662330 0.299132
vt 0.647102 0.344171
vt 0.647102 0.344171
vt 0.645872 0.343763
vt 0.661092 0.298728
vt 0.662330 0.299132
vt 0.661092 0.298728
vt 0.678682 0.245228
vt 0.678682 0.245228
vt 0.679990 0.245644
vt 0.662330 0.299132
vt 0.700948 0.176150
vt 0.702535 0.176662
vt 0.679990 0.245644
vt 0.679990 0.245644
vt 0.678682 0.245228
vt 0.700948 0.176150
vt 0.702535 0.176662
vt 0.700948 0.176150
vt 0.702869 0.170997
vt 0.702869 0.170997
vt 0.704012 0.171367
vt 0.702535 0.176662
vt 0.584802 0.413055
vt 0.583807 0.417236
vt 0.575163 0.415279
vt 0.575163 0.415279
vt 0.576075 0.411072
vt 0.584802 0.413055
vt 0.576075 0.411072
vt 0.577017 0.406774
vt 0.585812 0.408778
vt 0.585812 0.408778
vt 0.584802 0.413055
vt 0.576075 0.411072
vt 0.577622 0.404140
vt 0.586408 0.406142
vt 0.585949 0.408148
vt 0.585949 0.408148
vt 0.577166 0.406146
vt 0.577622 0.404140
vt 0.585841 0.368088
vt 0.594234 0.329824
vt 0.604282 0.332156
vt 0.604282 0.332156
vt 0.594916 0.370191
vt 0.585841 0.368088
vt 0.615536 0.286108
vt 0.604282 0.332156
vt 0.594234 0.329824
vt 0.594234 0.329824
vt 0.604307 0.283536
vt 0.615536 0.286108
vt 0.604307 0.283536
vt 0.616194 0.228553
vt 0.628636 0.231369
vt 0.628636 0.231369
vt 0.615536 0.286108
vt 0.604307 0.283536
vt 0.645656 0.159857
vt 0.628636 0.231369
vt 0.616194 0.228553
vt 0.616194 0.228553
vt 0.631562 0.156666
vt 0.645656 0.159857
vt 0.641908 0.106817
vt 0.657940 0.110470
vt 0.653016 0.131120
vt 0.653016 0.131120
vt 0.637402 0.127578
vt 0.641908 0.106817
vt 0.647410 0.153792
vt 0.645656 0.159857
vt 0.631562 0.156666
vt 0.631562 0.156666
vt 0.632597 0.150422
vt 0.647410 0.153792
vt 0.721411 0.564729
vt 0.732263 0.550604
vt 0.738699 0.555886
vt 0.738699 0.555886
vt 0.726943 0.569268
vt 0.721411 0.564729
vt 0.592414 0.419380
vt 0.583807 0.417236
vt 0.584802 0.413055
vt 0.584802 0.413055
vt 0.593507 0.415222
vt 0.592414 0.419380
vt 0.593507 0.415222
vt 0.584802 0.413055
vt 0.585812 0.408778
vt 0.585812 0.408778
vt 0.594629 0.410962
vt 0.593507 0.415222
vt 0.594916 0.370191
vt 0.604447 0.372132
vt 0.594424 0.408021
vt 0.594424 0.408021
vt 0.586408 0.406142
vt 0.594916 0.370191
vt 0.604447 0.372132
vt 0.594916 0.370191
vt 0.604282 0.332156
vt 0.604282 0.332156
vt 0.614555 0.334330
vt 0.604447 0.372132
vt 0.614555 0.334330
vt 0.604282 0.332156
vt 0.615536 0.286108
vt 0.615536 0.286108
vt 0.626724 0.288548
vt 0.614555 0.334330
vt 0.626724 0.288548
vt 0.615536 0.286108
vt 0.628636 0.231369
vt 0.628636 0.231369
vt 0.640883 0.234214
vt 0.626724 0.288548
vt 0.640883 0.234214
vt 0.628636 0.231369
vt 0.645656 0.159857
vt 0.645656 0.159857
vt 0.658902 0.163937
vt 0.640883 0.234214
vt 0.672759 0.114174
vt 0.657940 0.110470
vt 0.659464 0.104146
vt 0.659464 0.104146
vt 0.674408 0.107892
vt 0.672759 0.114174
vt 0.658902 0.163937
vt 0.645656 0.159857
vt 0.647410 0.153792
vt 0.647410 0.153792
vt 0.660512 0.158667
vt 0.658902 0.163937
vt 0.732177 0.574166
vt 0.726943 0.569268
vt 0.738699 0.555886
vt 0.738699 0.555886
vt 0.744780 0.561579
vt 0.732177 0.574166
vt 0.575163 0.415279
vt 0.566359 0.413482
vt 0.567176 0.409241
vt 0.567176 0.409241
vt 0.576075 0.411072
vt 0.575163 0.415279
vt 0.576075 0.411072
vt 0.567176 0.409241
vt 0.568015 0.404896
vt 0.568015 0.404896
vt 0.577017 0.406774
vt 0.576075 0.411072
vt 0.585841 0.368088
vt 0.577622 0.404140
vt 0.569488 0.402321
vt 0.569488 0.402321
vt 0.576368 0.365628
vt 0.585841 0.368088
vt 0.585841 0.368088
vt 0.576368 0.365628
vt 0.584003 0.327268
vt 0.584003 0.327268
vt 0.594234 0.329824
vt 0.585841 0.368088
vt 0.594234 0.329824
vt 0.584003 0.327268
vt 0.593134 0.280865
vt 0.593134 0.280865
vt 0.604307 0.283536
vt 0.594234 0.329824
vt 0.604307 0.283536
vt 0.593134 0.280865
vt 0.603868 0.225839
vt 0.603868 0.225839
vt 0.616194 0.228553
vt 0.604307 0.283536
vt 0.616194 0.228553
vt 0.603868 0.225839
vt 0.617777 0.154648
vt 0.617777 0.154648
vt 0.631562 0.156666
vt 0.616194 0.228553
vt 0.619301 0.142393
vt 0.633371 0.145741
vt 0.632871 0.147696
vt 0.632871 0.147696
vt 0.619016 0.143855
vt 0.619301 0.142393
vt 0.631562 0.156666
vt 0.617777 0.154648
vt 0.618584 0.149193
vt 0.618584 0.149193
vt 0.632597 0.150422
vt 0.631562 0.156666
vt 0.721411 0.564729
vt 0.715520 0.560510
vt 0.725426 0.545706
vt 0.725426 0.545706
vt 0.732263 0.550604
vt 0.721411 0.564729
vt 0.594802 0.410310
vt 0.594424 0.408021
vt 0.596264 0.408501
vt 0.605601 0.372426
vt 0.604447 0.372132
vt 0.614555 0.334330
vt 0.614555 0.334330
vt 0.615802 0.334653
vt 0.605601 0.372426
vt 0.626724 0.288548
vt 0.627975 0.288869
vt 0.615802 0.334653
vt 0.615802 0.334653
vt 0.614555 0.334330
vt 0.626724 0.288548
vt 0.627975 0.288869
vt 0.626724 0.288548
vt 0.640883 0.234214
vt 0.640883 0.234214
vt 0.642208 0.234549
vt 0.627975 0.288869
vt 0.658902 0.163937
vt 0.660532 0.164355
vt 0.642208 0.234549
vt 0.642208 0.234549
vt 0.640883 0.234214
vt 0.658902 0.163937
vt 0.660532 0.164355
vt 0.658902 0.163937
vt 0.660512 0.158667
vt 0.660512 0.158667
vt 0.661681 0.158968
vt 0.660532 0.164355
vt 0.558308 0.407649
vt 0.557588 0.411905
vt 0.548798 0.410513
vt 0.548798 0.410513
vt 0.549436 0.406239
vt 0.558308 0.407649
vt 0.549436 0.406239
vt 0.550097 0.401873
vt 0.559035 0.403298
vt 0.559035 0.403298
vt 0.558308 0.407649
vt 0.549436 0.406239
vt 0.550529 0.399197
vt 0.559457 0.400618
vt 0.559131 0.402657
vt 0.559131 0.402657
vt 0.550205 0.401235
vt 0.550529 0.399197
vt 0.556345 0.362615
vt 0.562185 0.323876
vt 0.572357 0.325541
vt 0.572357 0.325541
vt 0.565547 0.364112
vt 0.556345 0.362615
vt 0.580567 0.278916
vt 0.572357 0.325541
vt 0.562185 0.323876
vt 0.562185 0.323876
vt 0.569210 0.277075
vt 0.580567 0.278916
vt 0.569210 0.277075
vt 0.577551 0.221500
vt 0.590137 0.223522
vt 0.590137 0.223522
vt 0.580567 0.278916
vt 0.569210 0.277075
vt 0.602629 0.151088
vt 0.590137 0.223522
vt 0.577551 0.221500
vt 0.577551 0.221500
vt 0.588350 0.148791
vt 0.602629 0.151088
vt 0.595501 0.098333
vt 0.611757 0.100954
vt 0.608157 0.121909
vt 0.608157 0.121909
vt 0.592330 0.119364
vt 0.595501 0.098333
vt 0.603997 0.144919
vt 0.602629 0.151088
vt 0.588350 0.148791
vt 0.588350 0.148791
vt 0.588988 0.142489
vt 0.603997 0.144919
vt 0.703120 0.553354
vt 0.711007 0.537383
vt 0.718351 0.541308
vt 0.718351 0.541308
vt 0.709432 0.556727
vt 0.703120 0.553354
vt 0.566359 0.413482
vt 0.557588 0.411905
vt 0.558308 0.407649
vt 0.558308 0.407649
vt 0.567176 0.409241
vt 0.566359 0.413482
vt 0.567176 0.409241
vt 0.558308 0.407649
vt 0.559035 0.403298
vt 0.559035 0.403298
vt 0.568015 0.404896
vt 0.567176 0.409241
vt 0.565547 0.364112
vt 0.575196 0.365411
vt 0.567609 0.401962
vt 0.567609 0.401962
vt 0.559457 0.400618
vt 0.565547 0.364112
vt 0.575196 0.365411
vt 0.565547 0.364112
vt 0.572357 0.325541
vt 0.572357 0.325541
vt 0.582741 0.327030
vt 0.575196 0.365411
vt 0.582741 0.327030
vt 0.572357 0.325541
vt 0.580567 0.278916
vt 0.580567 0.278916
vt 0.591870 0.280626
vt 0.582741 0.327030
vt 0.591870 0.280626
vt 0.580567 0.278916
vt 0.590137 0.223522
vt 0.590137 0.223522
vt 0.602528 0.225587
vt 0.591870 0.280626
vt 0.602528 0.225587
vt 0.590137 0.223522
vt 0.602629 0.151088
vt 0.602629 0.151088
vt 0.616117 0.154332
vt 0.602528 0.225587
vt 0.626810 0.103705
vt 0.611757 0.100954
vt 0.612871 0.094535
vt 0.612871 0.094535
vt 0.628054 0.097318
vt 0.626810 0.103705
vt 0.616117 0.154332
vt 0.602629 0.151088
vt 0.603997 0.144919
vt 0.603997 0.144919
vt 0.617396 0.148966
vt 0.616117 0.154332
vt 0.715520 0.560510
vt 0.709432 0.556727
vt 0.718351 0.541308
vt 0.718351 0.541308
vt 0.725426 0.545706
vt 0.715520 0.560510
vt 0.548798 0.410513
vt 0.539863 0.409286
vt 0.540405 0.404986
vt 0.540405 0.404986
vt 0.549436 0.406239
vt 0.548798 0.410513
vt 0.549436 0.406239
vt 0.540405 0.404986
vt 0.540962 0.400582
vt 0.540962 0.400582
vt 0.550097 0.401873
vt 0.549436 0.406239
vt 0.556345 0.362615
vt 0.550529 0.399197
vt 0.542270 0.397910
vt 0.542270 0.397910
vt 0.546721 0.360784
vt 0.556345 0.362615
vt 0.556345 0.362615
vt 0.546721 0.360784
vt 0.551813 0.321998
vt 0.551813 0.321998
vt 0.562185 0.323876
vt 0.556345 0.362615
vt 0.562185 0.323876
vt 0.551813 0.321998
vt 0.557900 0.275132
vt 0.557900 0.275132
vt 0.569210 0.277075
vt 0.562185 0.323876
vt 0.569210 0.277075
vt 0.557900 0.275132
vt 0.565085 0.219575
vt 0.565085 0.219575
vt 0.577551 0.221500
vt 0.569210 0.277075
vt 0.577551 0.221500
vt 0.565085 0.219575
vt 0.574457 0.147649
vt 0.574457 0.147649
vt 0.588350 0.148791
vt 0.577551 0.221500
vt 0.575195 0.135315
vt 0.589460 0.137765
vt 0.589085 0.139749
vt 0.589085 0.139749
vt 0.575004 0.136792
vt 0.575195 0.135315
vt 0.588350 0.148791
vt 0.574457 0.147649
vt 0.574914 0.142150
vt 0.574914 0.142150
vt 0.588988 0.142489
vt 0.588350 0.148791
vt 0.703120 0.553354
vt 0.696519 0.550365
vt 0.703346 0.533913
vt 0.703346 0.533913
vt 0.711007 0.537383
vt 0.703120 0.553354
vt 0.568143 0.404232
vt 0.567609 0.401962
vt 0.569488 0.402321
vt 0.576368 0.365628
vt 0.575196 0.365411
vt 0.582741 0.327030
vt 0.582741 0.327030
vt 0.584003 0.327268
vt 0.576368 0.365628
vt 0.591870 0.280626
vt 0.593134 0.280865
vt 0.584003 0.327268
vt 0.584003 0.327268
vt 0.582741 0.327030
vt 0.591870 0.280626
vt 0.593134 0.280865
vt 0.591870 0.280626
vt 0.602528 0.225587
vt 0.602528 0.225587
vt 0.603868 0.225839
vt 0.593134 0.280865
vt 0.616117 0.154332
vt 0.617777 0.154648
vt 0.603868 0.225839
vt 0.603868 0.225839
vt 0.602528 0.225587
vt 0.616117 0.154332
vt 0.617777 0.154648
vt 0.616117 0.154332
vt 0.617396 0.148966
vt 0.617396 0.148966
vt 0.618584 0.149193
vt 0.617777 0.154648
vt 0.531426 0.403967
vt 0.530980 0.408272
vt 0.522095 0.407444
vt 0.522095 0.407444
vt 0.522460 0.403128
vt 0.531426 0.403967
vt 0.522460 0.403128
vt 0.522840 0.398719
vt 0.531873 0.399566
vt 0.531873 0.399566
vt 0.531426 0.403967
vt 0.522460 0.403128
vt 0.523100 0.396015
vt 0.532120 0.396857
vt 0.531927 0.398919
vt 0.531927 0.398919
vt 0.522907 0.398074
vt 0.523100 0.396015
vt 0.526526 0.359085
vt 0.529826 0.320035
vt 0.540083 0.321034
vt 0.540083 0.321034
vt 0.535815 0.359979
vt 0.526526 0.359085
vt 0.545244 0.273997
vt 0.540083 0.321034
vt 0.529826 0.320035
vt 0.529826 0.320035
vt 0.533799 0.272892
vt 0.545244 0.273997
vt 0.533799 0.272892
vt 0.538556 0.216921
vt 0.551242 0.218136
vt 0.551242 0.218136
vt 0.545244 0.273997
vt 0.533799 0.272892
vt 0.559103 0.145056
vt 0.551242 0.218136
vt 0.538556 0.216921
vt 0.538556 0.216921
vt 0.544702 0.143671
vt 0.559103 0.145056
vt 0.548612 0.092840
vt 0.565010 0.094414
vt 0.562759 0.115569
vt 0.562759 0.115569
vt 0.546794 0.114040
vt 0.548612 0.092840
vt 0.560077 0.138810
vt 0.559103 0.145056
vt 0.544702 0.143671
vt 0.544702 0.143671
vt 0.544936 0.137339
vt 0.560077 0.138810
vt 0.682961 0.545766
vt 0.687581 0.528564
vt 0.695550 0.530981
vt 0.695550 0.530981
vt 0.689810 0.547843
vt 0.682961 0.545766
vt 0.539863 0.409286
vt 0.530980 0.408272
vt 0.531426 0.403967
vt 0.531426 0.403967
vt 0.540405 0.404986
vt 0.539863 0.409286
vt 0.540405 0.404986
vt 0.531426 0.403967
vt 0.531873 0.399566
vt 0.531873 0.399566
vt 0.540962 0.400582
vt 0.540405 0.404986
vt 0.535815 0.359979
vt 0.545536 0.360643
vt 0.540364 0.397672
vt 0.540364 0.397672
vt 0.532120 0.396857
vt 0.535815 0.359979
vt 0.545536 0.360643
vt 0.535815 0.359979
vt 0.540083 0.321034
vt 0.540083 0.321034
vt 0.550539 0.321842
vt 0.545536 0.360643
vt 0.550539 0.321842
vt 0.540083 0.321034
vt 0.545244 0.273997
vt 0.545244 0.273997
vt 0.556626 0.274975
vt 0.550539 0.321842
vt 0.556626 0.274975
vt 0.545244 0.273997
vt 0.551242 0.218136
vt 0.551242 0.218136
vt 0.563734 0.219408
vt 0.556626 0.274975
vt 0.563734 0.219408
vt 0.551242 0.218136
vt 0.559103 0.145056
vt 0.559103 0.145056
vt 0.572776 0.147438
vt 0.563734 0.219408
vt 0.580219 0.096195
vt 0.565010 0.094414
vt 0.565710 0.087932
vt 0.565710 0.087932
vt 0.581050 0.089735
vt 0.580219 0.096195
vt 0.572776 0.147438
vt 0.559103 0.145056
vt 0.560077 0.138810
vt 0.560077 0.138810
vt 0.573712 0.141999
vt 0.572776 0.147438
vt 0.696519 0.550365
vt 0.689810 0.547843
vt 0.695550 0.530981
vt 0.695550 0.530981
vt 0.703346 0.533913
vt 0.696519 0.550365
vt 0.522095 0.407444
vt 0.513080 0.406787
vt 0.513348 0.402453
vt 0.513348 0.402453
vt 0.522460 0.403128
vt 0.522095 0.407444
vt 0.522460 0.403128
vt 0.513348 0.402453
vt 0.513623 0.398015
vt 0.513623 0.398015
vt 0.522840 0.398719
vt 0.522460 0.403128
vt 0.526526 0.359085
vt 0.523100 0.396015
vt 0.514761 0.395260
vt 0.514761 0.395260
vt 0.516796 0.357882
vt 0.526526 0.359085
vt 0.526526 0.359085
vt 0.516796 0.357882
vt 0.519355 0.318835
vt 0.519355 0.318835
vt 0.529826 0.320035
vt 0.526526 0.359085
vt 0.529826 0.320035
vt 0.519355 0.318835
vt 0.522392 0.271682
vt 0.522392 0.271682
vt 0.533799 0.272892
vt 0.529826 0.320035
vt 0.533799 0.272892
vt 0.522392 0.271682
vt 0.525995 0.215796
vt 0.525995 0.215796
vt 0.538556 0.216921
vt 0.533799 0.272892
vt 0.538556 0.216921
vt 0.525995 0.215796
vt 0.530760 0.143416
vt 0.530760 0.143416
vt 0.544702 0.143671
vt 0.538556 0.216921
vt 0.530707 0.131057
vt 0.545104 0.132593
vt 0.544857 0.134598
vt 0.544857 0.134598
vt 0.530612 0.132544
vt 0.530707 0.131057
vt 0.544702 0.143671
vt 0.530760 0.143416
vt 0.530865 0.137898
vt 0.530865 0.137898
vt 0.544936 0.137339
vt 0.544702 0.143671
vt 0.682961 0.545766
vt 0.675905 0.544123
vt 0.679391 0.526655
vt 0.679391 0.526655
vt 0.687581 0.528564
vt 0.682961 0.545766
vt 0.541047 0.399909
vt 0.540364 0.397672
vt 0.542270 0.397910
vt 0.546721 0.360784
vt 0.545536 0.360643
vt 0.550539 0.321842
vt 0.550539 0.321842
vt 0.551813 0.321998
vt 0.546721 0.360784
vt 0.556626 0.274975
vt 0.557900 0.275132
vt 0.551813 0.321998
vt 0.551813 0.321998
vt 0.550539 0.321842
vt 0.556626 0.274975
vt 0.557900 0.275132
vt 0.556626 0.274975
vt 0.563734 0.219408
vt 0.563734 0.219408
vt 0.565085 0.219575
vt 0.557900 0.275132
vt 0.572776 0.147438
vt 0.574457 0.147649
vt 0.565085 0.219575
vt 0.565085 0.219575
vt 0.563734 0.219408
vt 0.572776 0.147438
vt 0.574457 0.147649
vt 0.572776 0.147438
vt 0.573712 0.141999
vt 0.573712 0.141999
vt 0.574914 0.142150
vt 0.574457 0.147649
vt 0.476947 0.396684
vt 0.476975 0.397334
vt 0.467894 0.397638
vt 0.467894 0.397638
vt 0.467880 0.396988
vt 0.476947 0.396684
vt 0.486139 0.396509
vt 0.486140 0.397189
vt 0.476975 0.397334
vt 0.476975 0.397334
vt 0.476947 0.396684
vt 0.486139 0.396509
vt 0.467880 0.396988
vt 0.467894 0.397638
vt 0.458656 0.398104
vt 0.458656 0.398104
vt 0.458612 0.397425
vt 0.467880 0.396988
vt 0.504485 0.396929
vt 0.504472 0.397580
vt 0.495392 0.397308
vt 0.495392 0.397308
vt 0.495418 0.396659
vt 0.504485 0.396929
vt 0.513665 0.397336
vt 0.513623 0.398015
vt 0.504472 0.397580
vt 0.504472 0.397580
vt 0.504485 0.396929
vt 0.513665 0.397336
vt 0.495418 0.396659
vt 0.495392 0.397308
vt 0.486140 0.397189
vt 0.486140 0.397189
vt 0.486139 0.396509
vt 0.495418 0.396659
vt 0.449455 0.398181
vt 0.449525 0.398828
vt 0.440491 0.399706
vt 0.440491 0.399706
vt 0.440436 0.399059
vt 0.449455 0.398181
vt 0.458612 0.397425
vt 0.458656 0.398104
vt 0.449525 0.398828
vt 0.449525 0.398828
vt 0.449455 0.398181
vt 0.458612 0.397425
vt 0.440436 0.399059
vt 0.440491 0.399706
vt 0.431315 0.400757
vt 0.431315 0.400757
vt 0.431228 0.400084
vt 0.440436 0.399059
vt 0.422157 0.401422
vt 0.422267 0.402062
vt 0.413329 0.403517
vt 0.413329 0.403517
vt 0.413232 0.402878
vt 0.422157 0.401422
vt 0.431228 0.400084
vt 0.431315 0.400757
vt 0.422267 0.402062
vt 0.422267 0.402062
vt 0.422157 0.401422
vt 0.431228 0.400084
vt 0.413232 0.402878
vt 0.413329 0.403517
vt 0.404265 0.405158
vt 0.404265 0.405158
vt 0.404134 0.404494
vt 0.413232 0.402878
vt 0.395197 0.406418
vt 0.395348 0.407047
vt 0.386554 0.409084
vt 0.386554 0.409084
vt 0.386415 0.408454
vt 0.395197 0.406418
vt 0.404134 0.404494
vt 0.404265 0.405158
vt 0.395348 0.407047
vt 0.395348 0.407047
vt 0.395197 0.406418
vt 0.404134 0.404494
vt 0.386415 0.408454
vt 0.386554 0.409084
vt 0.377652 0.411317
vt 0.377652 0.411317
vt 0.377478 0.410665
vt 0.386415 0.408454
vt 0.368727 0.413177
vt 0.368920 0.413793
vt 0.360324 0.416415
vt 0.360324 0.416415
vt 0.360142 0.415800
vt 0.368727 0.413177
vt 0.377478 0.410665
vt 0.377652 0.411317
vt 0.368920 0.413793
vt 0.368920 0.413793
vt 0.368727 0.413177
vt 0.377478 0.410665
vt 0.360142 0.415800
vt 0.360324 0.416415
vt 0.351643 0.419247
vt 0.351643 0.419247
vt 0.351425 0.418612
vt 0.360142 0.415800
vt 0.342922 0.421722
vt 0.343156 0.422318
vt 0.334821 0.425538
vt 0.334821 0.425538
vt 0.334595 0.424943
vt 0.342922 0.421722
vt 0.351425 0.418612
vt 0.351643 0.419247
vt 0.343156 0.422318
vt 0.343156 0.422318
vt 0.342922 0.421722
vt 0.351425 0.418612
vt 0.334595 0.424943
vt 0.334821 0.425538
vt 0.326429 0.428986
vt 0.326429 0.428986
vt 0.326164 0.428373
vt 0.334595 0.424943
vt 0.317979 0.432101
vt 0.318257 0.432673
vt 0.310255 0.436516
vt 0.310255 0.436516
vt 0.309983 0.435945
vt 0.317979 0.432101
vt 0.326164 0.428373
vt 0.326429 0.428986
vt 0.318257 0.432673
vt 0.318257 0.432673
vt 0.317979 0.432101
vt 0.326164 0.428373
vt 0.309983 0.435945
vt 0.310255 0.436516
vt 0.302232 0.440607
vt 0.302232 0.440607
vt 0.301918 0.440021
vt 0.309983 0.435945
vt 0.294140 0.444396
vt 0.294462 0.444940
vt 0.286887 0.449435
vt 0.286887 0.449435
vt 0.286567 0.448892
vt 0.294140 0.444396
vt 0.301918 0.440021
vt 0.302232 0.440607
vt 0.294462 0.444940
vt 0.294462 0.444940
vt 0.294140 0.444396
vt 0.301918 0.440021
vt 0.286567 0.448892
vt 0.286887 0.449435
vt 0.279342 0.454178
vt 0.279342 0.454178
vt 0.278979 0.453629
vt 0.286567 0.448892
vt 0.685873 0.448234
vt 0.685542 0.448793
vt 0.677948 0.444295
vt 0.677948 0.444295
vt 0.678269 0.443751
vt 0.685873 0.448234
vt 0.693483 0.453237
vt 0.693127 0.453771
vt 0.685542 0.448793
vt 0.685542 0.448793
vt 0.685873 0.448234
vt 0.693483 0.453237
vt 0.678269 0.443751
vt 0.677948 0.444295
vt 0.670093 0.439948
vt 0.670093 0.439948
vt 0.670404 0.439364
vt 0.678269 0.443751
vt 0.662409 0.435359
vt 0.662138 0.435931
vt 0.654129 0.432126
vt 0.654129 0.432126
vt 0.654404 0.431554
vt 0.662409 0.435359
vt 0.670404 0.439364
vt 0.670093 0.439948
vt 0.662138 0.435931
vt 0.662138 0.435931
vt 0.662409 0.435359
vt 0.670404 0.439364
vt 0.654404 0.431554
vt 0.654129 0.432126
vt 0.645873 0.428437
vt 0.645873 0.428437
vt 0.646135 0.427824
vt 0.654404 0.431554
vt 0.637779 0.424457
vt 0.637555 0.425054
vt 0.629215 0.421868
vt 0.629215 0.421868
vt 0.629447 0.421272
vt 0.637779 0.424457
vt 0.646135 0.427824
vt 0.645873 0.428437
vt 0.637555 0.425054
vt 0.637555 0.425054
vt 0.637779 0.424457
vt 0.646135 0.427824
vt 0.629447 0.421272
vt 0.629215 0.421868
vt 0.620644 0.418797
vt 0.620644 0.418797
vt 0.620860 0.418162
vt 0.629447 0.421272
vt 0.612224 0.415405
vt 0.612043 0.416021
vt 0.603446 0.413432
vt 0.603446 0.413432
vt 0.603636 0.412818
vt 0.612224 0.415405
vt 0.620860 0.418162
vt 0.620644 0.418797
vt 0.612043 0.416021
vt 0.612043 0.416021
vt 0.612224 0.415405
vt 0.620860 0.418162
vt 0.603636 0.412818
vt 0.603446 0.413432
vt 0.594629 0.410962
vt 0.594629 0.410962
vt 0.594802 0.410310
vt 0.603636 0.412818
vt 0.585949 0.408148
vt 0.585812 0.408778
vt 0.577017 0.406774
vt 0.577017 0.406774
vt 0.577166 0.406146
vt 0.585949 0.408148
vt 0.594802 0.410310
vt 0.594629 0.410962
vt 0.585812 0.408778
vt 0.585812 0.408778
vt 0.585949 0.408148
vt 0.594802 0.410310
vt 0.577166 0.406146
vt 0.577017 0.406774
vt 0.568015 0.404896
vt 0.568015 0.404896
vt 0.568143 0.404232
vt 0.577166 0.406146
vt 0.559131 0.402657
vt 0.559035 0.403298
vt 0.550097 0.401873
vt 0.550097 0.401873
vt 0.550205 0.401235
vt 0.559131 0.402657
vt 0.568143 0.404232
vt 0.568015 0.404896
vt 0.559035 0.403298
vt 0.559035 0.403298
vt 0.559131 0.402657
vt 0.568143 0.404232
vt 0.550205 0.401235
vt 0.550097 0.401873
vt 0.540962 0.400582
vt 0.540962 0.400582
vt 0.541047 0.399909
vt 0.550205 0.401235
vt 0.531927 0.398919
vt 0.531873 0.399566
vt 0.522840 0.398719
vt 0.522840 0.398719
vt 0.522907 0.398074
vt 0.531927 0.398919
vt 0.541047 0.399909
vt 0.540962 0.400582
vt 0.531873 0.399566
vt 0.531873 0.399566
vt 0.531927 0.398919
vt 0.541047 0.399909
vt 0.522907 0.398074
vt 0.522840 0.398719
vt 0.513623 0.398015
vt 0.513623 0.398015
vt 0.513665 0.397336
vt 0.522907 0.398074
vt 0.455899 0.133478
vt 0.471786 0.132938
vt 0.471583 0.134434
vt 0.471583 0.134434
vt 0.456123 0.134896
vt 0.455899 0.133478
vt 0.441457 0.132751
vt 0.455899 0.133478
vt 0.456123 0.134896
vt 0.456123 0.134896
vt 0.442323 0.137799
vt 0.441457 0.132751
vt 0.442323 0.137799
vt 0.441219 0.137875
vt 0.441457 0.132751
vt 0.427344 0.135285
vt 0.441457 0.132751
vt 0.441219 0.137875
vt 0.441219 0.137875
vt 0.427236 0.136791
vt 0.427344 0.135285
vt 0.411523 0.136837
vt 0.427344 0.135285
vt 0.427236 0.136791
vt 0.427236 0.136791
vt 0.411836 0.138238
vt 0.411523 0.136837
vt 0.397062 0.137028
vt 0.411523 0.136837
vt 0.411836 0.138238
vt 0.411836 0.138238
vt 0.398248 0.142012
vt 0.397062 0.137028
vt 0.398248 0.142012
vt 0.397150 0.142158
vt 0.397062 0.137028
vt 0.383134 0.140451
vt 0.397062 0.137028
vt 0.397150 0.142158
vt 0.397150 0.142158
vt 0.383125 0.141962
vt 0.383134 0.140451
vt 0.367445 0.143018
vt 0.383134 0.140451
vt 0.383125 0.141962
vt 0.383125 0.141962
vt 0.367848 0.144395
vt 0.367445 0.143018
vt 0.353032 0.144134
vt 0.367445 0.143018
vt 0.367848 0.144395
vt 0.367848 0.144395
vt 0.354535 0.149029
vt 0.353032 0.144134
vt 0.354535 0.149029
vt 0.353450 0.149245
vt 0.353032 0.144134
vt 0.339364 0.148439
vt 0.353032 0.144134
vt 0.353450 0.149245
vt 0.353450 0.149245
vt 0.339450 0.149944
vt 0.339364 0.148439
vt 0.323881 0.151978
vt 0.339364 0.148439
vt 0.339450 0.149944
vt 0.339450 0.149944
vt 0.324371 0.153327
vt 0.323881 0.151978
vt 0.309583 0.153994
vt 0.323881 0.151978
vt 0.324371 0.153327
vt 0.324371 0.153327
vt 0.311388 0.158780
vt 0.309583 0.153994
vt 0.311388 0.158780
vt 0.310320 0.159063
vt 0.309583 0.153994
vt 0.296228 0.159137
vt 0.309583 0.153994
vt 0.310320 0.159063
vt 0.310320 0.159063
vt 0.296409 0.160632
vt 0.296228 0.159137
vt 0.281018 0.163621
vt 0.296228 0.159137
vt 0.296409 0.160632
vt 0.296409 0.160632
vt 0.281591 0.164935
vt 0.281018 0.163621
vt 0.266901 0.166504
vt 0.281018 0.163621
vt 0.281591 0.164935
vt 0.281591 0.164935
vt 0.268992 0.171161
vt 0.266901 0.166504
vt 0.268992 0.171161
vt 0.267945 0.171507
vt 0.266901 0.166504
vt 0.253914 0.172433
vt 0.266901 0.166504
vt 0.267945 0.171507
vt 0.267945 0.171507
vt 0.254186 0.173910
vt 0.253914 0.172433
vt 0.239041 0.177800
vt 0.253914 0.172433
vt 0.254186 0.173910
vt 0.254186 0.173910
vt 0.239689 0.179074
vt 0.239041 0.177800
vt 0.225166 0.181490
vt 0.239041 0.177800
vt 0.239689 0.179074
vt 0.239689 0.179074
vt 0.227515 0.186004
vt 0.225166 0.181490
vt 0.227515 0.186004
vt 0.226494 0.186409
vt 0.225166 0.181490
vt 0.212586 0.188129
vt 0.225166 0.181490
vt 0.226494 0.186409
vt 0.226494 0.186409
vt 0.212942 0.189584
vt 0.212586 0.188129
vt 0.198094 0.194294
vt 0.212586 0.188129
vt 0.212942 0.189584
vt 0.212942 0.189584
vt 0.198809 0.195527
vt 0.198094 0.194294
vt 0.184498 0.198716
vt 0.198094 0.194294
vt 0.198809 0.195527
vt 0.198809 0.195527
vt 0.187076 0.203080
vt 0.184498 0.198716
vt 0.187076 0.203080
vt 0.186085 0.203537
vt 0.184498 0.198716
vt 0.172346 0.205989
vt 0.184498 0.198716
vt 0.186085 0.203537
vt 0.186085 0.203537
vt 0.172776 0.207414
vt 0.172346 0.205989
vt 0.158256 0.212883
vt 0.172346 0.205989
vt 0.172776 0.207414
vt 0.172776 0.207414
vt 0.159028 0.214052
vt 0.158256 0.212883
vt 0.145088 0.218150
vt 0.158256 0.212883
vt 0.159028 0.214052
vt 0.159028 0.214052
vt 0.147854 0.222095
vt 0.145088 0.218150
vt 0.813715 0.212538
vt 0.826909 0.217605
vt 0.824054 0.221766
vt 0.824054 0.221766
vt 0.812845 0.213753
vt 0.813715 0.212538
vt 0.799600 0.205727
vt 0.813715 0.212538
vt 0.812845 0.213753
vt 0.812845 0.213753
vt 0.799132 0.207068
vt 0.799600 0.205727
vt 0.787358 0.198407
vt 0.799600 0.205727
vt 0.799132 0.207068
vt 0.799132 0.207068
vt 0.785757 0.203208
vt 0.787358 0.198407
vt 0.785757 0.203208
vt 0.784761 0.202761
vt 0.787358 0.198407
vt 0.773897 0.194028
vt 0.787358 0.198407
vt 0.784761 0.202761
vt 0.784761 0.202761
vt 0.773094 0.195290
vt 0.773897 0.194028
vt 0.759402 0.187933
vt 0.773897 0.194028
vt 0.773094 0.195290
vt 0.773094 0.195290
vt 0.759006 0.189300
vt 0.759402 0.187933
vt 0.746738 0.181244
vt 0.759402 0.187933
vt 0.759006 0.189300
vt 0.759006 0.189300
vt 0.745392 0.186141
vt 0.746738 0.181244
vt 0.745392 0.186141
vt 0.744369 0.185746
vt 0.746738 0.181244
vt 0.733001 0.177585
vt 0.746738 0.181244
vt 0.744369 0.185746
vt 0.744369 0.185746
vt 0.732265 0.178892
vt 0.733001 0.177585
vt 0.718128 0.172284
vt 0.733001 0.177585
vt 0.732265 0.178892
vt 0.732265 0.178892
vt 0.717810 0.173677
vt 0.718128 0.172284
vt 0.705049 0.166308
vt 0.718128 0.172284
vt 0.717810 0.173677
vt 0.717810 0.173677
vt 0.703987 0.171291
vt 0.705049 0.166308
vt 0.703987 0.171291
vt 0.702938 0.170956
vt 0.705049 0.166308
vt 0.691070 0.163446
vt 0.705049 0.166308
vt 0.702938 0.170956
vt 0.702938 0.170956
vt 0.690411 0.164799
vt 0.691070 0.163446
vt 0.675860 0.159028
vt 0.691070 0.163446
vt 0.690411 0.164799
vt 0.690411 0.164799
vt 0.675627 0.160441
vt 0.675860 0.159028
vt 0.662405 0.153841
vt 0.675860 0.159028
vt 0.675627 0.160441
vt 0.675627 0.160441
vt 0.661648 0.158893
vt 0.662405 0.153841
vt 0.661648 0.158893
vt 0.660579 0.158622
vt 0.662405 0.153841
vt 0.648242 0.151839
vt 0.662405 0.153841
vt 0.660579 0.158622
vt 0.660579 0.158622
vt 0.647667 0.153232
vt 0.648242 0.151839
vt 0.632757 0.148365
vt 0.648242 0.151839
vt 0.647667 0.153232
vt 0.647667 0.153232
vt 0.632614 0.149792
vt 0.632757 0.148365
vt 0.618983 0.144024
vt 0.632757 0.148365
vt 0.632614 0.149792
vt 0.632614 0.149792
vt 0.618546 0.149121
vt 0.618983 0.144024
vt 0.618546 0.149121
vt 0.617460 0.148916
vt 0.618983 0.144024
vt 0.604703 0.142915
vt 0.618983 0.144024
vt 0.617460 0.148916
vt 0.617460 0.148916
vt 0.604218 0.144343
vt 0.604703 0.142915
vt 0.589015 0.140424
vt 0.604703 0.142915
vt 0.604218 0.144343
vt 0.604218 0.144343
vt 0.588963 0.141858
vt 0.589015 0.140424
vt 0.574983 0.136963
vt 0.589015 0.140424
vt 0.588963 0.141858
vt 0.588963 0.141858
vt 0.574871 0.142081
vt 0.574983 0.136963
vt 0.574871 0.142081
vt 0.573773 0.141945
vt 0.574983 0.136963
vt 0.560652 0.136764
vt 0.574983 0.136963
vt 0.573773 0.141945
vt 0.573773 0.141945
vt 0.560259 0.138221
vt 0.560652 0.136764
vt 0.544831 0.135276
vt 0.560652 0.136764
vt 0.560259 0.138221
vt 0.560259 0.138221
vt 0.544871 0.136711
vt 0.544831 0.135276
vt 0.530602 0.132716
vt 0.544831 0.135276
vt 0.544871 0.136711
vt 0.544871 0.136711
vt 0.530817 0.137832
vt 0.530602 0.132716
vt 0.530817 0.137832
vt 0.529713 0.137767
vt 0.530602 0.132716
vt 0.516284 0.133432
vt 0.530602 0.132716
vt 0.529713 0.137767
vt 0.529713 0.137767
vt 0.515985 0.134911
vt 0.516284 0.133432
vt 0.500397 0.132957
vt 0.516284 0.133432
vt 0.515985 0.134911
vt 0.515985 0.134911
vt 0.500529 0.134386
vt 0.500397 0.132957
vt 0.486031 0.131309
vt 0.500397 0.132957
vt 0.500529 0.134386
vt 0.500529 0.134386
vt 0.486573 0.136402
vt 0.486031 0.131309
vt 0.486573 0.136402
vt 0.485466 0.136407
vt 0.486031 0.131309
vt 0.471786 0.132938
vt 0.486031 0.131309
vt 0.485466 0.136407
vt 0.485466 0.136407
vt 0.471583 0.134434
vt 0.471786 0.132938
vt 0.455838 0.132802
vt 0.455827 0.130782
vt 0.471683 0.130261
vt 0.471683 0.130261
vt 0.471804 0.132269
vt 0.455838 0.132802
vt 0.471804 0.132269
vt 0.471683 0.130261
vt 0.486030 0.129647
vt 0.486030 0.129647
vt 0.486030 0.131137
vt 0.471804 0.132269
vt 0.453948 0.084381
vt 0.454232 0.090896
vt 0.438814 0.091714
vt 0.438814 0.091714
vt 0.438395 0.085212
vt 0.453948 0.084381
vt 0.500379 0.132278
vt 0.500497 0.130261
vt 0.516353 0.130754
vt 0.516353 0.130754
vt 0.516344 0.132765
vt 0.500379 0.132278
vt 0.516344 0.132765
vt 0.516353 0.130754
vt 0.530707 0.131057
vt 0.530707 0.131057
vt 0.530612 0.132544
vt 0.516344 0.132765
vt 0.501589 0.083838
vt 0.501456 0.090358
vt 0.486018 0.090189
vt 0.486018 0.090189
vt 0.486016 0.083673
vt 0.501589 0.083838
vt 0.411418 0.136166
vt 0.411278 0.134151
vt 0.427070 0.132621
vt 0.427070 0.132621
vt 0.427318 0.134617
vt 0.411418 0.136166
vt 0.427318 0.134617
vt 0.427070 0.132621
vt 0.441348 0.131092
vt 0.441348 0.131092
vt 0.441444 0.132579
vt 0.427318 0.134617
vt 0.406435 0.087970
vt 0.407138 0.094454
vt 0.391805 0.096260
vt 0.391805 0.096260
vt 0.390968 0.089798
vt 0.406435 0.087970
vt 0.367297 0.142355
vt 0.367027 0.140353
vt 0.382689 0.137803
vt 0.382689 0.137803
vt 0.383065 0.139782
vt 0.367297 0.142355
vt 0.383065 0.139782
vt 0.382689 0.137803
vt 0.396847 0.135380
vt 0.396847 0.135380
vt 0.397038 0.136858
vt 0.383065 0.139782
vt 0.359247 0.094599
vt 0.360361 0.101023
vt 0.345180 0.103800
vt 0.345180 0.103800
vt 0.343933 0.097409
vt 0.359247 0.094599
vt 0.323691 0.151327
vt 0.323296 0.149347
vt 0.338750 0.145832
vt 0.338750 0.145832
vt 0.339252 0.147779
vt 0.323691 0.151327
vt 0.339252 0.147779
vt 0.338750 0.145832
vt 0.352711 0.142504
vt 0.352711 0.142504
vt 0.352996 0.143966
vt 0.339252 0.147779
vt 0.312623 0.104226
vt 0.314148 0.110555
vt 0.299202 0.114295
vt 0.299202 0.114295
vt 0.297549 0.108009
vt 0.312623 0.104226
vt 0.280787 0.162984
vt 0.280270 0.161036
vt 0.295451 0.156576
vt 0.295451 0.156576
vt 0.296073 0.158486
vt 0.280787 0.162984
vt 0.296073 0.158486
vt 0.295451 0.156576
vt 0.309158 0.152388
vt 0.309158 0.152388
vt 0.309535 0.153828
vt 0.296073 0.158486
vt 0.266821 0.116796
vt 0.268741 0.122994
vt 0.254117 0.127653
vt 0.254117 0.127653
vt 0.252077 0.121512
vt 0.266821 0.116796
vt 0.238773 0.177179
vt 0.238142 0.175271
vt 0.252984 0.169930
vt 0.252984 0.169930
vt 0.253720 0.171794
vt 0.238773 0.177179
vt 0.253720 0.171794
vt 0.252984 0.169930
vt 0.266377 0.164931
vt 0.266377 0.164931
vt 0.266842 0.166342
vt 0.253720 0.171794
vt 0.222131 0.132142
vt 0.224415 0.138169
vt 0.210201 0.143661
vt 0.210201 0.143661
vt 0.207814 0.137701
vt 0.222131 0.132142
vt 0.197793 0.193689
vt 0.197061 0.191824
vt 0.211517 0.185689
vt 0.211517 0.185689
vt 0.212356 0.187503
vt 0.197793 0.193689
vt 0.212356 0.187503
vt 0.211517 0.185689
vt 0.224550 0.179955
vt 0.224550 0.179955
vt 0.225096 0.181332
vt 0.212356 0.187503
vt 0.178817 0.149919
vt 0.181404 0.155754
vt 0.167629 0.161937
vt 0.167629 0.161937
vt 0.164963 0.156162
vt 0.178817 0.149919
vt 0.157927 0.212319
vt 0.157095 0.210523
vt 0.171154 0.203623
vt 0.171154 0.203623
vt 0.172084 0.205380
vt 0.157927 0.212319
vt 0.172084 0.205380
vt 0.171154 0.203623
vt 0.183803 0.197219
vt 0.183803 0.197219
vt 0.184420 0.198561
vt 0.172084 0.205380
vt 0.136776 0.169634
vt 0.139621 0.175339
vt 0.126110 0.182178
vt 0.126110 0.182178
vt 0.123173 0.176488
vt 0.136776 0.169634
vt 0.799866 0.205108
vt 0.800797 0.203340
vt 0.814858 0.210164
vt 0.814858 0.210164
vt 0.814041 0.211967
vt 0.799866 0.205108
vt 0.814041 0.211967
vt 0.814858 0.210164
vt 0.827678 0.216189
vt 0.827678 0.216189
vt 0.826985 0.217470
vt 0.814041 0.211967
vt 0.820490 0.162347
vt 0.817758 0.168064
vt 0.804149 0.161690
vt 0.804149 0.161690
vt 0.806804 0.155930
vt 0.820490 0.162347
vt 0.759636 0.187299
vt 0.760474 0.185480
vt 0.774919 0.191579
vt 0.774919 0.191579
vt 0.774194 0.193433
vt 0.759636 0.187299
vt 0.774194 0.193433
vt 0.774919 0.191579
vt 0.788049 0.196911
vt 0.788049 0.196911
vt 0.787434 0.198251
vt 0.774194 0.193433
vt 0.778175 0.143324
vt 0.775694 0.149215
vt 0.761660 0.143471
vt 0.761660 0.143471
vt 0.764042 0.137520
vt 0.778175 0.143324
vt 0.718325 0.171637
vt 0.719061 0.169767
vt 0.733890 0.175077
vt 0.733890 0.175077
vt 0.733265 0.176974
vt 0.718325 0.171637
vt 0.733265 0.176974
vt 0.733890 0.175077
vt 0.747350 0.179711
vt 0.747350 0.179711
vt 0.746805 0.181086
vt 0.733265 0.176974
vt 0.734432 0.126372
vt 0.732276 0.132456
vt 0.717802 0.127500
vt 0.717802 0.127500
vt 0.719838 0.121365
vt 0.734432 0.126372
vt 0.676016 0.158369
vt 0.676638 0.156452
vt 0.691809 0.160882
vt 0.691809 0.160882
vt 0.691298 0.162819
vt 0.676016 0.158369
vt 0.691298 0.162819
vt 0.691809 0.160882
vt 0.705571 0.164736
vt 0.705571 0.164736
vt 0.705106 0.166145
vt 0.691298 0.162819
vt 0.689369 0.111991
vt 0.687591 0.118234
vt 0.672759 0.114174
vt 0.672759 0.114174
vt 0.674408 0.107892
vt 0.689369 0.111991
vt 0.632871 0.147696
vt 0.633371 0.145741
vt 0.648820 0.149228
vt 0.648820 0.149228
vt 0.648429 0.151197
vt 0.632871 0.147696
vt 0.648429 0.151197
vt 0.648820 0.149228
vt 0.662827 0.152236
vt 0.662827 0.152236
vt 0.662450 0.153675
vt 0.648429 0.151197
vt 0.643286 0.100454
vt 0.641908 0.106817
vt 0.626810 0.103705
vt 0.626810 0.103705
vt 0.628054 0.097318
vt 0.643286 0.100454
vt 0.589085 0.139749
vt 0.589460 0.137765
vt 0.605114 0.140270
vt 0.605114 0.140270
vt 0.604849 0.142262
vt 0.589085 0.139749
vt 0.604849 0.142262
vt 0.605114 0.140270
vt 0.619301 0.142393
vt 0.619301 0.142393
vt 0.619016 0.143855
vt 0.604849 0.142262
vt 0.596467 0.091888
vt 0.595501 0.098333
vt 0.580219 0.096195
vt 0.580219 0.096195
vt 0.581050 0.089735
vt 0.596467 0.091888
vt 0.544857 0.134598
vt 0.545104 0.132593
vt 0.560893 0.134097
vt 0.560893 0.134097
vt 0.560756 0.136103
vt 0.544857 0.134598
vt 0.560756 0.136103
vt 0.560893 0.134097
vt 0.575195 0.135315
vt 0.575195 0.135315
vt 0.575004 0.136792
vt 0.560756 0.136103
vt 0.549162 0.086343
vt 0.548612 0.092840
vt 0.533219 0.091684
vt 0.533219 0.091684
vt 0.533634 0.085182
vt 0.549162 0.086343
vt 0.469449 0.030669
vt 0.470028 0.057766
vt 0.452807 0.058317
vt 0.452807 0.058317
vt 0.451633 0.031238
vt 0.469449 0.030669
vt 0.486007 0.057589
vt 0.470028 0.057766
vt 0.469449 0.030669
vt 0.469449 0.030669
vt 0.485998 0.030490
vt 0.486007 0.057589
vt 0.433133 0.003691
vt 0.450409 0.002912
vt 0.451633 0.031238
vt 0.451633 0.031238
vt 0.434973 0.032131
vt 0.433133 0.003691
vt 0.520492 0.031231
vt 0.519338 0.058308
vt 0.502118 0.057758
vt 0.502118 0.057758
vt 0.502678 0.030662
vt 0.520492 0.031231
vt 0.535295 0.059153
vt 0.519338 0.058308
vt 0.520492 0.031231
vt 0.520492 0.031231
vt 0.537019 0.032109
vt 0.535295 0.059153
vt 0.485975 0.002000
vt 0.503261 0.002321
vt 0.502678 0.030662
vt 0.502678 0.030662
vt 0.485998 0.030490
vt 0.485975 0.002000
vt 0.418464 0.033366
vt 0.420778 0.060377
vt 0.403624 0.062030
vt 0.403624 0.062030
vt 0.400714 0.035075
vt 0.418464 0.033366
vt 0.436716 0.059178
vt 0.420778 0.060377
vt 0.418464 0.033366
vt 0.418464 0.033366
vt 0.434973 0.032131
vt 0.436716 0.059178
vt 0.380471 0.008755
vt 0.397676 0.006870
vt 0.400714 0.035075
vt 0.400714 0.035075
vt 0.384138 0.037036
vt 0.380471 0.008755
vt 0.367736 0.039332
vt 0.371787 0.066144
vt 0.354774 0.068897
vt 0.354774 0.068897
vt 0.350127 0.042185
vt 0.367736 0.039332
vt 0.387618 0.063923
vt 0.371787 0.066144
vt 0.367736 0.039332
vt 0.367736 0.039332
vt 0.384138 0.037036
vt 0.387618 0.063923
vt 0.328198 0.017228
vt 0.345260 0.014221
vt 0.350127 0.042185
vt 0.350127 0.042185
vt 0.333709 0.045219
vt 0.328198 0.017228
vt 0.317492 0.048582
vt 0.323281 0.075056
vt 0.306500 0.078906
vt 0.306500 0.078906
vt 0.300116 0.052586
vt 0.317492 0.048582
vt 0.338926 0.071818
vt 0.323281 0.075056
vt 0.317492 0.048582
vt 0.317492 0.048582
vt 0.333709 0.045219
vt 0.338926 0.071818
vt 0.276577 0.029165
vt 0.293402 0.025016
vt 0.300116 0.052586
vt 0.300116 0.052586
vt 0.283951 0.056698
vt 0.276577 0.029165
vt 0.268022 0.061129
vt 0.275535 0.087093
vt 0.259093 0.092018
vt 0.259093 0.092018
vt 0.251000 0.066280
vt 0.268022 0.061129
vt 0.290901 0.082847
vt 0.275535 0.087093
vt 0.268022 0.061129
vt 0.268022 0.061129
vt 0.283951 0.056698
vt 0.290901 0.082847
vt 0.225978 0.044626
vt 0.242428 0.039316
vt 0.251000 0.066280
vt 0.251000 0.066280
vt 0.235215 0.071459
vt 0.225978 0.044626
vt 0.219715 0.076938
vt 0.228883 0.102161
vt 0.212919 0.108097
vt 0.212919 0.108097
vt 0.203221 0.083196
vt 0.219715 0.076938
vt 0.243852 0.096952
vt 0.228883 0.102161
vt 0.219715 0.076938
vt 0.219715 0.076938
vt 0.235215 0.071459
vt 0.243852 0.096952
vt 0.176971 0.063648
vt 0.192827 0.057167
vt 0.203221 0.083196
vt 0.203221 0.083196
vt 0.188005 0.089379
vt 0.176971 0.063648
vt 0.173154 0.095802
vt 0.183744 0.119984
vt 0.168413 0.126744
vt 0.168413 0.126744
vt 0.157473 0.102980
vt 0.173154 0.095802
vt 0.198173 0.113934
vt 0.183744 0.119984
vt 0.173154 0.095802
vt 0.173154 0.095802
vt 0.188005 0.089379
vt 0.198173 0.113934
vt 0.131071 0.085954
vt 0.145459 0.078558
vt 0.157473 0.102980
vt 0.157473 0.102980
vt 0.143152 0.109853
vt 0.131071 0.085954
vt 0.129215 0.116733
vt 0.140446 0.139820
vt 0.125660 0.146987
vt 0.125660 0.146987
vt 0.114442 0.124144
vt 0.129215 0.116733
vt 0.154285 0.133244
vt 0.140446 0.139820
vt 0.129215 0.116733
vt 0.129215 0.116733
vt 0.143152 0.109853
vt 0.154285 0.133244
vt 0.088896 0.108353
vt 0.102552 0.101217
vt 0.114442 0.124144
vt 0.114442 0.124144
vt 0.100599 0.131112
vt 0.088896 0.108353
vt 0.857326 0.124107
vt 0.846085 0.146880
vt 0.831363 0.139703
vt 0.831363 0.139703
vt 0.842595 0.116685
vt 0.857326 0.124107
vt 0.859694 0.153563
vt 0.846085 0.146880
vt 0.857326 0.124107
vt 0.857326 0.124107
vt 0.870809 0.130952
vt 0.859694 0.153563
vt 0.840645 0.085891
vt 0.854550 0.093431
vt 0.842595 0.116685
vt 0.842595 0.116685
vt 0.828583 0.109747
vt 0.840645 0.085891
vt 0.814408 0.102927
vt 0.803478 0.126641
vt 0.788185 0.119882
vt 0.788185 0.119882
vt 0.798763 0.095744
vt 0.814408 0.102927
vt 0.817455 0.133077
vt 0.803478 0.126641
vt 0.814408 0.102927
vt 0.814408 0.102927
vt 0.828583 0.109747
vt 0.817455 0.133077
vt 0.794821 0.063566
vt 0.810264 0.070689
vt 0.798763 0.095744
vt 0.798763 0.095744
vt 0.783818 0.089273
vt 0.794821 0.063566
vt 0.768743 0.083142
vt 0.759060 0.108011
vt 0.743121 0.102075
vt 0.743121 0.102075
vt 0.752274 0.076881
vt 0.768743 0.083142
vt 0.773663 0.113790
vt 0.759060 0.108011
vt 0.768743 0.083142
vt 0.768743 0.083142
vt 0.783818 0.089273
vt 0.773663 0.113790
vt 0.745866 0.044546
vt 0.762040 0.050508
vt 0.752274 0.076881
vt 0.752274 0.076881
vt 0.736667 0.071364
vt 0.745866 0.044546
vt 0.721021 0.066231
vt 0.712944 0.091947
vt 0.696520 0.087021
vt 0.696520 0.087021
vt 0.704017 0.061078
vt 0.721021 0.066231
vt 0.728046 0.096831
vt 0.712944 0.091947
vt 0.721021 0.066231
vt 0.721021 0.066231
vt 0.736667 0.071364
vt 0.728046 0.096831
vt 0.695305 0.029095
vt 0.711936 0.033896
vt 0.704017 0.061078
vt 0.704017 0.061078
vt 0.687973 0.056617
vt 0.695305 0.029095
vt 0.671946 0.052544
vt 0.665579 0.078849
vt 0.648811 0.074998
vt 0.648811 0.074998
vt 0.654583 0.048540
vt 0.671946 0.052544
vt 0.681039 0.082749
vt 0.665579 0.078849
vt 0.671946 0.052544
vt 0.671946 0.052544
vt 0.687973 0.056617
vt 0.681039 0.082749
vt 0.643714 0.017173
vt 0.660643 0.020828
vt 0.654583 0.048540
vt 0.654583 0.048540
vt 0.638246 0.045156
vt 0.643714 0.017173
vt 0.621966 0.042153
vt 0.617337 0.068853
vt 0.600335 0.066099
vt 0.600335 0.066099
vt 0.604366 0.039299
vt 0.621966 0.042153
vt 0.633046 0.071741
vt 0.617337 0.068853
vt 0.621966 0.042153
vt 0.621966 0.042153
vt 0.638246 0.045156
vt 0.633046 0.071741
vt 0.591462 0.008717
vt 0.608584 0.011247
vt 0.604366 0.039299
vt 0.604366 0.039299
vt 0.587840 0.036992
vt 0.591462 0.008717
vt 0.571400 0.035054
vt 0.568510 0.062004
vt 0.551361 0.060351
vt 0.551361 0.060351
vt 0.553655 0.033346
vt 0.571400 0.035054
vt 0.584380 0.063870
vt 0.568510 0.062004
vt 0.571400 0.035054
vt 0.571400 0.035054
vt 0.587840 0.036992
vt 0.584380 0.063870
vt 0.538813 0.003671
vt 0.556049 0.005093
vt 0.553655 0.033346
vt 0.553655 0.033346
vt 0.537019 0.032109
vt 0.538813 0.003671
vt 0.468917 0.002295
vt 0.469449 0.030669
vt 0.451633 0.031238
vt 0.451633 0.031238
vt 0.450409 0.002912
vt 0.468917 0.002295
vt 0.485975 0.002000
vt 0.485998 0.030490
vt 0.469449 0.030669
vt 0.469449 0.030669
vt 0.468917 0.002295
vt 0.485975 0.002000
vt 0.436716 0.059178
vt 0.434973 0.032131
vt 0.451633 0.031238
vt 0.451633 0.031238
vt 0.452807 0.058317
vt 0.436716 0.059178
vt 0.521769 0.002881
vt 0.520492 0.031231
vt 0.502678 0.030662
vt 0.502678 0.030662
vt 0.503261 0.002321
vt 0.521769 0.002881
vt 0.538813 0.003671
vt 0.537019 0.032109
vt 0.520492 0.031231
vt 0.520492 0.031231
vt 0.521769 0.002881
vt 0.538813 0.003671
vt 0.486007 0.057589
vt 0.485998 0.030490
vt 0.502678 0.030662
vt 0.502678 0.030662
vt 0.502118 0.057758
vt 0.486007 0.057589
vt 0.416119 0.005072
vt 0.418464 0.033366
vt 0.400714 0.035075
vt 0.400714 0.035075
vt 0.397676 0.006870
vt 0.416119 0.005072
vt 0.433133 0.003691
vt 0.434973 0.032131
vt 0.418464 0.033366
vt 0.418464 0.033366
vt 0.416119 0.005072
vt 0.433133 0.003691
vt 0.387618 0.063923
vt 0.384138 0.037036
vt 0.400714 0.035075
vt 0.400714 0.035075
vt 0.403624 0.062030
vt 0.387618 0.063923
vt 0.363566 0.011230
vt 0.367736 0.039332
vt 0.350127 0.042185
vt 0.350127 0.042185
vt 0.345260 0.014221
vt 0.363566 0.011230
vt 0.380471 0.008755
vt 0.384138 0.037036
vt 0.367736 0.039332
vt 0.367736 0.039332
vt 0.363566 0.011230
vt 0.380471 0.008755
vt 0.338926 0.071818
vt 0.333709 0.045219
vt 0.350127 0.042185
vt 0.350127 0.042185
vt 0.354774 0.068897
vt 0.338926 0.071818
vt 0.311478 0.020813
vt 0.317492 0.048582
vt 0.300116 0.052586
vt 0.300116 0.052586
vt 0.293402 0.025016
vt 0.311478 0.020813
vt 0.328198 0.017228
vt 0.333709 0.045219
vt 0.317492 0.048582
vt 0.317492 0.048582
vt 0.311478 0.020813
vt 0.328198 0.017228
vt 0.290901 0.082847
vt 0.283951 0.056698
vt 0.300116 0.052586
vt 0.300116 0.052586
vt 0.306500 0.078906
vt 0.290901 0.082847
vt 0.260147 0.033879
vt 0.268022 0.061129
vt 0.251000 0.066280
vt 0.251000 0.066280
vt 0.242428 0.039316
vt 0.260147 0.033879
vt 0.276577 0.029165
vt 0.283951 0.056698
vt 0.268022 0.061129
vt 0.268022 0.061129
vt 0.260147 0.033879
vt 0.276577 0.029165
vt 0.243852 0.096952
vt 0.235215 0.071459
vt 0.251000 0.066280
vt 0.251000 0.066280
vt 0.259093 0.092018
vt 0.243852 0.096952
vt 0.209992 0.050486
vt 0.219715 0.076938
vt 0.203221 0.083196
vt 0.203221 0.083196
vt 0.192827 0.057167
vt 0.209992 0.050486
vt 0.225978 0.044626
vt 0.235215 0.071459
vt 0.219715 0.076938
vt 0.219715 0.076938
vt 0.209992 0.050486
vt 0.225978 0.044626
vt 0.198173 0.113934
vt 0.188005 0.089379
vt 0.203221 0.083196
vt 0.203221 0.083196
vt 0.212919 0.108097
vt 0.198173 0.113934
vt 0.161698 0.070652
vt 0.173154 0.095802
vt 0.157473 0.102980
vt 0.157473 0.102980
vt 0.145459 0.078558
vt 0.161698 0.070652
vt 0.176971 0.063648
vt 0.188005 0.089379
vt 0.173154 0.095802
vt 0.173154 0.095802
vt 0.161698 0.070652
vt 0.176971 0.063648
vt 0.154285 0.133244
vt 0.143152 0.109853
vt 0.157473 0.102980
vt 0.157473 0.102980
vt 0.168413 0.126744
vt 0.154285 0.133244
vt 0.117304 0.093366
vt 0.129215 0.116733
vt 0.114442 0.124144
vt 0.114442 0.124144
vt 0.102552 0.101217
vt 0.117304 0.093366
vt 0.131071 0.085954
vt 0.143152 0.109853
vt 0.129215 0.116733
vt 0.129215 0.116733
vt 0.117304 0.093366
vt 0.131071 0.085954
vt 0.111638 0.153710
vt 0.100599 0.131112
vt 0.114442 0.124144
vt 0.114442 0.124144
vt 0.125660 0.146987
vt 0.111638 0.153710
vt 0.869278 0.101244
vt 0.857326 0.124107
vt 0.842595 0.116685
vt 0.842595 0.116685
vt 0.854550 0.093431
vt 0.869278 0.101244
vt 0.882677 0.108287
vt 0.870809 0.130952
vt 0.857326 0.124107
vt 0.857326 0.124107
vt 0.869278 0.101244
vt 0.882677 0.108287
vt 0.817455 0.133077
vt 0.828583 0.109747
vt 0.842595 0.116685
vt 0.842595 0.116685
vt 0.831363 0.139703
vt 0.817455 0.133077
vt 0.826496 0.078558
vt 0.814408 0.102927
vt 0.798763 0.095744
vt 0.798763 0.095744
vt 0.810264 0.070689
vt 0.826496 0.078558
vt 0.840645 0.085891
vt 0.828583 0.109747
vt 0.814408 0.102927
vt 0.814408 0.102927
vt 0.826496 0.078558
vt 0.840645 0.085891
vt 0.773663 0.113790
vt 0.783818 0.089273
vt 0.798763 0.095744
vt 0.798763 0.095744
vt 0.788185 0.119882
vt 0.773663 0.113790
vt 0.779204 0.057142
vt 0.768743 0.083142
vt 0.752274 0.076881
vt 0.752274 0.076881
vt 0.762040 0.050508
vt 0.779204 0.057142
vt 0.794821 0.063566
vt 0.783818 0.089273
vt 0.768743 0.083142
vt 0.768743 0.083142
vt 0.779204 0.057142
vt 0.794821 0.063566
vt 0.728046 0.096831
vt 0.736667 0.071364
vt 0.752274 0.076881
vt 0.752274 0.076881
vt 0.743121 0.102075
vt 0.728046 0.096831
vt 0.729655 0.039281
vt 0.721021 0.066231
vt 0.704017 0.061078
vt 0.704017 0.061078
vt 0.711936 0.033896
vt 0.729655 0.039281
vt 0.745866 0.044546
vt 0.736667 0.071364
vt 0.721021 0.066231
vt 0.721021 0.066231
vt 0.729655 0.039281
vt 0.745866 0.044546
vt 0.681039 0.082749
vt 0.687973 0.056617
vt 0.704017 0.061078
vt 0.704017 0.061078
vt 0.696520 0.087021
vt 0.681039 0.082749
vt 0.678720 0.024978
vt 0.671946 0.052544
vt 0.654583 0.048540
vt 0.654583 0.048540
vt 0.660643 0.020828
vt 0.678720 0.024978
vt 0.695305 0.029095
vt 0.687973 0.056617
vt 0.671946 0.052544
vt 0.671946 0.052544
vt 0.678720 0.024978
vt 0.695305 0.029095
vt 0.633046 0.071741
vt 0.638246 0.045156
vt 0.654583 0.048540
vt 0.654583 0.048540
vt 0.648811 0.074998
vt 0.633046 0.071741
vt 0.626890 0.014183
vt 0.621966 0.042153
vt 0.604366 0.039299
vt 0.604366 0.039299
vt 0.608584 0.011247
vt 0.626890 0.014183
vt 0.643714 0.017173
vt 0.638246 0.045156
vt 0.621966 0.042153
vt 0.621966 0.042153
vt 0.626890 0.014183
vt 0.643714 0.017173
vt 0.584380 0.063870
vt 0.587840 0.036992
vt 0.604366 0.039299
vt 0.604366 0.039299
vt 0.600335 0.066099
vt 0.584380 0.063870
vt 0.574492 0.006835
vt 0.571400 0.035054
vt 0.553655 0.033346
vt 0.553655 0.033346
vt 0.556049 0.005093
vt 0.574492 0.006835
vt 0.591462 0.008717
vt 0.587840 0.036992
vt 0.571400 0.035054
vt 0.571400 0.035054
vt 0.574492 0.006835
vt 0.591462 0.008717
vt 0.535295 0.059153
vt 0.537019 0.032109
vt 0.553655 0.033346
vt 0.553655 0.033346
vt 0.551361 0.060351
vt 0.535295 0.059153
vt 0.453740 0.079655
vt 0.453523 0.074716
vt 0.470369 0.074174
vt 0.470369 0.074174
vt 0.470469 0.079116
vt 0.453740 0.079655
vt 0.470469 0.079116
vt 0.470369 0.074174
vt 0.486013 0.074004
vt 0.486013 0.074004
vt 0.486014 0.078946
vt 0.470469 0.079116
vt 0.501684 0.079110
vt 0.501783 0.074168
vt 0.518628 0.074703
vt 0.518628 0.074703
vt 0.518412 0.079641
vt 0.501684 0.079110
vt 0.518412 0.079641
vt 0.518628 0.074703
vt 0.534249 0.075533
vt 0.534249 0.075533
vt 0.533935 0.080465
vt 0.518412 0.079641
vt 0.405925 0.083268
vt 0.405391 0.078353
vt 0.422169 0.076732
vt 0.422169 0.076732
vt 0.422587 0.081658
vt 0.405925 0.083268
vt 0.422587 0.081658
vt 0.422169 0.076732
vt 0.437772 0.075562
vt 0.437772 0.075562
vt 0.438091 0.080494
vt 0.422587 0.081658
vt 0.358436 0.089939
vt 0.357588 0.085070
vt 0.374228 0.082379
vt 0.374228 0.082379
vt 0.374961 0.087269
vt 0.358436 0.089939
vt 0.374961 0.087269
vt 0.374228 0.082379
vt 0.389725 0.080207
vt 0.389725 0.080207
vt 0.390360 0.085109
vt 0.374961 0.087269
vt 0.311515 0.099635
vt 0.310354 0.094838
vt 0.326766 0.091082
vt 0.326766 0.091082
vt 0.327812 0.095909
vt 0.311515 0.099635
vt 0.327812 0.095909
vt 0.326766 0.091082
vt 0.342079 0.087923
vt 0.342079 0.087923
vt 0.343027 0.092771
vt 0.327812 0.095909
vt 0.265424 0.112302
vt 0.263962 0.107607
vt 0.280046 0.102815
vt 0.280046 0.102815
vt 0.281399 0.107551
vt 0.265424 0.112302
vt 0.281399 0.107551
vt 0.280046 0.102815
vt 0.295089 0.098682
vt 0.295089 0.098682
vt 0.296347 0.103449
vt 0.281399 0.107551
vt 0.220469 0.127775
vt 0.218727 0.123215
vt 0.234369 0.117460
vt 0.234369 0.117460
vt 0.236011 0.122073
vt 0.220469 0.127775
vt 0.236011 0.122073
vt 0.234369 0.117460
vt 0.249037 0.112403
vt 0.249037 0.112403
vt 0.250592 0.117058
vt 0.236011 0.122073
vt 0.176936 0.145697
vt 0.174967 0.141294
vt 0.190066 0.134738
vt 0.190066 0.134738
vt 0.191959 0.139198
vt 0.176936 0.145697
vt 0.191959 0.139198
vt 0.190066 0.134738
vt 0.204254 0.128874
vt 0.204254 0.128874
vt 0.206075 0.133383
vt 0.191959 0.139198
vt 0.134726 0.165503
vt 0.132600 0.161192
vt 0.147288 0.154078
vt 0.147288 0.154078
vt 0.149358 0.158405
vt 0.134726 0.165503
vt 0.149358 0.158405
vt 0.147288 0.154078
vt 0.161004 0.147627
vt 0.161004 0.147627
vt 0.163027 0.151984
vt 0.149358 0.158405
vt 0.822468 0.158213
vt 0.824531 0.153903
vt 0.839146 0.160989
vt 0.839146 0.160989
vt 0.837033 0.165272
vt 0.822468 0.158213
vt 0.837033 0.165272
vt 0.839146 0.160989
vt 0.852684 0.167707
vt 0.852684 0.167707
vt 0.850533 0.171992
vt 0.837033 0.165272
vt 0.779981 0.139059
vt 0.781870 0.134608
vt 0.796934 0.141152
vt 0.796934 0.141152
vt 0.794970 0.145544
vt 0.779981 0.139059
vt 0.794970 0.145544
vt 0.796934 0.141152
vt 0.810749 0.147418
vt 0.810749 0.147418
vt 0.808733 0.151764
vt 0.794970 0.145544
vt 0.735999 0.121963
vt 0.737640 0.117356
vt 0.753259 0.123103
vt 0.753259 0.123103
vt 0.751519 0.127656
vt 0.735999 0.121963
vt 0.751519 0.127656
vt 0.753259 0.123103
vt 0.767593 0.128707
vt 0.767593 0.128707
vt 0.765776 0.133209
vt 0.751519 0.127656
vt 0.690661 0.107463
vt 0.692013 0.102731
vt 0.708081 0.107516
vt 0.708081 0.107516
vt 0.706620 0.112206
vt 0.690661 0.107463
vt 0.706620 0.112206
vt 0.708081 0.107516
vt 0.722870 0.112266
vt 0.722870 0.112266
vt 0.721319 0.116916
vt 0.706620 0.112206
vt 0.644285 0.095839
vt 0.645330 0.091016
vt 0.661729 0.094766
vt 0.661729 0.094766
vt 0.660571 0.099560
vt 0.644285 0.095839
vt 0.660571 0.099560
vt 0.661729 0.094766
vt 0.676861 0.098572
vt 0.676861 0.098572
vt 0.675606 0.103336
vt 0.660571 0.099560
vt 0.597167 0.087212
vt 0.597899 0.082326
vt 0.614528 0.085013
vt 0.614528 0.085013
vt 0.613681 0.089879
vt 0.597167 0.087212
vt 0.613681 0.089879
vt 0.614528 0.085013
vt 0.629902 0.087837
vt 0.629902 0.087837
vt 0.628957 0.092683
vt 0.613681 0.089879
vt 0.549560 0.081630
vt 0.549976 0.076705
vt 0.566750 0.078318
vt 0.566750 0.078318
vt 0.566218 0.083231
vt 0.549560 0.081630
vt 0.566218 0.083231
vt 0.566750 0.078318
vt 0.582284 0.080147
vt 0.582284 0.080147
vt 0.581653 0.085048
vt 0.566218 0.083231
vt 0.438091 0.080494
vt 0.437772 0.075562
vt 0.453523 0.074716
vt 0.453523 0.074716
vt 0.453740 0.079655
vt 0.438091 0.080494
vt 0.486014 0.078946
vt 0.486013 0.074004
vt 0.501783 0.074168
vt 0.501783 0.074168
vt 0.501684 0.079110
vt 0.486014 0.078946
vt 0.390360 0.085109
vt 0.389725 0.080207
vt 0.405391 0.078353
vt 0.405391 0.078353
vt 0.405925 0.083268
vt 0.390360 0.085109
vt 0.343027 0.092771
vt 0.342079 0.087923
vt 0.357588 0.085070
vt 0.357588 0.085070
vt 0.358436 0.089939
vt 0.343027 0.092771
vt 0.296347 0.103449
vt 0.295089 0.098682
vt 0.310354 0.094838
vt 0.310354 0.094838
vt 0.311515 0.099635
vt 0.296347 0.103449
vt 0.250592 0.117058
vt 0.249037 0.112403
vt 0.263962 0.107607
vt 0.263962 0.107607
vt 0.265424 0.112302
vt 0.250592 0.117058
vt 0.206075 0.133383
vt 0.204254 0.128874
vt 0.218727 0.123215
vt 0.218727 0.123215
vt 0.220469 0.127775
vt 0.206075 0.133383
vt 0.163027 0.151984
vt 0.161004 0.147627
vt 0.174967 0.141294
vt 0.174967 0.141294
vt 0.176936 0.145697
vt 0.163027 0.151984
vt 0.121031 0.172346
vt 0.118802 0.168016
vt 0.132600 0.161192
vt 0.132600 0.161192
vt 0.134726 0.165503
vt 0.121031 0.172346
vt 0.808733 0.151764
vt 0.810749 0.147418
vt 0.824531 0.153903
vt 0.824531 0.153903
vt 0.822468 0.158213
vt 0.808733 0.151764
vt 0.765776 0.133209
vt 0.767593 0.128707
vt 0.781870 0.134608
vt 0.781870 0.134608
vt 0.779981 0.139059
vt 0.765776 0.133209
vt 0.721319 0.116916
vt 0.722870 0.112266
vt 0.737640 0.117356
vt 0.737640 0.117356
vt 0.735999 0.121963
vt 0.721319 0.116916
vt 0.675606 0.103336
vt 0.676861 0.098572
vt 0.692013 0.102731
vt 0.692013 0.102731
vt 0.690661 0.107463
vt 0.675606 0.103336
vt 0.628957 0.092683
vt 0.629902 0.087837
vt 0.645330 0.091016
vt 0.645330 0.091016
vt 0.644285 0.095839
vt 0.628957 0.092683
vt 0.581653 0.085048
vt 0.582284 0.080147
vt 0.597899 0.082326
vt 0.597899 0.082326
vt 0.597167 0.087212
vt 0.581653 0.085048
vt 0.533935 0.080465
vt 0.534249 0.075533
vt 0.549976 0.076705
vt 0.549976 0.076705
vt 0.549560 0.081630
vt 0.533935 0.080465
vt 0.466469 0.357828
vt 0.475801 0.357521
vt 0.476877 0.394610
vt 0.476877 0.394610
vt 0.467811 0.394919
vt 0.466469 0.357828
vt 0.486139 0.396509
vt 0.476947 0.396684
vt 0.476877 0.394610
vt 0.476877 0.394610
vt 0.485174 0.394369
vt 0.486139 0.396509
vt 0.467880 0.396988
vt 0.458612 0.397425
vt 0.459437 0.395228
vt 0.459437 0.395228
vt 0.467811 0.394919
vt 0.467880 0.396988
vt 0.485536 0.356928
vt 0.486730 0.356916
vt 0.487102 0.394367
vt 0.487102 0.394367
vt 0.485174 0.394369
vt 0.485536 0.356928
vt 0.496522 0.357490
vt 0.505854 0.357783
vt 0.504546 0.394856
vt 0.504546 0.394856
vt 0.495480 0.394590
vt 0.496522 0.357490
vt 0.513665 0.397336
vt 0.504485 0.396929
vt 0.504546 0.394856
vt 0.504546 0.394856
vt 0.512838 0.395142
vt 0.513665 0.397336
vt 0.495418 0.396659
vt 0.486139 0.396509
vt 0.487102 0.394367
vt 0.487102 0.394367
vt 0.495480 0.394590
vt 0.495418 0.396659
vt 0.515604 0.357817
vt 0.516796 0.357882
vt 0.514761 0.395260
vt 0.514761 0.395260
vt 0.512838 0.395142
vt 0.515604 0.357817
vt 0.436505 0.360100
vt 0.445795 0.359192
vt 0.449254 0.396117
vt 0.449254 0.396117
vt 0.440235 0.397002
vt 0.436505 0.360100
vt 0.458612 0.397425
vt 0.449455 0.398181
vt 0.449254 0.396117
vt 0.449254 0.396117
vt 0.457514 0.395350
vt 0.458612 0.397425
vt 0.440436 0.399059
vt 0.431228 0.400084
vt 0.431910 0.397844
vt 0.431910 0.397844
vt 0.440235 0.397002
vt 0.440436 0.399059
vt 0.455470 0.357973
vt 0.456661 0.357885
vt 0.459437 0.395228
vt 0.459437 0.395228
vt 0.457514 0.395350
vt 0.455470 0.357973
vt 0.406768 0.364310
vt 0.415973 0.362799
vt 0.421824 0.399380
vt 0.421824 0.399380
vt 0.412899 0.400843
vt 0.406768 0.364310
vt 0.431228 0.400084
vt 0.422157 0.401422
vt 0.421824 0.399380
vt 0.421824 0.399380
vt 0.430004 0.398086
vt 0.431228 0.400084
vt 0.413232 0.402878
vt 0.404134 0.404494
vt 0.404666 0.402222
vt 0.404666 0.402222
vt 0.412899 0.400843
vt 0.413232 0.402878
vt 0.425543 0.360954
vt 0.426725 0.360791
vt 0.431910 0.397844
vt 0.431910 0.397844
vt 0.430004 0.398086
vt 0.425543 0.360954
vt 0.377393 0.370471
vt 0.386472 0.368352
vt 0.394732 0.404407
vt 0.394732 0.404407
vt 0.385949 0.406453
vt 0.377393 0.370471
vt 0.404134 0.404494
vt 0.395197 0.406418
vt 0.394732 0.404407
vt 0.394732 0.404407
vt 0.402787 0.402585
vt 0.404134 0.404494
vt 0.386415 0.408454
vt 0.377478 0.410665
vt 0.377854 0.408373
vt 0.377854 0.408373
vt 0.385949 0.406453
vt 0.386415 0.408454
vt 0.395893 0.365881
vt 0.397061 0.365641
vt 0.404666 0.402222
vt 0.404666 0.402222
vt 0.402787 0.402585
vt 0.395893 0.365881
vt 0.348518 0.378606
vt 0.357428 0.375869
vt 0.368130 0.411211
vt 0.368130 0.411211
vt 0.359542 0.413844
vt 0.348518 0.378606
vt 0.377478 0.410665
vt 0.368727 0.413177
vt 0.368130 0.411211
vt 0.368130 0.411211
vt 0.376014 0.408857
vt 0.377478 0.410665
vt 0.360142 0.415800
vt 0.351425 0.418612
vt 0.351635 0.416314
vt 0.351635 0.416314
vt 0.359542 0.413844
vt 0.360142 0.415800
vt 0.366654 0.372766
vt 0.367804 0.372448
vt 0.377854 0.408373
vt 0.377854 0.408373
vt 0.376014 0.408857
vt 0.366654 0.372766
vt 0.320275 0.388762
vt 0.328974 0.385390
vt 0.342189 0.419814
vt 0.342189 0.419814
vt 0.333857 0.423048
vt 0.320275 0.388762
vt 0.351425 0.418612
vt 0.342922 0.421722
vt 0.342189 0.419814
vt 0.342189 0.419814
vt 0.349850 0.416920
vt 0.351425 0.418612
vt 0.334595 0.424943
vt 0.326164 0.428373
vt 0.326196 0.426084
vt 0.326196 0.426084
vt 0.333857 0.423048
vt 0.334595 0.424943
vt 0.337963 0.381641
vt 0.339088 0.381244
vt 0.351635 0.416314
vt 0.351635 0.416314
vt 0.349850 0.416920
vt 0.337963 0.381641
vt 0.292804 0.401035
vt 0.301248 0.396992
vt 0.317107 0.430267
vt 0.317107 0.430267
vt 0.309100 0.434128
vt 0.292804 0.401035
vt 0.326164 0.428373
vt 0.317979 0.432101
vt 0.317107 0.430267
vt 0.317107 0.430267
vt 0.324482 0.426814
vt 0.326164 0.428373
vt 0.309983 0.435945
vt 0.301918 0.440021
vt 0.301755 0.437760
vt 0.301755 0.437760
vt 0.309100 0.434128
vt 0.309983 0.435945
vt 0.309953 0.392568
vt 0.311050 0.392088
vt 0.326196 0.426084
vt 0.326196 0.426084
vt 0.324482 0.426814
vt 0.309953 0.392568
vt 0.266248 0.415600
vt 0.274391 0.410819
vt 0.293121 0.442654
vt 0.293121 0.442654
vt 0.285533 0.447172
vt 0.266248 0.415600
vt 0.301918 0.440021
vt 0.294140 0.444396
vt 0.293121 0.442654
vt 0.293121 0.442654
vt 0.300134 0.438615
vt 0.301918 0.440021
vt 0.286567 0.448892
vt 0.278979 0.453629
vt 0.278635 0.451363
vt 0.278635 0.451363
vt 0.285533 0.447172
vt 0.286567 0.448892
vt 0.282761 0.405666
vt 0.283826 0.405095
vt 0.301755 0.437760
vt 0.301755 0.437760
vt 0.300134 0.438615
vt 0.282761 0.405666
vt 0.697886 0.410160
vt 0.706013 0.414903
vt 0.686899 0.446487
vt 0.686899 0.446487
vt 0.679280 0.442011
vt 0.697886 0.410160
vt 0.693483 0.453237
vt 0.685873 0.448234
vt 0.686899 0.446487
vt 0.686899 0.446487
vt 0.693767 0.450907
vt 0.693483 0.453237
vt 0.678269 0.443751
vt 0.670404 0.439364
vt 0.672187 0.437958
vt 0.672187 0.437958
vt 0.679280 0.442011
vt 0.678269 0.443751
vt 0.671044 0.396453
vt 0.679479 0.400470
vt 0.663285 0.433538
vt 0.663285 0.433538
vt 0.655265 0.429723
vt 0.671044 0.396453
vt 0.670404 0.439364
vt 0.662409 0.435359
vt 0.663285 0.433538
vt 0.663285 0.433538
vt 0.670563 0.437106
vt 0.670404 0.439364
vt 0.654404 0.431554
vt 0.646135 0.427824
vt 0.647814 0.426263
vt 0.647814 0.426263
vt 0.655265 0.429723
vt 0.654404 0.431554
vt 0.688401 0.404471
vt 0.689472 0.405017
vt 0.672187 0.437958
vt 0.672187 0.437958
vt 0.670563 0.437106
vt 0.688401 0.404471
vt 0.643326 0.384952
vt 0.652018 0.388303
vt 0.638511 0.422557
vt 0.638511 0.422557
vt 0.630170 0.419368
vt 0.643326 0.384952
vt 0.646135 0.427824
vt 0.637779 0.424457
vt 0.638511 0.422557
vt 0.638511 0.422557
vt 0.646099 0.425538
vt 0.646135 0.427824
vt 0.629447 0.421272
vt 0.620860 0.418162
vt 0.622433 0.416469
vt 0.622433 0.416469
vt 0.630170 0.419368
vt 0.629447 0.421272
vt 0.661187 0.391579
vt 0.662291 0.392036
vt 0.647814 0.426263
vt 0.647814 0.426263
vt 0.646099 0.425538
vt 0.661187 0.391579
vt 0.614880 0.375521
vt 0.623784 0.378239
vt 0.612817 0.413445
vt 0.612817 0.413445
vt 0.604224 0.410856
vt 0.614880 0.375521
vt 0.620860 0.418162
vt 0.612224 0.415405
vt 0.612817 0.413445
vt 0.612817 0.413445
vt 0.620647 0.415867
vt 0.620860 0.418162
vt 0.603636 0.412818
vt 0.594802 0.410310
vt 0.596264 0.408501
vt 0.596264 0.408501
vt 0.604224 0.410856
vt 0.603636 0.412818
vt 0.633156 0.380836
vt 0.634287 0.381209
vt 0.622433 0.416469
vt 0.622433 0.416469
vt 0.620647 0.415867
vt 0.633156 0.380836
vt 0.585841 0.368088
vt 0.594916 0.370191
vt 0.586408 0.406142
vt 0.586408 0.406142
vt 0.577622 0.404140
vt 0.585841 0.368088
vt 0.594802 0.410310
vt 0.585949 0.408148
vt 0.586408 0.406142
vt 0.586408 0.406142
vt 0.594424 0.408021
vt 0.594802 0.410310
vt 0.577166 0.406146
vt 0.568143 0.404232
vt 0.569488 0.402321
vt 0.569488 0.402321
vt 0.577622 0.404140
vt 0.577166 0.406146
vt 0.604447 0.372132
vt 0.605601 0.372426
vt 0.596264 0.408501
vt 0.596264 0.408501
vt 0.594424 0.408021
vt 0.604447 0.372132
vt 0.556345 0.362615
vt 0.565547 0.364112
vt 0.559457 0.400618
vt 0.559457 0.400618
vt 0.550529 0.399197
vt 0.556345 0.362615
vt 0.568143 0.404232
vt 0.559131 0.402657
vt 0.559457 0.400618
vt 0.559457 0.400618
vt 0.567609 0.401962
vt 0.568143 0.404232
vt 0.550205 0.401235
vt 0.541047 0.399909
vt 0.542270 0.397910
vt 0.542270 0.397910
vt 0.550529 0.399197
vt 0.550205 0.401235
vt 0.575196 0.365411
vt 0.576368 0.365628
vt 0.569488 0.402321
vt 0.569488 0.402321
vt 0.567609 0.401962
vt 0.575196 0.365411
vt 0.526526 0.359085
vt 0.535815 0.359979
vt 0.532120 0.396857
vt 0.532120 0.396857
vt 0.523100 0.396015
vt 0.526526 0.359085
vt 0.541047 0.399909
vt 0.531927 0.398919
vt 0.532120 0.396857
vt 0.532120 0.396857
vt 0.540364 0.397672
vt 0.541047 0.399909
vt 0.522907 0.398074
vt 0.513665 0.397336
vt 0.514761 0.395260
vt 0.514761 0.395260
vt 0.523100 0.396015
vt 0.522907 0.398074
vt 0.545536 0.360643
vt 0.546721 0.360784
vt 0.542270 0.397910
vt 0.542270 0.397910
vt 0.540364 0.397672
vt 0.545536 0.360643
vt 0.477190 0.406101
vt 0.477236 0.408179
vt 0.468344 0.408473
vt 0.468344 0.408473
vt 0.468256 0.406396
vt 0.477190 0.406101
vt 0.486152 0.405986
vt 0.486155 0.408067
vt 0.477236 0.408179
vt 0.477236 0.408179
vt 0.477190 0.406101
vt 0.486152 0.405986
vt 0.468256 0.406396
vt 0.468344 0.408473
vt 0.459355 0.408953
vt 0.459355 0.408953
vt 0.459222 0.406877
vt 0.468256 0.406396
vt 0.504134 0.406339
vt 0.504050 0.408415
vt 0.495159 0.408151
vt 0.495159 0.408151
vt 0.495201 0.406073
vt 0.504134 0.406339
vt 0.513080 0.406787
vt 0.512952 0.408863
vt 0.504050 0.408415
vt 0.504050 0.408415
vt 0.504134 0.406339
vt 0.513080 0.406787
vt 0.495201 0.406073
vt 0.495159 0.408151
vt 0.486155 0.408067
vt 0.486155 0.408067
vt 0.486152 0.405986
vt 0.495201 0.406073
vt 0.450292 0.407555
vt 0.450469 0.409624
vt 0.441625 0.410475
vt 0.441625 0.410475
vt 0.441406 0.408412
vt 0.450292 0.407555
vt 0.459222 0.406877
vt 0.459355 0.408953
vt 0.450469 0.409624
vt 0.450469 0.409624
vt 0.450292 0.407555
vt 0.459222 0.406877
vt 0.441406 0.408412
vt 0.441625 0.410475
vt 0.432701 0.411519
vt 0.432701 0.411519
vt 0.432437 0.409461
vt 0.441406 0.408412
vt 0.423588 0.410702
vt 0.423896 0.412750
vt 0.415150 0.414162
vt 0.415150 0.414162
vt 0.414800 0.412123
vt 0.423588 0.410702
vt 0.432437 0.409461
vt 0.432701 0.411519
vt 0.423896 0.412750
vt 0.423896 0.412750
vt 0.423588 0.410702
vt 0.432437 0.409461
vt 0.414800 0.412123
vt 0.415150 0.414162
vt 0.406341 0.415774
vt 0.406341 0.415774
vt 0.405945 0.413743
vt 0.414800 0.412123
vt 0.397227 0.415553
vt 0.397666 0.417569
vt 0.389065 0.419544
vt 0.389065 0.419544
vt 0.388584 0.417540
vt 0.397227 0.415553
vt 0.405945 0.413743
vt 0.406341 0.415774
vt 0.397666 0.417569
vt 0.397666 0.417569
vt 0.397227 0.415553
vt 0.405945 0.413743
vt 0.388584 0.417540
vt 0.389065 0.419544
vt 0.380421 0.421725
vt 0.380421 0.421725
vt 0.379894 0.419735
vt 0.388584 0.417540
vt 0.371358 0.422112
vt 0.371929 0.424084
vt 0.363530 0.426621
vt 0.363530 0.426621
vt 0.362916 0.424667
vt 0.371358 0.422112
vt 0.379894 0.419735
vt 0.380421 0.421725
vt 0.371929 0.424084
vt 0.371929 0.424084
vt 0.371358 0.422112
vt 0.379894 0.419735
vt 0.362916 0.424667
vt 0.363530 0.426621
vt 0.355112 0.429374
vt 0.355112 0.429374
vt 0.354452 0.427438
vt 0.362916 0.424667
vt 0.346163 0.430390
vt 0.346867 0.432302
vt 0.338737 0.435410
vt 0.338737 0.435410
vt 0.337989 0.433522
vt 0.346163 0.430390
vt 0.354452 0.427438
vt 0.355112 0.429374
vt 0.346867 0.432302
vt 0.346867 0.432302
vt 0.346163 0.430390
vt 0.354452 0.427438
vt 0.337989 0.433522
vt 0.338737 0.435410
vt 0.330616 0.438747
vt 0.330616 0.438747
vt 0.329820 0.436883
vt 0.337989 0.433522
vt 0.321851 0.440425
vt 0.322693 0.442259
vt 0.314910 0.445959
vt 0.314910 0.445959
vt 0.314023 0.444155
vt 0.321851 0.440425
vt 0.329820 0.436883
vt 0.330616 0.438747
vt 0.322693 0.442259
vt 0.322693 0.442259
vt 0.321851 0.440425
vt 0.329820 0.436883
vt 0.314023 0.444155
vt 0.314910 0.445959
vt 0.307172 0.449903
vt 0.307172 0.449903
vt 0.306234 0.448130
vt 0.314023 0.444155
vt 0.298672 0.452292
vt 0.299659 0.454030
vt 0.292302 0.458353
vt 0.292302 0.458353
vt 0.291270 0.456650
vt 0.298672 0.452292
vt 0.306234 0.448130
vt 0.307172 0.449903
vt 0.299659 0.454030
vt 0.299659 0.454030
vt 0.298672 0.452292
vt 0.306234 0.448130
vt 0.291270 0.456650
vt 0.292302 0.458353
vt 0.284992 0.462941
vt 0.284992 0.462941
vt 0.283936 0.461258
vt 0.291270 0.456650
vt 0.681132 0.455964
vt 0.680137 0.457676
vt 0.672773 0.453379
vt 0.672773 0.453379
vt 0.673754 0.451642
vt 0.681132 0.455964
vt 0.688473 0.460809
vt 0.687482 0.462532
vt 0.680137 0.457676
vt 0.680137 0.457676
vt 0.681132 0.455964
vt 0.688473 0.460809
vt 0.673754 0.451642
vt 0.672773 0.453379
vt 0.665189 0.449247
vt 0.665189 0.449247
vt 0.666120 0.447474
vt 0.673754 0.451642
vt 0.658402 0.443575
vt 0.657520 0.445379
vt 0.649729 0.441717
vt 0.649729 0.441717
vt 0.650565 0.439882
vt 0.658402 0.443575
vt 0.666120 0.447474
vt 0.665189 0.449247
vt 0.657520 0.445379
vt 0.657520 0.445379
vt 0.658402 0.443575
vt 0.666120 0.447474
vt 0.650565 0.439882
vt 0.649729 0.441717
vt 0.641721 0.438205
vt 0.641721 0.438205
vt 0.642511 0.436340
vt 0.650565 0.439882
vt 0.634413 0.433042
vt 0.633670 0.434931
vt 0.625534 0.431852
vt 0.625534 0.431852
vt 0.626234 0.429941
vt 0.634413 0.433042
vt 0.642511 0.436340
vt 0.641721 0.438205
vt 0.633670 0.434931
vt 0.633670 0.434931
vt 0.634413 0.433042
vt 0.642511 0.436340
vt 0.626234 0.429941
vt 0.625534 0.431852
vt 0.617207 0.428926
vt 0.617207 0.428926
vt 0.617862 0.426990
vt 0.626234 0.429941
vt 0.609476 0.424275
vt 0.608867 0.426228
vt 0.600467 0.423721
vt 0.600467 0.423721
vt 0.601033 0.421750
vt 0.609476 0.424275
vt 0.617862 0.426990
vt 0.617207 0.428926
vt 0.608867 0.426228
vt 0.608867 0.426228
vt 0.609476 0.424275
vt 0.617862 0.426990
vt 0.601033 0.421750
vt 0.600467 0.423721
vt 0.591892 0.421370
vt 0.591892 0.421370
vt 0.592414 0.419380
vt 0.601033 0.421750
vt 0.583807 0.417236
vt 0.583330 0.419239
vt 0.574728 0.417295
vt 0.574728 0.417295
vt 0.575163 0.415279
vt 0.583807 0.417236
vt 0.592414 0.419380
vt 0.591892 0.421370
vt 0.583330 0.419239
vt 0.583330 0.419239
vt 0.583807 0.417236
vt 0.592414 0.419380
vt 0.575163 0.415279
vt 0.574728 0.417295
vt 0.565969 0.415512
vt 0.565969 0.415512
vt 0.566359 0.413482
vt 0.575163 0.415279
vt 0.557588 0.411905
vt 0.557242 0.413944
vt 0.548494 0.412561
vt 0.548494 0.412561
vt 0.548798 0.410513
vt 0.557588 0.411905
vt 0.566359 0.413482
vt 0.565969 0.415512
vt 0.557242 0.413944
vt 0.557242 0.413944
vt 0.557588 0.411905
vt 0.566359 0.413482
vt 0.548798 0.410513
vt 0.548494 0.412561
vt 0.539604 0.411344
vt 0.539604 0.411344
vt 0.539863 0.409286
vt 0.548798 0.410513
vt 0.530980 0.408272
vt 0.530765 0.410335
vt 0.521923 0.409512
vt 0.521923 0.409512
vt 0.522095 0.407444
vt 0.530980 0.408272
vt 0.539863 0.409286
vt 0.539604 0.411344
vt 0.530765 0.410335
vt 0.530765 0.410335
vt 0.530980 0.408272
vt 0.539863 0.409286
vt 0.522095 0.407444
vt 0.521923 0.409512
vt 0.512952 0.408863
vt 0.512952 0.408863
vt 0.513080 0.406787
vt 0.522095 0.407444
vt 0.456268 0.135511
vt 0.456123 0.134896
vt 0.471583 0.134434
vt 0.471583 0.134434
vt 0.471477 0.135041
vt 0.456268 0.135511
vt 0.471477 0.135041
vt 0.471583 0.134434
vt 0.485466 0.136407
vt 0.485466 0.136407
vt 0.485413 0.136468
vt 0.471477 0.135041
vt 0.442380 0.137858
vt 0.442323 0.137799
vt 0.456123 0.134896
vt 0.456123 0.134896
vt 0.456268 0.135511
vt 0.442380 0.137858
vt 0.485413 0.136468
vt 0.485466 0.136407
vt 0.486573 0.136402
vt 0.486573 0.136402
vt 0.486626 0.136465
vt 0.485413 0.136468
vt 0.500635 0.135008
vt 0.500529 0.134386
vt 0.515985 0.134911
vt 0.515985 0.134911
vt 0.515841 0.135510
vt 0.500635 0.135008
vt 0.515841 0.135510
vt 0.515985 0.134911
vt 0.529713 0.137767
vt 0.529713 0.137767
vt 0.529656 0.137824
vt 0.515841 0.135510
vt 0.486626 0.136465
vt 0.486573 0.136402
vt 0.500529 0.134386
vt 0.500529 0.134386
vt 0.500635 0.135008
vt 0.486626 0.136465
vt 0.529656 0.137824
vt 0.529713 0.137767
vt 0.530817 0.137832
vt 0.530817 0.137832
vt 0.530865 0.137898
vt 0.529656 0.137824
vt 0.412021 0.138841
vt 0.411836 0.138238
vt 0.427236 0.136791
vt 0.427236 0.136791
vt 0.427170 0.137403
vt 0.412021 0.138841
vt 0.427170 0.137403
vt 0.427236 0.136791
vt 0.441219 0.137875
vt 0.441219 0.137875
vt 0.441170 0.137938
vt 0.427170 0.137403
vt 0.398308 0.142068
vt 0.398248 0.142012
vt 0.411836 0.138238
vt 0.411836 0.138238
vt 0.412021 0.138841
vt 0.398308 0.142068
vt 0.441170 0.137938
vt 0.441219 0.137875
vt 0.442323 0.137799
vt 0.442323 0.137799
vt 0.442380 0.137858
vt 0.441170 0.137938
vt 0.368072 0.144986
vt 0.367848 0.144395
vt 0.383125 0.141962
vt 0.383125 0.141962
vt 0.383098 0.142580
vt 0.368072 0.144986
vt 0.383098 0.142580
vt 0.383125 0.141962
vt 0.397150 0.142158
vt 0.397150 0.142158
vt 0.397106 0.142224
vt 0.383098 0.142580
vt 0.354599 0.149081
vt 0.354535 0.149029
vt 0.367848 0.144395
vt 0.367848 0.144395
vt 0.368072 0.144986
vt 0.354599 0.149081
vt 0.397106 0.142224
vt 0.397150 0.142158
vt 0.398248 0.142012
vt 0.398248 0.142012
vt 0.398308 0.142068
vt 0.397106 0.142224
vt 0.324632 0.153902
vt 0.324371 0.153327
vt 0.339450 0.149944
vt 0.339450 0.149944
vt 0.339464 0.150560
vt 0.324632 0.153902
vt 0.339464 0.150560
vt 0.339450 0.149944
vt 0.353450 0.149245
vt 0.353450 0.149245
vt 0.353411 0.149314
vt 0.339464 0.150560
vt 0.311455 0.158828
vt 0.311388 0.158780
vt 0.324371 0.153327
vt 0.324371 0.153327
vt 0.324632 0.153902
vt 0.311455 0.158828
vt 0.353411 0.149314
vt 0.353450 0.149245
vt 0.354535 0.149029
vt 0.354535 0.149029
vt 0.354599 0.149081
vt 0.353411 0.149314
vt 0.281887 0.165492
vt 0.281591 0.164935
vt 0.296409 0.160632
vt 0.296409 0.160632
vt 0.296463 0.161245
vt 0.281887 0.165492
vt 0.296463 0.161245
vt 0.296409 0.160632
vt 0.310320 0.159063
vt 0.310320 0.159063
vt 0.310287 0.159134
vt 0.296463 0.161245
vt 0.269061 0.171205
vt 0.268992 0.171161
vt 0.281591 0.164935
vt 0.281591 0.164935
vt 0.281887 0.165492
vt 0.269061 0.171205
vt 0.310287 0.159134
vt 0.310320 0.159063
vt 0.311388 0.158780
vt 0.311388 0.158780
vt 0.311455 0.158828
vt 0.310287 0.159134
vt 0.240018 0.179611
vt 0.239689 0.179074
vt 0.254186 0.173910
vt 0.254186 0.173910
vt 0.254279 0.174517
vt 0.240018 0.179611
vt 0.254279 0.174517
vt 0.254186 0.173910
vt 0.267945 0.171507
vt 0.267945 0.171507
vt 0.267919 0.171581
vt 0.254279 0.174517
vt 0.227585 0.186045
vt 0.227515 0.186004
vt 0.239689 0.179074
vt 0.239689 0.179074
vt 0.240018 0.179611
vt 0.227585 0.186045
vt 0.267919 0.171581
vt 0.267945 0.171507
vt 0.268992 0.171161
vt 0.268992 0.171161
vt 0.269061 0.171205
vt 0.267919 0.171581
vt 0.199165 0.196045
vt 0.198809 0.195527
vt 0.212942 0.189584
vt 0.212942 0.189584
vt 0.213070 0.190183
vt 0.199165 0.196045
vt 0.213070 0.190183
vt 0.212942 0.189584
vt 0.226494 0.186409
vt 0.226494 0.186409
vt 0.226475 0.186484
vt 0.213070 0.190183
vt 0.187146 0.203119
vt 0.187076 0.203080
vt 0.198809 0.195527
vt 0.198809 0.195527
vt 0.199165 0.196045
vt 0.187146 0.203119
vt 0.226475 0.186484
vt 0.226494 0.186409
vt 0.227515 0.186004
vt 0.227515 0.186004
vt 0.227585 0.186045
vt 0.226475 0.186484
vt 0.159412 0.214540
vt 0.159028 0.214052
vt 0.172776 0.207414
vt 0.172776 0.207414
vt 0.172935 0.208001
vt 0.159412 0.214540
vt 0.172935 0.208001
vt 0.172776 0.207414
vt 0.186085 0.203537
vt 0.186085 0.203537
vt 0.186072 0.203613
vt 0.172935 0.208001
vt 0.147917 0.222089
vt 0.147854 0.222095
vt 0.159028 0.214052
vt 0.159028 0.214052
vt 0.159412 0.214540
vt 0.147917 0.222089
vt 0.186072 0.203613
vt 0.186085 0.203537
vt 0.187076 0.203080
vt 0.187076 0.203080
vt 0.187146 0.203119
vt 0.186072 0.203613
vt 0.798967 0.207670
vt 0.799132 0.207068
vt 0.812845 0.213753
vt 0.812845 0.213753
vt 0.812466 0.214238
vt 0.798967 0.207670
vt 0.812466 0.214238
vt 0.812845 0.213753
vt 0.824054 0.221766
vt 0.824054 0.221766
vt 0.823948 0.221818
vt 0.812466 0.214238
vt 0.785768 0.203286
vt 0.785757 0.203208
vt 0.799132 0.207068
vt 0.799132 0.207068
vt 0.798967 0.207670
vt 0.785768 0.203286
vt 0.758874 0.189911
vt 0.759006 0.189300
vt 0.773094 0.195290
vt 0.773094 0.195290
vt 0.772745 0.195793
vt 0.758874 0.189911
vt 0.772745 0.195793
vt 0.773094 0.195290
vt 0.784761 0.202761
vt 0.784761 0.202761
vt 0.784692 0.202798
vt 0.772745 0.195793
vt 0.745410 0.186217
vt 0.745392 0.186141
vt 0.759006 0.189300
vt 0.759006 0.189300
vt 0.758874 0.189911
vt 0.745410 0.186217
vt 0.784692 0.202798
vt 0.784761 0.202761
vt 0.785757 0.203208
vt 0.785757 0.203208
vt 0.785768 0.203286
vt 0.784692 0.202798
vt 0.717713 0.174296
vt 0.717810 0.173677
vt 0.732265 0.178892
vt 0.732265 0.178892
vt 0.731942 0.179414
vt 0.717713 0.174296
vt 0.731942 0.179414
vt 0.732265 0.178892
vt 0.744369 0.185746
vt 0.744369 0.185746
vt 0.744299 0.185785
vt 0.731942 0.179414
vt 0.704012 0.171367
vt 0.703987 0.171291
vt 0.717810 0.173677
vt 0.717810 0.173677
vt 0.717713 0.174296
vt 0.704012 0.171367
vt 0.744299 0.185785
vt 0.744369 0.185746
vt 0.745392 0.186141
vt 0.745392 0.186141
vt 0.745410 0.186217
vt 0.744299 0.185785
vt 0.675569 0.161067
vt 0.675627 0.160441
vt 0.690411 0.164799
vt 0.690411 0.164799
vt 0.690119 0.165341
vt 0.675569 0.161067
vt 0.690119 0.165341
vt 0.690411 0.164799
vt 0.702938 0.170956
vt 0.702938 0.170956
vt 0.702869 0.170997
vt 0.690119 0.165341
vt 0.661681 0.158968
vt 0.661648 0.158893
vt 0.675627 0.160441
vt 0.675627 0.160441
vt 0.675569 0.161067
vt 0.661681 0.158968
vt 0.702869 0.170997
vt 0.702938 0.170956
vt 0.703987 0.171291
vt 0.703987 0.171291
vt 0.704012 0.171367
vt 0.702869 0.170997
vt 0.632597 0.150422
vt 0.632614 0.149792
vt 0.647667 0.153232
vt 0.647667 0.153232
vt 0.647410 0.153792
vt 0.632597 0.150422
vt 0.647410 0.153792
vt 0.647667 0.153232
vt 0.660579 0.158622
vt 0.660579 0.158622
vt 0.660512 0.158667
vt 0.647410 0.153792
vt 0.618584 0.149193
vt 0.618546 0.149121
vt 0.632614 0.149792
vt 0.632614 0.149792
vt 0.632597 0.150422
vt 0.618584 0.149193
vt 0.660512 0.158667
vt 0.660579 0.158622
vt 0.661648 0.158893
vt 0.661648 0.158893
vt 0.661681 0.158968
vt 0.660512 0.158667
vt 0.588988 0.142489
vt 0.588963 0.141858
vt 0.604218 0.144343
vt 0.604218 0.144343
vt 0.603997 0.144919
vt 0.588988 0.142489
vt 0.603997 0.144919
vt 0.604218 0.144343
vt 0.617460 0.148916
vt 0.617460 0.148916
vt 0.617396 0.148966
vt 0.603997 0.144919
vt 0.574914 0.142150
vt 0.574871 0.142081
vt 0.588963 0.141858
vt 0.588963 0.141858
vt 0.588988 0.142489
vt 0.574914 0.142150
vt 0.617396 0.148966
vt 0.617460 0.148916
vt 0.618546 0.149121
vt 0.618546 0.149121
vt 0.618584 0.149193
vt 0.617396 0.148966
vt 0.544936 0.137339
vt 0.544871 0.136711
vt 0.560259 0.138221
vt 0.560259 0.138221
vt 0.560077 0.138810
vt 0.544936 0.137339
vt 0.560077 0.138810
vt 0.560259 0.138221
vt 0.573773 0.141945
vt 0.573773 0.141945
vt 0.573712 0.141999
vt 0.560077 0.138810
vt 0.530865 0.137898
vt 0.530817 0.137832
vt 0.544871 0.136711
vt 0.544871 0.136711
vt 0.544936 0.137339
vt 0.530865 0.137898
vt 0.573712 0.141999
vt 0.573773 0.141945
vt 0.574871 0.142081
vt 0.574871 0.142081
vt 0.574914 0.142150
vt 0.573712 0.141999
vt 0.455838 0.132802
vt 0.455899 0.133478
vt 0.441457 0.132751
vt 0.441457 0.132751
vt 0.441444 0.132579
vt 0.455838 0.132802
vt 0.500379 0.132278
vt 0.500397 0.132957
vt 0.486031 0.131309
vt 0.486031 0.131309
vt 0.486030 0.131137
vt 0.500379 0.132278
vt 0.411418 0.136166
vt 0.411523 0.136837
vt 0.397062 0.137028
vt 0.397062 0.137028
vt 0.397038 0.136858
vt 0.411418 0.136166
vt 0.367297 0.142355
vt 0.367445 0.143018
vt 0.353032 0.144134
vt 0.353032 0.144134
vt 0.352996 0.143966
vt 0.367297 0.142355
vt 0.323691 0.151327
vt 0.323881 0.151978
vt 0.309583 0.153994
vt 0.309583 0.153994
vt 0.309535 0.153828
vt 0.323691 0.151327
vt 0.280787 0.162984
vt 0.281018 0.163621
vt 0.266901 0.166504
vt 0.266901 0.166504
vt 0.266842 0.166342
vt 0.280787 0.162984
vt 0.238773 0.177179
vt 0.239041 0.177800
vt 0.225166 0.181490
vt 0.225166 0.181490
vt 0.225096 0.181332
vt 0.238773 0.177179
vt 0.197793 0.193689
vt 0.198094 0.194294
vt 0.184498 0.198716
vt 0.184498 0.198716
vt 0.184420 0.198561
vt 0.197793 0.193689
vt 0.157927 0.212319
vt 0.158256 0.212883
vt 0.145088 0.218150
vt 0.145088 0.218150
vt 0.144977 0.217986
vt 0.157927 0.212319
vt 0.799866 0.205108
vt 0.799600 0.205727
vt 0.787358 0.198407
vt 0.787358 0.198407
vt 0.787434 0.198251
vt 0.799866 0.205108
vt 0.759636 0.187299
vt 0.759402 0.187933
vt 0.746738 0.181244
vt 0.746738 0.181244
vt 0.746805 0.181086
vt 0.759636 0.187299
vt 0.718325 0.171637
vt 0.718128 0.172284
vt 0.705049 0.166308
vt 0.705049 0.166308
vt 0.705106 0.166145
vt 0.718325 0.171637
vt 0.676016 0.158369
vt 0.675860 0.159028
vt 0.662405 0.153841
vt 0.662405 0.153841
vt 0.662450 0.153675
vt 0.676016 0.158369
vt 0.632871 0.147696
vt 0.632757 0.148365
vt 0.618983 0.144024
vt 0.618983 0.144024
vt 0.619016 0.143855
vt 0.632871 0.147696
vt 0.589085 0.139749
vt 0.589015 0.140424
vt 0.574983 0.136963
vt 0.574983 0.136963
vt 0.575004 0.136792
vt 0.589085 0.139749
vt 0.544857 0.134598
vt 0.544831 0.135276
vt 0.530602 0.132716
vt 0.530602 0.132716
vt 0.530612 0.132544
vt 0.544857 0.134598
vt 0.455899 0.133478
vt 0.455838 0.132802
vt 0.471804 0.132269
vt 0.471804 0.132269
vt 0.471786 0.132938
vt 0.455899 0.133478
vt 0.427344 0.135285
vt 0.427318 0.134617
vt 0.441444 0.132579
vt 0.441444 0.132579
vt 0.441457 0.132751
vt 0.427344 0.135285
vt 0.411523 0.136837
vt 0.411418 0.136166
vt 0.427318 0.134617
vt 0.427318 0.134617
vt 0.427344 0.135285
vt 0.411523 0.136837
vt 0.383134 0.140451
vt 0.383065 0.139782
vt 0.397038 0.136858
vt 0.397038 0.136858
vt 0.397062 0.137028
vt 0.383134 0.140451
vt 0.367445 0.143018
vt 0.367297 0.142355
vt 0.383065 0.139782
vt 0.383065 0.139782
vt 0.383134 0.140451
vt 0.367445 0.143018
vt 0.339364 0.148439
vt 0.339252 0.147779
vt 0.352996 0.143966
vt 0.352996 0.143966
vt 0.353032 0.144134
vt 0.339364 0.148439
vt 0.323881 0.151978
vt 0.323691 0.151327
vt 0.339252 0.147779
vt 0.339252 0.147779
vt 0.339364 0.148439
vt 0.323881 0.151978
vt 0.296228 0.159137
vt 0.296073 0.158486
vt 0.309535 0.153828
vt 0.309535 0.153828
vt 0.309583 0.153994
vt 0.296228 0.159137
vt 0.281018 0.163621
vt 0.280787 0.162984
vt 0.296073 0.158486
vt 0.296073 0.158486
vt 0.296228 0.159137
vt 0.281018 0.163621
vt 0.253914 0.172433
vt 0.253720 0.171794
vt 0.266842 0.166342
vt 0.266842 0.166342
vt 0.266901 0.166504
vt 0.253914 0.172433
vt 0.239041 0.177800
vt 0.238773 0.177179
vt 0.253720 0.171794
vt 0.253720 0.171794
vt 0.253914 0.172433
vt 0.239041 0.177800
vt 0.212586 0.188129
vt 0.212356 0.187503
vt 0.225096 0.181332
vt 0.225096 0.181332
vt 0.225166 0.181490
vt 0.212586 0.188129
vt 0.198094 0.194294
vt 0.197793 0.193689
vt 0.212356 0.187503
vt 0.212356 0.187503
vt 0.212586 0.188129
vt 0.198094 0.194294
vt 0.172346 0.205989
vt 0.172084 0.205380
vt 0.184420 0.198561
vt 0.184420 0.198561
vt 0.184498 0.198716
vt 0.172346 0.205989
vt 0.158256 0.212883
vt 0.157927 0.212319
vt 0.172084 0.205380
vt 0.172084 0.205380
vt 0.172346 0.205989
vt 0.158256 0.212883
vt 0.813715 0.212538
vt 0.814041 0.211967
vt 0.826985 0.217470
vt 0.826985 0.217470
vt 0.826909 0.217605
vt 0.813715 0.212538
vt 0.799600 0.205727
vt 0.799866 0.205108
vt 0.814041 0.211967
vt 0.814041 0.211967
vt 0.813715 0.212538
vt 0.799600 0.205727
vt 0.773897 0.194028
vt 0.774194 0.193433
vt 0.787434 0.198251
vt 0.787434 0.198251
vt 0.787358 0.198407
vt 0.773897 0.194028
vt 0.759402 0.187933
vt 0.759636 0.187299
vt 0.774194 0.193433
vt 0.774194 0.193433
vt 0.773897 0.194028
vt 0.759402 0.187933
vt 0.733001 0.177585
vt 0.733265 0.176974
vt 0.746805 0.181086
vt 0.746805 0.181086
vt 0.746738 0.181244
vt 0.733001 0.177585
vt 0.718128 0.172284
vt 0.718325 0.171637
vt 0.733265 0.176974
vt 0.733265 0.176974
vt 0.733001 0.177585
vt 0.718128 0.172284
vt 0.691070 0.163446
vt 0.691298 0.162819
vt 0.705106 0.166145
vt 0.705106 0.166145
vt 0.705049 0.166308
vt 0.691070 0.163446
vt 0.675860 0.159028
vt 0.676016 0.158369
vt 0.691298 0.162819
vt 0.691298 0.162819
vt 0.691070 0.163446
vt 0.675860 0.159028
vt 0.648242 0.151839
vt 0.648429 0.151197
vt 0.662450 0.153675
vt 0.662450 0.153675
vt 0.662405 0.153841
vt 0.648242 0.151839
vt 0.632757 0.148365
vt 0.632871 0.147696
vt 0.648429 0.151197
vt 0.648429 0.151197
vt 0.648242 0.151839
vt 0.632757 0.148365
vt 0.604703 0.142915
vt 0.604849 0.142262
vt 0.619016 0.143855
vt 0.619016 0.143855
vt 0.618983 0.144024
vt 0.604703 0.142915
vt 0.589015 0.140424
vt 0.589085 0.139749
vt 0.604849 0.142262
vt 0.604849 0.142262
vt 0.604703 0.142915
vt 0.589015 0.140424
vt 0.560652 0.136764
vt 0.560756 0.136103
vt 0.575004 0.136792
vt 0.575004 0.136792
vt 0.574983 0.136963
vt 0.560652 0.136764
vt 0.544831 0.135276
vt 0.544857 0.134598
vt 0.560756 0.136103
vt 0.560756 0.136103
vt 0.560652 0.136764
vt 0.544831 0.135276
vt 0.516284 0.133432
vt 0.516344 0.132765
vt 0.530612 0.132544
vt 0.530612 0.132544
vt 0.530602 0.132716
vt 0.516284 0.133432
vt 0.500397 0.132957
vt 0.500379 0.132278
vt 0.516344 0.132765
vt 0.516344 0.132765
vt 0.516284 0.133432
vt 0.500397 0.132957
vt 0.471786 0.132938
vt 0.471804 0.132269
vt 0.486030 0.131137
vt 0.486030 0.131137
vt 0.486031 0.131309
vt 0.471786 0.132938
vt 0.453948 0.084381
vt 0.470567 0.083845
vt 0.470701 0.090365
vt 0.470701 0.090365
vt 0.454232 0.090896
vt 0.453948 0.084381
vt 0.486025 0.111412
vt 0.471170 0.111641
vt 0.470701 0.090365
vt 0.470701 0.090365
vt 0.486018 0.090189
vt 0.486025 0.111412
vt 0.501589 0.083838
vt 0.518206 0.084366
vt 0.517923 0.090880
vt 0.517923 0.090880
vt 0.501456 0.090358
vt 0.501589 0.083838
vt 0.531868 0.112861
vt 0.517031 0.112141
vt 0.517923 0.090880
vt 0.517923 0.090880
vt 0.533219 0.091684
vt 0.531868 0.112861
vt 0.406435 0.087970
vt 0.422987 0.086371
vt 0.423539 0.092869
vt 0.423539 0.092869
vt 0.407138 0.094454
vt 0.406435 0.087970
vt 0.440179 0.112894
vt 0.425369 0.114071
vt 0.423539 0.092869
vt 0.423539 0.092869
vt 0.438814 0.091714
vt 0.440179 0.112894
vt 0.359247 0.094599
vt 0.375664 0.091949
vt 0.376632 0.098402
vt 0.376632 0.098402
vt 0.360361 0.101023
vt 0.359247 0.094599
vt 0.394533 0.117299
vt 0.379750 0.119359
vt 0.376632 0.098402
vt 0.376632 0.098402
vt 0.391805 0.096260
vt 0.394533 0.117299
vt 0.312623 0.104226
vt 0.328812 0.100527
vt 0.330190 0.106894
vt 0.330190 0.106894
vt 0.314148 0.110555
vt 0.312623 0.104226
vt 0.349230 0.124616
vt 0.334705 0.127666
vt 0.330190 0.106894
vt 0.330190 0.106894
vt 0.345180 0.103800
vt 0.349230 0.124616
vt 0.266821 0.116796
vt 0.282693 0.112083
vt 0.284473 0.118333
vt 0.284473 0.118333
vt 0.268741 0.122994
vt 0.266821 0.116796
vt 0.304566 0.134777
vt 0.290285 0.138730
vt 0.284473 0.118333
vt 0.284473 0.118333
vt 0.299202 0.114295
vt 0.304566 0.134777
vt 0.222131 0.132142
vt 0.237581 0.126488
vt 0.239738 0.132581
vt 0.239738 0.132581
vt 0.224415 0.138169
vt 0.222131 0.132142
vt 0.260725 0.147684
vt 0.246765 0.152488
vt 0.239738 0.132581
vt 0.239738 0.132581
vt 0.254117 0.127653
vt 0.260725 0.147684
vt 0.178817 0.149919
vt 0.193767 0.143471
vt 0.196253 0.149373
vt 0.196253 0.149373
vt 0.181404 0.155754
vt 0.178817 0.149919
vt 0.217932 0.163141
vt 0.204351 0.168710
vt 0.196253 0.149373
vt 0.196253 0.149373
vt 0.210201 0.143661
vt 0.217932 0.163141
vt 0.136776 0.169634
vt 0.151344 0.162554
vt 0.154089 0.168291
vt 0.154089 0.168291
vt 0.139621 0.175339
vt 0.136776 0.169634
vt 0.176319 0.180860
vt 0.163117 0.187107
vt 0.154089 0.168291
vt 0.154089 0.168291
vt 0.167629 0.161937
vt 0.176319 0.180860
vt 0.820490 0.162347
vt 0.835001 0.169380
vt 0.832185 0.175062
vt 0.832185 0.175062
vt 0.817758 0.168064
vt 0.820490 0.162347
vt 0.835945 0.200241
vt 0.822925 0.193709
vt 0.832185 0.175062
vt 0.832185 0.175062
vt 0.845537 0.181773
vt 0.835945 0.200241
vt 0.778175 0.143324
vt 0.793094 0.149755
vt 0.790513 0.155577
vt 0.790513 0.155577
vt 0.775694 0.149215
vt 0.778175 0.143324
vt 0.795498 0.180574
vt 0.782145 0.174695
vt 0.790513 0.155577
vt 0.790513 0.155577
vt 0.804149 0.161690
vt 0.795498 0.180574
vt 0.734432 0.126372
vt 0.749859 0.132015
vt 0.747579 0.138033
vt 0.747579 0.138033
vt 0.732276 0.132456
vt 0.734432 0.126372
vt 0.753950 0.162921
vt 0.740212 0.157733
vt 0.747579 0.138033
vt 0.747579 0.138033
vt 0.761660 0.143471
vt 0.753950 0.162921
vt 0.689369 0.111991
vt 0.705225 0.116695
vt 0.703308 0.122886
vt 0.703308 0.122886
vt 0.687591 0.118234
vt 0.689369 0.111991
vt 0.711210 0.147508
vt 0.697110 0.143116
vt 0.703308 0.122886
vt 0.703308 0.122886
vt 0.717802 0.127500
vt 0.711210 0.147508
vt 0.643286 0.100454
vt 0.659464 0.104146
vt 0.657940 0.110470
vt 0.657940 0.110470
vt 0.641908 0.106817
vt 0.643286 0.100454
vt 0.667408 0.134639
vt 0.653016 0.131120
vt 0.657940 0.110470
vt 0.657940 0.110470
vt 0.672759 0.114174
vt 0.667408 0.134639
vt 0.596467 0.091888
vt 0.612871 0.094535
vt 0.611757 0.100954
vt 0.611757 0.100954
vt 0.595501 0.098333
vt 0.596467 0.091888
vt 0.622767 0.124512
vt 0.608157 0.121909
vt 0.611757 0.100954
vt 0.611757 0.100954
vt 0.626810 0.103705
vt 0.622767 0.124512
vt 0.549162 0.086343
vt 0.565710 0.087932
vt 0.565010 0.094414
vt 0.565010 0.094414
vt 0.548612 0.092840
vt 0.549162 0.086343
vt 0.577515 0.117236
vt 0.562759 0.115569
vt 0.565010 0.094414
vt 0.565010 0.094414
vt 0.580219 0.096195
vt 0.577515 0.117236
vt 0.454232 0.090896
vt 0.455136 0.112159
vt 0.440179 0.112894
vt 0.440179 0.112894
vt 0.438814 0.091714
vt 0.454232 0.090896
vt 0.501456 0.090358
vt 0.500998 0.111634
vt 0.486025 0.111412
vt 0.486025 0.111412
vt 0.486018 0.090189
vt 0.501456 0.090358
vt 0.407138 0.094454
vt 0.409404 0.115612
vt 0.394533 0.117299
vt 0.394533 0.117299
vt 0.391805 0.096260
vt 0.407138 0.094454
vt 0.360361 0.101023
vt 0.363957 0.121985
vt 0.349230 0.124616
vt 0.349230 0.124616
vt 0.345180 0.103800
vt 0.360361 0.101023
vt 0.314148 0.110555
vt 0.319083 0.131221
vt 0.304566 0.134777
vt 0.304566 0.134777
vt 0.299202 0.114295
vt 0.314148 0.110555
vt 0.268741 0.122994
vt 0.274951 0.143247
vt 0.260725 0.147684
vt 0.260725 0.147684
vt 0.254117 0.127653
vt 0.268741 0.122994
vt 0.224415 0.138169
vt 0.231799 0.157898
vt 0.217932 0.163141
vt 0.217932 0.163141
vt 0.210201 0.143661
vt 0.224415 0.138169
vt 0.181404 0.155754
vt 0.189801 0.174910
vt 0.176319 0.180860
vt 0.176319 0.180860
vt 0.167629 0.161937
vt 0.181404 0.155754
vt 0.139621 0.175339
vt 0.148948 0.194032
vt 0.135824 0.200691
vt 0.135824 0.200691
vt 0.126110 0.182178
vt 0.139621 0.175339
vt 0.817758 0.168064
vt 0.808782 0.186836
vt 0.795498 0.180574
vt 0.795498 0.180574
vt 0.804149 0.161690
vt 0.817758 0.168064
vt 0.775694 0.149215
vt 0.767618 0.168519
vt 0.753950 0.162921
vt 0.753950 0.162921
vt 0.761660 0.143471
vt 0.775694 0.149215
vt 0.732276 0.132456
vt 0.725264 0.152340
vt 0.711210 0.147508
vt 0.711210 0.147508
vt 0.717802 0.127500
vt 0.732276 0.132456
vt 0.687591 0.118234
vt 0.681791 0.138614
vt 0.667408 0.134639
vt 0.667408 0.134639
vt 0.672759 0.114174
vt 0.687591 0.118234
vt 0.641908 0.106817
vt 0.637402 0.127578
vt 0.622767 0.124512
vt 0.622767 0.124512
vt 0.626810 0.103705
vt 0.641908 0.106817
vt 0.595501 0.098333
vt 0.592330 0.119364
vt 0.577515 0.117236
vt 0.577515 0.117236
vt 0.580219 0.096195
vt 0.595501 0.098333
vt 0.548612 0.092840
vt 0.546794 0.114040
vt 0.531868 0.112861
vt 0.531868 0.112861
vt 0.533219 0.091684
vt 0.548612 0.092840
vt 0.453061 0.064047
vt 0.470147 0.063499
vt 0.470270 0.069466
vt 0.470270 0.069466
vt 0.453316 0.070011
vt 0.453061 0.064047
vt 0.470147 0.063499
vt 0.486011 0.063326
vt 0.486010 0.069295
vt 0.486010 0.069295
vt 0.470270 0.069466
vt 0.470147 0.063499
vt 0.502005 0.063492
vt 0.519090 0.064037
vt 0.518830 0.069999
vt 0.518830 0.069999
vt 0.501878 0.069459
vt 0.502005 0.063492
vt 0.519090 0.064037
vt 0.534931 0.064878
vt 0.534548 0.070834
vt 0.534548 0.070834
vt 0.518830 0.069999
vt 0.519090 0.064037
vt 0.404245 0.067734
vt 0.421264 0.066092
vt 0.421769 0.072040
vt 0.421769 0.072040
vt 0.404882 0.073670
vt 0.404245 0.067734
vt 0.421264 0.066092
vt 0.437087 0.064904
vt 0.437468 0.070862
vt 0.437468 0.070862
vt 0.421769 0.072040
vt 0.421264 0.066092
vt 0.355761 0.074548
vt 0.372640 0.071817
vt 0.373526 0.077721
vt 0.373526 0.077721
vt 0.356779 0.080430
vt 0.355761 0.074548
vt 0.372640 0.071817
vt 0.388356 0.069614
vt 0.389119 0.075536
vt 0.389119 0.075536
vt 0.373526 0.077721
vt 0.372640 0.071817
vt 0.307852 0.084473
vt 0.324500 0.080656
vt 0.325765 0.086484
vt 0.325765 0.086484
vt 0.309248 0.090268
vt 0.307852 0.084473
vt 0.324500 0.080656
vt 0.340031 0.077446
vt 0.341174 0.083303
vt 0.341174 0.083303
vt 0.325765 0.086484
vt 0.324500 0.080656
vt 0.260801 0.097464
vt 0.277114 0.092587
vt 0.278753 0.098304
vt 0.278753 0.098304
vt 0.262566 0.103134
vt 0.260801 0.097464
vt 0.277114 0.092587
vt 0.292368 0.088381
vt 0.293887 0.094140
vt 0.293887 0.094140
vt 0.278753 0.098304
vt 0.277114 0.092587
vt 0.214958 0.113374
vt 0.230805 0.107504
vt 0.232797 0.113069
vt 0.232797 0.113069
vt 0.217064 0.118874
vt 0.214958 0.113374
vt 0.230805 0.107504
vt 0.245670 0.102350
vt 0.247551 0.107970
vt 0.247551 0.107970
vt 0.232797 0.113069
vt 0.230805 0.107504
vt 0.170712 0.131813
vt 0.185960 0.125130
vt 0.188256 0.130497
vt 0.188256 0.130497
vt 0.173089 0.137108
vt 0.170712 0.131813
vt 0.185960 0.125130
vt 0.200306 0.119148
vt 0.202513 0.124583
vt 0.202513 0.124583
vt 0.188256 0.130497
vt 0.185960 0.125130
vt 0.128074 0.151923
vt 0.142832 0.144781
vt 0.145318 0.149970
vt 0.145318 0.149970
vt 0.130593 0.157096
vt 0.128074 0.151923
vt 0.142832 0.144781
vt 0.156636 0.138251
vt 0.159075 0.143486
vt 0.159075 0.143486
vt 0.145318 0.149970
vt 0.142832 0.144781
vt 0.828981 0.144646
vt 0.843672 0.151786
vt 0.841148 0.156921
vt 0.841148 0.156921
vt 0.826494 0.149811
vt 0.828981 0.144646
vt 0.843672 0.151786
vt 0.857265 0.158488
vt 0.854716 0.163637
vt 0.854716 0.163637
vt 0.841148 0.156921
vt 0.843672 0.151786
vt 0.785974 0.125020
vt 0.801185 0.131697
vt 0.798807 0.136976
vt 0.798807 0.136976
vt 0.783676 0.130374
vt 0.785974 0.125020
vt 0.801185 0.131697
vt 0.815110 0.138073
vt 0.812671 0.143288
vt 0.812671 0.143288
vt 0.798807 0.136976
vt 0.801185 0.131697
vt 0.741204 0.107414
vt 0.757027 0.113280
vt 0.754918 0.118768
vt 0.754918 0.118768
vt 0.739207 0.112969
vt 0.741204 0.107414
vt 0.757027 0.113280
vt 0.771537 0.118998
vt 0.769328 0.124422
vt 0.769328 0.124422
vt 0.754918 0.118768
vt 0.757027 0.113280
vt 0.694946 0.092512
vt 0.711241 0.097387
vt 0.709473 0.103048
vt 0.709473 0.103048
vt 0.693302 0.098223
vt 0.694946 0.092512
vt 0.711241 0.097387
vt 0.726234 0.102225
vt 0.724350 0.107837
vt 0.724350 0.107837
vt 0.709473 0.103048
vt 0.711241 0.097387
vt 0.647597 0.080596
vt 0.664232 0.084411
vt 0.662832 0.090199
vt 0.662832 0.090199
vt 0.646326 0.086420
vt 0.647597 0.080596
vt 0.664232 0.084411
vt 0.679579 0.088280
vt 0.678057 0.094032
vt 0.678057 0.094032
vt 0.662832 0.090199
vt 0.664232 0.084411
vt 0.599487 0.071770
vt 0.616355 0.074500
vt 0.615332 0.080376
vt 0.615332 0.080376
vt 0.598596 0.077670
vt 0.599487 0.071770
vt 0.616355 0.074500
vt 0.631948 0.077367
vt 0.630802 0.083219
vt 0.630802 0.083219
vt 0.615332 0.080376
vt 0.616355 0.074500
vt 0.550881 0.066066
vt 0.567895 0.067704
vt 0.567254 0.073637
vt 0.567254 0.073637
vt 0.550372 0.072013
vt 0.550881 0.066066
vt 0.567895 0.067704
vt 0.583649 0.069559
vt 0.582884 0.075478
vt 0.582884 0.075478
vt 0.567254 0.073637
vt 0.567895 0.067704
vt 0.437087 0.064904
vt 0.453061 0.064047
vt 0.453316 0.070011
vt 0.453316 0.070011
vt 0.437468 0.070862
vt 0.437087 0.064904
vt 0.486011 0.063326
vt 0.502005 0.063492
vt 0.501878 0.069459
vt 0.501878 0.069459
vt 0.486010 0.069295
vt 0.486011 0.063326
vt 0.388356 0.069614
vt 0.404245 0.067734
vt 0.404882 0.073670
vt 0.404882 0.073670
vt 0.389119 0.075536
vt 0.388356 0.069614
vt 0.340031 0.077446
vt 0.355761 0.074548
vt 0.356779 0.080430
vt 0.356779 0.080430
vt 0.341174 0.083303
vt 0.340031 0.077446
vt 0.292368 0.088381
vt 0.307852 0.084473
vt 0.309248 0.090268
vt 0.309248 0.090268
vt 0.293887 0.094140
vt 0.292368 0.088381
vt 0.245670 0.102350
vt 0.260801 0.097464
vt 0.262566 0.103134
vt 0.262566 0.103134
vt 0.247551 0.107970
vt 0.245670 0.102350
vt 0.200306 0.119148
vt 0.214958 0.113374
vt 0.217064 0.118874
vt 0.217064 0.118874
vt 0.202513 0.124583
vt 0.200306 0.119148
vt 0.156636 0.138251
vt 0.170712 0.131813
vt 0.173089 0.137108
vt 0.173089 0.137108
vt 0.159075 0.143486
vt 0.156636 0.138251
vt 0.114136 0.158762
vt 0.128074 0.151923
vt 0.130593 0.157096
vt 0.130593 0.157096
vt 0.116710 0.163913
vt 0.114136 0.158762
vt 0.815110 0.138073
vt 0.828981 0.144646
vt 0.826494 0.149811
vt 0.826494 0.149811
vt 0.812671 0.143288
vt 0.815110 0.138073
vt 0.771537 0.118998
vt 0.785974 0.125020
vt 0.783676 0.130374
vt 0.783676 0.130374
vt 0.769328 0.124422
vt 0.771537 0.118998
vt 0.726234 0.102225
vt 0.741204 0.107414
vt 0.739207 0.112969
vt 0.739207 0.112969
vt 0.724350 0.107837
vt 0.726234 0.102225
vt 0.679579 0.088280
vt 0.694946 0.092512
vt 0.693302 0.098223
vt 0.693302 0.098223
vt 0.678057 0.094032
vt 0.679579 0.088280
vt 0.631948 0.077367
vt 0.647597 0.080596
vt 0.646326 0.086420
vt 0.646326 0.086420
vt 0.630802 0.083219
vt 0.631948 0.077367
vt 0.583649 0.069559
vt 0.599487 0.071770
vt 0.598596 0.077670
vt 0.598596 0.077670
vt 0.582884 0.075478
vt 0.583649 0.069559
vt 0.534931 0.064878
vt 0.550881 0.066066
vt 0.550372 0.072013
vt 0.550372 0.072013
vt 0.534548 0.070834
vt 0.534931 0.064878
vt 0.453948 0.084381
vt 0.453740 0.079655
vt 0.470469 0.079116
vt 0.470469 0.079116
vt 0.470567 0.083845
vt 0.453948 0.084381
vt 0.470567 0.083845
vt 0.470469 0.079116
vt 0.486014 0.078946
vt 0.486014 0.078946
vt 0.486016 0.083673
vt 0.470567 0.083845
vt 0.501589 0.083838
vt 0.501684 0.079110
vt 0.518412 0.079641
vt 0.518412 0.079641
vt 0.518206 0.084366
vt 0.501589 0.083838
vt 0.518206 0.084366
vt 0.518412 0.079641
vt 0.533935 0.080465
vt 0.533935 0.080465
vt 0.533634 0.085182
vt 0.518206 0.084366
vt 0.406435 0.087970
vt 0.405925 0.083268
vt 0.422587 0.081658
vt 0.422587 0.081658
vt 0.422987 0.086371
vt 0.406435 0.087970
vt 0.422987 0.086371
vt 0.422587 0.081658
vt 0.438091 0.080494
vt 0.438091 0.080494
vt 0.438395 0.085212
vt 0.422987 0.086371
vt 0.359247 0.094599
vt 0.358436 0.089939
vt 0.374961 0.087269
vt 0.374961 0.087269
vt 0.375664 0.091949
vt 0.359247 0.094599
vt 0.375664 0.091949
vt 0.374961 0.087269
vt 0.390360 0.085109
vt 0.390360 0.085109
vt 0.390968 0.089798
vt 0.375664 0.091949
vt 0.312623 0.104226
vt 0.311515 0.099635
vt 0.327812 0.095909
vt 0.327812 0.095909
vt 0.328812 0.100527
vt 0.312623 0.104226
vt 0.328812 0.100527
vt 0.327812 0.095909
vt 0.343027 0.092771
vt 0.343027 0.092771
vt 0.343933 0.097409
vt 0.328812 0.100527
vt 0.266821 0.116796
vt 0.265424 0.112302
vt 0.281399 0.107551
vt 0.281399 0.107551
vt 0.282693 0.112083
vt 0.266821 0.116796
vt 0.282693 0.112083
vt 0.281399 0.107551
vt 0.296347 0.103449
vt 0.296347 0.103449
vt 0.297549 0.108009
vt 0.282693 0.112083
vt 0.222131 0.132142
vt 0.220469 0.127775
vt 0.236011 0.122073
vt 0.236011 0.122073
vt 0.237581 0.126488
vt 0.222131 0.132142
vt 0.237581 0.126488
vt 0.236011 0.122073
vt 0.250592 0.117058
vt 0.250592 0.117058
vt 0.252077 0.121512
vt 0.237581 0.126488
vt 0.178817 0.149919
vt 0.176936 0.145697
vt 0.191959 0.139198
vt 0.191959 0.139198
vt 0.193767 0.143471
vt 0.178817 0.149919
vt 0.193767 0.143471
vt 0.191959 0.139198
vt 0.206075 0.133383
vt 0.206075 0.133383
vt 0.207814 0.137701
vt 0.193767 0.143471
vt 0.136776 0.169634
vt 0.134726 0.165503
vt 0.149358 0.158405
vt 0.149358 0.158405
vt 0.151344 0.162554
vt 0.136776 0.169634
vt 0.151344 0.162554
vt 0.149358 0.158405
vt 0.163027 0.151984
vt 0.163027 0.151984
vt 0.164963 0.156162
vt 0.151344 0.162554
vt 0.820490 0.162347
vt 0.822468 0.158213
vt 0.837033 0.165272
vt 0.837033 0.165272
vt 0.835001 0.169380
vt 0.820490 0.162347
vt 0.835001 0.169380
vt 0.837033 0.165272
vt 0.850533 0.171992
vt 0.850533 0.171992
vt 0.848449 0.176096
vt 0.835001 0.169380
vt 0.778175 0.143324
vt 0.779981 0.139059
vt 0.794970 0.145544
vt 0.794970 0.145544
vt 0.793094 0.149755
vt 0.778175 0.143324
vt 0.793094 0.149755
vt 0.794970 0.145544
vt 0.808733 0.151764
vt 0.808733 0.151764
vt 0.806804 0.155930
vt 0.793094 0.149755
vt 0.734432 0.126372
vt 0.735999 0.121963
vt 0.751519 0.127656
vt 0.751519 0.127656
vt 0.749859 0.132015
vt 0.734432 0.126372
vt 0.749859 0.132015
vt 0.751519 0.127656
vt 0.765776 0.133209
vt 0.765776 0.133209
vt 0.764042 0.137520
vt 0.749859 0.132015
vt 0.689369 0.111991
vt 0.690661 0.107463
vt 0.706620 0.112206
vt 0.706620 0.112206
vt 0.705225 0.116695
vt 0.689369 0.111991
vt 0.705225 0.116695
vt 0.706620 0.112206
vt 0.721319 0.116916
vt 0.721319 0.116916
vt 0.719838 0.121365
vt 0.705225 0.116695
vt 0.643286 0.100454
vt 0.644285 0.095839
vt 0.660571 0.099560
vt 0.660571 0.099560
vt 0.659464 0.104146
vt 0.643286 0.100454
vt 0.659464 0.104146
vt 0.660571 0.099560
vt 0.675606 0.103336
vt 0.675606 0.103336
vt 0.674408 0.107892
vt 0.659464 0.104146
vt 0.596467 0.091888
vt 0.597167 0.087212
vt 0.613681 0.089879
vt 0.613681 0.089879
vt 0.612871 0.094535
vt 0.596467 0.091888
vt 0.612871 0.094535
vt 0.613681 0.089879
vt 0.628957 0.092683
vt 0.628957 0.092683
vt 0.628054 0.097318
vt 0.612871 0.094535
vt 0.549162 0.086343
vt 0.549560 0.081630
vt 0.566218 0.083231
vt 0.566218 0.083231
vt 0.565710 0.087932
vt 0.549162 0.086343
vt 0.565710 0.087932
vt 0.566218 0.083231
vt 0.581653 0.085048
vt 0.581653 0.085048
vt 0.581050 0.089735
vt 0.565710 0.087932
vt 0.438395 0.085212
vt 0.438091 0.080494
vt 0.453740 0.079655
vt 0.453740 0.079655
vt 0.453948 0.084381
vt 0.438395 0.085212
vt 0.486016 0.083673
vt 0.486014 0.078946
vt 0.501684 0.079110
vt 0.501684 0.079110
vt 0.501589 0.083838
vt 0.486016 0.083673
vt 0.390968 0.089798
vt 0.390360 0.085109
vt 0.405925 0.083268
vt 0.405925 0.083268
vt 0.406435 0.087970
vt 0.390968 0.089798
vt 0.343933 0.097409
vt 0.343027 0.092771
vt 0.358436 0.089939
vt 0.358436 0.089939
vt 0.359247 0.094599
vt 0.343933 0.097409
vt 0.297549 0.108009
vt 0.296347 0.103449
vt 0.311515 0.099635
vt 0.311515 0.099635
vt 0.312623 0.104226
vt 0.297549 0.108009
vt 0.252077 0.121512
vt 0.250592 0.117058
vt 0.265424 0.112302
vt 0.265424 0.112302
vt 0.266821 0.116796
vt 0.252077 0.121512
vt 0.207814 0.137701
vt 0.206075 0.133383
vt 0.220469 0.127775
vt 0.220469 0.127775
vt 0.222131 0.132142
vt 0.207814 0.137701
vt 0.164963 0.156162
vt 0.163027 0.151984
vt 0.176936 0.145697
vt 0.176936 0.145697
vt 0.178817 0.149919
vt 0.164963 0.156162
vt 0.123173 0.176488
vt 0.121031 0.172346
vt 0.134726 0.165503
vt 0.134726 0.165503
vt 0.136776 0.169634
vt 0.123173 0.176488
vt 0.806804 0.155930
vt 0.808733 0.151764
vt 0.822468 0.158213
vt 0.822468 0.158213
vt 0.820490 0.162347
vt 0.806804 0.155930
vt 0.764042 0.137520
vt 0.765776 0.133209
vt 0.779981 0.139059
vt 0.779981 0.139059
vt 0.778175 0.143324
vt 0.764042 0.137520
vt 0.719838 0.121365
vt 0.721319 0.116916
vt 0.735999 0.121963
vt 0.735999 0.121963
vt 0.734432 0.126372
vt 0.719838 0.121365
vt 0.674408 0.107892
vt 0.675606 0.103336
vt 0.690661 0.107463
vt 0.690661 0.107463
vt 0.689369 0.111991
vt 0.674408 0.107892
vt 0.628054 0.097318
vt 0.628957 0.092683
vt 0.644285 0.095839
vt 0.644285 0.095839
vt 0.643286 0.100454
vt 0.628054 0.097318
vt 0.581050 0.089735
vt 0.581653 0.085048
vt 0.597167 0.087212
vt 0.597167 0.087212
vt 0.596467 0.091888
vt 0.581050 0.089735
vt 0.533634 0.085182
vt 0.533935 0.080465
vt 0.549560 0.081630
vt 0.549560 0.081630
vt 0.549162 0.086343
vt 0.533634 0.085182
vt 0.470028 0.057766
vt 0.470147 0.063499
vt 0.453061 0.064047
vt 0.453061 0.064047
vt 0.452807 0.058317
vt 0.470028 0.057766
vt 0.486007 0.057589
vt 0.486011 0.063326
vt 0.470147 0.063499
vt 0.470147 0.063499
vt 0.470028 0.057766
vt 0.486007 0.057589
vt 0.519338 0.058308
vt 0.519090 0.064037
vt 0.502005 0.063492
vt 0.502005 0.063492
vt 0.502118 0.057758
vt 0.519338 0.058308
vt 0.535295 0.059153
vt 0.534931 0.064878
vt 0.519090 0.064037
vt 0.519090 0.064037
vt 0.519338 0.058308
vt 0.535295 0.059153
vt 0.420778 0.060377
vt 0.421264 0.066092
vt 0.404245 0.067734
vt 0.404245 0.067734
vt 0.403624 0.062030
vt 0.420778 0.060377
vt 0.436716 0.059178
vt 0.437087 0.064904
vt 0.421264 0.066092
vt 0.421264 0.066092
vt 0.420778 0.060377
vt 0.436716 0.059178
vt 0.371787 0.066144
vt 0.372640 0.071817
vt 0.355761 0.074548
vt 0.355761 0.074548
vt 0.354774 0.068897
vt 0.371787 0.066144
vt 0.387618 0.063923
vt 0.388356 0.069614
vt 0.372640 0.071817
vt 0.372640 0.071817
vt 0.371787 0.066144
vt 0.387618 0.063923
vt 0.323281 0.075056
vt 0.324500 0.080656
vt 0.307852 0.084473
vt 0.307852 0.084473
vt 0.306500 0.078906
vt 0.323281 0.075056
vt 0.338926 0.071818
vt 0.340031 0.077446
vt 0.324500 0.080656
vt 0.324500 0.080656
vt 0.323281 0.075056
vt 0.338926 0.071818
vt 0.275535 0.087093
vt 0.277114 0.092587
vt 0.260801 0.097464
vt 0.260801 0.097464
vt 0.259093 0.092018
vt 0.275535 0.087093
vt 0.290901 0.082847
vt 0.292368 0.088381
vt 0.277114 0.092587
vt 0.277114 0.092587
vt 0.275535 0.087093
vt 0.290901 0.082847
vt 0.228883 0.102161
vt 0.230805 0.107504
vt 0.214958 0.113374
vt 0.214958 0.113374
vt 0.212919 0.108097
vt 0.228883 0.102161
vt 0.243852 0.096952
vt 0.245670 0.102350
vt 0.230805 0.107504
vt 0.230805 0.107504
vt 0.228883 0.102161
vt 0.243852 0.096952
vt 0.183744 0.119984
vt 0.185960 0.125130
vt 0.170712 0.131813
vt 0.170712 0.131813
vt 0.168413 0.126744
vt 0.183744 0.119984
vt 0.198173 0.113934
vt 0.200306 0.119148
vt 0.185960 0.125130
vt 0.185960 0.125130
vt 0.183744 0.119984
vt 0.198173 0.113934
vt 0.140446 0.139820
vt 0.142832 0.144781
vt 0.128074 0.151923
vt 0.128074 0.151923
vt 0.125660 0.146987
vt 0.140446 0.139820
vt 0.154285 0.133244
vt 0.156636 0.138251
vt 0.142832 0.144781
vt 0.142832 0.144781
vt 0.140446 0.139820
vt 0.154285 0.133244
vt 0.846085 0.146880
vt 0.843672 0.151786
vt 0.828981 0.144646
vt 0.828981 0.144646
vt 0.831363 0.139703
vt 0.846085 0.146880
vt 0.859694 0.153563
vt 0.857265 0.158488
vt 0.843672 0.151786
vt 0.843672 0.151786
vt 0.846085 0.146880
vt 0.859694 0.153563
vt 0.803478 0.126641
vt 0.801185 0.131697
vt 0.785974 0.125020
vt 0.785974 0.125020
vt 0.788185 0.119882
vt 0.803478 0.126641
vt 0.817455 0.133077
vt 0.815110 0.138073
vt 0.801185 0.131697
vt 0.801185 0.131697
vt 0.803478 0.126641
vt 0.817455 0.133077
vt 0.759060 0.108011
vt 0.757027 0.113280
vt 0.741204 0.107414
vt 0.741204 0.107414
vt 0.743121 0.102075
vt 0.759060 0.108011
vt 0.773663 0.113790
vt 0.771537 0.118998
vt 0.757027 0.113280
vt 0.757027 0.113280
vt 0.759060 0.108011
vt 0.773663 0.113790
vt 0.712944 0.091947
vt 0.711241 0.097387
vt 0.694946 0.092512
vt 0.694946 0.092512
vt 0.696520 0.087021
vt 0.712944 0.091947
vt 0.728046 0.096831
vt 0.726234 0.102225
vt 0.711241 0.097387
vt 0.711241 0.097387
vt 0.712944 0.091947
vt 0.728046 0.096831
vt 0.665579 0.078849
vt 0.664232 0.084411
vt 0.647597 0.080596
vt 0.647597 0.080596
vt 0.648811 0.074998
vt 0.665579 0.078849
vt 0.681039 0.082749
vt 0.679579 0.088280
vt 0.664232 0.084411
vt 0.664232 0.084411
vt 0.665579 0.078849
vt 0.681039 0.082749
vt 0.617337 0.068853
vt 0.616355 0.074500
vt 0.599487 0.071770
vt 0.599487 0.071770
vt 0.600335 0.066099
vt 0.617337 0.068853
vt 0.633046 0.071741
vt 0.631948 0.077367
vt 0.616355 0.074500
vt 0.616355 0.074500
vt 0.617337 0.068853
vt 0.633046 0.071741
vt 0.568510 0.062004
vt 0.567895 0.067704
vt 0.550881 0.066066
vt 0.550881 0.066066
vt 0.551361 0.060351
vt 0.568510 0.062004
vt 0.584380 0.063870
vt 0.583649 0.069559
vt 0.567895 0.067704
vt 0.567895 0.067704
vt 0.568510 0.062004
vt 0.584380 0.063870
vt 0.452807 0.058317
vt 0.453061 0.064047
vt 0.437087 0.064904
vt 0.437087 0.064904
vt 0.436716 0.059178
vt 0.452807 0.058317
vt 0.502118 0.057758
vt 0.502005 0.063492
vt 0.486011 0.063326
vt 0.486011 0.063326
vt 0.486007 0.057589
vt 0.502118 0.057758
vt 0.403624 0.062030
vt 0.404245 0.067734
vt 0.388356 0.069614
vt 0.388356 0.069614
vt 0.387618 0.063923
vt 0.403624 0.062030
vt 0.354774 0.068897
vt 0.355761 0.074548
vt 0.340031 0.077446
vt 0.340031 0.077446
vt 0.338926 0.071818
vt 0.354774 0.068897
vt 0.306500 0.078906
vt 0.307852 0.084473
vt 0.292368 0.088381
vt 0.292368 0.088381
vt 0.290901 0.082847
vt 0.306500 0.078906
vt 0.259093 0.092018
vt 0.260801 0.097464
vt 0.245670 0.102350
vt 0.245670 0.102350
vt 0.243852 0.096952
vt 0.259093 0.092018
vt 0.212919 0.108097
vt 0.214958 0.113374
vt 0.200306 0.119148
vt 0.200306 0.119148
vt 0.198173 0.113934
vt 0.212919 0.108097
vt 0.168413 0.126744
vt 0.170712 0.131813
vt 0.156636 0.138251
vt 0.156636 0.138251
vt 0.154285 0.133244
vt 0.168413 0.126744
vt 0.125660 0.146987
vt 0.128074 0.151923
vt 0.114136 0.158762
vt 0.114136 0.158762
vt 0.111638 0.153710
vt 0.125660 0.146987
vt 0.831363 0.139703
vt 0.828981 0.144646
vt 0.815110 0.138073
vt 0.815110 0.138073
vt 0.817455 0.133077
vt 0.831363 0.139703
vt 0.788185 0.119882
vt 0.785974 0.125020
vt 0.771537 0.118998
vt 0.771537 0.118998
vt 0.773663 0.113790
vt 0.788185 0.119882
vt 0.743121 0.102075
vt 0.741204 0.107414
vt 0.726234 0.102225
vt 0.726234 0.102225
vt 0.728046 0.096831
vt 0.743121 0.102075
vt 0.696520 0.087021
vt 0.694946 0.092512
vt 0.679579 0.088280
vt 0.679579 0.088280
vt 0.681039 0.082749
vt 0.696520 0.087021
vt 0.648811 0.074998
vt 0.647597 0.080596
vt 0.631948 0.077367
vt 0.631948 0.077367
vt 0.633046 0.071741
vt 0.648811 0.074998
vt 0.600335 0.066099
vt 0.599487 0.071770
vt 0.583649 0.069559
vt 0.583649 0.069559
vt 0.584380 0.063870
vt 0.600335 0.066099
vt 0.551361 0.060351
vt 0.550881 0.066066
vt 0.534931 0.064878
vt 0.534931 0.064878
vt 0.535295 0.059153
vt 0.551361 0.060351
vt 0.453523 0.074716
vt 0.453316 0.070011
vt 0.470270 0.069466
vt 0.470270 0.069466
vt 0.470369 0.074174
vt 0.453523 0.074716
vt 0.470369 0.074174
vt 0.470270 0.069466
vt 0.486010 0.069295
vt 0.486010 0.069295
vt 0.486013 0.074004
vt 0.470369 0.074174
vt 0.501783 0.074168
vt 0.501878 0.069459
vt 0.518830 0.069999
vt 0.518830 0.069999
vt 0.518628 0.074703
vt 0.501783 0.074168
vt 0.518628 0.074703
vt 0.518830 0.069999
vt 0.534548 0.070834
vt 0.534548 0.070834
vt 0.534249 0.075533
vt 0.518628 0.074703
vt 0.405391 0.078353
vt 0.404882 0.073670
vt 0.421769 0.072040
vt 0.421769 0.072040
vt 0.422169 0.076732
vt 0.405391 0.078353
vt 0.422169 0.076732
vt 0.421769 0.072040
vt 0.437468 0.070862
vt 0.437468 0.070862
vt 0.437772 0.075562
vt 0.422169 0.076732
vt 0.357588 0.085070
vt 0.356779 0.080430
vt 0.373526 0.077721
vt 0.373526 0.077721
vt 0.374228 0.082379
vt 0.357588 0.085070
vt 0.374228 0.082379
vt 0.373526 0.077721
vt 0.389119 0.075536
vt 0.389119 0.075536
vt 0.389725 0.080207
vt 0.374228 0.082379
vt 0.310354 0.094838
vt 0.309248 0.090268
vt 0.325765 0.086484
vt 0.325765 0.086484
vt 0.326766 0.091082
vt 0.310354 0.094838
vt 0.326766 0.091082
vt 0.325765 0.086484
vt 0.341174 0.083303
vt 0.341174 0.083303
vt 0.342079 0.087923
vt 0.326766 0.091082
vt 0.263962 0.107607
vt 0.262566 0.103134
vt 0.278753 0.098304
vt 0.278753 0.098304
vt 0.280046 0.102815
vt 0.263962 0.107607
vt 0.280046 0.102815
vt 0.278753 0.098304
vt 0.293887 0.094140
vt 0.293887 0.094140
vt 0.295089 0.098682
vt 0.280046 0.102815
vt 0.218727 0.123215
vt 0.217064 0.118874
vt 0.232797 0.113069
vt 0.232797 0.113069
vt 0.234369 0.117460
vt 0.218727 0.123215
vt 0.234369 0.117460
vt 0.232797 0.113069
vt 0.247551 0.107970
vt 0.247551 0.107970
vt 0.249037 0.112403
vt 0.234369 0.117460
vt 0.174967 0.141294
vt 0.173089 0.137108
vt 0.188256 0.130497
vt 0.188256 0.130497
vt 0.190066 0.134738
vt 0.174967 0.141294
vt 0.190066 0.134738
vt 0.188256 0.130497
vt 0.202513 0.124583
vt 0.202513 0.124583
vt 0.204254 0.128874
vt 0.190066 0.134738
vt 0.132600 0.161192
vt 0.130593 0.157096
vt 0.145318 0.149970
vt 0.145318 0.149970
vt 0.147288 0.154078
vt 0.132600 0.161192
vt 0.147288 0.154078
vt 0.145318 0.149970
vt 0.159075 0.143486
vt 0.159075 0.143486
vt 0.161004 0.147627
vt 0.147288 0.154078
vt 0.824531 0.153903
vt 0.826494 0.149811
vt 0.841148 0.156921
vt 0.841148 0.156921
vt 0.839146 0.160989
vt 0.824531 0.153903
vt 0.839146 0.160989
vt 0.841148 0.156921
vt 0.854716 0.163637
vt 0.854716 0.163637
vt 0.852684 0.167707
vt 0.839146 0.160989
vt 0.781870 0.134608
vt 0.783676 0.130374
vt 0.798807 0.136976
vt 0.798807 0.136976
vt 0.796934 0.141152
vt 0.781870 0.134608
vt 0.796934 0.141152
vt 0.798807 0.136976
vt 0.812671 0.143288
vt 0.812671 0.143288
vt 0.810749 0.147418
vt 0.796934 0.141152
vt 0.737640 0.117356
vt 0.739207 0.112969
vt 0.754918 0.118768
vt 0.754918 0.118768
vt 0.753259 0.123103
vt 0.737640 0.117356
vt 0.753259 0.123103
vt 0.754918 0.118768
vt 0.769328 0.124422
vt 0.769328 0.124422
vt 0.767593 0.128707
vt 0.753259 0.123103
vt 0.692013 0.102731
vt 0.693302 0.098223
vt 0.709473 0.103048
vt 0.709473 0.103048
vt 0.708081 0.107516
vt 0.692013 0.102731
vt 0.708081 0.107516
vt 0.709473 0.103048
vt 0.724350 0.107837
vt 0.724350 0.107837
vt 0.722870 0.112266
vt 0.708081 0.107516
vt 0.645330 0.091016
vt 0.646326 0.086420
vt 0.662832 0.090199
vt 0.662832 0.090199
vt 0.661729 0.094766
vt 0.645330 0.091016
vt 0.661729 0.094766
vt 0.662832 0.090199
vt 0.678057 0.094032
vt 0.678057 0.094032
vt 0.676861 0.098572
vt 0.661729 0.094766
vt 0.597899 0.082326
vt 0.598596 0.077670
vt 0.615332 0.080376
vt 0.615332 0.080376
vt 0.614528 0.085013
vt 0.597899 0.082326
vt 0.614528 0.085013
vt 0.615332 0.080376
vt 0.630802 0.083219
vt 0.630802 0.083219
vt 0.629902 0.087837
vt 0.614528 0.085013
vt 0.549976 0.076705
vt 0.550372 0.072013
vt 0.567254 0.073637
vt 0.567254 0.073637
vt 0.566750 0.078318
vt 0.549976 0.076705
vt 0.566750 0.078318
vt 0.567254 0.073637
vt 0.582884 0.075478
vt 0.582884 0.075478
vt 0.582284 0.080147
vt 0.566750 0.078318
vt 0.437772 0.075562
vt 0.437468 0.070862
vt 0.453316 0.070011
vt 0.453316 0.070011
vt 0.453523 0.074716
vt 0.437772 0.075562
vt 0.486013 0.074004
vt 0.486010 0.069295
vt 0.501878 0.069459
vt 0.501878 0.069459
vt 0.501783 0.074168
vt 0.486013 0.074004
vt 0.389725 0.080207
vt 0.389119 0.075536
vt 0.404882 0.073670
vt 0.404882 0.073670
vt 0.405391 0.078353
vt 0.389725 0.080207
vt 0.342079 0.087923
vt 0.341174 0.083303
vt 0.356779 0.080430
vt 0.356779 0.080430
vt 0.357588 0.085070
vt 0.342079 0.087923
vt 0.295089 0.098682
vt 0.293887 0.094140
vt 0.309248 0.090268
vt 0.309248 0.090268
vt 0.310354 0.094838
vt 0.295089 0.098682
vt 0.249037 0.112403
vt 0.247551 0.107970
vt 0.262566 0.103134
vt 0.262566 0.103134
vt 0.263962 0.107607
vt 0.249037 0.112403
vt 0.204254 0.128874
vt 0.202513 0.124583
vt 0.217064 0.118874
vt 0.217064 0.118874
vt 0.218727 0.123215
vt 0.204254 0.128874
vt 0.161004 0.147627
vt 0.159075 0.143486
vt 0.173089 0.137108
vt 0.173089 0.137108
vt 0.174967 0.141294
vt 0.161004 0.147627
vt 0.118802 0.168016
vt 0.116710 0.163913
vt 0.130593 0.157096
vt 0.130593 0.157096
vt 0.132600 0.161192
vt 0.118802 0.168016
vt 0.810749 0.147418
vt 0.812671 0.143288
vt 0.826494 0.149811
vt 0.826494 0.149811
vt 0.824531 0.153903
vt 0.810749 0.147418
vt 0.767593 0.128707
vt 0.769328 0.124422
vt 0.783676 0.130374
vt 0.783676 0.130374
vt 0.781870 0.134608
vt 0.767593 0.128707
vt 0.722870 0.112266
vt 0.724350 0.107837
vt 0.739207 0.112969
vt 0.739207 0.112969
vt 0.737640 0.117356
vt 0.722870 0.112266
vt 0.676861 0.098572
vt 0.678057 0.094032
vt 0.693302 0.098223
vt 0.693302 0.098223
vt 0.692013 0.102731
vt 0.676861 0.098572
vt 0.629902 0.087837
vt 0.630802 0.083219
vt 0.646326 0.086420
vt 0.646326 0.086420
vt 0.645330 0.091016
vt 0.629902 0.087837
vt 0.582284 0.080147
vt 0.582884 0.075478
vt 0.598596 0.077670
vt 0.598596 0.077670
vt 0.597899 0.082326
vt 0.582284 0.080147
vt 0.534249 0.075533
vt 0.534548 0.070834
vt 0.550372 0.072013
vt 0.550372 0.072013
vt 0.549976 0.076705
vt 0.534249 0.075533
vt 0.440179 0.112894
vt 0.455136 0.112159
vt 0.455827 0.130782
vt 0.455827 0.130782
vt 0.441348 0.131092
vt 0.440179 0.112894
vt 0.486025 0.111412
vt 0.500998 0.111634
vt 0.500497 0.130261
vt 0.500497 0.130261
vt 0.486030 0.129647
vt 0.486025 0.111412
vt 0.394533 0.117299
vt 0.409404 0.115612
vt 0.411278 0.134151
vt 0.411278 0.134151
vt 0.396847 0.135380
vt 0.394533 0.117299
vt 0.349230 0.124616
vt 0.363957 0.121985
vt 0.367027 0.140353
vt 0.367027 0.140353
vt 0.352711 0.142504
vt 0.349230 0.124616
vt 0.304566 0.134777
vt 0.319083 0.131221
vt 0.323296 0.149347
vt 0.323296 0.149347
vt 0.309158 0.152388
vt 0.304566 0.134777
vt 0.260725 0.147684
vt 0.274951 0.143247
vt 0.280270 0.161036
vt 0.280270 0.161036
vt 0.266377 0.164931
vt 0.260725 0.147684
vt 0.217932 0.163141
vt 0.231799 0.157898
vt 0.238142 0.175271
vt 0.238142 0.175271
vt 0.224550 0.179955
vt 0.217932 0.163141
vt 0.176319 0.180860
vt 0.189801 0.174910
vt 0.197061 0.191824
vt 0.197061 0.191824
vt 0.183803 0.197219
vt 0.176319 0.180860
vt 0.135824 0.200691
vt 0.148948 0.194032
vt 0.157095 0.210523
vt 0.157095 0.210523
vt 0.144239 0.216667
vt 0.135824 0.200691
vt 0.795498 0.180574
vt 0.808782 0.186836
vt 0.800797 0.203340
vt 0.800797 0.203340
vt 0.788049 0.196911
vt 0.795498 0.180574
vt 0.753950 0.162921
vt 0.767618 0.168519
vt 0.760474 0.185480
vt 0.760474 0.185480
vt 0.747350 0.179711
vt 0.753950 0.162921
vt 0.711210 0.147508
vt 0.725264 0.152340
vt 0.719061 0.169767
vt 0.719061 0.169767
vt 0.705571 0.164736
vt 0.711210 0.147508
vt 0.667408 0.134639
vt 0.681791 0.138614
vt 0.676638 0.156452
vt 0.676638 0.156452
vt 0.662827 0.152236
vt 0.667408 0.134639
vt 0.622767 0.124512
vt 0.637402 0.127578
vt 0.633371 0.145741
vt 0.633371 0.145741
vt 0.619301 0.142393
vt 0.622767 0.124512
vt 0.577515 0.117236
vt 0.592330 0.119364
vt 0.589460 0.137765
vt 0.589460 0.137765
vt 0.575195 0.135315
vt 0.577515 0.117236
vt 0.531868 0.112861
vt 0.546794 0.114040
vt 0.545104 0.132593
vt 0.545104 0.132593
vt 0.530707 0.131057
vt 0.531868 0.112861
vt 0.455136 0.112159
vt 0.471170 0.111641
vt 0.471683 0.130261
vt 0.471683 0.130261
vt 0.455827 0.130782
vt 0.455136 0.112159
vt 0.471170 0.111641
vt 0.486025 0.111412
vt 0.486030 0.129647
vt 0.486030 0.129647
vt 0.471683 0.130261
vt 0.471170 0.111641
vt 0.500998 0.111634
vt 0.517031 0.112141
vt 0.516353 0.130754
vt 0.516353 0.130754
vt 0.500497 0.130261
vt 0.500998 0.111634
vt 0.517031 0.112141
vt 0.531868 0.112861
vt 0.530707 0.131057
vt 0.530707 0.131057
vt 0.516353 0.130754
vt 0.517031 0.112141
vt 0.409404 0.115612
vt 0.425369 0.114071
vt 0.427070 0.132621
vt 0.427070 0.132621
vt 0.411278 0.134151
vt 0.409404 0.115612
vt 0.425369 0.114071
vt 0.440179 0.112894
vt 0.441348 0.131092
vt 0.441348 0.131092
vt 0.427070 0.132621
vt 0.425369 0.114071
vt 0.363957 0.121985
vt 0.379750 0.119359
vt 0.382689 0.137803
vt 0.382689 0.137803
vt 0.367027 0.140353
vt 0.363957 0.121985
vt 0.379750 0.119359
vt 0.394533 0.117299
vt 0.396847 0.135380
vt 0.396847 0.135380
vt 0.382689 0.137803
vt 0.379750 0.119359
vt 0.319083 0.131221
vt 0.334705 0.127666
vt 0.338750 0.145832
vt 0.338750 0.145832
vt 0.323296 0.149347
vt 0.319083 0.131221
vt 0.334705 0.127666
vt 0.349230 0.124616
vt 0.352711 0.142504
vt 0.352711 0.142504
vt 0.338750 0.145832
vt 0.334705 0.127666
vt 0.274951 0.143247
vt 0.290285 0.138730
vt 0.295451 0.156576
vt 0.295451 0.156576
vt 0.280270 0.161036
vt 0.274951 0.143247
vt 0.290285 0.138730
vt 0.304566 0.134777
vt 0.309158 0.152388
vt 0.309158 0.152388
vt 0.295451 0.156576
vt 0.290285 0.138730
vt 0.231799 0.157898
vt 0.246765 0.152488
vt 0.252984 0.169930
vt 0.252984 0.169930
vt 0.238142 0.175271
vt 0.231799 0.157898
vt 0.246765 0.152488
vt 0.260725 0.147684
vt 0.266377 0.164931
vt 0.266377 0.164931
vt 0.252984 0.169930
vt 0.246765 0.152488
vt 0.189801 0.174910
vt 0.204351 0.168710
vt 0.211517 0.185689
vt 0.211517 0.185689
vt 0.197061 0.191824
vt 0.189801 0.174910
vt 0.204351 0.168710
vt 0.217932 0.163141
vt 0.224550 0.179955
vt 0.224550 0.179955
vt 0.211517 0.185689
vt 0.204351 0.168710
vt 0.148948 0.194032
vt 0.163117 0.187107
vt 0.171154 0.203623
vt 0.171154 0.203623
vt 0.157095 0.210523
vt 0.148948 0.194032
vt 0.163117 0.187107
vt 0.176319 0.180860
vt 0.183803 0.197219
vt 0.183803 0.197219
vt 0.171154 0.203623
vt 0.163117 0.187107
vt 0.808782 0.186836
vt 0.822925 0.193709
vt 0.814858 0.210164
vt 0.814858 0.210164
vt 0.800797 0.203340
vt 0.808782 0.186836
vt 0.822925 0.193709
vt 0.835945 0.200241
vt 0.827678 0.216189
vt 0.827678 0.216189
vt 0.814858 0.210164
vt 0.822925 0.193709
vt 0.767618 0.168519
vt 0.782145 0.174695
vt 0.774919 0.191579
vt 0.774919 0.191579
vt 0.760474 0.185480
vt 0.767618 0.168519
vt 0.782145 0.174695
vt 0.795498 0.180574
vt 0.788049 0.196911
vt 0.788049 0.196911
vt 0.774919 0.191579
vt 0.782145 0.174695
vt 0.725264 0.152340
vt 0.740212 0.157733
vt 0.733890 0.175077
vt 0.733890 0.175077
vt 0.719061 0.169767
vt 0.725264 0.152340
vt 0.740212 0.157733
vt 0.753950 0.162921
vt 0.747350 0.179711
vt 0.747350 0.179711
vt 0.733890 0.175077
vt 0.740212 0.157733
vt 0.681791 0.138614
vt 0.697110 0.143116
vt 0.691809 0.160882
vt 0.691809 0.160882
vt 0.676638 0.156452
vt 0.681791 0.138614
vt 0.697110 0.143116
vt 0.711210 0.147508
vt 0.705571 0.164736
vt 0.705571 0.164736
vt 0.691809 0.160882
vt 0.697110 0.143116
vt 0.637402 0.127578
vt 0.653016 0.131120
vt 0.648820 0.149228
vt 0.648820 0.149228
vt 0.633371 0.145741
vt 0.637402 0.127578
vt 0.653016 0.131120
vt 0.667408 0.134639
vt 0.662827 0.152236
vt 0.662827 0.152236
vt 0.648820 0.149228
vt 0.653016 0.131120
vt 0.592330 0.119364
vt 0.608157 0.121909
vt 0.605114 0.140270
vt 0.605114 0.140270
vt 0.589460 0.137765
vt 0.592330 0.119364
vt 0.608157 0.121909
vt 0.622767 0.124512
vt 0.619301 0.142393
vt 0.619301 0.142393
vt 0.605114 0.140270
vt 0.608157 0.121909
vt 0.546794 0.114040
vt 0.562759 0.115569
vt 0.560893 0.134097
vt 0.560893 0.134097
vt 0.545104 0.132593
vt 0.546794 0.114040
vt 0.562759 0.115569
vt 0.577515 0.117236
vt 0.575195 0.135315
vt 0.575195 0.135315
vt 0.560893 0.134097
vt 0.562759 0.115569
vt 0.654468 0.542022
vt 0.661710 0.542257
vt 0.654675 0.636698
vt 0.654675 0.636698
vt 0.647304 0.542259
vt 0.654468 0.542022
vt 0.640182 0.542961
vt 0.647304 0.542259
vt 0.654675 0.636698
vt 0.654675 0.636698
vt 0.633034 0.544143
vt 0.640182 0.542961
vt 0.668832 0.542958
vt 0.675905 0.544123
vt 0.654675 0.636698
vt 0.654675 0.636698
vt 0.661710 0.542257
vt 0.668832 0.542958
vt 0.626054 0.545773
vt 0.633034 0.544143
vt 0.654675 0.636698
vt 0.654675 0.636698
vt 0.619206 0.547851
vt 0.626054 0.545773
vt 0.612425 0.550405
vt 0.619206 0.547851
vt 0.654675 0.636698
vt 0.654675 0.636698
vt 0.605897 0.553366
vt 0.612425 0.550405
vt 0.599586 0.556740
vt 0.605897 0.553366
vt 0.654675 0.636698
vt 0.654675 0.636698
vt 0.593434 0.560567
vt 0.599586 0.556740
vt 0.587609 0.564745
vt 0.593434 0.560567
vt 0.654675 0.636698
vt 0.654675 0.636698
vt 0.582078 0.569285
vt 0.587609 0.564745
vt 0.576791 0.574240
vt 0.582078 0.569285
vt 0.654675 0.636698
vt 0.654675 0.636698
vt 0.571892 0.579473
vt 0.576791 0.574240
vt 0.567353 0.585006
vt 0.571892 0.579473
vt 0.654675 0.636698
vt 0.654675 0.636698
vt 0.563134 0.590896
vt 0.567353 0.585006
vt 0.559351 0.596984
vt 0.563134 0.590896
vt 0.654675 0.636698
vt 0.654675 0.636698
vt 0.555978 0.603296
vt 0.559351 0.596984
vt 0.552989 0.609896
vt 0.555978 0.603296
vt 0.654675 0.636698
vt 0.654675 0.636698
vt 0.550467 0.616606
vt 0.552989 0.609896
vt 0.548390 0.623454
vt 0.550467 0.616606
vt 0.654675 0.636698
vt 0.654675 0.636698
vt 0.546746 0.630511
vt 0.548390 0.623454
vt 0.545581 0.637584
vt 0.546746 0.630511
vt 0.654675 0.636698
vt 0.654675 0.636698
vt 0.544880 0.644705
vt 0.545581 0.637584
vt 0.763458 0.637558
vt 0.764160 0.644680
vt 0.654675 0.636698
vt 0.654675 0.636698
vt 0.762276 0.630409
vt 0.763458 0.637558
vt 0.760645 0.623429
vt 0.762276 0.630409
vt 0.654675 0.636698
vt 0.654675 0.636698
vt 0.758567 0.616581
vt 0.760645 0.623429
vt 0.756013 0.609800
vt 0.758567 0.616581
vt 0.654675 0.636698
vt 0.654675 0.636698
vt 0.753052 0.603272
vt 0.756013 0.609800
vt 0.749677 0.596962
vt 0.753052 0.603272
vt 0.654675 0.636698
vt 0.654675 0.636698
vt 0.745849 0.590809
vt 0.749677 0.596962
vt 0.741672 0.584985
vt 0.745849 0.590809
vt 0.654675 0.636698
vt 0.654675 0.636698
vt 0.737131 0.579453
vt 0.741672 0.584985
vt 0.732177 0.574166
vt 0.737131 0.579453
vt 0.654675 0.636698
vt 0.654675 0.636698
vt 0.726943 0.569268
vt 0.732177 0.574166
vt 0.721411 0.564729
vt 0.726943 0.569268
vt 0.654675 0.636698
vt 0.654675 0.636698
vt 0.715520 0.560510
vt 0.721411 0.564729
vt 0.709432 0.556727
vt 0.715520 0.560510
vt 0.654675 0.636698
vt 0.654675 0.636698
vt 0.703120 0.553354
vt 0.709432 0.556727
vt 0.696519 0.550365
vt 0.703120 0.553354
vt 0.654675 0.636698
vt 0.654675 0.636698
vt 0.689810 0.547843
vt 0.696519 0.550365
vt 0.682961 0.545766
vt 0.689810 0.547843
vt 0.654675 0.636698
vt 0.654675 0.636698
vt 0.675905 0.544123
vt 0.682961 0.545766
vt 0.263838 0.469403
vt 0.272931 0.463488
vt 0.275198 0.466966
vt 0.275198 0.466966
vt 0.266084 0.472879
vt 0.263838 0.469403
vt 0.272931 0.463488
vt 0.263838 0.469403
vt 0.261559 0.465875
vt 0.261559 0.465875
vt 0.270620 0.459962
vt 0.272931 0.463488
vt 0.269219 0.457848
vt 0.270286 0.459460
vt 0.261236 0.465368
vt 0.261236 0.465368
vt 0.260195 0.463744
vt 0.269219 0.457848
vt 0.248418 0.426963
vt 0.240054 0.432433
vt 0.218145 0.397644
vt 0.218145 0.397644
vt 0.226577 0.392423
vt 0.248418 0.426963
vt 0.192578 0.354220
vt 0.201375 0.349196
vt 0.226577 0.392423
vt 0.226577 0.392423
vt 0.218145 0.397644
vt 0.192578 0.354220
vt 0.201375 0.349196
vt 0.192578 0.354220
vt 0.164361 0.302459
vt 0.164361 0.302459
vt 0.173516 0.297575
vt 0.201375 0.349196
vt 0.130035 0.236615
vt 0.139692 0.231563
vt 0.173516 0.297575
vt 0.173516 0.297575
vt 0.164361 0.302459
vt 0.130035 0.236615
vt 0.116559 0.187139
vt 0.126304 0.205735
vt 0.116309 0.210974
vt 0.116309 0.210974
vt 0.106524 0.192377
vt 0.116559 0.187139
vt 0.126860 0.231289
vt 0.137107 0.225854
vt 0.139692 0.231563
vt 0.139692 0.231563
vt 0.130035 0.236615
vt 0.126860 0.231289
vt 0.544605 0.662206
vt 0.544598 0.672935
vt 0.526852 0.672923
vt 0.526852 0.672923
vt 0.526859 0.662194
vt 0.544605 0.662206
vt 0.256883 0.478797
vt 0.254643 0.475317
vt 0.263838 0.469403
vt 0.263838 0.469403
vt 0.266084 0.472879
vt 0.256883 0.478797
vt 0.254643 0.475317
vt 0.252320 0.471794
vt 0.261559 0.465875
vt 0.261559 0.465875
vt 0.263838 0.469403
vt 0.254643 0.475317
vt 0.240054 0.432433
vt 0.260195 0.463744
vt 0.251664 0.468950
vt 0.251664 0.468950
vt 0.230947 0.437479
vt 0.240054 0.432433
vt 0.230947 0.437479
vt 0.209107 0.402481
vt 0.218145 0.397644
vt 0.218145 0.397644
vt 0.240054 0.432433
vt 0.230947 0.437479
vt 0.209107 0.402481
vt 0.183467 0.358867
vt 0.192578 0.354220
vt 0.192578 0.354220
vt 0.218145 0.397644
vt 0.209107 0.402481
vt 0.183467 0.358867
vt 0.155107 0.307140
vt 0.164361 0.302459
vt 0.164361 0.302459
vt 0.192578 0.354220
vt 0.183467 0.358867
vt 0.155107 0.307140
vt 0.121047 0.242090
vt 0.130035 0.236615
vt 0.130035 0.236615
vt 0.164361 0.302459
vt 0.155107 0.307140
vt 0.096362 0.197727
vt 0.093407 0.191986
vt 0.103529 0.186666
vt 0.103529 0.186666
vt 0.106524 0.192377
vt 0.096362 0.197727
vt 0.121047 0.242090
vt 0.118318 0.237462
vt 0.126860 0.231289
vt 0.126860 0.231289
vt 0.130035 0.236615
vt 0.121047 0.242090
vt 0.544590 0.684260
vt 0.526845 0.683786
vt 0.526852 0.672923
vt 0.526852 0.672923
vt 0.544598 0.672935
vt 0.544590 0.684260
vt 0.275198 0.466966
vt 0.272931 0.463488
vt 0.281677 0.457752
vt 0.281677 0.457752
vt 0.283936 0.461258
vt 0.275198 0.466966
vt 0.272931 0.463488
vt 0.270620 0.459962
vt 0.279342 0.454178
vt 0.279342 0.454178
vt 0.281677 0.457752
vt 0.272931 0.463488
vt 0.248418 0.426963
vt 0.256361 0.421094
vt 0.277101 0.452321
vt 0.277101 0.452321
vt 0.269219 0.457848
vt 0.248418 0.426963
vt 0.248418 0.426963
vt 0.226577 0.392423
vt 0.234579 0.386964
vt 0.234579 0.386964
vt 0.256361 0.421094
vt 0.248418 0.426963
vt 0.226577 0.392423
vt 0.201375 0.349196
vt 0.209677 0.344086
vt 0.209677 0.344086
vt 0.234579 0.386964
vt 0.226577 0.392423
vt 0.201375 0.349196
vt 0.173516 0.297575
vt 0.182424 0.292682
vt 0.182424 0.292682
vt 0.209677 0.344086
vt 0.201375 0.349196
vt 0.173516 0.297575
vt 0.139692 0.231563
vt 0.149263 0.227445
vt 0.149263 0.227445
vt 0.182424 0.292682
vt 0.173516 0.297575
vt 0.144239 0.216667
vt 0.144977 0.217986
vt 0.135952 0.223745
vt 0.135952 0.223745
vt 0.134926 0.221999
vt 0.144239 0.216667
vt 0.139692 0.231563
vt 0.137107 0.225854
vt 0.146958 0.222532
vt 0.146958 0.222532
vt 0.149263 0.227445
vt 0.139692 0.231563
vt 0.544605 0.662206
vt 0.526859 0.662194
vt 0.526849 0.651966
vt 0.526849 0.651966
vt 0.544628 0.652216
vt 0.544605 0.662206
vt 0.278979 0.453629
vt 0.277101 0.452321
vt 0.278635 0.451363
vt 0.256361 0.421094
vt 0.234579 0.386964
vt 0.235974 0.386190
vt 0.235974 0.386190
vt 0.257618 0.420396
vt 0.256361 0.421094
vt 0.211040 0.343368
vt 0.235974 0.386190
vt 0.234579 0.386964
vt 0.234579 0.386964
vt 0.209677 0.344086
vt 0.211040 0.343368
vt 0.209677 0.344086
vt 0.182424 0.292682
vt 0.183625 0.292083
vt 0.183625 0.292083
vt 0.211040 0.343368
vt 0.209677 0.344086
vt 0.150558 0.226804
vt 0.183625 0.292083
vt 0.182424 0.292682
vt 0.182424 0.292682
vt 0.149263 0.227445
vt 0.150558 0.226804
vt 0.149263 0.227445
vt 0.146958 0.222532
vt 0.147917 0.222089
vt 0.147917 0.222089
vt 0.150558 0.226804
vt 0.149263 0.227445
vt 0.261236 0.465368
vt 0.270286 0.459460
vt 0.270620 0.459962
vt 0.270620 0.459962
vt 0.261559 0.465875
vt 0.261236 0.465368
vt 0.251964 0.471246
vt 0.261236 0.465368
vt 0.261559 0.465875
vt 0.261559 0.465875
vt 0.252320 0.471794
vt 0.251964 0.471246
vt 0.270286 0.459460
vt 0.278979 0.453629
vt 0.279342 0.454178
vt 0.279342 0.454178
vt 0.270620 0.459962
vt 0.270286 0.459460
vt 0.125897 0.229657
vt 0.126515 0.230809
vt 0.118291 0.237442
vt 0.118291 0.237442
vt 0.115794 0.233650
vt 0.125897 0.229657
vt 0.136314 0.224326
vt 0.136875 0.225244
vt 0.126515 0.230809
vt 0.126515 0.230809
vt 0.125897 0.229657
vt 0.136314 0.224326
vt 0.145088 0.218150
vt 0.146953 0.222476
vt 0.136875 0.225244
vt 0.136875 0.225244
vt 0.136314 0.224326
vt 0.145088 0.218150
vt 0.146953 0.222476
vt 0.145088 0.218150
vt 0.147854 0.222095
vt 0.135952 0.223745
vt 0.125644 0.229077
vt 0.124803 0.227290
vt 0.124803 0.227290
vt 0.134926 0.221999
vt 0.135952 0.223745
vt 0.125644 0.229077
vt 0.115695 0.233456
vt 0.114960 0.232104
vt 0.114960 0.232104
vt 0.124803 0.227290
vt 0.125644 0.229077
vt 0.113585 0.181441
vt 0.123173 0.176488
vt 0.126110 0.182178
vt 0.126110 0.182178
vt 0.116559 0.187139
vt 0.113585 0.181441
vt 0.080158 0.141664
vt 0.090645 0.136180
vt 0.101882 0.158413
vt 0.101882 0.158413
vt 0.091583 0.163669
vt 0.080158 0.141664
vt 0.081019 0.169199
vt 0.069448 0.147364
vt 0.080158 0.141664
vt 0.080158 0.141664
vt 0.091583 0.163669
vt 0.081019 0.169199
vt 0.088896 0.108353
vt 0.100599 0.131112
vt 0.090645 0.136180
vt 0.090645 0.136180
vt 0.078854 0.113934
vt 0.088896 0.108353
vt 0.068338 0.119622
vt 0.078854 0.113934
vt 0.090645 0.136180
vt 0.090645 0.136180
vt 0.080158 0.141664
vt 0.068338 0.119622
vt 0.057890 0.125228
vt 0.068338 0.119622
vt 0.080158 0.141664
vt 0.080158 0.141664
vt 0.069448 0.147364
vt 0.057890 0.125228
vt 0.111638 0.153710
vt 0.101882 0.158413
vt 0.090645 0.136180
vt 0.090645 0.136180
vt 0.100599 0.131112
vt 0.111638 0.153710
vt 0.111419 0.177254
vt 0.101336 0.182469
vt 0.099047 0.178074
vt 0.099047 0.178074
vt 0.109171 0.172864
vt 0.111419 0.177254
vt 0.101336 0.182469
vt 0.091193 0.187792
vt 0.088838 0.183424
vt 0.088838 0.183424
vt 0.099047 0.178074
vt 0.101336 0.182469
vt 0.121031 0.172346
vt 0.111419 0.177254
vt 0.109171 0.172864
vt 0.109171 0.172864
vt 0.118802 0.168016
vt 0.121031 0.172346
vt 0.248418 0.426963
vt 0.269219 0.457848
vt 0.260195 0.463744
vt 0.260195 0.463744
vt 0.240054 0.432433
vt 0.248418 0.426963
vt 0.251964 0.471246
vt 0.251664 0.468950
vt 0.260195 0.463744
vt 0.260195 0.463744
vt 0.261236 0.465368
vt 0.251964 0.471246
vt 0.270286 0.459460
vt 0.269219 0.457848
vt 0.277101 0.452321
vt 0.277101 0.452321
vt 0.278979 0.453629
vt 0.270286 0.459460
vt 0.257618 0.420396
vt 0.278635 0.451363
vt 0.277101 0.452321
vt 0.277101 0.452321
vt 0.256361 0.421094
vt 0.257618 0.420396
vt 0.266084 0.472879
vt 0.275198 0.466966
vt 0.276274 0.468624
vt 0.276274 0.468624
vt 0.267153 0.474533
vt 0.266084 0.472879
vt 0.256883 0.478797
vt 0.266084 0.472879
vt 0.267153 0.474533
vt 0.267153 0.474533
vt 0.257912 0.480473
vt 0.256883 0.478797
vt 0.275198 0.466966
vt 0.283936 0.461258
vt 0.284992 0.462941
vt 0.284992 0.462941
vt 0.276274 0.468624
vt 0.275198 0.466966
vt 0.137107 0.225854
vt 0.126860 0.231289
vt 0.126515 0.230809
vt 0.126515 0.230809
vt 0.136875 0.225244
vt 0.137107 0.225854
vt 0.126860 0.231289
vt 0.118318 0.237462
vt 0.118291 0.237442
vt 0.118291 0.237442
vt 0.126515 0.230809
vt 0.126860 0.231289
vt 0.146958 0.222532
vt 0.137107 0.225854
vt 0.136875 0.225244
vt 0.136875 0.225244
vt 0.146953 0.222476
vt 0.146958 0.222532
vt 0.147917 0.222089
vt 0.146958 0.222532
vt 0.146953 0.222476
vt 0.146953 0.222476
vt 0.147854 0.222095
vt 0.147917 0.222089
vt 0.135952 0.223745
vt 0.144977 0.217986
vt 0.145088 0.218150
vt 0.145088 0.218150
vt 0.136314 0.224326
vt 0.135952 0.223745
vt 0.125897 0.229657
vt 0.115794 0.233650
vt 0.115695 0.233456
vt 0.115695 0.233456
vt 0.125644 0.229077
vt 0.125897 0.229657
vt 0.136314 0.224326
vt 0.125897 0.229657
vt 0.125644 0.229077
vt 0.125644 0.229077
vt 0.135952 0.223745
vt 0.136314 0.224326
vt 0.113585 0.181441
vt 0.116559 0.187139
vt 0.106524 0.192377
vt 0.106524 0.192377
vt 0.103529 0.186666
vt 0.113585 0.181441
vt 0.106243 0.216250
vt 0.096362 0.197727
vt 0.106524 0.192377
vt 0.106524 0.192377
vt 0.116309 0.210974
vt 0.106243 0.216250
vt 0.116559 0.187139
vt 0.126110 0.182178
vt 0.135824 0.200691
vt 0.135824 0.200691
vt 0.126304 0.205735
vt 0.116559 0.187139
vt 0.104479 0.163572
vt 0.107070 0.168718
vt 0.096897 0.173933
vt 0.096897 0.173933
vt 0.094241 0.168804
vt 0.104479 0.163572
vt 0.094241 0.168804
vt 0.096897 0.173933
vt 0.086569 0.179338
vt 0.086569 0.179338
vt 0.083770 0.174282
vt 0.094241 0.168804
vt 0.114136 0.158762
vt 0.116710 0.163913
vt 0.107070 0.168718
vt 0.107070 0.168718
vt 0.104479 0.163572
vt 0.114136 0.158762
vt 0.113585 0.181441
vt 0.103529 0.186666
vt 0.101336 0.182469
vt 0.101336 0.182469
vt 0.111419 0.177254
vt 0.113585 0.181441
vt 0.103529 0.186666
vt 0.093407 0.191986
vt 0.091193 0.187792
vt 0.091193 0.187792
vt 0.101336 0.182469
vt 0.103529 0.186666
vt 0.123173 0.176488
vt 0.113585 0.181441
vt 0.111419 0.177254
vt 0.111419 0.177254
vt 0.121031 0.172346
vt 0.123173 0.176488
vt 0.091583 0.163669
vt 0.101882 0.158413
vt 0.104479 0.163572
vt 0.104479 0.163572
vt 0.094241 0.168804
vt 0.091583 0.163669
vt 0.081019 0.169199
vt 0.091583 0.163669
vt 0.094241 0.168804
vt 0.094241 0.168804
vt 0.083770 0.174282
vt 0.081019 0.169199
vt 0.101882 0.158413
vt 0.111638 0.153710
vt 0.114136 0.158762
vt 0.114136 0.158762
vt 0.104479 0.163572
vt 0.101882 0.158413
vt 0.109171 0.172864
vt 0.099047 0.178074
vt 0.096897 0.173933
vt 0.096897 0.173933
vt 0.107070 0.168718
vt 0.109171 0.172864
vt 0.099047 0.178074
vt 0.088838 0.183424
vt 0.086569 0.179338
vt 0.086569 0.179338
vt 0.096897 0.173933
vt 0.099047 0.178074
vt 0.118802 0.168016
vt 0.109171 0.172864
vt 0.107070 0.168718
vt 0.107070 0.168718
vt 0.116710 0.163913
vt 0.118802 0.168016
vt 0.135824 0.200691
vt 0.144239 0.216667
vt 0.134926 0.221999
vt 0.134926 0.221999
vt 0.126304 0.205735
vt 0.135824 0.200691
vt 0.126304 0.205735
vt 0.134926 0.221999
vt 0.124803 0.227290
vt 0.124803 0.227290
vt 0.116309 0.210974
vt 0.126304 0.205735
vt 0.116309 0.210974
vt 0.124803 0.227290
vt 0.114960 0.232104
vt 0.114960 0.232104
vt 0.106243 0.216250
vt 0.116309 0.210974
vt 0.236934 0.486845
vt 0.245966 0.480976
vt 0.248210 0.484429
vt 0.248210 0.484429
vt 0.239170 0.490287
vt 0.236934 0.486845
vt 0.245966 0.480976
vt 0.236934 0.486845
vt 0.234659 0.483344
vt 0.234659 0.483344
vt 0.243678 0.477472
vt 0.245966 0.480976
vt 0.242288 0.475365
vt 0.243346 0.476971
vt 0.234333 0.482841
vt 0.234333 0.482841
vt 0.233291 0.481228
vt 0.242288 0.475365
vt 0.221534 0.444187
vt 0.213027 0.449715
vt 0.190830 0.414235
vt 0.190830 0.414235
vt 0.199442 0.408908
vt 0.221534 0.444187
vt 0.164692 0.370067
vt 0.173615 0.364907
vt 0.199442 0.408908
vt 0.199442 0.408908
vt 0.190830 0.414235
vt 0.164692 0.370067
vt 0.173615 0.364907
vt 0.164692 0.370067
vt 0.135722 0.317848
vt 0.135722 0.317848
vt 0.144915 0.312832
vt 0.173615 0.364907
vt 0.100693 0.252095
vt 0.110276 0.246972
vt 0.144915 0.312832
vt 0.144915 0.312832
vt 0.135722 0.317848
vt 0.100693 0.252095
vt 0.086845 0.202799
vt 0.096777 0.221321
vt 0.086846 0.226639
vt 0.086846 0.226639
vt 0.076863 0.208179
vt 0.086845 0.202799
vt 0.097494 0.246811
vt 0.107657 0.241317
vt 0.110276 0.246972
vt 0.110276 0.246972
vt 0.100693 0.252095
vt 0.097494 0.246811
vt 0.544584 0.694007
vt 0.544577 0.704736
vt 0.526831 0.704724
vt 0.526831 0.704724
vt 0.526838 0.693995
vt 0.544584 0.694007
vt 0.230084 0.496190
vt 0.227834 0.492754
vt 0.236934 0.486845
vt 0.236934 0.486845
vt 0.239170 0.490287
vt 0.230084 0.496190
vt 0.227834 0.492754
vt 0.225496 0.489267
vt 0.234659 0.483344
vt 0.234659 0.483344
vt 0.236934 0.486845
vt 0.227834 0.492754
vt 0.213027 0.449715
vt 0.233291 0.481228
vt 0.224807 0.486450
vt 0.224807 0.486450
vt 0.203778 0.454844
vt 0.213027 0.449715
vt 0.203778 0.454844
vt 0.181611 0.419168
vt 0.190830 0.414235
vt 0.190830 0.414235
vt 0.213027 0.449715
vt 0.203778 0.454844
vt 0.181611 0.419168
vt 0.155452 0.374832
vt 0.164692 0.370067
vt 0.164692 0.370067
vt 0.190830 0.414235
vt 0.181611 0.419168
vt 0.155452 0.374832
vt 0.126422 0.322646
vt 0.135722 0.317848
vt 0.135722 0.317848
vt 0.164692 0.370067
vt 0.155452 0.374832
vt 0.126422 0.322646
vt 0.091759 0.257621
vt 0.100693 0.252095
vt 0.100693 0.252095
vt 0.135722 0.317848
vt 0.126422 0.322646
vt 0.066796 0.213675
vt 0.063751 0.207995
vt 0.073782 0.202507
vt 0.073782 0.202507
vt 0.076863 0.208179
vt 0.066796 0.213675
vt 0.091759 0.257621
vt 0.089021 0.253016
vt 0.097494 0.246811
vt 0.097494 0.246811
vt 0.100693 0.252095
vt 0.091759 0.257621
vt 0.544569 0.716061
vt 0.526824 0.715588
vt 0.526831 0.704724
vt 0.526831 0.704724
vt 0.544577 0.704736
vt 0.544569 0.716061
vt 0.248210 0.484429
vt 0.245966 0.480976
vt 0.254643 0.475317
vt 0.254643 0.475317
vt 0.256883 0.478797
vt 0.248210 0.484429
vt 0.245966 0.480976
vt 0.243678 0.477472
vt 0.252320 0.471794
vt 0.252320 0.471794
vt 0.254643 0.475317
vt 0.245966 0.480976
vt 0.221534 0.444187
vt 0.229638 0.438280
vt 0.250154 0.469921
vt 0.250154 0.469921
vt 0.242288 0.475365
vt 0.221534 0.444187
vt 0.221534 0.444187
vt 0.199442 0.408908
vt 0.207629 0.403334
vt 0.207629 0.403334
vt 0.229638 0.438280
vt 0.221534 0.444187
vt 0.199442 0.408908
vt 0.173615 0.364907
vt 0.182038 0.359649
vt 0.182038 0.359649
vt 0.207629 0.403334
vt 0.199442 0.408908
vt 0.173615 0.364907
vt 0.144915 0.312832
vt 0.153855 0.307794
vt 0.153855 0.307794
vt 0.182038 0.359649
vt 0.173615 0.364907
vt 0.144915 0.312832
vt 0.110276 0.246972
vt 0.119756 0.242758
vt 0.119756 0.242758
vt 0.153855 0.307794
vt 0.144915 0.312832
vt 0.114960 0.232104
vt 0.115695 0.233456
vt 0.106519 0.239249
vt 0.106519 0.239249
vt 0.105502 0.237518
vt 0.114960 0.232104
vt 0.110276 0.246972
vt 0.107657 0.241317
vt 0.117404 0.237911
vt 0.117404 0.237911
vt 0.119756 0.242758
vt 0.110276 0.246972
vt 0.544584 0.694007
vt 0.526838 0.693995
vt 0.526845 0.683786
vt 0.526845 0.683786
vt 0.544590 0.684260
vt 0.544584 0.694007
vt 0.251964 0.471246
vt 0.250154 0.469921
vt 0.251664 0.468950
vt 0.229638 0.438280
vt 0.207629 0.403334
vt 0.209107 0.402481
vt 0.209107 0.402481
vt 0.230947 0.437479
vt 0.229638 0.438280
vt 0.183467 0.358867
vt 0.209107 0.402481
vt 0.207629 0.403334
vt 0.207629 0.403334
vt 0.182038 0.359649
vt 0.183467 0.358867
vt 0.182038 0.359649
vt 0.153855 0.307794
vt 0.155107 0.307140
vt 0.155107 0.307140
vt 0.183467 0.358867
vt 0.182038 0.359649
vt 0.121047 0.242090
vt 0.155107 0.307140
vt 0.153855 0.307794
vt 0.153855 0.307794
vt 0.119756 0.242758
vt 0.121047 0.242090
vt 0.119756 0.242758
vt 0.117404 0.237911
vt 0.118318 0.237462
vt 0.118318 0.237462
vt 0.121047 0.242090
vt 0.119756 0.242758
vt 0.234333 0.482841
vt 0.243346 0.476971
vt 0.243678 0.477472
vt 0.243678 0.477472
vt 0.234659 0.483344
vt 0.234333 0.482841
vt 0.225135 0.488721
vt 0.234333 0.482841
vt 0.234659 0.483344
vt 0.234659 0.483344
vt 0.225496 0.489267
vt 0.225135 0.488721
vt 0.243346 0.476971
vt 0.251964 0.471246
vt 0.252320 0.471794
vt 0.252320 0.471794
vt 0.243678 0.477472
vt 0.243346 0.476971
vt 0.096529 0.245195
vt 0.097149 0.246337
vt 0.088997 0.252995
vt 0.088997 0.252995
vt 0.086493 0.249230
vt 0.096529 0.245195
vt 0.106873 0.239815
vt 0.107429 0.240715
vt 0.097149 0.246337
vt 0.097149 0.246337
vt 0.096529 0.245195
vt 0.106873 0.239815
vt 0.115794 0.233650
vt 0.117415 0.237858
vt 0.107429 0.240715
vt 0.107429 0.240715
vt 0.106873 0.239815
vt 0.115794 0.233650
vt 0.117415 0.237858
vt 0.115794 0.233650
vt 0.118291 0.237442
vt 0.106519 0.239249
vt 0.096275 0.244620
vt 0.095429 0.242845
vt 0.095429 0.242845
vt 0.105502 0.237518
vt 0.106519 0.239249
vt 0.096275 0.244620
vt 0.086396 0.249037
vt 0.085658 0.247695
vt 0.085658 0.247695
vt 0.095429 0.242845
vt 0.096275 0.244620
vt 0.083792 0.197107
vt 0.093407 0.191986
vt 0.096362 0.197727
vt 0.096362 0.197727
vt 0.086845 0.202799
vt 0.083792 0.197107
vt 0.049601 0.158136
vt 0.059845 0.152546
vt 0.071530 0.174255
vt 0.071530 0.174255
vt 0.061388 0.179741
vt 0.049601 0.158136
vt 0.050956 0.185463
vt 0.039079 0.163935
vt 0.049601 0.158136
vt 0.049601 0.158136
vt 0.061388 0.179741
vt 0.050956 0.185463
vt 0.057890 0.125228
vt 0.069448 0.147364
vt 0.059845 0.152546
vt 0.059845 0.152546
vt 0.047975 0.130853
vt 0.057890 0.125228
vt 0.037689 0.136534
vt 0.047975 0.130853
vt 0.059845 0.152546
vt 0.059845 0.152546
vt 0.049601 0.158136
vt 0.037689 0.136534
vt 0.027423 0.142137
vt 0.037689 0.136534
vt 0.049601 0.158136
vt 0.049601 0.158136
vt 0.039079 0.163935
vt 0.027423 0.142137
vt 0.081019 0.169199
vt 0.071530 0.174255
vt 0.059845 0.152546
vt 0.059845 0.152546
vt 0.069448 0.147364
vt 0.081019 0.169199
vt 0.081549 0.192927
vt 0.071516 0.198342
vt 0.069143 0.193983
vt 0.069143 0.193983
vt 0.079202 0.188552
vt 0.081549 0.192927
vt 0.071516 0.198342
vt 0.061464 0.203846
vt 0.059029 0.199524
vt 0.059029 0.199524
vt 0.069143 0.193983
vt 0.071516 0.198342
vt 0.091193 0.187792
vt 0.081549 0.192927
vt 0.079202 0.188552
vt 0.079202 0.188552
vt 0.088838 0.183424
vt 0.091193 0.187792
vt 0.221534 0.444187
vt 0.242288 0.475365
vt 0.233291 0.481228
vt 0.233291 0.481228
vt 0.213027 0.449715
vt 0.221534 0.444187
vt 0.225135 0.488721
vt 0.224807 0.486450
vt 0.233291 0.481228
vt 0.233291 0.481228
vt 0.234333 0.482841
vt 0.225135 0.488721
vt 0.243346 0.476971
vt 0.242288 0.475365
vt 0.250154 0.469921
vt 0.250154 0.469921
vt 0.251964 0.471246
vt 0.243346 0.476971
vt 0.230947 0.437479
vt 0.251664 0.468950
vt 0.250154 0.469921
vt 0.250154 0.469921
vt 0.229638 0.438280
vt 0.230947 0.437479
vt 0.239170 0.490287
vt 0.248210 0.484429
vt 0.249276 0.486072
vt 0.249276 0.486072
vt 0.240232 0.491925
vt 0.239170 0.490287
vt 0.230084 0.496190
vt 0.239170 0.490287
vt 0.240232 0.491925
vt 0.240232 0.491925
vt 0.231117 0.497842
vt 0.230084 0.496190
vt 0.248210 0.484429
vt 0.256883 0.478797
vt 0.257912 0.480473
vt 0.257912 0.480473
vt 0.249276 0.486072
vt 0.248210 0.484429
vt 0.107657 0.241317
vt 0.097494 0.246811
vt 0.097149 0.246337
vt 0.097149 0.246337
vt 0.107429 0.240715
vt 0.107657 0.241317
vt 0.097494 0.246811
vt 0.089021 0.253016
vt 0.088997 0.252995
vt 0.088997 0.252995
vt 0.097149 0.246337
vt 0.097494 0.246811
vt 0.117404 0.237911
vt 0.107657 0.241317
vt 0.107429 0.240715
vt 0.107429 0.240715
vt 0.117415 0.237858
vt 0.117404 0.237911
vt 0.118318 0.237462
vt 0.117404 0.237911
vt 0.117415 0.237858
vt 0.117415 0.237858
vt 0.118291 0.237442
vt 0.118318 0.237462
vt 0.106519 0.239249
vt 0.115695 0.233456
vt 0.115794 0.233650
vt 0.115794 0.233650
vt 0.106873 0.239815
vt 0.106519 0.239249
vt 0.096529 0.245195
vt 0.086493 0.249230
vt 0.086396 0.249037
vt 0.086396 0.249037
vt 0.096275 0.244620
vt 0.096529 0.245195
vt 0.106873 0.239815
vt 0.096529 0.245195
vt 0.096275 0.244620
vt 0.096275 0.244620
vt 0.106519 0.239249
vt 0.106873 0.239815
vt 0.083792 0.197107
vt 0.086845 0.202799
vt 0.076863 0.208179
vt 0.076863 0.208179
vt 0.073782 0.202507
vt 0.083792 0.197107
vt 0.076876 0.231992
vt 0.066796 0.213675
vt 0.076863 0.208179
vt 0.076863 0.208179
vt 0.086846 0.226639
vt 0.076876 0.231992
vt 0.086845 0.202799
vt 0.096362 0.197727
vt 0.106243 0.216250
vt 0.106243 0.216250
vt 0.096777 0.221321
vt 0.086845 0.202799
vt 0.074261 0.179344
vt 0.076993 0.184435
vt 0.066910 0.189881
vt 0.066910 0.189881
vt 0.064148 0.184810
vt 0.074261 0.179344
vt 0.064148 0.184810
vt 0.066910 0.189881
vt 0.056685 0.195485
vt 0.056685 0.195485
vt 0.053795 0.190486
vt 0.064148 0.184810
vt 0.083770 0.174282
vt 0.086569 0.179338
vt 0.076993 0.184435
vt 0.076993 0.184435
vt 0.074261 0.179344
vt 0.083770 0.174282
vt 0.083792 0.197107
vt 0.073782 0.202507
vt 0.071516 0.198342
vt 0.071516 0.198342
vt 0.081549 0.192927
vt 0.083792 0.197107
vt 0.073782 0.202507
vt 0.063751 0.207995
vt 0.061464 0.203846
vt 0.061464 0.203846
vt 0.071516 0.198342
vt 0.073782 0.202507
vt 0.093407 0.191986
vt 0.083792 0.197107
vt 0.081549 0.192927
vt 0.081549 0.192927
vt 0.091193 0.187792
vt 0.093407 0.191986
vt 0.061388 0.179741
vt 0.071530 0.174255
vt 0.074261 0.179344
vt 0.074261 0.179344
vt 0.064148 0.184810
vt 0.061388 0.179741
vt 0.050956 0.185463
vt 0.061388 0.179741
vt 0.064148 0.184810
vt 0.064148 0.184810
vt 0.053795 0.190486
vt 0.050956 0.185463
vt 0.071530 0.174255
vt 0.081019 0.169199
vt 0.083770 0.174282
vt 0.083770 0.174282
vt 0.074261 0.179344
vt 0.071530 0.174255
vt 0.079202 0.188552
vt 0.069143 0.193983
vt 0.066910 0.189881
vt 0.066910 0.189881
vt 0.076993 0.184435
vt 0.079202 0.188552
vt 0.069143 0.193983
vt 0.059029 0.199524
vt 0.056685 0.195485
vt 0.056685 0.195485
vt 0.066910 0.189881
vt 0.069143 0.193983
vt 0.088838 0.183424
vt 0.079202 0.188552
vt 0.076993 0.184435
vt 0.076993 0.184435
vt 0.086569 0.179338
vt 0.088838 0.183424
vt 0.106243 0.216250
vt 0.114960 0.232104
vt 0.105502 0.237518
vt 0.105502 0.237518
vt 0.096777 0.221321
vt 0.106243 0.216250
vt 0.096777 0.221321
vt 0.105502 0.237518
vt 0.095429 0.242845
vt 0.095429 0.242845
vt 0.086846 0.226639
vt 0.096777 0.221321
vt 0.086846 0.226639
vt 0.095429 0.242845
vt 0.085658 0.247695
vt 0.085658 0.247695
vt 0.076876 0.231992
vt 0.086846 0.226639
vt 0.210379 0.504444
vt 0.219278 0.498469
vt 0.221553 0.501871
vt 0.221553 0.501871
vt 0.212654 0.507840
vt 0.210379 0.504444
vt 0.219278 0.498469
vt 0.210379 0.504444
vt 0.208066 0.500993
vt 0.208066 0.500993
vt 0.216958 0.495009
vt 0.219278 0.498469
vt 0.215550 0.492918
vt 0.216623 0.494509
vt 0.207733 0.500495
vt 0.207733 0.500495
vt 0.206668 0.498905
vt 0.215550 0.492918
vt 0.194192 0.461734
vt 0.185536 0.467448
vt 0.162969 0.431134
vt 0.162969 0.431134
vt 0.171746 0.425719
vt 0.194192 0.461734
vt 0.136419 0.386260
vt 0.145460 0.381003
vt 0.171746 0.425719
vt 0.171746 0.425719
vt 0.162969 0.431134
vt 0.136419 0.386260
vt 0.145460 0.381003
vt 0.136419 0.386260
vt 0.106921 0.333567
vt 0.106921 0.333567
vt 0.116170 0.328460
vt 0.145460 0.381003
vt 0.071446 0.267683
vt 0.081037 0.262537
vt 0.116170 0.328460
vt 0.116170 0.328460
vt 0.106921 0.333567
vt 0.071446 0.267683
vt 0.057408 0.218886
vt 0.067535 0.237125
vt 0.057782 0.242490
vt 0.057782 0.242490
vt 0.047620 0.224412
vt 0.057408 0.218886
vt 0.068295 0.262361
vt 0.078423 0.256900
vt 0.081037 0.262537
vt 0.081037 0.262537
vt 0.071446 0.267683
vt 0.068295 0.262361
vt 0.544563 0.725808
vt 0.544556 0.736537
vt 0.526810 0.736526
vt 0.526810 0.736526
vt 0.526817 0.725797
vt 0.544563 0.725808
vt 0.203957 0.513661
vt 0.201682 0.510263
vt 0.210379 0.504444
vt 0.210379 0.504444
vt 0.212654 0.507840
vt 0.203957 0.513661
vt 0.201682 0.510263
vt 0.199370 0.506807
vt 0.208066 0.500993
vt 0.208066 0.500993
vt 0.210379 0.504444
vt 0.201682 0.510263
vt 0.185536 0.467448
vt 0.206668 0.498905
vt 0.197892 0.504593
vt 0.197892 0.504593
vt 0.175677 0.473059
vt 0.185536 0.467448
vt 0.175677 0.473059
vt 0.153155 0.436391
vt 0.162969 0.431134
vt 0.162969 0.431134
vt 0.185536 0.467448
vt 0.175677 0.473059
vt 0.153155 0.436391
vt 0.126625 0.391363
vt 0.136419 0.386260
vt 0.136419 0.386260
vt 0.162969 0.431134
vt 0.153155 0.436391
vt 0.126625 0.391363
vt 0.097115 0.338692
vt 0.106921 0.333567
vt 0.106921 0.333567
vt 0.136419 0.386260
vt 0.126625 0.391363
vt 0.097115 0.338692
vt 0.061980 0.273496
vt 0.071446 0.267683
vt 0.071446 0.267683
vt 0.106921 0.333567
vt 0.097115 0.338692
vt 0.038440 0.229695
vt 0.035243 0.224295
vt 0.044415 0.218875
vt 0.044415 0.218875
vt 0.047620 0.224412
vt 0.038440 0.229695
vt 0.061980 0.273496
vt 0.059041 0.268735
vt 0.068295 0.262361
vt 0.068295 0.262361
vt 0.071446 0.267683
vt 0.061980 0.273496
vt 0.526810 0.736526
vt 0.544556 0.736537
vt 0.544550 0.746967
vt 0.544550 0.746967
vt 0.526804 0.747004
vt 0.526810 0.736526
vt 0.221553 0.501871
vt 0.219278 0.498469
vt 0.227834 0.492754
vt 0.227834 0.492754
vt 0.230084 0.496190
vt 0.221553 0.501871
vt 0.219278 0.498469
vt 0.216958 0.495009
vt 0.225496 0.489267
vt 0.225496 0.489267
vt 0.227834 0.492754
vt 0.219278 0.498469
vt 0.194192 0.461734
vt 0.202422 0.455683
vt 0.223338 0.487412
vt 0.223338 0.487412
vt 0.215550 0.492918
vt 0.194192 0.461734
vt 0.194192 0.461734
vt 0.171746 0.425719
vt 0.180093 0.420043
vt 0.180093 0.420043
vt 0.202422 0.455683
vt 0.194192 0.461734
vt 0.171746 0.425719
vt 0.145460 0.381003
vt 0.153996 0.375637
vt 0.153996 0.375637
vt 0.180093 0.420043
vt 0.171746 0.425719
vt 0.145460 0.381003
vt 0.116170 0.328460
vt 0.125158 0.323322
vt 0.125158 0.323322
vt 0.153996 0.375637
vt 0.145460 0.381003
vt 0.116170 0.328460
vt 0.081037 0.262537
vt 0.090489 0.258283
vt 0.090489 0.258283
vt 0.125158 0.323322
vt 0.116170 0.328460
vt 0.085658 0.247695
vt 0.086396 0.249037
vt 0.077307 0.254842
vt 0.077307 0.254842
vt 0.076296 0.253126
vt 0.085658 0.247695
vt 0.081037 0.262537
vt 0.078423 0.256900
vt 0.088117 0.253466
vt 0.088117 0.253466
vt 0.090489 0.258283
vt 0.081037 0.262537
vt 0.544563 0.725808
vt 0.526817 0.725797
vt 0.526824 0.715588
vt 0.526824 0.715588
vt 0.544569 0.716061
vt 0.544563 0.725808
vt 0.225135 0.488721
vt 0.223338 0.487412
vt 0.224807 0.486450
vt 0.202422 0.455683
vt 0.180093 0.420043
vt 0.181611 0.419168
vt 0.181611 0.419168
vt 0.203778 0.454844
vt 0.202422 0.455683
vt 0.155452 0.374832
vt 0.181611 0.419168
vt 0.180093 0.420043
vt 0.180093 0.420043
vt 0.153996 0.375637
vt 0.155452 0.374832
vt 0.153996 0.375637
vt 0.125158 0.323322
vt 0.126422 0.322646
vt 0.126422 0.322646
vt 0.155452 0.374832
vt 0.153996 0.375637
vt 0.091759 0.257621
vt 0.126422 0.322646
vt 0.125158 0.323322
vt 0.125158 0.323322
vt 0.090489 0.258283
vt 0.091759 0.257621
vt 0.090489 0.258283
vt 0.088117 0.253466
vt 0.089021 0.253016
vt 0.089021 0.253016
vt 0.091759 0.257621
vt 0.090489 0.258283
vt 0.207733 0.500495
vt 0.216623 0.494509
vt 0.216958 0.495009
vt 0.216958 0.495009
vt 0.208066 0.500993
vt 0.207733 0.500495
vt 0.199019 0.506282
vt 0.207733 0.500495
vt 0.208066 0.500993
vt 0.208066 0.500993
vt 0.199370 0.506807
vt 0.199019 0.506282
vt 0.216623 0.494509
vt 0.225135 0.488721
vt 0.225496 0.489267
vt 0.225496 0.489267
vt 0.216958 0.495009
vt 0.216623 0.494509
vt 0.059101 0.268699
vt 0.057895 0.264392
vt 0.067461 0.260833
vt 0.067461 0.260833
vt 0.068013 0.261932
vt 0.059101 0.268699
vt 0.077653 0.255407
vt 0.078202 0.256301
vt 0.068013 0.261932
vt 0.068013 0.261932
vt 0.067461 0.260833
vt 0.077653 0.255407
vt 0.086493 0.249230
vt 0.088127 0.253411
vt 0.078202 0.256301
vt 0.078202 0.256301
vt 0.077653 0.255407
vt 0.086493 0.249230
vt 0.088127 0.253411
vt 0.086493 0.249230
vt 0.088997 0.252995
vt 0.077307 0.254842
vt 0.067199 0.260234
vt 0.066356 0.258455
vt 0.066356 0.258455
vt 0.076296 0.253126
vt 0.077307 0.254842
vt 0.067199 0.260234
vt 0.057769 0.264305
vt 0.057057 0.263058
vt 0.057057 0.263058
vt 0.066356 0.258455
vt 0.067199 0.260234
vt 0.054253 0.213280
vt 0.063751 0.207995
vt 0.066796 0.213675
vt 0.066796 0.213675
vt 0.057408 0.218886
vt 0.054253 0.213280
vt 0.019452 0.174876
vt 0.029601 0.169200
vt 0.041566 0.190676
vt 0.041566 0.190676
vt 0.031504 0.196325
vt 0.019452 0.174876
vt 0.027280 0.198724
vt 0.014067 0.177901
vt 0.019452 0.174876
vt 0.019452 0.174876
vt 0.031504 0.196325
vt 0.027280 0.198724
vt 0.027423 0.142137
vt 0.039079 0.163935
vt 0.029601 0.169200
vt 0.029601 0.169200
vt 0.017642 0.147755
vt 0.027423 0.142137
vt 0.007450 0.153434
vt 0.017642 0.147755
vt 0.029601 0.169200
vt 0.029601 0.169200
vt 0.019452 0.174876
vt 0.007450 0.153434
vt 0.002000 0.156376
vt 0.007450 0.153434
vt 0.019452 0.174876
vt 0.019452 0.174876
vt 0.014067 0.177901
vt 0.002000 0.156376
vt 0.050956 0.185463
vt 0.041566 0.190676
vt 0.029601 0.169200
vt 0.029601 0.169200
vt 0.039079 0.163935
vt 0.050956 0.185463
vt 0.051926 0.209157
vt 0.042020 0.214796
vt 0.039477 0.210505
vt 0.039477 0.210505
vt 0.049487 0.204834
vt 0.051926 0.209157
vt 0.042020 0.214796
vt 0.032840 0.220356
vt 0.029407 0.214835
vt 0.029407 0.214835
vt 0.039477 0.210505
vt 0.042020 0.214796
vt 0.061464 0.203846
vt 0.051926 0.209157
vt 0.049487 0.204834
vt 0.049487 0.204834
vt 0.059029 0.199524
vt 0.061464 0.203846
vt 0.194192 0.461734
vt 0.215550 0.492918
vt 0.206668 0.498905
vt 0.206668 0.498905
vt 0.185536 0.467448
vt 0.194192 0.461734
vt 0.199019 0.506282
vt 0.197892 0.504593
vt 0.206668 0.498905
vt 0.206668 0.498905
vt 0.207733 0.500495
vt 0.199019 0.506282
vt 0.216623 0.494509
vt 0.215550 0.492918
vt 0.223338 0.487412
vt 0.223338 0.487412
vt 0.225135 0.488721
vt 0.216623 0.494509
vt 0.203778 0.454844
vt 0.224807 0.486450
vt 0.223338 0.487412
vt 0.223338 0.487412
vt 0.202422 0.455683
vt 0.203778 0.454844
vt 0.212654 0.507840
vt 0.221553 0.501871
vt 0.222633 0.503488
vt 0.222633 0.503488
vt 0.213736 0.509455
vt 0.212654 0.507840
vt 0.203957 0.513661
vt 0.212654 0.507840
vt 0.213736 0.509455
vt 0.213736 0.509455
vt 0.205039 0.515277
vt 0.203957 0.513661
vt 0.221553 0.501871
vt 0.230084 0.496190
vt 0.231117 0.497842
vt 0.231117 0.497842
vt 0.222633 0.503488
vt 0.221553 0.501871
vt 0.078423 0.256900
vt 0.068295 0.262361
vt 0.068013 0.261932
vt 0.068013 0.261932
vt 0.078202 0.256301
vt 0.078423 0.256900
vt 0.068295 0.262361
vt 0.059041 0.268735
vt 0.059101 0.268699
vt 0.059101 0.268699
vt 0.068013 0.261932
vt 0.068295 0.262361
vt 0.088117 0.253466
vt 0.078423 0.256900
vt 0.078202 0.256301
vt 0.078202 0.256301
vt 0.088127 0.253411
vt 0.088117 0.253466
vt 0.089021 0.253016
vt 0.088117 0.253466
vt 0.088127 0.253411
vt 0.088127 0.253411
vt 0.088997 0.252995
vt 0.089021 0.253016
vt 0.077307 0.254842
vt 0.086396 0.249037
vt 0.086493 0.249230
vt 0.086493 0.249230
vt 0.077653 0.255407
vt 0.077307 0.254842
vt 0.067461 0.260833
vt 0.057895 0.264392
vt 0.057769 0.264305
vt 0.057769 0.264305
vt 0.067199 0.260234
vt 0.067461 0.260833
vt 0.077653 0.255407
vt 0.067461 0.260833
vt 0.067199 0.260234
vt 0.067199 0.260234
vt 0.077307 0.254842
vt 0.077653 0.255407
vt 0.054253 0.213280
vt 0.057408 0.218886
vt 0.047620 0.224412
vt 0.047620 0.224412
vt 0.044415 0.218875
vt 0.054253 0.213280
vt 0.048602 0.247549
vt 0.038440 0.229695
vt 0.047620 0.224412
vt 0.047620 0.224412
vt 0.057782 0.242490
vt 0.048602 0.247549
vt 0.057408 0.218886
vt 0.066796 0.213675
vt 0.076876 0.231992
vt 0.076876 0.231992
vt 0.067535 0.237125
vt 0.057408 0.218886
vt 0.044381 0.195714
vt 0.047201 0.200757
vt 0.037188 0.206387
vt 0.037188 0.206387
vt 0.034351 0.201348
vt 0.044381 0.195714
vt 0.034351 0.201348
vt 0.037188 0.206387
vt 0.029936 0.210397
vt 0.029936 0.210397
vt 0.028438 0.204689
vt 0.034351 0.201348
vt 0.053795 0.190486
vt 0.056685 0.195485
vt 0.047201 0.200757
vt 0.047201 0.200757
vt 0.044381 0.195714
vt 0.053795 0.190486
vt 0.054253 0.213280
vt 0.044415 0.218875
vt 0.042020 0.214796
vt 0.042020 0.214796
vt 0.051926 0.209157
vt 0.054253 0.213280
vt 0.044415 0.218875
vt 0.035243 0.224295
vt 0.032840 0.220356
vt 0.032840 0.220356
vt 0.042020 0.214796
vt 0.044415 0.218875
vt 0.063751 0.207995
vt 0.054253 0.213280
vt 0.051926 0.209157
vt 0.051926 0.209157
vt 0.061464 0.203846
vt 0.063751 0.207995
vt 0.031504 0.196325
vt 0.041566 0.190676
vt 0.044381 0.195714
vt 0.044381 0.195714
vt 0.034351 0.201348
vt 0.031504 0.196325
vt 0.027280 0.198724
vt 0.031504 0.196325
vt 0.034351 0.201348
vt 0.034351 0.201348
vt 0.028438 0.204689
vt 0.027280 0.198724
vt 0.041566 0.190676
vt 0.050956 0.185463
vt 0.053795 0.190486
vt 0.053795 0.190486
vt 0.044381 0.195714
vt 0.041566 0.190676
vt 0.049487 0.204834
vt 0.039477 0.210505
vt 0.037188 0.206387
vt 0.037188 0.206387
vt 0.047201 0.200757
vt 0.049487 0.204834
vt 0.039477 0.210505
vt 0.029407 0.214835
vt 0.029936 0.210397
vt 0.029936 0.210397
vt 0.037188 0.206387
vt 0.039477 0.210505
vt 0.059029 0.199524
vt 0.049487 0.204834
vt 0.047201 0.200757
vt 0.047201 0.200757
vt 0.056685 0.195485
vt 0.059029 0.199524
vt 0.076876 0.231992
vt 0.085658 0.247695
vt 0.076296 0.253126
vt 0.076296 0.253126
vt 0.067535 0.237125
vt 0.076876 0.231992
vt 0.067535 0.237125
vt 0.076296 0.253126
vt 0.066356 0.258455
vt 0.066356 0.258455
vt 0.057782 0.242490
vt 0.067535 0.237125
vt 0.057782 0.242490
vt 0.066356 0.258455
vt 0.057057 0.263058
vt 0.057057 0.263058
vt 0.048602 0.247549
vt 0.057782 0.242490
vt 0.735497 0.486326
vt 0.733271 0.489769
vt 0.724230 0.483937
vt 0.724230 0.483937
vt 0.726465 0.480484
vt 0.735497 0.486326
vt 0.726465 0.480484
vt 0.728743 0.476979
vt 0.737761 0.482825
vt 0.737761 0.482825
vt 0.735497 0.486326
vt 0.726465 0.480484
vt 0.730127 0.474871
vt 0.739124 0.480709
vt 0.738086 0.482323
vt 0.738086 0.482323
vt 0.729074 0.476478
vt 0.730127 0.474871
vt 0.750794 0.443698
vt 0.772788 0.408419
vt 0.781398 0.413724
vt 0.781398 0.413724
vt 0.759300 0.449201
vt 0.750794 0.443698
vt 0.807430 0.369573
vt 0.781398 0.413724
vt 0.772788 0.408419
vt 0.772788 0.408419
vt 0.798513 0.364434
vt 0.807430 0.369573
vt 0.798513 0.364434
vt 0.827099 0.312409
vt 0.836281 0.317404
vt 0.836281 0.317404
vt 0.807430 0.369573
vt 0.798513 0.364434
vt 0.871157 0.251746
vt 0.836281 0.317404
vt 0.827099 0.312409
vt 0.827099 0.312409
vt 0.861588 0.246643
vt 0.871157 0.251746
vt 0.884943 0.202564
vt 0.894901 0.207929
vt 0.884952 0.226344
vt 0.884952 0.226344
vt 0.875044 0.221044
vt 0.884943 0.202564
vt 0.874343 0.246472
vt 0.871157 0.251746
vt 0.861588 0.246643
vt 0.861588 0.246643
vt 0.864198 0.240998
vt 0.874343 0.246472
vt 0.763903 0.694146
vt 0.781649 0.694157
vt 0.781643 0.704886
vt 0.781643 0.704886
vt 0.763897 0.704875
vt 0.763903 0.694146
vt 0.742356 0.495645
vt 0.733271 0.489769
vt 0.735497 0.486326
vt 0.735497 0.486326
vt 0.744597 0.492210
vt 0.742356 0.495645
vt 0.744597 0.492210
vt 0.735497 0.486326
vt 0.737761 0.482825
vt 0.737761 0.482825
vt 0.746924 0.488723
vt 0.744597 0.492210
vt 0.759300 0.449201
vt 0.768546 0.454305
vt 0.747607 0.485909
vt 0.747607 0.485909
vt 0.739124 0.480709
vt 0.759300 0.449201
vt 0.768546 0.454305
vt 0.759300 0.449201
vt 0.781398 0.413724
vt 0.781398 0.413724
vt 0.790614 0.418633
vt 0.768546 0.454305
vt 0.790614 0.418633
vt 0.781398 0.413724
vt 0.807430 0.369573
vt 0.807430 0.369573
vt 0.816662 0.374317
vt 0.790614 0.418633
vt 0.816662 0.374317
vt 0.807430 0.369573
vt 0.836281 0.317404
vt 0.836281 0.317404
vt 0.845568 0.322181
vt 0.816662 0.374317
vt 0.845568 0.322181
vt 0.836281 0.317404
vt 0.871157 0.251746
vt 0.871157 0.251746
vt 0.880075 0.257250
vt 0.845568 0.322181
vt 0.904942 0.213408
vt 0.894901 0.207929
vt 0.897975 0.202272
vt 0.897975 0.202272
vt 0.907977 0.207744
vt 0.904942 0.213408
vt 0.880075 0.257250
vt 0.871157 0.251746
vt 0.874343 0.246472
vt 0.874343 0.246472
vt 0.882802 0.252654
vt 0.880075 0.257250
vt 0.763890 0.716201
vt 0.763897 0.704875
vt 0.781643 0.704886
vt 0.781643 0.704886
vt 0.781636 0.715749
vt 0.763890 0.716201
vt 0.724230 0.483937
vt 0.715554 0.478328
vt 0.717786 0.474847
vt 0.717786 0.474847
vt 0.726465 0.480484
vt 0.724230 0.483937
vt 0.726465 0.480484
vt 0.717786 0.474847
vt 0.720100 0.471323
vt 0.720100 0.471323
vt 0.728743 0.476979
vt 0.726465 0.480484
vt 0.750794 0.443698
vt 0.730127 0.474871
vt 0.722262 0.469449
vt 0.722262 0.469449
vt 0.742690 0.437815
vt 0.750794 0.443698
vt 0.750794 0.443698
vt 0.742690 0.437815
vt 0.764599 0.402865
vt 0.764599 0.402865
vt 0.772788 0.408419
vt 0.750794 0.443698
vt 0.772788 0.408419
vt 0.764599 0.402865
vt 0.790096 0.359195
vt 0.790096 0.359195
vt 0.798513 0.364434
vt 0.772788 0.408419
vt 0.798513 0.364434
vt 0.790096 0.359195
vt 0.818171 0.307391
vt 0.818171 0.307391
vt 0.827099 0.312409
vt 0.798513 0.364434
vt 0.827099 0.312409
vt 0.818171 0.307391
vt 0.852123 0.242446
vt 0.852123 0.242446
vt 0.861588 0.246643
vt 0.827099 0.312409
vt 0.856903 0.231805
vt 0.866345 0.237206
vt 0.865331 0.238933
vt 0.865331 0.238933
vt 0.856169 0.233155
vt 0.856903 0.231805
vt 0.861588 0.246643
vt 0.852123 0.242446
vt 0.854466 0.237605
vt 0.854466 0.237605
vt 0.864198 0.240998
vt 0.861588 0.246643
vt 0.763903 0.694146
vt 0.763909 0.684399
vt 0.781656 0.683947
vt 0.781656 0.683947
vt 0.781649 0.694157
vt 0.763903 0.694146
vt 0.720455 0.470775
vt 0.720751 0.468481
vt 0.722262 0.469449
vt 0.742690 0.437815
vt 0.741382 0.437018
vt 0.763121 0.402015
vt 0.763121 0.402015
vt 0.764599 0.402865
vt 0.742690 0.437815
vt 0.788668 0.358417
vt 0.790096 0.359195
vt 0.764599 0.402865
vt 0.764599 0.402865
vt 0.763121 0.402015
vt 0.788668 0.358417
vt 0.790096 0.359195
vt 0.788668 0.358417
vt 0.816922 0.306741
vt 0.816922 0.306741
vt 0.818171 0.307391
vt 0.790096 0.359195
vt 0.850834 0.241780
vt 0.852123 0.242446
vt 0.818171 0.307391
vt 0.818171 0.307391
vt 0.816922 0.306741
vt 0.850834 0.241780
vt 0.852123 0.242446
vt 0.850834 0.241780
vt 0.853554 0.237156
vt 0.853554 0.237156
vt 0.854466 0.237605
vt 0.852123 0.242446
vt 0.738086 0.482323
vt 0.737761 0.482825
vt 0.728743 0.476979
vt 0.728743 0.476979
vt 0.729074 0.476478
vt 0.738086 0.482323
vt 0.747284 0.488177
vt 0.746924 0.488723
vt 0.737761 0.482825
vt 0.737761 0.482825
vt 0.738086 0.482323
vt 0.747284 0.488177
vt 0.729074 0.476478
vt 0.728743 0.476979
vt 0.720100 0.471323
vt 0.720100 0.471323
vt 0.720455 0.470775
vt 0.729074 0.476478
vt 0.875304 0.244859
vt 0.885319 0.248875
vt 0.882826 0.252633
vt 0.882826 0.252633
vt 0.874686 0.245998
vt 0.875304 0.244859
vt 0.864978 0.239498
vt 0.875304 0.244859
vt 0.874686 0.245998
vt 0.874686 0.245998
vt 0.864424 0.240397
vt 0.864978 0.239498
vt 0.856071 0.233348
vt 0.864978 0.239498
vt 0.864424 0.240397
vt 0.864424 0.240397
vt 0.854455 0.237550
vt 0.856071 0.233348
vt 0.854455 0.237550
vt 0.853580 0.237136
vt 0.856071 0.233348
vt 0.865331 0.238933
vt 0.866345 0.237206
vt 0.876400 0.242515
vt 0.876400 0.242515
vt 0.875557 0.244285
vt 0.865331 0.238933
vt 0.875557 0.244285
vt 0.876400 0.242515
vt 0.886151 0.247344
vt 0.886151 0.247344
vt 0.885417 0.248683
vt 0.875557 0.244285
vt 0.887989 0.196884
vt 0.884943 0.202564
vt 0.875443 0.197506
vt 0.875443 0.197506
vt 0.878390 0.191772
vt 0.887989 0.196884
vt 0.922115 0.158065
vt 0.910346 0.179579
vt 0.900243 0.174099
vt 0.900243 0.174099
vt 0.911918 0.152487
vt 0.922115 0.158065
vt 0.920738 0.185290
vt 0.910346 0.179579
vt 0.922115 0.158065
vt 0.922115 0.158065
vt 0.932591 0.163851
vt 0.920738 0.185290
vt 0.913883 0.125277
vt 0.923757 0.130888
vt 0.911918 0.152487
vt 0.911918 0.152487
vt 0.902362 0.147316
vt 0.913883 0.125277
vt 0.933999 0.136557
vt 0.922115 0.158065
vt 0.911918 0.152487
vt 0.911918 0.152487
vt 0.923757 0.130888
vt 0.933999 0.136557
vt 0.944221 0.142147
vt 0.932591 0.163851
vt 0.922115 0.158065
vt 0.922115 0.158065
vt 0.933999 0.136557
vt 0.944221 0.142147
vt 0.890794 0.169042
vt 0.902362 0.147316
vt 0.911918 0.152487
vt 0.911918 0.152487
vt 0.900243 0.174099
vt 0.890794 0.169042
vt 0.890229 0.192714
vt 0.892573 0.188350
vt 0.902603 0.193773
vt 0.902603 0.193773
vt 0.900235 0.198119
vt 0.890229 0.192714
vt 0.900235 0.198119
vt 0.902603 0.193773
vt 0.912685 0.199301
vt 0.912685 0.199301
vt 0.910257 0.203609
vt 0.900235 0.198119
vt 0.880602 0.187583
vt 0.882958 0.183221
vt 0.892573 0.188350
vt 0.892573 0.188350
vt 0.890229 0.192714
vt 0.880602 0.187583
vt 0.750794 0.443698
vt 0.759300 0.449201
vt 0.739124 0.480709
vt 0.739124 0.480709
vt 0.730127 0.474871
vt 0.750794 0.443698
vt 0.747284 0.488177
vt 0.738086 0.482323
vt 0.739124 0.480709
vt 0.739124 0.480709
vt 0.747607 0.485909
vt 0.747284 0.488177
vt 0.729074 0.476478
vt 0.720455 0.470775
vt 0.722262 0.469449
vt 0.722262 0.469449
vt 0.730127 0.474871
vt 0.729074 0.476478
vt 0.741382 0.437018
vt 0.742690 0.437815
vt 0.722262 0.469449
vt 0.722262 0.469449
vt 0.720751 0.468481
vt 0.741382 0.437018
vt 0.733271 0.489769
vt 0.732213 0.491407
vt 0.723169 0.485581
vt 0.723169 0.485581
vt 0.724230 0.483937
vt 0.733271 0.489769
vt 0.742356 0.495645
vt 0.741328 0.497297
vt 0.732213 0.491407
vt 0.732213 0.491407
vt 0.733271 0.489769
vt 0.742356 0.495645
vt 0.724230 0.483937
vt 0.723169 0.485581
vt 0.714529 0.480005
vt 0.714529 0.480005
vt 0.715554 0.478328
vt 0.724230 0.483937
vt 0.864198 0.240998
vt 0.864424 0.240397
vt 0.874686 0.245998
vt 0.874686 0.245998
vt 0.874343 0.246472
vt 0.864198 0.240998
vt 0.874343 0.246472
vt 0.874686 0.245998
vt 0.882826 0.252633
vt 0.882826 0.252633
vt 0.882802 0.252654
vt 0.874343 0.246472
vt 0.854466 0.237605
vt 0.854455 0.237550
vt 0.864424 0.240397
vt 0.864424 0.240397
vt 0.864198 0.240998
vt 0.854466 0.237605
vt 0.853554 0.237156
vt 0.853580 0.237136
vt 0.854455 0.237550
vt 0.854455 0.237550
vt 0.854466 0.237605
vt 0.853554 0.237156
vt 0.865331 0.238933
vt 0.864978 0.239498
vt 0.856071 0.233348
vt 0.856071 0.233348
vt 0.856169 0.233155
vt 0.865331 0.238933
vt 0.875304 0.244859
vt 0.875557 0.244285
vt 0.885417 0.248683
vt 0.885417 0.248683
vt 0.885319 0.248875
vt 0.875304 0.244859
vt 0.864978 0.239498
vt 0.865331 0.238933
vt 0.875557 0.244285
vt 0.875557 0.244285
vt 0.875304 0.244859
vt 0.864978 0.239498
vt 0.887989 0.196884
vt 0.897975 0.202272
vt 0.894901 0.207929
vt 0.894901 0.207929
vt 0.884943 0.202564
vt 0.887989 0.196884
vt 0.894898 0.231677
vt 0.884952 0.226344
vt 0.894901 0.207929
vt 0.894901 0.207929
vt 0.904942 0.213408
vt 0.894898 0.231677
vt 0.884943 0.202564
vt 0.875044 0.221044
vt 0.865602 0.215991
vt 0.865602 0.215991
vt 0.875443 0.197506
vt 0.884943 0.202564
vt 0.897512 0.179170
vt 0.907590 0.184629
vt 0.904833 0.189684
vt 0.904833 0.189684
vt 0.894781 0.184244
vt 0.897512 0.179170
vt 0.907590 0.184629
vt 0.917906 0.190294
vt 0.915023 0.195275
vt 0.915023 0.195275
vt 0.904833 0.189684
vt 0.907590 0.184629
vt 0.888037 0.174105
vt 0.897512 0.179170
vt 0.894781 0.184244
vt 0.894781 0.184244
vt 0.885231 0.179146
vt 0.888037 0.174105
vt 0.887989 0.196884
vt 0.890229 0.192714
vt 0.900235 0.198119
vt 0.900235 0.198119
vt 0.897975 0.202272
vt 0.887989 0.196884
vt 0.897975 0.202272
vt 0.900235 0.198119
vt 0.910257 0.203609
vt 0.910257 0.203609
vt 0.907977 0.207744
vt 0.897975 0.202272
vt 0.878390 0.191772
vt 0.880602 0.187583
vt 0.890229 0.192714
vt 0.890229 0.192714
vt 0.887989 0.196884
vt 0.878390 0.191772
vt 0.910346 0.179579
vt 0.907590 0.184629
vt 0.897512 0.179170
vt 0.897512 0.179170
vt 0.900243 0.174099
vt 0.910346 0.179579
vt 0.920738 0.185290
vt 0.917906 0.190294
vt 0.907590 0.184629
vt 0.907590 0.184629
vt 0.910346 0.179579
vt 0.920738 0.185290
vt 0.900243 0.174099
vt 0.897512 0.179170
vt 0.888037 0.174105
vt 0.888037 0.174105
vt 0.890794 0.169042
vt 0.900243 0.174099
vt 0.892573 0.188350
vt 0.894781 0.184244
vt 0.904833 0.189684
vt 0.904833 0.189684
vt 0.902603 0.193773
vt 0.892573 0.188350
vt 0.902603 0.193773
vt 0.904833 0.189684
vt 0.915023 0.195275
vt 0.915023 0.195275
vt 0.912685 0.199301
vt 0.902603 0.193773
vt 0.882958 0.183221
vt 0.885231 0.179146
vt 0.894781 0.184244
vt 0.894781 0.184244
vt 0.892573 0.188350
vt 0.882958 0.183221
vt 0.865602 0.215991
vt 0.875044 0.221044
vt 0.866345 0.237206
vt 0.866345 0.237206
vt 0.856903 0.231805
vt 0.865602 0.215991
vt 0.875044 0.221044
vt 0.884952 0.226344
vt 0.876400 0.242515
vt 0.876400 0.242515
vt 0.866345 0.237206
vt 0.875044 0.221044
vt 0.884952 0.226344
vt 0.894898 0.231677
vt 0.886151 0.247344
vt 0.886151 0.247344
vt 0.876400 0.242515
vt 0.884952 0.226344
vt 0.762051 0.503850
vt 0.759785 0.507246
vt 0.750887 0.501302
vt 0.750887 0.501302
vt 0.753152 0.497900
vt 0.762051 0.503850
vt 0.753152 0.497900
vt 0.755462 0.494440
vt 0.764354 0.500400
vt 0.764354 0.500400
vt 0.762051 0.503850
vt 0.753152 0.497900
vt 0.756864 0.492350
vt 0.765746 0.498311
vt 0.764686 0.499901
vt 0.764686 0.499901
vt 0.755795 0.493941
vt 0.756864 0.492350
vt 0.778132 0.461167
vt 0.800477 0.425157
vt 0.809251 0.430549
vt 0.809251 0.430549
vt 0.786787 0.466856
vt 0.778132 0.461167
vt 0.835683 0.385697
vt 0.809251 0.430549
vt 0.800477 0.425157
vt 0.800477 0.425157
vt 0.826648 0.380462
vt 0.835683 0.385697
vt 0.826648 0.380462
vt 0.855808 0.327969
vt 0.865046 0.333052
vt 0.865046 0.333052
vt 0.835683 0.385697
vt 0.826648 0.380462
vt 0.900350 0.267265
vt 0.865046 0.333052
vt 0.855808 0.327969
vt 0.855808 0.327969
vt 0.890776 0.262144
vt 0.900350 0.267265
vt 0.914303 0.218601
vt 0.924060 0.224104
vt 0.913944 0.242131
vt 0.913944 0.242131
vt 0.904216 0.236789
vt 0.914303 0.218601
vt 0.903486 0.261952
vt 0.900350 0.267265
vt 0.890776 0.262144
vt 0.890776 0.262144
vt 0.893377 0.256518
vt 0.903486 0.261952
vt 0.763884 0.725947
vt 0.781630 0.725958
vt 0.781623 0.736687
vt 0.781623 0.736687
vt 0.763877 0.736676
vt 0.763884 0.725947
vt 0.768482 0.513042
vt 0.759785 0.507246
vt 0.762051 0.503850
vt 0.762051 0.503850
vt 0.770747 0.509644
vt 0.768482 0.513042
vt 0.770747 0.509644
vt 0.762051 0.503850
vt 0.764354 0.500400
vt 0.764354 0.500400
vt 0.773049 0.506188
vt 0.770747 0.509644
vt 0.786787 0.466856
vt 0.796643 0.472439
vt 0.774521 0.503974
vt 0.774521 0.503974
vt 0.765746 0.498311
vt 0.786787 0.466856
vt 0.796643 0.472439
vt 0.786787 0.466856
vt 0.809251 0.430549
vt 0.809251 0.430549
vt 0.819061 0.435780
vt 0.796643 0.472439
vt 0.819061 0.435780
vt 0.809251 0.430549
vt 0.835683 0.385697
vt 0.835683 0.385697
vt 0.845469 0.390775
vt 0.819061 0.435780
vt 0.845469 0.390775
vt 0.835683 0.385697
vt 0.865046 0.333052
vt 0.865046 0.333052
vt 0.874839 0.338152
vt 0.845469 0.390775
vt 0.874839 0.338152
vt 0.865046 0.333052
vt 0.900350 0.267265
vt 0.900350 0.267265
vt 0.909802 0.273051
vt 0.874839 0.338152
vt 0.933213 0.229362
vt 0.924060 0.224104
vt 0.927251 0.218585
vt 0.927251 0.218585
vt 0.936392 0.223979
vt 0.933213 0.229362
vt 0.909802 0.273051
vt 0.900350 0.267265
vt 0.903486 0.261952
vt 0.903486 0.261952
vt 0.912724 0.268296
vt 0.909802 0.273051
vt 0.781623 0.736687
vt 0.781617 0.747165
vt 0.763870 0.747106
vt 0.763870 0.747106
vt 0.763877 0.736676
vt 0.781623 0.736687
vt 0.750887 0.501302
vt 0.742356 0.495645
vt 0.744597 0.492210
vt 0.744597 0.492210
vt 0.753152 0.497900
vt 0.750887 0.501302
vt 0.753152 0.497900
vt 0.744597 0.492210
vt 0.746924 0.488723
vt 0.746924 0.488723
vt 0.755462 0.494440
vt 0.753152 0.497900
vt 0.778132 0.461167
vt 0.756864 0.492350
vt 0.749076 0.486866
vt 0.749076 0.486866
vt 0.769902 0.455139
vt 0.778132 0.461167
vt 0.778132 0.461167
vt 0.769902 0.455139
vt 0.792132 0.419505
vt 0.792132 0.419505
vt 0.800477 0.425157
vt 0.778132 0.461167
vt 0.800477 0.425157
vt 0.792132 0.419505
vt 0.818117 0.375118
vt 0.818117 0.375118
vt 0.826648 0.380462
vt 0.800477 0.425157
vt 0.826648 0.380462
vt 0.818117 0.375118
vt 0.846831 0.322854
vt 0.846831 0.322854
vt 0.855808 0.327969
vt 0.826648 0.380462
vt 0.855808 0.327969
vt 0.846831 0.322854
vt 0.881343 0.257910
vt 0.881343 0.257910
vt 0.890776 0.262144
vt 0.855808 0.327969
vt 0.886151 0.247344
vt 0.895494 0.252752
vt 0.894487 0.254465
vt 0.894487 0.254465
vt 0.885417 0.248683
vt 0.886151 0.247344
vt 0.890776 0.262144
vt 0.881343 0.257910
vt 0.883704 0.253102
vt 0.883704 0.253102
vt 0.893377 0.256518
vt 0.890776 0.262144
vt 0.763884 0.725947
vt 0.763890 0.716201
vt 0.781636 0.715749
vt 0.781636 0.715749
vt 0.781630 0.725958
vt 0.763884 0.725947
vt 0.747284 0.488177
vt 0.747607 0.485909
vt 0.749076 0.486866
vt 0.769902 0.455139
vt 0.768546 0.454305
vt 0.790614 0.418633
vt 0.790614 0.418633
vt 0.792132 0.419505
vt 0.769902 0.455139
vt 0.816662 0.374317
vt 0.818117 0.375118
vt 0.792132 0.419505
vt 0.792132 0.419505
vt 0.790614 0.418633
vt 0.816662 0.374317
vt 0.818117 0.375118
vt 0.816662 0.374317
vt 0.845568 0.322181
vt 0.845568 0.322181
vt 0.846831 0.322854
vt 0.818117 0.375118
vt 0.880075 0.257250
vt 0.881343 0.257910
vt 0.846831 0.322854
vt 0.846831 0.322854
vt 0.845568 0.322181
vt 0.880075 0.257250
vt 0.881343 0.257910
vt 0.880075 0.257250
vt 0.882802 0.252654
vt 0.882802 0.252654
vt 0.883704 0.253102
vt 0.881343 0.257910
vt 0.764686 0.499901
vt 0.764354 0.500400
vt 0.755462 0.494440
vt 0.755462 0.494440
vt 0.755795 0.493941
vt 0.764686 0.499901
vt 0.773399 0.505663
vt 0.773049 0.506188
vt 0.764354 0.500400
vt 0.764354 0.500400
vt 0.764686 0.499901
vt 0.773399 0.505663
vt 0.755795 0.493941
vt 0.755462 0.494440
vt 0.746924 0.488723
vt 0.746924 0.488723
vt 0.747284 0.488177
vt 0.755795 0.493941
vt 0.912663 0.268260
vt 0.903766 0.261524
vt 0.904314 0.260428
vt 0.904314 0.260428
vt 0.913858 0.263963
vt 0.912663 0.268260
vt 0.894143 0.255028
vt 0.904314 0.260428
vt 0.903766 0.261524
vt 0.903766 0.261524
vt 0.893597 0.255920
vt 0.894143 0.255028
vt 0.885319 0.248875
vt 0.894143 0.255028
vt 0.893597 0.255920
vt 0.893597 0.255920
vt 0.883694 0.253048
vt 0.885319 0.248875
vt 0.883694 0.253048
vt 0.882826 0.252633
vt 0.885319 0.248875
vt 0.894487 0.254465
vt 0.895494 0.252752
vt 0.905412 0.258055
vt 0.905412 0.258055
vt 0.904574 0.259831
vt 0.894487 0.254465
vt 0.904574 0.259831
vt 0.905412 0.258055
vt 0.914688 0.262633
vt 0.914688 0.262633
vt 0.913982 0.263877
vt 0.904574 0.259831
vt 0.917445 0.213012
vt 0.914303 0.218601
vt 0.904942 0.213408
vt 0.904942 0.213408
vt 0.907977 0.207744
vt 0.917445 0.213012
vt 0.952134 0.174767
vt 0.940112 0.196124
vt 0.930091 0.190491
vt 0.930091 0.190491
vt 0.942028 0.169105
vt 0.952134 0.174767
vt 0.944317 0.198516
vt 0.940112 0.196124
vt 0.952134 0.174767
vt 0.952134 0.174767
vt 0.957496 0.177785
vt 0.944317 0.198516
vt 0.944221 0.142147
vt 0.953960 0.147751
vt 0.942028 0.169105
vt 0.942028 0.169105
vt 0.932591 0.163851
vt 0.944221 0.142147
vt 0.964108 0.153416
vt 0.952134 0.174767
vt 0.942028 0.169105
vt 0.942028 0.169105
vt 0.953960 0.147751
vt 0.964108 0.153416
vt 0.969534 0.156352
vt 0.957496 0.177785
vt 0.952134 0.174767
vt 0.952134 0.174767
vt 0.964108 0.153416
vt 0.969534 0.156352
vt 0.920738 0.185290
vt 0.932591 0.163851
vt 0.942028 0.169105
vt 0.942028 0.169105
vt 0.930091 0.190491
vt 0.920738 0.185290
vt 0.919764 0.208902
vt 0.922194 0.204594
vt 0.932168 0.210245
vt 0.932168 0.210245
vt 0.929636 0.214520
vt 0.919764 0.208902
vt 0.929636 0.214520
vt 0.932168 0.210245
vt 0.942199 0.214555
vt 0.942199 0.214555
vt 0.938783 0.220055
vt 0.929636 0.214520
vt 0.910257 0.203609
vt 0.912685 0.199301
vt 0.922194 0.204594
vt 0.922194 0.204594
vt 0.919764 0.208902
vt 0.910257 0.203609
vt 0.778132 0.461167
vt 0.786787 0.466856
vt 0.765746 0.498311
vt 0.765746 0.498311
vt 0.756864 0.492350
vt 0.778132 0.461167
vt 0.773399 0.505663
vt 0.764686 0.499901
vt 0.765746 0.498311
vt 0.765746 0.498311
vt 0.774521 0.503974
vt 0.773399 0.505663
vt 0.755795 0.493941
vt 0.747284 0.488177
vt 0.749076 0.486866
vt 0.749076 0.486866
vt 0.756864 0.492350
vt 0.755795 0.493941
vt 0.768546 0.454305
vt 0.769902 0.455139
vt 0.749076 0.486866
vt 0.749076 0.486866
vt 0.747607 0.485909
vt 0.768546 0.454305
vt 0.759785 0.507246
vt 0.758708 0.508861
vt 0.749811 0.502919
vt 0.749811 0.502919
vt 0.750887 0.501302
vt 0.759785 0.507246
vt 0.768482 0.513042
vt 0.767405 0.514658
vt 0.758708 0.508861
vt 0.758708 0.508861
vt 0.759785 0.507246
vt 0.768482 0.513042
vt 0.750887 0.501302
vt 0.749811 0.502919
vt 0.741328 0.497297
vt 0.741328 0.497297
vt 0.742356 0.495645
vt 0.750887 0.501302
vt 0.893377 0.256518
vt 0.893597 0.255920
vt 0.903766 0.261524
vt 0.903766 0.261524
vt 0.903486 0.261952
vt 0.893377 0.256518
vt 0.903486 0.261952
vt 0.903766 0.261524
vt 0.912663 0.268260
vt 0.912663 0.268260
vt 0.912724 0.268296
vt 0.903486 0.261952
vt 0.883704 0.253102
vt 0.883694 0.253048
vt 0.893597 0.255920
vt 0.893597 0.255920
vt 0.893377 0.256518
vt 0.883704 0.253102
vt 0.882802 0.252654
vt 0.882826 0.252633
vt 0.883694 0.253048
vt 0.883694 0.253048
vt 0.883704 0.253102
vt 0.882802 0.252654
vt 0.894487 0.254465
vt 0.894143 0.255028
vt 0.885319 0.248875
vt 0.885319 0.248875
vt 0.885417 0.248683
vt 0.894487 0.254465
vt 0.904314 0.260428
vt 0.904574 0.259831
vt 0.913982 0.263877
vt 0.913982 0.263877
vt 0.913858 0.263963
vt 0.904314 0.260428
vt 0.894143 0.255028
vt 0.894487 0.254465
vt 0.904574 0.259831
vt 0.904574 0.259831
vt 0.904314 0.260428
vt 0.894143 0.255028
vt 0.917445 0.213012
vt 0.927251 0.218585
vt 0.924060 0.224104
vt 0.924060 0.224104
vt 0.914303 0.218601
vt 0.917445 0.213012
vt 0.923099 0.247164
vt 0.913944 0.242131
vt 0.924060 0.224104
vt 0.924060 0.224104
vt 0.933213 0.229362
vt 0.923099 0.247164
vt 0.914303 0.218601
vt 0.904216 0.236789
vt 0.894898 0.231677
vt 0.894898 0.231677
vt 0.904942 0.213408
vt 0.914303 0.218601
vt 0.927284 0.195509
vt 0.937274 0.201125
vt 0.934447 0.206143
vt 0.934447 0.206143
vt 0.924473 0.200532
vt 0.927284 0.195509
vt 0.937274 0.201125
vt 0.943161 0.204454
vt 0.941670 0.210136
vt 0.941670 0.210136
vt 0.934447 0.206143
vt 0.937274 0.201125
vt 0.917906 0.190294
vt 0.927284 0.195509
vt 0.924473 0.200532
vt 0.924473 0.200532
vt 0.915023 0.195275
vt 0.917906 0.190294
vt 0.917445 0.213012
vt 0.919764 0.208902
vt 0.929636 0.214520
vt 0.929636 0.214520
vt 0.927251 0.218585
vt 0.917445 0.213012
vt 0.927251 0.218585
vt 0.929636 0.214520
vt 0.938783 0.220055
vt 0.938783 0.220055
vt 0.936392 0.223979
vt 0.927251 0.218585
vt 0.907977 0.207744
vt 0.910257 0.203609
vt 0.919764 0.208902
vt 0.919764 0.208902
vt 0.917445 0.213012
vt 0.907977 0.207744
vt 0.940112 0.196124
vt 0.937274 0.201125
vt 0.927284 0.195509
vt 0.927284 0.195509
vt 0.930091 0.190491
vt 0.940112 0.196124
vt 0.944317 0.198516
vt 0.943161 0.204454
vt 0.937274 0.201125
vt 0.937274 0.201125
vt 0.940112 0.196124
vt 0.944317 0.198516
vt 0.930091 0.190491
vt 0.927284 0.195509
vt 0.917906 0.190294
vt 0.917906 0.190294
vt 0.920738 0.185290
vt 0.930091 0.190491
vt 0.922194 0.204594
vt 0.924473 0.200532
vt 0.934447 0.206143
vt 0.934447 0.206143
vt 0.932168 0.210245
vt 0.922194 0.204594
vt 0.932168 0.210245
vt 0.934447 0.206143
vt 0.941670 0.210136
vt 0.941670 0.210136
vt 0.942199 0.214555
vt 0.932168 0.210245
vt 0.912685 0.199301
vt 0.915023 0.195275
vt 0.924473 0.200532
vt 0.924473 0.200532
vt 0.922194 0.204594
vt 0.912685 0.199301
vt 0.894898 0.231677
vt 0.904216 0.236789
vt 0.895494 0.252752
vt 0.895494 0.252752
vt 0.886151 0.247344
vt 0.894898 0.231677
vt 0.904216 0.236789
vt 0.913944 0.242131
vt 0.905412 0.258055
vt 0.905412 0.258055
vt 0.895494 0.252752
vt 0.904216 0.236789
vt 0.913944 0.242131
vt 0.923099 0.247164
vt 0.914688 0.262633
vt 0.914688 0.262633
vt 0.905412 0.258055
vt 0.913944 0.242131
vt 0.708589 0.468953
vt 0.706349 0.472429
vt 0.697234 0.466529
vt 0.697234 0.466529
vt 0.699498 0.463053
vt 0.708589 0.468953
vt 0.699498 0.463053
vt 0.701806 0.459533
vt 0.710862 0.465426
vt 0.710862 0.465426
vt 0.708589 0.468953
vt 0.699498 0.463053
vt 0.703205 0.457422
vt 0.712223 0.463296
vt 0.711185 0.464919
vt 0.711185 0.464919
vt 0.702140 0.459031
vt 0.703205 0.457422
vt 0.723917 0.426556
vt 0.745648 0.391998
vt 0.754083 0.397199
vt 0.754083 0.397199
vt 0.732279 0.431999
vt 0.723917 0.426556
vt 0.779564 0.353788
vt 0.754083 0.397199
vt 0.745648 0.391998
vt 0.745648 0.391998
vt 0.770773 0.348781
vt 0.779564 0.353788
vt 0.770773 0.348781
vt 0.798539 0.297213
vt 0.807681 0.302079
vt 0.807681 0.302079
vt 0.779564 0.353788
vt 0.770773 0.348781
vt 0.841856 0.236327
vt 0.807681 0.302079
vt 0.798539 0.297213
vt 0.798539 0.297213
vt 0.832210 0.231311
vt 0.841856 0.236327
vt 0.855271 0.186995
vt 0.865294 0.192180
vt 0.855568 0.210735
vt 0.855568 0.210735
vt 0.845621 0.205523
vt 0.855271 0.186995
vt 0.845016 0.230997
vt 0.841856 0.236327
vt 0.832210 0.231311
vt 0.832210 0.231311
vt 0.834745 0.225593
vt 0.845016 0.230997
vt 0.763923 0.662345
vt 0.781669 0.662355
vt 0.781662 0.673084
vt 0.781662 0.673084
vt 0.763916 0.673074
vt 0.763923 0.662345
vt 0.715554 0.478328
vt 0.706349 0.472429
vt 0.708589 0.468953
vt 0.708589 0.468953
vt 0.717786 0.474847
vt 0.715554 0.478328
vt 0.717786 0.474847
vt 0.708589 0.468953
vt 0.710862 0.465426
vt 0.710862 0.465426
vt 0.720100 0.471323
vt 0.717786 0.474847
vt 0.732279 0.431999
vt 0.741382 0.437018
vt 0.720751 0.468481
vt 0.720751 0.468481
vt 0.712223 0.463296
vt 0.732279 0.431999
vt 0.741382 0.437018
vt 0.732279 0.431999
vt 0.754083 0.397199
vt 0.754083 0.397199
vt 0.763121 0.402015
vt 0.741382 0.437018
vt 0.763121 0.402015
vt 0.754083 0.397199
vt 0.779564 0.353788
vt 0.779564 0.353788
vt 0.788668 0.358417
vt 0.763121 0.402015
vt 0.788668 0.358417
vt 0.779564 0.353788
vt 0.807681 0.302079
vt 0.807681 0.302079
vt 0.816922 0.306741
vt 0.788668 0.358417
vt 0.816922 0.306741
vt 0.807681 0.302079
vt 0.841856 0.236327
vt 0.841856 0.236327
vt 0.850834 0.241780
vt 0.816922 0.306741
vt 0.875443 0.197506
vt 0.865294 0.192180
vt 0.868269 0.186461
vt 0.868269 0.186461
vt 0.878390 0.191772
vt 0.875443 0.197506
vt 0.850834 0.241780
vt 0.841856 0.236327
vt 0.845016 0.230997
vt 0.845016 0.230997
vt 0.853554 0.237156
vt 0.850834 0.241780
vt 0.763909 0.684399
vt 0.763916 0.673074
vt 0.781662 0.673084
vt 0.781662 0.673084
vt 0.781656 0.683947
vt 0.763909 0.684399
vt 0.697234 0.466529
vt 0.688473 0.460809
vt 0.690731 0.457293
vt 0.690731 0.457293
vt 0.699498 0.463053
vt 0.697234 0.466529
vt 0.699498 0.463053
vt 0.690731 0.457293
vt 0.693127 0.453771
vt 0.693127 0.453771
vt 0.701806 0.459533
vt 0.699498 0.463053
vt 0.723917 0.426556
vt 0.703205 0.457422
vt 0.695333 0.451917
vt 0.695333 0.451917
vt 0.715976 0.420716
vt 0.723917 0.426556
vt 0.723917 0.426556
vt 0.715976 0.420716
vt 0.737639 0.386557
vt 0.737639 0.386557
vt 0.745648 0.391998
vt 0.723917 0.426556
vt 0.745648 0.391998
vt 0.737639 0.386557
vt 0.762477 0.343686
vt 0.762477 0.343686
vt 0.770773 0.348781
vt 0.745648 0.391998
vt 0.770773 0.348781
vt 0.762477 0.343686
vt 0.789644 0.292338
vt 0.789644 0.292338
vt 0.798539 0.297213
vt 0.770773 0.348781
vt 0.798539 0.297213
vt 0.789644 0.292338
vt 0.822687 0.227252
vt 0.822687 0.227252
vt 0.832210 0.231311
vt 0.798539 0.297213
vt 0.827678 0.216189
vt 0.836987 0.221679
vt 0.835926 0.223420
vt 0.835926 0.223420
vt 0.826985 0.217470
vt 0.827678 0.216189
vt 0.832210 0.231311
vt 0.822687 0.227252
vt 0.824959 0.222446
vt 0.824959 0.222446
vt 0.834745 0.225593
vt 0.832210 0.231311
vt 0.763923 0.662345
vt 0.763929 0.652624
vt 0.781675 0.652158
vt 0.781675 0.652158
vt 0.781669 0.662355
vt 0.763923 0.662345
vt 0.693483 0.453237
vt 0.693767 0.450907
vt 0.695333 0.451917
vt 0.715976 0.420716
vt 0.714695 0.419957
vt 0.736203 0.385572
vt 0.736203 0.385572
vt 0.737639 0.386557
vt 0.715976 0.420716
vt 0.761036 0.342816
vt 0.762477 0.343686
vt 0.737639 0.386557
vt 0.737639 0.386557
vt 0.736203 0.385572
vt 0.761036 0.342816
vt 0.762477 0.343686
vt 0.761036 0.342816
vt 0.788333 0.291623
vt 0.788333 0.291623
vt 0.789644 0.292338
vt 0.762477 0.343686
vt 0.821284 0.226508
vt 0.822687 0.227252
vt 0.789644 0.292338
vt 0.789644 0.292338
vt 0.788333 0.291623
vt 0.821284 0.226508
vt 0.822687 0.227252
vt 0.821284 0.226508
vt 0.823948 0.221818
vt 0.823948 0.221818
vt 0.824959 0.222446
vt 0.822687 0.227252
vt 0.711185 0.464919
vt 0.710862 0.465426
vt 0.701806 0.459533
vt 0.701806 0.459533
vt 0.702140 0.459031
vt 0.711185 0.464919
vt 0.720455 0.470775
vt 0.720100 0.471323
vt 0.710862 0.465426
vt 0.710862 0.465426
vt 0.711185 0.464919
vt 0.720455 0.470775
vt 0.702140 0.459031
vt 0.701806 0.459533
vt 0.693127 0.453771
vt 0.693127 0.453771
vt 0.693483 0.453237
vt 0.702140 0.459031
vt 0.845980 0.229362
vt 0.856071 0.233348
vt 0.853580 0.237136
vt 0.853580 0.237136
vt 0.845362 0.230515
vt 0.845980 0.229362
vt 0.835542 0.224015
vt 0.845980 0.229362
vt 0.845362 0.230515
vt 0.845362 0.230515
vt 0.834969 0.224950
vt 0.835542 0.224015
vt 0.826909 0.217605
vt 0.835542 0.224015
vt 0.834969 0.224950
vt 0.834969 0.224950
vt 0.824937 0.222474
vt 0.826909 0.217605
vt 0.824937 0.222474
vt 0.824054 0.221766
vt 0.826909 0.217605
vt 0.835926 0.223420
vt 0.836987 0.221679
vt 0.847077 0.226993
vt 0.847077 0.226993
vt 0.846234 0.228780
vt 0.835926 0.223420
vt 0.846234 0.228780
vt 0.847077 0.226993
vt 0.856903 0.231805
vt 0.856903 0.231805
vt 0.856169 0.233155
vt 0.846234 0.228780
vt 0.858160 0.181260
vt 0.855271 0.186995
vt 0.845537 0.181773
vt 0.845537 0.181773
vt 0.848449 0.176096
vt 0.858160 0.181260
vt 0.891712 0.141631
vt 0.880282 0.163503
vt 0.870067 0.158232
vt 0.870067 0.158232
vt 0.881297 0.136170
vt 0.891712 0.141631
vt 0.890794 0.169042
vt 0.880282 0.163503
vt 0.891712 0.141631
vt 0.891712 0.141631
vt 0.902362 0.147316
vt 0.890794 0.169042
vt 0.882677 0.108287
vt 0.892998 0.114026
vt 0.881297 0.136170
vt 0.881297 0.136170
vt 0.870809 0.130952
vt 0.882677 0.108287
vt 0.903477 0.119689
vt 0.891712 0.141631
vt 0.881297 0.136170
vt 0.881297 0.136170
vt 0.892998 0.114026
vt 0.903477 0.119689
vt 0.913883 0.125277
vt 0.902362 0.147316
vt 0.891712 0.141631
vt 0.891712 0.141631
vt 0.903477 0.119689
vt 0.913883 0.125277
vt 0.859694 0.153563
vt 0.870809 0.130952
vt 0.881297 0.136170
vt 0.881297 0.136170
vt 0.870067 0.158232
vt 0.859694 0.153563
vt 0.860312 0.177021
vt 0.862578 0.172579
vt 0.872755 0.177856
vt 0.872755 0.177856
vt 0.870458 0.182256
vt 0.860312 0.177021
vt 0.870458 0.182256
vt 0.872755 0.177856
vt 0.882958 0.183221
vt 0.882958 0.183221
vt 0.880602 0.187583
vt 0.870458 0.182256
vt 0.850533 0.171992
vt 0.852684 0.167707
vt 0.862578 0.172579
vt 0.862578 0.172579
vt 0.860312 0.177021
vt 0.850533 0.171992
vt 0.723917 0.426556
vt 0.732279 0.431999
vt 0.712223 0.463296
vt 0.712223 0.463296
vt 0.703205 0.457422
vt 0.723917 0.426556
vt 0.720455 0.470775
vt 0.711185 0.464919
vt 0.712223 0.463296
vt 0.712223 0.463296
vt 0.720751 0.468481
vt 0.720455 0.470775
vt 0.702140 0.459031
vt 0.693483 0.453237
vt 0.695333 0.451917
vt 0.695333 0.451917
vt 0.703205 0.457422
vt 0.702140 0.459031
vt 0.714695 0.419957
vt 0.715976 0.420716
vt 0.695333 0.451917
vt 0.695333 0.451917
vt 0.693767 0.450907
vt 0.714695 0.419957
vt 0.706349 0.472429
vt 0.705283 0.474085
vt 0.696159 0.468184
vt 0.696159 0.468184
vt 0.697234 0.466529
vt 0.706349 0.472429
vt 0.715554 0.478328
vt 0.714529 0.480005
vt 0.705283 0.474085
vt 0.705283 0.474085
vt 0.706349 0.472429
vt 0.715554 0.478328
vt 0.697234 0.466529
vt 0.696159 0.468184
vt 0.687482 0.462532
vt 0.687482 0.462532
vt 0.688473 0.460809
vt 0.697234 0.466529
vt 0.834745 0.225593
vt 0.834969 0.224950
vt 0.845362 0.230515
vt 0.845362 0.230515
vt 0.845016 0.230997
vt 0.834745 0.225593
vt 0.845016 0.230997
vt 0.845362 0.230515
vt 0.853580 0.237136
vt 0.853580 0.237136
vt 0.853554 0.237156
vt 0.845016 0.230997
vt 0.824959 0.222446
vt 0.824937 0.222474
vt 0.834969 0.224950
vt 0.834969 0.224950
vt 0.834745 0.225593
vt 0.824959 0.222446
vt 0.823948 0.221818
vt 0.824054 0.221766
vt 0.824937 0.222474
vt 0.824937 0.222474
vt 0.824959 0.222446
vt 0.823948 0.221818
vt 0.835926 0.223420
vt 0.835542 0.224015
vt 0.826909 0.217605
vt 0.826909 0.217605
vt 0.826985 0.217470
vt 0.835926 0.223420
vt 0.845980 0.229362
vt 0.846234 0.228780
vt 0.856169 0.233155
vt 0.856169 0.233155
vt 0.856071 0.233348
vt 0.845980 0.229362
vt 0.835542 0.224015
vt 0.835926 0.223420
vt 0.846234 0.228780
vt 0.846234 0.228780
vt 0.845980 0.229362
vt 0.835542 0.224015
vt 0.858160 0.181260
vt 0.868269 0.186461
vt 0.865294 0.192180
vt 0.865294 0.192180
vt 0.855271 0.186995
vt 0.858160 0.181260
vt 0.865602 0.215991
vt 0.855568 0.210735
vt 0.865294 0.192180
vt 0.865294 0.192180
vt 0.875443 0.197506
vt 0.865602 0.215991
vt 0.855271 0.186995
vt 0.845621 0.205523
vt 0.835945 0.200241
vt 0.835945 0.200241
vt 0.845537 0.181773
vt 0.855271 0.186995
vt 0.867428 0.163317
vt 0.877605 0.168609
vt 0.874923 0.173719
vt 0.874923 0.173719
vt 0.864751 0.168420
vt 0.867428 0.163317
vt 0.877605 0.168609
vt 0.888037 0.174105
vt 0.885231 0.179146
vt 0.885231 0.179146
vt 0.874923 0.173719
vt 0.877605 0.168609
vt 0.857265 0.158488
vt 0.867428 0.163317
vt 0.864751 0.168420
vt 0.864751 0.168420
vt 0.854716 0.163637
vt 0.857265 0.158488
vt 0.858160 0.181260
vt 0.860312 0.177021
vt 0.870458 0.182256
vt 0.870458 0.182256
vt 0.868269 0.186461
vt 0.858160 0.181260
vt 0.868269 0.186461
vt 0.870458 0.182256
vt 0.880602 0.187583
vt 0.880602 0.187583
vt 0.878390 0.191772
vt 0.868269 0.186461
vt 0.848449 0.176096
vt 0.850533 0.171992
vt 0.860312 0.177021
vt 0.860312 0.177021
vt 0.858160 0.181260
vt 0.848449 0.176096
vt 0.880282 0.163503
vt 0.877605 0.168609
vt 0.867428 0.163317
vt 0.867428 0.163317
vt 0.870067 0.158232
vt 0.880282 0.163503
vt 0.890794 0.169042
vt 0.888037 0.174105
vt 0.877605 0.168609
vt 0.877605 0.168609
vt 0.880282 0.163503
vt 0.890794 0.169042
vt 0.870067 0.158232
vt 0.867428 0.163317
vt 0.857265 0.158488
vt 0.857265 0.158488
vt 0.859694 0.153563
vt 0.870067 0.158232
vt 0.862578 0.172579
vt 0.864751 0.168420
vt 0.874923 0.173719
vt 0.874923 0.173719
vt 0.872755 0.177856
vt 0.862578 0.172579
vt 0.872755 0.177856
vt 0.874923 0.173719
vt 0.885231 0.179146
vt 0.885231 0.179146
vt 0.882958 0.183221
vt 0.872755 0.177856
vt 0.852684 0.167707
vt 0.854716 0.163637
vt 0.864751 0.168420
vt 0.864751 0.168420
vt 0.862578 0.172579
vt 0.852684 0.167707
vt 0.835945 0.200241
vt 0.845621 0.205523
vt 0.836987 0.221679
vt 0.836987 0.221679
vt 0.827678 0.216189
vt 0.835945 0.200241
vt 0.845621 0.205523
vt 0.855568 0.210735
vt 0.847077 0.226993
vt 0.847077 0.226993
vt 0.836987 0.221679
vt 0.845621 0.205523
vt 0.855568 0.210735
vt 0.865602 0.215991
vt 0.856903 0.231805
vt 0.856903 0.231805
vt 0.847077 0.226993
vt 0.855568 0.210735
vt 0.763870 0.747106
vt 0.709040 0.747072
vt 0.709047 0.736642
vt 0.709047 0.736642
vt 0.763877 0.736676
vt 0.763870 0.747106
vt 0.654210 0.747037
vt 0.599380 0.747002
vt 0.599386 0.736572
vt 0.599386 0.736572
vt 0.654216 0.736607
vt 0.654210 0.747037
vt 0.763877 0.736676
vt 0.709047 0.736642
vt 0.709053 0.725913
vt 0.709053 0.725913
vt 0.763884 0.725947
vt 0.763877 0.736676
vt 0.654216 0.736607
vt 0.599386 0.736572
vt 0.599393 0.725843
vt 0.599393 0.725843
vt 0.654223 0.725879
vt 0.654216 0.736607
vt 0.763884 0.725947
vt 0.709053 0.725913
vt 0.709059 0.716166
vt 0.709059 0.716166
vt 0.763890 0.716201
vt 0.763884 0.725947
vt 0.654223 0.725879
vt 0.599393 0.725843
vt 0.599399 0.716097
vt 0.599399 0.716097
vt 0.654229 0.716132
vt 0.654223 0.725879
vt 0.763890 0.716201
vt 0.709059 0.716166
vt 0.709066 0.704841
vt 0.709066 0.704841
vt 0.763897 0.704875
vt 0.763890 0.716201
vt 0.654229 0.716132
vt 0.599399 0.716097
vt 0.599407 0.704771
vt 0.599407 0.704771
vt 0.654236 0.704806
vt 0.654229 0.716132
vt 0.763897 0.704875
vt 0.709066 0.704841
vt 0.709073 0.694112
vt 0.709073 0.694112
vt 0.763903 0.694146
vt 0.763897 0.704875
vt 0.654236 0.704806
vt 0.599407 0.704771
vt 0.599414 0.694042
vt 0.599414 0.694042
vt 0.654243 0.694078
vt 0.654236 0.704806
vt 0.763903 0.694146
vt 0.709073 0.694112
vt 0.709079 0.684365
vt 0.709079 0.684365
vt 0.763909 0.684399
vt 0.763903 0.694146
vt 0.654243 0.694078
vt 0.599414 0.694042
vt 0.599420 0.684296
vt 0.599420 0.684296
vt 0.654249 0.684331
vt 0.654243 0.694078
vt 0.763909 0.684399
vt 0.709079 0.684365
vt 0.709086 0.673040
vt 0.709086 0.673040
vt 0.763916 0.673074
vt 0.763909 0.684399
vt 0.654249 0.684331
vt 0.599420 0.684296
vt 0.599427 0.672970
vt 0.599427 0.672970
vt 0.654257 0.673005
vt 0.654249 0.684331
vt 0.763916 0.673074
vt 0.709086 0.673040
vt 0.697721 0.662304
vt 0.697721 0.662304
vt 0.763923 0.662345
vt 0.763916 0.673074
vt 0.654257 0.673005
vt 0.599427 0.672970
vt 0.609500 0.662248
vt 0.609500 0.662248
vt 0.654263 0.662277
vt 0.654257 0.673005
vt 0.697721 0.662304
vt 0.681639 0.652469
vt 0.763929 0.652624
vt 0.763929 0.652624
vt 0.763923 0.662345
vt 0.697721 0.662304
vt 0.654263 0.662277
vt 0.609500 0.662248
vt 0.620709 0.652332
vt 0.620709 0.652332
vt 0.654278 0.652421
vt 0.654263 0.662277
vt 0.763929 0.652624
vt 0.681639 0.652469
vt 0.654675 0.636698
vt 0.654675 0.636698
vt 0.764160 0.644680
vt 0.763929 0.652624
vt 0.511965 0.864356
vt 0.515789 0.876934
vt 0.504000 0.878262
vt 0.504000 0.878262
vt 0.502224 0.866983
vt 0.511965 0.864356
vt 0.258406 0.893215
vt 0.242129 0.892715
vt 0.237982 0.884485
vt 0.237982 0.884485
vt 0.258391 0.888220
vt 0.258406 0.893215
vt 0.505862 0.857949
vt 0.511965 0.864356
vt 0.502224 0.866983
vt 0.502224 0.866983
vt 0.496929 0.860669
vt 0.505862 0.857949
vt 0.495085 0.854919
vt 0.505862 0.857949
vt 0.496929 0.860669
vt 0.496929 0.860669
vt 0.487434 0.856132
vt 0.495085 0.854919
vt 0.482760 0.829028
vt 0.495085 0.854919
vt 0.487434 0.856132
vt 0.487434 0.856132
vt 0.476438 0.829773
vt 0.482760 0.829028
vt 0.258391 0.888220
vt 0.237982 0.884485
vt 0.233377 0.864105
vt 0.233377 0.864105
vt 0.258325 0.864683
vt 0.258391 0.888220
vt 0.478179 0.806897
vt 0.482760 0.829028
vt 0.476438 0.829773
vt 0.476438 0.829773
vt 0.472323 0.807814
vt 0.478179 0.806897
vt 0.258325 0.864683
vt 0.233377 0.864105
vt 0.182382 0.798821
vt 0.182382 0.798821
vt 0.258124 0.794345
vt 0.258325 0.864683
vt 0.477559 0.804610
vt 0.478179 0.806897
vt 0.472323 0.807814
vt 0.472323 0.807814
vt 0.471388 0.805909
vt 0.477559 0.804610
vt 0.468008 0.799776
vt 0.469621 0.805865
vt 0.440838 0.809421
vt 0.440838 0.809421
vt 0.441058 0.799341
vt 0.468008 0.799776
vt 0.258124 0.794345
vt 0.182382 0.798821
vt 0.171391 0.791086
vt 0.171391 0.791086
vt 0.258093 0.785782
vt 0.258124 0.794345
vt 0.463071 0.721771
vt 0.468008 0.799776
vt 0.441058 0.799341
vt 0.441058 0.799341
vt 0.430330 0.720687
vt 0.463071 0.721771
vt 0.258093 0.785782
vt 0.171391 0.791086
vt 0.169575 0.717705
vt 0.169575 0.717705
vt 0.257842 0.715040
vt 0.258093 0.785782
vt 0.453919 0.659279
vt 0.463071 0.721771
vt 0.430330 0.720687
vt 0.430330 0.720687
vt 0.423060 0.658554
vt 0.453919 0.659279
vt 0.438029 0.607109
vt 0.453919 0.659279
vt 0.423060 0.658554
vt 0.423060 0.658554
vt 0.409857 0.606634
vt 0.438029 0.607109
vt 0.257599 0.655723
vt 0.175733 0.657238
vt 0.181536 0.606166
vt 0.181536 0.606166
vt 0.257375 0.605134
vt 0.257599 0.655723
vt 0.414804 0.568895
vt 0.438029 0.607109
vt 0.409857 0.606634
vt 0.409857 0.606634
vt 0.390349 0.568591
vt 0.414804 0.568895
vt 0.257375 0.605134
vt 0.181536 0.606166
vt 0.190820 0.568542
vt 0.190820 0.568542
vt 0.257217 0.567789
vt 0.257375 0.605134
vt 0.392532 0.535809
vt 0.414804 0.568895
vt 0.390349 0.568591
vt 0.390349 0.568591
vt 0.370776 0.534341
vt 0.392532 0.535809
vt 0.257217 0.567789
vt 0.190820 0.568542
vt 0.200245 0.534315
vt 0.200245 0.534315
vt 0.257053 0.533581
vt 0.257217 0.567789
vt 0.370776 0.534341
vt 0.391023 0.533585
vt 0.391174 0.534217
vt 0.391174 0.534217
vt 0.392532 0.535809
vt 0.370776 0.534341
vt 0.200245 0.534315
vt 0.200316 0.529254
vt 0.257029 0.528681
vt 0.257029 0.528681
vt 0.257053 0.533581
vt 0.200245 0.534315
vt 0.391023 0.533585
vt 0.370776 0.534341
vt 0.370539 0.529113
vt 0.370539 0.529113
vt 0.391291 0.529303
vt 0.391023 0.533585
vt 0.389977 0.525303
vt 0.391291 0.529303
vt 0.370539 0.529113
vt 0.370539 0.529113
vt 0.369419 0.526742
vt 0.389977 0.525303
vt 0.257029 0.528681
vt 0.200316 0.529254
vt 0.200853 0.526888
vt 0.200853 0.526888
vt 0.257017 0.526322
vt 0.257029 0.528681
vt 0.015488 0.878028
vt 0.016999 0.867211
vt 0.075322 0.862502
vt 0.075322 0.862502
vt 0.076938 0.879422
vt 0.015488 0.878028
vt 0.021946 0.861154
vt 0.030974 0.856781
vt 0.075322 0.862502
vt 0.075322 0.862502
vt 0.016999 0.867211
vt 0.021946 0.861154
vt 0.075322 0.862502
vt 0.030974 0.856781
vt 0.041366 0.831037
vt 0.041366 0.831037
vt 0.078119 0.833498
vt 0.075322 0.862502
vt 0.078119 0.833498
vt 0.041366 0.831037
vt 0.045040 0.809420
vt 0.045040 0.809420
vt 0.075982 0.810588
vt 0.078119 0.833498
vt 0.075982 0.810588
vt 0.045040 0.809420
vt 0.046330 0.807525
vt 0.075982 0.810588
vt 0.047515 0.807424
vt 0.048951 0.801331
vt 0.048951 0.801331
vt 0.075677 0.800595
vt 0.075982 0.810588
vt 0.075677 0.800595
vt 0.048951 0.801331
vt 0.053043 0.723506
vt 0.053043 0.723506
vt 0.085676 0.722105
vt 0.075677 0.800595
vt 0.085676 0.722105
vt 0.053043 0.723506
vt 0.061563 0.661045
vt 0.061563 0.661045
vt 0.092348 0.660024
vt 0.085676 0.722105
vt 0.092348 0.660024
vt 0.061563 0.661045
vt 0.076924 0.608797
vt 0.076924 0.608797
vt 0.105040 0.608051
vt 0.092348 0.660024
vt 0.105040 0.608051
vt 0.076924 0.608797
vt 0.099749 0.570402
vt 0.099749 0.570402
vt 0.124176 0.569861
vt 0.105040 0.608051
vt 0.124176 0.569861
vt 0.099749 0.570402
vt 0.121676 0.537131
vt 0.121676 0.537131
vt 0.143399 0.535451
vt 0.124176 0.569861
vt 0.123018 0.535529
vt 0.123163 0.534894
vt 0.143399 0.535451
vt 0.143399 0.535451
vt 0.121676 0.537131
vt 0.123018 0.535529
vt 0.123163 0.534894
vt 0.122852 0.530619
vt 0.143584 0.530226
vt 0.143584 0.530226
vt 0.143399 0.535451
vt 0.123163 0.534894
vt 0.143584 0.530226
vt 0.122852 0.530619
vt 0.124126 0.526610
vt 0.124126 0.526610
vt 0.144680 0.527845
vt 0.143584 0.530226
vt 0.333267 0.605469
vt 0.323640 0.567911
vt 0.390349 0.568591
vt 0.390349 0.568591
vt 0.409857 0.606634
vt 0.333267 0.605469
vt 0.323640 0.567911
vt 0.313881 0.533759
vt 0.370776 0.534341
vt 0.370776 0.534341
vt 0.390349 0.568591
vt 0.323640 0.567911
vt 0.313881 0.533759
vt 0.313761 0.528696
vt 0.370539 0.529113
vt 0.370539 0.529113
vt 0.370776 0.534341
vt 0.313881 0.533759
vt 0.313761 0.528696
vt 0.313200 0.526334
vt 0.369419 0.526742
vt 0.369419 0.526742
vt 0.370539 0.529113
vt 0.313761 0.528696
vt 0.369419 0.526742
vt 0.369860 0.524627
vt 0.388221 0.524696
vt 0.388221 0.524696
vt 0.389977 0.525303
vt 0.369419 0.526742
vt 0.144680 0.527845
vt 0.124126 0.526610
vt 0.125875 0.525987
vt 0.125875 0.525987
vt 0.144218 0.525737
vt 0.144680 0.527845
vt 0.200853 0.526888
vt 0.200612 0.524777
vt 0.257007 0.524210
vt 0.257007 0.524210
vt 0.257017 0.526322
vt 0.200853 0.526888
vt 0.369419 0.526742
vt 0.313200 0.526334
vt 0.313420 0.524220
vt 0.313420 0.524220
vt 0.369860 0.524627
vt 0.369419 0.526742
vt 0.061894 0.955047
vt 0.037738 0.950014
vt 0.044892 0.922170
vt 0.044892 0.922170
vt 0.067200 0.926733
vt 0.061894 0.955047
vt 0.472460 0.925706
vt 0.477449 0.960041
vt 0.447647 0.963001
vt 0.447647 0.963001
vt 0.447141 0.928223
vt 0.472460 0.925706
vt 0.044892 0.922170
vt 0.037706 0.890109
vt 0.074792 0.895938
vt 0.074792 0.895938
vt 0.067200 0.926733
vt 0.044892 0.922170
vt 0.441674 0.895878
vt 0.481437 0.891223
vt 0.472460 0.925706
vt 0.472460 0.925706
vt 0.447141 0.928223
vt 0.441674 0.895878
vt 0.037706 0.890109
vt 0.030923 0.884643
vt 0.076634 0.889277
vt 0.076634 0.889277
vt 0.074792 0.895938
vt 0.037706 0.890109
vt 0.440010 0.889201
vt 0.488461 0.885419
vt 0.481437 0.891223
vt 0.481437 0.891223
vt 0.441674 0.895878
vt 0.440010 0.889201
vt 0.030923 0.884643
vt 0.021774 0.882542
vt 0.077067 0.885435
vt 0.077067 0.885435
vt 0.076634 0.889277
vt 0.030923 0.884643
vt 0.439714 0.885406
vt 0.497757 0.883083
vt 0.488461 0.885419
vt 0.488461 0.885419
vt 0.440010 0.889201
vt 0.439714 0.885406
vt 0.021774 0.882542
vt 0.015488 0.878028
vt 0.076938 0.879422
vt 0.076938 0.879422
vt 0.077067 0.885435
vt 0.021774 0.882542
vt 0.440017 0.879365
vt 0.504000 0.878262
vt 0.497757 0.883083
vt 0.497757 0.883083
vt 0.439714 0.885406
vt 0.440017 0.879365
vt 0.211808 0.994037
vt 0.236110 0.920181
vt 0.258495 0.920769
vt 0.258495 0.920769
vt 0.258818 0.998000
vt 0.211808 0.994037
vt 0.236110 0.920181
vt 0.242066 0.895832
vt 0.258417 0.895475
vt 0.258417 0.895475
vt 0.258495 0.920769
vt 0.236110 0.920181
vt 0.242066 0.895832
vt 0.242304 0.894301
vt 0.258412 0.894226
vt 0.258412 0.894226
vt 0.258417 0.895475
vt 0.242066 0.895832
vt 0.242304 0.894301
vt 0.242286 0.893864
vt 0.258410 0.894079
vt 0.258410 0.894079
vt 0.258412 0.894226
vt 0.242304 0.894301
vt 0.242286 0.893864
vt 0.242129 0.892715
vt 0.258406 0.893215
vt 0.258406 0.893215
vt 0.258410 0.894079
vt 0.242286 0.893864
vt 0.504000 0.878262
vt 0.440017 0.879365
vt 0.441817 0.862095
vt 0.441817 0.862095
vt 0.502224 0.866983
vt 0.504000 0.878262
vt 0.502224 0.866983
vt 0.441817 0.862095
vt 0.496929 0.860669
vt 0.496929 0.860669
vt 0.441817 0.862095
vt 0.487434 0.856132
vt 0.441817 0.862095
vt 0.438883 0.832635
vt 0.476438 0.829773
vt 0.476438 0.829773
vt 0.487434 0.856132
vt 0.441817 0.862095
vt 0.438883 0.832635
vt 0.440838 0.809421
vt 0.472323 0.807814
vt 0.472323 0.807814
vt 0.476438 0.829773
vt 0.438883 0.832635
vt 0.440838 0.809421
vt 0.469621 0.805865
vt 0.471388 0.805909
vt 0.471388 0.805909
vt 0.472323 0.807814
vt 0.440838 0.809421
vt 0.479594 0.924988
vt 0.484600 0.959334
vt 0.477449 0.960041
vt 0.477449 0.960041
vt 0.472460 0.925706
vt 0.479594 0.924988
vt 0.481437 0.891223
vt 0.489407 0.891010
vt 0.479594 0.924988
vt 0.479594 0.924988
vt 0.472460 0.925706
vt 0.481437 0.891223
vt 0.488461 0.885419
vt 0.496940 0.885822
vt 0.489407 0.891010
vt 0.489407 0.891010
vt 0.481437 0.891223
vt 0.488461 0.885419
vt 0.497757 0.883083
vt 0.508117 0.883878
vt 0.496940 0.885822
vt 0.496940 0.885822
vt 0.488461 0.885419
vt 0.497757 0.883083
vt 0.504000 0.878262
vt 0.515789 0.876934
vt 0.508117 0.883878
vt 0.508117 0.883878
vt 0.497757 0.883083
vt 0.504000 0.878262
vt 0.477559 0.804610
vt 0.471388 0.805909
vt 0.477154 0.804403
vt 0.015488 0.878028
vt 0.004049 0.876932
vt 0.007636 0.864800
vt 0.007636 0.864800
vt 0.016999 0.867211
vt 0.015488 0.878028
vt 0.016999 0.867211
vt 0.007636 0.864800
vt 0.013426 0.858640
vt 0.013426 0.858640
vt 0.021946 0.861154
vt 0.016999 0.867211
vt 0.021946 0.861154
vt 0.013426 0.858640
vt 0.023624 0.855677
vt 0.023624 0.855677
vt 0.030974 0.856781
vt 0.021946 0.861154
vt 0.030974 0.856781
vt 0.023624 0.855677
vt 0.035184 0.830410
vt 0.035184 0.830410
vt 0.041366 0.831037
vt 0.030974 0.856781
vt 0.041366 0.831037
vt 0.035184 0.830410
vt 0.039253 0.808623
vt 0.039253 0.808623
vt 0.045040 0.809420
vt 0.041366 0.831037
vt 0.045040 0.809420
vt 0.039253 0.808623
vt 0.039796 0.806341
vt 0.039796 0.806341
vt 0.046330 0.807525
vt 0.045040 0.809420
vt 0.037738 0.950014
vt 0.031936 0.948874
vt 0.038729 0.921131
vt 0.038729 0.921131
vt 0.044892 0.922170
vt 0.037738 0.950014
vt 0.038729 0.921131
vt 0.030200 0.889963
vt 0.037706 0.890109
vt 0.037706 0.890109
vt 0.044892 0.922170
vt 0.038729 0.921131
vt 0.030200 0.889963
vt 0.022684 0.885225
vt 0.030923 0.884643
vt 0.030923 0.884643
vt 0.037706 0.890109
vt 0.030200 0.889963
vt 0.022684 0.885225
vt 0.011614 0.883587
vt 0.021774 0.882542
vt 0.021774 0.882542
vt 0.030923 0.884643
vt 0.022684 0.885225
vt 0.011614 0.883587
vt 0.004049 0.876932
vt 0.015488 0.878028
vt 0.015488 0.878028
vt 0.021774 0.882542
vt 0.011614 0.883587
vt 0.039796 0.806341
vt 0.040194 0.806124
vt 0.046330 0.807525
vt 0.047515 0.807424
vt 0.075982 0.810588
vt 0.046330 0.807525
vt 0.506679 0.857446
vt 0.505862 0.857949
vt 0.495085 0.854919
vt 0.495085 0.854919
vt 0.495807 0.854545
vt 0.506679 0.857446
vt 0.478848 0.806763
vt 0.478179 0.806897
vt 0.477559 0.804610
vt 0.477559 0.804610
vt 0.478195 0.804349
vt 0.478848 0.806763
vt 0.480151 0.924929
vt 0.479594 0.924988
vt 0.489407 0.891010
vt 0.489407 0.891010
vt 0.490844 0.891886
vt 0.480151 0.924929
vt 0.485165 0.959268
vt 0.484600 0.959334
vt 0.479594 0.924988
vt 0.479594 0.924988
vt 0.480151 0.924929
vt 0.485165 0.959268
vt 0.517871 0.877170
vt 0.515789 0.876934
vt 0.511965 0.864356
vt 0.511965 0.864356
vt 0.512961 0.863943
vt 0.517871 0.877170
vt 0.477559 0.804610
vt 0.477154 0.804403
vt 0.477553 0.803925
vt 0.477553 0.803925
vt 0.478195 0.804349
vt 0.477559 0.804610
vt 0.495807 0.854545
vt 0.495085 0.854919
vt 0.482760 0.829028
vt 0.482760 0.829028
vt 0.483436 0.828895
vt 0.495807 0.854545
vt 0.497594 0.886439
vt 0.496940 0.885822
vt 0.508117 0.883878
vt 0.508117 0.883878
vt 0.508948 0.884732
vt 0.497594 0.886439
vt 0.512961 0.863943
vt 0.511965 0.864356
vt 0.505862 0.857949
vt 0.505862 0.857949
vt 0.506679 0.857446
vt 0.512961 0.863943
vt 0.490844 0.891886
vt 0.489407 0.891010
vt 0.496940 0.885822
vt 0.496940 0.885822
vt 0.497594 0.886439
vt 0.490844 0.891886
vt 0.508948 0.884732
vt 0.508117 0.883878
vt 0.515789 0.876934
vt 0.515789 0.876934
vt 0.517871 0.877170
vt 0.508948 0.884732
vt 0.483436 0.828895
vt 0.482760 0.829028
vt 0.478179 0.806897
vt 0.478179 0.806897
vt 0.478848 0.806763
vt 0.483436 0.828895
vt 0.022932 0.855325
vt 0.023624 0.855677
vt 0.013426 0.858640
vt 0.013426 0.858640
vt 0.012648 0.858158
vt 0.022932 0.855325
vt 0.039158 0.806112
vt 0.039796 0.806341
vt 0.039253 0.808623
vt 0.039253 0.808623
vt 0.038590 0.808508
vt 0.039158 0.806112
vt 0.028898 0.890833
vt 0.030200 0.889963
vt 0.038729 0.921131
vt 0.038729 0.921131
vt 0.038241 0.921076
vt 0.028898 0.890833
vt 0.038241 0.921076
vt 0.038729 0.921131
vt 0.031936 0.948874
vt 0.031936 0.948874
vt 0.031479 0.948777
vt 0.038241 0.921076
vt 0.006676 0.864410
vt 0.007636 0.864800
vt 0.004049 0.876932
vt 0.004049 0.876932
vt 0.002000 0.877170
vt 0.006676 0.864410
vt 0.039773 0.805670
vt 0.040194 0.806124
vt 0.039796 0.806341
vt 0.039796 0.806341
vt 0.039158 0.806112
vt 0.039773 0.805670
vt 0.034523 0.830294
vt 0.035184 0.830410
vt 0.023624 0.855677
vt 0.023624 0.855677
vt 0.022932 0.855325
vt 0.034523 0.830294
vt 0.010798 0.884421
vt 0.011614 0.883587
vt 0.022684 0.885225
vt 0.022684 0.885225
vt 0.022086 0.885828
vt 0.010798 0.884421
vt 0.012648 0.858158
vt 0.013426 0.858640
vt 0.007636 0.864800
vt 0.007636 0.864800
vt 0.006676 0.864410
vt 0.012648 0.858158
vt 0.022086 0.885828
vt 0.022684 0.885225
vt 0.030200 0.889963
vt 0.030200 0.889963
vt 0.028898 0.890833
vt 0.022086 0.885828
vt 0.002000 0.877170
vt 0.004049 0.876932
vt 0.011614 0.883587
vt 0.011614 0.883587
vt 0.010798 0.884421
vt 0.002000 0.877170
vt 0.038590 0.808508
vt 0.039253 0.808623
vt 0.035184 0.830410
vt 0.035184 0.830410
vt 0.034523 0.830294
vt 0.038590 0.808508
vt 0.124000 0.526566
vt 0.124126 0.526610
vt 0.122852 0.530619
vt 0.122852 0.530619
vt 0.122716 0.530616
vt 0.124000 0.526566
vt 0.122716 0.530616
vt 0.122852 0.530619
vt 0.123163 0.534894
vt 0.123163 0.534894
vt 0.123027 0.534893
vt 0.122716 0.530616
vt 0.121612 0.537116
vt 0.121676 0.537131
vt 0.099749 0.570402
vt 0.099749 0.570402
vt 0.099749 0.570402
vt 0.121612 0.537116
vt 0.099749 0.570402
vt 0.099749 0.570402
vt 0.076924 0.608797
vt 0.076924 0.608797
vt 0.076924 0.608797
vt 0.099749 0.570402
vt 0.076924 0.608797
vt 0.076924 0.608797
vt 0.061563 0.661045
vt 0.061563 0.661045
vt 0.061563 0.661045
vt 0.076924 0.608797
vt 0.061563 0.661045
vt 0.061563 0.661045
vt 0.053043 0.723506
vt 0.053043 0.723506
vt 0.053043 0.723506
vt 0.061563 0.661045
vt 0.053043 0.723506
vt 0.053043 0.723506
vt 0.048951 0.801331
vt 0.048951 0.801331
vt 0.048873 0.801315
vt 0.053043 0.723506
vt 0.048873 0.801315
vt 0.048951 0.801331
vt 0.047515 0.807424
vt 0.047515 0.807424
vt 0.047293 0.807220
vt 0.048873 0.801315
vt 0.123027 0.534893
vt 0.123163 0.534894
vt 0.123018 0.535529
vt 0.123018 0.535529
vt 0.122882 0.535512
vt 0.123027 0.534893
vt 0.046362 0.807086
vt 0.046330 0.807525
vt 0.040194 0.806124
vt 0.040194 0.806124
vt 0.039773 0.805670
vt 0.046362 0.807086
vt 0.122882 0.535512
vt 0.123018 0.535529
vt 0.121676 0.537131
vt 0.121676 0.537131
vt 0.121612 0.537116
vt 0.122882 0.535512
vt 0.125905 0.525931
vt 0.125875 0.525987
vt 0.124126 0.526610
vt 0.124126 0.526610
vt 0.124000 0.526566
vt 0.125905 0.525931
vt 0.047293 0.807220
vt 0.047515 0.807424
vt 0.046330 0.807525
vt 0.046330 0.807525
vt 0.046362 0.807086
vt 0.047293 0.807220
vt 0.391428 0.529299
vt 0.391291 0.529303
vt 0.389977 0.525303
vt 0.389977 0.525303
vt 0.390102 0.525259
vt 0.391428 0.529299
vt 0.391159 0.533582
vt 0.391023 0.533585
vt 0.391291 0.529303
vt 0.391291 0.529303
vt 0.391428 0.529299
vt 0.391159 0.533582
vt 0.414829 0.568935
vt 0.414804 0.568895
vt 0.392532 0.535809
vt 0.392532 0.535809
vt 0.392612 0.535817
vt 0.414829 0.568935
vt 0.438046 0.607141
vt 0.438029 0.607109
vt 0.414804 0.568895
vt 0.414804 0.568895
vt 0.414829 0.568935
vt 0.438046 0.607141
vt 0.453924 0.659297
vt 0.453919 0.659279
vt 0.438029 0.607109
vt 0.438029 0.607109
vt 0.438046 0.607141
vt 0.453924 0.659297
vt 0.463073 0.721782
vt 0.463071 0.721771
vt 0.453919 0.659279
vt 0.453919 0.659279
vt 0.453924 0.659297
vt 0.463073 0.721782
vt 0.468086 0.799764
vt 0.468008 0.799776
vt 0.463071 0.721771
vt 0.463071 0.721771
vt 0.463073 0.721782
vt 0.468086 0.799764
vt 0.469839 0.805693
vt 0.469621 0.805865
vt 0.468008 0.799776
vt 0.468008 0.799776
vt 0.468086 0.799764
vt 0.469839 0.805693
vt 0.391309 0.534200
vt 0.391174 0.534217
vt 0.391023 0.533585
vt 0.391023 0.533585
vt 0.391159 0.533582
vt 0.391309 0.534200
vt 0.477553 0.803925
vt 0.477154 0.804403
vt 0.471388 0.805909
vt 0.471388 0.805909
vt 0.470846 0.805650
vt 0.477553 0.803925
vt 0.392612 0.535817
vt 0.392532 0.535809
vt 0.391174 0.534217
vt 0.391174 0.534217
vt 0.391309 0.534200
vt 0.392612 0.535817
vt 0.389977 0.525303
vt 0.388221 0.524696
vt 0.388212 0.524641
vt 0.388212 0.524641
vt 0.390102 0.525259
vt 0.389977 0.525303
vt 0.470846 0.805650
vt 0.471388 0.805909
vt 0.469621 0.805865
vt 0.469621 0.805865
vt 0.469839 0.805693
vt 0.470846 0.805650
vt 0.144218 0.525737
vt 0.144218 0.525737
vt 0.125875 0.525987
vt 0.125875 0.525987
vt 0.125905 0.525931
vt 0.144218 0.525737
vt 0.388212 0.524641
vt 0.388221 0.524696
vt 0.369860 0.524627
vt 0.369860 0.524627
vt 0.369889 0.524627
vt 0.388212 0.524641
vt 0.369860 0.524627
vt 0.313420 0.524220
vt 0.313434 0.524220
vt 0.313434 0.524220
vt 0.369889 0.524627
vt 0.369860 0.524627
vt 0.257007 0.524210
vt 0.200612 0.524777
vt 0.200612 0.524777
vt 0.200612 0.524777
vt 0.257007 0.524210
vt 0.257007 0.524210
vt 0.654210 0.747037
vt 0.654216 0.736607
vt 0.709047 0.736642
vt 0.709047 0.736642
vt 0.709040 0.747072
vt 0.654210 0.747037
vt 0.544550 0.746967
vt 0.544556 0.736537
vt 0.599386 0.736572
vt 0.599386 0.736572
vt 0.599380 0.747002
vt 0.544550 0.746967
vt 0.654216 0.736607
vt 0.654223 0.725879
vt 0.709053 0.725913
vt 0.709053 0.725913
vt 0.709047 0.736642
vt 0.654216 0.736607
vt 0.544556 0.736537
vt 0.544563 0.725808
vt 0.599393 0.725843
vt 0.599393 0.725843
vt 0.599386 0.736572
vt 0.544556 0.736537
vt 0.654223 0.725879
vt 0.654229 0.716132
vt 0.709059 0.716166
vt 0.709059 0.716166
vt 0.709053 0.725913
vt 0.654223 0.725879
vt 0.544563 0.725808
vt 0.544569 0.716061
vt 0.599399 0.716097
vt 0.599399 0.716097
vt 0.599393 0.725843
vt 0.544563 0.725808
vt 0.654229 0.716132
vt 0.654236 0.704806
vt 0.709066 0.704841
vt 0.709066 0.704841
vt 0.709059 0.716166
vt 0.654229 0.716132
vt 0.544569 0.716061
vt 0.544577 0.704736
vt 0.599407 0.704771
vt 0.599407 0.704771
vt 0.599399 0.716097
vt 0.544569 0.716061
vt 0.654236 0.704806
vt 0.654243 0.694078
vt 0.709073 0.694112
vt 0.709073 0.694112
vt 0.709066 0.704841
vt 0.654236 0.704806
vt 0.544577 0.704736
vt 0.544584 0.694007
vt 0.599414 0.694042
vt 0.599414 0.694042
vt 0.599407 0.704771
vt 0.544577 0.704736
vt 0.654243 0.694078
vt 0.654249 0.684331
vt 0.709079 0.684365
vt 0.709079 0.684365
vt 0.709073 0.694112
vt 0.654243 0.694078
vt 0.544584 0.694007
vt 0.544590 0.684260
vt 0.599420 0.684296
vt 0.599420 0.684296
vt 0.599414 0.694042
vt 0.544584 0.694007
vt 0.654249 0.684331
vt 0.654257 0.673005
vt 0.709086 0.673040
vt 0.709086 0.673040
vt 0.709079 0.684365
vt 0.654249 0.684331
vt 0.544590 0.684260
vt 0.544598 0.672935
vt 0.599427 0.672970
vt 0.599427 0.672970
vt 0.599420 0.684296
vt 0.544590 0.684260
vt 0.654257 0.673005
vt 0.654263 0.662277
vt 0.697721 0.662304
vt 0.697721 0.662304
vt 0.709086 0.673040
vt 0.654257 0.673005
vt 0.544598 0.672935
vt 0.544605 0.662206
vt 0.609500 0.662248
vt 0.609500 0.662248
vt 0.599427 0.672970
vt 0.544598 0.672935
vt 0.544605 0.662206
vt 0.544628 0.652216
vt 0.620709 0.652332
vt 0.620709 0.652332
vt 0.609500 0.662248
vt 0.544605 0.662206
vt 0.620709 0.652332
vt 0.544628 0.652216
vt 0.544880 0.644705
vt 0.544880 0.644705
vt 0.654675 0.636698
vt 0.620709 0.652332
vt 0.084456 0.879751
vt 0.080800 0.863370
vt 0.096689 0.870567
vt 0.096689 0.870567
vt 0.097559 0.883412
vt 0.084456 0.879751
vt 0.096689 0.870567
vt 0.080800 0.863370
vt 0.078119 0.833498
vt 0.078119 0.833498
vt 0.107666 0.834351
vt 0.096689 0.870567
vt 0.107666 0.834351
vt 0.078119 0.833498
vt 0.075982 0.810588
vt 0.075982 0.810588
vt 0.164012 0.800784
vt 0.107666 0.834351
vt 0.164012 0.800784
vt 0.075982 0.810588
vt 0.075677 0.800595
vt 0.075677 0.800595
vt 0.171391 0.791086
vt 0.164012 0.800784
vt 0.175733 0.657238
vt 0.092348 0.660024
vt 0.105040 0.608051
vt 0.105040 0.608051
vt 0.181536 0.606166
vt 0.175733 0.657238
vt 0.181536 0.606166
vt 0.105040 0.608051
vt 0.124176 0.569861
vt 0.124176 0.569861
vt 0.190820 0.568542
vt 0.181536 0.606166
vt 0.190820 0.568542
vt 0.124176 0.569861
vt 0.143399 0.535451
vt 0.143399 0.535451
vt 0.200245 0.534315
vt 0.190820 0.568542
vt 0.200245 0.534315
vt 0.143399 0.535451
vt 0.143584 0.530226
vt 0.143584 0.530226
vt 0.200316 0.529254
vt 0.200245 0.534315
vt 0.200316 0.529254
vt 0.143584 0.530226
vt 0.144680 0.527845
vt 0.144680 0.527845
vt 0.200853 0.526888
vt 0.200316 0.529254
vt 0.257375 0.605134
vt 0.257217 0.567789
vt 0.323640 0.567911
vt 0.323640 0.567911
vt 0.333267 0.605469
vt 0.257375 0.605134
vt 0.257217 0.567789
vt 0.257053 0.533581
vt 0.313881 0.533759
vt 0.313881 0.533759
vt 0.323640 0.567911
vt 0.257217 0.567789
vt 0.257053 0.533581
vt 0.257029 0.528681
vt 0.313761 0.528696
vt 0.313761 0.528696
vt 0.313881 0.533759
vt 0.257053 0.533581
vt 0.257029 0.528681
vt 0.257017 0.526322
vt 0.313200 0.526334
vt 0.313200 0.526334
vt 0.313761 0.528696
vt 0.257029 0.528681
vt 0.144680 0.527845
vt 0.144218 0.525737
vt 0.200612 0.524777
vt 0.200612 0.524777
vt 0.200853 0.526888
vt 0.144680 0.527845
vt 0.257017 0.526322
vt 0.257007 0.524210
vt 0.313420 0.524220
vt 0.313420 0.524220
vt 0.313200 0.526334
vt 0.257017 0.526322
vt 0.131535 0.976707
vt 0.061894 0.955047
vt 0.072108 0.926352
vt 0.072108 0.926352
vt 0.097000 0.919433
vt 0.131535 0.976707
vt 0.072108 0.926352
vt 0.081635 0.896278
vt 0.095667 0.894633
vt 0.095667 0.894633
vt 0.097000 0.919433
vt 0.072108 0.926352
vt 0.081635 0.896278
vt 0.084450 0.889644
vt 0.097152 0.889923
vt 0.097152 0.889923
vt 0.095667 0.894633
vt 0.081635 0.896278
vt 0.084450 0.889644
vt 0.084989 0.885893
vt 0.097605 0.887449
vt 0.097605 0.887449
vt 0.097152 0.889923
vt 0.084450 0.889644
vt 0.084989 0.885893
vt 0.084456 0.879751
vt 0.097559 0.883412
vt 0.097559 0.883412
vt 0.097605 0.887449
vt 0.084989 0.885893
vt 0.257007 0.524210
vt 0.257007 0.524210
vt 0.313434 0.524220
vt 0.313434 0.524220
vt 0.313420 0.524220
vt 0.257007 0.524210
vt 0.144218 0.525737
vt 0.144218 0.525737
vt 0.200612 0.524777
vt 0.200612 0.524777
vt 0.200612 0.524777
vt 0.144218 0.525737
vt 0.175733 0.657238
vt 0.257599 0.655723
vt 0.257842 0.715040
vt 0.257842 0.715040
vt 0.169575 0.717705
vt 0.175733 0.657238
vt 0.211895 0.891653
vt 0.173472 0.888979
vt 0.171185 0.879203
vt 0.171185 0.879203
vt 0.203759 0.881333
vt 0.211895 0.891653
vt 0.203759 0.881333
vt 0.171185 0.879203
vt 0.170627 0.860794
vt 0.170627 0.860794
vt 0.197311 0.861445
vt 0.203759 0.881333
vt 0.197311 0.861445
vt 0.170627 0.860794
vt 0.172808 0.805978
vt 0.172808 0.805978
vt 0.182382 0.798821
vt 0.197311 0.861445
vt 0.172808 0.805978
vt 0.164012 0.800784
vt 0.171391 0.791086
vt 0.171391 0.791086
vt 0.182382 0.798821
vt 0.172808 0.805978
vt 0.211808 0.994037
vt 0.160812 0.983641
vt 0.167714 0.915976
vt 0.167714 0.915976
vt 0.200696 0.913838
vt 0.211808 0.994037
vt 0.200696 0.913838
vt 0.167714 0.915976
vt 0.171974 0.897953
vt 0.171974 0.897953
vt 0.211249 0.895393
vt 0.200696 0.913838
vt 0.211249 0.895393
vt 0.171974 0.897953
vt 0.173704 0.894305
vt 0.173704 0.894305
vt 0.212295 0.893662
vt 0.211249 0.895393
vt 0.212295 0.893662
vt 0.173704 0.894305
vt 0.173999 0.892231
vt 0.173999 0.892231
vt 0.212369 0.893090
vt 0.212295 0.893662
vt 0.212369 0.893090
vt 0.173999 0.892231
vt 0.173472 0.888979
vt 0.173472 0.888979
vt 0.211895 0.891653
vt 0.212369 0.893090
vt 0.169575 0.717705
vt 0.085676 0.722105
vt 0.092348 0.660024
vt 0.092348 0.660024
vt 0.175733 0.657238
vt 0.169575 0.717705
vt 0.169110 0.889064
vt 0.146032 0.888491
vt 0.146713 0.878720
vt 0.146713 0.878720
vt 0.165744 0.879141
vt 0.169110 0.889064
vt 0.165744 0.879141
vt 0.146713 0.878720
vt 0.149373 0.853774
vt 0.149373 0.853774
vt 0.161582 0.861366
vt 0.165744 0.879141
vt 0.161582 0.861366
vt 0.149373 0.853774
vt 0.164012 0.800784
vt 0.164012 0.800784
vt 0.172808 0.805978
vt 0.161582 0.861366
vt 0.171391 0.791086
vt 0.075677 0.800595
vt 0.085676 0.722105
vt 0.085676 0.722105
vt 0.169575 0.717705
vt 0.171391 0.791086
vt 0.160812 0.983641
vt 0.131535 0.976707
vt 0.145977 0.920101
vt 0.145977 0.920101
vt 0.162265 0.913666
vt 0.160812 0.983641
vt 0.162265 0.913666
vt 0.145977 0.920101
vt 0.146031 0.895005
vt 0.146031 0.895005
vt 0.167836 0.897514
vt 0.162265 0.913666
vt 0.167836 0.897514
vt 0.146031 0.895005
vt 0.146025 0.891988
vt 0.146025 0.891988
vt 0.169223 0.894123
vt 0.167836 0.897514
vt 0.169223 0.894123
vt 0.146025 0.891988
vt 0.145967 0.890821
vt 0.145967 0.890821
vt 0.169454 0.892201
vt 0.169223 0.894123
vt 0.169454 0.892201
vt 0.145967 0.890821
vt 0.146032 0.888491
vt 0.146032 0.888491
vt 0.169110 0.889064
vt 0.169454 0.892201
vt 0.131535 0.976707
vt 0.097000 0.919433
vt 0.123474 0.914509
vt 0.123474 0.914509
vt 0.145977 0.920101
vt 0.131535 0.976707
vt 0.164012 0.800784
vt 0.149373 0.853774
vt 0.127649 0.854913
vt 0.127649 0.854913
vt 0.107666 0.834351
vt 0.164012 0.800784
vt 0.146032 0.888491
vt 0.123327 0.887328
vt 0.122950 0.877011
vt 0.122950 0.877011
vt 0.146713 0.878720
vt 0.146032 0.888491
vt 0.127649 0.854913
vt 0.149373 0.853774
vt 0.146713 0.878720
vt 0.146713 0.878720
vt 0.122950 0.877011
vt 0.127649 0.854913
vt 0.122809 0.893356
vt 0.146031 0.895005
vt 0.145977 0.920101
vt 0.145977 0.920101
vt 0.123474 0.914509
vt 0.122809 0.893356
vt 0.123380 0.890485
vt 0.146025 0.891988
vt 0.146031 0.895005
vt 0.146031 0.895005
vt 0.122809 0.893356
vt 0.123380 0.890485
vt 0.123439 0.889549
vt 0.145967 0.890821
vt 0.146025 0.891988
vt 0.146025 0.891988
vt 0.123380 0.890485
vt 0.123439 0.889549
vt 0.123327 0.887328
vt 0.146032 0.888491
vt 0.145967 0.890821
vt 0.145967 0.890821
vt 0.123439 0.889549
vt 0.123327 0.887328
vt 0.123327 0.887328
vt 0.097559 0.883412
vt 0.096689 0.870567
vt 0.096689 0.870567
vt 0.122950 0.877011
vt 0.123327 0.887328
vt 0.107666 0.834351
vt 0.127649 0.854913
vt 0.122950 0.877011
vt 0.122950 0.877011
vt 0.096689 0.870567
vt 0.107666 0.834351
vt 0.095667 0.894633
vt 0.122809 0.893356
vt 0.123474 0.914509
vt 0.123474 0.914509
vt 0.097000 0.919433
vt 0.095667 0.894633
vt 0.097152 0.889923
vt 0.123380 0.890485
vt 0.122809 0.893356
vt 0.122809 0.893356
vt 0.095667 0.894633
vt 0.097152 0.889923
vt 0.097605 0.887449
vt 0.123439 0.889549
vt 0.123380 0.890485
vt 0.123380 0.890485
vt 0.097152 0.889923
vt 0.097605 0.887449
vt 0.097559 0.883412
vt 0.123327 0.887328
vt 0.123439 0.889549
vt 0.123439 0.889549
vt 0.097605 0.887449
vt 0.097559 0.883412
vt 0.182382 0.798821
vt 0.233377 0.864105
vt 0.218060 0.869093
vt 0.218060 0.869093
vt 0.197311 0.861445
vt 0.182382 0.798821
vt 0.211808 0.994037
vt 0.200696 0.913838
vt 0.221856 0.909382
vt 0.221856 0.909382
vt 0.236110 0.920181
vt 0.211808 0.994037
vt 0.242129 0.892715
vt 0.227633 0.892655
vt 0.221776 0.883033
vt 0.221776 0.883033
vt 0.237982 0.884485
vt 0.242129 0.892715
vt 0.218060 0.869093
vt 0.233377 0.864105
vt 0.237982 0.884485
vt 0.237982 0.884485
vt 0.221776 0.883033
vt 0.218060 0.869093
vt 0.227158 0.895341
vt 0.242066 0.895832
vt 0.236110 0.920181
vt 0.236110 0.920181
vt 0.221856 0.909382
vt 0.227158 0.895341
vt 0.227796 0.893982
vt 0.242304 0.894301
vt 0.242066 0.895832
vt 0.242066 0.895832
vt 0.227158 0.895341
vt 0.227796 0.893982
vt 0.227866 0.893679
vt 0.242286 0.893864
vt 0.242304 0.894301
vt 0.242304 0.894301
vt 0.227796 0.893982
vt 0.227866 0.893679
vt 0.227633 0.892655
vt 0.242129 0.892715
vt 0.242286 0.893864
vt 0.242286 0.893864
vt 0.227866 0.893679
vt 0.227633 0.892655
vt 0.227633 0.892655
vt 0.211895 0.891653
vt 0.203759 0.881333
vt 0.203759 0.881333
vt 0.221776 0.883033
vt 0.227633 0.892655
vt 0.197311 0.861445
vt 0.218060 0.869093
vt 0.221776 0.883033
vt 0.221776 0.883033
vt 0.203759 0.881333
vt 0.197311 0.861445
vt 0.211249 0.895393
vt 0.227158 0.895341
vt 0.221856 0.909382
vt 0.221856 0.909382
vt 0.200696 0.913838
vt 0.211249 0.895393
vt 0.212295 0.893662
vt 0.227796 0.893982
vt 0.227158 0.895341
vt 0.227158 0.895341
vt 0.211249 0.895393
vt 0.212295 0.893662
vt 0.212369 0.893090
vt 0.227866 0.893679
vt 0.227796 0.893982
vt 0.227796 0.893982
vt 0.212295 0.893662
vt 0.212369 0.893090
vt 0.211895 0.891653
vt 0.227633 0.892655
vt 0.227866 0.893679
vt 0.227866 0.893679
vt 0.212369 0.893090
vt 0.211895 0.891653
vt 0.167714 0.915976
vt 0.160812 0.983641
vt 0.162265 0.913666
vt 0.161582 0.861366
vt 0.172808 0.805978
vt 0.170627 0.860794
vt 0.173472 0.888979
vt 0.169110 0.889064
vt 0.165744 0.879141
vt 0.165744 0.879141
vt 0.171185 0.879203
vt 0.173472 0.888979
vt 0.171185 0.879203
vt 0.165744 0.879141
vt 0.161582 0.861366
vt 0.161582 0.861366
vt 0.170627 0.860794
vt 0.171185 0.879203
vt 0.167714 0.915976
vt 0.162265 0.913666
vt 0.167836 0.897514
vt 0.167836 0.897514
vt 0.171974 0.897953
vt 0.167714 0.915976
vt 0.171974 0.897953
vt 0.167836 0.897514
vt 0.169223 0.894123
vt 0.169223 0.894123
vt 0.173704 0.894305
vt 0.171974 0.897953
vt 0.173704 0.894305
vt 0.169223 0.894123
vt 0.169454 0.892201
vt 0.169454 0.892201
vt 0.173999 0.892231
vt 0.173704 0.894305
vt 0.173999 0.892231
vt 0.169454 0.892201
vt 0.169110 0.889064
vt 0.169110 0.889064
vt 0.173472 0.888979
vt 0.173999 0.892231
vt 0.061894 0.955047
vt 0.067200 0.926733
vt 0.072108 0.926352
vt 0.084456 0.879751
vt 0.076938 0.879422
vt 0.075322 0.862502
vt 0.075322 0.862502
vt 0.080800 0.863370
vt 0.084456 0.879751
vt 0.080800 0.863370
vt 0.075322 0.862502
vt 0.078119 0.833498
vt 0.072108 0.926352
vt 0.067200 0.926733
vt 0.074792 0.895938
vt 0.074792 0.895938
vt 0.081635 0.896278
vt 0.072108 0.926352
vt 0.081635 0.896278
vt 0.074792 0.895938
vt 0.076634 0.889277
vt 0.076634 0.889277
vt 0.084450 0.889644
vt 0.081635 0.896278
vt 0.084450 0.889644
vt 0.076634 0.889277
vt 0.077067 0.885435
vt 0.077067 0.885435
vt 0.084989 0.885893
vt 0.084450 0.889644
vt 0.084989 0.885893
vt 0.077067 0.885435
vt 0.076938 0.879422
vt 0.076938 0.879422
vt 0.084456 0.879751
vt 0.084989 0.885893
vt 0.258406 0.893215
vt 0.258391 0.888220
vt 0.278775 0.884373
vt 0.278775 0.884373
vt 0.274678 0.892624
vt 0.258406 0.893215
vt 0.258391 0.888220
vt 0.258325 0.864683
vt 0.283268 0.863971
vt 0.283268 0.863971
vt 0.278775 0.884373
vt 0.258391 0.888220
vt 0.258325 0.864683
vt 0.258124 0.794345
vt 0.333935 0.798365
vt 0.333935 0.798365
vt 0.283268 0.863971
vt 0.258325 0.864683
vt 0.258124 0.794345
vt 0.258093 0.785782
vt 0.344908 0.790545
vt 0.344908 0.790545
vt 0.333935 0.798365
vt 0.258124 0.794345
vt 0.258093 0.785782
vt 0.257842 0.715040
vt 0.346193 0.717012
vt 0.346193 0.717012
vt 0.344908 0.790545
vt 0.258093 0.785782
vt 0.257599 0.655723
vt 0.257375 0.605134
vt 0.333267 0.605469
vt 0.333267 0.605469
vt 0.339519 0.656527
vt 0.257599 0.655723
vt 0.305769 0.993602
vt 0.258818 0.998000
vt 0.258495 0.920769
vt 0.258495 0.920769
vt 0.280871 0.920039
vt 0.305769 0.993602
vt 0.280871 0.920039
vt 0.258495 0.920769
vt 0.258417 0.895475
vt 0.258417 0.895475
vt 0.274767 0.895742
vt 0.280871 0.920039
vt 0.274767 0.895742
vt 0.258417 0.895475
vt 0.258412 0.894226
vt 0.258412 0.894226
vt 0.274517 0.894212
vt 0.274767 0.895742
vt 0.274517 0.894212
vt 0.258412 0.894226
vt 0.258410 0.894079
vt 0.258410 0.894079
vt 0.274530 0.893774
vt 0.274517 0.894212
vt 0.274530 0.893774
vt 0.258410 0.894079
vt 0.258406 0.893215
vt 0.258406 0.893215
vt 0.274678 0.892624
vt 0.274530 0.893774
vt 0.432370 0.879536
vt 0.419106 0.883092
vt 0.420114 0.870148
vt 0.420114 0.870148
vt 0.436223 0.862948
vt 0.432370 0.879536
vt 0.420114 0.870148
vt 0.409057 0.833608
vt 0.438883 0.832635
vt 0.438883 0.832635
vt 0.436223 0.862948
vt 0.420114 0.870148
vt 0.409057 0.833608
vt 0.352341 0.800214
vt 0.440838 0.809421
vt 0.440838 0.809421
vt 0.438883 0.832635
vt 0.409057 0.833608
vt 0.352341 0.800214
vt 0.344908 0.790545
vt 0.441058 0.799341
vt 0.441058 0.799341
vt 0.440838 0.809421
vt 0.352341 0.800214
vt 0.339519 0.656527
vt 0.333267 0.605469
vt 0.409857 0.606634
vt 0.409857 0.606634
vt 0.423060 0.658554
vt 0.339519 0.656527
vt 0.385565 0.975456
vt 0.418941 0.918995
vt 0.442842 0.926147
vt 0.442842 0.926147
vt 0.453511 0.953005
vt 0.385565 0.975456
vt 0.442842 0.926147
vt 0.418941 0.918995
vt 0.420772 0.894455
vt 0.420772 0.894455
vt 0.434774 0.896144
vt 0.442842 0.926147
vt 0.434774 0.896144
vt 0.420772 0.894455
vt 0.419383 0.889684
vt 0.419383 0.889684
vt 0.432137 0.889451
vt 0.434774 0.896144
vt 0.432137 0.889451
vt 0.419383 0.889684
vt 0.418989 0.887168
vt 0.418989 0.887168
vt 0.431699 0.885695
vt 0.432137 0.889451
vt 0.431699 0.885695
vt 0.418989 0.887168
vt 0.419106 0.883092
vt 0.419106 0.883092
vt 0.432370 0.879536
vt 0.431699 0.885695
vt 0.339519 0.656527
vt 0.346193 0.717012
vt 0.257842 0.715040
vt 0.257842 0.715040
vt 0.257599 0.655723
vt 0.339519 0.656527
vt 0.304883 0.891401
vt 0.312956 0.881048
vt 0.345491 0.878782
vt 0.345491 0.878782
vt 0.343240 0.888558
vt 0.304883 0.891401
vt 0.312956 0.881048
vt 0.319307 0.861131
vt 0.345991 0.860367
vt 0.345991 0.860367
vt 0.345491 0.878782
vt 0.312956 0.881048
vt 0.319307 0.861131
vt 0.333935 0.798365
vt 0.343561 0.805476
vt 0.343561 0.805476
vt 0.345991 0.860367
vt 0.319307 0.861131
vt 0.343561 0.805476
vt 0.333935 0.798365
vt 0.344908 0.790545
vt 0.344908 0.790545
vt 0.352341 0.800214
vt 0.343561 0.805476
vt 0.305769 0.993602
vt 0.316194 0.913513
vt 0.349086 0.915454
vt 0.349086 0.915454
vt 0.356543 0.982735
vt 0.305769 0.993602
vt 0.316194 0.913513
vt 0.305558 0.895146
vt 0.344767 0.897515
vt 0.344767 0.897515
vt 0.349086 0.915454
vt 0.316194 0.913513
vt 0.305558 0.895146
vt 0.304501 0.893418
vt 0.343028 0.893879
vt 0.343028 0.893879
vt 0.344767 0.897515
vt 0.305558 0.895146
vt 0.304501 0.893418
vt 0.304420 0.892843
vt 0.342726 0.891809
vt 0.342726 0.891809
vt 0.343028 0.893879
vt 0.304501 0.893418
vt 0.304420 0.892843
vt 0.304883 0.891401
vt 0.343240 0.888558
vt 0.343240 0.888558
vt 0.342726 0.891809
vt 0.304420 0.892843
vt 0.346193 0.717012
vt 0.339519 0.656527
vt 0.423060 0.658554
vt 0.423060 0.658554
vt 0.430330 0.720687
vt 0.346193 0.717012
vt 0.347591 0.888630
vt 0.350922 0.878708
vt 0.369941 0.878260
vt 0.369941 0.878260
vt 0.370625 0.888033
vt 0.347591 0.888630
vt 0.350922 0.878708
vt 0.355043 0.860914
vt 0.367240 0.853277
vt 0.367240 0.853277
vt 0.369941 0.878260
vt 0.350922 0.878708
vt 0.355043 0.860914
vt 0.343561 0.805476
vt 0.352341 0.800214
vt 0.352341 0.800214
vt 0.367240 0.853277
vt 0.355043 0.860914
vt 0.344908 0.790545
vt 0.346193 0.717012
vt 0.430330 0.720687
vt 0.430330 0.720687
vt 0.441058 0.799341
vt 0.344908 0.790545
vt 0.356543 0.982735
vt 0.354486 0.913172
vt 0.370710 0.919555
vt 0.370710 0.919555
vt 0.385565 0.975456
vt 0.356543 0.982735
vt 0.354486 0.913172
vt 0.348901 0.897072
vt 0.370641 0.894563
vt 0.370641 0.894563
vt 0.370710 0.919555
vt 0.354486 0.913172
vt 0.348901 0.897072
vt 0.347504 0.893685
vt 0.370642 0.891544
vt 0.370642 0.891544
vt 0.370641 0.894563
vt 0.348901 0.897072
vt 0.347504 0.893685
vt 0.347262 0.891764
vt 0.370695 0.890369
vt 0.370695 0.890369
vt 0.370642 0.891544
vt 0.347504 0.893685
vt 0.347262 0.891764
vt 0.347591 0.888630
vt 0.370625 0.888033
vt 0.370625 0.888033
vt 0.370695 0.890369
vt 0.347262 0.891764
vt 0.385565 0.975456
vt 0.370710 0.919555
vt 0.392957 0.914007
vt 0.392957 0.914007
vt 0.418941 0.918995
vt 0.385565 0.975456
vt 0.352341 0.800214
vt 0.409057 0.833608
vt 0.389025 0.854359
vt 0.389025 0.854359
vt 0.367240 0.853277
vt 0.352341 0.800214
vt 0.370625 0.888033
vt 0.369941 0.878260
vt 0.393720 0.876568
vt 0.393720 0.876568
vt 0.393298 0.886909
vt 0.370625 0.888033
vt 0.389025 0.854359
vt 0.393720 0.876568
vt 0.369941 0.878260
vt 0.369941 0.878260
vt 0.367240 0.853277
vt 0.389025 0.854359
vt 0.393756 0.892961
vt 0.392957 0.914007
vt 0.370710 0.919555
vt 0.370710 0.919555
vt 0.370641 0.894563
vt 0.393756 0.892961
vt 0.393210 0.890084
vt 0.393756 0.892961
vt 0.370641 0.894563
vt 0.370641 0.894563
vt 0.370642 0.891544
vt 0.393210 0.890084
vt 0.393167 0.889138
vt 0.393210 0.890084
vt 0.370642 0.891544
vt 0.370642 0.891544
vt 0.370695 0.890369
vt 0.393167 0.889138
vt 0.393298 0.886909
vt 0.393167 0.889138
vt 0.370695 0.890369
vt 0.370695 0.890369
vt 0.370625 0.888033
vt 0.393298 0.886909
vt 0.393298 0.886909
vt 0.393720 0.876568
vt 0.420114 0.870148
vt 0.420114 0.870148
vt 0.419106 0.883092
vt 0.393298 0.886909
vt 0.409057 0.833608
vt 0.420114 0.870148
vt 0.393720 0.876568
vt 0.393720 0.876568
vt 0.389025 0.854359
vt 0.409057 0.833608
vt 0.420772 0.894455
vt 0.418941 0.918995
vt 0.392957 0.914007
vt 0.392957 0.914007
vt 0.393756 0.892961
vt 0.420772 0.894455
vt 0.419383 0.889684
vt 0.420772 0.894455
vt 0.393756 0.892961
vt 0.393756 0.892961
vt 0.393210 0.890084
vt 0.419383 0.889684
vt 0.418989 0.887168
vt 0.419383 0.889684
vt 0.393210 0.890084
vt 0.393210 0.890084
vt 0.393167 0.889138
vt 0.418989 0.887168
vt 0.419106 0.883092
vt 0.418989 0.887168
vt 0.393167 0.889138
vt 0.393167 0.889138
vt 0.393298 0.886909
vt 0.419106 0.883092
vt 0.333935 0.798365
vt 0.319307 0.861131
vt 0.298606 0.868882
vt 0.298606 0.868882
vt 0.283268 0.863971
vt 0.333935 0.798365
vt 0.305769 0.993602
vt 0.280871 0.920039
vt 0.295035 0.909178
vt 0.295035 0.909178
vt 0.316194 0.913513
vt 0.305769 0.993602
vt 0.274678 0.892624
vt 0.278775 0.884373
vt 0.294963 0.882837
vt 0.294963 0.882837
vt 0.289166 0.892485
vt 0.274678 0.892624
vt 0.298606 0.868882
vt 0.294963 0.882837
vt 0.278775 0.884373
vt 0.278775 0.884373
vt 0.283268 0.863971
vt 0.298606 0.868882
vt 0.289661 0.895172
vt 0.295035 0.909178
vt 0.280871 0.920039
vt 0.280871 0.920039
vt 0.274767 0.895742
vt 0.289661 0.895172
vt 0.289014 0.893815
vt 0.289661 0.895172
vt 0.274767 0.895742
vt 0.274767 0.895742
vt 0.274517 0.894212
vt 0.289014 0.893815
vt 0.288940 0.893511
vt 0.289014 0.893815
vt 0.274517 0.894212
vt 0.274517 0.894212
vt 0.274530 0.893774
vt 0.288940 0.893511
vt 0.289166 0.892485
vt 0.288940 0.893511
vt 0.274530 0.893774
vt 0.274530 0.893774
vt 0.274678 0.892624
vt 0.289166 0.892485
vt 0.289166 0.892485
vt 0.294963 0.882837
vt 0.312956 0.881048
vt 0.312956 0.881048
vt 0.304883 0.891401
vt 0.289166 0.892485
vt 0.319307 0.861131
vt 0.312956 0.881048
vt 0.294963 0.882837
vt 0.294963 0.882837
vt 0.298606 0.868882
vt 0.319307 0.861131
vt 0.305558 0.895146
vt 0.316194 0.913513
vt 0.295035 0.909178
vt 0.295035 0.909178
vt 0.289661 0.895172
vt 0.305558 0.895146
vt 0.304501 0.893418
vt 0.305558 0.895146
vt 0.289661 0.895172
vt 0.289661 0.895172
vt 0.289014 0.893815
vt 0.304501 0.893418
vt 0.304420 0.892843
vt 0.304501 0.893418
vt 0.289014 0.893815
vt 0.289014 0.893815
vt 0.288940 0.893511
vt 0.304420 0.892843
vt 0.304883 0.891401
vt 0.304420 0.892843
vt 0.288940 0.893511
vt 0.288940 0.893511
vt 0.289166 0.892485
vt 0.304883 0.891401
vt 0.349086 0.915454
vt 0.354486 0.913172
vt 0.356543 0.982735
vt 0.355043 0.860914
vt 0.345991 0.860367
vt 0.343561 0.805476
vt 0.343240 0.888558
vt 0.345491 0.878782
vt 0.350922 0.878708
vt 0.350922 0.878708
vt 0.347591 0.888630
vt 0.343240 0.888558
vt 0.345491 0.878782
vt 0.345991 0.860367
vt 0.355043 0.860914
vt 0.355043 0.860914
vt 0.350922 0.878708
vt 0.345491 0.878782
vt 0.349086 0.915454
vt 0.344767 0.897515
vt 0.348901 0.897072
vt 0.348901 0.897072
vt 0.354486 0.913172
vt 0.349086 0.915454
vt 0.344767 0.897515
vt 0.343028 0.893879
vt 0.347504 0.893685
vt 0.347504 0.893685
vt 0.348901 0.897072
vt 0.344767 0.897515
vt 0.343028 0.893879
vt 0.342726 0.891809
vt 0.347262 0.891764
vt 0.347262 0.891764
vt 0.347504 0.893685
vt 0.343028 0.893879
vt 0.342726 0.891809
vt 0.343240 0.888558
vt 0.347591 0.888630
vt 0.347591 0.888630
vt 0.347262 0.891764
vt 0.342726 0.891809
vt 0.432370 0.879536
vt 0.436223 0.862948
vt 0.441817 0.862095
vt 0.441817 0.862095
vt 0.440017 0.879365
vt 0.432370 0.879536
vt 0.436223 0.862948
vt 0.438883 0.832635
vt 0.441817 0.862095
vt 0.442842 0.926147
vt 0.434774 0.896144
vt 0.441674 0.895878
vt 0.441674 0.895878
vt 0.447141 0.928223
vt 0.442842 0.926147
vt 0.434774 0.896144
vt 0.432137 0.889451
vt 0.440010 0.889201
vt 0.440010 0.889201
vt 0.441674 0.895878
vt 0.434774 0.896144
vt 0.432137 0.889451
vt 0.431699 0.885695
vt 0.439714 0.885406
vt 0.439714 0.885406
vt 0.440010 0.889201
vt 0.432137 0.889451
vt 0.431699 0.885695
vt 0.432370 0.879536
vt 0.440017 0.879365
vt 0.440017 0.879365
vt 0.439714 0.885406
vt 0.431699 0.885695
vt 0.447141 0.928223
vt 0.447647 0.963001
vt 0.453511 0.953005
vt 0.453511 0.953005
vt 0.442842 0.926147
vt 0.447141 0.928223
vt 0.654263 0.662277
vt 0.654278 0.652421
vt 0.681639 0.652469
vt 0.681639 0.652469
vt 0.697721 0.662304
vt 0.654263 0.662277
vt 0.654278 0.652421
vt 0.620709 0.652332
vt 0.654675 0.636698
vt 0.654675 0.636698
vt 0.681639 0.652469
vt 0.654278 0.652421
f 1/1 2/2 3/3
f 3/4 4/5 1/6
f 4/7 5/8 6/9
f 6/10 1/11 4/12
f 7/13 8/14 9/15
f 9/16 10/17 7/18
f 11/19 12/20 13/21
f 13/22 14/23 11/24
f 15/25 13/26 12/27
f 12/28 16/29 15/30
f 16/31 17/32 18/33
f 18/34 15/35 16/36
f 19/37 18/38 17/39
f 17/40 20/41 19/42
f 21/43 22/44 23/45
f 23/46 24/47 21/48
f 25/49 19/50 20/51
f 20/52 26/53 25/54
f 27/55 28/56 29/57
f 29/58 30/59 27/60
f 31/61 2/62 1/63
f 1/64 32/65 31/66
f 32/67 1/68 6/69
f 6/70 33/71 32/72
f 14/73 34/74 35/75
f 35/76 8/77 14/78
f 34/79 14/80 13/81
f 13/82 36/83 34/84
f 36/85 13/86 15/87
f 15/88 37/89 36/90
f 37/91 15/92 18/93
f 18/94 38/95 37/96
f 38/97 18/98 19/99
f 19/100 39/101 38/102
f 40/103 22/104 41/105
f 41/106 42/107 40/108
f 39/109 19/110 25/111
f 25/112 43/113 39/114
f 44/115 30/116 29/117
f 29/118 45/119 44/120
f 3/121 46/122 47/123
f 47/124 4/125 3/126
f 4/127 47/128 48/129
f 48/130 5/131 4/132
f 11/133 7/134 49/135
f 49/136 50/137 11/138
f 11/139 50/140 51/141
f 51/142 12/143 11/144
f 12/145 51/146 52/147
f 52/148 16/149 12/150
f 16/151 52/152 53/153
f 53/154 17/155 16/156
f 17/157 53/158 54/159
f 54/160 20/161 17/162
f 55/163 56/164 57/165
f 57/166 58/167 55/168
f 20/169 54/170 59/171
f 59/172 26/173 20/174
f 27/175 60/176 61/177
f 61/178 28/179 27/180
f 62/181 35/182 63/183
f 64/184 34/185 36/186
f 36/187 65/188 64/189
f 37/190 66/191 65/192
f 65/193 36/194 37/195
f 66/196 37/197 38/198
f 38/199 67/200 66/201
f 39/202 68/203 67/204
f 67/205 38/206 39/207
f 68/208 39/209 43/210
f 43/211 69/212 68/213
f 70/214 71/215 72/216
f 72/217 73/218 70/219
f 73/220 74/221 75/222
f 75/223 70/224 73/225
f 76/226 77/227 78/228
f 78/229 79/230 76/231
f 80/232 81/233 82/234
f 82/235 83/236 80/237
f 84/238 82/239 81/240
f 81/241 85/242 84/243
f 85/244 86/245 87/246
f 87/247 84/248 85/249
f 88/250 87/251 86/252
f 86/253 89/254 88/255
f 90/256 91/257 92/258
f 92/259 93/260 90/261
f 94/262 88/263 89/264
f 89/265 95/266 94/267
f 96/268 97/269 98/270
f 98/271 99/272 96/273
f 100/274 71/275 70/276
f 70/277 101/278 100/279
f 101/280 70/281 75/282
f 75/283 102/284 101/285
f 83/286 103/287 104/288
f 104/289 77/290 83/291
f 103/292 83/293 82/294
f 82/295 105/296 103/297
f 105/298 82/299 84/300
f 84/301 106/302 105/303
f 106/304 84/305 87/306
f 87/307 107/308 106/309
f 107/310 87/311 88/312
f 88/313 108/314 107/315
f 109/316 91/317 110/318
f 110/319 111/320 109/321
f 108/322 88/323 94/324
f 94/325 112/326 108/327
f 113/328 99/329 98/330
f 98/331 114/332 113/333
f 72/334 31/335 32/336
f 32/337 73/338 72/339
f 73/340 32/341 33/342
f 33/343 74/344 73/345
f 80/346 76/347 63/348
f 63/349 64/350 80/351
f 80/352 64/353 65/354
f 65/355 81/356 80/357
f 81/358 65/359 66/360
f 66/361 85/362 81/363
f 85/364 66/365 67/366
f 67/367 86/368 85/369
f 86/370 67/371 68/372
f 68/373 89/374 86/375
f 115/376 116/377 117/378
f 117/379 118/380 115/381
f 89/382 68/383 69/384
f 69/385 95/386 89/387
f 96/388 44/389 45/390
f 45/391 97/392 96/393
f 119/394 104/395 120/396
f 121/397 103/398 105/399
f 105/400 122/401 121/402
f 106/403 123/404 122/405
f 122/406 105/407 106/408
f 123/409 106/410 107/411
f 107/412 124/413 123/414
f 108/415 125/416 124/417
f 124/418 107/419 108/420
f 125/421 108/422 112/423
f 112/424 126/425 125/426
f 127/427 128/428 129/429
f 129/430 130/431 127/432
f 130/433 131/434 132/435
f 132/436 127/437 130/438
f 133/439 134/440 135/441
f 135/442 136/443 133/444
f 137/445 138/446 139/447
f 139/448 140/449 137/450
f 141/451 139/452 138/453
f 138/454 142/455 141/456
f 142/457 143/458 144/459
f 144/460 141/461 142/462
f 145/463 144/464 143/465
f 143/466 146/467 145/468
f 147/469 148/470 149/471
f 149/472 150/473 147/474
f 151/475 145/476 146/477
f 146/478 152/479 151/480
f 153/481 154/482 155/483
f 155/484 156/485 153/486
f 46/487 128/488 127/489
f 127/490 47/491 46/492
f 47/493 127/494 132/495
f 132/496 48/497 47/498
f 140/499 157/500 158/501
f 158/502 134/503 140/504
f 157/505 140/506 139/507
f 139/508 159/509 157/510
f 159/511 139/512 141/513
f 141/514 160/515 159/516
f 160/517 141/518 144/519
f 144/520 161/521 160/522
f 161/523 144/524 145/525
f 145/526 162/527 161/528
f 163/529 148/530 164/531
f 164/532 165/533 163/534
f 162/535 145/536 151/537
f 151/538 166/539 162/540
f 60/541 156/542 155/543
f 155/544 61/545 60/546
f 129/547 167/548 168/549
f 168/550 130/551 129/552
f 130/553 168/554 169/555
f 169/556 131/557 130/558
f 137/559 133/560 170/561
f 170/562 171/563 137/564
f 137/565 171/566 172/567
f 172/568 138/569 137/570
f 138/571 172/572 173/573
f 173/574 142/575 138/576
f 142/577 173/578 174/579
f 174/580 143/581 142/582
f 143/583 174/584 175/585
f 175/586 146/587 143/588
f 176/589 177/590 178/591
f 178/592 179/593 176/594
f 146/595 175/596 180/597
f 180/598 152/599 146/600
f 153/601 181/602 182/603
f 182/604 154/605 153/606
f 183/607 158/608 49/609
f 50/610 157/611 159/612
f 159/613 51/614 50/615
f 160/616 52/617 51/618
f 51/619 159/620 160/621
f 52/622 160/623 161/624
f 161/625 53/626 52/627
f 162/628 54/629 53/630
f 53/631 161/632 162/633
f 54/634 162/635 166/636
f 166/637 59/638 54/639
f 184/640 185/641 186/642
f 186/643 187/644 184/645
f 187/646 188/647 189/648
f 189/649 184/650 187/651
f 190/652 191/653 192/654
f 192/655 193/656 190/657
f 194/658 195/659 196/660
f 196/661 197/662 194/663
f 198/664 196/665 195/666
f 195/667 199/668 198/669
f 199/670 200/671 201/672
f 201/673 198/674 199/675
f 202/676 201/677 200/678
f 200/679 203/680 202/681
f 204/682 205/683 206/684
f 206/685 207/686 204/687
f 208/688 202/689 203/690
f 203/691 209/692 208/693
f 210/694 211/695 212/696
f 212/697 213/698 210/699
f 167/700 185/701 184/702
f 184/703 168/704 167/705
f 168/706 184/707 189/708
f 189/709 169/710 168/711
f 197/712 214/713 215/714
f 215/715 191/716 197/717
f 214/718 197/719 196/720
f 196/721 216/722 214/723
f 216/724 196/725 198/726
f 198/727 217/728 216/729
f 217/730 198/731 201/732
f 201/733 218/734 217/735
f 218/736 201/737 202/738
f 202/739 219/740 218/741
f 220/742 205/743 221/744
f 221/745 222/746 220/747
f 219/748 202/749 208/750
f 208/751 223/752 219/753
f 181/754 213/755 212/756
f 212/757 182/758 181/759
f 186/760 224/761 225/762
f 225/763 187/764 186/765
f 187/766 225/767 226/768
f 226/769 188/770 187/771
f 194/772 190/773 227/774
f 227/775 228/776 194/777
f 194/778 228/779 229/780
f 229/781 195/782 194/783
f 195/784 229/785 230/786
f 230/787 199/788 195/789
f 199/790 230/791 231/792
f 231/793 200/794 199/795
f 200/796 231/797 232/798
f 232/799 203/800 200/801
f 233/802 234/803 235/804
f 235/805 236/806 233/807
f 203/808 232/809 237/810
f 237/811 209/812 203/813
f 210/814 238/815 239/816
f 239/817 211/818 210/819
f 240/820 215/821 170/822
f 171/823 214/824 216/825
f 216/826 172/827 171/828
f 217/829 173/830 172/831
f 172/832 216/833 217/834
f 173/835 217/836 218/837
f 218/838 174/839 173/840
f 219/841 175/842 174/843
f 174/844 218/845 219/846
f 175/847 219/848 223/849
f 223/850 180/851 175/852
f 241/853 242/854 243/855
f 243/856 244/857 241/858
f 244/859 245/860 246/861
f 246/862 241/863 244/864
f 247/865 248/866 249/867
f 249/868 250/869 247/870
f 251/871 252/872 253/873
f 253/874 254/875 251/876
f 255/877 253/878 252/879
f 252/880 256/881 255/882
f 256/883 257/884 258/885
f 258/886 255/887 256/888
f 259/889 258/890 257/891
f 257/892 260/893 259/894
f 261/895 262/896 263/897
f 263/898 264/899 261/900
f 265/901 259/902 260/903
f 260/904 266/905 265/906
f 267/907 268/908 269/909
f 269/910 270/911 267/912
f 224/913 242/914 241/915
f 241/916 225/917 224/918
f 225/919 241/920 246/921
f 246/922 226/923 225/924
f 254/925 271/926 272/927
f 272/928 248/929 254/930
f 271/931 254/932 253/933
f 253/934 273/935 271/936
f 273/937 253/938 255/939
f 255/940 274/941 273/942
f 274/943 255/944 258/945
f 258/946 275/947 274/948
f 275/949 258/950 259/951
f 259/952 276/953 275/954
f 277/955 262/956 278/957
f 278/958 279/959 277/960
f 276/961 259/962 265/963
f 265/964 280/965 276/966
f 238/967 270/968 269/969
f 269/970 239/971 238/972
f 243/973 281/974 282/975
f 282/976 244/977 243/978
f 244/979 282/980 283/981
f 283/982 245/983 244/984
f 251/985 247/986 284/987
f 284/988 285/989 251/990
f 251/991 285/992 286/993
f 286/994 252/995 251/996
f 252/997 286/998 287/999
f 287/1000 256/1001 252/1002
f 256/1003 287/1004 288/1005
f 288/1006 257/1007 256/1008
f 257/1009 288/1010 289/1011
f 289/1012 260/1013 257/1014
f 290/1015 291/1016 292/1017
f 292/1018 293/1019 290/1020
f 260/1021 289/1022 294/1023
f 294/1024 266/1025 260/1026
f 267/1027 295/1028 296/1029
f 296/1030 268/1031 267/1032
f 297/1033 272/1034 227/1035
f 228/1036 271/1037 273/1038
f 273/1039 229/1040 228/1041
f 274/1042 230/1043 229/1044
f 229/1045 273/1046 274/1047
f 230/1048 274/1049 275/1050
f 275/1051 231/1052 230/1053
f 276/1054 232/1055 231/1056
f 231/1057 275/1058 276/1059
f 232/1060 276/1061 280/1062
f 280/1063 237/1064 232/1065
f 298/1066 299/1067 300/1068
f 300/1069 301/1070 298/1071
f 301/1072 302/1073 303/1074
f 303/1075 298/1076 301/1077
f 304/1078 305/1079 306/1080
f 306/1081 307/1082 304/1083
f 308/1084 309/1085 310/1086
f 310/1087 311/1088 308/1089
f 312/1090 310/1091 309/1092
f 309/1093 313/1094 312/1095
f 313/1096 314/1097 315/1098
f 315/1099 312/1100 313/1101
f 316/1102 315/1103 314/1104
f 314/1105 317/1106 316/1107
f 318/1108 319/1109 320/1110
f 320/1111 321/1112 318/1113
f 322/1114 316/1115 317/1116
f 317/1117 323/1118 322/1119
f 324/1120 325/1121 326/1122
f 326/1123 327/1124 324/1125
f 281/1126 299/1127 298/1128
f 298/1129 282/1130 281/1131
f 282/1132 298/1133 303/1134
f 303/1135 283/1136 282/1137
f 311/1138 328/1139 329/1140
f 329/1141 305/1142 311/1143
f 328/1144 311/1145 310/1146
f 310/1147 330/1148 328/1149
f 330/1150 310/1151 312/1152
f 312/1153 331/1154 330/1155
f 331/1156 312/1157 315/1158
f 315/1159 332/1160 331/1161
f 332/1162 315/1163 316/1164
f 316/1165 333/1166 332/1167
f 334/1168 319/1169 335/1170
f 335/1171 336/1172 334/1173
f 333/1174 316/1175 322/1176
f 322/1177 337/1178 333/1179
f 295/1180 327/1181 326/1182
f 326/1183 296/1184 295/1185
f 300/1186 338/1187 339/1188
f 339/1189 301/1190 300/1191
f 301/1192 339/1193 340/1194
f 340/1195 302/1196 301/1197
f 308/1198 304/1199 341/1200
f 341/1201 342/1202 308/1203
f 308/1204 342/1205 343/1206
f 343/1207 309/1208 308/1209
f 309/1210 343/1211 344/1212
f 344/1213 313/1214 309/1215
f 313/1216 344/1217 345/1218
f 345/1219 314/1220 313/1221
f 314/1222 345/1223 346/1224
f 346/1225 317/1226 314/1227
f 347/1228 348/1229 349/1230
f 349/1231 350/1232 347/1233
f 317/1234 346/1235 351/1236
f 351/1237 323/1238 317/1239
f 324/1240 352/1241 353/1242
f 353/1243 325/1244 324/1245
f 354/1246 329/1247 284/1248
f 285/1249 328/1250 330/1251
f 330/1252 286/1253 285/1254
f 331/1255 287/1256 286/1257
f 286/1258 330/1259 331/1260
f 287/1261 331/1262 332/1263
f 332/1264 288/1265 287/1266
f 333/1267 289/1268 288/1269
f 288/1270 332/1271 333/1272
f 289/1273 333/1274 337/1275
f 337/1276 294/1277 289/1278
f 355/1279 356/1280 357/1281
f 357/1282 358/1283 355/1284
f 358/1285 359/1286 360/1287
f 360/1288 355/1289 358/1290
f 361/1291 362/1292 363/1293
f 363/1294 364/1295 361/1296
f 365/1297 366/1298 367/1299
f 367/1300 368/1301 365/1302
f 369/1303 367/1304 366/1305
f 366/1306 370/1307 369/1308
f 370/1309 371/1310 372/1311
f 372/1312 369/1313 370/1314
f 373/1315 372/1316 371/1317
f 371/1318 374/1319 373/1320
f 375/1321 376/1322 377/1323
f 377/1324 378/1325 375/1326
f 379/1327 373/1328 374/1329
f 374/1330 380/1331 379/1332
f 381/1333 382/1334 383/1335
f 383/1336 384/1337 381/1338
f 338/1339 356/1340 355/1341
f 355/1342 339/1343 338/1344
f 339/1345 355/1346 360/1347
f 360/1348 340/1349 339/1350
f 368/1351 385/1352 386/1353
f 386/1354 362/1355 368/1356
f 385/1357 368/1358 367/1359
f 367/1360 387/1361 385/1362
f 387/1363 367/1364 369/1365
f 369/1366 388/1367 387/1368
f 388/1369 369/1370 372/1371
f 372/1372 389/1373 388/1374
f 389/1375 372/1376 373/1377
f 373/1378 390/1379 389/1380
f 391/1381 376/1382 392/1383
f 392/1384 393/1385 391/1386
f 390/1387 373/1388 379/1389
f 379/1390 394/1391 390/1392
f 352/1393 384/1394 383/1395
f 383/1396 353/1397 352/1398
f 357/1399 395/1400 396/1401
f 396/1402 358/1403 357/1404
f 358/1405 396/1406 397/1407
f 397/1408 359/1409 358/1410
f 365/1411 361/1412 398/1413
f 398/1414 399/1415 365/1416
f 365/1417 399/1418 400/1419
f 400/1420 366/1421 365/1422
f 366/1423 400/1424 401/1425
f 401/1426 370/1427 366/1428
f 370/1429 401/1430 402/1431
f 402/1432 371/1433 370/1434
f 371/1435 402/1436 403/1437
f 403/1438 374/1439 371/1440
f 404/1441 405/1442 406/1443
f 406/1444 407/1445 404/1446
f 374/1447 403/1448 408/1449
f 408/1450 380/1451 374/1452
f 381/1453 409/1454 410/1455
f 410/1456 382/1457 381/1458
f 411/1459 386/1460 341/1461
f 342/1462 385/1463 387/1464
f 387/1465 343/1466 342/1467
f 388/1468 344/1469 343/1470
f 343/1471 387/1472 388/1473
f 344/1474 388/1475 389/1476
f 389/1477 345/1478 344/1479
f 390/1480 346/1481 345/1482
f 345/1483 389/1484 390/1485
f 346/1486 390/1487 394/1488
f 394/1489 351/1490 346/1491
f 412/1492 413/1493 414/1494
f 414/1495 415/1496 412/1497
f 415/1498 416/1499 417/1500
f 417/1501 412/1502 415/1503
f 418/1504 419/1505 420/1506
f 420/1507 421/1508 418/1509
f 422/1510 423/1511 424/1512
f 424/1513 425/1514 422/1515
f 426/1516 424/1517 423/1518
f 423/1519 427/1520 426/1521
f 427/1522 428/1523 429/1524
f 429/1525 426/1526 427/1527
f 430/1528 429/1529 428/1530
f 428/1531 431/1532 430/1533
f 432/1534 433/1535 434/1536
f 434/1537 435/1538 432/1539
f 436/1540 430/1541 431/1542
f 431/1543 437/1544 436/1545
f 438/1546 439/1547 440/1548
f 440/1549 441/1550 438/1551
f 395/1552 413/1553 412/1554
f 412/1555 396/1556 395/1557
f 396/1558 412/1559 417/1560
f 417/1561 397/1562 396/1563
f 425/1564 442/1565 443/1566
f 443/1567 419/1568 425/1569
f 442/1570 425/1571 424/1572
f 424/1573 444/1574 442/1575
f 444/1576 424/1577 426/1578
f 426/1579 445/1580 444/1581
f 445/1582 426/1583 429/1584
f 429/1585 446/1586 445/1587
f 446/1588 429/1589 430/1590
f 430/1591 447/1592 446/1593
f 448/1594 433/1595 449/1596
f 449/1597 450/1598 448/1599
f 447/1600 430/1601 436/1602
f 436/1603 451/1604 447/1605
f 409/1606 441/1607 440/1608
f 440/1609 410/1610 409/1611
f 414/1612 452/1613 453/1614
f 453/1615 415/1616 414/1617
f 415/1618 453/1619 454/1620
f 454/1621 416/1622 415/1623
f 422/1624 418/1625 455/1626
f 455/1627 456/1628 422/1629
f 422/1630 456/1631 457/1632
f 457/1633 423/1634 422/1635
f 423/1636 457/1637 458/1638
f 458/1639 427/1640 423/1641
f 427/1642 458/1643 459/1644
f 459/1645 428/1646 427/1647
f 428/1648 459/1649 460/1650
f 460/1651 431/1652 428/1653
f 461/1654 462/1655 463/1656
f 463/1657 464/1658 461/1659
f 431/1660 460/1661 465/1662
f 465/1663 437/1664 431/1665
f 438/1666 466/1667 467/1668
f 467/1669 439/1670 438/1671
f 468/1672 443/1673 398/1674
f 399/1675 442/1676 444/1677
f 444/1678 400/1679 399/1680
f 445/1681 401/1682 400/1683
f 400/1684 444/1685 445/1686
f 401/1687 445/1688 446/1689
f 446/1690 402/1691 401/1692
f 447/1693 403/1694 402/1695
f 402/1696 446/1697 447/1698
f 403/1699 447/1700 451/1701
f 451/1702 408/1703 403/1704
f 469/1705 470/1706 471/1707
f 471/1708 472/1709 469/1710
f 472/1711 473/1712 474/1713
f 474/1714 469/1715 472/1716
f 475/1717 476/1718 477/1719
f 477/1720 478/1721 475/1722
f 479/1723 480/1724 481/1725
f 481/1726 482/1727 479/1728
f 483/1729 481/1730 480/1731
f 480/1732 484/1733 483/1734
f 484/1735 485/1736 486/1737
f 486/1738 483/1739 484/1740
f 487/1741 486/1742 485/1743
f 485/1744 488/1745 487/1746
f 489/1747 490/1748 491/1749
f 491/1750 492/1751 489/1752
f 493/1753 487/1754 488/1755
f 488/1756 494/1757 493/1758
f 495/1759 496/1760 497/1761
f 497/1762 498/1763 495/1764
f 452/1765 470/1766 469/1767
f 469/1768 453/1769 452/1770
f 453/1771 469/1772 474/1773
f 474/1774 454/1775 453/1776
f 482/1777 499/1778 500/1779
f 500/1780 476/1781 482/1782
f 499/1783 482/1784 481/1785
f 481/1786 501/1787 499/1788
f 501/1789 481/1790 483/1791
f 483/1792 502/1793 501/1794
f 502/1795 483/1796 486/1797
f 486/1798 503/1799 502/1800
f 503/1801 486/1802 487/1803
f 487/1804 504/1805 503/1806
f 505/1807 490/1808 506/1809
f 506/1810 507/1811 505/1812
f 504/1813 487/1814 493/1815
f 493/1816 508/1817 504/1818
f 466/1819 498/1820 497/1821
f 497/1822 467/1823 466/1824
f 471/1825 509/1826 510/1827
f 510/1828 472/1829 471/1830
f 472/1831 510/1832 511/1833
f 511/1834 473/1835 472/1836
f 479/1837 475/1838 512/1839
f 512/1840 513/1841 479/1842
f 479/1843 513/1844 514/1845
f 514/1846 480/1847 479/1848
f 480/1849 514/1850 515/1851
f 515/1852 484/1853 480/1854
f 484/1855 515/1856 516/1857
f 516/1858 485/1859 484/1860
f 485/1861 516/1862 517/1863
f 517/1864 488/1865 485/1866
f 518/1867 519/1868 520/1869
f 520/1870 521/1871 518/1872
f 488/1873 517/1874 522/1875
f 522/1876 494/1877 488/1878
f 495/1879 523/1880 524/1881
f 524/1882 496/1883 495/1884
f 525/1885 500/1886 455/1887
f 456/1888 499/1889 501/1890
f 501/1891 457/1892 456/1893
f 502/1894 458/1895 457/1896
f 457/1897 501/1898 502/1899
f 458/1900 502/1901 503/1902
f 503/1903 459/1904 458/1905
f 504/1906 460/1907 459/1908
f 459/1909 503/1910 504/1911
f 460/1912 504/1913 508/1914
f 508/1915 465/1916 460/1917
f 526/1918 527/1919 528/1920
f 528/1921 529/1922 526/1923
f 529/1924 530/1925 531/1926
f 531/1927 526/1928 529/1929
f 532/1930 533/1931 534/1932
f 534/1933 535/1934 532/1935
f 536/1936 537/1937 538/1938
f 538/1939 539/1940 536/1941
f 540/1942 538/1943 537/1944
f 537/1945 541/1946 540/1947
f 541/1948 542/1949 543/1950
f 543/1951 540/1952 541/1953
f 544/1954 543/1955 542/1956
f 542/1957 545/1958 544/1959
f 546/1960 547/1961 548/1962
f 548/1963 549/1964 546/1965
f 550/1966 544/1967 545/1968
f 545/1969 551/1970 550/1971
f 552/1972 553/1973 554/1974
f 554/1975 555/1976 552/1977
f 556/1978 527/1979 526/1980
f 526/1981 557/1982 556/1983
f 557/1984 526/1985 531/1986
f 531/1987 558/1988 557/1989
f 539/1990 559/1991 560/1992
f 560/1993 533/1994 539/1995
f 559/1996 539/1997 538/1998
f 538/1999 561/2000 559/2001
f 561/2002 538/2003 540/2004
f 540/2005 562/2006 561/2007
f 562/2008 540/2009 543/2010
f 543/2011 563/2012 562/2013
f 563/2014 543/2015 544/2016
f 544/2017 564/2018 563/2019
f 565/2020 547/2021 566/2022
f 566/2023 567/2024 565/2025
f 564/2026 544/2027 550/2028
f 550/2029 568/2030 564/2031
f 569/2032 555/2033 554/2034
f 554/2035 570/2036 569/2037
f 528/2038 571/2039 572/2040
f 572/2041 529/2042 528/2043
f 529/2044 572/2045 573/2046
f 573/2047 530/2048 529/2049
f 536/2050 532/2051 574/2052
f 574/2053 575/2054 536/2055
f 536/2056 575/2057 576/2058
f 576/2059 537/2060 536/2061
f 537/2062 576/2063 577/2064
f 577/2065 541/2066 537/2067
f 541/2068 577/2069 578/2070
f 578/2071 542/2072 541/2073
f 542/2074 578/2075 579/2076
f 579/2077 545/2078 542/2079
f 580/2080 581/2081 582/2082
f 582/2083 583/2084 580/2085
f 545/2086 579/2087 584/2088
f 584/2089 551/2090 545/2091
f 552/2092 585/2093 586/2094
f 586/2095 553/2096 552/2097
f 587/2098 588/2099 589/2100
f 589/2101 590/2102 587/2103
f 590/2104 591/2105 592/2106
f 592/2107 587/2108 590/2109
f 593/2110 594/2111 595/2112
f 595/2113 596/2114 593/2115
f 597/2116 598/2117 599/2118
f 599/2119 600/2120 597/2121
f 601/2122 599/2123 598/2124
f 598/2125 602/2126 601/2127
f 602/2128 603/2129 604/2130
f 604/2131 601/2132 602/2133
f 605/2134 604/2135 603/2136
f 603/2137 606/2138 605/2139
f 607/2140 608/2141 609/2142
f 609/2143 610/2144 607/2145
f 611/2146 605/2147 606/2148
f 606/2149 612/2150 611/2151
f 613/2152 614/2153 615/2154
f 615/2155 616/2156 613/2157
f 571/2158 588/2159 587/2160
f 587/2161 572/2162 571/2163
f 572/2164 587/2165 592/2166
f 592/2167 573/2168 572/2169
f 600/2170 617/2171 618/2172
f 618/2173 594/2174 600/2175
f 617/2176 600/2177 599/2178
f 599/2179 619/2180 617/2181
f 619/2182 599/2183 601/2184
f 601/2185 620/2186 619/2187
f 620/2188 601/2189 604/2190
f 604/2191 621/2192 620/2193
f 621/2194 604/2195 605/2196
f 605/2197 622/2198 621/2199
f 623/2200 608/2201 624/2202
f 624/2203 625/2204 623/2205
f 622/2206 605/2207 611/2208
f 611/2209 626/2210 622/2211
f 585/2212 616/2213 615/2214
f 615/2215 586/2216 585/2217
f 589/2218 627/2219 628/2220
f 628/2221 590/2222 589/2223
f 590/2224 628/2225 629/2226
f 629/2227 591/2228 590/2229
f 597/2230 593/2231 630/2232
f 630/2233 631/2234 597/2235
f 597/2236 631/2237 632/2238
f 632/2239 598/2240 597/2241
f 598/2242 632/2243 633/2244
f 633/2245 602/2246 598/2247
f 602/2248 633/2249 634/2250
f 634/2251 603/2252 602/2253
f 603/2254 634/2255 635/2256
f 635/2257 606/2258 603/2259
f 636/2260 637/2261 638/2262
f 638/2263 639/2264 636/2265
f 606/2266 635/2267 640/2268
f 640/2269 612/2270 606/2271
f 613/2272 641/2273 642/2274
f 642/2275 614/2276 613/2277
f 643/2278 618/2279 574/2280
f 575/2281 617/2282 619/2283
f 619/2284 576/2285 575/2286
f 620/2287 577/2288 576/2289
f 576/2290 619/2291 620/2292
f 577/2293 620/2294 621/2295
f 621/2296 578/2297 577/2298
f 622/2299 579/2300 578/2301
f 578/2302 621/2303 622/2304
f 579/2305 622/2306 626/2307
f 626/2308 584/2309 579/2310
f 644/2311 645/2312 646/2313
f 646/2314 647/2315 644/2316
f 647/2317 648/2318 649/2319
f 649/2320 644/2321 647/2322
f 650/2323 651/2324 652/2325
f 652/2326 653/2327 650/2328
f 654/2329 655/2330 656/2331
f 656/2332 657/2333 654/2334
f 658/2335 656/2336 655/2337
f 655/2338 659/2339 658/2340
f 659/2341 660/2342 661/2343
f 661/2344 658/2345 659/2346
f 662/2347 661/2348 660/2349
f 660/2350 663/2351 662/2352
f 664/2353 665/2354 666/2355
f 666/2356 667/2357 664/2358
f 668/2359 662/2360 663/2361
f 663/2362 669/2363 668/2364
f 670/2365 671/2366 672/2367
f 672/2368 673/2369 670/2370
f 627/2371 645/2372 644/2373
f 644/2374 628/2375 627/2376
f 628/2377 644/2378 649/2379
f 649/2380 629/2381 628/2382
f 657/2383 674/2384 675/2385
f 675/2386 651/2387 657/2388
f 674/2389 657/2390 656/2391
f 656/2392 676/2393 674/2394
f 676/2395 656/2396 658/2397
f 658/2398 677/2399 676/2400
f 677/2401 658/2402 661/2403
f 661/2404 678/2405 677/2406
f 678/2407 661/2408 662/2409
f 662/2410 679/2411 678/2412
f 680/2413 665/2414 681/2415
f 681/2416 682/2417 680/2418
f 679/2419 662/2420 668/2421
f 668/2422 683/2423 679/2424
f 641/2425 673/2426 672/2427
f 672/2428 642/2429 641/2430
f 646/2431 684/2432 685/2433
f 685/2434 647/2435 646/2436
f 647/2437 685/2438 686/2439
f 686/2440 648/2441 647/2442
f 654/2443 650/2444 687/2445
f 687/2446 688/2447 654/2448
f 654/2449 688/2450 689/2451
f 689/2452 655/2453 654/2454
f 655/2455 689/2456 690/2457
f 690/2458 659/2459 655/2460
f 659/2461 690/2462 691/2463
f 691/2464 660/2465 659/2466
f 660/2467 691/2468 692/2469
f 692/2470 663/2471 660/2472
f 693/2473 694/2474 695/2475
f 695/2476 696/2477 693/2478
f 663/2479 692/2480 697/2481
f 697/2482 669/2483 663/2484
f 670/2485 698/2486 699/2487
f 699/2488 671/2489 670/2490
f 700/2491 675/2492 630/2493
f 631/2494 674/2495 676/2496
f 676/2497 632/2498 631/2499
f 677/2500 633/2501 632/2502
f 632/2503 676/2504 677/2505
f 633/2506 677/2507 678/2508
f 678/2509 634/2510 633/2511
f 679/2512 635/2513 634/2514
f 634/2515 678/2516 679/2517
f 635/2518 679/2519 683/2520
f 683/2521 640/2522 635/2523
f 701/2524 702/2525 703/2526
f 703/2527 704/2528 701/2529
f 704/2530 705/2531 706/2532
f 706/2533 701/2534 704/2535
f 707/2536 708/2537 709/2538
f 709/2539 710/2540 707/2541
f 711/2542 712/2543 713/2544
f 713/2545 714/2546 711/2547
f 715/2548 713/2549 712/2550
f 712/2551 716/2552 715/2553
f 716/2554 717/2555 718/2556
f 718/2557 715/2558 716/2559
f 719/2560 718/2561 717/2562
f 717/2563 720/2564 719/2565
f 721/2566 722/2567 723/2568
f 723/2569 724/2570 721/2571
f 725/2572 719/2573 720/2574
f 720/2575 726/2576 725/2577
f 727/2578 728/2579 729/2580
f 729/2581 730/2582 727/2583
f 684/2584 702/2585 701/2586
f 701/2587 685/2588 684/2589
f 685/2590 701/2591 706/2592
f 706/2593 686/2594 685/2595
f 714/2596 731/2597 732/2598
f 732/2599 708/2600 714/2601
f 731/2602 714/2603 713/2604
f 713/2605 733/2606 731/2607
f 733/2608 713/2609 715/2610
f 715/2611 734/2612 733/2613
f 734/2614 715/2615 718/2616
f 718/2617 735/2618 734/2619
f 735/2620 718/2621 719/2622
f 719/2623 736/2624 735/2625
f 737/2626 722/2627 738/2628
f 738/2629 739/2630 737/2631
f 736/2632 719/2633 725/2634
f 725/2635 740/2636 736/2637
f 698/2638 730/2639 729/2640
f 729/2641 699/2642 698/2643
f 703/2644 741/2645 742/2646
f 742/2647 704/2648 703/2649
f 704/2650 742/2651 743/2652
f 743/2653 705/2654 704/2655
f 711/2656 707/2657 744/2658
f 744/2659 745/2660 711/2661
f 711/2662 745/2663 746/2664
f 746/2665 712/2666 711/2667
f 712/2668 746/2669 747/2670
f 747/2671 716/2672 712/2673
f 716/2674 747/2675 748/2676
f 748/2677 717/2678 716/2679
f 717/2680 748/2681 749/2682
f 749/2683 720/2684 717/2685
f 750/2686 751/2687 752/2688
f 752/2689 753/2690 750/2691
f 720/2692 749/2693 754/2694
f 754/2695 726/2696 720/2697
f 727/2698 755/2699 756/2700
f 756/2701 728/2702 727/2703
f 757/2704 732/2705 687/2706
f 688/2707 731/2708 733/2709
f 733/2710 689/2711 688/2712
f 734/2713 690/2714 689/2715
f 689/2716 733/2717 734/2718
f 690/2719 734/2720 735/2721
f 735/2722 691/2723 690/2724
f 736/2725 692/2726 691/2727
f 691/2728 735/2729 736/2730
f 692/2731 736/2732 740/2733
f 740/2734 697/2735 692/2736
f 758/2737 759/2738 760/2739
f 760/2740 761/2741 758/2742
f 761/2743 762/2744 763/2745
f 763/2746 758/2747 761/2748
f 764/2749 765/2750 766/2751
f 766/2752 767/2753 764/2754
f 768/2755 769/2756 770/2757
f 770/2758 771/2759 768/2760
f 772/2761 770/2762 769/2763
f 769/2764 773/2765 772/2766
f 773/2767 774/2768 775/2769
f 775/2770 772/2771 773/2772
f 776/2773 775/2774 774/2775
f 774/2776 777/2777 776/2778
f 778/2779 779/2780 780/2781
f 780/2782 781/2783 778/2784
f 782/2785 776/2786 777/2787
f 777/2788 783/2789 782/2790
f 784/2791 785/2792 786/2793
f 786/2794 787/2795 784/2796
f 741/2797 759/2798 758/2799
f 758/2800 742/2801 741/2802
f 742/2803 758/2804 763/2805
f 763/2806 743/2807 742/2808
f 771/2809 788/2810 789/2811
f 789/2812 765/2813 771/2814
f 788/2815 771/2816 770/2817
f 770/2818 790/2819 788/2820
f 790/2821 770/2822 772/2823
f 772/2824 791/2825 790/2826
f 791/2827 772/2828 775/2829
f 775/2830 792/2831 791/2832
f 792/2833 775/2834 776/2835
f 776/2836 793/2837 792/2838
f 794/2839 779/2840 795/2841
f 795/2842 796/2843 794/2844
f 793/2845 776/2846 782/2847
f 782/2848 797/2849 793/2850
f 755/2851 787/2852 786/2853
f 786/2854 756/2855 755/2856
f 760/2857 798/2858 799/2859
f 799/2860 761/2861 760/2862
f 761/2863 799/2864 800/2865
f 800/2866 762/2867 761/2868
f 768/2869 764/2870 801/2871
f 801/2872 802/2873 768/2874
f 768/2875 802/2876 803/2877
f 803/2878 769/2879 768/2880
f 769/2881 803/2882 804/2883
f 804/2884 773/2885 769/2886
f 773/2887 804/2888 805/2889
f 805/2890 774/2891 773/2892
f 774/2893 805/2894 806/2895
f 806/2896 777/2897 774/2898
f 807/2899 808/2900 809/2901
f 809/2902 810/2903 807/2904
f 777/2905 806/2906 811/2907
f 811/2908 783/2909 777/2910
f 784/2911 812/2912 813/2913
f 813/2914 785/2915 784/2916
f 814/2917 789/2918 744/2919
f 745/2920 788/2921 790/2922
f 790/2923 746/2924 745/2925
f 791/2926 747/2927 746/2928
f 746/2929 790/2930 791/2931
f 747/2932 791/2933 792/2934
f 792/2935 748/2936 747/2937
f 793/2938 749/2939 748/2940
f 748/2941 792/2942 793/2943
f 749/2944 793/2945 797/2946
f 797/2947 754/2948 749/2949
f 815/2950 816/2951 817/2952
f 817/2953 818/2954 815/2955
f 818/2956 819/2957 820/2958
f 820/2959 815/2960 818/2961
f 821/2962 822/2963 823/2964
f 823/2965 824/2966 821/2967
f 825/2968 826/2969 827/2970
f 827/2971 828/2972 825/2973
f 829/2974 827/2975 826/2976
f 826/2977 830/2978 829/2979
f 830/2980 831/2981 832/2982
f 832/2983 829/2984 830/2985
f 833/2986 832/2987 831/2988
f 831/2989 834/2990 833/2991
f 835/2992 836/2993 837/2994
f 837/2995 838/2996 835/2997
f 839/2998 833/2999 834/3000
f 834/3001 840/3002 839/3003
f 841/3004 842/3005 843/3006
f 843/3007 844/3008 841/3009
f 798/3010 816/3011 815/3012
f 815/3013 799/3014 798/3015
f 799/3016 815/3017 820/3018
f 820/3019 800/3020 799/3021
f 828/3022 845/3023 846/3024
f 846/3025 822/3026 828/3027
f 845/3028 828/3029 827/3030
f 827/3031 847/3032 845/3033
f 847/3034 827/3035 829/3036
f 829/3037 848/3038 847/3039
f 848/3040 829/3041 832/3042
f 832/3043 849/3044 848/3045
f 849/3046 832/3047 833/3048
f 833/3049 850/3050 849/3051
f 851/3052 836/3053 852/3054
f 852/3055 853/3056 851/3057
f 850/3058 833/3059 839/3060
f 839/3061 854/3062 850/3063
f 812/3064 844/3065 843/3066
f 843/3067 813/3068 812/3069
f 817/3070 855/3071 856/3072
f 856/3073 818/3074 817/3075
f 818/3076 856/3077 857/3078
f 857/3079 819/3080 818/3081
f 825/3082 821/3083 858/3084
f 858/3085 859/3086 825/3087
f 825/3088 859/3089 860/3090
f 860/3091 826/3092 825/3093
f 826/3094 860/3095 861/3096
f 861/3097 830/3098 826/3099
f 830/3100 861/3101 862/3102
f 862/3103 831/3104 830/3105
f 831/3106 862/3107 863/3108
f 863/3109 834/3110 831/3111
f 864/3112 865/3113 866/3114
f 866/3115 867/3116 864/3117
f 834/3118 863/3119 868/3120
f 868/3121 840/3122 834/3123
f 841/3124 869/3125 870/3126
f 870/3127 842/3128 841/3129
f 871/3130 846/3131 801/3132
f 802/3133 845/3134 847/3135
f 847/3136 803/3137 802/3138
f 848/3139 804/3140 803/3141
f 803/3142 847/3143 848/3144
f 804/3145 848/3146 849/3147
f 849/3148 805/3149 804/3150
f 850/3151 806/3152 805/3153
f 805/3154 849/3155 850/3156
f 806/3157 850/3158 854/3159
f 854/3160 811/3161 806/3162
f 872/3163 873/3164 874/3165
f 874/3166 875/3167 872/3168
f 875/3169 876/3170 877/3171
f 877/3172 872/3173 875/3174
f 878/3175 879/3176 880/3177
f 880/3178 881/3179 878/3180
f 882/3181 883/3182 884/3183
f 884/3184 885/3185 882/3186
f 886/3187 884/3188 883/3189
f 883/3190 887/3191 886/3192
f 887/3193 888/3194 889/3195
f 889/3196 886/3197 887/3198
f 890/3199 889/3200 888/3201
f 888/3202 891/3203 890/3204
f 892/3205 893/3206 894/3207
f 894/3208 895/3209 892/3210
f 896/3211 890/3212 891/3213
f 891/3214 897/3215 896/3216
f 898/3217 899/3218 900/3219
f 900/3220 901/3221 898/3222
f 855/3223 873/3224 872/3225
f 872/3226 856/3227 855/3228
f 856/3229 872/3230 877/3231
f 877/3232 857/3233 856/3234
f 885/3235 902/3236 903/3237
f 903/3238 879/3239 885/3240
f 902/3241 885/3242 884/3243
f 884/3244 904/3245 902/3246
f 904/3247 884/3248 886/3249
f 886/3250 905/3251 904/3252
f 905/3253 886/3254 889/3255
f 889/3256 906/3257 905/3258
f 906/3259 889/3260 890/3261
f 890/3262 907/3263 906/3264
f 908/3265 893/3266 909/3267
f 909/3268 910/3269 908/3270
f 907/3271 890/3272 896/3273
f 896/3274 911/3275 907/3276
f 869/3277 901/3278 900/3279
f 900/3280 870/3281 869/3282
f 874/3283 100/3284 101/3285
f 101/3286 875/3287 874/3288
f 875/3289 101/3290 102/3291
f 102/3292 876/3293 875/3294
f 882/3295 878/3296 120/3297
f 120/3298 121/3299 882/3300
f 882/3301 121/3302 122/3303
f 122/3304 883/3305 882/3306
f 883/3307 122/3308 123/3309
f 123/3310 887/3311 883/3312
f 887/3313 123/3314 124/3315
f 124/3316 888/3317 887/3318
f 888/3319 124/3320 125/3321
f 125/3322 891/3323 888/3324
f 912/3325 913/3326 914/3327
f 914/3328 915/3329 912/3330
f 891/3331 125/3332 126/3333
f 126/3334 897/3335 891/3336
f 898/3337 113/3338 114/3339
f 114/3340 899/3341 898/3342
f 916/3343 903/3344 858/3345
f 859/3346 902/3347 904/3348
f 904/3349 860/3350 859/3351
f 905/3352 861/3353 860/3354
f 860/3355 904/3356 905/3357
f 861/3358 905/3359 906/3360
f 906/3361 862/3362 861/3363
f 907/3364 863/3365 862/3366
f 862/3367 906/3368 907/3369
f 863/3370 907/3371 911/3372
f 911/3373 868/3374 863/3375
f 9/3376 6/3377 5/3378
f 5/3379 10/3380 9/3381
f 62/3382 33/3383 6/3384
f 6/3385 9/3386 62/3387
f 10/3388 5/3389 48/3390
f 48/3391 183/3392 10/3393
f 78/3394 75/3395 74/3396
f 74/3397 79/3398 78/3399
f 119/3400 102/3401 75/3402
f 75/3403 78/3404 119/3405
f 79/3406 74/3407 33/3408
f 33/3409 62/3410 79/3411
f 135/3412 132/3413 131/3414
f 131/3415 136/3416 135/3417
f 183/3418 48/3419 132/3420
f 132/3421 135/3422 183/3423
f 136/3424 131/3425 169/3426
f 169/3427 240/3428 136/3429
f 192/3430 189/3431 188/3432
f 188/3433 193/3434 192/3435
f 240/3436 169/3437 189/3438
f 189/3439 192/3440 240/3441
f 193/3442 188/3443 226/3444
f 226/3445 297/3446 193/3447
f 249/3448 246/3449 245/3450
f 245/3451 250/3452 249/3453
f 297/3454 226/3455 246/3456
f 246/3457 249/3458 297/3459
f 250/3460 245/3461 283/3462
f 283/3463 354/3464 250/3465
f 306/3466 303/3467 302/3468
f 302/3469 307/3470 306/3471
f 354/3472 283/3473 303/3474
f 303/3475 306/3476 354/3477
f 307/3478 302/3479 340/3480
f 340/3481 411/3482 307/3483
f 363/3484 360/3485 359/3486
f 359/3487 364/3488 363/3489
f 411/3490 340/3491 360/3492
f 360/3493 363/3494 411/3495
f 364/3496 359/3497 397/3498
f 397/3499 468/3500 364/3501
f 420/3502 417/3503 416/3504
f 416/3505 421/3506 420/3507
f 468/3508 397/3509 417/3510
f 417/3511 420/3512 468/3513
f 421/3514 416/3515 454/3516
f 454/3517 525/3518 421/3519
f 477/3520 474/3521 473/3522
f 473/3523 478/3524 477/3525
f 525/3526 454/3527 474/3528
f 474/3529 477/3530 525/3531
f 478/3532 473/3533 511/3534
f 511/3535 917/3536 478/3537
f 534/3538 531/3539 530/3540
f 530/3541 535/3542 534/3543
f 918/3544 558/3545 531/3546
f 531/3547 534/3548 918/3549
f 535/3550 530/3551 573/3552
f 573/3553 643/3554 535/3555
f 595/3556 592/3557 591/3558
f 591/3559 596/3560 595/3561
f 643/3562 573/3563 592/3564
f 592/3565 595/3566 643/3567
f 596/3568 591/3569 629/3570
f 629/3571 700/3572 596/3573
f 652/3574 649/3575 648/3576
f 648/3577 653/3578 652/3579
f 700/3580 629/3581 649/3582
f 649/3583 652/3584 700/3585
f 653/3586 648/3587 686/3588
f 686/3589 757/3590 653/3591
f 709/3592 706/3593 705/3594
f 705/3595 710/3596 709/3597
f 757/3598 686/3599 706/3600
f 706/3601 709/3602 757/3603
f 710/3604 705/3605 743/3606
f 743/3607 814/3608 710/3609
f 766/3610 763/3611 762/3612
f 762/3613 767/3614 766/3615
f 814/3616 743/3617 763/3618
f 763/3619 766/3620 814/3621
f 767/3622 762/3623 800/3624
f 800/3625 871/3626 767/3627
f 823/3628 820/3629 819/3630
f 819/3631 824/3632 823/3633
f 871/3634 800/3635 820/3636
f 820/3637 823/3638 871/3639
f 824/3640 819/3641 857/3642
f 857/3643 916/3644 824/3645
f 880/3646 877/3647 876/3648
f 876/3649 881/3650 880/3651
f 916/3652 857/3653 877/3654
f 877/3655 880/3656 916/3657
f 881/3658 876/3659 102/3660
f 102/3661 119/3662 881/3663
f 919/3664 920/3665 921/3666
f 921/3667 922/3668 919/3669
f 923/3670 919/3671 922/3672
f 922/3673 924/3674 923/3675
f 924/3676 925/3677 923/3678
f 926/3679 923/3680 925/3681
f 925/3682 927/3683 926/3684
f 928/3685 926/3686 927/3687
f 927/3688 929/3689 928/3690
f 930/3691 928/3692 929/3693
f 929/3694 931/3695 930/3696
f 931/3697 932/3698 930/3699
f 933/3700 930/3701 932/3702
f 932/3703 934/3704 933/3705
f 935/3706 933/3707 934/3708
f 934/3709 936/3710 935/3711
f 937/3712 935/3713 936/3714
f 936/3715 938/3716 937/3717
f 938/3718 939/3719 937/3720
f 940/3721 937/3722 939/3723
f 939/3724 941/3725 940/3726
f 942/3727 940/3728 941/3729
f 941/3730 943/3731 942/3732
f 944/3733 942/3734 943/3735
f 943/3736 945/3737 944/3738
f 945/3739 946/3740 944/3741
f 947/3742 944/3743 946/3744
f 946/3745 948/3746 947/3747
f 949/3748 947/3749 948/3750
f 948/3751 950/3752 949/3753
f 951/3754 949/3755 950/3756
f 950/3757 952/3758 951/3759
f 952/3760 953/3761 951/3762
f 954/3763 951/3764 953/3765
f 953/3766 955/3767 954/3768
f 956/3769 954/3770 955/3771
f 955/3772 957/3773 956/3774
f 958/3775 956/3776 957/3777
f 957/3778 959/3779 958/3780
f 959/3781 960/3782 958/3783
f 961/3784 958/3785 960/3786
f 960/3787 962/3788 961/3789
f 963/3790 961/3791 962/3792
f 962/3793 964/3794 963/3795
f 965/3796 963/3797 964/3798
f 964/3799 966/3800 965/3801
f 966/3802 967/3803 965/3804
f 968/3805 965/3806 967/3807
f 967/3808 969/3809 968/3810
f 970/3811 968/3812 969/3813
f 969/3814 971/3815 970/3816
f 972/3817 970/3818 971/3819
f 971/3820 973/3821 972/3822
f 974/3823 975/3824 976/3825
f 976/3826 977/3827 974/3828
f 978/3829 974/3830 977/3831
f 977/3832 979/3833 978/3834
f 980/3835 978/3836 979/3837
f 979/3838 981/3839 980/3840
f 981/3841 982/3842 980/3843
f 983/3844 980/3845 982/3846
f 982/3847 984/3848 983/3849
f 985/3850 983/3851 984/3852
f 984/3853 986/3854 985/3855
f 987/3856 985/3857 986/3858
f 986/3859 988/3860 987/3861
f 988/3862 989/3863 987/3864
f 990/3865 987/3866 989/3867
f 989/3868 991/3869 990/3870
f 992/3871 990/3872 991/3873
f 991/3874 993/3875 992/3876
f 994/3877 992/3878 993/3879
f 993/3880 995/3881 994/3882
f 995/3883 996/3884 994/3885
f 997/3886 994/3887 996/3888
f 996/3889 998/3890 997/3891
f 999/3892 997/3893 998/3894
f 998/3895 1000/3896 999/3897
f 1001/3898 999/3899 1000/3900
f 1000/3901 1002/3902 1001/3903
f 1002/3904 1003/3905 1001/3906
f 1004/3907 1001/3908 1003/3909
f 1003/3910 1005/3911 1004/3912
f 1006/3913 1004/3914 1005/3915
f 1005/3916 1007/3917 1006/3918
f 1008/3919 1006/3920 1007/3921
f 1007/3922 1009/3923 1008/3924
f 1009/3925 1010/3926 1008/3927
f 1011/3928 1008/3929 1010/3930
f 1010/3931 1012/3932 1011/3933
f 1013/3934 1011/3935 1012/3936
f 1012/3937 1014/3938 1013/3939
f 1015/3940 1013/3941 1014/3942
f 1014/3943 1016/3944 1015/3945
f 1016/3946 1017/3947 1015/3948
f 1018/3949 1015/3950 1017/3951
f 1017/3952 1019/3953 1018/3954
f 1020/3955 1018/3956 1019/3957
f 1019/3958 1021/3959 1020/3960
f 1022/3961 1020/3962 1021/3963
f 1021/3964 1023/3965 1022/3966
f 1023/3967 1024/3968 1022/3969
f 1025/3970 1022/3971 1024/3972
f 1024/3973 1026/3974 1025/3975
f 1027/3976 1025/3977 1026/3978
f 1026/3979 1028/3980 1027/3981
f 1029/3982 1027/3983 1028/3984
f 1028/3985 1030/3986 1029/3987
f 1030/3988 1031/3989 1029/3990
f 920/3991 1029/3992 1031/3993
f 1031/3994 921/3995 920/3996
f 57/3997 56/3998 1032/3999
f 1032/4000 1033/4001 57/4002
f 1033/4003 1032/4004 115/4005
f 115/4006 118/4007 1033/4008
f 1034/4009 21/4010 163/4011
f 163/4012 165/4013 1034/4014
f 117/4015 116/4016 1035/4017
f 1035/4018 1036/4019 117/4020
f 1036/4021 1035/4022 912/4023
f 912/4024 915/4025 1036/4026
f 1037/4027 90/4028 40/4029
f 40/4030 42/4031 1037/4032
f 178/4033 177/4034 1038/4035
f 1038/4036 1039/4037 178/4038
f 1039/4039 1038/4040 55/4041
f 55/4042 58/4043 1039/4044
f 1040/4045 147/4046 220/4047
f 220/4048 222/4049 1040/4050
f 235/4051 234/4052 1041/4053
f 1041/4054 1042/4055 235/4056
f 1042/4057 1041/4058 176/4059
f 176/4060 179/4061 1042/4062
f 1043/4063 204/4064 277/4065
f 277/4066 279/4067 1043/4068
f 292/4069 291/4070 1044/4071
f 1044/4072 1045/4073 292/4074
f 1045/4075 1044/4076 233/4077
f 233/4078 236/4079 1045/4080
f 1046/4081 261/4082 334/4083
f 334/4084 336/4085 1046/4086
f 349/4087 348/4088 1047/4089
f 1047/4090 1048/4091 349/4092
f 1048/4093 1047/4094 290/4095
f 290/4096 293/4097 1048/4098
f 1049/4099 318/4100 391/4101
f 391/4102 393/4103 1049/4104
f 406/4105 405/4106 1050/4107
f 1050/4108 1051/4109 406/4110
f 1051/4111 1050/4112 347/4113
f 347/4114 350/4115 1051/4116
f 1052/4117 375/4118 448/4119
f 448/4120 450/4121 1052/4122
f 463/4123 462/4124 1053/4125
f 1053/4126 1054/4127 463/4128
f 1054/4129 1053/4130 404/4131
f 404/4132 407/4133 1054/4134
f 1055/4135 432/4136 505/4137
f 505/4138 507/4139 1055/4140
f 520/4141 519/4142 1056/4143
f 1056/4144 1057/4145 520/4146
f 1057/4147 1056/4148 461/4149
f 461/4150 464/4151 1057/4152
f 1058/4153 489/4154 1059/4155
f 1059/4156 1060/4157 1058/4158
f 582/4159 581/4160 1061/4161
f 1061/4162 1062/4163 582/4164
f 1062/4165 1061/4166 1063/4167
f 1063/4168 1064/4169 1062/4170
f 1065/4171 546/4172 623/4173
f 623/4174 625/4175 1065/4176
f 638/4177 637/4178 1066/4179
f 1066/4180 1067/4181 638/4182
f 1067/4183 1066/4184 580/4185
f 580/4186 583/4187 1067/4188
f 1068/4189 607/4190 680/4191
f 680/4192 682/4193 1068/4194
f 695/4195 694/4196 1069/4197
f 1069/4198 1070/4199 695/4200
f 1070/4201 1069/4202 636/4203
f 636/4204 639/4205 1070/4206
f 1071/4207 664/4208 737/4209
f 737/4210 739/4211 1071/4212
f 752/4213 751/4214 1072/4215
f 1072/4216 1073/4217 752/4218
f 1073/4219 1072/4220 693/4221
f 693/4222 696/4223 1073/4224
f 1074/4225 721/4226 794/4227
f 794/4228 796/4229 1074/4230
f 809/4231 808/4232 1075/4233
f 1075/4234 1076/4235 809/4236
f 1076/4237 1075/4238 750/4239
f 750/4240 753/4241 1076/4242
f 1077/4243 778/4244 851/4245
f 851/4246 853/4247 1077/4248
f 866/4249 865/4250 1078/4251
f 1078/4252 1079/4253 866/4254
f 1079/4255 1078/4256 807/4257
f 807/4258 810/4259 1079/4260
f 1080/4261 835/4262 908/4263
f 908/4264 910/4265 1080/4266
f 914/4267 913/4268 1081/4269
f 1081/4270 1082/4271 914/4272
f 1082/4273 1081/4274 864/4275
f 864/4276 867/4277 1082/4278
f 1083/4279 892/4280 109/4281
f 109/4282 111/4283 1083/4284
f 1084/4285 1085/4286 1086/4287
f 1086/4288 1087/4289 1084/4290
f 1088/4291 1085/4292 1084/4293
f 1084/4294 1089/4295 1088/4296
f 1090/4297 1091/4298 1087/4299
f 1087/4300 1092/4301 1090/4302
f 1093/4303 1094/4304 1095/4305
f 1095/4306 1096/4307 1093/4308
f 1097/4309 1094/4310 1093/4311
f 1093/4312 1098/4313 1097/4314
f 1099/4315 1100/4316 1096/4317
f 1096/4318 1089/4319 1099/4320
f 1101/4321 1102/4322 1103/4323
f 1103/4324 1104/4325 1101/4326
f 1105/4327 1102/4328 1101/4329
f 1101/4330 1092/4331 1105/4332
f 1106/4333 1107/4334 1104/4335
f 1104/4336 1108/4337 1106/4338
f 1109/4339 1110/4340 1111/4341
f 1111/4342 1112/4343 1109/4344
f 1113/4345 1110/4346 1109/4347
f 1109/4348 1108/4349 1113/4350
f 1114/4351 1115/4352 1112/4353
f 1112/4354 1116/4355 1114/4356
f 1117/4357 1118/4358 1119/4359
f 1119/4360 1120/4361 1117/4362
f 1121/4363 1118/4364 1117/4365
f 1117/4366 1116/4367 1121/4368
f 1122/4369 1123/4370 1120/4371
f 1120/4372 1124/4373 1122/4374
f 1125/4375 1126/4376 1127/4377
f 1127/4378 1128/4379 1125/4380
f 1129/4381 1126/4382 1125/4383
f 1125/4384 1124/4385 1129/4386
f 1130/4387 1131/4388 1128/4389
f 1128/4390 1132/4391 1130/4392
f 1133/4393 1134/4394 1135/4395
f 1135/4396 1136/4397 1133/4398
f 1137/4399 1134/4400 1133/4401
f 1133/4402 1132/4403 1137/4404
f 1138/4405 1139/4406 1136/4407
f 1136/4408 1140/4409 1138/4410
f 1141/4411 1142/4412 1143/4413
f 1143/4414 1144/4415 1141/4416
f 1145/4417 1142/4418 1141/4419
f 1141/4420 1140/4421 1145/4422
f 1146/4423 1147/4424 1144/4425
f 1144/4426 1148/4427 1146/4428
f 1149/4429 1150/4430 1151/4431
f 1151/4432 1152/4433 1149/4434
f 1153/4435 1150/4436 1149/4437
f 1149/4438 1148/4439 1153/4440
f 1154/4441 1155/4442 1152/4443
f 1152/4444 1156/4445 1154/4446
f 1157/4447 1158/4448 1159/4449
f 1159/4450 1160/4451 1157/4452
f 1161/4453 1158/4454 1157/4455
f 1157/4456 1162/4457 1161/4458
f 1163/4459 1164/4460 1160/4461
f 1160/4462 1165/4463 1163/4464
f 1166/4465 1167/4466 1168/4467
f 1168/4468 1169/4469 1166/4470
f 1170/4471 1167/4472 1166/4473
f 1166/4474 1165/4475 1170/4476
f 1171/4477 1172/4478 1169/4479
f 1169/4480 1173/4481 1171/4482
f 1174/4483 1175/4484 1176/4485
f 1176/4486 1177/4487 1174/4488
f 1178/4489 1175/4490 1174/4491
f 1174/4492 1173/4493 1178/4494
f 1179/4495 1180/4496 1177/4497
f 1177/4498 1181/4499 1179/4500
f 1182/4501 1183/4502 1184/4503
f 1184/4504 1185/4505 1182/4506
f 1186/4507 1183/4508 1182/4509
f 1182/4510 1181/4511 1186/4512
f 1187/4513 1188/4514 1185/4515
f 1185/4516 1189/4517 1187/4518
f 1190/4519 1191/4520 1192/4521
f 1192/4522 1193/4523 1190/4524
f 1194/4525 1191/4526 1190/4527
f 1190/4528 1189/4529 1194/4530
f 1195/4531 1196/4532 1193/4533
f 1193/4534 1197/4535 1195/4536
f 1198/4537 1199/4538 1200/4539
f 1200/4540 1201/4541 1198/4542
f 1202/4543 1199/4544 1198/4545
f 1198/4546 1197/4547 1202/4548
f 1203/4549 1204/4550 1201/4551
f 1201/4552 1205/4553 1203/4554
f 1206/4555 1207/4556 1208/4557
f 1208/4558 1209/4559 1206/4560
f 1210/4561 1207/4562 1206/4563
f 1206/4564 1205/4565 1210/4566
f 1211/4567 1212/4568 1209/4569
f 1209/4570 1098/4571 1211/4572
f 1213/4573 1084/4574 1087/4575
f 1087/4576 1091/4577 1213/4578
f 1099/4579 1089/4580 1084/4581
f 1084/4582 1213/4583 1099/4584
f 1105/4585 1092/4586 1087/4587
f 1087/4588 1086/4589 1105/4590
f 1214/4591 1093/4592 1096/4593
f 1096/4594 1100/4595 1214/4596
f 1211/4597 1098/4598 1093/4599
f 1093/4600 1214/4601 1211/4602
f 1088/4603 1089/4604 1096/4605
f 1096/4606 1095/4607 1088/4608
f 1215/4609 1101/4610 1104/4611
f 1104/4612 1107/4613 1215/4614
f 1090/4615 1092/4616 1101/4617
f 1101/4618 1215/4619 1090/4620
f 1113/4621 1108/4622 1104/4623
f 1104/4624 1103/4625 1113/4626
f 1216/4627 1109/4628 1112/4629
f 1112/4630 1115/4631 1216/4632
f 1106/4633 1108/4634 1109/4635
f 1109/4636 1216/4637 1106/4638
f 1121/4639 1116/4640 1112/4641
f 1112/4642 1111/4643 1121/4644
f 1217/4645 1117/4646 1120/4647
f 1120/4648 1123/4649 1217/4650
f 1114/4651 1116/4652 1117/4653
f 1117/4654 1217/4655 1114/4656
f 1129/4657 1124/4658 1120/4659
f 1120/4660 1119/4661 1129/4662
f 1218/4663 1125/4664 1128/4665
f 1128/4666 1131/4667 1218/4668
f 1122/4669 1124/4670 1125/4671
f 1125/4672 1218/4673 1122/4674
f 1137/4675 1132/4676 1128/4677
f 1128/4678 1127/4679 1137/4680
f 1219/4681 1133/4682 1136/4683
f 1136/4684 1139/4685 1219/4686
f 1130/4687 1132/4688 1133/4689
f 1133/4690 1219/4691 1130/4692
f 1145/4693 1140/4694 1136/4695
f 1136/4696 1135/4697 1145/4698
f 1220/4699 1141/4700 1144/4701
f 1144/4702 1147/4703 1220/4704
f 1138/4705 1140/4706 1141/4707
f 1141/4708 1220/4709 1138/4710
f 1153/4711 1148/4712 1144/4713
f 1144/4714 1143/4715 1153/4716
f 1221/4717 1149/4718 1152/4719
f 1152/4720 1155/4721 1221/4722
f 1146/4723 1148/4724 1149/4725
f 1149/4726 1221/4727 1146/4728
f 1222/4729 1156/4730 1152/4731
f 1152/4732 1151/4733 1222/4734
f 1223/4735 1157/4736 1160/4737
f 1160/4738 1164/4739 1223/4740
f 1224/4741 1162/4742 1157/4743
f 1157/4744 1223/4745 1224/4746
f 1170/4747 1165/4748 1160/4749
f 1160/4750 1159/4751 1170/4752
f 1225/4753 1166/4754 1169/4755
f 1169/4756 1172/4757 1225/4758
f 1163/4759 1165/4760 1166/4761
f 1166/4762 1225/4763 1163/4764
f 1178/4765 1173/4766 1169/4767
f 1169/4768 1168/4769 1178/4770
f 1226/4771 1174/4772 1177/4773
f 1177/4774 1180/4775 1226/4776
f 1171/4777 1173/4778 1174/4779
f 1174/4780 1226/4781 1171/4782
f 1186/4783 1181/4784 1177/4785
f 1177/4786 1176/4787 1186/4788
f 1227/4789 1182/4790 1185/4791
f 1185/4792 1188/4793 1227/4794
f 1179/4795 1181/4796 1182/4797
f 1182/4798 1227/4799 1179/4800
f 1194/4801 1189/4802 1185/4803
f 1185/4804 1184/4805 1194/4806
f 1228/4807 1190/4808 1193/4809
f 1193/4810 1196/4811 1228/4812
f 1187/4813 1189/4814 1190/4815
f 1190/4816 1228/4817 1187/4818
f 1202/4819 1197/4820 1193/4821
f 1193/4822 1192/4823 1202/4824
f 1229/4825 1198/4826 1201/4827
f 1201/4828 1204/4829 1229/4830
f 1195/4831 1197/4832 1198/4833
f 1198/4834 1229/4835 1195/4836
f 1210/4837 1205/4838 1201/4839
f 1201/4840 1200/4841 1210/4842
f 1230/4843 1206/4844 1209/4845
f 1209/4846 1212/4847 1230/4848
f 1203/4849 1205/4850 1206/4851
f 1206/4852 1230/4853 1203/4854
f 1097/4855 1098/4856 1209/4857
f 1209/4858 1208/4859 1097/4860
f 1231/4861 1232/4862 1233/4863
f 1233/4864 1234/4865 1231/4866
f 1234/4867 1233/4868 1235/4869
f 1235/4870 1236/4871 1234/4872
f 1237/4873 1238/4874 1239/4875
f 1239/4876 1240/4877 1237/4878
f 1240/4879 1239/4880 1241/4881
f 1241/4882 1242/4883 1240/4884
f 1243/4885 1244/4886 1245/4887
f 1245/4888 1246/4889 1243/4890
f 1246/4891 1245/4892 1247/4893
f 1247/4894 1248/4895 1246/4896
f 1249/4897 1250/4898 1251/4899
f 1251/4900 1252/4901 1249/4902
f 1252/4903 1251/4904 1253/4905
f 1253/4906 1254/4907 1252/4908
f 1255/4909 1256/4910 1257/4911
f 1257/4912 1258/4913 1255/4914
f 1258/4915 1257/4916 1259/4917
f 1259/4918 1260/4919 1258/4920
f 1261/4921 1262/4922 1263/4923
f 1263/4924 1264/4925 1261/4926
f 1264/4927 1263/4928 1265/4929
f 1265/4930 1266/4931 1264/4932
f 1267/4933 1268/4934 1269/4935
f 1269/4936 1270/4937 1267/4938
f 1270/4939 1269/4940 1271/4941
f 1271/4942 1272/4943 1270/4944
f 1273/4945 1274/4946 1275/4947
f 1275/4948 1276/4949 1273/4950
f 1276/4951 1275/4952 1277/4953
f 1277/4954 1278/4955 1276/4956
f 1279/4957 1280/4958 1281/4959
f 1281/4960 1282/4961 1279/4962
f 1282/4963 1281/4964 1283/4965
f 1283/4966 1284/4967 1282/4968
f 1285/4969 1286/4970 1287/4971
f 1287/4972 1288/4973 1285/4974
f 1288/4975 1287/4976 1289/4977
f 1289/4978 1290/4979 1288/4980
f 1291/4981 1292/4982 1293/4983
f 1293/4984 1294/4985 1291/4986
f 1294/4987 1293/4988 1295/4989
f 1295/4990 1296/4991 1294/4992
f 1297/4993 1298/4994 1299/4995
f 1299/4996 1300/4997 1297/4998
f 1300/4999 1299/5000 1301/5001
f 1301/5002 1302/5003 1300/5004
f 1303/5005 1304/5006 1305/5007
f 1305/5008 1306/5009 1303/5010
f 1306/5011 1305/5012 1307/5013
f 1307/5014 1308/5015 1306/5016
f 1309/5017 1310/5018 1311/5019
f 1311/5020 1312/5021 1309/5022
f 1312/5023 1311/5024 1313/5025
f 1313/5026 1314/5027 1312/5028
f 1315/5029 1316/5030 1317/5031
f 1317/5032 1318/5033 1315/5034
f 1318/5035 1317/5036 1319/5037
f 1319/5038 1320/5039 1318/5040
f 1321/5041 1322/5042 1323/5043
f 1323/5044 1324/5045 1321/5046
f 1324/5047 1323/5048 1325/5049
f 1325/5050 1326/5051 1324/5052
f 1248/5053 1247/5054 1232/5055
f 1232/5056 1231/5057 1248/5058
f 1236/5059 1235/5060 1238/5061
f 1238/5062 1237/5063 1236/5064
f 1254/5065 1253/5066 1244/5067
f 1244/5068 1243/5069 1254/5070
f 1260/5071 1259/5072 1250/5073
f 1250/5074 1249/5075 1260/5076
f 1266/5077 1265/5078 1256/5079
f 1256/5080 1255/5081 1266/5082
f 1272/5083 1271/5084 1262/5085
f 1262/5086 1261/5087 1272/5088
f 1278/5089 1277/5090 1268/5091
f 1268/5092 1267/5093 1278/5094
f 1284/5095 1283/5096 1274/5097
f 1274/5098 1273/5099 1284/5100
f 1327/5101 1328/5102 1280/5103
f 1280/5104 1279/5105 1327/5106
f 1296/5107 1295/5108 1286/5109
f 1286/5110 1285/5111 1296/5112
f 1302/5113 1301/5114 1292/5115
f 1292/5116 1291/5117 1302/5118
f 1308/5119 1307/5120 1298/5121
f 1298/5122 1297/5123 1308/5124
f 1314/5125 1313/5126 1304/5127
f 1304/5128 1303/5129 1314/5130
f 1320/5131 1319/5132 1310/5133
f 1310/5134 1309/5135 1320/5136
f 1326/5137 1325/5138 1316/5139
f 1316/5140 1315/5141 1326/5142
f 1242/5143 1241/5144 1322/5145
f 1322/5146 1321/5147 1242/5148
f 11/5149 14/5150 8/5151
f 8/5152 7/5153 11/5154
f 62/5155 9/5156 8/5157
f 8/5158 35/5159 62/5160
f 10/5161 183/5162 49/5163
f 49/5164 7/5165 10/5166
f 34/5167 64/5168 63/5169
f 63/5170 35/5171 34/5172
f 80/5173 83/5174 77/5175
f 77/5176 76/5177 80/5178
f 119/5179 78/5180 77/5181
f 77/5182 104/5183 119/5184
f 79/5185 62/5186 63/5187
f 63/5188 76/5189 79/5190
f 103/5191 121/5192 120/5193
f 120/5194 104/5195 103/5196
f 137/5197 140/5198 134/5199
f 134/5200 133/5201 137/5202
f 183/5203 135/5204 134/5205
f 134/5206 158/5207 183/5208
f 136/5209 240/5210 170/5211
f 170/5212 133/5213 136/5214
f 157/5215 50/5216 49/5217
f 49/5218 158/5219 157/5220
f 194/5221 197/5222 191/5223
f 191/5224 190/5225 194/5226
f 240/5227 192/5228 191/5229
f 191/5230 215/5231 240/5232
f 193/5233 297/5234 227/5235
f 227/5236 190/5237 193/5238
f 214/5239 171/5240 170/5241
f 170/5242 215/5243 214/5244
f 251/5245 254/5246 248/5247
f 248/5248 247/5249 251/5250
f 297/5251 249/5252 248/5253
f 248/5254 272/5255 297/5256
f 250/5257 354/5258 284/5259
f 284/5260 247/5261 250/5262
f 271/5263 228/5264 227/5265
f 227/5266 272/5267 271/5268
f 308/5269 311/5270 305/5271
f 305/5272 304/5273 308/5274
f 354/5275 306/5276 305/5277
f 305/5278 329/5279 354/5280
f 307/5281 411/5282 341/5283
f 341/5284 304/5285 307/5286
f 328/5287 285/5288 284/5289
f 284/5290 329/5291 328/5292
f 365/5293 368/5294 362/5295
f 362/5296 361/5297 365/5298
f 411/5299 363/5300 362/5301
f 362/5302 386/5303 411/5304
f 364/5305 468/5306 398/5307
f 398/5308 361/5309 364/5310
f 385/5311 342/5312 341/5313
f 341/5314 386/5315 385/5316
f 422/5317 425/5318 419/5319
f 419/5320 418/5321 422/5322
f 468/5323 420/5324 419/5325
f 419/5326 443/5327 468/5328
f 421/5329 525/5330 455/5331
f 455/5332 418/5333 421/5334
f 442/5335 399/5336 398/5337
f 398/5338 443/5339 442/5340
f 479/5341 482/5342 476/5343
f 476/5344 475/5345 479/5346
f 525/5347 477/5348 476/5349
f 476/5350 500/5351 525/5352
f 478/5353 917/5354 512/5355
f 512/5356 475/5357 478/5358
f 499/5359 456/5360 455/5361
f 455/5362 500/5363 499/5364
f 536/5365 539/5366 533/5367
f 533/5368 532/5369 536/5370
f 918/5371 534/5372 533/5373
f 533/5374 560/5375 918/5376
f 535/5377 643/5378 574/5379
f 574/5380 532/5381 535/5382
f 597/5383 600/5384 594/5385
f 594/5386 593/5387 597/5388
f 643/5389 595/5390 594/5391
f 594/5392 618/5393 643/5394
f 596/5395 700/5396 630/5397
f 630/5398 593/5399 596/5400
f 617/5401 575/5402 574/5403
f 574/5404 618/5405 617/5406
f 654/5407 657/5408 651/5409
f 651/5410 650/5411 654/5412
f 700/5413 652/5414 651/5415
f 651/5416 675/5417 700/5418
f 653/5419 757/5420 687/5421
f 687/5422 650/5423 653/5424
f 674/5425 631/5426 630/5427
f 630/5428 675/5429 674/5430
f 711/5431 714/5432 708/5433
f 708/5434 707/5435 711/5436
f 757/5437 709/5438 708/5439
f 708/5440 732/5441 757/5442
f 710/5443 814/5444 744/5445
f 744/5446 707/5447 710/5448
f 731/5449 688/5450 687/5451
f 687/5452 732/5453 731/5454
f 768/5455 771/5456 765/5457
f 765/5458 764/5459 768/5460
f 814/5461 766/5462 765/5463
f 765/5464 789/5465 814/5466
f 767/5467 871/5468 801/5469
f 801/5470 764/5471 767/5472
f 788/5473 745/5474 744/5475
f 744/5476 789/5477 788/5478
f 825/5479 828/5480 822/5481
f 822/5482 821/5483 825/5484
f 871/5485 823/5486 822/5487
f 822/5488 846/5489 871/5490
f 824/5491 916/5492 858/5493
f 858/5494 821/5495 824/5496
f 845/5497 802/5498 801/5499
f 801/5500 846/5501 845/5502
f 882/5503 885/5504 879/5505
f 879/5506 878/5507 882/5508
f 916/5509 880/5510 879/5511
f 879/5512 903/5513 916/5514
f 881/5515 119/5516 120/5517
f 120/5518 878/5519 881/5520
f 902/5521 859/5522 858/5523
f 858/5524 903/5525 902/5526
f 2/5527 29/5528 28/5529
f 28/5530 3/5531 2/5532
f 31/5533 45/5534 29/5535
f 29/5536 2/5537 31/5538
f 3/5539 28/5540 61/5541
f 61/5542 46/5543 3/5544
f 71/5545 98/5546 97/5547
f 97/5548 72/5549 71/5550
f 100/5551 114/5552 98/5553
f 98/5554 71/5555 100/5556
f 72/5557 97/5558 45/5559
f 45/5560 31/5561 72/5562
f 128/5563 155/5564 154/5565
f 154/5566 129/5567 128/5568
f 46/5569 61/5570 155/5571
f 155/5572 128/5573 46/5574
f 129/5575 154/5576 182/5577
f 182/5578 167/5579 129/5580
f 185/5581 212/5582 211/5583
f 211/5584 186/5585 185/5586
f 167/5587 182/5588 212/5589
f 212/5590 185/5591 167/5592
f 186/5593 211/5594 239/5595
f 239/5596 224/5597 186/5598
f 242/5599 269/5600 268/5601
f 268/5602 243/5603 242/5604
f 224/5605 239/5606 269/5607
f 269/5608 242/5609 224/5610
f 243/5611 268/5612 296/5613
f 296/5614 281/5615 243/5616
f 299/5617 326/5618 325/5619
f 325/5620 300/5621 299/5622
f 281/5623 296/5624 326/5625
f 326/5626 299/5627 281/5628
f 300/5629 325/5630 353/5631
f 353/5632 338/5633 300/5634
f 356/5635 383/5636 382/5637
f 382/5638 357/5639 356/5640
f 338/5641 353/5642 383/5643
f 383/5644 356/5645 338/5646
f 357/5647 382/5648 410/5649
f 410/5650 395/5651 357/5652
f 413/5653 440/5654 439/5655
f 439/5656 414/5657 413/5658
f 395/5659 410/5660 440/5661
f 440/5662 413/5663 395/5664
f 414/5665 439/5666 467/5667
f 467/5668 452/5669 414/5670
f 470/5671 497/5672 496/5673
f 496/5674 471/5675 470/5676
f 452/5677 467/5678 497/5679
f 497/5680 470/5681 452/5682
f 471/5683 496/5684 524/5685
f 524/5686 509/5687 471/5688
f 527/5689 554/5690 553/5691
f 553/5692 528/5693 527/5694
f 556/5695 570/5696 554/5697
f 554/5698 527/5699 556/5700
f 528/5701 553/5702 586/5703
f 586/5704 571/5705 528/5706
f 588/5707 615/5708 614/5709
f 614/5710 589/5711 588/5712
f 571/5713 586/5714 615/5715
f 615/5716 588/5717 571/5718
f 589/5719 614/5720 642/5721
f 642/5722 627/5723 589/5724
f 645/5725 672/5726 671/5727
f 671/5728 646/5729 645/5730
f 627/5731 642/5732 672/5733
f 672/5734 645/5735 627/5736
f 646/5737 671/5738 699/5739
f 699/5740 684/5741 646/5742
f 702/5743 729/5744 728/5745
f 728/5746 703/5747 702/5748
f 684/5749 699/5750 729/5751
f 729/5752 702/5753 684/5754
f 703/5755 728/5756 756/5757
f 756/5758 741/5759 703/5760
f 759/5761 786/5762 785/5763
f 785/5764 760/5765 759/5766
f 741/5767 756/5768 786/5769
f 786/5770 759/5771 741/5772
f 760/5773 785/5774 813/5775
f 813/5776 798/5777 760/5778
f 816/5779 843/5780 842/5781
f 842/5782 817/5783 816/5784
f 798/5785 813/5786 843/5787
f 843/5788 816/5789 798/5790
f 817/5791 842/5792 870/5793
f 870/5794 855/5795 817/5796
f 873/5797 900/5798 899/5799
f 899/5800 874/5801 873/5802
f 855/5803 870/5804 900/5805
f 900/5806 873/5807 855/5808
f 874/5809 899/5810 114/5811
f 114/5812 100/5813 874/5814
f 26/5815 922/5816 921/5817
f 921/5818 25/5819 26/5820
f 25/5821 921/5822 1031/5823
f 1031/5824 43/5825 25/5826
f 59/5827 924/5828 922/5829
f 922/5830 26/5831 59/5832
f 43/5833 1031/5834 1030/5835
f 1030/5836 69/5837 43/5838
f 95/5839 1028/5840 1026/5841
f 1026/5842 94/5843 95/5844
f 94/5845 1026/5846 1024/5847
f 1024/5848 112/5849 94/5850
f 69/5851 1030/5852 1028/5853
f 1028/5854 95/5855 69/5856
f 112/5857 1024/5858 1023/5859
f 1023/5860 126/5861 112/5862
f 152/5863 929/5864 927/5865
f 927/5866 151/5867 152/5868
f 151/5869 927/5870 925/5871
f 925/5872 166/5873 151/5874
f 180/5875 931/5876 929/5877
f 929/5878 152/5879 180/5880
f 166/5881 925/5882 924/5883
f 924/5884 59/5885 166/5886
f 209/5887 936/5888 934/5889
f 934/5890 208/5891 209/5892
f 208/5893 934/5894 932/5895
f 932/5896 223/5897 208/5898
f 237/5899 938/5900 936/5901
f 936/5902 209/5903 237/5904
f 223/5905 932/5906 931/5907
f 931/5908 180/5909 223/5910
f 266/5911 943/5912 941/5913
f 941/5914 265/5915 266/5916
f 265/5917 941/5918 939/5919
f 939/5920 280/5921 265/5922
f 294/5923 945/5924 943/5925
f 943/5926 266/5927 294/5928
f 280/5929 939/5930 938/5931
f 938/5932 237/5933 280/5934
f 323/5935 950/5936 948/5937
f 948/5938 322/5939 323/5940
f 322/5941 948/5942 946/5943
f 946/5944 337/5945 322/5946
f 351/5947 952/5948 950/5949
f 950/5950 323/5951 351/5952
f 337/5953 946/5954 945/5955
f 945/5956 294/5957 337/5958
f 380/5959 957/5960 955/5961
f 955/5962 379/5963 380/5964
f 379/5965 955/5966 953/5967
f 953/5968 394/5969 379/5970
f 408/5971 959/5972 957/5973
f 957/5974 380/5975 408/5976
f 394/5977 953/5978 952/5979
f 952/5980 351/5981 394/5982
f 437/5983 964/5984 962/5985
f 962/5986 436/5987 437/5988
f 436/5989 962/5990 960/5991
f 960/5992 451/5993 436/5994
f 465/5995 966/5996 964/5997
f 964/5998 437/5999 465/6000
f 451/6001 960/6002 959/6003
f 959/6004 408/6005 451/6006
f 494/6007 971/6008 969/6009
f 969/6010 493/6011 494/6012
f 493/6013 969/6014 967/6015
f 967/6016 508/6017 493/6018
f 522/6019 973/6020 971/6021
f 971/6022 494/6023 522/6024
f 508/6025 967/6026 966/6027
f 966/6028 465/6029 508/6030
f 551/6031 979/6032 977/6033
f 977/6034 550/6035 551/6036
f 550/6037 977/6038 976/6039
f 976/6040 568/6041 550/6042
f 584/6043 981/6044 979/6045
f 979/6046 551/6047 584/6048
f 612/6049 986/6050 984/6051
f 984/6052 611/6053 612/6054
f 611/6055 984/6056 982/6057
f 982/6058 626/6059 611/6060
f 640/6061 988/6062 986/6063
f 986/6064 612/6065 640/6066
f 626/6067 982/6068 981/6069
f 981/6070 584/6071 626/6072
f 669/6073 993/6074 991/6075
f 991/6076 668/6077 669/6078
f 668/6079 991/6080 989/6081
f 989/6082 683/6083 668/6084
f 697/6085 995/6086 993/6087
f 993/6088 669/6089 697/6090
f 683/6091 989/6092 988/6093
f 988/6094 640/6095 683/6096
f 726/6097 1000/6098 998/6099
f 998/6100 725/6101 726/6102
f 725/6103 998/6104 996/6105
f 996/6106 740/6107 725/6108
f 754/6109 1002/6110 1000/6111
f 1000/6112 726/6113 754/6114
f 740/6115 996/6116 995/6117
f 995/6118 697/6119 740/6120
f 783/6121 1007/6122 1005/6123
f 1005/6124 782/6125 783/6126
f 782/6127 1005/6128 1003/6129
f 1003/6130 797/6131 782/6132
f 811/6133 1009/6134 1007/6135
f 1007/6136 783/6137 811/6138
f 797/6139 1003/6140 1002/6141
f 1002/6142 754/6143 797/6144
f 840/6145 1014/6146 1012/6147
f 1012/6148 839/6149 840/6150
f 839/6151 1012/6152 1010/6153
f 1010/6154 854/6155 839/6156
f 868/6157 1016/6158 1014/6159
f 1014/6160 840/6161 868/6162
f 854/6163 1010/6164 1009/6165
f 1009/6166 811/6167 854/6168
f 897/6169 1021/6170 1019/6171
f 1019/6172 896/6173 897/6174
f 896/6175 1019/6176 1017/6177
f 1017/6178 911/6179 896/6180
f 126/6181 1023/6182 1021/6183
f 1021/6184 897/6185 126/6186
f 911/6187 1017/6188 1016/6189
f 1016/6190 868/6191 911/6192
f 57/6193 919/6194 923/6195
f 923/6196 58/6197 57/6198
f 117/6199 1027/6200 1029/6201
f 1029/6202 118/6203 117/6204
f 178/6205 928/6206 930/6207
f 930/6208 179/6209 178/6210
f 235/6211 935/6212 937/6213
f 937/6214 236/6215 235/6216
f 292/6217 942/6218 944/6219
f 944/6220 293/6221 292/6222
f 349/6223 949/6224 951/6225
f 951/6226 350/6227 349/6228
f 406/6229 956/6230 958/6231
f 958/6232 407/6233 406/6234
f 463/6235 963/6236 965/6237
f 965/6238 464/6239 463/6240
f 520/6241 970/6242 972/6243
f 972/6244 521/6245 520/6246
f 582/6247 978/6248 980/6249
f 980/6250 583/6251 582/6252
f 638/6253 985/6254 987/6255
f 987/6256 639/6257 638/6258
f 695/6259 992/6260 994/6261
f 994/6262 696/6263 695/6264
f 752/6265 999/6266 1001/6267
f 1001/6268 753/6269 752/6270
f 809/6271 1006/6272 1008/6273
f 1008/6274 810/6275 809/6276
f 866/6277 1013/6278 1015/6279
f 1015/6280 867/6281 866/6282
f 914/6283 1020/6284 1022/6285
f 1022/6286 915/6287 914/6288
f 919/6289 57/6290 1033/6291
f 1033/6292 920/6293 919/6294
f 926/6295 1039/6296 58/6297
f 58/6298 923/6299 926/6300
f 928/6301 178/6302 1039/6303
f 1039/6304 926/6305 928/6306
f 933/6307 1042/6308 179/6309
f 179/6310 930/6311 933/6312
f 935/6313 235/6314 1042/6315
f 1042/6316 933/6317 935/6318
f 940/6319 1045/6320 236/6321
f 236/6322 937/6323 940/6324
f 942/6325 292/6326 1045/6327
f 1045/6328 940/6329 942/6330
f 947/6331 1048/6332 293/6333
f 293/6334 944/6335 947/6336
f 949/6337 349/6338 1048/6339
f 1048/6340 947/6341 949/6342
f 954/6343 1051/6344 350/6345
f 350/6346 951/6347 954/6348
f 956/6349 406/6350 1051/6351
f 1051/6352 954/6353 956/6354
f 961/6355 1054/6356 407/6357
f 407/6358 958/6359 961/6360
f 963/6361 463/6362 1054/6363
f 1054/6364 961/6365 963/6366
f 968/6367 1057/6368 464/6369
f 464/6370 965/6371 968/6372
f 970/6373 520/6374 1057/6375
f 1057/6376 968/6377 970/6378
f 974/6379 1062/6380 1064/6381
f 1064/6382 975/6383 974/6384
f 978/6385 582/6386 1062/6387
f 1062/6388 974/6389 978/6390
f 983/6391 1067/6392 583/6393
f 583/6394 980/6395 983/6396
f 985/6397 638/6398 1067/6399
f 1067/6400 983/6401 985/6402
f 990/6403 1070/6404 639/6405
f 639/6406 987/6407 990/6408
f 992/6409 695/6410 1070/6411
f 1070/6412 990/6413 992/6414
f 997/6415 1073/6416 696/6417
f 696/6418 994/6419 997/6420
f 999/6421 752/6422 1073/6423
f 1073/6424 997/6425 999/6426
f 1004/6427 1076/6428 753/6429
f 753/6430 1001/6431 1004/6432
f 1006/6433 809/6434 1076/6435
f 1076/6436 1004/6437 1006/6438
f 1011/6439 1079/6440 810/6441
f 810/6442 1008/6443 1011/6444
f 1013/6445 866/6446 1079/6447
f 1079/6448 1011/6449 1013/6450
f 1018/6451 1082/6452 867/6453
f 867/6454 1015/6455 1018/6456
f 1020/6457 914/6458 1082/6459
f 1082/6460 1018/6461 1020/6462
f 1025/6463 1036/6464 915/6465
f 915/6466 1022/6467 1025/6468
f 1027/6469 117/6470 1036/6471
f 1036/6472 1025/6473 1027/6474
f 920/6475 1033/6476 118/6477
f 118/6478 1029/6479 920/6480
f 1034/6481 41/6482 22/6483
f 22/6484 21/6485 1034/6486
f 1329/6487 23/6488 22/6489
f 22/6490 40/6491 1329/6492
f 1037/6493 110/6494 91/6495
f 91/6496 90/6497 1037/6498
f 1330/6499 92/6500 91/6501
f 91/6502 109/6503 1330/6504
f 1040/6505 164/6506 148/6507
f 148/6508 147/6509 1040/6510
f 1331/6511 149/6512 148/6513
f 148/6514 163/6515 1331/6516
f 1043/6517 221/6518 205/6519
f 205/6520 204/6521 1043/6522
f 1332/6523 206/6524 205/6525
f 205/6526 220/6527 1332/6528
f 1046/6529 278/6530 262/6531
f 262/6532 261/6533 1046/6534
f 1333/6535 263/6536 262/6537
f 262/6538 277/6539 1333/6540
f 1049/6541 335/6542 319/6543
f 319/6544 318/6545 1049/6546
f 1334/6547 320/6548 319/6549
f 319/6550 334/6551 1334/6552
f 1052/6553 392/6554 376/6555
f 376/6556 375/6557 1052/6558
f 1335/6559 377/6560 376/6561
f 376/6562 391/6563 1335/6564
f 1055/6565 449/6566 433/6567
f 433/6568 432/6569 1055/6570
f 1336/6571 434/6572 433/6573
f 433/6574 448/6575 1336/6576
f 1058/6577 506/6578 490/6579
f 490/6580 489/6581 1058/6582
f 1337/6583 491/6584 490/6585
f 490/6586 505/6587 1337/6588
f 1065/6589 566/6590 547/6591
f 547/6592 546/6593 1065/6594
f 1338/6595 548/6596 547/6597
f 547/6598 565/6599 1338/6600
f 1068/6601 624/6602 608/6603
f 608/6604 607/6605 1068/6606
f 1339/6607 609/6608 608/6609
f 608/6610 623/6611 1339/6612
f 1071/6613 681/6614 665/6615
f 665/6616 664/6617 1071/6618
f 1340/6619 666/6620 665/6621
f 665/6622 680/6623 1340/6624
f 1074/6625 738/6626 722/6627
f 722/6628 721/6629 1074/6630
f 1341/6631 723/6632 722/6633
f 722/6634 737/6635 1341/6636
f 1077/6637 795/6638 779/6639
f 779/6640 778/6641 1077/6642
f 1342/6643 780/6644 779/6645
f 779/6646 794/6647 1342/6648
f 1080/6649 852/6650 836/6651
f 836/6652 835/6653 1080/6654
f 1343/6655 837/6656 836/6657
f 836/6658 851/6659 1343/6660
f 1083/6661 909/6662 893/6663
f 893/6664 892/6665 1083/6666
f 1344/6667 894/6668 893/6669
f 893/6670 908/6671 1344/6672
f 21/6673 24/6674 1331/6675
f 1331/6676 163/6677 21/6678
f 90/6679 93/6680 1329/6681
f 1329/6682 40/6683 90/6684
f 147/6685 150/6686 1332/6687
f 1332/6688 220/6689 147/6690
f 204/6691 207/6692 1333/6693
f 1333/6694 277/6695 204/6696
f 261/6697 264/6698 1334/6699
f 1334/6700 334/6701 261/6702
f 318/6703 321/6704 1335/6705
f 1335/6706 391/6707 318/6708
f 375/6709 378/6710 1336/6711
f 1336/6712 448/6713 375/6714
f 432/6715 435/6716 1337/6717
f 1337/6718 505/6719 432/6720
f 489/6721 492/6722 1345/6723
f 1345/6724 1059/6725 489/6726
f 546/6727 549/6728 1339/6729
f 1339/6730 623/6731 546/6732
f 607/6733 610/6734 1340/6735
f 1340/6736 680/6737 607/6738
f 664/6739 667/6740 1341/6741
f 1341/6742 737/6743 664/6744
f 721/6745 724/6746 1342/6747
f 1342/6748 794/6749 721/6750
f 778/6751 781/6752 1343/6753
f 1343/6754 851/6755 778/6756
f 835/6757 838/6758 1344/6759
f 1344/6760 908/6761 835/6762
f 892/6763 895/6764 1330/6765
f 1330/6766 109/6767 892/6768
f 1346/6769 1347/6770 1348/6771
f 1348/6772 1349/6773 1346/6774
f 1347/6775 1350/6776 1351/6777
f 1351/6778 1348/6779 1347/6780
f 1352/6781 1353/6782 1354/6783
f 1354/6784 1355/6785 1352/6786
f 1353/6787 1356/6788 1357/6789
f 1357/6790 1354/6791 1353/6792
f 1358/6793 1359/6794 1360/6795
f 1360/6796 1361/6797 1358/6798
f 1359/6799 1362/6800 1363/6801
f 1363/6802 1360/6803 1359/6804
f 1364/6805 1365/6806 1366/6807
f 1366/6808 1367/6809 1364/6810
f 1365/6811 1368/6812 1369/6813
f 1369/6814 1366/6815 1365/6816
f 1370/6817 1371/6818 1372/6819
f 1372/6820 1373/6821 1370/6822
f 1371/6823 1374/6824 1375/6825
f 1375/6826 1372/6827 1371/6828
f 1376/6829 1377/6830 1378/6831
f 1378/6832 1379/6833 1376/6834
f 1377/6835 1380/6836 1381/6837
f 1381/6838 1378/6839 1377/6840
f 1382/6841 1383/6842 1384/6843
f 1384/6844 1385/6845 1382/6846
f 1383/6847 1386/6848 1387/6849
f 1387/6850 1384/6851 1383/6852
f 1388/6853 1389/6854 1390/6855
f 1390/6856 1391/6857 1388/6858
f 1389/6859 1392/6860 1393/6861
f 1393/6862 1390/6863 1389/6864
f 1394/6865 1395/6866 1396/6867
f 1396/6868 1397/6869 1394/6870
f 1395/6871 1398/6872 1399/6873
f 1399/6874 1396/6875 1395/6876
f 1400/6877 1401/6878 1402/6879
f 1402/6880 1403/6881 1400/6882
f 1401/6883 1404/6884 1405/6885
f 1405/6886 1402/6887 1401/6888
f 1406/6889 1407/6890 1408/6891
f 1408/6892 1409/6893 1406/6894
f 1407/6895 1410/6896 1411/6897
f 1411/6898 1408/6899 1407/6900
f 1412/6901 1413/6902 1414/6903
f 1414/6904 1415/6905 1412/6906
f 1413/6907 1416/6908 1417/6909
f 1417/6910 1414/6911 1413/6912
f 1418/6913 1419/6914 1420/6915
f 1420/6916 1421/6917 1418/6918
f 1419/6919 1422/6920 1423/6921
f 1423/6922 1420/6923 1419/6924
f 1424/6925 1425/6926 1426/6927
f 1426/6928 1427/6929 1424/6930
f 1425/6931 1428/6932 1429/6933
f 1429/6934 1426/6935 1425/6936
f 1430/6937 1431/6938 1432/6939
f 1432/6940 1433/6941 1430/6942
f 1431/6943 1434/6944 1435/6945
f 1435/6946 1432/6947 1431/6948
f 1436/6949 1437/6950 1438/6951
f 1438/6952 1439/6953 1436/6954
f 1437/6955 1440/6956 1441/6957
f 1441/6958 1438/6959 1437/6960
f 1362/6961 1346/6962 1349/6963
f 1349/6964 1363/6965 1362/6966
f 1350/6967 1352/6968 1355/6969
f 1355/6970 1351/6971 1350/6972
f 1368/6973 1358/6974 1361/6975
f 1361/6976 1369/6977 1368/6978
f 1374/6979 1364/6980 1367/6981
f 1367/6982 1375/6983 1374/6984
f 1380/6985 1370/6986 1373/6987
f 1373/6988 1381/6989 1380/6990
f 1386/6991 1376/6992 1379/6993
f 1379/6994 1387/6995 1386/6996
f 1392/6997 1382/6998 1385/6999
f 1385/7000 1393/7001 1392/7002
f 1398/7003 1388/7004 1391/7005
f 1391/7006 1399/7007 1398/7008
f 1442/7009 1394/7010 1397/7011
f 1397/7012 1443/7013 1442/7014
f 1410/7015 1400/7016 1403/7017
f 1403/7018 1411/7019 1410/7020
f 1416/7021 1406/7022 1409/7023
f 1409/7024 1417/7025 1416/7026
f 1422/7027 1412/7028 1415/7029
f 1415/7030 1423/7031 1422/7032
f 1428/7033 1418/7034 1421/7035
f 1421/7036 1429/7037 1428/7038
f 1434/7039 1424/7040 1427/7041
f 1427/7042 1435/7043 1434/7044
f 1440/7045 1430/7046 1433/7047
f 1433/7048 1441/7049 1440/7050
f 1356/7051 1436/7052 1439/7053
f 1439/7054 1357/7055 1356/7056
f 1034/7057 1231/7058 1234/7059
f 1234/7060 41/7061 1034/7062
f 41/7063 1234/7064 1236/7065
f 1236/7066 42/7067 41/7068
f 1037/7069 1237/7070 1240/7071
f 1240/7072 110/7073 1037/7074
f 110/7075 1240/7076 1242/7077
f 1242/7078 111/7079 110/7080
f 1040/7081 1243/7082 1246/7083
f 1246/7084 164/7085 1040/7086
f 164/7087 1246/7088 1248/7089
f 1248/7090 165/7091 164/7092
f 1043/7093 1249/7094 1252/7095
f 1252/7096 221/7097 1043/7098
f 221/7099 1252/7100 1254/7101
f 1254/7102 222/7103 221/7104
f 1046/7105 1255/7106 1258/7107
f 1258/7108 278/7109 1046/7110
f 278/7111 1258/7112 1260/7113
f 1260/7114 279/7115 278/7116
f 1049/7117 1261/7118 1264/7119
f 1264/7120 335/7121 1049/7122
f 335/7123 1264/7124 1266/7125
f 1266/7126 336/7127 335/7128
f 1052/7129 1267/7130 1270/7131
f 1270/7132 392/7133 1052/7134
f 392/7135 1270/7136 1272/7137
f 1272/7138 393/7139 392/7140
f 1055/7141 1273/7142 1276/7143
f 1276/7144 449/7145 1055/7146
f 449/7147 1276/7148 1278/7149
f 1278/7150 450/7151 449/7152
f 1058/7153 1279/7154 1282/7155
f 1282/7156 506/7157 1058/7158
f 506/7159 1282/7160 1284/7161
f 1284/7162 507/7163 506/7164
f 1065/7165 1285/7166 1288/7167
f 1288/7168 566/7169 1065/7170
f 566/7171 1288/7172 1290/7173
f 1290/7174 567/7175 566/7176
f 1068/7177 1291/7178 1294/7179
f 1294/7180 624/7181 1068/7182
f 624/7183 1294/7184 1296/7185
f 1296/7186 625/7187 624/7188
f 1071/7189 1297/7190 1300/7191
f 1300/7192 681/7193 1071/7194
f 681/7195 1300/7196 1302/7197
f 1302/7198 682/7199 681/7200
f 1074/7201 1303/7202 1306/7203
f 1306/7204 738/7205 1074/7206
f 738/7207 1306/7208 1308/7209
f 1308/7210 739/7211 738/7212
f 1077/7213 1309/7214 1312/7215
f 1312/7216 795/7217 1077/7218
f 795/7219 1312/7220 1314/7221
f 1314/7222 796/7223 795/7224
f 1080/7225 1315/7226 1318/7227
f 1318/7228 852/7229 1080/7230
f 852/7231 1318/7232 1320/7233
f 1320/7234 853/7235 852/7236
f 1083/7237 1321/7238 1324/7239
f 1324/7240 909/7241 1083/7242
f 909/7243 1324/7244 1326/7245
f 1326/7246 910/7247 909/7248
f 165/7249 1248/7250 1231/7251
f 1231/7252 1034/7253 165/7254
f 42/7255 1236/7256 1237/7257
f 1237/7258 1037/7259 42/7260
f 222/7261 1254/7262 1243/7263
f 1243/7264 1040/7265 222/7266
f 279/7267 1260/7268 1249/7269
f 1249/7270 1043/7271 279/7272
f 336/7273 1266/7274 1255/7275
f 1255/7276 1046/7277 336/7278
f 393/7279 1272/7280 1261/7281
f 1261/7282 1049/7283 393/7284
f 450/7285 1278/7286 1267/7287
f 1267/7288 1052/7289 450/7290
f 507/7291 1284/7292 1273/7293
f 1273/7294 1055/7295 507/7296
f 1060/7297 1327/7298 1279/7299
f 1279/7300 1058/7301 1060/7302
f 625/7303 1296/7304 1285/7305
f 1285/7306 1065/7307 625/7308
f 682/7309 1302/7310 1291/7311
f 1291/7312 1068/7313 682/7314
f 739/7315 1308/7316 1297/7317
f 1297/7318 1071/7319 739/7320
f 796/7321 1314/7322 1303/7323
f 1303/7324 1074/7325 796/7326
f 853/7327 1320/7328 1309/7329
f 1309/7330 1077/7331 853/7332
f 910/7333 1326/7334 1315/7335
f 1315/7336 1080/7337 910/7338
f 111/7339 1242/7340 1321/7341
f 1321/7342 1083/7343 111/7344
f 1085/7345 1347/7346 1346/7347
f 1346/7348 1086/7349 1085/7350
f 1088/7351 1350/7352 1347/7353
f 1347/7354 1085/7355 1088/7356
f 1094/7357 1353/7358 1352/7359
f 1352/7360 1095/7361 1094/7362
f 1097/7363 1356/7364 1353/7365
f 1353/7366 1094/7367 1097/7368
f 1102/7369 1359/7370 1358/7371
f 1358/7372 1103/7373 1102/7374
f 1105/7375 1362/7376 1359/7377
f 1359/7378 1102/7379 1105/7380
f 1110/7381 1365/7382 1364/7383
f 1364/7384 1111/7385 1110/7386
f 1113/7387 1368/7388 1365/7389
f 1365/7390 1110/7391 1113/7392
f 1118/7393 1371/7394 1370/7395
f 1370/7396 1119/7397 1118/7398
f 1121/7399 1374/7400 1371/7401
f 1371/7402 1118/7403 1121/7404
f 1126/7405 1377/7406 1376/7407
f 1376/7408 1127/7409 1126/7410
f 1129/7411 1380/7412 1377/7413
f 1377/7414 1126/7415 1129/7416
f 1134/7417 1383/7418 1382/7419
f 1382/7420 1135/7421 1134/7422
f 1137/7423 1386/7424 1383/7425
f 1383/7426 1134/7427 1137/7428
f 1142/7429 1389/7430 1388/7431
f 1388/7432 1143/7433 1142/7434
f 1145/7435 1392/7436 1389/7437
f 1389/7438 1142/7439 1145/7440
f 1150/7441 1395/7442 1394/7443
f 1394/7444 1151/7445 1150/7446
f 1153/7447 1398/7448 1395/7449
f 1395/7450 1150/7451 1153/7452
f 1158/7453 1401/7454 1400/7455
f 1400/7456 1159/7457 1158/7458
f 1161/7459 1404/7460 1401/7461
f 1401/7462 1158/7463 1161/7464
f 1167/7465 1407/7466 1406/7467
f 1406/7468 1168/7469 1167/7470
f 1170/7471 1410/7472 1407/7473
f 1407/7474 1167/7475 1170/7476
f 1175/7477 1413/7478 1412/7479
f 1412/7480 1176/7481 1175/7482
f 1178/7483 1416/7484 1413/7485
f 1413/7486 1175/7487 1178/7488
f 1183/7489 1419/7490 1418/7491
f 1418/7492 1184/7493 1183/7494
f 1186/7495 1422/7496 1419/7497
f 1419/7498 1183/7499 1186/7500
f 1191/7501 1425/7502 1424/7503
f 1424/7504 1192/7505 1191/7506
f 1194/7507 1428/7508 1425/7509
f 1425/7510 1191/7511 1194/7512
f 1199/7513 1431/7514 1430/7515
f 1430/7516 1200/7517 1199/7518
f 1202/7519 1434/7520 1431/7521
f 1431/7522 1199/7523 1202/7524
f 1207/7525 1437/7526 1436/7527
f 1436/7528 1208/7529 1207/7530
f 1210/7531 1440/7532 1437/7533
f 1437/7534 1207/7535 1210/7536
f 1086/7537 1346/7538 1362/7539
f 1362/7540 1105/7541 1086/7542
f 1095/7543 1352/7544 1350/7545
f 1350/7546 1088/7547 1095/7548
f 1103/7549 1358/7550 1368/7551
f 1368/7552 1113/7553 1103/7554
f 1111/7555 1364/7556 1374/7557
f 1374/7558 1121/7559 1111/7560
f 1119/7561 1370/7562 1380/7563
f 1380/7564 1129/7565 1119/7566
f 1127/7567 1376/7568 1386/7569
f 1386/7570 1137/7571 1127/7572
f 1135/7573 1382/7574 1392/7575
f 1392/7576 1145/7577 1135/7578
f 1143/7579 1388/7580 1398/7581
f 1398/7582 1153/7583 1143/7584
f 1151/7585 1394/7586 1442/7587
f 1442/7588 1222/7589 1151/7590
f 1159/7591 1400/7592 1410/7593
f 1410/7594 1170/7595 1159/7596
f 1168/7597 1406/7598 1416/7599
f 1416/7600 1178/7601 1168/7602
f 1176/7603 1412/7604 1422/7605
f 1422/7606 1186/7607 1176/7608
f 1184/7609 1418/7610 1428/7611
f 1428/7612 1194/7613 1184/7614
f 1192/7615 1424/7616 1434/7617
f 1434/7618 1202/7619 1192/7620
f 1200/7621 1430/7622 1440/7623
f 1440/7624 1210/7625 1200/7626
f 1208/7627 1436/7628 1356/7629
f 1356/7630 1097/7631 1208/7632
f 1232/7633 1349/7634 1348/7635
f 1348/7636 1233/7637 1232/7638
f 1233/7639 1348/7640 1351/7641
f 1351/7642 1235/7643 1233/7644
f 1238/7645 1355/7646 1354/7647
f 1354/7648 1239/7649 1238/7650
f 1239/7651 1354/7652 1357/7653
f 1357/7654 1241/7655 1239/7656
f 1244/7657 1361/7658 1360/7659
f 1360/7660 1245/7661 1244/7662
f 1245/7663 1360/7664 1363/7665
f 1363/7666 1247/7667 1245/7668
f 1250/7669 1367/7670 1366/7671
f 1366/7672 1251/7673 1250/7674
f 1251/7675 1366/7676 1369/7677
f 1369/7678 1253/7679 1251/7680
f 1256/7681 1373/7682 1372/7683
f 1372/7684 1257/7685 1256/7686
f 1257/7687 1372/7688 1375/7689
f 1375/7690 1259/7691 1257/7692
f 1262/7693 1379/7694 1378/7695
f 1378/7696 1263/7697 1262/7698
f 1263/7699 1378/7700 1381/7701
f 1381/7702 1265/7703 1263/7704
f 1268/7705 1385/7706 1384/7707
f 1384/7708 1269/7709 1268/7710
f 1269/7711 1384/7712 1387/7713
f 1387/7714 1271/7715 1269/7716
f 1274/7717 1391/7718 1390/7719
f 1390/7720 1275/7721 1274/7722
f 1275/7723 1390/7724 1393/7725
f 1393/7726 1277/7727 1275/7728
f 1280/7729 1397/7730 1396/7731
f 1396/7732 1281/7733 1280/7734
f 1281/7735 1396/7736 1399/7737
f 1399/7738 1283/7739 1281/7740
f 1286/7741 1403/7742 1402/7743
f 1402/7744 1287/7745 1286/7746
f 1287/7747 1402/7748 1405/7749
f 1405/7750 1289/7751 1287/7752
f 1292/7753 1409/7754 1408/7755
f 1408/7756 1293/7757 1292/7758
f 1293/7759 1408/7760 1411/7761
f 1411/7762 1295/7763 1293/7764
f 1298/7765 1415/7766 1414/7767
f 1414/7768 1299/7769 1298/7770
f 1299/7771 1414/7772 1417/7773
f 1417/7774 1301/7775 1299/7776
f 1304/7777 1421/7778 1420/7779
f 1420/7780 1305/7781 1304/7782
f 1305/7783 1420/7784 1423/7785
f 1423/7786 1307/7787 1305/7788
f 1310/7789 1427/7790 1426/7791
f 1426/7792 1311/7793 1310/7794
f 1311/7795 1426/7796 1429/7797
f 1429/7798 1313/7799 1311/7800
f 1316/7801 1433/7802 1432/7803
f 1432/7804 1317/7805 1316/7806
f 1317/7807 1432/7808 1435/7809
f 1435/7810 1319/7811 1317/7812
f 1322/7813 1439/7814 1438/7815
f 1438/7816 1323/7817 1322/7818
f 1323/7819 1438/7820 1441/7821
f 1441/7822 1325/7823 1323/7824
f 1247/7825 1363/7826 1349/7827
f 1349/7828 1232/7829 1247/7830
f 1235/7831 1351/7832 1355/7833
f 1355/7834 1238/7835 1235/7836
f 1253/7837 1369/7838 1361/7839
f 1361/7840 1244/7841 1253/7842
f 1259/7843 1375/7844 1367/7845
f 1367/7846 1250/7847 1259/7848
f 1265/7849 1381/7850 1373/7851
f 1373/7852 1256/7853 1265/7854
f 1271/7855 1387/7856 1379/7857
f 1379/7858 1262/7859 1271/7860
f 1277/7861 1393/7862 1385/7863
f 1385/7864 1268/7865 1277/7866
f 1283/7867 1399/7868 1391/7869
f 1391/7870 1274/7871 1283/7872
f 1328/7873 1443/7874 1397/7875
f 1397/7876 1280/7877 1328/7878
f 1295/7879 1411/7880 1403/7881
f 1403/7882 1286/7883 1295/7884
f 1301/7885 1417/7886 1409/7887
f 1409/7888 1292/7889 1301/7890
f 1307/7891 1423/7892 1415/7893
f 1415/7894 1298/7895 1307/7896
f 1313/7897 1429/7898 1421/7899
f 1421/7900 1304/7901 1313/7902
f 1319/7903 1435/7904 1427/7905
f 1427/7906 1310/7907 1319/7908
f 1325/7909 1441/7910 1433/7911
f 1433/7912 1316/7913 1325/7914
f 1241/7915 1357/7916 1439/7917
f 1439/7918 1322/7919 1241/7920
f 1331/7921 24/7922 56/7923
f 56/7924 55/7925 1331/7926
f 1329/7927 93/7928 116/7929
f 116/7930 115/7931 1329/7932
f 1332/7933 150/7934 177/7935
f 177/7936 176/7937 1332/7938
f 1333/7939 207/7940 234/7941
f 234/7942 233/7943 1333/7944
f 1334/7945 264/7946 291/7947
f 291/7948 290/7949 1334/7950
f 1335/7951 321/7952 348/7953
f 348/7954 347/7955 1335/7956
f 1336/7957 378/7958 405/7959
f 405/7960 404/7961 1336/7962
f 1337/7963 435/7964 462/7965
f 462/7966 461/7967 1337/7968
f 1345/7969 492/7970 519/7971
f 519/7972 518/7973 1345/7974
f 1339/7975 549/7976 581/7977
f 581/7978 580/7979 1339/7980
f 1340/7981 610/7982 637/7983
f 637/7984 636/7985 1340/7986
f 1341/7987 667/7988 694/7989
f 694/7990 693/7991 1341/7992
f 1342/7993 724/7994 751/7995
f 751/7996 750/7997 1342/7998
f 1343/7999 781/8000 808/8001
f 808/8002 807/8003 1343/8004
f 1344/8005 838/8006 865/8007
f 865/8008 864/8009 1344/8010
f 1330/8011 895/8012 913/8013
f 913/8014 912/8015 1330/8016
f 24/8017 23/8018 1032/8019
f 1032/8020 56/8021 24/8022
f 23/8023 1329/8024 115/8025
f 115/8026 1032/8027 23/8028
f 93/8029 92/8030 1035/8031
f 1035/8032 116/8033 93/8034
f 92/8035 1330/8036 912/8037
f 912/8038 1035/8039 92/8040
f 150/8041 149/8042 1038/8043
f 1038/8044 177/8045 150/8046
f 149/8047 1331/8048 55/8049
f 55/8050 1038/8051 149/8052
f 207/8053 206/8054 1041/8055
f 1041/8056 234/8057 207/8058
f 206/8059 1332/8060 176/8061
f 176/8062 1041/8063 206/8064
f 264/8065 263/8066 1044/8067
f 1044/8068 291/8069 264/8070
f 263/8071 1333/8072 233/8073
f 233/8074 1044/8075 263/8076
f 321/8077 320/8078 1047/8079
f 1047/8080 348/8081 321/8082
f 320/8083 1334/8084 290/8085
f 290/8086 1047/8087 320/8088
f 378/8089 377/8090 1050/8091
f 1050/8092 405/8093 378/8094
f 377/8095 1335/8096 347/8097
f 347/8098 1050/8099 377/8100
f 435/8101 434/8102 1053/8103
f 1053/8104 462/8105 435/8106
f 434/8107 1336/8108 404/8109
f 404/8110 1053/8111 434/8112
f 492/8113 491/8114 1056/8115
f 1056/8116 519/8117 492/8118
f 491/8119 1337/8120 461/8121
f 461/8122 1056/8123 491/8124
f 549/8125 548/8126 1061/8127
f 1061/8128 581/8129 549/8130
f 548/8131 1338/8132 1063/8133
f 1063/8134 1061/8135 548/8136
f 610/8137 609/8138 1066/8139
f 1066/8140 637/8141 610/8142
f 609/8143 1339/8144 580/8145
f 580/8146 1066/8147 609/8148
f 667/8149 666/8150 1069/8151
f 1069/8152 694/8153 667/8154
f 666/8155 1340/8156 636/8157
f 636/8158 1069/8159 666/8160
f 724/8161 723/8162 1072/8163
f 1072/8164 751/8165 724/8166
f 723/8167 1341/8168 693/8169
f 693/8170 1072/8171 723/8172
f 781/8173 780/8174 1075/8175
f 1075/8176 808/8177 781/8178
f 780/8179 1342/8180 750/8181
f 750/8182 1075/8183 780/8184
f 838/8185 837/8186 1078/8187
f 1078/8188 865/8189 838/8190
f 837/8191 1343/8192 807/8193
f 807/8194 1078/8195 837/8196
f 895/8197 894/8198 1081/8199
f 1081/8200 913/8201 895/8202
f 894/8203 1344/8204 864/8205
f 864/8206 1081/8207 894/8208
f 44/8209 96/8210 1444/8211
f 1444/8212 30/8213 44/8214
f 27/8215 30/8216 1444/8217
f 1444/8218 60/8219 27/8220
f 99/8221 113/8222 1444/8223
f 1444/8224 96/8225 99/8226
f 156/8227 60/8228 1444/8229
f 1444/8230 153/8231 156/8232
f 181/8233 153/8234 1444/8235
f 1444/8236 213/8237 181/8238
f 210/8239 213/8240 1444/8241
f 1444/8242 238/8243 210/8244
f 270/8245 238/8246 1444/8247
f 1444/8248 267/8249 270/8250
f 295/8251 267/8252 1444/8253
f 1444/8254 327/8255 295/8256
f 324/8257 327/8258 1444/8259
f 1444/8260 352/8261 324/8262
f 384/8263 352/8264 1444/8265
f 1444/8266 381/8267 384/8268
f 409/8269 381/8270 1444/8271
f 1444/8272 441/8273 409/8274
f 438/8275 441/8276 1444/8277
f 1444/8278 466/8279 438/8280
f 498/8281 466/8282 1444/8283
f 1444/8284 495/8285 498/8286
f 552/8287 555/8288 1444/8289
f 1444/8290 585/8291 552/8292
f 616/8293 585/8294 1444/8295
f 1444/8296 613/8297 616/8298
f 641/8299 613/8300 1444/8301
f 1444/8302 673/8303 641/8304
f 670/8305 673/8306 1444/8307
f 1444/8308 698/8309 670/8310
f 730/8311 698/8312 1444/8313
f 1444/8314 727/8315 730/8316
f 755/8317 727/8318 1444/8319
f 1444/8320 787/8321 755/8322
f 784/8323 787/8324 1444/8325
f 1444/8326 812/8327 784/8328
f 844/8329 812/8330 1444/8331
f 1444/8332 841/8333 844/8334
f 869/8335 841/8336 1444/8337
f 1444/8338 901/8339 869/8340
f 898/8341 901/8342 1444/8343
f 1444/8344 113/8345 898/8346
f 1445/8347 1446/8348 1447/8349
f 1447/8350 1448/8351 1445/8352
f 1446/8353 1445/8354 1449/8355
f 1449/8356 1450/8357 1446/8358
f 1451/8359 1452/8360 1453/8361
f 1453/8362 1454/8363 1451/8364
f 1455/8365 1456/8366 1457/8367
f 1457/8368 1458/8369 1455/8370
f 1459/8371 1460/8372 1458/8373
f 1458/8374 1457/8375 1459/8376
f 1460/8377 1459/8378 1461/8379
f 1461/8380 1462/8381 1460/8382
f 1463/8383 1464/8384 1462/8385
f 1462/8386 1461/8387 1463/8388
f 1465/8389 1466/8390 1467/8391
f 1467/8392 1468/8393 1465/8394
f 1469/8395 1470/8396 1464/8397
f 1464/8398 1463/8399 1469/8400
f 1471/8401 1472/8402 1473/8403
f 1473/8404 1474/8405 1471/8406
f 1475/8407 1476/8408 1445/8409
f 1445/8410 1448/8411 1475/8412
f 1476/8413 1477/8414 1449/8415
f 1449/8416 1445/8417 1476/8418
f 1456/8419 1454/8420 1478/8421
f 1478/8422 1479/8423 1456/8424
f 1479/8425 1480/8426 1457/8427
f 1457/8428 1456/8429 1479/8430
f 1480/8431 1481/8432 1459/8433
f 1459/8434 1457/8435 1480/8436
f 1481/8437 1482/8438 1461/8439
f 1461/8440 1459/8441 1481/8442
f 1482/8443 1483/8444 1463/8445
f 1463/8446 1461/8447 1482/8448
f 1484/8449 1485/8450 1486/8451
f 1486/8452 1468/8453 1484/8454
f 1483/8455 1487/8456 1469/8457
f 1469/8458 1463/8459 1483/8460
f 1488/8461 1489/8462 1473/8463
f 1473/8464 1472/8465 1488/8466
f 1447/8467 1446/8468 510/8469
f 510/8470 509/8471 1447/8472
f 1446/8473 1450/8474 511/8475
f 511/8476 510/8477 1446/8478
f 1455/8479 1490/8480 1491/8481
f 1491/8482 1451/8483 1455/8484
f 1455/8485 1458/8486 1492/8487
f 1492/8488 1490/8489 1455/8490
f 1458/8491 1460/8492 1493/8493
f 1493/8494 1492/8495 1458/8496
f 1460/8497 1462/8498 1494/8499
f 1494/8500 1493/8501 1460/8502
f 1462/8503 1464/8504 1495/8505
f 1495/8506 1494/8507 1462/8508
f 518/8509 521/8510 1496/8511
f 1496/8512 1497/8513 518/8514
f 1464/8515 1470/8516 1498/8517
f 1498/8518 1495/8519 1464/8520
f 1471/8521 1474/8522 524/8523
f 524/8524 523/8525 1471/8526
f 917/8527 1491/8528 512/8529
f 1490/8530 1492/8531 514/8532
f 514/8533 513/8534 1490/8535
f 515/8536 514/8537 1492/8538
f 1492/8539 1493/8540 515/8541
f 1493/8542 1494/8543 516/8544
f 516/8545 515/8546 1493/8547
f 517/8548 516/8549 1494/8550
f 1494/8551 1495/8552 517/8553
f 1495/8554 1498/8555 522/8556
f 522/8557 517/8558 1495/8559
f 1453/8560 1452/8561 1450/8562
f 1450/8563 1449/8564 1453/8565
f 1499/8566 1453/8567 1449/8568
f 1449/8569 1477/8570 1499/8571
f 1452/8572 917/8573 511/8574
f 511/8575 1450/8576 1452/8577
f 1500/8578 1501/8579 1502/8580
f 1502/8581 1503/8582 1500/8583
f 1504/8584 1505/8585 1501/8586
f 1501/8587 1500/8588 1504/8589
f 972/8590 1506/8591 1505/8592
f 1505/8593 1504/8594 972/8595
f 1506/8596 972/8597 973/8598
f 1496/8599 1507/8600 1508/8601
f 1508/8602 1497/8603 1496/8604
f 1507/8605 1509/8606 1510/8607
f 1510/8608 1508/8609 1507/8610
f 1511/8611 1060/8612 1059/8613
f 1059/8614 1465/8615 1511/8616
f 1512/8617 1513/8618 1514/8619
f 1514/8620 1515/8621 1512/8622
f 1516/8623 1517/8624 1512/8625
f 1512/8626 1515/8627 1516/8628
f 1154/8629 1156/8630 1513/8631
f 1513/8632 1518/8633 1154/8634
f 1519/8635 1518/8636 1513/8637
f 1513/8638 1512/8639 1519/8640
f 1520/8641 1519/8642 1512/8643
f 1512/8644 1517/8645 1520/8646
f 1222/8647 1514/8648 1513/8649
f 1513/8650 1156/8651 1222/8652
f 1521/8653 1522/8654 1523/8655
f 1523/8656 1524/8657 1521/8658
f 1522/8659 1525/8660 1526/8661
f 1526/8662 1523/8663 1522/8664
f 1327/8665 1521/8666 1524/8667
f 1524/8668 1328/8669 1327/8670
f 1455/8671 1451/8672 1454/8673
f 1454/8674 1456/8675 1455/8676
f 1499/8677 1478/8678 1454/8679
f 1454/8680 1453/8681 1499/8682
f 1452/8683 1451/8684 1491/8685
f 1491/8686 917/8687 1452/8688
f 513/8689 512/8690 1491/8691
f 1491/8692 1490/8693 513/8694
f 1448/8695 1447/8696 1474/8697
f 1474/8698 1473/8699 1448/8700
f 1475/8701 1448/8702 1473/8703
f 1473/8704 1489/8705 1475/8706
f 1447/8707 509/8708 524/8709
f 524/8710 1474/8711 1447/8712
f 1470/8713 1469/8714 1501/8715
f 1501/8716 1505/8717 1470/8718
f 1469/8719 1487/8720 1502/8721
f 1502/8722 1501/8723 1469/8724
f 1498/8725 1470/8726 1505/8727
f 1505/8728 1506/8729 1498/8730
f 522/8731 1498/8732 1506/8733
f 1506/8734 973/8735 522/8736
f 1496/8737 521/8738 972/8739
f 972/8740 1504/8741 1496/8742
f 1500/8743 1503/8744 1509/8745
f 1509/8746 1507/8747 1500/8748
f 1504/8749 1500/8750 1507/8751
f 1507/8752 1496/8753 1504/8754
f 1511/8755 1465/8756 1468/8757
f 1468/8758 1486/8759 1511/8760
f 1527/8761 1484/8762 1468/8763
f 1468/8764 1467/8765 1527/8766
f 1465/8767 1059/8768 1345/8769
f 1345/8770 1466/8771 1465/8772
f 1528/8773 1529/8774 1530/8775
f 1530/8776 1531/8777 1528/8778
f 1531/8779 1530/8780 1532/8781
f 1532/8782 1533/8783 1531/8784
f 1442/8785 1443/8786 1529/8787
f 1529/8788 1528/8789 1442/8790
f 1511/8791 1486/8792 1522/8793
f 1522/8794 1521/8795 1511/8796
f 1486/8797 1485/8798 1525/8799
f 1525/8800 1522/8801 1486/8802
f 1060/8803 1511/8804 1521/8805
f 1521/8806 1327/8807 1060/8808
f 1515/8809 1514/8810 1528/8811
f 1528/8812 1531/8813 1515/8814
f 1516/8815 1515/8816 1531/8817
f 1531/8818 1533/8819 1516/8820
f 1514/8821 1222/8822 1442/8823
f 1442/8824 1528/8825 1514/8826
f 1524/8827 1523/8828 1530/8829
f 1530/8830 1529/8831 1524/8832
f 1523/8833 1526/8834 1532/8835
f 1532/8836 1530/8837 1523/8838
f 1328/8839 1524/8840 1529/8841
f 1529/8842 1443/8843 1328/8844
f 1345/8845 518/8846 1497/8847
f 1497/8848 1466/8849 1345/8850
f 1466/8851 1497/8852 1508/8853
f 1508/8854 1467/8855 1466/8856
f 1467/8857 1508/8858 1510/8859
f 1510/8860 1527/8861 1467/8862
f 1534/8863 1535/8864 1536/8865
f 1536/8866 1537/8867 1534/8868
f 1535/8869 1534/8870 1538/8871
f 1538/8872 1539/8873 1535/8874
f 1540/8875 1541/8876 1542/8877
f 1542/8878 1543/8879 1540/8880
f 1544/8881 1545/8882 1546/8883
f 1546/8884 1547/8885 1544/8886
f 1548/8887 1549/8888 1547/8889
f 1547/8890 1546/8891 1548/8892
f 1549/8893 1548/8894 1550/8895
f 1550/8896 1551/8897 1549/8898
f 1552/8899 1553/8900 1551/8901
f 1551/8902 1550/8903 1552/8904
f 1554/8905 1555/8906 1556/8907
f 1556/8908 1557/8909 1554/8910
f 1558/8911 1559/8912 1553/8913
f 1553/8914 1552/8915 1558/8916
f 1560/8917 1561/8918 1562/8919
f 1562/8920 1563/8921 1560/8922
f 1564/8923 1565/8924 1534/8925
f 1534/8926 1537/8927 1564/8928
f 1565/8929 1566/8930 1538/8931
f 1538/8932 1534/8933 1565/8934
f 1545/8935 1543/8936 1567/8937
f 1567/8938 1568/8939 1545/8940
f 1568/8941 1569/8942 1546/8943
f 1546/8944 1545/8945 1568/8946
f 1569/8947 1570/8948 1548/8949
f 1548/8950 1546/8951 1569/8952
f 1570/8953 1571/8954 1550/8955
f 1550/8956 1548/8957 1570/8958
f 1571/8959 1572/8960 1552/8961
f 1552/8962 1550/8963 1571/8964
f 1573/8965 1574/8966 1575/8967
f 1575/8968 1557/8969 1573/8970
f 1572/8971 1576/8972 1558/8973
f 1558/8974 1552/8975 1572/8976
f 1577/8977 1578/8978 1562/8979
f 1562/8980 1561/8981 1577/8982
f 1536/8983 1535/8984 1476/8985
f 1476/8986 1475/8987 1536/8988
f 1535/8989 1539/8990 1477/8991
f 1477/8992 1476/8993 1535/8994
f 1544/8995 1579/8996 1580/8997
f 1580/8998 1540/8999 1544/9000
f 1544/9001 1547/9002 1581/9003
f 1581/9004 1579/9005 1544/9006
f 1547/9007 1549/9008 1582/9009
f 1582/9010 1581/9011 1547/9012
f 1549/9013 1551/9014 1583/9015
f 1583/9016 1582/9017 1549/9018
f 1551/9019 1553/9020 1584/9021
f 1584/9022 1583/9023 1551/9024
f 1510/9025 1509/9026 1585/9027
f 1585/9028 1586/9029 1510/9030
f 1553/9031 1559/9032 1587/9033
f 1587/9034 1584/9035 1553/9036
f 1560/9037 1563/9038 1489/9039
f 1489/9040 1488/9041 1560/9042
f 1499/9043 1580/9044 1478/9045
f 1579/9046 1581/9047 1480/9048
f 1480/9049 1479/9050 1579/9051
f 1481/9052 1480/9053 1581/9054
f 1581/9055 1582/9056 1481/9057
f 1582/9058 1583/9059 1482/9060
f 1482/9061 1481/9062 1582/9063
f 1483/9064 1482/9065 1583/9066
f 1583/9067 1584/9068 1483/9069
f 1584/9070 1587/9071 1487/9072
f 1487/9073 1483/9074 1584/9075
f 1542/9076 1541/9077 1539/9078
f 1539/9079 1538/9080 1542/9081
f 1588/9082 1542/9083 1538/9084
f 1538/9085 1566/9086 1588/9087
f 1541/9088 1499/9089 1477/9090
f 1477/9091 1539/9092 1541/9093
f 1589/9094 1590/9095 1591/9096
f 1591/9097 1592/9098 1589/9099
f 1593/9100 1594/9101 1590/9102
f 1590/9103 1589/9104 1593/9105
f 1503/9106 1595/9107 1594/9108
f 1594/9109 1593/9110 1503/9111
f 1595/9112 1503/9113 1502/9114
f 1585/9115 1596/9116 1597/9117
f 1597/9118 1586/9119 1585/9120
f 1596/9121 1598/9122 1599/9123
f 1599/9124 1597/9125 1596/9126
f 1600/9127 1485/9128 1484/9129
f 1484/9130 1554/9131 1600/9132
f 1601/9133 1602/9134 1603/9135
f 1603/9136 1604/9137 1601/9138
f 1605/9139 1606/9140 1601/9141
f 1601/9142 1604/9143 1605/9144
f 1520/9145 1517/9146 1602/9147
f 1602/9148 1607/9149 1520/9150
f 1608/9151 1607/9152 1602/9153
f 1602/9154 1601/9155 1608/9156
f 1609/9157 1608/9158 1601/9159
f 1601/9160 1606/9161 1609/9162
f 1516/9163 1603/9164 1602/9165
f 1602/9166 1517/9167 1516/9168
f 1610/9169 1611/9170 1612/9171
f 1612/9172 1613/9173 1610/9174
f 1611/9175 1614/9176 1615/9177
f 1615/9178 1612/9179 1611/9180
f 1525/9181 1610/9182 1613/9183
f 1613/9184 1526/9185 1525/9186
f 1544/9187 1540/9188 1543/9189
f 1543/9190 1545/9191 1544/9192
f 1588/9193 1567/9194 1543/9195
f 1543/9196 1542/9197 1588/9198
f 1541/9199 1540/9200 1580/9201
f 1580/9202 1499/9203 1541/9204
f 1479/9205 1478/9206 1580/9207
f 1580/9208 1579/9209 1479/9210
f 1537/9211 1536/9212 1563/9213
f 1563/9214 1562/9215 1537/9216
f 1564/9217 1537/9218 1562/9219
f 1562/9220 1578/9221 1564/9222
f 1536/9223 1475/9224 1489/9225
f 1489/9226 1563/9227 1536/9228
f 1559/9229 1558/9230 1590/9231
f 1590/9232 1594/9233 1559/9234
f 1558/9235 1576/9236 1591/9237
f 1591/9238 1590/9239 1558/9240
f 1587/9241 1559/9242 1594/9243
f 1594/9244 1595/9245 1587/9246
f 1487/9247 1587/9248 1595/9249
f 1595/9250 1502/9251 1487/9252
f 1585/9253 1509/9254 1503/9255
f 1503/9256 1593/9257 1585/9258
f 1589/9259 1592/9260 1598/9261
f 1598/9262 1596/9263 1589/9264
f 1593/9265 1589/9266 1596/9267
f 1596/9268 1585/9269 1593/9270
f 1600/9271 1554/9272 1557/9273
f 1557/9274 1575/9275 1600/9276
f 1616/9277 1573/9278 1557/9279
f 1557/9280 1556/9281 1616/9282
f 1554/9283 1484/9284 1527/9285
f 1527/9286 1555/9287 1554/9288
f 1617/9289 1618/9290 1619/9291
f 1619/9292 1620/9293 1617/9294
f 1620/9295 1619/9296 1621/9297
f 1621/9298 1622/9299 1620/9300
f 1533/9301 1532/9302 1618/9303
f 1618/9304 1617/9305 1533/9306
f 1600/9307 1575/9308 1611/9309
f 1611/9310 1610/9311 1600/9312
f 1575/9313 1574/9314 1614/9315
f 1614/9316 1611/9317 1575/9318
f 1485/9319 1600/9320 1610/9321
f 1610/9322 1525/9323 1485/9324
f 1604/9325 1603/9326 1617/9327
f 1617/9328 1620/9329 1604/9330
f 1605/9331 1604/9332 1620/9333
f 1620/9334 1622/9335 1605/9336
f 1603/9337 1516/9338 1533/9339
f 1533/9340 1617/9341 1603/9342
f 1613/9343 1612/9344 1619/9345
f 1619/9346 1618/9347 1613/9348
f 1612/9349 1615/9350 1621/9351
f 1621/9352 1619/9353 1612/9354
f 1526/9355 1613/9356 1618/9357
f 1618/9358 1532/9359 1526/9360
f 1527/9361 1510/9362 1586/9363
f 1586/9364 1555/9365 1527/9366
f 1555/9367 1586/9368 1597/9369
f 1597/9370 1556/9371 1555/9372
f 1556/9373 1597/9374 1599/9375
f 1599/9376 1616/9377 1556/9378
f 1623/9379 1624/9380 1625/9381
f 1625/9382 1626/9383 1623/9384
f 1624/9385 1623/9386 1627/9387
f 1627/9388 1628/9389 1624/9390
f 1629/9391 1630/9392 1631/9393
f 1631/9394 1632/9395 1629/9396
f 1633/9397 1634/9398 1635/9399
f 1635/9400 1636/9401 1633/9402
f 1637/9403 1638/9404 1636/9405
f 1636/9406 1635/9407 1637/9408
f 1638/9409 1637/9410 1639/9411
f 1639/9412 1640/9413 1638/9414
f 1641/9415 1642/9416 1640/9417
f 1640/9418 1639/9419 1641/9420
f 1643/9421 1644/9422 1645/9423
f 1645/9424 1646/9425 1643/9426
f 1647/9427 1648/9428 1642/9429
f 1642/9430 1641/9431 1647/9432
f 1649/9433 1650/9434 1651/9435
f 1651/9436 1652/9437 1649/9438
f 1653/9439 1654/9440 1623/9441
f 1623/9442 1626/9443 1653/9444
f 1654/9445 1655/9446 1627/9447
f 1627/9448 1623/9449 1654/9450
f 1634/9451 1632/9452 1656/9453
f 1656/9454 1657/9455 1634/9456
f 1657/9457 1658/9458 1635/9459
f 1635/9460 1634/9461 1657/9462
f 1658/9463 1659/9464 1637/9465
f 1637/9466 1635/9467 1658/9468
f 1659/9469 1660/9470 1639/9471
f 1639/9472 1637/9473 1659/9474
f 1660/9475 1661/9476 1641/9477
f 1641/9478 1639/9479 1660/9480
f 1662/9481 1663/9482 1664/9483
f 1664/9484 1646/9485 1662/9486
f 1661/9487 1665/9488 1647/9489
f 1647/9490 1641/9491 1661/9492
f 1651/9493 1650/9494 1666/9495
f 1666/9496 1667/9497 1651/9498
f 1625/9499 1624/9500 1565/9501
f 1565/9502 1564/9503 1625/9504
f 1624/9505 1628/9506 1566/9507
f 1566/9508 1565/9509 1624/9510
f 1633/9511 1668/9512 1669/9513
f 1669/9514 1629/9515 1633/9516
f 1633/9517 1636/9518 1670/9519
f 1670/9520 1668/9521 1633/9522
f 1636/9523 1638/9524 1671/9525
f 1671/9526 1670/9527 1636/9528
f 1638/9529 1640/9530 1672/9531
f 1672/9532 1671/9533 1638/9534
f 1640/9535 1642/9536 1673/9537
f 1673/9538 1672/9539 1640/9540
f 1599/9541 1598/9542 1674/9543
f 1674/9544 1675/9545 1599/9546
f 1642/9547 1648/9548 1676/9549
f 1676/9550 1673/9551 1642/9552
f 1649/9553 1652/9554 1578/9555
f 1578/9556 1577/9557 1649/9558
f 1588/9559 1669/9560 1567/9561
f 1668/9562 1670/9563 1569/9564
f 1569/9565 1568/9566 1668/9567
f 1570/9568 1569/9569 1670/9570
f 1670/9571 1671/9572 1570/9573
f 1671/9574 1672/9575 1571/9576
f 1571/9577 1570/9578 1671/9579
f 1572/9580 1571/9581 1672/9582
f 1672/9583 1673/9584 1572/9585
f 1673/9586 1676/9587 1576/9588
f 1576/9589 1572/9590 1673/9591
f 1631/9592 1630/9593 1628/9594
f 1628/9595 1627/9596 1631/9597
f 1677/9598 1631/9599 1627/9600
f 1627/9601 1655/9602 1677/9603
f 1630/9604 1588/9605 1566/9606
f 1566/9607 1628/9608 1630/9609
f 1678/9610 1679/9611 1680/9612
f 1680/9613 1681/9614 1678/9615
f 1682/9616 1683/9617 1681/9618
f 1681/9619 1680/9620 1682/9621
f 1592/9622 1684/9623 1683/9624
f 1683/9625 1682/9626 1592/9627
f 1684/9628 1592/9629 1591/9630
f 1674/9631 1685/9632 1686/9633
f 1686/9634 1675/9635 1674/9636
f 1685/9637 1687/9638 1688/9639
f 1688/9640 1686/9641 1685/9642
f 1689/9643 1574/9644 1573/9645
f 1573/9646 1643/9647 1689/9648
f 1690/9649 1691/9650 1692/9651
f 1692/9652 1693/9653 1690/9654
f 1694/9655 1695/9656 1690/9657
f 1690/9658 1693/9659 1694/9660
f 1609/9661 1606/9662 1691/9663
f 1691/9664 1696/9665 1609/9666
f 1697/9667 1696/9668 1691/9669
f 1691/9670 1690/9671 1697/9672
f 1698/9673 1697/9674 1690/9675
f 1690/9676 1695/9677 1698/9678
f 1605/9679 1692/9680 1691/9681
f 1691/9682 1606/9683 1605/9684
f 1699/9685 1700/9686 1701/9687
f 1701/9688 1702/9689 1699/9690
f 1700/9691 1703/9692 1704/9693
f 1704/9694 1701/9695 1700/9696
f 1614/9697 1699/9698 1702/9699
f 1702/9700 1615/9701 1614/9702
f 1633/9703 1629/9704 1632/9705
f 1632/9706 1634/9707 1633/9708
f 1677/9709 1656/9710 1632/9711
f 1632/9712 1631/9713 1677/9714
f 1630/9715 1629/9716 1669/9717
f 1669/9718 1588/9719 1630/9720
f 1568/9721 1567/9722 1669/9723
f 1669/9724 1668/9725 1568/9726
f 1626/9727 1625/9728 1652/9729
f 1652/9730 1651/9731 1626/9732
f 1653/9733 1626/9734 1651/9735
f 1651/9736 1667/9737 1653/9738
f 1625/9739 1564/9740 1578/9741
f 1578/9742 1652/9743 1625/9744
f 1648/9745 1647/9746 1681/9747
f 1681/9748 1683/9749 1648/9750
f 1647/9751 1665/9752 1678/9753
f 1678/9754 1681/9755 1647/9756
f 1676/9757 1648/9758 1683/9759
f 1683/9760 1684/9761 1676/9762
f 1576/9763 1676/9764 1684/9765
f 1684/9766 1591/9767 1576/9768
f 1674/9769 1598/9770 1592/9771
f 1592/9772 1682/9773 1674/9774
f 1680/9775 1679/9776 1687/9777
f 1687/9778 1685/9779 1680/9780
f 1682/9781 1680/9782 1685/9783
f 1685/9784 1674/9785 1682/9786
f 1689/9787 1643/9788 1646/9789
f 1646/9790 1664/9791 1689/9792
f 1705/9793 1662/9794 1646/9795
f 1646/9796 1645/9797 1705/9798
f 1643/9799 1573/9800 1616/9801
f 1616/9802 1644/9803 1643/9804
f 1706/9805 1707/9806 1708/9807
f 1708/9808 1709/9809 1706/9810
f 1709/9811 1708/9812 1710/9813
f 1710/9814 1711/9815 1709/9816
f 1622/9817 1621/9818 1707/9819
f 1707/9820 1706/9821 1622/9822
f 1689/9823 1664/9824 1700/9825
f 1700/9826 1699/9827 1689/9828
f 1664/9829 1663/9830 1703/9831
f 1703/9832 1700/9833 1664/9834
f 1574/9835 1689/9836 1699/9837
f 1699/9838 1614/9839 1574/9840
f 1693/9841 1692/9842 1706/9843
f 1706/9844 1709/9845 1693/9846
f 1694/9847 1693/9848 1709/9849
f 1709/9850 1711/9851 1694/9852
f 1692/9853 1605/9854 1622/9855
f 1622/9856 1706/9857 1692/9858
f 1702/9859 1701/9860 1708/9861
f 1708/9862 1707/9863 1702/9864
f 1701/9865 1704/9866 1710/9867
f 1710/9868 1708/9869 1701/9870
f 1615/9871 1702/9872 1707/9873
f 1707/9874 1621/9875 1615/9876
f 1616/9877 1599/9878 1675/9879
f 1675/9880 1644/9881 1616/9882
f 1644/9883 1675/9884 1686/9885
f 1686/9886 1645/9887 1644/9888
f 1645/9889 1686/9890 1688/9891
f 1688/9892 1705/9893 1645/9894
f 1712/9895 1713/9896 1714/9897
f 1714/9898 1715/9899 1712/9900
f 1715/9901 1716/9902 1717/9903
f 1717/9904 1712/9905 1715/9906
f 1718/9907 1719/9908 1720/9909
f 1720/9910 1721/9911 1718/9912
f 1722/9913 1723/9914 1724/9915
f 1724/9916 1725/9917 1722/9918
f 1726/9919 1724/9920 1723/9921
f 1723/9922 1727/9923 1726/9924
f 1727/9925 1728/9926 1729/9927
f 1729/9928 1726/9929 1727/9930
f 1730/9931 1729/9932 1728/9933
f 1728/9934 1731/9935 1730/9936
f 1732/9937 1733/9938 1734/9939
f 1734/9940 1735/9941 1732/9942
f 1736/9943 1730/9944 1731/9945
f 1731/9946 1737/9947 1736/9948
f 1738/9949 1739/9950 1740/9951
f 1740/9952 1741/9953 1738/9954
f 1742/9955 1713/9956 1712/9957
f 1712/9958 1743/9959 1742/9960
f 1743/9961 1712/9962 1717/9963
f 1717/9964 1744/9965 1743/9966
f 1725/9967 1745/9968 1746/9969
f 1746/9970 1719/9971 1725/9972
f 1745/9973 1725/9974 1724/9975
f 1724/9976 1747/9977 1745/9978
f 1747/9979 1724/9980 1726/9981
f 1726/9982 1748/9983 1747/9984
f 1748/9985 1726/9986 1729/9987
f 1729/9988 1749/9989 1748/9990
f 1749/9991 1729/9992 1730/9993
f 1730/9994 1750/9995 1749/9996
f 1751/9997 1733/9998 1752/9999
f 1752/10000 1753/10001 1751/10002
f 1750/10003 1730/10004 1736/10005
f 1736/10006 1754/10007 1750/10008
f 1755/10009 1741/10010 1740/10011
f 1740/10012 1756/10013 1755/10014
f 1714/10015 1757/10016 1758/10017
f 1758/10018 1715/10019 1714/10020
f 1715/10021 1758/10022 1759/10023
f 1759/10024 1716/10025 1715/10026
f 1722/10027 1718/10028 1760/10029
f 1760/10030 1761/10031 1722/10032
f 1722/10033 1761/10034 1762/10035
f 1762/10036 1723/10037 1722/10038
f 1723/10039 1762/10040 1763/10041
f 1763/10042 1727/10043 1723/10044
f 1727/10045 1763/10046 1764/10047
f 1764/10048 1728/10049 1727/10050
f 1728/10051 1764/10052 1765/10053
f 1765/10054 1731/10055 1728/10056
f 1766/10057 1767/10058 1768/10059
f 1768/10060 1769/10061 1766/10062
f 1731/10063 1765/10064 1770/10065
f 1770/10066 1737/10067 1731/10068
f 1738/10069 1771/10070 1772/10071
f 1772/10072 1739/10073 1738/10074
f 1773/10075 1774/10076 1760/10077
f 1761/10078 1775/10079 1776/10080
f 1776/10081 1762/10082 1761/10083
f 1777/10084 1763/10085 1762/10086
f 1762/10087 1776/10088 1777/10089
f 1763/10090 1777/10091 1778/10092
f 1778/10093 1764/10094 1763/10095
f 1779/10096 1765/10097 1764/10098
f 1764/10099 1778/10100 1779/10101
f 1765/10102 1779/10103 1780/10104
f 1780/10105 1770/10106 1765/10107
f 1720/10108 1717/10109 1716/10110
f 1716/10111 1721/10112 1720/10113
f 1781/10114 1744/10115 1717/10116
f 1717/10117 1720/10118 1781/10119
f 1721/10120 1716/10121 1759/10122
f 1759/10123 1773/10124 1721/10125
f 1782/10126 1783/10127 1784/10128
f 1784/10129 1785/10130 1782/10131
f 1786/10132 1782/10133 1785/10134
f 1785/10135 1787/10136 1786/10137
f 1788/10138 1786/10139 1787/10140
f 1787/10141 1789/10142 1788/10143
f 1789/10144 1790/10145 1788/10146
f 1768/10147 1767/10148 1791/10149
f 1791/10150 1792/10151 1768/10152
f 1792/10153 1791/10154 1793/10155
f 1793/10156 1794/10157 1792/10158
f 1795/10159 1732/10160 1796/10161
f 1796/10162 1797/10163 1795/10164
f 1798/10165 1799/10166 1800/10167
f 1800/10168 1801/10169 1798/10170
f 1802/10171 1799/10172 1798/10173
f 1798/10174 1803/10175 1802/10176
f 1804/10177 1805/10178 1801/10179
f 1801/10180 1806/10181 1804/10182
f 1807/10183 1798/10184 1801/10185
f 1801/10186 1805/10187 1807/10188
f 1808/10189 1803/10190 1798/10191
f 1798/10192 1807/10193 1808/10194
f 1809/10195 1806/10196 1801/10197
f 1801/10198 1800/10199 1809/10200
f 1810/10201 1811/10202 1812/10203
f 1812/10204 1813/10205 1810/10206
f 1813/10207 1812/10208 1814/10209
f 1814/10210 1815/10211 1813/10212
f 1816/10213 1817/10214 1811/10215
f 1811/10216 1810/10217 1816/10218
f 1722/10219 1725/10220 1719/10221
f 1719/10222 1718/10223 1722/10224
f 1781/10225 1720/10226 1719/10227
f 1719/10228 1746/10229 1781/10230
f 1721/10231 1773/10232 1760/10233
f 1760/10234 1718/10235 1721/10236
f 1775/10237 1761/10238 1760/10239
f 1760/10240 1774/10241 1775/10242
f 1713/10243 1740/10244 1739/10245
f 1739/10246 1714/10247 1713/10248
f 1742/10249 1756/10250 1740/10251
f 1740/10252 1713/10253 1742/10254
f 1714/10255 1739/10256 1772/10257
f 1772/10258 1757/10259 1714/10260
f 1737/10261 1787/10262 1785/10263
f 1785/10264 1736/10265 1737/10266
f 1736/10267 1785/10268 1784/10269
f 1784/10270 1754/10271 1736/10272
f 1770/10273 1789/10274 1787/10275
f 1787/10276 1737/10277 1770/10278
f 1780/10279 1790/10280 1789/10281
f 1789/10282 1770/10283 1780/10284
f 1768/10285 1786/10286 1788/10287
f 1788/10288 1769/10289 1768/10290
f 1782/10291 1792/10292 1794/10293
f 1794/10294 1783/10295 1782/10296
f 1786/10297 1768/10298 1792/10299
f 1792/10300 1782/10301 1786/10302
f 1795/10303 1752/10304 1733/10305
f 1733/10306 1732/10307 1795/10308
f 1818/10309 1734/10310 1733/10311
f 1733/10312 1751/10313 1818/10314
f 1732/10315 1735/10316 1819/10317
f 1819/10318 1796/10319 1732/10320
f 1820/10321 1821/10322 1822/10323
f 1822/10324 1823/10325 1820/10326
f 1821/10327 1824/10328 1825/10329
f 1825/10330 1822/10331 1821/10332
f 1826/10333 1820/10334 1823/10335
f 1823/10336 1827/10337 1826/10338
f 1795/10339 1810/10340 1813/10341
f 1813/10342 1752/10343 1795/10344
f 1752/10345 1813/10346 1815/10347
f 1815/10348 1753/10349 1752/10350
f 1797/10351 1816/10352 1810/10353
f 1810/10354 1795/10355 1797/10356
f 1799/10357 1821/10358 1820/10359
f 1820/10360 1800/10361 1799/10362
f 1802/10363 1824/10364 1821/10365
f 1821/10366 1799/10367 1802/10368
f 1800/10369 1820/10370 1826/10371
f 1826/10372 1809/10373 1800/10374
f 1811/10375 1823/10376 1822/10377
f 1822/10378 1812/10379 1811/10380
f 1812/10381 1822/10382 1825/10383
f 1825/10384 1814/10385 1812/10386
f 1817/10387 1827/10388 1823/10389
f 1823/10390 1811/10391 1817/10392
f 1819/10393 1735/10394 1767/10395
f 1767/10396 1766/10397 1819/10398
f 1735/10399 1734/10400 1791/10401
f 1791/10402 1767/10403 1735/10404
f 1734/10405 1818/10406 1793/10407
f 1793/10408 1791/10409 1734/10410
f 1828/10411 1829/10412 1830/10413
f 1830/10414 1831/10415 1828/10416
f 1831/10417 1832/10418 1833/10419
f 1833/10420 1828/10421 1831/10422
f 1834/10423 1835/10424 1836/10425
f 1836/10426 1837/10427 1834/10428
f 1838/10429 1839/10430 1840/10431
f 1840/10432 1841/10433 1838/10434
f 1842/10435 1840/10436 1839/10437
f 1839/10438 1843/10439 1842/10440
f 1843/10441 1844/10442 1845/10443
f 1845/10444 1842/10445 1843/10446
f 1846/10447 1845/10448 1844/10449
f 1844/10450 1847/10451 1846/10452
f 1848/10453 1849/10454 1850/10455
f 1850/10456 1851/10457 1848/10458
f 1852/10459 1846/10460 1847/10461
f 1847/10462 1853/10463 1852/10464
f 1854/10465 1855/10466 1856/10467
f 1856/10468 1857/10469 1854/10470
f 1858/10471 1829/10472 1828/10473
f 1828/10474 1859/10475 1858/10476
f 1859/10477 1828/10478 1833/10479
f 1833/10480 1860/10481 1859/10482
f 1841/10483 1861/10484 1862/10485
f 1862/10486 1835/10487 1841/10488
f 1861/10489 1841/10490 1840/10491
f 1840/10492 1863/10493 1861/10494
f 1863/10495 1840/10496 1842/10497
f 1842/10498 1864/10499 1863/10500
f 1864/10501 1842/10502 1845/10503
f 1845/10504 1865/10505 1864/10506
f 1865/10507 1845/10508 1846/10509
f 1846/10510 1866/10511 1865/10512
f 1867/10513 1849/10514 1868/10515
f 1868/10516 1869/10517 1867/10518
f 1866/10519 1846/10520 1852/10521
f 1852/10522 1870/10523 1866/10524
f 1856/10525 1871/10526 1872/10527
f 1872/10528 1857/10529 1856/10530
f 1830/10531 1742/10532 1743/10533
f 1743/10534 1831/10535 1830/10536
f 1831/10537 1743/10538 1744/10539
f 1744/10540 1832/10541 1831/10542
f 1838/10543 1834/10544 1873/10545
f 1873/10546 1874/10547 1838/10548
f 1838/10549 1874/10550 1875/10551
f 1875/10552 1839/10553 1838/10554
f 1839/10555 1875/10556 1876/10557
f 1876/10558 1843/10559 1839/10560
f 1843/10561 1876/10562 1877/10563
f 1877/10564 1844/10565 1843/10566
f 1844/10567 1877/10568 1878/10569
f 1878/10570 1847/10571 1844/10572
f 1793/10573 1879/10574 1880/10575
f 1880/10576 1794/10577 1793/10578
f 1847/10579 1878/10580 1881/10581
f 1881/10582 1853/10583 1847/10584
f 1854/10585 1755/10586 1756/10587
f 1756/10588 1855/10589 1854/10590
f 1781/10591 1746/10592 1873/10593
f 1874/10594 1745/10595 1747/10596
f 1747/10597 1875/10598 1874/10599
f 1748/10600 1876/10601 1875/10602
f 1875/10603 1747/10604 1748/10605
f 1876/10606 1748/10607 1749/10608
f 1749/10609 1877/10610 1876/10611
f 1750/10612 1878/10613 1877/10614
f 1877/10615 1749/10616 1750/10617
f 1878/10618 1750/10619 1754/10620
f 1754/10621 1881/10622 1878/10623
f 1836/10624 1833/10625 1832/10626
f 1832/10627 1837/10628 1836/10629
f 1882/10630 1860/10631 1833/10632
f 1833/10633 1836/10634 1882/10635
f 1837/10636 1832/10637 1744/10638
f 1744/10639 1781/10640 1837/10641
f 1883/10642 1884/10643 1885/10644
f 1885/10645 1886/10646 1883/10647
f 1887/10648 1885/10649 1884/10650
f 1884/10651 1888/10652 1887/10653
f 1783/10654 1887/10655 1888/10656
f 1888/10657 1889/10658 1783/10659
f 1889/10660 1784/10661 1783/10662
f 1880/10663 1879/10664 1890/10665
f 1890/10666 1891/10667 1880/10668
f 1891/10669 1890/10670 1892/10671
f 1892/10672 1893/10673 1891/10674
f 1894/10675 1848/10676 1751/10677
f 1751/10678 1753/10679 1894/10680
f 1895/10681 1896/10682 1897/10683
f 1897/10684 1898/10685 1895/10686
f 1899/10687 1896/10688 1895/10689
f 1895/10690 1900/10691 1899/10692
f 1808/10693 1901/10694 1898/10695
f 1898/10696 1803/10697 1808/10698
f 1902/10699 1895/10700 1898/10701
f 1898/10702 1901/10703 1902/10704
f 1903/10705 1900/10706 1895/10707
f 1895/10708 1902/10709 1903/10710
f 1802/10711 1803/10712 1898/10713
f 1898/10714 1897/10715 1802/10716
f 1904/10717 1905/10718 1906/10719
f 1906/10720 1907/10721 1904/10722
f 1907/10723 1906/10724 1908/10725
f 1908/10726 1909/10727 1907/10728
f 1815/10729 1814/10730 1905/10731
f 1905/10732 1904/10733 1815/10734
f 1838/10735 1841/10736 1835/10737
f 1835/10738 1834/10739 1838/10740
f 1882/10741 1836/10742 1835/10743
f 1835/10744 1862/10745 1882/10746
f 1837/10747 1781/10748 1873/10749
f 1873/10750 1834/10751 1837/10752
f 1745/10753 1874/10754 1873/10755
f 1873/10756 1746/10757 1745/10758
f 1829/10759 1856/10760 1855/10761
f 1855/10762 1830/10763 1829/10764
f 1858/10765 1871/10766 1856/10767
f 1856/10768 1829/10769 1858/10770
f 1830/10771 1855/10772 1756/10773
f 1756/10774 1742/10775 1830/10776
f 1853/10777 1888/10778 1884/10779
f 1884/10780 1852/10781 1853/10782
f 1852/10783 1884/10784 1883/10785
f 1883/10786 1870/10787 1852/10788
f 1881/10789 1889/10790 1888/10791
f 1888/10792 1853/10793 1881/10794
f 1754/10795 1784/10796 1889/10797
f 1889/10798 1881/10799 1754/10800
f 1880/10801 1887/10802 1783/10803
f 1783/10804 1794/10805 1880/10806
f 1885/10807 1891/10808 1893/10809
f 1893/10810 1886/10811 1885/10812
f 1887/10813 1880/10814 1891/10815
f 1891/10816 1885/10817 1887/10818
f 1894/10819 1868/10820 1849/10821
f 1849/10822 1848/10823 1894/10824
f 1910/10825 1850/10826 1849/10827
f 1849/10828 1867/10829 1910/10830
f 1848/10831 1851/10832 1818/10833
f 1818/10834 1751/10835 1848/10836
f 1911/10837 1912/10838 1913/10839
f 1913/10840 1914/10841 1911/10842
f 1912/10843 1915/10844 1916/10845
f 1916/10846 1913/10847 1912/10848
f 1824/10849 1911/10850 1914/10851
f 1914/10852 1825/10853 1824/10854
f 1894/10855 1904/10856 1907/10857
f 1907/10858 1868/10859 1894/10860
f 1868/10861 1907/10862 1909/10863
f 1909/10864 1869/10865 1868/10866
f 1753/10867 1815/10868 1904/10869
f 1904/10870 1894/10871 1753/10872
f 1896/10873 1912/10874 1911/10875
f 1911/10876 1897/10877 1896/10878
f 1899/10879 1915/10880 1912/10881
f 1912/10882 1896/10883 1899/10884
f 1897/10885 1911/10886 1824/10887
f 1824/10888 1802/10889 1897/10890
f 1905/10891 1914/10892 1913/10893
f 1913/10894 1906/10895 1905/10896
f 1906/10897 1913/10898 1916/10899
f 1916/10900 1908/10901 1906/10902
f 1814/10903 1825/10904 1914/10905
f 1914/10906 1905/10907 1814/10908
f 1818/10909 1851/10910 1879/10911
f 1879/10912 1793/10913 1818/10914
f 1851/10915 1850/10916 1890/10917
f 1890/10918 1879/10919 1851/10920
f 1850/10921 1910/10922 1892/10923
f 1892/10924 1890/10925 1850/10926
f 1917/10927 1918/10928 1919/10929
f 1919/10930 1920/10931 1917/10932
f 1920/10933 1921/10934 1922/10935
f 1922/10936 1917/10937 1920/10938
f 1923/10939 1924/10940 1925/10941
f 1925/10942 1926/10943 1923/10944
f 1927/10945 1928/10946 1929/10947
f 1929/10948 1930/10949 1927/10950
f 1931/10951 1929/10952 1928/10953
f 1928/10954 1932/10955 1931/10956
f 1932/10957 1933/10958 1934/10959
f 1934/10960 1931/10961 1932/10962
f 1935/10963 1934/10964 1933/10965
f 1933/10966 1936/10967 1935/10968
f 1937/10969 1938/10970 1939/10971
f 1939/10972 1940/10973 1937/10974
f 1941/10975 1935/10976 1936/10977
f 1936/10978 1942/10979 1941/10980
f 1943/10981 1944/10982 1945/10983
f 1945/10984 1946/10985 1943/10986
f 1757/10987 1918/10988 1917/10989
f 1917/10990 1758/10991 1757/10992
f 1758/10993 1917/10994 1922/10995
f 1922/10996 1759/10997 1758/10998
f 1930/10999 1775/11000 1774/11001
f 1774/11002 1924/11003 1930/11004
f 1775/11005 1930/11006 1929/11007
f 1929/11008 1776/11009 1775/11010
f 1776/11011 1929/11012 1931/11013
f 1931/11014 1777/11015 1776/11016
f 1777/11017 1931/11018 1934/11019
f 1934/11020 1778/11021 1777/11022
f 1778/11023 1934/11024 1935/11025
f 1935/11026 1779/11027 1778/11028
f 1796/11029 1938/11030 1947/11031
f 1947/11032 1797/11033 1796/11034
f 1779/11035 1935/11036 1941/11037
f 1941/11038 1780/11039 1779/11040
f 1771/11041 1946/11042 1945/11043
f 1945/11044 1772/11045 1771/11046
f 1919/11047 556/11048 557/11049
f 557/11050 1920/11051 1919/11052
f 1920/11053 557/11054 558/11055
f 558/11056 1921/11057 1920/11058
f 1927/11059 1923/11060 1948/11061
f 1948/11062 1949/11063 1927/11064
f 1927/11065 1949/11066 1950/11067
f 1950/11068 1928/11069 1927/11070
f 1928/11071 1950/11072 1951/11073
f 1951/11074 1932/11075 1928/11076
f 1932/11077 1951/11078 1952/11079
f 1952/11080 1933/11081 1932/11082
f 1933/11083 1952/11084 1953/11085
f 1953/11086 1936/11087 1933/11088
f 1063/11089 1954/11090 1955/11091
f 1955/11092 1064/11093 1063/11094
f 1936/11095 1953/11096 1956/11097
f 1956/11098 1942/11099 1936/11100
f 1943/11101 569/11102 570/11103
f 570/11104 1944/11105 1943/11106
f 918/11107 560/11108 1948/11109
f 1949/11110 559/11111 561/11112
f 561/11113 1950/11114 1949/11115
f 562/11116 1951/11117 1950/11118
f 1950/11119 561/11120 562/11121
f 1951/11122 562/11123 563/11124
f 563/11125 1952/11126 1951/11127
f 564/11128 1953/11129 1952/11130
f 1952/11131 563/11132 564/11133
f 1953/11134 564/11135 568/11136
f 568/11137 1956/11138 1953/11139
f 1925/11140 1922/11141 1921/11142
f 1921/11143 1926/11144 1925/11145
f 1773/11146 1759/11147 1922/11148
f 1922/11149 1925/11150 1773/11151
f 1926/11152 1921/11153 558/11154
f 558/11155 918/11156 1926/11157
f 1957/11158 1788/11159 1790/11160
f 1790/11161 1958/11162 1957/11163
f 1959/11164 1957/11165 1958/11166
f 1958/11167 1960/11168 1959/11169
f 975/11170 1959/11171 1960/11172
f 1960/11173 1961/11174 975/11175
f 1961/11176 976/11177 975/11178
f 1955/11179 1954/11180 1962/11181
f 1962/11182 1963/11183 1955/11184
f 1963/11185 1962/11186 1766/11187
f 1766/11188 1769/11189 1963/11190
f 1964/11191 1937/11192 565/11193
f 565/11194 567/11195 1964/11196
f 1965/11197 1966/11198 1967/11199
f 1967/11200 1968/11201 1965/11202
f 1809/11203 1966/11204 1965/11205
f 1965/11206 1806/11207 1809/11208
f 1224/11209 1969/11210 1968/11211
f 1968/11212 1162/11213 1224/11214
f 1970/11215 1965/11216 1968/11217
f 1968/11218 1969/11219 1970/11220
f 1804/11221 1806/11222 1965/11223
f 1965/11224 1970/11225 1804/11226
f 1161/11227 1162/11228 1968/11229
f 1968/11230 1967/11231 1161/11232
f 1971/11233 1972/11234 1973/11235
f 1973/11236 1974/11237 1971/11238
f 1974/11239 1973/11240 1817/11241
f 1817/11242 1816/11243 1974/11244
f 1290/11245 1289/11246 1972/11247
f 1972/11248 1971/11249 1290/11250
f 1927/11251 1930/11252 1924/11253
f 1924/11254 1923/11255 1927/11256
f 1773/11257 1925/11258 1924/11259
f 1924/11260 1774/11261 1773/11262
f 1926/11263 918/11264 1948/11265
f 1948/11266 1923/11267 1926/11268
f 559/11269 1949/11270 1948/11271
f 1948/11272 560/11273 559/11274
f 1918/11275 1945/11276 1944/11277
f 1944/11278 1919/11279 1918/11280
f 1757/11281 1772/11282 1945/11283
f 1945/11284 1918/11285 1757/11286
f 1919/11287 1944/11288 570/11289
f 570/11290 556/11291 1919/11292
f 1942/11293 1960/11294 1958/11295
f 1958/11296 1941/11297 1942/11298
f 1941/11299 1958/11300 1790/11301
f 1790/11302 1780/11303 1941/11304
f 1956/11305 1961/11306 1960/11307
f 1960/11308 1942/11309 1956/11310
f 568/11311 976/11312 1961/11313
f 1961/11314 1956/11315 568/11316
f 1955/11317 1959/11318 975/11319
f 975/11320 1064/11321 1955/11322
f 1957/11323 1963/11324 1769/11325
f 1769/11326 1788/11327 1957/11328
f 1959/11329 1955/11330 1963/11331
f 1963/11332 1957/11333 1959/11334
f 1964/11335 1947/11336 1938/11337
f 1938/11338 1937/11339 1964/11340
f 1819/11341 1939/11342 1938/11343
f 1938/11344 1796/11345 1819/11346
f 1937/11347 1940/11348 1338/11349
f 1338/11350 565/11351 1937/11352
f 1975/11353 1976/11354 1977/11355
f 1977/11356 1978/11357 1975/11358
f 1976/11359 1826/11360 1827/11361
f 1827/11362 1977/11363 1976/11364
f 1404/11365 1975/11366 1978/11367
f 1978/11368 1405/11369 1404/11370
f 1964/11371 1971/11372 1974/11373
f 1974/11374 1947/11375 1964/11376
f 1947/11377 1974/11378 1816/11379
f 1816/11380 1797/11381 1947/11382
f 567/11383 1290/11384 1971/11385
f 1971/11386 1964/11387 567/11388
f 1966/11389 1976/11390 1975/11391
f 1975/11392 1967/11393 1966/11394
f 1809/11395 1826/11396 1976/11397
f 1976/11398 1966/11399 1809/11400
f 1967/11401 1975/11402 1404/11403
f 1404/11404 1161/11405 1967/11406
f 1972/11407 1978/11408 1977/11409
f 1977/11410 1973/11411 1972/11412
f 1973/11413 1977/11414 1827/11415
f 1827/11416 1817/11417 1973/11418
f 1289/11419 1405/11420 1978/11421
f 1978/11422 1972/11423 1289/11424
f 1338/11425 1940/11426 1954/11427
f 1954/11428 1063/11429 1338/11430
f 1940/11431 1939/11432 1962/11433
f 1962/11434 1954/11435 1940/11436
f 1939/11437 1819/11438 1766/11439
f 1766/11440 1962/11441 1939/11442
f 1872/11443 1979/11444 1980/11445
f 1980/11446 1857/11447 1872/11448
f 1981/11449 1982/11450 1983/11451
f 1983/11452 1984/11453 1981/11454
f 1857/11455 1980/11456 1985/11457
f 1985/11458 1854/11459 1857/11460
f 1984/11461 1983/11462 1986/11463
f 1986/11464 1987/11465 1984/11466
f 1854/11467 1985/11468 1988/11469
f 1988/11470 1755/11471 1854/11472
f 1987/11473 1986/11474 1989/11475
f 1989/11476 1990/11477 1987/11478
f 1755/11479 1988/11480 1991/11481
f 1991/11482 1741/11483 1755/11484
f 1990/11485 1989/11486 1992/11487
f 1992/11488 1993/11489 1990/11490
f 1741/11491 1991/11492 1994/11493
f 1994/11494 1738/11495 1741/11496
f 1993/11497 1992/11498 1995/11499
f 1995/11500 1996/11501 1993/11502
f 1738/11503 1994/11504 1997/11505
f 1997/11506 1771/11507 1738/11508
f 1996/11509 1995/11510 1998/11511
f 1998/11512 1999/11513 1996/11514
f 1771/11515 1997/11516 2000/11517
f 2000/11518 1946/11519 1771/11520
f 1999/11521 1998/11522 2001/11523
f 2001/11524 2002/11525 1999/11526
f 1946/11527 2000/11528 2003/11529
f 2003/11530 1943/11531 1946/11532
f 2002/11533 2001/11534 2004/11535
f 2004/11536 2005/11537 2002/11538
f 2003/11539 2006/11540 569/11541
f 569/11542 1943/11543 2003/11544
f 2005/11545 2004/11546 2007/11547
f 2007/11548 2008/11549 2005/11550
f 569/11551 2006/11552 1444/11553
f 1444/11554 555/11555 569/11556
f 2009/11557 2010/11558 2011/11559
f 2011/11560 2012/11561 2009/11562
f 2013/11563 2014/11564 2015/11565
f 2015/11566 2016/11567 2013/11568
f 2017/11569 2009/11570 2012/11571
f 2012/11572 2018/11573 2017/11574
f 2019/11575 2017/11576 2018/11577
f 2018/11578 2020/11579 2019/11580
f 2021/11581 2019/11582 2020/11583
f 2020/11584 2022/11585 2021/11586
f 2016/11587 2015/11588 2023/11589
f 2023/11590 2024/11591 2016/11592
f 2025/11593 2021/11594 2022/11595
f 2022/11596 2026/11597 2025/11598
f 2024/11599 2023/11600 2027/11601
f 2027/11602 2028/11603 2024/11604
f 2029/11605 2025/11606 2026/11607
f 2026/11608 2030/11609 2029/11610
f 2031/11611 2032/11612 2033/11613
f 2033/11614 2034/11615 2031/11616
f 2028/11617 2027/11618 2035/11619
f 2035/11620 2036/11621 2028/11622
f 2037/11623 2031/11624 2034/11625
f 2034/11626 2038/11627 2037/11628
f 2036/11629 2035/11630 2039/11631
f 2039/11632 2040/11633 2036/11634
f 2041/11635 2037/11636 2038/11637
f 2038/11638 2042/11639 2041/11640
f 2043/11641 2041/11642 2042/11643
f 2042/11644 2044/11645 2043/11646
f 2045/11647 2046/11648 2047/11649
f 2047/11650 2048/11651 2045/11652
f 2049/11653 2043/11654 2044/11655
f 2044/11656 2050/11657 2049/11658
f 2048/11659 2047/11660 2051/11661
f 2051/11662 2052/11663 2048/11664
f 2053/11665 2049/11666 2050/11667
f 2050/11668 2054/11669 2053/11670
f 2052/11671 2051/11672 2055/11673
f 2055/11674 2056/11675 2052/11676
f 2054/11677 2057/11678 2058/11679
f 2058/11680 2053/11681 2054/11682
f 2055/11683 2059/11684 2060/11685
f 2060/11686 2056/11687 2055/11688
f 2057/11689 2054/11690 2061/11691
f 2061/11692 2062/11693 2057/11694
f 2063/11695 2062/11696 2061/11697
f 2061/11698 2064/11699 2063/11700
f 2060/11701 2059/11702 2065/11703
f 2065/11704 2066/11705 2060/11706
f 2067/11707 2068/11708 2069/11709
f 2069/11710 2070/11711 2067/11712
f 2071/11713 2072/11714 2069/11715
f 2069/11716 2068/11717 2071/11718
f 2069/11719 2072/11720 2073/11721
f 2073/11722 2074/11723 2069/11724
f 2074/11725 2073/11726 2075/11727
f 2075/11728 2076/11729 2074/11730
f 2076/11731 2075/11732 2077/11733
f 2076/11734 2078/11735 2079/11736
f 2079/11737 2080/11738 2076/11739
f 2080/11740 2079/11741 2081/11742
f 2081/11743 2082/11744 2080/11745
f 2082/11746 2081/11747 2083/11748
f 2083/11749 2084/11750 2082/11751
f 2084/11752 2083/11753 2085/11754
f 2085/11755 2086/11756 2084/11757
f 2086/11758 2085/11759 2087/11760
f 2087/11761 2088/11762 2086/11763
f 2088/11764 2087/11765 2089/11766
f 2089/11767 2090/11768 2088/11769
f 2091/11770 2092/11771 2090/11772
f 2090/11773 2089/11774 2091/11775
f 2092/11776 2093/11777 2094/11778
f 2094/11779 2090/11780 2092/11781
f 2094/11782 2093/11783 2095/11784
f 2095/11785 2096/11786 2094/11787
f 2097/11788 2098/11789 2050/11790
f 2050/11791 2044/11792 2097/11793
f 2098/11794 2099/11795 2054/11796
f 2054/11797 2050/11798 2098/11799
f 2099/11800 2100/11801 2061/11802
f 2061/11803 2054/11804 2099/11805
f 2100/11806 2101/11807 2064/11808
f 2064/11809 2061/11810 2100/11811
f 2064/11812 2102/11813 2103/11814
f 2103/11815 2063/11816 2064/11817
f 2096/11818 2095/11819 2104/11820
f 2104/11821 2105/11822 2096/11823
f 2065/11824 2106/11825 2107/11826
f 2107/11827 2066/11828 2065/11829
f 2064/11830 2101/11831 2108/11832
f 2108/11833 2102/11834 2064/11835
f 2109/11836 2110/11837 2111/11838
f 2111/11839 2112/11840 2109/11841
f 2113/11842 2114/11843 2115/11844
f 2115/11845 2116/11846 2113/11847
f 2111/11848 2117/11849 2118/11850
f 2118/11851 2112/11852 2111/11853
f 2119/11854 2120/11855 2113/11856
f 2113/11857 2116/11858 2119/11859
f 2117/11860 2121/11861 2122/11862
f 2122/11863 2118/11864 2117/11865
f 2123/11866 2124/11867 2120/11868
f 2120/11869 2119/11870 2123/11871
f 2121/11872 2125/11873 2126/11874
f 2126/11875 2122/11876 2121/11877
f 2127/11878 2128/11879 2124/11880
f 2124/11881 2123/11882 2127/11883
f 2125/11884 2067/11885 2070/11886
f 2070/11887 2126/11888 2125/11889
f 2129/11890 2011/11891 2128/11892
f 2128/11893 2127/11894 2129/11895
f 2130/11896 2131/11897 2132/11898
f 2132/11899 2133/11900 2130/11901
f 2131/11902 2134/11903 2135/11904
f 2135/11905 2132/11906 2131/11907
f 2134/11908 2136/11909 2137/11910
f 2137/11911 2135/11912 2134/11913
f 2136/11914 2138/11915 2139/11916
f 2139/11917 2137/11918 2136/11919
f 2138/11920 2014/11921 2013/11922
f 2013/11923 2139/11924 2138/11925
f 2011/11926 2129/11927 2140/11928
f 2140/11929 2012/11930 2011/11931
f 2012/11932 2140/11933 2018/11934
f 2018/11935 2140/11936 2020/11937
f 2140/11938 2141/11939 2022/11940
f 2022/11941 2020/11942 2140/11943
f 2141/11944 2033/11945 2026/11946
f 2026/11947 2022/11948 2141/11949
f 2033/11950 2032/11951 2030/11952
f 2030/11953 2026/11954 2033/11955
f 2142/11956 2143/11957 2114/11958
f 2114/11959 2113/11960 2142/11961
f 2120/11962 2144/11963 2142/11964
f 2142/11965 2113/11966 2120/11967
f 2124/11968 2145/11969 2144/11970
f 2144/11971 2120/11972 2124/11973
f 2128/11974 2146/11975 2145/11976
f 2145/11977 2124/11978 2128/11979
f 2011/11980 2010/11981 2146/11982
f 2146/11983 2128/11984 2011/11985
f 2029/11986 2030/11987 2147/11988
f 2067/11989 2148/11990 2149/11991
f 2149/11992 2068/11993 2067/11994
f 2068/11995 2149/11996 2150/11997
f 2150/11998 2071/11999 2068/12000
f 2071/12001 2150/12002 2151/12003
f 2151/12004 2072/12005 2071/12006
f 2072/12007 2151/12008 2152/12009
f 2152/12010 2073/12011 2072/12012
f 2073/12013 2152/12014 2153/12015
f 2153/12016 2075/12017 2073/12018
f 2075/12019 2153/12020 2154/12021
f 2154/12022 2077/12023 2075/12024
f 2110/12025 2155/12026 2156/12027
f 2156/12028 2111/12029 2110/12030
f 2156/12031 2157/12032 2117/12033
f 2117/12034 2111/12035 2156/12036
f 2157/12037 2158/12038 2121/12039
f 2121/12040 2117/12041 2157/12042
f 2158/12043 2159/12044 2125/12045
f 2125/12046 2121/12047 2158/12048
f 2159/12049 2148/12050 2067/12051
f 2067/12052 2125/12053 2159/12054
f 2154/12055 2160/12056 2077/12057
f 2078/12058 2076/12059 2077/12060
f 1869/12061 2017/12062 2019/12063
f 2019/12064 1867/12065 1869/12066
f 1892/12067 2025/12068 2029/12069
f 2029/12070 1893/12071 1892/12072
f 1900/12073 2142/12074 2144/12075
f 2144/12076 1899/12077 1900/12078
f 1903/12079 2143/12080 2142/12081
f 2142/12082 1900/12083 1903/12084
f 1908/12085 2010/12086 2009/12087
f 2009/12088 1909/12089 1908/12090
f 2029/12091 2147/12092 1886/12093
f 1886/12094 1893/12095 2029/12096
f 1867/12097 2019/12098 2021/12099
f 2021/12100 1910/12101 1867/12102
f 1915/12103 2145/12104 2146/12105
f 2146/12106 1916/12107 1915/12108
f 1909/12109 2009/12110 2017/12111
f 2017/12112 1869/12113 1909/12114
f 1899/12115 2144/12116 2145/12117
f 2145/12118 1915/12119 1899/12120
f 1916/12121 2146/12122 2010/12123
f 2010/12124 1908/12125 1916/12126
f 1910/12127 2021/12128 2025/12129
f 2025/12130 1892/12131 1910/12132
f 1662/12133 2151/12134 2150/12135
f 2150/12136 1663/12137 1662/12138
f 1687/12139 2154/12140 2153/12141
f 2153/12142 1688/12143 1687/12144
f 1694/12145 2157/12146 2156/12147
f 2156/12148 1695/12149 1694/12150
f 1695/12151 2156/12152 2155/12153
f 2155/12154 1698/12155 1695/12156
f 1703/12157 2149/12158 2148/12159
f 2148/12160 1704/12161 1703/12162
f 1679/12163 2160/12164 2154/12165
f 2154/12166 1687/12167 1679/12168
f 1705/12169 2152/12170 2151/12171
f 2151/12172 1662/12173 1705/12174
f 1710/12175 2159/12176 2158/12177
f 2158/12178 1711/12179 1710/12180
f 1663/12181 2150/12182 2149/12183
f 2149/12184 1703/12185 1663/12186
f 1711/12187 2158/12188 2157/12189
f 2157/12190 1694/12191 1711/12192
f 1704/12193 2148/12194 2159/12195
f 2159/12196 1710/12197 1704/12198
f 1688/12199 2153/12200 2152/12201
f 2152/12202 1705/12203 1688/12204
f 1653/12205 2095/12206 2093/12207
f 2093/12208 1654/12209 1653/12210
f 1654/12211 2093/12212 2092/12213
f 2092/12214 1655/12215 1654/12216
f 1656/12217 2089/12218 2087/12219
f 2087/12220 1657/12221 1656/12222
f 1657/12223 2087/12224 2085/12225
f 2085/12226 1658/12227 1657/12228
f 1658/12229 2085/12230 2083/12231
f 2083/12232 1659/12233 1658/12234
f 1659/12235 2083/12236 2081/12237
f 2081/12238 1660/12239 1659/12240
f 1660/12241 2081/12242 2079/12243
f 2079/12244 1661/12245 1660/12246
f 1661/12247 2079/12248 2078/12249
f 2078/12250 1665/12251 1661/12252
f 1655/12253 2092/12254 2091/12255
f 2091/12256 1677/12257 1655/12258
f 1678/12259 2077/12260 2160/12261
f 2160/12262 1679/12263 1678/12264
f 1677/12265 2091/12266 2089/12267
f 2089/12268 1656/12269 1677/12270
f 1667/12271 2104/12272 2095/12273
f 2095/12274 1653/12275 1667/12276
f 1665/12277 2078/12278 2077/12279
f 2077/12280 1678/12281 1665/12282
f 1859/12283 2062/12284 2063/12285
f 2063/12286 1858/12287 1859/12288
f 1860/12289 2057/12290 2062/12291
f 2062/12292 1859/12293 1860/12294
f 1861/12295 2049/12296 2053/12297
f 2053/12298 1862/12299 1861/12300
f 1863/12301 2043/12302 2049/12303
f 2049/12304 1861/12305 1863/12306
f 1864/12307 2041/12308 2043/12309
f 2043/12310 1863/12311 1864/12312
f 1865/12313 2037/12314 2041/12315
f 2041/12316 1864/12317 1865/12318
f 1866/12319 2031/12320 2037/12321
f 2037/12322 1865/12323 1866/12324
f 1870/12325 2032/12326 2031/12327
f 2031/12328 1866/12329 1870/12330
f 1882/12331 2058/12332 2057/12333
f 2057/12334 1860/12335 1882/12336
f 1886/12337 2147/12338 2030/12339
f 2030/12340 1883/12341 1886/12342
f 1862/12343 2053/12344 2058/12345
f 2058/12346 1882/12347 1862/12348
f 2063/12349 2103/12350 1871/12351
f 1871/12352 1858/12353 2063/12354
f 1883/12355 2030/12356 2032/12357
f 2032/12358 1870/12359 1883/12360
f 1666/12361 2105/12362 2104/12363
f 2104/12364 1667/12365 1666/12366
f 1871/12367 2103/12368 2102/12369
f 2102/12370 1872/12371 1871/12372
f 2102/12373 2108/12374 1979/12375
f 1979/12376 1872/12377 2102/12378
f 2107/12379 2106/12380 1982/12381
f 1982/12382 1981/12383 2107/12384
f 1981/12385 1984/12386 1980/12387
f 1980/12388 1979/12389 1981/12390
f 1666/12391 1650/12392 1983/12393
f 1983/12394 1982/12395 1666/12396
f 1984/12397 1987/12398 1985/12399
f 1985/12400 1980/12401 1984/12402
f 1650/12403 1649/12404 1986/12405
f 1986/12406 1983/12407 1650/12408
f 1987/12409 1990/12410 1988/12411
f 1988/12412 1985/12413 1987/12414
f 1649/12415 1577/12416 1989/12417
f 1989/12418 1986/12419 1649/12420
f 1990/12421 1993/12422 1991/12423
f 1991/12424 1988/12425 1990/12426
f 1577/12427 1561/12428 1992/12429
f 1992/12430 1989/12431 1577/12432
f 1993/12433 1996/12434 1994/12435
f 1994/12436 1991/12437 1993/12438
f 1561/12439 1560/12440 1995/12441
f 1995/12442 1992/12443 1561/12444
f 1996/12445 1999/12446 1997/12447
f 1997/12448 1994/12449 1996/12450
f 1560/12451 1488/12452 1998/12453
f 1998/12454 1995/12455 1560/12456
f 1999/12457 2002/12458 2000/12459
f 2000/12460 1997/12461 1999/12462
f 1488/12463 1472/12464 2001/12465
f 2001/12466 1998/12467 1488/12468
f 2002/12469 2005/12470 2003/12471
f 2003/12472 2000/12473 2002/12474
f 1472/12475 1471/12476 2004/12477
f 2004/12478 2001/12479 1472/12480
f 1471/12481 523/12482 2007/12483
f 2007/12484 2004/12485 1471/12486
f 2007/12487 523/12488 495/12489
f 495/12490 1444/12491 2007/12492
f 2161/12493 2162/12494 2163/12495
f 2163/12496 2164/12497 2161/12498
f 2163/12499 2162/12500 2074/12501
f 2074/12502 2165/12503 2163/12504
f 2165/12505 2074/12506 2076/12507
f 2076/12508 2166/12509 2165/12510
f 2166/12511 2076/12512 2080/12513
f 2080/12514 2035/12515 2166/12516
f 2046/12517 2084/12518 2086/12519
f 2086/12520 2047/12521 2046/12522
f 2047/12523 2086/12524 2088/12525
f 2088/12526 2051/12527 2047/12528
f 2051/12529 2088/12530 2090/12531
f 2090/12532 2055/12533 2051/12534
f 2055/12535 2090/12536 2094/12537
f 2094/12538 2059/12539 2055/12540
f 2059/12541 2094/12542 2096/12543
f 2096/12544 2065/12545 2059/12546
f 2048/12547 2052/12548 2098/12549
f 2098/12550 2097/12551 2048/12552
f 2052/12553 2056/12554 2099/12555
f 2099/12556 2098/12557 2052/12558
f 2056/12559 2060/12560 2100/12561
f 2100/12562 2099/12563 2056/12564
f 2060/12565 2066/12566 2101/12567
f 2101/12568 2100/12569 2060/12570
f 2096/12571 2105/12572 2106/12573
f 2106/12574 2065/12575 2096/12576
f 2066/12577 2107/12578 2108/12579
f 2108/12580 2101/12581 2066/12582
f 2167/12583 2109/12584 2168/12585
f 2168/12586 2169/12587 2167/12588
f 2168/12589 2170/12590 2171/12591
f 2171/12592 2169/12593 2168/12594
f 2170/12595 2172/12596 2173/12597
f 2173/12598 2171/12599 2170/12600
f 2172/12601 2174/12602 2175/12603
f 2175/12604 2173/12605 2172/12606
f 2174/12607 2161/12608 2164/12609
f 2164/12610 2175/12611 2174/12612
f 2107/12613 1981/12614 1979/12615
f 1979/12616 2108/12617 2107/12618
f 2105/12619 1666/12620 1982/12621
f 1982/12622 2106/12623 2105/12624
f 2046/12625 2045/12626 2040/12627
f 2040/12628 2039/12629 2046/12630
f 2176/12631 2177/12632 2178/12633
f 2178/12634 2179/12635 2176/12636
f 2179/12637 2178/12638 2180/12639
f 2180/12640 2181/12641 2179/12642
f 2181/12643 2180/12644 2182/12645
f 2182/12646 2027/12647 2181/12648
f 2182/12649 2166/12650 2035/12651
f 2035/12652 2027/12653 2182/12654
f 2130/12655 2183/12656 2184/12657
f 2184/12658 2185/12659 2130/12660
f 2185/12661 2184/12662 2186/12663
f 2186/12664 2187/12665 2185/12666
f 2187/12667 2186/12668 2188/12669
f 2188/12670 2189/12671 2187/12672
f 2189/12673 2188/12674 2190/12675
f 2190/12676 2191/12677 2189/12678
f 2191/12679 2190/12680 2177/12681
f 2177/12682 2176/12683 2191/12684
f 2039/12685 2082/12686 2084/12687
f 2084/12688 2046/12689 2039/12690
f 2192/12691 2193/12692 2194/12693
f 2194/12694 2195/12695 2192/12696
f 2195/12697 2194/12698 2196/12699
f 2196/12700 2197/12701 2195/12702
f 2197/12703 2196/12704 2166/12705
f 2166/12706 2182/12707 2197/12708
f 2035/12709 2080/12710 2082/12711
f 2082/12712 2039/12713 2035/12714
f 2183/12715 2167/12716 2198/12717
f 2198/12718 2199/12719 2183/12720
f 2199/12721 2198/12722 2200/12723
f 2200/12724 2201/12725 2199/12726
f 2201/12727 2200/12728 2202/12729
f 2202/12730 2203/12731 2201/12732
f 2203/12733 2202/12734 2204/12735
f 2204/12736 2205/12737 2203/12738
f 2205/12739 2204/12740 2193/12741
f 2193/12742 2192/12743 2205/12744
f 2167/12745 2169/12746 2206/12747
f 2206/12748 2198/12749 2167/12750
f 2166/12751 2196/12752 2207/12753
f 2207/12754 2165/12755 2166/12756
f 2193/12757 2208/12758 2209/12759
f 2209/12760 2194/12761 2193/12762
f 2207/12763 2196/12764 2194/12765
f 2194/12766 2209/12767 2207/12768
f 2210/12769 2200/12770 2198/12771
f 2198/12772 2206/12773 2210/12774
f 2211/12775 2202/12776 2200/12777
f 2200/12778 2210/12779 2211/12780
f 2212/12781 2204/12782 2202/12783
f 2202/12784 2211/12785 2212/12786
f 2208/12787 2193/12788 2204/12789
f 2204/12790 2212/12791 2208/12792
f 2208/12793 2164/12794 2163/12795
f 2163/12796 2209/12797 2208/12798
f 2165/12799 2207/12800 2209/12801
f 2209/12802 2163/12803 2165/12804
f 2171/12805 2210/12806 2206/12807
f 2206/12808 2169/12809 2171/12810
f 2173/12811 2211/12812 2210/12813
f 2210/12814 2171/12815 2173/12816
f 2175/12817 2212/12818 2211/12819
f 2211/12820 2173/12821 2175/12822
f 2164/12823 2208/12824 2212/12825
f 2212/12826 2175/12827 2164/12828
f 2027/12829 2023/12830 2213/12831
f 2213/12832 2181/12833 2027/12834
f 2130/12835 2185/12836 2214/12837
f 2214/12838 2131/12839 2130/12840
f 2014/12841 2215/12842 2216/12843
f 2216/12844 2015/12845 2014/12846
f 2213/12847 2023/12848 2015/12849
f 2015/12850 2216/12851 2213/12852
f 2217/12853 2134/12854 2131/12855
f 2131/12856 2214/12857 2217/12858
f 2218/12859 2136/12860 2134/12861
f 2134/12862 2217/12863 2218/12864
f 2219/12865 2138/12866 2136/12867
f 2136/12868 2218/12869 2219/12870
f 2215/12871 2014/12872 2138/12873
f 2138/12874 2219/12875 2215/12876
f 2215/12877 2176/12878 2179/12879
f 2179/12880 2216/12881 2215/12882
f 2181/12883 2213/12884 2216/12885
f 2216/12886 2179/12887 2181/12888
f 2187/12889 2217/12890 2214/12891
f 2214/12892 2185/12893 2187/12894
f 2189/12895 2218/12896 2217/12897
f 2217/12898 2187/12899 2189/12900
f 2191/12901 2219/12902 2218/12903
f 2218/12904 2189/12905 2191/12906
f 2176/12907 2215/12908 2219/12909
f 2219/12910 2191/12911 2176/12912
f 2184/12913 2183/12914 2199/12915
f 2197/12916 2182/12917 2180/12918
f 2177/12919 2192/12920 2195/12921
f 2195/12922 2178/12923 2177/12924
f 2178/12925 2195/12926 2197/12927
f 2197/12928 2180/12929 2178/12930
f 2184/12931 2199/12932 2201/12933
f 2201/12934 2186/12935 2184/12936
f 2186/12937 2201/12938 2203/12939
f 2203/12940 2188/12941 2186/12942
f 2188/12943 2203/12944 2205/12945
f 2205/12946 2190/12947 2188/12948
f 2190/12949 2205/12950 2192/12951
f 2192/12952 2177/12953 2190/12954
f 2109/12955 2112/12956 2168/12957
f 2161/12958 2070/12959 2069/12960
f 2069/12961 2162/12962 2161/12963
f 2162/12964 2069/12965 2074/12966
f 2168/12967 2112/12968 2118/12969
f 2118/12970 2170/12971 2168/12972
f 2170/12973 2118/12974 2122/12975
f 2122/12976 2172/12977 2170/12978
f 2172/12979 2122/12980 2126/12981
f 2126/12982 2174/12983 2172/12984
f 2174/12985 2126/12986 2070/12987
f 2070/12988 2161/12989 2174/12990
f 2013/12991 2016/12992 2220/12993
f 2220/12994 2221/12995 2013/12996
f 2016/12997 2024/12998 2222/12999
f 2222/13000 2220/13001 2016/13002
f 2024/13003 2028/13004 2223/13005
f 2223/13006 2222/13007 2024/13008
f 2028/13009 2036/13010 2224/13011
f 2224/13012 2223/13013 2028/13014
f 2036/13015 2040/13016 2225/13017
f 2225/13018 2224/13019 2036/13020
f 2045/13021 2048/13022 2097/13023
f 2097/13024 2226/13025 2045/13026
f 2227/13027 2133/13028 2132/13029
f 2132/13030 2228/13031 2227/13032
f 2228/13033 2132/13034 2135/13035
f 2135/13036 2229/13037 2228/13038
f 2229/13039 2135/13040 2137/13041
f 2137/13042 2230/13043 2229/13044
f 2230/13045 2137/13046 2139/13047
f 2139/13048 2231/13049 2230/13050
f 2231/13051 2139/13052 2013/13053
f 2013/13054 2221/13055 2231/13056
f 2232/13057 2233/13058 2234/13059
f 2234/13060 2235/13061 2232/13062
f 2234/13063 2236/13064 2141/13065
f 2141/13066 2235/13067 2234/13068
f 2236/13069 2237/13070 2033/13071
f 2033/13072 2141/13073 2236/13074
f 2237/13075 2224/13076 2034/13077
f 2034/13078 2033/13079 2237/13080
f 2226/13081 2097/13082 2044/13083
f 2044/13084 2042/13085 2226/13086
f 2238/13087 2239/13088 2240/13089
f 2240/13090 2115/13091 2238/13092
f 2240/13093 2239/13094 2241/13095
f 2241/13096 2242/13097 2240/13098
f 2242/13099 2241/13100 2243/13101
f 2243/13102 2244/13103 2242/13104
f 2244/13105 2243/13106 2245/13107
f 2245/13108 2246/13109 2244/13110
f 2246/13111 2245/13112 2233/13113
f 2233/13114 2232/13115 2246/13116
f 2226/13117 2225/13118 2040/13119
f 2040/13120 2045/13121 2226/13122
f 2247/13123 2248/13124 2249/13125
f 2249/13126 2250/13127 2247/13128
f 2248/13129 2251/13130 2252/13131
f 2252/13132 2249/13133 2248/13134
f 2251/13135 2223/13136 2253/13137
f 2253/13138 2252/13139 2251/13140
f 2253/13141 2223/13142 2224/13143
f 2224/13144 2237/13145 2253/13146
f 2227/13147 2254/13148 2255/13149
f 2255/13150 2256/13151 2227/13152
f 2254/13153 2257/13154 2258/13155
f 2258/13156 2255/13157 2254/13158
f 2257/13159 2259/13160 2260/13161
f 2260/13162 2258/13163 2257/13164
f 2259/13165 2261/13166 2262/13167
f 2262/13168 2260/13169 2259/13170
f 2261/13171 2247/13172 2250/13173
f 2250/13174 2262/13175 2261/13176
f 2225/13177 2226/13178 2042/13179
f 2042/13180 2038/13181 2225/13182
f 2263/13183 2264/13184 2265/13185
f 2265/13186 2266/13187 2263/13188
f 2264/13189 2267/13190 2268/13191
f 2268/13192 2265/13193 2264/13194
f 2267/13195 2253/13196 2237/13197
f 2237/13198 2268/13199 2267/13200
f 2224/13201 2225/13202 2038/13203
f 2038/13204 2034/13205 2224/13206
f 2256/13207 2269/13208 2270/13209
f 2270/13210 2238/13211 2256/13212
f 2269/13213 2271/13214 2272/13215
f 2272/13216 2270/13217 2269/13218
f 2271/13219 2273/13220 2274/13221
f 2274/13222 2272/13223 2271/13224
f 2273/13225 2275/13226 2276/13227
f 2276/13228 2274/13229 2273/13230
f 2275/13231 2263/13232 2266/13233
f 2266/13234 2276/13235 2275/13236
f 2238/13237 2270/13238 2277/13239
f 2277/13240 2239/13241 2238/13242
f 2237/13243 2236/13244 2278/13245
f 2278/13246 2268/13247 2237/13248
f 2266/13249 2265/13250 2279/13251
f 2279/13252 2280/13253 2266/13254
f 2278/13255 2279/13256 2265/13257
f 2265/13258 2268/13259 2278/13260
f 2281/13261 2277/13262 2270/13263
f 2270/13264 2272/13265 2281/13266
f 2282/13267 2281/13268 2272/13269
f 2272/13270 2274/13271 2282/13272
f 2283/13273 2282/13274 2274/13275
f 2274/13276 2276/13277 2283/13278
f 2280/13279 2283/13280 2276/13281
f 2276/13282 2266/13283 2280/13284
f 2280/13285 2279/13286 2234/13287
f 2234/13288 2233/13289 2280/13290
f 2236/13291 2234/13292 2279/13293
f 2279/13294 2278/13295 2236/13296
f 2241/13297 2239/13298 2277/13299
f 2277/13300 2281/13301 2241/13302
f 2243/13303 2241/13304 2281/13305
f 2281/13306 2282/13307 2243/13308
f 2245/13309 2243/13310 2282/13311
f 2282/13312 2283/13313 2245/13314
f 2233/13315 2245/13316 2283/13317
f 2283/13318 2280/13319 2233/13320
f 2223/13321 2251/13322 2284/13323
f 2284/13324 2222/13325 2223/13326
f 2227/13327 2228/13328 2285/13329
f 2285/13330 2254/13331 2227/13332
f 2221/13333 2220/13334 2286/13335
f 2286/13336 2287/13337 2221/13338
f 2284/13339 2286/13340 2220/13341
f 2220/13342 2222/13343 2284/13344
f 2288/13345 2285/13346 2228/13347
f 2228/13348 2229/13349 2288/13350
f 2289/13351 2288/13352 2229/13353
f 2229/13354 2230/13355 2289/13356
f 2290/13357 2289/13358 2230/13359
f 2230/13360 2231/13361 2290/13362
f 2287/13363 2290/13364 2231/13365
f 2231/13366 2221/13367 2287/13368
f 2287/13369 2286/13370 2248/13371
f 2248/13372 2247/13373 2287/13374
f 2251/13375 2248/13376 2286/13377
f 2286/13378 2284/13379 2251/13380
f 2257/13381 2254/13382 2285/13383
f 2285/13384 2288/13385 2257/13386
f 2259/13387 2257/13388 2288/13389
f 2288/13390 2289/13391 2259/13392
f 2261/13393 2259/13394 2289/13395
f 2289/13396 2290/13397 2261/13398
f 2247/13399 2261/13400 2290/13401
f 2290/13402 2287/13403 2247/13404
f 2255/13405 2269/13406 2256/13407
f 2267/13408 2252/13409 2253/13410
f 2250/13411 2249/13412 2264/13413
f 2264/13414 2263/13415 2250/13416
f 2249/13417 2252/13418 2267/13419
f 2267/13420 2264/13421 2249/13422
f 2255/13423 2258/13424 2271/13425
f 2271/13426 2269/13427 2255/13428
f 2258/13429 2260/13430 2273/13431
f 2273/13432 2271/13433 2258/13434
f 2260/13435 2262/13436 2275/13437
f 2275/13438 2273/13439 2260/13440
f 2262/13441 2250/13442 2263/13443
f 2263/13444 2275/13445 2262/13446
f 2232/13447 2235/13448 2140/13449
f 2140/13450 2129/13451 2232/13452
f 2235/13453 2141/13454 2140/13455
f 2240/13456 2242/13457 2119/13458
f 2119/13459 2116/13460 2240/13461
f 2242/13462 2244/13463 2123/13464
f 2123/13465 2119/13466 2242/13467
f 2244/13468 2246/13469 2127/13470
f 2127/13471 2123/13472 2244/13473
f 2246/13474 2232/13475 2129/13476
f 2129/13477 2127/13478 2246/13479
f 2116/13480 2115/13481 2115/13482
f 2115/13483 2240/13484 2116/13485
f 2005/13486 2008/13487 2006/13488
f 2006/13489 2003/13490 2005/13491
f 2008/13492 2007/13493 1444/13494
f 1444/13495 2006/13496 2008/13497
